[2026-02-25T15:56:08.226+0000] {processor.py:161} INFO - Started process (PID=185) to work on /opt/airflow/dags/load_cb_courses.py
[2026-02-25T15:56:08.231+0000] {processor.py:830} INFO - Processing file /opt/airflow/dags/load_cb_courses.py for tasks to queue
[2026-02-25T15:56:08.235+0000] {logging_mixin.py:188} INFO - [2026-02-25T15:56:08.234+0000] {dagbag.py:545} INFO - Filling up the DagBag from /opt/airflow/dags/load_cb_courses.py
[2026-02-25T15:56:09.786+0000] {processor.py:840} INFO - DAG(s) 'load_cb_courses' retrieved from /opt/airflow/dags/load_cb_courses.py
[2026-02-25T15:56:09.825+0000] {logging_mixin.py:188} INFO - [2026-02-25T15:56:09.825+0000] {dag.py:3089} INFO - Sync 1 DAGs
[2026-02-25T15:56:09.884+0000] {processor.py:183} INFO - Processing /opt/airflow/dags/load_cb_courses.py took 1.666 seconds
[2026-02-25T15:56:40.511+0000] {processor.py:161} INFO - Started process (PID=261) to work on /opt/airflow/dags/load_cb_courses.py
[2026-02-25T15:56:40.512+0000] {processor.py:830} INFO - Processing file /opt/airflow/dags/load_cb_courses.py for tasks to queue
[2026-02-25T15:56:40.515+0000] {logging_mixin.py:188} INFO - [2026-02-25T15:56:40.515+0000] {dagbag.py:545} INFO - Filling up the DagBag from /opt/airflow/dags/load_cb_courses.py
[2026-02-25T15:56:41.108+0000] {processor.py:840} INFO - DAG(s) 'load_cb_courses' retrieved from /opt/airflow/dags/load_cb_courses.py
[2026-02-25T15:56:41.291+0000] {logging_mixin.py:188} INFO - [2026-02-25T15:56:41.290+0000] {dag.py:3089} INFO - Sync 1 DAGs
[2026-02-25T15:56:41.323+0000] {logging_mixin.py:188} INFO - [2026-02-25T15:56:41.323+0000] {dag.py:3947} INFO - Setting next_dagrun for load_cb_courses to 2026-02-25 00:00:00+00:00, run_after=2026-02-26 00:00:00+00:00
[2026-02-25T15:56:41.347+0000] {processor.py:183} INFO - Processing /opt/airflow/dags/load_cb_courses.py took 0.843 seconds
[2026-02-25T15:57:11.505+0000] {processor.py:161} INFO - Started process (PID=286) to work on /opt/airflow/dags/load_cb_courses.py
[2026-02-25T15:57:11.507+0000] {processor.py:830} INFO - Processing file /opt/airflow/dags/load_cb_courses.py for tasks to queue
[2026-02-25T15:57:11.510+0000] {logging_mixin.py:188} INFO - [2026-02-25T15:57:11.509+0000] {dagbag.py:545} INFO - Filling up the DagBag from /opt/airflow/dags/load_cb_courses.py
[2026-02-25T15:57:12.097+0000] {processor.py:840} INFO - DAG(s) 'load_cb_courses' retrieved from /opt/airflow/dags/load_cb_courses.py
[2026-02-25T15:57:12.121+0000] {logging_mixin.py:188} INFO - [2026-02-25T15:57:12.121+0000] {dag.py:3089} INFO - Sync 1 DAGs
[2026-02-25T15:57:12.144+0000] {logging_mixin.py:188} INFO - [2026-02-25T15:57:12.143+0000] {dag.py:3947} INFO - Setting next_dagrun for load_cb_courses to 2026-02-25 00:00:00+00:00, run_after=2026-02-26 00:00:00+00:00
[2026-02-25T15:57:12.171+0000] {processor.py:183} INFO - Processing /opt/airflow/dags/load_cb_courses.py took 0.673 seconds
[2026-02-25T15:57:42.487+0000] {processor.py:161} INFO - Started process (PID=318) to work on /opt/airflow/dags/load_cb_courses.py
[2026-02-25T15:57:42.489+0000] {processor.py:830} INFO - Processing file /opt/airflow/dags/load_cb_courses.py for tasks to queue
[2026-02-25T15:57:42.492+0000] {logging_mixin.py:188} INFO - [2026-02-25T15:57:42.492+0000] {dagbag.py:545} INFO - Filling up the DagBag from /opt/airflow/dags/load_cb_courses.py
[2026-02-25T15:57:43.583+0000] {processor.py:840} INFO - DAG(s) 'load_cb_courses' retrieved from /opt/airflow/dags/load_cb_courses.py
[2026-02-25T15:57:43.632+0000] {logging_mixin.py:188} INFO - [2026-02-25T15:57:43.631+0000] {dag.py:3089} INFO - Sync 1 DAGs
[2026-02-25T15:57:43.675+0000] {logging_mixin.py:188} INFO - [2026-02-25T15:57:43.675+0000] {dag.py:3947} INFO - Setting next_dagrun for load_cb_courses to 2026-02-25 00:00:00+00:00, run_after=2026-02-26 00:00:00+00:00
[2026-02-25T15:57:43.708+0000] {processor.py:183} INFO - Processing /opt/airflow/dags/load_cb_courses.py took 1.232 seconds
[2026-02-25T15:58:14.433+0000] {processor.py:161} INFO - Started process (PID=344) to work on /opt/airflow/dags/load_cb_courses.py
[2026-02-25T15:58:14.435+0000] {processor.py:830} INFO - Processing file /opt/airflow/dags/load_cb_courses.py for tasks to queue
[2026-02-25T15:58:14.438+0000] {logging_mixin.py:188} INFO - [2026-02-25T15:58:14.438+0000] {dagbag.py:545} INFO - Filling up the DagBag from /opt/airflow/dags/load_cb_courses.py
[2026-02-25T15:58:15.030+0000] {processor.py:840} INFO - DAG(s) 'load_cb_courses' retrieved from /opt/airflow/dags/load_cb_courses.py
[2026-02-25T15:58:15.053+0000] {logging_mixin.py:188} INFO - [2026-02-25T15:58:15.052+0000] {dag.py:3089} INFO - Sync 1 DAGs
[2026-02-25T15:58:15.075+0000] {logging_mixin.py:188} INFO - [2026-02-25T15:58:15.074+0000] {dag.py:3947} INFO - Setting next_dagrun for load_cb_courses to 2026-02-25 00:00:00+00:00, run_after=2026-02-26 00:00:00+00:00
[2026-02-25T15:58:15.098+0000] {processor.py:183} INFO - Processing /opt/airflow/dags/load_cb_courses.py took 0.671 seconds
[2026-02-25T15:58:45.633+0000] {processor.py:161} INFO - Started process (PID=375) to work on /opt/airflow/dags/load_cb_courses.py
[2026-02-25T15:58:45.635+0000] {processor.py:830} INFO - Processing file /opt/airflow/dags/load_cb_courses.py for tasks to queue
[2026-02-25T15:58:45.638+0000] {logging_mixin.py:188} INFO - [2026-02-25T15:58:45.637+0000] {dagbag.py:545} INFO - Filling up the DagBag from /opt/airflow/dags/load_cb_courses.py
[2026-02-25T15:58:46.210+0000] {processor.py:840} INFO - DAG(s) 'load_cb_courses' retrieved from /opt/airflow/dags/load_cb_courses.py
[2026-02-25T15:58:46.238+0000] {logging_mixin.py:188} INFO - [2026-02-25T15:58:46.237+0000] {dag.py:3089} INFO - Sync 1 DAGs
[2026-02-25T15:58:46.262+0000] {logging_mixin.py:188} INFO - [2026-02-25T15:58:46.262+0000] {dag.py:3947} INFO - Setting next_dagrun for load_cb_courses to 2026-02-25 00:00:00+00:00, run_after=2026-02-26 00:00:00+00:00
[2026-02-25T15:58:46.294+0000] {processor.py:183} INFO - Processing /opt/airflow/dags/load_cb_courses.py took 0.667 seconds
[2026-02-25T15:59:16.372+0000] {processor.py:161} INFO - Started process (PID=400) to work on /opt/airflow/dags/load_cb_courses.py
[2026-02-25T15:59:16.374+0000] {processor.py:830} INFO - Processing file /opt/airflow/dags/load_cb_courses.py for tasks to queue
[2026-02-25T15:59:16.376+0000] {logging_mixin.py:188} INFO - [2026-02-25T15:59:16.376+0000] {dagbag.py:545} INFO - Filling up the DagBag from /opt/airflow/dags/load_cb_courses.py
[2026-02-25T15:59:16.919+0000] {processor.py:840} INFO - DAG(s) 'load_cb_courses' retrieved from /opt/airflow/dags/load_cb_courses.py
[2026-02-25T15:59:16.943+0000] {logging_mixin.py:188} INFO - [2026-02-25T15:59:16.942+0000] {dag.py:3089} INFO - Sync 1 DAGs
[2026-02-25T15:59:16.964+0000] {logging_mixin.py:188} INFO - [2026-02-25T15:59:16.964+0000] {dag.py:3947} INFO - Setting next_dagrun for load_cb_courses to 2026-02-25 00:00:00+00:00, run_after=2026-02-26 00:00:00+00:00
[2026-02-25T15:59:16.985+0000] {processor.py:183} INFO - Processing /opt/airflow/dags/load_cb_courses.py took 0.619 seconds
[2026-02-25T15:59:47.565+0000] {processor.py:161} INFO - Started process (PID=434) to work on /opt/airflow/dags/load_cb_courses.py
[2026-02-25T15:59:47.566+0000] {processor.py:830} INFO - Processing file /opt/airflow/dags/load_cb_courses.py for tasks to queue
[2026-02-25T15:59:47.570+0000] {logging_mixin.py:188} INFO - [2026-02-25T15:59:47.569+0000] {dagbag.py:545} INFO - Filling up the DagBag from /opt/airflow/dags/load_cb_courses.py
[2026-02-25T15:59:48.103+0000] {processor.py:840} INFO - DAG(s) 'load_cb_courses' retrieved from /opt/airflow/dags/load_cb_courses.py
[2026-02-25T15:59:48.128+0000] {logging_mixin.py:188} INFO - [2026-02-25T15:59:48.128+0000] {dag.py:3089} INFO - Sync 1 DAGs
[2026-02-25T15:59:48.152+0000] {logging_mixin.py:188} INFO - [2026-02-25T15:59:48.151+0000] {dag.py:3947} INFO - Setting next_dagrun for load_cb_courses to 2026-02-25 00:00:00+00:00, run_after=2026-02-26 00:00:00+00:00
[2026-02-25T15:59:48.177+0000] {processor.py:183} INFO - Processing /opt/airflow/dags/load_cb_courses.py took 0.619 seconds
[2026-02-25T16:00:18.830+0000] {processor.py:161} INFO - Started process (PID=459) to work on /opt/airflow/dags/load_cb_courses.py
[2026-02-25T16:00:18.831+0000] {processor.py:830} INFO - Processing file /opt/airflow/dags/load_cb_courses.py for tasks to queue
[2026-02-25T16:00:18.834+0000] {logging_mixin.py:188} INFO - [2026-02-25T16:00:18.834+0000] {dagbag.py:545} INFO - Filling up the DagBag from /opt/airflow/dags/load_cb_courses.py
[2026-02-25T16:00:19.393+0000] {processor.py:840} INFO - DAG(s) 'load_cb_courses' retrieved from /opt/airflow/dags/load_cb_courses.py
[2026-02-25T16:00:19.421+0000] {logging_mixin.py:188} INFO - [2026-02-25T16:00:19.420+0000] {dag.py:3089} INFO - Sync 1 DAGs
[2026-02-25T16:00:19.454+0000] {logging_mixin.py:188} INFO - [2026-02-25T16:00:19.453+0000] {dag.py:3947} INFO - Setting next_dagrun for load_cb_courses to 2026-02-25 00:00:00+00:00, run_after=2026-02-26 00:00:00+00:00
[2026-02-25T16:00:19.495+0000] {processor.py:183} INFO - Processing /opt/airflow/dags/load_cb_courses.py took 0.672 seconds
[2026-02-25T16:00:49.610+0000] {processor.py:161} INFO - Started process (PID=490) to work on /opt/airflow/dags/load_cb_courses.py
[2026-02-25T16:00:49.611+0000] {processor.py:830} INFO - Processing file /opt/airflow/dags/load_cb_courses.py for tasks to queue
[2026-02-25T16:00:49.613+0000] {logging_mixin.py:188} INFO - [2026-02-25T16:00:49.613+0000] {dagbag.py:545} INFO - Filling up the DagBag from /opt/airflow/dags/load_cb_courses.py
[2026-02-25T16:00:50.131+0000] {processor.py:840} INFO - DAG(s) 'load_cb_courses' retrieved from /opt/airflow/dags/load_cb_courses.py
[2026-02-25T16:00:50.153+0000] {logging_mixin.py:188} INFO - [2026-02-25T16:00:50.153+0000] {dag.py:3089} INFO - Sync 1 DAGs
[2026-02-25T16:00:50.175+0000] {logging_mixin.py:188} INFO - [2026-02-25T16:00:50.175+0000] {dag.py:3947} INFO - Setting next_dagrun for load_cb_courses to 2026-02-25 00:00:00+00:00, run_after=2026-02-26 00:00:00+00:00
[2026-02-25T16:00:50.197+0000] {processor.py:183} INFO - Processing /opt/airflow/dags/load_cb_courses.py took 0.594 seconds
[2026-02-25T16:01:20.695+0000] {processor.py:161} INFO - Started process (PID=515) to work on /opt/airflow/dags/load_cb_courses.py
[2026-02-25T16:01:20.697+0000] {processor.py:830} INFO - Processing file /opt/airflow/dags/load_cb_courses.py for tasks to queue
[2026-02-25T16:01:20.700+0000] {logging_mixin.py:188} INFO - [2026-02-25T16:01:20.700+0000] {dagbag.py:545} INFO - Filling up the DagBag from /opt/airflow/dags/load_cb_courses.py
[2026-02-25T16:01:18.978+0000] {processor.py:840} INFO - DAG(s) 'load_cb_courses' retrieved from /opt/airflow/dags/load_cb_courses.py
[2026-02-25T16:01:19.007+0000] {logging_mixin.py:188} INFO - [2026-02-25T16:01:19.006+0000] {dag.py:3089} INFO - Sync 1 DAGs
[2026-02-25T16:01:19.030+0000] {logging_mixin.py:188} INFO - [2026-02-25T16:01:19.029+0000] {dag.py:3947} INFO - Setting next_dagrun for load_cb_courses to 2026-02-25 00:00:00+00:00, run_after=2026-02-26 00:00:00+00:00
[2026-02-25T16:01:19.053+0000] {processor.py:183} INFO - Processing /opt/airflow/dags/load_cb_courses.py took 0.645 seconds
[2026-02-25T16:01:49.651+0000] {processor.py:161} INFO - Started process (PID=548) to work on /opt/airflow/dags/load_cb_courses.py
[2026-02-25T16:01:49.654+0000] {processor.py:830} INFO - Processing file /opt/airflow/dags/load_cb_courses.py for tasks to queue
[2026-02-25T16:01:49.673+0000] {logging_mixin.py:188} INFO - [2026-02-25T16:01:49.673+0000] {dagbag.py:545} INFO - Filling up the DagBag from /opt/airflow/dags/load_cb_courses.py
[2026-02-25T16:01:50.486+0000] {processor.py:840} INFO - DAG(s) 'load_cb_courses' retrieved from /opt/airflow/dags/load_cb_courses.py
[2026-02-25T16:01:50.519+0000] {logging_mixin.py:188} INFO - [2026-02-25T16:01:50.519+0000] {dag.py:3089} INFO - Sync 1 DAGs
[2026-02-25T16:01:50.544+0000] {logging_mixin.py:188} INFO - [2026-02-25T16:01:50.544+0000] {dag.py:3947} INFO - Setting next_dagrun for load_cb_courses to 2026-02-25 00:00:00+00:00, run_after=2026-02-26 00:00:00+00:00
[2026-02-25T16:01:50.568+0000] {processor.py:183} INFO - Processing /opt/airflow/dags/load_cb_courses.py took 0.925 seconds
[2026-02-25T16:02:20.679+0000] {processor.py:161} INFO - Started process (PID=573) to work on /opt/airflow/dags/load_cb_courses.py
[2026-02-25T16:02:20.681+0000] {processor.py:830} INFO - Processing file /opt/airflow/dags/load_cb_courses.py for tasks to queue
[2026-02-25T16:02:20.683+0000] {logging_mixin.py:188} INFO - [2026-02-25T16:02:20.683+0000] {dagbag.py:545} INFO - Filling up the DagBag from /opt/airflow/dags/load_cb_courses.py
[2026-02-25T16:02:21.168+0000] {processor.py:840} INFO - DAG(s) 'load_cb_courses' retrieved from /opt/airflow/dags/load_cb_courses.py
[2026-02-25T16:02:21.191+0000] {logging_mixin.py:188} INFO - [2026-02-25T16:02:21.190+0000] {dag.py:3089} INFO - Sync 1 DAGs
[2026-02-25T16:02:21.212+0000] {logging_mixin.py:188} INFO - [2026-02-25T16:02:21.212+0000] {dag.py:3947} INFO - Setting next_dagrun for load_cb_courses to 2026-02-25 00:00:00+00:00, run_after=2026-02-26 00:00:00+00:00
[2026-02-25T16:02:21.242+0000] {processor.py:183} INFO - Processing /opt/airflow/dags/load_cb_courses.py took 0.570 seconds
[2026-02-25T16:02:51.778+0000] {processor.py:161} INFO - Started process (PID=605) to work on /opt/airflow/dags/load_cb_courses.py
[2026-02-25T16:02:51.779+0000] {processor.py:830} INFO - Processing file /opt/airflow/dags/load_cb_courses.py for tasks to queue
[2026-02-25T16:02:51.781+0000] {logging_mixin.py:188} INFO - [2026-02-25T16:02:51.781+0000] {dagbag.py:545} INFO - Filling up the DagBag from /opt/airflow/dags/load_cb_courses.py
[2026-02-25T16:02:52.311+0000] {processor.py:840} INFO - DAG(s) 'load_cb_courses' retrieved from /opt/airflow/dags/load_cb_courses.py
[2026-02-25T16:02:52.336+0000] {logging_mixin.py:188} INFO - [2026-02-25T16:02:52.335+0000] {dag.py:3089} INFO - Sync 1 DAGs
[2026-02-25T16:02:52.356+0000] {logging_mixin.py:188} INFO - [2026-02-25T16:02:52.356+0000] {dag.py:3947} INFO - Setting next_dagrun for load_cb_courses to 2026-02-25 00:00:00+00:00, run_after=2026-02-26 00:00:00+00:00
[2026-02-25T16:02:52.379+0000] {processor.py:183} INFO - Processing /opt/airflow/dags/load_cb_courses.py took 0.608 seconds
[2026-02-25T16:03:22.499+0000] {processor.py:161} INFO - Started process (PID=630) to work on /opt/airflow/dags/load_cb_courses.py
[2026-02-25T16:03:22.501+0000] {processor.py:830} INFO - Processing file /opt/airflow/dags/load_cb_courses.py for tasks to queue
[2026-02-25T16:03:22.504+0000] {logging_mixin.py:188} INFO - [2026-02-25T16:03:22.503+0000] {dagbag.py:545} INFO - Filling up the DagBag from /opt/airflow/dags/load_cb_courses.py
[2026-02-25T16:03:23.059+0000] {processor.py:840} INFO - DAG(s) 'load_cb_courses' retrieved from /opt/airflow/dags/load_cb_courses.py
[2026-02-25T16:03:23.082+0000] {logging_mixin.py:188} INFO - [2026-02-25T16:03:23.082+0000] {dag.py:3089} INFO - Sync 1 DAGs
[2026-02-25T16:03:23.104+0000] {logging_mixin.py:188} INFO - [2026-02-25T16:03:23.104+0000] {dag.py:3947} INFO - Setting next_dagrun for load_cb_courses to 2026-02-25 00:00:00+00:00, run_after=2026-02-26 00:00:00+00:00
[2026-02-25T16:03:23.133+0000] {processor.py:183} INFO - Processing /opt/airflow/dags/load_cb_courses.py took 0.642 seconds
[2026-02-25T16:03:53.215+0000] {processor.py:161} INFO - Started process (PID=663) to work on /opt/airflow/dags/load_cb_courses.py
[2026-02-25T16:03:53.217+0000] {processor.py:830} INFO - Processing file /opt/airflow/dags/load_cb_courses.py for tasks to queue
[2026-02-25T16:03:53.219+0000] {logging_mixin.py:188} INFO - [2026-02-25T16:03:53.219+0000] {dagbag.py:545} INFO - Filling up the DagBag from /opt/airflow/dags/load_cb_courses.py
[2026-02-25T16:03:53.709+0000] {processor.py:840} INFO - DAG(s) 'load_cb_courses' retrieved from /opt/airflow/dags/load_cb_courses.py
[2026-02-25T16:03:53.736+0000] {logging_mixin.py:188} INFO - [2026-02-25T16:03:53.736+0000] {dag.py:3089} INFO - Sync 1 DAGs
[2026-02-25T16:03:53.760+0000] {logging_mixin.py:188} INFO - [2026-02-25T16:03:53.759+0000] {dag.py:3947} INFO - Setting next_dagrun for load_cb_courses to 2026-02-25 00:00:00+00:00, run_after=2026-02-26 00:00:00+00:00
[2026-02-25T16:03:53.783+0000] {processor.py:183} INFO - Processing /opt/airflow/dags/load_cb_courses.py took 0.574 seconds
[2026-02-25T16:04:23.955+0000] {processor.py:161} INFO - Started process (PID=689) to work on /opt/airflow/dags/load_cb_courses.py
[2026-02-25T16:04:23.957+0000] {processor.py:830} INFO - Processing file /opt/airflow/dags/load_cb_courses.py for tasks to queue
[2026-02-25T16:04:23.959+0000] {logging_mixin.py:188} INFO - [2026-02-25T16:04:23.959+0000] {dagbag.py:545} INFO - Filling up the DagBag from /opt/airflow/dags/load_cb_courses.py
[2026-02-25T16:04:24.620+0000] {processor.py:840} INFO - DAG(s) 'load_cb_courses' retrieved from /opt/airflow/dags/load_cb_courses.py
[2026-02-25T16:04:24.651+0000] {logging_mixin.py:188} INFO - [2026-02-25T16:04:24.650+0000] {dag.py:3089} INFO - Sync 1 DAGs
[2026-02-25T16:04:24.676+0000] {logging_mixin.py:188} INFO - [2026-02-25T16:04:24.675+0000] {dag.py:3947} INFO - Setting next_dagrun for load_cb_courses to 2026-02-25 00:00:00+00:00, run_after=2026-02-26 00:00:00+00:00
[2026-02-25T16:04:24.701+0000] {processor.py:183} INFO - Processing /opt/airflow/dags/load_cb_courses.py took 0.758 seconds
[2026-02-25T16:04:55.678+0000] {processor.py:161} INFO - Started process (PID=721) to work on /opt/airflow/dags/load_cb_courses.py
[2026-02-25T16:04:55.680+0000] {processor.py:830} INFO - Processing file /opt/airflow/dags/load_cb_courses.py for tasks to queue
[2026-02-25T16:04:55.684+0000] {logging_mixin.py:188} INFO - [2026-02-25T16:04:55.683+0000] {dagbag.py:545} INFO - Filling up the DagBag from /opt/airflow/dags/load_cb_courses.py
[2026-02-25T16:04:56.826+0000] {processor.py:840} INFO - DAG(s) 'load_cb_courses' retrieved from /opt/airflow/dags/load_cb_courses.py
[2026-02-25T16:04:56.875+0000] {logging_mixin.py:188} INFO - [2026-02-25T16:04:56.874+0000] {dag.py:3089} INFO - Sync 1 DAGs
[2026-02-25T16:04:56.906+0000] {logging_mixin.py:188} INFO - [2026-02-25T16:04:56.906+0000] {dag.py:3947} INFO - Setting next_dagrun for load_cb_courses to 2026-02-25 00:00:00+00:00, run_after=2026-02-26 00:00:00+00:00
[2026-02-25T16:04:56.934+0000] {processor.py:183} INFO - Processing /opt/airflow/dags/load_cb_courses.py took 1.267 seconds
[2026-02-25T16:05:27.365+0000] {processor.py:161} INFO - Started process (PID=746) to work on /opt/airflow/dags/load_cb_courses.py
[2026-02-25T16:05:27.367+0000] {processor.py:830} INFO - Processing file /opt/airflow/dags/load_cb_courses.py for tasks to queue
[2026-02-25T16:05:27.371+0000] {logging_mixin.py:188} INFO - [2026-02-25T16:05:27.370+0000] {dagbag.py:545} INFO - Filling up the DagBag from /opt/airflow/dags/load_cb_courses.py
[2026-02-25T16:05:27.946+0000] {processor.py:840} INFO - DAG(s) 'load_cb_courses' retrieved from /opt/airflow/dags/load_cb_courses.py
[2026-02-25T16:05:27.971+0000] {logging_mixin.py:188} INFO - [2026-02-25T16:05:27.970+0000] {dag.py:3089} INFO - Sync 1 DAGs
[2026-02-25T16:05:27.995+0000] {logging_mixin.py:188} INFO - [2026-02-25T16:05:27.995+0000] {dag.py:3947} INFO - Setting next_dagrun for load_cb_courses to 2026-02-25 00:00:00+00:00, run_after=2026-02-26 00:00:00+00:00
[2026-02-25T16:05:28.021+0000] {processor.py:183} INFO - Processing /opt/airflow/dags/load_cb_courses.py took 0.666 seconds
[2026-02-25T16:05:58.098+0000] {processor.py:161} INFO - Started process (PID=779) to work on /opt/airflow/dags/load_cb_courses.py
[2026-02-25T16:05:58.100+0000] {processor.py:830} INFO - Processing file /opt/airflow/dags/load_cb_courses.py for tasks to queue
[2026-02-25T16:05:58.102+0000] {logging_mixin.py:188} INFO - [2026-02-25T16:05:58.102+0000] {dagbag.py:545} INFO - Filling up the DagBag from /opt/airflow/dags/load_cb_courses.py
[2026-02-25T16:05:58.614+0000] {processor.py:840} INFO - DAG(s) 'load_cb_courses' retrieved from /opt/airflow/dags/load_cb_courses.py
[2026-02-25T16:05:58.638+0000] {logging_mixin.py:188} INFO - [2026-02-25T16:05:58.637+0000] {dag.py:3089} INFO - Sync 1 DAGs
[2026-02-25T16:05:58.658+0000] {logging_mixin.py:188} INFO - [2026-02-25T16:05:58.657+0000] {dag.py:3947} INFO - Setting next_dagrun for load_cb_courses to 2026-02-25 00:00:00+00:00, run_after=2026-02-26 00:00:00+00:00
[2026-02-25T16:05:58.679+0000] {processor.py:183} INFO - Processing /opt/airflow/dags/load_cb_courses.py took 0.588 seconds
[2026-02-25T16:06:29.754+0000] {processor.py:161} INFO - Started process (PID=805) to work on /opt/airflow/dags/load_cb_courses.py
[2026-02-25T16:06:29.758+0000] {processor.py:830} INFO - Processing file /opt/airflow/dags/load_cb_courses.py for tasks to queue
[2026-02-25T16:06:29.766+0000] {logging_mixin.py:188} INFO - [2026-02-25T16:06:29.764+0000] {dagbag.py:545} INFO - Filling up the DagBag from /opt/airflow/dags/load_cb_courses.py
[2026-02-25T16:06:30.412+0000] {processor.py:840} INFO - DAG(s) 'load_cb_courses' retrieved from /opt/airflow/dags/load_cb_courses.py
[2026-02-25T16:06:30.437+0000] {logging_mixin.py:188} INFO - [2026-02-25T16:06:30.437+0000] {dag.py:3089} INFO - Sync 1 DAGs
[2026-02-25T16:06:30.469+0000] {logging_mixin.py:188} INFO - [2026-02-25T16:06:30.469+0000] {dag.py:3947} INFO - Setting next_dagrun for load_cb_courses to 2026-02-25 00:00:00+00:00, run_after=2026-02-26 00:00:00+00:00
[2026-02-25T16:06:30.491+0000] {processor.py:183} INFO - Processing /opt/airflow/dags/load_cb_courses.py took 0.750 seconds
[2026-02-25T16:07:00.646+0000] {processor.py:161} INFO - Started process (PID=837) to work on /opt/airflow/dags/load_cb_courses.py
[2026-02-25T16:07:00.648+0000] {processor.py:830} INFO - Processing file /opt/airflow/dags/load_cb_courses.py for tasks to queue
[2026-02-25T16:07:00.650+0000] {logging_mixin.py:188} INFO - [2026-02-25T16:07:00.650+0000] {dagbag.py:545} INFO - Filling up the DagBag from /opt/airflow/dags/load_cb_courses.py
[2026-02-25T16:07:01.136+0000] {processor.py:840} INFO - DAG(s) 'load_cb_courses' retrieved from /opt/airflow/dags/load_cb_courses.py
[2026-02-25T16:07:01.159+0000] {logging_mixin.py:188} INFO - [2026-02-25T16:07:01.159+0000] {dag.py:3089} INFO - Sync 1 DAGs
[2026-02-25T16:07:01.184+0000] {logging_mixin.py:188} INFO - [2026-02-25T16:07:01.183+0000] {dag.py:3947} INFO - Setting next_dagrun for load_cb_courses to 2026-02-25 00:00:00+00:00, run_after=2026-02-26 00:00:00+00:00
[2026-02-25T16:07:01.205+0000] {processor.py:183} INFO - Processing /opt/airflow/dags/load_cb_courses.py took 0.566 seconds
[2026-02-25T16:07:32.196+0000] {processor.py:161} INFO - Started process (PID=867) to work on /opt/airflow/dags/load_cb_courses.py
[2026-02-25T16:07:32.197+0000] {processor.py:830} INFO - Processing file /opt/airflow/dags/load_cb_courses.py for tasks to queue
[2026-02-25T16:07:32.200+0000] {logging_mixin.py:188} INFO - [2026-02-25T16:07:32.199+0000] {dagbag.py:545} INFO - Filling up the DagBag from /opt/airflow/dags/load_cb_courses.py
[2026-02-25T16:07:32.694+0000] {processor.py:840} INFO - DAG(s) 'load_cb_courses' retrieved from /opt/airflow/dags/load_cb_courses.py
[2026-02-25T16:07:32.717+0000] {logging_mixin.py:188} INFO - [2026-02-25T16:07:32.717+0000] {dag.py:3089} INFO - Sync 1 DAGs
[2026-02-25T16:07:32.738+0000] {logging_mixin.py:188} INFO - [2026-02-25T16:07:32.737+0000] {dag.py:3947} INFO - Setting next_dagrun for load_cb_courses to 2026-02-25 00:00:00+00:00, run_after=2026-02-26 00:00:00+00:00
[2026-02-25T16:07:32.762+0000] {processor.py:183} INFO - Processing /opt/airflow/dags/load_cb_courses.py took 0.572 seconds
[2026-02-25T16:08:03.714+0000] {processor.py:161} INFO - Started process (PID=892) to work on /opt/airflow/dags/load_cb_courses.py
[2026-02-25T16:08:03.716+0000] {processor.py:830} INFO - Processing file /opt/airflow/dags/load_cb_courses.py for tasks to queue
[2026-02-25T16:08:03.718+0000] {logging_mixin.py:188} INFO - [2026-02-25T16:08:03.718+0000] {dagbag.py:545} INFO - Filling up the DagBag from /opt/airflow/dags/load_cb_courses.py
[2026-02-25T16:08:04.539+0000] {processor.py:840} INFO - DAG(s) 'load_cb_courses' retrieved from /opt/airflow/dags/load_cb_courses.py
[2026-02-25T16:08:04.586+0000] {logging_mixin.py:188} INFO - [2026-02-25T16:08:04.585+0000] {dag.py:3089} INFO - Sync 1 DAGs
[2026-02-25T16:08:04.621+0000] {logging_mixin.py:188} INFO - [2026-02-25T16:08:04.620+0000] {dag.py:3947} INFO - Setting next_dagrun for load_cb_courses to 2026-02-25 00:00:00+00:00, run_after=2026-02-26 00:00:00+00:00
[2026-02-25T16:08:04.650+0000] {processor.py:183} INFO - Processing /opt/airflow/dags/load_cb_courses.py took 0.941 seconds
[2026-02-25T16:08:35.426+0000] {processor.py:161} INFO - Started process (PID=924) to work on /opt/airflow/dags/load_cb_courses.py
[2026-02-25T16:08:35.427+0000] {processor.py:830} INFO - Processing file /opt/airflow/dags/load_cb_courses.py for tasks to queue
[2026-02-25T16:08:35.430+0000] {logging_mixin.py:188} INFO - [2026-02-25T16:08:35.430+0000] {dagbag.py:545} INFO - Filling up the DagBag from /opt/airflow/dags/load_cb_courses.py
[2026-02-25T16:08:35.926+0000] {processor.py:840} INFO - DAG(s) 'load_cb_courses' retrieved from /opt/airflow/dags/load_cb_courses.py
[2026-02-25T16:08:35.953+0000] {logging_mixin.py:188} INFO - [2026-02-25T16:08:35.952+0000] {dag.py:3089} INFO - Sync 1 DAGs
[2026-02-25T16:08:35.976+0000] {logging_mixin.py:188} INFO - [2026-02-25T16:08:35.976+0000] {dag.py:3947} INFO - Setting next_dagrun for load_cb_courses to 2026-02-25 00:00:00+00:00, run_after=2026-02-26 00:00:00+00:00
[2026-02-25T16:08:35.999+0000] {processor.py:183} INFO - Processing /opt/airflow/dags/load_cb_courses.py took 0.579 seconds
[2026-02-25T16:09:06.761+0000] {processor.py:161} INFO - Started process (PID=950) to work on /opt/airflow/dags/load_cb_courses.py
[2026-02-25T16:09:06.763+0000] {processor.py:830} INFO - Processing file /opt/airflow/dags/load_cb_courses.py for tasks to queue
[2026-02-25T16:09:06.765+0000] {logging_mixin.py:188} INFO - [2026-02-25T16:09:06.765+0000] {dagbag.py:545} INFO - Filling up the DagBag from /opt/airflow/dags/load_cb_courses.py
[2026-02-25T16:09:07.345+0000] {processor.py:840} INFO - DAG(s) 'load_cb_courses' retrieved from /opt/airflow/dags/load_cb_courses.py
[2026-02-25T16:09:07.368+0000] {logging_mixin.py:188} INFO - [2026-02-25T16:09:07.367+0000] {dag.py:3089} INFO - Sync 1 DAGs
[2026-02-25T16:09:07.390+0000] {logging_mixin.py:188} INFO - [2026-02-25T16:09:07.389+0000] {dag.py:3947} INFO - Setting next_dagrun for load_cb_courses to 2026-02-25 00:00:00+00:00, run_after=2026-02-26 00:00:00+00:00
[2026-02-25T16:09:07.416+0000] {processor.py:183} INFO - Processing /opt/airflow/dags/load_cb_courses.py took 0.661 seconds
[2026-02-25T16:09:37.586+0000] {processor.py:161} INFO - Started process (PID=981) to work on /opt/airflow/dags/load_cb_courses.py
[2026-02-25T16:09:37.587+0000] {processor.py:830} INFO - Processing file /opt/airflow/dags/load_cb_courses.py for tasks to queue
[2026-02-25T16:09:37.589+0000] {logging_mixin.py:188} INFO - [2026-02-25T16:09:37.589+0000] {dagbag.py:545} INFO - Filling up the DagBag from /opt/airflow/dags/load_cb_courses.py
[2026-02-25T16:09:38.150+0000] {processor.py:840} INFO - DAG(s) 'load_cb_courses' retrieved from /opt/airflow/dags/load_cb_courses.py
[2026-02-25T16:09:38.177+0000] {logging_mixin.py:188} INFO - [2026-02-25T16:09:38.176+0000] {dag.py:3089} INFO - Sync 1 DAGs
[2026-02-25T16:09:38.203+0000] {logging_mixin.py:188} INFO - [2026-02-25T16:09:38.203+0000] {dag.py:3947} INFO - Setting next_dagrun for load_cb_courses to 2026-02-25 00:00:00+00:00, run_after=2026-02-26 00:00:00+00:00
[2026-02-25T16:09:38.228+0000] {processor.py:183} INFO - Processing /opt/airflow/dags/load_cb_courses.py took 0.649 seconds
[2026-02-25T16:10:08.978+0000] {processor.py:161} INFO - Started process (PID=1012) to work on /opt/airflow/dags/load_cb_courses.py
[2026-02-25T16:10:08.980+0000] {processor.py:830} INFO - Processing file /opt/airflow/dags/load_cb_courses.py for tasks to queue
[2026-02-25T16:10:08.983+0000] {logging_mixin.py:188} INFO - [2026-02-25T16:10:08.982+0000] {dagbag.py:545} INFO - Filling up the DagBag from /opt/airflow/dags/load_cb_courses.py
[2026-02-25T16:10:09.583+0000] {processor.py:840} INFO - DAG(s) 'load_cb_courses' retrieved from /opt/airflow/dags/load_cb_courses.py
[2026-02-25T16:10:09.611+0000] {logging_mixin.py:188} INFO - [2026-02-25T16:10:09.611+0000] {dag.py:3089} INFO - Sync 1 DAGs
[2026-02-25T16:10:09.638+0000] {logging_mixin.py:188} INFO - [2026-02-25T16:10:09.638+0000] {dag.py:3947} INFO - Setting next_dagrun for load_cb_courses to 2026-02-25 00:00:00+00:00, run_after=2026-02-26 00:00:00+00:00
[2026-02-25T16:10:09.664+0000] {processor.py:183} INFO - Processing /opt/airflow/dags/load_cb_courses.py took 0.695 seconds
[2026-02-25T16:10:40.505+0000] {processor.py:161} INFO - Started process (PID=1037) to work on /opt/airflow/dags/load_cb_courses.py
[2026-02-25T16:10:40.507+0000] {processor.py:830} INFO - Processing file /opt/airflow/dags/load_cb_courses.py for tasks to queue
[2026-02-25T16:10:40.510+0000] {logging_mixin.py:188} INFO - [2026-02-25T16:10:40.510+0000] {dagbag.py:545} INFO - Filling up the DagBag from /opt/airflow/dags/load_cb_courses.py
[2026-02-25T16:10:41.176+0000] {processor.py:840} INFO - DAG(s) 'load_cb_courses' retrieved from /opt/airflow/dags/load_cb_courses.py
[2026-02-25T16:10:41.204+0000] {logging_mixin.py:188} INFO - [2026-02-25T16:10:41.203+0000] {dag.py:3089} INFO - Sync 1 DAGs
[2026-02-25T16:10:41.229+0000] {logging_mixin.py:188} INFO - [2026-02-25T16:10:41.229+0000] {dag.py:3947} INFO - Setting next_dagrun for load_cb_courses to 2026-02-25 00:00:00+00:00, run_after=2026-02-26 00:00:00+00:00
[2026-02-25T16:10:41.253+0000] {processor.py:183} INFO - Processing /opt/airflow/dags/load_cb_courses.py took 0.755 seconds
[2026-02-25T16:11:11.516+0000] {processor.py:161} INFO - Started process (PID=1069) to work on /opt/airflow/dags/load_cb_courses.py
[2026-02-25T16:11:11.519+0000] {processor.py:830} INFO - Processing file /opt/airflow/dags/load_cb_courses.py for tasks to queue
[2026-02-25T16:11:11.522+0000] {logging_mixin.py:188} INFO - [2026-02-25T16:11:11.522+0000] {dagbag.py:545} INFO - Filling up the DagBag from /opt/airflow/dags/load_cb_courses.py
[2026-02-25T16:11:12.060+0000] {processor.py:840} INFO - DAG(s) 'load_cb_courses' retrieved from /opt/airflow/dags/load_cb_courses.py
[2026-02-25T16:11:12.089+0000] {logging_mixin.py:188} INFO - [2026-02-25T16:11:12.088+0000] {dag.py:3089} INFO - Sync 1 DAGs
[2026-02-25T16:11:12.115+0000] {logging_mixin.py:188} INFO - [2026-02-25T16:11:12.114+0000] {dag.py:3947} INFO - Setting next_dagrun for load_cb_courses to 2026-02-25 00:00:00+00:00, run_after=2026-02-26 00:00:00+00:00
[2026-02-25T16:11:12.138+0000] {processor.py:183} INFO - Processing /opt/airflow/dags/load_cb_courses.py took 0.628 seconds
[2026-02-25T16:11:42.250+0000] {processor.py:161} INFO - Started process (PID=1094) to work on /opt/airflow/dags/load_cb_courses.py
[2026-02-25T16:11:42.251+0000] {processor.py:830} INFO - Processing file /opt/airflow/dags/load_cb_courses.py for tasks to queue
[2026-02-25T16:11:42.254+0000] {logging_mixin.py:188} INFO - [2026-02-25T16:11:42.253+0000] {dagbag.py:545} INFO - Filling up the DagBag from /opt/airflow/dags/load_cb_courses.py
[2026-02-25T16:11:42.757+0000] {processor.py:840} INFO - DAG(s) 'load_cb_courses' retrieved from /opt/airflow/dags/load_cb_courses.py
[2026-02-25T16:11:42.782+0000] {logging_mixin.py:188} INFO - [2026-02-25T16:11:42.782+0000] {dag.py:3089} INFO - Sync 1 DAGs
[2026-02-25T16:11:42.802+0000] {logging_mixin.py:188} INFO - [2026-02-25T16:11:42.802+0000] {dag.py:3947} INFO - Setting next_dagrun for load_cb_courses to 2026-02-25 00:00:00+00:00, run_after=2026-02-26 00:00:00+00:00
[2026-02-25T16:11:42.828+0000] {processor.py:183} INFO - Processing /opt/airflow/dags/load_cb_courses.py took 0.584 seconds
[2026-02-25T16:12:13.559+0000] {processor.py:161} INFO - Started process (PID=1127) to work on /opt/airflow/dags/load_cb_courses.py
[2026-02-25T16:12:13.562+0000] {processor.py:830} INFO - Processing file /opt/airflow/dags/load_cb_courses.py for tasks to queue
[2026-02-25T16:12:13.567+0000] {logging_mixin.py:188} INFO - [2026-02-25T16:12:13.566+0000] {dagbag.py:545} INFO - Filling up the DagBag from /opt/airflow/dags/load_cb_courses.py
[2026-02-25T16:12:14.083+0000] {processor.py:840} INFO - DAG(s) 'load_cb_courses' retrieved from /opt/airflow/dags/load_cb_courses.py
[2026-02-25T16:12:14.108+0000] {logging_mixin.py:188} INFO - [2026-02-25T16:12:14.108+0000] {dag.py:3089} INFO - Sync 1 DAGs
[2026-02-25T16:12:14.130+0000] {logging_mixin.py:188} INFO - [2026-02-25T16:12:14.130+0000] {dag.py:3947} INFO - Setting next_dagrun for load_cb_courses to 2026-02-25 00:00:00+00:00, run_after=2026-02-26 00:00:00+00:00
[2026-02-25T16:12:14.156+0000] {processor.py:183} INFO - Processing /opt/airflow/dags/load_cb_courses.py took 0.612 seconds
[2026-02-25T16:12:45.379+0000] {processor.py:161} INFO - Started process (PID=1151) to work on /opt/airflow/dags/load_cb_courses.py
[2026-02-25T16:12:45.381+0000] {processor.py:830} INFO - Processing file /opt/airflow/dags/load_cb_courses.py for tasks to queue
[2026-02-25T16:12:45.386+0000] {logging_mixin.py:188} INFO - [2026-02-25T16:12:45.385+0000] {dagbag.py:545} INFO - Filling up the DagBag from /opt/airflow/dags/load_cb_courses.py
[2026-02-25T16:12:46.194+0000] {processor.py:840} INFO - DAG(s) 'load_cb_courses' retrieved from /opt/airflow/dags/load_cb_courses.py
[2026-02-25T16:12:46.222+0000] {logging_mixin.py:188} INFO - [2026-02-25T16:12:46.221+0000] {dag.py:3089} INFO - Sync 1 DAGs
[2026-02-25T16:12:46.252+0000] {logging_mixin.py:188} INFO - [2026-02-25T16:12:46.252+0000] {dag.py:3947} INFO - Setting next_dagrun for load_cb_courses to 2026-02-25 00:00:00+00:00, run_after=2026-02-26 00:00:00+00:00
[2026-02-25T16:12:46.290+0000] {processor.py:183} INFO - Processing /opt/airflow/dags/load_cb_courses.py took 0.919 seconds
[2026-02-25T16:13:16.604+0000] {processor.py:161} INFO - Started process (PID=1183) to work on /opt/airflow/dags/load_cb_courses.py
[2026-02-25T16:13:16.606+0000] {processor.py:830} INFO - Processing file /opt/airflow/dags/load_cb_courses.py for tasks to queue
[2026-02-25T16:13:16.611+0000] {logging_mixin.py:188} INFO - [2026-02-25T16:13:16.610+0000] {dagbag.py:545} INFO - Filling up the DagBag from /opt/airflow/dags/load_cb_courses.py
[2026-02-25T16:13:17.325+0000] {processor.py:840} INFO - DAG(s) 'load_cb_courses' retrieved from /opt/airflow/dags/load_cb_courses.py
[2026-02-25T16:13:17.352+0000] {logging_mixin.py:188} INFO - [2026-02-25T16:13:17.352+0000] {dag.py:3089} INFO - Sync 1 DAGs
[2026-02-25T16:13:17.381+0000] {logging_mixin.py:188} INFO - [2026-02-25T16:13:17.380+0000] {dag.py:3947} INFO - Setting next_dagrun for load_cb_courses to 2026-02-25 00:00:00+00:00, run_after=2026-02-26 00:00:00+00:00
[2026-02-25T16:13:17.409+0000] {processor.py:183} INFO - Processing /opt/airflow/dags/load_cb_courses.py took 0.813 seconds
[2026-02-25T16:13:48.167+0000] {processor.py:161} INFO - Started process (PID=1216) to work on /opt/airflow/dags/load_cb_courses.py
[2026-02-25T16:13:48.169+0000] {processor.py:830} INFO - Processing file /opt/airflow/dags/load_cb_courses.py for tasks to queue
[2026-02-25T16:13:48.172+0000] {logging_mixin.py:188} INFO - [2026-02-25T16:13:48.171+0000] {dagbag.py:545} INFO - Filling up the DagBag from /opt/airflow/dags/load_cb_courses.py
[2026-02-25T16:13:48.888+0000] {processor.py:840} INFO - DAG(s) 'load_cb_courses' retrieved from /opt/airflow/dags/load_cb_courses.py
[2026-02-25T16:13:48.925+0000] {logging_mixin.py:188} INFO - [2026-02-25T16:13:48.924+0000] {dag.py:3089} INFO - Sync 1 DAGs
[2026-02-25T16:13:48.960+0000] {logging_mixin.py:188} INFO - [2026-02-25T16:13:48.960+0000] {dag.py:3947} INFO - Setting next_dagrun for load_cb_courses to 2026-02-25 00:00:00+00:00, run_after=2026-02-26 00:00:00+00:00
[2026-02-25T16:13:48.990+0000] {processor.py:183} INFO - Processing /opt/airflow/dags/load_cb_courses.py took 0.832 seconds
[2026-02-25T16:14:19.729+0000] {processor.py:161} INFO - Started process (PID=1241) to work on /opt/airflow/dags/load_cb_courses.py
[2026-02-25T16:14:19.731+0000] {processor.py:830} INFO - Processing file /opt/airflow/dags/load_cb_courses.py for tasks to queue
[2026-02-25T16:14:19.734+0000] {logging_mixin.py:188} INFO - [2026-02-25T16:14:19.734+0000] {dagbag.py:545} INFO - Filling up the DagBag from /opt/airflow/dags/load_cb_courses.py
[2026-02-25T16:14:20.385+0000] {processor.py:840} INFO - DAG(s) 'load_cb_courses' retrieved from /opt/airflow/dags/load_cb_courses.py
[2026-02-25T16:14:20.414+0000] {logging_mixin.py:188} INFO - [2026-02-25T16:14:20.413+0000] {dag.py:3089} INFO - Sync 1 DAGs
[2026-02-25T16:14:20.438+0000] {logging_mixin.py:188} INFO - [2026-02-25T16:14:20.437+0000] {dag.py:3947} INFO - Setting next_dagrun for load_cb_courses to 2026-02-25 00:00:00+00:00, run_after=2026-02-26 00:00:00+00:00
[2026-02-25T16:14:20.467+0000] {processor.py:183} INFO - Processing /opt/airflow/dags/load_cb_courses.py took 0.746 seconds
[2026-02-25T16:14:51.174+0000] {processor.py:161} INFO - Started process (PID=1274) to work on /opt/airflow/dags/load_cb_courses.py
[2026-02-25T16:14:51.178+0000] {processor.py:830} INFO - Processing file /opt/airflow/dags/load_cb_courses.py for tasks to queue
[2026-02-25T16:14:51.181+0000] {logging_mixin.py:188} INFO - [2026-02-25T16:14:51.180+0000] {dagbag.py:545} INFO - Filling up the DagBag from /opt/airflow/dags/load_cb_courses.py
[2026-02-25T16:14:51.748+0000] {processor.py:840} INFO - DAG(s) 'load_cb_courses' retrieved from /opt/airflow/dags/load_cb_courses.py
[2026-02-25T16:14:51.774+0000] {logging_mixin.py:188} INFO - [2026-02-25T16:14:51.773+0000] {dag.py:3089} INFO - Sync 1 DAGs
[2026-02-25T16:14:51.807+0000] {logging_mixin.py:188} INFO - [2026-02-25T16:14:51.807+0000] {dag.py:3947} INFO - Setting next_dagrun for load_cb_courses to 2026-02-25 00:00:00+00:00, run_after=2026-02-26 00:00:00+00:00
[2026-02-25T16:14:51.837+0000] {processor.py:183} INFO - Processing /opt/airflow/dags/load_cb_courses.py took 0.672 seconds
[2026-02-25T16:15:22.727+0000] {processor.py:161} INFO - Started process (PID=1299) to work on /opt/airflow/dags/load_cb_courses.py
[2026-02-25T16:15:22.729+0000] {processor.py:830} INFO - Processing file /opt/airflow/dags/load_cb_courses.py for tasks to queue
[2026-02-25T16:15:22.732+0000] {logging_mixin.py:188} INFO - [2026-02-25T16:15:22.731+0000] {dagbag.py:545} INFO - Filling up the DagBag from /opt/airflow/dags/load_cb_courses.py
[2026-02-25T16:15:23.311+0000] {processor.py:840} INFO - DAG(s) 'load_cb_courses' retrieved from /opt/airflow/dags/load_cb_courses.py
[2026-02-25T16:15:23.339+0000] {logging_mixin.py:188} INFO - [2026-02-25T16:15:23.338+0000] {dag.py:3089} INFO - Sync 1 DAGs
[2026-02-25T16:15:23.361+0000] {logging_mixin.py:188} INFO - [2026-02-25T16:15:23.360+0000] {dag.py:3947} INFO - Setting next_dagrun for load_cb_courses to 2026-02-25 00:00:00+00:00, run_after=2026-02-26 00:00:00+00:00
[2026-02-25T16:15:23.382+0000] {processor.py:183} INFO - Processing /opt/airflow/dags/load_cb_courses.py took 0.661 seconds
[2026-02-25T16:15:54.143+0000] {processor.py:161} INFO - Started process (PID=1334) to work on /opt/airflow/dags/load_cb_courses.py
[2026-02-25T16:15:54.145+0000] {processor.py:830} INFO - Processing file /opt/airflow/dags/load_cb_courses.py for tasks to queue
[2026-02-25T16:15:54.148+0000] {logging_mixin.py:188} INFO - [2026-02-25T16:15:54.147+0000] {dagbag.py:545} INFO - Filling up the DagBag from /opt/airflow/dags/load_cb_courses.py
[2026-02-25T16:15:54.704+0000] {processor.py:840} INFO - DAG(s) 'load_cb_courses' retrieved from /opt/airflow/dags/load_cb_courses.py
[2026-02-25T16:15:54.728+0000] {logging_mixin.py:188} INFO - [2026-02-25T16:15:54.727+0000] {dag.py:3089} INFO - Sync 1 DAGs
[2026-02-25T16:15:54.754+0000] {logging_mixin.py:188} INFO - [2026-02-25T16:15:54.754+0000] {dag.py:3947} INFO - Setting next_dagrun for load_cb_courses to 2026-02-25 00:00:00+00:00, run_after=2026-02-26 00:00:00+00:00
[2026-02-25T16:15:54.783+0000] {processor.py:183} INFO - Processing /opt/airflow/dags/load_cb_courses.py took 0.650 seconds
[2026-02-25T16:16:25.554+0000] {processor.py:161} INFO - Started process (PID=1361) to work on /opt/airflow/dags/load_cb_courses.py
[2026-02-25T16:16:25.556+0000] {processor.py:830} INFO - Processing file /opt/airflow/dags/load_cb_courses.py for tasks to queue
[2026-02-25T16:16:25.559+0000] {logging_mixin.py:188} INFO - [2026-02-25T16:16:25.558+0000] {dagbag.py:545} INFO - Filling up the DagBag from /opt/airflow/dags/load_cb_courses.py
[2026-02-25T16:16:26.170+0000] {processor.py:840} INFO - DAG(s) 'load_cb_courses' retrieved from /opt/airflow/dags/load_cb_courses.py
[2026-02-25T16:16:26.207+0000] {logging_mixin.py:188} INFO - [2026-02-25T16:16:26.207+0000] {dag.py:3089} INFO - Sync 1 DAGs
[2026-02-25T16:16:26.236+0000] {logging_mixin.py:188} INFO - [2026-02-25T16:16:26.235+0000] {dag.py:3947} INFO - Setting next_dagrun for load_cb_courses to 2026-02-25 00:00:00+00:00, run_after=2026-02-26 00:00:00+00:00
[2026-02-25T16:16:26.265+0000] {processor.py:183} INFO - Processing /opt/airflow/dags/load_cb_courses.py took 0.718 seconds
[2026-02-25T16:16:56.374+0000] {processor.py:161} INFO - Started process (PID=1393) to work on /opt/airflow/dags/load_cb_courses.py
[2026-02-25T16:16:56.375+0000] {processor.py:830} INFO - Processing file /opt/airflow/dags/load_cb_courses.py for tasks to queue
[2026-02-25T16:16:56.378+0000] {logging_mixin.py:188} INFO - [2026-02-25T16:16:56.378+0000] {dagbag.py:545} INFO - Filling up the DagBag from /opt/airflow/dags/load_cb_courses.py
[2026-02-25T16:16:56.893+0000] {processor.py:840} INFO - DAG(s) 'load_cb_courses' retrieved from /opt/airflow/dags/load_cb_courses.py
[2026-02-25T16:16:56.919+0000] {logging_mixin.py:188} INFO - [2026-02-25T16:16:56.918+0000] {dag.py:3089} INFO - Sync 1 DAGs
[2026-02-25T16:16:56.943+0000] {logging_mixin.py:188} INFO - [2026-02-25T16:16:56.943+0000] {dag.py:3947} INFO - Setting next_dagrun for load_cb_courses to 2026-02-25 00:00:00+00:00, run_after=2026-02-26 00:00:00+00:00
[2026-02-25T16:16:56.970+0000] {processor.py:183} INFO - Processing /opt/airflow/dags/load_cb_courses.py took 0.605 seconds
[2026-02-25T16:17:27.732+0000] {processor.py:161} INFO - Started process (PID=1424) to work on /opt/airflow/dags/load_cb_courses.py
[2026-02-25T16:17:27.734+0000] {processor.py:830} INFO - Processing file /opt/airflow/dags/load_cb_courses.py for tasks to queue
[2026-02-25T16:17:27.737+0000] {logging_mixin.py:188} INFO - [2026-02-25T16:17:27.736+0000] {dagbag.py:545} INFO - Filling up the DagBag from /opt/airflow/dags/load_cb_courses.py
[2026-02-25T16:17:28.347+0000] {processor.py:840} INFO - DAG(s) 'load_cb_courses' retrieved from /opt/airflow/dags/load_cb_courses.py
[2026-02-25T16:17:28.377+0000] {logging_mixin.py:188} INFO - [2026-02-25T16:17:28.376+0000] {dag.py:3089} INFO - Sync 1 DAGs
[2026-02-25T16:17:28.401+0000] {logging_mixin.py:188} INFO - [2026-02-25T16:17:28.400+0000] {dag.py:3947} INFO - Setting next_dagrun for load_cb_courses to 2026-02-25 00:00:00+00:00, run_after=2026-02-26 00:00:00+00:00
[2026-02-25T16:17:28.433+0000] {processor.py:183} INFO - Processing /opt/airflow/dags/load_cb_courses.py took 0.708 seconds
[2026-02-25T16:17:58.593+0000] {processor.py:161} INFO - Started process (PID=1449) to work on /opt/airflow/dags/load_cb_courses.py
[2026-02-25T16:17:58.595+0000] {processor.py:830} INFO - Processing file /opt/airflow/dags/load_cb_courses.py for tasks to queue
[2026-02-25T16:17:58.597+0000] {logging_mixin.py:188} INFO - [2026-02-25T16:17:58.597+0000] {dagbag.py:545} INFO - Filling up the DagBag from /opt/airflow/dags/load_cb_courses.py
[2026-02-25T16:17:59.112+0000] {processor.py:840} INFO - DAG(s) 'load_cb_courses' retrieved from /opt/airflow/dags/load_cb_courses.py
[2026-02-25T16:17:59.138+0000] {logging_mixin.py:188} INFO - [2026-02-25T16:17:59.137+0000] {dag.py:3089} INFO - Sync 1 DAGs
[2026-02-25T16:17:59.159+0000] {logging_mixin.py:188} INFO - [2026-02-25T16:17:59.159+0000] {dag.py:3947} INFO - Setting next_dagrun for load_cb_courses to 2026-02-25 00:00:00+00:00, run_after=2026-02-26 00:00:00+00:00
[2026-02-25T16:17:59.184+0000] {processor.py:183} INFO - Processing /opt/airflow/dags/load_cb_courses.py took 0.597 seconds
[2026-02-25T16:18:29.886+0000] {processor.py:161} INFO - Started process (PID=1476) to work on /opt/airflow/dags/load_cb_courses.py
[2026-02-25T16:18:29.887+0000] {processor.py:830} INFO - Processing file /opt/airflow/dags/load_cb_courses.py for tasks to queue
[2026-02-25T16:18:29.892+0000] {logging_mixin.py:188} INFO - [2026-02-25T16:18:29.890+0000] {dagbag.py:545} INFO - Filling up the DagBag from /opt/airflow/dags/load_cb_courses.py
[2026-02-25T16:18:30.497+0000] {processor.py:840} INFO - DAG(s) 'load_cb_courses' retrieved from /opt/airflow/dags/load_cb_courses.py
[2026-02-25T16:18:30.532+0000] {logging_mixin.py:188} INFO - [2026-02-25T16:18:30.532+0000] {dag.py:3089} INFO - Sync 1 DAGs
[2026-02-25T16:18:30.565+0000] {logging_mixin.py:188} INFO - [2026-02-25T16:18:30.564+0000] {dag.py:3947} INFO - Setting next_dagrun for load_cb_courses to 2026-02-25 00:00:00+00:00, run_after=2026-02-26 00:00:00+00:00
[2026-02-25T16:18:30.596+0000] {processor.py:183} INFO - Processing /opt/airflow/dags/load_cb_courses.py took 0.720 seconds
[2026-02-25T16:19:01.261+0000] {processor.py:161} INFO - Started process (PID=1508) to work on /opt/airflow/dags/load_cb_courses.py
[2026-02-25T16:19:01.263+0000] {processor.py:830} INFO - Processing file /opt/airflow/dags/load_cb_courses.py for tasks to queue
[2026-02-25T16:19:01.265+0000] {logging_mixin.py:188} INFO - [2026-02-25T16:19:01.265+0000] {dagbag.py:545} INFO - Filling up the DagBag from /opt/airflow/dags/load_cb_courses.py
[2026-02-25T16:19:01.912+0000] {processor.py:840} INFO - DAG(s) 'load_cb_courses' retrieved from /opt/airflow/dags/load_cb_courses.py
[2026-02-25T16:19:01.941+0000] {logging_mixin.py:188} INFO - [2026-02-25T16:19:01.940+0000] {dag.py:3089} INFO - Sync 1 DAGs
[2026-02-25T16:19:01.965+0000] {logging_mixin.py:188} INFO - [2026-02-25T16:19:01.964+0000] {dag.py:3947} INFO - Setting next_dagrun for load_cb_courses to 2026-02-25 00:00:00+00:00, run_after=2026-02-26 00:00:00+00:00
[2026-02-25T16:19:01.996+0000] {processor.py:183} INFO - Processing /opt/airflow/dags/load_cb_courses.py took 0.744 seconds
[2026-02-25T16:19:32.785+0000] {processor.py:161} INFO - Started process (PID=1533) to work on /opt/airflow/dags/load_cb_courses.py
[2026-02-25T16:19:32.787+0000] {processor.py:830} INFO - Processing file /opt/airflow/dags/load_cb_courses.py for tasks to queue
[2026-02-25T16:19:32.790+0000] {logging_mixin.py:188} INFO - [2026-02-25T16:19:32.790+0000] {dagbag.py:545} INFO - Filling up the DagBag from /opt/airflow/dags/load_cb_courses.py
[2026-02-25T16:19:33.405+0000] {processor.py:840} INFO - DAG(s) 'load_cb_courses' retrieved from /opt/airflow/dags/load_cb_courses.py
[2026-02-25T16:19:33.440+0000] {logging_mixin.py:188} INFO - [2026-02-25T16:19:33.440+0000] {dag.py:3089} INFO - Sync 1 DAGs
[2026-02-25T16:19:33.476+0000] {logging_mixin.py:188} INFO - [2026-02-25T16:19:33.476+0000] {dag.py:3947} INFO - Setting next_dagrun for load_cb_courses to 2026-02-25 00:00:00+00:00, run_after=2026-02-26 00:00:00+00:00
[2026-02-25T16:19:33.523+0000] {processor.py:183} INFO - Processing /opt/airflow/dags/load_cb_courses.py took 0.746 seconds
[2026-02-25T16:20:04.191+0000] {processor.py:161} INFO - Started process (PID=1566) to work on /opt/airflow/dags/load_cb_courses.py
[2026-02-25T16:20:04.193+0000] {processor.py:830} INFO - Processing file /opt/airflow/dags/load_cb_courses.py for tasks to queue
[2026-02-25T16:20:04.196+0000] {logging_mixin.py:188} INFO - [2026-02-25T16:20:04.195+0000] {dagbag.py:545} INFO - Filling up the DagBag from /opt/airflow/dags/load_cb_courses.py
[2026-02-25T16:20:04.785+0000] {processor.py:840} INFO - DAG(s) 'load_cb_courses' retrieved from /opt/airflow/dags/load_cb_courses.py
[2026-02-25T16:20:04.811+0000] {logging_mixin.py:188} INFO - [2026-02-25T16:20:04.811+0000] {dag.py:3089} INFO - Sync 1 DAGs
[2026-02-25T16:20:04.834+0000] {logging_mixin.py:188} INFO - [2026-02-25T16:20:04.833+0000] {dag.py:3947} INFO - Setting next_dagrun for load_cb_courses to 2026-02-25 00:00:00+00:00, run_after=2026-02-26 00:00:00+00:00
[2026-02-25T16:20:04.856+0000] {processor.py:183} INFO - Processing /opt/airflow/dags/load_cb_courses.py took 0.674 seconds
[2026-02-25T16:20:35.053+0000] {processor.py:161} INFO - Started process (PID=1599) to work on /opt/airflow/dags/load_cb_courses.py
[2026-02-25T16:20:35.055+0000] {processor.py:830} INFO - Processing file /opt/airflow/dags/load_cb_courses.py for tasks to queue
[2026-02-25T16:20:35.058+0000] {logging_mixin.py:188} INFO - [2026-02-25T16:20:35.057+0000] {dagbag.py:545} INFO - Filling up the DagBag from /opt/airflow/dags/load_cb_courses.py
[2026-02-25T16:20:35.656+0000] {processor.py:840} INFO - DAG(s) 'load_cb_courses' retrieved from /opt/airflow/dags/load_cb_courses.py
[2026-02-25T16:20:35.691+0000] {logging_mixin.py:188} INFO - [2026-02-25T16:20:35.690+0000] {dag.py:3089} INFO - Sync 1 DAGs
[2026-02-25T16:20:35.719+0000] {logging_mixin.py:188} INFO - [2026-02-25T16:20:35.719+0000] {dag.py:3947} INFO - Setting next_dagrun for load_cb_courses to 2026-02-25 00:00:00+00:00, run_after=2026-02-26 00:00:00+00:00
[2026-02-25T16:20:35.744+0000] {processor.py:183} INFO - Processing /opt/airflow/dags/load_cb_courses.py took 0.699 seconds
[2026-02-25T16:21:06.436+0000] {processor.py:161} INFO - Started process (PID=1624) to work on /opt/airflow/dags/load_cb_courses.py
[2026-02-25T16:21:06.438+0000] {processor.py:830} INFO - Processing file /opt/airflow/dags/load_cb_courses.py for tasks to queue
[2026-02-25T16:21:06.440+0000] {logging_mixin.py:188} INFO - [2026-02-25T16:21:06.440+0000] {dagbag.py:545} INFO - Filling up the DagBag from /opt/airflow/dags/load_cb_courses.py
[2026-02-25T16:21:06.939+0000] {processor.py:840} INFO - DAG(s) 'load_cb_courses' retrieved from /opt/airflow/dags/load_cb_courses.py
[2026-02-25T16:21:06.961+0000] {logging_mixin.py:188} INFO - [2026-02-25T16:21:06.960+0000] {dag.py:3089} INFO - Sync 1 DAGs
[2026-02-25T16:21:06.982+0000] {logging_mixin.py:188} INFO - [2026-02-25T16:21:06.981+0000] {dag.py:3947} INFO - Setting next_dagrun for load_cb_courses to 2026-02-25 00:00:00+00:00, run_after=2026-02-26 00:00:00+00:00
[2026-02-25T16:21:07.010+0000] {processor.py:183} INFO - Processing /opt/airflow/dags/load_cb_courses.py took 0.580 seconds
[2026-02-25T16:21:37.671+0000] {processor.py:161} INFO - Started process (PID=1656) to work on /opt/airflow/dags/load_cb_courses.py
[2026-02-25T16:21:37.672+0000] {processor.py:830} INFO - Processing file /opt/airflow/dags/load_cb_courses.py for tasks to queue
[2026-02-25T16:21:37.676+0000] {logging_mixin.py:188} INFO - [2026-02-25T16:21:37.676+0000] {dagbag.py:545} INFO - Filling up the DagBag from /opt/airflow/dags/load_cb_courses.py
[2026-02-25T16:21:38.298+0000] {processor.py:840} INFO - DAG(s) 'load_cb_courses' retrieved from /opt/airflow/dags/load_cb_courses.py
[2026-02-25T16:21:38.334+0000] {logging_mixin.py:188} INFO - [2026-02-25T16:21:38.334+0000] {dag.py:3089} INFO - Sync 1 DAGs
[2026-02-25T16:21:38.361+0000] {logging_mixin.py:188} INFO - [2026-02-25T16:21:38.361+0000] {dag.py:3947} INFO - Setting next_dagrun for load_cb_courses to 2026-02-25 00:00:00+00:00, run_after=2026-02-26 00:00:00+00:00
[2026-02-25T16:21:38.392+0000] {processor.py:183} INFO - Processing /opt/airflow/dags/load_cb_courses.py took 0.731 seconds
[2026-02-25T16:22:09.208+0000] {processor.py:161} INFO - Started process (PID=1681) to work on /opt/airflow/dags/load_cb_courses.py
[2026-02-25T16:22:09.209+0000] {processor.py:830} INFO - Processing file /opt/airflow/dags/load_cb_courses.py for tasks to queue
[2026-02-25T16:22:09.211+0000] {logging_mixin.py:188} INFO - [2026-02-25T16:22:09.211+0000] {dagbag.py:545} INFO - Filling up the DagBag from /opt/airflow/dags/load_cb_courses.py
[2026-02-25T16:22:09.736+0000] {processor.py:840} INFO - DAG(s) 'load_cb_courses' retrieved from /opt/airflow/dags/load_cb_courses.py
[2026-02-25T16:22:09.762+0000] {logging_mixin.py:188} INFO - [2026-02-25T16:22:09.762+0000] {dag.py:3089} INFO - Sync 1 DAGs
[2026-02-25T16:22:09.785+0000] {logging_mixin.py:188} INFO - [2026-02-25T16:22:09.785+0000] {dag.py:3947} INFO - Setting next_dagrun for load_cb_courses to 2026-02-25 00:00:00+00:00, run_after=2026-02-26 00:00:00+00:00
[2026-02-25T16:22:09.810+0000] {processor.py:183} INFO - Processing /opt/airflow/dags/load_cb_courses.py took 0.608 seconds
[2026-02-25T16:22:40.519+0000] {processor.py:161} INFO - Started process (PID=1712) to work on /opt/airflow/dags/load_cb_courses.py
[2026-02-25T16:22:40.520+0000] {processor.py:830} INFO - Processing file /opt/airflow/dags/load_cb_courses.py for tasks to queue
[2026-02-25T16:22:40.523+0000] {logging_mixin.py:188} INFO - [2026-02-25T16:22:40.522+0000] {dagbag.py:545} INFO - Filling up the DagBag from /opt/airflow/dags/load_cb_courses.py
[2026-02-25T16:22:41.086+0000] {processor.py:840} INFO - DAG(s) 'load_cb_courses' retrieved from /opt/airflow/dags/load_cb_courses.py
[2026-02-25T16:22:41.117+0000] {logging_mixin.py:188} INFO - [2026-02-25T16:22:41.116+0000] {dag.py:3089} INFO - Sync 1 DAGs
[2026-02-25T16:22:41.165+0000] {logging_mixin.py:188} INFO - [2026-02-25T16:22:41.164+0000] {dag.py:3947} INFO - Setting next_dagrun for load_cb_courses to 2026-02-25 00:00:00+00:00, run_after=2026-02-26 00:00:00+00:00
[2026-02-25T16:22:41.199+0000] {processor.py:183} INFO - Processing /opt/airflow/dags/load_cb_courses.py took 0.687 seconds
[2026-02-25T16:23:11.897+0000] {processor.py:161} INFO - Started process (PID=1736) to work on /opt/airflow/dags/load_cb_courses.py
[2026-02-25T16:23:11.899+0000] {processor.py:830} INFO - Processing file /opt/airflow/dags/load_cb_courses.py for tasks to queue
[2026-02-25T16:23:11.903+0000] {logging_mixin.py:188} INFO - [2026-02-25T16:23:11.903+0000] {dagbag.py:545} INFO - Filling up the DagBag from /opt/airflow/dags/load_cb_courses.py
[2026-02-25T16:23:12.440+0000] {processor.py:840} INFO - DAG(s) 'load_cb_courses' retrieved from /opt/airflow/dags/load_cb_courses.py
[2026-02-25T16:23:12.465+0000] {logging_mixin.py:188} INFO - [2026-02-25T16:23:12.464+0000] {dag.py:3089} INFO - Sync 1 DAGs
[2026-02-25T16:23:12.488+0000] {logging_mixin.py:188} INFO - [2026-02-25T16:23:12.488+0000] {dag.py:3947} INFO - Setting next_dagrun for load_cb_courses to 2026-02-25 00:00:00+00:00, run_after=2026-02-26 00:00:00+00:00
[2026-02-25T16:23:12.519+0000] {processor.py:183} INFO - Processing /opt/airflow/dags/load_cb_courses.py took 0.629 seconds
[2026-02-25T16:23:43.190+0000] {processor.py:161} INFO - Started process (PID=1766) to work on /opt/airflow/dags/load_cb_courses.py
[2026-02-25T16:23:43.192+0000] {processor.py:830} INFO - Processing file /opt/airflow/dags/load_cb_courses.py for tasks to queue
[2026-02-25T16:23:43.195+0000] {logging_mixin.py:188} INFO - [2026-02-25T16:23:43.195+0000] {dagbag.py:545} INFO - Filling up the DagBag from /opt/airflow/dags/load_cb_courses.py
[2026-02-25T16:23:41.072+0000] {processor.py:840} INFO - DAG(s) 'load_cb_courses' retrieved from /opt/airflow/dags/load_cb_courses.py
[2026-02-25T16:23:41.104+0000] {logging_mixin.py:188} INFO - [2026-02-25T16:23:41.103+0000] {dag.py:3089} INFO - Sync 1 DAGs
[2026-02-25T16:23:41.131+0000] {logging_mixin.py:188} INFO - [2026-02-25T16:23:41.131+0000] {dag.py:3947} INFO - Setting next_dagrun for load_cb_courses to 2026-02-25 00:00:00+00:00, run_after=2026-02-26 00:00:00+00:00
[2026-02-25T16:23:41.155+0000] {processor.py:183} INFO - Processing /opt/airflow/dags/load_cb_courses.py took 0.702 seconds
[2026-02-25T16:24:11.847+0000] {processor.py:161} INFO - Started process (PID=1791) to work on /opt/airflow/dags/load_cb_courses.py
[2026-02-25T16:24:11.849+0000] {processor.py:830} INFO - Processing file /opt/airflow/dags/load_cb_courses.py for tasks to queue
[2026-02-25T16:24:11.852+0000] {logging_mixin.py:188} INFO - [2026-02-25T16:24:11.851+0000] {dagbag.py:545} INFO - Filling up the DagBag from /opt/airflow/dags/load_cb_courses.py
[2026-02-25T16:24:12.367+0000] {processor.py:840} INFO - DAG(s) 'load_cb_courses' retrieved from /opt/airflow/dags/load_cb_courses.py
[2026-02-25T16:24:12.392+0000] {logging_mixin.py:188} INFO - [2026-02-25T16:24:12.391+0000] {dag.py:3089} INFO - Sync 1 DAGs
[2026-02-25T16:24:12.412+0000] {logging_mixin.py:188} INFO - [2026-02-25T16:24:12.412+0000] {dag.py:3947} INFO - Setting next_dagrun for load_cb_courses to 2026-02-25 00:00:00+00:00, run_after=2026-02-26 00:00:00+00:00
[2026-02-25T16:24:12.435+0000] {processor.py:183} INFO - Processing /opt/airflow/dags/load_cb_courses.py took 0.594 seconds
[2026-02-25T16:24:43.151+0000] {processor.py:161} INFO - Started process (PID=1822) to work on /opt/airflow/dags/load_cb_courses.py
[2026-02-25T16:24:43.153+0000] {processor.py:830} INFO - Processing file /opt/airflow/dags/load_cb_courses.py for tasks to queue
[2026-02-25T16:24:43.157+0000] {logging_mixin.py:188} INFO - [2026-02-25T16:24:43.156+0000] {dagbag.py:545} INFO - Filling up the DagBag from /opt/airflow/dags/load_cb_courses.py
[2026-02-25T16:24:43.683+0000] {processor.py:840} INFO - DAG(s) 'load_cb_courses' retrieved from /opt/airflow/dags/load_cb_courses.py
[2026-02-25T16:24:43.708+0000] {logging_mixin.py:188} INFO - [2026-02-25T16:24:43.708+0000] {dag.py:3089} INFO - Sync 1 DAGs
[2026-02-25T16:24:43.741+0000] {logging_mixin.py:188} INFO - [2026-02-25T16:24:43.741+0000] {dag.py:3947} INFO - Setting next_dagrun for load_cb_courses to 2026-02-25 00:00:00+00:00, run_after=2026-02-26 00:00:00+00:00
[2026-02-25T16:24:43.762+0000] {processor.py:183} INFO - Processing /opt/airflow/dags/load_cb_courses.py took 0.620 seconds
[2026-02-25T16:25:14.452+0000] {processor.py:161} INFO - Started process (PID=1848) to work on /opt/airflow/dags/load_cb_courses.py
[2026-02-25T16:25:14.454+0000] {processor.py:830} INFO - Processing file /opt/airflow/dags/load_cb_courses.py for tasks to queue
[2026-02-25T16:25:14.457+0000] {logging_mixin.py:188} INFO - [2026-02-25T16:25:14.456+0000] {dagbag.py:545} INFO - Filling up the DagBag from /opt/airflow/dags/load_cb_courses.py
[2026-02-25T16:25:15.245+0000] {processor.py:840} INFO - DAG(s) 'load_cb_courses' retrieved from /opt/airflow/dags/load_cb_courses.py
[2026-02-25T16:25:15.297+0000] {logging_mixin.py:188} INFO - [2026-02-25T16:25:15.297+0000] {dag.py:3089} INFO - Sync 1 DAGs
[2026-02-25T16:25:15.334+0000] {logging_mixin.py:188} INFO - [2026-02-25T16:25:15.334+0000] {dag.py:3947} INFO - Setting next_dagrun for load_cb_courses to 2026-02-25 00:00:00+00:00, run_after=2026-02-26 00:00:00+00:00
[2026-02-25T16:25:15.368+0000] {processor.py:183} INFO - Processing /opt/airflow/dags/load_cb_courses.py took 0.923 seconds
[2026-02-25T16:25:46.017+0000] {processor.py:161} INFO - Started process (PID=1879) to work on /opt/airflow/dags/load_cb_courses.py
[2026-02-25T16:25:46.018+0000] {processor.py:830} INFO - Processing file /opt/airflow/dags/load_cb_courses.py for tasks to queue
[2026-02-25T16:25:46.021+0000] {logging_mixin.py:188} INFO - [2026-02-25T16:25:46.021+0000] {dagbag.py:545} INFO - Filling up the DagBag from /opt/airflow/dags/load_cb_courses.py
[2026-02-25T16:25:46.550+0000] {processor.py:840} INFO - DAG(s) 'load_cb_courses' retrieved from /opt/airflow/dags/load_cb_courses.py
[2026-02-25T16:25:46.574+0000] {logging_mixin.py:188} INFO - [2026-02-25T16:25:46.573+0000] {dag.py:3089} INFO - Sync 1 DAGs
[2026-02-25T16:25:46.597+0000] {logging_mixin.py:188} INFO - [2026-02-25T16:25:46.597+0000] {dag.py:3947} INFO - Setting next_dagrun for load_cb_courses to 2026-02-25 00:00:00+00:00, run_after=2026-02-26 00:00:00+00:00
[2026-02-25T16:25:46.621+0000] {processor.py:183} INFO - Processing /opt/airflow/dags/load_cb_courses.py took 0.611 seconds
[2026-02-25T16:26:17.368+0000] {processor.py:161} INFO - Started process (PID=1911) to work on /opt/airflow/dags/load_cb_courses.py
[2026-02-25T16:26:17.370+0000] {processor.py:830} INFO - Processing file /opt/airflow/dags/load_cb_courses.py for tasks to queue
[2026-02-25T16:26:17.372+0000] {logging_mixin.py:188} INFO - [2026-02-25T16:26:17.372+0000] {dagbag.py:545} INFO - Filling up the DagBag from /opt/airflow/dags/load_cb_courses.py
[2026-02-25T16:26:17.883+0000] {processor.py:840} INFO - DAG(s) 'load_cb_courses' retrieved from /opt/airflow/dags/load_cb_courses.py
[2026-02-25T16:26:17.910+0000] {logging_mixin.py:188} INFO - [2026-02-25T16:26:17.909+0000] {dag.py:3089} INFO - Sync 1 DAGs
[2026-02-25T16:26:17.947+0000] {logging_mixin.py:188} INFO - [2026-02-25T16:26:17.947+0000] {dag.py:3947} INFO - Setting next_dagrun for load_cb_courses to 2026-02-25 00:00:00+00:00, run_after=2026-02-26 00:00:00+00:00
[2026-02-25T16:26:17.988+0000] {processor.py:183} INFO - Processing /opt/airflow/dags/load_cb_courses.py took 0.626 seconds
[2026-02-25T16:26:48.661+0000] {processor.py:161} INFO - Started process (PID=1936) to work on /opt/airflow/dags/load_cb_courses.py
[2026-02-25T16:26:48.662+0000] {processor.py:830} INFO - Processing file /opt/airflow/dags/load_cb_courses.py for tasks to queue
[2026-02-25T16:26:48.667+0000] {logging_mixin.py:188} INFO - [2026-02-25T16:26:48.667+0000] {dagbag.py:545} INFO - Filling up the DagBag from /opt/airflow/dags/load_cb_courses.py
[2026-02-25T16:26:49.214+0000] {processor.py:840} INFO - DAG(s) 'load_cb_courses' retrieved from /opt/airflow/dags/load_cb_courses.py
[2026-02-25T16:26:49.241+0000] {logging_mixin.py:188} INFO - [2026-02-25T16:26:49.240+0000] {dag.py:3089} INFO - Sync 1 DAGs
[2026-02-25T16:26:49.264+0000] {logging_mixin.py:188} INFO - [2026-02-25T16:26:49.264+0000] {dag.py:3947} INFO - Setting next_dagrun for load_cb_courses to 2026-02-25 00:00:00+00:00, run_after=2026-02-26 00:00:00+00:00
[2026-02-25T16:26:49.286+0000] {processor.py:183} INFO - Processing /opt/airflow/dags/load_cb_courses.py took 0.633 seconds
[2026-02-25T16:27:19.975+0000] {processor.py:161} INFO - Started process (PID=1968) to work on /opt/airflow/dags/load_cb_courses.py
[2026-02-25T16:27:19.977+0000] {processor.py:830} INFO - Processing file /opt/airflow/dags/load_cb_courses.py for tasks to queue
[2026-02-25T16:27:19.980+0000] {logging_mixin.py:188} INFO - [2026-02-25T16:27:19.979+0000] {dagbag.py:545} INFO - Filling up the DagBag from /opt/airflow/dags/load_cb_courses.py
[2026-02-25T16:27:20.543+0000] {processor.py:840} INFO - DAG(s) 'load_cb_courses' retrieved from /opt/airflow/dags/load_cb_courses.py
[2026-02-25T16:27:20.566+0000] {logging_mixin.py:188} INFO - [2026-02-25T16:27:20.566+0000] {dag.py:3089} INFO - Sync 1 DAGs
[2026-02-25T16:27:20.588+0000] {logging_mixin.py:188} INFO - [2026-02-25T16:27:20.588+0000] {dag.py:3947} INFO - Setting next_dagrun for load_cb_courses to 2026-02-25 00:00:00+00:00, run_after=2026-02-26 00:00:00+00:00
[2026-02-25T16:27:20.614+0000] {processor.py:183} INFO - Processing /opt/airflow/dags/load_cb_courses.py took 0.646 seconds
[2026-02-25T16:27:51.631+0000] {processor.py:161} INFO - Started process (PID=1994) to work on /opt/airflow/dags/load_cb_courses.py
[2026-02-25T16:27:51.633+0000] {processor.py:830} INFO - Processing file /opt/airflow/dags/load_cb_courses.py for tasks to queue
[2026-02-25T16:27:51.636+0000] {logging_mixin.py:188} INFO - [2026-02-25T16:27:51.636+0000] {dagbag.py:545} INFO - Filling up the DagBag from /opt/airflow/dags/load_cb_courses.py
[2026-02-25T16:27:52.165+0000] {processor.py:840} INFO - DAG(s) 'load_cb_courses' retrieved from /opt/airflow/dags/load_cb_courses.py
[2026-02-25T16:27:52.201+0000] {logging_mixin.py:188} INFO - [2026-02-25T16:27:52.201+0000] {dag.py:3089} INFO - Sync 1 DAGs
[2026-02-25T16:27:52.232+0000] {logging_mixin.py:188} INFO - [2026-02-25T16:27:52.232+0000] {dag.py:3947} INFO - Setting next_dagrun for load_cb_courses to 2026-02-25 00:00:00+00:00, run_after=2026-02-26 00:00:00+00:00
[2026-02-25T16:27:52.272+0000] {processor.py:183} INFO - Processing /opt/airflow/dags/load_cb_courses.py took 0.649 seconds
[2026-02-25T16:28:22.975+0000] {processor.py:161} INFO - Started process (PID=2067) to work on /opt/airflow/dags/load_cb_courses.py
[2026-02-25T16:28:22.977+0000] {processor.py:830} INFO - Processing file /opt/airflow/dags/load_cb_courses.py for tasks to queue
[2026-02-25T16:28:22.980+0000] {logging_mixin.py:188} INFO - [2026-02-25T16:28:22.979+0000] {dagbag.py:545} INFO - Filling up the DagBag from /opt/airflow/dags/load_cb_courses.py
[2026-02-25T16:28:23.537+0000] {processor.py:840} INFO - DAG(s) 'load_cb_courses' retrieved from /opt/airflow/dags/load_cb_courses.py
[2026-02-25T16:28:23.560+0000] {logging_mixin.py:188} INFO - [2026-02-25T16:28:23.559+0000] {dag.py:3089} INFO - Sync 1 DAGs
[2026-02-25T16:28:23.581+0000] {logging_mixin.py:188} INFO - [2026-02-25T16:28:23.581+0000] {dag.py:3947} INFO - Setting next_dagrun for load_cb_courses to 2026-02-25 00:00:00+00:00, run_after=2026-02-26 00:00:00+00:00
[2026-02-25T16:28:23.601+0000] {processor.py:183} INFO - Processing /opt/airflow/dags/load_cb_courses.py took 0.633 seconds
[2026-02-25T16:28:54.276+0000] {processor.py:161} INFO - Started process (PID=2099) to work on /opt/airflow/dags/load_cb_courses.py
[2026-02-25T16:28:54.278+0000] {processor.py:830} INFO - Processing file /opt/airflow/dags/load_cb_courses.py for tasks to queue
[2026-02-25T16:28:54.281+0000] {logging_mixin.py:188} INFO - [2026-02-25T16:28:54.280+0000] {dagbag.py:545} INFO - Filling up the DagBag from /opt/airflow/dags/load_cb_courses.py
[2026-02-25T16:28:54.813+0000] {processor.py:840} INFO - DAG(s) 'load_cb_courses' retrieved from /opt/airflow/dags/load_cb_courses.py
[2026-02-25T16:28:54.838+0000] {logging_mixin.py:188} INFO - [2026-02-25T16:28:54.838+0000] {dag.py:3089} INFO - Sync 1 DAGs
[2026-02-25T16:28:54.860+0000] {logging_mixin.py:188} INFO - [2026-02-25T16:28:54.859+0000] {dag.py:3947} INFO - Setting next_dagrun for load_cb_courses to 2026-02-25 00:00:00+00:00, run_after=2026-02-26 00:00:00+00:00
[2026-02-25T16:28:54.881+0000] {processor.py:183} INFO - Processing /opt/airflow/dags/load_cb_courses.py took 0.612 seconds
[2026-02-25T16:29:25.607+0000] {processor.py:161} INFO - Started process (PID=2125) to work on /opt/airflow/dags/load_cb_courses.py
[2026-02-25T16:29:25.609+0000] {processor.py:830} INFO - Processing file /opt/airflow/dags/load_cb_courses.py for tasks to queue
[2026-02-25T16:29:25.612+0000] {logging_mixin.py:188} INFO - [2026-02-25T16:29:25.611+0000] {dagbag.py:545} INFO - Filling up the DagBag from /opt/airflow/dags/load_cb_courses.py
[2026-02-25T16:29:26.236+0000] {processor.py:840} INFO - DAG(s) 'load_cb_courses' retrieved from /opt/airflow/dags/load_cb_courses.py
[2026-02-25T16:29:26.274+0000] {logging_mixin.py:188} INFO - [2026-02-25T16:29:26.273+0000] {dag.py:3089} INFO - Sync 1 DAGs
[2026-02-25T16:29:26.305+0000] {logging_mixin.py:188} INFO - [2026-02-25T16:29:26.305+0000] {dag.py:3947} INFO - Setting next_dagrun for load_cb_courses to 2026-02-25 00:00:00+00:00, run_after=2026-02-26 00:00:00+00:00
[2026-02-25T16:29:26.341+0000] {processor.py:183} INFO - Processing /opt/airflow/dags/load_cb_courses.py took 0.747 seconds
[2026-02-25T16:29:57.015+0000] {processor.py:161} INFO - Started process (PID=2157) to work on /opt/airflow/dags/load_cb_courses.py
[2026-02-25T16:29:57.017+0000] {processor.py:830} INFO - Processing file /opt/airflow/dags/load_cb_courses.py for tasks to queue
[2026-02-25T16:29:57.020+0000] {logging_mixin.py:188} INFO - [2026-02-25T16:29:57.019+0000] {dagbag.py:545} INFO - Filling up the DagBag from /opt/airflow/dags/load_cb_courses.py
[2026-02-25T16:29:58.054+0000] {processor.py:840} INFO - DAG(s) 'load_cb_courses' retrieved from /opt/airflow/dags/load_cb_courses.py
[2026-02-25T16:29:58.107+0000] {logging_mixin.py:188} INFO - [2026-02-25T16:29:58.106+0000] {dag.py:3089} INFO - Sync 1 DAGs
[2026-02-25T16:29:58.128+0000] {logging_mixin.py:188} INFO - [2026-02-25T16:29:58.128+0000] {dag.py:3947} INFO - Setting next_dagrun for load_cb_courses to 2026-02-25 00:00:00+00:00, run_after=2026-02-26 00:00:00+00:00
[2026-02-25T16:29:58.154+0000] {processor.py:183} INFO - Processing /opt/airflow/dags/load_cb_courses.py took 1.148 seconds
[2026-02-25T16:30:28.892+0000] {processor.py:161} INFO - Started process (PID=2182) to work on /opt/airflow/dags/load_cb_courses.py
[2026-02-25T16:30:28.895+0000] {processor.py:830} INFO - Processing file /opt/airflow/dags/load_cb_courses.py for tasks to queue
[2026-02-25T16:30:28.899+0000] {logging_mixin.py:188} INFO - [2026-02-25T16:30:28.898+0000] {dagbag.py:545} INFO - Filling up the DagBag from /opt/airflow/dags/load_cb_courses.py
[2026-02-25T16:30:29.490+0000] {processor.py:840} INFO - DAG(s) 'load_cb_courses' retrieved from /opt/airflow/dags/load_cb_courses.py
[2026-02-25T16:30:29.516+0000] {logging_mixin.py:188} INFO - [2026-02-25T16:30:29.515+0000] {dag.py:3089} INFO - Sync 1 DAGs
[2026-02-25T16:30:29.540+0000] {logging_mixin.py:188} INFO - [2026-02-25T16:30:29.539+0000] {dag.py:3947} INFO - Setting next_dagrun for load_cb_courses to 2026-02-25 00:00:00+00:00, run_after=2026-02-26 00:00:00+00:00
[2026-02-25T16:30:29.567+0000] {processor.py:183} INFO - Processing /opt/airflow/dags/load_cb_courses.py took 0.683 seconds
[2026-02-25T16:31:00.577+0000] {processor.py:161} INFO - Started process (PID=2213) to work on /opt/airflow/dags/load_cb_courses.py
[2026-02-25T16:31:00.579+0000] {processor.py:830} INFO - Processing file /opt/airflow/dags/load_cb_courses.py for tasks to queue
[2026-02-25T16:31:00.581+0000] {logging_mixin.py:188} INFO - [2026-02-25T16:31:00.581+0000] {dagbag.py:545} INFO - Filling up the DagBag from /opt/airflow/dags/load_cb_courses.py
[2026-02-25T16:31:01.110+0000] {processor.py:840} INFO - DAG(s) 'load_cb_courses' retrieved from /opt/airflow/dags/load_cb_courses.py
[2026-02-25T16:31:01.136+0000] {logging_mixin.py:188} INFO - [2026-02-25T16:31:01.136+0000] {dag.py:3089} INFO - Sync 1 DAGs
[2026-02-25T16:31:01.157+0000] {logging_mixin.py:188} INFO - [2026-02-25T16:31:01.157+0000] {dag.py:3947} INFO - Setting next_dagrun for load_cb_courses to 2026-02-25 00:00:00+00:00, run_after=2026-02-26 00:00:00+00:00
[2026-02-25T16:31:01.178+0000] {processor.py:183} INFO - Processing /opt/airflow/dags/load_cb_courses.py took 0.607 seconds
[2026-02-25T16:31:31.971+0000] {processor.py:161} INFO - Started process (PID=2245) to work on /opt/airflow/dags/load_cb_courses.py
[2026-02-25T16:31:31.973+0000] {processor.py:830} INFO - Processing file /opt/airflow/dags/load_cb_courses.py for tasks to queue
[2026-02-25T16:31:31.976+0000] {logging_mixin.py:188} INFO - [2026-02-25T16:31:31.975+0000] {dagbag.py:545} INFO - Filling up the DagBag from /opt/airflow/dags/load_cb_courses.py
[2026-02-25T16:31:32.562+0000] {processor.py:840} INFO - DAG(s) 'load_cb_courses' retrieved from /opt/airflow/dags/load_cb_courses.py
[2026-02-25T16:31:32.589+0000] {logging_mixin.py:188} INFO - [2026-02-25T16:31:32.588+0000] {dag.py:3089} INFO - Sync 1 DAGs
[2026-02-25T16:31:32.612+0000] {logging_mixin.py:188} INFO - [2026-02-25T16:31:32.612+0000] {dag.py:3947} INFO - Setting next_dagrun for load_cb_courses to 2026-02-25 00:00:00+00:00, run_after=2026-02-26 00:00:00+00:00
[2026-02-25T16:31:32.642+0000] {processor.py:183} INFO - Processing /opt/airflow/dags/load_cb_courses.py took 0.680 seconds
[2026-02-25T16:32:03.464+0000] {processor.py:161} INFO - Started process (PID=2275) to work on /opt/airflow/dags/load_cb_courses.py
[2026-02-25T16:32:03.465+0000] {processor.py:830} INFO - Processing file /opt/airflow/dags/load_cb_courses.py for tasks to queue
[2026-02-25T16:32:03.469+0000] {logging_mixin.py:188} INFO - [2026-02-25T16:32:03.468+0000] {dagbag.py:545} INFO - Filling up the DagBag from /opt/airflow/dags/load_cb_courses.py
[2026-02-25T16:32:04.113+0000] {processor.py:840} INFO - DAG(s) 'load_cb_courses' retrieved from /opt/airflow/dags/load_cb_courses.py
[2026-02-25T16:32:04.141+0000] {logging_mixin.py:188} INFO - [2026-02-25T16:32:04.141+0000] {dag.py:3089} INFO - Sync 1 DAGs
[2026-02-25T16:32:04.167+0000] {logging_mixin.py:188} INFO - [2026-02-25T16:32:04.166+0000] {dag.py:3947} INFO - Setting next_dagrun for load_cb_courses to 2026-02-25 00:00:00+00:00, run_after=2026-02-26 00:00:00+00:00
[2026-02-25T16:32:04.195+0000] {processor.py:183} INFO - Processing /opt/airflow/dags/load_cb_courses.py took 0.742 seconds
[2026-02-25T16:32:34.879+0000] {processor.py:161} INFO - Started process (PID=2307) to work on /opt/airflow/dags/load_cb_courses.py
[2026-02-25T16:32:34.881+0000] {processor.py:830} INFO - Processing file /opt/airflow/dags/load_cb_courses.py for tasks to queue
[2026-02-25T16:32:34.885+0000] {logging_mixin.py:188} INFO - [2026-02-25T16:32:34.884+0000] {dagbag.py:545} INFO - Filling up the DagBag from /opt/airflow/dags/load_cb_courses.py
[2026-02-25T16:32:35.420+0000] {processor.py:840} INFO - DAG(s) 'load_cb_courses' retrieved from /opt/airflow/dags/load_cb_courses.py
[2026-02-25T16:32:35.463+0000] {logging_mixin.py:188} INFO - [2026-02-25T16:32:35.462+0000] {dag.py:3089} INFO - Sync 1 DAGs
[2026-02-25T16:32:35.504+0000] {logging_mixin.py:188} INFO - [2026-02-25T16:32:35.504+0000] {dag.py:3947} INFO - Setting next_dagrun for load_cb_courses to 2026-02-25 00:00:00+00:00, run_after=2026-02-26 00:00:00+00:00
[2026-02-25T16:32:35.537+0000] {processor.py:183} INFO - Processing /opt/airflow/dags/load_cb_courses.py took 0.666 seconds
[2026-02-25T16:33:06.252+0000] {processor.py:161} INFO - Started process (PID=2333) to work on /opt/airflow/dags/load_cb_courses.py
[2026-02-25T16:33:06.255+0000] {processor.py:830} INFO - Processing file /opt/airflow/dags/load_cb_courses.py for tasks to queue
[2026-02-25T16:33:06.260+0000] {logging_mixin.py:188} INFO - [2026-02-25T16:33:06.259+0000] {dagbag.py:545} INFO - Filling up the DagBag from /opt/airflow/dags/load_cb_courses.py
[2026-02-25T16:33:06.801+0000] {processor.py:840} INFO - DAG(s) 'load_cb_courses' retrieved from /opt/airflow/dags/load_cb_courses.py
[2026-02-25T16:33:06.826+0000] {logging_mixin.py:188} INFO - [2026-02-25T16:33:06.826+0000] {dag.py:3089} INFO - Sync 1 DAGs
[2026-02-25T16:33:06.854+0000] {logging_mixin.py:188} INFO - [2026-02-25T16:33:06.854+0000] {dag.py:3947} INFO - Setting next_dagrun for load_cb_courses to 2026-02-25 00:00:00+00:00, run_after=2026-02-26 00:00:00+00:00
[2026-02-25T16:33:06.884+0000] {processor.py:183} INFO - Processing /opt/airflow/dags/load_cb_courses.py took 0.640 seconds
[2026-02-25T16:33:37.561+0000] {processor.py:161} INFO - Started process (PID=2367) to work on /opt/airflow/dags/load_cb_courses.py
[2026-02-25T16:33:37.563+0000] {processor.py:830} INFO - Processing file /opt/airflow/dags/load_cb_courses.py for tasks to queue
[2026-02-25T16:33:37.566+0000] {logging_mixin.py:188} INFO - [2026-02-25T16:33:37.565+0000] {dagbag.py:545} INFO - Filling up the DagBag from /opt/airflow/dags/load_cb_courses.py
[2026-02-25T16:33:38.040+0000] {processor.py:840} INFO - DAG(s) 'load_cb_courses' retrieved from /opt/airflow/dags/load_cb_courses.py
[2026-02-25T16:33:38.065+0000] {logging_mixin.py:188} INFO - [2026-02-25T16:33:38.064+0000] {dag.py:3089} INFO - Sync 1 DAGs
[2026-02-25T16:33:38.084+0000] {logging_mixin.py:188} INFO - [2026-02-25T16:33:38.084+0000] {dag.py:3947} INFO - Setting next_dagrun for load_cb_courses to 2026-02-25 00:00:00+00:00, run_after=2026-02-26 00:00:00+00:00
[2026-02-25T16:33:38.105+0000] {processor.py:183} INFO - Processing /opt/airflow/dags/load_cb_courses.py took 0.550 seconds
[2026-02-25T16:34:08.235+0000] {processor.py:161} INFO - Started process (PID=2409) to work on /opt/airflow/dags/load_cb_courses.py
[2026-02-25T16:34:08.237+0000] {processor.py:830} INFO - Processing file /opt/airflow/dags/load_cb_courses.py for tasks to queue
[2026-02-25T16:34:08.240+0000] {logging_mixin.py:188} INFO - [2026-02-25T16:34:08.240+0000] {dagbag.py:545} INFO - Filling up the DagBag from /opt/airflow/dags/load_cb_courses.py
[2026-02-25T16:34:08.847+0000] {processor.py:840} INFO - DAG(s) 'load_cb_courses' retrieved from /opt/airflow/dags/load_cb_courses.py
[2026-02-25T16:34:08.900+0000] {logging_mixin.py:188} INFO - [2026-02-25T16:34:08.899+0000] {dag.py:3089} INFO - Sync 1 DAGs
[2026-02-25T16:34:08.941+0000] {logging_mixin.py:188} INFO - [2026-02-25T16:34:08.941+0000] {dag.py:3947} INFO - Setting next_dagrun for load_cb_courses to 2026-02-25 00:00:00+00:00, run_after=2026-02-26 00:00:00+00:00
[2026-02-25T16:34:08.981+0000] {processor.py:183} INFO - Processing /opt/airflow/dags/load_cb_courses.py took 0.752 seconds
[2026-02-25T16:34:40.050+0000] {processor.py:161} INFO - Started process (PID=2434) to work on /opt/airflow/dags/load_cb_courses.py
[2026-02-25T16:34:40.051+0000] {processor.py:830} INFO - Processing file /opt/airflow/dags/load_cb_courses.py for tasks to queue
[2026-02-25T16:34:40.054+0000] {logging_mixin.py:188} INFO - [2026-02-25T16:34:40.053+0000] {dagbag.py:545} INFO - Filling up the DagBag from /opt/airflow/dags/load_cb_courses.py
[2026-02-25T16:34:40.601+0000] {processor.py:840} INFO - DAG(s) 'load_cb_courses' retrieved from /opt/airflow/dags/load_cb_courses.py
[2026-02-25T16:34:40.625+0000] {logging_mixin.py:188} INFO - [2026-02-25T16:34:40.624+0000] {dag.py:3089} INFO - Sync 1 DAGs
[2026-02-25T16:34:40.652+0000] {logging_mixin.py:188} INFO - [2026-02-25T16:34:40.651+0000] {dag.py:3947} INFO - Setting next_dagrun for load_cb_courses to 2026-02-25 00:00:00+00:00, run_after=2026-02-26 00:00:00+00:00
[2026-02-25T16:34:40.681+0000] {processor.py:183} INFO - Processing /opt/airflow/dags/load_cb_courses.py took 0.637 seconds
[2026-02-25T16:35:11.353+0000] {processor.py:161} INFO - Started process (PID=2465) to work on /opt/airflow/dags/load_cb_courses.py
[2026-02-25T16:35:11.355+0000] {processor.py:830} INFO - Processing file /opt/airflow/dags/load_cb_courses.py for tasks to queue
[2026-02-25T16:35:11.360+0000] {logging_mixin.py:188} INFO - [2026-02-25T16:35:11.359+0000] {dagbag.py:545} INFO - Filling up the DagBag from /opt/airflow/dags/load_cb_courses.py
[2026-02-25T16:35:12.039+0000] {processor.py:840} INFO - DAG(s) 'load_cb_courses' retrieved from /opt/airflow/dags/load_cb_courses.py
[2026-02-25T16:35:12.084+0000] {logging_mixin.py:188} INFO - [2026-02-25T16:35:12.083+0000] {dag.py:3089} INFO - Sync 1 DAGs
[2026-02-25T16:35:12.115+0000] {logging_mixin.py:188} INFO - [2026-02-25T16:35:12.114+0000] {dag.py:3947} INFO - Setting next_dagrun for load_cb_courses to 2026-02-25 00:00:00+00:00, run_after=2026-02-26 00:00:00+00:00
[2026-02-25T16:35:12.150+0000] {processor.py:183} INFO - Processing /opt/airflow/dags/load_cb_courses.py took 0.809 seconds
[2026-02-25T16:35:42.861+0000] {processor.py:161} INFO - Started process (PID=2490) to work on /opt/airflow/dags/load_cb_courses.py
[2026-02-25T16:35:42.863+0000] {processor.py:830} INFO - Processing file /opt/airflow/dags/load_cb_courses.py for tasks to queue
[2026-02-25T16:35:42.865+0000] {logging_mixin.py:188} INFO - [2026-02-25T16:35:42.865+0000] {dagbag.py:545} INFO - Filling up the DagBag from /opt/airflow/dags/load_cb_courses.py
[2026-02-25T16:35:43.356+0000] {processor.py:840} INFO - DAG(s) 'load_cb_courses' retrieved from /opt/airflow/dags/load_cb_courses.py
[2026-02-25T16:35:43.381+0000] {logging_mixin.py:188} INFO - [2026-02-25T16:35:43.381+0000] {dag.py:3089} INFO - Sync 1 DAGs
[2026-02-25T16:35:43.402+0000] {logging_mixin.py:188} INFO - [2026-02-25T16:35:43.401+0000] {dag.py:3947} INFO - Setting next_dagrun for load_cb_courses to 2026-02-25 00:00:00+00:00, run_after=2026-02-26 00:00:00+00:00
[2026-02-25T16:35:43.426+0000] {processor.py:183} INFO - Processing /opt/airflow/dags/load_cb_courses.py took 0.571 seconds
[2026-02-25T16:36:13.630+0000] {processor.py:161} INFO - Started process (PID=2541) to work on /opt/airflow/dags/load_cb_courses.py
[2026-02-25T16:36:13.631+0000] {processor.py:830} INFO - Processing file /opt/airflow/dags/load_cb_courses.py for tasks to queue
[2026-02-25T16:36:13.634+0000] {logging_mixin.py:188} INFO - [2026-02-25T16:36:13.633+0000] {dagbag.py:545} INFO - Filling up the DagBag from /opt/airflow/dags/load_cb_courses.py
[2026-02-25T16:36:14.193+0000] {processor.py:840} INFO - DAG(s) 'load_cb_courses' retrieved from /opt/airflow/dags/load_cb_courses.py
[2026-02-25T16:36:14.222+0000] {logging_mixin.py:188} INFO - [2026-02-25T16:36:14.221+0000] {dag.py:3089} INFO - Sync 1 DAGs
[2026-02-25T16:36:14.246+0000] {logging_mixin.py:188} INFO - [2026-02-25T16:36:14.245+0000] {dag.py:3947} INFO - Setting next_dagrun for load_cb_courses to 2026-02-25 00:00:00+00:00, run_after=2026-02-26 00:00:00+00:00
[2026-02-25T16:36:14.288+0000] {processor.py:183} INFO - Processing /opt/airflow/dags/load_cb_courses.py took 0.666 seconds
[2026-02-25T16:36:44.984+0000] {processor.py:161} INFO - Started process (PID=2576) to work on /opt/airflow/dags/load_cb_courses.py
[2026-02-25T16:36:44.985+0000] {processor.py:830} INFO - Processing file /opt/airflow/dags/load_cb_courses.py for tasks to queue
[2026-02-25T16:36:44.987+0000] {logging_mixin.py:188} INFO - [2026-02-25T16:36:44.987+0000] {dagbag.py:545} INFO - Filling up the DagBag from /opt/airflow/dags/load_cb_courses.py
[2026-02-25T16:36:45.594+0000] {processor.py:840} INFO - DAG(s) 'load_cb_courses' retrieved from /opt/airflow/dags/load_cb_courses.py
[2026-02-25T16:36:45.636+0000] {logging_mixin.py:188} INFO - [2026-02-25T16:36:45.635+0000] {dag.py:3089} INFO - Sync 1 DAGs
[2026-02-25T16:36:45.665+0000] {logging_mixin.py:188} INFO - [2026-02-25T16:36:45.665+0000] {dag.py:3947} INFO - Setting next_dagrun for load_cb_courses to 2026-02-25 00:00:00+00:00, run_after=2026-02-26 00:00:00+00:00
[2026-02-25T16:36:45.698+0000] {processor.py:183} INFO - Processing /opt/airflow/dags/load_cb_courses.py took 0.721 seconds
[2026-02-25T16:37:16.387+0000] {processor.py:161} INFO - Started process (PID=2602) to work on /opt/airflow/dags/load_cb_courses.py
[2026-02-25T16:37:16.389+0000] {processor.py:830} INFO - Processing file /opt/airflow/dags/load_cb_courses.py for tasks to queue
[2026-02-25T16:37:16.392+0000] {logging_mixin.py:188} INFO - [2026-02-25T16:37:16.391+0000] {dagbag.py:545} INFO - Filling up the DagBag from /opt/airflow/dags/load_cb_courses.py
[2026-02-25T16:37:16.997+0000] {processor.py:840} INFO - DAG(s) 'load_cb_courses' retrieved from /opt/airflow/dags/load_cb_courses.py
[2026-02-25T16:37:17.021+0000] {logging_mixin.py:188} INFO - [2026-02-25T16:37:17.020+0000] {dag.py:3089} INFO - Sync 1 DAGs
[2026-02-25T16:37:17.046+0000] {logging_mixin.py:188} INFO - [2026-02-25T16:37:17.046+0000] {dag.py:3947} INFO - Setting next_dagrun for load_cb_courses to 2026-02-25 00:00:00+00:00, run_after=2026-02-26 00:00:00+00:00
[2026-02-25T16:37:17.075+0000] {processor.py:183} INFO - Processing /opt/airflow/dags/load_cb_courses.py took 0.697 seconds
[2026-02-25T16:37:47.760+0000] {processor.py:161} INFO - Started process (PID=2634) to work on /opt/airflow/dags/load_cb_courses.py
[2026-02-25T16:37:47.763+0000] {processor.py:830} INFO - Processing file /opt/airflow/dags/load_cb_courses.py for tasks to queue
[2026-02-25T16:37:47.767+0000] {logging_mixin.py:188} INFO - [2026-02-25T16:37:47.766+0000] {dagbag.py:545} INFO - Filling up the DagBag from /opt/airflow/dags/load_cb_courses.py
[2026-02-25T16:37:48.353+0000] {processor.py:840} INFO - DAG(s) 'load_cb_courses' retrieved from /opt/airflow/dags/load_cb_courses.py
[2026-02-25T16:37:48.389+0000] {logging_mixin.py:188} INFO - [2026-02-25T16:37:48.388+0000] {dag.py:3089} INFO - Sync 1 DAGs
[2026-02-25T16:37:48.415+0000] {logging_mixin.py:188} INFO - [2026-02-25T16:37:48.415+0000] {dag.py:3947} INFO - Setting next_dagrun for load_cb_courses to 2026-02-25 00:00:00+00:00, run_after=2026-02-26 00:00:00+00:00
[2026-02-25T16:37:48.445+0000] {processor.py:183} INFO - Processing /opt/airflow/dags/load_cb_courses.py took 0.692 seconds
[2026-02-25T16:38:19.446+0000] {processor.py:161} INFO - Started process (PID=2659) to work on /opt/airflow/dags/load_cb_courses.py
[2026-02-25T16:38:19.448+0000] {processor.py:830} INFO - Processing file /opt/airflow/dags/load_cb_courses.py for tasks to queue
[2026-02-25T16:38:19.450+0000] {logging_mixin.py:188} INFO - [2026-02-25T16:38:19.450+0000] {dagbag.py:545} INFO - Filling up the DagBag from /opt/airflow/dags/load_cb_courses.py
[2026-02-25T16:38:20.016+0000] {processor.py:840} INFO - DAG(s) 'load_cb_courses' retrieved from /opt/airflow/dags/load_cb_courses.py
[2026-02-25T16:38:20.042+0000] {logging_mixin.py:188} INFO - [2026-02-25T16:38:20.042+0000] {dag.py:3089} INFO - Sync 1 DAGs
[2026-02-25T16:38:20.065+0000] {logging_mixin.py:188} INFO - [2026-02-25T16:38:20.065+0000] {dag.py:3947} INFO - Setting next_dagrun for load_cb_courses to 2026-02-25 00:00:00+00:00, run_after=2026-02-26 00:00:00+00:00
[2026-02-25T16:38:20.091+0000] {processor.py:183} INFO - Processing /opt/airflow/dags/load_cb_courses.py took 0.652 seconds
[2026-02-25T16:38:50.742+0000] {processor.py:161} INFO - Started process (PID=2691) to work on /opt/airflow/dags/load_cb_courses.py
[2026-02-25T16:38:50.744+0000] {processor.py:830} INFO - Processing file /opt/airflow/dags/load_cb_courses.py for tasks to queue
[2026-02-25T16:38:50.746+0000] {logging_mixin.py:188} INFO - [2026-02-25T16:38:50.746+0000] {dagbag.py:545} INFO - Filling up the DagBag from /opt/airflow/dags/load_cb_courses.py
[2026-02-25T16:38:51.365+0000] {processor.py:840} INFO - DAG(s) 'load_cb_courses' retrieved from /opt/airflow/dags/load_cb_courses.py
[2026-02-25T16:38:51.394+0000] {logging_mixin.py:188} INFO - [2026-02-25T16:38:51.394+0000] {dag.py:3089} INFO - Sync 1 DAGs
[2026-02-25T16:38:51.422+0000] {logging_mixin.py:188} INFO - [2026-02-25T16:38:51.421+0000] {dag.py:3947} INFO - Setting next_dagrun for load_cb_courses to 2026-02-25 00:00:00+00:00, run_after=2026-02-26 00:00:00+00:00
[2026-02-25T16:38:51.449+0000] {processor.py:183} INFO - Processing /opt/airflow/dags/load_cb_courses.py took 0.715 seconds
[2026-02-25T16:39:22.110+0000] {processor.py:161} INFO - Started process (PID=2715) to work on /opt/airflow/dags/load_cb_courses.py
[2026-02-25T16:39:22.112+0000] {processor.py:830} INFO - Processing file /opt/airflow/dags/load_cb_courses.py for tasks to queue
[2026-02-25T16:39:22.117+0000] {logging_mixin.py:188} INFO - [2026-02-25T16:39:22.116+0000] {dagbag.py:545} INFO - Filling up the DagBag from /opt/airflow/dags/load_cb_courses.py
[2026-02-25T16:39:22.677+0000] {processor.py:840} INFO - DAG(s) 'load_cb_courses' retrieved from /opt/airflow/dags/load_cb_courses.py
[2026-02-25T16:39:22.705+0000] {logging_mixin.py:188} INFO - [2026-02-25T16:39:22.704+0000] {dag.py:3089} INFO - Sync 1 DAGs
[2026-02-25T16:39:22.736+0000] {logging_mixin.py:188} INFO - [2026-02-25T16:39:22.736+0000] {dag.py:3947} INFO - Setting next_dagrun for load_cb_courses to 2026-02-25 00:00:00+00:00, run_after=2026-02-26 00:00:00+00:00
[2026-02-25T16:39:22.765+0000] {processor.py:183} INFO - Processing /opt/airflow/dags/load_cb_courses.py took 0.664 seconds
[2026-02-25T16:39:53.514+0000] {processor.py:161} INFO - Started process (PID=2746) to work on /opt/airflow/dags/load_cb_courses.py
[2026-02-25T16:39:53.516+0000] {processor.py:830} INFO - Processing file /opt/airflow/dags/load_cb_courses.py for tasks to queue
[2026-02-25T16:39:53.519+0000] {logging_mixin.py:188} INFO - [2026-02-25T16:39:53.519+0000] {dagbag.py:545} INFO - Filling up the DagBag from /opt/airflow/dags/load_cb_courses.py
[2026-02-25T16:39:54.104+0000] {processor.py:840} INFO - DAG(s) 'load_cb_courses' retrieved from /opt/airflow/dags/load_cb_courses.py
[2026-02-25T16:39:54.128+0000] {logging_mixin.py:188} INFO - [2026-02-25T16:39:54.128+0000] {dag.py:3089} INFO - Sync 1 DAGs
[2026-02-25T16:39:54.150+0000] {logging_mixin.py:188} INFO - [2026-02-25T16:39:54.150+0000] {dag.py:3947} INFO - Setting next_dagrun for load_cb_courses to 2026-02-25 00:00:00+00:00, run_after=2026-02-26 00:00:00+00:00
[2026-02-25T16:39:54.173+0000] {processor.py:183} INFO - Processing /opt/airflow/dags/load_cb_courses.py took 0.666 seconds
[2026-02-25T16:40:24.893+0000] {processor.py:161} INFO - Started process (PID=2777) to work on /opt/airflow/dags/load_cb_courses.py
[2026-02-25T16:40:24.894+0000] {processor.py:830} INFO - Processing file /opt/airflow/dags/load_cb_courses.py for tasks to queue
[2026-02-25T16:40:24.898+0000] {logging_mixin.py:188} INFO - [2026-02-25T16:40:24.897+0000] {dagbag.py:545} INFO - Filling up the DagBag from /opt/airflow/dags/load_cb_courses.py
[2026-02-25T16:40:25.582+0000] {processor.py:840} INFO - DAG(s) 'load_cb_courses' retrieved from /opt/airflow/dags/load_cb_courses.py
[2026-02-25T16:40:25.627+0000] {logging_mixin.py:188} INFO - [2026-02-25T16:40:25.626+0000] {dag.py:3089} INFO - Sync 1 DAGs
[2026-02-25T16:40:25.659+0000] {logging_mixin.py:188} INFO - [2026-02-25T16:40:25.658+0000] {dag.py:3947} INFO - Setting next_dagrun for load_cb_courses to 2026-02-25 00:00:00+00:00, run_after=2026-02-26 00:00:00+00:00
[2026-02-25T16:40:25.689+0000] {processor.py:183} INFO - Processing /opt/airflow/dags/load_cb_courses.py took 0.805 seconds
[2026-02-25T16:40:56.337+0000] {processor.py:161} INFO - Started process (PID=2802) to work on /opt/airflow/dags/load_cb_courses.py
[2026-02-25T16:40:56.339+0000] {processor.py:830} INFO - Processing file /opt/airflow/dags/load_cb_courses.py for tasks to queue
[2026-02-25T16:40:56.341+0000] {logging_mixin.py:188} INFO - [2026-02-25T16:40:56.341+0000] {dagbag.py:545} INFO - Filling up the DagBag from /opt/airflow/dags/load_cb_courses.py
[2026-02-25T16:40:56.933+0000] {processor.py:840} INFO - DAG(s) 'load_cb_courses' retrieved from /opt/airflow/dags/load_cb_courses.py
[2026-02-25T16:40:56.961+0000] {logging_mixin.py:188} INFO - [2026-02-25T16:40:56.960+0000] {dag.py:3089} INFO - Sync 1 DAGs
[2026-02-25T16:40:56.984+0000] {logging_mixin.py:188} INFO - [2026-02-25T16:40:56.983+0000] {dag.py:3947} INFO - Setting next_dagrun for load_cb_courses to 2026-02-25 00:00:00+00:00, run_after=2026-02-26 00:00:00+00:00
[2026-02-25T16:40:57.015+0000] {processor.py:183} INFO - Processing /opt/airflow/dags/load_cb_courses.py took 0.685 seconds
[2026-02-25T16:41:27.087+0000] {processor.py:161} INFO - Started process (PID=2833) to work on /opt/airflow/dags/load_cb_courses.py
[2026-02-25T16:41:27.088+0000] {processor.py:830} INFO - Processing file /opt/airflow/dags/load_cb_courses.py for tasks to queue
[2026-02-25T16:41:27.091+0000] {logging_mixin.py:188} INFO - [2026-02-25T16:41:27.090+0000] {dagbag.py:545} INFO - Filling up the DagBag from /opt/airflow/dags/load_cb_courses.py
[2026-02-25T16:41:27.695+0000] {processor.py:840} INFO - DAG(s) 'load_cb_courses' retrieved from /opt/airflow/dags/load_cb_courses.py
[2026-02-25T16:41:27.724+0000] {logging_mixin.py:188} INFO - [2026-02-25T16:41:27.724+0000] {dag.py:3089} INFO - Sync 1 DAGs
[2026-02-25T16:41:27.752+0000] {logging_mixin.py:188} INFO - [2026-02-25T16:41:27.752+0000] {dag.py:3947} INFO - Setting next_dagrun for load_cb_courses to 2026-02-25 00:00:00+00:00, run_after=2026-02-26 00:00:00+00:00
[2026-02-25T16:41:27.779+0000] {processor.py:183} INFO - Processing /opt/airflow/dags/load_cb_courses.py took 0.700 seconds
[2026-02-25T16:41:58.468+0000] {processor.py:161} INFO - Started process (PID=2859) to work on /opt/airflow/dags/load_cb_courses.py
[2026-02-25T16:41:58.470+0000] {processor.py:830} INFO - Processing file /opt/airflow/dags/load_cb_courses.py for tasks to queue
[2026-02-25T16:41:58.472+0000] {logging_mixin.py:188} INFO - [2026-02-25T16:41:58.472+0000] {dagbag.py:545} INFO - Filling up the DagBag from /opt/airflow/dags/load_cb_courses.py
[2026-02-25T16:41:59.014+0000] {processor.py:840} INFO - DAG(s) 'load_cb_courses' retrieved from /opt/airflow/dags/load_cb_courses.py
[2026-02-25T16:41:59.048+0000] {logging_mixin.py:188} INFO - [2026-02-25T16:41:59.048+0000] {dag.py:3089} INFO - Sync 1 DAGs
[2026-02-25T16:41:59.073+0000] {logging_mixin.py:188} INFO - [2026-02-25T16:41:59.073+0000] {dag.py:3947} INFO - Setting next_dagrun for load_cb_courses to 2026-02-25 00:00:00+00:00, run_after=2026-02-26 00:00:00+00:00
[2026-02-25T16:41:59.098+0000] {processor.py:183} INFO - Processing /opt/airflow/dags/load_cb_courses.py took 0.636 seconds
[2026-02-25T16:42:29.754+0000] {processor.py:161} INFO - Started process (PID=2893) to work on /opt/airflow/dags/load_cb_courses.py
[2026-02-25T16:42:29.755+0000] {processor.py:830} INFO - Processing file /opt/airflow/dags/load_cb_courses.py for tasks to queue
[2026-02-25T16:42:29.758+0000] {logging_mixin.py:188} INFO - [2026-02-25T16:42:29.757+0000] {dagbag.py:545} INFO - Filling up the DagBag from /opt/airflow/dags/load_cb_courses.py
[2026-02-25T16:42:30.230+0000] {processor.py:840} INFO - DAG(s) 'load_cb_courses' retrieved from /opt/airflow/dags/load_cb_courses.py
[2026-02-25T16:42:30.258+0000] {logging_mixin.py:188} INFO - [2026-02-25T16:42:30.257+0000] {dag.py:3089} INFO - Sync 1 DAGs
[2026-02-25T16:42:30.279+0000] {logging_mixin.py:188} INFO - [2026-02-25T16:42:30.279+0000] {dag.py:3947} INFO - Setting next_dagrun for load_cb_courses to 2026-02-25 00:00:00+00:00, run_after=2026-02-26 00:00:00+00:00
[2026-02-25T16:42:30.303+0000] {processor.py:183} INFO - Processing /opt/airflow/dags/load_cb_courses.py took 0.557 seconds
[2026-02-25T16:43:00.981+0000] {processor.py:161} INFO - Started process (PID=2918) to work on /opt/airflow/dags/load_cb_courses.py
[2026-02-25T16:43:00.983+0000] {processor.py:830} INFO - Processing file /opt/airflow/dags/load_cb_courses.py for tasks to queue
[2026-02-25T16:43:00.985+0000] {logging_mixin.py:188} INFO - [2026-02-25T16:43:00.985+0000] {dagbag.py:545} INFO - Filling up the DagBag from /opt/airflow/dags/load_cb_courses.py
[2026-02-25T16:43:01.468+0000] {processor.py:840} INFO - DAG(s) 'load_cb_courses' retrieved from /opt/airflow/dags/load_cb_courses.py
[2026-02-25T16:43:01.490+0000] {logging_mixin.py:188} INFO - [2026-02-25T16:43:01.489+0000] {dag.py:3089} INFO - Sync 1 DAGs
[2026-02-25T16:43:01.511+0000] {logging_mixin.py:188} INFO - [2026-02-25T16:43:01.511+0000] {dag.py:3947} INFO - Setting next_dagrun for load_cb_courses to 2026-02-25 00:00:00+00:00, run_after=2026-02-26 00:00:00+00:00
[2026-02-25T16:43:01.538+0000] {processor.py:183} INFO - Processing /opt/airflow/dags/load_cb_courses.py took 0.563 seconds
[2026-02-25T16:43:32.258+0000] {processor.py:161} INFO - Started process (PID=2950) to work on /opt/airflow/dags/load_cb_courses.py
[2026-02-25T16:43:32.259+0000] {processor.py:830} INFO - Processing file /opt/airflow/dags/load_cb_courses.py for tasks to queue
[2026-02-25T16:43:32.263+0000] {logging_mixin.py:188} INFO - [2026-02-25T16:43:32.262+0000] {dagbag.py:545} INFO - Filling up the DagBag from /opt/airflow/dags/load_cb_courses.py
[2026-02-25T16:43:32.824+0000] {processor.py:840} INFO - DAG(s) 'load_cb_courses' retrieved from /opt/airflow/dags/load_cb_courses.py
[2026-02-25T16:43:32.851+0000] {logging_mixin.py:188} INFO - [2026-02-25T16:43:32.850+0000] {dag.py:3089} INFO - Sync 1 DAGs
[2026-02-25T16:43:32.872+0000] {logging_mixin.py:188} INFO - [2026-02-25T16:43:32.871+0000] {dag.py:3947} INFO - Setting next_dagrun for load_cb_courses to 2026-02-25 00:00:00+00:00, run_after=2026-02-26 00:00:00+00:00
[2026-02-25T16:43:32.899+0000] {processor.py:183} INFO - Processing /opt/airflow/dags/load_cb_courses.py took 0.650 seconds
[2026-02-25T16:44:03.565+0000] {processor.py:161} INFO - Started process (PID=2974) to work on /opt/airflow/dags/load_cb_courses.py
[2026-02-25T16:44:03.566+0000] {processor.py:830} INFO - Processing file /opt/airflow/dags/load_cb_courses.py for tasks to queue
[2026-02-25T16:44:03.569+0000] {logging_mixin.py:188} INFO - [2026-02-25T16:44:03.569+0000] {dagbag.py:545} INFO - Filling up the DagBag from /opt/airflow/dags/load_cb_courses.py
[2026-02-25T16:44:04.064+0000] {processor.py:840} INFO - DAG(s) 'load_cb_courses' retrieved from /opt/airflow/dags/load_cb_courses.py
[2026-02-25T16:44:04.088+0000] {logging_mixin.py:188} INFO - [2026-02-25T16:44:04.087+0000] {dag.py:3089} INFO - Sync 1 DAGs
[2026-02-25T16:44:04.118+0000] {logging_mixin.py:188} INFO - [2026-02-25T16:44:04.117+0000] {dag.py:3947} INFO - Setting next_dagrun for load_cb_courses to 2026-02-25 00:00:00+00:00, run_after=2026-02-26 00:00:00+00:00
[2026-02-25T16:44:04.140+0000] {processor.py:183} INFO - Processing /opt/airflow/dags/load_cb_courses.py took 0.584 seconds
[2026-02-25T16:44:34.845+0000] {processor.py:161} INFO - Started process (PID=3005) to work on /opt/airflow/dags/load_cb_courses.py
[2026-02-25T16:44:34.847+0000] {processor.py:830} INFO - Processing file /opt/airflow/dags/load_cb_courses.py for tasks to queue
[2026-02-25T16:44:34.850+0000] {logging_mixin.py:188} INFO - [2026-02-25T16:44:34.850+0000] {dagbag.py:545} INFO - Filling up the DagBag from /opt/airflow/dags/load_cb_courses.py
[2026-02-25T16:44:35.425+0000] {processor.py:840} INFO - DAG(s) 'load_cb_courses' retrieved from /opt/airflow/dags/load_cb_courses.py
[2026-02-25T16:44:35.457+0000] {logging_mixin.py:188} INFO - [2026-02-25T16:44:35.456+0000] {dag.py:3089} INFO - Sync 1 DAGs
[2026-02-25T16:44:35.481+0000] {logging_mixin.py:188} INFO - [2026-02-25T16:44:35.481+0000] {dag.py:3947} INFO - Setting next_dagrun for load_cb_courses to 2026-02-25 00:00:00+00:00, run_after=2026-02-26 00:00:00+00:00
[2026-02-25T16:44:35.506+0000] {processor.py:183} INFO - Processing /opt/airflow/dags/load_cb_courses.py took 0.671 seconds
[2026-02-25T16:45:05.599+0000] {processor.py:161} INFO - Started process (PID=3037) to work on /opt/airflow/dags/load_cb_courses.py
[2026-02-25T16:45:05.604+0000] {processor.py:830} INFO - Processing file /opt/airflow/dags/load_cb_courses.py for tasks to queue
[2026-02-25T16:45:05.613+0000] {logging_mixin.py:188} INFO - [2026-02-25T16:45:05.611+0000] {dagbag.py:545} INFO - Filling up the DagBag from /opt/airflow/dags/load_cb_courses.py
[2026-02-25T16:45:06.119+0000] {processor.py:840} INFO - DAG(s) 'load_cb_courses' retrieved from /opt/airflow/dags/load_cb_courses.py
[2026-02-25T16:45:06.144+0000] {logging_mixin.py:188} INFO - [2026-02-25T16:45:06.143+0000] {dag.py:3089} INFO - Sync 1 DAGs
[2026-02-25T16:45:06.166+0000] {logging_mixin.py:188} INFO - [2026-02-25T16:45:06.165+0000] {dag.py:3947} INFO - Setting next_dagrun for load_cb_courses to 2026-02-25 00:00:00+00:00, run_after=2026-02-26 00:00:00+00:00
[2026-02-25T16:45:06.188+0000] {processor.py:183} INFO - Processing /opt/airflow/dags/load_cb_courses.py took 0.614 seconds
[2026-02-25T16:45:36.843+0000] {processor.py:161} INFO - Started process (PID=3062) to work on /opt/airflow/dags/load_cb_courses.py
[2026-02-25T16:45:36.847+0000] {processor.py:830} INFO - Processing file /opt/airflow/dags/load_cb_courses.py for tasks to queue
[2026-02-25T16:45:36.856+0000] {logging_mixin.py:188} INFO - [2026-02-25T16:45:36.855+0000] {dagbag.py:545} INFO - Filling up the DagBag from /opt/airflow/dags/load_cb_courses.py
[2026-02-25T16:45:37.539+0000] {processor.py:840} INFO - DAG(s) 'load_cb_courses' retrieved from /opt/airflow/dags/load_cb_courses.py
[2026-02-25T16:45:37.567+0000] {logging_mixin.py:188} INFO - [2026-02-25T16:45:37.566+0000] {dag.py:3089} INFO - Sync 1 DAGs
[2026-02-25T16:45:37.589+0000] {logging_mixin.py:188} INFO - [2026-02-25T16:45:37.589+0000] {dag.py:3947} INFO - Setting next_dagrun for load_cb_courses to 2026-02-25 00:00:00+00:00, run_after=2026-02-26 00:00:00+00:00
[2026-02-25T16:45:37.615+0000] {processor.py:183} INFO - Processing /opt/airflow/dags/load_cb_courses.py took 0.782 seconds
[2026-02-25T16:46:08.276+0000] {processor.py:161} INFO - Started process (PID=3093) to work on /opt/airflow/dags/load_cb_courses.py
[2026-02-25T16:46:08.278+0000] {processor.py:830} INFO - Processing file /opt/airflow/dags/load_cb_courses.py for tasks to queue
[2026-02-25T16:46:08.281+0000] {logging_mixin.py:188} INFO - [2026-02-25T16:46:08.280+0000] {dagbag.py:545} INFO - Filling up the DagBag from /opt/airflow/dags/load_cb_courses.py
[2026-02-25T16:46:08.837+0000] {processor.py:840} INFO - DAG(s) 'load_cb_courses' retrieved from /opt/airflow/dags/load_cb_courses.py
[2026-02-25T16:46:08.860+0000] {logging_mixin.py:188} INFO - [2026-02-25T16:46:08.860+0000] {dag.py:3089} INFO - Sync 1 DAGs
[2026-02-25T16:46:08.884+0000] {logging_mixin.py:188} INFO - [2026-02-25T16:46:08.884+0000] {dag.py:3947} INFO - Setting next_dagrun for load_cb_courses to 2026-02-25 00:00:00+00:00, run_after=2026-02-26 00:00:00+00:00
[2026-02-25T16:46:08.909+0000] {processor.py:183} INFO - Processing /opt/airflow/dags/load_cb_courses.py took 0.640 seconds
[2026-02-25T16:46:39.658+0000] {processor.py:161} INFO - Started process (PID=3125) to work on /opt/airflow/dags/load_cb_courses.py
[2026-02-25T16:46:39.660+0000] {processor.py:830} INFO - Processing file /opt/airflow/dags/load_cb_courses.py for tasks to queue
[2026-02-25T16:46:39.662+0000] {logging_mixin.py:188} INFO - [2026-02-25T16:46:39.662+0000] {dagbag.py:545} INFO - Filling up the DagBag from /opt/airflow/dags/load_cb_courses.py
[2026-02-25T16:46:40.231+0000] {processor.py:840} INFO - DAG(s) 'load_cb_courses' retrieved from /opt/airflow/dags/load_cb_courses.py
[2026-02-25T16:46:40.255+0000] {logging_mixin.py:188} INFO - [2026-02-25T16:46:40.255+0000] {dag.py:3089} INFO - Sync 1 DAGs
[2026-02-25T16:46:40.278+0000] {logging_mixin.py:188} INFO - [2026-02-25T16:46:40.278+0000] {dag.py:3947} INFO - Setting next_dagrun for load_cb_courses to 2026-02-25 00:00:00+00:00, run_after=2026-02-26 00:00:00+00:00
[2026-02-25T16:46:40.300+0000] {processor.py:183} INFO - Processing /opt/airflow/dags/load_cb_courses.py took 0.649 seconds
[2026-02-25T16:47:11.057+0000] {processor.py:161} INFO - Started process (PID=3150) to work on /opt/airflow/dags/load_cb_courses.py
[2026-02-25T16:47:11.059+0000] {processor.py:830} INFO - Processing file /opt/airflow/dags/load_cb_courses.py for tasks to queue
[2026-02-25T16:47:11.063+0000] {logging_mixin.py:188} INFO - [2026-02-25T16:47:11.062+0000] {dagbag.py:545} INFO - Filling up the DagBag from /opt/airflow/dags/load_cb_courses.py
[2026-02-25T16:47:12.165+0000] {processor.py:840} INFO - DAG(s) 'load_cb_courses' retrieved from /opt/airflow/dags/load_cb_courses.py
[2026-02-25T16:47:12.195+0000] {logging_mixin.py:188} INFO - [2026-02-25T16:47:12.195+0000] {dag.py:3089} INFO - Sync 1 DAGs
[2026-02-25T16:47:12.222+0000] {logging_mixin.py:188} INFO - [2026-02-25T16:47:12.222+0000] {dag.py:3947} INFO - Setting next_dagrun for load_cb_courses to 2026-02-25 00:00:00+00:00, run_after=2026-02-26 00:00:00+00:00
[2026-02-25T16:47:12.247+0000] {processor.py:183} INFO - Processing /opt/airflow/dags/load_cb_courses.py took 1.202 seconds
[2026-02-25T16:47:43.016+0000] {processor.py:161} INFO - Started process (PID=3180) to work on /opt/airflow/dags/load_cb_courses.py
[2026-02-25T16:47:43.017+0000] {processor.py:830} INFO - Processing file /opt/airflow/dags/load_cb_courses.py for tasks to queue
[2026-02-25T16:47:43.020+0000] {logging_mixin.py:188} INFO - [2026-02-25T16:47:43.019+0000] {dagbag.py:545} INFO - Filling up the DagBag from /opt/airflow/dags/load_cb_courses.py
[2026-02-25T16:47:43.547+0000] {processor.py:840} INFO - DAG(s) 'load_cb_courses' retrieved from /opt/airflow/dags/load_cb_courses.py
[2026-02-25T16:47:43.573+0000] {logging_mixin.py:188} INFO - [2026-02-25T16:47:43.572+0000] {dag.py:3089} INFO - Sync 1 DAGs
[2026-02-25T16:47:43.594+0000] {logging_mixin.py:188} INFO - [2026-02-25T16:47:43.594+0000] {dag.py:3947} INFO - Setting next_dagrun for load_cb_courses to 2026-02-25 00:00:00+00:00, run_after=2026-02-26 00:00:00+00:00
[2026-02-25T16:47:43.616+0000] {processor.py:183} INFO - Processing /opt/airflow/dags/load_cb_courses.py took 0.607 seconds
[2026-02-25T16:48:14.273+0000] {processor.py:161} INFO - Started process (PID=3205) to work on /opt/airflow/dags/load_cb_courses.py
[2026-02-25T16:48:14.275+0000] {processor.py:830} INFO - Processing file /opt/airflow/dags/load_cb_courses.py for tasks to queue
[2026-02-25T16:48:14.277+0000] {logging_mixin.py:188} INFO - [2026-02-25T16:48:14.277+0000] {dagbag.py:545} INFO - Filling up the DagBag from /opt/airflow/dags/load_cb_courses.py
[2026-02-25T16:48:14.773+0000] {processor.py:840} INFO - DAG(s) 'load_cb_courses' retrieved from /opt/airflow/dags/load_cb_courses.py
[2026-02-25T16:48:14.799+0000] {logging_mixin.py:188} INFO - [2026-02-25T16:48:14.799+0000] {dag.py:3089} INFO - Sync 1 DAGs
[2026-02-25T16:48:14.820+0000] {logging_mixin.py:188} INFO - [2026-02-25T16:48:14.820+0000] {dag.py:3947} INFO - Setting next_dagrun for load_cb_courses to 2026-02-25 00:00:00+00:00, run_after=2026-02-26 00:00:00+00:00
[2026-02-25T16:48:14.842+0000] {processor.py:183} INFO - Processing /opt/airflow/dags/load_cb_courses.py took 0.577 seconds
[2026-02-25T16:48:45.768+0000] {processor.py:161} INFO - Started process (PID=3238) to work on /opt/airflow/dags/load_cb_courses.py
[2026-02-25T16:48:45.770+0000] {processor.py:830} INFO - Processing file /opt/airflow/dags/load_cb_courses.py for tasks to queue
[2026-02-25T16:48:45.773+0000] {logging_mixin.py:188} INFO - [2026-02-25T16:48:45.773+0000] {dagbag.py:545} INFO - Filling up the DagBag from /opt/airflow/dags/load_cb_courses.py
[2026-02-25T16:48:46.299+0000] {processor.py:840} INFO - DAG(s) 'load_cb_courses' retrieved from /opt/airflow/dags/load_cb_courses.py
[2026-02-25T16:48:46.324+0000] {logging_mixin.py:188} INFO - [2026-02-25T16:48:46.324+0000] {dag.py:3089} INFO - Sync 1 DAGs
[2026-02-25T16:48:46.348+0000] {logging_mixin.py:188} INFO - [2026-02-25T16:48:46.348+0000] {dag.py:3947} INFO - Setting next_dagrun for load_cb_courses to 2026-02-25 00:00:00+00:00, run_after=2026-02-26 00:00:00+00:00
[2026-02-25T16:48:46.373+0000] {processor.py:183} INFO - Processing /opt/airflow/dags/load_cb_courses.py took 0.613 seconds
[2026-02-25T16:49:17.105+0000] {processor.py:161} INFO - Started process (PID=3269) to work on /opt/airflow/dags/load_cb_courses.py
[2026-02-25T16:49:17.107+0000] {processor.py:830} INFO - Processing file /opt/airflow/dags/load_cb_courses.py for tasks to queue
[2026-02-25T16:49:17.111+0000] {logging_mixin.py:188} INFO - [2026-02-25T16:49:17.110+0000] {dagbag.py:545} INFO - Filling up the DagBag from /opt/airflow/dags/load_cb_courses.py
[2026-02-25T16:49:17.712+0000] {processor.py:840} INFO - DAG(s) 'load_cb_courses' retrieved from /opt/airflow/dags/load_cb_courses.py
[2026-02-25T16:49:17.740+0000] {logging_mixin.py:188} INFO - [2026-02-25T16:49:17.740+0000] {dag.py:3089} INFO - Sync 1 DAGs
[2026-02-25T16:49:17.763+0000] {logging_mixin.py:188} INFO - [2026-02-25T16:49:17.762+0000] {dag.py:3947} INFO - Setting next_dagrun for load_cb_courses to 2026-02-25 00:00:00+00:00, run_after=2026-02-26 00:00:00+00:00
[2026-02-25T16:49:17.788+0000] {processor.py:183} INFO - Processing /opt/airflow/dags/load_cb_courses.py took 0.697 seconds
[2026-02-25T16:49:48.443+0000] {processor.py:161} INFO - Started process (PID=3294) to work on /opt/airflow/dags/load_cb_courses.py
[2026-02-25T16:49:48.444+0000] {processor.py:830} INFO - Processing file /opt/airflow/dags/load_cb_courses.py for tasks to queue
[2026-02-25T16:49:48.447+0000] {logging_mixin.py:188} INFO - [2026-02-25T16:49:48.446+0000] {dagbag.py:545} INFO - Filling up the DagBag from /opt/airflow/dags/load_cb_courses.py
[2026-02-25T16:49:48.970+0000] {processor.py:840} INFO - DAG(s) 'load_cb_courses' retrieved from /opt/airflow/dags/load_cb_courses.py
[2026-02-25T16:49:48.995+0000] {logging_mixin.py:188} INFO - [2026-02-25T16:49:48.994+0000] {dag.py:3089} INFO - Sync 1 DAGs
[2026-02-25T16:49:49.029+0000] {logging_mixin.py:188} INFO - [2026-02-25T16:49:49.029+0000] {dag.py:3947} INFO - Setting next_dagrun for load_cb_courses to 2026-02-25 00:00:00+00:00, run_after=2026-02-26 00:00:00+00:00
[2026-02-25T16:49:49.056+0000] {processor.py:183} INFO - Processing /opt/airflow/dags/load_cb_courses.py took 0.620 seconds
[2026-02-25T16:50:19.711+0000] {processor.py:161} INFO - Started process (PID=3327) to work on /opt/airflow/dags/load_cb_courses.py
[2026-02-25T16:50:19.712+0000] {processor.py:830} INFO - Processing file /opt/airflow/dags/load_cb_courses.py for tasks to queue
[2026-02-25T16:50:19.716+0000] {logging_mixin.py:188} INFO - [2026-02-25T16:50:19.715+0000] {dagbag.py:545} INFO - Filling up the DagBag from /opt/airflow/dags/load_cb_courses.py
[2026-02-25T16:50:20.291+0000] {processor.py:840} INFO - DAG(s) 'load_cb_courses' retrieved from /opt/airflow/dags/load_cb_courses.py
[2026-02-25T16:50:20.316+0000] {logging_mixin.py:188} INFO - [2026-02-25T16:50:20.315+0000] {dag.py:3089} INFO - Sync 1 DAGs
[2026-02-25T16:50:20.339+0000] {logging_mixin.py:188} INFO - [2026-02-25T16:50:20.339+0000] {dag.py:3947} INFO - Setting next_dagrun for load_cb_courses to 2026-02-25 00:00:00+00:00, run_after=2026-02-26 00:00:00+00:00
[2026-02-25T16:50:20.363+0000] {processor.py:183} INFO - Processing /opt/airflow/dags/load_cb_courses.py took 0.661 seconds
[2026-02-25T16:50:51.016+0000] {processor.py:161} INFO - Started process (PID=3353) to work on /opt/airflow/dags/load_cb_courses.py
[2026-02-25T16:50:51.017+0000] {processor.py:830} INFO - Processing file /opt/airflow/dags/load_cb_courses.py for tasks to queue
[2026-02-25T16:50:51.020+0000] {logging_mixin.py:188} INFO - [2026-02-25T16:50:51.020+0000] {dagbag.py:545} INFO - Filling up the DagBag from /opt/airflow/dags/load_cb_courses.py
[2026-02-25T16:50:51.515+0000] {processor.py:840} INFO - DAG(s) 'load_cb_courses' retrieved from /opt/airflow/dags/load_cb_courses.py
[2026-02-25T16:50:51.538+0000] {logging_mixin.py:188} INFO - [2026-02-25T16:50:51.538+0000] {dag.py:3089} INFO - Sync 1 DAGs
[2026-02-25T16:50:51.569+0000] {logging_mixin.py:188} INFO - [2026-02-25T16:50:51.568+0000] {dag.py:3947} INFO - Setting next_dagrun for load_cb_courses to 2026-02-25 00:00:00+00:00, run_after=2026-02-26 00:00:00+00:00
[2026-02-25T16:50:51.629+0000] {processor.py:183} INFO - Processing /opt/airflow/dags/load_cb_courses.py took 0.620 seconds
[2026-02-25T16:51:22.250+0000] {processor.py:161} INFO - Started process (PID=3414) to work on /opt/airflow/dags/load_cb_courses.py
[2026-02-25T16:51:22.252+0000] {processor.py:830} INFO - Processing file /opt/airflow/dags/load_cb_courses.py for tasks to queue
[2026-02-25T16:51:22.255+0000] {logging_mixin.py:188} INFO - [2026-02-25T16:51:22.255+0000] {dagbag.py:545} INFO - Filling up the DagBag from /opt/airflow/dags/load_cb_courses.py
[2026-02-25T16:51:22.778+0000] {processor.py:840} INFO - DAG(s) 'load_cb_courses' retrieved from /opt/airflow/dags/load_cb_courses.py
[2026-02-25T16:51:22.803+0000] {logging_mixin.py:188} INFO - [2026-02-25T16:51:22.802+0000] {dag.py:3089} INFO - Sync 1 DAGs
[2026-02-25T16:51:22.825+0000] {logging_mixin.py:188} INFO - [2026-02-25T16:51:22.825+0000] {dag.py:3947} INFO - Setting next_dagrun for load_cb_courses to 2026-02-25 00:00:00+00:00, run_after=2026-02-26 00:00:00+00:00
[2026-02-25T16:51:22.847+0000] {processor.py:183} INFO - Processing /opt/airflow/dags/load_cb_courses.py took 0.604 seconds
[2026-02-25T16:51:53.468+0000] {processor.py:161} INFO - Started process (PID=3446) to work on /opt/airflow/dags/load_cb_courses.py
[2026-02-25T16:51:53.470+0000] {processor.py:830} INFO - Processing file /opt/airflow/dags/load_cb_courses.py for tasks to queue
[2026-02-25T16:51:53.472+0000] {logging_mixin.py:188} INFO - [2026-02-25T16:51:53.472+0000] {dagbag.py:545} INFO - Filling up the DagBag from /opt/airflow/dags/load_cb_courses.py
[2026-02-25T16:51:53.971+0000] {processor.py:840} INFO - DAG(s) 'load_cb_courses' retrieved from /opt/airflow/dags/load_cb_courses.py
[2026-02-25T16:51:53.995+0000] {logging_mixin.py:188} INFO - [2026-02-25T16:51:53.994+0000] {dag.py:3089} INFO - Sync 1 DAGs
[2026-02-25T16:51:54.016+0000] {logging_mixin.py:188} INFO - [2026-02-25T16:51:54.016+0000] {dag.py:3947} INFO - Setting next_dagrun for load_cb_courses to 2026-02-25 00:00:00+00:00, run_after=2026-02-26 00:00:00+00:00
[2026-02-25T16:51:54.041+0000] {processor.py:183} INFO - Processing /opt/airflow/dags/load_cb_courses.py took 0.579 seconds
[2026-02-25T16:52:24.138+0000] {processor.py:161} INFO - Started process (PID=3470) to work on /opt/airflow/dags/load_cb_courses.py
[2026-02-25T16:52:24.140+0000] {processor.py:830} INFO - Processing file /opt/airflow/dags/load_cb_courses.py for tasks to queue
[2026-02-25T16:52:24.142+0000] {logging_mixin.py:188} INFO - [2026-02-25T16:52:24.142+0000] {dagbag.py:545} INFO - Filling up the DagBag from /opt/airflow/dags/load_cb_courses.py
[2026-02-25T16:52:24.663+0000] {processor.py:840} INFO - DAG(s) 'load_cb_courses' retrieved from /opt/airflow/dags/load_cb_courses.py
[2026-02-25T16:52:24.689+0000] {logging_mixin.py:188} INFO - [2026-02-25T16:52:24.688+0000] {dag.py:3089} INFO - Sync 1 DAGs
[2026-02-25T16:52:24.708+0000] {logging_mixin.py:188} INFO - [2026-02-25T16:52:24.708+0000] {dag.py:3947} INFO - Setting next_dagrun for load_cb_courses to 2026-02-25 00:00:00+00:00, run_after=2026-02-26 00:00:00+00:00
[2026-02-25T16:52:24.734+0000] {processor.py:183} INFO - Processing /opt/airflow/dags/load_cb_courses.py took 0.602 seconds
[2026-02-25T16:52:55.384+0000] {processor.py:161} INFO - Started process (PID=3502) to work on /opt/airflow/dags/load_cb_courses.py
[2026-02-25T16:52:55.386+0000] {processor.py:830} INFO - Processing file /opt/airflow/dags/load_cb_courses.py for tasks to queue
[2026-02-25T16:52:55.388+0000] {logging_mixin.py:188} INFO - [2026-02-25T16:52:55.388+0000] {dagbag.py:545} INFO - Filling up the DagBag from /opt/airflow/dags/load_cb_courses.py
[2026-02-25T16:52:55.992+0000] {processor.py:840} INFO - DAG(s) 'load_cb_courses' retrieved from /opt/airflow/dags/load_cb_courses.py
[2026-02-25T16:52:56.033+0000] {logging_mixin.py:188} INFO - [2026-02-25T16:52:56.032+0000] {dag.py:3089} INFO - Sync 1 DAGs
[2026-02-25T16:52:56.099+0000] {logging_mixin.py:188} INFO - [2026-02-25T16:52:56.098+0000] {dag.py:3947} INFO - Setting next_dagrun for load_cb_courses to 2026-02-25 00:00:00+00:00, run_after=2026-02-26 00:00:00+00:00
[2026-02-25T16:52:56.123+0000] {processor.py:183} INFO - Processing /opt/airflow/dags/load_cb_courses.py took 0.745 seconds
[2026-02-25T16:53:26.807+0000] {processor.py:161} INFO - Started process (PID=3527) to work on /opt/airflow/dags/load_cb_courses.py
[2026-02-25T16:53:26.808+0000] {processor.py:830} INFO - Processing file /opt/airflow/dags/load_cb_courses.py for tasks to queue
[2026-02-25T16:53:26.811+0000] {logging_mixin.py:188} INFO - [2026-02-25T16:53:26.811+0000] {dagbag.py:545} INFO - Filling up the DagBag from /opt/airflow/dags/load_cb_courses.py
[2026-02-25T16:53:27.311+0000] {processor.py:840} INFO - DAG(s) 'load_cb_courses' retrieved from /opt/airflow/dags/load_cb_courses.py
[2026-02-25T16:53:27.338+0000] {logging_mixin.py:188} INFO - [2026-02-25T16:53:27.338+0000] {dag.py:3089} INFO - Sync 1 DAGs
[2026-02-25T16:53:27.369+0000] {logging_mixin.py:188} INFO - [2026-02-25T16:53:27.369+0000] {dag.py:3947} INFO - Setting next_dagrun for load_cb_courses to 2026-02-25 00:00:00+00:00, run_after=2026-02-26 00:00:00+00:00
[2026-02-25T16:53:27.396+0000] {processor.py:183} INFO - Processing /opt/airflow/dags/load_cb_courses.py took 0.596 seconds
[2026-02-25T16:53:58.048+0000] {processor.py:161} INFO - Started process (PID=3559) to work on /opt/airflow/dags/load_cb_courses.py
[2026-02-25T16:53:58.050+0000] {processor.py:830} INFO - Processing file /opt/airflow/dags/load_cb_courses.py for tasks to queue
[2026-02-25T16:53:58.055+0000] {logging_mixin.py:188} INFO - [2026-02-25T16:53:58.054+0000] {dagbag.py:545} INFO - Filling up the DagBag from /opt/airflow/dags/load_cb_courses.py
[2026-02-25T16:53:58.687+0000] {processor.py:840} INFO - DAG(s) 'load_cb_courses' retrieved from /opt/airflow/dags/load_cb_courses.py
[2026-02-25T16:53:58.720+0000] {logging_mixin.py:188} INFO - [2026-02-25T16:53:58.719+0000] {dag.py:3089} INFO - Sync 1 DAGs
[2026-02-25T16:53:58.746+0000] {logging_mixin.py:188} INFO - [2026-02-25T16:53:58.746+0000] {dag.py:3947} INFO - Setting next_dagrun for load_cb_courses to 2026-02-25 00:00:00+00:00, run_after=2026-02-26 00:00:00+00:00
[2026-02-25T16:53:58.782+0000] {processor.py:183} INFO - Processing /opt/airflow/dags/load_cb_courses.py took 0.743 seconds
[2026-02-25T16:54:29.557+0000] {processor.py:161} INFO - Started process (PID=3591) to work on /opt/airflow/dags/load_cb_courses.py
[2026-02-25T16:54:29.560+0000] {processor.py:830} INFO - Processing file /opt/airflow/dags/load_cb_courses.py for tasks to queue
[2026-02-25T16:54:29.563+0000] {logging_mixin.py:188} INFO - [2026-02-25T16:54:29.563+0000] {dagbag.py:545} INFO - Filling up the DagBag from /opt/airflow/dags/load_cb_courses.py
[2026-02-25T16:54:30.191+0000] {processor.py:840} INFO - DAG(s) 'load_cb_courses' retrieved from /opt/airflow/dags/load_cb_courses.py
[2026-02-25T16:54:30.215+0000] {logging_mixin.py:188} INFO - [2026-02-25T16:54:30.214+0000] {dag.py:3089} INFO - Sync 1 DAGs
[2026-02-25T16:54:30.241+0000] {logging_mixin.py:188} INFO - [2026-02-25T16:54:30.241+0000] {dag.py:3947} INFO - Setting next_dagrun for load_cb_courses to 2026-02-25 00:00:00+00:00, run_after=2026-02-26 00:00:00+00:00
[2026-02-25T16:54:30.274+0000] {processor.py:183} INFO - Processing /opt/airflow/dags/load_cb_courses.py took 0.727 seconds
[2026-02-25T16:55:01.069+0000] {processor.py:161} INFO - Started process (PID=3614) to work on /opt/airflow/dags/load_cb_courses.py
[2026-02-25T16:55:01.070+0000] {processor.py:830} INFO - Processing file /opt/airflow/dags/load_cb_courses.py for tasks to queue
[2026-02-25T16:55:01.073+0000] {logging_mixin.py:188} INFO - [2026-02-25T16:55:01.073+0000] {dagbag.py:545} INFO - Filling up the DagBag from /opt/airflow/dags/load_cb_courses.py
[2026-02-25T16:55:01.683+0000] {processor.py:840} INFO - DAG(s) 'load_cb_courses' retrieved from /opt/airflow/dags/load_cb_courses.py
[2026-02-25T16:55:01.710+0000] {logging_mixin.py:188} INFO - [2026-02-25T16:55:01.709+0000] {dag.py:3089} INFO - Sync 1 DAGs
[2026-02-25T16:55:01.731+0000] {logging_mixin.py:188} INFO - [2026-02-25T16:55:01.730+0000] {dag.py:3947} INFO - Setting next_dagrun for load_cb_courses to 2026-02-25 00:00:00+00:00, run_after=2026-02-26 00:00:00+00:00
[2026-02-25T16:55:01.755+0000] {processor.py:183} INFO - Processing /opt/airflow/dags/load_cb_courses.py took 0.694 seconds
[2026-02-25T16:55:32.441+0000] {processor.py:161} INFO - Started process (PID=3646) to work on /opt/airflow/dags/load_cb_courses.py
[2026-02-25T16:55:32.443+0000] {processor.py:830} INFO - Processing file /opt/airflow/dags/load_cb_courses.py for tasks to queue
[2026-02-25T16:55:32.447+0000] {logging_mixin.py:188} INFO - [2026-02-25T16:55:32.447+0000] {dagbag.py:545} INFO - Filling up the DagBag from /opt/airflow/dags/load_cb_courses.py
[2026-02-25T16:55:30.270+0000] {processor.py:840} INFO - DAG(s) 'load_cb_courses' retrieved from /opt/airflow/dags/load_cb_courses.py
[2026-02-25T16:55:30.304+0000] {logging_mixin.py:188} INFO - [2026-02-25T16:55:30.303+0000] {dag.py:3089} INFO - Sync 1 DAGs
[2026-02-25T16:55:30.332+0000] {logging_mixin.py:188} INFO - [2026-02-25T16:55:30.331+0000] {dag.py:3947} INFO - Setting next_dagrun for load_cb_courses to 2026-02-25 00:00:00+00:00, run_after=2026-02-26 00:00:00+00:00
[2026-02-25T16:55:30.357+0000] {processor.py:183} INFO - Processing /opt/airflow/dags/load_cb_courses.py took 0.655 seconds
[2026-02-25T16:56:01.055+0000] {processor.py:161} INFO - Started process (PID=3672) to work on /opt/airflow/dags/load_cb_courses.py
[2026-02-25T16:56:01.057+0000] {processor.py:830} INFO - Processing file /opt/airflow/dags/load_cb_courses.py for tasks to queue
[2026-02-25T16:56:01.059+0000] {logging_mixin.py:188} INFO - [2026-02-25T16:56:01.059+0000] {dagbag.py:545} INFO - Filling up the DagBag from /opt/airflow/dags/load_cb_courses.py
[2026-02-25T16:56:01.551+0000] {processor.py:840} INFO - DAG(s) 'load_cb_courses' retrieved from /opt/airflow/dags/load_cb_courses.py
[2026-02-25T16:56:01.580+0000] {logging_mixin.py:188} INFO - [2026-02-25T16:56:01.579+0000] {dag.py:3089} INFO - Sync 1 DAGs
[2026-02-25T16:56:01.604+0000] {logging_mixin.py:188} INFO - [2026-02-25T16:56:01.604+0000] {dag.py:3947} INFO - Setting next_dagrun for load_cb_courses to 2026-02-25 00:00:00+00:00, run_after=2026-02-26 00:00:00+00:00
[2026-02-25T16:56:01.630+0000] {processor.py:183} INFO - Processing /opt/airflow/dags/load_cb_courses.py took 0.581 seconds
[2026-02-25T16:56:32.403+0000] {processor.py:161} INFO - Started process (PID=3703) to work on /opt/airflow/dags/load_cb_courses.py
[2026-02-25T16:56:32.404+0000] {processor.py:830} INFO - Processing file /opt/airflow/dags/load_cb_courses.py for tasks to queue
[2026-02-25T16:56:32.407+0000] {logging_mixin.py:188} INFO - [2026-02-25T16:56:32.407+0000] {dagbag.py:545} INFO - Filling up the DagBag from /opt/airflow/dags/load_cb_courses.py
[2026-02-25T16:56:32.899+0000] {processor.py:840} INFO - DAG(s) 'load_cb_courses' retrieved from /opt/airflow/dags/load_cb_courses.py
[2026-02-25T16:56:32.921+0000] {logging_mixin.py:188} INFO - [2026-02-25T16:56:32.920+0000] {dag.py:3089} INFO - Sync 1 DAGs
[2026-02-25T16:56:32.942+0000] {logging_mixin.py:188} INFO - [2026-02-25T16:56:32.942+0000] {dag.py:3947} INFO - Setting next_dagrun for load_cb_courses to 2026-02-25 00:00:00+00:00, run_after=2026-02-26 00:00:00+00:00
[2026-02-25T16:56:32.966+0000] {processor.py:183} INFO - Processing /opt/airflow/dags/load_cb_courses.py took 0.570 seconds
[2026-02-25T16:57:03.665+0000] {processor.py:161} INFO - Started process (PID=3728) to work on /opt/airflow/dags/load_cb_courses.py
[2026-02-25T16:57:03.667+0000] {processor.py:830} INFO - Processing file /opt/airflow/dags/load_cb_courses.py for tasks to queue
[2026-02-25T16:57:03.673+0000] {logging_mixin.py:188} INFO - [2026-02-25T16:57:03.673+0000] {dagbag.py:545} INFO - Filling up the DagBag from /opt/airflow/dags/load_cb_courses.py
[2026-02-25T16:57:04.183+0000] {processor.py:840} INFO - DAG(s) 'load_cb_courses' retrieved from /opt/airflow/dags/load_cb_courses.py
[2026-02-25T16:57:04.211+0000] {logging_mixin.py:188} INFO - [2026-02-25T16:57:04.210+0000] {dag.py:3089} INFO - Sync 1 DAGs
[2026-02-25T16:57:04.238+0000] {logging_mixin.py:188} INFO - [2026-02-25T16:57:04.238+0000] {dag.py:3947} INFO - Setting next_dagrun for load_cb_courses to 2026-02-25 00:00:00+00:00, run_after=2026-02-26 00:00:00+00:00
[2026-02-25T16:57:04.268+0000] {processor.py:183} INFO - Processing /opt/airflow/dags/load_cb_courses.py took 0.609 seconds
[2026-02-25T16:57:35.041+0000] {processor.py:161} INFO - Started process (PID=3760) to work on /opt/airflow/dags/load_cb_courses.py
[2026-02-25T16:57:35.042+0000] {processor.py:830} INFO - Processing file /opt/airflow/dags/load_cb_courses.py for tasks to queue
[2026-02-25T16:57:35.044+0000] {logging_mixin.py:188} INFO - [2026-02-25T16:57:35.044+0000] {dagbag.py:545} INFO - Filling up the DagBag from /opt/airflow/dags/load_cb_courses.py
[2026-02-25T16:57:35.533+0000] {processor.py:840} INFO - DAG(s) 'load_cb_courses' retrieved from /opt/airflow/dags/load_cb_courses.py
[2026-02-25T16:57:35.561+0000] {logging_mixin.py:188} INFO - [2026-02-25T16:57:35.560+0000] {dag.py:3089} INFO - Sync 1 DAGs
[2026-02-25T16:57:35.587+0000] {logging_mixin.py:188} INFO - [2026-02-25T16:57:35.586+0000] {dag.py:3947} INFO - Setting next_dagrun for load_cb_courses to 2026-02-25 00:00:00+00:00, run_after=2026-02-26 00:00:00+00:00
[2026-02-25T16:57:35.612+0000] {processor.py:183} INFO - Processing /opt/airflow/dags/load_cb_courses.py took 0.577 seconds
[2026-02-25T16:58:06.278+0000] {processor.py:161} INFO - Started process (PID=3791) to work on /opt/airflow/dags/load_cb_courses.py
[2026-02-25T16:58:06.280+0000] {processor.py:830} INFO - Processing file /opt/airflow/dags/load_cb_courses.py for tasks to queue
[2026-02-25T16:58:06.282+0000] {logging_mixin.py:188} INFO - [2026-02-25T16:58:06.282+0000] {dagbag.py:545} INFO - Filling up the DagBag from /opt/airflow/dags/load_cb_courses.py
[2026-02-25T16:58:06.765+0000] {processor.py:840} INFO - DAG(s) 'load_cb_courses' retrieved from /opt/airflow/dags/load_cb_courses.py
[2026-02-25T16:58:06.792+0000] {logging_mixin.py:188} INFO - [2026-02-25T16:58:06.792+0000] {dag.py:3089} INFO - Sync 1 DAGs
[2026-02-25T16:58:06.814+0000] {logging_mixin.py:188} INFO - [2026-02-25T16:58:06.813+0000] {dag.py:3947} INFO - Setting next_dagrun for load_cb_courses to 2026-02-25 00:00:00+00:00, run_after=2026-02-26 00:00:00+00:00
[2026-02-25T16:58:06.835+0000] {processor.py:183} INFO - Processing /opt/airflow/dags/load_cb_courses.py took 0.563 seconds
[2026-02-25T16:58:37.555+0000] {processor.py:161} INFO - Started process (PID=3815) to work on /opt/airflow/dags/load_cb_courses.py
[2026-02-25T16:58:37.558+0000] {processor.py:830} INFO - Processing file /opt/airflow/dags/load_cb_courses.py for tasks to queue
[2026-02-25T16:58:37.561+0000] {logging_mixin.py:188} INFO - [2026-02-25T16:58:37.561+0000] {dagbag.py:545} INFO - Filling up the DagBag from /opt/airflow/dags/load_cb_courses.py
[2026-02-25T16:58:38.082+0000] {processor.py:840} INFO - DAG(s) 'load_cb_courses' retrieved from /opt/airflow/dags/load_cb_courses.py
[2026-02-25T16:58:38.104+0000] {logging_mixin.py:188} INFO - [2026-02-25T16:58:38.104+0000] {dag.py:3089} INFO - Sync 1 DAGs
[2026-02-25T16:58:38.124+0000] {logging_mixin.py:188} INFO - [2026-02-25T16:58:38.123+0000] {dag.py:3947} INFO - Setting next_dagrun for load_cb_courses to 2026-02-25 00:00:00+00:00, run_after=2026-02-26 00:00:00+00:00
[2026-02-25T16:58:38.146+0000] {processor.py:183} INFO - Processing /opt/airflow/dags/load_cb_courses.py took 0.598 seconds
[2026-02-25T16:59:08.835+0000] {processor.py:161} INFO - Started process (PID=3849) to work on /opt/airflow/dags/load_cb_courses.py
[2026-02-25T16:59:08.836+0000] {processor.py:830} INFO - Processing file /opt/airflow/dags/load_cb_courses.py for tasks to queue
[2026-02-25T16:59:08.841+0000] {logging_mixin.py:188} INFO - [2026-02-25T16:59:08.840+0000] {dagbag.py:545} INFO - Filling up the DagBag from /opt/airflow/dags/load_cb_courses.py
[2026-02-25T16:59:09.325+0000] {processor.py:840} INFO - DAG(s) 'load_cb_courses' retrieved from /opt/airflow/dags/load_cb_courses.py
[2026-02-25T16:59:09.347+0000] {logging_mixin.py:188} INFO - [2026-02-25T16:59:09.346+0000] {dag.py:3089} INFO - Sync 1 DAGs
[2026-02-25T16:59:09.366+0000] {logging_mixin.py:188} INFO - [2026-02-25T16:59:09.366+0000] {dag.py:3947} INFO - Setting next_dagrun for load_cb_courses to 2026-02-25 00:00:00+00:00, run_after=2026-02-26 00:00:00+00:00
[2026-02-25T16:59:09.389+0000] {processor.py:183} INFO - Processing /opt/airflow/dags/load_cb_courses.py took 0.561 seconds
[2026-02-25T16:59:39.533+0000] {processor.py:161} INFO - Started process (PID=3884) to work on /opt/airflow/dags/load_cb_courses.py
[2026-02-25T16:59:39.535+0000] {processor.py:830} INFO - Processing file /opt/airflow/dags/load_cb_courses.py for tasks to queue
[2026-02-25T16:59:39.539+0000] {logging_mixin.py:188} INFO - [2026-02-25T16:59:39.539+0000] {dagbag.py:545} INFO - Filling up the DagBag from /opt/airflow/dags/load_cb_courses.py
[2026-02-25T16:59:40.109+0000] {processor.py:840} INFO - DAG(s) 'load_cb_courses' retrieved from /opt/airflow/dags/load_cb_courses.py
[2026-02-25T16:59:40.134+0000] {logging_mixin.py:188} INFO - [2026-02-25T16:59:40.133+0000] {dag.py:3089} INFO - Sync 1 DAGs
[2026-02-25T16:59:40.158+0000] {logging_mixin.py:188} INFO - [2026-02-25T16:59:40.157+0000] {dag.py:3947} INFO - Setting next_dagrun for load_cb_courses to 2026-02-25 00:00:00+00:00, run_after=2026-02-26 00:00:00+00:00
[2026-02-25T16:59:40.181+0000] {processor.py:183} INFO - Processing /opt/airflow/dags/load_cb_courses.py took 0.660 seconds
[2026-02-25T17:00:10.808+0000] {processor.py:161} INFO - Started process (PID=3908) to work on /opt/airflow/dags/load_cb_courses.py
[2026-02-25T17:00:10.810+0000] {processor.py:830} INFO - Processing file /opt/airflow/dags/load_cb_courses.py for tasks to queue
[2026-02-25T17:00:10.812+0000] {logging_mixin.py:188} INFO - [2026-02-25T17:00:10.812+0000] {dagbag.py:545} INFO - Filling up the DagBag from /opt/airflow/dags/load_cb_courses.py
[2026-02-25T17:00:11.299+0000] {processor.py:840} INFO - DAG(s) 'load_cb_courses' retrieved from /opt/airflow/dags/load_cb_courses.py
[2026-02-25T17:00:11.325+0000] {logging_mixin.py:188} INFO - [2026-02-25T17:00:11.325+0000] {dag.py:3089} INFO - Sync 1 DAGs
[2026-02-25T17:00:11.347+0000] {logging_mixin.py:188} INFO - [2026-02-25T17:00:11.347+0000] {dag.py:3947} INFO - Setting next_dagrun for load_cb_courses to 2026-02-25 00:00:00+00:00, run_after=2026-02-26 00:00:00+00:00
[2026-02-25T17:00:11.370+0000] {processor.py:183} INFO - Processing /opt/airflow/dags/load_cb_courses.py took 0.569 seconds
[2026-02-25T17:00:42.042+0000] {processor.py:161} INFO - Started process (PID=3941) to work on /opt/airflow/dags/load_cb_courses.py
[2026-02-25T17:00:42.044+0000] {processor.py:830} INFO - Processing file /opt/airflow/dags/load_cb_courses.py for tasks to queue
[2026-02-25T17:00:42.046+0000] {logging_mixin.py:188} INFO - [2026-02-25T17:00:42.046+0000] {dagbag.py:545} INFO - Filling up the DagBag from /opt/airflow/dags/load_cb_courses.py
[2026-02-25T17:00:42.628+0000] {processor.py:840} INFO - DAG(s) 'load_cb_courses' retrieved from /opt/airflow/dags/load_cb_courses.py
[2026-02-25T17:00:42.655+0000] {logging_mixin.py:188} INFO - [2026-02-25T17:00:42.654+0000] {dag.py:3089} INFO - Sync 1 DAGs
[2026-02-25T17:00:42.678+0000] {logging_mixin.py:188} INFO - [2026-02-25T17:00:42.678+0000] {dag.py:3947} INFO - Setting next_dagrun for load_cb_courses to 2026-02-25 00:00:00+00:00, run_after=2026-02-26 00:00:00+00:00
[2026-02-25T17:00:42.703+0000] {processor.py:183} INFO - Processing /opt/airflow/dags/load_cb_courses.py took 0.667 seconds
[2026-02-25T17:01:13.426+0000] {processor.py:161} INFO - Started process (PID=3965) to work on /opt/airflow/dags/load_cb_courses.py
[2026-02-25T17:01:13.427+0000] {processor.py:830} INFO - Processing file /opt/airflow/dags/load_cb_courses.py for tasks to queue
[2026-02-25T17:01:13.429+0000] {logging_mixin.py:188} INFO - [2026-02-25T17:01:13.429+0000] {dagbag.py:545} INFO - Filling up the DagBag from /opt/airflow/dags/load_cb_courses.py
[2026-02-25T17:01:13.960+0000] {processor.py:840} INFO - DAG(s) 'load_cb_courses' retrieved from /opt/airflow/dags/load_cb_courses.py
[2026-02-25T17:01:13.992+0000] {logging_mixin.py:188} INFO - [2026-02-25T17:01:13.991+0000] {dag.py:3089} INFO - Sync 1 DAGs
[2026-02-25T17:01:14.020+0000] {logging_mixin.py:188} INFO - [2026-02-25T17:01:14.020+0000] {dag.py:3947} INFO - Setting next_dagrun for load_cb_courses to 2026-02-25 00:00:00+00:00, run_after=2026-02-26 00:00:00+00:00
[2026-02-25T17:01:14.046+0000] {processor.py:183} INFO - Processing /opt/airflow/dags/load_cb_courses.py took 0.626 seconds
[2026-02-25T17:01:44.837+0000] {processor.py:161} INFO - Started process (PID=3997) to work on /opt/airflow/dags/load_cb_courses.py
[2026-02-25T17:01:44.839+0000] {processor.py:830} INFO - Processing file /opt/airflow/dags/load_cb_courses.py for tasks to queue
[2026-02-25T17:01:44.841+0000] {logging_mixin.py:188} INFO - [2026-02-25T17:01:44.841+0000] {dagbag.py:545} INFO - Filling up the DagBag from /opt/airflow/dags/load_cb_courses.py
[2026-02-25T17:01:45.334+0000] {processor.py:840} INFO - DAG(s) 'load_cb_courses' retrieved from /opt/airflow/dags/load_cb_courses.py
[2026-02-25T17:01:45.359+0000] {logging_mixin.py:188} INFO - [2026-02-25T17:01:45.358+0000] {dag.py:3089} INFO - Sync 1 DAGs
[2026-02-25T17:01:45.382+0000] {logging_mixin.py:188} INFO - [2026-02-25T17:01:45.381+0000] {dag.py:3947} INFO - Setting next_dagrun for load_cb_courses to 2026-02-25 00:00:00+00:00, run_after=2026-02-26 00:00:00+00:00
[2026-02-25T17:01:45.406+0000] {processor.py:183} INFO - Processing /opt/airflow/dags/load_cb_courses.py took 0.578 seconds
[2026-02-25T17:02:16.119+0000] {processor.py:161} INFO - Started process (PID=4021) to work on /opt/airflow/dags/load_cb_courses.py
[2026-02-25T17:02:16.121+0000] {processor.py:830} INFO - Processing file /opt/airflow/dags/load_cb_courses.py for tasks to queue
[2026-02-25T17:02:16.127+0000] {logging_mixin.py:188} INFO - [2026-02-25T17:02:16.125+0000] {dagbag.py:545} INFO - Filling up the DagBag from /opt/airflow/dags/load_cb_courses.py
[2026-02-25T17:02:16.738+0000] {processor.py:840} INFO - DAG(s) 'load_cb_courses' retrieved from /opt/airflow/dags/load_cb_courses.py
[2026-02-25T17:02:16.774+0000] {logging_mixin.py:188} INFO - [2026-02-25T17:02:16.774+0000] {dag.py:3089} INFO - Sync 1 DAGs
[2026-02-25T17:02:16.800+0000] {logging_mixin.py:188} INFO - [2026-02-25T17:02:16.800+0000] {dag.py:3947} INFO - Setting next_dagrun for load_cb_courses to 2026-02-25 00:00:00+00:00, run_after=2026-02-26 00:00:00+00:00
[2026-02-25T17:02:16.839+0000] {processor.py:183} INFO - Processing /opt/airflow/dags/load_cb_courses.py took 0.728 seconds
[2026-02-25T17:02:47.507+0000] {processor.py:161} INFO - Started process (PID=4055) to work on /opt/airflow/dags/load_cb_courses.py
[2026-02-25T17:02:47.509+0000] {processor.py:830} INFO - Processing file /opt/airflow/dags/load_cb_courses.py for tasks to queue
[2026-02-25T17:02:47.511+0000] {logging_mixin.py:188} INFO - [2026-02-25T17:02:47.511+0000] {dagbag.py:545} INFO - Filling up the DagBag from /opt/airflow/dags/load_cb_courses.py
[2026-02-25T17:02:48.014+0000] {processor.py:840} INFO - DAG(s) 'load_cb_courses' retrieved from /opt/airflow/dags/load_cb_courses.py
[2026-02-25T17:02:48.038+0000] {logging_mixin.py:188} INFO - [2026-02-25T17:02:48.037+0000] {dag.py:3089} INFO - Sync 1 DAGs
[2026-02-25T17:02:48.058+0000] {logging_mixin.py:188} INFO - [2026-02-25T17:02:48.057+0000] {dag.py:3947} INFO - Setting next_dagrun for load_cb_courses to 2026-02-25 00:00:00+00:00, run_after=2026-02-26 00:00:00+00:00
[2026-02-25T17:02:48.077+0000] {processor.py:183} INFO - Processing /opt/airflow/dags/load_cb_courses.py took 0.578 seconds
[2026-02-25T17:03:19.059+0000] {processor.py:161} INFO - Started process (PID=4087) to work on /opt/airflow/dags/load_cb_courses.py
[2026-02-25T17:03:19.060+0000] {processor.py:830} INFO - Processing file /opt/airflow/dags/load_cb_courses.py for tasks to queue
[2026-02-25T17:03:19.062+0000] {logging_mixin.py:188} INFO - [2026-02-25T17:03:19.062+0000] {dagbag.py:545} INFO - Filling up the DagBag from /opt/airflow/dags/load_cb_courses.py
[2026-02-25T17:03:19.573+0000] {processor.py:840} INFO - DAG(s) 'load_cb_courses' retrieved from /opt/airflow/dags/load_cb_courses.py
[2026-02-25T17:03:19.596+0000] {logging_mixin.py:188} INFO - [2026-02-25T17:03:19.596+0000] {dag.py:3089} INFO - Sync 1 DAGs
[2026-02-25T17:03:19.618+0000] {logging_mixin.py:188} INFO - [2026-02-25T17:03:19.618+0000] {dag.py:3947} INFO - Setting next_dagrun for load_cb_courses to 2026-02-25 00:00:00+00:00, run_after=2026-02-26 00:00:00+00:00
[2026-02-25T17:03:19.643+0000] {processor.py:183} INFO - Processing /opt/airflow/dags/load_cb_courses.py took 0.591 seconds
[2026-02-25T17:03:50.453+0000] {processor.py:161} INFO - Started process (PID=4112) to work on /opt/airflow/dags/load_cb_courses.py
[2026-02-25T17:03:50.454+0000] {processor.py:830} INFO - Processing file /opt/airflow/dags/load_cb_courses.py for tasks to queue
[2026-02-25T17:03:50.457+0000] {logging_mixin.py:188} INFO - [2026-02-25T17:03:50.457+0000] {dagbag.py:545} INFO - Filling up the DagBag from /opt/airflow/dags/load_cb_courses.py
[2026-02-25T17:03:51.037+0000] {processor.py:840} INFO - DAG(s) 'load_cb_courses' retrieved from /opt/airflow/dags/load_cb_courses.py
[2026-02-25T17:03:51.062+0000] {logging_mixin.py:188} INFO - [2026-02-25T17:03:51.061+0000] {dag.py:3089} INFO - Sync 1 DAGs
[2026-02-25T17:03:51.087+0000] {logging_mixin.py:188} INFO - [2026-02-25T17:03:51.087+0000] {dag.py:3947} INFO - Setting next_dagrun for load_cb_courses to 2026-02-25 00:00:00+00:00, run_after=2026-02-26 00:00:00+00:00
[2026-02-25T17:03:51.111+0000] {processor.py:183} INFO - Processing /opt/airflow/dags/load_cb_courses.py took 0.664 seconds
[2026-02-25T17:04:21.829+0000] {processor.py:161} INFO - Started process (PID=4143) to work on /opt/airflow/dags/load_cb_courses.py
[2026-02-25T17:04:21.831+0000] {processor.py:830} INFO - Processing file /opt/airflow/dags/load_cb_courses.py for tasks to queue
[2026-02-25T17:04:21.833+0000] {logging_mixin.py:188} INFO - [2026-02-25T17:04:21.833+0000] {dagbag.py:545} INFO - Filling up the DagBag from /opt/airflow/dags/load_cb_courses.py
[2026-02-25T17:04:22.493+0000] {processor.py:840} INFO - DAG(s) 'load_cb_courses' retrieved from /opt/airflow/dags/load_cb_courses.py
[2026-02-25T17:04:22.527+0000] {logging_mixin.py:188} INFO - [2026-02-25T17:04:22.526+0000] {dag.py:3089} INFO - Sync 1 DAGs
[2026-02-25T17:04:22.553+0000] {logging_mixin.py:188} INFO - [2026-02-25T17:04:22.553+0000] {dag.py:3947} INFO - Setting next_dagrun for load_cb_courses to 2026-02-25 00:00:00+00:00, run_after=2026-02-26 00:00:00+00:00
[2026-02-25T17:04:22.578+0000] {processor.py:183} INFO - Processing /opt/airflow/dags/load_cb_courses.py took 0.755 seconds
[2026-02-25T17:04:53.530+0000] {processor.py:161} INFO - Started process (PID=4167) to work on /opt/airflow/dags/load_cb_courses.py
[2026-02-25T17:04:53.532+0000] {processor.py:830} INFO - Processing file /opt/airflow/dags/load_cb_courses.py for tasks to queue
[2026-02-25T17:04:53.535+0000] {logging_mixin.py:188} INFO - [2026-02-25T17:04:53.534+0000] {dagbag.py:545} INFO - Filling up the DagBag from /opt/airflow/dags/load_cb_courses.py
[2026-02-25T17:04:54.031+0000] {processor.py:840} INFO - DAG(s) 'load_cb_courses' retrieved from /opt/airflow/dags/load_cb_courses.py
[2026-02-25T17:04:54.055+0000] {logging_mixin.py:188} INFO - [2026-02-25T17:04:54.055+0000] {dag.py:3089} INFO - Sync 1 DAGs
[2026-02-25T17:04:54.075+0000] {logging_mixin.py:188} INFO - [2026-02-25T17:04:54.075+0000] {dag.py:3947} INFO - Setting next_dagrun for load_cb_courses to 2026-02-25 00:00:00+00:00, run_after=2026-02-26 00:00:00+00:00
[2026-02-25T17:04:54.099+0000] {processor.py:183} INFO - Processing /opt/airflow/dags/load_cb_courses.py took 0.576 seconds
[2026-02-25T17:05:24.489+0000] {processor.py:161} INFO - Started process (PID=4212) to work on /opt/airflow/dags/load_cb_courses.py
[2026-02-25T17:05:24.494+0000] {processor.py:830} INFO - Processing file /opt/airflow/dags/load_cb_courses.py for tasks to queue
[2026-02-25T17:05:24.499+0000] {logging_mixin.py:188} INFO - [2026-02-25T17:05:24.499+0000] {dagbag.py:545} INFO - Filling up the DagBag from /opt/airflow/dags/load_cb_courses.py
[2026-02-25T17:05:25.150+0000] {processor.py:840} INFO - DAG(s) 'load_cb_courses' retrieved from /opt/airflow/dags/load_cb_courses.py
[2026-02-25T17:05:25.178+0000] {logging_mixin.py:188} INFO - [2026-02-25T17:05:25.177+0000] {dag.py:3089} INFO - Sync 1 DAGs
[2026-02-25T17:05:25.203+0000] {logging_mixin.py:188} INFO - [2026-02-25T17:05:25.202+0000] {dag.py:3947} INFO - Setting next_dagrun for load_cb_courses to 2026-02-25 00:00:00+00:00, run_after=2026-02-26 00:00:00+00:00
[2026-02-25T17:05:25.229+0000] {processor.py:183} INFO - Processing /opt/airflow/dags/load_cb_courses.py took 0.747 seconds
[2026-02-25T17:05:55.689+0000] {processor.py:161} INFO - Started process (PID=4257) to work on /opt/airflow/dags/load_cb_courses.py
[2026-02-25T17:05:55.691+0000] {processor.py:830} INFO - Processing file /opt/airflow/dags/load_cb_courses.py for tasks to queue
[2026-02-25T17:05:55.693+0000] {logging_mixin.py:188} INFO - [2026-02-25T17:05:55.693+0000] {dagbag.py:545} INFO - Filling up the DagBag from /opt/airflow/dags/load_cb_courses.py
[2026-02-25T17:05:56.227+0000] {processor.py:840} INFO - DAG(s) 'load_cb_courses' retrieved from /opt/airflow/dags/load_cb_courses.py
[2026-02-25T17:05:56.252+0000] {logging_mixin.py:188} INFO - [2026-02-25T17:05:56.251+0000] {dag.py:3089} INFO - Sync 1 DAGs
[2026-02-25T17:05:56.275+0000] {logging_mixin.py:188} INFO - [2026-02-25T17:05:56.275+0000] {dag.py:3947} INFO - Setting next_dagrun for load_cb_courses to 2026-02-25 00:00:00+00:00, run_after=2026-02-26 00:00:00+00:00
[2026-02-25T17:05:56.296+0000] {processor.py:183} INFO - Processing /opt/airflow/dags/load_cb_courses.py took 0.619 seconds
[2026-02-25T17:06:27.099+0000] {processor.py:161} INFO - Started process (PID=4284) to work on /opt/airflow/dags/load_cb_courses.py
[2026-02-25T17:06:27.101+0000] {processor.py:830} INFO - Processing file /opt/airflow/dags/load_cb_courses.py for tasks to queue
[2026-02-25T17:06:27.104+0000] {logging_mixin.py:188} INFO - [2026-02-25T17:06:27.103+0000] {dagbag.py:545} INFO - Filling up the DagBag from /opt/airflow/dags/load_cb_courses.py
[2026-02-25T17:06:24.912+0000] {processor.py:840} INFO - DAG(s) 'load_cb_courses' retrieved from /opt/airflow/dags/load_cb_courses.py
[2026-02-25T17:06:24.937+0000] {logging_mixin.py:188} INFO - [2026-02-25T17:06:24.937+0000] {dag.py:3089} INFO - Sync 1 DAGs
[2026-02-25T17:06:24.961+0000] {logging_mixin.py:188} INFO - [2026-02-25T17:06:24.960+0000] {dag.py:3947} INFO - Setting next_dagrun for load_cb_courses to 2026-02-25 00:00:00+00:00, run_after=2026-02-26 00:00:00+00:00
[2026-02-25T17:06:24.985+0000] {processor.py:183} INFO - Processing /opt/airflow/dags/load_cb_courses.py took 0.622 seconds
[2026-02-25T17:06:55.128+0000] {processor.py:161} INFO - Started process (PID=4316) to work on /opt/airflow/dags/load_cb_courses.py
[2026-02-25T17:06:55.130+0000] {processor.py:830} INFO - Processing file /opt/airflow/dags/load_cb_courses.py for tasks to queue
[2026-02-25T17:06:55.132+0000] {logging_mixin.py:188} INFO - [2026-02-25T17:06:55.132+0000] {dagbag.py:545} INFO - Filling up the DagBag from /opt/airflow/dags/load_cb_courses.py
[2026-02-25T17:06:55.631+0000] {processor.py:840} INFO - DAG(s) 'load_cb_courses' retrieved from /opt/airflow/dags/load_cb_courses.py
[2026-02-25T17:06:55.673+0000] {logging_mixin.py:188} INFO - [2026-02-25T17:06:55.672+0000] {dag.py:3089} INFO - Sync 1 DAGs
[2026-02-25T17:06:55.697+0000] {logging_mixin.py:188} INFO - [2026-02-25T17:06:55.697+0000] {dag.py:3947} INFO - Setting next_dagrun for load_cb_courses to 2026-02-25 00:00:00+00:00, run_after=2026-02-26 00:00:00+00:00
[2026-02-25T17:06:55.720+0000] {processor.py:183} INFO - Processing /opt/airflow/dags/load_cb_courses.py took 0.599 seconds
[2026-02-25T17:07:26.042+0000] {processor.py:161} INFO - Started process (PID=4347) to work on /opt/airflow/dags/load_cb_courses.py
[2026-02-25T17:07:26.043+0000] {processor.py:830} INFO - Processing file /opt/airflow/dags/load_cb_courses.py for tasks to queue
[2026-02-25T17:07:26.046+0000] {logging_mixin.py:188} INFO - [2026-02-25T17:07:26.046+0000] {dagbag.py:545} INFO - Filling up the DagBag from /opt/airflow/dags/load_cb_courses.py
[2026-02-25T17:07:26.671+0000] {processor.py:840} INFO - DAG(s) 'load_cb_courses' retrieved from /opt/airflow/dags/load_cb_courses.py
[2026-02-25T17:07:26.725+0000] {logging_mixin.py:188} INFO - [2026-02-25T17:07:26.724+0000] {dag.py:3089} INFO - Sync 1 DAGs
[2026-02-25T17:07:26.766+0000] {logging_mixin.py:188} INFO - [2026-02-25T17:07:26.766+0000] {dag.py:3947} INFO - Setting next_dagrun for load_cb_courses to 2026-02-25 00:00:00+00:00, run_after=2026-02-26 00:00:00+00:00
[2026-02-25T17:07:26.816+0000] {processor.py:183} INFO - Processing /opt/airflow/dags/load_cb_courses.py took 0.781 seconds
[2026-02-25T17:07:57.486+0000] {processor.py:161} INFO - Started process (PID=4381) to work on /opt/airflow/dags/load_cb_courses.py
[2026-02-25T17:07:57.488+0000] {processor.py:830} INFO - Processing file /opt/airflow/dags/load_cb_courses.py for tasks to queue
[2026-02-25T17:07:57.490+0000] {logging_mixin.py:188} INFO - [2026-02-25T17:07:57.489+0000] {dagbag.py:545} INFO - Filling up the DagBag from /opt/airflow/dags/load_cb_courses.py
[2026-02-25T17:07:58.005+0000] {processor.py:840} INFO - DAG(s) 'load_cb_courses' retrieved from /opt/airflow/dags/load_cb_courses.py
[2026-02-25T17:07:58.031+0000] {logging_mixin.py:188} INFO - [2026-02-25T17:07:58.031+0000] {dag.py:3089} INFO - Sync 1 DAGs
[2026-02-25T17:07:58.057+0000] {logging_mixin.py:188} INFO - [2026-02-25T17:07:58.056+0000] {dag.py:3947} INFO - Setting next_dagrun for load_cb_courses to 2026-02-25 00:00:00+00:00, run_after=2026-02-26 00:00:00+00:00
[2026-02-25T17:07:58.078+0000] {processor.py:183} INFO - Processing /opt/airflow/dags/load_cb_courses.py took 0.599 seconds
[2026-02-25T17:08:28.705+0000] {processor.py:161} INFO - Started process (PID=4407) to work on /opt/airflow/dags/load_cb_courses.py
[2026-02-25T17:08:28.707+0000] {processor.py:830} INFO - Processing file /opt/airflow/dags/load_cb_courses.py for tasks to queue
[2026-02-25T17:08:28.709+0000] {logging_mixin.py:188} INFO - [2026-02-25T17:08:28.709+0000] {dagbag.py:545} INFO - Filling up the DagBag from /opt/airflow/dags/load_cb_courses.py
[2026-02-25T17:08:29.249+0000] {processor.py:840} INFO - DAG(s) 'load_cb_courses' retrieved from /opt/airflow/dags/load_cb_courses.py
[2026-02-25T17:08:29.274+0000] {logging_mixin.py:188} INFO - [2026-02-25T17:08:29.273+0000] {dag.py:3089} INFO - Sync 1 DAGs
[2026-02-25T17:08:29.301+0000] {logging_mixin.py:188} INFO - [2026-02-25T17:08:29.300+0000] {dag.py:3947} INFO - Setting next_dagrun for load_cb_courses to 2026-02-25 00:00:00+00:00, run_after=2026-02-26 00:00:00+00:00
[2026-02-25T17:08:29.324+0000] {processor.py:183} INFO - Processing /opt/airflow/dags/load_cb_courses.py took 0.625 seconds
[2026-02-25T17:09:00.008+0000] {processor.py:161} INFO - Started process (PID=4440) to work on /opt/airflow/dags/load_cb_courses.py
[2026-02-25T17:09:00.011+0000] {processor.py:830} INFO - Processing file /opt/airflow/dags/load_cb_courses.py for tasks to queue
[2026-02-25T17:09:00.015+0000] {logging_mixin.py:188} INFO - [2026-02-25T17:09:00.015+0000] {dagbag.py:545} INFO - Filling up the DagBag from /opt/airflow/dags/load_cb_courses.py
[2026-02-25T17:09:00.617+0000] {processor.py:840} INFO - DAG(s) 'load_cb_courses' retrieved from /opt/airflow/dags/load_cb_courses.py
[2026-02-25T17:09:00.650+0000] {logging_mixin.py:188} INFO - [2026-02-25T17:09:00.649+0000] {dag.py:3089} INFO - Sync 1 DAGs
[2026-02-25T17:09:00.686+0000] {logging_mixin.py:188} INFO - [2026-02-25T17:09:00.686+0000] {dag.py:3947} INFO - Setting next_dagrun for load_cb_courses to 2026-02-25 00:00:00+00:00, run_after=2026-02-26 00:00:00+00:00
[2026-02-25T17:09:00.711+0000] {processor.py:183} INFO - Processing /opt/airflow/dags/load_cb_courses.py took 0.720 seconds
[2026-02-25T17:09:31.036+0000] {processor.py:161} INFO - Started process (PID=4472) to work on /opt/airflow/dags/load_cb_courses.py
[2026-02-25T17:09:31.038+0000] {processor.py:830} INFO - Processing file /opt/airflow/dags/load_cb_courses.py for tasks to queue
[2026-02-25T17:09:31.041+0000] {logging_mixin.py:188} INFO - [2026-02-25T17:09:31.040+0000] {dagbag.py:545} INFO - Filling up the DagBag from /opt/airflow/dags/load_cb_courses.py
[2026-02-25T17:09:31.541+0000] {processor.py:840} INFO - DAG(s) 'load_cb_courses' retrieved from /opt/airflow/dags/load_cb_courses.py
[2026-02-25T17:09:31.567+0000] {logging_mixin.py:188} INFO - [2026-02-25T17:09:31.567+0000] {dag.py:3089} INFO - Sync 1 DAGs
[2026-02-25T17:09:31.592+0000] {logging_mixin.py:188} INFO - [2026-02-25T17:09:31.592+0000] {dag.py:3947} INFO - Setting next_dagrun for load_cb_courses to 2026-02-25 00:00:00+00:00, run_after=2026-02-26 00:00:00+00:00
[2026-02-25T17:09:31.620+0000] {processor.py:183} INFO - Processing /opt/airflow/dags/load_cb_courses.py took 0.592 seconds
[2026-02-25T17:10:01.750+0000] {processor.py:161} INFO - Started process (PID=4517) to work on /opt/airflow/dags/load_cb_courses.py
[2026-02-25T17:10:01.751+0000] {processor.py:830} INFO - Processing file /opt/airflow/dags/load_cb_courses.py for tasks to queue
[2026-02-25T17:10:01.755+0000] {logging_mixin.py:188} INFO - [2026-02-25T17:10:01.754+0000] {dagbag.py:545} INFO - Filling up the DagBag from /opt/airflow/dags/load_cb_courses.py
[2026-02-25T17:10:02.361+0000] {processor.py:840} INFO - DAG(s) 'load_cb_courses' retrieved from /opt/airflow/dags/load_cb_courses.py
[2026-02-25T17:10:02.386+0000] {logging_mixin.py:188} INFO - [2026-02-25T17:10:02.386+0000] {dag.py:3089} INFO - Sync 1 DAGs
[2026-02-25T17:10:02.409+0000] {logging_mixin.py:188} INFO - [2026-02-25T17:10:02.409+0000] {dag.py:3947} INFO - Setting next_dagrun for load_cb_courses to 2026-02-25 00:00:00+00:00, run_after=2026-02-26 00:00:00+00:00
[2026-02-25T17:10:02.431+0000] {processor.py:183} INFO - Processing /opt/airflow/dags/load_cb_courses.py took 0.689 seconds
[2026-02-25T17:10:32.707+0000] {processor.py:161} INFO - Started process (PID=4546) to work on /opt/airflow/dags/load_cb_courses.py
[2026-02-25T17:10:32.709+0000] {processor.py:830} INFO - Processing file /opt/airflow/dags/load_cb_courses.py for tasks to queue
[2026-02-25T17:10:32.711+0000] {logging_mixin.py:188} INFO - [2026-02-25T17:10:32.711+0000] {dagbag.py:545} INFO - Filling up the DagBag from /opt/airflow/dags/load_cb_courses.py
[2026-02-25T17:10:30.727+0000] {processor.py:840} INFO - DAG(s) 'load_cb_courses' retrieved from /opt/airflow/dags/load_cb_courses.py
[2026-02-25T17:10:30.756+0000] {logging_mixin.py:188} INFO - [2026-02-25T17:10:30.755+0000] {dag.py:3089} INFO - Sync 1 DAGs
[2026-02-25T17:10:30.785+0000] {logging_mixin.py:188} INFO - [2026-02-25T17:10:30.784+0000] {dag.py:3947} INFO - Setting next_dagrun for load_cb_courses to 2026-02-25 00:00:00+00:00, run_after=2026-02-26 00:00:00+00:00
[2026-02-25T17:10:30.810+0000] {processor.py:183} INFO - Processing /opt/airflow/dags/load_cb_courses.py took 0.841 seconds
[2026-02-25T17:11:01.532+0000] {processor.py:161} INFO - Started process (PID=4580) to work on /opt/airflow/dags/load_cb_courses.py
[2026-02-25T17:11:01.534+0000] {processor.py:830} INFO - Processing file /opt/airflow/dags/load_cb_courses.py for tasks to queue
[2026-02-25T17:11:01.537+0000] {logging_mixin.py:188} INFO - [2026-02-25T17:11:01.537+0000] {dagbag.py:545} INFO - Filling up the DagBag from /opt/airflow/dags/load_cb_courses.py
[2026-02-25T17:11:02.092+0000] {processor.py:840} INFO - DAG(s) 'load_cb_courses' retrieved from /opt/airflow/dags/load_cb_courses.py
[2026-02-25T17:11:02.117+0000] {logging_mixin.py:188} INFO - [2026-02-25T17:11:02.117+0000] {dag.py:3089} INFO - Sync 1 DAGs
[2026-02-25T17:11:02.143+0000] {logging_mixin.py:188} INFO - [2026-02-25T17:11:02.142+0000] {dag.py:3947} INFO - Setting next_dagrun for load_cb_courses to 2026-02-25 00:00:00+00:00, run_after=2026-02-26 00:00:00+00:00
[2026-02-25T17:11:02.164+0000] {processor.py:183} INFO - Processing /opt/airflow/dags/load_cb_courses.py took 0.640 seconds
[2026-02-25T17:11:32.808+0000] {processor.py:161} INFO - Started process (PID=4611) to work on /opt/airflow/dags/load_cb_courses.py
[2026-02-25T17:11:32.810+0000] {processor.py:830} INFO - Processing file /opt/airflow/dags/load_cb_courses.py for tasks to queue
[2026-02-25T17:11:32.813+0000] {logging_mixin.py:188} INFO - [2026-02-25T17:11:32.812+0000] {dagbag.py:545} INFO - Filling up the DagBag from /opt/airflow/dags/load_cb_courses.py
[2026-02-25T17:11:33.402+0000] {processor.py:840} INFO - DAG(s) 'load_cb_courses' retrieved from /opt/airflow/dags/load_cb_courses.py
[2026-02-25T17:11:33.424+0000] {logging_mixin.py:188} INFO - [2026-02-25T17:11:33.423+0000] {dag.py:3089} INFO - Sync 1 DAGs
[2026-02-25T17:11:33.445+0000] {logging_mixin.py:188} INFO - [2026-02-25T17:11:33.445+0000] {dag.py:3947} INFO - Setting next_dagrun for load_cb_courses to 2026-02-25 00:00:00+00:00, run_after=2026-02-26 00:00:00+00:00
[2026-02-25T17:11:33.467+0000] {processor.py:183} INFO - Processing /opt/airflow/dags/load_cb_courses.py took 0.667 seconds
[2026-02-25T17:12:03.711+0000] {processor.py:161} INFO - Started process (PID=4644) to work on /opt/airflow/dags/load_cb_courses.py
[2026-02-25T17:12:03.713+0000] {processor.py:830} INFO - Processing file /opt/airflow/dags/load_cb_courses.py for tasks to queue
[2026-02-25T17:12:03.715+0000] {logging_mixin.py:188} INFO - [2026-02-25T17:12:03.715+0000] {dagbag.py:545} INFO - Filling up the DagBag from /opt/airflow/dags/load_cb_courses.py
[2026-02-25T17:12:04.199+0000] {processor.py:840} INFO - DAG(s) 'load_cb_courses' retrieved from /opt/airflow/dags/load_cb_courses.py
[2026-02-25T17:12:04.224+0000] {logging_mixin.py:188} INFO - [2026-02-25T17:12:04.223+0000] {dag.py:3089} INFO - Sync 1 DAGs
[2026-02-25T17:12:04.246+0000] {logging_mixin.py:188} INFO - [2026-02-25T17:12:04.245+0000] {dag.py:3947} INFO - Setting next_dagrun for load_cb_courses to 2026-02-25 00:00:00+00:00, run_after=2026-02-26 00:00:00+00:00
[2026-02-25T17:12:04.272+0000] {processor.py:183} INFO - Processing /opt/airflow/dags/load_cb_courses.py took 0.568 seconds
[2026-02-25T17:12:34.361+0000] {processor.py:161} INFO - Started process (PID=4670) to work on /opt/airflow/dags/load_cb_courses.py
[2026-02-25T17:12:34.364+0000] {processor.py:830} INFO - Processing file /opt/airflow/dags/load_cb_courses.py for tasks to queue
[2026-02-25T17:12:34.367+0000] {logging_mixin.py:188} INFO - [2026-02-25T17:12:34.366+0000] {dagbag.py:545} INFO - Filling up the DagBag from /opt/airflow/dags/load_cb_courses.py
[2026-02-25T17:12:34.928+0000] {processor.py:840} INFO - DAG(s) 'load_cb_courses' retrieved from /opt/airflow/dags/load_cb_courses.py
[2026-02-25T17:12:34.954+0000] {logging_mixin.py:188} INFO - [2026-02-25T17:12:34.954+0000] {dag.py:3089} INFO - Sync 1 DAGs
[2026-02-25T17:12:34.984+0000] {logging_mixin.py:188} INFO - [2026-02-25T17:12:34.983+0000] {dag.py:3947} INFO - Setting next_dagrun for load_cb_courses to 2026-02-25 00:00:00+00:00, run_after=2026-02-26 00:00:00+00:00
[2026-02-25T17:12:35.015+0000] {processor.py:183} INFO - Processing /opt/airflow/dags/load_cb_courses.py took 0.662 seconds
[2026-02-25T17:13:05.162+0000] {processor.py:161} INFO - Started process (PID=4704) to work on /opt/airflow/dags/load_cb_courses.py
[2026-02-25T17:13:05.164+0000] {processor.py:830} INFO - Processing file /opt/airflow/dags/load_cb_courses.py for tasks to queue
[2026-02-25T17:13:05.166+0000] {logging_mixin.py:188} INFO - [2026-02-25T17:13:05.166+0000] {dagbag.py:545} INFO - Filling up the DagBag from /opt/airflow/dags/load_cb_courses.py
[2026-02-25T17:13:05.690+0000] {processor.py:840} INFO - DAG(s) 'load_cb_courses' retrieved from /opt/airflow/dags/load_cb_courses.py
[2026-02-25T17:13:05.720+0000] {logging_mixin.py:188} INFO - [2026-02-25T17:13:05.720+0000] {dag.py:3089} INFO - Sync 1 DAGs
[2026-02-25T17:13:05.748+0000] {logging_mixin.py:188} INFO - [2026-02-25T17:13:05.747+0000] {dag.py:3947} INFO - Setting next_dagrun for load_cb_courses to 2026-02-25 00:00:00+00:00, run_after=2026-02-26 00:00:00+00:00
[2026-02-25T17:13:05.773+0000] {processor.py:183} INFO - Processing /opt/airflow/dags/load_cb_courses.py took 0.618 seconds
[2026-02-25T17:13:36.063+0000] {processor.py:161} INFO - Started process (PID=4731) to work on /opt/airflow/dags/load_cb_courses.py
[2026-02-25T17:13:36.065+0000] {processor.py:830} INFO - Processing file /opt/airflow/dags/load_cb_courses.py for tasks to queue
[2026-02-25T17:13:36.068+0000] {logging_mixin.py:188} INFO - [2026-02-25T17:13:36.067+0000] {dagbag.py:545} INFO - Filling up the DagBag from /opt/airflow/dags/load_cb_courses.py
[2026-02-25T17:13:36.575+0000] {processor.py:840} INFO - DAG(s) 'load_cb_courses' retrieved from /opt/airflow/dags/load_cb_courses.py
[2026-02-25T17:13:36.600+0000] {logging_mixin.py:188} INFO - [2026-02-25T17:13:36.599+0000] {dag.py:3089} INFO - Sync 1 DAGs
[2026-02-25T17:13:36.622+0000] {logging_mixin.py:188} INFO - [2026-02-25T17:13:36.622+0000] {dag.py:3947} INFO - Setting next_dagrun for load_cb_courses to 2026-02-25 00:00:00+00:00, run_after=2026-02-26 00:00:00+00:00
[2026-02-25T17:13:36.646+0000] {processor.py:183} INFO - Processing /opt/airflow/dags/load_cb_courses.py took 0.590 seconds
[2026-02-25T17:14:06.866+0000] {processor.py:161} INFO - Started process (PID=4765) to work on /opt/airflow/dags/load_cb_courses.py
[2026-02-25T17:14:06.868+0000] {processor.py:830} INFO - Processing file /opt/airflow/dags/load_cb_courses.py for tasks to queue
[2026-02-25T17:14:06.870+0000] {logging_mixin.py:188} INFO - [2026-02-25T17:14:06.870+0000] {dagbag.py:545} INFO - Filling up the DagBag from /opt/airflow/dags/load_cb_courses.py
[2026-02-25T17:14:07.348+0000] {processor.py:840} INFO - DAG(s) 'load_cb_courses' retrieved from /opt/airflow/dags/load_cb_courses.py
[2026-02-25T17:14:07.373+0000] {logging_mixin.py:188} INFO - [2026-02-25T17:14:07.372+0000] {dag.py:3089} INFO - Sync 1 DAGs
[2026-02-25T17:14:07.392+0000] {logging_mixin.py:188} INFO - [2026-02-25T17:14:07.392+0000] {dag.py:3947} INFO - Setting next_dagrun for load_cb_courses to 2026-02-25 00:00:00+00:00, run_after=2026-02-26 00:00:00+00:00
[2026-02-25T17:14:07.420+0000] {processor.py:183} INFO - Processing /opt/airflow/dags/load_cb_courses.py took 0.561 seconds
[2026-02-25T17:14:37.708+0000] {processor.py:161} INFO - Started process (PID=4798) to work on /opt/airflow/dags/load_cb_courses.py
[2026-02-25T17:14:37.710+0000] {processor.py:830} INFO - Processing file /opt/airflow/dags/load_cb_courses.py for tasks to queue
[2026-02-25T17:14:37.712+0000] {logging_mixin.py:188} INFO - [2026-02-25T17:14:37.712+0000] {dagbag.py:545} INFO - Filling up the DagBag from /opt/airflow/dags/load_cb_courses.py
[2026-02-25T17:14:38.198+0000] {processor.py:840} INFO - DAG(s) 'load_cb_courses' retrieved from /opt/airflow/dags/load_cb_courses.py
[2026-02-25T17:14:38.224+0000] {logging_mixin.py:188} INFO - [2026-02-25T17:14:38.224+0000] {dag.py:3089} INFO - Sync 1 DAGs
[2026-02-25T17:14:38.248+0000] {logging_mixin.py:188} INFO - [2026-02-25T17:14:38.248+0000] {dag.py:3947} INFO - Setting next_dagrun for load_cb_courses to 2026-02-25 00:00:00+00:00, run_after=2026-02-26 00:00:00+00:00
[2026-02-25T17:14:38.272+0000] {processor.py:183} INFO - Processing /opt/airflow/dags/load_cb_courses.py took 0.570 seconds
[2026-02-25T17:15:08.952+0000] {processor.py:161} INFO - Started process (PID=4825) to work on /opt/airflow/dags/load_cb_courses.py
[2026-02-25T17:15:08.953+0000] {processor.py:830} INFO - Processing file /opt/airflow/dags/load_cb_courses.py for tasks to queue
[2026-02-25T17:15:08.957+0000] {logging_mixin.py:188} INFO - [2026-02-25T17:15:08.956+0000] {dagbag.py:545} INFO - Filling up the DagBag from /opt/airflow/dags/load_cb_courses.py
[2026-02-25T17:15:09.482+0000] {processor.py:840} INFO - DAG(s) 'load_cb_courses' retrieved from /opt/airflow/dags/load_cb_courses.py
[2026-02-25T17:15:09.507+0000] {logging_mixin.py:188} INFO - [2026-02-25T17:15:09.506+0000] {dag.py:3089} INFO - Sync 1 DAGs
[2026-02-25T17:15:09.530+0000] {logging_mixin.py:188} INFO - [2026-02-25T17:15:09.530+0000] {dag.py:3947} INFO - Setting next_dagrun for load_cb_courses to 2026-02-25 00:00:00+00:00, run_after=2026-02-26 00:00:00+00:00
[2026-02-25T17:15:09.552+0000] {processor.py:183} INFO - Processing /opt/airflow/dags/load_cb_courses.py took 0.608 seconds
[2026-02-25T17:15:39.924+0000] {processor.py:161} INFO - Started process (PID=4859) to work on /opt/airflow/dags/load_cb_courses.py
[2026-02-25T17:15:39.926+0000] {processor.py:830} INFO - Processing file /opt/airflow/dags/load_cb_courses.py for tasks to queue
[2026-02-25T17:15:39.929+0000] {logging_mixin.py:188} INFO - [2026-02-25T17:15:39.928+0000] {dagbag.py:545} INFO - Filling up the DagBag from /opt/airflow/dags/load_cb_courses.py
[2026-02-25T17:15:40.414+0000] {processor.py:840} INFO - DAG(s) 'load_cb_courses' retrieved from /opt/airflow/dags/load_cb_courses.py
[2026-02-25T17:15:40.437+0000] {logging_mixin.py:188} INFO - [2026-02-25T17:15:40.437+0000] {dag.py:3089} INFO - Sync 1 DAGs
[2026-02-25T17:15:40.457+0000] {logging_mixin.py:188} INFO - [2026-02-25T17:15:40.457+0000] {dag.py:3947} INFO - Setting next_dagrun for load_cb_courses to 2026-02-25 00:00:00+00:00, run_after=2026-02-26 00:00:00+00:00
[2026-02-25T17:15:40.481+0000] {processor.py:183} INFO - Processing /opt/airflow/dags/load_cb_courses.py took 0.564 seconds
[2026-02-25T17:16:10.942+0000] {processor.py:161} INFO - Started process (PID=4885) to work on /opt/airflow/dags/load_cb_courses.py
[2026-02-25T17:16:10.943+0000] {processor.py:830} INFO - Processing file /opt/airflow/dags/load_cb_courses.py for tasks to queue
[2026-02-25T17:16:10.945+0000] {logging_mixin.py:188} INFO - [2026-02-25T17:16:10.945+0000] {dagbag.py:545} INFO - Filling up the DagBag from /opt/airflow/dags/load_cb_courses.py
[2026-02-25T17:16:11.469+0000] {processor.py:840} INFO - DAG(s) 'load_cb_courses' retrieved from /opt/airflow/dags/load_cb_courses.py
[2026-02-25T17:16:11.495+0000] {logging_mixin.py:188} INFO - [2026-02-25T17:16:11.495+0000] {dag.py:3089} INFO - Sync 1 DAGs
[2026-02-25T17:16:11.516+0000] {logging_mixin.py:188} INFO - [2026-02-25T17:16:11.516+0000] {dag.py:3947} INFO - Setting next_dagrun for load_cb_courses to 2026-02-25 00:00:00+00:00, run_after=2026-02-26 00:00:00+00:00
[2026-02-25T17:16:11.537+0000] {processor.py:183} INFO - Processing /opt/airflow/dags/load_cb_courses.py took 0.602 seconds
[2026-02-25T17:16:41.710+0000] {processor.py:161} INFO - Started process (PID=4916) to work on /opt/airflow/dags/load_cb_courses.py
[2026-02-25T17:16:41.712+0000] {processor.py:830} INFO - Processing file /opt/airflow/dags/load_cb_courses.py for tasks to queue
[2026-02-25T17:16:41.714+0000] {logging_mixin.py:188} INFO - [2026-02-25T17:16:41.714+0000] {dagbag.py:545} INFO - Filling up the DagBag from /opt/airflow/dags/load_cb_courses.py
[2026-02-25T17:16:42.198+0000] {processor.py:840} INFO - DAG(s) 'load_cb_courses' retrieved from /opt/airflow/dags/load_cb_courses.py
[2026-02-25T17:16:42.223+0000] {logging_mixin.py:188} INFO - [2026-02-25T17:16:42.223+0000] {dag.py:3089} INFO - Sync 1 DAGs
[2026-02-25T17:16:42.246+0000] {logging_mixin.py:188} INFO - [2026-02-25T17:16:42.246+0000] {dag.py:3947} INFO - Setting next_dagrun for load_cb_courses to 2026-02-25 00:00:00+00:00, run_after=2026-02-26 00:00:00+00:00
[2026-02-25T17:16:42.267+0000] {processor.py:183} INFO - Processing /opt/airflow/dags/load_cb_courses.py took 0.564 seconds
[2026-02-25T17:17:12.405+0000] {processor.py:161} INFO - Started process (PID=4949) to work on /opt/airflow/dags/load_cb_courses.py
[2026-02-25T17:17:12.406+0000] {processor.py:830} INFO - Processing file /opt/airflow/dags/load_cb_courses.py for tasks to queue
[2026-02-25T17:17:12.409+0000] {logging_mixin.py:188} INFO - [2026-02-25T17:17:12.408+0000] {dagbag.py:545} INFO - Filling up the DagBag from /opt/airflow/dags/load_cb_courses.py
[2026-02-25T17:17:12.896+0000] {processor.py:840} INFO - DAG(s) 'load_cb_courses' retrieved from /opt/airflow/dags/load_cb_courses.py
[2026-02-25T17:17:12.918+0000] {logging_mixin.py:188} INFO - [2026-02-25T17:17:12.917+0000] {dag.py:3089} INFO - Sync 1 DAGs
[2026-02-25T17:17:12.940+0000] {logging_mixin.py:188} INFO - [2026-02-25T17:17:12.940+0000] {dag.py:3947} INFO - Setting next_dagrun for load_cb_courses to 2026-02-25 00:00:00+00:00, run_after=2026-02-26 00:00:00+00:00
[2026-02-25T17:17:12.963+0000] {processor.py:183} INFO - Processing /opt/airflow/dags/load_cb_courses.py took 0.564 seconds
[2026-02-25T17:17:43.225+0000] {processor.py:161} INFO - Started process (PID=4975) to work on /opt/airflow/dags/load_cb_courses.py
[2026-02-25T17:17:43.226+0000] {processor.py:830} INFO - Processing file /opt/airflow/dags/load_cb_courses.py for tasks to queue
[2026-02-25T17:17:43.229+0000] {logging_mixin.py:188} INFO - [2026-02-25T17:17:43.228+0000] {dagbag.py:545} INFO - Filling up the DagBag from /opt/airflow/dags/load_cb_courses.py
[2026-02-25T17:17:43.726+0000] {processor.py:840} INFO - DAG(s) 'load_cb_courses' retrieved from /opt/airflow/dags/load_cb_courses.py
[2026-02-25T17:17:43.751+0000] {logging_mixin.py:188} INFO - [2026-02-25T17:17:43.750+0000] {dag.py:3089} INFO - Sync 1 DAGs
[2026-02-25T17:17:43.772+0000] {logging_mixin.py:188} INFO - [2026-02-25T17:17:43.772+0000] {dag.py:3947} INFO - Setting next_dagrun for load_cb_courses to 2026-02-25 00:00:00+00:00, run_after=2026-02-26 00:00:00+00:00
[2026-02-25T17:17:43.794+0000] {processor.py:183} INFO - Processing /opt/airflow/dags/load_cb_courses.py took 0.576 seconds
[2026-02-25T17:18:14.150+0000] {processor.py:161} INFO - Started process (PID=5008) to work on /opt/airflow/dags/load_cb_courses.py
[2026-02-25T17:18:14.152+0000] {processor.py:830} INFO - Processing file /opt/airflow/dags/load_cb_courses.py for tasks to queue
[2026-02-25T17:18:14.154+0000] {logging_mixin.py:188} INFO - [2026-02-25T17:18:14.154+0000] {dagbag.py:545} INFO - Filling up the DagBag from /opt/airflow/dags/load_cb_courses.py
[2026-02-25T17:18:14.667+0000] {processor.py:840} INFO - DAG(s) 'load_cb_courses' retrieved from /opt/airflow/dags/load_cb_courses.py
[2026-02-25T17:18:14.689+0000] {logging_mixin.py:188} INFO - [2026-02-25T17:18:14.688+0000] {dag.py:3089} INFO - Sync 1 DAGs
[2026-02-25T17:18:14.710+0000] {logging_mixin.py:188} INFO - [2026-02-25T17:18:14.710+0000] {dag.py:3947} INFO - Setting next_dagrun for load_cb_courses to 2026-02-25 00:00:00+00:00, run_after=2026-02-26 00:00:00+00:00
[2026-02-25T17:18:14.730+0000] {processor.py:183} INFO - Processing /opt/airflow/dags/load_cb_courses.py took 0.589 seconds
[2026-02-25T17:18:45.050+0000] {processor.py:161} INFO - Started process (PID=5035) to work on /opt/airflow/dags/load_cb_courses.py
[2026-02-25T17:18:45.052+0000] {processor.py:830} INFO - Processing file /opt/airflow/dags/load_cb_courses.py for tasks to queue
[2026-02-25T17:18:45.055+0000] {logging_mixin.py:188} INFO - [2026-02-25T17:18:45.054+0000] {dagbag.py:545} INFO - Filling up the DagBag from /opt/airflow/dags/load_cb_courses.py
[2026-02-25T17:18:45.546+0000] {processor.py:840} INFO - DAG(s) 'load_cb_courses' retrieved from /opt/airflow/dags/load_cb_courses.py
[2026-02-25T17:18:45.569+0000] {logging_mixin.py:188} INFO - [2026-02-25T17:18:45.568+0000] {dag.py:3089} INFO - Sync 1 DAGs
[2026-02-25T17:18:45.590+0000] {logging_mixin.py:188} INFO - [2026-02-25T17:18:45.590+0000] {dag.py:3947} INFO - Setting next_dagrun for load_cb_courses to 2026-02-25 00:00:00+00:00, run_after=2026-02-26 00:00:00+00:00
[2026-02-25T17:18:45.615+0000] {processor.py:183} INFO - Processing /opt/airflow/dags/load_cb_courses.py took 0.577 seconds
[2026-02-25T17:19:16.279+0000] {processor.py:161} INFO - Started process (PID=5067) to work on /opt/airflow/dags/load_cb_courses.py
[2026-02-25T17:19:16.281+0000] {processor.py:830} INFO - Processing file /opt/airflow/dags/load_cb_courses.py for tasks to queue
[2026-02-25T17:19:16.283+0000] {logging_mixin.py:188} INFO - [2026-02-25T17:19:16.283+0000] {dagbag.py:545} INFO - Filling up the DagBag from /opt/airflow/dags/load_cb_courses.py
[2026-02-25T17:19:16.768+0000] {processor.py:840} INFO - DAG(s) 'load_cb_courses' retrieved from /opt/airflow/dags/load_cb_courses.py
[2026-02-25T17:19:16.794+0000] {logging_mixin.py:188} INFO - [2026-02-25T17:19:16.794+0000] {dag.py:3089} INFO - Sync 1 DAGs
[2026-02-25T17:19:16.817+0000] {logging_mixin.py:188} INFO - [2026-02-25T17:19:16.816+0000] {dag.py:3947} INFO - Setting next_dagrun for load_cb_courses to 2026-02-25 00:00:00+00:00, run_after=2026-02-26 00:00:00+00:00
[2026-02-25T17:19:16.840+0000] {processor.py:183} INFO - Processing /opt/airflow/dags/load_cb_courses.py took 0.567 seconds
[2026-02-25T17:19:47.552+0000] {processor.py:161} INFO - Started process (PID=5100) to work on /opt/airflow/dags/load_cb_courses.py
[2026-02-25T17:19:47.559+0000] {processor.py:830} INFO - Processing file /opt/airflow/dags/load_cb_courses.py for tasks to queue
[2026-02-25T17:19:47.566+0000] {logging_mixin.py:188} INFO - [2026-02-25T17:19:47.563+0000] {dagbag.py:545} INFO - Filling up the DagBag from /opt/airflow/dags/load_cb_courses.py
[2026-02-25T17:19:48.278+0000] {processor.py:840} INFO - DAG(s) 'load_cb_courses' retrieved from /opt/airflow/dags/load_cb_courses.py
[2026-02-25T17:19:48.309+0000] {logging_mixin.py:188} INFO - [2026-02-25T17:19:48.309+0000] {dag.py:3089} INFO - Sync 1 DAGs
[2026-02-25T17:19:48.333+0000] {logging_mixin.py:188} INFO - [2026-02-25T17:19:48.333+0000] {dag.py:3947} INFO - Setting next_dagrun for load_cb_courses to 2026-02-25 00:00:00+00:00, run_after=2026-02-26 00:00:00+00:00
[2026-02-25T17:19:48.364+0000] {processor.py:183} INFO - Processing /opt/airflow/dags/load_cb_courses.py took 0.859 seconds
[2026-02-25T17:20:18.431+0000] {processor.py:161} INFO - Started process (PID=5126) to work on /opt/airflow/dags/load_cb_courses.py
[2026-02-25T17:20:18.432+0000] {processor.py:830} INFO - Processing file /opt/airflow/dags/load_cb_courses.py for tasks to queue
[2026-02-25T17:20:18.434+0000] {logging_mixin.py:188} INFO - [2026-02-25T17:20:18.434+0000] {dagbag.py:545} INFO - Filling up the DagBag from /opt/airflow/dags/load_cb_courses.py
[2026-02-25T17:20:18.907+0000] {processor.py:840} INFO - DAG(s) 'load_cb_courses' retrieved from /opt/airflow/dags/load_cb_courses.py
[2026-02-25T17:20:18.931+0000] {logging_mixin.py:188} INFO - [2026-02-25T17:20:18.930+0000] {dag.py:3089} INFO - Sync 1 DAGs
[2026-02-25T17:20:18.951+0000] {logging_mixin.py:188} INFO - [2026-02-25T17:20:18.951+0000] {dag.py:3947} INFO - Setting next_dagrun for load_cb_courses to 2026-02-25 00:00:00+00:00, run_after=2026-02-26 00:00:00+00:00
[2026-02-25T17:20:18.974+0000] {processor.py:183} INFO - Processing /opt/airflow/dags/load_cb_courses.py took 0.551 seconds
[2026-02-25T17:20:49.575+0000] {processor.py:161} INFO - Started process (PID=5159) to work on /opt/airflow/dags/load_cb_courses.py
[2026-02-25T17:20:49.576+0000] {processor.py:830} INFO - Processing file /opt/airflow/dags/load_cb_courses.py for tasks to queue
[2026-02-25T17:20:49.579+0000] {logging_mixin.py:188} INFO - [2026-02-25T17:20:49.578+0000] {dagbag.py:545} INFO - Filling up the DagBag from /opt/airflow/dags/load_cb_courses.py
[2026-02-25T17:20:50.056+0000] {processor.py:840} INFO - DAG(s) 'load_cb_courses' retrieved from /opt/airflow/dags/load_cb_courses.py
[2026-02-25T17:20:50.080+0000] {logging_mixin.py:188} INFO - [2026-02-25T17:20:50.080+0000] {dag.py:3089} INFO - Sync 1 DAGs
[2026-02-25T17:20:50.102+0000] {logging_mixin.py:188} INFO - [2026-02-25T17:20:50.102+0000] {dag.py:3947} INFO - Setting next_dagrun for load_cb_courses to 2026-02-25 00:00:00+00:00, run_after=2026-02-26 00:00:00+00:00
[2026-02-25T17:20:50.124+0000] {processor.py:183} INFO - Processing /opt/airflow/dags/load_cb_courses.py took 0.556 seconds
[2026-02-25T17:21:20.427+0000] {processor.py:161} INFO - Started process (PID=5185) to work on /opt/airflow/dags/load_cb_courses.py
[2026-02-25T17:21:20.428+0000] {processor.py:830} INFO - Processing file /opt/airflow/dags/load_cb_courses.py for tasks to queue
[2026-02-25T17:21:20.431+0000] {logging_mixin.py:188} INFO - [2026-02-25T17:21:20.430+0000] {dagbag.py:545} INFO - Filling up the DagBag from /opt/airflow/dags/load_cb_courses.py
[2026-02-25T17:21:21.019+0000] {processor.py:840} INFO - DAG(s) 'load_cb_courses' retrieved from /opt/airflow/dags/load_cb_courses.py
[2026-02-25T17:21:21.062+0000] {logging_mixin.py:188} INFO - [2026-02-25T17:21:21.061+0000] {dag.py:3089} INFO - Sync 1 DAGs
[2026-02-25T17:21:21.095+0000] {logging_mixin.py:188} INFO - [2026-02-25T17:21:21.095+0000] {dag.py:3947} INFO - Setting next_dagrun for load_cb_courses to 2026-02-25 00:00:00+00:00, run_after=2026-02-26 00:00:00+00:00
[2026-02-25T17:21:21.120+0000] {processor.py:183} INFO - Processing /opt/airflow/dags/load_cb_courses.py took 0.701 seconds
[2026-02-25T17:21:51.369+0000] {processor.py:161} INFO - Started process (PID=5219) to work on /opt/airflow/dags/load_cb_courses.py
[2026-02-25T17:21:51.370+0000] {processor.py:830} INFO - Processing file /opt/airflow/dags/load_cb_courses.py for tasks to queue
[2026-02-25T17:21:51.373+0000] {logging_mixin.py:188} INFO - [2026-02-25T17:21:51.372+0000] {dagbag.py:545} INFO - Filling up the DagBag from /opt/airflow/dags/load_cb_courses.py
[2026-02-25T17:21:51.893+0000] {processor.py:840} INFO - DAG(s) 'load_cb_courses' retrieved from /opt/airflow/dags/load_cb_courses.py
[2026-02-25T17:21:51.917+0000] {logging_mixin.py:188} INFO - [2026-02-25T17:21:51.917+0000] {dag.py:3089} INFO - Sync 1 DAGs
[2026-02-25T17:21:51.939+0000] {logging_mixin.py:188} INFO - [2026-02-25T17:21:51.938+0000] {dag.py:3947} INFO - Setting next_dagrun for load_cb_courses to 2026-02-25 00:00:00+00:00, run_after=2026-02-26 00:00:00+00:00
[2026-02-25T17:21:51.960+0000] {processor.py:183} INFO - Processing /opt/airflow/dags/load_cb_courses.py took 0.598 seconds
[2026-02-25T17:22:22.067+0000] {processor.py:161} INFO - Started process (PID=5246) to work on /opt/airflow/dags/load_cb_courses.py
[2026-02-25T17:22:22.069+0000] {processor.py:830} INFO - Processing file /opt/airflow/dags/load_cb_courses.py for tasks to queue
[2026-02-25T17:22:22.072+0000] {logging_mixin.py:188} INFO - [2026-02-25T17:22:22.071+0000] {dagbag.py:545} INFO - Filling up the DagBag from /opt/airflow/dags/load_cb_courses.py
[2026-02-25T17:22:19.836+0000] {processor.py:840} INFO - DAG(s) 'load_cb_courses' retrieved from /opt/airflow/dags/load_cb_courses.py
[2026-02-25T17:22:19.866+0000] {logging_mixin.py:188} INFO - [2026-02-25T17:22:19.866+0000] {dag.py:3089} INFO - Sync 1 DAGs
[2026-02-25T17:22:19.895+0000] {logging_mixin.py:188} INFO - [2026-02-25T17:22:19.894+0000] {dag.py:3947} INFO - Setting next_dagrun for load_cb_courses to 2026-02-25 00:00:00+00:00, run_after=2026-02-26 00:00:00+00:00
[2026-02-25T17:22:19.920+0000] {processor.py:183} INFO - Processing /opt/airflow/dags/load_cb_courses.py took 0.591 seconds
[2026-02-25T17:22:50.178+0000] {processor.py:161} INFO - Started process (PID=5279) to work on /opt/airflow/dags/load_cb_courses.py
[2026-02-25T17:22:50.181+0000] {processor.py:830} INFO - Processing file /opt/airflow/dags/load_cb_courses.py for tasks to queue
[2026-02-25T17:22:50.184+0000] {logging_mixin.py:188} INFO - [2026-02-25T17:22:50.184+0000] {dagbag.py:545} INFO - Filling up the DagBag from /opt/airflow/dags/load_cb_courses.py
[2026-02-25T17:22:50.690+0000] {processor.py:840} INFO - DAG(s) 'load_cb_courses' retrieved from /opt/airflow/dags/load_cb_courses.py
[2026-02-25T17:22:50.713+0000] {logging_mixin.py:188} INFO - [2026-02-25T17:22:50.712+0000] {dag.py:3089} INFO - Sync 1 DAGs
[2026-02-25T17:22:50.734+0000] {logging_mixin.py:188} INFO - [2026-02-25T17:22:50.733+0000] {dag.py:3947} INFO - Setting next_dagrun for load_cb_courses to 2026-02-25 00:00:00+00:00, run_after=2026-02-26 00:00:00+00:00
[2026-02-25T17:22:50.757+0000] {processor.py:183} INFO - Processing /opt/airflow/dags/load_cb_courses.py took 0.587 seconds
[2026-02-25T17:23:21.092+0000] {processor.py:161} INFO - Started process (PID=5306) to work on /opt/airflow/dags/load_cb_courses.py
[2026-02-25T17:23:21.093+0000] {processor.py:830} INFO - Processing file /opt/airflow/dags/load_cb_courses.py for tasks to queue
[2026-02-25T17:23:21.096+0000] {logging_mixin.py:188} INFO - [2026-02-25T17:23:21.095+0000] {dagbag.py:545} INFO - Filling up the DagBag from /opt/airflow/dags/load_cb_courses.py
[2026-02-25T17:23:21.630+0000] {processor.py:840} INFO - DAG(s) 'load_cb_courses' retrieved from /opt/airflow/dags/load_cb_courses.py
[2026-02-25T17:23:21.656+0000] {logging_mixin.py:188} INFO - [2026-02-25T17:23:21.655+0000] {dag.py:3089} INFO - Sync 1 DAGs
[2026-02-25T17:23:21.681+0000] {logging_mixin.py:188} INFO - [2026-02-25T17:23:21.681+0000] {dag.py:3947} INFO - Setting next_dagrun for load_cb_courses to 2026-02-25 00:00:00+00:00, run_after=2026-02-26 00:00:00+00:00
[2026-02-25T17:23:21.704+0000] {processor.py:183} INFO - Processing /opt/airflow/dags/load_cb_courses.py took 0.620 seconds
[2026-02-25T17:23:51.995+0000] {processor.py:161} INFO - Started process (PID=5339) to work on /opt/airflow/dags/load_cb_courses.py
[2026-02-25T17:23:51.996+0000] {processor.py:830} INFO - Processing file /opt/airflow/dags/load_cb_courses.py for tasks to queue
[2026-02-25T17:23:51.998+0000] {logging_mixin.py:188} INFO - [2026-02-25T17:23:51.998+0000] {dagbag.py:545} INFO - Filling up the DagBag from /opt/airflow/dags/load_cb_courses.py
[2026-02-25T17:23:52.488+0000] {processor.py:840} INFO - DAG(s) 'load_cb_courses' retrieved from /opt/airflow/dags/load_cb_courses.py
[2026-02-25T17:23:52.513+0000] {logging_mixin.py:188} INFO - [2026-02-25T17:23:52.513+0000] {dag.py:3089} INFO - Sync 1 DAGs
[2026-02-25T17:23:52.536+0000] {logging_mixin.py:188} INFO - [2026-02-25T17:23:52.535+0000] {dag.py:3947} INFO - Setting next_dagrun for load_cb_courses to 2026-02-25 00:00:00+00:00, run_after=2026-02-26 00:00:00+00:00
[2026-02-25T17:23:52.560+0000] {processor.py:183} INFO - Processing /opt/airflow/dags/load_cb_courses.py took 0.572 seconds
[2026-02-25T17:24:22.758+0000] {processor.py:161} INFO - Started process (PID=5366) to work on /opt/airflow/dags/load_cb_courses.py
[2026-02-25T17:24:22.759+0000] {processor.py:830} INFO - Processing file /opt/airflow/dags/load_cb_courses.py for tasks to queue
[2026-02-25T17:24:22.762+0000] {logging_mixin.py:188} INFO - [2026-02-25T17:24:22.761+0000] {dagbag.py:545} INFO - Filling up the DagBag from /opt/airflow/dags/load_cb_courses.py
[2026-02-25T17:24:23.253+0000] {processor.py:840} INFO - DAG(s) 'load_cb_courses' retrieved from /opt/airflow/dags/load_cb_courses.py
[2026-02-25T17:24:23.280+0000] {logging_mixin.py:188} INFO - [2026-02-25T17:24:23.279+0000] {dag.py:3089} INFO - Sync 1 DAGs
[2026-02-25T17:24:23.301+0000] {logging_mixin.py:188} INFO - [2026-02-25T17:24:23.300+0000] {dag.py:3947} INFO - Setting next_dagrun for load_cb_courses to 2026-02-25 00:00:00+00:00, run_after=2026-02-26 00:00:00+00:00
[2026-02-25T17:24:23.324+0000] {processor.py:183} INFO - Processing /opt/airflow/dags/load_cb_courses.py took 0.574 seconds
[2026-02-25T17:24:53.424+0000] {processor.py:161} INFO - Started process (PID=5399) to work on /opt/airflow/dags/load_cb_courses.py
[2026-02-25T17:24:53.426+0000] {processor.py:830} INFO - Processing file /opt/airflow/dags/load_cb_courses.py for tasks to queue
[2026-02-25T17:24:53.429+0000] {logging_mixin.py:188} INFO - [2026-02-25T17:24:53.429+0000] {dagbag.py:545} INFO - Filling up the DagBag from /opt/airflow/dags/load_cb_courses.py
[2026-02-25T17:24:53.970+0000] {processor.py:840} INFO - DAG(s) 'load_cb_courses' retrieved from /opt/airflow/dags/load_cb_courses.py
[2026-02-25T17:24:53.993+0000] {logging_mixin.py:188} INFO - [2026-02-25T17:24:53.992+0000] {dag.py:3089} INFO - Sync 1 DAGs
[2026-02-25T17:24:54.014+0000] {logging_mixin.py:188} INFO - [2026-02-25T17:24:54.013+0000] {dag.py:3947} INFO - Setting next_dagrun for load_cb_courses to 2026-02-25 00:00:00+00:00, run_after=2026-02-26 00:00:00+00:00
[2026-02-25T17:24:54.038+0000] {processor.py:183} INFO - Processing /opt/airflow/dags/load_cb_courses.py took 0.621 seconds
[2026-02-25T17:25:24.224+0000] {processor.py:161} INFO - Started process (PID=5433) to work on /opt/airflow/dags/load_cb_courses.py
[2026-02-25T17:25:24.226+0000] {processor.py:830} INFO - Processing file /opt/airflow/dags/load_cb_courses.py for tasks to queue
[2026-02-25T17:25:24.229+0000] {logging_mixin.py:188} INFO - [2026-02-25T17:25:24.228+0000] {dagbag.py:545} INFO - Filling up the DagBag from /opt/airflow/dags/load_cb_courses.py
[2026-02-25T17:25:24.786+0000] {processor.py:840} INFO - DAG(s) 'load_cb_courses' retrieved from /opt/airflow/dags/load_cb_courses.py
[2026-02-25T17:25:24.813+0000] {logging_mixin.py:188} INFO - [2026-02-25T17:25:24.812+0000] {dag.py:3089} INFO - Sync 1 DAGs
[2026-02-25T17:25:24.838+0000] {logging_mixin.py:188} INFO - [2026-02-25T17:25:24.837+0000] {dag.py:3947} INFO - Setting next_dagrun for load_cb_courses to 2026-02-25 00:00:00+00:00, run_after=2026-02-26 00:00:00+00:00
[2026-02-25T17:25:24.864+0000] {processor.py:183} INFO - Processing /opt/airflow/dags/load_cb_courses.py took 0.647 seconds
[2026-02-25T17:25:55.184+0000] {processor.py:161} INFO - Started process (PID=5459) to work on /opt/airflow/dags/load_cb_courses.py
[2026-02-25T17:25:55.185+0000] {processor.py:830} INFO - Processing file /opt/airflow/dags/load_cb_courses.py for tasks to queue
[2026-02-25T17:25:55.188+0000] {logging_mixin.py:188} INFO - [2026-02-25T17:25:55.188+0000] {dagbag.py:545} INFO - Filling up the DagBag from /opt/airflow/dags/load_cb_courses.py
[2026-02-25T17:25:55.684+0000] {processor.py:840} INFO - DAG(s) 'load_cb_courses' retrieved from /opt/airflow/dags/load_cb_courses.py
[2026-02-25T17:25:55.709+0000] {logging_mixin.py:188} INFO - [2026-02-25T17:25:55.708+0000] {dag.py:3089} INFO - Sync 1 DAGs
[2026-02-25T17:25:55.731+0000] {logging_mixin.py:188} INFO - [2026-02-25T17:25:55.731+0000] {dag.py:3947} INFO - Setting next_dagrun for load_cb_courses to 2026-02-25 00:00:00+00:00, run_after=2026-02-26 00:00:00+00:00
[2026-02-25T17:25:55.759+0000] {processor.py:183} INFO - Processing /opt/airflow/dags/load_cb_courses.py took 0.582 seconds
[2026-02-25T17:26:26.346+0000] {processor.py:161} INFO - Started process (PID=5492) to work on /opt/airflow/dags/load_cb_courses.py
[2026-02-25T17:26:26.347+0000] {processor.py:830} INFO - Processing file /opt/airflow/dags/load_cb_courses.py for tasks to queue
[2026-02-25T17:26:26.350+0000] {logging_mixin.py:188} INFO - [2026-02-25T17:26:26.350+0000] {dagbag.py:545} INFO - Filling up the DagBag from /opt/airflow/dags/load_cb_courses.py
[2026-02-25T17:26:26.872+0000] {processor.py:840} INFO - DAG(s) 'load_cb_courses' retrieved from /opt/airflow/dags/load_cb_courses.py
[2026-02-25T17:26:26.897+0000] {logging_mixin.py:188} INFO - [2026-02-25T17:26:26.896+0000] {dag.py:3089} INFO - Sync 1 DAGs
[2026-02-25T17:26:26.921+0000] {logging_mixin.py:188} INFO - [2026-02-25T17:26:26.921+0000] {dag.py:3947} INFO - Setting next_dagrun for load_cb_courses to 2026-02-25 00:00:00+00:00, run_after=2026-02-26 00:00:00+00:00
[2026-02-25T17:26:26.947+0000] {processor.py:183} INFO - Processing /opt/airflow/dags/load_cb_courses.py took 0.608 seconds
[2026-02-25T17:26:57.317+0000] {processor.py:161} INFO - Started process (PID=5518) to work on /opt/airflow/dags/load_cb_courses.py
[2026-02-25T17:26:57.318+0000] {processor.py:830} INFO - Processing file /opt/airflow/dags/load_cb_courses.py for tasks to queue
[2026-02-25T17:26:57.321+0000] {logging_mixin.py:188} INFO - [2026-02-25T17:26:57.321+0000] {dagbag.py:545} INFO - Filling up the DagBag from /opt/airflow/dags/load_cb_courses.py
[2026-02-25T17:26:58.022+0000] {processor.py:840} INFO - DAG(s) 'load_cb_courses' retrieved from /opt/airflow/dags/load_cb_courses.py
[2026-02-25T17:26:58.051+0000] {logging_mixin.py:188} INFO - [2026-02-25T17:26:58.050+0000] {dag.py:3089} INFO - Sync 1 DAGs
[2026-02-25T17:26:58.080+0000] {logging_mixin.py:188} INFO - [2026-02-25T17:26:58.080+0000] {dag.py:3947} INFO - Setting next_dagrun for load_cb_courses to 2026-02-25 00:00:00+00:00, run_after=2026-02-26 00:00:00+00:00
[2026-02-25T17:26:58.104+0000] {processor.py:183} INFO - Processing /opt/airflow/dags/load_cb_courses.py took 0.799 seconds
[2026-02-25T17:27:28.742+0000] {processor.py:161} INFO - Started process (PID=5552) to work on /opt/airflow/dags/load_cb_courses.py
[2026-02-25T17:27:28.743+0000] {processor.py:830} INFO - Processing file /opt/airflow/dags/load_cb_courses.py for tasks to queue
[2026-02-25T17:27:28.746+0000] {logging_mixin.py:188} INFO - [2026-02-25T17:27:28.746+0000] {dagbag.py:545} INFO - Filling up the DagBag from /opt/airflow/dags/load_cb_courses.py
[2026-02-25T17:27:29.262+0000] {processor.py:840} INFO - DAG(s) 'load_cb_courses' retrieved from /opt/airflow/dags/load_cb_courses.py
[2026-02-25T17:27:29.285+0000] {logging_mixin.py:188} INFO - [2026-02-25T17:27:29.285+0000] {dag.py:3089} INFO - Sync 1 DAGs
[2026-02-25T17:27:29.307+0000] {logging_mixin.py:188} INFO - [2026-02-25T17:27:29.307+0000] {dag.py:3947} INFO - Setting next_dagrun for load_cb_courses to 2026-02-25 00:00:00+00:00, run_after=2026-02-26 00:00:00+00:00
[2026-02-25T17:27:29.330+0000] {processor.py:183} INFO - Processing /opt/airflow/dags/load_cb_courses.py took 0.598 seconds
[2026-02-25T17:27:59.796+0000] {processor.py:161} INFO - Started process (PID=5591) to work on /opt/airflow/dags/load_cb_courses.py
[2026-02-25T17:27:59.798+0000] {processor.py:830} INFO - Processing file /opt/airflow/dags/load_cb_courses.py for tasks to queue
[2026-02-25T17:27:59.801+0000] {logging_mixin.py:188} INFO - [2026-02-25T17:27:59.800+0000] {dagbag.py:545} INFO - Filling up the DagBag from /opt/airflow/dags/load_cb_courses.py
[2026-02-25T17:28:00.339+0000] {processor.py:840} INFO - DAG(s) 'load_cb_courses' retrieved from /opt/airflow/dags/load_cb_courses.py
[2026-02-25T17:28:00.365+0000] {logging_mixin.py:188} INFO - [2026-02-25T17:28:00.364+0000] {dag.py:3089} INFO - Sync 1 DAGs
[2026-02-25T17:28:00.389+0000] {logging_mixin.py:188} INFO - [2026-02-25T17:28:00.389+0000] {dag.py:3947} INFO - Setting next_dagrun for load_cb_courses to 2026-02-25 00:00:00+00:00, run_after=2026-02-26 00:00:00+00:00
[2026-02-25T17:28:00.414+0000] {processor.py:183} INFO - Processing /opt/airflow/dags/load_cb_courses.py took 0.630 seconds
[2026-02-25T17:28:30.718+0000] {processor.py:161} INFO - Started process (PID=5623) to work on /opt/airflow/dags/load_cb_courses.py
[2026-02-25T17:28:30.719+0000] {processor.py:830} INFO - Processing file /opt/airflow/dags/load_cb_courses.py for tasks to queue
[2026-02-25T17:28:30.723+0000] {logging_mixin.py:188} INFO - [2026-02-25T17:28:30.722+0000] {dagbag.py:545} INFO - Filling up the DagBag from /opt/airflow/dags/load_cb_courses.py
[2026-02-25T17:28:31.256+0000] {processor.py:840} INFO - DAG(s) 'load_cb_courses' retrieved from /opt/airflow/dags/load_cb_courses.py
[2026-02-25T17:28:31.285+0000] {logging_mixin.py:188} INFO - [2026-02-25T17:28:31.285+0000] {dag.py:3089} INFO - Sync 1 DAGs
[2026-02-25T17:28:31.307+0000] {logging_mixin.py:188} INFO - [2026-02-25T17:28:31.307+0000] {dag.py:3947} INFO - Setting next_dagrun for load_cb_courses to 2026-02-25 00:00:00+00:00, run_after=2026-02-26 00:00:00+00:00
[2026-02-25T17:28:31.330+0000] {processor.py:183} INFO - Processing /opt/airflow/dags/load_cb_courses.py took 0.620 seconds
[2026-02-25T17:29:01.685+0000] {processor.py:161} INFO - Started process (PID=5656) to work on /opt/airflow/dags/load_cb_courses.py
[2026-02-25T17:29:01.687+0000] {processor.py:830} INFO - Processing file /opt/airflow/dags/load_cb_courses.py for tasks to queue
[2026-02-25T17:29:01.690+0000] {logging_mixin.py:188} INFO - [2026-02-25T17:29:01.689+0000] {dagbag.py:545} INFO - Filling up the DagBag from /opt/airflow/dags/load_cb_courses.py
[2026-02-25T17:29:02.185+0000] {processor.py:840} INFO - DAG(s) 'load_cb_courses' retrieved from /opt/airflow/dags/load_cb_courses.py
[2026-02-25T17:29:02.208+0000] {logging_mixin.py:188} INFO - [2026-02-25T17:29:02.208+0000] {dag.py:3089} INFO - Sync 1 DAGs
[2026-02-25T17:29:02.230+0000] {logging_mixin.py:188} INFO - [2026-02-25T17:29:02.229+0000] {dag.py:3947} INFO - Setting next_dagrun for load_cb_courses to 2026-02-25 00:00:00+00:00, run_after=2026-02-26 00:00:00+00:00
[2026-02-25T17:29:02.251+0000] {processor.py:183} INFO - Processing /opt/airflow/dags/load_cb_courses.py took 0.573 seconds
[2026-02-25T17:29:32.432+0000] {processor.py:161} INFO - Started process (PID=5682) to work on /opt/airflow/dags/load_cb_courses.py
[2026-02-25T17:29:32.433+0000] {processor.py:830} INFO - Processing file /opt/airflow/dags/load_cb_courses.py for tasks to queue
[2026-02-25T17:29:32.436+0000] {logging_mixin.py:188} INFO - [2026-02-25T17:29:32.436+0000] {dagbag.py:545} INFO - Filling up the DagBag from /opt/airflow/dags/load_cb_courses.py
[2026-02-25T17:29:32.941+0000] {processor.py:840} INFO - DAG(s) 'load_cb_courses' retrieved from /opt/airflow/dags/load_cb_courses.py
[2026-02-25T17:29:32.965+0000] {logging_mixin.py:188} INFO - [2026-02-25T17:29:32.965+0000] {dag.py:3089} INFO - Sync 1 DAGs
[2026-02-25T17:29:32.988+0000] {logging_mixin.py:188} INFO - [2026-02-25T17:29:32.988+0000] {dag.py:3947} INFO - Setting next_dagrun for load_cb_courses to 2026-02-25 00:00:00+00:00, run_after=2026-02-26 00:00:00+00:00
[2026-02-25T17:29:33.014+0000] {processor.py:183} INFO - Processing /opt/airflow/dags/load_cb_courses.py took 0.590 seconds
[2026-02-25T17:30:03.123+0000] {processor.py:161} INFO - Started process (PID=5709) to work on /opt/airflow/dags/load_cb_courses.py
[2026-02-25T17:30:03.124+0000] {processor.py:830} INFO - Processing file /opt/airflow/dags/load_cb_courses.py for tasks to queue
[2026-02-25T17:30:03.127+0000] {logging_mixin.py:188} INFO - [2026-02-25T17:30:03.126+0000] {dagbag.py:545} INFO - Filling up the DagBag from /opt/airflow/dags/load_cb_courses.py
[2026-02-25T17:30:03.643+0000] {processor.py:840} INFO - DAG(s) 'load_cb_courses' retrieved from /opt/airflow/dags/load_cb_courses.py
[2026-02-25T17:30:03.674+0000] {logging_mixin.py:188} INFO - [2026-02-25T17:30:03.673+0000] {dag.py:3089} INFO - Sync 1 DAGs
[2026-02-25T17:30:03.699+0000] {logging_mixin.py:188} INFO - [2026-02-25T17:30:03.699+0000] {dag.py:3947} INFO - Setting next_dagrun for load_cb_courses to 2026-02-25 00:00:00+00:00, run_after=2026-02-26 00:00:00+00:00
[2026-02-25T17:30:03.724+0000] {processor.py:183} INFO - Processing /opt/airflow/dags/load_cb_courses.py took 0.608 seconds
[2026-02-25T17:30:34.248+0000] {processor.py:161} INFO - Started process (PID=5743) to work on /opt/airflow/dags/load_cb_courses.py
[2026-02-25T17:30:34.250+0000] {processor.py:830} INFO - Processing file /opt/airflow/dags/load_cb_courses.py for tasks to queue
[2026-02-25T17:30:34.253+0000] {logging_mixin.py:188} INFO - [2026-02-25T17:30:34.252+0000] {dagbag.py:545} INFO - Filling up the DagBag from /opt/airflow/dags/load_cb_courses.py
[2026-02-25T17:30:34.727+0000] {processor.py:840} INFO - DAG(s) 'load_cb_courses' retrieved from /opt/airflow/dags/load_cb_courses.py
[2026-02-25T17:30:34.752+0000] {logging_mixin.py:188} INFO - [2026-02-25T17:30:34.752+0000] {dag.py:3089} INFO - Sync 1 DAGs
[2026-02-25T17:30:34.775+0000] {logging_mixin.py:188} INFO - [2026-02-25T17:30:34.774+0000] {dag.py:3947} INFO - Setting next_dagrun for load_cb_courses to 2026-02-25 00:00:00+00:00, run_after=2026-02-26 00:00:00+00:00
[2026-02-25T17:30:34.797+0000] {processor.py:183} INFO - Processing /opt/airflow/dags/load_cb_courses.py took 0.555 seconds
[2026-02-25T17:31:05.076+0000] {processor.py:161} INFO - Started process (PID=5776) to work on /opt/airflow/dags/load_cb_courses.py
[2026-02-25T17:31:05.078+0000] {processor.py:830} INFO - Processing file /opt/airflow/dags/load_cb_courses.py for tasks to queue
[2026-02-25T17:31:05.080+0000] {logging_mixin.py:188} INFO - [2026-02-25T17:31:05.080+0000] {dagbag.py:545} INFO - Filling up the DagBag from /opt/airflow/dags/load_cb_courses.py
[2026-02-25T17:31:05.553+0000] {processor.py:840} INFO - DAG(s) 'load_cb_courses' retrieved from /opt/airflow/dags/load_cb_courses.py
[2026-02-25T17:31:05.580+0000] {logging_mixin.py:188} INFO - [2026-02-25T17:31:05.580+0000] {dag.py:3089} INFO - Sync 1 DAGs
[2026-02-25T17:31:05.601+0000] {logging_mixin.py:188} INFO - [2026-02-25T17:31:05.601+0000] {dag.py:3947} INFO - Setting next_dagrun for load_cb_courses to 2026-02-25 00:00:00+00:00, run_after=2026-02-26 00:00:00+00:00
[2026-02-25T17:31:05.625+0000] {processor.py:183} INFO - Processing /opt/airflow/dags/load_cb_courses.py took 0.556 seconds
[2026-02-25T17:31:35.708+0000] {processor.py:161} INFO - Started process (PID=5803) to work on /opt/airflow/dags/load_cb_courses.py
[2026-02-25T17:31:35.710+0000] {processor.py:830} INFO - Processing file /opt/airflow/dags/load_cb_courses.py for tasks to queue
[2026-02-25T17:31:35.713+0000] {logging_mixin.py:188} INFO - [2026-02-25T17:31:35.712+0000] {dagbag.py:545} INFO - Filling up the DagBag from /opt/airflow/dags/load_cb_courses.py
[2026-02-25T17:31:36.224+0000] {processor.py:840} INFO - DAG(s) 'load_cb_courses' retrieved from /opt/airflow/dags/load_cb_courses.py
[2026-02-25T17:31:36.247+0000] {logging_mixin.py:188} INFO - [2026-02-25T17:31:36.246+0000] {dag.py:3089} INFO - Sync 1 DAGs
[2026-02-25T17:31:36.268+0000] {logging_mixin.py:188} INFO - [2026-02-25T17:31:36.267+0000] {dag.py:3947} INFO - Setting next_dagrun for load_cb_courses to 2026-02-25 00:00:00+00:00, run_after=2026-02-26 00:00:00+00:00
[2026-02-25T17:31:36.287+0000] {processor.py:183} INFO - Processing /opt/airflow/dags/load_cb_courses.py took 0.590 seconds
[2026-02-25T17:32:06.429+0000] {processor.py:161} INFO - Started process (PID=5834) to work on /opt/airflow/dags/load_cb_courses.py
[2026-02-25T17:32:06.430+0000] {processor.py:830} INFO - Processing file /opt/airflow/dags/load_cb_courses.py for tasks to queue
[2026-02-25T17:32:06.432+0000] {logging_mixin.py:188} INFO - [2026-02-25T17:32:06.432+0000] {dagbag.py:545} INFO - Filling up the DagBag from /opt/airflow/dags/load_cb_courses.py
[2026-02-25T17:32:06.903+0000] {processor.py:840} INFO - DAG(s) 'load_cb_courses' retrieved from /opt/airflow/dags/load_cb_courses.py
[2026-02-25T17:32:06.935+0000] {logging_mixin.py:188} INFO - [2026-02-25T17:32:06.934+0000] {dag.py:3089} INFO - Sync 1 DAGs
[2026-02-25T17:32:06.958+0000] {logging_mixin.py:188} INFO - [2026-02-25T17:32:06.958+0000] {dag.py:3947} INFO - Setting next_dagrun for load_cb_courses to 2026-02-25 00:00:00+00:00, run_after=2026-02-26 00:00:00+00:00
[2026-02-25T17:32:06.979+0000] {processor.py:183} INFO - Processing /opt/airflow/dags/load_cb_courses.py took 0.556 seconds
[2026-02-25T17:32:37.161+0000] {processor.py:161} INFO - Started process (PID=5861) to work on /opt/airflow/dags/load_cb_courses.py
[2026-02-25T17:32:37.162+0000] {processor.py:830} INFO - Processing file /opt/airflow/dags/load_cb_courses.py for tasks to queue
[2026-02-25T17:32:37.168+0000] {logging_mixin.py:188} INFO - [2026-02-25T17:32:37.167+0000] {dagbag.py:545} INFO - Filling up the DagBag from /opt/airflow/dags/load_cb_courses.py
[2026-02-25T17:32:37.698+0000] {processor.py:840} INFO - DAG(s) 'load_cb_courses' retrieved from /opt/airflow/dags/load_cb_courses.py
[2026-02-25T17:32:37.727+0000] {logging_mixin.py:188} INFO - [2026-02-25T17:32:37.727+0000] {dag.py:3089} INFO - Sync 1 DAGs
[2026-02-25T17:32:37.758+0000] {logging_mixin.py:188} INFO - [2026-02-25T17:32:37.757+0000] {dag.py:3947} INFO - Setting next_dagrun for load_cb_courses to 2026-02-25 00:00:00+00:00, run_after=2026-02-26 00:00:00+00:00
[2026-02-25T17:32:37.788+0000] {processor.py:183} INFO - Processing /opt/airflow/dags/load_cb_courses.py took 0.636 seconds
[2026-02-25T17:33:08.201+0000] {processor.py:161} INFO - Started process (PID=6004) to work on /opt/airflow/dags/load_cb_courses.py
[2026-02-25T17:33:08.215+0000] {processor.py:830} INFO - Processing file /opt/airflow/dags/load_cb_courses.py for tasks to queue
[2026-02-25T17:33:08.219+0000] {logging_mixin.py:188} INFO - [2026-02-25T17:33:08.219+0000] {dagbag.py:545} INFO - Filling up the DagBag from /opt/airflow/dags/load_cb_courses.py
[2026-02-25T17:33:09.087+0000] {processor.py:840} INFO - DAG(s) 'load_cb_courses' retrieved from /opt/airflow/dags/load_cb_courses.py
[2026-02-25T17:33:09.171+0000] {logging_mixin.py:188} INFO - [2026-02-25T17:33:09.171+0000] {dag.py:3089} INFO - Sync 1 DAGs
[2026-02-25T17:33:09.254+0000] {logging_mixin.py:188} INFO - [2026-02-25T17:33:09.241+0000] {dag.py:3947} INFO - Setting next_dagrun for load_cb_courses to 2026-02-25 00:00:00+00:00, run_after=2026-02-26 00:00:00+00:00
[2026-02-25T17:33:09.324+0000] {processor.py:183} INFO - Processing /opt/airflow/dags/load_cb_courses.py took 1.134 seconds
[2026-02-25T17:33:39.973+0000] {processor.py:161} INFO - Started process (PID=6040) to work on /opt/airflow/dags/load_cb_courses.py
[2026-02-25T17:33:39.974+0000] {processor.py:830} INFO - Processing file /opt/airflow/dags/load_cb_courses.py for tasks to queue
[2026-02-25T17:33:39.977+0000] {logging_mixin.py:188} INFO - [2026-02-25T17:33:39.976+0000] {dagbag.py:545} INFO - Filling up the DagBag from /opt/airflow/dags/load_cb_courses.py
[2026-02-25T17:33:40.455+0000] {processor.py:840} INFO - DAG(s) 'load_cb_courses' retrieved from /opt/airflow/dags/load_cb_courses.py
[2026-02-25T17:33:40.478+0000] {logging_mixin.py:188} INFO - [2026-02-25T17:33:40.477+0000] {dag.py:3089} INFO - Sync 1 DAGs
[2026-02-25T17:33:40.498+0000] {logging_mixin.py:188} INFO - [2026-02-25T17:33:40.498+0000] {dag.py:3947} INFO - Setting next_dagrun for load_cb_courses to 2026-02-25 00:00:00+00:00, run_after=2026-02-26 00:00:00+00:00
[2026-02-25T17:33:40.519+0000] {processor.py:183} INFO - Processing /opt/airflow/dags/load_cb_courses.py took 0.553 seconds
[2026-02-25T17:34:10.875+0000] {processor.py:161} INFO - Started process (PID=6065) to work on /opt/airflow/dags/load_cb_courses.py
[2026-02-25T17:34:10.877+0000] {processor.py:830} INFO - Processing file /opt/airflow/dags/load_cb_courses.py for tasks to queue
[2026-02-25T17:34:10.879+0000] {logging_mixin.py:188} INFO - [2026-02-25T17:34:10.879+0000] {dagbag.py:545} INFO - Filling up the DagBag from /opt/airflow/dags/load_cb_courses.py
[2026-02-25T17:34:08.702+0000] {processor.py:840} INFO - DAG(s) 'load_cb_courses' retrieved from /opt/airflow/dags/load_cb_courses.py
[2026-02-25T17:34:08.728+0000] {logging_mixin.py:188} INFO - [2026-02-25T17:34:08.727+0000] {dag.py:3089} INFO - Sync 1 DAGs
[2026-02-25T17:34:08.752+0000] {logging_mixin.py:188} INFO - [2026-02-25T17:34:08.752+0000] {dag.py:3947} INFO - Setting next_dagrun for load_cb_courses to 2026-02-25 00:00:00+00:00, run_after=2026-02-26 00:00:00+00:00
[2026-02-25T17:34:08.776+0000] {processor.py:183} INFO - Processing /opt/airflow/dags/load_cb_courses.py took 0.634 seconds
[2026-02-25T17:34:38.982+0000] {processor.py:161} INFO - Started process (PID=6099) to work on /opt/airflow/dags/load_cb_courses.py
[2026-02-25T17:34:38.983+0000] {processor.py:830} INFO - Processing file /opt/airflow/dags/load_cb_courses.py for tasks to queue
[2026-02-25T17:34:38.986+0000] {logging_mixin.py:188} INFO - [2026-02-25T17:34:38.985+0000] {dagbag.py:545} INFO - Filling up the DagBag from /opt/airflow/dags/load_cb_courses.py
[2026-02-25T17:34:39.467+0000] {processor.py:840} INFO - DAG(s) 'load_cb_courses' retrieved from /opt/airflow/dags/load_cb_courses.py
[2026-02-25T17:34:39.489+0000] {logging_mixin.py:188} INFO - [2026-02-25T17:34:39.489+0000] {dag.py:3089} INFO - Sync 1 DAGs
[2026-02-25T17:34:39.510+0000] {logging_mixin.py:188} INFO - [2026-02-25T17:34:39.510+0000] {dag.py:3947} INFO - Setting next_dagrun for load_cb_courses to 2026-02-25 00:00:00+00:00, run_after=2026-02-26 00:00:00+00:00
[2026-02-25T17:34:39.531+0000] {processor.py:183} INFO - Processing /opt/airflow/dags/load_cb_courses.py took 0.556 seconds
[2026-02-25T17:35:09.723+0000] {processor.py:161} INFO - Started process (PID=6125) to work on /opt/airflow/dags/load_cb_courses.py
[2026-02-25T17:35:09.728+0000] {processor.py:830} INFO - Processing file /opt/airflow/dags/load_cb_courses.py for tasks to queue
[2026-02-25T17:35:09.735+0000] {logging_mixin.py:188} INFO - [2026-02-25T17:35:09.734+0000] {dagbag.py:545} INFO - Filling up the DagBag from /opt/airflow/dags/load_cb_courses.py
[2026-02-25T17:35:10.289+0000] {processor.py:840} INFO - DAG(s) 'load_cb_courses' retrieved from /opt/airflow/dags/load_cb_courses.py
[2026-02-25T17:35:10.314+0000] {logging_mixin.py:188} INFO - [2026-02-25T17:35:10.313+0000] {dag.py:3089} INFO - Sync 1 DAGs
[2026-02-25T17:35:10.339+0000] {logging_mixin.py:188} INFO - [2026-02-25T17:35:10.338+0000] {dag.py:3947} INFO - Setting next_dagrun for load_cb_courses to 2026-02-25 00:00:00+00:00, run_after=2026-02-26 00:00:00+00:00
[2026-02-25T17:35:10.363+0000] {processor.py:183} INFO - Processing /opt/airflow/dags/load_cb_courses.py took 0.650 seconds
[2026-02-25T17:35:40.648+0000] {processor.py:161} INFO - Started process (PID=6160) to work on /opt/airflow/dags/load_cb_courses.py
[2026-02-25T17:35:40.649+0000] {processor.py:830} INFO - Processing file /opt/airflow/dags/load_cb_courses.py for tasks to queue
[2026-02-25T17:35:40.651+0000] {logging_mixin.py:188} INFO - [2026-02-25T17:35:40.651+0000] {dagbag.py:545} INFO - Filling up the DagBag from /opt/airflow/dags/load_cb_courses.py
[2026-02-25T17:35:41.170+0000] {processor.py:840} INFO - DAG(s) 'load_cb_courses' retrieved from /opt/airflow/dags/load_cb_courses.py
[2026-02-25T17:35:41.196+0000] {logging_mixin.py:188} INFO - [2026-02-25T17:35:41.196+0000] {dag.py:3089} INFO - Sync 1 DAGs
[2026-02-25T17:35:41.218+0000] {logging_mixin.py:188} INFO - [2026-02-25T17:35:41.218+0000] {dag.py:3947} INFO - Setting next_dagrun for load_cb_courses to 2026-02-25 00:00:00+00:00, run_after=2026-02-26 00:00:00+00:00
[2026-02-25T17:35:41.245+0000] {processor.py:183} INFO - Processing /opt/airflow/dags/load_cb_courses.py took 0.603 seconds
[2026-02-25T17:36:11.511+0000] {processor.py:161} INFO - Started process (PID=6186) to work on /opt/airflow/dags/load_cb_courses.py
[2026-02-25T17:36:11.513+0000] {processor.py:830} INFO - Processing file /opt/airflow/dags/load_cb_courses.py for tasks to queue
[2026-02-25T17:36:11.516+0000] {logging_mixin.py:188} INFO - [2026-02-25T17:36:11.515+0000] {dagbag.py:545} INFO - Filling up the DagBag from /opt/airflow/dags/load_cb_courses.py
[2026-02-25T17:36:12.010+0000] {processor.py:840} INFO - DAG(s) 'load_cb_courses' retrieved from /opt/airflow/dags/load_cb_courses.py
[2026-02-25T17:36:12.037+0000] {logging_mixin.py:188} INFO - [2026-02-25T17:36:12.037+0000] {dag.py:3089} INFO - Sync 1 DAGs
[2026-02-25T17:36:12.058+0000] {logging_mixin.py:188} INFO - [2026-02-25T17:36:12.058+0000] {dag.py:3947} INFO - Setting next_dagrun for load_cb_courses to 2026-02-25 00:00:00+00:00, run_after=2026-02-26 00:00:00+00:00
[2026-02-25T17:36:12.081+0000] {processor.py:183} INFO - Processing /opt/airflow/dags/load_cb_courses.py took 0.577 seconds
[2026-02-25T17:36:42.196+0000] {processor.py:161} INFO - Started process (PID=6219) to work on /opt/airflow/dags/load_cb_courses.py
[2026-02-25T17:36:42.197+0000] {processor.py:830} INFO - Processing file /opt/airflow/dags/load_cb_courses.py for tasks to queue
[2026-02-25T17:36:42.200+0000] {logging_mixin.py:188} INFO - [2026-02-25T17:36:42.200+0000] {dagbag.py:545} INFO - Filling up the DagBag from /opt/airflow/dags/load_cb_courses.py
[2026-02-25T17:36:42.707+0000] {processor.py:840} INFO - DAG(s) 'load_cb_courses' retrieved from /opt/airflow/dags/load_cb_courses.py
[2026-02-25T17:36:42.730+0000] {logging_mixin.py:188} INFO - [2026-02-25T17:36:42.729+0000] {dag.py:3089} INFO - Sync 1 DAGs
[2026-02-25T17:36:42.750+0000] {logging_mixin.py:188} INFO - [2026-02-25T17:36:42.750+0000] {dag.py:3947} INFO - Setting next_dagrun for load_cb_courses to 2026-02-25 00:00:00+00:00, run_after=2026-02-26 00:00:00+00:00
[2026-02-25T17:36:42.774+0000] {processor.py:183} INFO - Processing /opt/airflow/dags/load_cb_courses.py took 0.585 seconds
[2026-02-25T17:37:12.938+0000] {processor.py:161} INFO - Started process (PID=6245) to work on /opt/airflow/dags/load_cb_courses.py
[2026-02-25T17:37:12.940+0000] {processor.py:830} INFO - Processing file /opt/airflow/dags/load_cb_courses.py for tasks to queue
[2026-02-25T17:37:12.942+0000] {logging_mixin.py:188} INFO - [2026-02-25T17:37:12.942+0000] {dagbag.py:545} INFO - Filling up the DagBag from /opt/airflow/dags/load_cb_courses.py
[2026-02-25T17:37:13.437+0000] {processor.py:840} INFO - DAG(s) 'load_cb_courses' retrieved from /opt/airflow/dags/load_cb_courses.py
[2026-02-25T17:37:13.462+0000] {logging_mixin.py:188} INFO - [2026-02-25T17:37:13.462+0000] {dag.py:3089} INFO - Sync 1 DAGs
[2026-02-25T17:37:13.485+0000] {logging_mixin.py:188} INFO - [2026-02-25T17:37:13.484+0000] {dag.py:3947} INFO - Setting next_dagrun for load_cb_courses to 2026-02-25 00:00:00+00:00, run_after=2026-02-26 00:00:00+00:00
[2026-02-25T17:37:13.512+0000] {processor.py:183} INFO - Processing /opt/airflow/dags/load_cb_courses.py took 0.580 seconds
[2026-02-25T17:37:43.587+0000] {processor.py:161} INFO - Started process (PID=6278) to work on /opt/airflow/dags/load_cb_courses.py
[2026-02-25T17:37:43.589+0000] {processor.py:830} INFO - Processing file /opt/airflow/dags/load_cb_courses.py for tasks to queue
[2026-02-25T17:37:43.592+0000] {logging_mixin.py:188} INFO - [2026-02-25T17:37:43.591+0000] {dagbag.py:545} INFO - Filling up the DagBag from /opt/airflow/dags/load_cb_courses.py
[2026-02-25T17:37:44.076+0000] {processor.py:840} INFO - DAG(s) 'load_cb_courses' retrieved from /opt/airflow/dags/load_cb_courses.py
[2026-02-25T17:37:44.099+0000] {logging_mixin.py:188} INFO - [2026-02-25T17:37:44.099+0000] {dag.py:3089} INFO - Sync 1 DAGs
[2026-02-25T17:37:44.122+0000] {logging_mixin.py:188} INFO - [2026-02-25T17:37:44.122+0000] {dag.py:3947} INFO - Setting next_dagrun for load_cb_courses to 2026-02-25 00:00:00+00:00, run_after=2026-02-26 00:00:00+00:00
[2026-02-25T17:37:44.147+0000] {processor.py:183} INFO - Processing /opt/airflow/dags/load_cb_courses.py took 0.567 seconds
[2026-02-25T17:38:14.847+0000] {processor.py:161} INFO - Started process (PID=6305) to work on /opt/airflow/dags/load_cb_courses.py
[2026-02-25T17:38:14.849+0000] {processor.py:830} INFO - Processing file /opt/airflow/dags/load_cb_courses.py for tasks to queue
[2026-02-25T17:38:14.852+0000] {logging_mixin.py:188} INFO - [2026-02-25T17:38:14.852+0000] {dagbag.py:545} INFO - Filling up the DagBag from /opt/airflow/dags/load_cb_courses.py
[2026-02-25T17:38:15.364+0000] {processor.py:840} INFO - DAG(s) 'load_cb_courses' retrieved from /opt/airflow/dags/load_cb_courses.py
[2026-02-25T17:38:15.387+0000] {logging_mixin.py:188} INFO - [2026-02-25T17:38:15.387+0000] {dag.py:3089} INFO - Sync 1 DAGs
[2026-02-25T17:38:15.410+0000] {logging_mixin.py:188} INFO - [2026-02-25T17:38:15.409+0000] {dag.py:3947} INFO - Setting next_dagrun for load_cb_courses to 2026-02-25 00:00:00+00:00, run_after=2026-02-26 00:00:00+00:00
[2026-02-25T17:38:15.433+0000] {processor.py:183} INFO - Processing /opt/airflow/dags/load_cb_courses.py took 0.593 seconds
[2026-02-25T17:38:46.015+0000] {processor.py:161} INFO - Started process (PID=6338) to work on /opt/airflow/dags/load_cb_courses.py
[2026-02-25T17:38:46.016+0000] {processor.py:830} INFO - Processing file /opt/airflow/dags/load_cb_courses.py for tasks to queue
[2026-02-25T17:38:46.018+0000] {logging_mixin.py:188} INFO - [2026-02-25T17:38:46.018+0000] {dagbag.py:545} INFO - Filling up the DagBag from /opt/airflow/dags/load_cb_courses.py
[2026-02-25T17:38:46.518+0000] {processor.py:840} INFO - DAG(s) 'load_cb_courses' retrieved from /opt/airflow/dags/load_cb_courses.py
[2026-02-25T17:38:46.543+0000] {logging_mixin.py:188} INFO - [2026-02-25T17:38:46.543+0000] {dag.py:3089} INFO - Sync 1 DAGs
[2026-02-25T17:38:46.564+0000] {logging_mixin.py:188} INFO - [2026-02-25T17:38:46.564+0000] {dag.py:3947} INFO - Setting next_dagrun for load_cb_courses to 2026-02-25 00:00:00+00:00, run_after=2026-02-26 00:00:00+00:00
[2026-02-25T17:38:46.586+0000] {processor.py:183} INFO - Processing /opt/airflow/dags/load_cb_courses.py took 0.578 seconds
[2026-02-25T17:39:16.841+0000] {processor.py:161} INFO - Started process (PID=6370) to work on /opt/airflow/dags/load_cb_courses.py
[2026-02-25T17:39:16.843+0000] {processor.py:830} INFO - Processing file /opt/airflow/dags/load_cb_courses.py for tasks to queue
[2026-02-25T17:39:16.845+0000] {logging_mixin.py:188} INFO - [2026-02-25T17:39:16.845+0000] {dagbag.py:545} INFO - Filling up the DagBag from /opt/airflow/dags/load_cb_courses.py
[2026-02-25T17:39:17.344+0000] {processor.py:840} INFO - DAG(s) 'load_cb_courses' retrieved from /opt/airflow/dags/load_cb_courses.py
[2026-02-25T17:39:17.367+0000] {logging_mixin.py:188} INFO - [2026-02-25T17:39:17.366+0000] {dag.py:3089} INFO - Sync 1 DAGs
[2026-02-25T17:39:17.388+0000] {logging_mixin.py:188} INFO - [2026-02-25T17:39:17.387+0000] {dag.py:3947} INFO - Setting next_dagrun for load_cb_courses to 2026-02-25 00:00:00+00:00, run_after=2026-02-26 00:00:00+00:00
[2026-02-25T17:39:17.413+0000] {processor.py:183} INFO - Processing /opt/airflow/dags/load_cb_courses.py took 0.580 seconds
[2026-02-25T17:39:47.642+0000] {processor.py:161} INFO - Started process (PID=6396) to work on /opt/airflow/dags/load_cb_courses.py
[2026-02-25T17:39:47.645+0000] {processor.py:830} INFO - Processing file /opt/airflow/dags/load_cb_courses.py for tasks to queue
[2026-02-25T17:39:47.648+0000] {logging_mixin.py:188} INFO - [2026-02-25T17:39:47.648+0000] {dagbag.py:545} INFO - Filling up the DagBag from /opt/airflow/dags/load_cb_courses.py
[2026-02-25T17:39:48.162+0000] {processor.py:840} INFO - DAG(s) 'load_cb_courses' retrieved from /opt/airflow/dags/load_cb_courses.py
[2026-02-25T17:39:48.189+0000] {logging_mixin.py:188} INFO - [2026-02-25T17:39:48.188+0000] {dag.py:3089} INFO - Sync 1 DAGs
[2026-02-25T17:39:48.217+0000] {logging_mixin.py:188} INFO - [2026-02-25T17:39:48.216+0000] {dag.py:3947} INFO - Setting next_dagrun for load_cb_courses to 2026-02-25 00:00:00+00:00, run_after=2026-02-26 00:00:00+00:00
[2026-02-25T17:39:48.240+0000] {processor.py:183} INFO - Processing /opt/airflow/dags/load_cb_courses.py took 0.608 seconds
[2026-02-25T17:40:18.976+0000] {processor.py:161} INFO - Started process (PID=6429) to work on /opt/airflow/dags/load_cb_courses.py
[2026-02-25T17:40:18.983+0000] {processor.py:830} INFO - Processing file /opt/airflow/dags/load_cb_courses.py for tasks to queue
[2026-02-25T17:40:18.989+0000] {logging_mixin.py:188} INFO - [2026-02-25T17:40:18.988+0000] {dagbag.py:545} INFO - Filling up the DagBag from /opt/airflow/dags/load_cb_courses.py
[2026-02-25T17:40:19.551+0000] {processor.py:840} INFO - DAG(s) 'load_cb_courses' retrieved from /opt/airflow/dags/load_cb_courses.py
[2026-02-25T17:40:19.575+0000] {logging_mixin.py:188} INFO - [2026-02-25T17:40:19.574+0000] {dag.py:3089} INFO - Sync 1 DAGs
[2026-02-25T17:40:19.600+0000] {logging_mixin.py:188} INFO - [2026-02-25T17:40:19.600+0000] {dag.py:3947} INFO - Setting next_dagrun for load_cb_courses to 2026-02-25 00:00:00+00:00, run_after=2026-02-26 00:00:00+00:00
[2026-02-25T17:40:19.619+0000] {processor.py:183} INFO - Processing /opt/airflow/dags/load_cb_courses.py took 0.651 seconds
[2026-02-25T17:40:50.005+0000] {processor.py:161} INFO - Started process (PID=6456) to work on /opt/airflow/dags/load_cb_courses.py
[2026-02-25T17:40:50.006+0000] {processor.py:830} INFO - Processing file /opt/airflow/dags/load_cb_courses.py for tasks to queue
[2026-02-25T17:40:50.009+0000] {logging_mixin.py:188} INFO - [2026-02-25T17:40:50.009+0000] {dagbag.py:545} INFO - Filling up the DagBag from /opt/airflow/dags/load_cb_courses.py
[2026-02-25T17:40:50.616+0000] {processor.py:840} INFO - DAG(s) 'load_cb_courses' retrieved from /opt/airflow/dags/load_cb_courses.py
[2026-02-25T17:40:50.643+0000] {logging_mixin.py:188} INFO - [2026-02-25T17:40:50.642+0000] {dag.py:3089} INFO - Sync 1 DAGs
[2026-02-25T17:40:50.667+0000] {logging_mixin.py:188} INFO - [2026-02-25T17:40:50.667+0000] {dag.py:3947} INFO - Setting next_dagrun for load_cb_courses to 2026-02-25 00:00:00+00:00, run_after=2026-02-26 00:00:00+00:00
[2026-02-25T17:40:50.693+0000] {processor.py:183} INFO - Processing /opt/airflow/dags/load_cb_courses.py took 0.695 seconds
[2026-02-25T17:41:20.791+0000] {processor.py:161} INFO - Started process (PID=6489) to work on /opt/airflow/dags/load_cb_courses.py
[2026-02-25T17:41:20.793+0000] {processor.py:830} INFO - Processing file /opt/airflow/dags/load_cb_courses.py for tasks to queue
[2026-02-25T17:41:20.796+0000] {logging_mixin.py:188} INFO - [2026-02-25T17:41:20.795+0000] {dagbag.py:545} INFO - Filling up the DagBag from /opt/airflow/dags/load_cb_courses.py
[2026-02-25T17:41:21.408+0000] {processor.py:840} INFO - DAG(s) 'load_cb_courses' retrieved from /opt/airflow/dags/load_cb_courses.py
[2026-02-25T17:41:21.439+0000] {logging_mixin.py:188} INFO - [2026-02-25T17:41:21.439+0000] {dag.py:3089} INFO - Sync 1 DAGs
[2026-02-25T17:41:21.466+0000] {logging_mixin.py:188} INFO - [2026-02-25T17:41:21.466+0000] {dag.py:3947} INFO - Setting next_dagrun for load_cb_courses to 2026-02-25 00:00:00+00:00, run_after=2026-02-26 00:00:00+00:00
[2026-02-25T17:41:21.492+0000] {processor.py:183} INFO - Processing /opt/airflow/dags/load_cb_courses.py took 0.708 seconds
[2026-02-25T17:41:51.602+0000] {processor.py:161} INFO - Started process (PID=6515) to work on /opt/airflow/dags/load_cb_courses.py
[2026-02-25T17:41:51.604+0000] {processor.py:830} INFO - Processing file /opt/airflow/dags/load_cb_courses.py for tasks to queue
[2026-02-25T17:41:51.607+0000] {logging_mixin.py:188} INFO - [2026-02-25T17:41:51.607+0000] {dagbag.py:545} INFO - Filling up the DagBag from /opt/airflow/dags/load_cb_courses.py
[2026-02-25T17:41:52.133+0000] {processor.py:840} INFO - DAG(s) 'load_cb_courses' retrieved from /opt/airflow/dags/load_cb_courses.py
[2026-02-25T17:41:52.159+0000] {logging_mixin.py:188} INFO - [2026-02-25T17:41:52.159+0000] {dag.py:3089} INFO - Sync 1 DAGs
[2026-02-25T17:41:52.188+0000] {logging_mixin.py:188} INFO - [2026-02-25T17:41:52.188+0000] {dag.py:3947} INFO - Setting next_dagrun for load_cb_courses to 2026-02-25 00:00:00+00:00, run_after=2026-02-26 00:00:00+00:00
[2026-02-25T17:41:52.215+0000] {processor.py:183} INFO - Processing /opt/airflow/dags/load_cb_courses.py took 0.626 seconds
[2026-02-25T17:42:22.686+0000] {processor.py:161} INFO - Started process (PID=6547) to work on /opt/airflow/dags/load_cb_courses.py
[2026-02-25T17:42:22.687+0000] {processor.py:830} INFO - Processing file /opt/airflow/dags/load_cb_courses.py for tasks to queue
[2026-02-25T17:42:22.690+0000] {logging_mixin.py:188} INFO - [2026-02-25T17:42:22.689+0000] {dagbag.py:545} INFO - Filling up the DagBag from /opt/airflow/dags/load_cb_courses.py
[2026-02-25T17:42:23.203+0000] {processor.py:840} INFO - DAG(s) 'load_cb_courses' retrieved from /opt/airflow/dags/load_cb_courses.py
[2026-02-25T17:42:23.227+0000] {logging_mixin.py:188} INFO - [2026-02-25T17:42:23.226+0000] {dag.py:3089} INFO - Sync 1 DAGs
[2026-02-25T17:42:23.248+0000] {logging_mixin.py:188} INFO - [2026-02-25T17:42:23.248+0000] {dag.py:3947} INFO - Setting next_dagrun for load_cb_courses to 2026-02-25 00:00:00+00:00, run_after=2026-02-26 00:00:00+00:00
[2026-02-25T17:42:23.272+0000] {processor.py:183} INFO - Processing /opt/airflow/dags/load_cb_courses.py took 0.592 seconds
[2026-02-25T17:42:53.395+0000] {processor.py:161} INFO - Started process (PID=6573) to work on /opt/airflow/dags/load_cb_courses.py
[2026-02-25T17:42:53.397+0000] {processor.py:830} INFO - Processing file /opt/airflow/dags/load_cb_courses.py for tasks to queue
[2026-02-25T17:42:53.399+0000] {logging_mixin.py:188} INFO - [2026-02-25T17:42:53.399+0000] {dagbag.py:545} INFO - Filling up the DagBag from /opt/airflow/dags/load_cb_courses.py
[2026-02-25T17:42:53.895+0000] {processor.py:840} INFO - DAG(s) 'load_cb_courses' retrieved from /opt/airflow/dags/load_cb_courses.py
[2026-02-25T17:42:53.921+0000] {logging_mixin.py:188} INFO - [2026-02-25T17:42:53.919+0000] {dag.py:3089} INFO - Sync 1 DAGs
[2026-02-25T17:42:53.945+0000] {logging_mixin.py:188} INFO - [2026-02-25T17:42:53.945+0000] {dag.py:3947} INFO - Setting next_dagrun for load_cb_courses to 2026-02-25 00:00:00+00:00, run_after=2026-02-26 00:00:00+00:00
[2026-02-25T17:42:53.968+0000] {processor.py:183} INFO - Processing /opt/airflow/dags/load_cb_courses.py took 0.579 seconds
[2026-02-25T17:43:24.152+0000] {processor.py:161} INFO - Started process (PID=6606) to work on /opt/airflow/dags/load_cb_courses.py
[2026-02-25T17:43:24.154+0000] {processor.py:830} INFO - Processing file /opt/airflow/dags/load_cb_courses.py for tasks to queue
[2026-02-25T17:43:24.156+0000] {logging_mixin.py:188} INFO - [2026-02-25T17:43:24.156+0000] {dagbag.py:545} INFO - Filling up the DagBag from /opt/airflow/dags/load_cb_courses.py
[2026-02-25T17:43:24.643+0000] {processor.py:840} INFO - DAG(s) 'load_cb_courses' retrieved from /opt/airflow/dags/load_cb_courses.py
[2026-02-25T17:43:24.669+0000] {logging_mixin.py:188} INFO - [2026-02-25T17:43:24.668+0000] {dag.py:3089} INFO - Sync 1 DAGs
[2026-02-25T17:43:24.689+0000] {logging_mixin.py:188} INFO - [2026-02-25T17:43:24.689+0000] {dag.py:3947} INFO - Setting next_dagrun for load_cb_courses to 2026-02-25 00:00:00+00:00, run_after=2026-02-26 00:00:00+00:00
[2026-02-25T17:43:24.719+0000] {processor.py:183} INFO - Processing /opt/airflow/dags/load_cb_courses.py took 0.573 seconds
[2026-02-25T17:43:54.833+0000] {processor.py:161} INFO - Started process (PID=6640) to work on /opt/airflow/dags/load_cb_courses.py
[2026-02-25T17:43:54.834+0000] {processor.py:830} INFO - Processing file /opt/airflow/dags/load_cb_courses.py for tasks to queue
[2026-02-25T17:43:54.837+0000] {logging_mixin.py:188} INFO - [2026-02-25T17:43:54.837+0000] {dagbag.py:545} INFO - Filling up the DagBag from /opt/airflow/dags/load_cb_courses.py
[2026-02-25T17:43:55.369+0000] {processor.py:840} INFO - DAG(s) 'load_cb_courses' retrieved from /opt/airflow/dags/load_cb_courses.py
[2026-02-25T17:43:55.397+0000] {logging_mixin.py:188} INFO - [2026-02-25T17:43:55.396+0000] {dag.py:3089} INFO - Sync 1 DAGs
[2026-02-25T17:43:55.423+0000] {logging_mixin.py:188} INFO - [2026-02-25T17:43:55.423+0000] {dag.py:3947} INFO - Setting next_dagrun for load_cb_courses to 2026-02-25 00:00:00+00:00, run_after=2026-02-26 00:00:00+00:00
[2026-02-25T17:43:55.450+0000] {processor.py:183} INFO - Processing /opt/airflow/dags/load_cb_courses.py took 0.625 seconds
[2026-02-25T17:44:25.561+0000] {processor.py:161} INFO - Started process (PID=6665) to work on /opt/airflow/dags/load_cb_courses.py
[2026-02-25T17:44:25.562+0000] {processor.py:830} INFO - Processing file /opt/airflow/dags/load_cb_courses.py for tasks to queue
[2026-02-25T17:44:25.565+0000] {logging_mixin.py:188} INFO - [2026-02-25T17:44:25.565+0000] {dagbag.py:545} INFO - Filling up the DagBag from /opt/airflow/dags/load_cb_courses.py
[2026-02-25T17:44:26.063+0000] {processor.py:840} INFO - DAG(s) 'load_cb_courses' retrieved from /opt/airflow/dags/load_cb_courses.py
[2026-02-25T17:44:26.087+0000] {logging_mixin.py:188} INFO - [2026-02-25T17:44:26.087+0000] {dag.py:3089} INFO - Sync 1 DAGs
[2026-02-25T17:44:26.109+0000] {logging_mixin.py:188} INFO - [2026-02-25T17:44:26.108+0000] {dag.py:3947} INFO - Setting next_dagrun for load_cb_courses to 2026-02-25 00:00:00+00:00, run_after=2026-02-26 00:00:00+00:00
[2026-02-25T17:44:26.132+0000] {processor.py:183} INFO - Processing /opt/airflow/dags/load_cb_courses.py took 0.580 seconds
[2026-02-25T17:44:56.235+0000] {processor.py:161} INFO - Started process (PID=6697) to work on /opt/airflow/dags/load_cb_courses.py
[2026-02-25T17:44:56.238+0000] {processor.py:830} INFO - Processing file /opt/airflow/dags/load_cb_courses.py for tasks to queue
[2026-02-25T17:44:56.241+0000] {logging_mixin.py:188} INFO - [2026-02-25T17:44:56.241+0000] {dagbag.py:545} INFO - Filling up the DagBag from /opt/airflow/dags/load_cb_courses.py
[2026-02-25T17:44:56.772+0000] {processor.py:840} INFO - DAG(s) 'load_cb_courses' retrieved from /opt/airflow/dags/load_cb_courses.py
[2026-02-25T17:44:56.795+0000] {logging_mixin.py:188} INFO - [2026-02-25T17:44:56.795+0000] {dag.py:3089} INFO - Sync 1 DAGs
[2026-02-25T17:44:56.817+0000] {logging_mixin.py:188} INFO - [2026-02-25T17:44:56.817+0000] {dag.py:3947} INFO - Setting next_dagrun for load_cb_courses to 2026-02-25 00:00:00+00:00, run_after=2026-02-26 00:00:00+00:00
[2026-02-25T17:44:56.840+0000] {processor.py:183} INFO - Processing /opt/airflow/dags/load_cb_courses.py took 0.614 seconds
[2026-02-25T17:45:27.101+0000] {processor.py:161} INFO - Started process (PID=6724) to work on /opt/airflow/dags/load_cb_courses.py
[2026-02-25T17:45:27.103+0000] {processor.py:830} INFO - Processing file /opt/airflow/dags/load_cb_courses.py for tasks to queue
[2026-02-25T17:45:27.105+0000] {logging_mixin.py:188} INFO - [2026-02-25T17:45:27.105+0000] {dagbag.py:545} INFO - Filling up the DagBag from /opt/airflow/dags/load_cb_courses.py
[2026-02-25T17:45:27.631+0000] {processor.py:840} INFO - DAG(s) 'load_cb_courses' retrieved from /opt/airflow/dags/load_cb_courses.py
[2026-02-25T17:45:27.654+0000] {logging_mixin.py:188} INFO - [2026-02-25T17:45:27.654+0000] {dag.py:3089} INFO - Sync 1 DAGs
[2026-02-25T17:45:27.675+0000] {logging_mixin.py:188} INFO - [2026-02-25T17:45:27.675+0000] {dag.py:3947} INFO - Setting next_dagrun for load_cb_courses to 2026-02-25 00:00:00+00:00, run_after=2026-02-26 00:00:00+00:00
[2026-02-25T17:45:27.694+0000] {processor.py:183} INFO - Processing /opt/airflow/dags/load_cb_courses.py took 0.601 seconds
[2026-02-25T17:45:58.105+0000] {processor.py:161} INFO - Started process (PID=6758) to work on /opt/airflow/dags/load_cb_courses.py
[2026-02-25T17:45:58.107+0000] {processor.py:830} INFO - Processing file /opt/airflow/dags/load_cb_courses.py for tasks to queue
[2026-02-25T17:45:58.110+0000] {logging_mixin.py:188} INFO - [2026-02-25T17:45:58.110+0000] {dagbag.py:545} INFO - Filling up the DagBag from /opt/airflow/dags/load_cb_courses.py
[2026-02-25T17:45:58.688+0000] {processor.py:840} INFO - DAG(s) 'load_cb_courses' retrieved from /opt/airflow/dags/load_cb_courses.py
[2026-02-25T17:45:58.716+0000] {logging_mixin.py:188} INFO - [2026-02-25T17:45:58.715+0000] {dag.py:3089} INFO - Sync 1 DAGs
[2026-02-25T17:45:58.743+0000] {logging_mixin.py:188} INFO - [2026-02-25T17:45:58.743+0000] {dag.py:3947} INFO - Setting next_dagrun for load_cb_courses to 2026-02-25 00:00:00+00:00, run_after=2026-02-26 00:00:00+00:00
[2026-02-25T17:45:58.773+0000] {processor.py:183} INFO - Processing /opt/airflow/dags/load_cb_courses.py took 0.676 seconds
[2026-02-25T17:46:29.309+0000] {processor.py:161} INFO - Started process (PID=6784) to work on /opt/airflow/dags/load_cb_courses.py
[2026-02-25T17:46:29.311+0000] {processor.py:830} INFO - Processing file /opt/airflow/dags/load_cb_courses.py for tasks to queue
[2026-02-25T17:46:29.313+0000] {logging_mixin.py:188} INFO - [2026-02-25T17:46:29.313+0000] {dagbag.py:545} INFO - Filling up the DagBag from /opt/airflow/dags/load_cb_courses.py
[2026-02-25T17:46:29.842+0000] {processor.py:840} INFO - DAG(s) 'load_cb_courses' retrieved from /opt/airflow/dags/load_cb_courses.py
[2026-02-25T17:46:29.867+0000] {logging_mixin.py:188} INFO - [2026-02-25T17:46:29.867+0000] {dag.py:3089} INFO - Sync 1 DAGs
[2026-02-25T17:46:29.891+0000] {logging_mixin.py:188} INFO - [2026-02-25T17:46:29.890+0000] {dag.py:3947} INFO - Setting next_dagrun for load_cb_courses to 2026-02-25 00:00:00+00:00, run_after=2026-02-26 00:00:00+00:00
[2026-02-25T17:46:29.915+0000] {processor.py:183} INFO - Processing /opt/airflow/dags/load_cb_courses.py took 0.613 seconds
[2026-02-25T17:47:00.275+0000] {processor.py:161} INFO - Started process (PID=6817) to work on /opt/airflow/dags/load_cb_courses.py
[2026-02-25T17:47:00.277+0000] {processor.py:830} INFO - Processing file /opt/airflow/dags/load_cb_courses.py for tasks to queue
[2026-02-25T17:47:00.281+0000] {logging_mixin.py:188} INFO - [2026-02-25T17:47:00.280+0000] {dagbag.py:545} INFO - Filling up the DagBag from /opt/airflow/dags/load_cb_courses.py
[2026-02-25T17:47:00.861+0000] {processor.py:840} INFO - DAG(s) 'load_cb_courses' retrieved from /opt/airflow/dags/load_cb_courses.py
[2026-02-25T17:47:00.885+0000] {logging_mixin.py:188} INFO - [2026-02-25T17:47:00.885+0000] {dag.py:3089} INFO - Sync 1 DAGs
[2026-02-25T17:47:00.908+0000] {logging_mixin.py:188} INFO - [2026-02-25T17:47:00.908+0000] {dag.py:3947} INFO - Setting next_dagrun for load_cb_courses to 2026-02-25 00:00:00+00:00, run_after=2026-02-26 00:00:00+00:00
[2026-02-25T17:47:00.934+0000] {processor.py:183} INFO - Processing /opt/airflow/dags/load_cb_courses.py took 0.670 seconds
[2026-02-25T17:47:31.626+0000] {processor.py:161} INFO - Started process (PID=6850) to work on /opt/airflow/dags/load_cb_courses.py
[2026-02-25T17:47:31.628+0000] {processor.py:830} INFO - Processing file /opt/airflow/dags/load_cb_courses.py for tasks to queue
[2026-02-25T17:47:31.632+0000] {logging_mixin.py:188} INFO - [2026-02-25T17:47:31.631+0000] {dagbag.py:545} INFO - Filling up the DagBag from /opt/airflow/dags/load_cb_courses.py
[2026-02-25T17:47:32.161+0000] {processor.py:840} INFO - DAG(s) 'load_cb_courses' retrieved from /opt/airflow/dags/load_cb_courses.py
[2026-02-25T17:47:32.186+0000] {logging_mixin.py:188} INFO - [2026-02-25T17:47:32.186+0000] {dag.py:3089} INFO - Sync 1 DAGs
[2026-02-25T17:47:32.210+0000] {logging_mixin.py:188} INFO - [2026-02-25T17:47:32.209+0000] {dag.py:3947} INFO - Setting next_dagrun for load_cb_courses to 2026-02-25 00:00:00+00:00, run_after=2026-02-26 00:00:00+00:00
[2026-02-25T17:47:32.238+0000] {processor.py:183} INFO - Processing /opt/airflow/dags/load_cb_courses.py took 0.620 seconds
[2026-02-25T17:48:02.332+0000] {processor.py:161} INFO - Started process (PID=6876) to work on /opt/airflow/dags/load_cb_courses.py
[2026-02-25T17:48:02.334+0000] {processor.py:830} INFO - Processing file /opt/airflow/dags/load_cb_courses.py for tasks to queue
[2026-02-25T17:48:02.336+0000] {logging_mixin.py:188} INFO - [2026-02-25T17:48:02.336+0000] {dagbag.py:545} INFO - Filling up the DagBag from /opt/airflow/dags/load_cb_courses.py
[2026-02-25T17:48:02.907+0000] {processor.py:840} INFO - DAG(s) 'load_cb_courses' retrieved from /opt/airflow/dags/load_cb_courses.py
[2026-02-25T17:48:02.937+0000] {logging_mixin.py:188} INFO - [2026-02-25T17:48:02.937+0000] {dag.py:3089} INFO - Sync 1 DAGs
[2026-02-25T17:48:02.966+0000] {logging_mixin.py:188} INFO - [2026-02-25T17:48:02.966+0000] {dag.py:3947} INFO - Setting next_dagrun for load_cb_courses to 2026-02-25 00:00:00+00:00, run_after=2026-02-26 00:00:00+00:00
[2026-02-25T17:48:02.993+0000] {processor.py:183} INFO - Processing /opt/airflow/dags/load_cb_courses.py took 0.668 seconds
[2026-02-25T17:48:33.123+0000] {processor.py:161} INFO - Started process (PID=6903) to work on /opt/airflow/dags/load_cb_courses.py
[2026-02-25T17:48:33.124+0000] {processor.py:830} INFO - Processing file /opt/airflow/dags/load_cb_courses.py for tasks to queue
[2026-02-25T17:48:33.126+0000] {logging_mixin.py:188} INFO - [2026-02-25T17:48:33.126+0000] {dagbag.py:545} INFO - Filling up the DagBag from /opt/airflow/dags/load_cb_courses.py
[2026-02-25T17:48:33.625+0000] {processor.py:840} INFO - DAG(s) 'load_cb_courses' retrieved from /opt/airflow/dags/load_cb_courses.py
[2026-02-25T17:48:33.655+0000] {logging_mixin.py:188} INFO - [2026-02-25T17:48:33.654+0000] {dag.py:3089} INFO - Sync 1 DAGs
[2026-02-25T17:48:33.680+0000] {logging_mixin.py:188} INFO - [2026-02-25T17:48:33.679+0000] {dag.py:3947} INFO - Setting next_dagrun for load_cb_courses to 2026-02-25 00:00:00+00:00, run_after=2026-02-26 00:00:00+00:00
[2026-02-25T17:48:33.711+0000] {processor.py:183} INFO - Processing /opt/airflow/dags/load_cb_courses.py took 0.596 seconds
[2026-02-25T17:49:03.977+0000] {processor.py:161} INFO - Started process (PID=6936) to work on /opt/airflow/dags/load_cb_courses.py
[2026-02-25T17:49:03.979+0000] {processor.py:830} INFO - Processing file /opt/airflow/dags/load_cb_courses.py for tasks to queue
[2026-02-25T17:49:03.981+0000] {logging_mixin.py:188} INFO - [2026-02-25T17:49:03.981+0000] {dagbag.py:545} INFO - Filling up the DagBag from /opt/airflow/dags/load_cb_courses.py
[2026-02-25T17:49:04.537+0000] {processor.py:840} INFO - DAG(s) 'load_cb_courses' retrieved from /opt/airflow/dags/load_cb_courses.py
[2026-02-25T17:49:04.569+0000] {logging_mixin.py:188} INFO - [2026-02-25T17:49:04.568+0000] {dag.py:3089} INFO - Sync 1 DAGs
[2026-02-25T17:49:04.615+0000] {logging_mixin.py:188} INFO - [2026-02-25T17:49:04.615+0000] {dag.py:3947} INFO - Setting next_dagrun for load_cb_courses to 2026-02-25 00:00:00+00:00, run_after=2026-02-26 00:00:00+00:00
[2026-02-25T17:49:04.655+0000] {processor.py:183} INFO - Processing /opt/airflow/dags/load_cb_courses.py took 0.687 seconds
[2026-02-25T17:49:34.990+0000] {processor.py:161} INFO - Started process (PID=6970) to work on /opt/airflow/dags/load_cb_courses.py
[2026-02-25T17:49:34.992+0000] {processor.py:830} INFO - Processing file /opt/airflow/dags/load_cb_courses.py for tasks to queue
[2026-02-25T17:49:34.994+0000] {logging_mixin.py:188} INFO - [2026-02-25T17:49:34.994+0000] {dagbag.py:545} INFO - Filling up the DagBag from /opt/airflow/dags/load_cb_courses.py
[2026-02-25T17:49:35.598+0000] {processor.py:840} INFO - DAG(s) 'load_cb_courses' retrieved from /opt/airflow/dags/load_cb_courses.py
[2026-02-25T17:49:35.630+0000] {logging_mixin.py:188} INFO - [2026-02-25T17:49:35.630+0000] {dag.py:3089} INFO - Sync 1 DAGs
[2026-02-25T17:49:35.653+0000] {logging_mixin.py:188} INFO - [2026-02-25T17:49:35.653+0000] {dag.py:3947} INFO - Setting next_dagrun for load_cb_courses to 2026-02-25 00:00:00+00:00, run_after=2026-02-26 00:00:00+00:00
[2026-02-25T17:49:35.685+0000] {processor.py:183} INFO - Processing /opt/airflow/dags/load_cb_courses.py took 0.703 seconds
[2026-02-25T17:50:05.962+0000] {processor.py:161} INFO - Started process (PID=6996) to work on /opt/airflow/dags/load_cb_courses.py
[2026-02-25T17:50:05.964+0000] {processor.py:830} INFO - Processing file /opt/airflow/dags/load_cb_courses.py for tasks to queue
[2026-02-25T17:50:05.966+0000] {logging_mixin.py:188} INFO - [2026-02-25T17:50:05.966+0000] {dagbag.py:545} INFO - Filling up the DagBag from /opt/airflow/dags/load_cb_courses.py
[2026-02-25T17:50:03.754+0000] {processor.py:840} INFO - DAG(s) 'load_cb_courses' retrieved from /opt/airflow/dags/load_cb_courses.py
[2026-02-25T17:50:03.787+0000] {logging_mixin.py:188} INFO - [2026-02-25T17:50:03.786+0000] {dag.py:3089} INFO - Sync 1 DAGs
[2026-02-25T17:50:03.811+0000] {logging_mixin.py:188} INFO - [2026-02-25T17:50:03.811+0000] {dag.py:3947} INFO - Setting next_dagrun for load_cb_courses to 2026-02-25 00:00:00+00:00, run_after=2026-02-26 00:00:00+00:00
[2026-02-25T17:50:03.835+0000] {processor.py:183} INFO - Processing /opt/airflow/dags/load_cb_courses.py took 0.612 seconds
[2026-02-25T17:50:34.120+0000] {processor.py:161} INFO - Started process (PID=7027) to work on /opt/airflow/dags/load_cb_courses.py
[2026-02-25T17:50:34.122+0000] {processor.py:830} INFO - Processing file /opt/airflow/dags/load_cb_courses.py for tasks to queue
[2026-02-25T17:50:34.125+0000] {logging_mixin.py:188} INFO - [2026-02-25T17:50:34.124+0000] {dagbag.py:545} INFO - Filling up the DagBag from /opt/airflow/dags/load_cb_courses.py
[2026-02-25T17:50:34.642+0000] {processor.py:840} INFO - DAG(s) 'load_cb_courses' retrieved from /opt/airflow/dags/load_cb_courses.py
[2026-02-25T17:50:34.673+0000] {logging_mixin.py:188} INFO - [2026-02-25T17:50:34.672+0000] {dag.py:3089} INFO - Sync 1 DAGs
[2026-02-25T17:50:34.697+0000] {logging_mixin.py:188} INFO - [2026-02-25T17:50:34.697+0000] {dag.py:3947} INFO - Setting next_dagrun for load_cb_courses to 2026-02-25 00:00:00+00:00, run_after=2026-02-26 00:00:00+00:00
[2026-02-25T17:50:34.722+0000] {processor.py:183} INFO - Processing /opt/airflow/dags/load_cb_courses.py took 0.609 seconds
[2026-02-25T17:51:04.902+0000] {processor.py:161} INFO - Started process (PID=7053) to work on /opt/airflow/dags/load_cb_courses.py
[2026-02-25T17:51:04.904+0000] {processor.py:830} INFO - Processing file /opt/airflow/dags/load_cb_courses.py for tasks to queue
[2026-02-25T17:51:04.906+0000] {logging_mixin.py:188} INFO - [2026-02-25T17:51:04.906+0000] {dagbag.py:545} INFO - Filling up the DagBag from /opt/airflow/dags/load_cb_courses.py
[2026-02-25T17:51:05.387+0000] {processor.py:840} INFO - DAG(s) 'load_cb_courses' retrieved from /opt/airflow/dags/load_cb_courses.py
[2026-02-25T17:51:05.411+0000] {logging_mixin.py:188} INFO - [2026-02-25T17:51:05.411+0000] {dag.py:3089} INFO - Sync 1 DAGs
[2026-02-25T17:51:05.431+0000] {logging_mixin.py:188} INFO - [2026-02-25T17:51:05.431+0000] {dag.py:3947} INFO - Setting next_dagrun for load_cb_courses to 2026-02-25 00:00:00+00:00, run_after=2026-02-26 00:00:00+00:00
[2026-02-25T17:51:05.452+0000] {processor.py:183} INFO - Processing /opt/airflow/dags/load_cb_courses.py took 0.557 seconds
[2026-02-25T17:51:35.733+0000] {processor.py:161} INFO - Started process (PID=7086) to work on /opt/airflow/dags/load_cb_courses.py
[2026-02-25T17:51:35.735+0000] {processor.py:830} INFO - Processing file /opt/airflow/dags/load_cb_courses.py for tasks to queue
[2026-02-25T17:51:35.738+0000] {logging_mixin.py:188} INFO - [2026-02-25T17:51:35.738+0000] {dagbag.py:545} INFO - Filling up the DagBag from /opt/airflow/dags/load_cb_courses.py
[2026-02-25T17:51:36.241+0000] {processor.py:840} INFO - DAG(s) 'load_cb_courses' retrieved from /opt/airflow/dags/load_cb_courses.py
[2026-02-25T17:51:36.268+0000] {logging_mixin.py:188} INFO - [2026-02-25T17:51:36.267+0000] {dag.py:3089} INFO - Sync 1 DAGs
[2026-02-25T17:51:36.291+0000] {logging_mixin.py:188} INFO - [2026-02-25T17:51:36.291+0000] {dag.py:3947} INFO - Setting next_dagrun for load_cb_courses to 2026-02-25 00:00:00+00:00, run_after=2026-02-26 00:00:00+00:00
[2026-02-25T17:51:36.317+0000] {processor.py:183} INFO - Processing /opt/airflow/dags/load_cb_courses.py took 0.590 seconds
[2026-02-25T17:52:06.962+0000] {processor.py:161} INFO - Started process (PID=7112) to work on /opt/airflow/dags/load_cb_courses.py
[2026-02-25T17:52:06.964+0000] {processor.py:830} INFO - Processing file /opt/airflow/dags/load_cb_courses.py for tasks to queue
[2026-02-25T17:52:06.967+0000] {logging_mixin.py:188} INFO - [2026-02-25T17:52:06.966+0000] {dagbag.py:545} INFO - Filling up the DagBag from /opt/airflow/dags/load_cb_courses.py
[2026-02-25T17:52:07.456+0000] {processor.py:840} INFO - DAG(s) 'load_cb_courses' retrieved from /opt/airflow/dags/load_cb_courses.py
[2026-02-25T17:52:07.481+0000] {logging_mixin.py:188} INFO - [2026-02-25T17:52:07.480+0000] {dag.py:3089} INFO - Sync 1 DAGs
[2026-02-25T17:52:07.502+0000] {logging_mixin.py:188} INFO - [2026-02-25T17:52:07.502+0000] {dag.py:3947} INFO - Setting next_dagrun for load_cb_courses to 2026-02-25 00:00:00+00:00, run_after=2026-02-26 00:00:00+00:00
[2026-02-25T17:52:07.522+0000] {processor.py:183} INFO - Processing /opt/airflow/dags/load_cb_courses.py took 0.567 seconds
[2026-02-25T17:52:38.287+0000] {processor.py:161} INFO - Started process (PID=7144) to work on /opt/airflow/dags/load_cb_courses.py
[2026-02-25T17:52:38.289+0000] {processor.py:830} INFO - Processing file /opt/airflow/dags/load_cb_courses.py for tasks to queue
[2026-02-25T17:52:38.292+0000] {logging_mixin.py:188} INFO - [2026-02-25T17:52:38.292+0000] {dagbag.py:545} INFO - Filling up the DagBag from /opt/airflow/dags/load_cb_courses.py
[2026-02-25T17:52:39.034+0000] {processor.py:840} INFO - DAG(s) 'load_cb_courses' retrieved from /opt/airflow/dags/load_cb_courses.py
[2026-02-25T17:52:39.073+0000] {logging_mixin.py:188} INFO - [2026-02-25T17:52:39.073+0000] {dag.py:3089} INFO - Sync 1 DAGs
[2026-02-25T17:52:39.098+0000] {logging_mixin.py:188} INFO - [2026-02-25T17:52:39.098+0000] {dag.py:3947} INFO - Setting next_dagrun for load_cb_courses to 2026-02-25 00:00:00+00:00, run_after=2026-02-26 00:00:00+00:00
[2026-02-25T17:52:39.135+0000] {processor.py:183} INFO - Processing /opt/airflow/dags/load_cb_courses.py took 0.855 seconds
[2026-02-25T17:53:09.703+0000] {processor.py:161} INFO - Started process (PID=7170) to work on /opt/airflow/dags/load_cb_courses.py
[2026-02-25T17:53:09.706+0000] {processor.py:830} INFO - Processing file /opt/airflow/dags/load_cb_courses.py for tasks to queue
[2026-02-25T17:53:09.714+0000] {logging_mixin.py:188} INFO - [2026-02-25T17:53:09.714+0000] {dagbag.py:545} INFO - Filling up the DagBag from /opt/airflow/dags/load_cb_courses.py
[2026-02-25T17:53:10.305+0000] {processor.py:840} INFO - DAG(s) 'load_cb_courses' retrieved from /opt/airflow/dags/load_cb_courses.py
[2026-02-25T17:53:10.333+0000] {logging_mixin.py:188} INFO - [2026-02-25T17:53:10.332+0000] {dag.py:3089} INFO - Sync 1 DAGs
[2026-02-25T17:53:10.355+0000] {logging_mixin.py:188} INFO - [2026-02-25T17:53:10.355+0000] {dag.py:3947} INFO - Setting next_dagrun for load_cb_courses to 2026-02-25 00:00:00+00:00, run_after=2026-02-26 00:00:00+00:00
[2026-02-25T17:53:10.384+0000] {processor.py:183} INFO - Processing /opt/airflow/dags/load_cb_courses.py took 0.692 seconds
[2026-02-25T17:53:40.920+0000] {processor.py:161} INFO - Started process (PID=7202) to work on /opt/airflow/dags/load_cb_courses.py
[2026-02-25T17:53:40.922+0000] {processor.py:830} INFO - Processing file /opt/airflow/dags/load_cb_courses.py for tasks to queue
[2026-02-25T17:53:40.925+0000] {logging_mixin.py:188} INFO - [2026-02-25T17:53:40.924+0000] {dagbag.py:545} INFO - Filling up the DagBag from /opt/airflow/dags/load_cb_courses.py
[2026-02-25T17:53:41.564+0000] {processor.py:840} INFO - DAG(s) 'load_cb_courses' retrieved from /opt/airflow/dags/load_cb_courses.py
[2026-02-25T17:53:41.592+0000] {logging_mixin.py:188} INFO - [2026-02-25T17:53:41.591+0000] {dag.py:3089} INFO - Sync 1 DAGs
[2026-02-25T17:53:41.617+0000] {logging_mixin.py:188} INFO - [2026-02-25T17:53:41.617+0000] {dag.py:3947} INFO - Setting next_dagrun for load_cb_courses to 2026-02-25 00:00:00+00:00, run_after=2026-02-26 00:00:00+00:00
[2026-02-25T17:53:41.647+0000] {processor.py:183} INFO - Processing /opt/airflow/dags/load_cb_courses.py took 0.735 seconds
[2026-02-25T17:54:11.932+0000] {processor.py:161} INFO - Started process (PID=7235) to work on /opt/airflow/dags/load_cb_courses.py
[2026-02-25T17:54:11.934+0000] {processor.py:830} INFO - Processing file /opt/airflow/dags/load_cb_courses.py for tasks to queue
[2026-02-25T17:54:11.938+0000] {logging_mixin.py:188} INFO - [2026-02-25T17:54:11.937+0000] {dagbag.py:545} INFO - Filling up the DagBag from /opt/airflow/dags/load_cb_courses.py
[2026-02-25T17:54:12.483+0000] {processor.py:840} INFO - DAG(s) 'load_cb_courses' retrieved from /opt/airflow/dags/load_cb_courses.py
[2026-02-25T17:54:12.522+0000] {logging_mixin.py:188} INFO - [2026-02-25T17:54:12.521+0000] {dag.py:3089} INFO - Sync 1 DAGs
[2026-02-25T17:54:12.551+0000] {logging_mixin.py:188} INFO - [2026-02-25T17:54:12.551+0000] {dag.py:3947} INFO - Setting next_dagrun for load_cb_courses to 2026-02-25 00:00:00+00:00, run_after=2026-02-26 00:00:00+00:00
[2026-02-25T17:54:12.585+0000] {processor.py:183} INFO - Processing /opt/airflow/dags/load_cb_courses.py took 0.660 seconds
[2026-02-25T17:54:42.733+0000] {processor.py:161} INFO - Started process (PID=7261) to work on /opt/airflow/dags/load_cb_courses.py
[2026-02-25T17:54:42.736+0000] {processor.py:830} INFO - Processing file /opt/airflow/dags/load_cb_courses.py for tasks to queue
[2026-02-25T17:54:42.740+0000] {logging_mixin.py:188} INFO - [2026-02-25T17:54:42.740+0000] {dagbag.py:545} INFO - Filling up the DagBag from /opt/airflow/dags/load_cb_courses.py
[2026-02-25T17:54:43.293+0000] {processor.py:840} INFO - DAG(s) 'load_cb_courses' retrieved from /opt/airflow/dags/load_cb_courses.py
[2026-02-25T17:54:43.322+0000] {logging_mixin.py:188} INFO - [2026-02-25T17:54:43.321+0000] {dag.py:3089} INFO - Sync 1 DAGs
[2026-02-25T17:54:43.349+0000] {logging_mixin.py:188} INFO - [2026-02-25T17:54:43.349+0000] {dag.py:3947} INFO - Setting next_dagrun for load_cb_courses to 2026-02-25 00:00:00+00:00, run_after=2026-02-26 00:00:00+00:00
[2026-02-25T17:54:43.375+0000] {processor.py:183} INFO - Processing /opt/airflow/dags/load_cb_courses.py took 0.657 seconds
[2026-02-25T17:55:13.666+0000] {processor.py:161} INFO - Started process (PID=7294) to work on /opt/airflow/dags/load_cb_courses.py
[2026-02-25T17:55:13.668+0000] {processor.py:830} INFO - Processing file /opt/airflow/dags/load_cb_courses.py for tasks to queue
[2026-02-25T17:55:13.671+0000] {logging_mixin.py:188} INFO - [2026-02-25T17:55:13.670+0000] {dagbag.py:545} INFO - Filling up the DagBag from /opt/airflow/dags/load_cb_courses.py
[2026-02-25T17:55:14.229+0000] {processor.py:840} INFO - DAG(s) 'load_cb_courses' retrieved from /opt/airflow/dags/load_cb_courses.py
[2026-02-25T17:55:14.255+0000] {logging_mixin.py:188} INFO - [2026-02-25T17:55:14.255+0000] {dag.py:3089} INFO - Sync 1 DAGs
[2026-02-25T17:55:14.281+0000] {logging_mixin.py:188} INFO - [2026-02-25T17:55:14.281+0000] {dag.py:3947} INFO - Setting next_dagrun for load_cb_courses to 2026-02-25 00:00:00+00:00, run_after=2026-02-26 00:00:00+00:00
[2026-02-25T17:55:14.310+0000] {processor.py:183} INFO - Processing /opt/airflow/dags/load_cb_courses.py took 0.652 seconds
[2026-02-25T17:55:45.079+0000] {processor.py:161} INFO - Started process (PID=7320) to work on /opt/airflow/dags/load_cb_courses.py
[2026-02-25T17:55:45.088+0000] {processor.py:830} INFO - Processing file /opt/airflow/dags/load_cb_courses.py for tasks to queue
[2026-02-25T17:55:45.090+0000] {logging_mixin.py:188} INFO - [2026-02-25T17:55:45.090+0000] {dagbag.py:545} INFO - Filling up the DagBag from /opt/airflow/dags/load_cb_courses.py
[2026-02-25T17:55:45.416+0000] {processor.py:840} INFO - DAG(s) 'load_cb_courses' retrieved from /opt/airflow/dags/load_cb_courses.py
[2026-02-25T17:55:45.441+0000] {logging_mixin.py:188} INFO - [2026-02-25T17:55:45.441+0000] {dag.py:3089} INFO - Sync 1 DAGs
[2026-02-25T17:55:45.467+0000] {logging_mixin.py:188} INFO - [2026-02-25T17:55:45.467+0000] {dag.py:3947} INFO - Setting next_dagrun for load_cb_courses to 2026-02-25 00:00:00+00:00, run_after=2026-02-26 00:00:00+00:00
[2026-02-25T17:55:45.493+0000] {processor.py:183} INFO - Processing /opt/airflow/dags/load_cb_courses.py took 0.421 seconds
[2026-02-25T17:56:16.512+0000] {processor.py:161} INFO - Started process (PID=7353) to work on /opt/airflow/dags/load_cb_courses.py
[2026-02-25T17:56:16.513+0000] {processor.py:830} INFO - Processing file /opt/airflow/dags/load_cb_courses.py for tasks to queue
[2026-02-25T17:56:16.516+0000] {logging_mixin.py:188} INFO - [2026-02-25T17:56:16.516+0000] {dagbag.py:545} INFO - Filling up the DagBag from /opt/airflow/dags/load_cb_courses.py
[2026-02-25T17:56:16.850+0000] {processor.py:840} INFO - DAG(s) 'load_cb_courses' retrieved from /opt/airflow/dags/load_cb_courses.py
[2026-02-25T17:56:16.879+0000] {logging_mixin.py:188} INFO - [2026-02-25T17:56:16.878+0000] {dag.py:3089} INFO - Sync 1 DAGs
[2026-02-25T17:56:16.904+0000] {logging_mixin.py:188} INFO - [2026-02-25T17:56:16.904+0000] {dag.py:3947} INFO - Setting next_dagrun for load_cb_courses to 2026-02-25 00:00:00+00:00, run_after=2026-02-26 00:00:00+00:00
[2026-02-25T17:56:16.926+0000] {processor.py:183} INFO - Processing /opt/airflow/dags/load_cb_courses.py took 0.420 seconds
[2026-02-25T17:56:47.612+0000] {processor.py:161} INFO - Started process (PID=7379) to work on /opt/airflow/dags/load_cb_courses.py
[2026-02-25T17:56:47.614+0000] {processor.py:830} INFO - Processing file /opt/airflow/dags/load_cb_courses.py for tasks to queue
[2026-02-25T17:56:47.617+0000] {logging_mixin.py:188} INFO - [2026-02-25T17:56:47.616+0000] {dagbag.py:545} INFO - Filling up the DagBag from /opt/airflow/dags/load_cb_courses.py
[2026-02-25T17:56:47.987+0000] {processor.py:840} INFO - DAG(s) 'load_cb_courses' retrieved from /opt/airflow/dags/load_cb_courses.py
[2026-02-25T17:56:48.023+0000] {logging_mixin.py:188} INFO - [2026-02-25T17:56:48.022+0000] {dag.py:3089} INFO - Sync 1 DAGs
[2026-02-25T17:56:48.047+0000] {logging_mixin.py:188} INFO - [2026-02-25T17:56:48.047+0000] {dag.py:3947} INFO - Setting next_dagrun for load_cb_courses to 2026-02-25 00:00:00+00:00, run_after=2026-02-26 00:00:00+00:00
[2026-02-25T17:56:48.071+0000] {processor.py:183} INFO - Processing /opt/airflow/dags/load_cb_courses.py took 0.467 seconds
[2026-02-25T17:57:18.462+0000] {processor.py:161} INFO - Started process (PID=7411) to work on /opt/airflow/dags/load_cb_courses.py
[2026-02-25T17:57:18.464+0000] {processor.py:830} INFO - Processing file /opt/airflow/dags/load_cb_courses.py for tasks to queue
[2026-02-25T17:57:18.466+0000] {logging_mixin.py:188} INFO - [2026-02-25T17:57:18.466+0000] {dagbag.py:545} INFO - Filling up the DagBag from /opt/airflow/dags/load_cb_courses.py
[2026-02-25T17:57:18.806+0000] {processor.py:840} INFO - DAG(s) 'load_cb_courses' retrieved from /opt/airflow/dags/load_cb_courses.py
[2026-02-25T17:57:18.832+0000] {logging_mixin.py:188} INFO - [2026-02-25T17:57:18.831+0000] {dag.py:3089} INFO - Sync 1 DAGs
[2026-02-25T17:57:18.855+0000] {logging_mixin.py:188} INFO - [2026-02-25T17:57:18.855+0000] {dag.py:3947} INFO - Setting next_dagrun for load_cb_courses to 2026-02-25 00:00:00+00:00, run_after=2026-02-26 00:00:00+00:00
[2026-02-25T17:57:18.881+0000] {processor.py:183} INFO - Processing /opt/airflow/dags/load_cb_courses.py took 0.425 seconds
[2026-02-25T17:57:49.564+0000] {processor.py:161} INFO - Started process (PID=7445) to work on /opt/airflow/dags/load_cb_courses.py
[2026-02-25T17:57:49.566+0000] {processor.py:830} INFO - Processing file /opt/airflow/dags/load_cb_courses.py for tasks to queue
[2026-02-25T17:57:49.570+0000] {logging_mixin.py:188} INFO - [2026-02-25T17:57:49.569+0000] {dagbag.py:545} INFO - Filling up the DagBag from /opt/airflow/dags/load_cb_courses.py
[2026-02-25T17:57:47.268+0000] {processor.py:840} INFO - DAG(s) 'load_cb_courses' retrieved from /opt/airflow/dags/load_cb_courses.py
[2026-02-25T17:57:47.303+0000] {logging_mixin.py:188} INFO - [2026-02-25T17:57:47.301+0000] {dag.py:3089} INFO - Sync 1 DAGs
[2026-02-25T17:57:47.341+0000] {logging_mixin.py:188} INFO - [2026-02-25T17:57:47.341+0000] {dag.py:3947} INFO - Setting next_dagrun for load_cb_courses to 2026-02-25 00:00:00+00:00, run_after=2026-02-26 00:00:00+00:00
[2026-02-25T17:57:47.379+0000] {processor.py:183} INFO - Processing /opt/airflow/dags/load_cb_courses.py took 0.555 seconds
[2026-02-25T17:58:17.787+0000] {processor.py:161} INFO - Started process (PID=7471) to work on /opt/airflow/dags/load_cb_courses.py
[2026-02-25T17:58:17.790+0000] {processor.py:830} INFO - Processing file /opt/airflow/dags/load_cb_courses.py for tasks to queue
[2026-02-25T17:58:17.795+0000] {logging_mixin.py:188} INFO - [2026-02-25T17:58:17.795+0000] {dagbag.py:545} INFO - Filling up the DagBag from /opt/airflow/dags/load_cb_courses.py
[2026-02-25T17:58:18.191+0000] {processor.py:840} INFO - DAG(s) 'load_cb_courses' retrieved from /opt/airflow/dags/load_cb_courses.py
[2026-02-25T17:58:18.221+0000] {logging_mixin.py:188} INFO - [2026-02-25T17:58:18.221+0000] {dag.py:3089} INFO - Sync 1 DAGs
[2026-02-25T17:58:18.249+0000] {logging_mixin.py:188} INFO - [2026-02-25T17:58:18.249+0000] {dag.py:3947} INFO - Setting next_dagrun for load_cb_courses to 2026-02-25 00:00:00+00:00, run_after=2026-02-26 00:00:00+00:00
[2026-02-25T17:58:18.282+0000] {processor.py:183} INFO - Processing /opt/airflow/dags/load_cb_courses.py took 0.516 seconds
[2026-02-25T17:58:48.491+0000] {processor.py:161} INFO - Started process (PID=7505) to work on /opt/airflow/dags/load_cb_courses.py
[2026-02-25T17:58:48.492+0000] {processor.py:830} INFO - Processing file /opt/airflow/dags/load_cb_courses.py for tasks to queue
[2026-02-25T17:58:48.496+0000] {logging_mixin.py:188} INFO - [2026-02-25T17:58:48.495+0000] {dagbag.py:545} INFO - Filling up the DagBag from /opt/airflow/dags/load_cb_courses.py
[2026-02-25T17:58:48.938+0000] {processor.py:840} INFO - DAG(s) 'load_cb_courses' retrieved from /opt/airflow/dags/load_cb_courses.py
[2026-02-25T17:58:48.981+0000] {logging_mixin.py:188} INFO - [2026-02-25T17:58:48.980+0000] {dag.py:3089} INFO - Sync 1 DAGs
[2026-02-25T17:58:49.026+0000] {logging_mixin.py:188} INFO - [2026-02-25T17:58:49.025+0000] {dag.py:3947} INFO - Setting next_dagrun for load_cb_courses to 2026-02-25 00:00:00+00:00, run_after=2026-02-26 00:00:00+00:00
[2026-02-25T17:58:49.091+0000] {processor.py:183} INFO - Processing /opt/airflow/dags/load_cb_courses.py took 0.612 seconds
[2026-02-25T17:59:19.762+0000] {processor.py:161} INFO - Started process (PID=7531) to work on /opt/airflow/dags/load_cb_courses.py
[2026-02-25T17:59:19.765+0000] {processor.py:830} INFO - Processing file /opt/airflow/dags/load_cb_courses.py for tasks to queue
[2026-02-25T17:59:19.768+0000] {logging_mixin.py:188} INFO - [2026-02-25T17:59:19.767+0000] {dagbag.py:545} INFO - Filling up the DagBag from /opt/airflow/dags/load_cb_courses.py
[2026-02-25T17:59:20.208+0000] {processor.py:840} INFO - DAG(s) 'load_cb_courses' retrieved from /opt/airflow/dags/load_cb_courses.py
[2026-02-25T17:59:20.250+0000] {logging_mixin.py:188} INFO - [2026-02-25T17:59:20.249+0000] {dag.py:3089} INFO - Sync 1 DAGs
[2026-02-25T17:59:20.280+0000] {logging_mixin.py:188} INFO - [2026-02-25T17:59:20.280+0000] {dag.py:3947} INFO - Setting next_dagrun for load_cb_courses to 2026-02-25 00:00:00+00:00, run_after=2026-02-26 00:00:00+00:00
[2026-02-25T17:59:20.307+0000] {processor.py:183} INFO - Processing /opt/airflow/dags/load_cb_courses.py took 0.553 seconds
[2026-02-25T17:59:51.058+0000] {processor.py:161} INFO - Started process (PID=7564) to work on /opt/airflow/dags/load_cb_courses.py
[2026-02-25T17:59:51.059+0000] {processor.py:830} INFO - Processing file /opt/airflow/dags/load_cb_courses.py for tasks to queue
[2026-02-25T17:59:51.061+0000] {logging_mixin.py:188} INFO - [2026-02-25T17:59:51.061+0000] {dagbag.py:545} INFO - Filling up the DagBag from /opt/airflow/dags/load_cb_courses.py
[2026-02-25T17:59:51.408+0000] {processor.py:840} INFO - DAG(s) 'load_cb_courses' retrieved from /opt/airflow/dags/load_cb_courses.py
[2026-02-25T17:59:51.434+0000] {logging_mixin.py:188} INFO - [2026-02-25T17:59:51.433+0000] {dag.py:3089} INFO - Sync 1 DAGs
[2026-02-25T17:59:51.472+0000] {logging_mixin.py:188} INFO - [2026-02-25T17:59:51.472+0000] {dag.py:3947} INFO - Setting next_dagrun for load_cb_courses to 2026-02-25 00:00:00+00:00, run_after=2026-02-26 00:00:00+00:00
[2026-02-25T17:59:51.522+0000] {processor.py:183} INFO - Processing /opt/airflow/dags/load_cb_courses.py took 0.470 seconds
[2026-02-25T18:00:22.203+0000] {processor.py:161} INFO - Started process (PID=7590) to work on /opt/airflow/dags/load_cb_courses.py
[2026-02-25T18:00:22.205+0000] {processor.py:830} INFO - Processing file /opt/airflow/dags/load_cb_courses.py for tasks to queue
[2026-02-25T18:00:22.208+0000] {logging_mixin.py:188} INFO - [2026-02-25T18:00:22.208+0000] {dagbag.py:545} INFO - Filling up the DagBag from /opt/airflow/dags/load_cb_courses.py
[2026-02-25T18:00:22.561+0000] {processor.py:840} INFO - DAG(s) 'load_cb_courses' retrieved from /opt/airflow/dags/load_cb_courses.py
[2026-02-25T18:00:22.586+0000] {logging_mixin.py:188} INFO - [2026-02-25T18:00:22.585+0000] {dag.py:3089} INFO - Sync 1 DAGs
[2026-02-25T18:00:22.608+0000] {logging_mixin.py:188} INFO - [2026-02-25T18:00:22.608+0000] {dag.py:3947} INFO - Setting next_dagrun for load_cb_courses to 2026-02-25 00:00:00+00:00, run_after=2026-02-26 00:00:00+00:00
[2026-02-25T18:00:22.631+0000] {processor.py:183} INFO - Processing /opt/airflow/dags/load_cb_courses.py took 0.435 seconds
[2026-02-25T18:00:52.813+0000] {processor.py:161} INFO - Started process (PID=7623) to work on /opt/airflow/dags/load_cb_courses.py
[2026-02-25T18:00:52.815+0000] {processor.py:830} INFO - Processing file /opt/airflow/dags/load_cb_courses.py for tasks to queue
[2026-02-25T18:00:52.818+0000] {logging_mixin.py:188} INFO - [2026-02-25T18:00:52.817+0000] {dagbag.py:545} INFO - Filling up the DagBag from /opt/airflow/dags/load_cb_courses.py
[2026-02-25T18:00:53.174+0000] {processor.py:840} INFO - DAG(s) 'load_cb_courses' retrieved from /opt/airflow/dags/load_cb_courses.py
[2026-02-25T18:00:53.202+0000] {logging_mixin.py:188} INFO - [2026-02-25T18:00:53.202+0000] {dag.py:3089} INFO - Sync 1 DAGs
[2026-02-25T18:00:53.231+0000] {logging_mixin.py:188} INFO - [2026-02-25T18:00:53.230+0000] {dag.py:3947} INFO - Setting next_dagrun for load_cb_courses to 2026-02-25 00:00:00+00:00, run_after=2026-02-26 00:00:00+00:00
[2026-02-25T18:00:53.253+0000] {processor.py:183} INFO - Processing /opt/airflow/dags/load_cb_courses.py took 0.447 seconds
[2026-02-25T18:01:23.972+0000] {processor.py:161} INFO - Started process (PID=7651) to work on /opt/airflow/dags/load_cb_courses.py
[2026-02-25T18:01:23.974+0000] {processor.py:830} INFO - Processing file /opt/airflow/dags/load_cb_courses.py for tasks to queue
[2026-02-25T18:01:23.977+0000] {logging_mixin.py:188} INFO - [2026-02-25T18:01:23.976+0000] {dagbag.py:545} INFO - Filling up the DagBag from /opt/airflow/dags/load_cb_courses.py
[2026-02-25T18:01:24.341+0000] {processor.py:840} INFO - DAG(s) 'load_cb_courses' retrieved from /opt/airflow/dags/load_cb_courses.py
[2026-02-25T18:01:24.375+0000] {logging_mixin.py:188} INFO - [2026-02-25T18:01:24.374+0000] {dag.py:3089} INFO - Sync 1 DAGs
[2026-02-25T18:01:24.403+0000] {logging_mixin.py:188} INFO - [2026-02-25T18:01:24.403+0000] {dag.py:3947} INFO - Setting next_dagrun for load_cb_courses to 2026-02-25 00:00:00+00:00, run_after=2026-02-26 00:00:00+00:00
[2026-02-25T18:01:24.436+0000] {processor.py:183} INFO - Processing /opt/airflow/dags/load_cb_courses.py took 0.470 seconds
[2026-02-25T18:01:54.780+0000] {processor.py:161} INFO - Started process (PID=7684) to work on /opt/airflow/dags/load_cb_courses.py
[2026-02-25T18:01:54.781+0000] {processor.py:830} INFO - Processing file /opt/airflow/dags/load_cb_courses.py for tasks to queue
[2026-02-25T18:01:54.783+0000] {logging_mixin.py:188} INFO - [2026-02-25T18:01:54.783+0000] {dagbag.py:545} INFO - Filling up the DagBag from /opt/airflow/dags/load_cb_courses.py
[2026-02-25T18:01:55.153+0000] {processor.py:840} INFO - DAG(s) 'load_cb_courses' retrieved from /opt/airflow/dags/load_cb_courses.py
[2026-02-25T18:01:55.185+0000] {logging_mixin.py:188} INFO - [2026-02-25T18:01:55.184+0000] {dag.py:3089} INFO - Sync 1 DAGs
[2026-02-25T18:01:54.458+0000] {logging_mixin.py:188} INFO - [2026-02-25T18:01:54.458+0000] {dag.py:3947} INFO - Setting next_dagrun for load_cb_courses to 2026-02-25 00:00:00+00:00, run_after=2026-02-26 00:00:00+00:00
[2026-02-25T18:01:54.485+0000] {processor.py:183} INFO - Processing /opt/airflow/dags/load_cb_courses.py took 0.468 seconds
[2026-02-25T18:02:24.675+0000] {processor.py:161} INFO - Started process (PID=7718) to work on /opt/airflow/dags/load_cb_courses.py
[2026-02-25T18:02:24.678+0000] {processor.py:830} INFO - Processing file /opt/airflow/dags/load_cb_courses.py for tasks to queue
[2026-02-25T18:02:24.681+0000] {logging_mixin.py:188} INFO - [2026-02-25T18:02:24.680+0000] {dagbag.py:545} INFO - Filling up the DagBag from /opt/airflow/dags/load_cb_courses.py
[2026-02-25T18:02:25.034+0000] {processor.py:840} INFO - DAG(s) 'load_cb_courses' retrieved from /opt/airflow/dags/load_cb_courses.py
[2026-02-25T18:02:25.069+0000] {logging_mixin.py:188} INFO - [2026-02-25T18:02:25.069+0000] {dag.py:3089} INFO - Sync 1 DAGs
[2026-02-25T18:02:25.100+0000] {logging_mixin.py:188} INFO - [2026-02-25T18:02:25.099+0000] {dag.py:3947} INFO - Setting next_dagrun for load_cb_courses to 2026-02-25 00:00:00+00:00, run_after=2026-02-26 00:00:00+00:00
[2026-02-25T18:02:25.130+0000] {processor.py:183} INFO - Processing /opt/airflow/dags/load_cb_courses.py took 0.461 seconds
[2026-02-25T18:02:55.248+0000] {processor.py:161} INFO - Started process (PID=7743) to work on /opt/airflow/dags/load_cb_courses.py
[2026-02-25T18:02:55.250+0000] {processor.py:830} INFO - Processing file /opt/airflow/dags/load_cb_courses.py for tasks to queue
[2026-02-25T18:02:55.252+0000] {logging_mixin.py:188} INFO - [2026-02-25T18:02:55.252+0000] {dagbag.py:545} INFO - Filling up the DagBag from /opt/airflow/dags/load_cb_courses.py
[2026-02-25T18:02:55.638+0000] {processor.py:840} INFO - DAG(s) 'load_cb_courses' retrieved from /opt/airflow/dags/load_cb_courses.py
[2026-02-25T18:02:55.689+0000] {logging_mixin.py:188} INFO - [2026-02-25T18:02:55.688+0000] {dag.py:3089} INFO - Sync 1 DAGs
[2026-02-25T18:02:55.722+0000] {logging_mixin.py:188} INFO - [2026-02-25T18:02:55.721+0000] {dag.py:3947} INFO - Setting next_dagrun for load_cb_courses to 2026-02-25 00:00:00+00:00, run_after=2026-02-26 00:00:00+00:00
[2026-02-25T18:02:55.782+0000] {processor.py:183} INFO - Processing /opt/airflow/dags/load_cb_courses.py took 0.540 seconds
[2026-02-25T18:03:26.325+0000] {processor.py:161} INFO - Started process (PID=7776) to work on /opt/airflow/dags/load_cb_courses.py
[2026-02-25T18:03:26.327+0000] {processor.py:830} INFO - Processing file /opt/airflow/dags/load_cb_courses.py for tasks to queue
[2026-02-25T18:03:26.331+0000] {logging_mixin.py:188} INFO - [2026-02-25T18:03:26.331+0000] {dagbag.py:545} INFO - Filling up the DagBag from /opt/airflow/dags/load_cb_courses.py
[2026-02-25T18:03:26.746+0000] {processor.py:840} INFO - DAG(s) 'load_cb_courses' retrieved from /opt/airflow/dags/load_cb_courses.py
[2026-02-25T18:03:26.784+0000] {logging_mixin.py:188} INFO - [2026-02-25T18:03:26.784+0000] {dag.py:3089} INFO - Sync 1 DAGs
[2026-02-25T18:03:26.818+0000] {logging_mixin.py:188} INFO - [2026-02-25T18:03:26.817+0000] {dag.py:3947} INFO - Setting next_dagrun for load_cb_courses to 2026-02-25 00:00:00+00:00, run_after=2026-02-26 00:00:00+00:00
[2026-02-25T18:03:26.846+0000] {processor.py:183} INFO - Processing /opt/airflow/dags/load_cb_courses.py took 0.527 seconds
[2026-02-25T18:03:57.498+0000] {processor.py:161} INFO - Started process (PID=7803) to work on /opt/airflow/dags/load_cb_courses.py
[2026-02-25T18:03:57.500+0000] {processor.py:830} INFO - Processing file /opt/airflow/dags/load_cb_courses.py for tasks to queue
[2026-02-25T18:03:57.502+0000] {logging_mixin.py:188} INFO - [2026-02-25T18:03:57.502+0000] {dagbag.py:545} INFO - Filling up the DagBag from /opt/airflow/dags/load_cb_courses.py
[2026-02-25T18:03:57.852+0000] {processor.py:840} INFO - DAG(s) 'load_cb_courses' retrieved from /opt/airflow/dags/load_cb_courses.py
[2026-02-25T18:03:57.885+0000] {logging_mixin.py:188} INFO - [2026-02-25T18:03:57.884+0000] {dag.py:3089} INFO - Sync 1 DAGs
[2026-02-25T18:03:57.913+0000] {logging_mixin.py:188} INFO - [2026-02-25T18:03:57.913+0000] {dag.py:3947} INFO - Setting next_dagrun for load_cb_courses to 2026-02-25 00:00:00+00:00, run_after=2026-02-26 00:00:00+00:00
[2026-02-25T18:03:57.945+0000] {processor.py:183} INFO - Processing /opt/airflow/dags/load_cb_courses.py took 0.454 seconds
[2026-02-25T18:04:28.088+0000] {processor.py:161} INFO - Started process (PID=7836) to work on /opt/airflow/dags/load_cb_courses.py
[2026-02-25T18:04:28.089+0000] {processor.py:830} INFO - Processing file /opt/airflow/dags/load_cb_courses.py for tasks to queue
[2026-02-25T18:04:28.091+0000] {logging_mixin.py:188} INFO - [2026-02-25T18:04:28.091+0000] {dagbag.py:545} INFO - Filling up the DagBag from /opt/airflow/dags/load_cb_courses.py
[2026-02-25T18:04:28.459+0000] {processor.py:840} INFO - DAG(s) 'load_cb_courses' retrieved from /opt/airflow/dags/load_cb_courses.py
[2026-02-25T18:04:28.488+0000] {logging_mixin.py:188} INFO - [2026-02-25T18:04:28.488+0000] {dag.py:3089} INFO - Sync 1 DAGs
[2026-02-25T18:04:28.515+0000] {logging_mixin.py:188} INFO - [2026-02-25T18:04:28.514+0000] {dag.py:3947} INFO - Setting next_dagrun for load_cb_courses to 2026-02-25 00:00:00+00:00, run_after=2026-02-26 00:00:00+00:00
[2026-02-25T18:04:28.542+0000] {processor.py:183} INFO - Processing /opt/airflow/dags/load_cb_courses.py took 0.461 seconds
[2026-02-25T18:04:58.655+0000] {processor.py:161} INFO - Started process (PID=7861) to work on /opt/airflow/dags/load_cb_courses.py
[2026-02-25T18:04:58.656+0000] {processor.py:830} INFO - Processing file /opt/airflow/dags/load_cb_courses.py for tasks to queue
[2026-02-25T18:04:58.658+0000] {logging_mixin.py:188} INFO - [2026-02-25T18:04:58.658+0000] {dagbag.py:545} INFO - Filling up the DagBag from /opt/airflow/dags/load_cb_courses.py
[2026-02-25T18:04:58.983+0000] {processor.py:840} INFO - DAG(s) 'load_cb_courses' retrieved from /opt/airflow/dags/load_cb_courses.py
[2026-02-25T18:04:59.009+0000] {logging_mixin.py:188} INFO - [2026-02-25T18:04:59.008+0000] {dag.py:3089} INFO - Sync 1 DAGs
[2026-02-25T18:04:59.031+0000] {logging_mixin.py:188} INFO - [2026-02-25T18:04:59.031+0000] {dag.py:3947} INFO - Setting next_dagrun for load_cb_courses to 2026-02-25 00:00:00+00:00, run_after=2026-02-26 00:00:00+00:00
[2026-02-25T18:04:59.055+0000] {processor.py:183} INFO - Processing /opt/airflow/dags/load_cb_courses.py took 0.407 seconds
[2026-02-25T18:05:29.208+0000] {processor.py:161} INFO - Started process (PID=7894) to work on /opt/airflow/dags/load_cb_courses.py
[2026-02-25T18:05:29.209+0000] {processor.py:830} INFO - Processing file /opt/airflow/dags/load_cb_courses.py for tasks to queue
[2026-02-25T18:05:29.212+0000] {logging_mixin.py:188} INFO - [2026-02-25T18:05:29.211+0000] {dagbag.py:545} INFO - Filling up the DagBag from /opt/airflow/dags/load_cb_courses.py
[2026-02-25T18:05:29.537+0000] {processor.py:840} INFO - DAG(s) 'load_cb_courses' retrieved from /opt/airflow/dags/load_cb_courses.py
[2026-02-25T18:05:29.564+0000] {logging_mixin.py:188} INFO - [2026-02-25T18:05:29.563+0000] {dag.py:3089} INFO - Sync 1 DAGs
[2026-02-25T18:05:29.588+0000] {logging_mixin.py:188} INFO - [2026-02-25T18:05:29.588+0000] {dag.py:3947} INFO - Setting next_dagrun for load_cb_courses to 2026-02-25 00:00:00+00:00, run_after=2026-02-26 00:00:00+00:00
[2026-02-25T18:05:29.612+0000] {processor.py:183} INFO - Processing /opt/airflow/dags/load_cb_courses.py took 0.410 seconds
[2026-02-25T18:05:59.729+0000] {processor.py:161} INFO - Started process (PID=7927) to work on /opt/airflow/dags/load_cb_courses.py
[2026-02-25T18:05:59.731+0000] {processor.py:830} INFO - Processing file /opt/airflow/dags/load_cb_courses.py for tasks to queue
[2026-02-25T18:05:59.735+0000] {logging_mixin.py:188} INFO - [2026-02-25T18:05:59.734+0000] {dagbag.py:545} INFO - Filling up the DagBag from /opt/airflow/dags/load_cb_courses.py
[2026-02-25T18:06:00.093+0000] {processor.py:840} INFO - DAG(s) 'load_cb_courses' retrieved from /opt/airflow/dags/load_cb_courses.py
[2026-02-25T18:06:00.127+0000] {logging_mixin.py:188} INFO - [2026-02-25T18:06:00.127+0000] {dag.py:3089} INFO - Sync 1 DAGs
[2026-02-25T18:06:00.155+0000] {logging_mixin.py:188} INFO - [2026-02-25T18:06:00.155+0000] {dag.py:3947} INFO - Setting next_dagrun for load_cb_courses to 2026-02-25 00:00:00+00:00, run_after=2026-02-26 00:00:00+00:00
[2026-02-25T18:06:00.187+0000] {processor.py:183} INFO - Processing /opt/airflow/dags/load_cb_courses.py took 0.465 seconds
[2026-02-25T18:06:30.263+0000] {processor.py:161} INFO - Started process (PID=7953) to work on /opt/airflow/dags/load_cb_courses.py
[2026-02-25T18:06:30.266+0000] {processor.py:830} INFO - Processing file /opt/airflow/dags/load_cb_courses.py for tasks to queue
[2026-02-25T18:06:30.270+0000] {logging_mixin.py:188} INFO - [2026-02-25T18:06:30.269+0000] {dagbag.py:545} INFO - Filling up the DagBag from /opt/airflow/dags/load_cb_courses.py
[2026-02-25T18:06:30.645+0000] {processor.py:840} INFO - DAG(s) 'load_cb_courses' retrieved from /opt/airflow/dags/load_cb_courses.py
[2026-02-25T18:06:30.681+0000] {logging_mixin.py:188} INFO - [2026-02-25T18:06:30.680+0000] {dag.py:3089} INFO - Sync 1 DAGs
[2026-02-25T18:06:30.714+0000] {logging_mixin.py:188} INFO - [2026-02-25T18:06:30.713+0000] {dag.py:3947} INFO - Setting next_dagrun for load_cb_courses to 2026-02-25 00:00:00+00:00, run_after=2026-02-26 00:00:00+00:00
[2026-02-25T18:06:30.743+0000] {processor.py:183} INFO - Processing /opt/airflow/dags/load_cb_courses.py took 0.488 seconds
[2026-02-25T18:07:00.949+0000] {processor.py:161} INFO - Started process (PID=7985) to work on /opt/airflow/dags/load_cb_courses.py
[2026-02-25T18:07:00.950+0000] {processor.py:830} INFO - Processing file /opt/airflow/dags/load_cb_courses.py for tasks to queue
[2026-02-25T18:07:00.953+0000] {logging_mixin.py:188} INFO - [2026-02-25T18:07:00.952+0000] {dagbag.py:545} INFO - Filling up the DagBag from /opt/airflow/dags/load_cb_courses.py
[2026-02-25T18:07:01.306+0000] {processor.py:840} INFO - DAG(s) 'load_cb_courses' retrieved from /opt/airflow/dags/load_cb_courses.py
[2026-02-25T18:07:01.331+0000] {logging_mixin.py:188} INFO - [2026-02-25T18:07:01.331+0000] {dag.py:3089} INFO - Sync 1 DAGs
[2026-02-25T18:07:01.354+0000] {logging_mixin.py:188} INFO - [2026-02-25T18:07:01.354+0000] {dag.py:3947} INFO - Setting next_dagrun for load_cb_courses to 2026-02-25 00:00:00+00:00, run_after=2026-02-26 00:00:00+00:00
[2026-02-25T18:07:01.376+0000] {processor.py:183} INFO - Processing /opt/airflow/dags/load_cb_courses.py took 0.434 seconds
[2026-02-25T18:07:31.563+0000] {processor.py:161} INFO - Started process (PID=8011) to work on /opt/airflow/dags/load_cb_courses.py
[2026-02-25T18:07:31.565+0000] {processor.py:830} INFO - Processing file /opt/airflow/dags/load_cb_courses.py for tasks to queue
[2026-02-25T18:07:31.567+0000] {logging_mixin.py:188} INFO - [2026-02-25T18:07:31.567+0000] {dagbag.py:545} INFO - Filling up the DagBag from /opt/airflow/dags/load_cb_courses.py
[2026-02-25T18:07:31.960+0000] {processor.py:840} INFO - DAG(s) 'load_cb_courses' retrieved from /opt/airflow/dags/load_cb_courses.py
[2026-02-25T18:07:31.988+0000] {logging_mixin.py:188} INFO - [2026-02-25T18:07:31.987+0000] {dag.py:3089} INFO - Sync 1 DAGs
[2026-02-25T18:07:32.017+0000] {logging_mixin.py:188} INFO - [2026-02-25T18:07:32.016+0000] {dag.py:3947} INFO - Setting next_dagrun for load_cb_courses to 2026-02-25 00:00:00+00:00, run_after=2026-02-26 00:00:00+00:00
[2026-02-25T18:07:32.042+0000] {processor.py:183} INFO - Processing /opt/airflow/dags/load_cb_courses.py took 0.487 seconds
[2026-02-25T18:08:02.378+0000] {processor.py:161} INFO - Started process (PID=8041) to work on /opt/airflow/dags/load_cb_courses.py
[2026-02-25T18:08:02.380+0000] {processor.py:830} INFO - Processing file /opt/airflow/dags/load_cb_courses.py for tasks to queue
[2026-02-25T18:08:02.383+0000] {logging_mixin.py:188} INFO - [2026-02-25T18:08:02.382+0000] {dagbag.py:545} INFO - Filling up the DagBag from /opt/airflow/dags/load_cb_courses.py
[2026-02-25T18:08:02.728+0000] {processor.py:840} INFO - DAG(s) 'load_cb_courses' retrieved from /opt/airflow/dags/load_cb_courses.py
[2026-02-25T18:08:02.766+0000] {logging_mixin.py:188} INFO - [2026-02-25T18:08:02.765+0000] {dag.py:3089} INFO - Sync 1 DAGs
[2026-02-25T18:08:02.793+0000] {logging_mixin.py:188} INFO - [2026-02-25T18:08:02.792+0000] {dag.py:3947} INFO - Setting next_dagrun for load_cb_courses to 2026-02-25 00:00:00+00:00, run_after=2026-02-26 00:00:00+00:00
[2026-02-25T18:08:02.815+0000] {processor.py:183} INFO - Processing /opt/airflow/dags/load_cb_courses.py took 0.443 seconds
[2026-02-25T18:08:33.627+0000] {processor.py:161} INFO - Started process (PID=8074) to work on /opt/airflow/dags/load_cb_courses.py
[2026-02-25T18:08:33.629+0000] {processor.py:830} INFO - Processing file /opt/airflow/dags/load_cb_courses.py for tasks to queue
[2026-02-25T18:08:33.632+0000] {logging_mixin.py:188} INFO - [2026-02-25T18:08:33.632+0000] {dagbag.py:545} INFO - Filling up the DagBag from /opt/airflow/dags/load_cb_courses.py
[2026-02-25T18:08:34.026+0000] {processor.py:840} INFO - DAG(s) 'load_cb_courses' retrieved from /opt/airflow/dags/load_cb_courses.py
[2026-02-25T18:08:34.066+0000] {logging_mixin.py:188} INFO - [2026-02-25T18:08:34.065+0000] {dag.py:3089} INFO - Sync 1 DAGs
[2026-02-25T18:08:34.095+0000] {logging_mixin.py:188} INFO - [2026-02-25T18:08:34.095+0000] {dag.py:3947} INFO - Setting next_dagrun for load_cb_courses to 2026-02-25 00:00:00+00:00, run_after=2026-02-26 00:00:00+00:00
[2026-02-25T18:08:34.128+0000] {processor.py:183} INFO - Processing /opt/airflow/dags/load_cb_courses.py took 0.511 seconds
[2026-02-25T18:09:04.313+0000] {processor.py:161} INFO - Started process (PID=8100) to work on /opt/airflow/dags/load_cb_courses.py
[2026-02-25T18:09:04.314+0000] {processor.py:830} INFO - Processing file /opt/airflow/dags/load_cb_courses.py for tasks to queue
[2026-02-25T18:09:04.316+0000] {logging_mixin.py:188} INFO - [2026-02-25T18:09:04.316+0000] {dagbag.py:545} INFO - Filling up the DagBag from /opt/airflow/dags/load_cb_courses.py
[2026-02-25T18:09:04.659+0000] {processor.py:840} INFO - DAG(s) 'load_cb_courses' retrieved from /opt/airflow/dags/load_cb_courses.py
[2026-02-25T18:09:04.691+0000] {logging_mixin.py:188} INFO - [2026-02-25T18:09:04.690+0000] {dag.py:3089} INFO - Sync 1 DAGs
[2026-02-25T18:09:04.723+0000] {logging_mixin.py:188} INFO - [2026-02-25T18:09:04.723+0000] {dag.py:3947} INFO - Setting next_dagrun for load_cb_courses to 2026-02-25 00:00:00+00:00, run_after=2026-02-26 00:00:00+00:00
[2026-02-25T18:09:04.752+0000] {processor.py:183} INFO - Processing /opt/airflow/dags/load_cb_courses.py took 0.446 seconds
[2026-02-25T18:09:34.956+0000] {processor.py:161} INFO - Started process (PID=8131) to work on /opt/airflow/dags/load_cb_courses.py
[2026-02-25T18:09:34.958+0000] {processor.py:830} INFO - Processing file /opt/airflow/dags/load_cb_courses.py for tasks to queue
[2026-02-25T18:09:34.960+0000] {logging_mixin.py:188} INFO - [2026-02-25T18:09:34.960+0000] {dagbag.py:545} INFO - Filling up the DagBag from /opt/airflow/dags/load_cb_courses.py
[2026-02-25T18:09:35.321+0000] {processor.py:840} INFO - DAG(s) 'load_cb_courses' retrieved from /opt/airflow/dags/load_cb_courses.py
[2026-02-25T18:09:35.352+0000] {logging_mixin.py:188} INFO - [2026-02-25T18:09:35.352+0000] {dag.py:3089} INFO - Sync 1 DAGs
[2026-02-25T18:09:35.381+0000] {logging_mixin.py:188} INFO - [2026-02-25T18:09:35.381+0000] {dag.py:3947} INFO - Setting next_dagrun for load_cb_courses to 2026-02-25 00:00:00+00:00, run_after=2026-02-26 00:00:00+00:00
[2026-02-25T18:09:35.417+0000] {processor.py:183} INFO - Processing /opt/airflow/dags/load_cb_courses.py took 0.468 seconds
[2026-02-25T18:10:05.682+0000] {processor.py:161} INFO - Started process (PID=8157) to work on /opt/airflow/dags/load_cb_courses.py
[2026-02-25T18:10:05.684+0000] {processor.py:830} INFO - Processing file /opt/airflow/dags/load_cb_courses.py for tasks to queue
[2026-02-25T18:10:05.688+0000] {logging_mixin.py:188} INFO - [2026-02-25T18:10:05.687+0000] {dagbag.py:545} INFO - Filling up the DagBag from /opt/airflow/dags/load_cb_courses.py
[2026-02-25T18:10:06.169+0000] {processor.py:840} INFO - DAG(s) 'load_cb_courses' retrieved from /opt/airflow/dags/load_cb_courses.py
[2026-02-25T18:10:05.464+0000] {logging_mixin.py:188} INFO - [2026-02-25T18:10:05.464+0000] {dag.py:3089} INFO - Sync 1 DAGs
[2026-02-25T18:10:03.535+0000] {logging_mixin.py:188} INFO - [2026-02-25T18:10:03.535+0000] {dag.py:3947} INFO - Setting next_dagrun for load_cb_courses to 2026-02-25 00:00:00+00:00, run_after=2026-02-26 00:00:00+00:00
[2026-02-25T18:10:03.565+0000] {processor.py:183} INFO - Processing /opt/airflow/dags/load_cb_courses.py took 0.620 seconds
[2026-02-25T18:10:33.738+0000] {processor.py:161} INFO - Started process (PID=8191) to work on /opt/airflow/dags/load_cb_courses.py
[2026-02-25T18:10:33.740+0000] {processor.py:830} INFO - Processing file /opt/airflow/dags/load_cb_courses.py for tasks to queue
[2026-02-25T18:10:33.743+0000] {logging_mixin.py:188} INFO - [2026-02-25T18:10:33.742+0000] {dagbag.py:545} INFO - Filling up the DagBag from /opt/airflow/dags/load_cb_courses.py
[2026-02-25T18:10:34.247+0000] {processor.py:840} INFO - DAG(s) 'load_cb_courses' retrieved from /opt/airflow/dags/load_cb_courses.py
[2026-02-25T18:10:34.287+0000] {logging_mixin.py:188} INFO - [2026-02-25T18:10:34.287+0000] {dag.py:3089} INFO - Sync 1 DAGs
[2026-02-25T18:10:34.323+0000] {logging_mixin.py:188} INFO - [2026-02-25T18:10:34.322+0000] {dag.py:3947} INFO - Setting next_dagrun for load_cb_courses to 2026-02-25 00:00:00+00:00, run_after=2026-02-26 00:00:00+00:00
[2026-02-25T18:10:34.357+0000] {processor.py:183} INFO - Processing /opt/airflow/dags/load_cb_courses.py took 0.630 seconds
[2026-02-25T18:11:04.463+0000] {processor.py:161} INFO - Started process (PID=8217) to work on /opt/airflow/dags/load_cb_courses.py
[2026-02-25T18:11:04.464+0000] {processor.py:830} INFO - Processing file /opt/airflow/dags/load_cb_courses.py for tasks to queue
[2026-02-25T18:11:04.466+0000] {logging_mixin.py:188} INFO - [2026-02-25T18:11:04.466+0000] {dagbag.py:545} INFO - Filling up the DagBag from /opt/airflow/dags/load_cb_courses.py
[2026-02-25T18:11:04.797+0000] {processor.py:840} INFO - DAG(s) 'load_cb_courses' retrieved from /opt/airflow/dags/load_cb_courses.py
[2026-02-25T18:11:04.824+0000] {logging_mixin.py:188} INFO - [2026-02-25T18:11:04.824+0000] {dag.py:3089} INFO - Sync 1 DAGs
[2026-02-25T18:11:04.847+0000] {logging_mixin.py:188} INFO - [2026-02-25T18:11:04.847+0000] {dag.py:3947} INFO - Setting next_dagrun for load_cb_courses to 2026-02-25 00:00:00+00:00, run_after=2026-02-26 00:00:00+00:00
[2026-02-25T18:11:04.877+0000] {processor.py:183} INFO - Processing /opt/airflow/dags/load_cb_courses.py took 0.420 seconds
[2026-02-25T18:11:35.082+0000] {processor.py:161} INFO - Started process (PID=8250) to work on /opt/airflow/dags/load_cb_courses.py
[2026-02-25T18:11:35.084+0000] {processor.py:830} INFO - Processing file /opt/airflow/dags/load_cb_courses.py for tasks to queue
[2026-02-25T18:11:35.087+0000] {logging_mixin.py:188} INFO - [2026-02-25T18:11:35.086+0000] {dagbag.py:545} INFO - Filling up the DagBag from /opt/airflow/dags/load_cb_courses.py
[2026-02-25T18:11:35.464+0000] {processor.py:840} INFO - DAG(s) 'load_cb_courses' retrieved from /opt/airflow/dags/load_cb_courses.py
[2026-02-25T18:11:35.499+0000] {logging_mixin.py:188} INFO - [2026-02-25T18:11:35.498+0000] {dag.py:3089} INFO - Sync 1 DAGs
[2026-02-25T18:11:35.532+0000] {logging_mixin.py:188} INFO - [2026-02-25T18:11:35.532+0000] {dag.py:3947} INFO - Setting next_dagrun for load_cb_courses to 2026-02-25 00:00:00+00:00, run_after=2026-02-26 00:00:00+00:00
[2026-02-25T18:11:35.554+0000] {processor.py:183} INFO - Processing /opt/airflow/dags/load_cb_courses.py took 0.480 seconds
[2026-02-25T18:12:05.672+0000] {processor.py:161} INFO - Started process (PID=8276) to work on /opt/airflow/dags/load_cb_courses.py
[2026-02-25T18:12:05.674+0000] {processor.py:830} INFO - Processing file /opt/airflow/dags/load_cb_courses.py for tasks to queue
[2026-02-25T18:12:05.677+0000] {logging_mixin.py:188} INFO - [2026-02-25T18:12:05.676+0000] {dagbag.py:545} INFO - Filling up the DagBag from /opt/airflow/dags/load_cb_courses.py
[2026-02-25T18:12:06.052+0000] {processor.py:840} INFO - DAG(s) 'load_cb_courses' retrieved from /opt/airflow/dags/load_cb_courses.py
[2026-02-25T18:12:06.081+0000] {logging_mixin.py:188} INFO - [2026-02-25T18:12:06.080+0000] {dag.py:3089} INFO - Sync 1 DAGs
[2026-02-25T18:12:06.112+0000] {logging_mixin.py:188} INFO - [2026-02-25T18:12:06.112+0000] {dag.py:3947} INFO - Setting next_dagrun for load_cb_courses to 2026-02-25 00:00:00+00:00, run_after=2026-02-26 00:00:00+00:00
[2026-02-25T18:12:06.139+0000] {processor.py:183} INFO - Processing /opt/airflow/dags/load_cb_courses.py took 0.475 seconds
[2026-02-25T18:12:36.390+0000] {processor.py:161} INFO - Started process (PID=8310) to work on /opt/airflow/dags/load_cb_courses.py
[2026-02-25T18:12:36.392+0000] {processor.py:830} INFO - Processing file /opt/airflow/dags/load_cb_courses.py for tasks to queue
[2026-02-25T18:12:36.396+0000] {logging_mixin.py:188} INFO - [2026-02-25T18:12:36.395+0000] {dagbag.py:545} INFO - Filling up the DagBag from /opt/airflow/dags/load_cb_courses.py
[2026-02-25T18:12:36.765+0000] {processor.py:840} INFO - DAG(s) 'load_cb_courses' retrieved from /opt/airflow/dags/load_cb_courses.py
[2026-02-25T18:12:36.798+0000] {logging_mixin.py:188} INFO - [2026-02-25T18:12:36.798+0000] {dag.py:3089} INFO - Sync 1 DAGs
[2026-02-25T18:12:36.828+0000] {logging_mixin.py:188} INFO - [2026-02-25T18:12:36.828+0000] {dag.py:3947} INFO - Setting next_dagrun for load_cb_courses to 2026-02-25 00:00:00+00:00, run_after=2026-02-26 00:00:00+00:00
[2026-02-25T18:12:36.861+0000] {processor.py:183} INFO - Processing /opt/airflow/dags/load_cb_courses.py took 0.479 seconds
[2026-02-25T18:13:07.241+0000] {processor.py:161} INFO - Started process (PID=8336) to work on /opt/airflow/dags/load_cb_courses.py
[2026-02-25T18:13:07.243+0000] {processor.py:830} INFO - Processing file /opt/airflow/dags/load_cb_courses.py for tasks to queue
[2026-02-25T18:13:07.246+0000] {logging_mixin.py:188} INFO - [2026-02-25T18:13:07.245+0000] {dagbag.py:545} INFO - Filling up the DagBag from /opt/airflow/dags/load_cb_courses.py
[2026-02-25T18:13:07.627+0000] {processor.py:840} INFO - DAG(s) 'load_cb_courses' retrieved from /opt/airflow/dags/load_cb_courses.py
[2026-02-25T18:13:07.655+0000] {logging_mixin.py:188} INFO - [2026-02-25T18:13:07.655+0000] {dag.py:3089} INFO - Sync 1 DAGs
[2026-02-25T18:13:07.683+0000] {logging_mixin.py:188} INFO - [2026-02-25T18:13:07.682+0000] {dag.py:3947} INFO - Setting next_dagrun for load_cb_courses to 2026-02-25 00:00:00+00:00, run_after=2026-02-26 00:00:00+00:00
[2026-02-25T18:13:07.710+0000] {processor.py:183} INFO - Processing /opt/airflow/dags/load_cb_courses.py took 0.476 seconds
[2026-02-25T18:13:38.355+0000] {processor.py:161} INFO - Started process (PID=8369) to work on /opt/airflow/dags/load_cb_courses.py
[2026-02-25T18:13:38.357+0000] {processor.py:830} INFO - Processing file /opt/airflow/dags/load_cb_courses.py for tasks to queue
[2026-02-25T18:13:38.359+0000] {logging_mixin.py:188} INFO - [2026-02-25T18:13:38.359+0000] {dagbag.py:545} INFO - Filling up the DagBag from /opt/airflow/dags/load_cb_courses.py
[2026-02-25T18:13:38.704+0000] {processor.py:840} INFO - DAG(s) 'load_cb_courses' retrieved from /opt/airflow/dags/load_cb_courses.py
[2026-02-25T18:13:38.731+0000] {logging_mixin.py:188} INFO - [2026-02-25T18:13:38.730+0000] {dag.py:3089} INFO - Sync 1 DAGs
[2026-02-25T18:13:38.753+0000] {logging_mixin.py:188} INFO - [2026-02-25T18:13:38.753+0000] {dag.py:3947} INFO - Setting next_dagrun for load_cb_courses to 2026-02-25 00:00:00+00:00, run_after=2026-02-26 00:00:00+00:00
[2026-02-25T18:13:38.775+0000] {processor.py:183} INFO - Processing /opt/airflow/dags/load_cb_courses.py took 0.428 seconds
[2026-02-25T18:14:09.348+0000] {processor.py:161} INFO - Started process (PID=8395) to work on /opt/airflow/dags/load_cb_courses.py
[2026-02-25T18:14:09.349+0000] {processor.py:830} INFO - Processing file /opt/airflow/dags/load_cb_courses.py for tasks to queue
[2026-02-25T18:14:09.352+0000] {logging_mixin.py:188} INFO - [2026-02-25T18:14:09.351+0000] {dagbag.py:545} INFO - Filling up the DagBag from /opt/airflow/dags/load_cb_courses.py
[2026-02-25T18:14:09.691+0000] {processor.py:840} INFO - DAG(s) 'load_cb_courses' retrieved from /opt/airflow/dags/load_cb_courses.py
[2026-02-25T18:14:09.722+0000] {logging_mixin.py:188} INFO - [2026-02-25T18:14:09.722+0000] {dag.py:3089} INFO - Sync 1 DAGs
[2026-02-25T18:14:09.750+0000] {logging_mixin.py:188} INFO - [2026-02-25T18:14:09.750+0000] {dag.py:3947} INFO - Setting next_dagrun for load_cb_courses to 2026-02-25 00:00:00+00:00, run_after=2026-02-26 00:00:00+00:00
[2026-02-25T18:14:09.781+0000] {processor.py:183} INFO - Processing /opt/airflow/dags/load_cb_courses.py took 0.439 seconds
[2026-02-25T18:14:40.169+0000] {processor.py:161} INFO - Started process (PID=8430) to work on /opt/airflow/dags/load_cb_courses.py
[2026-02-25T18:14:40.170+0000] {processor.py:830} INFO - Processing file /opt/airflow/dags/load_cb_courses.py for tasks to queue
[2026-02-25T18:14:40.175+0000] {logging_mixin.py:188} INFO - [2026-02-25T18:14:40.174+0000] {dagbag.py:545} INFO - Filling up the DagBag from /opt/airflow/dags/load_cb_courses.py
[2026-02-25T18:14:40.596+0000] {processor.py:840} INFO - DAG(s) 'load_cb_courses' retrieved from /opt/airflow/dags/load_cb_courses.py
[2026-02-25T18:14:40.629+0000] {logging_mixin.py:188} INFO - [2026-02-25T18:14:40.628+0000] {dag.py:3089} INFO - Sync 1 DAGs
[2026-02-25T18:14:40.662+0000] {logging_mixin.py:188} INFO - [2026-02-25T18:14:40.661+0000] {dag.py:3947} INFO - Setting next_dagrun for load_cb_courses to 2026-02-25 00:00:00+00:00, run_after=2026-02-26 00:00:00+00:00
[2026-02-25T18:14:40.693+0000] {processor.py:183} INFO - Processing /opt/airflow/dags/load_cb_courses.py took 0.537 seconds
[2026-02-25T18:15:11.169+0000] {processor.py:161} INFO - Started process (PID=8464) to work on /opt/airflow/dags/load_cb_courses.py
[2026-02-25T18:15:11.172+0000] {processor.py:830} INFO - Processing file /opt/airflow/dags/load_cb_courses.py for tasks to queue
[2026-02-25T18:15:11.177+0000] {logging_mixin.py:188} INFO - [2026-02-25T18:15:11.177+0000] {dagbag.py:545} INFO - Filling up the DagBag from /opt/airflow/dags/load_cb_courses.py
[2026-02-25T18:15:11.686+0000] {processor.py:840} INFO - DAG(s) 'load_cb_courses' retrieved from /opt/airflow/dags/load_cb_courses.py
[2026-02-25T18:15:11.729+0000] {logging_mixin.py:188} INFO - [2026-02-25T18:15:11.729+0000] {dag.py:3089} INFO - Sync 1 DAGs
[2026-02-25T18:15:11.771+0000] {logging_mixin.py:188} INFO - [2026-02-25T18:15:11.770+0000] {dag.py:3947} INFO - Setting next_dagrun for load_cb_courses to 2026-02-25 00:00:00+00:00, run_after=2026-02-26 00:00:00+00:00
[2026-02-25T18:15:11.818+0000] {processor.py:183} INFO - Processing /opt/airflow/dags/load_cb_courses.py took 0.658 seconds
[2026-02-25T18:15:42.765+0000] {processor.py:161} INFO - Started process (PID=8491) to work on /opt/airflow/dags/load_cb_courses.py
[2026-02-25T18:15:42.767+0000] {processor.py:830} INFO - Processing file /opt/airflow/dags/load_cb_courses.py for tasks to queue
[2026-02-25T18:15:42.769+0000] {logging_mixin.py:188} INFO - [2026-02-25T18:15:42.769+0000] {dagbag.py:545} INFO - Filling up the DagBag from /opt/airflow/dags/load_cb_courses.py
[2026-02-25T18:15:43.111+0000] {processor.py:840} INFO - DAG(s) 'load_cb_courses' retrieved from /opt/airflow/dags/load_cb_courses.py
[2026-02-25T18:15:43.144+0000] {logging_mixin.py:188} INFO - [2026-02-25T18:15:43.144+0000] {dag.py:3089} INFO - Sync 1 DAGs
[2026-02-25T18:15:43.183+0000] {logging_mixin.py:188} INFO - [2026-02-25T18:15:43.182+0000] {dag.py:3947} INFO - Setting next_dagrun for load_cb_courses to 2026-02-25 00:00:00+00:00, run_after=2026-02-26 00:00:00+00:00
[2026-02-25T18:15:43.209+0000] {processor.py:183} INFO - Processing /opt/airflow/dags/load_cb_courses.py took 0.450 seconds
[2026-02-25T18:16:13.439+0000] {processor.py:161} INFO - Started process (PID=8522) to work on /opt/airflow/dags/load_cb_courses.py
[2026-02-25T18:16:13.441+0000] {processor.py:830} INFO - Processing file /opt/airflow/dags/load_cb_courses.py for tasks to queue
[2026-02-25T18:16:13.443+0000] {logging_mixin.py:188} INFO - [2026-02-25T18:16:13.443+0000] {dagbag.py:545} INFO - Filling up the DagBag from /opt/airflow/dags/load_cb_courses.py
[2026-02-25T18:16:13.807+0000] {processor.py:840} INFO - DAG(s) 'load_cb_courses' retrieved from /opt/airflow/dags/load_cb_courses.py
[2026-02-25T18:16:13.840+0000] {logging_mixin.py:188} INFO - [2026-02-25T18:16:13.839+0000] {dag.py:3089} INFO - Sync 1 DAGs
[2026-02-25T18:16:13.865+0000] {logging_mixin.py:188} INFO - [2026-02-25T18:16:13.865+0000] {dag.py:3947} INFO - Setting next_dagrun for load_cb_courses to 2026-02-25 00:00:00+00:00, run_after=2026-02-26 00:00:00+00:00
[2026-02-25T18:16:13.890+0000] {processor.py:183} INFO - Processing /opt/airflow/dags/load_cb_courses.py took 0.457 seconds
[2026-02-25T18:16:44.031+0000] {processor.py:161} INFO - Started process (PID=8547) to work on /opt/airflow/dags/load_cb_courses.py
[2026-02-25T18:16:44.033+0000] {processor.py:830} INFO - Processing file /opt/airflow/dags/load_cb_courses.py for tasks to queue
[2026-02-25T18:16:44.035+0000] {logging_mixin.py:188} INFO - [2026-02-25T18:16:44.035+0000] {dagbag.py:545} INFO - Filling up the DagBag from /opt/airflow/dags/load_cb_courses.py
[2026-02-25T18:16:44.396+0000] {processor.py:840} INFO - DAG(s) 'load_cb_courses' retrieved from /opt/airflow/dags/load_cb_courses.py
[2026-02-25T18:16:44.422+0000] {logging_mixin.py:188} INFO - [2026-02-25T18:16:44.422+0000] {dag.py:3089} INFO - Sync 1 DAGs
[2026-02-25T18:16:44.445+0000] {logging_mixin.py:188} INFO - [2026-02-25T18:16:44.445+0000] {dag.py:3947} INFO - Setting next_dagrun for load_cb_courses to 2026-02-25 00:00:00+00:00, run_after=2026-02-26 00:00:00+00:00
[2026-02-25T18:16:44.469+0000] {processor.py:183} INFO - Processing /opt/airflow/dags/load_cb_courses.py took 0.445 seconds
[2026-02-25T18:17:15.328+0000] {processor.py:161} INFO - Started process (PID=8580) to work on /opt/airflow/dags/load_cb_courses.py
[2026-02-25T18:17:15.329+0000] {processor.py:830} INFO - Processing file /opt/airflow/dags/load_cb_courses.py for tasks to queue
[2026-02-25T18:17:15.331+0000] {logging_mixin.py:188} INFO - [2026-02-25T18:17:15.331+0000] {dagbag.py:545} INFO - Filling up the DagBag from /opt/airflow/dags/load_cb_courses.py
[2026-02-25T18:17:15.658+0000] {processor.py:840} INFO - DAG(s) 'load_cb_courses' retrieved from /opt/airflow/dags/load_cb_courses.py
[2026-02-25T18:17:15.683+0000] {logging_mixin.py:188} INFO - [2026-02-25T18:17:15.683+0000] {dag.py:3089} INFO - Sync 1 DAGs
[2026-02-25T18:17:15.708+0000] {logging_mixin.py:188} INFO - [2026-02-25T18:17:15.708+0000] {dag.py:3947} INFO - Setting next_dagrun for load_cb_courses to 2026-02-25 00:00:00+00:00, run_after=2026-02-26 00:00:00+00:00
[2026-02-25T18:17:15.728+0000] {processor.py:183} INFO - Processing /opt/airflow/dags/load_cb_courses.py took 0.407 seconds
[2026-02-25T18:17:46.058+0000] {processor.py:161} INFO - Started process (PID=8605) to work on /opt/airflow/dags/load_cb_courses.py
[2026-02-25T18:17:46.059+0000] {processor.py:830} INFO - Processing file /opt/airflow/dags/load_cb_courses.py for tasks to queue
[2026-02-25T18:17:46.062+0000] {logging_mixin.py:188} INFO - [2026-02-25T18:17:46.062+0000] {dagbag.py:545} INFO - Filling up the DagBag from /opt/airflow/dags/load_cb_courses.py
[2026-02-25T18:17:46.390+0000] {processor.py:840} INFO - DAG(s) 'load_cb_courses' retrieved from /opt/airflow/dags/load_cb_courses.py
[2026-02-25T18:17:46.418+0000] {logging_mixin.py:188} INFO - [2026-02-25T18:17:46.418+0000] {dag.py:3089} INFO - Sync 1 DAGs
[2026-02-25T18:17:46.445+0000] {logging_mixin.py:188} INFO - [2026-02-25T18:17:46.445+0000] {dag.py:3947} INFO - Setting next_dagrun for load_cb_courses to 2026-02-25 00:00:00+00:00, run_after=2026-02-26 00:00:00+00:00
[2026-02-25T18:17:46.478+0000] {processor.py:183} INFO - Processing /opt/airflow/dags/load_cb_courses.py took 0.428 seconds
[2026-02-25T18:18:16.616+0000] {processor.py:161} INFO - Started process (PID=8638) to work on /opt/airflow/dags/load_cb_courses.py
[2026-02-25T18:18:16.618+0000] {processor.py:830} INFO - Processing file /opt/airflow/dags/load_cb_courses.py for tasks to queue
[2026-02-25T18:18:16.620+0000] {logging_mixin.py:188} INFO - [2026-02-25T18:18:16.620+0000] {dagbag.py:545} INFO - Filling up the DagBag from /opt/airflow/dags/load_cb_courses.py
[2026-02-25T18:18:16.973+0000] {processor.py:840} INFO - DAG(s) 'load_cb_courses' retrieved from /opt/airflow/dags/load_cb_courses.py
[2026-02-25T18:18:16.999+0000] {logging_mixin.py:188} INFO - [2026-02-25T18:18:16.999+0000] {dag.py:3089} INFO - Sync 1 DAGs
[2026-02-25T18:18:17.026+0000] {logging_mixin.py:188} INFO - [2026-02-25T18:18:17.025+0000] {dag.py:3947} INFO - Setting next_dagrun for load_cb_courses to 2026-02-25 00:00:00+00:00, run_after=2026-02-26 00:00:00+00:00
[2026-02-25T18:18:17.053+0000] {processor.py:183} INFO - Processing /opt/airflow/dags/load_cb_courses.py took 0.444 seconds
[2026-02-25T18:18:47.238+0000] {processor.py:161} INFO - Started process (PID=8670) to work on /opt/airflow/dags/load_cb_courses.py
[2026-02-25T18:18:47.240+0000] {processor.py:830} INFO - Processing file /opt/airflow/dags/load_cb_courses.py for tasks to queue
[2026-02-25T18:18:47.244+0000] {logging_mixin.py:188} INFO - [2026-02-25T18:18:47.243+0000] {dagbag.py:545} INFO - Filling up the DagBag from /opt/airflow/dags/load_cb_courses.py
[2026-02-25T18:18:47.620+0000] {processor.py:840} INFO - DAG(s) 'load_cb_courses' retrieved from /opt/airflow/dags/load_cb_courses.py
[2026-02-25T18:18:47.650+0000] {logging_mixin.py:188} INFO - [2026-02-25T18:18:47.649+0000] {dag.py:3089} INFO - Sync 1 DAGs
[2026-02-25T18:18:47.676+0000] {logging_mixin.py:188} INFO - [2026-02-25T18:18:47.676+0000] {dag.py:3947} INFO - Setting next_dagrun for load_cb_courses to 2026-02-25 00:00:00+00:00, run_after=2026-02-26 00:00:00+00:00
[2026-02-25T18:18:47.704+0000] {processor.py:183} INFO - Processing /opt/airflow/dags/load_cb_courses.py took 0.473 seconds
[2026-02-25T18:19:18.343+0000] {processor.py:161} INFO - Started process (PID=8696) to work on /opt/airflow/dags/load_cb_courses.py
[2026-02-25T18:19:18.345+0000] {processor.py:830} INFO - Processing file /opt/airflow/dags/load_cb_courses.py for tasks to queue
[2026-02-25T18:19:18.347+0000] {logging_mixin.py:188} INFO - [2026-02-25T18:19:18.347+0000] {dagbag.py:545} INFO - Filling up the DagBag from /opt/airflow/dags/load_cb_courses.py
[2026-02-25T18:19:18.674+0000] {processor.py:840} INFO - DAG(s) 'load_cb_courses' retrieved from /opt/airflow/dags/load_cb_courses.py
[2026-02-25T18:19:18.699+0000] {logging_mixin.py:188} INFO - [2026-02-25T18:19:18.699+0000] {dag.py:3089} INFO - Sync 1 DAGs
[2026-02-25T18:19:18.723+0000] {logging_mixin.py:188} INFO - [2026-02-25T18:19:18.722+0000] {dag.py:3947} INFO - Setting next_dagrun for load_cb_courses to 2026-02-25 00:00:00+00:00, run_after=2026-02-26 00:00:00+00:00
[2026-02-25T18:19:18.745+0000] {processor.py:183} INFO - Processing /opt/airflow/dags/load_cb_courses.py took 0.409 seconds
[2026-02-25T18:19:48.888+0000] {processor.py:161} INFO - Started process (PID=8729) to work on /opt/airflow/dags/load_cb_courses.py
[2026-02-25T18:19:48.889+0000] {processor.py:830} INFO - Processing file /opt/airflow/dags/load_cb_courses.py for tasks to queue
[2026-02-25T18:19:48.891+0000] {logging_mixin.py:188} INFO - [2026-02-25T18:19:48.891+0000] {dagbag.py:545} INFO - Filling up the DagBag from /opt/airflow/dags/load_cb_courses.py
[2026-02-25T18:19:49.236+0000] {processor.py:840} INFO - DAG(s) 'load_cb_courses' retrieved from /opt/airflow/dags/load_cb_courses.py
[2026-02-25T18:19:49.263+0000] {logging_mixin.py:188} INFO - [2026-02-25T18:19:49.263+0000] {dag.py:3089} INFO - Sync 1 DAGs
[2026-02-25T18:19:49.290+0000] {logging_mixin.py:188} INFO - [2026-02-25T18:19:49.290+0000] {dag.py:3947} INFO - Setting next_dagrun for load_cb_courses to 2026-02-25 00:00:00+00:00, run_after=2026-02-26 00:00:00+00:00
[2026-02-25T18:19:49.315+0000] {processor.py:183} INFO - Processing /opt/airflow/dags/load_cb_courses.py took 0.434 seconds
[2026-02-25T18:20:19.452+0000] {processor.py:161} INFO - Started process (PID=8756) to work on /opt/airflow/dags/load_cb_courses.py
[2026-02-25T18:20:19.454+0000] {processor.py:830} INFO - Processing file /opt/airflow/dags/load_cb_courses.py for tasks to queue
[2026-02-25T18:20:19.456+0000] {logging_mixin.py:188} INFO - [2026-02-25T18:20:19.456+0000] {dagbag.py:545} INFO - Filling up the DagBag from /opt/airflow/dags/load_cb_courses.py
[2026-02-25T18:20:19.818+0000] {processor.py:840} INFO - DAG(s) 'load_cb_courses' retrieved from /opt/airflow/dags/load_cb_courses.py
[2026-02-25T18:20:19.849+0000] {logging_mixin.py:188} INFO - [2026-02-25T18:20:19.849+0000] {dag.py:3089} INFO - Sync 1 DAGs
[2026-02-25T18:20:19.875+0000] {logging_mixin.py:188} INFO - [2026-02-25T18:20:19.874+0000] {dag.py:3947} INFO - Setting next_dagrun for load_cb_courses to 2026-02-25 00:00:00+00:00, run_after=2026-02-26 00:00:00+00:00
[2026-02-25T18:20:19.902+0000] {processor.py:183} INFO - Processing /opt/airflow/dags/load_cb_courses.py took 0.457 seconds
[2026-02-25T18:20:50.214+0000] {processor.py:161} INFO - Started process (PID=8789) to work on /opt/airflow/dags/load_cb_courses.py
[2026-02-25T18:20:50.215+0000] {processor.py:830} INFO - Processing file /opt/airflow/dags/load_cb_courses.py for tasks to queue
[2026-02-25T18:20:50.217+0000] {logging_mixin.py:188} INFO - [2026-02-25T18:20:50.217+0000] {dagbag.py:545} INFO - Filling up the DagBag from /opt/airflow/dags/load_cb_courses.py
[2026-02-25T18:20:50.573+0000] {processor.py:840} INFO - DAG(s) 'load_cb_courses' retrieved from /opt/airflow/dags/load_cb_courses.py
[2026-02-25T18:20:50.605+0000] {logging_mixin.py:188} INFO - [2026-02-25T18:20:50.605+0000] {dag.py:3089} INFO - Sync 1 DAGs
[2026-02-25T18:20:50.634+0000] {logging_mixin.py:188} INFO - [2026-02-25T18:20:50.633+0000] {dag.py:3947} INFO - Setting next_dagrun for load_cb_courses to 2026-02-25 00:00:00+00:00, run_after=2026-02-26 00:00:00+00:00
[2026-02-25T18:20:50.662+0000] {processor.py:183} INFO - Processing /opt/airflow/dags/load_cb_courses.py took 0.455 seconds
[2026-02-25T18:21:20.813+0000] {processor.py:161} INFO - Started process (PID=8816) to work on /opt/airflow/dags/load_cb_courses.py
[2026-02-25T18:21:20.815+0000] {processor.py:830} INFO - Processing file /opt/airflow/dags/load_cb_courses.py for tasks to queue
[2026-02-25T18:21:20.818+0000] {logging_mixin.py:188} INFO - [2026-02-25T18:21:20.817+0000] {dagbag.py:545} INFO - Filling up the DagBag from /opt/airflow/dags/load_cb_courses.py
[2026-02-25T18:21:21.222+0000] {processor.py:840} INFO - DAG(s) 'load_cb_courses' retrieved from /opt/airflow/dags/load_cb_courses.py
[2026-02-25T18:21:21.262+0000] {logging_mixin.py:188} INFO - [2026-02-25T18:21:21.261+0000] {dag.py:3089} INFO - Sync 1 DAGs
[2026-02-25T18:21:21.295+0000] {logging_mixin.py:188} INFO - [2026-02-25T18:21:21.295+0000] {dag.py:3947} INFO - Setting next_dagrun for load_cb_courses to 2026-02-25 00:00:00+00:00, run_after=2026-02-26 00:00:00+00:00
[2026-02-25T18:21:21.331+0000] {processor.py:183} INFO - Processing /opt/airflow/dags/load_cb_courses.py took 0.524 seconds
[2026-02-25T18:21:51.554+0000] {processor.py:161} INFO - Started process (PID=8849) to work on /opt/airflow/dags/load_cb_courses.py
[2026-02-25T18:21:51.556+0000] {processor.py:830} INFO - Processing file /opt/airflow/dags/load_cb_courses.py for tasks to queue
[2026-02-25T18:21:51.559+0000] {logging_mixin.py:188} INFO - [2026-02-25T18:21:51.558+0000] {dagbag.py:545} INFO - Filling up the DagBag from /opt/airflow/dags/load_cb_courses.py
[2026-02-25T18:21:51.919+0000] {processor.py:840} INFO - DAG(s) 'load_cb_courses' retrieved from /opt/airflow/dags/load_cb_courses.py
[2026-02-25T18:21:51.956+0000] {logging_mixin.py:188} INFO - [2026-02-25T18:21:51.955+0000] {dag.py:3089} INFO - Sync 1 DAGs
[2026-02-25T18:21:51.982+0000] {logging_mixin.py:188} INFO - [2026-02-25T18:21:51.982+0000] {dag.py:3947} INFO - Setting next_dagrun for load_cb_courses to 2026-02-25 00:00:00+00:00, run_after=2026-02-26 00:00:00+00:00
[2026-02-25T18:21:52.004+0000] {processor.py:183} INFO - Processing /opt/airflow/dags/load_cb_courses.py took 0.456 seconds
[2026-02-25T18:22:22.352+0000] {processor.py:161} INFO - Started process (PID=8875) to work on /opt/airflow/dags/load_cb_courses.py
[2026-02-25T18:22:22.354+0000] {processor.py:830} INFO - Processing file /opt/airflow/dags/load_cb_courses.py for tasks to queue
[2026-02-25T18:22:22.357+0000] {logging_mixin.py:188} INFO - [2026-02-25T18:22:22.356+0000] {dagbag.py:545} INFO - Filling up the DagBag from /opt/airflow/dags/load_cb_courses.py
[2026-02-25T18:22:20.014+0000] {processor.py:840} INFO - DAG(s) 'load_cb_courses' retrieved from /opt/airflow/dags/load_cb_courses.py
[2026-02-25T18:22:20.080+0000] {logging_mixin.py:188} INFO - [2026-02-25T18:22:20.079+0000] {dag.py:3089} INFO - Sync 1 DAGs
[2026-02-25T18:22:20.176+0000] {logging_mixin.py:188} INFO - [2026-02-25T18:22:20.174+0000] {dag.py:3947} INFO - Setting next_dagrun for load_cb_courses to 2026-02-25 00:00:00+00:00, run_after=2026-02-26 00:00:00+00:00
[2026-02-25T18:22:20.265+0000] {processor.py:183} INFO - Processing /opt/airflow/dags/load_cb_courses.py took 0.645 seconds
[2026-02-25T18:22:50.507+0000] {processor.py:161} INFO - Started process (PID=8908) to work on /opt/airflow/dags/load_cb_courses.py
[2026-02-25T18:22:50.509+0000] {processor.py:830} INFO - Processing file /opt/airflow/dags/load_cb_courses.py for tasks to queue
[2026-02-25T18:22:50.511+0000] {logging_mixin.py:188} INFO - [2026-02-25T18:22:50.511+0000] {dagbag.py:545} INFO - Filling up the DagBag from /opt/airflow/dags/load_cb_courses.py
[2026-02-25T18:22:51.045+0000] {processor.py:840} INFO - DAG(s) 'load_cb_courses' retrieved from /opt/airflow/dags/load_cb_courses.py
[2026-02-25T18:22:51.077+0000] {logging_mixin.py:188} INFO - [2026-02-25T18:22:51.076+0000] {dag.py:3089} INFO - Sync 1 DAGs
[2026-02-25T18:22:51.103+0000] {logging_mixin.py:188} INFO - [2026-02-25T18:22:51.102+0000] {dag.py:3947} INFO - Setting next_dagrun for load_cb_courses to 2026-02-25 00:00:00+00:00, run_after=2026-02-26 00:00:00+00:00
[2026-02-25T18:22:51.126+0000] {processor.py:183} INFO - Processing /opt/airflow/dags/load_cb_courses.py took 0.632 seconds
[2026-02-25T18:23:21.757+0000] {processor.py:161} INFO - Started process (PID=8941) to work on /opt/airflow/dags/load_cb_courses.py
[2026-02-25T18:23:21.759+0000] {processor.py:830} INFO - Processing file /opt/airflow/dags/load_cb_courses.py for tasks to queue
[2026-02-25T18:23:21.762+0000] {logging_mixin.py:188} INFO - [2026-02-25T18:23:21.761+0000] {dagbag.py:545} INFO - Filling up the DagBag from /opt/airflow/dags/load_cb_courses.py
[2026-02-25T18:23:22.125+0000] {processor.py:840} INFO - DAG(s) 'load_cb_courses' retrieved from /opt/airflow/dags/load_cb_courses.py
[2026-02-25T18:23:22.156+0000] {logging_mixin.py:188} INFO - [2026-02-25T18:23:22.155+0000] {dag.py:3089} INFO - Sync 1 DAGs
[2026-02-25T18:23:22.185+0000] {logging_mixin.py:188} INFO - [2026-02-25T18:23:22.185+0000] {dag.py:3947} INFO - Setting next_dagrun for load_cb_courses to 2026-02-25 00:00:00+00:00, run_after=2026-02-26 00:00:00+00:00
[2026-02-25T18:23:22.217+0000] {processor.py:183} INFO - Processing /opt/airflow/dags/load_cb_courses.py took 0.468 seconds
[2026-02-25T18:23:52.888+0000] {processor.py:161} INFO - Started process (PID=8967) to work on /opt/airflow/dags/load_cb_courses.py
[2026-02-25T18:23:52.890+0000] {processor.py:830} INFO - Processing file /opt/airflow/dags/load_cb_courses.py for tasks to queue
[2026-02-25T18:23:52.892+0000] {logging_mixin.py:188} INFO - [2026-02-25T18:23:52.892+0000] {dagbag.py:545} INFO - Filling up the DagBag from /opt/airflow/dags/load_cb_courses.py
[2026-02-25T18:23:53.259+0000] {processor.py:840} INFO - DAG(s) 'load_cb_courses' retrieved from /opt/airflow/dags/load_cb_courses.py
[2026-02-25T18:23:53.308+0000] {logging_mixin.py:188} INFO - [2026-02-25T18:23:53.308+0000] {dag.py:3089} INFO - Sync 1 DAGs
[2026-02-25T18:23:53.334+0000] {logging_mixin.py:188} INFO - [2026-02-25T18:23:53.333+0000] {dag.py:3947} INFO - Setting next_dagrun for load_cb_courses to 2026-02-25 00:00:00+00:00, run_after=2026-02-26 00:00:00+00:00
[2026-02-25T18:23:53.359+0000] {processor.py:183} INFO - Processing /opt/airflow/dags/load_cb_courses.py took 0.478 seconds
[2026-02-25T18:24:23.428+0000] {processor.py:161} INFO - Started process (PID=8999) to work on /opt/airflow/dags/load_cb_courses.py
[2026-02-25T18:24:23.430+0000] {processor.py:830} INFO - Processing file /opt/airflow/dags/load_cb_courses.py for tasks to queue
[2026-02-25T18:24:23.434+0000] {logging_mixin.py:188} INFO - [2026-02-25T18:24:23.434+0000] {dagbag.py:545} INFO - Filling up the DagBag from /opt/airflow/dags/load_cb_courses.py
[2026-02-25T18:24:23.792+0000] {processor.py:840} INFO - DAG(s) 'load_cb_courses' retrieved from /opt/airflow/dags/load_cb_courses.py
[2026-02-25T18:24:23.823+0000] {logging_mixin.py:188} INFO - [2026-02-25T18:24:23.822+0000] {dag.py:3089} INFO - Sync 1 DAGs
[2026-02-25T18:24:23.851+0000] {logging_mixin.py:188} INFO - [2026-02-25T18:24:23.850+0000] {dag.py:3947} INFO - Setting next_dagrun for load_cb_courses to 2026-02-25 00:00:00+00:00, run_after=2026-02-26 00:00:00+00:00
[2026-02-25T18:24:23.874+0000] {processor.py:183} INFO - Processing /opt/airflow/dags/load_cb_courses.py took 0.453 seconds
[2026-02-25T18:24:54.078+0000] {processor.py:161} INFO - Started process (PID=9023) to work on /opt/airflow/dags/load_cb_courses.py
[2026-02-25T18:24:54.080+0000] {processor.py:830} INFO - Processing file /opt/airflow/dags/load_cb_courses.py for tasks to queue
[2026-02-25T18:24:54.083+0000] {logging_mixin.py:188} INFO - [2026-02-25T18:24:54.082+0000] {dagbag.py:545} INFO - Filling up the DagBag from /opt/airflow/dags/load_cb_courses.py
[2026-02-25T18:24:54.435+0000] {processor.py:840} INFO - DAG(s) 'load_cb_courses' retrieved from /opt/airflow/dags/load_cb_courses.py
[2026-02-25T18:24:54.464+0000] {logging_mixin.py:188} INFO - [2026-02-25T18:24:54.463+0000] {dag.py:3089} INFO - Sync 1 DAGs
[2026-02-25T18:24:54.488+0000] {logging_mixin.py:188} INFO - [2026-02-25T18:24:54.488+0000] {dag.py:3947} INFO - Setting next_dagrun for load_cb_courses to 2026-02-25 00:00:00+00:00, run_after=2026-02-26 00:00:00+00:00
[2026-02-25T18:24:54.513+0000] {processor.py:183} INFO - Processing /opt/airflow/dags/load_cb_courses.py took 0.443 seconds
[2026-02-25T18:25:24.643+0000] {processor.py:161} INFO - Started process (PID=9056) to work on /opt/airflow/dags/load_cb_courses.py
[2026-02-25T18:25:24.645+0000] {processor.py:830} INFO - Processing file /opt/airflow/dags/load_cb_courses.py for tasks to queue
[2026-02-25T18:25:24.647+0000] {logging_mixin.py:188} INFO - [2026-02-25T18:25:24.647+0000] {dagbag.py:545} INFO - Filling up the DagBag from /opt/airflow/dags/load_cb_courses.py
[2026-02-25T18:25:25.007+0000] {processor.py:840} INFO - DAG(s) 'load_cb_courses' retrieved from /opt/airflow/dags/load_cb_courses.py
[2026-02-25T18:25:25.037+0000] {logging_mixin.py:188} INFO - [2026-02-25T18:25:25.036+0000] {dag.py:3089} INFO - Sync 1 DAGs
[2026-02-25T18:25:25.063+0000] {logging_mixin.py:188} INFO - [2026-02-25T18:25:25.063+0000] {dag.py:3947} INFO - Setting next_dagrun for load_cb_courses to 2026-02-25 00:00:00+00:00, run_after=2026-02-26 00:00:00+00:00
[2026-02-25T18:25:25.087+0000] {processor.py:183} INFO - Processing /opt/airflow/dags/load_cb_courses.py took 0.452 seconds
[2026-02-25T18:25:55.513+0000] {processor.py:161} INFO - Started process (PID=9082) to work on /opt/airflow/dags/load_cb_courses.py
[2026-02-25T18:25:55.514+0000] {processor.py:830} INFO - Processing file /opt/airflow/dags/load_cb_courses.py for tasks to queue
[2026-02-25T18:25:55.517+0000] {logging_mixin.py:188} INFO - [2026-02-25T18:25:55.516+0000] {dagbag.py:545} INFO - Filling up the DagBag from /opt/airflow/dags/load_cb_courses.py
[2026-02-25T18:25:55.863+0000] {processor.py:840} INFO - DAG(s) 'load_cb_courses' retrieved from /opt/airflow/dags/load_cb_courses.py
[2026-02-25T18:25:55.891+0000] {logging_mixin.py:188} INFO - [2026-02-25T18:25:55.890+0000] {dag.py:3089} INFO - Sync 1 DAGs
[2026-02-25T18:25:55.915+0000] {logging_mixin.py:188} INFO - [2026-02-25T18:25:55.914+0000] {dag.py:3947} INFO - Setting next_dagrun for load_cb_courses to 2026-02-25 00:00:00+00:00, run_after=2026-02-26 00:00:00+00:00
[2026-02-25T18:25:55.941+0000] {processor.py:183} INFO - Processing /opt/airflow/dags/load_cb_courses.py took 0.436 seconds
[2026-02-25T18:26:26.656+0000] {processor.py:161} INFO - Started process (PID=9116) to work on /opt/airflow/dags/load_cb_courses.py
[2026-02-25T18:26:26.658+0000] {processor.py:830} INFO - Processing file /opt/airflow/dags/load_cb_courses.py for tasks to queue
[2026-02-25T18:26:26.660+0000] {logging_mixin.py:188} INFO - [2026-02-25T18:26:26.660+0000] {dagbag.py:545} INFO - Filling up the DagBag from /opt/airflow/dags/load_cb_courses.py
[2026-02-25T18:26:27.033+0000] {processor.py:840} INFO - DAG(s) 'load_cb_courses' retrieved from /opt/airflow/dags/load_cb_courses.py
[2026-02-25T18:26:27.068+0000] {logging_mixin.py:188} INFO - [2026-02-25T18:26:27.067+0000] {dag.py:3089} INFO - Sync 1 DAGs
[2026-02-25T18:26:27.096+0000] {logging_mixin.py:188} INFO - [2026-02-25T18:26:27.096+0000] {dag.py:3947} INFO - Setting next_dagrun for load_cb_courses to 2026-02-25 00:00:00+00:00, run_after=2026-02-26 00:00:00+00:00
[2026-02-25T18:26:27.172+0000] {processor.py:183} INFO - Processing /opt/airflow/dags/load_cb_courses.py took 0.524 seconds
[2026-02-25T18:26:57.231+0000] {processor.py:161} INFO - Started process (PID=9149) to work on /opt/airflow/dags/load_cb_courses.py
[2026-02-25T18:26:57.233+0000] {processor.py:830} INFO - Processing file /opt/airflow/dags/load_cb_courses.py for tasks to queue
[2026-02-25T18:26:57.235+0000] {logging_mixin.py:188} INFO - [2026-02-25T18:26:57.235+0000] {dagbag.py:545} INFO - Filling up the DagBag from /opt/airflow/dags/load_cb_courses.py
[2026-02-25T18:26:57.587+0000] {processor.py:840} INFO - DAG(s) 'load_cb_courses' retrieved from /opt/airflow/dags/load_cb_courses.py
[2026-02-25T18:26:57.621+0000] {logging_mixin.py:188} INFO - [2026-02-25T18:26:57.620+0000] {dag.py:3089} INFO - Sync 1 DAGs
[2026-02-25T18:26:57.649+0000] {logging_mixin.py:188} INFO - [2026-02-25T18:26:57.648+0000] {dag.py:3947} INFO - Setting next_dagrun for load_cb_courses to 2026-02-25 00:00:00+00:00, run_after=2026-02-26 00:00:00+00:00
[2026-02-25T18:26:57.678+0000] {processor.py:183} INFO - Processing /opt/airflow/dags/load_cb_courses.py took 0.454 seconds
[2026-02-25T18:27:27.790+0000] {processor.py:161} INFO - Started process (PID=9173) to work on /opt/airflow/dags/load_cb_courses.py
[2026-02-25T18:27:27.791+0000] {processor.py:830} INFO - Processing file /opt/airflow/dags/load_cb_courses.py for tasks to queue
[2026-02-25T18:27:27.795+0000] {logging_mixin.py:188} INFO - [2026-02-25T18:27:27.794+0000] {dagbag.py:545} INFO - Filling up the DagBag from /opt/airflow/dags/load_cb_courses.py
[2026-02-25T18:27:28.136+0000] {processor.py:840} INFO - DAG(s) 'load_cb_courses' retrieved from /opt/airflow/dags/load_cb_courses.py
[2026-02-25T18:27:28.164+0000] {logging_mixin.py:188} INFO - [2026-02-25T18:27:28.164+0000] {dag.py:3089} INFO - Sync 1 DAGs
[2026-02-25T18:27:28.188+0000] {logging_mixin.py:188} INFO - [2026-02-25T18:27:28.188+0000] {dag.py:3947} INFO - Setting next_dagrun for load_cb_courses to 2026-02-25 00:00:00+00:00, run_after=2026-02-26 00:00:00+00:00
[2026-02-25T18:27:28.209+0000] {processor.py:183} INFO - Processing /opt/airflow/dags/load_cb_courses.py took 0.425 seconds
[2026-02-25T18:27:58.373+0000] {processor.py:161} INFO - Started process (PID=9206) to work on /opt/airflow/dags/load_cb_courses.py
[2026-02-25T18:27:58.376+0000] {processor.py:830} INFO - Processing file /opt/airflow/dags/load_cb_courses.py for tasks to queue
[2026-02-25T18:27:58.381+0000] {logging_mixin.py:188} INFO - [2026-02-25T18:27:58.381+0000] {dagbag.py:545} INFO - Filling up the DagBag from /opt/airflow/dags/load_cb_courses.py
[2026-02-25T18:27:58.762+0000] {processor.py:840} INFO - DAG(s) 'load_cb_courses' retrieved from /opt/airflow/dags/load_cb_courses.py
[2026-02-25T18:27:58.789+0000] {logging_mixin.py:188} INFO - [2026-02-25T18:27:58.788+0000] {dag.py:3089} INFO - Sync 1 DAGs
[2026-02-25T18:27:58.812+0000] {logging_mixin.py:188} INFO - [2026-02-25T18:27:58.811+0000] {dag.py:3947} INFO - Setting next_dagrun for load_cb_courses to 2026-02-25 00:00:00+00:00, run_after=2026-02-26 00:00:00+00:00
[2026-02-25T18:27:58.834+0000] {processor.py:183} INFO - Processing /opt/airflow/dags/load_cb_courses.py took 0.474 seconds
[2026-02-25T18:28:29.116+0000] {processor.py:161} INFO - Started process (PID=9231) to work on /opt/airflow/dags/load_cb_courses.py
[2026-02-25T18:28:29.117+0000] {processor.py:830} INFO - Processing file /opt/airflow/dags/load_cb_courses.py for tasks to queue
[2026-02-25T18:28:29.119+0000] {logging_mixin.py:188} INFO - [2026-02-25T18:28:29.119+0000] {dagbag.py:545} INFO - Filling up the DagBag from /opt/airflow/dags/load_cb_courses.py
[2026-02-25T18:28:29.444+0000] {processor.py:840} INFO - DAG(s) 'load_cb_courses' retrieved from /opt/airflow/dags/load_cb_courses.py
[2026-02-25T18:28:29.469+0000] {logging_mixin.py:188} INFO - [2026-02-25T18:28:29.468+0000] {dag.py:3089} INFO - Sync 1 DAGs
[2026-02-25T18:28:29.492+0000] {logging_mixin.py:188} INFO - [2026-02-25T18:28:29.492+0000] {dag.py:3947} INFO - Setting next_dagrun for load_cb_courses to 2026-02-25 00:00:00+00:00, run_after=2026-02-26 00:00:00+00:00
[2026-02-25T18:28:29.520+0000] {processor.py:183} INFO - Processing /opt/airflow/dags/load_cb_courses.py took 0.411 seconds
[2026-02-25T18:28:59.757+0000] {processor.py:161} INFO - Started process (PID=9265) to work on /opt/airflow/dags/load_cb_courses.py
[2026-02-25T18:28:59.758+0000] {processor.py:830} INFO - Processing file /opt/airflow/dags/load_cb_courses.py for tasks to queue
[2026-02-25T18:28:59.761+0000] {logging_mixin.py:188} INFO - [2026-02-25T18:28:59.760+0000] {dagbag.py:545} INFO - Filling up the DagBag from /opt/airflow/dags/load_cb_courses.py
[2026-02-25T18:29:00.095+0000] {processor.py:840} INFO - DAG(s) 'load_cb_courses' retrieved from /opt/airflow/dags/load_cb_courses.py
[2026-02-25T18:29:00.120+0000] {logging_mixin.py:188} INFO - [2026-02-25T18:29:00.119+0000] {dag.py:3089} INFO - Sync 1 DAGs
[2026-02-25T18:29:00.144+0000] {logging_mixin.py:188} INFO - [2026-02-25T18:29:00.144+0000] {dag.py:3947} INFO - Setting next_dagrun for load_cb_courses to 2026-02-25 00:00:00+00:00, run_after=2026-02-26 00:00:00+00:00
[2026-02-25T18:29:00.165+0000] {processor.py:183} INFO - Processing /opt/airflow/dags/load_cb_courses.py took 0.415 seconds
[2026-02-25T18:29:30.579+0000] {processor.py:161} INFO - Started process (PID=9291) to work on /opt/airflow/dags/load_cb_courses.py
[2026-02-25T18:29:30.580+0000] {processor.py:830} INFO - Processing file /opt/airflow/dags/load_cb_courses.py for tasks to queue
[2026-02-25T18:29:30.583+0000] {logging_mixin.py:188} INFO - [2026-02-25T18:29:30.582+0000] {dagbag.py:545} INFO - Filling up the DagBag from /opt/airflow/dags/load_cb_courses.py
[2026-02-25T18:29:30.927+0000] {processor.py:840} INFO - DAG(s) 'load_cb_courses' retrieved from /opt/airflow/dags/load_cb_courses.py
[2026-02-25T18:29:30.961+0000] {logging_mixin.py:188} INFO - [2026-02-25T18:29:30.961+0000] {dag.py:3089} INFO - Sync 1 DAGs
[2026-02-25T18:29:30.991+0000] {logging_mixin.py:188} INFO - [2026-02-25T18:29:30.990+0000] {dag.py:3947} INFO - Setting next_dagrun for load_cb_courses to 2026-02-25 00:00:00+00:00, run_after=2026-02-26 00:00:00+00:00
[2026-02-25T18:29:31.021+0000] {processor.py:183} INFO - Processing /opt/airflow/dags/load_cb_courses.py took 0.449 seconds
[2026-02-25T18:30:01.125+0000] {processor.py:161} INFO - Started process (PID=9324) to work on /opt/airflow/dags/load_cb_courses.py
[2026-02-25T18:30:01.127+0000] {processor.py:830} INFO - Processing file /opt/airflow/dags/load_cb_courses.py for tasks to queue
[2026-02-25T18:30:01.129+0000] {logging_mixin.py:188} INFO - [2026-02-25T18:30:01.129+0000] {dagbag.py:545} INFO - Filling up the DagBag from /opt/airflow/dags/load_cb_courses.py
[2026-02-25T18:30:01.453+0000] {processor.py:840} INFO - DAG(s) 'load_cb_courses' retrieved from /opt/airflow/dags/load_cb_courses.py
[2026-02-25T18:30:01.480+0000] {logging_mixin.py:188} INFO - [2026-02-25T18:30:01.480+0000] {dag.py:3089} INFO - Sync 1 DAGs
[2026-02-25T18:30:01.503+0000] {logging_mixin.py:188} INFO - [2026-02-25T18:30:01.503+0000] {dag.py:3947} INFO - Setting next_dagrun for load_cb_courses to 2026-02-25 00:00:00+00:00, run_after=2026-02-26 00:00:00+00:00
[2026-02-25T18:30:01.525+0000] {processor.py:183} INFO - Processing /opt/airflow/dags/load_cb_courses.py took 0.406 seconds
[2026-02-25T18:30:32.230+0000] {processor.py:161} INFO - Started process (PID=9357) to work on /opt/airflow/dags/load_cb_courses.py
[2026-02-25T18:30:32.232+0000] {processor.py:830} INFO - Processing file /opt/airflow/dags/load_cb_courses.py for tasks to queue
[2026-02-25T18:30:32.236+0000] {logging_mixin.py:188} INFO - [2026-02-25T18:30:32.235+0000] {dagbag.py:545} INFO - Filling up the DagBag from /opt/airflow/dags/load_cb_courses.py
[2026-02-25T18:30:32.715+0000] {processor.py:840} INFO - DAG(s) 'load_cb_courses' retrieved from /opt/airflow/dags/load_cb_courses.py
[2026-02-25T18:30:32.759+0000] {logging_mixin.py:188} INFO - [2026-02-25T18:30:32.759+0000] {dag.py:3089} INFO - Sync 1 DAGs
[2026-02-25T18:30:32.788+0000] {logging_mixin.py:188} INFO - [2026-02-25T18:30:32.787+0000] {dag.py:3947} INFO - Setting next_dagrun for load_cb_courses to 2026-02-25 00:00:00+00:00, run_after=2026-02-26 00:00:00+00:00
[2026-02-25T18:30:32.818+0000] {processor.py:183} INFO - Processing /opt/airflow/dags/load_cb_courses.py took 0.595 seconds
[2026-02-25T18:31:03.243+0000] {processor.py:161} INFO - Started process (PID=9383) to work on /opt/airflow/dags/load_cb_courses.py
[2026-02-25T18:31:03.245+0000] {processor.py:830} INFO - Processing file /opt/airflow/dags/load_cb_courses.py for tasks to queue
[2026-02-25T18:31:03.248+0000] {logging_mixin.py:188} INFO - [2026-02-25T18:31:03.248+0000] {dagbag.py:545} INFO - Filling up the DagBag from /opt/airflow/dags/load_cb_courses.py
[2026-02-25T18:31:03.664+0000] {processor.py:840} INFO - DAG(s) 'load_cb_courses' retrieved from /opt/airflow/dags/load_cb_courses.py
[2026-02-25T18:31:03.699+0000] {logging_mixin.py:188} INFO - [2026-02-25T18:31:03.699+0000] {dag.py:3089} INFO - Sync 1 DAGs
[2026-02-25T18:31:03.732+0000] {logging_mixin.py:188} INFO - [2026-02-25T18:31:03.732+0000] {dag.py:3947} INFO - Setting next_dagrun for load_cb_courses to 2026-02-25 00:00:00+00:00, run_after=2026-02-26 00:00:00+00:00
[2026-02-25T18:31:03.767+0000] {processor.py:183} INFO - Processing /opt/airflow/dags/load_cb_courses.py took 0.531 seconds
[2026-02-25T18:31:33.916+0000] {processor.py:161} INFO - Started process (PID=9417) to work on /opt/airflow/dags/load_cb_courses.py
[2026-02-25T18:31:33.918+0000] {processor.py:830} INFO - Processing file /opt/airflow/dags/load_cb_courses.py for tasks to queue
[2026-02-25T18:31:33.921+0000] {logging_mixin.py:188} INFO - [2026-02-25T18:31:33.921+0000] {dagbag.py:545} INFO - Filling up the DagBag from /opt/airflow/dags/load_cb_courses.py
[2026-02-25T18:31:34.278+0000] {processor.py:840} INFO - DAG(s) 'load_cb_courses' retrieved from /opt/airflow/dags/load_cb_courses.py
[2026-02-25T18:31:34.309+0000] {logging_mixin.py:188} INFO - [2026-02-25T18:31:34.308+0000] {dag.py:3089} INFO - Sync 1 DAGs
[2026-02-25T18:31:34.334+0000] {logging_mixin.py:188} INFO - [2026-02-25T18:31:34.334+0000] {dag.py:3947} INFO - Setting next_dagrun for load_cb_courses to 2026-02-25 00:00:00+00:00, run_after=2026-02-26 00:00:00+00:00
[2026-02-25T18:31:34.361+0000] {processor.py:183} INFO - Processing /opt/airflow/dags/load_cb_courses.py took 0.452 seconds
[2026-02-25T18:32:04.585+0000] {processor.py:161} INFO - Started process (PID=9442) to work on /opt/airflow/dags/load_cb_courses.py
[2026-02-25T18:32:04.587+0000] {processor.py:830} INFO - Processing file /opt/airflow/dags/load_cb_courses.py for tasks to queue
[2026-02-25T18:32:04.589+0000] {logging_mixin.py:188} INFO - [2026-02-25T18:32:04.589+0000] {dagbag.py:545} INFO - Filling up the DagBag from /opt/airflow/dags/load_cb_courses.py
[2026-02-25T18:32:04.961+0000] {processor.py:840} INFO - DAG(s) 'load_cb_courses' retrieved from /opt/airflow/dags/load_cb_courses.py
[2026-02-25T18:32:04.989+0000] {logging_mixin.py:188} INFO - [2026-02-25T18:32:04.988+0000] {dag.py:3089} INFO - Sync 1 DAGs
[2026-02-25T18:32:05.013+0000] {logging_mixin.py:188} INFO - [2026-02-25T18:32:05.012+0000] {dag.py:3947} INFO - Setting next_dagrun for load_cb_courses to 2026-02-25 00:00:00+00:00, run_after=2026-02-26 00:00:00+00:00
[2026-02-25T18:32:05.035+0000] {processor.py:183} INFO - Processing /opt/airflow/dags/load_cb_courses.py took 0.459 seconds
[2026-02-25T18:32:35.613+0000] {processor.py:161} INFO - Started process (PID=9476) to work on /opt/airflow/dags/load_cb_courses.py
[2026-02-25T18:32:35.615+0000] {processor.py:830} INFO - Processing file /opt/airflow/dags/load_cb_courses.py for tasks to queue
[2026-02-25T18:32:35.618+0000] {logging_mixin.py:188} INFO - [2026-02-25T18:32:35.617+0000] {dagbag.py:545} INFO - Filling up the DagBag from /opt/airflow/dags/load_cb_courses.py
[2026-02-25T18:32:35.982+0000] {processor.py:840} INFO - DAG(s) 'load_cb_courses' retrieved from /opt/airflow/dags/load_cb_courses.py
[2026-02-25T18:32:36.012+0000] {logging_mixin.py:188} INFO - [2026-02-25T18:32:36.011+0000] {dag.py:3089} INFO - Sync 1 DAGs
[2026-02-25T18:32:36.039+0000] {logging_mixin.py:188} INFO - [2026-02-25T18:32:36.039+0000] {dag.py:3947} INFO - Setting next_dagrun for load_cb_courses to 2026-02-25 00:00:00+00:00, run_after=2026-02-26 00:00:00+00:00
[2026-02-25T18:32:36.067+0000] {processor.py:183} INFO - Processing /opt/airflow/dags/load_cb_courses.py took 0.461 seconds
[2026-02-25T18:33:06.135+0000] {processor.py:161} INFO - Started process (PID=9501) to work on /opt/airflow/dags/load_cb_courses.py
[2026-02-25T18:33:06.136+0000] {processor.py:830} INFO - Processing file /opt/airflow/dags/load_cb_courses.py for tasks to queue
[2026-02-25T18:33:06.139+0000] {logging_mixin.py:188} INFO - [2026-02-25T18:33:06.139+0000] {dagbag.py:545} INFO - Filling up the DagBag from /opt/airflow/dags/load_cb_courses.py
[2026-02-25T18:33:06.603+0000] {processor.py:840} INFO - DAG(s) 'load_cb_courses' retrieved from /opt/airflow/dags/load_cb_courses.py
[2026-02-25T18:33:06.650+0000] {logging_mixin.py:188} INFO - [2026-02-25T18:33:06.649+0000] {dag.py:3089} INFO - Sync 1 DAGs
[2026-02-25T18:33:06.693+0000] {logging_mixin.py:188} INFO - [2026-02-25T18:33:06.693+0000] {dag.py:3947} INFO - Setting next_dagrun for load_cb_courses to 2026-02-25 00:00:00+00:00, run_after=2026-02-26 00:00:00+00:00
[2026-02-25T18:33:06.734+0000] {processor.py:183} INFO - Processing /opt/airflow/dags/load_cb_courses.py took 0.608 seconds
[2026-02-25T18:33:37.338+0000] {processor.py:161} INFO - Started process (PID=9534) to work on /opt/airflow/dags/load_cb_courses.py
[2026-02-25T18:33:37.340+0000] {processor.py:830} INFO - Processing file /opt/airflow/dags/load_cb_courses.py for tasks to queue
[2026-02-25T18:33:37.344+0000] {logging_mixin.py:188} INFO - [2026-02-25T18:33:37.343+0000] {dagbag.py:545} INFO - Filling up the DagBag from /opt/airflow/dags/load_cb_courses.py
[2026-02-25T18:33:37.712+0000] {processor.py:840} INFO - DAG(s) 'load_cb_courses' retrieved from /opt/airflow/dags/load_cb_courses.py
[2026-02-25T18:33:37.745+0000] {logging_mixin.py:188} INFO - [2026-02-25T18:33:37.744+0000] {dag.py:3089} INFO - Sync 1 DAGs
[2026-02-25T18:33:37.777+0000] {logging_mixin.py:188} INFO - [2026-02-25T18:33:37.777+0000] {dag.py:3947} INFO - Setting next_dagrun for load_cb_courses to 2026-02-25 00:00:00+00:00, run_after=2026-02-26 00:00:00+00:00
[2026-02-25T18:33:37.809+0000] {processor.py:183} INFO - Processing /opt/airflow/dags/load_cb_courses.py took 0.477 seconds
[2026-02-25T18:34:08.499+0000] {processor.py:161} INFO - Started process (PID=9568) to work on /opt/airflow/dags/load_cb_courses.py
[2026-02-25T18:34:08.500+0000] {processor.py:830} INFO - Processing file /opt/airflow/dags/load_cb_courses.py for tasks to queue
[2026-02-25T18:34:08.503+0000] {logging_mixin.py:188} INFO - [2026-02-25T18:34:08.503+0000] {dagbag.py:545} INFO - Filling up the DagBag from /opt/airflow/dags/load_cb_courses.py
[2026-02-25T18:34:08.884+0000] {processor.py:840} INFO - DAG(s) 'load_cb_courses' retrieved from /opt/airflow/dags/load_cb_courses.py
[2026-02-25T18:34:08.923+0000] {logging_mixin.py:188} INFO - [2026-02-25T18:34:08.922+0000] {dag.py:3089} INFO - Sync 1 DAGs
[2026-02-25T18:34:08.951+0000] {logging_mixin.py:188} INFO - [2026-02-25T18:34:08.951+0000] {dag.py:3947} INFO - Setting next_dagrun for load_cb_courses to 2026-02-25 00:00:00+00:00, run_after=2026-02-26 00:00:00+00:00
[2026-02-25T18:34:08.984+0000] {processor.py:183} INFO - Processing /opt/airflow/dags/load_cb_courses.py took 0.493 seconds
[2026-02-25T18:34:39.200+0000] {processor.py:161} INFO - Started process (PID=9593) to work on /opt/airflow/dags/load_cb_courses.py
[2026-02-25T18:34:39.203+0000] {processor.py:830} INFO - Processing file /opt/airflow/dags/load_cb_courses.py for tasks to queue
[2026-02-25T18:34:39.209+0000] {logging_mixin.py:188} INFO - [2026-02-25T18:34:39.208+0000] {dagbag.py:545} INFO - Filling up the DagBag from /opt/airflow/dags/load_cb_courses.py
[2026-02-25T18:34:39.587+0000] {processor.py:840} INFO - DAG(s) 'load_cb_courses' retrieved from /opt/airflow/dags/load_cb_courses.py
[2026-02-25T18:34:39.616+0000] {logging_mixin.py:188} INFO - [2026-02-25T18:34:39.616+0000] {dag.py:3089} INFO - Sync 1 DAGs
[2026-02-25T18:34:39.641+0000] {logging_mixin.py:188} INFO - [2026-02-25T18:34:39.641+0000] {dag.py:3947} INFO - Setting next_dagrun for load_cb_courses to 2026-02-25 00:00:00+00:00, run_after=2026-02-26 00:00:00+00:00
[2026-02-25T18:34:39.671+0000] {processor.py:183} INFO - Processing /opt/airflow/dags/load_cb_courses.py took 0.480 seconds
[2026-02-25T18:35:09.779+0000] {processor.py:161} INFO - Started process (PID=9626) to work on /opt/airflow/dags/load_cb_courses.py
[2026-02-25T18:35:09.781+0000] {processor.py:830} INFO - Processing file /opt/airflow/dags/load_cb_courses.py for tasks to queue
[2026-02-25T18:35:09.785+0000] {logging_mixin.py:188} INFO - [2026-02-25T18:35:09.784+0000] {dagbag.py:545} INFO - Filling up the DagBag from /opt/airflow/dags/load_cb_courses.py
[2026-02-25T18:35:10.140+0000] {processor.py:840} INFO - DAG(s) 'load_cb_courses' retrieved from /opt/airflow/dags/load_cb_courses.py
[2026-02-25T18:35:10.171+0000] {logging_mixin.py:188} INFO - [2026-02-25T18:35:10.170+0000] {dag.py:3089} INFO - Sync 1 DAGs
[2026-02-25T18:35:10.199+0000] {logging_mixin.py:188} INFO - [2026-02-25T18:35:10.199+0000] {dag.py:3947} INFO - Setting next_dagrun for load_cb_courses to 2026-02-25 00:00:00+00:00, run_after=2026-02-26 00:00:00+00:00
[2026-02-25T18:35:10.232+0000] {processor.py:183} INFO - Processing /opt/airflow/dags/load_cb_courses.py took 0.459 seconds
[2026-02-25T18:35:40.564+0000] {processor.py:161} INFO - Started process (PID=9660) to work on /opt/airflow/dags/load_cb_courses.py
[2026-02-25T18:35:40.566+0000] {processor.py:830} INFO - Processing file /opt/airflow/dags/load_cb_courses.py for tasks to queue
[2026-02-25T18:35:40.570+0000] {logging_mixin.py:188} INFO - [2026-02-25T18:35:40.570+0000] {dagbag.py:545} INFO - Filling up the DagBag from /opt/airflow/dags/load_cb_courses.py
[2026-02-25T18:35:40.976+0000] {processor.py:840} INFO - DAG(s) 'load_cb_courses' retrieved from /opt/airflow/dags/load_cb_courses.py
[2026-02-25T18:35:41.020+0000] {logging_mixin.py:188} INFO - [2026-02-25T18:35:41.020+0000] {dag.py:3089} INFO - Sync 1 DAGs
[2026-02-25T18:35:41.052+0000] {logging_mixin.py:188} INFO - [2026-02-25T18:35:41.052+0000] {dag.py:3947} INFO - Setting next_dagrun for load_cb_courses to 2026-02-25 00:00:00+00:00, run_after=2026-02-26 00:00:00+00:00
[2026-02-25T18:35:41.086+0000] {processor.py:183} INFO - Processing /opt/airflow/dags/load_cb_courses.py took 0.532 seconds
[2026-02-25T18:36:11.282+0000] {processor.py:161} INFO - Started process (PID=9686) to work on /opt/airflow/dags/load_cb_courses.py
[2026-02-25T18:36:11.284+0000] {processor.py:830} INFO - Processing file /opt/airflow/dags/load_cb_courses.py for tasks to queue
[2026-02-25T18:36:11.288+0000] {logging_mixin.py:188} INFO - [2026-02-25T18:36:11.287+0000] {dagbag.py:545} INFO - Filling up the DagBag from /opt/airflow/dags/load_cb_courses.py
[2026-02-25T18:36:11.670+0000] {processor.py:840} INFO - DAG(s) 'load_cb_courses' retrieved from /opt/airflow/dags/load_cb_courses.py
[2026-02-25T18:36:11.710+0000] {logging_mixin.py:188} INFO - [2026-02-25T18:36:11.710+0000] {dag.py:3089} INFO - Sync 1 DAGs
[2026-02-25T18:36:11.746+0000] {logging_mixin.py:188} INFO - [2026-02-25T18:36:11.745+0000] {dag.py:3947} INFO - Setting next_dagrun for load_cb_courses to 2026-02-25 00:00:00+00:00, run_after=2026-02-26 00:00:00+00:00
[2026-02-25T18:36:11.777+0000] {processor.py:183} INFO - Processing /opt/airflow/dags/load_cb_courses.py took 0.501 seconds
[2026-02-25T18:36:41.999+0000] {processor.py:161} INFO - Started process (PID=9718) to work on /opt/airflow/dags/load_cb_courses.py
[2026-02-25T18:36:42.000+0000] {processor.py:830} INFO - Processing file /opt/airflow/dags/load_cb_courses.py for tasks to queue
[2026-02-25T18:36:42.003+0000] {logging_mixin.py:188} INFO - [2026-02-25T18:36:42.002+0000] {dagbag.py:545} INFO - Filling up the DagBag from /opt/airflow/dags/load_cb_courses.py
[2026-02-25T18:36:42.354+0000] {processor.py:840} INFO - DAG(s) 'load_cb_courses' retrieved from /opt/airflow/dags/load_cb_courses.py
[2026-02-25T18:36:42.387+0000] {logging_mixin.py:188} INFO - [2026-02-25T18:36:42.387+0000] {dag.py:3089} INFO - Sync 1 DAGs
[2026-02-25T18:36:42.422+0000] {logging_mixin.py:188} INFO - [2026-02-25T18:36:42.422+0000] {dag.py:3947} INFO - Setting next_dagrun for load_cb_courses to 2026-02-25 00:00:00+00:00, run_after=2026-02-26 00:00:00+00:00
[2026-02-25T18:36:42.469+0000] {processor.py:183} INFO - Processing /opt/airflow/dags/load_cb_courses.py took 0.478 seconds
[2026-02-25T18:37:13.619+0000] {processor.py:161} INFO - Started process (PID=9744) to work on /opt/airflow/dags/load_cb_courses.py
[2026-02-25T18:37:13.620+0000] {processor.py:830} INFO - Processing file /opt/airflow/dags/load_cb_courses.py for tasks to queue
[2026-02-25T18:37:13.622+0000] {logging_mixin.py:188} INFO - [2026-02-25T18:37:13.622+0000] {dagbag.py:545} INFO - Filling up the DagBag from /opt/airflow/dags/load_cb_courses.py
[2026-02-25T18:37:13.957+0000] {processor.py:840} INFO - DAG(s) 'load_cb_courses' retrieved from /opt/airflow/dags/load_cb_courses.py
[2026-02-25T18:37:13.987+0000] {logging_mixin.py:188} INFO - [2026-02-25T18:37:13.986+0000] {dag.py:3089} INFO - Sync 1 DAGs
[2026-02-25T18:37:14.016+0000] {logging_mixin.py:188} INFO - [2026-02-25T18:37:14.016+0000] {dag.py:3947} INFO - Setting next_dagrun for load_cb_courses to 2026-02-25 00:00:00+00:00, run_after=2026-02-26 00:00:00+00:00
[2026-02-25T18:37:14.039+0000] {processor.py:183} INFO - Processing /opt/airflow/dags/load_cb_courses.py took 0.427 seconds
[2026-02-25T18:37:44.154+0000] {processor.py:161} INFO - Started process (PID=9778) to work on /opt/airflow/dags/load_cb_courses.py
[2026-02-25T18:37:44.156+0000] {processor.py:830} INFO - Processing file /opt/airflow/dags/load_cb_courses.py for tasks to queue
[2026-02-25T18:37:44.159+0000] {logging_mixin.py:188} INFO - [2026-02-25T18:37:44.159+0000] {dagbag.py:545} INFO - Filling up the DagBag from /opt/airflow/dags/load_cb_courses.py
[2026-02-25T18:37:44.594+0000] {processor.py:840} INFO - DAG(s) 'load_cb_courses' retrieved from /opt/airflow/dags/load_cb_courses.py
[2026-02-25T18:37:44.636+0000] {logging_mixin.py:188} INFO - [2026-02-25T18:37:44.635+0000] {dag.py:3089} INFO - Sync 1 DAGs
[2026-02-25T18:37:44.680+0000] {logging_mixin.py:188} INFO - [2026-02-25T18:37:44.680+0000] {dag.py:3947} INFO - Setting next_dagrun for load_cb_courses to 2026-02-25 00:00:00+00:00, run_after=2026-02-26 00:00:00+00:00
[2026-02-25T18:37:44.714+0000] {processor.py:183} INFO - Processing /opt/airflow/dags/load_cb_courses.py took 0.568 seconds
[2026-02-25T18:38:14.791+0000] {processor.py:161} INFO - Started process (PID=9803) to work on /opt/airflow/dags/load_cb_courses.py
[2026-02-25T18:38:14.793+0000] {processor.py:830} INFO - Processing file /opt/airflow/dags/load_cb_courses.py for tasks to queue
[2026-02-25T18:38:14.796+0000] {logging_mixin.py:188} INFO - [2026-02-25T18:38:14.795+0000] {dagbag.py:545} INFO - Filling up the DagBag from /opt/airflow/dags/load_cb_courses.py
[2026-02-25T18:38:15.221+0000] {processor.py:840} INFO - DAG(s) 'load_cb_courses' retrieved from /opt/airflow/dags/load_cb_courses.py
[2026-02-25T18:38:15.264+0000] {logging_mixin.py:188} INFO - [2026-02-25T18:38:15.263+0000] {dag.py:3089} INFO - Sync 1 DAGs
[2026-02-25T18:38:15.310+0000] {logging_mixin.py:188} INFO - [2026-02-25T18:38:15.310+0000] {dag.py:3947} INFO - Setting next_dagrun for load_cb_courses to 2026-02-25 00:00:00+00:00, run_after=2026-02-26 00:00:00+00:00
[2026-02-25T18:38:15.342+0000] {processor.py:183} INFO - Processing /opt/airflow/dags/load_cb_courses.py took 0.559 seconds
[2026-02-25T18:38:45.919+0000] {processor.py:161} INFO - Started process (PID=9836) to work on /opt/airflow/dags/load_cb_courses.py
[2026-02-25T18:38:45.921+0000] {processor.py:830} INFO - Processing file /opt/airflow/dags/load_cb_courses.py for tasks to queue
[2026-02-25T18:38:45.924+0000] {logging_mixin.py:188} INFO - [2026-02-25T18:38:45.923+0000] {dagbag.py:545} INFO - Filling up the DagBag from /opt/airflow/dags/load_cb_courses.py
[2026-02-25T18:38:46.317+0000] {processor.py:840} INFO - DAG(s) 'load_cb_courses' retrieved from /opt/airflow/dags/load_cb_courses.py
[2026-02-25T18:38:46.348+0000] {logging_mixin.py:188} INFO - [2026-02-25T18:38:46.347+0000] {dag.py:3089} INFO - Sync 1 DAGs
[2026-02-25T18:38:46.378+0000] {logging_mixin.py:188} INFO - [2026-02-25T18:38:46.378+0000] {dag.py:3947} INFO - Setting next_dagrun for load_cb_courses to 2026-02-25 00:00:00+00:00, run_after=2026-02-26 00:00:00+00:00
[2026-02-25T18:38:46.409+0000] {processor.py:183} INFO - Processing /opt/airflow/dags/load_cb_courses.py took 0.499 seconds
[2026-02-25T18:39:16.620+0000] {processor.py:161} INFO - Started process (PID=9861) to work on /opt/airflow/dags/load_cb_courses.py
[2026-02-25T18:39:16.622+0000] {processor.py:830} INFO - Processing file /opt/airflow/dags/load_cb_courses.py for tasks to queue
[2026-02-25T18:39:16.625+0000] {logging_mixin.py:188} INFO - [2026-02-25T18:39:16.624+0000] {dagbag.py:545} INFO - Filling up the DagBag from /opt/airflow/dags/load_cb_courses.py
[2026-02-25T18:39:16.985+0000] {processor.py:840} INFO - DAG(s) 'load_cb_courses' retrieved from /opt/airflow/dags/load_cb_courses.py
[2026-02-25T18:39:17.014+0000] {logging_mixin.py:188} INFO - [2026-02-25T18:39:17.013+0000] {dag.py:3089} INFO - Sync 1 DAGs
[2026-02-25T18:39:17.044+0000] {logging_mixin.py:188} INFO - [2026-02-25T18:39:17.044+0000] {dag.py:3947} INFO - Setting next_dagrun for load_cb_courses to 2026-02-25 00:00:00+00:00, run_after=2026-02-26 00:00:00+00:00
[2026-02-25T18:39:17.075+0000] {processor.py:183} INFO - Processing /opt/airflow/dags/load_cb_courses.py took 0.462 seconds
[2026-02-25T18:39:47.549+0000] {processor.py:161} INFO - Started process (PID=9893) to work on /opt/airflow/dags/load_cb_courses.py
[2026-02-25T18:39:47.551+0000] {processor.py:830} INFO - Processing file /opt/airflow/dags/load_cb_courses.py for tasks to queue
[2026-02-25T18:39:47.553+0000] {logging_mixin.py:188} INFO - [2026-02-25T18:39:47.553+0000] {dagbag.py:545} INFO - Filling up the DagBag from /opt/airflow/dags/load_cb_courses.py
[2026-02-25T18:39:48.010+0000] {processor.py:840} INFO - DAG(s) 'load_cb_courses' retrieved from /opt/airflow/dags/load_cb_courses.py
[2026-02-25T18:39:48.049+0000] {logging_mixin.py:188} INFO - [2026-02-25T18:39:48.048+0000] {dag.py:3089} INFO - Sync 1 DAGs
[2026-02-25T18:39:48.082+0000] {logging_mixin.py:188} INFO - [2026-02-25T18:39:48.082+0000] {dag.py:3947} INFO - Setting next_dagrun for load_cb_courses to 2026-02-25 00:00:00+00:00, run_after=2026-02-26 00:00:00+00:00
[2026-02-25T18:39:48.120+0000] {processor.py:183} INFO - Processing /opt/airflow/dags/load_cb_courses.py took 0.580 seconds
[2026-02-25T18:40:18.797+0000] {processor.py:161} INFO - Started process (PID=9921) to work on /opt/airflow/dags/load_cb_courses.py
[2026-02-25T18:40:18.799+0000] {processor.py:830} INFO - Processing file /opt/airflow/dags/load_cb_courses.py for tasks to queue
[2026-02-25T18:40:18.803+0000] {logging_mixin.py:188} INFO - [2026-02-25T18:40:18.802+0000] {dagbag.py:545} INFO - Filling up the DagBag from /opt/airflow/dags/load_cb_courses.py
[2026-02-25T18:40:19.174+0000] {processor.py:840} INFO - DAG(s) 'load_cb_courses' retrieved from /opt/airflow/dags/load_cb_courses.py
[2026-02-25T18:40:19.203+0000] {logging_mixin.py:188} INFO - [2026-02-25T18:40:19.203+0000] {dag.py:3089} INFO - Sync 1 DAGs
[2026-02-25T18:40:19.227+0000] {logging_mixin.py:188} INFO - [2026-02-25T18:40:19.227+0000] {dag.py:3947} INFO - Setting next_dagrun for load_cb_courses to 2026-02-25 00:00:00+00:00, run_after=2026-02-26 00:00:00+00:00
[2026-02-25T18:40:19.257+0000] {processor.py:183} INFO - Processing /opt/airflow/dags/load_cb_courses.py took 0.467 seconds
[2026-02-25T18:40:49.487+0000] {processor.py:161} INFO - Started process (PID=9954) to work on /opt/airflow/dags/load_cb_courses.py
[2026-02-25T18:40:49.488+0000] {processor.py:830} INFO - Processing file /opt/airflow/dags/load_cb_courses.py for tasks to queue
[2026-02-25T18:40:49.490+0000] {logging_mixin.py:188} INFO - [2026-02-25T18:40:49.490+0000] {dagbag.py:545} INFO - Filling up the DagBag from /opt/airflow/dags/load_cb_courses.py
[2026-02-25T18:40:49.969+0000] {processor.py:840} INFO - DAG(s) 'load_cb_courses' retrieved from /opt/airflow/dags/load_cb_courses.py
[2026-02-25T18:40:50.010+0000] {logging_mixin.py:188} INFO - [2026-02-25T18:40:50.009+0000] {dag.py:3089} INFO - Sync 1 DAGs
[2026-02-25T18:40:50.046+0000] {logging_mixin.py:188} INFO - [2026-02-25T18:40:50.046+0000] {dag.py:3947} INFO - Setting next_dagrun for load_cb_courses to 2026-02-25 00:00:00+00:00, run_after=2026-02-26 00:00:00+00:00
[2026-02-25T18:40:50.078+0000] {processor.py:183} INFO - Processing /opt/airflow/dags/load_cb_courses.py took 0.601 seconds
[2026-02-25T18:41:20.279+0000] {processor.py:161} INFO - Started process (PID=9982) to work on /opt/airflow/dags/load_cb_courses.py
[2026-02-25T18:41:20.281+0000] {processor.py:830} INFO - Processing file /opt/airflow/dags/load_cb_courses.py for tasks to queue
[2026-02-25T18:41:20.284+0000] {logging_mixin.py:188} INFO - [2026-02-25T18:41:20.283+0000] {dagbag.py:545} INFO - Filling up the DagBag from /opt/airflow/dags/load_cb_courses.py
[2026-02-25T18:41:20.768+0000] {processor.py:840} INFO - DAG(s) 'load_cb_courses' retrieved from /opt/airflow/dags/load_cb_courses.py
[2026-02-25T18:41:20.796+0000] {logging_mixin.py:188} INFO - [2026-02-25T18:41:20.795+0000] {dag.py:3089} INFO - Sync 1 DAGs
[2026-02-25T18:41:20.822+0000] {logging_mixin.py:188} INFO - [2026-02-25T18:41:20.821+0000] {dag.py:3947} INFO - Setting next_dagrun for load_cb_courses to 2026-02-25 00:00:00+00:00, run_after=2026-02-26 00:00:00+00:00
[2026-02-25T18:41:20.849+0000] {processor.py:183} INFO - Processing /opt/airflow/dags/load_cb_courses.py took 0.577 seconds
[2026-02-25T18:41:51.171+0000] {processor.py:161} INFO - Started process (PID=10016) to work on /opt/airflow/dags/load_cb_courses.py
[2026-02-25T18:41:51.173+0000] {processor.py:830} INFO - Processing file /opt/airflow/dags/load_cb_courses.py for tasks to queue
[2026-02-25T18:41:51.179+0000] {logging_mixin.py:188} INFO - [2026-02-25T18:41:51.178+0000] {dagbag.py:545} INFO - Filling up the DagBag from /opt/airflow/dags/load_cb_courses.py
[2026-02-25T18:41:51.609+0000] {processor.py:840} INFO - DAG(s) 'load_cb_courses' retrieved from /opt/airflow/dags/load_cb_courses.py
[2026-02-25T18:41:51.648+0000] {logging_mixin.py:188} INFO - [2026-02-25T18:41:51.648+0000] {dag.py:3089} INFO - Sync 1 DAGs
[2026-02-25T18:41:51.723+0000] {logging_mixin.py:188} INFO - [2026-02-25T18:41:51.723+0000] {dag.py:3947} INFO - Setting next_dagrun for load_cb_courses to 2026-02-25 00:00:00+00:00, run_after=2026-02-26 00:00:00+00:00
[2026-02-25T18:41:51.770+0000] {processor.py:183} INFO - Processing /opt/airflow/dags/load_cb_courses.py took 0.610 seconds
[2026-02-25T18:42:22.136+0000] {processor.py:161} INFO - Started process (PID=10042) to work on /opt/airflow/dags/load_cb_courses.py
[2026-02-25T18:42:22.138+0000] {processor.py:830} INFO - Processing file /opt/airflow/dags/load_cb_courses.py for tasks to queue
[2026-02-25T18:42:22.141+0000] {logging_mixin.py:188} INFO - [2026-02-25T18:42:22.140+0000] {dagbag.py:545} INFO - Filling up the DagBag from /opt/airflow/dags/load_cb_courses.py
[2026-02-25T18:42:22.516+0000] {processor.py:840} INFO - DAG(s) 'load_cb_courses' retrieved from /opt/airflow/dags/load_cb_courses.py
[2026-02-25T18:42:22.548+0000] {logging_mixin.py:188} INFO - [2026-02-25T18:42:22.547+0000] {dag.py:3089} INFO - Sync 1 DAGs
[2026-02-25T18:42:22.578+0000] {logging_mixin.py:188} INFO - [2026-02-25T18:42:22.577+0000] {dag.py:3947} INFO - Setting next_dagrun for load_cb_courses to 2026-02-25 00:00:00+00:00, run_after=2026-02-26 00:00:00+00:00
[2026-02-25T18:42:22.607+0000] {processor.py:183} INFO - Processing /opt/airflow/dags/load_cb_courses.py took 0.479 seconds
[2026-02-25T18:42:53.162+0000] {processor.py:161} INFO - Started process (PID=10075) to work on /opt/airflow/dags/load_cb_courses.py
[2026-02-25T18:42:53.164+0000] {processor.py:830} INFO - Processing file /opt/airflow/dags/load_cb_courses.py for tasks to queue
[2026-02-25T18:42:53.166+0000] {logging_mixin.py:188} INFO - [2026-02-25T18:42:53.166+0000] {dagbag.py:545} INFO - Filling up the DagBag from /opt/airflow/dags/load_cb_courses.py
[2026-02-25T18:42:53.554+0000] {processor.py:840} INFO - DAG(s) 'load_cb_courses' retrieved from /opt/airflow/dags/load_cb_courses.py
[2026-02-25T18:42:53.586+0000] {logging_mixin.py:188} INFO - [2026-02-25T18:42:53.585+0000] {dag.py:3089} INFO - Sync 1 DAGs
[2026-02-25T18:42:53.616+0000] {logging_mixin.py:188} INFO - [2026-02-25T18:42:53.616+0000] {dag.py:3947} INFO - Setting next_dagrun for load_cb_courses to 2026-02-25 00:00:00+00:00, run_after=2026-02-26 00:00:00+00:00
[2026-02-25T18:42:53.649+0000] {processor.py:183} INFO - Processing /opt/airflow/dags/load_cb_courses.py took 0.504 seconds
[2026-02-25T18:43:24.175+0000] {processor.py:161} INFO - Started process (PID=10100) to work on /opt/airflow/dags/load_cb_courses.py
[2026-02-25T18:43:24.177+0000] {processor.py:830} INFO - Processing file /opt/airflow/dags/load_cb_courses.py for tasks to queue
[2026-02-25T18:43:24.180+0000] {logging_mixin.py:188} INFO - [2026-02-25T18:43:24.179+0000] {dagbag.py:545} INFO - Filling up the DagBag from /opt/airflow/dags/load_cb_courses.py
[2026-02-25T18:43:24.628+0000] {processor.py:840} INFO - DAG(s) 'load_cb_courses' retrieved from /opt/airflow/dags/load_cb_courses.py
[2026-02-25T18:43:24.686+0000] {logging_mixin.py:188} INFO - [2026-02-25T18:43:24.684+0000] {dag.py:3089} INFO - Sync 1 DAGs
[2026-02-25T18:43:24.715+0000] {logging_mixin.py:188} INFO - [2026-02-25T18:43:24.715+0000] {dag.py:3947} INFO - Setting next_dagrun for load_cb_courses to 2026-02-25 00:00:00+00:00, run_after=2026-02-26 00:00:00+00:00
[2026-02-25T18:43:24.747+0000] {processor.py:183} INFO - Processing /opt/airflow/dags/load_cb_courses.py took 0.580 seconds
[2026-02-25T18:43:54.904+0000] {processor.py:161} INFO - Started process (PID=10133) to work on /opt/airflow/dags/load_cb_courses.py
[2026-02-25T18:43:54.907+0000] {processor.py:830} INFO - Processing file /opt/airflow/dags/load_cb_courses.py for tasks to queue
[2026-02-25T18:43:54.911+0000] {logging_mixin.py:188} INFO - [2026-02-25T18:43:54.911+0000] {dagbag.py:545} INFO - Filling up the DagBag from /opt/airflow/dags/load_cb_courses.py
[2026-02-25T18:43:55.342+0000] {processor.py:840} INFO - DAG(s) 'load_cb_courses' retrieved from /opt/airflow/dags/load_cb_courses.py
[2026-02-25T18:43:55.374+0000] {logging_mixin.py:188} INFO - [2026-02-25T18:43:55.373+0000] {dag.py:3089} INFO - Sync 1 DAGs
[2026-02-25T18:43:55.412+0000] {logging_mixin.py:188} INFO - [2026-02-25T18:43:55.411+0000] {dag.py:3947} INFO - Setting next_dagrun for load_cb_courses to 2026-02-25 00:00:00+00:00, run_after=2026-02-26 00:00:00+00:00
[2026-02-25T18:43:55.443+0000] {processor.py:183} INFO - Processing /opt/airflow/dags/load_cb_courses.py took 0.550 seconds
[2026-02-25T18:44:25.784+0000] {processor.py:161} INFO - Started process (PID=10158) to work on /opt/airflow/dags/load_cb_courses.py
[2026-02-25T18:44:25.785+0000] {processor.py:830} INFO - Processing file /opt/airflow/dags/load_cb_courses.py for tasks to queue
[2026-02-25T18:44:25.788+0000] {logging_mixin.py:188} INFO - [2026-02-25T18:44:25.788+0000] {dagbag.py:545} INFO - Filling up the DagBag from /opt/airflow/dags/load_cb_courses.py
[2026-02-25T18:44:26.214+0000] {processor.py:840} INFO - DAG(s) 'load_cb_courses' retrieved from /opt/airflow/dags/load_cb_courses.py
[2026-02-25T18:44:26.246+0000] {logging_mixin.py:188} INFO - [2026-02-25T18:44:26.245+0000] {dag.py:3089} INFO - Sync 1 DAGs
[2026-02-25T18:44:26.278+0000] {logging_mixin.py:188} INFO - [2026-02-25T18:44:26.277+0000] {dag.py:3947} INFO - Setting next_dagrun for load_cb_courses to 2026-02-25 00:00:00+00:00, run_after=2026-02-26 00:00:00+00:00
[2026-02-25T18:44:26.306+0000] {processor.py:183} INFO - Processing /opt/airflow/dags/load_cb_courses.py took 0.530 seconds
[2026-02-25T18:44:56.965+0000] {processor.py:161} INFO - Started process (PID=10191) to work on /opt/airflow/dags/load_cb_courses.py
[2026-02-25T18:44:56.967+0000] {processor.py:830} INFO - Processing file /opt/airflow/dags/load_cb_courses.py for tasks to queue
[2026-02-25T18:44:56.970+0000] {logging_mixin.py:188} INFO - [2026-02-25T18:44:56.969+0000] {dagbag.py:545} INFO - Filling up the DagBag from /opt/airflow/dags/load_cb_courses.py
[2026-02-25T18:44:57.427+0000] {processor.py:840} INFO - DAG(s) 'load_cb_courses' retrieved from /opt/airflow/dags/load_cb_courses.py
[2026-02-25T18:44:57.459+0000] {logging_mixin.py:188} INFO - [2026-02-25T18:44:57.458+0000] {dag.py:3089} INFO - Sync 1 DAGs
[2026-02-25T18:44:57.491+0000] {logging_mixin.py:188} INFO - [2026-02-25T18:44:57.491+0000] {dag.py:3947} INFO - Setting next_dagrun for load_cb_courses to 2026-02-25 00:00:00+00:00, run_after=2026-02-26 00:00:00+00:00
[2026-02-25T18:44:57.521+0000] {processor.py:183} INFO - Processing /opt/airflow/dags/load_cb_courses.py took 0.566 seconds
[2026-02-25T18:45:27.768+0000] {processor.py:161} INFO - Started process (PID=10215) to work on /opt/airflow/dags/load_cb_courses.py
[2026-02-25T18:45:27.770+0000] {processor.py:830} INFO - Processing file /opt/airflow/dags/load_cb_courses.py for tasks to queue
[2026-02-25T18:45:27.774+0000] {logging_mixin.py:188} INFO - [2026-02-25T18:45:27.773+0000] {dagbag.py:545} INFO - Filling up the DagBag from /opt/airflow/dags/load_cb_courses.py
[2026-02-25T18:45:28.305+0000] {processor.py:840} INFO - DAG(s) 'load_cb_courses' retrieved from /opt/airflow/dags/load_cb_courses.py
[2026-02-25T18:45:28.369+0000] {logging_mixin.py:188} INFO - [2026-02-25T18:45:28.368+0000] {dag.py:3089} INFO - Sync 1 DAGs
[2026-02-25T18:45:28.412+0000] {logging_mixin.py:188} INFO - [2026-02-25T18:45:28.412+0000] {dag.py:3947} INFO - Setting next_dagrun for load_cb_courses to 2026-02-25 00:00:00+00:00, run_after=2026-02-26 00:00:00+00:00
[2026-02-25T18:45:28.441+0000] {processor.py:183} INFO - Processing /opt/airflow/dags/load_cb_courses.py took 0.680 seconds
[2026-02-25T18:45:59.341+0000] {processor.py:161} INFO - Started process (PID=10247) to work on /opt/airflow/dags/load_cb_courses.py
[2026-02-25T18:45:59.346+0000] {processor.py:830} INFO - Processing file /opt/airflow/dags/load_cb_courses.py for tasks to queue
[2026-02-25T18:45:59.352+0000] {logging_mixin.py:188} INFO - [2026-02-25T18:45:59.351+0000] {dagbag.py:545} INFO - Filling up the DagBag from /opt/airflow/dags/load_cb_courses.py
[2026-02-25T18:46:00.269+0000] {processor.py:840} INFO - DAG(s) 'load_cb_courses' retrieved from /opt/airflow/dags/load_cb_courses.py
[2026-02-25T18:46:00.380+0000] {logging_mixin.py:188} INFO - [2026-02-25T18:46:00.379+0000] {dag.py:3089} INFO - Sync 1 DAGs
[2026-02-25T18:46:00.436+0000] {logging_mixin.py:188} INFO - [2026-02-25T18:46:00.435+0000] {dag.py:3947} INFO - Setting next_dagrun for load_cb_courses to 2026-02-25 00:00:00+00:00, run_after=2026-02-26 00:00:00+00:00
[2026-02-25T18:46:00.560+0000] {processor.py:183} INFO - Processing /opt/airflow/dags/load_cb_courses.py took 1.236 seconds
[2026-02-25T18:46:30.890+0000] {processor.py:161} INFO - Started process (PID=10273) to work on /opt/airflow/dags/load_cb_courses.py
[2026-02-25T18:46:30.892+0000] {processor.py:830} INFO - Processing file /opt/airflow/dags/load_cb_courses.py for tasks to queue
[2026-02-25T18:46:30.895+0000] {logging_mixin.py:188} INFO - [2026-02-25T18:46:30.894+0000] {dagbag.py:545} INFO - Filling up the DagBag from /opt/airflow/dags/load_cb_courses.py
[2026-02-25T18:46:31.281+0000] {processor.py:840} INFO - DAG(s) 'load_cb_courses' retrieved from /opt/airflow/dags/load_cb_courses.py
[2026-02-25T18:46:31.314+0000] {logging_mixin.py:188} INFO - [2026-02-25T18:46:31.313+0000] {dag.py:3089} INFO - Sync 1 DAGs
[2026-02-25T18:46:31.344+0000] {logging_mixin.py:188} INFO - [2026-02-25T18:46:31.344+0000] {dag.py:3947} INFO - Setting next_dagrun for load_cb_courses to 2026-02-25 00:00:00+00:00, run_after=2026-02-26 00:00:00+00:00
[2026-02-25T18:46:31.371+0000] {processor.py:183} INFO - Processing /opt/airflow/dags/load_cb_courses.py took 0.487 seconds
[2026-02-25T18:47:01.612+0000] {processor.py:161} INFO - Started process (PID=10304) to work on /opt/airflow/dags/load_cb_courses.py
[2026-02-25T18:47:01.614+0000] {processor.py:830} INFO - Processing file /opt/airflow/dags/load_cb_courses.py for tasks to queue
[2026-02-25T18:47:01.617+0000] {logging_mixin.py:188} INFO - [2026-02-25T18:47:01.616+0000] {dagbag.py:545} INFO - Filling up the DagBag from /opt/airflow/dags/load_cb_courses.py
[2026-02-25T18:47:01.981+0000] {processor.py:840} INFO - DAG(s) 'load_cb_courses' retrieved from /opt/airflow/dags/load_cb_courses.py
[2026-02-25T18:47:02.010+0000] {logging_mixin.py:188} INFO - [2026-02-25T18:47:02.010+0000] {dag.py:3089} INFO - Sync 1 DAGs
[2026-02-25T18:47:02.034+0000] {logging_mixin.py:188} INFO - [2026-02-25T18:47:02.033+0000] {dag.py:3947} INFO - Setting next_dagrun for load_cb_courses to 2026-02-25 00:00:00+00:00, run_after=2026-02-26 00:00:00+00:00
[2026-02-25T18:47:02.061+0000] {processor.py:183} INFO - Processing /opt/airflow/dags/load_cb_courses.py took 0.456 seconds
[2026-02-25T18:47:32.220+0000] {processor.py:161} INFO - Started process (PID=10329) to work on /opt/airflow/dags/load_cb_courses.py
[2026-02-25T18:47:32.222+0000] {processor.py:830} INFO - Processing file /opt/airflow/dags/load_cb_courses.py for tasks to queue
[2026-02-25T18:47:32.224+0000] {logging_mixin.py:188} INFO - [2026-02-25T18:47:32.224+0000] {dagbag.py:545} INFO - Filling up the DagBag from /opt/airflow/dags/load_cb_courses.py
[2026-02-25T18:47:32.591+0000] {processor.py:840} INFO - DAG(s) 'load_cb_courses' retrieved from /opt/airflow/dags/load_cb_courses.py
[2026-02-25T18:47:32.618+0000] {logging_mixin.py:188} INFO - [2026-02-25T18:47:32.618+0000] {dag.py:3089} INFO - Sync 1 DAGs
[2026-02-25T18:47:32.643+0000] {logging_mixin.py:188} INFO - [2026-02-25T18:47:32.643+0000] {dag.py:3947} INFO - Setting next_dagrun for load_cb_courses to 2026-02-25 00:00:00+00:00, run_after=2026-02-26 00:00:00+00:00
[2026-02-25T18:47:32.667+0000] {processor.py:183} INFO - Processing /opt/airflow/dags/load_cb_courses.py took 0.454 seconds
[2026-02-25T18:48:02.887+0000] {processor.py:161} INFO - Started process (PID=10362) to work on /opt/airflow/dags/load_cb_courses.py
[2026-02-25T18:48:02.889+0000] {processor.py:830} INFO - Processing file /opt/airflow/dags/load_cb_courses.py for tasks to queue
[2026-02-25T18:48:02.892+0000] {logging_mixin.py:188} INFO - [2026-02-25T18:48:02.892+0000] {dagbag.py:545} INFO - Filling up the DagBag from /opt/airflow/dags/load_cb_courses.py
[2026-02-25T18:48:03.270+0000] {processor.py:840} INFO - DAG(s) 'load_cb_courses' retrieved from /opt/airflow/dags/load_cb_courses.py
[2026-02-25T18:48:03.325+0000] {logging_mixin.py:188} INFO - [2026-02-25T18:48:03.324+0000] {dag.py:3089} INFO - Sync 1 DAGs
[2026-02-25T18:48:03.362+0000] {logging_mixin.py:188} INFO - [2026-02-25T18:48:03.362+0000] {dag.py:3947} INFO - Setting next_dagrun for load_cb_courses to 2026-02-25 00:00:00+00:00, run_after=2026-02-26 00:00:00+00:00
[2026-02-25T18:48:03.403+0000] {processor.py:183} INFO - Processing /opt/airflow/dags/load_cb_courses.py took 0.524 seconds
[2026-02-25T18:48:33.607+0000] {processor.py:161} INFO - Started process (PID=10387) to work on /opt/airflow/dags/load_cb_courses.py
[2026-02-25T18:48:33.609+0000] {processor.py:830} INFO - Processing file /opt/airflow/dags/load_cb_courses.py for tasks to queue
[2026-02-25T18:48:33.613+0000] {logging_mixin.py:188} INFO - [2026-02-25T18:48:33.612+0000] {dagbag.py:545} INFO - Filling up the DagBag from /opt/airflow/dags/load_cb_courses.py
[2026-02-25T18:48:34.158+0000] {processor.py:840} INFO - DAG(s) 'load_cb_courses' retrieved from /opt/airflow/dags/load_cb_courses.py
[2026-02-25T18:48:34.194+0000] {logging_mixin.py:188} INFO - [2026-02-25T18:48:34.193+0000] {dag.py:3089} INFO - Sync 1 DAGs
[2026-02-25T18:48:34.225+0000] {logging_mixin.py:188} INFO - [2026-02-25T18:48:34.225+0000] {dag.py:3947} INFO - Setting next_dagrun for load_cb_courses to 2026-02-25 00:00:00+00:00, run_after=2026-02-26 00:00:00+00:00
[2026-02-25T18:48:34.252+0000] {processor.py:183} INFO - Processing /opt/airflow/dags/load_cb_courses.py took 0.652 seconds
[2026-02-25T18:49:04.657+0000] {processor.py:161} INFO - Started process (PID=10419) to work on /opt/airflow/dags/load_cb_courses.py
[2026-02-25T18:49:04.660+0000] {processor.py:830} INFO - Processing file /opt/airflow/dags/load_cb_courses.py for tasks to queue
[2026-02-25T18:49:04.662+0000] {logging_mixin.py:188} INFO - [2026-02-25T18:49:04.662+0000] {dagbag.py:545} INFO - Filling up the DagBag from /opt/airflow/dags/load_cb_courses.py
[2026-02-25T18:49:05.023+0000] {processor.py:840} INFO - DAG(s) 'load_cb_courses' retrieved from /opt/airflow/dags/load_cb_courses.py
[2026-02-25T18:49:05.057+0000] {logging_mixin.py:188} INFO - [2026-02-25T18:49:05.056+0000] {dag.py:3089} INFO - Sync 1 DAGs
[2026-02-25T18:49:05.086+0000] {logging_mixin.py:188} INFO - [2026-02-25T18:49:05.085+0000] {dag.py:3947} INFO - Setting next_dagrun for load_cb_courses to 2026-02-25 00:00:00+00:00, run_after=2026-02-26 00:00:00+00:00
[2026-02-25T18:49:05.115+0000] {processor.py:183} INFO - Processing /opt/airflow/dags/load_cb_courses.py took 0.464 seconds
[2026-02-25T18:49:35.294+0000] {processor.py:161} INFO - Started process (PID=10444) to work on /opt/airflow/dags/load_cb_courses.py
[2026-02-25T18:49:35.296+0000] {processor.py:830} INFO - Processing file /opt/airflow/dags/load_cb_courses.py for tasks to queue
[2026-02-25T18:49:35.299+0000] {logging_mixin.py:188} INFO - [2026-02-25T18:49:35.298+0000] {dagbag.py:545} INFO - Filling up the DagBag from /opt/airflow/dags/load_cb_courses.py
[2026-02-25T18:49:35.653+0000] {processor.py:840} INFO - DAG(s) 'load_cb_courses' retrieved from /opt/airflow/dags/load_cb_courses.py
[2026-02-25T18:49:35.685+0000] {logging_mixin.py:188} INFO - [2026-02-25T18:49:35.684+0000] {dag.py:3089} INFO - Sync 1 DAGs
[2026-02-25T18:49:35.712+0000] {logging_mixin.py:188} INFO - [2026-02-25T18:49:35.712+0000] {dag.py:3947} INFO - Setting next_dagrun for load_cb_courses to 2026-02-25 00:00:00+00:00, run_after=2026-02-26 00:00:00+00:00
[2026-02-25T18:49:35.740+0000] {processor.py:183} INFO - Processing /opt/airflow/dags/load_cb_courses.py took 0.453 seconds
[2026-02-25T18:50:06.024+0000] {processor.py:161} INFO - Started process (PID=10476) to work on /opt/airflow/dags/load_cb_courses.py
[2026-02-25T18:50:06.025+0000] {processor.py:830} INFO - Processing file /opt/airflow/dags/load_cb_courses.py for tasks to queue
[2026-02-25T18:50:06.027+0000] {logging_mixin.py:188} INFO - [2026-02-25T18:50:06.027+0000] {dagbag.py:545} INFO - Filling up the DagBag from /opt/airflow/dags/load_cb_courses.py
[2026-02-25T18:50:06.406+0000] {processor.py:840} INFO - DAG(s) 'load_cb_courses' retrieved from /opt/airflow/dags/load_cb_courses.py
[2026-02-25T18:50:06.434+0000] {logging_mixin.py:188} INFO - [2026-02-25T18:50:06.434+0000] {dag.py:3089} INFO - Sync 1 DAGs
[2026-02-25T18:50:05.743+0000] {logging_mixin.py:188} INFO - [2026-02-25T18:50:05.743+0000] {dag.py:3947} INFO - Setting next_dagrun for load_cb_courses to 2026-02-25 00:00:00+00:00, run_after=2026-02-26 00:00:00+00:00
[2026-02-25T18:50:05.768+0000] {processor.py:183} INFO - Processing /opt/airflow/dags/load_cb_courses.py took 0.474 seconds
[2026-02-25T18:50:36.500+0000] {processor.py:161} INFO - Started process (PID=10508) to work on /opt/airflow/dags/load_cb_courses.py
[2026-02-25T18:50:36.502+0000] {processor.py:830} INFO - Processing file /opt/airflow/dags/load_cb_courses.py for tasks to queue
[2026-02-25T18:50:36.505+0000] {logging_mixin.py:188} INFO - [2026-02-25T18:50:36.504+0000] {dagbag.py:545} INFO - Filling up the DagBag from /opt/airflow/dags/load_cb_courses.py
[2026-02-25T18:50:36.892+0000] {processor.py:840} INFO - DAG(s) 'load_cb_courses' retrieved from /opt/airflow/dags/load_cb_courses.py
[2026-02-25T18:50:36.920+0000] {logging_mixin.py:188} INFO - [2026-02-25T18:50:36.919+0000] {dag.py:3089} INFO - Sync 1 DAGs
[2026-02-25T18:50:36.945+0000] {logging_mixin.py:188} INFO - [2026-02-25T18:50:36.944+0000] {dag.py:3947} INFO - Setting next_dagrun for load_cb_courses to 2026-02-25 00:00:00+00:00, run_after=2026-02-26 00:00:00+00:00
[2026-02-25T18:50:36.974+0000] {processor.py:183} INFO - Processing /opt/airflow/dags/load_cb_courses.py took 0.481 seconds
[2026-02-25T18:51:07.449+0000] {processor.py:161} INFO - Started process (PID=10533) to work on /opt/airflow/dags/load_cb_courses.py
[2026-02-25T18:51:07.452+0000] {processor.py:830} INFO - Processing file /opt/airflow/dags/load_cb_courses.py for tasks to queue
[2026-02-25T18:51:07.458+0000] {logging_mixin.py:188} INFO - [2026-02-25T18:51:07.457+0000] {dagbag.py:545} INFO - Filling up the DagBag from /opt/airflow/dags/load_cb_courses.py
[2026-02-25T18:51:07.901+0000] {processor.py:840} INFO - DAG(s) 'load_cb_courses' retrieved from /opt/airflow/dags/load_cb_courses.py
[2026-02-25T18:51:07.937+0000] {logging_mixin.py:188} INFO - [2026-02-25T18:51:07.936+0000] {dag.py:3089} INFO - Sync 1 DAGs
[2026-02-25T18:51:07.967+0000] {logging_mixin.py:188} INFO - [2026-02-25T18:51:07.967+0000] {dag.py:3947} INFO - Setting next_dagrun for load_cb_courses to 2026-02-25 00:00:00+00:00, run_after=2026-02-26 00:00:00+00:00
[2026-02-25T18:51:07.993+0000] {processor.py:183} INFO - Processing /opt/airflow/dags/load_cb_courses.py took 0.555 seconds
[2026-02-25T18:51:38.083+0000] {processor.py:161} INFO - Started process (PID=10566) to work on /opt/airflow/dags/load_cb_courses.py
[2026-02-25T18:51:38.085+0000] {processor.py:830} INFO - Processing file /opt/airflow/dags/load_cb_courses.py for tasks to queue
[2026-02-25T18:51:38.087+0000] {logging_mixin.py:188} INFO - [2026-02-25T18:51:38.087+0000] {dagbag.py:545} INFO - Filling up the DagBag from /opt/airflow/dags/load_cb_courses.py
[2026-02-25T18:51:38.473+0000] {processor.py:840} INFO - DAG(s) 'load_cb_courses' retrieved from /opt/airflow/dags/load_cb_courses.py
[2026-02-25T18:51:38.509+0000] {logging_mixin.py:188} INFO - [2026-02-25T18:51:38.508+0000] {dag.py:3089} INFO - Sync 1 DAGs
[2026-02-25T18:51:38.544+0000] {logging_mixin.py:188} INFO - [2026-02-25T18:51:38.544+0000] {dag.py:3947} INFO - Setting next_dagrun for load_cb_courses to 2026-02-25 00:00:00+00:00, run_after=2026-02-26 00:00:00+00:00
[2026-02-25T18:51:38.572+0000] {processor.py:183} INFO - Processing /opt/airflow/dags/load_cb_courses.py took 0.500 seconds
