[2026-02-25T15:56:08.207+0000] {processor.py:161} INFO - Started process (PID=183) to work on /opt/airflow/dags/oltp_s3_dwh_dict.py
[2026-02-25T15:56:08.209+0000] {processor.py:830} INFO - Processing file /opt/airflow/dags/oltp_s3_dwh_dict.py for tasks to queue
[2026-02-25T15:56:08.213+0000] {logging_mixin.py:188} INFO - [2026-02-25T15:56:08.213+0000] {dagbag.py:545} INFO - Filling up the DagBag from /opt/airflow/dags/oltp_s3_dwh_dict.py
[2026-02-25T15:56:08.257+0000] {processor.py:842} WARNING - No viable dags retrieved from /opt/airflow/dags/oltp_s3_dwh_dict.py
[2026-02-25T15:56:08.282+0000] {processor.py:183} INFO - Processing /opt/airflow/dags/oltp_s3_dwh_dict.py took 0.088 seconds
[2026-02-25T15:56:38.465+0000] {processor.py:161} INFO - Started process (PID=249) to work on /opt/airflow/dags/oltp_s3_dwh_dict.py
[2026-02-25T15:56:38.467+0000] {processor.py:830} INFO - Processing file /opt/airflow/dags/oltp_s3_dwh_dict.py for tasks to queue
[2026-02-25T15:56:38.471+0000] {logging_mixin.py:188} INFO - [2026-02-25T15:56:38.471+0000] {dagbag.py:545} INFO - Filling up the DagBag from /opt/airflow/dags/oltp_s3_dwh_dict.py
[2026-02-25T15:56:38.497+0000] {processor.py:842} WARNING - No viable dags retrieved from /opt/airflow/dags/oltp_s3_dwh_dict.py
[2026-02-25T15:56:38.528+0000] {processor.py:183} INFO - Processing /opt/airflow/dags/oltp_s3_dwh_dict.py took 0.071 seconds
[2026-02-25T15:57:08.747+0000] {processor.py:161} INFO - Started process (PID=281) to work on /opt/airflow/dags/oltp_s3_dwh_dict.py
[2026-02-25T15:57:08.749+0000] {processor.py:830} INFO - Processing file /opt/airflow/dags/oltp_s3_dwh_dict.py for tasks to queue
[2026-02-25T15:57:08.755+0000] {logging_mixin.py:188} INFO - [2026-02-25T15:57:08.754+0000] {dagbag.py:545} INFO - Filling up the DagBag from /opt/airflow/dags/oltp_s3_dwh_dict.py
[2026-02-25T15:57:08.783+0000] {processor.py:842} WARNING - No viable dags retrieved from /opt/airflow/dags/oltp_s3_dwh_dict.py
[2026-02-25T15:57:08.809+0000] {processor.py:183} INFO - Processing /opt/airflow/dags/oltp_s3_dwh_dict.py took 0.079 seconds
[2026-02-25T15:57:39.184+0000] {processor.py:161} INFO - Started process (PID=306) to work on /opt/airflow/dags/oltp_s3_dwh_dict.py
[2026-02-25T15:57:39.186+0000] {processor.py:830} INFO - Processing file /opt/airflow/dags/oltp_s3_dwh_dict.py for tasks to queue
[2026-02-25T15:57:39.189+0000] {logging_mixin.py:188} INFO - [2026-02-25T15:57:39.189+0000] {dagbag.py:545} INFO - Filling up the DagBag from /opt/airflow/dags/oltp_s3_dwh_dict.py
[2026-02-25T15:57:39.209+0000] {processor.py:842} WARNING - No viable dags retrieved from /opt/airflow/dags/oltp_s3_dwh_dict.py
[2026-02-25T15:57:39.240+0000] {processor.py:183} INFO - Processing /opt/airflow/dags/oltp_s3_dwh_dict.py took 0.066 seconds
[2026-02-25T15:58:09.376+0000] {processor.py:161} INFO - Started process (PID=339) to work on /opt/airflow/dags/oltp_s3_dwh_dict.py
[2026-02-25T15:58:09.378+0000] {processor.py:830} INFO - Processing file /opt/airflow/dags/oltp_s3_dwh_dict.py for tasks to queue
[2026-02-25T15:58:09.388+0000] {logging_mixin.py:188} INFO - [2026-02-25T15:58:09.382+0000] {dagbag.py:545} INFO - Filling up the DagBag from /opt/airflow/dags/oltp_s3_dwh_dict.py
[2026-02-25T15:58:09.429+0000] {processor.py:842} WARNING - No viable dags retrieved from /opt/airflow/dags/oltp_s3_dwh_dict.py
[2026-02-25T15:58:09.470+0000] {processor.py:183} INFO - Processing /opt/airflow/dags/oltp_s3_dwh_dict.py took 0.104 seconds
[2026-02-25T15:58:39.575+0000] {processor.py:161} INFO - Started process (PID=363) to work on /opt/airflow/dags/oltp_s3_dwh_dict.py
[2026-02-25T15:58:39.577+0000] {processor.py:830} INFO - Processing file /opt/airflow/dags/oltp_s3_dwh_dict.py for tasks to queue
[2026-02-25T15:58:39.580+0000] {logging_mixin.py:188} INFO - [2026-02-25T15:58:39.579+0000] {dagbag.py:545} INFO - Filling up the DagBag from /opt/airflow/dags/oltp_s3_dwh_dict.py
[2026-02-25T15:58:39.603+0000] {processor.py:842} WARNING - No viable dags retrieved from /opt/airflow/dags/oltp_s3_dwh_dict.py
[2026-02-25T15:58:39.620+0000] {processor.py:183} INFO - Processing /opt/airflow/dags/oltp_s3_dwh_dict.py took 0.054 seconds
[2026-02-25T15:59:10.302+0000] {processor.py:161} INFO - Started process (PID=395) to work on /opt/airflow/dags/oltp_s3_dwh_dict.py
[2026-02-25T15:59:10.304+0000] {processor.py:830} INFO - Processing file /opt/airflow/dags/oltp_s3_dwh_dict.py for tasks to queue
[2026-02-25T15:59:10.307+0000] {logging_mixin.py:188} INFO - [2026-02-25T15:59:10.306+0000] {dagbag.py:545} INFO - Filling up the DagBag from /opt/airflow/dags/oltp_s3_dwh_dict.py
[2026-02-25T15:59:10.323+0000] {processor.py:842} WARNING - No viable dags retrieved from /opt/airflow/dags/oltp_s3_dwh_dict.py
[2026-02-25T15:59:10.342+0000] {processor.py:183} INFO - Processing /opt/airflow/dags/oltp_s3_dwh_dict.py took 0.049 seconds
[2026-02-25T15:59:40.469+0000] {processor.py:161} INFO - Started process (PID=422) to work on /opt/airflow/dags/oltp_s3_dwh_dict.py
[2026-02-25T15:59:40.471+0000] {processor.py:830} INFO - Processing file /opt/airflow/dags/oltp_s3_dwh_dict.py for tasks to queue
[2026-02-25T15:59:40.478+0000] {logging_mixin.py:188} INFO - [2026-02-25T15:59:40.477+0000] {dagbag.py:545} INFO - Filling up the DagBag from /opt/airflow/dags/oltp_s3_dwh_dict.py
[2026-02-25T15:59:40.504+0000] {processor.py:842} WARNING - No viable dags retrieved from /opt/airflow/dags/oltp_s3_dwh_dict.py
[2026-02-25T15:59:40.522+0000] {processor.py:183} INFO - Processing /opt/airflow/dags/oltp_s3_dwh_dict.py took 0.061 seconds
[2026-02-25T16:00:10.748+0000] {processor.py:161} INFO - Started process (PID=447) to work on /opt/airflow/dags/oltp_s3_dwh_dict.py
[2026-02-25T16:00:10.750+0000] {processor.py:830} INFO - Processing file /opt/airflow/dags/oltp_s3_dwh_dict.py for tasks to queue
[2026-02-25T16:00:10.753+0000] {logging_mixin.py:188} INFO - [2026-02-25T16:00:10.753+0000] {dagbag.py:545} INFO - Filling up the DagBag from /opt/airflow/dags/oltp_s3_dwh_dict.py
[2026-02-25T16:00:10.800+0000] {processor.py:842} WARNING - No viable dags retrieved from /opt/airflow/dags/oltp_s3_dwh_dict.py
[2026-02-25T16:00:10.816+0000] {processor.py:183} INFO - Processing /opt/airflow/dags/oltp_s3_dwh_dict.py took 0.077 seconds
[2026-02-25T16:00:41.463+0000] {processor.py:161} INFO - Started process (PID=478) to work on /opt/airflow/dags/oltp_s3_dwh_dict.py
[2026-02-25T16:00:41.465+0000] {processor.py:830} INFO - Processing file /opt/airflow/dags/oltp_s3_dwh_dict.py for tasks to queue
[2026-02-25T16:00:41.468+0000] {logging_mixin.py:188} INFO - [2026-02-25T16:00:41.468+0000] {dagbag.py:545} INFO - Filling up the DagBag from /opt/airflow/dags/oltp_s3_dwh_dict.py
[2026-02-25T16:00:41.490+0000] {processor.py:842} WARNING - No viable dags retrieved from /opt/airflow/dags/oltp_s3_dwh_dict.py
[2026-02-25T16:00:41.508+0000] {processor.py:183} INFO - Processing /opt/airflow/dags/oltp_s3_dwh_dict.py took 0.055 seconds
[2026-02-25T16:01:11.573+0000] {processor.py:161} INFO - Started process (PID=503) to work on /opt/airflow/dags/oltp_s3_dwh_dict.py
[2026-02-25T16:01:11.574+0000] {processor.py:830} INFO - Processing file /opt/airflow/dags/oltp_s3_dwh_dict.py for tasks to queue
[2026-02-25T16:01:11.577+0000] {logging_mixin.py:188} INFO - [2026-02-25T16:01:11.576+0000] {dagbag.py:545} INFO - Filling up the DagBag from /opt/airflow/dags/oltp_s3_dwh_dict.py
[2026-02-25T16:01:11.593+0000] {processor.py:842} WARNING - No viable dags retrieved from /opt/airflow/dags/oltp_s3_dwh_dict.py
[2026-02-25T16:01:11.611+0000] {processor.py:183} INFO - Processing /opt/airflow/dags/oltp_s3_dwh_dict.py took 0.046 seconds
[2026-02-25T16:01:41.725+0000] {processor.py:161} INFO - Started process (PID=535) to work on /opt/airflow/dags/oltp_s3_dwh_dict.py
[2026-02-25T16:01:41.727+0000] {processor.py:830} INFO - Processing file /opt/airflow/dags/oltp_s3_dwh_dict.py for tasks to queue
[2026-02-25T16:01:41.730+0000] {logging_mixin.py:188} INFO - [2026-02-25T16:01:41.729+0000] {dagbag.py:545} INFO - Filling up the DagBag from /opt/airflow/dags/oltp_s3_dwh_dict.py
[2026-02-25T16:01:41.756+0000] {processor.py:842} WARNING - No viable dags retrieved from /opt/airflow/dags/oltp_s3_dwh_dict.py
[2026-02-25T16:01:41.775+0000] {processor.py:183} INFO - Processing /opt/airflow/dags/oltp_s3_dwh_dict.py took 0.058 seconds
[2026-02-25T16:02:11.831+0000] {processor.py:161} INFO - Started process (PID=561) to work on /opt/airflow/dags/oltp_s3_dwh_dict.py
[2026-02-25T16:02:11.832+0000] {processor.py:830} INFO - Processing file /opt/airflow/dags/oltp_s3_dwh_dict.py for tasks to queue
[2026-02-25T16:02:11.835+0000] {logging_mixin.py:188} INFO - [2026-02-25T16:02:11.834+0000] {dagbag.py:545} INFO - Filling up the DagBag from /opt/airflow/dags/oltp_s3_dwh_dict.py
[2026-02-25T16:02:11.850+0000] {processor.py:842} WARNING - No viable dags retrieved from /opt/airflow/dags/oltp_s3_dwh_dict.py
[2026-02-25T16:02:11.868+0000] {processor.py:183} INFO - Processing /opt/airflow/dags/oltp_s3_dwh_dict.py took 0.047 seconds
[2026-02-25T16:02:41.982+0000] {processor.py:161} INFO - Started process (PID=593) to work on /opt/airflow/dags/oltp_s3_dwh_dict.py
[2026-02-25T16:02:41.983+0000] {processor.py:830} INFO - Processing file /opt/airflow/dags/oltp_s3_dwh_dict.py for tasks to queue
[2026-02-25T16:02:41.986+0000] {logging_mixin.py:188} INFO - [2026-02-25T16:02:41.985+0000] {dagbag.py:545} INFO - Filling up the DagBag from /opt/airflow/dags/oltp_s3_dwh_dict.py
[2026-02-25T16:02:42.006+0000] {processor.py:842} WARNING - No viable dags retrieved from /opt/airflow/dags/oltp_s3_dwh_dict.py
[2026-02-25T16:02:42.025+0000] {processor.py:183} INFO - Processing /opt/airflow/dags/oltp_s3_dwh_dict.py took 0.052 seconds
[2026-02-25T16:03:12.383+0000] {processor.py:161} INFO - Started process (PID=618) to work on /opt/airflow/dags/oltp_s3_dwh_dict.py
[2026-02-25T16:03:12.385+0000] {processor.py:830} INFO - Processing file /opt/airflow/dags/oltp_s3_dwh_dict.py for tasks to queue
[2026-02-25T16:03:12.387+0000] {logging_mixin.py:188} INFO - [2026-02-25T16:03:12.387+0000] {dagbag.py:545} INFO - Filling up the DagBag from /opt/airflow/dags/oltp_s3_dwh_dict.py
[2026-02-25T16:03:12.410+0000] {processor.py:842} WARNING - No viable dags retrieved from /opt/airflow/dags/oltp_s3_dwh_dict.py
[2026-02-25T16:03:12.429+0000] {processor.py:183} INFO - Processing /opt/airflow/dags/oltp_s3_dwh_dict.py took 0.053 seconds
[2026-02-25T16:03:43.119+0000] {processor.py:161} INFO - Started process (PID=650) to work on /opt/airflow/dags/oltp_s3_dwh_dict.py
[2026-02-25T16:03:43.120+0000] {processor.py:830} INFO - Processing file /opt/airflow/dags/oltp_s3_dwh_dict.py for tasks to queue
[2026-02-25T16:03:43.124+0000] {logging_mixin.py:188} INFO - [2026-02-25T16:03:43.123+0000] {dagbag.py:545} INFO - Filling up the DagBag from /opt/airflow/dags/oltp_s3_dwh_dict.py
[2026-02-25T16:03:43.156+0000] {processor.py:842} WARNING - No viable dags retrieved from /opt/airflow/dags/oltp_s3_dwh_dict.py
[2026-02-25T16:03:43.184+0000] {processor.py:183} INFO - Processing /opt/airflow/dags/oltp_s3_dwh_dict.py took 0.072 seconds
[2026-02-25T16:04:13.727+0000] {processor.py:161} INFO - Started process (PID=676) to work on /opt/airflow/dags/oltp_s3_dwh_dict.py
[2026-02-25T16:04:13.729+0000] {processor.py:830} INFO - Processing file /opt/airflow/dags/oltp_s3_dwh_dict.py for tasks to queue
[2026-02-25T16:04:13.732+0000] {logging_mixin.py:188} INFO - [2026-02-25T16:04:13.731+0000] {dagbag.py:545} INFO - Filling up the DagBag from /opt/airflow/dags/oltp_s3_dwh_dict.py
[2026-02-25T16:04:13.752+0000] {processor.py:842} WARNING - No viable dags retrieved from /opt/airflow/dags/oltp_s3_dwh_dict.py
[2026-02-25T16:04:13.773+0000] {processor.py:183} INFO - Processing /opt/airflow/dags/oltp_s3_dwh_dict.py took 0.053 seconds
[2026-02-25T16:04:44.521+0000] {processor.py:161} INFO - Started process (PID=709) to work on /opt/airflow/dags/oltp_s3_dwh_dict.py
[2026-02-25T16:04:44.523+0000] {processor.py:830} INFO - Processing file /opt/airflow/dags/oltp_s3_dwh_dict.py for tasks to queue
[2026-02-25T16:04:44.526+0000] {logging_mixin.py:188} INFO - [2026-02-25T16:04:44.525+0000] {dagbag.py:545} INFO - Filling up the DagBag from /opt/airflow/dags/oltp_s3_dwh_dict.py
[2026-02-25T16:04:44.556+0000] {processor.py:842} WARNING - No viable dags retrieved from /opt/airflow/dags/oltp_s3_dwh_dict.py
[2026-02-25T16:04:44.572+0000] {processor.py:183} INFO - Processing /opt/airflow/dags/oltp_s3_dwh_dict.py took 0.058 seconds
[2026-02-25T16:05:15.210+0000] {processor.py:161} INFO - Started process (PID=734) to work on /opt/airflow/dags/oltp_s3_dwh_dict.py
[2026-02-25T16:05:15.211+0000] {processor.py:830} INFO - Processing file /opt/airflow/dags/oltp_s3_dwh_dict.py for tasks to queue
[2026-02-25T16:05:15.214+0000] {logging_mixin.py:188} INFO - [2026-02-25T16:05:15.214+0000] {dagbag.py:545} INFO - Filling up the DagBag from /opt/airflow/dags/oltp_s3_dwh_dict.py
[2026-02-25T16:05:15.237+0000] {processor.py:842} WARNING - No viable dags retrieved from /opt/airflow/dags/oltp_s3_dwh_dict.py
[2026-02-25T16:05:15.255+0000] {processor.py:183} INFO - Processing /opt/airflow/dags/oltp_s3_dwh_dict.py took 0.051 seconds
[2026-02-25T16:05:45.322+0000] {processor.py:161} INFO - Started process (PID=767) to work on /opt/airflow/dags/oltp_s3_dwh_dict.py
[2026-02-25T16:05:45.324+0000] {processor.py:830} INFO - Processing file /opt/airflow/dags/oltp_s3_dwh_dict.py for tasks to queue
[2026-02-25T16:05:45.332+0000] {logging_mixin.py:188} INFO - [2026-02-25T16:05:45.331+0000] {dagbag.py:545} INFO - Filling up the DagBag from /opt/airflow/dags/oltp_s3_dwh_dict.py
[2026-02-25T16:05:45.351+0000] {processor.py:842} WARNING - No viable dags retrieved from /opt/airflow/dags/oltp_s3_dwh_dict.py
[2026-02-25T16:05:45.370+0000] {processor.py:183} INFO - Processing /opt/airflow/dags/oltp_s3_dwh_dict.py took 0.057 seconds
[2026-02-25T16:06:15.902+0000] {processor.py:161} INFO - Started process (PID=793) to work on /opt/airflow/dags/oltp_s3_dwh_dict.py
[2026-02-25T16:06:15.904+0000] {processor.py:830} INFO - Processing file /opt/airflow/dags/oltp_s3_dwh_dict.py for tasks to queue
[2026-02-25T16:06:15.907+0000] {logging_mixin.py:188} INFO - [2026-02-25T16:06:15.906+0000] {dagbag.py:545} INFO - Filling up the DagBag from /opt/airflow/dags/oltp_s3_dwh_dict.py
[2026-02-25T16:06:15.919+0000] {processor.py:842} WARNING - No viable dags retrieved from /opt/airflow/dags/oltp_s3_dwh_dict.py
[2026-02-25T16:06:15.936+0000] {processor.py:183} INFO - Processing /opt/airflow/dags/oltp_s3_dwh_dict.py took 0.040 seconds
[2026-02-25T16:06:46.027+0000] {processor.py:161} INFO - Started process (PID=825) to work on /opt/airflow/dags/oltp_s3_dwh_dict.py
[2026-02-25T16:06:46.028+0000] {processor.py:830} INFO - Processing file /opt/airflow/dags/oltp_s3_dwh_dict.py for tasks to queue
[2026-02-25T16:06:46.031+0000] {logging_mixin.py:188} INFO - [2026-02-25T16:06:46.030+0000] {dagbag.py:545} INFO - Filling up the DagBag from /opt/airflow/dags/oltp_s3_dwh_dict.py
[2026-02-25T16:06:46.048+0000] {processor.py:842} WARNING - No viable dags retrieved from /opt/airflow/dags/oltp_s3_dwh_dict.py
[2026-02-25T16:06:46.064+0000] {processor.py:183} INFO - Processing /opt/airflow/dags/oltp_s3_dwh_dict.py took 0.044 seconds
[2026-02-25T16:07:16.395+0000] {processor.py:161} INFO - Started process (PID=850) to work on /opt/airflow/dags/oltp_s3_dwh_dict.py
[2026-02-25T16:07:16.397+0000] {processor.py:830} INFO - Processing file /opt/airflow/dags/oltp_s3_dwh_dict.py for tasks to queue
[2026-02-25T16:07:16.400+0000] {logging_mixin.py:188} INFO - [2026-02-25T16:07:16.399+0000] {dagbag.py:545} INFO - Filling up the DagBag from /opt/airflow/dags/oltp_s3_dwh_dict.py
[2026-02-25T16:07:16.413+0000] {processor.py:842} WARNING - No viable dags retrieved from /opt/airflow/dags/oltp_s3_dwh_dict.py
[2026-02-25T16:07:16.430+0000] {processor.py:183} INFO - Processing /opt/airflow/dags/oltp_s3_dwh_dict.py took 0.041 seconds
[2026-02-25T16:07:46.961+0000] {processor.py:161} INFO - Started process (PID=880) to work on /opt/airflow/dags/oltp_s3_dwh_dict.py
[2026-02-25T16:07:46.963+0000] {processor.py:830} INFO - Processing file /opt/airflow/dags/oltp_s3_dwh_dict.py for tasks to queue
[2026-02-25T16:07:46.965+0000] {logging_mixin.py:188} INFO - [2026-02-25T16:07:46.965+0000] {dagbag.py:545} INFO - Filling up the DagBag from /opt/airflow/dags/oltp_s3_dwh_dict.py
[2026-02-25T16:07:46.984+0000] {processor.py:842} WARNING - No viable dags retrieved from /opt/airflow/dags/oltp_s3_dwh_dict.py
[2026-02-25T16:07:47.001+0000] {processor.py:183} INFO - Processing /opt/airflow/dags/oltp_s3_dwh_dict.py took 0.047 seconds
[2026-02-25T16:08:17.247+0000] {processor.py:161} INFO - Started process (PID=905) to work on /opt/airflow/dags/oltp_s3_dwh_dict.py
[2026-02-25T16:08:17.249+0000] {processor.py:830} INFO - Processing file /opt/airflow/dags/oltp_s3_dwh_dict.py for tasks to queue
[2026-02-25T16:08:17.251+0000] {logging_mixin.py:188} INFO - [2026-02-25T16:08:17.250+0000] {dagbag.py:545} INFO - Filling up the DagBag from /opt/airflow/dags/oltp_s3_dwh_dict.py
[2026-02-25T16:08:17.264+0000] {processor.py:842} WARNING - No viable dags retrieved from /opt/airflow/dags/oltp_s3_dwh_dict.py
[2026-02-25T16:08:17.280+0000] {processor.py:183} INFO - Processing /opt/airflow/dags/oltp_s3_dwh_dict.py took 0.038 seconds
[2026-02-25T16:08:47.579+0000] {processor.py:161} INFO - Started process (PID=938) to work on /opt/airflow/dags/oltp_s3_dwh_dict.py
[2026-02-25T16:08:47.580+0000] {processor.py:830} INFO - Processing file /opt/airflow/dags/oltp_s3_dwh_dict.py for tasks to queue
[2026-02-25T16:08:47.582+0000] {logging_mixin.py:188} INFO - [2026-02-25T16:08:47.582+0000] {dagbag.py:545} INFO - Filling up the DagBag from /opt/airflow/dags/oltp_s3_dwh_dict.py
[2026-02-25T16:08:47.597+0000] {processor.py:842} WARNING - No viable dags retrieved from /opt/airflow/dags/oltp_s3_dwh_dict.py
[2026-02-25T16:08:47.615+0000] {processor.py:183} INFO - Processing /opt/airflow/dags/oltp_s3_dwh_dict.py took 0.043 seconds
[2026-02-25T16:09:17.999+0000] {processor.py:161} INFO - Started process (PID=962) to work on /opt/airflow/dags/oltp_s3_dwh_dict.py
[2026-02-25T16:09:18.000+0000] {processor.py:830} INFO - Processing file /opt/airflow/dags/oltp_s3_dwh_dict.py for tasks to queue
[2026-02-25T16:09:18.003+0000] {logging_mixin.py:188} INFO - [2026-02-25T16:09:18.002+0000] {dagbag.py:545} INFO - Filling up the DagBag from /opt/airflow/dags/oltp_s3_dwh_dict.py
[2026-02-25T16:09:18.021+0000] {processor.py:842} WARNING - No viable dags retrieved from /opt/airflow/dags/oltp_s3_dwh_dict.py
[2026-02-25T16:09:18.039+0000] {processor.py:183} INFO - Processing /opt/airflow/dags/oltp_s3_dwh_dict.py took 0.047 seconds
[2026-02-25T16:09:48.411+0000] {processor.py:161} INFO - Started process (PID=993) to work on /opt/airflow/dags/oltp_s3_dwh_dict.py
[2026-02-25T16:09:48.415+0000] {processor.py:830} INFO - Processing file /opt/airflow/dags/oltp_s3_dwh_dict.py for tasks to queue
[2026-02-25T16:09:48.421+0000] {logging_mixin.py:188} INFO - [2026-02-25T16:09:48.420+0000] {dagbag.py:545} INFO - Filling up the DagBag from /opt/airflow/dags/oltp_s3_dwh_dict.py
[2026-02-25T16:09:48.465+0000] {processor.py:842} WARNING - No viable dags retrieved from /opt/airflow/dags/oltp_s3_dwh_dict.py
[2026-02-25T16:09:48.516+0000] {processor.py:183} INFO - Processing /opt/airflow/dags/oltp_s3_dwh_dict.py took 0.120 seconds
[2026-02-25T16:10:18.811+0000] {processor.py:161} INFO - Started process (PID=1018) to work on /opt/airflow/dags/oltp_s3_dwh_dict.py
[2026-02-25T16:10:18.813+0000] {processor.py:830} INFO - Processing file /opt/airflow/dags/oltp_s3_dwh_dict.py for tasks to queue
[2026-02-25T16:10:18.816+0000] {logging_mixin.py:188} INFO - [2026-02-25T16:10:18.816+0000] {dagbag.py:545} INFO - Filling up the DagBag from /opt/airflow/dags/oltp_s3_dwh_dict.py
[2026-02-25T16:10:18.839+0000] {processor.py:842} WARNING - No viable dags retrieved from /opt/airflow/dags/oltp_s3_dwh_dict.py
[2026-02-25T16:10:18.858+0000] {processor.py:183} INFO - Processing /opt/airflow/dags/oltp_s3_dwh_dict.py took 0.056 seconds
[2026-02-25T16:10:49.382+0000] {processor.py:161} INFO - Started process (PID=1050) to work on /opt/airflow/dags/oltp_s3_dwh_dict.py
[2026-02-25T16:10:49.384+0000] {processor.py:830} INFO - Processing file /opt/airflow/dags/oltp_s3_dwh_dict.py for tasks to queue
[2026-02-25T16:10:49.387+0000] {logging_mixin.py:188} INFO - [2026-02-25T16:10:49.386+0000] {dagbag.py:545} INFO - Filling up the DagBag from /opt/airflow/dags/oltp_s3_dwh_dict.py
[2026-02-25T16:10:49.410+0000] {processor.py:842} WARNING - No viable dags retrieved from /opt/airflow/dags/oltp_s3_dwh_dict.py
[2026-02-25T16:10:49.432+0000] {processor.py:183} INFO - Processing /opt/airflow/dags/oltp_s3_dwh_dict.py took 0.057 seconds
[2026-02-25T16:11:19.590+0000] {processor.py:161} INFO - Started process (PID=1075) to work on /opt/airflow/dags/oltp_s3_dwh_dict.py
[2026-02-25T16:11:19.593+0000] {processor.py:830} INFO - Processing file /opt/airflow/dags/oltp_s3_dwh_dict.py for tasks to queue
[2026-02-25T16:11:19.597+0000] {logging_mixin.py:188} INFO - [2026-02-25T16:11:19.596+0000] {dagbag.py:545} INFO - Filling up the DagBag from /opt/airflow/dags/oltp_s3_dwh_dict.py
[2026-02-25T16:11:19.613+0000] {processor.py:842} WARNING - No viable dags retrieved from /opt/airflow/dags/oltp_s3_dwh_dict.py
[2026-02-25T16:11:19.630+0000] {processor.py:183} INFO - Processing /opt/airflow/dags/oltp_s3_dwh_dict.py took 0.049 seconds
[2026-02-25T16:11:49.936+0000] {processor.py:161} INFO - Started process (PID=1107) to work on /opt/airflow/dags/oltp_s3_dwh_dict.py
[2026-02-25T16:11:49.938+0000] {processor.py:830} INFO - Processing file /opt/airflow/dags/oltp_s3_dwh_dict.py for tasks to queue
[2026-02-25T16:11:49.940+0000] {logging_mixin.py:188} INFO - [2026-02-25T16:11:49.940+0000] {dagbag.py:545} INFO - Filling up the DagBag from /opt/airflow/dags/oltp_s3_dwh_dict.py
[2026-02-25T16:11:49.958+0000] {processor.py:842} WARNING - No viable dags retrieved from /opt/airflow/dags/oltp_s3_dwh_dict.py
[2026-02-25T16:11:49.975+0000] {processor.py:183} INFO - Processing /opt/airflow/dags/oltp_s3_dwh_dict.py took 0.045 seconds
[2026-02-25T16:12:20.281+0000] {processor.py:161} INFO - Started process (PID=1133) to work on /opt/airflow/dags/oltp_s3_dwh_dict.py
[2026-02-25T16:12:20.282+0000] {processor.py:830} INFO - Processing file /opt/airflow/dags/oltp_s3_dwh_dict.py for tasks to queue
[2026-02-25T16:12:20.285+0000] {logging_mixin.py:188} INFO - [2026-02-25T16:12:20.284+0000] {dagbag.py:545} INFO - Filling up the DagBag from /opt/airflow/dags/oltp_s3_dwh_dict.py
[2026-02-25T16:12:20.299+0000] {processor.py:842} WARNING - No viable dags retrieved from /opt/airflow/dags/oltp_s3_dwh_dict.py
[2026-02-25T16:12:20.314+0000] {processor.py:183} INFO - Processing /opt/airflow/dags/oltp_s3_dwh_dict.py took 0.042 seconds
[2026-02-25T16:12:50.712+0000] {processor.py:161} INFO - Started process (PID=1164) to work on /opt/airflow/dags/oltp_s3_dwh_dict.py
[2026-02-25T16:12:50.713+0000] {processor.py:830} INFO - Processing file /opt/airflow/dags/oltp_s3_dwh_dict.py for tasks to queue
[2026-02-25T16:12:50.716+0000] {logging_mixin.py:188} INFO - [2026-02-25T16:12:50.715+0000] {dagbag.py:545} INFO - Filling up the DagBag from /opt/airflow/dags/oltp_s3_dwh_dict.py
[2026-02-25T16:12:50.743+0000] {processor.py:842} WARNING - No viable dags retrieved from /opt/airflow/dags/oltp_s3_dwh_dict.py
[2026-02-25T16:12:50.762+0000] {processor.py:183} INFO - Processing /opt/airflow/dags/oltp_s3_dwh_dict.py took 0.058 seconds
[2026-02-25T16:13:21.549+0000] {processor.py:161} INFO - Started process (PID=1189) to work on /opt/airflow/dags/oltp_s3_dwh_dict.py
[2026-02-25T16:13:21.551+0000] {processor.py:830} INFO - Processing file /opt/airflow/dags/oltp_s3_dwh_dict.py for tasks to queue
[2026-02-25T16:13:21.554+0000] {logging_mixin.py:188} INFO - [2026-02-25T16:13:21.553+0000] {dagbag.py:545} INFO - Filling up the DagBag from /opt/airflow/dags/oltp_s3_dwh_dict.py
[2026-02-25T16:13:21.588+0000] {processor.py:842} WARNING - No viable dags retrieved from /opt/airflow/dags/oltp_s3_dwh_dict.py
[2026-02-25T16:13:21.609+0000] {processor.py:183} INFO - Processing /opt/airflow/dags/oltp_s3_dwh_dict.py took 0.067 seconds
[2026-02-25T16:13:52.092+0000] {processor.py:161} INFO - Started process (PID=1222) to work on /opt/airflow/dags/oltp_s3_dwh_dict.py
[2026-02-25T16:13:52.094+0000] {processor.py:830} INFO - Processing file /opt/airflow/dags/oltp_s3_dwh_dict.py for tasks to queue
[2026-02-25T16:13:52.098+0000] {logging_mixin.py:188} INFO - [2026-02-25T16:13:52.097+0000] {dagbag.py:545} INFO - Filling up the DagBag from /opt/airflow/dags/oltp_s3_dwh_dict.py
[2026-02-25T16:13:52.125+0000] {processor.py:842} WARNING - No viable dags retrieved from /opt/airflow/dags/oltp_s3_dwh_dict.py
[2026-02-25T16:13:52.145+0000] {processor.py:183} INFO - Processing /opt/airflow/dags/oltp_s3_dwh_dict.py took 0.060 seconds
[2026-02-25T16:14:22.586+0000] {processor.py:161} INFO - Started process (PID=1247) to work on /opt/airflow/dags/oltp_s3_dwh_dict.py
[2026-02-25T16:14:22.588+0000] {processor.py:830} INFO - Processing file /opt/airflow/dags/oltp_s3_dwh_dict.py for tasks to queue
[2026-02-25T16:14:22.591+0000] {logging_mixin.py:188} INFO - [2026-02-25T16:14:22.591+0000] {dagbag.py:545} INFO - Filling up the DagBag from /opt/airflow/dags/oltp_s3_dwh_dict.py
[2026-02-25T16:14:22.634+0000] {processor.py:842} WARNING - No viable dags retrieved from /opt/airflow/dags/oltp_s3_dwh_dict.py
[2026-02-25T16:14:22.695+0000] {processor.py:183} INFO - Processing /opt/airflow/dags/oltp_s3_dwh_dict.py took 0.120 seconds
[2026-02-25T16:14:52.935+0000] {processor.py:161} INFO - Started process (PID=1280) to work on /opt/airflow/dags/oltp_s3_dwh_dict.py
[2026-02-25T16:14:52.938+0000] {processor.py:830} INFO - Processing file /opt/airflow/dags/oltp_s3_dwh_dict.py for tasks to queue
[2026-02-25T16:14:52.941+0000] {logging_mixin.py:188} INFO - [2026-02-25T16:14:52.940+0000] {dagbag.py:545} INFO - Filling up the DagBag from /opt/airflow/dags/oltp_s3_dwh_dict.py
[2026-02-25T16:14:52.966+0000] {processor.py:842} WARNING - No viable dags retrieved from /opt/airflow/dags/oltp_s3_dwh_dict.py
[2026-02-25T16:14:52.990+0000] {processor.py:183} INFO - Processing /opt/airflow/dags/oltp_s3_dwh_dict.py took 0.063 seconds
[2026-02-25T16:15:23.467+0000] {processor.py:161} INFO - Started process (PID=1305) to work on /opt/airflow/dags/oltp_s3_dwh_dict.py
[2026-02-25T16:15:23.468+0000] {processor.py:830} INFO - Processing file /opt/airflow/dags/oltp_s3_dwh_dict.py for tasks to queue
[2026-02-25T16:15:23.471+0000] {logging_mixin.py:188} INFO - [2026-02-25T16:15:23.471+0000] {dagbag.py:545} INFO - Filling up the DagBag from /opt/airflow/dags/oltp_s3_dwh_dict.py
[2026-02-25T16:15:23.497+0000] {processor.py:842} WARNING - No viable dags retrieved from /opt/airflow/dags/oltp_s3_dwh_dict.py
[2026-02-25T16:15:23.513+0000] {processor.py:183} INFO - Processing /opt/airflow/dags/oltp_s3_dwh_dict.py took 0.054 seconds
[2026-02-25T16:15:54.122+0000] {processor.py:161} INFO - Started process (PID=1331) to work on /opt/airflow/dags/oltp_s3_dwh_dict.py
[2026-02-25T16:15:54.125+0000] {processor.py:830} INFO - Processing file /opt/airflow/dags/oltp_s3_dwh_dict.py for tasks to queue
[2026-02-25T16:15:54.129+0000] {logging_mixin.py:188} INFO - [2026-02-25T16:15:54.129+0000] {dagbag.py:545} INFO - Filling up the DagBag from /opt/airflow/dags/oltp_s3_dwh_dict.py
[2026-02-25T16:15:54.153+0000] {processor.py:842} WARNING - No viable dags retrieved from /opt/airflow/dags/oltp_s3_dwh_dict.py
[2026-02-25T16:15:54.174+0000] {processor.py:183} INFO - Processing /opt/airflow/dags/oltp_s3_dwh_dict.py took 0.062 seconds
[2026-02-25T16:16:24.531+0000] {processor.py:161} INFO - Started process (PID=1356) to work on /opt/airflow/dags/oltp_s3_dwh_dict.py
[2026-02-25T16:16:24.533+0000] {processor.py:830} INFO - Processing file /opt/airflow/dags/oltp_s3_dwh_dict.py for tasks to queue
[2026-02-25T16:16:24.536+0000] {logging_mixin.py:188} INFO - [2026-02-25T16:16:24.536+0000] {dagbag.py:545} INFO - Filling up the DagBag from /opt/airflow/dags/oltp_s3_dwh_dict.py
[2026-02-25T16:16:24.559+0000] {processor.py:842} WARNING - No viable dags retrieved from /opt/airflow/dags/oltp_s3_dwh_dict.py
[2026-02-25T16:16:24.578+0000] {processor.py:183} INFO - Processing /opt/airflow/dags/oltp_s3_dwh_dict.py took 0.053 seconds
[2026-02-25T16:16:55.235+0000] {processor.py:161} INFO - Started process (PID=1388) to work on /opt/airflow/dags/oltp_s3_dwh_dict.py
[2026-02-25T16:16:55.237+0000] {processor.py:830} INFO - Processing file /opt/airflow/dags/oltp_s3_dwh_dict.py for tasks to queue
[2026-02-25T16:16:55.240+0000] {logging_mixin.py:188} INFO - [2026-02-25T16:16:55.239+0000] {dagbag.py:545} INFO - Filling up the DagBag from /opt/airflow/dags/oltp_s3_dwh_dict.py
[2026-02-25T16:16:55.261+0000] {processor.py:842} WARNING - No viable dags retrieved from /opt/airflow/dags/oltp_s3_dwh_dict.py
[2026-02-25T16:16:55.279+0000] {processor.py:183} INFO - Processing /opt/airflow/dags/oltp_s3_dwh_dict.py took 0.051 seconds
[2026-02-25T16:17:25.697+0000] {processor.py:161} INFO - Started process (PID=1412) to work on /opt/airflow/dags/oltp_s3_dwh_dict.py
[2026-02-25T16:17:25.698+0000] {processor.py:830} INFO - Processing file /opt/airflow/dags/oltp_s3_dwh_dict.py for tasks to queue
[2026-02-25T16:17:25.702+0000] {logging_mixin.py:188} INFO - [2026-02-25T16:17:25.702+0000] {dagbag.py:545} INFO - Filling up the DagBag from /opt/airflow/dags/oltp_s3_dwh_dict.py
[2026-02-25T16:17:25.736+0000] {processor.py:842} WARNING - No viable dags retrieved from /opt/airflow/dags/oltp_s3_dwh_dict.py
[2026-02-25T16:17:25.757+0000] {processor.py:183} INFO - Processing /opt/airflow/dags/oltp_s3_dwh_dict.py took 0.070 seconds
[2026-02-25T16:17:56.333+0000] {processor.py:161} INFO - Started process (PID=1444) to work on /opt/airflow/dags/oltp_s3_dwh_dict.py
[2026-02-25T16:17:56.339+0000] {processor.py:830} INFO - Processing file /opt/airflow/dags/oltp_s3_dwh_dict.py for tasks to queue
[2026-02-25T16:17:56.348+0000] {logging_mixin.py:188} INFO - [2026-02-25T16:17:56.347+0000] {dagbag.py:545} INFO - Filling up the DagBag from /opt/airflow/dags/oltp_s3_dwh_dict.py
[2026-02-25T16:17:56.490+0000] {processor.py:842} WARNING - No viable dags retrieved from /opt/airflow/dags/oltp_s3_dwh_dict.py
[2026-02-25T16:17:56.522+0000] {processor.py:183} INFO - Processing /opt/airflow/dags/oltp_s3_dwh_dict.py took 0.201 seconds
[2026-02-25T16:18:26.846+0000] {processor.py:161} INFO - Started process (PID=1471) to work on /opt/airflow/dags/oltp_s3_dwh_dict.py
[2026-02-25T16:18:26.847+0000] {processor.py:830} INFO - Processing file /opt/airflow/dags/oltp_s3_dwh_dict.py for tasks to queue
[2026-02-25T16:18:26.851+0000] {logging_mixin.py:188} INFO - [2026-02-25T16:18:26.850+0000] {dagbag.py:545} INFO - Filling up the DagBag from /opt/airflow/dags/oltp_s3_dwh_dict.py
[2026-02-25T16:18:26.879+0000] {processor.py:842} WARNING - No viable dags retrieved from /opt/airflow/dags/oltp_s3_dwh_dict.py
[2026-02-25T16:18:26.900+0000] {processor.py:183} INFO - Processing /opt/airflow/dags/oltp_s3_dwh_dict.py took 0.063 seconds
[2026-02-25T16:18:57.199+0000] {processor.py:161} INFO - Started process (PID=1503) to work on /opt/airflow/dags/oltp_s3_dwh_dict.py
[2026-02-25T16:18:57.201+0000] {processor.py:830} INFO - Processing file /opt/airflow/dags/oltp_s3_dwh_dict.py for tasks to queue
[2026-02-25T16:18:57.203+0000] {logging_mixin.py:188} INFO - [2026-02-25T16:18:57.203+0000] {dagbag.py:545} INFO - Filling up the DagBag from /opt/airflow/dags/oltp_s3_dwh_dict.py
[2026-02-25T16:18:57.222+0000] {processor.py:842} WARNING - No viable dags retrieved from /opt/airflow/dags/oltp_s3_dwh_dict.py
[2026-02-25T16:18:57.249+0000] {processor.py:183} INFO - Processing /opt/airflow/dags/oltp_s3_dwh_dict.py took 0.057 seconds
[2026-02-25T16:19:27.727+0000] {processor.py:161} INFO - Started process (PID=1528) to work on /opt/airflow/dags/oltp_s3_dwh_dict.py
[2026-02-25T16:19:27.729+0000] {processor.py:830} INFO - Processing file /opt/airflow/dags/oltp_s3_dwh_dict.py for tasks to queue
[2026-02-25T16:19:27.733+0000] {logging_mixin.py:188} INFO - [2026-02-25T16:19:27.732+0000] {dagbag.py:545} INFO - Filling up the DagBag from /opt/airflow/dags/oltp_s3_dwh_dict.py
[2026-02-25T16:19:27.770+0000] {processor.py:842} WARNING - No viable dags retrieved from /opt/airflow/dags/oltp_s3_dwh_dict.py
[2026-02-25T16:19:27.795+0000] {processor.py:183} INFO - Processing /opt/airflow/dags/oltp_s3_dwh_dict.py took 0.078 seconds
[2026-02-25T16:19:58.115+0000] {processor.py:161} INFO - Started process (PID=1553) to work on /opt/airflow/dags/oltp_s3_dwh_dict.py
[2026-02-25T16:19:58.117+0000] {processor.py:830} INFO - Processing file /opt/airflow/dags/oltp_s3_dwh_dict.py for tasks to queue
[2026-02-25T16:19:58.121+0000] {logging_mixin.py:188} INFO - [2026-02-25T16:19:58.121+0000] {dagbag.py:545} INFO - Filling up the DagBag from /opt/airflow/dags/oltp_s3_dwh_dict.py
[2026-02-25T16:19:58.144+0000] {processor.py:842} WARNING - No viable dags retrieved from /opt/airflow/dags/oltp_s3_dwh_dict.py
[2026-02-25T16:19:58.165+0000] {processor.py:183} INFO - Processing /opt/airflow/dags/oltp_s3_dwh_dict.py took 0.058 seconds
[2026-02-25T16:20:28.644+0000] {processor.py:161} INFO - Started process (PID=1586) to work on /opt/airflow/dags/oltp_s3_dwh_dict.py
[2026-02-25T16:20:28.647+0000] {processor.py:830} INFO - Processing file /opt/airflow/dags/oltp_s3_dwh_dict.py for tasks to queue
[2026-02-25T16:20:28.654+0000] {logging_mixin.py:188} INFO - [2026-02-25T16:20:28.653+0000] {dagbag.py:545} INFO - Filling up the DagBag from /opt/airflow/dags/oltp_s3_dwh_dict.py
[2026-02-25T16:20:28.694+0000] {processor.py:842} WARNING - No viable dags retrieved from /opt/airflow/dags/oltp_s3_dwh_dict.py
[2026-02-25T16:20:28.712+0000] {processor.py:183} INFO - Processing /opt/airflow/dags/oltp_s3_dwh_dict.py took 0.082 seconds
[2026-02-25T16:20:59.039+0000] {processor.py:161} INFO - Started process (PID=1612) to work on /opt/airflow/dags/oltp_s3_dwh_dict.py
[2026-02-25T16:20:59.045+0000] {processor.py:830} INFO - Processing file /opt/airflow/dags/oltp_s3_dwh_dict.py for tasks to queue
[2026-02-25T16:20:59.052+0000] {logging_mixin.py:188} INFO - [2026-02-25T16:20:59.051+0000] {dagbag.py:545} INFO - Filling up the DagBag from /opt/airflow/dags/oltp_s3_dwh_dict.py
[2026-02-25T16:20:59.085+0000] {processor.py:842} WARNING - No viable dags retrieved from /opt/airflow/dags/oltp_s3_dwh_dict.py
[2026-02-25T16:20:59.103+0000] {processor.py:183} INFO - Processing /opt/airflow/dags/oltp_s3_dwh_dict.py took 0.081 seconds
[2026-02-25T16:21:29.596+0000] {processor.py:161} INFO - Started process (PID=1644) to work on /opt/airflow/dags/oltp_s3_dwh_dict.py
[2026-02-25T16:21:29.598+0000] {processor.py:830} INFO - Processing file /opt/airflow/dags/oltp_s3_dwh_dict.py for tasks to queue
[2026-02-25T16:21:29.601+0000] {logging_mixin.py:188} INFO - [2026-02-25T16:21:29.600+0000] {dagbag.py:545} INFO - Filling up the DagBag from /opt/airflow/dags/oltp_s3_dwh_dict.py
[2026-02-25T16:21:29.619+0000] {processor.py:842} WARNING - No viable dags retrieved from /opt/airflow/dags/oltp_s3_dwh_dict.py
[2026-02-25T16:21:29.644+0000] {processor.py:183} INFO - Processing /opt/airflow/dags/oltp_s3_dwh_dict.py took 0.074 seconds
[2026-02-25T16:22:00.144+0000] {processor.py:161} INFO - Started process (PID=1669) to work on /opt/airflow/dags/oltp_s3_dwh_dict.py
[2026-02-25T16:22:00.146+0000] {processor.py:830} INFO - Processing file /opt/airflow/dags/oltp_s3_dwh_dict.py for tasks to queue
[2026-02-25T16:22:00.148+0000] {logging_mixin.py:188} INFO - [2026-02-25T16:22:00.148+0000] {dagbag.py:545} INFO - Filling up the DagBag from /opt/airflow/dags/oltp_s3_dwh_dict.py
[2026-02-25T16:22:00.171+0000] {processor.py:842} WARNING - No viable dags retrieved from /opt/airflow/dags/oltp_s3_dwh_dict.py
[2026-02-25T16:22:00.198+0000] {processor.py:183} INFO - Processing /opt/airflow/dags/oltp_s3_dwh_dict.py took 0.076 seconds
[2026-02-25T16:22:30.418+0000] {processor.py:161} INFO - Started process (PID=1701) to work on /opt/airflow/dags/oltp_s3_dwh_dict.py
[2026-02-25T16:22:30.419+0000] {processor.py:830} INFO - Processing file /opt/airflow/dags/oltp_s3_dwh_dict.py for tasks to queue
[2026-02-25T16:22:30.422+0000] {logging_mixin.py:188} INFO - [2026-02-25T16:22:30.421+0000] {dagbag.py:545} INFO - Filling up the DagBag from /opt/airflow/dags/oltp_s3_dwh_dict.py
[2026-02-25T16:22:30.458+0000] {processor.py:842} WARNING - No viable dags retrieved from /opt/airflow/dags/oltp_s3_dwh_dict.py
[2026-02-25T16:22:30.475+0000] {processor.py:183} INFO - Processing /opt/airflow/dags/oltp_s3_dwh_dict.py took 0.064 seconds
[2026-02-25T16:23:00.750+0000] {processor.py:161} INFO - Started process (PID=1724) to work on /opt/airflow/dags/oltp_s3_dwh_dict.py
[2026-02-25T16:23:00.752+0000] {processor.py:830} INFO - Processing file /opt/airflow/dags/oltp_s3_dwh_dict.py for tasks to queue
[2026-02-25T16:23:00.756+0000] {logging_mixin.py:188} INFO - [2026-02-25T16:23:00.755+0000] {dagbag.py:545} INFO - Filling up the DagBag from /opt/airflow/dags/oltp_s3_dwh_dict.py
[2026-02-25T16:23:00.773+0000] {processor.py:842} WARNING - No viable dags retrieved from /opt/airflow/dags/oltp_s3_dwh_dict.py
[2026-02-25T16:23:00.793+0000] {processor.py:183} INFO - Processing /opt/airflow/dags/oltp_s3_dwh_dict.py took 0.050 seconds
[2026-02-25T16:23:31.048+0000] {processor.py:161} INFO - Started process (PID=1755) to work on /opt/airflow/dags/oltp_s3_dwh_dict.py
[2026-02-25T16:23:31.050+0000] {processor.py:830} INFO - Processing file /opt/airflow/dags/oltp_s3_dwh_dict.py for tasks to queue
[2026-02-25T16:23:31.052+0000] {logging_mixin.py:188} INFO - [2026-02-25T16:23:31.052+0000] {dagbag.py:545} INFO - Filling up the DagBag from /opt/airflow/dags/oltp_s3_dwh_dict.py
[2026-02-25T16:23:31.072+0000] {processor.py:842} WARNING - No viable dags retrieved from /opt/airflow/dags/oltp_s3_dwh_dict.py
[2026-02-25T16:23:31.090+0000] {processor.py:183} INFO - Processing /opt/airflow/dags/oltp_s3_dwh_dict.py took 0.048 seconds
[2026-02-25T16:24:01.452+0000] {processor.py:161} INFO - Started process (PID=1779) to work on /opt/airflow/dags/oltp_s3_dwh_dict.py
[2026-02-25T16:24:01.454+0000] {processor.py:830} INFO - Processing file /opt/airflow/dags/oltp_s3_dwh_dict.py for tasks to queue
[2026-02-25T16:24:01.456+0000] {logging_mixin.py:188} INFO - [2026-02-25T16:24:01.456+0000] {dagbag.py:545} INFO - Filling up the DagBag from /opt/airflow/dags/oltp_s3_dwh_dict.py
[2026-02-25T16:24:01.476+0000] {processor.py:842} WARNING - No viable dags retrieved from /opt/airflow/dags/oltp_s3_dwh_dict.py
[2026-02-25T16:24:01.501+0000] {processor.py:183} INFO - Processing /opt/airflow/dags/oltp_s3_dwh_dict.py took 0.056 seconds
[2026-02-25T16:24:31.697+0000] {processor.py:161} INFO - Started process (PID=1810) to work on /opt/airflow/dags/oltp_s3_dwh_dict.py
[2026-02-25T16:24:31.699+0000] {processor.py:830} INFO - Processing file /opt/airflow/dags/oltp_s3_dwh_dict.py for tasks to queue
[2026-02-25T16:24:31.701+0000] {logging_mixin.py:188} INFO - [2026-02-25T16:24:31.701+0000] {dagbag.py:545} INFO - Filling up the DagBag from /opt/airflow/dags/oltp_s3_dwh_dict.py
[2026-02-25T16:24:31.730+0000] {processor.py:842} WARNING - No viable dags retrieved from /opt/airflow/dags/oltp_s3_dwh_dict.py
[2026-02-25T16:24:31.752+0000] {processor.py:183} INFO - Processing /opt/airflow/dags/oltp_s3_dwh_dict.py took 0.062 seconds
[2026-02-25T16:25:02.013+0000] {processor.py:161} INFO - Started process (PID=1835) to work on /opt/airflow/dags/oltp_s3_dwh_dict.py
[2026-02-25T16:25:02.015+0000] {processor.py:830} INFO - Processing file /opt/airflow/dags/oltp_s3_dwh_dict.py for tasks to queue
[2026-02-25T16:25:02.018+0000] {logging_mixin.py:188} INFO - [2026-02-25T16:25:02.018+0000] {dagbag.py:545} INFO - Filling up the DagBag from /opt/airflow/dags/oltp_s3_dwh_dict.py
[2026-02-25T16:25:02.040+0000] {processor.py:842} WARNING - No viable dags retrieved from /opt/airflow/dags/oltp_s3_dwh_dict.py
[2026-02-25T16:25:02.063+0000] {processor.py:183} INFO - Processing /opt/airflow/dags/oltp_s3_dwh_dict.py took 0.058 seconds
[2026-02-25T16:25:32.588+0000] {processor.py:161} INFO - Started process (PID=1867) to work on /opt/airflow/dags/oltp_s3_dwh_dict.py
[2026-02-25T16:25:32.590+0000] {processor.py:830} INFO - Processing file /opt/airflow/dags/oltp_s3_dwh_dict.py for tasks to queue
[2026-02-25T16:25:32.592+0000] {logging_mixin.py:188} INFO - [2026-02-25T16:25:32.592+0000] {dagbag.py:545} INFO - Filling up the DagBag from /opt/airflow/dags/oltp_s3_dwh_dict.py
[2026-02-25T16:25:32.610+0000] {processor.py:842} WARNING - No viable dags retrieved from /opt/airflow/dags/oltp_s3_dwh_dict.py
[2026-02-25T16:25:32.629+0000] {processor.py:183} INFO - Processing /opt/airflow/dags/oltp_s3_dwh_dict.py took 0.052 seconds
[2026-02-25T16:26:03.126+0000] {processor.py:161} INFO - Started process (PID=1892) to work on /opt/airflow/dags/oltp_s3_dwh_dict.py
[2026-02-25T16:26:03.128+0000] {processor.py:830} INFO - Processing file /opt/airflow/dags/oltp_s3_dwh_dict.py for tasks to queue
[2026-02-25T16:26:03.131+0000] {logging_mixin.py:188} INFO - [2026-02-25T16:26:03.130+0000] {dagbag.py:545} INFO - Filling up the DagBag from /opt/airflow/dags/oltp_s3_dwh_dict.py
[2026-02-25T16:26:03.151+0000] {processor.py:842} WARNING - No viable dags retrieved from /opt/airflow/dags/oltp_s3_dwh_dict.py
[2026-02-25T16:26:03.169+0000] {processor.py:183} INFO - Processing /opt/airflow/dags/oltp_s3_dwh_dict.py took 0.050 seconds
[2026-02-25T16:26:33.491+0000] {processor.py:161} INFO - Started process (PID=1924) to work on /opt/airflow/dags/oltp_s3_dwh_dict.py
[2026-02-25T16:26:33.493+0000] {processor.py:830} INFO - Processing file /opt/airflow/dags/oltp_s3_dwh_dict.py for tasks to queue
[2026-02-25T16:26:33.495+0000] {logging_mixin.py:188} INFO - [2026-02-25T16:26:33.495+0000] {dagbag.py:545} INFO - Filling up the DagBag from /opt/airflow/dags/oltp_s3_dwh_dict.py
[2026-02-25T16:26:33.507+0000] {processor.py:842} WARNING - No viable dags retrieved from /opt/airflow/dags/oltp_s3_dwh_dict.py
[2026-02-25T16:26:33.524+0000] {processor.py:183} INFO - Processing /opt/airflow/dags/oltp_s3_dwh_dict.py took 0.040 seconds
[2026-02-25T16:27:03.782+0000] {processor.py:161} INFO - Started process (PID=1956) to work on /opt/airflow/dags/oltp_s3_dwh_dict.py
[2026-02-25T16:27:03.784+0000] {processor.py:830} INFO - Processing file /opt/airflow/dags/oltp_s3_dwh_dict.py for tasks to queue
[2026-02-25T16:27:03.786+0000] {logging_mixin.py:188} INFO - [2026-02-25T16:27:03.786+0000] {dagbag.py:545} INFO - Filling up the DagBag from /opt/airflow/dags/oltp_s3_dwh_dict.py
[2026-02-25T16:27:03.806+0000] {processor.py:842} WARNING - No viable dags retrieved from /opt/airflow/dags/oltp_s3_dwh_dict.py
[2026-02-25T16:27:03.826+0000] {processor.py:183} INFO - Processing /opt/airflow/dags/oltp_s3_dwh_dict.py took 0.051 seconds
[2026-02-25T16:27:34.113+0000] {processor.py:161} INFO - Started process (PID=1982) to work on /opt/airflow/dags/oltp_s3_dwh_dict.py
[2026-02-25T16:27:34.116+0000] {processor.py:830} INFO - Processing file /opt/airflow/dags/oltp_s3_dwh_dict.py for tasks to queue
[2026-02-25T16:27:34.119+0000] {logging_mixin.py:188} INFO - [2026-02-25T16:27:34.118+0000] {dagbag.py:545} INFO - Filling up the DagBag from /opt/airflow/dags/oltp_s3_dwh_dict.py
[2026-02-25T16:27:34.138+0000] {processor.py:842} WARNING - No viable dags retrieved from /opt/airflow/dags/oltp_s3_dwh_dict.py
[2026-02-25T16:27:34.160+0000] {processor.py:183} INFO - Processing /opt/airflow/dags/oltp_s3_dwh_dict.py took 0.055 seconds
[2026-02-25T16:28:04.468+0000] {processor.py:161} INFO - Started process (PID=2007) to work on /opt/airflow/dags/oltp_s3_dwh_dict.py
[2026-02-25T16:28:04.471+0000] {processor.py:830} INFO - Processing file /opt/airflow/dags/oltp_s3_dwh_dict.py for tasks to queue
[2026-02-25T16:28:04.474+0000] {logging_mixin.py:188} INFO - [2026-02-25T16:28:04.473+0000] {dagbag.py:545} INFO - Filling up the DagBag from /opt/airflow/dags/oltp_s3_dwh_dict.py
[2026-02-25T16:28:04.488+0000] {processor.py:842} WARNING - No viable dags retrieved from /opt/airflow/dags/oltp_s3_dwh_dict.py
[2026-02-25T16:28:04.504+0000] {processor.py:183} INFO - Processing /opt/airflow/dags/oltp_s3_dwh_dict.py took 0.043 seconds
[2026-02-25T16:28:13.948+0000] {processor.py:161} INFO - Started process (PID=2020) to work on /opt/airflow/dags/oltp_s3_dwh_dict.py
[2026-02-25T16:28:13.956+0000] {processor.py:830} INFO - Processing file /opt/airflow/dags/oltp_s3_dwh_dict.py for tasks to queue
[2026-02-25T16:28:13.962+0000] {logging_mixin.py:188} INFO - [2026-02-25T16:28:13.958+0000] {dagbag.py:545} INFO - Filling up the DagBag from /opt/airflow/dags/oltp_s3_dwh_dict.py
[2026-02-25T16:28:14.028+0000] {processor.py:842} WARNING - No viable dags retrieved from /opt/airflow/dags/oltp_s3_dwh_dict.py
[2026-02-25T16:28:14.073+0000] {processor.py:183} INFO - Processing /opt/airflow/dags/oltp_s3_dwh_dict.py took 0.136 seconds
[2026-02-25T16:28:14.215+0000] {processor.py:161} INFO - Started process (PID=2025) to work on /opt/airflow/dags/oltp_s3_dwh_dict.py
[2026-02-25T16:28:14.217+0000] {processor.py:830} INFO - Processing file /opt/airflow/dags/oltp_s3_dwh_dict.py for tasks to queue
[2026-02-25T16:28:14.223+0000] {logging_mixin.py:188} INFO - [2026-02-25T16:28:14.222+0000] {dagbag.py:545} INFO - Filling up the DagBag from /opt/airflow/dags/oltp_s3_dwh_dict.py
[2026-02-25T16:28:14.251+0000] {processor.py:842} WARNING - No viable dags retrieved from /opt/airflow/dags/oltp_s3_dwh_dict.py
[2026-02-25T16:28:14.276+0000] {processor.py:183} INFO - Processing /opt/airflow/dags/oltp_s3_dwh_dict.py took 0.073 seconds
[2026-02-25T16:28:14.340+0000] {processor.py:161} INFO - Started process (PID=2030) to work on /opt/airflow/dags/oltp_s3_dwh_dict.py
[2026-02-25T16:28:14.342+0000] {processor.py:830} INFO - Processing file /opt/airflow/dags/oltp_s3_dwh_dict.py for tasks to queue
[2026-02-25T16:28:14.346+0000] {logging_mixin.py:188} INFO - [2026-02-25T16:28:14.345+0000] {dagbag.py:545} INFO - Filling up the DagBag from /opt/airflow/dags/oltp_s3_dwh_dict.py
[2026-02-25T16:28:14.365+0000] {processor.py:842} WARNING - No viable dags retrieved from /opt/airflow/dags/oltp_s3_dwh_dict.py
[2026-02-25T16:28:14.389+0000] {processor.py:183} INFO - Processing /opt/airflow/dags/oltp_s3_dwh_dict.py took 0.057 seconds
[2026-02-25T16:28:14.446+0000] {processor.py:161} INFO - Started process (PID=2035) to work on /opt/airflow/dags/oltp_s3_dwh_dict.py
[2026-02-25T16:28:14.448+0000] {processor.py:830} INFO - Processing file /opt/airflow/dags/oltp_s3_dwh_dict.py for tasks to queue
[2026-02-25T16:28:14.451+0000] {logging_mixin.py:188} INFO - [2026-02-25T16:28:14.451+0000] {dagbag.py:545} INFO - Filling up the DagBag from /opt/airflow/dags/oltp_s3_dwh_dict.py
[2026-02-25T16:28:14.469+0000] {processor.py:842} WARNING - No viable dags retrieved from /opt/airflow/dags/oltp_s3_dwh_dict.py
[2026-02-25T16:28:14.490+0000] {processor.py:183} INFO - Processing /opt/airflow/dags/oltp_s3_dwh_dict.py took 0.051 seconds
[2026-02-25T16:28:14.551+0000] {processor.py:161} INFO - Started process (PID=2040) to work on /opt/airflow/dags/oltp_s3_dwh_dict.py
[2026-02-25T16:28:14.553+0000] {processor.py:830} INFO - Processing file /opt/airflow/dags/oltp_s3_dwh_dict.py for tasks to queue
[2026-02-25T16:28:14.558+0000] {logging_mixin.py:188} INFO - [2026-02-25T16:28:14.557+0000] {dagbag.py:545} INFO - Filling up the DagBag from /opt/airflow/dags/oltp_s3_dwh_dict.py
[2026-02-25T16:28:14.576+0000] {processor.py:842} WARNING - No viable dags retrieved from /opt/airflow/dags/oltp_s3_dwh_dict.py
[2026-02-25T16:28:14.595+0000] {processor.py:183} INFO - Processing /opt/airflow/dags/oltp_s3_dwh_dict.py took 0.052 seconds
[2026-02-25T16:28:14.660+0000] {processor.py:161} INFO - Started process (PID=2045) to work on /opt/airflow/dags/oltp_s3_dwh_dict.py
[2026-02-25T16:28:14.662+0000] {processor.py:830} INFO - Processing file /opt/airflow/dags/oltp_s3_dwh_dict.py for tasks to queue
[2026-02-25T16:28:14.666+0000] {logging_mixin.py:188} INFO - [2026-02-25T16:28:14.666+0000] {dagbag.py:545} INFO - Filling up the DagBag from /opt/airflow/dags/oltp_s3_dwh_dict.py
[2026-02-25T16:28:14.689+0000] {processor.py:842} WARNING - No viable dags retrieved from /opt/airflow/dags/oltp_s3_dwh_dict.py
[2026-02-25T16:28:14.712+0000] {processor.py:183} INFO - Processing /opt/airflow/dags/oltp_s3_dwh_dict.py took 0.060 seconds
[2026-02-25T16:28:14.776+0000] {processor.py:161} INFO - Started process (PID=2050) to work on /opt/airflow/dags/oltp_s3_dwh_dict.py
[2026-02-25T16:28:14.778+0000] {processor.py:830} INFO - Processing file /opt/airflow/dags/oltp_s3_dwh_dict.py for tasks to queue
[2026-02-25T16:28:14.781+0000] {logging_mixin.py:188} INFO - [2026-02-25T16:28:14.781+0000] {dagbag.py:545} INFO - Filling up the DagBag from /opt/airflow/dags/oltp_s3_dwh_dict.py
[2026-02-25T16:28:14.801+0000] {processor.py:842} WARNING - No viable dags retrieved from /opt/airflow/dags/oltp_s3_dwh_dict.py
[2026-02-25T16:28:14.821+0000] {processor.py:183} INFO - Processing /opt/airflow/dags/oltp_s3_dwh_dict.py took 0.054 seconds
[2026-02-25T16:28:14.877+0000] {processor.py:161} INFO - Started process (PID=2055) to work on /opt/airflow/dags/oltp_s3_dwh_dict.py
[2026-02-25T16:28:14.878+0000] {processor.py:830} INFO - Processing file /opt/airflow/dags/oltp_s3_dwh_dict.py for tasks to queue
[2026-02-25T16:28:14.881+0000] {logging_mixin.py:188} INFO - [2026-02-25T16:28:14.880+0000] {dagbag.py:545} INFO - Filling up the DagBag from /opt/airflow/dags/oltp_s3_dwh_dict.py
[2026-02-25T16:28:14.898+0000] {processor.py:842} WARNING - No viable dags retrieved from /opt/airflow/dags/oltp_s3_dwh_dict.py
[2026-02-25T16:28:14.915+0000] {processor.py:183} INFO - Processing /opt/airflow/dags/oltp_s3_dwh_dict.py took 0.046 seconds
[2026-02-25T16:28:41.854+0000] {processor.py:161} INFO - Started process (PID=2080) to work on /opt/airflow/dags/oltp_s3_dwh_dict.py
[2026-02-25T16:28:41.856+0000] {processor.py:830} INFO - Processing file /opt/airflow/dags/oltp_s3_dwh_dict.py for tasks to queue
[2026-02-25T16:28:41.858+0000] {logging_mixin.py:188} INFO - [2026-02-25T16:28:41.858+0000] {dagbag.py:545} INFO - Filling up the DagBag from /opt/airflow/dags/oltp_s3_dwh_dict.py
[2026-02-25T16:28:41.893+0000] {processor.py:842} WARNING - No viable dags retrieved from /opt/airflow/dags/oltp_s3_dwh_dict.py
[2026-02-25T16:28:41.911+0000] {processor.py:183} INFO - Processing /opt/airflow/dags/oltp_s3_dwh_dict.py took 0.064 seconds
[2026-02-25T16:29:12.425+0000] {processor.py:161} INFO - Started process (PID=2112) to work on /opt/airflow/dags/oltp_s3_dwh_dict.py
[2026-02-25T16:29:12.426+0000] {processor.py:830} INFO - Processing file /opt/airflow/dags/oltp_s3_dwh_dict.py for tasks to queue
[2026-02-25T16:29:12.429+0000] {logging_mixin.py:188} INFO - [2026-02-25T16:29:12.429+0000] {dagbag.py:545} INFO - Filling up the DagBag from /opt/airflow/dags/oltp_s3_dwh_dict.py
[2026-02-25T16:29:12.452+0000] {processor.py:842} WARNING - No viable dags retrieved from /opt/airflow/dags/oltp_s3_dwh_dict.py
[2026-02-25T16:29:12.470+0000] {processor.py:183} INFO - Processing /opt/airflow/dags/oltp_s3_dwh_dict.py took 0.053 seconds
[2026-02-25T16:29:42.879+0000] {processor.py:161} INFO - Started process (PID=2145) to work on /opt/airflow/dags/oltp_s3_dwh_dict.py
[2026-02-25T16:29:42.881+0000] {processor.py:830} INFO - Processing file /opt/airflow/dags/oltp_s3_dwh_dict.py for tasks to queue
[2026-02-25T16:29:42.884+0000] {logging_mixin.py:188} INFO - [2026-02-25T16:29:42.883+0000] {dagbag.py:545} INFO - Filling up the DagBag from /opt/airflow/dags/oltp_s3_dwh_dict.py
[2026-02-25T16:29:42.902+0000] {processor.py:842} WARNING - No viable dags retrieved from /opt/airflow/dags/oltp_s3_dwh_dict.py
[2026-02-25T16:29:42.920+0000] {processor.py:183} INFO - Processing /opt/airflow/dags/oltp_s3_dwh_dict.py took 0.048 seconds
[2026-02-25T16:30:13.639+0000] {processor.py:161} INFO - Started process (PID=2170) to work on /opt/airflow/dags/oltp_s3_dwh_dict.py
[2026-02-25T16:30:13.641+0000] {processor.py:830} INFO - Processing file /opt/airflow/dags/oltp_s3_dwh_dict.py for tasks to queue
[2026-02-25T16:30:13.644+0000] {logging_mixin.py:188} INFO - [2026-02-25T16:30:13.643+0000] {dagbag.py:545} INFO - Filling up the DagBag from /opt/airflow/dags/oltp_s3_dwh_dict.py
[2026-02-25T16:30:13.674+0000] {processor.py:842} WARNING - No viable dags retrieved from /opt/airflow/dags/oltp_s3_dwh_dict.py
[2026-02-25T16:30:13.694+0000] {processor.py:183} INFO - Processing /opt/airflow/dags/oltp_s3_dwh_dict.py took 0.065 seconds
[2026-02-25T16:30:44.073+0000] {processor.py:161} INFO - Started process (PID=2201) to work on /opt/airflow/dags/oltp_s3_dwh_dict.py
[2026-02-25T16:30:44.074+0000] {processor.py:830} INFO - Processing file /opt/airflow/dags/oltp_s3_dwh_dict.py for tasks to queue
[2026-02-25T16:30:44.077+0000] {logging_mixin.py:188} INFO - [2026-02-25T16:30:44.076+0000] {dagbag.py:545} INFO - Filling up the DagBag from /opt/airflow/dags/oltp_s3_dwh_dict.py
[2026-02-25T16:30:44.088+0000] {processor.py:842} WARNING - No viable dags retrieved from /opt/airflow/dags/oltp_s3_dwh_dict.py
[2026-02-25T16:30:44.107+0000] {processor.py:183} INFO - Processing /opt/airflow/dags/oltp_s3_dwh_dict.py took 0.041 seconds
[2026-02-25T16:31:14.456+0000] {processor.py:161} INFO - Started process (PID=2226) to work on /opt/airflow/dags/oltp_s3_dwh_dict.py
[2026-02-25T16:31:14.457+0000] {processor.py:830} INFO - Processing file /opt/airflow/dags/oltp_s3_dwh_dict.py for tasks to queue
[2026-02-25T16:31:14.459+0000] {logging_mixin.py:188} INFO - [2026-02-25T16:31:14.459+0000] {dagbag.py:545} INFO - Filling up the DagBag from /opt/airflow/dags/oltp_s3_dwh_dict.py
[2026-02-25T16:31:14.469+0000] {processor.py:842} WARNING - No viable dags retrieved from /opt/airflow/dags/oltp_s3_dwh_dict.py
[2026-02-25T16:31:14.486+0000] {processor.py:183} INFO - Processing /opt/airflow/dags/oltp_s3_dwh_dict.py took 0.036 seconds
[2026-02-25T16:31:44.857+0000] {processor.py:161} INFO - Started process (PID=2258) to work on /opt/airflow/dags/oltp_s3_dwh_dict.py
[2026-02-25T16:31:44.859+0000] {processor.py:830} INFO - Processing file /opt/airflow/dags/oltp_s3_dwh_dict.py for tasks to queue
[2026-02-25T16:31:44.863+0000] {logging_mixin.py:188} INFO - [2026-02-25T16:31:44.863+0000] {dagbag.py:545} INFO - Filling up the DagBag from /opt/airflow/dags/oltp_s3_dwh_dict.py
[2026-02-25T16:31:44.891+0000] {processor.py:842} WARNING - No viable dags retrieved from /opt/airflow/dags/oltp_s3_dwh_dict.py
[2026-02-25T16:31:44.922+0000] {processor.py:183} INFO - Processing /opt/airflow/dags/oltp_s3_dwh_dict.py took 0.079 seconds
[2026-02-25T16:31:45.920+0000] {processor.py:161} INFO - Started process (PID=2263) to work on /opt/airflow/dags/oltp_s3_dwh_dict.py
[2026-02-25T16:31:45.922+0000] {processor.py:830} INFO - Processing file /opt/airflow/dags/oltp_s3_dwh_dict.py for tasks to queue
[2026-02-25T16:31:45.925+0000] {logging_mixin.py:188} INFO - [2026-02-25T16:31:45.924+0000] {dagbag.py:545} INFO - Filling up the DagBag from /opt/airflow/dags/oltp_s3_dwh_dict.py
[2026-02-25T16:31:45.982+0000] {processor.py:842} WARNING - No viable dags retrieved from /opt/airflow/dags/oltp_s3_dwh_dict.py
[2026-02-25T16:31:46.025+0000] {processor.py:183} INFO - Processing /opt/airflow/dags/oltp_s3_dwh_dict.py took 0.119 seconds
[2026-02-25T16:32:16.429+0000] {processor.py:161} INFO - Started process (PID=2288) to work on /opt/airflow/dags/oltp_s3_dwh_dict.py
[2026-02-25T16:32:16.431+0000] {processor.py:830} INFO - Processing file /opt/airflow/dags/oltp_s3_dwh_dict.py for tasks to queue
[2026-02-25T16:32:16.436+0000] {logging_mixin.py:188} INFO - [2026-02-25T16:32:16.435+0000] {dagbag.py:545} INFO - Filling up the DagBag from /opt/airflow/dags/oltp_s3_dwh_dict.py
[2026-02-25T16:32:16.468+0000] {processor.py:842} WARNING - No viable dags retrieved from /opt/airflow/dags/oltp_s3_dwh_dict.py
[2026-02-25T16:32:16.510+0000] {processor.py:183} INFO - Processing /opt/airflow/dags/oltp_s3_dwh_dict.py took 0.093 seconds
[2026-02-25T16:32:46.755+0000] {processor.py:161} INFO - Started process (PID=2320) to work on /opt/airflow/dags/oltp_s3_dwh_dict.py
[2026-02-25T16:32:46.756+0000] {processor.py:830} INFO - Processing file /opt/airflow/dags/oltp_s3_dwh_dict.py for tasks to queue
[2026-02-25T16:32:46.761+0000] {logging_mixin.py:188} INFO - [2026-02-25T16:32:46.760+0000] {dagbag.py:545} INFO - Filling up the DagBag from /opt/airflow/dags/oltp_s3_dwh_dict.py
[2026-02-25T16:32:46.795+0000] {processor.py:842} WARNING - No viable dags retrieved from /opt/airflow/dags/oltp_s3_dwh_dict.py
[2026-02-25T16:32:46.819+0000] {processor.py:183} INFO - Processing /opt/airflow/dags/oltp_s3_dwh_dict.py took 0.072 seconds
[2026-02-25T16:33:17.371+0000] {processor.py:161} INFO - Started process (PID=2346) to work on /opt/airflow/dags/oltp_s3_dwh_dict.py
[2026-02-25T16:33:17.372+0000] {processor.py:830} INFO - Processing file /opt/airflow/dags/oltp_s3_dwh_dict.py for tasks to queue
[2026-02-25T16:33:17.377+0000] {logging_mixin.py:188} INFO - [2026-02-25T16:33:17.376+0000] {dagbag.py:545} INFO - Filling up the DagBag from /opt/airflow/dags/oltp_s3_dwh_dict.py
[2026-02-25T16:33:17.405+0000] {processor.py:842} WARNING - No viable dags retrieved from /opt/airflow/dags/oltp_s3_dwh_dict.py
[2026-02-25T16:33:17.432+0000] {processor.py:183} INFO - Processing /opt/airflow/dags/oltp_s3_dwh_dict.py took 0.071 seconds
[2026-02-25T16:33:47.581+0000] {processor.py:161} INFO - Started process (PID=2380) to work on /opt/airflow/dags/oltp_s3_dwh_dict.py
[2026-02-25T16:33:47.583+0000] {processor.py:830} INFO - Processing file /opt/airflow/dags/oltp_s3_dwh_dict.py for tasks to queue
[2026-02-25T16:33:47.586+0000] {logging_mixin.py:188} INFO - [2026-02-25T16:33:47.586+0000] {dagbag.py:545} INFO - Filling up the DagBag from /opt/airflow/dags/oltp_s3_dwh_dict.py
[2026-02-25T16:33:47.610+0000] {processor.py:842} WARNING - No viable dags retrieved from /opt/airflow/dags/oltp_s3_dwh_dict.py
[2026-02-25T16:33:47.629+0000] {processor.py:183} INFO - Processing /opt/airflow/dags/oltp_s3_dwh_dict.py took 0.055 seconds
[2026-02-25T16:33:57.789+0000] {processor.py:161} INFO - Started process (PID=2392) to work on /opt/airflow/dags/oltp_s3_dwh_dict.py
[2026-02-25T16:33:57.791+0000] {processor.py:830} INFO - Processing file /opt/airflow/dags/oltp_s3_dwh_dict.py for tasks to queue
[2026-02-25T16:33:57.794+0000] {logging_mixin.py:188} INFO - [2026-02-25T16:33:57.794+0000] {dagbag.py:545} INFO - Filling up the DagBag from /opt/airflow/dags/oltp_s3_dwh_dict.py
[2026-02-25T16:33:57.888+0000] {logging_mixin.py:188} INFO - [2026-02-25T16:33:57.884+0000] {dagbag.py:355} ERROR - Failed to import: /opt/airflow/dags/oltp_s3_dwh_dict.py
Traceback (most recent call last):
  File "/home/airflow/.local/lib/python3.12/site-packages/airflow/models/dagbag.py", line 351, in parse
    loader.exec_module(new_module)
  File "<frozen importlib._bootstrap_external>", line 991, in exec_module
  File "<frozen importlib._bootstrap_external>", line 1129, in get_code
  File "<frozen importlib._bootstrap_external>", line 1059, in source_to_code
  File "<frozen importlib._bootstrap>", line 488, in _call_with_frames_removed
  File "/opt/airflow/dags/oltp_s3_dwh_dict.py", line 22
    else:
         ^
IndentationError: expected an indented block after 'else' statement on line 22
[2026-02-25T16:33:57.890+0000] {processor.py:842} WARNING - No viable dags retrieved from /opt/airflow/dags/oltp_s3_dwh_dict.py
[2026-02-25T16:33:57.935+0000] {processor.py:183} INFO - Processing /opt/airflow/dags/oltp_s3_dwh_dict.py took 0.157 seconds
[2026-02-25T16:33:58.010+0000] {processor.py:161} INFO - Started process (PID=2397) to work on /opt/airflow/dags/oltp_s3_dwh_dict.py
[2026-02-25T16:33:58.012+0000] {processor.py:830} INFO - Processing file /opt/airflow/dags/oltp_s3_dwh_dict.py for tasks to queue
[2026-02-25T16:33:58.014+0000] {logging_mixin.py:188} INFO - [2026-02-25T16:33:58.014+0000] {dagbag.py:545} INFO - Filling up the DagBag from /opt/airflow/dags/oltp_s3_dwh_dict.py
[2026-02-25T16:33:58.039+0000] {logging_mixin.py:188} INFO - [2026-02-25T16:33:58.037+0000] {dagbag.py:355} ERROR - Failed to import: /opt/airflow/dags/oltp_s3_dwh_dict.py
Traceback (most recent call last):
  File "/home/airflow/.local/lib/python3.12/site-packages/airflow/models/dagbag.py", line 351, in parse
    loader.exec_module(new_module)
  File "<frozen importlib._bootstrap_external>", line 991, in exec_module
  File "<frozen importlib._bootstrap_external>", line 1129, in get_code
  File "<frozen importlib._bootstrap_external>", line 1059, in source_to_code
  File "<frozen importlib._bootstrap>", line 488, in _call_with_frames_removed
  File "/opt/airflow/dags/oltp_s3_dwh_dict.py", line 22
    else:
         ^
IndentationError: expected an indented block after 'else' statement on line 22
[2026-02-25T16:33:58.040+0000] {processor.py:842} WARNING - No viable dags retrieved from /opt/airflow/dags/oltp_s3_dwh_dict.py
[2026-02-25T16:33:58.072+0000] {processor.py:183} INFO - Processing /opt/airflow/dags/oltp_s3_dwh_dict.py took 0.069 seconds
[2026-02-25T16:34:28.528+0000] {processor.py:161} INFO - Started process (PID=2422) to work on /opt/airflow/dags/oltp_s3_dwh_dict.py
[2026-02-25T16:34:28.529+0000] {processor.py:830} INFO - Processing file /opt/airflow/dags/oltp_s3_dwh_dict.py for tasks to queue
[2026-02-25T16:34:28.533+0000] {logging_mixin.py:188} INFO - [2026-02-25T16:34:28.533+0000] {dagbag.py:545} INFO - Filling up the DagBag from /opt/airflow/dags/oltp_s3_dwh_dict.py
[2026-02-25T16:34:28.568+0000] {logging_mixin.py:188} INFO - [2026-02-25T16:34:28.566+0000] {dagbag.py:355} ERROR - Failed to import: /opt/airflow/dags/oltp_s3_dwh_dict.py
Traceback (most recent call last):
  File "/home/airflow/.local/lib/python3.12/site-packages/airflow/models/dagbag.py", line 351, in parse
    loader.exec_module(new_module)
  File "<frozen importlib._bootstrap_external>", line 991, in exec_module
  File "<frozen importlib._bootstrap_external>", line 1129, in get_code
  File "<frozen importlib._bootstrap_external>", line 1059, in source_to_code
  File "<frozen importlib._bootstrap>", line 488, in _call_with_frames_removed
  File "/opt/airflow/dags/oltp_s3_dwh_dict.py", line 22
    else:
         ^
IndentationError: expected an indented block after 'else' statement on line 22
[2026-02-25T16:34:28.569+0000] {processor.py:842} WARNING - No viable dags retrieved from /opt/airflow/dags/oltp_s3_dwh_dict.py
[2026-02-25T16:34:28.596+0000] {processor.py:183} INFO - Processing /opt/airflow/dags/oltp_s3_dwh_dict.py took 0.076 seconds
[2026-02-25T16:34:58.939+0000] {processor.py:161} INFO - Started process (PID=2453) to work on /opt/airflow/dags/oltp_s3_dwh_dict.py
[2026-02-25T16:34:58.941+0000] {processor.py:830} INFO - Processing file /opt/airflow/dags/oltp_s3_dwh_dict.py for tasks to queue
[2026-02-25T16:34:58.945+0000] {logging_mixin.py:188} INFO - [2026-02-25T16:34:58.945+0000] {dagbag.py:545} INFO - Filling up the DagBag from /opt/airflow/dags/oltp_s3_dwh_dict.py
[2026-02-25T16:34:58.986+0000] {logging_mixin.py:188} INFO - [2026-02-25T16:34:58.983+0000] {dagbag.py:355} ERROR - Failed to import: /opt/airflow/dags/oltp_s3_dwh_dict.py
Traceback (most recent call last):
  File "/home/airflow/.local/lib/python3.12/site-packages/airflow/models/dagbag.py", line 351, in parse
    loader.exec_module(new_module)
  File "<frozen importlib._bootstrap_external>", line 991, in exec_module
  File "<frozen importlib._bootstrap_external>", line 1129, in get_code
  File "<frozen importlib._bootstrap_external>", line 1059, in source_to_code
  File "<frozen importlib._bootstrap>", line 488, in _call_with_frames_removed
  File "/opt/airflow/dags/oltp_s3_dwh_dict.py", line 22
    else:
         ^
IndentationError: expected an indented block after 'else' statement on line 22
[2026-02-25T16:34:58.988+0000] {processor.py:842} WARNING - No viable dags retrieved from /opt/airflow/dags/oltp_s3_dwh_dict.py
[2026-02-25T16:34:59.042+0000] {processor.py:183} INFO - Processing /opt/airflow/dags/oltp_s3_dwh_dict.py took 0.118 seconds
[2026-02-25T16:35:29.396+0000] {processor.py:161} INFO - Started process (PID=2478) to work on /opt/airflow/dags/oltp_s3_dwh_dict.py
[2026-02-25T16:35:29.398+0000] {processor.py:830} INFO - Processing file /opt/airflow/dags/oltp_s3_dwh_dict.py for tasks to queue
[2026-02-25T16:35:29.401+0000] {logging_mixin.py:188} INFO - [2026-02-25T16:35:29.400+0000] {dagbag.py:545} INFO - Filling up the DagBag from /opt/airflow/dags/oltp_s3_dwh_dict.py
[2026-02-25T16:35:29.429+0000] {logging_mixin.py:188} INFO - [2026-02-25T16:35:29.427+0000] {dagbag.py:355} ERROR - Failed to import: /opt/airflow/dags/oltp_s3_dwh_dict.py
Traceback (most recent call last):
  File "/home/airflow/.local/lib/python3.12/site-packages/airflow/models/dagbag.py", line 351, in parse
    loader.exec_module(new_module)
  File "<frozen importlib._bootstrap_external>", line 991, in exec_module
  File "<frozen importlib._bootstrap_external>", line 1129, in get_code
  File "<frozen importlib._bootstrap_external>", line 1059, in source_to_code
  File "<frozen importlib._bootstrap>", line 488, in _call_with_frames_removed
  File "/opt/airflow/dags/oltp_s3_dwh_dict.py", line 22
    else:
         ^
IndentationError: expected an indented block after 'else' statement on line 22
[2026-02-25T16:35:29.430+0000] {processor.py:842} WARNING - No viable dags retrieved from /opt/airflow/dags/oltp_s3_dwh_dict.py
[2026-02-25T16:35:29.456+0000] {processor.py:183} INFO - Processing /opt/airflow/dags/oltp_s3_dwh_dict.py took 0.068 seconds
[2026-02-25T16:35:59.645+0000] {processor.py:161} INFO - Started process (PID=2510) to work on /opt/airflow/dags/oltp_s3_dwh_dict.py
[2026-02-25T16:35:59.646+0000] {processor.py:830} INFO - Processing file /opt/airflow/dags/oltp_s3_dwh_dict.py for tasks to queue
[2026-02-25T16:35:59.649+0000] {logging_mixin.py:188} INFO - [2026-02-25T16:35:59.649+0000] {dagbag.py:545} INFO - Filling up the DagBag from /opt/airflow/dags/oltp_s3_dwh_dict.py
[2026-02-25T16:35:59.682+0000] {logging_mixin.py:188} INFO - [2026-02-25T16:35:59.681+0000] {dagbag.py:355} ERROR - Failed to import: /opt/airflow/dags/oltp_s3_dwh_dict.py
Traceback (most recent call last):
  File "/home/airflow/.local/lib/python3.12/site-packages/airflow/models/dagbag.py", line 351, in parse
    loader.exec_module(new_module)
  File "<frozen importlib._bootstrap_external>", line 991, in exec_module
  File "<frozen importlib._bootstrap_external>", line 1129, in get_code
  File "<frozen importlib._bootstrap_external>", line 1059, in source_to_code
  File "<frozen importlib._bootstrap>", line 488, in _call_with_frames_removed
  File "/opt/airflow/dags/oltp_s3_dwh_dict.py", line 22
    else:
         ^
IndentationError: expected an indented block after 'else' statement on line 22
[2026-02-25T16:35:59.683+0000] {processor.py:842} WARNING - No viable dags retrieved from /opt/airflow/dags/oltp_s3_dwh_dict.py
[2026-02-25T16:35:59.716+0000] {processor.py:183} INFO - Processing /opt/airflow/dags/oltp_s3_dwh_dict.py took 0.078 seconds
[2026-02-25T16:36:13.183+0000] {processor.py:161} INFO - Started process (PID=2523) to work on /opt/airflow/dags/oltp_s3_dwh_dict.py
[2026-02-25T16:36:13.185+0000] {processor.py:830} INFO - Processing file /opt/airflow/dags/oltp_s3_dwh_dict.py for tasks to queue
[2026-02-25T16:36:13.189+0000] {logging_mixin.py:188} INFO - [2026-02-25T16:36:13.188+0000] {dagbag.py:545} INFO - Filling up the DagBag from /opt/airflow/dags/oltp_s3_dwh_dict.py
[2026-02-25T16:36:13.233+0000] {processor.py:842} WARNING - No viable dags retrieved from /opt/airflow/dags/oltp_s3_dwh_dict.py
[2026-02-25T16:36:13.261+0000] {processor.py:183} INFO - Processing /opt/airflow/dags/oltp_s3_dwh_dict.py took 0.089 seconds
[2026-02-25T16:36:13.336+0000] {processor.py:161} INFO - Started process (PID=2528) to work on /opt/airflow/dags/oltp_s3_dwh_dict.py
[2026-02-25T16:36:13.339+0000] {processor.py:830} INFO - Processing file /opt/airflow/dags/oltp_s3_dwh_dict.py for tasks to queue
[2026-02-25T16:36:13.342+0000] {logging_mixin.py:188} INFO - [2026-02-25T16:36:13.342+0000] {dagbag.py:545} INFO - Filling up the DagBag from /opt/airflow/dags/oltp_s3_dwh_dict.py
[2026-02-25T16:36:13.370+0000] {processor.py:842} WARNING - No viable dags retrieved from /opt/airflow/dags/oltp_s3_dwh_dict.py
[2026-02-25T16:36:13.396+0000] {processor.py:183} INFO - Processing /opt/airflow/dags/oltp_s3_dwh_dict.py took 0.069 seconds
[2026-02-25T16:36:13.461+0000] {processor.py:161} INFO - Started process (PID=2533) to work on /opt/airflow/dags/oltp_s3_dwh_dict.py
[2026-02-25T16:36:13.462+0000] {processor.py:830} INFO - Processing file /opt/airflow/dags/oltp_s3_dwh_dict.py for tasks to queue
[2026-02-25T16:36:13.465+0000] {logging_mixin.py:188} INFO - [2026-02-25T16:36:13.464+0000] {dagbag.py:545} INFO - Filling up the DagBag from /opt/airflow/dags/oltp_s3_dwh_dict.py
[2026-02-25T16:36:13.483+0000] {processor.py:842} WARNING - No viable dags retrieved from /opt/airflow/dags/oltp_s3_dwh_dict.py
[2026-02-25T16:36:13.502+0000] {processor.py:183} INFO - Processing /opt/airflow/dags/oltp_s3_dwh_dict.py took 0.049 seconds
[2026-02-25T16:36:13.581+0000] {processor.py:161} INFO - Started process (PID=2538) to work on /opt/airflow/dags/oltp_s3_dwh_dict.py
[2026-02-25T16:36:13.600+0000] {processor.py:830} INFO - Processing file /opt/airflow/dags/oltp_s3_dwh_dict.py for tasks to queue
[2026-02-25T16:36:13.603+0000] {logging_mixin.py:188} INFO - [2026-02-25T16:36:13.602+0000] {dagbag.py:545} INFO - Filling up the DagBag from /opt/airflow/dags/oltp_s3_dwh_dict.py
[2026-02-25T16:36:13.626+0000] {processor.py:842} WARNING - No viable dags retrieved from /opt/airflow/dags/oltp_s3_dwh_dict.py
[2026-02-25T16:36:13.646+0000] {processor.py:183} INFO - Processing /opt/airflow/dags/oltp_s3_dwh_dict.py took 0.074 seconds
[2026-02-25T16:36:43.972+0000] {processor.py:161} INFO - Started process (PID=2564) to work on /opt/airflow/dags/oltp_s3_dwh_dict.py
[2026-02-25T16:36:43.974+0000] {processor.py:830} INFO - Processing file /opt/airflow/dags/oltp_s3_dwh_dict.py for tasks to queue
[2026-02-25T16:36:43.976+0000] {logging_mixin.py:188} INFO - [2026-02-25T16:36:43.976+0000] {dagbag.py:545} INFO - Filling up the DagBag from /opt/airflow/dags/oltp_s3_dwh_dict.py
[2026-02-25T16:36:43.992+0000] {processor.py:842} WARNING - No viable dags retrieved from /opt/airflow/dags/oltp_s3_dwh_dict.py
[2026-02-25T16:36:44.008+0000] {processor.py:183} INFO - Processing /opt/airflow/dags/oltp_s3_dwh_dict.py took 0.043 seconds
[2026-02-25T16:37:14.334+0000] {processor.py:161} INFO - Started process (PID=2597) to work on /opt/airflow/dags/oltp_s3_dwh_dict.py
[2026-02-25T16:37:14.336+0000] {processor.py:830} INFO - Processing file /opt/airflow/dags/oltp_s3_dwh_dict.py for tasks to queue
[2026-02-25T16:37:14.338+0000] {logging_mixin.py:188} INFO - [2026-02-25T16:37:14.338+0000] {dagbag.py:545} INFO - Filling up the DagBag from /opt/airflow/dags/oltp_s3_dwh_dict.py
[2026-02-25T16:37:14.353+0000] {processor.py:842} WARNING - No viable dags retrieved from /opt/airflow/dags/oltp_s3_dwh_dict.py
[2026-02-25T16:37:14.371+0000] {processor.py:183} INFO - Processing /opt/airflow/dags/oltp_s3_dwh_dict.py took 0.044 seconds
[2026-02-25T16:37:44.704+0000] {processor.py:161} INFO - Started process (PID=2622) to work on /opt/airflow/dags/oltp_s3_dwh_dict.py
[2026-02-25T16:37:44.706+0000] {processor.py:830} INFO - Processing file /opt/airflow/dags/oltp_s3_dwh_dict.py for tasks to queue
[2026-02-25T16:37:44.708+0000] {logging_mixin.py:188} INFO - [2026-02-25T16:37:44.708+0000] {dagbag.py:545} INFO - Filling up the DagBag from /opt/airflow/dags/oltp_s3_dwh_dict.py
[2026-02-25T16:37:44.729+0000] {processor.py:842} WARNING - No viable dags retrieved from /opt/airflow/dags/oltp_s3_dwh_dict.py
[2026-02-25T16:37:44.761+0000] {processor.py:183} INFO - Processing /opt/airflow/dags/oltp_s3_dwh_dict.py took 0.064 seconds
[2026-02-25T16:38:15.070+0000] {processor.py:161} INFO - Started process (PID=2654) to work on /opt/airflow/dags/oltp_s3_dwh_dict.py
[2026-02-25T16:38:15.072+0000] {processor.py:830} INFO - Processing file /opt/airflow/dags/oltp_s3_dwh_dict.py for tasks to queue
[2026-02-25T16:38:15.074+0000] {logging_mixin.py:188} INFO - [2026-02-25T16:38:15.074+0000] {dagbag.py:545} INFO - Filling up the DagBag from /opt/airflow/dags/oltp_s3_dwh_dict.py
[2026-02-25T16:38:15.098+0000] {processor.py:842} WARNING - No viable dags retrieved from /opt/airflow/dags/oltp_s3_dwh_dict.py
[2026-02-25T16:38:15.118+0000] {processor.py:183} INFO - Processing /opt/airflow/dags/oltp_s3_dwh_dict.py took 0.055 seconds
[2026-02-25T16:38:45.695+0000] {processor.py:161} INFO - Started process (PID=2686) to work on /opt/airflow/dags/oltp_s3_dwh_dict.py
[2026-02-25T16:38:45.698+0000] {processor.py:830} INFO - Processing file /opt/airflow/dags/oltp_s3_dwh_dict.py for tasks to queue
[2026-02-25T16:38:45.702+0000] {logging_mixin.py:188} INFO - [2026-02-25T16:38:45.701+0000] {dagbag.py:545} INFO - Filling up the DagBag from /opt/airflow/dags/oltp_s3_dwh_dict.py
[2026-02-25T16:38:45.724+0000] {processor.py:842} WARNING - No viable dags retrieved from /opt/airflow/dags/oltp_s3_dwh_dict.py
[2026-02-25T16:38:45.749+0000] {processor.py:183} INFO - Processing /opt/airflow/dags/oltp_s3_dwh_dict.py took 0.065 seconds
[2026-02-25T16:39:16.025+0000] {processor.py:161} INFO - Started process (PID=2710) to work on /opt/airflow/dags/oltp_s3_dwh_dict.py
[2026-02-25T16:39:16.028+0000] {processor.py:830} INFO - Processing file /opt/airflow/dags/oltp_s3_dwh_dict.py for tasks to queue
[2026-02-25T16:39:16.033+0000] {logging_mixin.py:188} INFO - [2026-02-25T16:39:16.032+0000] {dagbag.py:545} INFO - Filling up the DagBag from /opt/airflow/dags/oltp_s3_dwh_dict.py
[2026-02-25T16:39:16.069+0000] {processor.py:842} WARNING - No viable dags retrieved from /opt/airflow/dags/oltp_s3_dwh_dict.py
[2026-02-25T16:39:16.096+0000] {processor.py:183} INFO - Processing /opt/airflow/dags/oltp_s3_dwh_dict.py took 0.081 seconds
[2026-02-25T16:39:46.431+0000] {processor.py:161} INFO - Started process (PID=2734) to work on /opt/airflow/dags/oltp_s3_dwh_dict.py
[2026-02-25T16:39:46.432+0000] {processor.py:830} INFO - Processing file /opt/airflow/dags/oltp_s3_dwh_dict.py for tasks to queue
[2026-02-25T16:39:46.436+0000] {logging_mixin.py:188} INFO - [2026-02-25T16:39:46.435+0000] {dagbag.py:545} INFO - Filling up the DagBag from /opt/airflow/dags/oltp_s3_dwh_dict.py
[2026-02-25T16:39:46.456+0000] {processor.py:842} WARNING - No viable dags retrieved from /opt/airflow/dags/oltp_s3_dwh_dict.py
[2026-02-25T16:39:46.476+0000] {processor.py:183} INFO - Processing /opt/airflow/dags/oltp_s3_dwh_dict.py took 0.053 seconds
[2026-02-25T16:40:16.773+0000] {processor.py:161} INFO - Started process (PID=2765) to work on /opt/airflow/dags/oltp_s3_dwh_dict.py
[2026-02-25T16:40:16.775+0000] {processor.py:830} INFO - Processing file /opt/airflow/dags/oltp_s3_dwh_dict.py for tasks to queue
[2026-02-25T16:40:16.778+0000] {logging_mixin.py:188} INFO - [2026-02-25T16:40:16.777+0000] {dagbag.py:545} INFO - Filling up the DagBag from /opt/airflow/dags/oltp_s3_dwh_dict.py
[2026-02-25T16:40:16.807+0000] {processor.py:842} WARNING - No viable dags retrieved from /opt/airflow/dags/oltp_s3_dwh_dict.py
[2026-02-25T16:40:16.824+0000] {processor.py:183} INFO - Processing /opt/airflow/dags/oltp_s3_dwh_dict.py took 0.060 seconds
[2026-02-25T16:40:47.245+0000] {processor.py:161} INFO - Started process (PID=2790) to work on /opt/airflow/dags/oltp_s3_dwh_dict.py
[2026-02-25T16:40:47.247+0000] {processor.py:830} INFO - Processing file /opt/airflow/dags/oltp_s3_dwh_dict.py for tasks to queue
[2026-02-25T16:40:47.250+0000] {logging_mixin.py:188} INFO - [2026-02-25T16:40:47.249+0000] {dagbag.py:545} INFO - Filling up the DagBag from /opt/airflow/dags/oltp_s3_dwh_dict.py
[2026-02-25T16:40:47.267+0000] {processor.py:842} WARNING - No viable dags retrieved from /opt/airflow/dags/oltp_s3_dwh_dict.py
[2026-02-25T16:40:47.289+0000] {processor.py:183} INFO - Processing /opt/airflow/dags/oltp_s3_dwh_dict.py took 0.053 seconds
[2026-02-25T16:41:17.684+0000] {processor.py:161} INFO - Started process (PID=2822) to work on /opt/airflow/dags/oltp_s3_dwh_dict.py
[2026-02-25T16:41:17.686+0000] {processor.py:830} INFO - Processing file /opt/airflow/dags/oltp_s3_dwh_dict.py for tasks to queue
[2026-02-25T16:41:17.689+0000] {logging_mixin.py:188} INFO - [2026-02-25T16:41:17.688+0000] {dagbag.py:545} INFO - Filling up the DagBag from /opt/airflow/dags/oltp_s3_dwh_dict.py
[2026-02-25T16:41:17.718+0000] {processor.py:842} WARNING - No viable dags retrieved from /opt/airflow/dags/oltp_s3_dwh_dict.py
[2026-02-25T16:41:17.741+0000] {processor.py:183} INFO - Processing /opt/airflow/dags/oltp_s3_dwh_dict.py took 0.064 seconds
[2026-02-25T16:41:48.029+0000] {processor.py:161} INFO - Started process (PID=2846) to work on /opt/airflow/dags/oltp_s3_dwh_dict.py
[2026-02-25T16:41:48.030+0000] {processor.py:830} INFO - Processing file /opt/airflow/dags/oltp_s3_dwh_dict.py for tasks to queue
[2026-02-25T16:41:48.032+0000] {logging_mixin.py:188} INFO - [2026-02-25T16:41:48.032+0000] {dagbag.py:545} INFO - Filling up the DagBag from /opt/airflow/dags/oltp_s3_dwh_dict.py
[2026-02-25T16:41:48.044+0000] {processor.py:842} WARNING - No viable dags retrieved from /opt/airflow/dags/oltp_s3_dwh_dict.py
[2026-02-25T16:41:48.064+0000] {processor.py:183} INFO - Processing /opt/airflow/dags/oltp_s3_dwh_dict.py took 0.042 seconds
[2026-02-25T16:42:18.335+0000] {processor.py:161} INFO - Started process (PID=2881) to work on /opt/airflow/dags/oltp_s3_dwh_dict.py
[2026-02-25T16:42:18.337+0000] {processor.py:830} INFO - Processing file /opt/airflow/dags/oltp_s3_dwh_dict.py for tasks to queue
[2026-02-25T16:42:18.339+0000] {logging_mixin.py:188} INFO - [2026-02-25T16:42:18.339+0000] {dagbag.py:545} INFO - Filling up the DagBag from /opt/airflow/dags/oltp_s3_dwh_dict.py
[2026-02-25T16:42:18.366+0000] {processor.py:842} WARNING - No viable dags retrieved from /opt/airflow/dags/oltp_s3_dwh_dict.py
[2026-02-25T16:42:18.388+0000] {processor.py:183} INFO - Processing /opt/airflow/dags/oltp_s3_dwh_dict.py took 0.059 seconds
[2026-02-25T16:42:48.510+0000] {processor.py:161} INFO - Started process (PID=2906) to work on /opt/airflow/dags/oltp_s3_dwh_dict.py
[2026-02-25T16:42:48.512+0000] {processor.py:830} INFO - Processing file /opt/airflow/dags/oltp_s3_dwh_dict.py for tasks to queue
[2026-02-25T16:42:48.515+0000] {logging_mixin.py:188} INFO - [2026-02-25T16:42:48.515+0000] {dagbag.py:545} INFO - Filling up the DagBag from /opt/airflow/dags/oltp_s3_dwh_dict.py
[2026-02-25T16:42:48.534+0000] {processor.py:842} WARNING - No viable dags retrieved from /opt/airflow/dags/oltp_s3_dwh_dict.py
[2026-02-25T16:42:48.554+0000] {processor.py:183} INFO - Processing /opt/airflow/dags/oltp_s3_dwh_dict.py took 0.053 seconds
[2026-02-25T16:43:19.091+0000] {processor.py:161} INFO - Started process (PID=2939) to work on /opt/airflow/dags/oltp_s3_dwh_dict.py
[2026-02-25T16:43:19.093+0000] {processor.py:830} INFO - Processing file /opt/airflow/dags/oltp_s3_dwh_dict.py for tasks to queue
[2026-02-25T16:43:19.095+0000] {logging_mixin.py:188} INFO - [2026-02-25T16:43:19.095+0000] {dagbag.py:545} INFO - Filling up the DagBag from /opt/airflow/dags/oltp_s3_dwh_dict.py
[2026-02-25T16:43:19.119+0000] {processor.py:842} WARNING - No viable dags retrieved from /opt/airflow/dags/oltp_s3_dwh_dict.py
[2026-02-25T16:43:19.140+0000] {processor.py:183} INFO - Processing /opt/airflow/dags/oltp_s3_dwh_dict.py took 0.056 seconds
[2026-02-25T16:43:49.431+0000] {processor.py:161} INFO - Started process (PID=2962) to work on /opt/airflow/dags/oltp_s3_dwh_dict.py
[2026-02-25T16:43:49.433+0000] {processor.py:830} INFO - Processing file /opt/airflow/dags/oltp_s3_dwh_dict.py for tasks to queue
[2026-02-25T16:43:49.435+0000] {logging_mixin.py:188} INFO - [2026-02-25T16:43:49.435+0000] {dagbag.py:545} INFO - Filling up the DagBag from /opt/airflow/dags/oltp_s3_dwh_dict.py
[2026-02-25T16:43:49.459+0000] {processor.py:842} WARNING - No viable dags retrieved from /opt/airflow/dags/oltp_s3_dwh_dict.py
[2026-02-25T16:43:49.477+0000] {processor.py:183} INFO - Processing /opt/airflow/dags/oltp_s3_dwh_dict.py took 0.053 seconds
[2026-02-25T16:44:19.683+0000] {processor.py:161} INFO - Started process (PID=2993) to work on /opt/airflow/dags/oltp_s3_dwh_dict.py
[2026-02-25T16:44:19.685+0000] {processor.py:830} INFO - Processing file /opt/airflow/dags/oltp_s3_dwh_dict.py for tasks to queue
[2026-02-25T16:44:19.688+0000] {logging_mixin.py:188} INFO - [2026-02-25T16:44:19.687+0000] {dagbag.py:545} INFO - Filling up the DagBag from /opt/airflow/dags/oltp_s3_dwh_dict.py
[2026-02-25T16:44:19.720+0000] {processor.py:842} WARNING - No viable dags retrieved from /opt/airflow/dags/oltp_s3_dwh_dict.py
[2026-02-25T16:44:19.737+0000] {processor.py:183} INFO - Processing /opt/airflow/dags/oltp_s3_dwh_dict.py took 0.061 seconds
[2026-02-25T16:44:50.032+0000] {processor.py:161} INFO - Started process (PID=3018) to work on /opt/airflow/dags/oltp_s3_dwh_dict.py
[2026-02-25T16:44:50.033+0000] {processor.py:830} INFO - Processing file /opt/airflow/dags/oltp_s3_dwh_dict.py for tasks to queue
[2026-02-25T16:44:50.036+0000] {logging_mixin.py:188} INFO - [2026-02-25T16:44:50.036+0000] {dagbag.py:545} INFO - Filling up the DagBag from /opt/airflow/dags/oltp_s3_dwh_dict.py
[2026-02-25T16:44:50.057+0000] {processor.py:842} WARNING - No viable dags retrieved from /opt/airflow/dags/oltp_s3_dwh_dict.py
[2026-02-25T16:44:50.079+0000] {processor.py:183} INFO - Processing /opt/airflow/dags/oltp_s3_dwh_dict.py took 0.055 seconds
[2026-02-25T16:45:20.362+0000] {processor.py:161} INFO - Started process (PID=3050) to work on /opt/airflow/dags/oltp_s3_dwh_dict.py
[2026-02-25T16:45:20.363+0000] {processor.py:830} INFO - Processing file /opt/airflow/dags/oltp_s3_dwh_dict.py for tasks to queue
[2026-02-25T16:45:20.366+0000] {logging_mixin.py:188} INFO - [2026-02-25T16:45:20.365+0000] {dagbag.py:545} INFO - Filling up the DagBag from /opt/airflow/dags/oltp_s3_dwh_dict.py
[2026-02-25T16:45:20.377+0000] {processor.py:842} WARNING - No viable dags retrieved from /opt/airflow/dags/oltp_s3_dwh_dict.py
[2026-02-25T16:45:20.393+0000] {processor.py:183} INFO - Processing /opt/airflow/dags/oltp_s3_dwh_dict.py took 0.038 seconds
[2026-02-25T16:45:50.793+0000] {processor.py:161} INFO - Started process (PID=3074) to work on /opt/airflow/dags/oltp_s3_dwh_dict.py
[2026-02-25T16:45:50.794+0000] {processor.py:830} INFO - Processing file /opt/airflow/dags/oltp_s3_dwh_dict.py for tasks to queue
[2026-02-25T16:45:50.797+0000] {logging_mixin.py:188} INFO - [2026-02-25T16:45:50.797+0000] {dagbag.py:545} INFO - Filling up the DagBag from /opt/airflow/dags/oltp_s3_dwh_dict.py
[2026-02-25T16:45:50.810+0000] {processor.py:842} WARNING - No viable dags retrieved from /opt/airflow/dags/oltp_s3_dwh_dict.py
[2026-02-25T16:45:50.827+0000] {processor.py:183} INFO - Processing /opt/airflow/dags/oltp_s3_dwh_dict.py took 0.042 seconds
[2026-02-25T16:46:21.136+0000] {processor.py:161} INFO - Started process (PID=3106) to work on /opt/airflow/dags/oltp_s3_dwh_dict.py
[2026-02-25T16:46:21.140+0000] {processor.py:830} INFO - Processing file /opt/airflow/dags/oltp_s3_dwh_dict.py for tasks to queue
[2026-02-25T16:46:21.145+0000] {logging_mixin.py:188} INFO - [2026-02-25T16:46:21.144+0000] {dagbag.py:545} INFO - Filling up the DagBag from /opt/airflow/dags/oltp_s3_dwh_dict.py
[2026-02-25T16:46:21.168+0000] {processor.py:842} WARNING - No viable dags retrieved from /opt/airflow/dags/oltp_s3_dwh_dict.py
[2026-02-25T16:46:21.186+0000] {processor.py:183} INFO - Processing /opt/airflow/dags/oltp_s3_dwh_dict.py took 0.058 seconds
[2026-02-25T16:46:51.538+0000] {processor.py:161} INFO - Started process (PID=3131) to work on /opt/airflow/dags/oltp_s3_dwh_dict.py
[2026-02-25T16:46:51.540+0000] {processor.py:830} INFO - Processing file /opt/airflow/dags/oltp_s3_dwh_dict.py for tasks to queue
[2026-02-25T16:46:51.543+0000] {logging_mixin.py:188} INFO - [2026-02-25T16:46:51.543+0000] {dagbag.py:545} INFO - Filling up the DagBag from /opt/airflow/dags/oltp_s3_dwh_dict.py
[2026-02-25T16:46:51.574+0000] {processor.py:842} WARNING - No viable dags retrieved from /opt/airflow/dags/oltp_s3_dwh_dict.py
[2026-02-25T16:46:51.601+0000] {processor.py:183} INFO - Processing /opt/airflow/dags/oltp_s3_dwh_dict.py took 0.070 seconds
[2026-02-25T16:47:21.709+0000] {processor.py:161} INFO - Started process (PID=3162) to work on /opt/airflow/dags/oltp_s3_dwh_dict.py
[2026-02-25T16:47:21.711+0000] {processor.py:830} INFO - Processing file /opt/airflow/dags/oltp_s3_dwh_dict.py for tasks to queue
[2026-02-25T16:47:21.713+0000] {logging_mixin.py:188} INFO - [2026-02-25T16:47:21.713+0000] {dagbag.py:545} INFO - Filling up the DagBag from /opt/airflow/dags/oltp_s3_dwh_dict.py
[2026-02-25T16:47:21.736+0000] {processor.py:842} WARNING - No viable dags retrieved from /opt/airflow/dags/oltp_s3_dwh_dict.py
[2026-02-25T16:47:21.771+0000] {processor.py:183} INFO - Processing /opt/airflow/dags/oltp_s3_dwh_dict.py took 0.070 seconds
[2026-02-25T16:47:52.040+0000] {processor.py:161} INFO - Started process (PID=3193) to work on /opt/airflow/dags/oltp_s3_dwh_dict.py
[2026-02-25T16:47:52.045+0000] {processor.py:830} INFO - Processing file /opt/airflow/dags/oltp_s3_dwh_dict.py for tasks to queue
[2026-02-25T16:47:52.047+0000] {logging_mixin.py:188} INFO - [2026-02-25T16:47:52.047+0000] {dagbag.py:545} INFO - Filling up the DagBag from /opt/airflow/dags/oltp_s3_dwh_dict.py
[2026-02-25T16:47:52.093+0000] {processor.py:842} WARNING - No viable dags retrieved from /opt/airflow/dags/oltp_s3_dwh_dict.py
[2026-02-25T16:47:52.111+0000] {processor.py:183} INFO - Processing /opt/airflow/dags/oltp_s3_dwh_dict.py took 0.077 seconds
[2026-02-25T16:48:22.250+0000] {processor.py:161} INFO - Started process (PID=3218) to work on /opt/airflow/dags/oltp_s3_dwh_dict.py
[2026-02-25T16:48:22.252+0000] {processor.py:830} INFO - Processing file /opt/airflow/dags/oltp_s3_dwh_dict.py for tasks to queue
[2026-02-25T16:48:22.255+0000] {logging_mixin.py:188} INFO - [2026-02-25T16:48:22.255+0000] {dagbag.py:545} INFO - Filling up the DagBag from /opt/airflow/dags/oltp_s3_dwh_dict.py
[2026-02-25T16:48:22.267+0000] {processor.py:842} WARNING - No viable dags retrieved from /opt/airflow/dags/oltp_s3_dwh_dict.py
[2026-02-25T16:48:22.286+0000] {processor.py:183} INFO - Processing /opt/airflow/dags/oltp_s3_dwh_dict.py took 0.043 seconds
[2026-02-25T16:48:52.545+0000] {processor.py:161} INFO - Started process (PID=3251) to work on /opt/airflow/dags/oltp_s3_dwh_dict.py
[2026-02-25T16:48:52.547+0000] {processor.py:830} INFO - Processing file /opt/airflow/dags/oltp_s3_dwh_dict.py for tasks to queue
[2026-02-25T16:48:52.552+0000] {logging_mixin.py:188} INFO - [2026-02-25T16:48:52.551+0000] {dagbag.py:545} INFO - Filling up the DagBag from /opt/airflow/dags/oltp_s3_dwh_dict.py
[2026-02-25T16:48:52.576+0000] {processor.py:842} WARNING - No viable dags retrieved from /opt/airflow/dags/oltp_s3_dwh_dict.py
[2026-02-25T16:48:52.597+0000] {processor.py:183} INFO - Processing /opt/airflow/dags/oltp_s3_dwh_dict.py took 0.061 seconds
[2026-02-25T16:49:22.888+0000] {processor.py:161} INFO - Started process (PID=3275) to work on /opt/airflow/dags/oltp_s3_dwh_dict.py
[2026-02-25T16:49:22.889+0000] {processor.py:830} INFO - Processing file /opt/airflow/dags/oltp_s3_dwh_dict.py for tasks to queue
[2026-02-25T16:49:22.891+0000] {logging_mixin.py:188} INFO - [2026-02-25T16:49:22.891+0000] {dagbag.py:545} INFO - Filling up the DagBag from /opt/airflow/dags/oltp_s3_dwh_dict.py
[2026-02-25T16:49:22.906+0000] {processor.py:842} WARNING - No viable dags retrieved from /opt/airflow/dags/oltp_s3_dwh_dict.py
[2026-02-25T16:49:22.923+0000] {processor.py:183} INFO - Processing /opt/airflow/dags/oltp_s3_dwh_dict.py took 0.043 seconds
[2026-02-25T16:49:53.138+0000] {processor.py:161} INFO - Started process (PID=3307) to work on /opt/airflow/dags/oltp_s3_dwh_dict.py
[2026-02-25T16:49:53.139+0000] {processor.py:830} INFO - Processing file /opt/airflow/dags/oltp_s3_dwh_dict.py for tasks to queue
[2026-02-25T16:49:53.141+0000] {logging_mixin.py:188} INFO - [2026-02-25T16:49:53.141+0000] {dagbag.py:545} INFO - Filling up the DagBag from /opt/airflow/dags/oltp_s3_dwh_dict.py
[2026-02-25T16:49:53.157+0000] {processor.py:842} WARNING - No viable dags retrieved from /opt/airflow/dags/oltp_s3_dwh_dict.py
[2026-02-25T16:49:53.177+0000] {processor.py:183} INFO - Processing /opt/airflow/dags/oltp_s3_dwh_dict.py took 0.046 seconds
[2026-02-25T16:50:23.457+0000] {processor.py:161} INFO - Started process (PID=3333) to work on /opt/airflow/dags/oltp_s3_dwh_dict.py
[2026-02-25T16:50:23.459+0000] {processor.py:830} INFO - Processing file /opt/airflow/dags/oltp_s3_dwh_dict.py for tasks to queue
[2026-02-25T16:50:23.461+0000] {logging_mixin.py:188} INFO - [2026-02-25T16:50:23.461+0000] {dagbag.py:545} INFO - Filling up the DagBag from /opt/airflow/dags/oltp_s3_dwh_dict.py
[2026-02-25T16:50:23.476+0000] {processor.py:842} WARNING - No viable dags retrieved from /opt/airflow/dags/oltp_s3_dwh_dict.py
[2026-02-25T16:50:23.493+0000] {processor.py:183} INFO - Processing /opt/airflow/dags/oltp_s3_dwh_dict.py took 0.042 seconds
[2026-02-25T16:50:53.753+0000] {processor.py:161} INFO - Started process (PID=3365) to work on /opt/airflow/dags/oltp_s3_dwh_dict.py
[2026-02-25T16:50:53.754+0000] {processor.py:830} INFO - Processing file /opt/airflow/dags/oltp_s3_dwh_dict.py for tasks to queue
[2026-02-25T16:50:53.757+0000] {logging_mixin.py:188} INFO - [2026-02-25T16:50:53.756+0000] {dagbag.py:545} INFO - Filling up the DagBag from /opt/airflow/dags/oltp_s3_dwh_dict.py
[2026-02-25T16:50:53.769+0000] {processor.py:842} WARNING - No viable dags retrieved from /opt/airflow/dags/oltp_s3_dwh_dict.py
[2026-02-25T16:50:53.786+0000] {processor.py:183} INFO - Processing /opt/airflow/dags/oltp_s3_dwh_dict.py took 0.042 seconds
[2026-02-25T16:51:02.170+0000] {processor.py:161} INFO - Started process (PID=3377) to work on /opt/airflow/dags/oltp_s3_dwh_dict.py
[2026-02-25T16:51:02.172+0000] {processor.py:830} INFO - Processing file /opt/airflow/dags/oltp_s3_dwh_dict.py for tasks to queue
[2026-02-25T16:51:02.176+0000] {logging_mixin.py:188} INFO - [2026-02-25T16:51:02.175+0000] {dagbag.py:545} INFO - Filling up the DagBag from /opt/airflow/dags/oltp_s3_dwh_dict.py
[2026-02-25T16:51:02.203+0000] {logging_mixin.py:188} INFO - [2026-02-25T16:51:02.201+0000] {dagbag.py:355} ERROR - Failed to import: /opt/airflow/dags/oltp_s3_dwh_dict.py
Traceback (most recent call last):
  File "/home/airflow/.local/lib/python3.12/site-packages/airflow/models/dagbag.py", line 351, in parse
    loader.exec_module(new_module)
  File "<frozen importlib._bootstrap_external>", line 991, in exec_module
  File "<frozen importlib._bootstrap_external>", line 1129, in get_code
  File "<frozen importlib._bootstrap_external>", line 1059, in source_to_code
  File "<frozen importlib._bootstrap>", line 488, in _call_with_frames_removed
  File "/opt/airflow/dags/oltp_s3_dwh_dict.py", line 55
    ) as dag:
             ^
IndentationError: expected an indented block after 'with' statement on line 52
[2026-02-25T16:51:02.204+0000] {processor.py:842} WARNING - No viable dags retrieved from /opt/airflow/dags/oltp_s3_dwh_dict.py
[2026-02-25T16:51:02.259+0000] {processor.py:183} INFO - Processing /opt/airflow/dags/oltp_s3_dwh_dict.py took 0.098 seconds
[2026-02-25T16:51:02.448+0000] {processor.py:161} INFO - Started process (PID=3382) to work on /opt/airflow/dags/oltp_s3_dwh_dict.py
[2026-02-25T16:51:02.451+0000] {processor.py:830} INFO - Processing file /opt/airflow/dags/oltp_s3_dwh_dict.py for tasks to queue
[2026-02-25T16:51:02.455+0000] {logging_mixin.py:188} INFO - [2026-02-25T16:51:02.454+0000] {dagbag.py:545} INFO - Filling up the DagBag from /opt/airflow/dags/oltp_s3_dwh_dict.py
[2026-02-25T16:51:02.482+0000] {logging_mixin.py:188} INFO - [2026-02-25T16:51:02.480+0000] {dagbag.py:355} ERROR - Failed to import: /opt/airflow/dags/oltp_s3_dwh_dict.py
Traceback (most recent call last):
  File "/home/airflow/.local/lib/python3.12/site-packages/airflow/models/dagbag.py", line 351, in parse
    loader.exec_module(new_module)
  File "<frozen importlib._bootstrap_external>", line 991, in exec_module
  File "<frozen importlib._bootstrap_external>", line 1129, in get_code
  File "<frozen importlib._bootstrap_external>", line 1059, in source_to_code
  File "<frozen importlib._bootstrap>", line 488, in _call_with_frames_removed
  File "/opt/airflow/dags/oltp_s3_dwh_dict.py", line 55
    ) as dag:
             ^
IndentationError: expected an indented block after 'with' statement on line 52
[2026-02-25T16:51:02.483+0000] {processor.py:842} WARNING - No viable dags retrieved from /opt/airflow/dags/oltp_s3_dwh_dict.py
[2026-02-25T16:51:02.517+0000] {processor.py:183} INFO - Processing /opt/airflow/dags/oltp_s3_dwh_dict.py took 0.081 seconds
[2026-02-25T16:51:02.580+0000] {processor.py:161} INFO - Started process (PID=3387) to work on /opt/airflow/dags/oltp_s3_dwh_dict.py
[2026-02-25T16:51:02.581+0000] {processor.py:830} INFO - Processing file /opt/airflow/dags/oltp_s3_dwh_dict.py for tasks to queue
[2026-02-25T16:51:02.584+0000] {logging_mixin.py:188} INFO - [2026-02-25T16:51:02.583+0000] {dagbag.py:545} INFO - Filling up the DagBag from /opt/airflow/dags/oltp_s3_dwh_dict.py
[2026-02-25T16:51:02.609+0000] {logging_mixin.py:188} INFO - [2026-02-25T16:51:02.607+0000] {dagbag.py:355} ERROR - Failed to import: /opt/airflow/dags/oltp_s3_dwh_dict.py
Traceback (most recent call last):
  File "/home/airflow/.local/lib/python3.12/site-packages/airflow/models/dagbag.py", line 351, in parse
    loader.exec_module(new_module)
  File "<frozen importlib._bootstrap_external>", line 991, in exec_module
  File "<frozen importlib._bootstrap_external>", line 1129, in get_code
  File "<frozen importlib._bootstrap_external>", line 1059, in source_to_code
  File "<frozen importlib._bootstrap>", line 488, in _call_with_frames_removed
  File "/opt/airflow/dags/oltp_s3_dwh_dict.py", line 55
    ) as dag:
             ^
IndentationError: expected an indented block after 'with' statement on line 52
[2026-02-25T16:51:02.610+0000] {processor.py:842} WARNING - No viable dags retrieved from /opt/airflow/dags/oltp_s3_dwh_dict.py
[2026-02-25T16:51:02.638+0000] {processor.py:183} INFO - Processing /opt/airflow/dags/oltp_s3_dwh_dict.py took 0.065 seconds
[2026-02-25T16:51:02.698+0000] {processor.py:161} INFO - Started process (PID=3392) to work on /opt/airflow/dags/oltp_s3_dwh_dict.py
[2026-02-25T16:51:02.699+0000] {processor.py:830} INFO - Processing file /opt/airflow/dags/oltp_s3_dwh_dict.py for tasks to queue
[2026-02-25T16:51:02.702+0000] {logging_mixin.py:188} INFO - [2026-02-25T16:51:02.702+0000] {dagbag.py:545} INFO - Filling up the DagBag from /opt/airflow/dags/oltp_s3_dwh_dict.py
[2026-02-25T16:51:02.730+0000] {logging_mixin.py:188} INFO - [2026-02-25T16:51:02.728+0000] {dagbag.py:355} ERROR - Failed to import: /opt/airflow/dags/oltp_s3_dwh_dict.py
Traceback (most recent call last):
  File "/home/airflow/.local/lib/python3.12/site-packages/airflow/models/dagbag.py", line 351, in parse
    loader.exec_module(new_module)
  File "<frozen importlib._bootstrap_external>", line 991, in exec_module
  File "<frozen importlib._bootstrap_external>", line 1129, in get_code
  File "<frozen importlib._bootstrap_external>", line 1059, in source_to_code
  File "<frozen importlib._bootstrap>", line 488, in _call_with_frames_removed
  File "/opt/airflow/dags/oltp_s3_dwh_dict.py", line 55
    ) as dag:
             ^
IndentationError: expected an indented block after 'with' statement on line 52
[2026-02-25T16:51:02.731+0000] {processor.py:842} WARNING - No viable dags retrieved from /opt/airflow/dags/oltp_s3_dwh_dict.py
[2026-02-25T16:51:02.759+0000] {processor.py:183} INFO - Processing /opt/airflow/dags/oltp_s3_dwh_dict.py took 0.070 seconds
[2026-02-25T16:51:02.822+0000] {processor.py:161} INFO - Started process (PID=3397) to work on /opt/airflow/dags/oltp_s3_dwh_dict.py
[2026-02-25T16:51:02.824+0000] {processor.py:830} INFO - Processing file /opt/airflow/dags/oltp_s3_dwh_dict.py for tasks to queue
[2026-02-25T16:51:02.827+0000] {logging_mixin.py:188} INFO - [2026-02-25T16:51:02.827+0000] {dagbag.py:545} INFO - Filling up the DagBag from /opt/airflow/dags/oltp_s3_dwh_dict.py
[2026-02-25T16:51:02.858+0000] {logging_mixin.py:188} INFO - [2026-02-25T16:51:02.857+0000] {dagbag.py:355} ERROR - Failed to import: /opt/airflow/dags/oltp_s3_dwh_dict.py
Traceback (most recent call last):
  File "/home/airflow/.local/lib/python3.12/site-packages/airflow/models/dagbag.py", line 351, in parse
    loader.exec_module(new_module)
  File "<frozen importlib._bootstrap_external>", line 991, in exec_module
  File "<frozen importlib._bootstrap_external>", line 1129, in get_code
  File "<frozen importlib._bootstrap_external>", line 1059, in source_to_code
  File "<frozen importlib._bootstrap>", line 488, in _call_with_frames_removed
  File "/opt/airflow/dags/oltp_s3_dwh_dict.py", line 55
    ) as dag:
             ^
IndentationError: expected an indented block after 'with' statement on line 52
[2026-02-25T16:51:02.860+0000] {processor.py:842} WARNING - No viable dags retrieved from /opt/airflow/dags/oltp_s3_dwh_dict.py
[2026-02-25T16:51:02.912+0000] {processor.py:183} INFO - Processing /opt/airflow/dags/oltp_s3_dwh_dict.py took 0.097 seconds
[2026-02-25T16:51:02.970+0000] {processor.py:161} INFO - Started process (PID=3402) to work on /opt/airflow/dags/oltp_s3_dwh_dict.py
[2026-02-25T16:51:02.972+0000] {processor.py:830} INFO - Processing file /opt/airflow/dags/oltp_s3_dwh_dict.py for tasks to queue
[2026-02-25T16:51:02.975+0000] {logging_mixin.py:188} INFO - [2026-02-25T16:51:02.974+0000] {dagbag.py:545} INFO - Filling up the DagBag from /opt/airflow/dags/oltp_s3_dwh_dict.py
[2026-02-25T16:51:03.003+0000] {logging_mixin.py:188} INFO - [2026-02-25T16:51:03.001+0000] {dagbag.py:355} ERROR - Failed to import: /opt/airflow/dags/oltp_s3_dwh_dict.py
Traceback (most recent call last):
  File "/home/airflow/.local/lib/python3.12/site-packages/airflow/models/dagbag.py", line 351, in parse
    loader.exec_module(new_module)
  File "<frozen importlib._bootstrap_external>", line 991, in exec_module
  File "<frozen importlib._bootstrap_external>", line 1129, in get_code
  File "<frozen importlib._bootstrap_external>", line 1059, in source_to_code
  File "<frozen importlib._bootstrap>", line 488, in _call_with_frames_removed
  File "/opt/airflow/dags/oltp_s3_dwh_dict.py", line 55
    ) as dag:
             ^
IndentationError: expected an indented block after 'with' statement on line 52
[2026-02-25T16:51:03.004+0000] {processor.py:842} WARNING - No viable dags retrieved from /opt/airflow/dags/oltp_s3_dwh_dict.py
[2026-02-25T16:51:03.034+0000] {processor.py:183} INFO - Processing /opt/airflow/dags/oltp_s3_dwh_dict.py took 0.071 seconds
[2026-02-25T16:51:33.283+0000] {processor.py:161} INFO - Started process (PID=3427) to work on /opt/airflow/dags/oltp_s3_dwh_dict.py
[2026-02-25T16:51:33.284+0000] {processor.py:830} INFO - Processing file /opt/airflow/dags/oltp_s3_dwh_dict.py for tasks to queue
[2026-02-25T16:51:33.287+0000] {logging_mixin.py:188} INFO - [2026-02-25T16:51:33.286+0000] {dagbag.py:545} INFO - Filling up the DagBag from /opt/airflow/dags/oltp_s3_dwh_dict.py
[2026-02-25T16:51:33.305+0000] {logging_mixin.py:188} INFO - [2026-02-25T16:51:33.304+0000] {dagbag.py:355} ERROR - Failed to import: /opt/airflow/dags/oltp_s3_dwh_dict.py
Traceback (most recent call last):
  File "/home/airflow/.local/lib/python3.12/site-packages/airflow/models/dagbag.py", line 351, in parse
    loader.exec_module(new_module)
  File "<frozen importlib._bootstrap_external>", line 991, in exec_module
  File "<frozen importlib._bootstrap_external>", line 1129, in get_code
  File "<frozen importlib._bootstrap_external>", line 1059, in source_to_code
  File "<frozen importlib._bootstrap>", line 488, in _call_with_frames_removed
  File "/opt/airflow/dags/oltp_s3_dwh_dict.py", line 55
    ) as dag:
             ^
IndentationError: expected an indented block after 'with' statement on line 52
[2026-02-25T16:51:33.306+0000] {processor.py:842} WARNING - No viable dags retrieved from /opt/airflow/dags/oltp_s3_dwh_dict.py
[2026-02-25T16:51:33.332+0000] {processor.py:183} INFO - Processing /opt/airflow/dags/oltp_s3_dwh_dict.py took 0.057 seconds
[2026-02-25T16:52:03.564+0000] {processor.py:161} INFO - Started process (PID=3459) to work on /opt/airflow/dags/oltp_s3_dwh_dict.py
[2026-02-25T16:52:03.566+0000] {processor.py:830} INFO - Processing file /opt/airflow/dags/oltp_s3_dwh_dict.py for tasks to queue
[2026-02-25T16:52:03.571+0000] {logging_mixin.py:188} INFO - [2026-02-25T16:52:03.570+0000] {dagbag.py:545} INFO - Filling up the DagBag from /opt/airflow/dags/oltp_s3_dwh_dict.py
[2026-02-25T16:52:03.614+0000] {logging_mixin.py:188} INFO - [2026-02-25T16:52:03.613+0000] {dagbag.py:355} ERROR - Failed to import: /opt/airflow/dags/oltp_s3_dwh_dict.py
Traceback (most recent call last):
  File "/home/airflow/.local/lib/python3.12/site-packages/airflow/models/dagbag.py", line 351, in parse
    loader.exec_module(new_module)
  File "<frozen importlib._bootstrap_external>", line 991, in exec_module
  File "<frozen importlib._bootstrap_external>", line 1129, in get_code
  File "<frozen importlib._bootstrap_external>", line 1059, in source_to_code
  File "<frozen importlib._bootstrap>", line 488, in _call_with_frames_removed
  File "/opt/airflow/dags/oltp_s3_dwh_dict.py", line 55
    ) as dag:
             ^
IndentationError: expected an indented block after 'with' statement on line 52
[2026-02-25T16:52:03.616+0000] {processor.py:842} WARNING - No viable dags retrieved from /opt/airflow/dags/oltp_s3_dwh_dict.py
[2026-02-25T16:52:03.643+0000] {processor.py:183} INFO - Processing /opt/airflow/dags/oltp_s3_dwh_dict.py took 0.089 seconds
[2026-02-25T16:52:33.873+0000] {processor.py:161} INFO - Started process (PID=3483) to work on /opt/airflow/dags/oltp_s3_dwh_dict.py
[2026-02-25T16:52:33.874+0000] {processor.py:830} INFO - Processing file /opt/airflow/dags/oltp_s3_dwh_dict.py for tasks to queue
[2026-02-25T16:52:33.876+0000] {logging_mixin.py:188} INFO - [2026-02-25T16:52:33.876+0000] {dagbag.py:545} INFO - Filling up the DagBag from /opt/airflow/dags/oltp_s3_dwh_dict.py
[2026-02-25T16:52:33.895+0000] {logging_mixin.py:188} INFO - [2026-02-25T16:52:33.893+0000] {dagbag.py:355} ERROR - Failed to import: /opt/airflow/dags/oltp_s3_dwh_dict.py
Traceback (most recent call last):
  File "/home/airflow/.local/lib/python3.12/site-packages/airflow/models/dagbag.py", line 351, in parse
    loader.exec_module(new_module)
  File "<frozen importlib._bootstrap_external>", line 991, in exec_module
  File "<frozen importlib._bootstrap_external>", line 1129, in get_code
  File "<frozen importlib._bootstrap_external>", line 1059, in source_to_code
  File "<frozen importlib._bootstrap>", line 488, in _call_with_frames_removed
  File "/opt/airflow/dags/oltp_s3_dwh_dict.py", line 55
    ) as dag:
             ^
IndentationError: expected an indented block after 'with' statement on line 52
[2026-02-25T16:52:33.897+0000] {processor.py:842} WARNING - No viable dags retrieved from /opt/airflow/dags/oltp_s3_dwh_dict.py
[2026-02-25T16:52:33.925+0000] {processor.py:183} INFO - Processing /opt/airflow/dags/oltp_s3_dwh_dict.py took 0.059 seconds
[2026-02-25T16:53:04.269+0000] {processor.py:161} INFO - Started process (PID=3515) to work on /opt/airflow/dags/oltp_s3_dwh_dict.py
[2026-02-25T16:53:04.271+0000] {processor.py:830} INFO - Processing file /opt/airflow/dags/oltp_s3_dwh_dict.py for tasks to queue
[2026-02-25T16:53:04.274+0000] {logging_mixin.py:188} INFO - [2026-02-25T16:53:04.274+0000] {dagbag.py:545} INFO - Filling up the DagBag from /opt/airflow/dags/oltp_s3_dwh_dict.py
[2026-02-25T16:53:04.297+0000] {logging_mixin.py:188} INFO - [2026-02-25T16:53:04.296+0000] {dagbag.py:355} ERROR - Failed to import: /opt/airflow/dags/oltp_s3_dwh_dict.py
Traceback (most recent call last):
  File "/home/airflow/.local/lib/python3.12/site-packages/airflow/models/dagbag.py", line 351, in parse
    loader.exec_module(new_module)
  File "<frozen importlib._bootstrap_external>", line 991, in exec_module
  File "<frozen importlib._bootstrap_external>", line 1129, in get_code
  File "<frozen importlib._bootstrap_external>", line 1059, in source_to_code
  File "<frozen importlib._bootstrap>", line 488, in _call_with_frames_removed
  File "/opt/airflow/dags/oltp_s3_dwh_dict.py", line 55
    ) as dag:
             ^
IndentationError: expected an indented block after 'with' statement on line 52
[2026-02-25T16:53:04.298+0000] {processor.py:842} WARNING - No viable dags retrieved from /opt/airflow/dags/oltp_s3_dwh_dict.py
[2026-02-25T16:53:04.323+0000] {processor.py:183} INFO - Processing /opt/airflow/dags/oltp_s3_dwh_dict.py took 0.060 seconds
[2026-02-25T16:53:34.517+0000] {processor.py:161} INFO - Started process (PID=3540) to work on /opt/airflow/dags/oltp_s3_dwh_dict.py
[2026-02-25T16:53:34.519+0000] {processor.py:830} INFO - Processing file /opt/airflow/dags/oltp_s3_dwh_dict.py for tasks to queue
[2026-02-25T16:53:34.521+0000] {logging_mixin.py:188} INFO - [2026-02-25T16:53:34.521+0000] {dagbag.py:545} INFO - Filling up the DagBag from /opt/airflow/dags/oltp_s3_dwh_dict.py
[2026-02-25T16:53:34.556+0000] {logging_mixin.py:188} INFO - [2026-02-25T16:53:34.555+0000] {dagbag.py:355} ERROR - Failed to import: /opt/airflow/dags/oltp_s3_dwh_dict.py
Traceback (most recent call last):
  File "/home/airflow/.local/lib/python3.12/site-packages/airflow/models/dagbag.py", line 351, in parse
    loader.exec_module(new_module)
  File "<frozen importlib._bootstrap_external>", line 991, in exec_module
  File "<frozen importlib._bootstrap_external>", line 1129, in get_code
  File "<frozen importlib._bootstrap_external>", line 1059, in source_to_code
  File "<frozen importlib._bootstrap>", line 488, in _call_with_frames_removed
  File "/opt/airflow/dags/oltp_s3_dwh_dict.py", line 55
    ) as dag:
             ^
IndentationError: expected an indented block after 'with' statement on line 52
[2026-02-25T16:53:34.557+0000] {processor.py:842} WARNING - No viable dags retrieved from /opt/airflow/dags/oltp_s3_dwh_dict.py
[2026-02-25T16:53:34.585+0000] {processor.py:183} INFO - Processing /opt/airflow/dags/oltp_s3_dwh_dict.py took 0.075 seconds
[2026-02-25T16:54:04.927+0000] {processor.py:161} INFO - Started process (PID=3572) to work on /opt/airflow/dags/oltp_s3_dwh_dict.py
[2026-02-25T16:54:04.929+0000] {processor.py:830} INFO - Processing file /opt/airflow/dags/oltp_s3_dwh_dict.py for tasks to queue
[2026-02-25T16:54:04.932+0000] {logging_mixin.py:188} INFO - [2026-02-25T16:54:04.931+0000] {dagbag.py:545} INFO - Filling up the DagBag from /opt/airflow/dags/oltp_s3_dwh_dict.py
[2026-02-25T16:54:04.964+0000] {logging_mixin.py:188} INFO - [2026-02-25T16:54:04.962+0000] {dagbag.py:355} ERROR - Failed to import: /opt/airflow/dags/oltp_s3_dwh_dict.py
Traceback (most recent call last):
  File "/home/airflow/.local/lib/python3.12/site-packages/airflow/models/dagbag.py", line 351, in parse
    loader.exec_module(new_module)
  File "<frozen importlib._bootstrap_external>", line 991, in exec_module
  File "<frozen importlib._bootstrap_external>", line 1129, in get_code
  File "<frozen importlib._bootstrap_external>", line 1059, in source_to_code
  File "<frozen importlib._bootstrap>", line 488, in _call_with_frames_removed
  File "/opt/airflow/dags/oltp_s3_dwh_dict.py", line 55
    ) as dag:
             ^
IndentationError: expected an indented block after 'with' statement on line 52
[2026-02-25T16:54:04.966+0000] {processor.py:842} WARNING - No viable dags retrieved from /opt/airflow/dags/oltp_s3_dwh_dict.py
[2026-02-25T16:54:04.997+0000] {processor.py:183} INFO - Processing /opt/airflow/dags/oltp_s3_dwh_dict.py took 0.077 seconds
[2026-02-25T16:54:35.462+0000] {processor.py:161} INFO - Started process (PID=3597) to work on /opt/airflow/dags/oltp_s3_dwh_dict.py
[2026-02-25T16:54:35.464+0000] {processor.py:830} INFO - Processing file /opt/airflow/dags/oltp_s3_dwh_dict.py for tasks to queue
[2026-02-25T16:54:35.466+0000] {logging_mixin.py:188} INFO - [2026-02-25T16:54:35.466+0000] {dagbag.py:545} INFO - Filling up the DagBag from /opt/airflow/dags/oltp_s3_dwh_dict.py
[2026-02-25T16:54:35.493+0000] {logging_mixin.py:188} INFO - [2026-02-25T16:54:35.491+0000] {dagbag.py:355} ERROR - Failed to import: /opt/airflow/dags/oltp_s3_dwh_dict.py
Traceback (most recent call last):
  File "/home/airflow/.local/lib/python3.12/site-packages/airflow/models/dagbag.py", line 351, in parse
    loader.exec_module(new_module)
  File "<frozen importlib._bootstrap_external>", line 991, in exec_module
  File "<frozen importlib._bootstrap_external>", line 1129, in get_code
  File "<frozen importlib._bootstrap_external>", line 1059, in source_to_code
  File "<frozen importlib._bootstrap>", line 488, in _call_with_frames_removed
  File "/opt/airflow/dags/oltp_s3_dwh_dict.py", line 55
    ) as dag:
             ^
IndentationError: expected an indented block after 'with' statement on line 52
[2026-02-25T16:54:35.494+0000] {processor.py:842} WARNING - No viable dags retrieved from /opt/airflow/dags/oltp_s3_dwh_dict.py
[2026-02-25T16:54:35.518+0000] {processor.py:183} INFO - Processing /opt/airflow/dags/oltp_s3_dwh_dict.py took 0.062 seconds
[2026-02-25T16:55:06.142+0000] {processor.py:161} INFO - Started process (PID=3627) to work on /opt/airflow/dags/oltp_s3_dwh_dict.py
[2026-02-25T16:55:06.143+0000] {processor.py:830} INFO - Processing file /opt/airflow/dags/oltp_s3_dwh_dict.py for tasks to queue
[2026-02-25T16:55:06.145+0000] {logging_mixin.py:188} INFO - [2026-02-25T16:55:06.145+0000] {dagbag.py:545} INFO - Filling up the DagBag from /opt/airflow/dags/oltp_s3_dwh_dict.py
[2026-02-25T16:55:06.161+0000] {logging_mixin.py:188} INFO - [2026-02-25T16:55:06.160+0000] {dagbag.py:355} ERROR - Failed to import: /opt/airflow/dags/oltp_s3_dwh_dict.py
Traceback (most recent call last):
  File "/home/airflow/.local/lib/python3.12/site-packages/airflow/models/dagbag.py", line 351, in parse
    loader.exec_module(new_module)
  File "<frozen importlib._bootstrap_external>", line 991, in exec_module
  File "<frozen importlib._bootstrap_external>", line 1129, in get_code
  File "<frozen importlib._bootstrap_external>", line 1059, in source_to_code
  File "<frozen importlib._bootstrap>", line 488, in _call_with_frames_removed
  File "/opt/airflow/dags/oltp_s3_dwh_dict.py", line 55
    ) as dag:
             ^
IndentationError: expected an indented block after 'with' statement on line 52
[2026-02-25T16:55:06.163+0000] {processor.py:842} WARNING - No viable dags retrieved from /opt/airflow/dags/oltp_s3_dwh_dict.py
[2026-02-25T16:55:06.187+0000] {processor.py:183} INFO - Processing /opt/airflow/dags/oltp_s3_dwh_dict.py took 0.052 seconds
[2026-02-25T16:55:36.490+0000] {processor.py:161} INFO - Started process (PID=3652) to work on /opt/airflow/dags/oltp_s3_dwh_dict.py
[2026-02-25T16:55:36.492+0000] {processor.py:830} INFO - Processing file /opt/airflow/dags/oltp_s3_dwh_dict.py for tasks to queue
[2026-02-25T16:55:36.495+0000] {logging_mixin.py:188} INFO - [2026-02-25T16:55:36.494+0000] {dagbag.py:545} INFO - Filling up the DagBag from /opt/airflow/dags/oltp_s3_dwh_dict.py
[2026-02-25T16:55:36.525+0000] {logging_mixin.py:188} INFO - [2026-02-25T16:55:36.524+0000] {dagbag.py:355} ERROR - Failed to import: /opt/airflow/dags/oltp_s3_dwh_dict.py
Traceback (most recent call last):
  File "/home/airflow/.local/lib/python3.12/site-packages/airflow/models/dagbag.py", line 351, in parse
    loader.exec_module(new_module)
  File "<frozen importlib._bootstrap_external>", line 991, in exec_module
  File "<frozen importlib._bootstrap_external>", line 1129, in get_code
  File "<frozen importlib._bootstrap_external>", line 1059, in source_to_code
  File "<frozen importlib._bootstrap>", line 488, in _call_with_frames_removed
  File "/opt/airflow/dags/oltp_s3_dwh_dict.py", line 55
    ) as dag:
             ^
IndentationError: expected an indented block after 'with' statement on line 52
[2026-02-25T16:55:36.526+0000] {processor.py:842} WARNING - No viable dags retrieved from /opt/airflow/dags/oltp_s3_dwh_dict.py
[2026-02-25T16:55:36.556+0000] {processor.py:183} INFO - Processing /opt/airflow/dags/oltp_s3_dwh_dict.py took 0.075 seconds
[2026-02-25T16:56:06.734+0000] {processor.py:161} INFO - Started process (PID=3684) to work on /opt/airflow/dags/oltp_s3_dwh_dict.py
[2026-02-25T16:56:06.735+0000] {processor.py:830} INFO - Processing file /opt/airflow/dags/oltp_s3_dwh_dict.py for tasks to queue
[2026-02-25T16:56:06.738+0000] {logging_mixin.py:188} INFO - [2026-02-25T16:56:06.737+0000] {dagbag.py:545} INFO - Filling up the DagBag from /opt/airflow/dags/oltp_s3_dwh_dict.py
[2026-02-25T16:56:06.764+0000] {logging_mixin.py:188} INFO - [2026-02-25T16:56:06.762+0000] {dagbag.py:355} ERROR - Failed to import: /opt/airflow/dags/oltp_s3_dwh_dict.py
Traceback (most recent call last):
  File "/home/airflow/.local/lib/python3.12/site-packages/airflow/models/dagbag.py", line 351, in parse
    loader.exec_module(new_module)
  File "<frozen importlib._bootstrap_external>", line 991, in exec_module
  File "<frozen importlib._bootstrap_external>", line 1129, in get_code
  File "<frozen importlib._bootstrap_external>", line 1059, in source_to_code
  File "<frozen importlib._bootstrap>", line 488, in _call_with_frames_removed
  File "/opt/airflow/dags/oltp_s3_dwh_dict.py", line 55
    ) as dag:
             ^
IndentationError: expected an indented block after 'with' statement on line 52
[2026-02-25T16:56:06.765+0000] {processor.py:842} WARNING - No viable dags retrieved from /opt/airflow/dags/oltp_s3_dwh_dict.py
[2026-02-25T16:56:06.792+0000] {processor.py:183} INFO - Processing /opt/airflow/dags/oltp_s3_dwh_dict.py took 0.065 seconds
[2026-02-25T16:56:37.098+0000] {processor.py:161} INFO - Started process (PID=3709) to work on /opt/airflow/dags/oltp_s3_dwh_dict.py
[2026-02-25T16:56:37.099+0000] {processor.py:830} INFO - Processing file /opt/airflow/dags/oltp_s3_dwh_dict.py for tasks to queue
[2026-02-25T16:56:37.102+0000] {logging_mixin.py:188} INFO - [2026-02-25T16:56:37.102+0000] {dagbag.py:545} INFO - Filling up the DagBag from /opt/airflow/dags/oltp_s3_dwh_dict.py
[2026-02-25T16:56:37.122+0000] {logging_mixin.py:188} INFO - [2026-02-25T16:56:37.120+0000] {dagbag.py:355} ERROR - Failed to import: /opt/airflow/dags/oltp_s3_dwh_dict.py
Traceback (most recent call last):
  File "/home/airflow/.local/lib/python3.12/site-packages/airflow/models/dagbag.py", line 351, in parse
    loader.exec_module(new_module)
  File "<frozen importlib._bootstrap_external>", line 991, in exec_module
  File "<frozen importlib._bootstrap_external>", line 1129, in get_code
  File "<frozen importlib._bootstrap_external>", line 1059, in source_to_code
  File "<frozen importlib._bootstrap>", line 488, in _call_with_frames_removed
  File "/opt/airflow/dags/oltp_s3_dwh_dict.py", line 55
    ) as dag:
             ^
IndentationError: expected an indented block after 'with' statement on line 52
[2026-02-25T16:56:37.123+0000] {processor.py:842} WARNING - No viable dags retrieved from /opt/airflow/dags/oltp_s3_dwh_dict.py
[2026-02-25T16:56:37.148+0000] {processor.py:183} INFO - Processing /opt/airflow/dags/oltp_s3_dwh_dict.py took 0.058 seconds
[2026-02-25T16:57:07.354+0000] {processor.py:161} INFO - Started process (PID=3741) to work on /opt/airflow/dags/oltp_s3_dwh_dict.py
[2026-02-25T16:57:07.356+0000] {processor.py:830} INFO - Processing file /opt/airflow/dags/oltp_s3_dwh_dict.py for tasks to queue
[2026-02-25T16:57:07.358+0000] {logging_mixin.py:188} INFO - [2026-02-25T16:57:07.358+0000] {dagbag.py:545} INFO - Filling up the DagBag from /opt/airflow/dags/oltp_s3_dwh_dict.py
[2026-02-25T16:57:07.374+0000] {logging_mixin.py:188} INFO - [2026-02-25T16:57:07.373+0000] {dagbag.py:355} ERROR - Failed to import: /opt/airflow/dags/oltp_s3_dwh_dict.py
Traceback (most recent call last):
  File "/home/airflow/.local/lib/python3.12/site-packages/airflow/models/dagbag.py", line 351, in parse
    loader.exec_module(new_module)
  File "<frozen importlib._bootstrap_external>", line 991, in exec_module
  File "<frozen importlib._bootstrap_external>", line 1129, in get_code
  File "<frozen importlib._bootstrap_external>", line 1059, in source_to_code
  File "<frozen importlib._bootstrap>", line 488, in _call_with_frames_removed
  File "/opt/airflow/dags/oltp_s3_dwh_dict.py", line 55
    ) as dag:
             ^
IndentationError: expected an indented block after 'with' statement on line 52
[2026-02-25T16:57:07.376+0000] {processor.py:842} WARNING - No viable dags retrieved from /opt/airflow/dags/oltp_s3_dwh_dict.py
[2026-02-25T16:57:07.402+0000] {processor.py:183} INFO - Processing /opt/airflow/dags/oltp_s3_dwh_dict.py took 0.054 seconds
[2026-02-25T16:57:37.687+0000] {processor.py:161} INFO - Started process (PID=3766) to work on /opt/airflow/dags/oltp_s3_dwh_dict.py
[2026-02-25T16:57:37.688+0000] {processor.py:830} INFO - Processing file /opt/airflow/dags/oltp_s3_dwh_dict.py for tasks to queue
[2026-02-25T16:57:37.690+0000] {logging_mixin.py:188} INFO - [2026-02-25T16:57:37.690+0000] {dagbag.py:545} INFO - Filling up the DagBag from /opt/airflow/dags/oltp_s3_dwh_dict.py
[2026-02-25T16:57:37.707+0000] {logging_mixin.py:188} INFO - [2026-02-25T16:57:37.706+0000] {dagbag.py:355} ERROR - Failed to import: /opt/airflow/dags/oltp_s3_dwh_dict.py
Traceback (most recent call last):
  File "/home/airflow/.local/lib/python3.12/site-packages/airflow/models/dagbag.py", line 351, in parse
    loader.exec_module(new_module)
  File "<frozen importlib._bootstrap_external>", line 991, in exec_module
  File "<frozen importlib._bootstrap_external>", line 1129, in get_code
  File "<frozen importlib._bootstrap_external>", line 1059, in source_to_code
  File "<frozen importlib._bootstrap>", line 488, in _call_with_frames_removed
  File "/opt/airflow/dags/oltp_s3_dwh_dict.py", line 55
    ) as dag:
             ^
IndentationError: expected an indented block after 'with' statement on line 52
[2026-02-25T16:57:37.708+0000] {processor.py:842} WARNING - No viable dags retrieved from /opt/airflow/dags/oltp_s3_dwh_dict.py
[2026-02-25T16:57:37.733+0000] {processor.py:183} INFO - Processing /opt/airflow/dags/oltp_s3_dwh_dict.py took 0.053 seconds
[2026-02-25T16:58:07.916+0000] {processor.py:161} INFO - Started process (PID=3797) to work on /opt/airflow/dags/oltp_s3_dwh_dict.py
[2026-02-25T16:58:07.917+0000] {processor.py:830} INFO - Processing file /opt/airflow/dags/oltp_s3_dwh_dict.py for tasks to queue
[2026-02-25T16:58:07.919+0000] {logging_mixin.py:188} INFO - [2026-02-25T16:58:07.919+0000] {dagbag.py:545} INFO - Filling up the DagBag from /opt/airflow/dags/oltp_s3_dwh_dict.py
[2026-02-25T16:58:07.938+0000] {logging_mixin.py:188} INFO - [2026-02-25T16:58:07.937+0000] {dagbag.py:355} ERROR - Failed to import: /opt/airflow/dags/oltp_s3_dwh_dict.py
Traceback (most recent call last):
  File "/home/airflow/.local/lib/python3.12/site-packages/airflow/models/dagbag.py", line 351, in parse
    loader.exec_module(new_module)
  File "<frozen importlib._bootstrap_external>", line 991, in exec_module
  File "<frozen importlib._bootstrap_external>", line 1129, in get_code
  File "<frozen importlib._bootstrap_external>", line 1059, in source_to_code
  File "<frozen importlib._bootstrap>", line 488, in _call_with_frames_removed
  File "/opt/airflow/dags/oltp_s3_dwh_dict.py", line 55
    ) as dag:
             ^
IndentationError: expected an indented block after 'with' statement on line 52
[2026-02-25T16:58:07.939+0000] {processor.py:842} WARNING - No viable dags retrieved from /opt/airflow/dags/oltp_s3_dwh_dict.py
[2026-02-25T16:58:07.966+0000] {processor.py:183} INFO - Processing /opt/airflow/dags/oltp_s3_dwh_dict.py took 0.057 seconds
[2026-02-25T16:58:38.201+0000] {processor.py:161} INFO - Started process (PID=3821) to work on /opt/airflow/dags/oltp_s3_dwh_dict.py
[2026-02-25T16:58:38.203+0000] {processor.py:830} INFO - Processing file /opt/airflow/dags/oltp_s3_dwh_dict.py for tasks to queue
[2026-02-25T16:58:38.205+0000] {logging_mixin.py:188} INFO - [2026-02-25T16:58:38.205+0000] {dagbag.py:545} INFO - Filling up the DagBag from /opt/airflow/dags/oltp_s3_dwh_dict.py
[2026-02-25T16:58:38.224+0000] {logging_mixin.py:188} INFO - [2026-02-25T16:58:38.222+0000] {dagbag.py:355} ERROR - Failed to import: /opt/airflow/dags/oltp_s3_dwh_dict.py
Traceback (most recent call last):
  File "/home/airflow/.local/lib/python3.12/site-packages/airflow/models/dagbag.py", line 351, in parse
    loader.exec_module(new_module)
  File "<frozen importlib._bootstrap_external>", line 991, in exec_module
  File "<frozen importlib._bootstrap_external>", line 1129, in get_code
  File "<frozen importlib._bootstrap_external>", line 1059, in source_to_code
  File "<frozen importlib._bootstrap>", line 488, in _call_with_frames_removed
  File "/opt/airflow/dags/oltp_s3_dwh_dict.py", line 55
    ) as dag:
             ^
IndentationError: expected an indented block after 'with' statement on line 52
[2026-02-25T16:58:38.225+0000] {processor.py:842} WARNING - No viable dags retrieved from /opt/airflow/dags/oltp_s3_dwh_dict.py
[2026-02-25T16:58:38.249+0000] {processor.py:183} INFO - Processing /opt/airflow/dags/oltp_s3_dwh_dict.py took 0.054 seconds
[2026-02-25T16:59:08.824+0000] {processor.py:161} INFO - Started process (PID=3846) to work on /opt/airflow/dags/oltp_s3_dwh_dict.py
[2026-02-25T16:59:08.825+0000] {processor.py:830} INFO - Processing file /opt/airflow/dags/oltp_s3_dwh_dict.py for tasks to queue
[2026-02-25T16:59:08.828+0000] {logging_mixin.py:188} INFO - [2026-02-25T16:59:08.828+0000] {dagbag.py:545} INFO - Filling up the DagBag from /opt/airflow/dags/oltp_s3_dwh_dict.py
[2026-02-25T16:59:08.853+0000] {logging_mixin.py:188} INFO - [2026-02-25T16:59:08.852+0000] {dagbag.py:355} ERROR - Failed to import: /opt/airflow/dags/oltp_s3_dwh_dict.py
Traceback (most recent call last):
  File "/home/airflow/.local/lib/python3.12/site-packages/airflow/models/dagbag.py", line 351, in parse
    loader.exec_module(new_module)
  File "<frozen importlib._bootstrap_external>", line 991, in exec_module
  File "<frozen importlib._bootstrap_external>", line 1129, in get_code
  File "<frozen importlib._bootstrap_external>", line 1059, in source_to_code
  File "<frozen importlib._bootstrap>", line 488, in _call_with_frames_removed
  File "/opt/airflow/dags/oltp_s3_dwh_dict.py", line 55
    ) as dag:
             ^
IndentationError: expected an indented block after 'with' statement on line 52
[2026-02-25T16:59:08.854+0000] {processor.py:842} WARNING - No viable dags retrieved from /opt/airflow/dags/oltp_s3_dwh_dict.py
[2026-02-25T16:59:08.883+0000] {processor.py:183} INFO - Processing /opt/airflow/dags/oltp_s3_dwh_dict.py took 0.065 seconds
[2026-02-25T16:59:39.360+0000] {processor.py:161} INFO - Started process (PID=3879) to work on /opt/airflow/dags/oltp_s3_dwh_dict.py
[2026-02-25T16:59:39.364+0000] {processor.py:830} INFO - Processing file /opt/airflow/dags/oltp_s3_dwh_dict.py for tasks to queue
[2026-02-25T16:59:39.368+0000] {logging_mixin.py:188} INFO - [2026-02-25T16:59:39.366+0000] {dagbag.py:545} INFO - Filling up the DagBag from /opt/airflow/dags/oltp_s3_dwh_dict.py
[2026-02-25T16:59:39.402+0000] {logging_mixin.py:188} INFO - [2026-02-25T16:59:39.399+0000] {dagbag.py:355} ERROR - Failed to import: /opt/airflow/dags/oltp_s3_dwh_dict.py
Traceback (most recent call last):
  File "/home/airflow/.local/lib/python3.12/site-packages/airflow/models/dagbag.py", line 351, in parse
    loader.exec_module(new_module)
  File "<frozen importlib._bootstrap_external>", line 991, in exec_module
  File "<frozen importlib._bootstrap_external>", line 1129, in get_code
  File "<frozen importlib._bootstrap_external>", line 1059, in source_to_code
  File "<frozen importlib._bootstrap>", line 488, in _call_with_frames_removed
  File "/opt/airflow/dags/oltp_s3_dwh_dict.py", line 55
    ) as dag:
             ^
IndentationError: expected an indented block after 'with' statement on line 52
[2026-02-25T16:59:39.404+0000] {processor.py:842} WARNING - No viable dags retrieved from /opt/airflow/dags/oltp_s3_dwh_dict.py
[2026-02-25T16:59:39.451+0000] {processor.py:183} INFO - Processing /opt/airflow/dags/oltp_s3_dwh_dict.py took 0.105 seconds
[2026-02-25T17:00:09.785+0000] {processor.py:161} INFO - Started process (PID=3903) to work on /opt/airflow/dags/oltp_s3_dwh_dict.py
[2026-02-25T17:00:09.786+0000] {processor.py:830} INFO - Processing file /opt/airflow/dags/oltp_s3_dwh_dict.py for tasks to queue
[2026-02-25T17:00:09.789+0000] {logging_mixin.py:188} INFO - [2026-02-25T17:00:09.788+0000] {dagbag.py:545} INFO - Filling up the DagBag from /opt/airflow/dags/oltp_s3_dwh_dict.py
[2026-02-25T17:00:09.812+0000] {logging_mixin.py:188} INFO - [2026-02-25T17:00:09.810+0000] {dagbag.py:355} ERROR - Failed to import: /opt/airflow/dags/oltp_s3_dwh_dict.py
Traceback (most recent call last):
  File "/home/airflow/.local/lib/python3.12/site-packages/airflow/models/dagbag.py", line 351, in parse
    loader.exec_module(new_module)
  File "<frozen importlib._bootstrap_external>", line 991, in exec_module
  File "<frozen importlib._bootstrap_external>", line 1129, in get_code
  File "<frozen importlib._bootstrap_external>", line 1059, in source_to_code
  File "<frozen importlib._bootstrap>", line 488, in _call_with_frames_removed
  File "/opt/airflow/dags/oltp_s3_dwh_dict.py", line 55
    ) as dag:
             ^
IndentationError: expected an indented block after 'with' statement on line 52
[2026-02-25T17:00:09.813+0000] {processor.py:842} WARNING - No viable dags retrieved from /opt/airflow/dags/oltp_s3_dwh_dict.py
[2026-02-25T17:00:09.839+0000] {processor.py:183} INFO - Processing /opt/airflow/dags/oltp_s3_dwh_dict.py took 0.061 seconds
[2026-02-25T17:00:40.022+0000] {processor.py:161} INFO - Started process (PID=3936) to work on /opt/airflow/dags/oltp_s3_dwh_dict.py
[2026-02-25T17:00:40.024+0000] {processor.py:830} INFO - Processing file /opt/airflow/dags/oltp_s3_dwh_dict.py for tasks to queue
[2026-02-25T17:00:40.026+0000] {logging_mixin.py:188} INFO - [2026-02-25T17:00:40.026+0000] {dagbag.py:545} INFO - Filling up the DagBag from /opt/airflow/dags/oltp_s3_dwh_dict.py
[2026-02-25T17:00:40.055+0000] {logging_mixin.py:188} INFO - [2026-02-25T17:00:40.054+0000] {dagbag.py:355} ERROR - Failed to import: /opt/airflow/dags/oltp_s3_dwh_dict.py
Traceback (most recent call last):
  File "/home/airflow/.local/lib/python3.12/site-packages/airflow/models/dagbag.py", line 351, in parse
    loader.exec_module(new_module)
  File "<frozen importlib._bootstrap_external>", line 991, in exec_module
  File "<frozen importlib._bootstrap_external>", line 1129, in get_code
  File "<frozen importlib._bootstrap_external>", line 1059, in source_to_code
  File "<frozen importlib._bootstrap>", line 488, in _call_with_frames_removed
  File "/opt/airflow/dags/oltp_s3_dwh_dict.py", line 55
    ) as dag:
             ^
IndentationError: expected an indented block after 'with' statement on line 52
[2026-02-25T17:00:40.056+0000] {processor.py:842} WARNING - No viable dags retrieved from /opt/airflow/dags/oltp_s3_dwh_dict.py
[2026-02-25T17:00:40.080+0000] {processor.py:183} INFO - Processing /opt/airflow/dags/oltp_s3_dwh_dict.py took 0.065 seconds
[2026-02-25T17:01:10.314+0000] {processor.py:161} INFO - Started process (PID=3960) to work on /opt/airflow/dags/oltp_s3_dwh_dict.py
[2026-02-25T17:01:10.315+0000] {processor.py:830} INFO - Processing file /opt/airflow/dags/oltp_s3_dwh_dict.py for tasks to queue
[2026-02-25T17:01:10.317+0000] {logging_mixin.py:188} INFO - [2026-02-25T17:01:10.317+0000] {dagbag.py:545} INFO - Filling up the DagBag from /opt/airflow/dags/oltp_s3_dwh_dict.py
[2026-02-25T17:01:10.337+0000] {logging_mixin.py:188} INFO - [2026-02-25T17:01:10.336+0000] {dagbag.py:355} ERROR - Failed to import: /opt/airflow/dags/oltp_s3_dwh_dict.py
Traceback (most recent call last):
  File "/home/airflow/.local/lib/python3.12/site-packages/airflow/models/dagbag.py", line 351, in parse
    loader.exec_module(new_module)
  File "<frozen importlib._bootstrap_external>", line 991, in exec_module
  File "<frozen importlib._bootstrap_external>", line 1129, in get_code
  File "<frozen importlib._bootstrap_external>", line 1059, in source_to_code
  File "<frozen importlib._bootstrap>", line 488, in _call_with_frames_removed
  File "/opt/airflow/dags/oltp_s3_dwh_dict.py", line 55
    ) as dag:
             ^
IndentationError: expected an indented block after 'with' statement on line 52
[2026-02-25T17:01:10.338+0000] {processor.py:842} WARNING - No viable dags retrieved from /opt/airflow/dags/oltp_s3_dwh_dict.py
[2026-02-25T17:01:10.366+0000] {processor.py:183} INFO - Processing /opt/airflow/dags/oltp_s3_dwh_dict.py took 0.059 seconds
[2026-02-25T17:01:40.738+0000] {processor.py:161} INFO - Started process (PID=3992) to work on /opt/airflow/dags/oltp_s3_dwh_dict.py
[2026-02-25T17:01:40.740+0000] {processor.py:830} INFO - Processing file /opt/airflow/dags/oltp_s3_dwh_dict.py for tasks to queue
[2026-02-25T17:01:40.742+0000] {logging_mixin.py:188} INFO - [2026-02-25T17:01:40.741+0000] {dagbag.py:545} INFO - Filling up the DagBag from /opt/airflow/dags/oltp_s3_dwh_dict.py
[2026-02-25T17:01:40.759+0000] {logging_mixin.py:188} INFO - [2026-02-25T17:01:40.758+0000] {dagbag.py:355} ERROR - Failed to import: /opt/airflow/dags/oltp_s3_dwh_dict.py
Traceback (most recent call last):
  File "/home/airflow/.local/lib/python3.12/site-packages/airflow/models/dagbag.py", line 351, in parse
    loader.exec_module(new_module)
  File "<frozen importlib._bootstrap_external>", line 991, in exec_module
  File "<frozen importlib._bootstrap_external>", line 1129, in get_code
  File "<frozen importlib._bootstrap_external>", line 1059, in source_to_code
  File "<frozen importlib._bootstrap>", line 488, in _call_with_frames_removed
  File "/opt/airflow/dags/oltp_s3_dwh_dict.py", line 55
    ) as dag:
             ^
IndentationError: expected an indented block after 'with' statement on line 52
[2026-02-25T17:01:40.760+0000] {processor.py:842} WARNING - No viable dags retrieved from /opt/airflow/dags/oltp_s3_dwh_dict.py
[2026-02-25T17:01:40.784+0000] {processor.py:183} INFO - Processing /opt/airflow/dags/oltp_s3_dwh_dict.py took 0.053 seconds
[2026-02-25T17:02:11.072+0000] {processor.py:161} INFO - Started process (PID=4016) to work on /opt/airflow/dags/oltp_s3_dwh_dict.py
[2026-02-25T17:02:11.074+0000] {processor.py:830} INFO - Processing file /opt/airflow/dags/oltp_s3_dwh_dict.py for tasks to queue
[2026-02-25T17:02:11.076+0000] {logging_mixin.py:188} INFO - [2026-02-25T17:02:11.076+0000] {dagbag.py:545} INFO - Filling up the DagBag from /opt/airflow/dags/oltp_s3_dwh_dict.py
[2026-02-25T17:02:11.101+0000] {logging_mixin.py:188} INFO - [2026-02-25T17:02:11.100+0000] {dagbag.py:355} ERROR - Failed to import: /opt/airflow/dags/oltp_s3_dwh_dict.py
Traceback (most recent call last):
  File "/home/airflow/.local/lib/python3.12/site-packages/airflow/models/dagbag.py", line 351, in parse
    loader.exec_module(new_module)
  File "<frozen importlib._bootstrap_external>", line 991, in exec_module
  File "<frozen importlib._bootstrap_external>", line 1129, in get_code
  File "<frozen importlib._bootstrap_external>", line 1059, in source_to_code
  File "<frozen importlib._bootstrap>", line 488, in _call_with_frames_removed
  File "/opt/airflow/dags/oltp_s3_dwh_dict.py", line 55
    ) as dag:
             ^
IndentationError: expected an indented block after 'with' statement on line 52
[2026-02-25T17:02:11.102+0000] {processor.py:842} WARNING - No viable dags retrieved from /opt/airflow/dags/oltp_s3_dwh_dict.py
[2026-02-25T17:02:11.128+0000] {processor.py:183} INFO - Processing /opt/airflow/dags/oltp_s3_dwh_dict.py took 0.065 seconds
[2026-02-25T17:02:41.424+0000] {processor.py:161} INFO - Started process (PID=4050) to work on /opt/airflow/dags/oltp_s3_dwh_dict.py
[2026-02-25T17:02:41.426+0000] {processor.py:830} INFO - Processing file /opt/airflow/dags/oltp_s3_dwh_dict.py for tasks to queue
[2026-02-25T17:02:41.429+0000] {logging_mixin.py:188} INFO - [2026-02-25T17:02:41.429+0000] {dagbag.py:545} INFO - Filling up the DagBag from /opt/airflow/dags/oltp_s3_dwh_dict.py
[2026-02-25T17:02:41.445+0000] {logging_mixin.py:188} INFO - [2026-02-25T17:02:41.444+0000] {dagbag.py:355} ERROR - Failed to import: /opt/airflow/dags/oltp_s3_dwh_dict.py
Traceback (most recent call last):
  File "/home/airflow/.local/lib/python3.12/site-packages/airflow/models/dagbag.py", line 351, in parse
    loader.exec_module(new_module)
  File "<frozen importlib._bootstrap_external>", line 991, in exec_module
  File "<frozen importlib._bootstrap_external>", line 1129, in get_code
  File "<frozen importlib._bootstrap_external>", line 1059, in source_to_code
  File "<frozen importlib._bootstrap>", line 488, in _call_with_frames_removed
  File "/opt/airflow/dags/oltp_s3_dwh_dict.py", line 55
    ) as dag:
             ^
IndentationError: expected an indented block after 'with' statement on line 52
[2026-02-25T17:02:41.446+0000] {processor.py:842} WARNING - No viable dags retrieved from /opt/airflow/dags/oltp_s3_dwh_dict.py
[2026-02-25T17:02:41.469+0000] {processor.py:183} INFO - Processing /opt/airflow/dags/oltp_s3_dwh_dict.py took 0.052 seconds
[2026-02-25T17:03:11.669+0000] {processor.py:161} INFO - Started process (PID=4075) to work on /opt/airflow/dags/oltp_s3_dwh_dict.py
[2026-02-25T17:03:11.671+0000] {processor.py:830} INFO - Processing file /opt/airflow/dags/oltp_s3_dwh_dict.py for tasks to queue
[2026-02-25T17:03:11.674+0000] {logging_mixin.py:188} INFO - [2026-02-25T17:03:11.674+0000] {dagbag.py:545} INFO - Filling up the DagBag from /opt/airflow/dags/oltp_s3_dwh_dict.py
[2026-02-25T17:03:11.702+0000] {logging_mixin.py:188} INFO - [2026-02-25T17:03:11.701+0000] {dagbag.py:355} ERROR - Failed to import: /opt/airflow/dags/oltp_s3_dwh_dict.py
Traceback (most recent call last):
  File "/home/airflow/.local/lib/python3.12/site-packages/airflow/models/dagbag.py", line 351, in parse
    loader.exec_module(new_module)
  File "<frozen importlib._bootstrap_external>", line 991, in exec_module
  File "<frozen importlib._bootstrap_external>", line 1129, in get_code
  File "<frozen importlib._bootstrap_external>", line 1059, in source_to_code
  File "<frozen importlib._bootstrap>", line 488, in _call_with_frames_removed
  File "/opt/airflow/dags/oltp_s3_dwh_dict.py", line 55
    ) as dag:
             ^
IndentationError: expected an indented block after 'with' statement on line 52
[2026-02-25T17:03:11.703+0000] {processor.py:842} WARNING - No viable dags retrieved from /opt/airflow/dags/oltp_s3_dwh_dict.py
[2026-02-25T17:03:11.726+0000] {processor.py:183} INFO - Processing /opt/airflow/dags/oltp_s3_dwh_dict.py took 0.063 seconds
[2026-02-25T17:03:42.017+0000] {processor.py:161} INFO - Started process (PID=4107) to work on /opt/airflow/dags/oltp_s3_dwh_dict.py
[2026-02-25T17:03:42.019+0000] {processor.py:830} INFO - Processing file /opt/airflow/dags/oltp_s3_dwh_dict.py for tasks to queue
[2026-02-25T17:03:42.023+0000] {logging_mixin.py:188} INFO - [2026-02-25T17:03:42.022+0000] {dagbag.py:545} INFO - Filling up the DagBag from /opt/airflow/dags/oltp_s3_dwh_dict.py
[2026-02-25T17:03:42.059+0000] {logging_mixin.py:188} INFO - [2026-02-25T17:03:42.056+0000] {dagbag.py:355} ERROR - Failed to import: /opt/airflow/dags/oltp_s3_dwh_dict.py
Traceback (most recent call last):
  File "/home/airflow/.local/lib/python3.12/site-packages/airflow/models/dagbag.py", line 351, in parse
    loader.exec_module(new_module)
  File "<frozen importlib._bootstrap_external>", line 991, in exec_module
  File "<frozen importlib._bootstrap_external>", line 1129, in get_code
  File "<frozen importlib._bootstrap_external>", line 1059, in source_to_code
  File "<frozen importlib._bootstrap>", line 488, in _call_with_frames_removed
  File "/opt/airflow/dags/oltp_s3_dwh_dict.py", line 55
    ) as dag:
             ^
IndentationError: expected an indented block after 'with' statement on line 52
[2026-02-25T17:03:42.061+0000] {processor.py:842} WARNING - No viable dags retrieved from /opt/airflow/dags/oltp_s3_dwh_dict.py
[2026-02-25T17:03:42.109+0000] {processor.py:183} INFO - Processing /opt/airflow/dags/oltp_s3_dwh_dict.py took 0.100 seconds
[2026-02-25T17:04:12.709+0000] {processor.py:161} INFO - Started process (PID=4131) to work on /opt/airflow/dags/oltp_s3_dwh_dict.py
[2026-02-25T17:04:12.711+0000] {processor.py:830} INFO - Processing file /opt/airflow/dags/oltp_s3_dwh_dict.py for tasks to queue
[2026-02-25T17:04:12.713+0000] {logging_mixin.py:188} INFO - [2026-02-25T17:04:12.713+0000] {dagbag.py:545} INFO - Filling up the DagBag from /opt/airflow/dags/oltp_s3_dwh_dict.py
[2026-02-25T17:04:12.755+0000] {logging_mixin.py:188} INFO - [2026-02-25T17:04:12.754+0000] {dagbag.py:355} ERROR - Failed to import: /opt/airflow/dags/oltp_s3_dwh_dict.py
Traceback (most recent call last):
  File "/home/airflow/.local/lib/python3.12/site-packages/airflow/models/dagbag.py", line 351, in parse
    loader.exec_module(new_module)
  File "<frozen importlib._bootstrap_external>", line 991, in exec_module
  File "<frozen importlib._bootstrap_external>", line 1129, in get_code
  File "<frozen importlib._bootstrap_external>", line 1059, in source_to_code
  File "<frozen importlib._bootstrap>", line 488, in _call_with_frames_removed
  File "/opt/airflow/dags/oltp_s3_dwh_dict.py", line 55
    ) as dag:
             ^
IndentationError: expected an indented block after 'with' statement on line 52
[2026-02-25T17:04:12.757+0000] {processor.py:842} WARNING - No viable dags retrieved from /opt/airflow/dags/oltp_s3_dwh_dict.py
[2026-02-25T17:04:12.797+0000] {processor.py:183} INFO - Processing /opt/airflow/dags/oltp_s3_dwh_dict.py took 0.096 seconds
[2026-02-25T17:04:43.416+0000] {processor.py:161} INFO - Started process (PID=4162) to work on /opt/airflow/dags/oltp_s3_dwh_dict.py
[2026-02-25T17:04:43.418+0000] {processor.py:830} INFO - Processing file /opt/airflow/dags/oltp_s3_dwh_dict.py for tasks to queue
[2026-02-25T17:04:43.420+0000] {logging_mixin.py:188} INFO - [2026-02-25T17:04:43.420+0000] {dagbag.py:545} INFO - Filling up the DagBag from /opt/airflow/dags/oltp_s3_dwh_dict.py
[2026-02-25T17:04:43.449+0000] {logging_mixin.py:188} INFO - [2026-02-25T17:04:43.448+0000] {dagbag.py:355} ERROR - Failed to import: /opt/airflow/dags/oltp_s3_dwh_dict.py
Traceback (most recent call last):
  File "/home/airflow/.local/lib/python3.12/site-packages/airflow/models/dagbag.py", line 351, in parse
    loader.exec_module(new_module)
  File "<frozen importlib._bootstrap_external>", line 991, in exec_module
  File "<frozen importlib._bootstrap_external>", line 1129, in get_code
  File "<frozen importlib._bootstrap_external>", line 1059, in source_to_code
  File "<frozen importlib._bootstrap>", line 488, in _call_with_frames_removed
  File "/opt/airflow/dags/oltp_s3_dwh_dict.py", line 55
    ) as dag:
             ^
IndentationError: expected an indented block after 'with' statement on line 52
[2026-02-25T17:04:43.450+0000] {processor.py:842} WARNING - No viable dags retrieved from /opt/airflow/dags/oltp_s3_dwh_dict.py
[2026-02-25T17:04:43.477+0000] {processor.py:183} INFO - Processing /opt/airflow/dags/oltp_s3_dwh_dict.py took 0.067 seconds
[2026-02-25T17:05:03.574+0000] {processor.py:161} INFO - Started process (PID=4180) to work on /opt/airflow/dags/oltp_s3_dwh_dict.py
[2026-02-25T17:05:03.576+0000] {processor.py:830} INFO - Processing file /opt/airflow/dags/oltp_s3_dwh_dict.py for tasks to queue
[2026-02-25T17:05:03.579+0000] {logging_mixin.py:188} INFO - [2026-02-25T17:05:03.578+0000] {dagbag.py:545} INFO - Filling up the DagBag from /opt/airflow/dags/oltp_s3_dwh_dict.py
[2026-02-25T17:05:04.202+0000] {logging_mixin.py:188} INFO - [2026-02-25T17:05:04.192+0000] {dagbag.py:355} ERROR - Failed to import: /opt/airflow/dags/oltp_s3_dwh_dict.py
Traceback (most recent call last):
  File "/home/airflow/.local/lib/python3.12/site-packages/airflow/models/dagbag.py", line 351, in parse
    loader.exec_module(new_module)
  File "<frozen importlib._bootstrap_external>", line 995, in exec_module
  File "<frozen importlib._bootstrap>", line 488, in _call_with_frames_removed
  File "/opt/airflow/dags/oltp_s3_dwh_dict.py", line 8, in <module>
    from airflow.providers.standard.operators.empty import EmptyOperator
ModuleNotFoundError: No module named 'airflow.providers.standard'
[2026-02-25T17:05:04.205+0000] {processor.py:842} WARNING - No viable dags retrieved from /opt/airflow/dags/oltp_s3_dwh_dict.py
[2026-02-25T17:05:04.238+0000] {processor.py:183} INFO - Processing /opt/airflow/dags/oltp_s3_dwh_dict.py took 0.672 seconds
[2026-02-25T17:05:04.391+0000] {processor.py:161} INFO - Started process (PID=4186) to work on /opt/airflow/dags/oltp_s3_dwh_dict.py
[2026-02-25T17:05:04.393+0000] {processor.py:830} INFO - Processing file /opt/airflow/dags/oltp_s3_dwh_dict.py for tasks to queue
[2026-02-25T17:05:04.397+0000] {logging_mixin.py:188} INFO - [2026-02-25T17:05:04.396+0000] {dagbag.py:545} INFO - Filling up the DagBag from /opt/airflow/dags/oltp_s3_dwh_dict.py
[2026-02-25T17:05:04.967+0000] {logging_mixin.py:188} INFO - [2026-02-25T17:05:04.957+0000] {dagbag.py:355} ERROR - Failed to import: /opt/airflow/dags/oltp_s3_dwh_dict.py
Traceback (most recent call last):
  File "/home/airflow/.local/lib/python3.12/site-packages/airflow/models/dagbag.py", line 351, in parse
    loader.exec_module(new_module)
  File "<frozen importlib._bootstrap_external>", line 995, in exec_module
  File "<frozen importlib._bootstrap>", line 488, in _call_with_frames_removed
  File "/opt/airflow/dags/oltp_s3_dwh_dict.py", line 8, in <module>
    from airflow.providers.standard.operators.empty import EmptyOperator
ModuleNotFoundError: No module named 'airflow.providers.standard'
[2026-02-25T17:05:04.970+0000] {processor.py:842} WARNING - No viable dags retrieved from /opt/airflow/dags/oltp_s3_dwh_dict.py
[2026-02-25T17:05:04.988+0000] {processor.py:183} INFO - Processing /opt/airflow/dags/oltp_s3_dwh_dict.py took 0.606 seconds
[2026-02-25T17:05:05.050+0000] {processor.py:161} INFO - Started process (PID=4192) to work on /opt/airflow/dags/oltp_s3_dwh_dict.py
[2026-02-25T17:05:05.051+0000] {processor.py:830} INFO - Processing file /opt/airflow/dags/oltp_s3_dwh_dict.py for tasks to queue
[2026-02-25T17:05:05.054+0000] {logging_mixin.py:188} INFO - [2026-02-25T17:05:05.053+0000] {dagbag.py:545} INFO - Filling up the DagBag from /opt/airflow/dags/oltp_s3_dwh_dict.py
[2026-02-25T17:05:05.548+0000] {logging_mixin.py:188} INFO - [2026-02-25T17:05:05.542+0000] {dagbag.py:355} ERROR - Failed to import: /opt/airflow/dags/oltp_s3_dwh_dict.py
Traceback (most recent call last):
  File "/home/airflow/.local/lib/python3.12/site-packages/airflow/models/dagbag.py", line 351, in parse
    loader.exec_module(new_module)
  File "<frozen importlib._bootstrap_external>", line 995, in exec_module
  File "<frozen importlib._bootstrap>", line 488, in _call_with_frames_removed
  File "/opt/airflow/dags/oltp_s3_dwh_dict.py", line 8, in <module>
    from airflow.providers.standard.operators.empty import EmptyOperator
ModuleNotFoundError: No module named 'airflow.providers.standard'
[2026-02-25T17:05:05.551+0000] {processor.py:842} WARNING - No viable dags retrieved from /opt/airflow/dags/oltp_s3_dwh_dict.py
[2026-02-25T17:05:05.574+0000] {processor.py:183} INFO - Processing /opt/airflow/dags/oltp_s3_dwh_dict.py took 0.531 seconds
[2026-02-25T17:05:33.679+0000] {processor.py:161} INFO - Started process (PID=4226) to work on /opt/airflow/dags/oltp_s3_dwh_dict.py
[2026-02-25T17:05:33.681+0000] {processor.py:830} INFO - Processing file /opt/airflow/dags/oltp_s3_dwh_dict.py for tasks to queue
[2026-02-25T17:05:33.683+0000] {logging_mixin.py:188} INFO - [2026-02-25T17:05:33.683+0000] {dagbag.py:545} INFO - Filling up the DagBag from /opt/airflow/dags/oltp_s3_dwh_dict.py
[2026-02-25T17:05:34.331+0000] {logging_mixin.py:188} INFO - [2026-02-25T17:05:34.322+0000] {dagbag.py:355} ERROR - Failed to import: /opt/airflow/dags/oltp_s3_dwh_dict.py
Traceback (most recent call last):
  File "/home/airflow/.local/lib/python3.12/site-packages/airflow/models/dagbag.py", line 351, in parse
    loader.exec_module(new_module)
  File "<frozen importlib._bootstrap_external>", line 995, in exec_module
  File "<frozen importlib._bootstrap>", line 488, in _call_with_frames_removed
  File "/opt/airflow/dags/oltp_s3_dwh_dict.py", line 8, in <module>
    from airflow.providers.standard.operators.empty import EmptyOperator
ModuleNotFoundError: No module named 'airflow.providers.standard'
[2026-02-25T17:05:34.334+0000] {processor.py:842} WARNING - No viable dags retrieved from /opt/airflow/dags/oltp_s3_dwh_dict.py
[2026-02-25T17:05:34.364+0000] {processor.py:183} INFO - Processing /opt/airflow/dags/oltp_s3_dwh_dict.py took 0.692 seconds
[2026-02-25T17:05:34.459+0000] {processor.py:161} INFO - Started process (PID=4232) to work on /opt/airflow/dags/oltp_s3_dwh_dict.py
[2026-02-25T17:05:34.461+0000] {processor.py:830} INFO - Processing file /opt/airflow/dags/oltp_s3_dwh_dict.py for tasks to queue
[2026-02-25T17:05:34.463+0000] {logging_mixin.py:188} INFO - [2026-02-25T17:05:34.463+0000] {dagbag.py:545} INFO - Filling up the DagBag from /opt/airflow/dags/oltp_s3_dwh_dict.py
[2026-02-25T17:05:34.977+0000] {logging_mixin.py:188} INFO - [2026-02-25T17:05:34.969+0000] {dagbag.py:355} ERROR - Failed to import: /opt/airflow/dags/oltp_s3_dwh_dict.py
Traceback (most recent call last):
  File "/home/airflow/.local/lib/python3.12/site-packages/airflow/models/dagbag.py", line 351, in parse
    loader.exec_module(new_module)
  File "<frozen importlib._bootstrap_external>", line 995, in exec_module
  File "<frozen importlib._bootstrap>", line 488, in _call_with_frames_removed
  File "/opt/airflow/dags/oltp_s3_dwh_dict.py", line 8, in <module>
    from airflow.providers.standard.operators.empty import EmptyOperator
ModuleNotFoundError: No module named 'airflow.providers.standard'
[2026-02-25T17:05:34.978+0000] {processor.py:842} WARNING - No viable dags retrieved from /opt/airflow/dags/oltp_s3_dwh_dict.py
[2026-02-25T17:05:35.001+0000] {processor.py:183} INFO - Processing /opt/airflow/dags/oltp_s3_dwh_dict.py took 0.558 seconds
[2026-02-25T17:05:35.059+0000] {processor.py:161} INFO - Started process (PID=4238) to work on /opt/airflow/dags/oltp_s3_dwh_dict.py
[2026-02-25T17:05:35.060+0000] {processor.py:830} INFO - Processing file /opt/airflow/dags/oltp_s3_dwh_dict.py for tasks to queue
[2026-02-25T17:05:35.063+0000] {logging_mixin.py:188} INFO - [2026-02-25T17:05:35.062+0000] {dagbag.py:545} INFO - Filling up the DagBag from /opt/airflow/dags/oltp_s3_dwh_dict.py
[2026-02-25T17:05:35.558+0000] {logging_mixin.py:188} INFO - [2026-02-25T17:05:35.551+0000] {dagbag.py:355} ERROR - Failed to import: /opt/airflow/dags/oltp_s3_dwh_dict.py
Traceback (most recent call last):
  File "/home/airflow/.local/lib/python3.12/site-packages/airflow/models/dagbag.py", line 351, in parse
    loader.exec_module(new_module)
  File "<frozen importlib._bootstrap_external>", line 995, in exec_module
  File "<frozen importlib._bootstrap>", line 488, in _call_with_frames_removed
  File "/opt/airflow/dags/oltp_s3_dwh_dict.py", line 8, in <module>
    from airflow.providers.standard.operators.empty import EmptyOperator
ModuleNotFoundError: No module named 'airflow.providers.standard'
[2026-02-25T17:05:35.560+0000] {processor.py:842} WARNING - No viable dags retrieved from /opt/airflow/dags/oltp_s3_dwh_dict.py
[2026-02-25T17:05:35.581+0000] {processor.py:183} INFO - Processing /opt/airflow/dags/oltp_s3_dwh_dict.py took 0.528 seconds
[2026-02-25T17:05:56.914+0000] {processor.py:161} INFO - Started process (PID=4264) to work on /opt/airflow/dags/oltp_s3_dwh_dict.py
[2026-02-25T17:05:56.916+0000] {processor.py:830} INFO - Processing file /opt/airflow/dags/oltp_s3_dwh_dict.py for tasks to queue
[2026-02-25T17:05:56.922+0000] {logging_mixin.py:188} INFO - [2026-02-25T17:05:56.922+0000] {dagbag.py:545} INFO - Filling up the DagBag from /opt/airflow/dags/oltp_s3_dwh_dict.py
[2026-02-25T17:05:57.552+0000] {logging_mixin.py:188} INFO - [2026-02-25T17:05:57.546+0000] {dagbag.py:355} ERROR - Failed to import: /opt/airflow/dags/oltp_s3_dwh_dict.py
Traceback (most recent call last):
  File "/home/airflow/.local/lib/python3.12/site-packages/airflow/models/dagbag.py", line 351, in parse
    loader.exec_module(new_module)
  File "<frozen importlib._bootstrap_external>", line 995, in exec_module
  File "<frozen importlib._bootstrap>", line 488, in _call_with_frames_removed
  File "/opt/airflow/dags/oltp_s3_dwh_dict.py", line 8, in <module>
    from airflow.providers.standard.operators.empty import EmptyOperator
ModuleNotFoundError: No module named 'airflow.providers.standard'
[2026-02-25T17:05:57.554+0000] {processor.py:842} WARNING - No viable dags retrieved from /opt/airflow/dags/oltp_s3_dwh_dict.py
[2026-02-25T17:05:57.581+0000] {processor.py:183} INFO - Processing /opt/airflow/dags/oltp_s3_dwh_dict.py took 0.685 seconds
[2026-02-25T17:06:28.102+0000] {processor.py:161} INFO - Started process (PID=4290) to work on /opt/airflow/dags/oltp_s3_dwh_dict.py
[2026-02-25T17:06:28.103+0000] {processor.py:830} INFO - Processing file /opt/airflow/dags/oltp_s3_dwh_dict.py for tasks to queue
[2026-02-25T17:06:28.108+0000] {logging_mixin.py:188} INFO - [2026-02-25T17:06:28.107+0000] {dagbag.py:545} INFO - Filling up the DagBag from /opt/airflow/dags/oltp_s3_dwh_dict.py
[2026-02-25T17:06:28.671+0000] {logging_mixin.py:188} INFO - [2026-02-25T17:06:28.665+0000] {dagbag.py:355} ERROR - Failed to import: /opt/airflow/dags/oltp_s3_dwh_dict.py
Traceback (most recent call last):
  File "/home/airflow/.local/lib/python3.12/site-packages/airflow/models/dagbag.py", line 351, in parse
    loader.exec_module(new_module)
  File "<frozen importlib._bootstrap_external>", line 995, in exec_module
  File "<frozen importlib._bootstrap>", line 488, in _call_with_frames_removed
  File "/opt/airflow/dags/oltp_s3_dwh_dict.py", line 8, in <module>
    from airflow.providers.standard.operators.empty import EmptyOperator
ModuleNotFoundError: No module named 'airflow.providers.standard'
[2026-02-25T17:06:28.673+0000] {processor.py:842} WARNING - No viable dags retrieved from /opt/airflow/dags/oltp_s3_dwh_dict.py
[2026-02-25T17:06:28.695+0000] {processor.py:183} INFO - Processing /opt/airflow/dags/oltp_s3_dwh_dict.py took 0.600 seconds
[2026-02-25T17:06:58.826+0000] {processor.py:161} INFO - Started process (PID=4322) to work on /opt/airflow/dags/oltp_s3_dwh_dict.py
[2026-02-25T17:06:58.828+0000] {processor.py:830} INFO - Processing file /opt/airflow/dags/oltp_s3_dwh_dict.py for tasks to queue
[2026-02-25T17:06:58.831+0000] {logging_mixin.py:188} INFO - [2026-02-25T17:06:58.831+0000] {dagbag.py:545} INFO - Filling up the DagBag from /opt/airflow/dags/oltp_s3_dwh_dict.py
[2026-02-25T17:06:59.373+0000] {logging_mixin.py:188} INFO - [2026-02-25T17:06:59.364+0000] {dagbag.py:355} ERROR - Failed to import: /opt/airflow/dags/oltp_s3_dwh_dict.py
Traceback (most recent call last):
  File "/home/airflow/.local/lib/python3.12/site-packages/airflow/models/dagbag.py", line 351, in parse
    loader.exec_module(new_module)
  File "<frozen importlib._bootstrap_external>", line 995, in exec_module
  File "<frozen importlib._bootstrap>", line 488, in _call_with_frames_removed
  File "/opt/airflow/dags/oltp_s3_dwh_dict.py", line 8, in <module>
    from airflow.providers.standard.operators.empty import EmptyOperator
ModuleNotFoundError: No module named 'airflow.providers.standard'
[2026-02-25T17:06:59.375+0000] {processor.py:842} WARNING - No viable dags retrieved from /opt/airflow/dags/oltp_s3_dwh_dict.py
[2026-02-25T17:06:59.394+0000] {processor.py:183} INFO - Processing /opt/airflow/dags/oltp_s3_dwh_dict.py took 0.574 seconds
[2026-02-25T17:07:08.366+0000] {processor.py:161} INFO - Started process (PID=4334) to work on /opt/airflow/dags/oltp_s3_dwh_dict.py
[2026-02-25T17:07:08.367+0000] {processor.py:830} INFO - Processing file /opt/airflow/dags/oltp_s3_dwh_dict.py for tasks to queue
[2026-02-25T17:07:08.370+0000] {logging_mixin.py:188} INFO - [2026-02-25T17:07:08.369+0000] {dagbag.py:545} INFO - Filling up the DagBag from /opt/airflow/dags/oltp_s3_dwh_dict.py
[2026-02-25T17:07:08.930+0000] {logging_mixin.py:188} INFO - [2026-02-25T17:07:08.925+0000] {dagbag.py:355} ERROR - Failed to import: /opt/airflow/dags/oltp_s3_dwh_dict.py
Traceback (most recent call last):
  File "/home/airflow/.local/lib/python3.12/site-packages/airflow/models/dagbag.py", line 351, in parse
    loader.exec_module(new_module)
  File "<frozen importlib._bootstrap_external>", line 995, in exec_module
  File "<frozen importlib._bootstrap>", line 488, in _call_with_frames_removed
  File "/opt/airflow/dags/oltp_s3_dwh_dict.py", line 8, in <module>
    from airflow.providers.standard.operators.empty import EmptyOperator
ModuleNotFoundError: No module named 'airflow.providers.standard'
[2026-02-25T17:07:08.932+0000] {processor.py:842} WARNING - No viable dags retrieved from /opt/airflow/dags/oltp_s3_dwh_dict.py
[2026-02-25T17:07:08.951+0000] {processor.py:183} INFO - Processing /opt/airflow/dags/oltp_s3_dwh_dict.py took 0.592 seconds
[2026-02-25T17:07:38.666+0000] {processor.py:161} INFO - Started process (PID=4360) to work on /opt/airflow/dags/oltp_s3_dwh_dict.py
[2026-02-25T17:07:38.668+0000] {processor.py:830} INFO - Processing file /opt/airflow/dags/oltp_s3_dwh_dict.py for tasks to queue
[2026-02-25T17:07:38.670+0000] {logging_mixin.py:188} INFO - [2026-02-25T17:07:38.670+0000] {dagbag.py:545} INFO - Filling up the DagBag from /opt/airflow/dags/oltp_s3_dwh_dict.py
[2026-02-25T17:07:39.282+0000] {logging_mixin.py:188} INFO - [2026-02-25T17:07:39.275+0000] {dagbag.py:355} ERROR - Failed to import: /opt/airflow/dags/oltp_s3_dwh_dict.py
Traceback (most recent call last):
  File "/home/airflow/.local/lib/python3.12/site-packages/airflow/models/dagbag.py", line 351, in parse
    loader.exec_module(new_module)
  File "<frozen importlib._bootstrap_external>", line 995, in exec_module
  File "<frozen importlib._bootstrap>", line 488, in _call_with_frames_removed
  File "/opt/airflow/dags/oltp_s3_dwh_dict.py", line 8, in <module>
    from airflow.providers.standard.operators.empty import EmptyOperator
ModuleNotFoundError: No module named 'airflow.providers.standard'
[2026-02-25T17:07:39.286+0000] {processor.py:842} WARNING - No viable dags retrieved from /opt/airflow/dags/oltp_s3_dwh_dict.py
[2026-02-25T17:07:39.308+0000] {processor.py:183} INFO - Processing /opt/airflow/dags/oltp_s3_dwh_dict.py took 0.649 seconds
[2026-02-25T17:08:09.965+0000] {processor.py:161} INFO - Started process (PID=4394) to work on /opt/airflow/dags/oltp_s3_dwh_dict.py
[2026-02-25T17:08:09.966+0000] {processor.py:830} INFO - Processing file /opt/airflow/dags/oltp_s3_dwh_dict.py for tasks to queue
[2026-02-25T17:08:09.969+0000] {logging_mixin.py:188} INFO - [2026-02-25T17:08:09.968+0000] {dagbag.py:545} INFO - Filling up the DagBag from /opt/airflow/dags/oltp_s3_dwh_dict.py
[2026-02-25T17:08:10.506+0000] {logging_mixin.py:188} INFO - [2026-02-25T17:08:10.499+0000] {dagbag.py:355} ERROR - Failed to import: /opt/airflow/dags/oltp_s3_dwh_dict.py
Traceback (most recent call last):
  File "/home/airflow/.local/lib/python3.12/site-packages/airflow/models/dagbag.py", line 351, in parse
    loader.exec_module(new_module)
  File "<frozen importlib._bootstrap_external>", line 995, in exec_module
  File "<frozen importlib._bootstrap>", line 488, in _call_with_frames_removed
  File "/opt/airflow/dags/oltp_s3_dwh_dict.py", line 8, in <module>
    from airflow.providers.standard.operators.empty import EmptyOperator
ModuleNotFoundError: No module named 'airflow.providers.standard'
[2026-02-25T17:08:10.509+0000] {processor.py:842} WARNING - No viable dags retrieved from /opt/airflow/dags/oltp_s3_dwh_dict.py
[2026-02-25T17:08:10.531+0000] {processor.py:183} INFO - Processing /opt/airflow/dags/oltp_s3_dwh_dict.py took 0.573 seconds
[2026-02-25T17:08:41.170+0000] {processor.py:161} INFO - Started process (PID=4420) to work on /opt/airflow/dags/oltp_s3_dwh_dict.py
[2026-02-25T17:08:41.172+0000] {processor.py:830} INFO - Processing file /opt/airflow/dags/oltp_s3_dwh_dict.py for tasks to queue
[2026-02-25T17:08:41.175+0000] {logging_mixin.py:188} INFO - [2026-02-25T17:08:41.174+0000] {dagbag.py:545} INFO - Filling up the DagBag from /opt/airflow/dags/oltp_s3_dwh_dict.py
[2026-02-25T17:08:41.767+0000] {logging_mixin.py:188} INFO - [2026-02-25T17:08:41.758+0000] {dagbag.py:355} ERROR - Failed to import: /opt/airflow/dags/oltp_s3_dwh_dict.py
Traceback (most recent call last):
  File "/home/airflow/.local/lib/python3.12/site-packages/airflow/models/dagbag.py", line 351, in parse
    loader.exec_module(new_module)
  File "<frozen importlib._bootstrap_external>", line 995, in exec_module
  File "<frozen importlib._bootstrap>", line 488, in _call_with_frames_removed
  File "/opt/airflow/dags/oltp_s3_dwh_dict.py", line 8, in <module>
    from airflow.providers.standard.operators.empty import EmptyOperator
ModuleNotFoundError: No module named 'airflow.providers.standard'
[2026-02-25T17:08:41.771+0000] {processor.py:842} WARNING - No viable dags retrieved from /opt/airflow/dags/oltp_s3_dwh_dict.py
[2026-02-25T17:08:41.797+0000] {processor.py:183} INFO - Processing /opt/airflow/dags/oltp_s3_dwh_dict.py took 0.633 seconds
[2026-02-25T17:09:12.172+0000] {processor.py:161} INFO - Started process (PID=4453) to work on /opt/airflow/dags/oltp_s3_dwh_dict.py
[2026-02-25T17:09:12.174+0000] {processor.py:830} INFO - Processing file /opt/airflow/dags/oltp_s3_dwh_dict.py for tasks to queue
[2026-02-25T17:09:12.176+0000] {logging_mixin.py:188} INFO - [2026-02-25T17:09:12.176+0000] {dagbag.py:545} INFO - Filling up the DagBag from /opt/airflow/dags/oltp_s3_dwh_dict.py
[2026-02-25T17:09:12.748+0000] {logging_mixin.py:188} INFO - [2026-02-25T17:09:12.740+0000] {dagbag.py:355} ERROR - Failed to import: /opt/airflow/dags/oltp_s3_dwh_dict.py
Traceback (most recent call last):
  File "/home/airflow/.local/lib/python3.12/site-packages/airflow/models/dagbag.py", line 351, in parse
    loader.exec_module(new_module)
  File "<frozen importlib._bootstrap_external>", line 995, in exec_module
  File "<frozen importlib._bootstrap>", line 488, in _call_with_frames_removed
  File "/opt/airflow/dags/oltp_s3_dwh_dict.py", line 8, in <module>
    from airflow.providers.standard.operators.empty import EmptyOperator
ModuleNotFoundError: No module named 'airflow.providers.standard'
[2026-02-25T17:09:12.752+0000] {processor.py:842} WARNING - No viable dags retrieved from /opt/airflow/dags/oltp_s3_dwh_dict.py
[2026-02-25T17:09:12.773+0000] {processor.py:183} INFO - Processing /opt/airflow/dags/oltp_s3_dwh_dict.py took 0.608 seconds
[2026-02-25T17:09:25.924+0000] {processor.py:161} INFO - Started process (PID=4466) to work on /opt/airflow/dags/oltp_s3_dwh_dict.py
[2026-02-25T17:09:25.926+0000] {processor.py:830} INFO - Processing file /opt/airflow/dags/oltp_s3_dwh_dict.py for tasks to queue
[2026-02-25T17:09:25.931+0000] {logging_mixin.py:188} INFO - [2026-02-25T17:09:25.930+0000] {dagbag.py:545} INFO - Filling up the DagBag from /opt/airflow/dags/oltp_s3_dwh_dict.py
[2026-02-25T17:09:26.479+0000] {logging_mixin.py:188} INFO - [2026-02-25T17:09:26.470+0000] {dagbag.py:355} ERROR - Failed to import: /opt/airflow/dags/oltp_s3_dwh_dict.py
Traceback (most recent call last):
  File "/home/airflow/.local/lib/python3.12/site-packages/airflow/models/dagbag.py", line 351, in parse
    loader.exec_module(new_module)
  File "<frozen importlib._bootstrap_external>", line 995, in exec_module
  File "<frozen importlib._bootstrap>", line 488, in _call_with_frames_removed
  File "/opt/airflow/dags/oltp_s3_dwh_dict.py", line 9, in <module>
    from airflow.providers.standard.operators.empty import EmptyOperator
ModuleNotFoundError: No module named 'airflow.providers.standard'
[2026-02-25T17:09:26.483+0000] {processor.py:842} WARNING - No viable dags retrieved from /opt/airflow/dags/oltp_s3_dwh_dict.py
[2026-02-25T17:09:26.504+0000] {processor.py:183} INFO - Processing /opt/airflow/dags/oltp_s3_dwh_dict.py took 0.591 seconds
[2026-02-25T17:09:39.990+0000] {processor.py:161} INFO - Started process (PID=4485) to work on /opt/airflow/dags/oltp_s3_dwh_dict.py
[2026-02-25T17:09:39.992+0000] {processor.py:830} INFO - Processing file /opt/airflow/dags/oltp_s3_dwh_dict.py for tasks to queue
[2026-02-25T17:09:39.994+0000] {logging_mixin.py:188} INFO - [2026-02-25T17:09:39.993+0000] {dagbag.py:545} INFO - Filling up the DagBag from /opt/airflow/dags/oltp_s3_dwh_dict.py
[2026-02-25T17:09:40.551+0000] {processor.py:840} INFO - DAG(s) 'oltp_s3_dwh' retrieved from /opt/airflow/dags/oltp_s3_dwh_dict.py
[2026-02-25T17:09:40.749+0000] {logging_mixin.py:188} INFO - [2026-02-25T17:09:40.748+0000] {override.py:1858} INFO - Created Permission View: can delete on DAG:oltp_s3_dwh
[2026-02-25T17:09:40.764+0000] {logging_mixin.py:188} INFO - [2026-02-25T17:09:40.763+0000] {override.py:1858} INFO - Created Permission View: can edit on DAG:oltp_s3_dwh
[2026-02-25T17:09:40.776+0000] {logging_mixin.py:188} INFO - [2026-02-25T17:09:40.776+0000] {override.py:1858} INFO - Created Permission View: can read on DAG:oltp_s3_dwh
[2026-02-25T17:09:40.778+0000] {logging_mixin.py:188} INFO - [2026-02-25T17:09:40.777+0000] {dag.py:3089} INFO - Sync 1 DAGs
[2026-02-25T17:09:40.794+0000] {logging_mixin.py:188} INFO - [2026-02-25T17:09:40.792+0000] {dag.py:3111} INFO - Creating ORM DAG for oltp_s3_dwh
[2026-02-25T17:09:40.808+0000] {logging_mixin.py:188} INFO - [2026-02-25T17:09:40.808+0000] {dag.py:3947} INFO - Setting next_dagrun for oltp_s3_dwh to 2025-01-01 00:00:00+00:00, run_after=2025-01-02 00:00:00+00:00
[2026-02-25T17:09:40.847+0000] {processor.py:183} INFO - Processing /opt/airflow/dags/oltp_s3_dwh_dict.py took 0.864 seconds
[2026-02-25T17:09:40.919+0000] {processor.py:161} INFO - Started process (PID=4491) to work on /opt/airflow/dags/oltp_s3_dwh_dict.py
[2026-02-25T17:09:40.920+0000] {processor.py:830} INFO - Processing file /opt/airflow/dags/oltp_s3_dwh_dict.py for tasks to queue
[2026-02-25T17:09:40.923+0000] {logging_mixin.py:188} INFO - [2026-02-25T17:09:40.922+0000] {dagbag.py:545} INFO - Filling up the DagBag from /opt/airflow/dags/oltp_s3_dwh_dict.py
[2026-02-25T17:09:41.441+0000] {processor.py:840} INFO - DAG(s) 'oltp_s3_dwh' retrieved from /opt/airflow/dags/oltp_s3_dwh_dict.py
[2026-02-25T17:09:41.455+0000] {logging_mixin.py:188} INFO - [2026-02-25T17:09:41.454+0000] {dag.py:3089} INFO - Sync 1 DAGs
[2026-02-25T17:09:41.481+0000] {logging_mixin.py:188} INFO - [2026-02-25T17:09:41.481+0000] {dag.py:3947} INFO - Setting next_dagrun for oltp_s3_dwh to 2025-01-01 00:00:00+00:00, run_after=2025-01-02 00:00:00+00:00
[2026-02-25T17:09:41.512+0000] {processor.py:183} INFO - Processing /opt/airflow/dags/oltp_s3_dwh_dict.py took 0.601 seconds
[2026-02-25T17:10:00.259+0000] {processor.py:161} INFO - Started process (PID=4511) to work on /opt/airflow/dags/oltp_s3_dwh_dict.py
[2026-02-25T17:10:00.261+0000] {processor.py:830} INFO - Processing file /opt/airflow/dags/oltp_s3_dwh_dict.py for tasks to queue
[2026-02-25T17:10:00.264+0000] {logging_mixin.py:188} INFO - [2026-02-25T17:10:00.264+0000] {dagbag.py:545} INFO - Filling up the DagBag from /opt/airflow/dags/oltp_s3_dwh_dict.py
[2026-02-25T17:10:00.902+0000] {processor.py:840} INFO - DAG(s) 'oltp_s3_dwh' retrieved from /opt/airflow/dags/oltp_s3_dwh_dict.py
[2026-02-25T17:10:00.922+0000] {logging_mixin.py:188} INFO - [2026-02-25T17:10:00.922+0000] {dag.py:3089} INFO - Sync 1 DAGs
[2026-02-25T17:10:00.948+0000] {logging_mixin.py:188} INFO - [2026-02-25T17:10:00.948+0000] {dag.py:3947} INFO - Setting next_dagrun for oltp_s3_dwh to 2026-02-24 00:00:00+00:00, run_after=2026-02-25 00:00:00+00:00
[2026-02-25T17:10:01.000+0000] {processor.py:183} INFO - Processing /opt/airflow/dags/oltp_s3_dwh_dict.py took 0.754 seconds
[2026-02-25T17:10:31.100+0000] {processor.py:161} INFO - Started process (PID=4540) to work on /opt/airflow/dags/oltp_s3_dwh_dict.py
[2026-02-25T17:10:31.102+0000] {processor.py:830} INFO - Processing file /opt/airflow/dags/oltp_s3_dwh_dict.py for tasks to queue
[2026-02-25T17:10:31.105+0000] {logging_mixin.py:188} INFO - [2026-02-25T17:10:31.105+0000] {dagbag.py:545} INFO - Filling up the DagBag from /opt/airflow/dags/oltp_s3_dwh_dict.py
[2026-02-25T17:10:31.765+0000] {processor.py:840} INFO - DAG(s) 'oltp_s3_dwh' retrieved from /opt/airflow/dags/oltp_s3_dwh_dict.py
[2026-02-25T17:10:31.881+0000] {logging_mixin.py:188} INFO - [2026-02-25T17:10:31.881+0000] {dag.py:3089} INFO - Sync 1 DAGs
[2026-02-25T17:10:31.913+0000] {logging_mixin.py:188} INFO - [2026-02-25T17:10:31.913+0000] {dag.py:3947} INFO - Setting next_dagrun for oltp_s3_dwh to 2026-02-25 00:00:00+00:00, run_after=2026-02-26 00:00:00+00:00
[2026-02-25T17:10:31.937+0000] {processor.py:183} INFO - Processing /opt/airflow/dags/oltp_s3_dwh_dict.py took 0.849 seconds
[2026-02-25T17:10:42.379+0000] {processor.py:161} INFO - Started process (PID=4559) to work on /opt/airflow/dags/oltp_s3_dwh_dict.py
[2026-02-25T17:10:42.381+0000] {processor.py:830} INFO - Processing file /opt/airflow/dags/oltp_s3_dwh_dict.py for tasks to queue
[2026-02-25T17:10:42.385+0000] {logging_mixin.py:188} INFO - [2026-02-25T17:10:42.384+0000] {dagbag.py:545} INFO - Filling up the DagBag from /opt/airflow/dags/oltp_s3_dwh_dict.py
[2026-02-25T17:10:42.937+0000] {processor.py:840} INFO - DAG(s) 'oltp_s3_dwh' retrieved from /opt/airflow/dags/oltp_s3_dwh_dict.py
[2026-02-25T17:10:42.946+0000] {logging_mixin.py:188} INFO - [2026-02-25T17:10:42.945+0000] {dag.py:3089} INFO - Sync 1 DAGs
[2026-02-25T17:10:42.972+0000] {logging_mixin.py:188} INFO - [2026-02-25T17:10:42.972+0000] {dag.py:3947} INFO - Setting next_dagrun for oltp_s3_dwh to 2026-02-25 00:00:00+00:00, run_after=2026-02-26 00:00:00+00:00
[2026-02-25T17:10:43.001+0000] {processor.py:183} INFO - Processing /opt/airflow/dags/oltp_s3_dwh_dict.py took 0.630 seconds
[2026-02-25T17:11:13.430+0000] {processor.py:161} INFO - Started process (PID=4593) to work on /opt/airflow/dags/oltp_s3_dwh_dict.py
[2026-02-25T17:11:13.432+0000] {processor.py:830} INFO - Processing file /opt/airflow/dags/oltp_s3_dwh_dict.py for tasks to queue
[2026-02-25T17:11:13.437+0000] {logging_mixin.py:188} INFO - [2026-02-25T17:11:13.436+0000] {dagbag.py:545} INFO - Filling up the DagBag from /opt/airflow/dags/oltp_s3_dwh_dict.py
[2026-02-25T17:11:14.050+0000] {processor.py:840} INFO - DAG(s) 'oltp_s3_dwh' retrieved from /opt/airflow/dags/oltp_s3_dwh_dict.py
[2026-02-25T17:11:14.213+0000] {logging_mixin.py:188} INFO - [2026-02-25T17:11:14.213+0000] {dag.py:3089} INFO - Sync 1 DAGs
[2026-02-25T17:11:14.225+0000] {logging_mixin.py:188} INFO - [2026-02-25T17:11:14.224+0000] {dag.py:3111} INFO - Creating ORM DAG for oltp_s3_dwh
[2026-02-25T17:11:14.239+0000] {logging_mixin.py:188} INFO - [2026-02-25T17:11:14.239+0000] {dag.py:3947} INFO - Setting next_dagrun for oltp_s3_dwh to 2026-02-24 00:00:00+00:00, run_after=2026-02-25 00:00:00+00:00
[2026-02-25T17:11:14.265+0000] {processor.py:183} INFO - Processing /opt/airflow/dags/oltp_s3_dwh_dict.py took 0.844 seconds
[2026-02-25T17:11:44.639+0000] {processor.py:161} INFO - Started process (PID=4624) to work on /opt/airflow/dags/oltp_s3_dwh_dict.py
[2026-02-25T17:11:44.641+0000] {processor.py:830} INFO - Processing file /opt/airflow/dags/oltp_s3_dwh_dict.py for tasks to queue
[2026-02-25T17:11:44.643+0000] {logging_mixin.py:188} INFO - [2026-02-25T17:11:44.643+0000] {dagbag.py:545} INFO - Filling up the DagBag from /opt/airflow/dags/oltp_s3_dwh_dict.py
[2026-02-25T17:11:45.153+0000] {processor.py:840} INFO - DAG(s) 'oltp_s3_dwh' retrieved from /opt/airflow/dags/oltp_s3_dwh_dict.py
[2026-02-25T17:11:45.184+0000] {logging_mixin.py:188} INFO - [2026-02-25T17:11:45.183+0000] {dag.py:3089} INFO - Sync 1 DAGs
[2026-02-25T17:11:45.218+0000] {logging_mixin.py:188} INFO - [2026-02-25T17:11:45.217+0000] {dag.py:3947} INFO - Setting next_dagrun for oltp_s3_dwh to 2026-02-25 00:00:00+00:00, run_after=2026-02-26 00:00:00+00:00
[2026-02-25T17:11:45.246+0000] {processor.py:183} INFO - Processing /opt/airflow/dags/oltp_s3_dwh_dict.py took 0.614 seconds
[2026-02-25T17:12:15.427+0000] {processor.py:161} INFO - Started process (PID=4657) to work on /opt/airflow/dags/oltp_s3_dwh_dict.py
[2026-02-25T17:12:15.428+0000] {processor.py:830} INFO - Processing file /opt/airflow/dags/oltp_s3_dwh_dict.py for tasks to queue
[2026-02-25T17:12:15.431+0000] {logging_mixin.py:188} INFO - [2026-02-25T17:12:15.431+0000] {dagbag.py:545} INFO - Filling up the DagBag from /opt/airflow/dags/oltp_s3_dwh_dict.py
[2026-02-25T17:12:15.989+0000] {processor.py:840} INFO - DAG(s) 'oltp_s3_dwh' retrieved from /opt/airflow/dags/oltp_s3_dwh_dict.py
[2026-02-25T17:12:16.012+0000] {logging_mixin.py:188} INFO - [2026-02-25T17:12:16.011+0000] {dag.py:3089} INFO - Sync 1 DAGs
[2026-02-25T17:12:16.033+0000] {logging_mixin.py:188} INFO - [2026-02-25T17:12:16.033+0000] {dag.py:3947} INFO - Setting next_dagrun for oltp_s3_dwh to 2026-02-25 00:00:00+00:00, run_after=2026-02-26 00:00:00+00:00
[2026-02-25T17:12:16.053+0000] {processor.py:183} INFO - Processing /opt/airflow/dags/oltp_s3_dwh_dict.py took 0.635 seconds
[2026-02-25T17:12:46.266+0000] {processor.py:161} INFO - Started process (PID=4684) to work on /opt/airflow/dags/oltp_s3_dwh_dict.py
[2026-02-25T17:12:46.268+0000] {processor.py:830} INFO - Processing file /opt/airflow/dags/oltp_s3_dwh_dict.py for tasks to queue
[2026-02-25T17:12:46.272+0000] {logging_mixin.py:188} INFO - [2026-02-25T17:12:46.271+0000] {dagbag.py:545} INFO - Filling up the DagBag from /opt/airflow/dags/oltp_s3_dwh_dict.py
[2026-02-25T17:12:46.863+0000] {processor.py:840} INFO - DAG(s) 'oltp_s3_dwh' retrieved from /opt/airflow/dags/oltp_s3_dwh_dict.py
[2026-02-25T17:12:46.890+0000] {logging_mixin.py:188} INFO - [2026-02-25T17:12:46.890+0000] {dag.py:3089} INFO - Sync 1 DAGs
[2026-02-25T17:12:46.915+0000] {logging_mixin.py:188} INFO - [2026-02-25T17:12:46.915+0000] {dag.py:3947} INFO - Setting next_dagrun for oltp_s3_dwh to 2026-02-25 00:00:00+00:00, run_after=2026-02-26 00:00:00+00:00
[2026-02-25T17:12:46.947+0000] {processor.py:183} INFO - Processing /opt/airflow/dags/oltp_s3_dwh_dict.py took 0.690 seconds
[2026-02-25T17:13:17.221+0000] {processor.py:161} INFO - Started process (PID=4718) to work on /opt/airflow/dags/oltp_s3_dwh_dict.py
[2026-02-25T17:13:17.222+0000] {processor.py:830} INFO - Processing file /opt/airflow/dags/oltp_s3_dwh_dict.py for tasks to queue
[2026-02-25T17:13:17.225+0000] {logging_mixin.py:188} INFO - [2026-02-25T17:13:17.224+0000] {dagbag.py:545} INFO - Filling up the DagBag from /opt/airflow/dags/oltp_s3_dwh_dict.py
[2026-02-25T17:13:17.745+0000] {processor.py:840} INFO - DAG(s) 'oltp_s3_dwh' retrieved from /opt/airflow/dags/oltp_s3_dwh_dict.py
[2026-02-25T17:13:17.769+0000] {logging_mixin.py:188} INFO - [2026-02-25T17:13:17.769+0000] {dag.py:3089} INFO - Sync 1 DAGs
[2026-02-25T17:13:17.791+0000] {logging_mixin.py:188} INFO - [2026-02-25T17:13:17.791+0000] {dag.py:3947} INFO - Setting next_dagrun for oltp_s3_dwh to 2026-02-25 00:00:00+00:00, run_after=2026-02-26 00:00:00+00:00
[2026-02-25T17:13:17.817+0000] {processor.py:183} INFO - Processing /opt/airflow/dags/oltp_s3_dwh_dict.py took 0.602 seconds
[2026-02-25T17:13:48.079+0000] {processor.py:161} INFO - Started process (PID=4752) to work on /opt/airflow/dags/oltp_s3_dwh_dict.py
[2026-02-25T17:13:48.081+0000] {processor.py:830} INFO - Processing file /opt/airflow/dags/oltp_s3_dwh_dict.py for tasks to queue
[2026-02-25T17:13:48.083+0000] {logging_mixin.py:188} INFO - [2026-02-25T17:13:48.083+0000] {dagbag.py:545} INFO - Filling up the DagBag from /opt/airflow/dags/oltp_s3_dwh_dict.py
[2026-02-25T17:13:48.580+0000] {processor.py:840} INFO - DAG(s) 'oltp_s3_dwh' retrieved from /opt/airflow/dags/oltp_s3_dwh_dict.py
[2026-02-25T17:13:48.603+0000] {logging_mixin.py:188} INFO - [2026-02-25T17:13:48.603+0000] {dag.py:3089} INFO - Sync 1 DAGs
[2026-02-25T17:13:48.624+0000] {logging_mixin.py:188} INFO - [2026-02-25T17:13:48.624+0000] {dag.py:3947} INFO - Setting next_dagrun for oltp_s3_dwh to 2026-02-25 00:00:00+00:00, run_after=2026-02-26 00:00:00+00:00
[2026-02-25T17:13:48.643+0000] {processor.py:183} INFO - Processing /opt/airflow/dags/oltp_s3_dwh_dict.py took 0.570 seconds
[2026-02-25T17:14:18.892+0000] {processor.py:161} INFO - Started process (PID=4778) to work on /opt/airflow/dags/oltp_s3_dwh_dict.py
[2026-02-25T17:14:18.894+0000] {processor.py:830} INFO - Processing file /opt/airflow/dags/oltp_s3_dwh_dict.py for tasks to queue
[2026-02-25T17:14:18.897+0000] {logging_mixin.py:188} INFO - [2026-02-25T17:14:18.896+0000] {dagbag.py:545} INFO - Filling up the DagBag from /opt/airflow/dags/oltp_s3_dwh_dict.py
[2026-02-25T17:14:19.420+0000] {processor.py:840} INFO - DAG(s) 'oltp_s3_dwh' retrieved from /opt/airflow/dags/oltp_s3_dwh_dict.py
[2026-02-25T17:14:19.445+0000] {logging_mixin.py:188} INFO - [2026-02-25T17:14:19.445+0000] {dag.py:3089} INFO - Sync 1 DAGs
[2026-02-25T17:14:19.466+0000] {logging_mixin.py:188} INFO - [2026-02-25T17:14:19.466+0000] {dag.py:3947} INFO - Setting next_dagrun for oltp_s3_dwh to 2026-02-25 00:00:00+00:00, run_after=2026-02-26 00:00:00+00:00
[2026-02-25T17:14:19.496+0000] {processor.py:183} INFO - Processing /opt/airflow/dags/oltp_s3_dwh_dict.py took 0.611 seconds
[2026-02-25T17:14:49.790+0000] {processor.py:161} INFO - Started process (PID=4812) to work on /opt/airflow/dags/oltp_s3_dwh_dict.py
[2026-02-25T17:14:49.792+0000] {processor.py:830} INFO - Processing file /opt/airflow/dags/oltp_s3_dwh_dict.py for tasks to queue
[2026-02-25T17:14:49.795+0000] {logging_mixin.py:188} INFO - [2026-02-25T17:14:49.795+0000] {dagbag.py:545} INFO - Filling up the DagBag from /opt/airflow/dags/oltp_s3_dwh_dict.py
[2026-02-25T17:14:50.372+0000] {processor.py:840} INFO - DAG(s) 'oltp_s3_dwh' retrieved from /opt/airflow/dags/oltp_s3_dwh_dict.py
[2026-02-25T17:14:50.404+0000] {logging_mixin.py:188} INFO - [2026-02-25T17:14:50.404+0000] {dag.py:3089} INFO - Sync 1 DAGs
[2026-02-25T17:14:50.433+0000] {logging_mixin.py:188} INFO - [2026-02-25T17:14:50.433+0000] {dag.py:3947} INFO - Setting next_dagrun for oltp_s3_dwh to 2026-02-25 00:00:00+00:00, run_after=2026-02-26 00:00:00+00:00
[2026-02-25T17:14:50.460+0000] {processor.py:183} INFO - Processing /opt/airflow/dags/oltp_s3_dwh_dict.py took 0.676 seconds
[2026-02-25T17:15:20.805+0000] {processor.py:161} INFO - Started process (PID=4838) to work on /opt/airflow/dags/oltp_s3_dwh_dict.py
[2026-02-25T17:15:20.807+0000] {processor.py:830} INFO - Processing file /opt/airflow/dags/oltp_s3_dwh_dict.py for tasks to queue
[2026-02-25T17:15:20.809+0000] {logging_mixin.py:188} INFO - [2026-02-25T17:15:20.809+0000] {dagbag.py:545} INFO - Filling up the DagBag from /opt/airflow/dags/oltp_s3_dwh_dict.py
[2026-02-25T17:15:21.315+0000] {processor.py:840} INFO - DAG(s) 'oltp_s3_dwh' retrieved from /opt/airflow/dags/oltp_s3_dwh_dict.py
[2026-02-25T17:15:21.343+0000] {logging_mixin.py:188} INFO - [2026-02-25T17:15:21.342+0000] {dag.py:3089} INFO - Sync 1 DAGs
[2026-02-25T17:15:21.369+0000] {logging_mixin.py:188} INFO - [2026-02-25T17:15:21.369+0000] {dag.py:3947} INFO - Setting next_dagrun for oltp_s3_dwh to 2026-02-25 00:00:00+00:00, run_after=2026-02-26 00:00:00+00:00
[2026-02-25T17:15:21.392+0000] {processor.py:183} INFO - Processing /opt/airflow/dags/oltp_s3_dwh_dict.py took 0.593 seconds
[2026-02-25T17:15:51.666+0000] {processor.py:161} INFO - Started process (PID=4872) to work on /opt/airflow/dags/oltp_s3_dwh_dict.py
[2026-02-25T17:15:51.668+0000] {processor.py:830} INFO - Processing file /opt/airflow/dags/oltp_s3_dwh_dict.py for tasks to queue
[2026-02-25T17:15:51.673+0000] {logging_mixin.py:188} INFO - [2026-02-25T17:15:51.672+0000] {dagbag.py:545} INFO - Filling up the DagBag from /opt/airflow/dags/oltp_s3_dwh_dict.py
[2026-02-25T17:15:52.334+0000] {processor.py:840} INFO - DAG(s) 'oltp_s3_dwh' retrieved from /opt/airflow/dags/oltp_s3_dwh_dict.py
[2026-02-25T17:15:52.359+0000] {logging_mixin.py:188} INFO - [2026-02-25T17:15:52.359+0000] {dag.py:3089} INFO - Sync 1 DAGs
[2026-02-25T17:15:52.384+0000] {logging_mixin.py:188} INFO - [2026-02-25T17:15:52.384+0000] {dag.py:3947} INFO - Setting next_dagrun for oltp_s3_dwh to 2026-02-25 00:00:00+00:00, run_after=2026-02-26 00:00:00+00:00
[2026-02-25T17:15:52.408+0000] {processor.py:183} INFO - Processing /opt/airflow/dags/oltp_s3_dwh_dict.py took 0.753 seconds
[2026-02-25T17:16:22.731+0000] {processor.py:161} INFO - Started process (PID=4897) to work on /opt/airflow/dags/oltp_s3_dwh_dict.py
[2026-02-25T17:16:22.732+0000] {processor.py:830} INFO - Processing file /opt/airflow/dags/oltp_s3_dwh_dict.py for tasks to queue
[2026-02-25T17:16:22.734+0000] {logging_mixin.py:188} INFO - [2026-02-25T17:16:22.734+0000] {dagbag.py:545} INFO - Filling up the DagBag from /opt/airflow/dags/oltp_s3_dwh_dict.py
[2026-02-25T17:16:23.247+0000] {processor.py:840} INFO - DAG(s) 'oltp_s3_dwh' retrieved from /opt/airflow/dags/oltp_s3_dwh_dict.py
[2026-02-25T17:16:23.269+0000] {logging_mixin.py:188} INFO - [2026-02-25T17:16:23.269+0000] {dag.py:3089} INFO - Sync 1 DAGs
[2026-02-25T17:16:23.289+0000] {logging_mixin.py:188} INFO - [2026-02-25T17:16:23.289+0000] {dag.py:3947} INFO - Setting next_dagrun for oltp_s3_dwh to 2026-02-25 00:00:00+00:00, run_after=2026-02-26 00:00:00+00:00
[2026-02-25T17:16:23.315+0000] {processor.py:183} INFO - Processing /opt/airflow/dags/oltp_s3_dwh_dict.py took 0.591 seconds
[2026-02-25T17:16:53.418+0000] {processor.py:161} INFO - Started process (PID=4929) to work on /opt/airflow/dags/oltp_s3_dwh_dict.py
[2026-02-25T17:16:53.420+0000] {processor.py:830} INFO - Processing file /opt/airflow/dags/oltp_s3_dwh_dict.py for tasks to queue
[2026-02-25T17:16:53.423+0000] {logging_mixin.py:188} INFO - [2026-02-25T17:16:53.422+0000] {dagbag.py:545} INFO - Filling up the DagBag from /opt/airflow/dags/oltp_s3_dwh_dict.py
[2026-02-25T17:16:53.928+0000] {processor.py:840} INFO - DAG(s) 'oltp_s3_dwh' retrieved from /opt/airflow/dags/oltp_s3_dwh_dict.py
[2026-02-25T17:16:53.951+0000] {logging_mixin.py:188} INFO - [2026-02-25T17:16:53.950+0000] {dag.py:3089} INFO - Sync 1 DAGs
[2026-02-25T17:16:53.975+0000] {logging_mixin.py:188} INFO - [2026-02-25T17:16:53.974+0000] {dag.py:3947} INFO - Setting next_dagrun for oltp_s3_dwh to 2026-02-25 00:00:00+00:00, run_after=2026-02-26 00:00:00+00:00
[2026-02-25T17:16:54.010+0000] {processor.py:183} INFO - Processing /opt/airflow/dags/oltp_s3_dwh_dict.py took 0.599 seconds
[2026-02-25T17:17:24.398+0000] {processor.py:161} INFO - Started process (PID=4962) to work on /opt/airflow/dags/oltp_s3_dwh_dict.py
[2026-02-25T17:17:24.401+0000] {processor.py:830} INFO - Processing file /opt/airflow/dags/oltp_s3_dwh_dict.py for tasks to queue
[2026-02-25T17:17:24.404+0000] {logging_mixin.py:188} INFO - [2026-02-25T17:17:24.404+0000] {dagbag.py:545} INFO - Filling up the DagBag from /opt/airflow/dags/oltp_s3_dwh_dict.py
[2026-02-25T17:17:24.967+0000] {processor.py:840} INFO - DAG(s) 'oltp_s3_dwh' retrieved from /opt/airflow/dags/oltp_s3_dwh_dict.py
[2026-02-25T17:17:25.015+0000] {logging_mixin.py:188} INFO - [2026-02-25T17:17:25.015+0000] {dag.py:3089} INFO - Sync 1 DAGs
[2026-02-25T17:17:25.052+0000] {logging_mixin.py:188} INFO - [2026-02-25T17:17:25.052+0000] {dag.py:3947} INFO - Setting next_dagrun for oltp_s3_dwh to 2026-02-25 00:00:00+00:00, run_after=2026-02-26 00:00:00+00:00
[2026-02-25T17:17:25.076+0000] {processor.py:183} INFO - Processing /opt/airflow/dags/oltp_s3_dwh_dict.py took 0.686 seconds
[2026-02-25T17:17:55.309+0000] {processor.py:161} INFO - Started process (PID=4988) to work on /opt/airflow/dags/oltp_s3_dwh_dict.py
[2026-02-25T17:17:55.311+0000] {processor.py:830} INFO - Processing file /opt/airflow/dags/oltp_s3_dwh_dict.py for tasks to queue
[2026-02-25T17:17:55.315+0000] {logging_mixin.py:188} INFO - [2026-02-25T17:17:55.314+0000] {dagbag.py:545} INFO - Filling up the DagBag from /opt/airflow/dags/oltp_s3_dwh_dict.py
[2026-02-25T17:17:55.812+0000] {processor.py:840} INFO - DAG(s) 'oltp_s3_dwh' retrieved from /opt/airflow/dags/oltp_s3_dwh_dict.py
[2026-02-25T17:17:55.836+0000] {logging_mixin.py:188} INFO - [2026-02-25T17:17:55.836+0000] {dag.py:3089} INFO - Sync 1 DAGs
[2026-02-25T17:17:55.857+0000] {logging_mixin.py:188} INFO - [2026-02-25T17:17:55.856+0000] {dag.py:3947} INFO - Setting next_dagrun for oltp_s3_dwh to 2026-02-25 00:00:00+00:00, run_after=2026-02-26 00:00:00+00:00
[2026-02-25T17:17:55.883+0000] {processor.py:183} INFO - Processing /opt/airflow/dags/oltp_s3_dwh_dict.py took 0.600 seconds
[2026-02-25T17:18:26.207+0000] {processor.py:161} INFO - Started process (PID=5022) to work on /opt/airflow/dags/oltp_s3_dwh_dict.py
[2026-02-25T17:18:26.209+0000] {processor.py:830} INFO - Processing file /opt/airflow/dags/oltp_s3_dwh_dict.py for tasks to queue
[2026-02-25T17:18:26.211+0000] {logging_mixin.py:188} INFO - [2026-02-25T17:18:26.211+0000] {dagbag.py:545} INFO - Filling up the DagBag from /opt/airflow/dags/oltp_s3_dwh_dict.py
[2026-02-25T17:18:26.702+0000] {processor.py:840} INFO - DAG(s) 'oltp_s3_dwh' retrieved from /opt/airflow/dags/oltp_s3_dwh_dict.py
[2026-02-25T17:18:26.726+0000] {logging_mixin.py:188} INFO - [2026-02-25T17:18:26.725+0000] {dag.py:3089} INFO - Sync 1 DAGs
[2026-02-25T17:18:26.747+0000] {logging_mixin.py:188} INFO - [2026-02-25T17:18:26.746+0000] {dag.py:3947} INFO - Setting next_dagrun for oltp_s3_dwh to 2026-02-25 00:00:00+00:00, run_after=2026-02-26 00:00:00+00:00
[2026-02-25T17:18:26.768+0000] {processor.py:183} INFO - Processing /opt/airflow/dags/oltp_s3_dwh_dict.py took 0.569 seconds
[2026-02-25T17:18:57.424+0000] {processor.py:161} INFO - Started process (PID=5048) to work on /opt/airflow/dags/oltp_s3_dwh_dict.py
[2026-02-25T17:18:57.426+0000] {processor.py:830} INFO - Processing file /opt/airflow/dags/oltp_s3_dwh_dict.py for tasks to queue
[2026-02-25T17:18:57.429+0000] {logging_mixin.py:188} INFO - [2026-02-25T17:18:57.428+0000] {dagbag.py:545} INFO - Filling up the DagBag from /opt/airflow/dags/oltp_s3_dwh_dict.py
[2026-02-25T17:18:57.971+0000] {processor.py:840} INFO - DAG(s) 'oltp_s3_dwh' retrieved from /opt/airflow/dags/oltp_s3_dwh_dict.py
[2026-02-25T17:18:58.012+0000] {logging_mixin.py:188} INFO - [2026-02-25T17:18:58.010+0000] {dag.py:3089} INFO - Sync 1 DAGs
[2026-02-25T17:18:58.047+0000] {logging_mixin.py:188} INFO - [2026-02-25T17:18:58.047+0000] {dag.py:3947} INFO - Setting next_dagrun for oltp_s3_dwh to 2026-02-25 00:00:00+00:00, run_after=2026-02-26 00:00:00+00:00
[2026-02-25T17:18:58.076+0000] {processor.py:183} INFO - Processing /opt/airflow/dags/oltp_s3_dwh_dict.py took 0.660 seconds
[2026-02-25T17:19:28.742+0000] {processor.py:161} INFO - Started process (PID=5080) to work on /opt/airflow/dags/oltp_s3_dwh_dict.py
[2026-02-25T17:19:28.744+0000] {processor.py:830} INFO - Processing file /opt/airflow/dags/oltp_s3_dwh_dict.py for tasks to queue
[2026-02-25T17:19:28.747+0000] {logging_mixin.py:188} INFO - [2026-02-25T17:19:28.746+0000] {dagbag.py:545} INFO - Filling up the DagBag from /opt/airflow/dags/oltp_s3_dwh_dict.py
[2026-02-25T17:19:29.261+0000] {processor.py:840} INFO - DAG(s) 'oltp_s3_dwh' retrieved from /opt/airflow/dags/oltp_s3_dwh_dict.py
[2026-02-25T17:19:29.286+0000] {logging_mixin.py:188} INFO - [2026-02-25T17:19:29.286+0000] {dag.py:3089} INFO - Sync 1 DAGs
[2026-02-25T17:19:29.310+0000] {logging_mixin.py:188} INFO - [2026-02-25T17:19:29.310+0000] {dag.py:3947} INFO - Setting next_dagrun for oltp_s3_dwh to 2026-02-25 00:00:00+00:00, run_after=2026-02-26 00:00:00+00:00
[2026-02-25T17:19:29.332+0000] {processor.py:183} INFO - Processing /opt/airflow/dags/oltp_s3_dwh_dict.py took 0.599 seconds
[2026-02-25T17:19:59.512+0000] {processor.py:161} INFO - Started process (PID=5106) to work on /opt/airflow/dags/oltp_s3_dwh_dict.py
[2026-02-25T17:19:59.513+0000] {processor.py:830} INFO - Processing file /opt/airflow/dags/oltp_s3_dwh_dict.py for tasks to queue
[2026-02-25T17:19:59.515+0000] {logging_mixin.py:188} INFO - [2026-02-25T17:19:59.515+0000] {dagbag.py:545} INFO - Filling up the DagBag from /opt/airflow/dags/oltp_s3_dwh_dict.py
[2026-02-25T17:20:00.000+0000] {processor.py:840} INFO - DAG(s) 'oltp_s3_dwh' retrieved from /opt/airflow/dags/oltp_s3_dwh_dict.py
[2026-02-25T17:20:00.023+0000] {logging_mixin.py:188} INFO - [2026-02-25T17:20:00.022+0000] {dag.py:3089} INFO - Sync 1 DAGs
[2026-02-25T17:20:00.044+0000] {logging_mixin.py:188} INFO - [2026-02-25T17:20:00.044+0000] {dag.py:3947} INFO - Setting next_dagrun for oltp_s3_dwh to 2026-02-25 00:00:00+00:00, run_after=2026-02-26 00:00:00+00:00
[2026-02-25T17:20:00.066+0000] {processor.py:183} INFO - Processing /opt/airflow/dags/oltp_s3_dwh_dict.py took 0.561 seconds
[2026-02-25T17:20:30.741+0000] {processor.py:161} INFO - Started process (PID=5139) to work on /opt/airflow/dags/oltp_s3_dwh_dict.py
[2026-02-25T17:20:30.743+0000] {processor.py:830} INFO - Processing file /opt/airflow/dags/oltp_s3_dwh_dict.py for tasks to queue
[2026-02-25T17:20:30.746+0000] {logging_mixin.py:188} INFO - [2026-02-25T17:20:30.746+0000] {dagbag.py:545} INFO - Filling up the DagBag from /opt/airflow/dags/oltp_s3_dwh_dict.py
[2026-02-25T17:20:31.388+0000] {processor.py:840} INFO - DAG(s) 'oltp_s3_dwh' retrieved from /opt/airflow/dags/oltp_s3_dwh_dict.py
[2026-02-25T17:20:31.423+0000] {logging_mixin.py:188} INFO - [2026-02-25T17:20:31.422+0000] {dag.py:3089} INFO - Sync 1 DAGs
[2026-02-25T17:20:31.446+0000] {logging_mixin.py:188} INFO - [2026-02-25T17:20:31.445+0000] {dag.py:3947} INFO - Setting next_dagrun for oltp_s3_dwh to 2026-02-25 00:00:00+00:00, run_after=2026-02-26 00:00:00+00:00
[2026-02-25T17:20:31.472+0000] {processor.py:183} INFO - Processing /opt/airflow/dags/oltp_s3_dwh_dict.py took 0.737 seconds
[2026-02-25T17:21:01.595+0000] {processor.py:161} INFO - Started process (PID=5172) to work on /opt/airflow/dags/oltp_s3_dwh_dict.py
[2026-02-25T17:21:01.596+0000] {processor.py:830} INFO - Processing file /opt/airflow/dags/oltp_s3_dwh_dict.py for tasks to queue
[2026-02-25T17:21:01.600+0000] {logging_mixin.py:188} INFO - [2026-02-25T17:21:01.599+0000] {dagbag.py:545} INFO - Filling up the DagBag from /opt/airflow/dags/oltp_s3_dwh_dict.py
[2026-02-25T17:21:02.092+0000] {processor.py:840} INFO - DAG(s) 'oltp_s3_dwh' retrieved from /opt/airflow/dags/oltp_s3_dwh_dict.py
[2026-02-25T17:21:02.116+0000] {logging_mixin.py:188} INFO - [2026-02-25T17:21:02.115+0000] {dag.py:3089} INFO - Sync 1 DAGs
[2026-02-25T17:21:02.138+0000] {logging_mixin.py:188} INFO - [2026-02-25T17:21:02.138+0000] {dag.py:3947} INFO - Setting next_dagrun for oltp_s3_dwh to 2026-02-25 00:00:00+00:00, run_after=2026-02-26 00:00:00+00:00
[2026-02-25T17:21:02.159+0000] {processor.py:183} INFO - Processing /opt/airflow/dags/oltp_s3_dwh_dict.py took 0.574 seconds
[2026-02-25T17:21:32.591+0000] {processor.py:161} INFO - Started process (PID=5198) to work on /opt/airflow/dags/oltp_s3_dwh_dict.py
[2026-02-25T17:21:32.593+0000] {processor.py:830} INFO - Processing file /opt/airflow/dags/oltp_s3_dwh_dict.py for tasks to queue
[2026-02-25T17:21:32.596+0000] {logging_mixin.py:188} INFO - [2026-02-25T17:21:32.596+0000] {dagbag.py:545} INFO - Filling up the DagBag from /opt/airflow/dags/oltp_s3_dwh_dict.py
[2026-02-25T17:21:33.118+0000] {processor.py:840} INFO - DAG(s) 'oltp_s3_dwh' retrieved from /opt/airflow/dags/oltp_s3_dwh_dict.py
[2026-02-25T17:21:33.147+0000] {logging_mixin.py:188} INFO - [2026-02-25T17:21:33.146+0000] {dag.py:3089} INFO - Sync 1 DAGs
[2026-02-25T17:21:33.172+0000] {logging_mixin.py:188} INFO - [2026-02-25T17:21:33.172+0000] {dag.py:3947} INFO - Setting next_dagrun for oltp_s3_dwh to 2026-02-25 00:00:00+00:00, run_after=2026-02-26 00:00:00+00:00
[2026-02-25T17:21:33.198+0000] {processor.py:183} INFO - Processing /opt/airflow/dags/oltp_s3_dwh_dict.py took 0.615 seconds
[2026-02-25T17:22:03.444+0000] {processor.py:161} INFO - Started process (PID=5233) to work on /opt/airflow/dags/oltp_s3_dwh_dict.py
[2026-02-25T17:22:03.446+0000] {processor.py:830} INFO - Processing file /opt/airflow/dags/oltp_s3_dwh_dict.py for tasks to queue
[2026-02-25T17:22:03.448+0000] {logging_mixin.py:188} INFO - [2026-02-25T17:22:03.448+0000] {dagbag.py:545} INFO - Filling up the DagBag from /opt/airflow/dags/oltp_s3_dwh_dict.py
[2026-02-25T17:22:03.923+0000] {processor.py:840} INFO - DAG(s) 'oltp_s3_dwh' retrieved from /opt/airflow/dags/oltp_s3_dwh_dict.py
[2026-02-25T17:22:03.945+0000] {logging_mixin.py:188} INFO - [2026-02-25T17:22:03.945+0000] {dag.py:3089} INFO - Sync 1 DAGs
[2026-02-25T17:22:03.965+0000] {logging_mixin.py:188} INFO - [2026-02-25T17:22:03.965+0000] {dag.py:3947} INFO - Setting next_dagrun for oltp_s3_dwh to 2026-02-25 00:00:00+00:00, run_after=2026-02-26 00:00:00+00:00
[2026-02-25T17:22:03.985+0000] {processor.py:183} INFO - Processing /opt/airflow/dags/oltp_s3_dwh_dict.py took 0.548 seconds
[2026-02-25T17:22:34.101+0000] {processor.py:161} INFO - Started process (PID=5259) to work on /opt/airflow/dags/oltp_s3_dwh_dict.py
[2026-02-25T17:22:34.103+0000] {processor.py:830} INFO - Processing file /opt/airflow/dags/oltp_s3_dwh_dict.py for tasks to queue
[2026-02-25T17:22:34.107+0000] {logging_mixin.py:188} INFO - [2026-02-25T17:22:34.107+0000] {dagbag.py:545} INFO - Filling up the DagBag from /opt/airflow/dags/oltp_s3_dwh_dict.py
[2026-02-25T17:22:34.598+0000] {processor.py:840} INFO - DAG(s) 'oltp_s3_dwh' retrieved from /opt/airflow/dags/oltp_s3_dwh_dict.py
[2026-02-25T17:22:34.621+0000] {logging_mixin.py:188} INFO - [2026-02-25T17:22:34.621+0000] {dag.py:3089} INFO - Sync 1 DAGs
[2026-02-25T17:22:34.643+0000] {logging_mixin.py:188} INFO - [2026-02-25T17:22:34.643+0000] {dag.py:3947} INFO - Setting next_dagrun for oltp_s3_dwh to 2026-02-25 00:00:00+00:00, run_after=2026-02-26 00:00:00+00:00
[2026-02-25T17:22:34.665+0000] {processor.py:183} INFO - Processing /opt/airflow/dags/oltp_s3_dwh_dict.py took 0.570 seconds
[2026-02-25T17:23:05.033+0000] {processor.py:161} INFO - Started process (PID=5293) to work on /opt/airflow/dags/oltp_s3_dwh_dict.py
[2026-02-25T17:23:05.035+0000] {processor.py:830} INFO - Processing file /opt/airflow/dags/oltp_s3_dwh_dict.py for tasks to queue
[2026-02-25T17:23:05.037+0000] {logging_mixin.py:188} INFO - [2026-02-25T17:23:05.037+0000] {dagbag.py:545} INFO - Filling up the DagBag from /opt/airflow/dags/oltp_s3_dwh_dict.py
[2026-02-25T17:23:05.507+0000] {processor.py:840} INFO - DAG(s) 'oltp_s3_dwh' retrieved from /opt/airflow/dags/oltp_s3_dwh_dict.py
[2026-02-25T17:23:05.528+0000] {logging_mixin.py:188} INFO - [2026-02-25T17:23:05.528+0000] {dag.py:3089} INFO - Sync 1 DAGs
[2026-02-25T17:23:05.551+0000] {logging_mixin.py:188} INFO - [2026-02-25T17:23:05.551+0000] {dag.py:3947} INFO - Setting next_dagrun for oltp_s3_dwh to 2026-02-25 00:00:00+00:00, run_after=2026-02-26 00:00:00+00:00
[2026-02-25T17:23:05.575+0000] {processor.py:183} INFO - Processing /opt/airflow/dags/oltp_s3_dwh_dict.py took 0.548 seconds
[2026-02-25T17:23:35.911+0000] {processor.py:161} INFO - Started process (PID=5319) to work on /opt/airflow/dags/oltp_s3_dwh_dict.py
[2026-02-25T17:23:35.913+0000] {processor.py:830} INFO - Processing file /opt/airflow/dags/oltp_s3_dwh_dict.py for tasks to queue
[2026-02-25T17:23:35.916+0000] {logging_mixin.py:188} INFO - [2026-02-25T17:23:35.915+0000] {dagbag.py:545} INFO - Filling up the DagBag from /opt/airflow/dags/oltp_s3_dwh_dict.py
[2026-02-25T17:23:36.420+0000] {processor.py:840} INFO - DAG(s) 'oltp_s3_dwh' retrieved from /opt/airflow/dags/oltp_s3_dwh_dict.py
[2026-02-25T17:23:36.449+0000] {logging_mixin.py:188} INFO - [2026-02-25T17:23:36.448+0000] {dag.py:3089} INFO - Sync 1 DAGs
[2026-02-25T17:23:36.476+0000] {logging_mixin.py:188} INFO - [2026-02-25T17:23:36.476+0000] {dag.py:3947} INFO - Setting next_dagrun for oltp_s3_dwh to 2026-02-25 00:00:00+00:00, run_after=2026-02-26 00:00:00+00:00
[2026-02-25T17:23:36.506+0000] {processor.py:183} INFO - Processing /opt/airflow/dags/oltp_s3_dwh_dict.py took 0.601 seconds
[2026-02-25T17:24:06.728+0000] {processor.py:161} INFO - Started process (PID=5352) to work on /opt/airflow/dags/oltp_s3_dwh_dict.py
[2026-02-25T17:24:06.730+0000] {processor.py:830} INFO - Processing file /opt/airflow/dags/oltp_s3_dwh_dict.py for tasks to queue
[2026-02-25T17:24:06.733+0000] {logging_mixin.py:188} INFO - [2026-02-25T17:24:06.732+0000] {dagbag.py:545} INFO - Filling up the DagBag from /opt/airflow/dags/oltp_s3_dwh_dict.py
[2026-02-25T17:24:07.216+0000] {processor.py:840} INFO - DAG(s) 'oltp_s3_dwh' retrieved from /opt/airflow/dags/oltp_s3_dwh_dict.py
[2026-02-25T17:24:07.238+0000] {logging_mixin.py:188} INFO - [2026-02-25T17:24:07.238+0000] {dag.py:3089} INFO - Sync 1 DAGs
[2026-02-25T17:24:07.260+0000] {logging_mixin.py:188} INFO - [2026-02-25T17:24:07.260+0000] {dag.py:3947} INFO - Setting next_dagrun for oltp_s3_dwh to 2026-02-25 00:00:00+00:00, run_after=2026-02-26 00:00:00+00:00
[2026-02-25T17:24:07.281+0000] {processor.py:183} INFO - Processing /opt/airflow/dags/oltp_s3_dwh_dict.py took 0.559 seconds
[2026-02-25T17:24:37.532+0000] {processor.py:161} INFO - Started process (PID=5386) to work on /opt/airflow/dags/oltp_s3_dwh_dict.py
[2026-02-25T17:24:37.534+0000] {processor.py:830} INFO - Processing file /opt/airflow/dags/oltp_s3_dwh_dict.py for tasks to queue
[2026-02-25T17:24:37.536+0000] {logging_mixin.py:188} INFO - [2026-02-25T17:24:37.536+0000] {dagbag.py:545} INFO - Filling up the DagBag from /opt/airflow/dags/oltp_s3_dwh_dict.py
[2026-02-25T17:24:38.020+0000] {processor.py:840} INFO - DAG(s) 'oltp_s3_dwh' retrieved from /opt/airflow/dags/oltp_s3_dwh_dict.py
[2026-02-25T17:24:38.043+0000] {logging_mixin.py:188} INFO - [2026-02-25T17:24:38.043+0000] {dag.py:3089} INFO - Sync 1 DAGs
[2026-02-25T17:24:38.066+0000] {logging_mixin.py:188} INFO - [2026-02-25T17:24:38.066+0000] {dag.py:3947} INFO - Setting next_dagrun for oltp_s3_dwh to 2026-02-25 00:00:00+00:00, run_after=2026-02-26 00:00:00+00:00
[2026-02-25T17:24:38.087+0000] {processor.py:183} INFO - Processing /opt/airflow/dags/oltp_s3_dwh_dict.py took 0.561 seconds
[2026-02-25T17:25:08.738+0000] {processor.py:161} INFO - Started process (PID=5413) to work on /opt/airflow/dags/oltp_s3_dwh_dict.py
[2026-02-25T17:25:08.740+0000] {processor.py:830} INFO - Processing file /opt/airflow/dags/oltp_s3_dwh_dict.py for tasks to queue
[2026-02-25T17:25:08.744+0000] {logging_mixin.py:188} INFO - [2026-02-25T17:25:08.744+0000] {dagbag.py:545} INFO - Filling up the DagBag from /opt/airflow/dags/oltp_s3_dwh_dict.py
[2026-02-25T17:25:09.417+0000] {processor.py:840} INFO - DAG(s) 'oltp_s3_dwh' retrieved from /opt/airflow/dags/oltp_s3_dwh_dict.py
[2026-02-25T17:25:09.442+0000] {logging_mixin.py:188} INFO - [2026-02-25T17:25:09.441+0000] {dag.py:3089} INFO - Sync 1 DAGs
[2026-02-25T17:25:09.464+0000] {logging_mixin.py:188} INFO - [2026-02-25T17:25:09.464+0000] {dag.py:3947} INFO - Setting next_dagrun for oltp_s3_dwh to 2026-02-25 00:00:00+00:00, run_after=2026-02-26 00:00:00+00:00
[2026-02-25T17:25:09.486+0000] {processor.py:183} INFO - Processing /opt/airflow/dags/oltp_s3_dwh_dict.py took 0.758 seconds
[2026-02-25T17:25:40.161+0000] {processor.py:161} INFO - Started process (PID=5446) to work on /opt/airflow/dags/oltp_s3_dwh_dict.py
[2026-02-25T17:25:40.162+0000] {processor.py:830} INFO - Processing file /opt/airflow/dags/oltp_s3_dwh_dict.py for tasks to queue
[2026-02-25T17:25:40.165+0000] {logging_mixin.py:188} INFO - [2026-02-25T17:25:40.165+0000] {dagbag.py:545} INFO - Filling up the DagBag from /opt/airflow/dags/oltp_s3_dwh_dict.py
[2026-02-25T17:25:40.691+0000] {processor.py:840} INFO - DAG(s) 'oltp_s3_dwh' retrieved from /opt/airflow/dags/oltp_s3_dwh_dict.py
[2026-02-25T17:25:40.714+0000] {logging_mixin.py:188} INFO - [2026-02-25T17:25:40.714+0000] {dag.py:3089} INFO - Sync 1 DAGs
[2026-02-25T17:25:40.738+0000] {logging_mixin.py:188} INFO - [2026-02-25T17:25:40.738+0000] {dag.py:3947} INFO - Setting next_dagrun for oltp_s3_dwh to 2026-02-25 00:00:00+00:00, run_after=2026-02-26 00:00:00+00:00
[2026-02-25T17:25:40.762+0000] {processor.py:183} INFO - Processing /opt/airflow/dags/oltp_s3_dwh_dict.py took 0.608 seconds
[2026-02-25T17:26:11.208+0000] {processor.py:161} INFO - Started process (PID=5479) to work on /opt/airflow/dags/oltp_s3_dwh_dict.py
[2026-02-25T17:26:11.210+0000] {processor.py:830} INFO - Processing file /opt/airflow/dags/oltp_s3_dwh_dict.py for tasks to queue
[2026-02-25T17:26:11.212+0000] {logging_mixin.py:188} INFO - [2026-02-25T17:26:11.211+0000] {dagbag.py:545} INFO - Filling up the DagBag from /opt/airflow/dags/oltp_s3_dwh_dict.py
[2026-02-25T17:26:11.944+0000] {processor.py:840} INFO - DAG(s) 'oltp_s3_dwh' retrieved from /opt/airflow/dags/oltp_s3_dwh_dict.py
[2026-02-25T17:26:11.978+0000] {logging_mixin.py:188} INFO - [2026-02-25T17:26:11.977+0000] {dag.py:3089} INFO - Sync 1 DAGs
[2026-02-25T17:26:12.020+0000] {logging_mixin.py:188} INFO - [2026-02-25T17:26:12.019+0000] {dag.py:3947} INFO - Setting next_dagrun for oltp_s3_dwh to 2026-02-25 00:00:00+00:00, run_after=2026-02-26 00:00:00+00:00
[2026-02-25T17:26:12.051+0000] {processor.py:183} INFO - Processing /opt/airflow/dags/oltp_s3_dwh_dict.py took 0.850 seconds
[2026-02-25T17:26:34.393+0000] {processor.py:161} INFO - Started process (PID=5498) to work on /opt/airflow/dags/oltp_s3_dwh_dict.py
[2026-02-25T17:26:34.396+0000] {processor.py:830} INFO - Processing file /opt/airflow/dags/oltp_s3_dwh_dict.py for tasks to queue
[2026-02-25T17:26:34.403+0000] {logging_mixin.py:188} INFO - [2026-02-25T17:26:34.402+0000] {dagbag.py:545} INFO - Filling up the DagBag from /opt/airflow/dags/oltp_s3_dwh_dict.py
[2026-02-25T17:26:35.053+0000] {processor.py:840} INFO - DAG(s) 'oltp_s3_dwh' retrieved from /opt/airflow/dags/oltp_s3_dwh_dict.py
[2026-02-25T17:26:35.175+0000] {logging_mixin.py:188} INFO - [2026-02-25T17:26:35.174+0000] {dag.py:3089} INFO - Sync 1 DAGs
[2026-02-25T17:26:35.202+0000] {logging_mixin.py:188} INFO - [2026-02-25T17:26:35.201+0000] {dag.py:3947} INFO - Setting next_dagrun for oltp_s3_dwh to 2026-02-01 00:00:00+00:00, run_after=2026-03-01 00:00:00+00:00
[2026-02-25T17:26:35.232+0000] {processor.py:183} INFO - Processing /opt/airflow/dags/oltp_s3_dwh_dict.py took 0.847 seconds
[2026-02-25T17:27:05.849+0000] {processor.py:161} INFO - Started process (PID=5532) to work on /opt/airflow/dags/oltp_s3_dwh_dict.py
[2026-02-25T17:27:05.850+0000] {processor.py:830} INFO - Processing file /opt/airflow/dags/oltp_s3_dwh_dict.py for tasks to queue
[2026-02-25T17:27:05.853+0000] {logging_mixin.py:188} INFO - [2026-02-25T17:27:05.852+0000] {dagbag.py:545} INFO - Filling up the DagBag from /opt/airflow/dags/oltp_s3_dwh_dict.py
[2026-02-25T17:27:06.385+0000] {processor.py:840} INFO - DAG(s) 'oltp_s3_dwh' retrieved from /opt/airflow/dags/oltp_s3_dwh_dict.py
[2026-02-25T17:27:06.411+0000] {logging_mixin.py:188} INFO - [2026-02-25T17:27:06.410+0000] {dag.py:3089} INFO - Sync 1 DAGs
[2026-02-25T17:27:06.437+0000] {logging_mixin.py:188} INFO - [2026-02-25T17:27:06.437+0000] {dag.py:3947} INFO - Setting next_dagrun for oltp_s3_dwh to 2026-02-01 00:00:00+00:00, run_after=2026-03-01 00:00:00+00:00
[2026-02-25T17:27:06.468+0000] {processor.py:183} INFO - Processing /opt/airflow/dags/oltp_s3_dwh_dict.py took 0.627 seconds
[2026-02-25T17:27:37.176+0000] {processor.py:161} INFO - Started process (PID=5565) to work on /opt/airflow/dags/oltp_s3_dwh_dict.py
[2026-02-25T17:27:37.178+0000] {processor.py:830} INFO - Processing file /opt/airflow/dags/oltp_s3_dwh_dict.py for tasks to queue
[2026-02-25T17:27:37.181+0000] {logging_mixin.py:188} INFO - [2026-02-25T17:27:37.180+0000] {dagbag.py:545} INFO - Filling up the DagBag from /opt/airflow/dags/oltp_s3_dwh_dict.py
[2026-02-25T17:27:37.877+0000] {processor.py:840} INFO - DAG(s) 'oltp_s3_dwh' retrieved from /opt/airflow/dags/oltp_s3_dwh_dict.py
[2026-02-25T17:27:37.927+0000] {logging_mixin.py:188} INFO - [2026-02-25T17:27:37.926+0000] {dag.py:3089} INFO - Sync 1 DAGs
[2026-02-25T17:27:37.963+0000] {logging_mixin.py:188} INFO - [2026-02-25T17:27:37.963+0000] {dag.py:3947} INFO - Setting next_dagrun for oltp_s3_dwh to 2026-02-01 00:00:00+00:00, run_after=2026-03-01 00:00:00+00:00
[2026-02-25T17:27:37.998+0000] {processor.py:183} INFO - Processing /opt/airflow/dags/oltp_s3_dwh_dict.py took 0.829 seconds
[2026-02-25T17:27:53.005+0000] {processor.py:161} INFO - Started process (PID=5579) to work on /opt/airflow/dags/oltp_s3_dwh_dict.py
[2026-02-25T17:27:53.009+0000] {processor.py:830} INFO - Processing file /opt/airflow/dags/oltp_s3_dwh_dict.py for tasks to queue
[2026-02-25T17:27:53.016+0000] {logging_mixin.py:188} INFO - [2026-02-25T17:27:53.015+0000] {dagbag.py:545} INFO - Filling up the DagBag from /opt/airflow/dags/oltp_s3_dwh_dict.py
[2026-02-25T17:27:53.566+0000] {processor.py:840} INFO - DAG(s) 'oltp_s3_dwh' retrieved from /opt/airflow/dags/oltp_s3_dwh_dict.py
[2026-02-25T17:27:53.590+0000] {logging_mixin.py:188} INFO - [2026-02-25T17:27:53.589+0000] {dag.py:3089} INFO - Sync 1 DAGs
[2026-02-25T17:27:53.613+0000] {logging_mixin.py:188} INFO - [2026-02-25T17:27:53.612+0000] {dag.py:3947} INFO - Setting next_dagrun for oltp_s3_dwh to 2026-02-01 00:00:00+00:00, run_after=2026-03-01 00:00:00+00:00
[2026-02-25T17:27:53.642+0000] {processor.py:183} INFO - Processing /opt/airflow/dags/oltp_s3_dwh_dict.py took 0.651 seconds
[2026-02-25T17:27:53.694+0000] {processor.py:161} INFO - Started process (PID=5585) to work on /opt/airflow/dags/oltp_s3_dwh_dict.py
[2026-02-25T17:27:53.695+0000] {processor.py:830} INFO - Processing file /opt/airflow/dags/oltp_s3_dwh_dict.py for tasks to queue
[2026-02-25T17:27:53.698+0000] {logging_mixin.py:188} INFO - [2026-02-25T17:27:53.698+0000] {dagbag.py:545} INFO - Filling up the DagBag from /opt/airflow/dags/oltp_s3_dwh_dict.py
[2026-02-25T17:27:54.209+0000] {processor.py:840} INFO - DAG(s) 'oltp_s3_dwh' retrieved from /opt/airflow/dags/oltp_s3_dwh_dict.py
[2026-02-25T17:27:54.234+0000] {logging_mixin.py:188} INFO - [2026-02-25T17:27:54.233+0000] {dag.py:3089} INFO - Sync 1 DAGs
[2026-02-25T17:27:54.256+0000] {logging_mixin.py:188} INFO - [2026-02-25T17:27:54.256+0000] {dag.py:3947} INFO - Setting next_dagrun for oltp_s3_dwh to 2026-02-01 00:00:00+00:00, run_after=2026-03-01 00:00:00+00:00
[2026-02-25T17:27:54.280+0000] {processor.py:183} INFO - Processing /opt/airflow/dags/oltp_s3_dwh_dict.py took 0.593 seconds
[2026-02-25T17:28:24.987+0000] {processor.py:161} INFO - Started process (PID=5617) to work on /opt/airflow/dags/oltp_s3_dwh_dict.py
[2026-02-25T17:28:24.989+0000] {processor.py:830} INFO - Processing file /opt/airflow/dags/oltp_s3_dwh_dict.py for tasks to queue
[2026-02-25T17:28:24.992+0000] {logging_mixin.py:188} INFO - [2026-02-25T17:28:24.992+0000] {dagbag.py:545} INFO - Filling up the DagBag from /opt/airflow/dags/oltp_s3_dwh_dict.py
[2026-02-25T17:28:25.517+0000] {processor.py:840} INFO - DAG(s) 'oltp_s3_dwh' retrieved from /opt/airflow/dags/oltp_s3_dwh_dict.py
[2026-02-25T17:28:25.546+0000] {logging_mixin.py:188} INFO - [2026-02-25T17:28:25.546+0000] {dag.py:3089} INFO - Sync 1 DAGs
[2026-02-25T17:28:25.574+0000] {logging_mixin.py:188} INFO - [2026-02-25T17:28:25.573+0000] {dag.py:3947} INFO - Setting next_dagrun for oltp_s3_dwh to 2026-02-01 00:00:00+00:00, run_after=2026-03-01 00:00:00+00:00
[2026-02-25T17:28:25.602+0000] {processor.py:183} INFO - Processing /opt/airflow/dags/oltp_s3_dwh_dict.py took 0.622 seconds
[2026-02-25T17:28:55.954+0000] {processor.py:161} INFO - Started process (PID=5643) to work on /opt/airflow/dags/oltp_s3_dwh_dict.py
[2026-02-25T17:28:55.955+0000] {processor.py:830} INFO - Processing file /opt/airflow/dags/oltp_s3_dwh_dict.py for tasks to queue
[2026-02-25T17:28:55.962+0000] {logging_mixin.py:188} INFO - [2026-02-25T17:28:55.962+0000] {dagbag.py:545} INFO - Filling up the DagBag from /opt/airflow/dags/oltp_s3_dwh_dict.py
[2026-02-25T17:28:56.490+0000] {processor.py:840} INFO - DAG(s) 'oltp_s3_dwh' retrieved from /opt/airflow/dags/oltp_s3_dwh_dict.py
[2026-02-25T17:28:56.514+0000] {logging_mixin.py:188} INFO - [2026-02-25T17:28:56.514+0000] {dag.py:3089} INFO - Sync 1 DAGs
[2026-02-25T17:28:56.537+0000] {logging_mixin.py:188} INFO - [2026-02-25T17:28:56.537+0000] {dag.py:3947} INFO - Setting next_dagrun for oltp_s3_dwh to 2026-02-01 00:00:00+00:00, run_after=2026-03-01 00:00:00+00:00
[2026-02-25T17:28:56.562+0000] {processor.py:183} INFO - Processing /opt/airflow/dags/oltp_s3_dwh_dict.py took 0.617 seconds
[2026-02-25T17:29:17.431+0000] {processor.py:161} INFO - Started process (PID=5669) to work on /opt/airflow/dags/oltp_s3_dwh_dict.py
[2026-02-25T17:29:17.432+0000] {processor.py:830} INFO - Processing file /opt/airflow/dags/oltp_s3_dwh_dict.py for tasks to queue
[2026-02-25T17:29:17.435+0000] {logging_mixin.py:188} INFO - [2026-02-25T17:29:17.434+0000] {dagbag.py:545} INFO - Filling up the DagBag from /opt/airflow/dags/oltp_s3_dwh_dict.py
[2026-02-25T17:29:18.046+0000] {processor.py:840} INFO - DAG(s) 'oltp_s3_dwh' retrieved from /opt/airflow/dags/oltp_s3_dwh_dict.py
[2026-02-25T17:29:18.174+0000] {logging_mixin.py:188} INFO - [2026-02-25T17:29:18.173+0000] {dag.py:3089} INFO - Sync 1 DAGs
[2026-02-25T17:29:18.199+0000] {logging_mixin.py:188} INFO - [2026-02-25T17:29:18.199+0000] {dag.py:3947} INFO - Setting next_dagrun for oltp_s3_dwh to 2026-02-01 00:00:00+00:00, run_after=2026-03-01 00:00:00+00:00
[2026-02-25T17:29:18.230+0000] {processor.py:183} INFO - Processing /opt/airflow/dags/oltp_s3_dwh_dict.py took 0.807 seconds
[2026-02-25T17:29:48.324+0000] {processor.py:161} INFO - Started process (PID=5695) to work on /opt/airflow/dags/oltp_s3_dwh_dict.py
[2026-02-25T17:29:48.326+0000] {processor.py:830} INFO - Processing file /opt/airflow/dags/oltp_s3_dwh_dict.py for tasks to queue
[2026-02-25T17:29:48.329+0000] {logging_mixin.py:188} INFO - [2026-02-25T17:29:48.329+0000] {dagbag.py:545} INFO - Filling up the DagBag from /opt/airflow/dags/oltp_s3_dwh_dict.py
[2026-02-25T17:29:48.832+0000] {processor.py:840} INFO - DAG(s) 'oltp_s3_dwh' retrieved from /opt/airflow/dags/oltp_s3_dwh_dict.py
[2026-02-25T17:29:48.855+0000] {logging_mixin.py:188} INFO - [2026-02-25T17:29:48.854+0000] {dag.py:3089} INFO - Sync 1 DAGs
[2026-02-25T17:29:48.877+0000] {logging_mixin.py:188} INFO - [2026-02-25T17:29:48.877+0000] {dag.py:3947} INFO - Setting next_dagrun for oltp_s3_dwh to 2026-02-01 00:00:00+00:00, run_after=2026-03-01 00:00:00+00:00
[2026-02-25T17:29:48.931+0000] {processor.py:183} INFO - Processing /opt/airflow/dags/oltp_s3_dwh_dict.py took 0.615 seconds
[2026-02-25T17:30:19.104+0000] {processor.py:161} INFO - Started process (PID=5730) to work on /opt/airflow/dags/oltp_s3_dwh_dict.py
[2026-02-25T17:30:19.106+0000] {processor.py:830} INFO - Processing file /opt/airflow/dags/oltp_s3_dwh_dict.py for tasks to queue
[2026-02-25T17:30:19.110+0000] {logging_mixin.py:188} INFO - [2026-02-25T17:30:19.109+0000] {dagbag.py:545} INFO - Filling up the DagBag from /opt/airflow/dags/oltp_s3_dwh_dict.py
[2026-02-25T17:30:19.627+0000] {processor.py:840} INFO - DAG(s) 'oltp_s3_dwh' retrieved from /opt/airflow/dags/oltp_s3_dwh_dict.py
[2026-02-25T17:30:19.720+0000] {logging_mixin.py:188} INFO - [2026-02-25T17:30:19.720+0000] {dag.py:3089} INFO - Sync 1 DAGs
[2026-02-25T17:30:19.731+0000] {logging_mixin.py:188} INFO - [2026-02-25T17:30:19.731+0000] {dag.py:3111} INFO - Creating ORM DAG for oltp_s3_dwh
[2026-02-25T17:30:19.741+0000] {logging_mixin.py:188} INFO - [2026-02-25T17:30:19.741+0000] {dag.py:3947} INFO - Setting next_dagrun for oltp_s3_dwh to 2025-01-01 00:00:00+00:00, run_after=2025-02-01 00:00:00+00:00
[2026-02-25T17:30:19.761+0000] {processor.py:183} INFO - Processing /opt/airflow/dags/oltp_s3_dwh_dict.py took 0.668 seconds
[2026-02-25T17:30:49.976+0000] {processor.py:161} INFO - Started process (PID=5756) to work on /opt/airflow/dags/oltp_s3_dwh_dict.py
[2026-02-25T17:30:49.978+0000] {processor.py:830} INFO - Processing file /opt/airflow/dags/oltp_s3_dwh_dict.py for tasks to queue
[2026-02-25T17:30:49.981+0000] {logging_mixin.py:188} INFO - [2026-02-25T17:30:49.980+0000] {dagbag.py:545} INFO - Filling up the DagBag from /opt/airflow/dags/oltp_s3_dwh_dict.py
[2026-02-25T17:30:50.476+0000] {processor.py:840} INFO - DAG(s) 'oltp_s3_dwh' retrieved from /opt/airflow/dags/oltp_s3_dwh_dict.py
[2026-02-25T17:30:50.503+0000] {logging_mixin.py:188} INFO - [2026-02-25T17:30:50.502+0000] {dag.py:3089} INFO - Sync 1 DAGs
[2026-02-25T17:30:50.526+0000] {logging_mixin.py:188} INFO - [2026-02-25T17:30:50.526+0000] {dag.py:3947} INFO - Setting next_dagrun for oltp_s3_dwh to 2025-01-01 00:00:00+00:00, run_after=2025-02-01 00:00:00+00:00
[2026-02-25T17:30:50.552+0000] {processor.py:183} INFO - Processing /opt/airflow/dags/oltp_s3_dwh_dict.py took 0.582 seconds
[2026-02-25T17:31:20.637+0000] {processor.py:161} INFO - Started process (PID=5790) to work on /opt/airflow/dags/oltp_s3_dwh_dict.py
[2026-02-25T17:31:20.638+0000] {processor.py:830} INFO - Processing file /opt/airflow/dags/oltp_s3_dwh_dict.py for tasks to queue
[2026-02-25T17:31:20.641+0000] {logging_mixin.py:188} INFO - [2026-02-25T17:31:20.640+0000] {dagbag.py:545} INFO - Filling up the DagBag from /opt/airflow/dags/oltp_s3_dwh_dict.py
[2026-02-25T17:31:21.131+0000] {processor.py:840} INFO - DAG(s) 'oltp_s3_dwh' retrieved from /opt/airflow/dags/oltp_s3_dwh_dict.py
[2026-02-25T17:31:21.157+0000] {logging_mixin.py:188} INFO - [2026-02-25T17:31:21.157+0000] {dag.py:3089} INFO - Sync 1 DAGs
[2026-02-25T17:31:21.178+0000] {logging_mixin.py:188} INFO - [2026-02-25T17:31:21.178+0000] {dag.py:3947} INFO - Setting next_dagrun for oltp_s3_dwh to 2025-01-01 00:00:00+00:00, run_after=2025-02-01 00:00:00+00:00
[2026-02-25T17:31:21.197+0000] {processor.py:183} INFO - Processing /opt/airflow/dags/oltp_s3_dwh_dict.py took 0.567 seconds
[2026-02-25T17:31:51.351+0000] {processor.py:161} INFO - Started process (PID=5822) to work on /opt/airflow/dags/oltp_s3_dwh_dict.py
[2026-02-25T17:31:51.352+0000] {processor.py:830} INFO - Processing file /opt/airflow/dags/oltp_s3_dwh_dict.py for tasks to queue
[2026-02-25T17:31:51.355+0000] {logging_mixin.py:188} INFO - [2026-02-25T17:31:51.355+0000] {dagbag.py:545} INFO - Filling up the DagBag from /opt/airflow/dags/oltp_s3_dwh_dict.py
[2026-02-25T17:31:51.866+0000] {processor.py:840} INFO - DAG(s) 'oltp_s3_dwh' retrieved from /opt/airflow/dags/oltp_s3_dwh_dict.py
[2026-02-25T17:31:51.894+0000] {logging_mixin.py:188} INFO - [2026-02-25T17:31:51.893+0000] {dag.py:3089} INFO - Sync 1 DAGs
[2026-02-25T17:31:51.917+0000] {logging_mixin.py:188} INFO - [2026-02-25T17:31:51.917+0000] {dag.py:3947} INFO - Setting next_dagrun for oltp_s3_dwh to 2025-01-01 00:00:00+00:00, run_after=2025-02-01 00:00:00+00:00
[2026-02-25T17:31:51.939+0000] {processor.py:183} INFO - Processing /opt/airflow/dags/oltp_s3_dwh_dict.py took 0.595 seconds
[2026-02-25T17:32:22.038+0000] {processor.py:161} INFO - Started process (PID=5848) to work on /opt/airflow/dags/oltp_s3_dwh_dict.py
[2026-02-25T17:32:22.040+0000] {processor.py:830} INFO - Processing file /opt/airflow/dags/oltp_s3_dwh_dict.py for tasks to queue
[2026-02-25T17:32:22.043+0000] {logging_mixin.py:188} INFO - [2026-02-25T17:32:22.043+0000] {dagbag.py:545} INFO - Filling up the DagBag from /opt/airflow/dags/oltp_s3_dwh_dict.py
[2026-02-25T17:32:19.850+0000] {processor.py:840} INFO - DAG(s) 'oltp_s3_dwh' retrieved from /opt/airflow/dags/oltp_s3_dwh_dict.py
[2026-02-25T17:32:19.873+0000] {logging_mixin.py:188} INFO - [2026-02-25T17:32:19.872+0000] {dag.py:3089} INFO - Sync 1 DAGs
[2026-02-25T17:32:19.894+0000] {logging_mixin.py:188} INFO - [2026-02-25T17:32:19.893+0000] {dag.py:3947} INFO - Setting next_dagrun for oltp_s3_dwh to 2025-01-01 00:00:00+00:00, run_after=2025-02-01 00:00:00+00:00
[2026-02-25T17:32:19.918+0000] {processor.py:183} INFO - Processing /opt/airflow/dags/oltp_s3_dwh_dict.py took 0.614 seconds
[2026-02-25T17:32:50.004+0000] {processor.py:161} INFO - Started process (PID=5923) to work on /opt/airflow/dags/oltp_s3_dwh_dict.py
[2026-02-25T17:32:50.013+0000] {processor.py:830} INFO - Processing file /opt/airflow/dags/oltp_s3_dwh_dict.py for tasks to queue
[2026-02-25T17:32:50.024+0000] {logging_mixin.py:188} INFO - [2026-02-25T17:32:50.023+0000] {dagbag.py:545} INFO - Filling up the DagBag from /opt/airflow/dags/oltp_s3_dwh_dict.py
[2026-02-25T17:32:50.809+0000] {processor.py:840} INFO - DAG(s) 'oltp_s3_dwh' retrieved from /opt/airflow/dags/oltp_s3_dwh_dict.py
[2026-02-25T17:32:50.834+0000] {logging_mixin.py:188} INFO - [2026-02-25T17:32:50.834+0000] {dag.py:3089} INFO - Sync 1 DAGs
[2026-02-25T17:32:50.885+0000] {processor.py:183} INFO - Processing /opt/airflow/dags/oltp_s3_dwh_dict.py took 0.893 seconds
[2026-02-25T17:33:21.621+0000] {processor.py:161} INFO - Started process (PID=6021) to work on /opt/airflow/dags/oltp_s3_dwh_dict.py
[2026-02-25T17:33:21.623+0000] {processor.py:830} INFO - Processing file /opt/airflow/dags/oltp_s3_dwh_dict.py for tasks to queue
[2026-02-25T17:33:21.626+0000] {logging_mixin.py:188} INFO - [2026-02-25T17:33:21.626+0000] {dagbag.py:545} INFO - Filling up the DagBag from /opt/airflow/dags/oltp_s3_dwh_dict.py
[2026-02-25T17:33:22.117+0000] {processor.py:840} INFO - DAG(s) 'oltp_s3_dwh' retrieved from /opt/airflow/dags/oltp_s3_dwh_dict.py
[2026-02-25T17:33:22.140+0000] {logging_mixin.py:188} INFO - [2026-02-25T17:33:22.140+0000] {dag.py:3089} INFO - Sync 1 DAGs
[2026-02-25T17:33:22.163+0000] {logging_mixin.py:188} INFO - [2026-02-25T17:33:22.162+0000] {dag.py:3947} INFO - Setting next_dagrun for oltp_s3_dwh to 2026-02-01 00:00:00+00:00, run_after=2026-03-01 00:00:00+00:00
[2026-02-25T17:33:22.184+0000] {processor.py:183} INFO - Processing /opt/airflow/dags/oltp_s3_dwh_dict.py took 0.586 seconds
[2026-02-25T17:33:52.982+0000] {processor.py:161} INFO - Started process (PID=6052) to work on /opt/airflow/dags/oltp_s3_dwh_dict.py
[2026-02-25T17:33:52.984+0000] {processor.py:830} INFO - Processing file /opt/airflow/dags/oltp_s3_dwh_dict.py for tasks to queue
[2026-02-25T17:33:52.992+0000] {logging_mixin.py:188} INFO - [2026-02-25T17:33:52.992+0000] {dagbag.py:545} INFO - Filling up the DagBag from /opt/airflow/dags/oltp_s3_dwh_dict.py
[2026-02-25T17:33:53.564+0000] {processor.py:840} INFO - DAG(s) 'oltp_s3_dwh' retrieved from /opt/airflow/dags/oltp_s3_dwh_dict.py
[2026-02-25T17:33:53.587+0000] {logging_mixin.py:188} INFO - [2026-02-25T17:33:53.587+0000] {dag.py:3089} INFO - Sync 1 DAGs
[2026-02-25T17:33:53.608+0000] {logging_mixin.py:188} INFO - [2026-02-25T17:33:53.608+0000] {dag.py:3947} INFO - Setting next_dagrun for oltp_s3_dwh to 2026-02-01 00:00:00+00:00, run_after=2026-03-01 00:00:00+00:00
[2026-02-25T17:33:53.629+0000] {processor.py:183} INFO - Processing /opt/airflow/dags/oltp_s3_dwh_dict.py took 0.658 seconds
[2026-02-25T17:34:24.062+0000] {processor.py:161} INFO - Started process (PID=6078) to work on /opt/airflow/dags/oltp_s3_dwh_dict.py
[2026-02-25T17:34:24.063+0000] {processor.py:830} INFO - Processing file /opt/airflow/dags/oltp_s3_dwh_dict.py for tasks to queue
[2026-02-25T17:34:24.065+0000] {logging_mixin.py:188} INFO - [2026-02-25T17:34:24.065+0000] {dagbag.py:545} INFO - Filling up the DagBag from /opt/airflow/dags/oltp_s3_dwh_dict.py
[2026-02-25T17:34:24.555+0000] {processor.py:840} INFO - DAG(s) 'oltp_s3_dwh' retrieved from /opt/airflow/dags/oltp_s3_dwh_dict.py
[2026-02-25T17:34:24.578+0000] {logging_mixin.py:188} INFO - [2026-02-25T17:34:24.577+0000] {dag.py:3089} INFO - Sync 1 DAGs
[2026-02-25T17:34:24.599+0000] {logging_mixin.py:188} INFO - [2026-02-25T17:34:24.599+0000] {dag.py:3947} INFO - Setting next_dagrun for oltp_s3_dwh to 2026-02-01 00:00:00+00:00, run_after=2026-03-01 00:00:00+00:00
[2026-02-25T17:34:24.622+0000] {processor.py:183} INFO - Processing /opt/airflow/dags/oltp_s3_dwh_dict.py took 0.567 seconds
[2026-02-25T17:34:54.709+0000] {processor.py:161} INFO - Started process (PID=6112) to work on /opt/airflow/dags/oltp_s3_dwh_dict.py
[2026-02-25T17:34:54.710+0000] {processor.py:830} INFO - Processing file /opt/airflow/dags/oltp_s3_dwh_dict.py for tasks to queue
[2026-02-25T17:34:54.712+0000] {logging_mixin.py:188} INFO - [2026-02-25T17:34:54.712+0000] {dagbag.py:545} INFO - Filling up the DagBag from /opt/airflow/dags/oltp_s3_dwh_dict.py
[2026-02-25T17:34:55.176+0000] {processor.py:840} INFO - DAG(s) 'oltp_s3_dwh' retrieved from /opt/airflow/dags/oltp_s3_dwh_dict.py
[2026-02-25T17:34:55.201+0000] {logging_mixin.py:188} INFO - [2026-02-25T17:34:55.200+0000] {dag.py:3089} INFO - Sync 1 DAGs
[2026-02-25T17:34:55.224+0000] {logging_mixin.py:188} INFO - [2026-02-25T17:34:55.224+0000] {dag.py:3947} INFO - Setting next_dagrun for oltp_s3_dwh to 2026-02-01 00:00:00+00:00, run_after=2026-03-01 00:00:00+00:00
[2026-02-25T17:34:55.251+0000] {processor.py:183} INFO - Processing /opt/airflow/dags/oltp_s3_dwh_dict.py took 0.550 seconds
[2026-02-25T17:35:25.602+0000] {processor.py:161} INFO - Started process (PID=6139) to work on /opt/airflow/dags/oltp_s3_dwh_dict.py
[2026-02-25T17:35:25.604+0000] {processor.py:830} INFO - Processing file /opt/airflow/dags/oltp_s3_dwh_dict.py for tasks to queue
[2026-02-25T17:35:25.606+0000] {logging_mixin.py:188} INFO - [2026-02-25T17:35:25.606+0000] {dagbag.py:545} INFO - Filling up the DagBag from /opt/airflow/dags/oltp_s3_dwh_dict.py
[2026-02-25T17:35:26.086+0000] {processor.py:840} INFO - DAG(s) 'oltp_s3_dwh' retrieved from /opt/airflow/dags/oltp_s3_dwh_dict.py
[2026-02-25T17:35:26.111+0000] {logging_mixin.py:188} INFO - [2026-02-25T17:35:26.110+0000] {dag.py:3089} INFO - Sync 1 DAGs
[2026-02-25T17:35:26.133+0000] {logging_mixin.py:188} INFO - [2026-02-25T17:35:26.132+0000] {dag.py:3947} INFO - Setting next_dagrun for oltp_s3_dwh to 2026-02-01 00:00:00+00:00, run_after=2026-03-01 00:00:00+00:00
[2026-02-25T17:35:26.152+0000] {processor.py:183} INFO - Processing /opt/airflow/dags/oltp_s3_dwh_dict.py took 0.557 seconds
[2026-02-25T17:35:56.436+0000] {processor.py:161} INFO - Started process (PID=6173) to work on /opt/airflow/dags/oltp_s3_dwh_dict.py
[2026-02-25T17:35:56.446+0000] {processor.py:830} INFO - Processing file /opt/airflow/dags/oltp_s3_dwh_dict.py for tasks to queue
[2026-02-25T17:35:56.450+0000] {logging_mixin.py:188} INFO - [2026-02-25T17:35:56.450+0000] {dagbag.py:545} INFO - Filling up the DagBag from /opt/airflow/dags/oltp_s3_dwh_dict.py
[2026-02-25T17:35:56.935+0000] {processor.py:840} INFO - DAG(s) 'oltp_s3_dwh' retrieved from /opt/airflow/dags/oltp_s3_dwh_dict.py
[2026-02-25T17:35:56.958+0000] {logging_mixin.py:188} INFO - [2026-02-25T17:35:56.957+0000] {dag.py:3089} INFO - Sync 1 DAGs
[2026-02-25T17:35:56.983+0000] {logging_mixin.py:188} INFO - [2026-02-25T17:35:56.982+0000] {dag.py:3947} INFO - Setting next_dagrun for oltp_s3_dwh to 2026-02-01 00:00:00+00:00, run_after=2026-03-01 00:00:00+00:00
[2026-02-25T17:35:57.008+0000] {processor.py:183} INFO - Processing /opt/airflow/dags/oltp_s3_dwh_dict.py took 0.579 seconds
[2026-02-25T17:36:27.294+0000] {processor.py:161} INFO - Started process (PID=6199) to work on /opt/airflow/dags/oltp_s3_dwh_dict.py
[2026-02-25T17:36:27.295+0000] {processor.py:830} INFO - Processing file /opt/airflow/dags/oltp_s3_dwh_dict.py for tasks to queue
[2026-02-25T17:36:27.298+0000] {logging_mixin.py:188} INFO - [2026-02-25T17:36:27.297+0000] {dagbag.py:545} INFO - Filling up the DagBag from /opt/airflow/dags/oltp_s3_dwh_dict.py
[2026-02-25T17:36:25.043+0000] {processor.py:840} INFO - DAG(s) 'oltp_s3_dwh' retrieved from /opt/airflow/dags/oltp_s3_dwh_dict.py
[2026-02-25T17:36:25.070+0000] {logging_mixin.py:188} INFO - [2026-02-25T17:36:25.069+0000] {dag.py:3089} INFO - Sync 1 DAGs
[2026-02-25T17:36:25.091+0000] {logging_mixin.py:188} INFO - [2026-02-25T17:36:25.091+0000] {dag.py:3947} INFO - Setting next_dagrun for oltp_s3_dwh to 2026-02-01 00:00:00+00:00, run_after=2026-03-01 00:00:00+00:00
[2026-02-25T17:36:25.115+0000] {processor.py:183} INFO - Processing /opt/airflow/dags/oltp_s3_dwh_dict.py took 0.558 seconds
[2026-02-25T17:36:55.239+0000] {processor.py:161} INFO - Started process (PID=6232) to work on /opt/airflow/dags/oltp_s3_dwh_dict.py
[2026-02-25T17:36:55.241+0000] {processor.py:830} INFO - Processing file /opt/airflow/dags/oltp_s3_dwh_dict.py for tasks to queue
[2026-02-25T17:36:55.243+0000] {logging_mixin.py:188} INFO - [2026-02-25T17:36:55.243+0000] {dagbag.py:545} INFO - Filling up the DagBag from /opt/airflow/dags/oltp_s3_dwh_dict.py
[2026-02-25T17:36:55.731+0000] {processor.py:840} INFO - DAG(s) 'oltp_s3_dwh' retrieved from /opt/airflow/dags/oltp_s3_dwh_dict.py
[2026-02-25T17:36:55.753+0000] {logging_mixin.py:188} INFO - [2026-02-25T17:36:55.752+0000] {dag.py:3089} INFO - Sync 1 DAGs
[2026-02-25T17:36:55.774+0000] {logging_mixin.py:188} INFO - [2026-02-25T17:36:55.774+0000] {dag.py:3947} INFO - Setting next_dagrun for oltp_s3_dwh to 2026-02-01 00:00:00+00:00, run_after=2026-03-01 00:00:00+00:00
[2026-02-25T17:36:55.793+0000] {processor.py:183} INFO - Processing /opt/airflow/dags/oltp_s3_dwh_dict.py took 0.561 seconds
[2026-02-25T17:37:26.015+0000] {processor.py:161} INFO - Started process (PID=6266) to work on /opt/airflow/dags/oltp_s3_dwh_dict.py
[2026-02-25T17:37:26.018+0000] {processor.py:830} INFO - Processing file /opt/airflow/dags/oltp_s3_dwh_dict.py for tasks to queue
[2026-02-25T17:37:26.022+0000] {logging_mixin.py:188} INFO - [2026-02-25T17:37:26.022+0000] {dagbag.py:545} INFO - Filling up the DagBag from /opt/airflow/dags/oltp_s3_dwh_dict.py
[2026-02-25T17:37:26.551+0000] {processor.py:840} INFO - DAG(s) 'oltp_s3_dwh' retrieved from /opt/airflow/dags/oltp_s3_dwh_dict.py
[2026-02-25T17:37:26.579+0000] {logging_mixin.py:188} INFO - [2026-02-25T17:37:26.578+0000] {dag.py:3089} INFO - Sync 1 DAGs
[2026-02-25T17:37:26.605+0000] {logging_mixin.py:188} INFO - [2026-02-25T17:37:26.605+0000] {dag.py:3947} INFO - Setting next_dagrun for oltp_s3_dwh to 2026-02-01 00:00:00+00:00, run_after=2026-03-01 00:00:00+00:00
[2026-02-25T17:37:26.637+0000] {processor.py:183} INFO - Processing /opt/airflow/dags/oltp_s3_dwh_dict.py took 0.631 seconds
[2026-02-25T17:37:57.323+0000] {processor.py:161} INFO - Started process (PID=6292) to work on /opt/airflow/dags/oltp_s3_dwh_dict.py
[2026-02-25T17:37:57.325+0000] {processor.py:830} INFO - Processing file /opt/airflow/dags/oltp_s3_dwh_dict.py for tasks to queue
[2026-02-25T17:37:57.327+0000] {logging_mixin.py:188} INFO - [2026-02-25T17:37:57.327+0000] {dagbag.py:545} INFO - Filling up the DagBag from /opt/airflow/dags/oltp_s3_dwh_dict.py
[2026-02-25T17:37:57.838+0000] {processor.py:840} INFO - DAG(s) 'oltp_s3_dwh' retrieved from /opt/airflow/dags/oltp_s3_dwh_dict.py
[2026-02-25T17:37:57.865+0000] {logging_mixin.py:188} INFO - [2026-02-25T17:37:57.864+0000] {dag.py:3089} INFO - Sync 1 DAGs
[2026-02-25T17:37:57.888+0000] {logging_mixin.py:188} INFO - [2026-02-25T17:37:57.888+0000] {dag.py:3947} INFO - Setting next_dagrun for oltp_s3_dwh to 2026-02-01 00:00:00+00:00, run_after=2026-03-01 00:00:00+00:00
[2026-02-25T17:37:57.910+0000] {processor.py:183} INFO - Processing /opt/airflow/dags/oltp_s3_dwh_dict.py took 0.606 seconds
[2026-02-25T17:38:28.561+0000] {processor.py:161} INFO - Started process (PID=6325) to work on /opt/airflow/dags/oltp_s3_dwh_dict.py
[2026-02-25T17:38:28.564+0000] {processor.py:830} INFO - Processing file /opt/airflow/dags/oltp_s3_dwh_dict.py for tasks to queue
[2026-02-25T17:38:28.567+0000] {logging_mixin.py:188} INFO - [2026-02-25T17:38:28.566+0000] {dagbag.py:545} INFO - Filling up the DagBag from /opt/airflow/dags/oltp_s3_dwh_dict.py
[2026-02-25T17:38:29.367+0000] {processor.py:840} INFO - DAG(s) 'oltp_s3_dwh' retrieved from /opt/airflow/dags/oltp_s3_dwh_dict.py
[2026-02-25T17:38:29.412+0000] {logging_mixin.py:188} INFO - [2026-02-25T17:38:29.411+0000] {dag.py:3089} INFO - Sync 1 DAGs
[2026-02-25T17:38:29.441+0000] {logging_mixin.py:188} INFO - [2026-02-25T17:38:29.440+0000] {dag.py:3947} INFO - Setting next_dagrun for oltp_s3_dwh to 2026-02-01 00:00:00+00:00, run_after=2026-03-01 00:00:00+00:00
[2026-02-25T17:38:29.470+0000] {processor.py:183} INFO - Processing /opt/airflow/dags/oltp_s3_dwh_dict.py took 0.916 seconds
[2026-02-25T17:38:59.780+0000] {processor.py:161} INFO - Started process (PID=6350) to work on /opt/airflow/dags/oltp_s3_dwh_dict.py
[2026-02-25T17:38:59.782+0000] {processor.py:830} INFO - Processing file /opt/airflow/dags/oltp_s3_dwh_dict.py for tasks to queue
[2026-02-25T17:38:59.784+0000] {logging_mixin.py:188} INFO - [2026-02-25T17:38:59.784+0000] {dagbag.py:545} INFO - Filling up the DagBag from /opt/airflow/dags/oltp_s3_dwh_dict.py
[2026-02-25T17:39:00.272+0000] {processor.py:840} INFO - DAG(s) 'oltp_s3_dwh' retrieved from /opt/airflow/dags/oltp_s3_dwh_dict.py
[2026-02-25T17:39:00.295+0000] {logging_mixin.py:188} INFO - [2026-02-25T17:39:00.295+0000] {dag.py:3089} INFO - Sync 1 DAGs
[2026-02-25T17:39:00.315+0000] {logging_mixin.py:188} INFO - [2026-02-25T17:39:00.315+0000] {dag.py:3947} INFO - Setting next_dagrun for oltp_s3_dwh to 2026-02-01 00:00:00+00:00, run_after=2026-03-01 00:00:00+00:00
[2026-02-25T17:39:00.340+0000] {processor.py:183} INFO - Processing /opt/airflow/dags/oltp_s3_dwh_dict.py took 0.569 seconds
[2026-02-25T17:39:30.418+0000] {processor.py:161} INFO - Started process (PID=6383) to work on /opt/airflow/dags/oltp_s3_dwh_dict.py
[2026-02-25T17:39:30.421+0000] {processor.py:830} INFO - Processing file /opt/airflow/dags/oltp_s3_dwh_dict.py for tasks to queue
[2026-02-25T17:39:30.425+0000] {logging_mixin.py:188} INFO - [2026-02-25T17:39:30.424+0000] {dagbag.py:545} INFO - Filling up the DagBag from /opt/airflow/dags/oltp_s3_dwh_dict.py
[2026-02-25T17:39:31.030+0000] {processor.py:840} INFO - DAG(s) 'oltp_s3_dwh' retrieved from /opt/airflow/dags/oltp_s3_dwh_dict.py
[2026-02-25T17:39:31.055+0000] {logging_mixin.py:188} INFO - [2026-02-25T17:39:31.054+0000] {dag.py:3089} INFO - Sync 1 DAGs
[2026-02-25T17:39:31.078+0000] {logging_mixin.py:188} INFO - [2026-02-25T17:39:31.078+0000] {dag.py:3947} INFO - Setting next_dagrun for oltp_s3_dwh to 2026-02-01 00:00:00+00:00, run_after=2026-03-01 00:00:00+00:00
[2026-02-25T17:39:31.103+0000] {processor.py:183} INFO - Processing /opt/airflow/dags/oltp_s3_dwh_dict.py took 0.702 seconds
[2026-02-25T17:40:01.210+0000] {processor.py:161} INFO - Started process (PID=6409) to work on /opt/airflow/dags/oltp_s3_dwh_dict.py
[2026-02-25T17:40:01.211+0000] {processor.py:830} INFO - Processing file /opt/airflow/dags/oltp_s3_dwh_dict.py for tasks to queue
[2026-02-25T17:40:01.214+0000] {logging_mixin.py:188} INFO - [2026-02-25T17:40:01.213+0000] {dagbag.py:545} INFO - Filling up the DagBag from /opt/airflow/dags/oltp_s3_dwh_dict.py
[2026-02-25T17:40:01.717+0000] {processor.py:840} INFO - DAG(s) 'oltp_s3_dwh' retrieved from /opt/airflow/dags/oltp_s3_dwh_dict.py
[2026-02-25T17:40:01.739+0000] {logging_mixin.py:188} INFO - [2026-02-25T17:40:01.739+0000] {dag.py:3089} INFO - Sync 1 DAGs
[2026-02-25T17:40:01.761+0000] {logging_mixin.py:188} INFO - [2026-02-25T17:40:01.761+0000] {dag.py:3947} INFO - Setting next_dagrun for oltp_s3_dwh to 2026-02-01 00:00:00+00:00, run_after=2026-03-01 00:00:00+00:00
[2026-02-25T17:40:01.782+0000] {processor.py:183} INFO - Processing /opt/airflow/dags/oltp_s3_dwh_dict.py took 0.578 seconds
[2026-02-25T17:40:32.441+0000] {processor.py:161} INFO - Started process (PID=6442) to work on /opt/airflow/dags/oltp_s3_dwh_dict.py
[2026-02-25T17:40:32.443+0000] {processor.py:830} INFO - Processing file /opt/airflow/dags/oltp_s3_dwh_dict.py for tasks to queue
[2026-02-25T17:40:32.450+0000] {logging_mixin.py:188} INFO - [2026-02-25T17:40:32.449+0000] {dagbag.py:545} INFO - Filling up the DagBag from /opt/airflow/dags/oltp_s3_dwh_dict.py
[2026-02-25T17:40:30.645+0000] {processor.py:840} INFO - DAG(s) 'oltp_s3_dwh' retrieved from /opt/airflow/dags/oltp_s3_dwh_dict.py
[2026-02-25T17:40:30.747+0000] {logging_mixin.py:188} INFO - [2026-02-25T17:40:30.746+0000] {dag.py:3089} INFO - Sync 1 DAGs
[2026-02-25T17:40:30.793+0000] {logging_mixin.py:188} INFO - [2026-02-25T17:40:30.793+0000] {dag.py:3947} INFO - Setting next_dagrun for oltp_s3_dwh to 2026-02-01 00:00:00+00:00, run_after=2026-03-01 00:00:00+00:00
[2026-02-25T17:40:30.829+0000] {processor.py:183} INFO - Processing /opt/airflow/dags/oltp_s3_dwh_dict.py took 1.114 seconds
[2026-02-25T17:41:01.157+0000] {processor.py:161} INFO - Started process (PID=6469) to work on /opt/airflow/dags/oltp_s3_dwh_dict.py
[2026-02-25T17:41:01.159+0000] {processor.py:830} INFO - Processing file /opt/airflow/dags/oltp_s3_dwh_dict.py for tasks to queue
[2026-02-25T17:41:01.163+0000] {logging_mixin.py:188} INFO - [2026-02-25T17:41:01.161+0000] {dagbag.py:545} INFO - Filling up the DagBag from /opt/airflow/dags/oltp_s3_dwh_dict.py
[2026-02-25T17:41:01.676+0000] {processor.py:840} INFO - DAG(s) 'oltp_s3_dwh' retrieved from /opt/airflow/dags/oltp_s3_dwh_dict.py
[2026-02-25T17:41:01.699+0000] {logging_mixin.py:188} INFO - [2026-02-25T17:41:01.699+0000] {dag.py:3089} INFO - Sync 1 DAGs
[2026-02-25T17:41:01.722+0000] {logging_mixin.py:188} INFO - [2026-02-25T17:41:01.721+0000] {dag.py:3947} INFO - Setting next_dagrun for oltp_s3_dwh to 2026-02-01 00:00:00+00:00, run_after=2026-03-01 00:00:00+00:00
[2026-02-25T17:41:01.749+0000] {processor.py:183} INFO - Processing /opt/airflow/dags/oltp_s3_dwh_dict.py took 0.600 seconds
[2026-02-25T17:41:31.962+0000] {processor.py:161} INFO - Started process (PID=6502) to work on /opt/airflow/dags/oltp_s3_dwh_dict.py
[2026-02-25T17:41:31.964+0000] {processor.py:830} INFO - Processing file /opt/airflow/dags/oltp_s3_dwh_dict.py for tasks to queue
[2026-02-25T17:41:31.966+0000] {logging_mixin.py:188} INFO - [2026-02-25T17:41:31.966+0000] {dagbag.py:545} INFO - Filling up the DagBag from /opt/airflow/dags/oltp_s3_dwh_dict.py
[2026-02-25T17:41:32.496+0000] {processor.py:840} INFO - DAG(s) 'oltp_s3_dwh' retrieved from /opt/airflow/dags/oltp_s3_dwh_dict.py
[2026-02-25T17:41:32.521+0000] {logging_mixin.py:188} INFO - [2026-02-25T17:41:32.521+0000] {dag.py:3089} INFO - Sync 1 DAGs
[2026-02-25T17:41:32.545+0000] {logging_mixin.py:188} INFO - [2026-02-25T17:41:32.545+0000] {dag.py:3947} INFO - Setting next_dagrun for oltp_s3_dwh to 2026-02-01 00:00:00+00:00, run_after=2026-03-01 00:00:00+00:00
[2026-02-25T17:41:32.577+0000] {processor.py:183} INFO - Processing /opt/airflow/dags/oltp_s3_dwh_dict.py took 0.622 seconds
[2026-02-25T17:42:02.703+0000] {processor.py:161} INFO - Started process (PID=6528) to work on /opt/airflow/dags/oltp_s3_dwh_dict.py
[2026-02-25T17:42:02.705+0000] {processor.py:830} INFO - Processing file /opt/airflow/dags/oltp_s3_dwh_dict.py for tasks to queue
[2026-02-25T17:42:02.708+0000] {logging_mixin.py:188} INFO - [2026-02-25T17:42:02.708+0000] {dagbag.py:545} INFO - Filling up the DagBag from /opt/airflow/dags/oltp_s3_dwh_dict.py
[2026-02-25T17:42:03.202+0000] {processor.py:840} INFO - DAG(s) 'oltp_s3_dwh' retrieved from /opt/airflow/dags/oltp_s3_dwh_dict.py
[2026-02-25T17:42:03.230+0000] {logging_mixin.py:188} INFO - [2026-02-25T17:42:03.230+0000] {dag.py:3089} INFO - Sync 1 DAGs
[2026-02-25T17:42:03.252+0000] {logging_mixin.py:188} INFO - [2026-02-25T17:42:03.252+0000] {dag.py:3947} INFO - Setting next_dagrun for oltp_s3_dwh to 2026-02-01 00:00:00+00:00, run_after=2026-03-01 00:00:00+00:00
[2026-02-25T17:42:03.273+0000] {processor.py:183} INFO - Processing /opt/airflow/dags/oltp_s3_dwh_dict.py took 0.579 seconds
[2026-02-25T17:42:33.424+0000] {processor.py:161} INFO - Started process (PID=6560) to work on /opt/airflow/dags/oltp_s3_dwh_dict.py
[2026-02-25T17:42:33.426+0000] {processor.py:830} INFO - Processing file /opt/airflow/dags/oltp_s3_dwh_dict.py for tasks to queue
[2026-02-25T17:42:33.428+0000] {logging_mixin.py:188} INFO - [2026-02-25T17:42:33.428+0000] {dagbag.py:545} INFO - Filling up the DagBag from /opt/airflow/dags/oltp_s3_dwh_dict.py
[2026-02-25T17:42:33.920+0000] {processor.py:840} INFO - DAG(s) 'oltp_s3_dwh' retrieved from /opt/airflow/dags/oltp_s3_dwh_dict.py
[2026-02-25T17:42:33.943+0000] {logging_mixin.py:188} INFO - [2026-02-25T17:42:33.943+0000] {dag.py:3089} INFO - Sync 1 DAGs
[2026-02-25T17:42:33.965+0000] {logging_mixin.py:188} INFO - [2026-02-25T17:42:33.965+0000] {dag.py:3947} INFO - Setting next_dagrun for oltp_s3_dwh to 2026-02-01 00:00:00+00:00, run_after=2026-03-01 00:00:00+00:00
[2026-02-25T17:42:33.987+0000] {processor.py:183} INFO - Processing /opt/airflow/dags/oltp_s3_dwh_dict.py took 0.570 seconds
[2026-02-25T17:43:04.118+0000] {processor.py:161} INFO - Started process (PID=6586) to work on /opt/airflow/dags/oltp_s3_dwh_dict.py
[2026-02-25T17:43:04.119+0000] {processor.py:830} INFO - Processing file /opt/airflow/dags/oltp_s3_dwh_dict.py for tasks to queue
[2026-02-25T17:43:04.122+0000] {logging_mixin.py:188} INFO - [2026-02-25T17:43:04.121+0000] {dagbag.py:545} INFO - Filling up the DagBag from /opt/airflow/dags/oltp_s3_dwh_dict.py
[2026-02-25T17:43:04.610+0000] {processor.py:840} INFO - DAG(s) 'oltp_s3_dwh' retrieved from /opt/airflow/dags/oltp_s3_dwh_dict.py
[2026-02-25T17:43:04.633+0000] {logging_mixin.py:188} INFO - [2026-02-25T17:43:04.632+0000] {dag.py:3089} INFO - Sync 1 DAGs
[2026-02-25T17:43:04.653+0000] {logging_mixin.py:188} INFO - [2026-02-25T17:43:04.653+0000] {dag.py:3947} INFO - Setting next_dagrun for oltp_s3_dwh to 2026-02-01 00:00:00+00:00, run_after=2026-03-01 00:00:00+00:00
[2026-02-25T17:43:04.674+0000] {processor.py:183} INFO - Processing /opt/airflow/dags/oltp_s3_dwh_dict.py took 0.563 seconds
[2026-02-25T17:43:34.857+0000] {processor.py:161} INFO - Started process (PID=6619) to work on /opt/airflow/dags/oltp_s3_dwh_dict.py
[2026-02-25T17:43:34.858+0000] {processor.py:830} INFO - Processing file /opt/airflow/dags/oltp_s3_dwh_dict.py for tasks to queue
[2026-02-25T17:43:34.860+0000] {logging_mixin.py:188} INFO - [2026-02-25T17:43:34.860+0000] {dagbag.py:545} INFO - Filling up the DagBag from /opt/airflow/dags/oltp_s3_dwh_dict.py
[2026-02-25T17:43:35.354+0000] {processor.py:840} INFO - DAG(s) 'oltp_s3_dwh' retrieved from /opt/airflow/dags/oltp_s3_dwh_dict.py
[2026-02-25T17:43:35.377+0000] {logging_mixin.py:188} INFO - [2026-02-25T17:43:35.376+0000] {dag.py:3089} INFO - Sync 1 DAGs
[2026-02-25T17:43:35.399+0000] {logging_mixin.py:188} INFO - [2026-02-25T17:43:35.399+0000] {dag.py:3947} INFO - Setting next_dagrun for oltp_s3_dwh to 2026-02-01 00:00:00+00:00, run_after=2026-03-01 00:00:00+00:00
[2026-02-25T17:43:35.422+0000] {processor.py:183} INFO - Processing /opt/airflow/dags/oltp_s3_dwh_dict.py took 0.573 seconds
[2026-02-25T17:44:05.589+0000] {processor.py:161} INFO - Started process (PID=6646) to work on /opt/airflow/dags/oltp_s3_dwh_dict.py
[2026-02-25T17:44:05.591+0000] {processor.py:830} INFO - Processing file /opt/airflow/dags/oltp_s3_dwh_dict.py for tasks to queue
[2026-02-25T17:44:05.593+0000] {logging_mixin.py:188} INFO - [2026-02-25T17:44:05.593+0000] {dagbag.py:545} INFO - Filling up the DagBag from /opt/airflow/dags/oltp_s3_dwh_dict.py
[2026-02-25T17:44:06.079+0000] {processor.py:840} INFO - DAG(s) 'oltp_s3_dwh' retrieved from /opt/airflow/dags/oltp_s3_dwh_dict.py
[2026-02-25T17:44:06.101+0000] {logging_mixin.py:188} INFO - [2026-02-25T17:44:06.101+0000] {dag.py:3089} INFO - Sync 1 DAGs
[2026-02-25T17:44:06.122+0000] {logging_mixin.py:188} INFO - [2026-02-25T17:44:06.122+0000] {dag.py:3947} INFO - Setting next_dagrun for oltp_s3_dwh to 2026-02-01 00:00:00+00:00, run_after=2026-03-01 00:00:00+00:00
[2026-02-25T17:44:06.142+0000] {processor.py:183} INFO - Processing /opt/airflow/dags/oltp_s3_dwh_dict.py took 0.559 seconds
[2026-02-25T17:44:36.309+0000] {processor.py:161} INFO - Started process (PID=6678) to work on /opt/airflow/dags/oltp_s3_dwh_dict.py
[2026-02-25T17:44:36.311+0000] {processor.py:830} INFO - Processing file /opt/airflow/dags/oltp_s3_dwh_dict.py for tasks to queue
[2026-02-25T17:44:36.315+0000] {logging_mixin.py:188} INFO - [2026-02-25T17:44:36.314+0000] {dagbag.py:545} INFO - Filling up the DagBag from /opt/airflow/dags/oltp_s3_dwh_dict.py
[2026-02-25T17:44:36.870+0000] {processor.py:840} INFO - DAG(s) 'oltp_s3_dwh' retrieved from /opt/airflow/dags/oltp_s3_dwh_dict.py
[2026-02-25T17:44:36.895+0000] {logging_mixin.py:188} INFO - [2026-02-25T17:44:36.894+0000] {dag.py:3089} INFO - Sync 1 DAGs
[2026-02-25T17:44:36.917+0000] {logging_mixin.py:188} INFO - [2026-02-25T17:44:36.917+0000] {dag.py:3947} INFO - Setting next_dagrun for oltp_s3_dwh to 2026-02-01 00:00:00+00:00, run_after=2026-03-01 00:00:00+00:00
[2026-02-25T17:44:36.939+0000] {processor.py:183} INFO - Processing /opt/airflow/dags/oltp_s3_dwh_dict.py took 0.639 seconds
[2026-02-25T17:45:07.304+0000] {processor.py:161} INFO - Started process (PID=6710) to work on /opt/airflow/dags/oltp_s3_dwh_dict.py
[2026-02-25T17:45:07.305+0000] {processor.py:830} INFO - Processing file /opt/airflow/dags/oltp_s3_dwh_dict.py for tasks to queue
[2026-02-25T17:45:07.307+0000] {logging_mixin.py:188} INFO - [2026-02-25T17:45:07.307+0000] {dagbag.py:545} INFO - Filling up the DagBag from /opt/airflow/dags/oltp_s3_dwh_dict.py
[2026-02-25T17:45:07.787+0000] {processor.py:840} INFO - DAG(s) 'oltp_s3_dwh' retrieved from /opt/airflow/dags/oltp_s3_dwh_dict.py
[2026-02-25T17:45:07.811+0000] {logging_mixin.py:188} INFO - [2026-02-25T17:45:07.810+0000] {dag.py:3089} INFO - Sync 1 DAGs
[2026-02-25T17:45:07.833+0000] {logging_mixin.py:188} INFO - [2026-02-25T17:45:07.833+0000] {dag.py:3947} INFO - Setting next_dagrun for oltp_s3_dwh to 2026-02-01 00:00:00+00:00, run_after=2026-03-01 00:00:00+00:00
[2026-02-25T17:45:07.855+0000] {processor.py:183} INFO - Processing /opt/airflow/dags/oltp_s3_dwh_dict.py took 0.557 seconds
[2026-02-25T17:45:38.127+0000] {processor.py:161} INFO - Started process (PID=6737) to work on /opt/airflow/dags/oltp_s3_dwh_dict.py
[2026-02-25T17:45:38.128+0000] {processor.py:830} INFO - Processing file /opt/airflow/dags/oltp_s3_dwh_dict.py for tasks to queue
[2026-02-25T17:45:38.130+0000] {logging_mixin.py:188} INFO - [2026-02-25T17:45:38.130+0000] {dagbag.py:545} INFO - Filling up the DagBag from /opt/airflow/dags/oltp_s3_dwh_dict.py
[2026-02-25T17:45:38.756+0000] {processor.py:840} INFO - DAG(s) 'oltp_s3_dwh' retrieved from /opt/airflow/dags/oltp_s3_dwh_dict.py
[2026-02-25T17:45:38.781+0000] {logging_mixin.py:188} INFO - [2026-02-25T17:45:38.780+0000] {dag.py:3089} INFO - Sync 1 DAGs
[2026-02-25T17:45:38.801+0000] {logging_mixin.py:188} INFO - [2026-02-25T17:45:38.801+0000] {dag.py:3947} INFO - Setting next_dagrun for oltp_s3_dwh to 2026-02-01 00:00:00+00:00, run_after=2026-03-01 00:00:00+00:00
[2026-02-25T17:45:38.829+0000] {processor.py:183} INFO - Processing /opt/airflow/dags/oltp_s3_dwh_dict.py took 0.709 seconds
[2026-02-25T17:46:09.282+0000] {processor.py:161} INFO - Started process (PID=6771) to work on /opt/airflow/dags/oltp_s3_dwh_dict.py
[2026-02-25T17:46:09.284+0000] {processor.py:830} INFO - Processing file /opt/airflow/dags/oltp_s3_dwh_dict.py for tasks to queue
[2026-02-25T17:46:09.286+0000] {logging_mixin.py:188} INFO - [2026-02-25T17:46:09.286+0000] {dagbag.py:545} INFO - Filling up the DagBag from /opt/airflow/dags/oltp_s3_dwh_dict.py
[2026-02-25T17:46:09.789+0000] {processor.py:840} INFO - DAG(s) 'oltp_s3_dwh' retrieved from /opt/airflow/dags/oltp_s3_dwh_dict.py
[2026-02-25T17:46:09.814+0000] {logging_mixin.py:188} INFO - [2026-02-25T17:46:09.813+0000] {dag.py:3089} INFO - Sync 1 DAGs
[2026-02-25T17:46:09.838+0000] {logging_mixin.py:188} INFO - [2026-02-25T17:46:09.838+0000] {dag.py:3947} INFO - Setting next_dagrun for oltp_s3_dwh to 2026-02-01 00:00:00+00:00, run_after=2026-03-01 00:00:00+00:00
[2026-02-25T17:46:09.862+0000] {processor.py:183} INFO - Processing /opt/airflow/dags/oltp_s3_dwh_dict.py took 0.587 seconds
[2026-02-25T17:46:40.103+0000] {processor.py:161} INFO - Started process (PID=6797) to work on /opt/airflow/dags/oltp_s3_dwh_dict.py
[2026-02-25T17:46:40.104+0000] {processor.py:830} INFO - Processing file /opt/airflow/dags/oltp_s3_dwh_dict.py for tasks to queue
[2026-02-25T17:46:40.107+0000] {logging_mixin.py:188} INFO - [2026-02-25T17:46:40.106+0000] {dagbag.py:545} INFO - Filling up the DagBag from /opt/airflow/dags/oltp_s3_dwh_dict.py
[2026-02-25T17:46:40.617+0000] {processor.py:840} INFO - DAG(s) 'oltp_s3_dwh' retrieved from /opt/airflow/dags/oltp_s3_dwh_dict.py
[2026-02-25T17:46:40.644+0000] {logging_mixin.py:188} INFO - [2026-02-25T17:46:40.644+0000] {dag.py:3089} INFO - Sync 1 DAGs
[2026-02-25T17:46:40.665+0000] {logging_mixin.py:188} INFO - [2026-02-25T17:46:40.665+0000] {dag.py:3947} INFO - Setting next_dagrun for oltp_s3_dwh to 2026-02-01 00:00:00+00:00, run_after=2026-03-01 00:00:00+00:00
[2026-02-25T17:46:40.687+0000] {processor.py:183} INFO - Processing /opt/airflow/dags/oltp_s3_dwh_dict.py took 0.592 seconds
[2026-02-25T17:47:10.925+0000] {processor.py:161} INFO - Started process (PID=6830) to work on /opt/airflow/dags/oltp_s3_dwh_dict.py
[2026-02-25T17:47:10.927+0000] {processor.py:830} INFO - Processing file /opt/airflow/dags/oltp_s3_dwh_dict.py for tasks to queue
[2026-02-25T17:47:10.931+0000] {logging_mixin.py:188} INFO - [2026-02-25T17:47:10.930+0000] {dagbag.py:545} INFO - Filling up the DagBag from /opt/airflow/dags/oltp_s3_dwh_dict.py
[2026-02-25T17:47:11.533+0000] {processor.py:840} INFO - DAG(s) 'oltp_s3_dwh' retrieved from /opt/airflow/dags/oltp_s3_dwh_dict.py
[2026-02-25T17:47:11.560+0000] {logging_mixin.py:188} INFO - [2026-02-25T17:47:11.559+0000] {dag.py:3089} INFO - Sync 1 DAGs
[2026-02-25T17:47:11.583+0000] {logging_mixin.py:188} INFO - [2026-02-25T17:47:11.582+0000] {dag.py:3947} INFO - Setting next_dagrun for oltp_s3_dwh to 2026-02-01 00:00:00+00:00, run_after=2026-03-01 00:00:00+00:00
[2026-02-25T17:47:11.609+0000] {processor.py:183} INFO - Processing /opt/airflow/dags/oltp_s3_dwh_dict.py took 0.695 seconds
[2026-02-25T17:47:42.154+0000] {processor.py:161} INFO - Started process (PID=6856) to work on /opt/airflow/dags/oltp_s3_dwh_dict.py
[2026-02-25T17:47:42.156+0000] {processor.py:830} INFO - Processing file /opt/airflow/dags/oltp_s3_dwh_dict.py for tasks to queue
[2026-02-25T17:47:42.158+0000] {logging_mixin.py:188} INFO - [2026-02-25T17:47:42.158+0000] {dagbag.py:545} INFO - Filling up the DagBag from /opt/airflow/dags/oltp_s3_dwh_dict.py
[2026-02-25T17:47:42.682+0000] {processor.py:840} INFO - DAG(s) 'oltp_s3_dwh' retrieved from /opt/airflow/dags/oltp_s3_dwh_dict.py
[2026-02-25T17:47:42.705+0000] {logging_mixin.py:188} INFO - [2026-02-25T17:47:42.705+0000] {dag.py:3089} INFO - Sync 1 DAGs
[2026-02-25T17:47:42.726+0000] {logging_mixin.py:188} INFO - [2026-02-25T17:47:42.726+0000] {dag.py:3947} INFO - Setting next_dagrun for oltp_s3_dwh to 2026-02-01 00:00:00+00:00, run_after=2026-03-01 00:00:00+00:00
[2026-02-25T17:47:42.751+0000] {processor.py:183} INFO - Processing /opt/airflow/dags/oltp_s3_dwh_dict.py took 0.603 seconds
[2026-02-25T17:48:13.195+0000] {processor.py:161} INFO - Started process (PID=6890) to work on /opt/airflow/dags/oltp_s3_dwh_dict.py
[2026-02-25T17:48:13.197+0000] {processor.py:830} INFO - Processing file /opt/airflow/dags/oltp_s3_dwh_dict.py for tasks to queue
[2026-02-25T17:48:13.200+0000] {logging_mixin.py:188} INFO - [2026-02-25T17:48:13.200+0000] {dagbag.py:545} INFO - Filling up the DagBag from /opt/airflow/dags/oltp_s3_dwh_dict.py
[2026-02-25T17:48:13.874+0000] {processor.py:840} INFO - DAG(s) 'oltp_s3_dwh' retrieved from /opt/airflow/dags/oltp_s3_dwh_dict.py
[2026-02-25T17:48:13.903+0000] {logging_mixin.py:188} INFO - [2026-02-25T17:48:13.902+0000] {dag.py:3089} INFO - Sync 1 DAGs
[2026-02-25T17:48:13.936+0000] {logging_mixin.py:188} INFO - [2026-02-25T17:48:13.936+0000] {dag.py:3947} INFO - Setting next_dagrun for oltp_s3_dwh to 2026-02-01 00:00:00+00:00, run_after=2026-03-01 00:00:00+00:00
[2026-02-25T17:48:13.966+0000] {processor.py:183} INFO - Processing /opt/airflow/dags/oltp_s3_dwh_dict.py took 0.779 seconds
[2026-02-25T17:48:44.155+0000] {processor.py:161} INFO - Started process (PID=6921) to work on /opt/airflow/dags/oltp_s3_dwh_dict.py
[2026-02-25T17:48:44.158+0000] {processor.py:830} INFO - Processing file /opt/airflow/dags/oltp_s3_dwh_dict.py for tasks to queue
[2026-02-25T17:48:44.160+0000] {logging_mixin.py:188} INFO - [2026-02-25T17:48:44.160+0000] {dagbag.py:545} INFO - Filling up the DagBag from /opt/airflow/dags/oltp_s3_dwh_dict.py
[2026-02-25T17:48:44.669+0000] {processor.py:840} INFO - DAG(s) 'oltp_s3_dwh' retrieved from /opt/airflow/dags/oltp_s3_dwh_dict.py
[2026-02-25T17:48:44.698+0000] {logging_mixin.py:188} INFO - [2026-02-25T17:48:44.697+0000] {dag.py:3089} INFO - Sync 1 DAGs
[2026-02-25T17:48:44.721+0000] {logging_mixin.py:188} INFO - [2026-02-25T17:48:44.721+0000] {dag.py:3947} INFO - Setting next_dagrun for oltp_s3_dwh to 2026-02-01 00:00:00+00:00, run_after=2026-03-01 00:00:00+00:00
[2026-02-25T17:48:44.749+0000] {processor.py:183} INFO - Processing /opt/airflow/dags/oltp_s3_dwh_dict.py took 0.612 seconds
[2026-02-25T17:49:15.125+0000] {processor.py:161} INFO - Started process (PID=6949) to work on /opt/airflow/dags/oltp_s3_dwh_dict.py
[2026-02-25T17:49:15.127+0000] {processor.py:830} INFO - Processing file /opt/airflow/dags/oltp_s3_dwh_dict.py for tasks to queue
[2026-02-25T17:49:15.131+0000] {logging_mixin.py:188} INFO - [2026-02-25T17:49:15.130+0000] {dagbag.py:545} INFO - Filling up the DagBag from /opt/airflow/dags/oltp_s3_dwh_dict.py
[2026-02-25T17:49:15.626+0000] {processor.py:840} INFO - DAG(s) 'oltp_s3_dwh' retrieved from /opt/airflow/dags/oltp_s3_dwh_dict.py
[2026-02-25T17:49:15.654+0000] {logging_mixin.py:188} INFO - [2026-02-25T17:49:15.653+0000] {dag.py:3089} INFO - Sync 1 DAGs
[2026-02-25T17:49:15.678+0000] {logging_mixin.py:188} INFO - [2026-02-25T17:49:15.678+0000] {dag.py:3947} INFO - Setting next_dagrun for oltp_s3_dwh to 2026-02-01 00:00:00+00:00, run_after=2026-03-01 00:00:00+00:00
[2026-02-25T17:49:15.705+0000] {processor.py:183} INFO - Processing /opt/airflow/dags/oltp_s3_dwh_dict.py took 0.587 seconds
[2026-02-25T17:49:46.142+0000] {processor.py:161} INFO - Started process (PID=6984) to work on /opt/airflow/dags/oltp_s3_dwh_dict.py
[2026-02-25T17:49:46.143+0000] {processor.py:830} INFO - Processing file /opt/airflow/dags/oltp_s3_dwh_dict.py for tasks to queue
[2026-02-25T17:49:46.145+0000] {logging_mixin.py:188} INFO - [2026-02-25T17:49:46.145+0000] {dagbag.py:545} INFO - Filling up the DagBag from /opt/airflow/dags/oltp_s3_dwh_dict.py
[2026-02-25T17:49:46.774+0000] {processor.py:840} INFO - DAG(s) 'oltp_s3_dwh' retrieved from /opt/airflow/dags/oltp_s3_dwh_dict.py
[2026-02-25T17:49:46.814+0000] {logging_mixin.py:188} INFO - [2026-02-25T17:49:46.813+0000] {dag.py:3089} INFO - Sync 1 DAGs
[2026-02-25T17:49:46.841+0000] {logging_mixin.py:188} INFO - [2026-02-25T17:49:46.840+0000] {dag.py:3947} INFO - Setting next_dagrun for oltp_s3_dwh to 2026-02-01 00:00:00+00:00, run_after=2026-03-01 00:00:00+00:00
[2026-02-25T17:49:46.882+0000] {processor.py:183} INFO - Processing /opt/airflow/dags/oltp_s3_dwh_dict.py took 0.747 seconds
[2026-02-25T17:50:17.074+0000] {processor.py:161} INFO - Started process (PID=7008) to work on /opt/airflow/dags/oltp_s3_dwh_dict.py
[2026-02-25T17:50:17.075+0000] {processor.py:830} INFO - Processing file /opt/airflow/dags/oltp_s3_dwh_dict.py for tasks to queue
[2026-02-25T17:50:17.077+0000] {logging_mixin.py:188} INFO - [2026-02-25T17:50:17.077+0000] {dagbag.py:545} INFO - Filling up the DagBag from /opt/airflow/dags/oltp_s3_dwh_dict.py
[2026-02-25T17:50:17.550+0000] {processor.py:840} INFO - DAG(s) 'oltp_s3_dwh' retrieved from /opt/airflow/dags/oltp_s3_dwh_dict.py
[2026-02-25T17:50:17.574+0000] {logging_mixin.py:188} INFO - [2026-02-25T17:50:17.573+0000] {dag.py:3089} INFO - Sync 1 DAGs
[2026-02-25T17:50:17.596+0000] {logging_mixin.py:188} INFO - [2026-02-25T17:50:17.595+0000] {dag.py:3947} INFO - Setting next_dagrun for oltp_s3_dwh to 2026-02-01 00:00:00+00:00, run_after=2026-03-01 00:00:00+00:00
[2026-02-25T17:50:17.618+0000] {processor.py:183} INFO - Processing /opt/airflow/dags/oltp_s3_dwh_dict.py took 0.551 seconds
[2026-02-25T17:50:47.913+0000] {processor.py:161} INFO - Started process (PID=7040) to work on /opt/airflow/dags/oltp_s3_dwh_dict.py
[2026-02-25T17:50:47.916+0000] {processor.py:830} INFO - Processing file /opt/airflow/dags/oltp_s3_dwh_dict.py for tasks to queue
[2026-02-25T17:50:47.919+0000] {logging_mixin.py:188} INFO - [2026-02-25T17:50:47.918+0000] {dagbag.py:545} INFO - Filling up the DagBag from /opt/airflow/dags/oltp_s3_dwh_dict.py
[2026-02-25T17:50:48.414+0000] {processor.py:840} INFO - DAG(s) 'oltp_s3_dwh' retrieved from /opt/airflow/dags/oltp_s3_dwh_dict.py
[2026-02-25T17:50:48.458+0000] {logging_mixin.py:188} INFO - [2026-02-25T17:50:48.457+0000] {dag.py:3089} INFO - Sync 1 DAGs
[2026-02-25T17:50:48.496+0000] {logging_mixin.py:188} INFO - [2026-02-25T17:50:48.496+0000] {dag.py:3947} INFO - Setting next_dagrun for oltp_s3_dwh to 2026-02-01 00:00:00+00:00, run_after=2026-03-01 00:00:00+00:00
[2026-02-25T17:50:48.531+0000] {processor.py:183} INFO - Processing /opt/airflow/dags/oltp_s3_dwh_dict.py took 0.626 seconds
[2026-02-25T17:51:18.651+0000] {processor.py:161} INFO - Started process (PID=7066) to work on /opt/airflow/dags/oltp_s3_dwh_dict.py
[2026-02-25T17:51:18.653+0000] {processor.py:830} INFO - Processing file /opt/airflow/dags/oltp_s3_dwh_dict.py for tasks to queue
[2026-02-25T17:51:18.655+0000] {logging_mixin.py:188} INFO - [2026-02-25T17:51:18.655+0000] {dagbag.py:545} INFO - Filling up the DagBag from /opt/airflow/dags/oltp_s3_dwh_dict.py
[2026-02-25T17:51:19.128+0000] {processor.py:840} INFO - DAG(s) 'oltp_s3_dwh' retrieved from /opt/airflow/dags/oltp_s3_dwh_dict.py
[2026-02-25T17:51:19.150+0000] {logging_mixin.py:188} INFO - [2026-02-25T17:51:19.149+0000] {dag.py:3089} INFO - Sync 1 DAGs
[2026-02-25T17:51:19.169+0000] {logging_mixin.py:188} INFO - [2026-02-25T17:51:19.169+0000] {dag.py:3947} INFO - Setting next_dagrun for oltp_s3_dwh to 2026-02-01 00:00:00+00:00, run_after=2026-03-01 00:00:00+00:00
[2026-02-25T17:51:19.191+0000] {processor.py:183} INFO - Processing /opt/airflow/dags/oltp_s3_dwh_dict.py took 0.546 seconds
[2026-02-25T17:51:49.261+0000] {processor.py:161} INFO - Started process (PID=7099) to work on /opt/airflow/dags/oltp_s3_dwh_dict.py
[2026-02-25T17:51:49.263+0000] {processor.py:830} INFO - Processing file /opt/airflow/dags/oltp_s3_dwh_dict.py for tasks to queue
[2026-02-25T17:51:49.265+0000] {logging_mixin.py:188} INFO - [2026-02-25T17:51:49.265+0000] {dagbag.py:545} INFO - Filling up the DagBag from /opt/airflow/dags/oltp_s3_dwh_dict.py
[2026-02-25T17:51:49.747+0000] {processor.py:840} INFO - DAG(s) 'oltp_s3_dwh' retrieved from /opt/airflow/dags/oltp_s3_dwh_dict.py
[2026-02-25T17:51:49.768+0000] {logging_mixin.py:188} INFO - [2026-02-25T17:51:49.768+0000] {dag.py:3089} INFO - Sync 1 DAGs
[2026-02-25T17:51:49.788+0000] {logging_mixin.py:188} INFO - [2026-02-25T17:51:49.788+0000] {dag.py:3947} INFO - Setting next_dagrun for oltp_s3_dwh to 2026-02-01 00:00:00+00:00, run_after=2026-03-01 00:00:00+00:00
[2026-02-25T17:51:49.813+0000] {processor.py:183} INFO - Processing /opt/airflow/dags/oltp_s3_dwh_dict.py took 0.558 seconds
[2026-02-25T17:52:20.432+0000] {processor.py:161} INFO - Started process (PID=7125) to work on /opt/airflow/dags/oltp_s3_dwh_dict.py
[2026-02-25T17:52:20.434+0000] {processor.py:830} INFO - Processing file /opt/airflow/dags/oltp_s3_dwh_dict.py for tasks to queue
[2026-02-25T17:52:20.437+0000] {logging_mixin.py:188} INFO - [2026-02-25T17:52:20.436+0000] {dagbag.py:545} INFO - Filling up the DagBag from /opt/airflow/dags/oltp_s3_dwh_dict.py
[2026-02-25T17:52:20.980+0000] {processor.py:840} INFO - DAG(s) 'oltp_s3_dwh' retrieved from /opt/airflow/dags/oltp_s3_dwh_dict.py
[2026-02-25T17:52:21.007+0000] {logging_mixin.py:188} INFO - [2026-02-25T17:52:21.007+0000] {dag.py:3089} INFO - Sync 1 DAGs
[2026-02-25T17:52:21.030+0000] {logging_mixin.py:188} INFO - [2026-02-25T17:52:21.029+0000] {dag.py:3947} INFO - Setting next_dagrun for oltp_s3_dwh to 2026-02-01 00:00:00+00:00, run_after=2026-03-01 00:00:00+00:00
[2026-02-25T17:52:21.052+0000] {processor.py:183} INFO - Processing /opt/airflow/dags/oltp_s3_dwh_dict.py took 0.630 seconds
[2026-02-25T17:52:51.600+0000] {processor.py:161} INFO - Started process (PID=7157) to work on /opt/airflow/dags/oltp_s3_dwh_dict.py
[2026-02-25T17:52:51.601+0000] {processor.py:830} INFO - Processing file /opt/airflow/dags/oltp_s3_dwh_dict.py for tasks to queue
[2026-02-25T17:52:51.604+0000] {logging_mixin.py:188} INFO - [2026-02-25T17:52:51.603+0000] {dagbag.py:545} INFO - Filling up the DagBag from /opt/airflow/dags/oltp_s3_dwh_dict.py
[2026-02-25T17:52:52.132+0000] {processor.py:840} INFO - DAG(s) 'oltp_s3_dwh' retrieved from /opt/airflow/dags/oltp_s3_dwh_dict.py
[2026-02-25T17:52:52.155+0000] {logging_mixin.py:188} INFO - [2026-02-25T17:52:52.155+0000] {dag.py:3089} INFO - Sync 1 DAGs
[2026-02-25T17:52:52.177+0000] {logging_mixin.py:188} INFO - [2026-02-25T17:52:52.177+0000] {dag.py:3947} INFO - Setting next_dagrun for oltp_s3_dwh to 2026-02-01 00:00:00+00:00, run_after=2026-03-01 00:00:00+00:00
[2026-02-25T17:52:52.226+0000] {processor.py:183} INFO - Processing /opt/airflow/dags/oltp_s3_dwh_dict.py took 0.633 seconds
[2026-02-25T17:53:22.968+0000] {processor.py:161} INFO - Started process (PID=7190) to work on /opt/airflow/dags/oltp_s3_dwh_dict.py
[2026-02-25T17:53:22.972+0000] {processor.py:830} INFO - Processing file /opt/airflow/dags/oltp_s3_dwh_dict.py for tasks to queue
[2026-02-25T17:53:22.979+0000] {logging_mixin.py:188} INFO - [2026-02-25T17:53:22.979+0000] {dagbag.py:545} INFO - Filling up the DagBag from /opt/airflow/dags/oltp_s3_dwh_dict.py
[2026-02-25T17:53:23.570+0000] {processor.py:840} INFO - DAG(s) 'oltp_s3_dwh' retrieved from /opt/airflow/dags/oltp_s3_dwh_dict.py
[2026-02-25T17:53:23.601+0000] {logging_mixin.py:188} INFO - [2026-02-25T17:53:23.600+0000] {dag.py:3089} INFO - Sync 1 DAGs
[2026-02-25T17:53:23.636+0000] {logging_mixin.py:188} INFO - [2026-02-25T17:53:23.636+0000] {dag.py:3947} INFO - Setting next_dagrun for oltp_s3_dwh to 2026-02-01 00:00:00+00:00, run_after=2026-03-01 00:00:00+00:00
[2026-02-25T17:53:23.672+0000] {processor.py:183} INFO - Processing /opt/airflow/dags/oltp_s3_dwh_dict.py took 0.715 seconds
[2026-02-25T17:53:54.141+0000] {processor.py:161} INFO - Started process (PID=7215) to work on /opt/airflow/dags/oltp_s3_dwh_dict.py
[2026-02-25T17:53:54.142+0000] {processor.py:830} INFO - Processing file /opt/airflow/dags/oltp_s3_dwh_dict.py for tasks to queue
[2026-02-25T17:53:54.144+0000] {logging_mixin.py:188} INFO - [2026-02-25T17:53:54.144+0000] {dagbag.py:545} INFO - Filling up the DagBag from /opt/airflow/dags/oltp_s3_dwh_dict.py
[2026-02-25T17:53:54.638+0000] {processor.py:840} INFO - DAG(s) 'oltp_s3_dwh' retrieved from /opt/airflow/dags/oltp_s3_dwh_dict.py
[2026-02-25T17:53:54.668+0000] {logging_mixin.py:188} INFO - [2026-02-25T17:53:54.667+0000] {dag.py:3089} INFO - Sync 1 DAGs
[2026-02-25T17:53:54.694+0000] {logging_mixin.py:188} INFO - [2026-02-25T17:53:54.694+0000] {dag.py:3947} INFO - Setting next_dagrun for oltp_s3_dwh to 2026-02-01 00:00:00+00:00, run_after=2026-03-01 00:00:00+00:00
[2026-02-25T17:53:54.721+0000] {processor.py:183} INFO - Processing /opt/airflow/dags/oltp_s3_dwh_dict.py took 0.586 seconds
[2026-02-25T17:54:25.543+0000] {processor.py:161} INFO - Started process (PID=7248) to work on /opt/airflow/dags/oltp_s3_dwh_dict.py
[2026-02-25T17:54:25.545+0000] {processor.py:830} INFO - Processing file /opt/airflow/dags/oltp_s3_dwh_dict.py for tasks to queue
[2026-02-25T17:54:25.548+0000] {logging_mixin.py:188} INFO - [2026-02-25T17:54:25.547+0000] {dagbag.py:545} INFO - Filling up the DagBag from /opt/airflow/dags/oltp_s3_dwh_dict.py
[2026-02-25T17:54:26.066+0000] {processor.py:840} INFO - DAG(s) 'oltp_s3_dwh' retrieved from /opt/airflow/dags/oltp_s3_dwh_dict.py
[2026-02-25T17:54:26.093+0000] {logging_mixin.py:188} INFO - [2026-02-25T17:54:26.093+0000] {dag.py:3089} INFO - Sync 1 DAGs
[2026-02-25T17:54:26.120+0000] {logging_mixin.py:188} INFO - [2026-02-25T17:54:26.119+0000] {dag.py:3947} INFO - Setting next_dagrun for oltp_s3_dwh to 2026-02-01 00:00:00+00:00, run_after=2026-03-01 00:00:00+00:00
[2026-02-25T17:54:26.146+0000] {processor.py:183} INFO - Processing /opt/airflow/dags/oltp_s3_dwh_dict.py took 0.611 seconds
[2026-02-25T17:54:56.556+0000] {processor.py:161} INFO - Started process (PID=7274) to work on /opt/airflow/dags/oltp_s3_dwh_dict.py
[2026-02-25T17:54:56.558+0000] {processor.py:830} INFO - Processing file /opt/airflow/dags/oltp_s3_dwh_dict.py for tasks to queue
[2026-02-25T17:54:56.560+0000] {logging_mixin.py:188} INFO - [2026-02-25T17:54:56.560+0000] {dagbag.py:545} INFO - Filling up the DagBag from /opt/airflow/dags/oltp_s3_dwh_dict.py
[2026-02-25T17:54:57.066+0000] {processor.py:840} INFO - DAG(s) 'oltp_s3_dwh' retrieved from /opt/airflow/dags/oltp_s3_dwh_dict.py
[2026-02-25T17:54:57.091+0000] {logging_mixin.py:188} INFO - [2026-02-25T17:54:57.090+0000] {dag.py:3089} INFO - Sync 1 DAGs
[2026-02-25T17:54:57.112+0000] {logging_mixin.py:188} INFO - [2026-02-25T17:54:57.111+0000] {dag.py:3947} INFO - Setting next_dagrun for oltp_s3_dwh to 2026-02-01 00:00:00+00:00, run_after=2026-03-01 00:00:00+00:00
[2026-02-25T17:54:57.137+0000] {processor.py:183} INFO - Processing /opt/airflow/dags/oltp_s3_dwh_dict.py took 0.588 seconds
[2026-02-25T17:55:27.295+0000] {processor.py:161} INFO - Started process (PID=7307) to work on /opt/airflow/dags/oltp_s3_dwh_dict.py
[2026-02-25T17:55:27.298+0000] {processor.py:830} INFO - Processing file /opt/airflow/dags/oltp_s3_dwh_dict.py for tasks to queue
[2026-02-25T17:55:27.303+0000] {logging_mixin.py:188} INFO - [2026-02-25T17:55:27.302+0000] {dagbag.py:545} INFO - Filling up the DagBag from /opt/airflow/dags/oltp_s3_dwh_dict.py
[2026-02-25T17:55:27.801+0000] {processor.py:840} INFO - DAG(s) 'oltp_s3_dwh' retrieved from /opt/airflow/dags/oltp_s3_dwh_dict.py
[2026-02-25T17:55:27.824+0000] {logging_mixin.py:188} INFO - [2026-02-25T17:55:27.823+0000] {dag.py:3089} INFO - Sync 1 DAGs
[2026-02-25T17:55:27.844+0000] {logging_mixin.py:188} INFO - [2026-02-25T17:55:27.843+0000] {dag.py:3947} INFO - Setting next_dagrun for oltp_s3_dwh to 2026-02-01 00:00:00+00:00, run_after=2026-03-01 00:00:00+00:00
[2026-02-25T17:55:27.865+0000] {processor.py:183} INFO - Processing /opt/airflow/dags/oltp_s3_dwh_dict.py took 0.577 seconds
[2026-02-25T17:55:58.499+0000] {processor.py:161} INFO - Started process (PID=7333) to work on /opt/airflow/dags/oltp_s3_dwh_dict.py
[2026-02-25T17:55:58.501+0000] {processor.py:830} INFO - Processing file /opt/airflow/dags/oltp_s3_dwh_dict.py for tasks to queue
[2026-02-25T17:55:58.503+0000] {logging_mixin.py:188} INFO - [2026-02-25T17:55:58.503+0000] {dagbag.py:545} INFO - Filling up the DagBag from /opt/airflow/dags/oltp_s3_dwh_dict.py
[2026-02-25T17:55:58.843+0000] {processor.py:840} INFO - DAG(s) 'oltp_s3_dwh' retrieved from /opt/airflow/dags/oltp_s3_dwh_dict.py
[2026-02-25T17:55:58.869+0000] {logging_mixin.py:188} INFO - [2026-02-25T17:55:58.869+0000] {dag.py:3089} INFO - Sync 1 DAGs
[2026-02-25T17:55:58.894+0000] {logging_mixin.py:188} INFO - [2026-02-25T17:55:58.894+0000] {dag.py:3947} INFO - Setting next_dagrun for oltp_s3_dwh to 2026-02-01 00:00:00+00:00, run_after=2026-03-01 00:00:00+00:00
[2026-02-25T17:55:58.914+0000] {processor.py:183} INFO - Processing /opt/airflow/dags/oltp_s3_dwh_dict.py took 0.422 seconds
[2026-02-25T17:56:28.998+0000] {processor.py:161} INFO - Started process (PID=7366) to work on /opt/airflow/dags/oltp_s3_dwh_dict.py
[2026-02-25T17:56:28.999+0000] {processor.py:830} INFO - Processing file /opt/airflow/dags/oltp_s3_dwh_dict.py for tasks to queue
[2026-02-25T17:56:29.001+0000] {logging_mixin.py:188} INFO - [2026-02-25T17:56:29.001+0000] {dagbag.py:545} INFO - Filling up the DagBag from /opt/airflow/dags/oltp_s3_dwh_dict.py
[2026-02-25T17:56:29.448+0000] {processor.py:840} INFO - DAG(s) 'oltp_s3_dwh' retrieved from /opt/airflow/dags/oltp_s3_dwh_dict.py
[2026-02-25T17:56:29.490+0000] {logging_mixin.py:188} INFO - [2026-02-25T17:56:29.489+0000] {dag.py:3089} INFO - Sync 1 DAGs
[2026-02-25T17:56:29.524+0000] {logging_mixin.py:188} INFO - [2026-02-25T17:56:29.524+0000] {dag.py:3947} INFO - Setting next_dagrun for oltp_s3_dwh to 2026-02-01 00:00:00+00:00, run_after=2026-03-01 00:00:00+00:00
[2026-02-25T17:56:29.557+0000] {processor.py:183} INFO - Processing /opt/airflow/dags/oltp_s3_dwh_dict.py took 0.567 seconds
[2026-02-25T17:56:59.770+0000] {processor.py:161} INFO - Started process (PID=7398) to work on /opt/airflow/dags/oltp_s3_dwh_dict.py
[2026-02-25T17:56:59.780+0000] {processor.py:830} INFO - Processing file /opt/airflow/dags/oltp_s3_dwh_dict.py for tasks to queue
[2026-02-25T17:56:59.784+0000] {logging_mixin.py:188} INFO - [2026-02-25T17:56:59.783+0000] {dagbag.py:545} INFO - Filling up the DagBag from /opt/airflow/dags/oltp_s3_dwh_dict.py
[2026-02-25T17:57:00.276+0000] {processor.py:840} INFO - DAG(s) 'oltp_s3_dwh' retrieved from /opt/airflow/dags/oltp_s3_dwh_dict.py
[2026-02-25T17:57:00.324+0000] {logging_mixin.py:188} INFO - [2026-02-25T17:57:00.323+0000] {dag.py:3089} INFO - Sync 1 DAGs
[2026-02-25T17:57:00.361+0000] {logging_mixin.py:188} INFO - [2026-02-25T17:57:00.361+0000] {dag.py:3947} INFO - Setting next_dagrun for oltp_s3_dwh to 2026-02-01 00:00:00+00:00, run_after=2026-03-01 00:00:00+00:00
[2026-02-25T17:57:00.400+0000] {processor.py:183} INFO - Processing /opt/airflow/dags/oltp_s3_dwh_dict.py took 0.645 seconds
[2026-02-25T17:57:31.017+0000] {processor.py:161} INFO - Started process (PID=7424) to work on /opt/airflow/dags/oltp_s3_dwh_dict.py
[2026-02-25T17:57:31.019+0000] {processor.py:830} INFO - Processing file /opt/airflow/dags/oltp_s3_dwh_dict.py for tasks to queue
[2026-02-25T17:57:31.022+0000] {logging_mixin.py:188} INFO - [2026-02-25T17:57:31.021+0000] {dagbag.py:545} INFO - Filling up the DagBag from /opt/airflow/dags/oltp_s3_dwh_dict.py
[2026-02-25T17:57:31.371+0000] {processor.py:840} INFO - DAG(s) 'oltp_s3_dwh' retrieved from /opt/airflow/dags/oltp_s3_dwh_dict.py
[2026-02-25T17:57:31.395+0000] {logging_mixin.py:188} INFO - [2026-02-25T17:57:31.395+0000] {dag.py:3089} INFO - Sync 1 DAGs
[2026-02-25T17:57:31.419+0000] {logging_mixin.py:188} INFO - [2026-02-25T17:57:31.419+0000] {dag.py:3947} INFO - Setting next_dagrun for oltp_s3_dwh to 2026-02-01 00:00:00+00:00, run_after=2026-03-01 00:00:00+00:00
[2026-02-25T17:57:31.441+0000] {processor.py:183} INFO - Processing /opt/airflow/dags/oltp_s3_dwh_dict.py took 0.431 seconds
[2026-02-25T17:58:01.581+0000] {processor.py:161} INFO - Started process (PID=7458) to work on /opt/airflow/dags/oltp_s3_dwh_dict.py
[2026-02-25T17:58:01.583+0000] {processor.py:830} INFO - Processing file /opt/airflow/dags/oltp_s3_dwh_dict.py for tasks to queue
[2026-02-25T17:58:01.586+0000] {logging_mixin.py:188} INFO - [2026-02-25T17:58:01.586+0000] {dagbag.py:545} INFO - Filling up the DagBag from /opt/airflow/dags/oltp_s3_dwh_dict.py
[2026-02-25T17:58:01.981+0000] {processor.py:840} INFO - DAG(s) 'oltp_s3_dwh' retrieved from /opt/airflow/dags/oltp_s3_dwh_dict.py
[2026-02-25T17:58:02.024+0000] {logging_mixin.py:188} INFO - [2026-02-25T17:58:02.023+0000] {dag.py:3089} INFO - Sync 1 DAGs
[2026-02-25T17:58:02.068+0000] {logging_mixin.py:188} INFO - [2026-02-25T17:58:02.067+0000] {dag.py:3947} INFO - Setting next_dagrun for oltp_s3_dwh to 2026-02-01 00:00:00+00:00, run_after=2026-03-01 00:00:00+00:00
[2026-02-25T17:58:02.112+0000] {processor.py:183} INFO - Processing /opt/airflow/dags/oltp_s3_dwh_dict.py took 0.539 seconds
[2026-02-25T17:58:32.508+0000] {processor.py:161} INFO - Started process (PID=7484) to work on /opt/airflow/dags/oltp_s3_dwh_dict.py
[2026-02-25T17:58:32.510+0000] {processor.py:830} INFO - Processing file /opt/airflow/dags/oltp_s3_dwh_dict.py for tasks to queue
[2026-02-25T17:58:32.512+0000] {logging_mixin.py:188} INFO - [2026-02-25T17:58:32.511+0000] {dagbag.py:545} INFO - Filling up the DagBag from /opt/airflow/dags/oltp_s3_dwh_dict.py
[2026-02-25T17:58:32.889+0000] {processor.py:840} INFO - DAG(s) 'oltp_s3_dwh' retrieved from /opt/airflow/dags/oltp_s3_dwh_dict.py
[2026-02-25T17:58:32.919+0000] {logging_mixin.py:188} INFO - [2026-02-25T17:58:32.919+0000] {dag.py:3089} INFO - Sync 1 DAGs
[2026-02-25T17:58:32.949+0000] {logging_mixin.py:188} INFO - [2026-02-25T17:58:32.948+0000] {dag.py:3947} INFO - Setting next_dagrun for oltp_s3_dwh to 2026-02-01 00:00:00+00:00, run_after=2026-03-01 00:00:00+00:00
[2026-02-25T17:58:32.975+0000] {processor.py:183} INFO - Processing /opt/airflow/dags/oltp_s3_dwh_dict.py took 0.473 seconds
[2026-02-25T17:59:03.144+0000] {processor.py:161} INFO - Started process (PID=7518) to work on /opt/airflow/dags/oltp_s3_dwh_dict.py
[2026-02-25T17:59:03.146+0000] {processor.py:830} INFO - Processing file /opt/airflow/dags/oltp_s3_dwh_dict.py for tasks to queue
[2026-02-25T17:59:03.150+0000] {logging_mixin.py:188} INFO - [2026-02-25T17:59:03.150+0000] {dagbag.py:545} INFO - Filling up the DagBag from /opt/airflow/dags/oltp_s3_dwh_dict.py
[2026-02-25T17:59:03.554+0000] {processor.py:840} INFO - DAG(s) 'oltp_s3_dwh' retrieved from /opt/airflow/dags/oltp_s3_dwh_dict.py
[2026-02-25T17:59:03.583+0000] {logging_mixin.py:188} INFO - [2026-02-25T17:59:03.583+0000] {dag.py:3089} INFO - Sync 1 DAGs
[2026-02-25T17:59:03.613+0000] {logging_mixin.py:188} INFO - [2026-02-25T17:59:03.613+0000] {dag.py:3947} INFO - Setting next_dagrun for oltp_s3_dwh to 2026-02-01 00:00:00+00:00, run_after=2026-03-01 00:00:00+00:00
[2026-02-25T17:59:03.641+0000] {processor.py:183} INFO - Processing /opt/airflow/dags/oltp_s3_dwh_dict.py took 0.507 seconds
[2026-02-25T17:59:34.290+0000] {processor.py:161} INFO - Started process (PID=7544) to work on /opt/airflow/dags/oltp_s3_dwh_dict.py
[2026-02-25T17:59:34.292+0000] {processor.py:830} INFO - Processing file /opt/airflow/dags/oltp_s3_dwh_dict.py for tasks to queue
[2026-02-25T17:59:34.294+0000] {logging_mixin.py:188} INFO - [2026-02-25T17:59:34.293+0000] {dagbag.py:545} INFO - Filling up the DagBag from /opt/airflow/dags/oltp_s3_dwh_dict.py
[2026-02-25T17:59:34.643+0000] {processor.py:840} INFO - DAG(s) 'oltp_s3_dwh' retrieved from /opt/airflow/dags/oltp_s3_dwh_dict.py
[2026-02-25T17:59:34.672+0000] {logging_mixin.py:188} INFO - [2026-02-25T17:59:34.671+0000] {dag.py:3089} INFO - Sync 1 DAGs
[2026-02-25T17:59:34.699+0000] {logging_mixin.py:188} INFO - [2026-02-25T17:59:34.699+0000] {dag.py:3947} INFO - Setting next_dagrun for oltp_s3_dwh to 2026-02-01 00:00:00+00:00, run_after=2026-03-01 00:00:00+00:00
[2026-02-25T17:59:34.722+0000] {processor.py:183} INFO - Processing /opt/airflow/dags/oltp_s3_dwh_dict.py took 0.439 seconds
[2026-02-25T18:00:05.352+0000] {processor.py:161} INFO - Started process (PID=7576) to work on /opt/airflow/dags/oltp_s3_dwh_dict.py
[2026-02-25T18:00:05.354+0000] {processor.py:830} INFO - Processing file /opt/airflow/dags/oltp_s3_dwh_dict.py for tasks to queue
[2026-02-25T18:00:05.357+0000] {logging_mixin.py:188} INFO - [2026-02-25T18:00:05.357+0000] {dagbag.py:545} INFO - Filling up the DagBag from /opt/airflow/dags/oltp_s3_dwh_dict.py
[2026-02-25T18:00:05.706+0000] {processor.py:840} INFO - DAG(s) 'oltp_s3_dwh' retrieved from /opt/airflow/dags/oltp_s3_dwh_dict.py
[2026-02-25T18:00:05.734+0000] {logging_mixin.py:188} INFO - [2026-02-25T18:00:05.733+0000] {dag.py:3089} INFO - Sync 1 DAGs
[2026-02-25T18:00:05.763+0000] {logging_mixin.py:188} INFO - [2026-02-25T18:00:05.762+0000] {dag.py:3947} INFO - Setting next_dagrun for oltp_s3_dwh to 2026-02-01 00:00:00+00:00, run_after=2026-03-01 00:00:00+00:00
[2026-02-25T18:00:05.785+0000] {processor.py:183} INFO - Processing /opt/airflow/dags/oltp_s3_dwh_dict.py took 0.442 seconds
[2026-02-25T18:00:36.023+0000] {processor.py:161} INFO - Started process (PID=7603) to work on /opt/airflow/dags/oltp_s3_dwh_dict.py
[2026-02-25T18:00:36.025+0000] {processor.py:830} INFO - Processing file /opt/airflow/dags/oltp_s3_dwh_dict.py for tasks to queue
[2026-02-25T18:00:36.027+0000] {logging_mixin.py:188} INFO - [2026-02-25T18:00:36.027+0000] {dagbag.py:545} INFO - Filling up the DagBag from /opt/airflow/dags/oltp_s3_dwh_dict.py
[2026-02-25T18:00:36.484+0000] {processor.py:840} INFO - DAG(s) 'oltp_s3_dwh' retrieved from /opt/airflow/dags/oltp_s3_dwh_dict.py
[2026-02-25T18:00:36.526+0000] {logging_mixin.py:188} INFO - [2026-02-25T18:00:36.525+0000] {dag.py:3089} INFO - Sync 1 DAGs
[2026-02-25T18:00:36.560+0000] {logging_mixin.py:188} INFO - [2026-02-25T18:00:36.559+0000] {dag.py:3947} INFO - Setting next_dagrun for oltp_s3_dwh to 2026-02-01 00:00:00+00:00, run_after=2026-03-01 00:00:00+00:00
[2026-02-25T18:00:36.600+0000] {processor.py:183} INFO - Processing /opt/airflow/dags/oltp_s3_dwh_dict.py took 0.588 seconds
[2026-02-25T18:01:06.672+0000] {processor.py:161} INFO - Started process (PID=7637) to work on /opt/airflow/dags/oltp_s3_dwh_dict.py
[2026-02-25T18:01:06.673+0000] {processor.py:830} INFO - Processing file /opt/airflow/dags/oltp_s3_dwh_dict.py for tasks to queue
[2026-02-25T18:01:06.675+0000] {logging_mixin.py:188} INFO - [2026-02-25T18:01:06.675+0000] {dagbag.py:545} INFO - Filling up the DagBag from /opt/airflow/dags/oltp_s3_dwh_dict.py
[2026-02-25T18:01:06.995+0000] {processor.py:840} INFO - DAG(s) 'oltp_s3_dwh' retrieved from /opt/airflow/dags/oltp_s3_dwh_dict.py
[2026-02-25T18:01:07.025+0000] {logging_mixin.py:188} INFO - [2026-02-25T18:01:07.024+0000] {dag.py:3089} INFO - Sync 1 DAGs
[2026-02-25T18:01:07.050+0000] {logging_mixin.py:188} INFO - [2026-02-25T18:01:07.049+0000] {dag.py:3947} INFO - Setting next_dagrun for oltp_s3_dwh to 2026-02-01 00:00:00+00:00, run_after=2026-03-01 00:00:00+00:00
[2026-02-25T18:01:07.071+0000] {processor.py:183} INFO - Processing /opt/airflow/dags/oltp_s3_dwh_dict.py took 0.406 seconds
[2026-02-25T18:01:37.751+0000] {processor.py:161} INFO - Started process (PID=7671) to work on /opt/airflow/dags/oltp_s3_dwh_dict.py
[2026-02-25T18:01:37.752+0000] {processor.py:830} INFO - Processing file /opt/airflow/dags/oltp_s3_dwh_dict.py for tasks to queue
[2026-02-25T18:01:37.754+0000] {logging_mixin.py:188} INFO - [2026-02-25T18:01:37.754+0000] {dagbag.py:545} INFO - Filling up the DagBag from /opt/airflow/dags/oltp_s3_dwh_dict.py
[2026-02-25T18:01:38.115+0000] {processor.py:840} INFO - DAG(s) 'oltp_s3_dwh' retrieved from /opt/airflow/dags/oltp_s3_dwh_dict.py
[2026-02-25T18:01:38.146+0000] {logging_mixin.py:188} INFO - [2026-02-25T18:01:38.146+0000] {dag.py:3089} INFO - Sync 1 DAGs
[2026-02-25T18:01:38.175+0000] {logging_mixin.py:188} INFO - [2026-02-25T18:01:38.175+0000] {dag.py:3947} INFO - Setting next_dagrun for oltp_s3_dwh to 2026-02-01 00:00:00+00:00, run_after=2026-03-01 00:00:00+00:00
[2026-02-25T18:01:38.200+0000] {processor.py:183} INFO - Processing /opt/airflow/dags/oltp_s3_dwh_dict.py took 0.456 seconds
[2026-02-25T18:02:08.652+0000] {processor.py:161} INFO - Started process (PID=7697) to work on /opt/airflow/dags/oltp_s3_dwh_dict.py
[2026-02-25T18:02:08.653+0000] {processor.py:830} INFO - Processing file /opt/airflow/dags/oltp_s3_dwh_dict.py for tasks to queue
[2026-02-25T18:02:08.655+0000] {logging_mixin.py:188} INFO - [2026-02-25T18:02:08.655+0000] {dagbag.py:545} INFO - Filling up the DagBag from /opt/airflow/dags/oltp_s3_dwh_dict.py
[2026-02-25T18:02:08.995+0000] {processor.py:840} INFO - DAG(s) 'oltp_s3_dwh' retrieved from /opt/airflow/dags/oltp_s3_dwh_dict.py
[2026-02-25T18:02:09.022+0000] {logging_mixin.py:188} INFO - [2026-02-25T18:02:09.022+0000] {dag.py:3089} INFO - Sync 1 DAGs
[2026-02-25T18:02:09.053+0000] {logging_mixin.py:188} INFO - [2026-02-25T18:02:09.052+0000] {dag.py:3947} INFO - Setting next_dagrun for oltp_s3_dwh to 2026-02-01 00:00:00+00:00, run_after=2026-03-01 00:00:00+00:00
[2026-02-25T18:02:09.145+0000] {processor.py:183} INFO - Processing /opt/airflow/dags/oltp_s3_dwh_dict.py took 0.500 seconds
[2026-02-25T18:02:39.331+0000] {processor.py:161} INFO - Started process (PID=7730) to work on /opt/airflow/dags/oltp_s3_dwh_dict.py
[2026-02-25T18:02:39.334+0000] {processor.py:830} INFO - Processing file /opt/airflow/dags/oltp_s3_dwh_dict.py for tasks to queue
[2026-02-25T18:02:39.337+0000] {logging_mixin.py:188} INFO - [2026-02-25T18:02:39.337+0000] {dagbag.py:545} INFO - Filling up the DagBag from /opt/airflow/dags/oltp_s3_dwh_dict.py
[2026-02-25T18:02:39.746+0000] {processor.py:840} INFO - DAG(s) 'oltp_s3_dwh' retrieved from /opt/airflow/dags/oltp_s3_dwh_dict.py
[2026-02-25T18:02:39.784+0000] {logging_mixin.py:188} INFO - [2026-02-25T18:02:39.783+0000] {dag.py:3089} INFO - Sync 1 DAGs
[2026-02-25T18:02:39.819+0000] {logging_mixin.py:188} INFO - [2026-02-25T18:02:39.818+0000] {dag.py:3947} INFO - Setting next_dagrun for oltp_s3_dwh to 2026-02-01 00:00:00+00:00, run_after=2026-03-01 00:00:00+00:00
[2026-02-25T18:02:39.878+0000] {processor.py:183} INFO - Processing /opt/airflow/dags/oltp_s3_dwh_dict.py took 0.553 seconds
[2026-02-25T18:03:10.903+0000] {processor.py:161} INFO - Started process (PID=7756) to work on /opt/airflow/dags/oltp_s3_dwh_dict.py
[2026-02-25T18:03:10.955+0000] {processor.py:830} INFO - Processing file /opt/airflow/dags/oltp_s3_dwh_dict.py for tasks to queue
[2026-02-25T18:03:11.001+0000] {logging_mixin.py:188} INFO - [2026-02-25T18:03:11.000+0000] {dagbag.py:545} INFO - Filling up the DagBag from /opt/airflow/dags/oltp_s3_dwh_dict.py
[2026-02-25T18:03:11.906+0000] {processor.py:840} INFO - DAG(s) 'oltp_s3_dwh' retrieved from /opt/airflow/dags/oltp_s3_dwh_dict.py
[2026-02-25T18:03:11.952+0000] {logging_mixin.py:188} INFO - [2026-02-25T18:03:11.951+0000] {dag.py:3089} INFO - Sync 1 DAGs
[2026-02-25T18:03:11.982+0000] {logging_mixin.py:188} INFO - [2026-02-25T18:03:11.982+0000] {dag.py:3947} INFO - Setting next_dagrun for oltp_s3_dwh to 2026-02-01 00:00:00+00:00, run_after=2026-03-01 00:00:00+00:00
[2026-02-25T18:03:12.014+0000] {processor.py:183} INFO - Processing /opt/airflow/dags/oltp_s3_dwh_dict.py took 1.122 seconds
[2026-02-25T18:03:42.651+0000] {processor.py:161} INFO - Started process (PID=7790) to work on /opt/airflow/dags/oltp_s3_dwh_dict.py
[2026-02-25T18:03:42.652+0000] {processor.py:830} INFO - Processing file /opt/airflow/dags/oltp_s3_dwh_dict.py for tasks to queue
[2026-02-25T18:03:42.654+0000] {logging_mixin.py:188} INFO - [2026-02-25T18:03:42.654+0000] {dagbag.py:545} INFO - Filling up the DagBag from /opt/airflow/dags/oltp_s3_dwh_dict.py
[2026-02-25T18:03:42.982+0000] {processor.py:840} INFO - DAG(s) 'oltp_s3_dwh' retrieved from /opt/airflow/dags/oltp_s3_dwh_dict.py
[2026-02-25T18:03:43.010+0000] {logging_mixin.py:188} INFO - [2026-02-25T18:03:43.009+0000] {dag.py:3089} INFO - Sync 1 DAGs
[2026-02-25T18:03:43.033+0000] {logging_mixin.py:188} INFO - [2026-02-25T18:03:43.032+0000] {dag.py:3947} INFO - Setting next_dagrun for oltp_s3_dwh to 2026-02-01 00:00:00+00:00, run_after=2026-03-01 00:00:00+00:00
[2026-02-25T18:03:43.052+0000] {processor.py:183} INFO - Processing /opt/airflow/dags/oltp_s3_dwh_dict.py took 0.408 seconds
[2026-02-25T18:04:13.484+0000] {processor.py:161} INFO - Started process (PID=7823) to work on /opt/airflow/dags/oltp_s3_dwh_dict.py
[2026-02-25T18:04:13.487+0000] {processor.py:830} INFO - Processing file /opt/airflow/dags/oltp_s3_dwh_dict.py for tasks to queue
[2026-02-25T18:04:13.492+0000] {logging_mixin.py:188} INFO - [2026-02-25T18:04:13.491+0000] {dagbag.py:545} INFO - Filling up the DagBag from /opt/airflow/dags/oltp_s3_dwh_dict.py
[2026-02-25T18:04:13.832+0000] {processor.py:840} INFO - DAG(s) 'oltp_s3_dwh' retrieved from /opt/airflow/dags/oltp_s3_dwh_dict.py
[2026-02-25T18:04:13.862+0000] {logging_mixin.py:188} INFO - [2026-02-25T18:04:13.861+0000] {dag.py:3089} INFO - Sync 1 DAGs
[2026-02-25T18:04:13.885+0000] {logging_mixin.py:188} INFO - [2026-02-25T18:04:13.885+0000] {dag.py:3947} INFO - Setting next_dagrun for oltp_s3_dwh to 2026-02-01 00:00:00+00:00, run_after=2026-03-01 00:00:00+00:00
[2026-02-25T18:04:13.911+0000] {processor.py:183} INFO - Processing /opt/airflow/dags/oltp_s3_dwh_dict.py took 0.434 seconds
[2026-02-25T18:04:44.029+0000] {processor.py:161} INFO - Started process (PID=7849) to work on /opt/airflow/dags/oltp_s3_dwh_dict.py
[2026-02-25T18:04:44.031+0000] {processor.py:830} INFO - Processing file /opt/airflow/dags/oltp_s3_dwh_dict.py for tasks to queue
[2026-02-25T18:04:44.036+0000] {logging_mixin.py:188} INFO - [2026-02-25T18:04:44.035+0000] {dagbag.py:545} INFO - Filling up the DagBag from /opt/airflow/dags/oltp_s3_dwh_dict.py
[2026-02-25T18:04:44.388+0000] {processor.py:840} INFO - DAG(s) 'oltp_s3_dwh' retrieved from /opt/airflow/dags/oltp_s3_dwh_dict.py
[2026-02-25T18:04:44.424+0000] {logging_mixin.py:188} INFO - [2026-02-25T18:04:44.423+0000] {dag.py:3089} INFO - Sync 1 DAGs
[2026-02-25T18:04:44.451+0000] {logging_mixin.py:188} INFO - [2026-02-25T18:04:44.450+0000] {dag.py:3947} INFO - Setting next_dagrun for oltp_s3_dwh to 2026-02-01 00:00:00+00:00, run_after=2026-03-01 00:00:00+00:00
[2026-02-25T18:04:44.483+0000] {processor.py:183} INFO - Processing /opt/airflow/dags/oltp_s3_dwh_dict.py took 0.462 seconds
[2026-02-25T18:05:14.564+0000] {processor.py:161} INFO - Started process (PID=7881) to work on /opt/airflow/dags/oltp_s3_dwh_dict.py
[2026-02-25T18:05:14.565+0000] {processor.py:830} INFO - Processing file /opt/airflow/dags/oltp_s3_dwh_dict.py for tasks to queue
[2026-02-25T18:05:14.567+0000] {logging_mixin.py:188} INFO - [2026-02-25T18:05:14.567+0000] {dagbag.py:545} INFO - Filling up the DagBag from /opt/airflow/dags/oltp_s3_dwh_dict.py
[2026-02-25T18:05:14.901+0000] {processor.py:840} INFO - DAG(s) 'oltp_s3_dwh' retrieved from /opt/airflow/dags/oltp_s3_dwh_dict.py
[2026-02-25T18:05:14.926+0000] {logging_mixin.py:188} INFO - [2026-02-25T18:05:14.926+0000] {dag.py:3089} INFO - Sync 1 DAGs
[2026-02-25T18:05:14.951+0000] {logging_mixin.py:188} INFO - [2026-02-25T18:05:14.951+0000] {dag.py:3947} INFO - Setting next_dagrun for oltp_s3_dwh to 2026-02-01 00:00:00+00:00, run_after=2026-03-01 00:00:00+00:00
[2026-02-25T18:05:14.972+0000] {processor.py:183} INFO - Processing /opt/airflow/dags/oltp_s3_dwh_dict.py took 0.415 seconds
[2026-02-25T18:05:45.110+0000] {processor.py:161} INFO - Started process (PID=7907) to work on /opt/airflow/dags/oltp_s3_dwh_dict.py
[2026-02-25T18:05:45.111+0000] {processor.py:830} INFO - Processing file /opt/airflow/dags/oltp_s3_dwh_dict.py for tasks to queue
[2026-02-25T18:05:45.114+0000] {logging_mixin.py:188} INFO - [2026-02-25T18:05:45.113+0000] {dagbag.py:545} INFO - Filling up the DagBag from /opt/airflow/dags/oltp_s3_dwh_dict.py
[2026-02-25T18:05:45.442+0000] {processor.py:840} INFO - DAG(s) 'oltp_s3_dwh' retrieved from /opt/airflow/dags/oltp_s3_dwh_dict.py
[2026-02-25T18:05:45.469+0000] {logging_mixin.py:188} INFO - [2026-02-25T18:05:45.468+0000] {dag.py:3089} INFO - Sync 1 DAGs
[2026-02-25T18:05:45.493+0000] {logging_mixin.py:188} INFO - [2026-02-25T18:05:45.493+0000] {dag.py:3947} INFO - Setting next_dagrun for oltp_s3_dwh to 2026-02-01 00:00:00+00:00, run_after=2026-03-01 00:00:00+00:00
[2026-02-25T18:05:45.515+0000] {processor.py:183} INFO - Processing /opt/airflow/dags/oltp_s3_dwh_dict.py took 0.411 seconds
[2026-02-25T18:06:15.664+0000] {processor.py:161} INFO - Started process (PID=7941) to work on /opt/airflow/dags/oltp_s3_dwh_dict.py
[2026-02-25T18:06:15.666+0000] {processor.py:830} INFO - Processing file /opt/airflow/dags/oltp_s3_dwh_dict.py for tasks to queue
[2026-02-25T18:06:15.669+0000] {logging_mixin.py:188} INFO - [2026-02-25T18:06:15.668+0000] {dagbag.py:545} INFO - Filling up the DagBag from /opt/airflow/dags/oltp_s3_dwh_dict.py
[2026-02-25T18:06:16.020+0000] {processor.py:840} INFO - DAG(s) 'oltp_s3_dwh' retrieved from /opt/airflow/dags/oltp_s3_dwh_dict.py
[2026-02-25T18:06:16.051+0000] {logging_mixin.py:188} INFO - [2026-02-25T18:06:16.051+0000] {dag.py:3089} INFO - Sync 1 DAGs
[2026-02-25T18:06:16.073+0000] {logging_mixin.py:188} INFO - [2026-02-25T18:06:16.073+0000] {dag.py:3947} INFO - Setting next_dagrun for oltp_s3_dwh to 2026-02-01 00:00:00+00:00, run_after=2026-03-01 00:00:00+00:00
[2026-02-25T18:06:16.093+0000] {processor.py:183} INFO - Processing /opt/airflow/dags/oltp_s3_dwh_dict.py took 0.435 seconds
[2026-02-25T18:06:47.000+0000] {processor.py:161} INFO - Started process (PID=7973) to work on /opt/airflow/dags/oltp_s3_dwh_dict.py
[2026-02-25T18:06:47.002+0000] {processor.py:830} INFO - Processing file /opt/airflow/dags/oltp_s3_dwh_dict.py for tasks to queue
[2026-02-25T18:06:47.005+0000] {logging_mixin.py:188} INFO - [2026-02-25T18:06:47.005+0000] {dagbag.py:545} INFO - Filling up the DagBag from /opt/airflow/dags/oltp_s3_dwh_dict.py
[2026-02-25T18:06:47.378+0000] {processor.py:840} INFO - DAG(s) 'oltp_s3_dwh' retrieved from /opt/airflow/dags/oltp_s3_dwh_dict.py
[2026-02-25T18:06:47.410+0000] {logging_mixin.py:188} INFO - [2026-02-25T18:06:47.410+0000] {dag.py:3089} INFO - Sync 1 DAGs
[2026-02-25T18:06:47.438+0000] {logging_mixin.py:188} INFO - [2026-02-25T18:06:47.438+0000] {dag.py:3947} INFO - Setting next_dagrun for oltp_s3_dwh to 2026-02-01 00:00:00+00:00, run_after=2026-03-01 00:00:00+00:00
[2026-02-25T18:06:47.470+0000] {processor.py:183} INFO - Processing /opt/airflow/dags/oltp_s3_dwh_dict.py took 0.479 seconds
[2026-02-25T18:07:17.571+0000] {processor.py:161} INFO - Started process (PID=7998) to work on /opt/airflow/dags/oltp_s3_dwh_dict.py
[2026-02-25T18:07:17.573+0000] {processor.py:830} INFO - Processing file /opt/airflow/dags/oltp_s3_dwh_dict.py for tasks to queue
[2026-02-25T18:07:17.576+0000] {logging_mixin.py:188} INFO - [2026-02-25T18:07:17.576+0000] {dagbag.py:545} INFO - Filling up the DagBag from /opt/airflow/dags/oltp_s3_dwh_dict.py
[2026-02-25T18:07:18.104+0000] {processor.py:840} INFO - DAG(s) 'oltp_s3_dwh' retrieved from /opt/airflow/dags/oltp_s3_dwh_dict.py
[2026-02-25T18:07:18.137+0000] {logging_mixin.py:188} INFO - [2026-02-25T18:07:18.137+0000] {dag.py:3089} INFO - Sync 1 DAGs
[2026-02-25T18:07:18.171+0000] {logging_mixin.py:188} INFO - [2026-02-25T18:07:18.170+0000] {dag.py:3947} INFO - Setting next_dagrun for oltp_s3_dwh to 2026-02-01 00:00:00+00:00, run_after=2026-03-01 00:00:00+00:00
[2026-02-25T18:07:18.204+0000] {processor.py:183} INFO - Processing /opt/airflow/dags/oltp_s3_dwh_dict.py took 0.639 seconds
[2026-02-25T18:07:48.290+0000] {processor.py:161} INFO - Started process (PID=8029) to work on /opt/airflow/dags/oltp_s3_dwh_dict.py
[2026-02-25T18:07:48.292+0000] {processor.py:830} INFO - Processing file /opt/airflow/dags/oltp_s3_dwh_dict.py for tasks to queue
[2026-02-25T18:07:48.295+0000] {logging_mixin.py:188} INFO - [2026-02-25T18:07:48.294+0000] {dagbag.py:545} INFO - Filling up the DagBag from /opt/airflow/dags/oltp_s3_dwh_dict.py
[2026-02-25T18:07:48.675+0000] {processor.py:840} INFO - DAG(s) 'oltp_s3_dwh' retrieved from /opt/airflow/dags/oltp_s3_dwh_dict.py
[2026-02-25T18:07:48.709+0000] {logging_mixin.py:188} INFO - [2026-02-25T18:07:48.709+0000] {dag.py:3089} INFO - Sync 1 DAGs
[2026-02-25T18:07:48.744+0000] {logging_mixin.py:188} INFO - [2026-02-25T18:07:48.744+0000] {dag.py:3947} INFO - Setting next_dagrun for oltp_s3_dwh to 2026-02-01 00:00:00+00:00, run_after=2026-03-01 00:00:00+00:00
[2026-02-25T18:07:48.776+0000] {processor.py:183} INFO - Processing /opt/airflow/dags/oltp_s3_dwh_dict.py took 0.497 seconds
[2026-02-25T18:08:18.871+0000] {processor.py:161} INFO - Started process (PID=8054) to work on /opt/airflow/dags/oltp_s3_dwh_dict.py
[2026-02-25T18:08:18.873+0000] {processor.py:830} INFO - Processing file /opt/airflow/dags/oltp_s3_dwh_dict.py for tasks to queue
[2026-02-25T18:08:18.875+0000] {logging_mixin.py:188} INFO - [2026-02-25T18:08:18.875+0000] {dagbag.py:545} INFO - Filling up the DagBag from /opt/airflow/dags/oltp_s3_dwh_dict.py
[2026-02-25T18:08:19.203+0000] {processor.py:840} INFO - DAG(s) 'oltp_s3_dwh' retrieved from /opt/airflow/dags/oltp_s3_dwh_dict.py
[2026-02-25T18:08:19.231+0000] {logging_mixin.py:188} INFO - [2026-02-25T18:08:19.231+0000] {dag.py:3089} INFO - Sync 1 DAGs
[2026-02-25T18:08:19.255+0000] {logging_mixin.py:188} INFO - [2026-02-25T18:08:19.254+0000] {dag.py:3947} INFO - Setting next_dagrun for oltp_s3_dwh to 2026-02-01 00:00:00+00:00, run_after=2026-03-01 00:00:00+00:00
[2026-02-25T18:08:19.279+0000] {processor.py:183} INFO - Processing /opt/airflow/dags/oltp_s3_dwh_dict.py took 0.419 seconds
[2026-02-25T18:08:49.628+0000] {processor.py:161} INFO - Started process (PID=8087) to work on /opt/airflow/dags/oltp_s3_dwh_dict.py
[2026-02-25T18:08:49.630+0000] {processor.py:830} INFO - Processing file /opt/airflow/dags/oltp_s3_dwh_dict.py for tasks to queue
[2026-02-25T18:08:49.633+0000] {logging_mixin.py:188} INFO - [2026-02-25T18:08:49.633+0000] {dagbag.py:545} INFO - Filling up the DagBag from /opt/airflow/dags/oltp_s3_dwh_dict.py
[2026-02-25T18:08:50.011+0000] {processor.py:840} INFO - DAG(s) 'oltp_s3_dwh' retrieved from /opt/airflow/dags/oltp_s3_dwh_dict.py
[2026-02-25T18:08:50.046+0000] {logging_mixin.py:188} INFO - [2026-02-25T18:08:50.045+0000] {dag.py:3089} INFO - Sync 1 DAGs
[2026-02-25T18:08:50.085+0000] {logging_mixin.py:188} INFO - [2026-02-25T18:08:50.084+0000] {dag.py:3947} INFO - Setting next_dagrun for oltp_s3_dwh to 2026-02-01 00:00:00+00:00, run_after=2026-03-01 00:00:00+00:00
[2026-02-25T18:08:50.126+0000] {processor.py:183} INFO - Processing /opt/airflow/dags/oltp_s3_dwh_dict.py took 0.505 seconds
[2026-02-25T18:09:20.230+0000] {processor.py:161} INFO - Started process (PID=8112) to work on /opt/airflow/dags/oltp_s3_dwh_dict.py
[2026-02-25T18:09:20.232+0000] {processor.py:830} INFO - Processing file /opt/airflow/dags/oltp_s3_dwh_dict.py for tasks to queue
[2026-02-25T18:09:20.234+0000] {logging_mixin.py:188} INFO - [2026-02-25T18:09:20.234+0000] {dagbag.py:545} INFO - Filling up the DagBag from /opt/airflow/dags/oltp_s3_dwh_dict.py
[2026-02-25T18:09:20.666+0000] {processor.py:840} INFO - DAG(s) 'oltp_s3_dwh' retrieved from /opt/airflow/dags/oltp_s3_dwh_dict.py
[2026-02-25T18:09:20.731+0000] {logging_mixin.py:188} INFO - [2026-02-25T18:09:20.731+0000] {dag.py:3089} INFO - Sync 1 DAGs
[2026-02-25T18:09:20.796+0000] {logging_mixin.py:188} INFO - [2026-02-25T18:09:20.796+0000] {dag.py:3947} INFO - Setting next_dagrun for oltp_s3_dwh to 2026-02-01 00:00:00+00:00, run_after=2026-03-01 00:00:00+00:00
[2026-02-25T18:09:20.834+0000] {processor.py:183} INFO - Processing /opt/airflow/dags/oltp_s3_dwh_dict.py took 0.610 seconds
[2026-02-25T18:09:50.985+0000] {processor.py:161} INFO - Started process (PID=8144) to work on /opt/airflow/dags/oltp_s3_dwh_dict.py
[2026-02-25T18:09:50.988+0000] {processor.py:830} INFO - Processing file /opt/airflow/dags/oltp_s3_dwh_dict.py for tasks to queue
[2026-02-25T18:09:50.994+0000] {logging_mixin.py:188} INFO - [2026-02-25T18:09:50.993+0000] {dagbag.py:545} INFO - Filling up the DagBag from /opt/airflow/dags/oltp_s3_dwh_dict.py
[2026-02-25T18:09:51.391+0000] {processor.py:840} INFO - DAG(s) 'oltp_s3_dwh' retrieved from /opt/airflow/dags/oltp_s3_dwh_dict.py
[2026-02-25T18:09:51.422+0000] {logging_mixin.py:188} INFO - [2026-02-25T18:09:51.421+0000] {dag.py:3089} INFO - Sync 1 DAGs
[2026-02-25T18:09:51.459+0000] {logging_mixin.py:188} INFO - [2026-02-25T18:09:51.459+0000] {dag.py:3947} INFO - Setting next_dagrun for oltp_s3_dwh to 2026-02-01 00:00:00+00:00, run_after=2026-03-01 00:00:00+00:00
[2026-02-25T18:09:51.492+0000] {processor.py:183} INFO - Processing /opt/airflow/dags/oltp_s3_dwh_dict.py took 0.524 seconds
[2026-02-25T18:10:21.784+0000] {processor.py:161} INFO - Started process (PID=8178) to work on /opt/airflow/dags/oltp_s3_dwh_dict.py
[2026-02-25T18:10:21.786+0000] {processor.py:830} INFO - Processing file /opt/airflow/dags/oltp_s3_dwh_dict.py for tasks to queue
[2026-02-25T18:10:21.789+0000] {logging_mixin.py:188} INFO - [2026-02-25T18:10:21.789+0000] {dagbag.py:545} INFO - Filling up the DagBag from /opt/airflow/dags/oltp_s3_dwh_dict.py
[2026-02-25T18:10:22.152+0000] {processor.py:840} INFO - DAG(s) 'oltp_s3_dwh' retrieved from /opt/airflow/dags/oltp_s3_dwh_dict.py
[2026-02-25T18:10:22.183+0000] {logging_mixin.py:188} INFO - [2026-02-25T18:10:22.183+0000] {dag.py:3089} INFO - Sync 1 DAGs
[2026-02-25T18:10:22.213+0000] {logging_mixin.py:188} INFO - [2026-02-25T18:10:22.213+0000] {dag.py:3947} INFO - Setting next_dagrun for oltp_s3_dwh to 2026-02-01 00:00:00+00:00, run_after=2026-03-01 00:00:00+00:00
[2026-02-25T18:10:22.244+0000] {processor.py:183} INFO - Processing /opt/airflow/dags/oltp_s3_dwh_dict.py took 0.467 seconds
[2026-02-25T18:10:52.619+0000] {processor.py:161} INFO - Started process (PID=8204) to work on /opt/airflow/dags/oltp_s3_dwh_dict.py
[2026-02-25T18:10:52.621+0000] {processor.py:830} INFO - Processing file /opt/airflow/dags/oltp_s3_dwh_dict.py for tasks to queue
[2026-02-25T18:10:52.623+0000] {logging_mixin.py:188} INFO - [2026-02-25T18:10:52.623+0000] {dagbag.py:545} INFO - Filling up the DagBag from /opt/airflow/dags/oltp_s3_dwh_dict.py
[2026-02-25T18:10:52.984+0000] {processor.py:840} INFO - DAG(s) 'oltp_s3_dwh' retrieved from /opt/airflow/dags/oltp_s3_dwh_dict.py
[2026-02-25T18:10:53.011+0000] {logging_mixin.py:188} INFO - [2026-02-25T18:10:53.011+0000] {dag.py:3089} INFO - Sync 1 DAGs
[2026-02-25T18:10:53.037+0000] {logging_mixin.py:188} INFO - [2026-02-25T18:10:53.036+0000] {dag.py:3947} INFO - Setting next_dagrun for oltp_s3_dwh to 2026-02-01 00:00:00+00:00, run_after=2026-03-01 00:00:00+00:00
[2026-02-25T18:10:53.060+0000] {processor.py:183} INFO - Processing /opt/airflow/dags/oltp_s3_dwh_dict.py took 0.451 seconds
[2026-02-25T18:11:23.741+0000] {processor.py:161} INFO - Started process (PID=8237) to work on /opt/airflow/dags/oltp_s3_dwh_dict.py
[2026-02-25T18:11:23.742+0000] {processor.py:830} INFO - Processing file /opt/airflow/dags/oltp_s3_dwh_dict.py for tasks to queue
[2026-02-25T18:11:23.745+0000] {logging_mixin.py:188} INFO - [2026-02-25T18:11:23.745+0000] {dagbag.py:545} INFO - Filling up the DagBag from /opt/airflow/dags/oltp_s3_dwh_dict.py
[2026-02-25T18:11:24.133+0000] {processor.py:840} INFO - DAG(s) 'oltp_s3_dwh' retrieved from /opt/airflow/dags/oltp_s3_dwh_dict.py
[2026-02-25T18:11:24.168+0000] {logging_mixin.py:188} INFO - [2026-02-25T18:11:24.167+0000] {dag.py:3089} INFO - Sync 1 DAGs
[2026-02-25T18:11:24.195+0000] {logging_mixin.py:188} INFO - [2026-02-25T18:11:24.195+0000] {dag.py:3947} INFO - Setting next_dagrun for oltp_s3_dwh to 2026-02-01 00:00:00+00:00, run_after=2026-03-01 00:00:00+00:00
[2026-02-25T18:11:24.261+0000] {processor.py:183} INFO - Processing /opt/airflow/dags/oltp_s3_dwh_dict.py took 0.528 seconds
[2026-02-25T18:11:54.703+0000] {processor.py:161} INFO - Started process (PID=8263) to work on /opt/airflow/dags/oltp_s3_dwh_dict.py
[2026-02-25T18:11:54.704+0000] {processor.py:830} INFO - Processing file /opt/airflow/dags/oltp_s3_dwh_dict.py for tasks to queue
[2026-02-25T18:11:54.707+0000] {logging_mixin.py:188} INFO - [2026-02-25T18:11:54.706+0000] {dagbag.py:545} INFO - Filling up the DagBag from /opt/airflow/dags/oltp_s3_dwh_dict.py
[2026-02-25T18:11:55.112+0000] {processor.py:840} INFO - DAG(s) 'oltp_s3_dwh' retrieved from /opt/airflow/dags/oltp_s3_dwh_dict.py
[2026-02-25T18:11:55.145+0000] {logging_mixin.py:188} INFO - [2026-02-25T18:11:55.144+0000] {dag.py:3089} INFO - Sync 1 DAGs
[2026-02-25T18:11:55.175+0000] {logging_mixin.py:188} INFO - [2026-02-25T18:11:55.175+0000] {dag.py:3947} INFO - Setting next_dagrun for oltp_s3_dwh to 2026-02-01 00:00:00+00:00, run_after=2026-03-01 00:00:00+00:00
[2026-02-25T18:11:55.201+0000] {processor.py:183} INFO - Processing /opt/airflow/dags/oltp_s3_dwh_dict.py took 0.508 seconds
[2026-02-25T18:12:25.638+0000] {processor.py:161} INFO - Started process (PID=8297) to work on /opt/airflow/dags/oltp_s3_dwh_dict.py
[2026-02-25T18:12:25.641+0000] {processor.py:830} INFO - Processing file /opt/airflow/dags/oltp_s3_dwh_dict.py for tasks to queue
[2026-02-25T18:12:25.645+0000] {logging_mixin.py:188} INFO - [2026-02-25T18:12:25.645+0000] {dagbag.py:545} INFO - Filling up the DagBag from /opt/airflow/dags/oltp_s3_dwh_dict.py
[2026-02-25T18:12:26.107+0000] {processor.py:840} INFO - DAG(s) 'oltp_s3_dwh' retrieved from /opt/airflow/dags/oltp_s3_dwh_dict.py
[2026-02-25T18:12:26.158+0000] {logging_mixin.py:188} INFO - [2026-02-25T18:12:26.157+0000] {dag.py:3089} INFO - Sync 1 DAGs
[2026-02-25T18:12:26.195+0000] {logging_mixin.py:188} INFO - [2026-02-25T18:12:26.195+0000] {dag.py:3947} INFO - Setting next_dagrun for oltp_s3_dwh to 2026-02-01 00:00:00+00:00, run_after=2026-03-01 00:00:00+00:00
[2026-02-25T18:12:26.240+0000] {processor.py:183} INFO - Processing /opt/airflow/dags/oltp_s3_dwh_dict.py took 0.610 seconds
[2026-02-25T18:12:56.511+0000] {processor.py:161} INFO - Started process (PID=8330) to work on /opt/airflow/dags/oltp_s3_dwh_dict.py
[2026-02-25T18:12:56.514+0000] {processor.py:830} INFO - Processing file /opt/airflow/dags/oltp_s3_dwh_dict.py for tasks to queue
[2026-02-25T18:12:56.517+0000] {logging_mixin.py:188} INFO - [2026-02-25T18:12:56.516+0000] {dagbag.py:545} INFO - Filling up the DagBag from /opt/airflow/dags/oltp_s3_dwh_dict.py
[2026-02-25T18:12:56.870+0000] {processor.py:840} INFO - DAG(s) 'oltp_s3_dwh' retrieved from /opt/airflow/dags/oltp_s3_dwh_dict.py
[2026-02-25T18:12:56.900+0000] {logging_mixin.py:188} INFO - [2026-02-25T18:12:56.900+0000] {dag.py:3089} INFO - Sync 1 DAGs
[2026-02-25T18:12:56.930+0000] {logging_mixin.py:188} INFO - [2026-02-25T18:12:56.929+0000] {dag.py:3947} INFO - Setting next_dagrun for oltp_s3_dwh to 2026-02-01 00:00:00+00:00, run_after=2026-03-01 00:00:00+00:00
[2026-02-25T18:12:56.958+0000] {processor.py:183} INFO - Processing /opt/airflow/dags/oltp_s3_dwh_dict.py took 0.454 seconds
[2026-02-25T18:13:27.176+0000] {processor.py:161} INFO - Started process (PID=8356) to work on /opt/airflow/dags/oltp_s3_dwh_dict.py
[2026-02-25T18:13:27.177+0000] {processor.py:830} INFO - Processing file /opt/airflow/dags/oltp_s3_dwh_dict.py for tasks to queue
[2026-02-25T18:13:27.179+0000] {logging_mixin.py:188} INFO - [2026-02-25T18:13:27.179+0000] {dagbag.py:545} INFO - Filling up the DagBag from /opt/airflow/dags/oltp_s3_dwh_dict.py
[2026-02-25T18:13:27.515+0000] {processor.py:840} INFO - DAG(s) 'oltp_s3_dwh' retrieved from /opt/airflow/dags/oltp_s3_dwh_dict.py
[2026-02-25T18:13:27.542+0000] {logging_mixin.py:188} INFO - [2026-02-25T18:13:27.541+0000] {dag.py:3089} INFO - Sync 1 DAGs
[2026-02-25T18:13:27.566+0000] {logging_mixin.py:188} INFO - [2026-02-25T18:13:27.565+0000] {dag.py:3947} INFO - Setting next_dagrun for oltp_s3_dwh to 2026-02-01 00:00:00+00:00, run_after=2026-03-01 00:00:00+00:00
[2026-02-25T18:13:27.591+0000] {processor.py:183} INFO - Processing /opt/airflow/dags/oltp_s3_dwh_dict.py took 0.422 seconds
[2026-02-25T18:13:58.160+0000] {processor.py:161} INFO - Started process (PID=8389) to work on /opt/airflow/dags/oltp_s3_dwh_dict.py
[2026-02-25T18:13:58.162+0000] {processor.py:830} INFO - Processing file /opt/airflow/dags/oltp_s3_dwh_dict.py for tasks to queue
[2026-02-25T18:13:58.165+0000] {logging_mixin.py:188} INFO - [2026-02-25T18:13:58.164+0000] {dagbag.py:545} INFO - Filling up the DagBag from /opt/airflow/dags/oltp_s3_dwh_dict.py
[2026-02-25T18:13:58.516+0000] {processor.py:840} INFO - DAG(s) 'oltp_s3_dwh' retrieved from /opt/airflow/dags/oltp_s3_dwh_dict.py
[2026-02-25T18:13:58.552+0000] {logging_mixin.py:188} INFO - [2026-02-25T18:13:58.552+0000] {dag.py:3089} INFO - Sync 1 DAGs
[2026-02-25T18:13:58.578+0000] {logging_mixin.py:188} INFO - [2026-02-25T18:13:58.578+0000] {dag.py:3947} INFO - Setting next_dagrun for oltp_s3_dwh to 2026-02-01 00:00:00+00:00, run_after=2026-03-01 00:00:00+00:00
[2026-02-25T18:13:58.613+0000] {processor.py:183} INFO - Processing /opt/airflow/dags/oltp_s3_dwh_dict.py took 0.460 seconds
[2026-02-25T18:14:29.289+0000] {processor.py:161} INFO - Started process (PID=8415) to work on /opt/airflow/dags/oltp_s3_dwh_dict.py
[2026-02-25T18:14:29.290+0000] {processor.py:830} INFO - Processing file /opt/airflow/dags/oltp_s3_dwh_dict.py for tasks to queue
[2026-02-25T18:14:29.292+0000] {logging_mixin.py:188} INFO - [2026-02-25T18:14:29.292+0000] {dagbag.py:545} INFO - Filling up the DagBag from /opt/airflow/dags/oltp_s3_dwh_dict.py
[2026-02-25T18:14:29.617+0000] {processor.py:840} INFO - DAG(s) 'oltp_s3_dwh' retrieved from /opt/airflow/dags/oltp_s3_dwh_dict.py
[2026-02-25T18:14:29.642+0000] {logging_mixin.py:188} INFO - [2026-02-25T18:14:29.642+0000] {dag.py:3089} INFO - Sync 1 DAGs
[2026-02-25T18:14:29.665+0000] {logging_mixin.py:188} INFO - [2026-02-25T18:14:29.665+0000] {dag.py:3947} INFO - Setting next_dagrun for oltp_s3_dwh to 2026-02-01 00:00:00+00:00, run_after=2026-03-01 00:00:00+00:00
[2026-02-25T18:14:29.690+0000] {processor.py:183} INFO - Processing /opt/airflow/dags/oltp_s3_dwh_dict.py took 0.408 seconds
[2026-02-25T18:14:59.986+0000] {processor.py:161} INFO - Started process (PID=8451) to work on /opt/airflow/dags/oltp_s3_dwh_dict.py
[2026-02-25T18:14:59.988+0000] {processor.py:830} INFO - Processing file /opt/airflow/dags/oltp_s3_dwh_dict.py for tasks to queue
[2026-02-25T18:14:59.994+0000] {logging_mixin.py:188} INFO - [2026-02-25T18:14:59.993+0000] {dagbag.py:545} INFO - Filling up the DagBag from /opt/airflow/dags/oltp_s3_dwh_dict.py
[2026-02-25T18:15:00.511+0000] {processor.py:840} INFO - DAG(s) 'oltp_s3_dwh' retrieved from /opt/airflow/dags/oltp_s3_dwh_dict.py
[2026-02-25T18:15:00.584+0000] {logging_mixin.py:188} INFO - [2026-02-25T18:15:00.583+0000] {dag.py:3089} INFO - Sync 1 DAGs
[2026-02-25T18:15:00.642+0000] {logging_mixin.py:188} INFO - [2026-02-25T18:15:00.641+0000] {dag.py:3947} INFO - Setting next_dagrun for oltp_s3_dwh to 2026-02-01 00:00:00+00:00, run_after=2026-03-01 00:00:00+00:00
[2026-02-25T18:15:00.686+0000] {processor.py:183} INFO - Processing /opt/airflow/dags/oltp_s3_dwh_dict.py took 0.709 seconds
[2026-02-25T18:15:30.907+0000] {processor.py:161} INFO - Started process (PID=8478) to work on /opt/airflow/dags/oltp_s3_dwh_dict.py
[2026-02-25T18:15:30.908+0000] {processor.py:830} INFO - Processing file /opt/airflow/dags/oltp_s3_dwh_dict.py for tasks to queue
[2026-02-25T18:15:30.911+0000] {logging_mixin.py:188} INFO - [2026-02-25T18:15:30.910+0000] {dagbag.py:545} INFO - Filling up the DagBag from /opt/airflow/dags/oltp_s3_dwh_dict.py
[2026-02-25T18:15:31.248+0000] {processor.py:840} INFO - DAG(s) 'oltp_s3_dwh' retrieved from /opt/airflow/dags/oltp_s3_dwh_dict.py
[2026-02-25T18:15:31.272+0000] {logging_mixin.py:188} INFO - [2026-02-25T18:15:31.272+0000] {dag.py:3089} INFO - Sync 1 DAGs
[2026-02-25T18:15:31.296+0000] {logging_mixin.py:188} INFO - [2026-02-25T18:15:31.296+0000] {dag.py:3947} INFO - Setting next_dagrun for oltp_s3_dwh to 2026-02-01 00:00:00+00:00, run_after=2026-03-01 00:00:00+00:00
[2026-02-25T18:15:31.315+0000] {processor.py:183} INFO - Processing /opt/airflow/dags/oltp_s3_dwh_dict.py took 0.416 seconds
[2026-02-25T18:16:01.779+0000] {processor.py:161} INFO - Started process (PID=8509) to work on /opt/airflow/dags/oltp_s3_dwh_dict.py
[2026-02-25T18:16:01.780+0000] {processor.py:830} INFO - Processing file /opt/airflow/dags/oltp_s3_dwh_dict.py for tasks to queue
[2026-02-25T18:16:01.782+0000] {logging_mixin.py:188} INFO - [2026-02-25T18:16:01.782+0000] {dagbag.py:545} INFO - Filling up the DagBag from /opt/airflow/dags/oltp_s3_dwh_dict.py
[2026-02-25T18:16:02.107+0000] {processor.py:840} INFO - DAG(s) 'oltp_s3_dwh' retrieved from /opt/airflow/dags/oltp_s3_dwh_dict.py
[2026-02-25T18:16:02.142+0000] {logging_mixin.py:188} INFO - [2026-02-25T18:16:02.141+0000] {dag.py:3089} INFO - Sync 1 DAGs
[2026-02-25T18:16:02.174+0000] {logging_mixin.py:188} INFO - [2026-02-25T18:16:02.174+0000] {dag.py:3947} INFO - Setting next_dagrun for oltp_s3_dwh to 2026-02-01 00:00:00+00:00, run_after=2026-03-01 00:00:00+00:00
[2026-02-25T18:16:02.200+0000] {processor.py:183} INFO - Processing /opt/airflow/dags/oltp_s3_dwh_dict.py took 0.428 seconds
[2026-02-25T18:16:32.521+0000] {processor.py:161} INFO - Started process (PID=8535) to work on /opt/airflow/dags/oltp_s3_dwh_dict.py
[2026-02-25T18:16:32.522+0000] {processor.py:830} INFO - Processing file /opt/airflow/dags/oltp_s3_dwh_dict.py for tasks to queue
[2026-02-25T18:16:32.525+0000] {logging_mixin.py:188} INFO - [2026-02-25T18:16:32.524+0000] {dagbag.py:545} INFO - Filling up the DagBag from /opt/airflow/dags/oltp_s3_dwh_dict.py
[2026-02-25T18:16:32.892+0000] {processor.py:840} INFO - DAG(s) 'oltp_s3_dwh' retrieved from /opt/airflow/dags/oltp_s3_dwh_dict.py
[2026-02-25T18:16:32.920+0000] {logging_mixin.py:188} INFO - [2026-02-25T18:16:32.919+0000] {dag.py:3089} INFO - Sync 1 DAGs
[2026-02-25T18:16:32.946+0000] {logging_mixin.py:188} INFO - [2026-02-25T18:16:32.946+0000] {dag.py:3947} INFO - Setting next_dagrun for oltp_s3_dwh to 2026-02-01 00:00:00+00:00, run_after=2026-03-01 00:00:00+00:00
[2026-02-25T18:16:32.972+0000] {processor.py:183} INFO - Processing /opt/airflow/dags/oltp_s3_dwh_dict.py took 0.459 seconds
[2026-02-25T18:17:03.638+0000] {processor.py:161} INFO - Started process (PID=8567) to work on /opt/airflow/dags/oltp_s3_dwh_dict.py
[2026-02-25T18:17:03.640+0000] {processor.py:830} INFO - Processing file /opt/airflow/dags/oltp_s3_dwh_dict.py for tasks to queue
[2026-02-25T18:17:03.642+0000] {logging_mixin.py:188} INFO - [2026-02-25T18:17:03.642+0000] {dagbag.py:545} INFO - Filling up the DagBag from /opt/airflow/dags/oltp_s3_dwh_dict.py
[2026-02-25T18:17:04.000+0000] {processor.py:840} INFO - DAG(s) 'oltp_s3_dwh' retrieved from /opt/airflow/dags/oltp_s3_dwh_dict.py
[2026-02-25T18:17:04.026+0000] {logging_mixin.py:188} INFO - [2026-02-25T18:17:04.026+0000] {dag.py:3089} INFO - Sync 1 DAGs
[2026-02-25T18:17:04.050+0000] {logging_mixin.py:188} INFO - [2026-02-25T18:17:04.049+0000] {dag.py:3947} INFO - Setting next_dagrun for oltp_s3_dwh to 2026-02-01 00:00:00+00:00, run_after=2026-03-01 00:00:00+00:00
[2026-02-25T18:17:04.073+0000] {processor.py:183} INFO - Processing /opt/airflow/dags/oltp_s3_dwh_dict.py took 0.443 seconds
[2026-02-25T18:17:34.266+0000] {processor.py:161} INFO - Started process (PID=8599) to work on /opt/airflow/dags/oltp_s3_dwh_dict.py
[2026-02-25T18:17:34.268+0000] {processor.py:830} INFO - Processing file /opt/airflow/dags/oltp_s3_dwh_dict.py for tasks to queue
[2026-02-25T18:17:34.272+0000] {logging_mixin.py:188} INFO - [2026-02-25T18:17:34.271+0000] {dagbag.py:545} INFO - Filling up the DagBag from /opt/airflow/dags/oltp_s3_dwh_dict.py
[2026-02-25T18:17:34.784+0000] {processor.py:840} INFO - DAG(s) 'oltp_s3_dwh' retrieved from /opt/airflow/dags/oltp_s3_dwh_dict.py
[2026-02-25T18:17:34.816+0000] {logging_mixin.py:188} INFO - [2026-02-25T18:17:34.816+0000] {dag.py:3089} INFO - Sync 1 DAGs
[2026-02-25T18:17:34.849+0000] {logging_mixin.py:188} INFO - [2026-02-25T18:17:34.848+0000] {dag.py:3947} INFO - Setting next_dagrun for oltp_s3_dwh to 2026-02-01 00:00:00+00:00, run_after=2026-03-01 00:00:00+00:00
[2026-02-25T18:17:34.875+0000] {processor.py:183} INFO - Processing /opt/airflow/dags/oltp_s3_dwh_dict.py took 0.623 seconds
[2026-02-25T18:18:04.996+0000] {processor.py:161} INFO - Started process (PID=8625) to work on /opt/airflow/dags/oltp_s3_dwh_dict.py
[2026-02-25T18:18:04.997+0000] {processor.py:830} INFO - Processing file /opt/airflow/dags/oltp_s3_dwh_dict.py for tasks to queue
[2026-02-25T18:18:05.001+0000] {logging_mixin.py:188} INFO - [2026-02-25T18:18:05.000+0000] {dagbag.py:545} INFO - Filling up the DagBag from /opt/airflow/dags/oltp_s3_dwh_dict.py
[2026-02-25T18:18:05.327+0000] {processor.py:840} INFO - DAG(s) 'oltp_s3_dwh' retrieved from /opt/airflow/dags/oltp_s3_dwh_dict.py
[2026-02-25T18:18:05.354+0000] {logging_mixin.py:188} INFO - [2026-02-25T18:18:05.354+0000] {dag.py:3089} INFO - Sync 1 DAGs
[2026-02-25T18:18:05.379+0000] {logging_mixin.py:188} INFO - [2026-02-25T18:18:05.379+0000] {dag.py:3947} INFO - Setting next_dagrun for oltp_s3_dwh to 2026-02-01 00:00:00+00:00, run_after=2026-03-01 00:00:00+00:00
[2026-02-25T18:18:05.399+0000] {processor.py:183} INFO - Processing /opt/airflow/dags/oltp_s3_dwh_dict.py took 0.410 seconds
[2026-02-25T18:18:35.639+0000] {processor.py:161} INFO - Started process (PID=8657) to work on /opt/airflow/dags/oltp_s3_dwh_dict.py
[2026-02-25T18:18:35.641+0000] {processor.py:830} INFO - Processing file /opt/airflow/dags/oltp_s3_dwh_dict.py for tasks to queue
[2026-02-25T18:18:35.647+0000] {logging_mixin.py:188} INFO - [2026-02-25T18:18:35.646+0000] {dagbag.py:545} INFO - Filling up the DagBag from /opt/airflow/dags/oltp_s3_dwh_dict.py
[2026-02-25T18:18:36.084+0000] {processor.py:840} INFO - DAG(s) 'oltp_s3_dwh' retrieved from /opt/airflow/dags/oltp_s3_dwh_dict.py
[2026-02-25T18:18:36.129+0000] {logging_mixin.py:188} INFO - [2026-02-25T18:18:36.128+0000] {dag.py:3089} INFO - Sync 1 DAGs
[2026-02-25T18:18:36.165+0000] {logging_mixin.py:188} INFO - [2026-02-25T18:18:36.165+0000] {dag.py:3947} INFO - Setting next_dagrun for oltp_s3_dwh to 2026-02-01 00:00:00+00:00, run_after=2026-03-01 00:00:00+00:00
[2026-02-25T18:18:36.215+0000] {processor.py:183} INFO - Processing /opt/airflow/dags/oltp_s3_dwh_dict.py took 0.586 seconds
[2026-02-25T18:19:06.872+0000] {processor.py:161} INFO - Started process (PID=8683) to work on /opt/airflow/dags/oltp_s3_dwh_dict.py
[2026-02-25T18:19:06.873+0000] {processor.py:830} INFO - Processing file /opt/airflow/dags/oltp_s3_dwh_dict.py for tasks to queue
[2026-02-25T18:19:06.875+0000] {logging_mixin.py:188} INFO - [2026-02-25T18:19:06.875+0000] {dagbag.py:545} INFO - Filling up the DagBag from /opt/airflow/dags/oltp_s3_dwh_dict.py
[2026-02-25T18:19:07.193+0000] {processor.py:840} INFO - DAG(s) 'oltp_s3_dwh' retrieved from /opt/airflow/dags/oltp_s3_dwh_dict.py
[2026-02-25T18:19:07.219+0000] {logging_mixin.py:188} INFO - [2026-02-25T18:19:07.219+0000] {dag.py:3089} INFO - Sync 1 DAGs
[2026-02-25T18:19:07.242+0000] {logging_mixin.py:188} INFO - [2026-02-25T18:19:07.242+0000] {dag.py:3947} INFO - Setting next_dagrun for oltp_s3_dwh to 2026-02-01 00:00:00+00:00, run_after=2026-03-01 00:00:00+00:00
[2026-02-25T18:19:07.268+0000] {processor.py:183} INFO - Processing /opt/airflow/dags/oltp_s3_dwh_dict.py took 0.402 seconds
[2026-02-25T18:19:37.909+0000] {processor.py:161} INFO - Started process (PID=8716) to work on /opt/airflow/dags/oltp_s3_dwh_dict.py
[2026-02-25T18:19:37.911+0000] {processor.py:830} INFO - Processing file /opt/airflow/dags/oltp_s3_dwh_dict.py for tasks to queue
[2026-02-25T18:19:37.914+0000] {logging_mixin.py:188} INFO - [2026-02-25T18:19:37.913+0000] {dagbag.py:545} INFO - Filling up the DagBag from /opt/airflow/dags/oltp_s3_dwh_dict.py
[2026-02-25T18:19:38.288+0000] {processor.py:840} INFO - DAG(s) 'oltp_s3_dwh' retrieved from /opt/airflow/dags/oltp_s3_dwh_dict.py
[2026-02-25T18:19:38.316+0000] {logging_mixin.py:188} INFO - [2026-02-25T18:19:38.316+0000] {dag.py:3089} INFO - Sync 1 DAGs
[2026-02-25T18:19:38.346+0000] {logging_mixin.py:188} INFO - [2026-02-25T18:19:38.345+0000] {dag.py:3947} INFO - Setting next_dagrun for oltp_s3_dwh to 2026-02-01 00:00:00+00:00, run_after=2026-03-01 00:00:00+00:00
[2026-02-25T18:19:38.377+0000] {processor.py:183} INFO - Processing /opt/airflow/dags/oltp_s3_dwh_dict.py took 0.476 seconds
[2026-02-25T18:20:08.894+0000] {processor.py:161} INFO - Started process (PID=8742) to work on /opt/airflow/dags/oltp_s3_dwh_dict.py
[2026-02-25T18:20:08.895+0000] {processor.py:830} INFO - Processing file /opt/airflow/dags/oltp_s3_dwh_dict.py for tasks to queue
[2026-02-25T18:20:08.898+0000] {logging_mixin.py:188} INFO - [2026-02-25T18:20:08.898+0000] {dagbag.py:545} INFO - Filling up the DagBag from /opt/airflow/dags/oltp_s3_dwh_dict.py
[2026-02-25T18:20:09.347+0000] {processor.py:840} INFO - DAG(s) 'oltp_s3_dwh' retrieved from /opt/airflow/dags/oltp_s3_dwh_dict.py
[2026-02-25T18:20:09.392+0000] {logging_mixin.py:188} INFO - [2026-02-25T18:20:09.391+0000] {dag.py:3089} INFO - Sync 1 DAGs
[2026-02-25T18:20:09.442+0000] {logging_mixin.py:188} INFO - [2026-02-25T18:20:09.441+0000] {dag.py:3947} INFO - Setting next_dagrun for oltp_s3_dwh to 2026-02-01 00:00:00+00:00, run_after=2026-03-01 00:00:00+00:00
[2026-02-25T18:20:09.477+0000] {processor.py:183} INFO - Processing /opt/airflow/dags/oltp_s3_dwh_dict.py took 0.590 seconds
[2026-02-25T18:20:39.588+0000] {processor.py:161} INFO - Started process (PID=8776) to work on /opt/airflow/dags/oltp_s3_dwh_dict.py
[2026-02-25T18:20:39.590+0000] {processor.py:830} INFO - Processing file /opt/airflow/dags/oltp_s3_dwh_dict.py for tasks to queue
[2026-02-25T18:20:39.593+0000] {logging_mixin.py:188} INFO - [2026-02-25T18:20:39.593+0000] {dagbag.py:545} INFO - Filling up the DagBag from /opt/airflow/dags/oltp_s3_dwh_dict.py
[2026-02-25T18:20:39.974+0000] {processor.py:840} INFO - DAG(s) 'oltp_s3_dwh' retrieved from /opt/airflow/dags/oltp_s3_dwh_dict.py
[2026-02-25T18:20:40.003+0000] {logging_mixin.py:188} INFO - [2026-02-25T18:20:40.003+0000] {dag.py:3089} INFO - Sync 1 DAGs
[2026-02-25T18:20:40.031+0000] {logging_mixin.py:188} INFO - [2026-02-25T18:20:40.031+0000] {dag.py:3947} INFO - Setting next_dagrun for oltp_s3_dwh to 2026-02-01 00:00:00+00:00, run_after=2026-03-01 00:00:00+00:00
[2026-02-25T18:20:40.056+0000] {processor.py:183} INFO - Processing /opt/airflow/dags/oltp_s3_dwh_dict.py took 0.475 seconds
[2026-02-25T18:21:10.193+0000] {processor.py:161} INFO - Started process (PID=8810) to work on /opt/airflow/dags/oltp_s3_dwh_dict.py
[2026-02-25T18:21:10.196+0000] {processor.py:830} INFO - Processing file /opt/airflow/dags/oltp_s3_dwh_dict.py for tasks to queue
[2026-02-25T18:21:10.201+0000] {logging_mixin.py:188} INFO - [2026-02-25T18:21:10.200+0000] {dagbag.py:545} INFO - Filling up the DagBag from /opt/airflow/dags/oltp_s3_dwh_dict.py
[2026-02-25T18:21:10.564+0000] {processor.py:840} INFO - DAG(s) 'oltp_s3_dwh' retrieved from /opt/airflow/dags/oltp_s3_dwh_dict.py
[2026-02-25T18:21:10.598+0000] {logging_mixin.py:188} INFO - [2026-02-25T18:21:10.598+0000] {dag.py:3089} INFO - Sync 1 DAGs
[2026-02-25T18:21:10.627+0000] {logging_mixin.py:188} INFO - [2026-02-25T18:21:10.627+0000] {dag.py:3947} INFO - Setting next_dagrun for oltp_s3_dwh to 2026-02-01 00:00:00+00:00, run_after=2026-03-01 00:00:00+00:00
[2026-02-25T18:21:10.658+0000] {processor.py:183} INFO - Processing /opt/airflow/dags/oltp_s3_dwh_dict.py took 0.475 seconds
[2026-02-25T18:21:40.846+0000] {processor.py:161} INFO - Started process (PID=8836) to work on /opt/airflow/dags/oltp_s3_dwh_dict.py
[2026-02-25T18:21:40.847+0000] {processor.py:830} INFO - Processing file /opt/airflow/dags/oltp_s3_dwh_dict.py for tasks to queue
[2026-02-25T18:21:40.849+0000] {logging_mixin.py:188} INFO - [2026-02-25T18:21:40.849+0000] {dagbag.py:545} INFO - Filling up the DagBag from /opt/airflow/dags/oltp_s3_dwh_dict.py
[2026-02-25T18:21:41.282+0000] {processor.py:840} INFO - DAG(s) 'oltp_s3_dwh' retrieved from /opt/airflow/dags/oltp_s3_dwh_dict.py
[2026-02-25T18:21:41.313+0000] {logging_mixin.py:188} INFO - [2026-02-25T18:21:41.312+0000] {dag.py:3089} INFO - Sync 1 DAGs
[2026-02-25T18:21:41.345+0000] {logging_mixin.py:188} INFO - [2026-02-25T18:21:41.345+0000] {dag.py:3947} INFO - Setting next_dagrun for oltp_s3_dwh to 2026-02-01 00:00:00+00:00, run_after=2026-03-01 00:00:00+00:00
[2026-02-25T18:21:41.396+0000] {processor.py:183} INFO - Processing /opt/airflow/dags/oltp_s3_dwh_dict.py took 0.557 seconds
[2026-02-25T18:22:11.533+0000] {processor.py:161} INFO - Started process (PID=8869) to work on /opt/airflow/dags/oltp_s3_dwh_dict.py
[2026-02-25T18:22:11.535+0000] {processor.py:830} INFO - Processing file /opt/airflow/dags/oltp_s3_dwh_dict.py for tasks to queue
[2026-02-25T18:22:11.539+0000] {logging_mixin.py:188} INFO - [2026-02-25T18:22:11.539+0000] {dagbag.py:545} INFO - Filling up the DagBag from /opt/airflow/dags/oltp_s3_dwh_dict.py
[2026-02-25T18:22:11.987+0000] {processor.py:840} INFO - DAG(s) 'oltp_s3_dwh' retrieved from /opt/airflow/dags/oltp_s3_dwh_dict.py
[2026-02-25T18:22:12.077+0000] {logging_mixin.py:188} INFO - [2026-02-25T18:22:12.077+0000] {dag.py:3089} INFO - Sync 1 DAGs
[2026-02-25T18:22:12.153+0000] {logging_mixin.py:188} INFO - [2026-02-25T18:22:12.153+0000] {dag.py:3947} INFO - Setting next_dagrun for oltp_s3_dwh to 2026-02-01 00:00:00+00:00, run_after=2026-03-01 00:00:00+00:00
[2026-02-25T18:22:12.198+0000] {processor.py:183} INFO - Processing /opt/airflow/dags/oltp_s3_dwh_dict.py took 0.672 seconds
[2026-02-25T18:22:42.587+0000] {processor.py:161} INFO - Started process (PID=8895) to work on /opt/airflow/dags/oltp_s3_dwh_dict.py
[2026-02-25T18:22:42.589+0000] {processor.py:830} INFO - Processing file /opt/airflow/dags/oltp_s3_dwh_dict.py for tasks to queue
[2026-02-25T18:22:42.592+0000] {logging_mixin.py:188} INFO - [2026-02-25T18:22:42.591+0000] {dagbag.py:545} INFO - Filling up the DagBag from /opt/airflow/dags/oltp_s3_dwh_dict.py
[2026-02-25T18:22:42.956+0000] {processor.py:840} INFO - DAG(s) 'oltp_s3_dwh' retrieved from /opt/airflow/dags/oltp_s3_dwh_dict.py
[2026-02-25T18:22:42.990+0000] {logging_mixin.py:188} INFO - [2026-02-25T18:22:42.990+0000] {dag.py:3089} INFO - Sync 1 DAGs
[2026-02-25T18:22:43.019+0000] {logging_mixin.py:188} INFO - [2026-02-25T18:22:43.019+0000] {dag.py:3947} INFO - Setting next_dagrun for oltp_s3_dwh to 2026-02-01 00:00:00+00:00, run_after=2026-03-01 00:00:00+00:00
[2026-02-25T18:22:43.048+0000] {processor.py:183} INFO - Processing /opt/airflow/dags/oltp_s3_dwh_dict.py took 0.469 seconds
[2026-02-25T18:23:13.198+0000] {processor.py:161} INFO - Started process (PID=8928) to work on /opt/airflow/dags/oltp_s3_dwh_dict.py
[2026-02-25T18:23:13.200+0000] {processor.py:830} INFO - Processing file /opt/airflow/dags/oltp_s3_dwh_dict.py for tasks to queue
[2026-02-25T18:23:13.203+0000] {logging_mixin.py:188} INFO - [2026-02-25T18:23:13.202+0000] {dagbag.py:545} INFO - Filling up the DagBag from /opt/airflow/dags/oltp_s3_dwh_dict.py
[2026-02-25T18:23:13.554+0000] {processor.py:840} INFO - DAG(s) 'oltp_s3_dwh' retrieved from /opt/airflow/dags/oltp_s3_dwh_dict.py
[2026-02-25T18:23:13.581+0000] {logging_mixin.py:188} INFO - [2026-02-25T18:23:13.581+0000] {dag.py:3089} INFO - Sync 1 DAGs
[2026-02-25T18:23:13.604+0000] {logging_mixin.py:188} INFO - [2026-02-25T18:23:13.604+0000] {dag.py:3947} INFO - Setting next_dagrun for oltp_s3_dwh to 2026-02-01 00:00:00+00:00, run_after=2026-03-01 00:00:00+00:00
[2026-02-25T18:23:13.629+0000] {processor.py:183} INFO - Processing /opt/airflow/dags/oltp_s3_dwh_dict.py took 0.437 seconds
[2026-02-25T18:23:44.347+0000] {processor.py:161} INFO - Started process (PID=8954) to work on /opt/airflow/dags/oltp_s3_dwh_dict.py
[2026-02-25T18:23:44.349+0000] {processor.py:830} INFO - Processing file /opt/airflow/dags/oltp_s3_dwh_dict.py for tasks to queue
[2026-02-25T18:23:44.351+0000] {logging_mixin.py:188} INFO - [2026-02-25T18:23:44.351+0000] {dagbag.py:545} INFO - Filling up the DagBag from /opt/airflow/dags/oltp_s3_dwh_dict.py
[2026-02-25T18:23:41.991+0000] {processor.py:840} INFO - DAG(s) 'oltp_s3_dwh' retrieved from /opt/airflow/dags/oltp_s3_dwh_dict.py
[2026-02-25T18:23:42.023+0000] {logging_mixin.py:188} INFO - [2026-02-25T18:23:42.023+0000] {dag.py:3089} INFO - Sync 1 DAGs
[2026-02-25T18:23:42.049+0000] {logging_mixin.py:188} INFO - [2026-02-25T18:23:42.049+0000] {dag.py:3947} INFO - Setting next_dagrun for oltp_s3_dwh to 2026-02-01 00:00:00+00:00, run_after=2026-03-01 00:00:00+00:00
[2026-02-25T18:23:42.082+0000] {processor.py:183} INFO - Processing /opt/airflow/dags/oltp_s3_dwh_dict.py took 0.467 seconds
[2026-02-25T18:24:12.820+0000] {processor.py:161} INFO - Started process (PID=8987) to work on /opt/airflow/dags/oltp_s3_dwh_dict.py
[2026-02-25T18:24:12.822+0000] {processor.py:830} INFO - Processing file /opt/airflow/dags/oltp_s3_dwh_dict.py for tasks to queue
[2026-02-25T18:24:12.825+0000] {logging_mixin.py:188} INFO - [2026-02-25T18:24:12.824+0000] {dagbag.py:545} INFO - Filling up the DagBag from /opt/airflow/dags/oltp_s3_dwh_dict.py
[2026-02-25T18:24:13.186+0000] {processor.py:840} INFO - DAG(s) 'oltp_s3_dwh' retrieved from /opt/airflow/dags/oltp_s3_dwh_dict.py
[2026-02-25T18:24:13.215+0000] {logging_mixin.py:188} INFO - [2026-02-25T18:24:13.214+0000] {dag.py:3089} INFO - Sync 1 DAGs
[2026-02-25T18:24:13.242+0000] {logging_mixin.py:188} INFO - [2026-02-25T18:24:13.241+0000] {dag.py:3947} INFO - Setting next_dagrun for oltp_s3_dwh to 2026-02-01 00:00:00+00:00, run_after=2026-03-01 00:00:00+00:00
[2026-02-25T18:24:13.266+0000] {processor.py:183} INFO - Processing /opt/airflow/dags/oltp_s3_dwh_dict.py took 0.453 seconds
[2026-02-25T18:24:43.488+0000] {processor.py:161} INFO - Started process (PID=9011) to work on /opt/airflow/dags/oltp_s3_dwh_dict.py
[2026-02-25T18:24:43.490+0000] {processor.py:830} INFO - Processing file /opt/airflow/dags/oltp_s3_dwh_dict.py for tasks to queue
[2026-02-25T18:24:43.493+0000] {logging_mixin.py:188} INFO - [2026-02-25T18:24:43.493+0000] {dagbag.py:545} INFO - Filling up the DagBag from /opt/airflow/dags/oltp_s3_dwh_dict.py
[2026-02-25T18:24:43.889+0000] {processor.py:840} INFO - DAG(s) 'oltp_s3_dwh' retrieved from /opt/airflow/dags/oltp_s3_dwh_dict.py
[2026-02-25T18:24:43.926+0000] {logging_mixin.py:188} INFO - [2026-02-25T18:24:43.925+0000] {dag.py:3089} INFO - Sync 1 DAGs
[2026-02-25T18:24:43.960+0000] {logging_mixin.py:188} INFO - [2026-02-25T18:24:43.960+0000] {dag.py:3947} INFO - Setting next_dagrun for oltp_s3_dwh to 2026-02-01 00:00:00+00:00, run_after=2026-03-01 00:00:00+00:00
[2026-02-25T18:24:43.990+0000] {processor.py:183} INFO - Processing /opt/airflow/dags/oltp_s3_dwh_dict.py took 0.511 seconds
[2026-02-25T18:25:14.062+0000] {processor.py:161} INFO - Started process (PID=9043) to work on /opt/airflow/dags/oltp_s3_dwh_dict.py
[2026-02-25T18:25:14.064+0000] {processor.py:830} INFO - Processing file /opt/airflow/dags/oltp_s3_dwh_dict.py for tasks to queue
[2026-02-25T18:25:14.067+0000] {logging_mixin.py:188} INFO - [2026-02-25T18:25:14.067+0000] {dagbag.py:545} INFO - Filling up the DagBag from /opt/airflow/dags/oltp_s3_dwh_dict.py
[2026-02-25T18:25:14.409+0000] {processor.py:840} INFO - DAG(s) 'oltp_s3_dwh' retrieved from /opt/airflow/dags/oltp_s3_dwh_dict.py
[2026-02-25T18:25:14.439+0000] {logging_mixin.py:188} INFO - [2026-02-25T18:25:14.438+0000] {dag.py:3089} INFO - Sync 1 DAGs
[2026-02-25T18:25:14.462+0000] {logging_mixin.py:188} INFO - [2026-02-25T18:25:14.462+0000] {dag.py:3947} INFO - Setting next_dagrun for oltp_s3_dwh to 2026-02-01 00:00:00+00:00, run_after=2026-03-01 00:00:00+00:00
[2026-02-25T18:25:14.483+0000] {processor.py:183} INFO - Processing /opt/airflow/dags/oltp_s3_dwh_dict.py took 0.429 seconds
[2026-02-25T18:25:44.898+0000] {processor.py:161} INFO - Started process (PID=9076) to work on /opt/airflow/dags/oltp_s3_dwh_dict.py
[2026-02-25T18:25:44.900+0000] {processor.py:830} INFO - Processing file /opt/airflow/dags/oltp_s3_dwh_dict.py for tasks to queue
[2026-02-25T18:25:44.905+0000] {logging_mixin.py:188} INFO - [2026-02-25T18:25:44.904+0000] {dagbag.py:545} INFO - Filling up the DagBag from /opt/airflow/dags/oltp_s3_dwh_dict.py
[2026-02-25T18:25:45.446+0000] {processor.py:840} INFO - DAG(s) 'oltp_s3_dwh' retrieved from /opt/airflow/dags/oltp_s3_dwh_dict.py
[2026-02-25T18:25:45.508+0000] {logging_mixin.py:188} INFO - [2026-02-25T18:25:45.507+0000] {dag.py:3089} INFO - Sync 1 DAGs
[2026-02-25T18:25:45.542+0000] {logging_mixin.py:188} INFO - [2026-02-25T18:25:45.542+0000] {dag.py:3947} INFO - Setting next_dagrun for oltp_s3_dwh to 2026-02-01 00:00:00+00:00, run_after=2026-03-01 00:00:00+00:00
[2026-02-25T18:25:45.584+0000] {processor.py:183} INFO - Processing /opt/airflow/dags/oltp_s3_dwh_dict.py took 0.697 seconds
[2026-02-25T18:26:16.249+0000] {processor.py:161} INFO - Started process (PID=9103) to work on /opt/airflow/dags/oltp_s3_dwh_dict.py
[2026-02-25T18:26:16.251+0000] {processor.py:830} INFO - Processing file /opt/airflow/dags/oltp_s3_dwh_dict.py for tasks to queue
[2026-02-25T18:26:16.253+0000] {logging_mixin.py:188} INFO - [2026-02-25T18:26:16.253+0000] {dagbag.py:545} INFO - Filling up the DagBag from /opt/airflow/dags/oltp_s3_dwh_dict.py
[2026-02-25T18:26:16.597+0000] {processor.py:840} INFO - DAG(s) 'oltp_s3_dwh' retrieved from /opt/airflow/dags/oltp_s3_dwh_dict.py
[2026-02-25T18:26:16.623+0000] {logging_mixin.py:188} INFO - [2026-02-25T18:26:16.623+0000] {dag.py:3089} INFO - Sync 1 DAGs
[2026-02-25T18:26:16.647+0000] {logging_mixin.py:188} INFO - [2026-02-25T18:26:16.646+0000] {dag.py:3947} INFO - Setting next_dagrun for oltp_s3_dwh to 2026-02-01 00:00:00+00:00, run_after=2026-03-01 00:00:00+00:00
[2026-02-25T18:26:16.671+0000] {processor.py:183} INFO - Processing /opt/airflow/dags/oltp_s3_dwh_dict.py took 0.428 seconds
[2026-02-25T18:26:47.328+0000] {processor.py:161} INFO - Started process (PID=9136) to work on /opt/airflow/dags/oltp_s3_dwh_dict.py
[2026-02-25T18:26:47.330+0000] {processor.py:830} INFO - Processing file /opt/airflow/dags/oltp_s3_dwh_dict.py for tasks to queue
[2026-02-25T18:26:47.333+0000] {logging_mixin.py:188} INFO - [2026-02-25T18:26:47.333+0000] {dagbag.py:545} INFO - Filling up the DagBag from /opt/airflow/dags/oltp_s3_dwh_dict.py
[2026-02-25T18:26:47.706+0000] {processor.py:840} INFO - DAG(s) 'oltp_s3_dwh' retrieved from /opt/airflow/dags/oltp_s3_dwh_dict.py
[2026-02-25T18:26:47.749+0000] {logging_mixin.py:188} INFO - [2026-02-25T18:26:47.748+0000] {dag.py:3089} INFO - Sync 1 DAGs
[2026-02-25T18:26:47.778+0000] {logging_mixin.py:188} INFO - [2026-02-25T18:26:47.778+0000] {dag.py:3947} INFO - Setting next_dagrun for oltp_s3_dwh to 2026-02-01 00:00:00+00:00, run_after=2026-03-01 00:00:00+00:00
[2026-02-25T18:26:47.816+0000] {processor.py:183} INFO - Processing /opt/airflow/dags/oltp_s3_dwh_dict.py took 0.496 seconds
[2026-02-25T18:27:17.947+0000] {processor.py:161} INFO - Started process (PID=9161) to work on /opt/airflow/dags/oltp_s3_dwh_dict.py
[2026-02-25T18:27:17.948+0000] {processor.py:830} INFO - Processing file /opt/airflow/dags/oltp_s3_dwh_dict.py for tasks to queue
[2026-02-25T18:27:17.951+0000] {logging_mixin.py:188} INFO - [2026-02-25T18:27:17.950+0000] {dagbag.py:545} INFO - Filling up the DagBag from /opt/airflow/dags/oltp_s3_dwh_dict.py
[2026-02-25T18:27:18.277+0000] {processor.py:840} INFO - DAG(s) 'oltp_s3_dwh' retrieved from /opt/airflow/dags/oltp_s3_dwh_dict.py
[2026-02-25T18:27:18.303+0000] {logging_mixin.py:188} INFO - [2026-02-25T18:27:18.302+0000] {dag.py:3089} INFO - Sync 1 DAGs
[2026-02-25T18:27:18.325+0000] {logging_mixin.py:188} INFO - [2026-02-25T18:27:18.325+0000] {dag.py:3947} INFO - Setting next_dagrun for oltp_s3_dwh to 2026-02-01 00:00:00+00:00, run_after=2026-03-01 00:00:00+00:00
[2026-02-25T18:27:18.344+0000] {processor.py:183} INFO - Processing /opt/airflow/dags/oltp_s3_dwh_dict.py took 0.404 seconds
[2026-02-25T18:27:48.452+0000] {processor.py:161} INFO - Started process (PID=9193) to work on /opt/airflow/dags/oltp_s3_dwh_dict.py
[2026-02-25T18:27:48.453+0000] {processor.py:830} INFO - Processing file /opt/airflow/dags/oltp_s3_dwh_dict.py for tasks to queue
[2026-02-25T18:27:48.456+0000] {logging_mixin.py:188} INFO - [2026-02-25T18:27:48.456+0000] {dagbag.py:545} INFO - Filling up the DagBag from /opt/airflow/dags/oltp_s3_dwh_dict.py
[2026-02-25T18:27:48.790+0000] {processor.py:840} INFO - DAG(s) 'oltp_s3_dwh' retrieved from /opt/airflow/dags/oltp_s3_dwh_dict.py
[2026-02-25T18:27:48.815+0000] {logging_mixin.py:188} INFO - [2026-02-25T18:27:48.815+0000] {dag.py:3089} INFO - Sync 1 DAGs
[2026-02-25T18:27:48.838+0000] {logging_mixin.py:188} INFO - [2026-02-25T18:27:48.837+0000] {dag.py:3947} INFO - Setting next_dagrun for oltp_s3_dwh to 2026-02-01 00:00:00+00:00, run_after=2026-03-01 00:00:00+00:00
[2026-02-25T18:27:48.868+0000] {processor.py:183} INFO - Processing /opt/airflow/dags/oltp_s3_dwh_dict.py took 0.424 seconds
[2026-02-25T18:28:19.404+0000] {processor.py:161} INFO - Started process (PID=9225) to work on /opt/airflow/dags/oltp_s3_dwh_dict.py
[2026-02-25T18:28:19.406+0000] {processor.py:830} INFO - Processing file /opt/airflow/dags/oltp_s3_dwh_dict.py for tasks to queue
[2026-02-25T18:28:19.412+0000] {logging_mixin.py:188} INFO - [2026-02-25T18:28:19.412+0000] {dagbag.py:545} INFO - Filling up the DagBag from /opt/airflow/dags/oltp_s3_dwh_dict.py
[2026-02-25T18:28:19.901+0000] {processor.py:840} INFO - DAG(s) 'oltp_s3_dwh' retrieved from /opt/airflow/dags/oltp_s3_dwh_dict.py
[2026-02-25T18:28:19.933+0000] {logging_mixin.py:188} INFO - [2026-02-25T18:28:19.932+0000] {dag.py:3089} INFO - Sync 1 DAGs
[2026-02-25T18:28:19.960+0000] {logging_mixin.py:188} INFO - [2026-02-25T18:28:19.960+0000] {dag.py:3947} INFO - Setting next_dagrun for oltp_s3_dwh to 2026-02-01 00:00:00+00:00, run_after=2026-03-01 00:00:00+00:00
[2026-02-25T18:28:19.992+0000] {processor.py:183} INFO - Processing /opt/airflow/dags/oltp_s3_dwh_dict.py took 0.597 seconds
[2026-02-25T18:28:50.988+0000] {processor.py:161} INFO - Started process (PID=9251) to work on /opt/airflow/dags/oltp_s3_dwh_dict.py
[2026-02-25T18:28:50.989+0000] {processor.py:830} INFO - Processing file /opt/airflow/dags/oltp_s3_dwh_dict.py for tasks to queue
[2026-02-25T18:28:50.993+0000] {logging_mixin.py:188} INFO - [2026-02-25T18:28:50.992+0000] {dagbag.py:545} INFO - Filling up the DagBag from /opt/airflow/dags/oltp_s3_dwh_dict.py
[2026-02-25T18:28:51.439+0000] {processor.py:840} INFO - DAG(s) 'oltp_s3_dwh' retrieved from /opt/airflow/dags/oltp_s3_dwh_dict.py
[2026-02-25T18:28:51.474+0000] {logging_mixin.py:188} INFO - [2026-02-25T18:28:51.473+0000] {dag.py:3089} INFO - Sync 1 DAGs
[2026-02-25T18:28:51.507+0000] {logging_mixin.py:188} INFO - [2026-02-25T18:28:51.507+0000] {dag.py:3947} INFO - Setting next_dagrun for oltp_s3_dwh to 2026-02-01 00:00:00+00:00, run_after=2026-03-01 00:00:00+00:00
[2026-02-25T18:28:51.557+0000] {processor.py:183} INFO - Processing /opt/airflow/dags/oltp_s3_dwh_dict.py took 0.576 seconds
[2026-02-25T18:29:21.782+0000] {processor.py:161} INFO - Started process (PID=9285) to work on /opt/airflow/dags/oltp_s3_dwh_dict.py
[2026-02-25T18:29:21.783+0000] {processor.py:830} INFO - Processing file /opt/airflow/dags/oltp_s3_dwh_dict.py for tasks to queue
[2026-02-25T18:29:21.787+0000] {logging_mixin.py:188} INFO - [2026-02-25T18:29:21.786+0000] {dagbag.py:545} INFO - Filling up the DagBag from /opt/airflow/dags/oltp_s3_dwh_dict.py
[2026-02-25T18:29:22.367+0000] {processor.py:840} INFO - DAG(s) 'oltp_s3_dwh' retrieved from /opt/airflow/dags/oltp_s3_dwh_dict.py
[2026-02-25T18:29:22.401+0000] {logging_mixin.py:188} INFO - [2026-02-25T18:29:22.400+0000] {dag.py:3089} INFO - Sync 1 DAGs
[2026-02-25T18:29:22.434+0000] {logging_mixin.py:188} INFO - [2026-02-25T18:29:22.433+0000] {dag.py:3947} INFO - Setting next_dagrun for oltp_s3_dwh to 2026-02-01 00:00:00+00:00, run_after=2026-03-01 00:00:00+00:00
[2026-02-25T18:29:22.462+0000] {processor.py:183} INFO - Processing /opt/airflow/dags/oltp_s3_dwh_dict.py took 0.687 seconds
[2026-02-25T18:29:52.558+0000] {processor.py:161} INFO - Started process (PID=9312) to work on /opt/airflow/dags/oltp_s3_dwh_dict.py
[2026-02-25T18:29:52.560+0000] {processor.py:830} INFO - Processing file /opt/airflow/dags/oltp_s3_dwh_dict.py for tasks to queue
[2026-02-25T18:29:52.562+0000] {logging_mixin.py:188} INFO - [2026-02-25T18:29:52.562+0000] {dagbag.py:545} INFO - Filling up the DagBag from /opt/airflow/dags/oltp_s3_dwh_dict.py
[2026-02-25T18:29:52.915+0000] {processor.py:840} INFO - DAG(s) 'oltp_s3_dwh' retrieved from /opt/airflow/dags/oltp_s3_dwh_dict.py
[2026-02-25T18:29:52.945+0000] {logging_mixin.py:188} INFO - [2026-02-25T18:29:52.945+0000] {dag.py:3089} INFO - Sync 1 DAGs
[2026-02-25T18:29:52.972+0000] {logging_mixin.py:188} INFO - [2026-02-25T18:29:52.972+0000] {dag.py:3947} INFO - Setting next_dagrun for oltp_s3_dwh to 2026-02-01 00:00:00+00:00, run_after=2026-03-01 00:00:00+00:00
[2026-02-25T18:29:52.998+0000] {processor.py:183} INFO - Processing /opt/airflow/dags/oltp_s3_dwh_dict.py took 0.449 seconds
[2026-02-25T18:30:23.619+0000] {processor.py:161} INFO - Started process (PID=9344) to work on /opt/airflow/dags/oltp_s3_dwh_dict.py
[2026-02-25T18:30:23.620+0000] {processor.py:830} INFO - Processing file /opt/airflow/dags/oltp_s3_dwh_dict.py for tasks to queue
[2026-02-25T18:30:23.622+0000] {logging_mixin.py:188} INFO - [2026-02-25T18:30:23.622+0000] {dagbag.py:545} INFO - Filling up the DagBag from /opt/airflow/dags/oltp_s3_dwh_dict.py
[2026-02-25T18:30:23.973+0000] {processor.py:840} INFO - DAG(s) 'oltp_s3_dwh' retrieved from /opt/airflow/dags/oltp_s3_dwh_dict.py
[2026-02-25T18:30:23.998+0000] {logging_mixin.py:188} INFO - [2026-02-25T18:30:23.998+0000] {dag.py:3089} INFO - Sync 1 DAGs
[2026-02-25T18:30:24.023+0000] {logging_mixin.py:188} INFO - [2026-02-25T18:30:24.022+0000] {dag.py:3947} INFO - Setting next_dagrun for oltp_s3_dwh to 2026-02-01 00:00:00+00:00, run_after=2026-03-01 00:00:00+00:00
[2026-02-25T18:30:24.059+0000] {processor.py:183} INFO - Processing /opt/airflow/dags/oltp_s3_dwh_dict.py took 0.447 seconds
[2026-02-25T18:30:54.362+0000] {processor.py:161} INFO - Started process (PID=9370) to work on /opt/airflow/dags/oltp_s3_dwh_dict.py
[2026-02-25T18:30:54.364+0000] {processor.py:830} INFO - Processing file /opt/airflow/dags/oltp_s3_dwh_dict.py for tasks to queue
[2026-02-25T18:30:54.367+0000] {logging_mixin.py:188} INFO - [2026-02-25T18:30:54.367+0000] {dagbag.py:545} INFO - Filling up the DagBag from /opt/airflow/dags/oltp_s3_dwh_dict.py
[2026-02-25T18:30:54.747+0000] {processor.py:840} INFO - DAG(s) 'oltp_s3_dwh' retrieved from /opt/airflow/dags/oltp_s3_dwh_dict.py
[2026-02-25T18:30:54.786+0000] {logging_mixin.py:188} INFO - [2026-02-25T18:30:54.785+0000] {dag.py:3089} INFO - Sync 1 DAGs
[2026-02-25T18:30:54.820+0000] {logging_mixin.py:188} INFO - [2026-02-25T18:30:54.819+0000] {dag.py:3947} INFO - Setting next_dagrun for oltp_s3_dwh to 2026-02-01 00:00:00+00:00, run_after=2026-03-01 00:00:00+00:00
[2026-02-25T18:30:54.849+0000] {processor.py:183} INFO - Processing /opt/airflow/dags/oltp_s3_dwh_dict.py took 0.495 seconds
[2026-02-25T18:31:25.079+0000] {processor.py:161} INFO - Started process (PID=9403) to work on /opt/airflow/dags/oltp_s3_dwh_dict.py
[2026-02-25T18:31:25.081+0000] {processor.py:830} INFO - Processing file /opt/airflow/dags/oltp_s3_dwh_dict.py for tasks to queue
[2026-02-25T18:31:25.083+0000] {logging_mixin.py:188} INFO - [2026-02-25T18:31:25.083+0000] {dagbag.py:545} INFO - Filling up the DagBag from /opt/airflow/dags/oltp_s3_dwh_dict.py
[2026-02-25T18:31:25.449+0000] {processor.py:840} INFO - DAG(s) 'oltp_s3_dwh' retrieved from /opt/airflow/dags/oltp_s3_dwh_dict.py
[2026-02-25T18:31:25.479+0000] {logging_mixin.py:188} INFO - [2026-02-25T18:31:25.479+0000] {dag.py:3089} INFO - Sync 1 DAGs
[2026-02-25T18:31:25.507+0000] {logging_mixin.py:188} INFO - [2026-02-25T18:31:25.507+0000] {dag.py:3947} INFO - Setting next_dagrun for oltp_s3_dwh to 2026-02-01 00:00:00+00:00, run_after=2026-03-01 00:00:00+00:00
[2026-02-25T18:31:25.530+0000] {processor.py:183} INFO - Processing /opt/airflow/dags/oltp_s3_dwh_dict.py took 0.459 seconds
[2026-02-25T18:31:56.445+0000] {processor.py:161} INFO - Started process (PID=9436) to work on /opt/airflow/dags/oltp_s3_dwh_dict.py
[2026-02-25T18:31:56.449+0000] {processor.py:830} INFO - Processing file /opt/airflow/dags/oltp_s3_dwh_dict.py for tasks to queue
[2026-02-25T18:31:56.455+0000] {logging_mixin.py:188} INFO - [2026-02-25T18:31:56.455+0000] {dagbag.py:545} INFO - Filling up the DagBag from /opt/airflow/dags/oltp_s3_dwh_dict.py
[2026-02-25T18:31:56.826+0000] {processor.py:840} INFO - DAG(s) 'oltp_s3_dwh' retrieved from /opt/airflow/dags/oltp_s3_dwh_dict.py
[2026-02-25T18:31:56.855+0000] {logging_mixin.py:188} INFO - [2026-02-25T18:31:56.854+0000] {dag.py:3089} INFO - Sync 1 DAGs
[2026-02-25T18:31:56.877+0000] {logging_mixin.py:188} INFO - [2026-02-25T18:31:56.877+0000] {dag.py:3947} INFO - Setting next_dagrun for oltp_s3_dwh to 2026-02-01 00:00:00+00:00, run_after=2026-03-01 00:00:00+00:00
[2026-02-25T18:31:56.897+0000] {processor.py:183} INFO - Processing /opt/airflow/dags/oltp_s3_dwh_dict.py took 0.462 seconds
[2026-02-25T18:32:27.501+0000] {processor.py:161} INFO - Started process (PID=9463) to work on /opt/airflow/dags/oltp_s3_dwh_dict.py
[2026-02-25T18:32:27.502+0000] {processor.py:830} INFO - Processing file /opt/airflow/dags/oltp_s3_dwh_dict.py for tasks to queue
[2026-02-25T18:32:27.504+0000] {logging_mixin.py:188} INFO - [2026-02-25T18:32:27.504+0000] {dagbag.py:545} INFO - Filling up the DagBag from /opt/airflow/dags/oltp_s3_dwh_dict.py
[2026-02-25T18:32:27.832+0000] {processor.py:840} INFO - DAG(s) 'oltp_s3_dwh' retrieved from /opt/airflow/dags/oltp_s3_dwh_dict.py
[2026-02-25T18:32:27.856+0000] {logging_mixin.py:188} INFO - [2026-02-25T18:32:27.855+0000] {dag.py:3089} INFO - Sync 1 DAGs
[2026-02-25T18:32:27.879+0000] {logging_mixin.py:188} INFO - [2026-02-25T18:32:27.878+0000] {dag.py:3947} INFO - Setting next_dagrun for oltp_s3_dwh to 2026-02-01 00:00:00+00:00, run_after=2026-03-01 00:00:00+00:00
[2026-02-25T18:32:27.902+0000] {processor.py:183} INFO - Processing /opt/airflow/dags/oltp_s3_dwh_dict.py took 0.409 seconds
[2026-02-25T18:32:58.055+0000] {processor.py:161} INFO - Started process (PID=9495) to work on /opt/airflow/dags/oltp_s3_dwh_dict.py
[2026-02-25T18:32:58.057+0000] {processor.py:830} INFO - Processing file /opt/airflow/dags/oltp_s3_dwh_dict.py for tasks to queue
[2026-02-25T18:32:58.059+0000] {logging_mixin.py:188} INFO - [2026-02-25T18:32:58.059+0000] {dagbag.py:545} INFO - Filling up the DagBag from /opt/airflow/dags/oltp_s3_dwh_dict.py
[2026-02-25T18:32:58.386+0000] {processor.py:840} INFO - DAG(s) 'oltp_s3_dwh' retrieved from /opt/airflow/dags/oltp_s3_dwh_dict.py
[2026-02-25T18:32:58.412+0000] {logging_mixin.py:188} INFO - [2026-02-25T18:32:58.411+0000] {dag.py:3089} INFO - Sync 1 DAGs
[2026-02-25T18:32:58.436+0000] {logging_mixin.py:188} INFO - [2026-02-25T18:32:58.436+0000] {dag.py:3947} INFO - Setting next_dagrun for oltp_s3_dwh to 2026-02-01 00:00:00+00:00, run_after=2026-03-01 00:00:00+00:00
[2026-02-25T18:32:58.458+0000] {processor.py:183} INFO - Processing /opt/airflow/dags/oltp_s3_dwh_dict.py took 0.411 seconds
[2026-02-25T18:33:29.076+0000] {processor.py:161} INFO - Started process (PID=9521) to work on /opt/airflow/dags/oltp_s3_dwh_dict.py
[2026-02-25T18:33:29.078+0000] {processor.py:830} INFO - Processing file /opt/airflow/dags/oltp_s3_dwh_dict.py for tasks to queue
[2026-02-25T18:33:29.080+0000] {logging_mixin.py:188} INFO - [2026-02-25T18:33:29.079+0000] {dagbag.py:545} INFO - Filling up the DagBag from /opt/airflow/dags/oltp_s3_dwh_dict.py
[2026-02-25T18:33:29.406+0000] {processor.py:840} INFO - DAG(s) 'oltp_s3_dwh' retrieved from /opt/airflow/dags/oltp_s3_dwh_dict.py
[2026-02-25T18:33:29.432+0000] {logging_mixin.py:188} INFO - [2026-02-25T18:33:29.432+0000] {dag.py:3089} INFO - Sync 1 DAGs
[2026-02-25T18:33:29.457+0000] {logging_mixin.py:188} INFO - [2026-02-25T18:33:29.457+0000] {dag.py:3947} INFO - Setting next_dagrun for oltp_s3_dwh to 2026-02-01 00:00:00+00:00, run_after=2026-03-01 00:00:00+00:00
[2026-02-25T18:33:29.481+0000] {processor.py:183} INFO - Processing /opt/airflow/dags/oltp_s3_dwh_dict.py took 0.412 seconds
[2026-02-25T18:34:00.180+0000] {processor.py:161} INFO - Started process (PID=9555) to work on /opt/airflow/dags/oltp_s3_dwh_dict.py
[2026-02-25T18:34:00.182+0000] {processor.py:830} INFO - Processing file /opt/airflow/dags/oltp_s3_dwh_dict.py for tasks to queue
[2026-02-25T18:34:00.185+0000] {logging_mixin.py:188} INFO - [2026-02-25T18:34:00.185+0000] {dagbag.py:545} INFO - Filling up the DagBag from /opt/airflow/dags/oltp_s3_dwh_dict.py
[2026-02-25T18:34:00.546+0000] {processor.py:840} INFO - DAG(s) 'oltp_s3_dwh' retrieved from /opt/airflow/dags/oltp_s3_dwh_dict.py
[2026-02-25T18:34:00.581+0000] {logging_mixin.py:188} INFO - [2026-02-25T18:34:00.580+0000] {dag.py:3089} INFO - Sync 1 DAGs
[2026-02-25T18:34:00.608+0000] {logging_mixin.py:188} INFO - [2026-02-25T18:34:00.608+0000] {dag.py:3947} INFO - Setting next_dagrun for oltp_s3_dwh to 2026-02-01 00:00:00+00:00, run_after=2026-03-01 00:00:00+00:00
[2026-02-25T18:34:00.639+0000] {processor.py:183} INFO - Processing /opt/airflow/dags/oltp_s3_dwh_dict.py took 0.466 seconds
[2026-02-25T18:34:31.304+0000] {processor.py:161} INFO - Started process (PID=9587) to work on /opt/airflow/dags/oltp_s3_dwh_dict.py
[2026-02-25T18:34:31.306+0000] {processor.py:830} INFO - Processing file /opt/airflow/dags/oltp_s3_dwh_dict.py for tasks to queue
[2026-02-25T18:34:31.310+0000] {logging_mixin.py:188} INFO - [2026-02-25T18:34:31.309+0000] {dagbag.py:545} INFO - Filling up the DagBag from /opt/airflow/dags/oltp_s3_dwh_dict.py
[2026-02-25T18:34:31.686+0000] {processor.py:840} INFO - DAG(s) 'oltp_s3_dwh' retrieved from /opt/airflow/dags/oltp_s3_dwh_dict.py
[2026-02-25T18:34:31.721+0000] {logging_mixin.py:188} INFO - [2026-02-25T18:34:31.720+0000] {dag.py:3089} INFO - Sync 1 DAGs
[2026-02-25T18:34:31.751+0000] {logging_mixin.py:188} INFO - [2026-02-25T18:34:31.751+0000] {dag.py:3947} INFO - Setting next_dagrun for oltp_s3_dwh to 2026-02-01 00:00:00+00:00, run_after=2026-03-01 00:00:00+00:00
[2026-02-25T18:34:31.780+0000] {processor.py:183} INFO - Processing /opt/airflow/dags/oltp_s3_dwh_dict.py took 0.485 seconds
[2026-02-25T18:35:01.967+0000] {processor.py:161} INFO - Started process (PID=9613) to work on /opt/airflow/dags/oltp_s3_dwh_dict.py
[2026-02-25T18:35:01.969+0000] {processor.py:830} INFO - Processing file /opt/airflow/dags/oltp_s3_dwh_dict.py for tasks to queue
[2026-02-25T18:35:01.973+0000] {logging_mixin.py:188} INFO - [2026-02-25T18:35:01.973+0000] {dagbag.py:545} INFO - Filling up the DagBag from /opt/airflow/dags/oltp_s3_dwh_dict.py
[2026-02-25T18:35:02.333+0000] {processor.py:840} INFO - DAG(s) 'oltp_s3_dwh' retrieved from /opt/airflow/dags/oltp_s3_dwh_dict.py
[2026-02-25T18:35:02.358+0000] {logging_mixin.py:188} INFO - [2026-02-25T18:35:02.358+0000] {dag.py:3089} INFO - Sync 1 DAGs
[2026-02-25T18:35:02.382+0000] {logging_mixin.py:188} INFO - [2026-02-25T18:35:02.382+0000] {dag.py:3947} INFO - Setting next_dagrun for oltp_s3_dwh to 2026-02-01 00:00:00+00:00, run_after=2026-03-01 00:00:00+00:00
[2026-02-25T18:35:02.405+0000] {processor.py:183} INFO - Processing /opt/airflow/dags/oltp_s3_dwh_dict.py took 0.447 seconds
[2026-02-25T18:35:32.720+0000] {processor.py:161} INFO - Started process (PID=9646) to work on /opt/airflow/dags/oltp_s3_dwh_dict.py
[2026-02-25T18:35:32.721+0000] {processor.py:830} INFO - Processing file /opt/airflow/dags/oltp_s3_dwh_dict.py for tasks to queue
[2026-02-25T18:35:32.724+0000] {logging_mixin.py:188} INFO - [2026-02-25T18:35:32.723+0000] {dagbag.py:545} INFO - Filling up the DagBag from /opt/airflow/dags/oltp_s3_dwh_dict.py
[2026-02-25T18:35:33.049+0000] {processor.py:840} INFO - DAG(s) 'oltp_s3_dwh' retrieved from /opt/airflow/dags/oltp_s3_dwh_dict.py
[2026-02-25T18:35:33.074+0000] {logging_mixin.py:188} INFO - [2026-02-25T18:35:33.074+0000] {dag.py:3089} INFO - Sync 1 DAGs
[2026-02-25T18:35:33.099+0000] {logging_mixin.py:188} INFO - [2026-02-25T18:35:33.099+0000] {dag.py:3947} INFO - Setting next_dagrun for oltp_s3_dwh to 2026-02-01 00:00:00+00:00, run_after=2026-03-01 00:00:00+00:00
[2026-02-25T18:35:33.121+0000] {processor.py:183} INFO - Processing /opt/airflow/dags/oltp_s3_dwh_dict.py took 0.408 seconds
[2026-02-25T18:36:03.647+0000] {processor.py:161} INFO - Started process (PID=9680) to work on /opt/airflow/dags/oltp_s3_dwh_dict.py
[2026-02-25T18:36:03.648+0000] {processor.py:830} INFO - Processing file /opt/airflow/dags/oltp_s3_dwh_dict.py for tasks to queue
[2026-02-25T18:36:03.651+0000] {logging_mixin.py:188} INFO - [2026-02-25T18:36:03.651+0000] {dagbag.py:545} INFO - Filling up the DagBag from /opt/airflow/dags/oltp_s3_dwh_dict.py
[2026-02-25T18:36:04.055+0000] {processor.py:840} INFO - DAG(s) 'oltp_s3_dwh' retrieved from /opt/airflow/dags/oltp_s3_dwh_dict.py
[2026-02-25T18:36:04.087+0000] {logging_mixin.py:188} INFO - [2026-02-25T18:36:04.087+0000] {dag.py:3089} INFO - Sync 1 DAGs
[2026-02-25T18:36:04.114+0000] {logging_mixin.py:188} INFO - [2026-02-25T18:36:04.113+0000] {dag.py:3947} INFO - Setting next_dagrun for oltp_s3_dwh to 2026-02-01 00:00:00+00:00, run_after=2026-03-01 00:00:00+00:00
[2026-02-25T18:36:04.164+0000] {processor.py:183} INFO - Processing /opt/airflow/dags/oltp_s3_dwh_dict.py took 0.525 seconds
[2026-02-25T18:36:34.367+0000] {processor.py:161} INFO - Started process (PID=9705) to work on /opt/airflow/dags/oltp_s3_dwh_dict.py
[2026-02-25T18:36:34.369+0000] {processor.py:830} INFO - Processing file /opt/airflow/dags/oltp_s3_dwh_dict.py for tasks to queue
[2026-02-25T18:36:34.373+0000] {logging_mixin.py:188} INFO - [2026-02-25T18:36:34.372+0000] {dagbag.py:545} INFO - Filling up the DagBag from /opt/airflow/dags/oltp_s3_dwh_dict.py
[2026-02-25T18:36:34.774+0000] {processor.py:840} INFO - DAG(s) 'oltp_s3_dwh' retrieved from /opt/airflow/dags/oltp_s3_dwh_dict.py
[2026-02-25T18:36:34.810+0000] {logging_mixin.py:188} INFO - [2026-02-25T18:36:34.809+0000] {dag.py:3089} INFO - Sync 1 DAGs
[2026-02-25T18:36:34.839+0000] {logging_mixin.py:188} INFO - [2026-02-25T18:36:34.839+0000] {dag.py:3947} INFO - Setting next_dagrun for oltp_s3_dwh to 2026-02-01 00:00:00+00:00, run_after=2026-03-01 00:00:00+00:00
[2026-02-25T18:36:34.877+0000] {processor.py:183} INFO - Processing /opt/airflow/dags/oltp_s3_dwh_dict.py took 0.518 seconds
[2026-02-25T18:37:04.996+0000] {processor.py:161} INFO - Started process (PID=9738) to work on /opt/airflow/dags/oltp_s3_dwh_dict.py
[2026-02-25T18:37:04.998+0000] {processor.py:830} INFO - Processing file /opt/airflow/dags/oltp_s3_dwh_dict.py for tasks to queue
[2026-02-25T18:37:05.003+0000] {logging_mixin.py:188} INFO - [2026-02-25T18:37:05.002+0000] {dagbag.py:545} INFO - Filling up the DagBag from /opt/airflow/dags/oltp_s3_dwh_dict.py
[2026-02-25T18:37:05.395+0000] {processor.py:840} INFO - DAG(s) 'oltp_s3_dwh' retrieved from /opt/airflow/dags/oltp_s3_dwh_dict.py
[2026-02-25T18:37:05.432+0000] {logging_mixin.py:188} INFO - [2026-02-25T18:37:05.431+0000] {dag.py:3089} INFO - Sync 1 DAGs
[2026-02-25T18:37:05.466+0000] {logging_mixin.py:188} INFO - [2026-02-25T18:37:05.466+0000] {dag.py:3947} INFO - Setting next_dagrun for oltp_s3_dwh to 2026-02-01 00:00:00+00:00, run_after=2026-03-01 00:00:00+00:00
[2026-02-25T18:37:05.498+0000] {processor.py:183} INFO - Processing /opt/airflow/dags/oltp_s3_dwh_dict.py took 0.509 seconds
[2026-02-25T18:37:35.565+0000] {processor.py:161} INFO - Started process (PID=9765) to work on /opt/airflow/dags/oltp_s3_dwh_dict.py
[2026-02-25T18:37:35.566+0000] {processor.py:830} INFO - Processing file /opt/airflow/dags/oltp_s3_dwh_dict.py for tasks to queue
[2026-02-25T18:37:35.568+0000] {logging_mixin.py:188} INFO - [2026-02-25T18:37:35.568+0000] {dagbag.py:545} INFO - Filling up the DagBag from /opt/airflow/dags/oltp_s3_dwh_dict.py
[2026-02-25T18:37:35.909+0000] {processor.py:840} INFO - DAG(s) 'oltp_s3_dwh' retrieved from /opt/airflow/dags/oltp_s3_dwh_dict.py
[2026-02-25T18:37:35.934+0000] {logging_mixin.py:188} INFO - [2026-02-25T18:37:35.933+0000] {dag.py:3089} INFO - Sync 1 DAGs
[2026-02-25T18:37:35.958+0000] {logging_mixin.py:188} INFO - [2026-02-25T18:37:35.958+0000] {dag.py:3947} INFO - Setting next_dagrun for oltp_s3_dwh to 2026-02-01 00:00:00+00:00, run_after=2026-03-01 00:00:00+00:00
[2026-02-25T18:37:35.988+0000] {processor.py:183} INFO - Processing /opt/airflow/dags/oltp_s3_dwh_dict.py took 0.430 seconds
[2026-02-25T18:38:06.329+0000] {processor.py:161} INFO - Started process (PID=9797) to work on /opt/airflow/dags/oltp_s3_dwh_dict.py
[2026-02-25T18:38:06.331+0000] {processor.py:830} INFO - Processing file /opt/airflow/dags/oltp_s3_dwh_dict.py for tasks to queue
[2026-02-25T18:38:06.334+0000] {logging_mixin.py:188} INFO - [2026-02-25T18:38:06.333+0000] {dagbag.py:545} INFO - Filling up the DagBag from /opt/airflow/dags/oltp_s3_dwh_dict.py
[2026-02-25T18:38:06.745+0000] {processor.py:840} INFO - DAG(s) 'oltp_s3_dwh' retrieved from /opt/airflow/dags/oltp_s3_dwh_dict.py
[2026-02-25T18:38:06.784+0000] {logging_mixin.py:188} INFO - [2026-02-25T18:38:06.784+0000] {dag.py:3089} INFO - Sync 1 DAGs
[2026-02-25T18:38:06.818+0000] {logging_mixin.py:188} INFO - [2026-02-25T18:38:06.818+0000] {dag.py:3947} INFO - Setting next_dagrun for oltp_s3_dwh to 2026-02-01 00:00:00+00:00, run_after=2026-03-01 00:00:00+00:00
[2026-02-25T18:38:06.852+0000] {processor.py:183} INFO - Processing /opt/airflow/dags/oltp_s3_dwh_dict.py took 0.531 seconds
[2026-02-25T18:38:37.001+0000] {processor.py:161} INFO - Started process (PID=9823) to work on /opt/airflow/dags/oltp_s3_dwh_dict.py
[2026-02-25T18:38:37.003+0000] {processor.py:830} INFO - Processing file /opt/airflow/dags/oltp_s3_dwh_dict.py for tasks to queue
[2026-02-25T18:38:37.006+0000] {logging_mixin.py:188} INFO - [2026-02-25T18:38:37.006+0000] {dagbag.py:545} INFO - Filling up the DagBag from /opt/airflow/dags/oltp_s3_dwh_dict.py
[2026-02-25T18:38:37.409+0000] {processor.py:840} INFO - DAG(s) 'oltp_s3_dwh' retrieved from /opt/airflow/dags/oltp_s3_dwh_dict.py
[2026-02-25T18:38:37.442+0000] {logging_mixin.py:188} INFO - [2026-02-25T18:38:37.441+0000] {dag.py:3089} INFO - Sync 1 DAGs
[2026-02-25T18:38:37.481+0000] {logging_mixin.py:188} INFO - [2026-02-25T18:38:37.480+0000] {dag.py:3947} INFO - Setting next_dagrun for oltp_s3_dwh to 2026-02-01 00:00:00+00:00, run_after=2026-03-01 00:00:00+00:00
[2026-02-25T18:38:37.527+0000] {processor.py:183} INFO - Processing /opt/airflow/dags/oltp_s3_dwh_dict.py took 0.533 seconds
[2026-02-25T18:39:07.676+0000] {processor.py:161} INFO - Started process (PID=9855) to work on /opt/airflow/dags/oltp_s3_dwh_dict.py
[2026-02-25T18:39:07.678+0000] {processor.py:830} INFO - Processing file /opt/airflow/dags/oltp_s3_dwh_dict.py for tasks to queue
[2026-02-25T18:39:07.681+0000] {logging_mixin.py:188} INFO - [2026-02-25T18:39:07.680+0000] {dagbag.py:545} INFO - Filling up the DagBag from /opt/airflow/dags/oltp_s3_dwh_dict.py
[2026-02-25T18:39:08.088+0000] {processor.py:840} INFO - DAG(s) 'oltp_s3_dwh' retrieved from /opt/airflow/dags/oltp_s3_dwh_dict.py
[2026-02-25T18:39:08.124+0000] {logging_mixin.py:188} INFO - [2026-02-25T18:39:08.123+0000] {dag.py:3089} INFO - Sync 1 DAGs
[2026-02-25T18:39:08.152+0000] {logging_mixin.py:188} INFO - [2026-02-25T18:39:08.152+0000] {dag.py:3947} INFO - Setting next_dagrun for oltp_s3_dwh to 2026-02-01 00:00:00+00:00, run_after=2026-03-01 00:00:00+00:00
[2026-02-25T18:39:08.190+0000] {processor.py:183} INFO - Processing /opt/airflow/dags/oltp_s3_dwh_dict.py took 0.523 seconds
[2026-02-25T18:39:38.380+0000] {processor.py:161} INFO - Started process (PID=9880) to work on /opt/airflow/dags/oltp_s3_dwh_dict.py
[2026-02-25T18:39:38.382+0000] {processor.py:830} INFO - Processing file /opt/airflow/dags/oltp_s3_dwh_dict.py for tasks to queue
[2026-02-25T18:39:38.385+0000] {logging_mixin.py:188} INFO - [2026-02-25T18:39:38.384+0000] {dagbag.py:545} INFO - Filling up the DagBag from /opt/airflow/dags/oltp_s3_dwh_dict.py
[2026-02-25T18:39:38.772+0000] {processor.py:840} INFO - DAG(s) 'oltp_s3_dwh' retrieved from /opt/airflow/dags/oltp_s3_dwh_dict.py
[2026-02-25T18:39:38.806+0000] {logging_mixin.py:188} INFO - [2026-02-25T18:39:38.806+0000] {dag.py:3089} INFO - Sync 1 DAGs
[2026-02-25T18:39:38.840+0000] {logging_mixin.py:188} INFO - [2026-02-25T18:39:38.839+0000] {dag.py:3947} INFO - Setting next_dagrun for oltp_s3_dwh to 2026-02-01 00:00:00+00:00, run_after=2026-03-01 00:00:00+00:00
[2026-02-25T18:39:38.871+0000] {processor.py:183} INFO - Processing /opt/airflow/dags/oltp_s3_dwh_dict.py took 0.499 seconds
[2026-02-25T18:40:09.188+0000] {processor.py:161} INFO - Started process (PID=9915) to work on /opt/airflow/dags/oltp_s3_dwh_dict.py
[2026-02-25T18:40:09.190+0000] {processor.py:830} INFO - Processing file /opt/airflow/dags/oltp_s3_dwh_dict.py for tasks to queue
[2026-02-25T18:40:09.194+0000] {logging_mixin.py:188} INFO - [2026-02-25T18:40:09.194+0000] {dagbag.py:545} INFO - Filling up the DagBag from /opt/airflow/dags/oltp_s3_dwh_dict.py
[2026-02-25T18:40:09.607+0000] {processor.py:840} INFO - DAG(s) 'oltp_s3_dwh' retrieved from /opt/airflow/dags/oltp_s3_dwh_dict.py
[2026-02-25T18:40:09.646+0000] {logging_mixin.py:188} INFO - [2026-02-25T18:40:09.645+0000] {dag.py:3089} INFO - Sync 1 DAGs
[2026-02-25T18:40:09.681+0000] {logging_mixin.py:188} INFO - [2026-02-25T18:40:09.681+0000] {dag.py:3947} INFO - Setting next_dagrun for oltp_s3_dwh to 2026-02-01 00:00:00+00:00, run_after=2026-03-01 00:00:00+00:00
[2026-02-25T18:40:09.719+0000] {processor.py:183} INFO - Processing /opt/airflow/dags/oltp_s3_dwh_dict.py took 0.539 seconds
[2026-02-25T18:40:39.830+0000] {processor.py:161} INFO - Started process (PID=9941) to work on /opt/airflow/dags/oltp_s3_dwh_dict.py
[2026-02-25T18:40:39.833+0000] {processor.py:830} INFO - Processing file /opt/airflow/dags/oltp_s3_dwh_dict.py for tasks to queue
[2026-02-25T18:40:39.837+0000] {logging_mixin.py:188} INFO - [2026-02-25T18:40:39.837+0000] {dagbag.py:545} INFO - Filling up the DagBag from /opt/airflow/dags/oltp_s3_dwh_dict.py
[2026-02-25T18:40:40.236+0000] {processor.py:840} INFO - DAG(s) 'oltp_s3_dwh' retrieved from /opt/airflow/dags/oltp_s3_dwh_dict.py
[2026-02-25T18:40:40.275+0000] {logging_mixin.py:188} INFO - [2026-02-25T18:40:40.274+0000] {dag.py:3089} INFO - Sync 1 DAGs
[2026-02-25T18:40:40.308+0000] {logging_mixin.py:188} INFO - [2026-02-25T18:40:40.307+0000] {dag.py:3947} INFO - Setting next_dagrun for oltp_s3_dwh to 2026-02-01 00:00:00+00:00, run_after=2026-03-01 00:00:00+00:00
[2026-02-25T18:40:40.335+0000] {processor.py:183} INFO - Processing /opt/airflow/dags/oltp_s3_dwh_dict.py took 0.518 seconds
[2026-02-25T18:41:10.822+0000] {processor.py:161} INFO - Started process (PID=9976) to work on /opt/airflow/dags/oltp_s3_dwh_dict.py
[2026-02-25T18:41:10.823+0000] {processor.py:830} INFO - Processing file /opt/airflow/dags/oltp_s3_dwh_dict.py for tasks to queue
[2026-02-25T18:41:10.826+0000] {logging_mixin.py:188} INFO - [2026-02-25T18:41:10.825+0000] {dagbag.py:545} INFO - Filling up the DagBag from /opt/airflow/dags/oltp_s3_dwh_dict.py
[2026-02-25T18:41:11.282+0000] {processor.py:840} INFO - DAG(s) 'oltp_s3_dwh' retrieved from /opt/airflow/dags/oltp_s3_dwh_dict.py
[2026-02-25T18:41:11.333+0000] {logging_mixin.py:188} INFO - [2026-02-25T18:41:11.322+0000] {dag.py:3089} INFO - Sync 1 DAGs
[2026-02-25T18:41:11.389+0000] {logging_mixin.py:188} INFO - [2026-02-25T18:41:11.389+0000] {dag.py:3947} INFO - Setting next_dagrun for oltp_s3_dwh to 2026-02-01 00:00:00+00:00, run_after=2026-03-01 00:00:00+00:00
[2026-02-25T18:41:11.426+0000] {processor.py:183} INFO - Processing /opt/airflow/dags/oltp_s3_dwh_dict.py took 0.611 seconds
[2026-02-25T18:41:41.519+0000] {processor.py:161} INFO - Started process (PID=10003) to work on /opt/airflow/dags/oltp_s3_dwh_dict.py
[2026-02-25T18:41:41.521+0000] {processor.py:830} INFO - Processing file /opt/airflow/dags/oltp_s3_dwh_dict.py for tasks to queue
[2026-02-25T18:41:41.525+0000] {logging_mixin.py:188} INFO - [2026-02-25T18:41:41.524+0000] {dagbag.py:545} INFO - Filling up the DagBag from /opt/airflow/dags/oltp_s3_dwh_dict.py
[2026-02-25T18:41:41.909+0000] {processor.py:840} INFO - DAG(s) 'oltp_s3_dwh' retrieved from /opt/airflow/dags/oltp_s3_dwh_dict.py
[2026-02-25T18:41:41.948+0000] {logging_mixin.py:188} INFO - [2026-02-25T18:41:41.948+0000] {dag.py:3089} INFO - Sync 1 DAGs
[2026-02-25T18:41:41.981+0000] {logging_mixin.py:188} INFO - [2026-02-25T18:41:41.981+0000] {dag.py:3947} INFO - Setting next_dagrun for oltp_s3_dwh to 2026-02-01 00:00:00+00:00, run_after=2026-03-01 00:00:00+00:00
[2026-02-25T18:41:42.008+0000] {processor.py:183} INFO - Processing /opt/airflow/dags/oltp_s3_dwh_dict.py took 0.496 seconds
[2026-02-25T18:42:12.339+0000] {processor.py:161} INFO - Started process (PID=10029) to work on /opt/airflow/dags/oltp_s3_dwh_dict.py
[2026-02-25T18:42:12.341+0000] {processor.py:830} INFO - Processing file /opt/airflow/dags/oltp_s3_dwh_dict.py for tasks to queue
[2026-02-25T18:42:12.346+0000] {logging_mixin.py:188} INFO - [2026-02-25T18:42:12.345+0000] {dagbag.py:545} INFO - Filling up the DagBag from /opt/airflow/dags/oltp_s3_dwh_dict.py
[2026-02-25T18:42:12.845+0000] {processor.py:840} INFO - DAG(s) 'oltp_s3_dwh' retrieved from /opt/airflow/dags/oltp_s3_dwh_dict.py
[2026-02-25T18:42:12.884+0000] {logging_mixin.py:188} INFO - [2026-02-25T18:42:12.883+0000] {dag.py:3089} INFO - Sync 1 DAGs
[2026-02-25T18:42:12.919+0000] {logging_mixin.py:188} INFO - [2026-02-25T18:42:12.919+0000] {dag.py:3947} INFO - Setting next_dagrun for oltp_s3_dwh to 2026-02-01 00:00:00+00:00, run_after=2026-03-01 00:00:00+00:00
[2026-02-25T18:42:12.953+0000] {processor.py:183} INFO - Processing /opt/airflow/dags/oltp_s3_dwh_dict.py took 0.628 seconds
[2026-02-25T18:42:43.201+0000] {processor.py:161} INFO - Started process (PID=10062) to work on /opt/airflow/dags/oltp_s3_dwh_dict.py
[2026-02-25T18:42:43.203+0000] {processor.py:830} INFO - Processing file /opt/airflow/dags/oltp_s3_dwh_dict.py for tasks to queue
[2026-02-25T18:42:43.206+0000] {logging_mixin.py:188} INFO - [2026-02-25T18:42:43.206+0000] {dagbag.py:545} INFO - Filling up the DagBag from /opt/airflow/dags/oltp_s3_dwh_dict.py
[2026-02-25T18:42:43.573+0000] {processor.py:840} INFO - DAG(s) 'oltp_s3_dwh' retrieved from /opt/airflow/dags/oltp_s3_dwh_dict.py
[2026-02-25T18:42:43.609+0000] {logging_mixin.py:188} INFO - [2026-02-25T18:42:43.608+0000] {dag.py:3089} INFO - Sync 1 DAGs
[2026-02-25T18:42:43.641+0000] {logging_mixin.py:188} INFO - [2026-02-25T18:42:43.641+0000] {dag.py:3947} INFO - Setting next_dagrun for oltp_s3_dwh to 2026-02-01 00:00:00+00:00, run_after=2026-03-01 00:00:00+00:00
[2026-02-25T18:42:43.681+0000] {processor.py:183} INFO - Processing /opt/airflow/dags/oltp_s3_dwh_dict.py took 0.488 seconds
[2026-02-25T18:43:13.951+0000] {processor.py:161} INFO - Started process (PID=10087) to work on /opt/airflow/dags/oltp_s3_dwh_dict.py
[2026-02-25T18:43:13.953+0000] {processor.py:830} INFO - Processing file /opt/airflow/dags/oltp_s3_dwh_dict.py for tasks to queue
[2026-02-25T18:43:13.956+0000] {logging_mixin.py:188} INFO - [2026-02-25T18:43:13.956+0000] {dagbag.py:545} INFO - Filling up the DagBag from /opt/airflow/dags/oltp_s3_dwh_dict.py
[2026-02-25T18:43:14.591+0000] {processor.py:840} INFO - DAG(s) 'oltp_s3_dwh' retrieved from /opt/airflow/dags/oltp_s3_dwh_dict.py
[2026-02-25T18:43:14.638+0000] {logging_mixin.py:188} INFO - [2026-02-25T18:43:14.637+0000] {dag.py:3089} INFO - Sync 1 DAGs
[2026-02-25T18:43:14.672+0000] {logging_mixin.py:188} INFO - [2026-02-25T18:43:14.671+0000] {dag.py:3947} INFO - Setting next_dagrun for oltp_s3_dwh to 2026-02-01 00:00:00+00:00, run_after=2026-03-01 00:00:00+00:00
[2026-02-25T18:43:14.700+0000] {processor.py:183} INFO - Processing /opt/airflow/dags/oltp_s3_dwh_dict.py took 0.761 seconds
[2026-02-25T18:43:45.181+0000] {processor.py:161} INFO - Started process (PID=10120) to work on /opt/airflow/dags/oltp_s3_dwh_dict.py
[2026-02-25T18:43:45.184+0000] {processor.py:830} INFO - Processing file /opt/airflow/dags/oltp_s3_dwh_dict.py for tasks to queue
[2026-02-25T18:43:45.187+0000] {logging_mixin.py:188} INFO - [2026-02-25T18:43:45.186+0000] {dagbag.py:545} INFO - Filling up the DagBag from /opt/airflow/dags/oltp_s3_dwh_dict.py
[2026-02-25T18:43:45.601+0000] {processor.py:840} INFO - DAG(s) 'oltp_s3_dwh' retrieved from /opt/airflow/dags/oltp_s3_dwh_dict.py
[2026-02-25T18:43:45.632+0000] {logging_mixin.py:188} INFO - [2026-02-25T18:43:45.631+0000] {dag.py:3089} INFO - Sync 1 DAGs
[2026-02-25T18:43:45.663+0000] {logging_mixin.py:188} INFO - [2026-02-25T18:43:45.662+0000] {dag.py:3947} INFO - Setting next_dagrun for oltp_s3_dwh to 2026-02-01 00:00:00+00:00, run_after=2026-03-01 00:00:00+00:00
[2026-02-25T18:43:45.693+0000] {processor.py:183} INFO - Processing /opt/airflow/dags/oltp_s3_dwh_dict.py took 0.521 seconds
[2026-02-25T18:44:15.995+0000] {processor.py:161} INFO - Started process (PID=10145) to work on /opt/airflow/dags/oltp_s3_dwh_dict.py
[2026-02-25T18:44:15.996+0000] {processor.py:830} INFO - Processing file /opt/airflow/dags/oltp_s3_dwh_dict.py for tasks to queue
[2026-02-25T18:44:16.000+0000] {logging_mixin.py:188} INFO - [2026-02-25T18:44:15.999+0000] {dagbag.py:545} INFO - Filling up the DagBag from /opt/airflow/dags/oltp_s3_dwh_dict.py
[2026-02-25T18:44:16.483+0000] {processor.py:840} INFO - DAG(s) 'oltp_s3_dwh' retrieved from /opt/airflow/dags/oltp_s3_dwh_dict.py
[2026-02-25T18:44:16.521+0000] {logging_mixin.py:188} INFO - [2026-02-25T18:44:16.521+0000] {dag.py:3089} INFO - Sync 1 DAGs
[2026-02-25T18:44:16.555+0000] {logging_mixin.py:188} INFO - [2026-02-25T18:44:16.554+0000] {dag.py:3947} INFO - Setting next_dagrun for oltp_s3_dwh to 2026-02-01 00:00:00+00:00, run_after=2026-03-01 00:00:00+00:00
[2026-02-25T18:44:16.595+0000] {processor.py:183} INFO - Processing /opt/airflow/dags/oltp_s3_dwh_dict.py took 0.608 seconds
[2026-02-25T18:44:46.701+0000] {processor.py:161} INFO - Started process (PID=10178) to work on /opt/airflow/dags/oltp_s3_dwh_dict.py
[2026-02-25T18:44:46.703+0000] {processor.py:830} INFO - Processing file /opt/airflow/dags/oltp_s3_dwh_dict.py for tasks to queue
[2026-02-25T18:44:46.707+0000] {logging_mixin.py:188} INFO - [2026-02-25T18:44:46.707+0000] {dagbag.py:545} INFO - Filling up the DagBag from /opt/airflow/dags/oltp_s3_dwh_dict.py
[2026-02-25T18:44:47.096+0000] {processor.py:840} INFO - DAG(s) 'oltp_s3_dwh' retrieved from /opt/airflow/dags/oltp_s3_dwh_dict.py
[2026-02-25T18:44:47.131+0000] {logging_mixin.py:188} INFO - [2026-02-25T18:44:47.130+0000] {dag.py:3089} INFO - Sync 1 DAGs
[2026-02-25T18:44:47.156+0000] {logging_mixin.py:188} INFO - [2026-02-25T18:44:47.155+0000] {dag.py:3947} INFO - Setting next_dagrun for oltp_s3_dwh to 2026-02-01 00:00:00+00:00, run_after=2026-03-01 00:00:00+00:00
[2026-02-25T18:44:47.183+0000] {processor.py:183} INFO - Processing /opt/airflow/dags/oltp_s3_dwh_dict.py took 0.492 seconds
[2026-02-25T18:45:18.021+0000] {processor.py:161} INFO - Started process (PID=10209) to work on /opt/airflow/dags/oltp_s3_dwh_dict.py
[2026-02-25T18:45:18.023+0000] {processor.py:830} INFO - Processing file /opt/airflow/dags/oltp_s3_dwh_dict.py for tasks to queue
[2026-02-25T18:45:18.027+0000] {logging_mixin.py:188} INFO - [2026-02-25T18:45:18.027+0000] {dagbag.py:545} INFO - Filling up the DagBag from /opt/airflow/dags/oltp_s3_dwh_dict.py
[2026-02-25T18:45:18.459+0000] {processor.py:840} INFO - DAG(s) 'oltp_s3_dwh' retrieved from /opt/airflow/dags/oltp_s3_dwh_dict.py
[2026-02-25T18:45:18.490+0000] {logging_mixin.py:188} INFO - [2026-02-25T18:45:18.489+0000] {dag.py:3089} INFO - Sync 1 DAGs
[2026-02-25T18:45:18.519+0000] {logging_mixin.py:188} INFO - [2026-02-25T18:45:18.519+0000] {dag.py:3947} INFO - Setting next_dagrun for oltp_s3_dwh to 2026-02-01 00:00:00+00:00, run_after=2026-03-01 00:00:00+00:00
[2026-02-25T18:45:18.548+0000] {processor.py:183} INFO - Processing /opt/airflow/dags/oltp_s3_dwh_dict.py took 0.536 seconds
[2026-02-25T18:45:48.795+0000] {processor.py:161} INFO - Started process (PID=10234) to work on /opt/airflow/dags/oltp_s3_dwh_dict.py
[2026-02-25T18:45:48.798+0000] {processor.py:830} INFO - Processing file /opt/airflow/dags/oltp_s3_dwh_dict.py for tasks to queue
[2026-02-25T18:45:48.803+0000] {logging_mixin.py:188} INFO - [2026-02-25T18:45:48.802+0000] {dagbag.py:545} INFO - Filling up the DagBag from /opt/airflow/dags/oltp_s3_dwh_dict.py
[2026-02-25T18:45:49.258+0000] {processor.py:840} INFO - DAG(s) 'oltp_s3_dwh' retrieved from /opt/airflow/dags/oltp_s3_dwh_dict.py
[2026-02-25T18:45:49.295+0000] {logging_mixin.py:188} INFO - [2026-02-25T18:45:49.294+0000] {dag.py:3089} INFO - Sync 1 DAGs
[2026-02-25T18:45:49.322+0000] {logging_mixin.py:188} INFO - [2026-02-25T18:45:49.322+0000] {dag.py:3947} INFO - Setting next_dagrun for oltp_s3_dwh to 2026-02-01 00:00:00+00:00, run_after=2026-03-01 00:00:00+00:00
[2026-02-25T18:45:49.354+0000] {processor.py:183} INFO - Processing /opt/airflow/dags/oltp_s3_dwh_dict.py took 0.576 seconds
[2026-02-25T18:46:20.027+0000] {processor.py:161} INFO - Started process (PID=10260) to work on /opt/airflow/dags/oltp_s3_dwh_dict.py
[2026-02-25T18:46:20.028+0000] {processor.py:830} INFO - Processing file /opt/airflow/dags/oltp_s3_dwh_dict.py for tasks to queue
[2026-02-25T18:46:20.031+0000] {logging_mixin.py:188} INFO - [2026-02-25T18:46:20.030+0000] {dagbag.py:545} INFO - Filling up the DagBag from /opt/airflow/dags/oltp_s3_dwh_dict.py
[2026-02-25T18:46:20.368+0000] {processor.py:840} INFO - DAG(s) 'oltp_s3_dwh' retrieved from /opt/airflow/dags/oltp_s3_dwh_dict.py
[2026-02-25T18:46:20.394+0000] {logging_mixin.py:188} INFO - [2026-02-25T18:46:20.393+0000] {dag.py:3089} INFO - Sync 1 DAGs
[2026-02-25T18:46:20.419+0000] {logging_mixin.py:188} INFO - [2026-02-25T18:46:20.418+0000] {dag.py:3947} INFO - Setting next_dagrun for oltp_s3_dwh to 2026-02-01 00:00:00+00:00, run_after=2026-03-01 00:00:00+00:00
[2026-02-25T18:46:20.439+0000] {processor.py:183} INFO - Processing /opt/airflow/dags/oltp_s3_dwh_dict.py took 0.418 seconds
[2026-02-25T18:46:50.618+0000] {processor.py:161} INFO - Started process (PID=10292) to work on /opt/airflow/dags/oltp_s3_dwh_dict.py
[2026-02-25T18:46:50.620+0000] {processor.py:830} INFO - Processing file /opt/airflow/dags/oltp_s3_dwh_dict.py for tasks to queue
[2026-02-25T18:46:50.622+0000] {logging_mixin.py:188} INFO - [2026-02-25T18:46:50.622+0000] {dagbag.py:545} INFO - Filling up the DagBag from /opt/airflow/dags/oltp_s3_dwh_dict.py
[2026-02-25T18:46:51.005+0000] {processor.py:840} INFO - DAG(s) 'oltp_s3_dwh' retrieved from /opt/airflow/dags/oltp_s3_dwh_dict.py
[2026-02-25T18:46:51.032+0000] {logging_mixin.py:188} INFO - [2026-02-25T18:46:51.031+0000] {dag.py:3089} INFO - Sync 1 DAGs
[2026-02-25T18:46:51.058+0000] {logging_mixin.py:188} INFO - [2026-02-25T18:46:51.058+0000] {dag.py:3947} INFO - Setting next_dagrun for oltp_s3_dwh to 2026-02-01 00:00:00+00:00, run_after=2026-03-01 00:00:00+00:00
[2026-02-25T18:46:51.089+0000] {processor.py:183} INFO - Processing /opt/airflow/dags/oltp_s3_dwh_dict.py took 0.477 seconds
[2026-02-25T18:47:21.276+0000] {processor.py:161} INFO - Started process (PID=10317) to work on /opt/airflow/dags/oltp_s3_dwh_dict.py
[2026-02-25T18:47:21.278+0000] {processor.py:830} INFO - Processing file /opt/airflow/dags/oltp_s3_dwh_dict.py for tasks to queue
[2026-02-25T18:47:21.281+0000] {logging_mixin.py:188} INFO - [2026-02-25T18:47:21.280+0000] {dagbag.py:545} INFO - Filling up the DagBag from /opt/airflow/dags/oltp_s3_dwh_dict.py
[2026-02-25T18:47:21.644+0000] {processor.py:840} INFO - DAG(s) 'oltp_s3_dwh' retrieved from /opt/airflow/dags/oltp_s3_dwh_dict.py
[2026-02-25T18:47:21.683+0000] {logging_mixin.py:188} INFO - [2026-02-25T18:47:21.683+0000] {dag.py:3089} INFO - Sync 1 DAGs
[2026-02-25T18:47:21.713+0000] {logging_mixin.py:188} INFO - [2026-02-25T18:47:21.713+0000] {dag.py:3947} INFO - Setting next_dagrun for oltp_s3_dwh to 2026-02-01 00:00:00+00:00, run_after=2026-03-01 00:00:00+00:00
[2026-02-25T18:47:21.747+0000] {processor.py:183} INFO - Processing /opt/airflow/dags/oltp_s3_dwh_dict.py took 0.479 seconds
[2026-02-25T18:47:52.271+0000] {processor.py:161} INFO - Started process (PID=10349) to work on /opt/airflow/dags/oltp_s3_dwh_dict.py
[2026-02-25T18:47:52.272+0000] {processor.py:830} INFO - Processing file /opt/airflow/dags/oltp_s3_dwh_dict.py for tasks to queue
[2026-02-25T18:47:52.275+0000] {logging_mixin.py:188} INFO - [2026-02-25T18:47:52.275+0000] {dagbag.py:545} INFO - Filling up the DagBag from /opt/airflow/dags/oltp_s3_dwh_dict.py
[2026-02-25T18:47:52.757+0000] {processor.py:840} INFO - DAG(s) 'oltp_s3_dwh' retrieved from /opt/airflow/dags/oltp_s3_dwh_dict.py
[2026-02-25T18:47:52.790+0000] {logging_mixin.py:188} INFO - [2026-02-25T18:47:52.789+0000] {dag.py:3089} INFO - Sync 1 DAGs
[2026-02-25T18:47:52.822+0000] {logging_mixin.py:188} INFO - [2026-02-25T18:47:52.821+0000] {dag.py:3947} INFO - Setting next_dagrun for oltp_s3_dwh to 2026-02-01 00:00:00+00:00, run_after=2026-03-01 00:00:00+00:00
[2026-02-25T18:47:52.848+0000] {processor.py:183} INFO - Processing /opt/airflow/dags/oltp_s3_dwh_dict.py took 0.586 seconds
[2026-02-25T18:48:22.961+0000] {processor.py:161} INFO - Started process (PID=10381) to work on /opt/airflow/dags/oltp_s3_dwh_dict.py
[2026-02-25T18:48:22.963+0000] {processor.py:830} INFO - Processing file /opt/airflow/dags/oltp_s3_dwh_dict.py for tasks to queue
[2026-02-25T18:48:22.965+0000] {logging_mixin.py:188} INFO - [2026-02-25T18:48:22.965+0000] {dagbag.py:545} INFO - Filling up the DagBag from /opt/airflow/dags/oltp_s3_dwh_dict.py
[2026-02-25T18:48:23.313+0000] {processor.py:840} INFO - DAG(s) 'oltp_s3_dwh' retrieved from /opt/airflow/dags/oltp_s3_dwh_dict.py
[2026-02-25T18:48:23.340+0000] {logging_mixin.py:188} INFO - [2026-02-25T18:48:23.339+0000] {dag.py:3089} INFO - Sync 1 DAGs
[2026-02-25T18:48:23.364+0000] {logging_mixin.py:188} INFO - [2026-02-25T18:48:23.363+0000] {dag.py:3947} INFO - Setting next_dagrun for oltp_s3_dwh to 2026-02-01 00:00:00+00:00, run_after=2026-03-01 00:00:00+00:00
[2026-02-25T18:48:23.391+0000] {processor.py:183} INFO - Processing /opt/airflow/dags/oltp_s3_dwh_dict.py took 0.437 seconds
[2026-02-25T18:48:53.845+0000] {processor.py:161} INFO - Started process (PID=10406) to work on /opt/airflow/dags/oltp_s3_dwh_dict.py
[2026-02-25T18:48:53.847+0000] {processor.py:830} INFO - Processing file /opt/airflow/dags/oltp_s3_dwh_dict.py for tasks to queue
[2026-02-25T18:48:53.850+0000] {logging_mixin.py:188} INFO - [2026-02-25T18:48:53.849+0000] {dagbag.py:545} INFO - Filling up the DagBag from /opt/airflow/dags/oltp_s3_dwh_dict.py
[2026-02-25T18:48:54.398+0000] {processor.py:840} INFO - DAG(s) 'oltp_s3_dwh' retrieved from /opt/airflow/dags/oltp_s3_dwh_dict.py
[2026-02-25T18:48:54.433+0000] {logging_mixin.py:188} INFO - [2026-02-25T18:48:54.432+0000] {dag.py:3089} INFO - Sync 1 DAGs
[2026-02-25T18:48:54.465+0000] {logging_mixin.py:188} INFO - [2026-02-25T18:48:54.465+0000] {dag.py:3947} INFO - Setting next_dagrun for oltp_s3_dwh to 2026-02-01 00:00:00+00:00, run_after=2026-03-01 00:00:00+00:00
[2026-02-25T18:48:54.494+0000] {processor.py:183} INFO - Processing /opt/airflow/dags/oltp_s3_dwh_dict.py took 0.662 seconds
[2026-02-25T18:49:24.626+0000] {processor.py:161} INFO - Started process (PID=10438) to work on /opt/airflow/dags/oltp_s3_dwh_dict.py
[2026-02-25T18:49:24.628+0000] {processor.py:830} INFO - Processing file /opt/airflow/dags/oltp_s3_dwh_dict.py for tasks to queue
[2026-02-25T18:49:24.631+0000] {logging_mixin.py:188} INFO - [2026-02-25T18:49:24.630+0000] {dagbag.py:545} INFO - Filling up the DagBag from /opt/airflow/dags/oltp_s3_dwh_dict.py
[2026-02-25T18:49:25.000+0000] {processor.py:840} INFO - DAG(s) 'oltp_s3_dwh' retrieved from /opt/airflow/dags/oltp_s3_dwh_dict.py
[2026-02-25T18:49:25.035+0000] {logging_mixin.py:188} INFO - [2026-02-25T18:49:25.034+0000] {dag.py:3089} INFO - Sync 1 DAGs
[2026-02-25T18:49:25.069+0000] {logging_mixin.py:188} INFO - [2026-02-25T18:49:25.068+0000] {dag.py:3947} INFO - Setting next_dagrun for oltp_s3_dwh to 2026-02-01 00:00:00+00:00, run_after=2026-03-01 00:00:00+00:00
[2026-02-25T18:49:25.095+0000] {processor.py:183} INFO - Processing /opt/airflow/dags/oltp_s3_dwh_dict.py took 0.475 seconds
[2026-02-25T18:49:55.556+0000] {processor.py:161} INFO - Started process (PID=10464) to work on /opt/airflow/dags/oltp_s3_dwh_dict.py
[2026-02-25T18:49:55.558+0000] {processor.py:830} INFO - Processing file /opt/airflow/dags/oltp_s3_dwh_dict.py for tasks to queue
[2026-02-25T18:49:55.561+0000] {logging_mixin.py:188} INFO - [2026-02-25T18:49:55.560+0000] {dagbag.py:545} INFO - Filling up the DagBag from /opt/airflow/dags/oltp_s3_dwh_dict.py
[2026-02-25T18:49:55.910+0000] {processor.py:840} INFO - DAG(s) 'oltp_s3_dwh' retrieved from /opt/airflow/dags/oltp_s3_dwh_dict.py
[2026-02-25T18:49:55.940+0000] {logging_mixin.py:188} INFO - [2026-02-25T18:49:55.939+0000] {dag.py:3089} INFO - Sync 1 DAGs
[2026-02-25T18:49:55.967+0000] {logging_mixin.py:188} INFO - [2026-02-25T18:49:55.967+0000] {dag.py:3947} INFO - Setting next_dagrun for oltp_s3_dwh to 2026-02-01 00:00:00+00:00, run_after=2026-03-01 00:00:00+00:00
[2026-02-25T18:49:55.992+0000] {processor.py:183} INFO - Processing /opt/airflow/dags/oltp_s3_dwh_dict.py took 0.443 seconds
[2026-02-25T18:50:26.747+0000] {processor.py:161} INFO - Started process (PID=10495) to work on /opt/airflow/dags/oltp_s3_dwh_dict.py
[2026-02-25T18:50:26.750+0000] {processor.py:830} INFO - Processing file /opt/airflow/dags/oltp_s3_dwh_dict.py for tasks to queue
[2026-02-25T18:50:26.755+0000] {logging_mixin.py:188} INFO - [2026-02-25T18:50:26.755+0000] {dagbag.py:545} INFO - Filling up the DagBag from /opt/airflow/dags/oltp_s3_dwh_dict.py
[2026-02-25T18:50:27.127+0000] {processor.py:840} INFO - DAG(s) 'oltp_s3_dwh' retrieved from /opt/airflow/dags/oltp_s3_dwh_dict.py
[2026-02-25T18:50:27.154+0000] {logging_mixin.py:188} INFO - [2026-02-25T18:50:27.154+0000] {dag.py:3089} INFO - Sync 1 DAGs
[2026-02-25T18:50:27.179+0000] {logging_mixin.py:188} INFO - [2026-02-25T18:50:27.178+0000] {dag.py:3947} INFO - Setting next_dagrun for oltp_s3_dwh to 2026-02-01 00:00:00+00:00, run_after=2026-03-01 00:00:00+00:00
[2026-02-25T18:50:27.205+0000] {processor.py:183} INFO - Processing /opt/airflow/dags/oltp_s3_dwh_dict.py took 0.469 seconds
[2026-02-25T18:50:58.035+0000] {processor.py:161} INFO - Started process (PID=10521) to work on /opt/airflow/dags/oltp_s3_dwh_dict.py
[2026-02-25T18:50:58.037+0000] {processor.py:830} INFO - Processing file /opt/airflow/dags/oltp_s3_dwh_dict.py for tasks to queue
[2026-02-25T18:50:58.040+0000] {logging_mixin.py:188} INFO - [2026-02-25T18:50:58.040+0000] {dagbag.py:545} INFO - Filling up the DagBag from /opt/airflow/dags/oltp_s3_dwh_dict.py
[2026-02-25T18:50:58.426+0000] {processor.py:840} INFO - DAG(s) 'oltp_s3_dwh' retrieved from /opt/airflow/dags/oltp_s3_dwh_dict.py
[2026-02-25T18:50:58.454+0000] {logging_mixin.py:188} INFO - [2026-02-25T18:50:58.454+0000] {dag.py:3089} INFO - Sync 1 DAGs
[2026-02-25T18:50:58.488+0000] {logging_mixin.py:188} INFO - [2026-02-25T18:50:58.487+0000] {dag.py:3947} INFO - Setting next_dagrun for oltp_s3_dwh to 2026-02-01 00:00:00+00:00, run_after=2026-03-01 00:00:00+00:00
[2026-02-25T18:50:58.518+0000] {processor.py:183} INFO - Processing /opt/airflow/dags/oltp_s3_dwh_dict.py took 0.490 seconds
[2026-02-25T18:51:29.437+0000] {processor.py:161} INFO - Started process (PID=10553) to work on /opt/airflow/dags/oltp_s3_dwh_dict.py
[2026-02-25T18:51:29.438+0000] {processor.py:830} INFO - Processing file /opt/airflow/dags/oltp_s3_dwh_dict.py for tasks to queue
[2026-02-25T18:51:29.441+0000] {logging_mixin.py:188} INFO - [2026-02-25T18:51:29.441+0000] {dagbag.py:545} INFO - Filling up the DagBag from /opt/airflow/dags/oltp_s3_dwh_dict.py
[2026-02-25T18:51:29.844+0000] {processor.py:840} INFO - DAG(s) 'oltp_s3_dwh' retrieved from /opt/airflow/dags/oltp_s3_dwh_dict.py
[2026-02-25T18:51:29.872+0000] {logging_mixin.py:188} INFO - [2026-02-25T18:51:29.871+0000] {dag.py:3089} INFO - Sync 1 DAGs
[2026-02-25T18:51:29.900+0000] {logging_mixin.py:188} INFO - [2026-02-25T18:51:29.899+0000] {dag.py:3947} INFO - Setting next_dagrun for oltp_s3_dwh to 2026-02-01 00:00:00+00:00, run_after=2026-03-01 00:00:00+00:00
[2026-02-25T18:51:29.925+0000] {processor.py:183} INFO - Processing /opt/airflow/dags/oltp_s3_dwh_dict.py took 0.495 seconds
[2026-02-25T18:52:00.151+0000] {processor.py:161} INFO - Started process (PID=10579) to work on /opt/airflow/dags/oltp_s3_dwh_dict.py
[2026-02-25T18:52:00.153+0000] {processor.py:830} INFO - Processing file /opt/airflow/dags/oltp_s3_dwh_dict.py for tasks to queue
[2026-02-25T18:52:00.155+0000] {logging_mixin.py:188} INFO - [2026-02-25T18:52:00.155+0000] {dagbag.py:545} INFO - Filling up the DagBag from /opt/airflow/dags/oltp_s3_dwh_dict.py
[2026-02-25T18:52:00.516+0000] {processor.py:840} INFO - DAG(s) 'oltp_s3_dwh' retrieved from /opt/airflow/dags/oltp_s3_dwh_dict.py
[2026-02-25T18:52:00.544+0000] {logging_mixin.py:188} INFO - [2026-02-25T18:52:00.544+0000] {dag.py:3089} INFO - Sync 1 DAGs
[2026-02-25T18:52:00.569+0000] {logging_mixin.py:188} INFO - [2026-02-25T18:52:00.569+0000] {dag.py:3947} INFO - Setting next_dagrun for oltp_s3_dwh to 2026-02-01 00:00:00+00:00, run_after=2026-03-01 00:00:00+00:00
[2026-02-25T18:52:00.593+0000] {processor.py:183} INFO - Processing /opt/airflow/dags/oltp_s3_dwh_dict.py took 0.449 seconds
