[2026-02-20T12:11:36.977+0000] {processor.py:161} INFO - Started process (PID=3794) to work on /opt/airflow/dags/api_cb.py
[2026-02-20T12:11:36.978+0000] {processor.py:830} INFO - Processing file /opt/airflow/dags/api_cb.py for tasks to queue
[2026-02-20T12:11:36.981+0000] {logging_mixin.py:188} INFO - [2026-02-20T12:11:36.981+0000] {dagbag.py:545} INFO - Filling up the DagBag from /opt/airflow/dags/api_cb.py
[2026-02-20T12:11:37.015+0000] {logging_mixin.py:188} INFO - [2026-02-20T12:11:37.006+0000] {dagbag.py:355} ERROR - Failed to import: /opt/airflow/dags/api_cb.py
Traceback (most recent call last):
  File "/home/airflow/.local/lib/python3.12/site-packages/airflow/models/dagbag.py", line 351, in parse
    loader.exec_module(new_module)
  File "<frozen importlib._bootstrap_external>", line 991, in exec_module
  File "<frozen importlib._bootstrap_external>", line 1129, in get_code
  File "<frozen importlib._bootstrap_external>", line 1059, in source_to_code
  File "<frozen importlib._bootstrap>", line 488, in _call_with_frames_removed
  File "/opt/airflow/dags/api_cb.py", line 1
    from rom airflow import DAG
             ^^^^^^^
SyntaxError: invalid syntax
[2026-02-20T12:11:37.019+0000] {processor.py:842} WARNING - No viable dags retrieved from /opt/airflow/dags/api_cb.py
[2026-02-20T12:11:37.075+0000] {processor.py:183} INFO - Processing /opt/airflow/dags/api_cb.py took 0.110 seconds
[2026-02-20T12:12:07.715+0000] {processor.py:161} INFO - Started process (PID=3826) to work on /opt/airflow/dags/api_cb.py
[2026-02-20T12:12:07.723+0000] {processor.py:830} INFO - Processing file /opt/airflow/dags/api_cb.py for tasks to queue
[2026-02-20T12:12:07.731+0000] {logging_mixin.py:188} INFO - [2026-02-20T12:12:07.730+0000] {dagbag.py:545} INFO - Filling up the DagBag from /opt/airflow/dags/api_cb.py
[2026-02-20T12:12:07.759+0000] {logging_mixin.py:188} INFO - [2026-02-20T12:12:07.756+0000] {dagbag.py:355} ERROR - Failed to import: /opt/airflow/dags/api_cb.py
Traceback (most recent call last):
  File "/home/airflow/.local/lib/python3.12/site-packages/airflow/models/dagbag.py", line 351, in parse
    loader.exec_module(new_module)
  File "<frozen importlib._bootstrap_external>", line 991, in exec_module
  File "<frozen importlib._bootstrap_external>", line 1129, in get_code
  File "<frozen importlib._bootstrap_external>", line 1059, in source_to_code
  File "<frozen importlib._bootstrap>", line 488, in _call_with_frames_removed
  File "/opt/airflow/dags/api_cb.py", line 1
    from rom airflow import DAG
             ^^^^^^^
SyntaxError: invalid syntax
[2026-02-20T12:12:07.762+0000] {processor.py:842} WARNING - No viable dags retrieved from /opt/airflow/dags/api_cb.py
[2026-02-20T12:12:07.808+0000] {processor.py:183} INFO - Processing /opt/airflow/dags/api_cb.py took 0.102 seconds
[2026-02-20T12:12:13.279+0000] {processor.py:161} INFO - Started process (PID=3831) to work on /opt/airflow/dags/api_cb.py
[2026-02-20T12:12:13.282+0000] {processor.py:830} INFO - Processing file /opt/airflow/dags/api_cb.py for tasks to queue
[2026-02-20T12:12:13.288+0000] {logging_mixin.py:188} INFO - [2026-02-20T12:12:13.287+0000] {dagbag.py:545} INFO - Filling up the DagBag from /opt/airflow/dags/api_cb.py
[2026-02-20T12:12:13.322+0000] {logging_mixin.py:188} INFO - [2026-02-20T12:12:13.320+0000] {dagbag.py:355} ERROR - Failed to import: /opt/airflow/dags/api_cb.py
Traceback (most recent call last):
  File "/home/airflow/.local/lib/python3.12/site-packages/airflow/models/dagbag.py", line 351, in parse
    loader.exec_module(new_module)
  File "<frozen importlib._bootstrap_external>", line 991, in exec_module
  File "<frozen importlib._bootstrap_external>", line 1129, in get_code
  File "<frozen importlib._bootstrap_external>", line 1059, in source_to_code
  File "<frozen importlib._bootstrap>", line 488, in _call_with_frames_removed
  File "/opt/airflow/dags/api_cb.py", line 1
    from rom airflow import DAG
             ^^^^^^^
SyntaxError: invalid syntax
[2026-02-20T12:12:13.324+0000] {processor.py:842} WARNING - No viable dags retrieved from /opt/airflow/dags/api_cb.py
[2026-02-20T12:12:13.369+0000] {processor.py:183} INFO - Processing /opt/airflow/dags/api_cb.py took 0.117 seconds
[2026-02-20T12:12:13.439+0000] {processor.py:161} INFO - Started process (PID=3836) to work on /opt/airflow/dags/api_cb.py
[2026-02-20T12:12:13.441+0000] {processor.py:830} INFO - Processing file /opt/airflow/dags/api_cb.py for tasks to queue
[2026-02-20T12:12:13.444+0000] {logging_mixin.py:188} INFO - [2026-02-20T12:12:13.444+0000] {dagbag.py:545} INFO - Filling up the DagBag from /opt/airflow/dags/api_cb.py
[2026-02-20T12:12:13.475+0000] {logging_mixin.py:188} INFO - [2026-02-20T12:12:13.473+0000] {dagbag.py:355} ERROR - Failed to import: /opt/airflow/dags/api_cb.py
Traceback (most recent call last):
  File "/home/airflow/.local/lib/python3.12/site-packages/airflow/models/dagbag.py", line 351, in parse
    loader.exec_module(new_module)
  File "<frozen importlib._bootstrap_external>", line 991, in exec_module
  File "<frozen importlib._bootstrap_external>", line 1129, in get_code
  File "<frozen importlib._bootstrap_external>", line 1059, in source_to_code
  File "<frozen importlib._bootstrap>", line 488, in _call_with_frames_removed
  File "/opt/airflow/dags/api_cb.py", line 1
    from rom airflow import DAG
             ^^^^^^^
SyntaxError: invalid syntax
[2026-02-20T12:12:13.476+0000] {processor.py:842} WARNING - No viable dags retrieved from /opt/airflow/dags/api_cb.py
[2026-02-20T12:12:13.514+0000] {processor.py:183} INFO - Processing /opt/airflow/dags/api_cb.py took 0.083 seconds
[2026-02-20T12:12:13.624+0000] {processor.py:161} INFO - Started process (PID=3841) to work on /opt/airflow/dags/api_cb.py
[2026-02-20T12:12:13.626+0000] {processor.py:830} INFO - Processing file /opt/airflow/dags/api_cb.py for tasks to queue
[2026-02-20T12:12:13.630+0000] {logging_mixin.py:188} INFO - [2026-02-20T12:12:13.629+0000] {dagbag.py:545} INFO - Filling up the DagBag from /opt/airflow/dags/api_cb.py
[2026-02-20T12:12:13.676+0000] {logging_mixin.py:188} INFO - [2026-02-20T12:12:13.674+0000] {dagbag.py:355} ERROR - Failed to import: /opt/airflow/dags/api_cb.py
Traceback (most recent call last):
  File "/home/airflow/.local/lib/python3.12/site-packages/airflow/models/dagbag.py", line 351, in parse
    loader.exec_module(new_module)
  File "<frozen importlib._bootstrap_external>", line 991, in exec_module
  File "<frozen importlib._bootstrap_external>", line 1129, in get_code
  File "<frozen importlib._bootstrap_external>", line 1059, in source_to_code
  File "<frozen importlib._bootstrap>", line 488, in _call_with_frames_removed
  File "/opt/airflow/dags/api_cb.py", line 1
    from rom airflow import DAG
             ^^^^^^^
SyntaxError: invalid syntax
[2026-02-20T12:12:13.677+0000] {processor.py:842} WARNING - No viable dags retrieved from /opt/airflow/dags/api_cb.py
[2026-02-20T12:12:13.722+0000] {processor.py:183} INFO - Processing /opt/airflow/dags/api_cb.py took 0.106 seconds
[2026-02-20T12:12:13.812+0000] {processor.py:161} INFO - Started process (PID=3846) to work on /opt/airflow/dags/api_cb.py
[2026-02-20T12:12:13.814+0000] {processor.py:830} INFO - Processing file /opt/airflow/dags/api_cb.py for tasks to queue
[2026-02-20T12:12:13.817+0000] {logging_mixin.py:188} INFO - [2026-02-20T12:12:13.817+0000] {dagbag.py:545} INFO - Filling up the DagBag from /opt/airflow/dags/api_cb.py
[2026-02-20T12:12:13.848+0000] {logging_mixin.py:188} INFO - [2026-02-20T12:12:13.846+0000] {dagbag.py:355} ERROR - Failed to import: /opt/airflow/dags/api_cb.py
Traceback (most recent call last):
  File "/home/airflow/.local/lib/python3.12/site-packages/airflow/models/dagbag.py", line 351, in parse
    loader.exec_module(new_module)
  File "<frozen importlib._bootstrap_external>", line 991, in exec_module
  File "<frozen importlib._bootstrap_external>", line 1129, in get_code
  File "<frozen importlib._bootstrap_external>", line 1059, in source_to_code
  File "<frozen importlib._bootstrap>", line 488, in _call_with_frames_removed
  File "/opt/airflow/dags/api_cb.py", line 1
    from rom airflow import DAG
             ^^^^^^^
SyntaxError: invalid syntax
[2026-02-20T12:12:13.850+0000] {processor.py:842} WARNING - No viable dags retrieved from /opt/airflow/dags/api_cb.py
[2026-02-20T12:12:13.886+0000] {processor.py:183} INFO - Processing /opt/airflow/dags/api_cb.py took 0.086 seconds
[2026-02-20T12:12:13.978+0000] {processor.py:161} INFO - Started process (PID=3858) to work on /opt/airflow/dags/api_cb.py
[2026-02-20T12:12:13.980+0000] {processor.py:830} INFO - Processing file /opt/airflow/dags/api_cb.py for tasks to queue
[2026-02-20T12:12:13.983+0000] {logging_mixin.py:188} INFO - [2026-02-20T12:12:13.982+0000] {dagbag.py:545} INFO - Filling up the DagBag from /opt/airflow/dags/api_cb.py
[2026-02-20T12:12:14.011+0000] {logging_mixin.py:188} INFO - [2026-02-20T12:12:14.009+0000] {dagbag.py:355} ERROR - Failed to import: /opt/airflow/dags/api_cb.py
Traceback (most recent call last):
  File "/home/airflow/.local/lib/python3.12/site-packages/airflow/models/dagbag.py", line 351, in parse
    loader.exec_module(new_module)
  File "<frozen importlib._bootstrap_external>", line 991, in exec_module
  File "<frozen importlib._bootstrap_external>", line 1129, in get_code
  File "<frozen importlib._bootstrap_external>", line 1059, in source_to_code
  File "<frozen importlib._bootstrap>", line 488, in _call_with_frames_removed
  File "/opt/airflow/dags/api_cb.py", line 1
    from rom airflow import DAG
             ^^^^^^^
SyntaxError: invalid syntax
[2026-02-20T12:12:14.012+0000] {processor.py:842} WARNING - No viable dags retrieved from /opt/airflow/dags/api_cb.py
[2026-02-20T12:12:14.069+0000] {processor.py:183} INFO - Processing /opt/airflow/dags/api_cb.py took 0.101 seconds
[2026-02-20T12:12:14.133+0000] {processor.py:161} INFO - Started process (PID=3863) to work on /opt/airflow/dags/api_cb.py
[2026-02-20T12:12:14.134+0000] {processor.py:830} INFO - Processing file /opt/airflow/dags/api_cb.py for tasks to queue
[2026-02-20T12:12:14.137+0000] {logging_mixin.py:188} INFO - [2026-02-20T12:12:14.136+0000] {dagbag.py:545} INFO - Filling up the DagBag from /opt/airflow/dags/api_cb.py
[2026-02-20T12:12:14.162+0000] {logging_mixin.py:188} INFO - [2026-02-20T12:12:14.161+0000] {dagbag.py:355} ERROR - Failed to import: /opt/airflow/dags/api_cb.py
Traceback (most recent call last):
  File "/home/airflow/.local/lib/python3.12/site-packages/airflow/models/dagbag.py", line 351, in parse
    loader.exec_module(new_module)
  File "<frozen importlib._bootstrap_external>", line 991, in exec_module
  File "<frozen importlib._bootstrap_external>", line 1129, in get_code
  File "<frozen importlib._bootstrap_external>", line 1059, in source_to_code
  File "<frozen importlib._bootstrap>", line 488, in _call_with_frames_removed
  File "/opt/airflow/dags/api_cb.py", line 1
    from rom airflow import DAG
             ^^^^^^^
SyntaxError: invalid syntax
[2026-02-20T12:12:14.163+0000] {processor.py:842} WARNING - No viable dags retrieved from /opt/airflow/dags/api_cb.py
[2026-02-20T12:12:14.191+0000] {processor.py:183} INFO - Processing /opt/airflow/dags/api_cb.py took 0.067 seconds
[2026-02-20T12:12:14.298+0000] {processor.py:161} INFO - Started process (PID=3868) to work on /opt/airflow/dags/api_cb.py
[2026-02-20T12:12:14.300+0000] {processor.py:830} INFO - Processing file /opt/airflow/dags/api_cb.py for tasks to queue
[2026-02-20T12:12:14.303+0000] {logging_mixin.py:188} INFO - [2026-02-20T12:12:14.302+0000] {dagbag.py:545} INFO - Filling up the DagBag from /opt/airflow/dags/api_cb.py
[2026-02-20T12:12:14.325+0000] {logging_mixin.py:188} INFO - [2026-02-20T12:12:14.323+0000] {dagbag.py:355} ERROR - Failed to import: /opt/airflow/dags/api_cb.py
Traceback (most recent call last):
  File "/home/airflow/.local/lib/python3.12/site-packages/airflow/models/dagbag.py", line 351, in parse
    loader.exec_module(new_module)
  File "<frozen importlib._bootstrap_external>", line 991, in exec_module
  File "<frozen importlib._bootstrap_external>", line 1129, in get_code
  File "<frozen importlib._bootstrap_external>", line 1059, in source_to_code
  File "<frozen importlib._bootstrap>", line 488, in _call_with_frames_removed
  File "/opt/airflow/dags/api_cb.py", line 1
    from rom airflow import DAG
             ^^^^^^^
SyntaxError: invalid syntax
[2026-02-20T12:12:14.326+0000] {processor.py:842} WARNING - No viable dags retrieved from /opt/airflow/dags/api_cb.py
[2026-02-20T12:12:14.357+0000] {processor.py:183} INFO - Processing /opt/airflow/dags/api_cb.py took 0.072 seconds
[2026-02-20T12:12:14.442+0000] {processor.py:161} INFO - Started process (PID=3873) to work on /opt/airflow/dags/api_cb.py
[2026-02-20T12:12:14.443+0000] {processor.py:830} INFO - Processing file /opt/airflow/dags/api_cb.py for tasks to queue
[2026-02-20T12:12:14.446+0000] {logging_mixin.py:188} INFO - [2026-02-20T12:12:14.446+0000] {dagbag.py:545} INFO - Filling up the DagBag from /opt/airflow/dags/api_cb.py
[2026-02-20T12:12:14.469+0000] {logging_mixin.py:188} INFO - [2026-02-20T12:12:14.468+0000] {dagbag.py:355} ERROR - Failed to import: /opt/airflow/dags/api_cb.py
Traceback (most recent call last):
  File "/home/airflow/.local/lib/python3.12/site-packages/airflow/models/dagbag.py", line 351, in parse
    loader.exec_module(new_module)
  File "<frozen importlib._bootstrap_external>", line 991, in exec_module
  File "<frozen importlib._bootstrap_external>", line 1129, in get_code
  File "<frozen importlib._bootstrap_external>", line 1059, in source_to_code
  File "<frozen importlib._bootstrap>", line 488, in _call_with_frames_removed
  File "/opt/airflow/dags/api_cb.py", line 1
    from rom airflow import DAG
             ^^^^^^^
SyntaxError: invalid syntax
[2026-02-20T12:12:14.470+0000] {processor.py:842} WARNING - No viable dags retrieved from /opt/airflow/dags/api_cb.py
[2026-02-20T12:12:14.502+0000] {processor.py:183} INFO - Processing /opt/airflow/dags/api_cb.py took 0.070 seconds
[2026-02-20T12:12:14.594+0000] {processor.py:161} INFO - Started process (PID=3878) to work on /opt/airflow/dags/api_cb.py
[2026-02-20T12:12:14.596+0000] {processor.py:830} INFO - Processing file /opt/airflow/dags/api_cb.py for tasks to queue
[2026-02-20T12:12:14.602+0000] {logging_mixin.py:188} INFO - [2026-02-20T12:12:14.601+0000] {dagbag.py:545} INFO - Filling up the DagBag from /opt/airflow/dags/api_cb.py
[2026-02-20T12:12:14.625+0000] {logging_mixin.py:188} INFO - [2026-02-20T12:12:14.624+0000] {dagbag.py:355} ERROR - Failed to import: /opt/airflow/dags/api_cb.py
Traceback (most recent call last):
  File "/home/airflow/.local/lib/python3.12/site-packages/airflow/models/dagbag.py", line 351, in parse
    loader.exec_module(new_module)
  File "<frozen importlib._bootstrap_external>", line 991, in exec_module
  File "<frozen importlib._bootstrap_external>", line 1129, in get_code
  File "<frozen importlib._bootstrap_external>", line 1059, in source_to_code
  File "<frozen importlib._bootstrap>", line 488, in _call_with_frames_removed
  File "/opt/airflow/dags/api_cb.py", line 1
    from rom airflow import DAG
             ^^^^^^^
SyntaxError: invalid syntax
[2026-02-20T12:12:14.626+0000] {processor.py:842} WARNING - No viable dags retrieved from /opt/airflow/dags/api_cb.py
[2026-02-20T12:12:14.665+0000] {processor.py:183} INFO - Processing /opt/airflow/dags/api_cb.py took 0.082 seconds
[2026-02-20T12:12:14.727+0000] {processor.py:161} INFO - Started process (PID=3883) to work on /opt/airflow/dags/api_cb.py
[2026-02-20T12:12:14.729+0000] {processor.py:830} INFO - Processing file /opt/airflow/dags/api_cb.py for tasks to queue
[2026-02-20T12:12:14.732+0000] {logging_mixin.py:188} INFO - [2026-02-20T12:12:14.731+0000] {dagbag.py:545} INFO - Filling up the DagBag from /opt/airflow/dags/api_cb.py
[2026-02-20T12:12:14.763+0000] {logging_mixin.py:188} INFO - [2026-02-20T12:12:14.762+0000] {dagbag.py:355} ERROR - Failed to import: /opt/airflow/dags/api_cb.py
Traceback (most recent call last):
  File "/home/airflow/.local/lib/python3.12/site-packages/airflow/models/dagbag.py", line 351, in parse
    loader.exec_module(new_module)
  File "<frozen importlib._bootstrap_external>", line 991, in exec_module
  File "<frozen importlib._bootstrap_external>", line 1129, in get_code
  File "<frozen importlib._bootstrap_external>", line 1059, in source_to_code
  File "<frozen importlib._bootstrap>", line 488, in _call_with_frames_removed
  File "/opt/airflow/dags/api_cb.py", line 1
    from rom airflow import DAG
             ^^^^^^^
SyntaxError: invalid syntax
[2026-02-20T12:12:14.765+0000] {processor.py:842} WARNING - No viable dags retrieved from /opt/airflow/dags/api_cb.py
[2026-02-20T12:12:14.796+0000] {processor.py:183} INFO - Processing /opt/airflow/dags/api_cb.py took 0.077 seconds
[2026-02-20T12:12:14.880+0000] {processor.py:161} INFO - Started process (PID=3888) to work on /opt/airflow/dags/api_cb.py
[2026-02-20T12:12:14.881+0000] {processor.py:830} INFO - Processing file /opt/airflow/dags/api_cb.py for tasks to queue
[2026-02-20T12:12:14.884+0000] {logging_mixin.py:188} INFO - [2026-02-20T12:12:14.883+0000] {dagbag.py:545} INFO - Filling up the DagBag from /opt/airflow/dags/api_cb.py
[2026-02-20T12:12:14.906+0000] {logging_mixin.py:188} INFO - [2026-02-20T12:12:14.904+0000] {dagbag.py:355} ERROR - Failed to import: /opt/airflow/dags/api_cb.py
Traceback (most recent call last):
  File "/home/airflow/.local/lib/python3.12/site-packages/airflow/models/dagbag.py", line 351, in parse
    loader.exec_module(new_module)
  File "<frozen importlib._bootstrap_external>", line 991, in exec_module
  File "<frozen importlib._bootstrap_external>", line 1129, in get_code
  File "<frozen importlib._bootstrap_external>", line 1059, in source_to_code
  File "<frozen importlib._bootstrap>", line 488, in _call_with_frames_removed
  File "/opt/airflow/dags/api_cb.py", line 1
    from rom airflow import DAG
             ^^^^^^^
SyntaxError: invalid syntax
[2026-02-20T12:12:14.907+0000] {processor.py:842} WARNING - No viable dags retrieved from /opt/airflow/dags/api_cb.py
[2026-02-20T12:12:14.943+0000] {processor.py:183} INFO - Processing /opt/airflow/dags/api_cb.py took 0.073 seconds
[2026-02-20T12:12:31.208+0000] {processor.py:161} INFO - Started process (PID=3905) to work on /opt/airflow/dags/api_cb.py
[2026-02-20T12:12:31.210+0000] {processor.py:830} INFO - Processing file /opt/airflow/dags/api_cb.py for tasks to queue
[2026-02-20T12:12:31.214+0000] {logging_mixin.py:188} INFO - [2026-02-20T12:12:31.213+0000] {dagbag.py:545} INFO - Filling up the DagBag from /opt/airflow/dags/api_cb.py
[2026-02-20T12:12:31.262+0000] {logging_mixin.py:188} INFO - [2026-02-20T12:12:31.257+0000] {dagbag.py:355} ERROR - Failed to import: /opt/airflow/dags/api_cb.py
Traceback (most recent call last):
  File "/home/airflow/.local/lib/python3.12/site-packages/airflow/models/dagbag.py", line 351, in parse
    loader.exec_module(new_module)
  File "<frozen importlib._bootstrap_external>", line 991, in exec_module
  File "<frozen importlib._bootstrap_external>", line 1129, in get_code
  File "<frozen importlib._bootstrap_external>", line 1059, in source_to_code
  File "<frozen importlib._bootstrap>", line 488, in _call_with_frames_removed
  File "/opt/airflow/dags/api_cb.py", line 1
    from rom airflow import DAG
             ^^^^^^^
SyntaxError: invalid syntax
[2026-02-20T12:12:31.267+0000] {processor.py:842} WARNING - No viable dags retrieved from /opt/airflow/dags/api_cb.py
[2026-02-20T12:12:31.409+0000] {processor.py:183} INFO - Processing /opt/airflow/dags/api_cb.py took 0.252 seconds
[2026-02-20T12:12:46.915+0000] {processor.py:161} INFO - Started process (PID=3917) to work on /opt/airflow/dags/api_cb.py
[2026-02-20T12:12:46.917+0000] {processor.py:830} INFO - Processing file /opt/airflow/dags/api_cb.py for tasks to queue
[2026-02-20T12:12:46.920+0000] {logging_mixin.py:188} INFO - [2026-02-20T12:12:46.920+0000] {dagbag.py:545} INFO - Filling up the DagBag from /opt/airflow/dags/api_cb.py
[2026-02-20T12:12:46.946+0000] {logging_mixin.py:188} INFO - [2026-02-20T12:12:46.944+0000] {dagbag.py:355} ERROR - Failed to import: /opt/airflow/dags/api_cb.py
Traceback (most recent call last):
  File "/home/airflow/.local/lib/python3.12/site-packages/airflow/models/dagbag.py", line 351, in parse
    loader.exec_module(new_module)
  File "<frozen importlib._bootstrap_external>", line 991, in exec_module
  File "<frozen importlib._bootstrap_external>", line 1129, in get_code
  File "<frozen importlib._bootstrap_external>", line 1059, in source_to_code
  File "<frozen importlib._bootstrap>", line 488, in _call_with_frames_removed
  File "/opt/airflow/dags/api_cb.py", line 1
    from rom airflow import DAG
             ^^^^^^^
SyntaxError: invalid syntax
[2026-02-20T12:12:46.947+0000] {processor.py:842} WARNING - No viable dags retrieved from /opt/airflow/dags/api_cb.py
[2026-02-20T12:12:46.981+0000] {processor.py:183} INFO - Processing /opt/airflow/dags/api_cb.py took 0.075 seconds
[2026-02-20T12:12:47.046+0000] {processor.py:161} INFO - Started process (PID=3922) to work on /opt/airflow/dags/api_cb.py
[2026-02-20T12:12:47.047+0000] {processor.py:830} INFO - Processing file /opt/airflow/dags/api_cb.py for tasks to queue
[2026-02-20T12:12:47.050+0000] {logging_mixin.py:188} INFO - [2026-02-20T12:12:47.049+0000] {dagbag.py:545} INFO - Filling up the DagBag from /opt/airflow/dags/api_cb.py
[2026-02-20T12:12:47.079+0000] {logging_mixin.py:188} INFO - [2026-02-20T12:12:47.078+0000] {dagbag.py:355} ERROR - Failed to import: /opt/airflow/dags/api_cb.py
Traceback (most recent call last):
  File "/home/airflow/.local/lib/python3.12/site-packages/airflow/models/dagbag.py", line 351, in parse
    loader.exec_module(new_module)
  File "<frozen importlib._bootstrap_external>", line 991, in exec_module
  File "<frozen importlib._bootstrap_external>", line 1129, in get_code
  File "<frozen importlib._bootstrap_external>", line 1059, in source_to_code
  File "<frozen importlib._bootstrap>", line 488, in _call_with_frames_removed
  File "/opt/airflow/dags/api_cb.py", line 1
    from rom airflow import DAG
             ^^^^^^^
SyntaxError: invalid syntax
[2026-02-20T12:12:47.081+0000] {processor.py:842} WARNING - No viable dags retrieved from /opt/airflow/dags/api_cb.py
[2026-02-20T12:12:47.118+0000] {processor.py:183} INFO - Processing /opt/airflow/dags/api_cb.py took 0.081 seconds
[2026-02-20T12:12:47.200+0000] {processor.py:161} INFO - Started process (PID=3927) to work on /opt/airflow/dags/api_cb.py
[2026-02-20T12:12:47.202+0000] {processor.py:830} INFO - Processing file /opt/airflow/dags/api_cb.py for tasks to queue
[2026-02-20T12:12:47.204+0000] {logging_mixin.py:188} INFO - [2026-02-20T12:12:47.204+0000] {dagbag.py:545} INFO - Filling up the DagBag from /opt/airflow/dags/api_cb.py
[2026-02-20T12:12:47.235+0000] {logging_mixin.py:188} INFO - [2026-02-20T12:12:47.233+0000] {dagbag.py:355} ERROR - Failed to import: /opt/airflow/dags/api_cb.py
Traceback (most recent call last):
  File "/home/airflow/.local/lib/python3.12/site-packages/airflow/models/dagbag.py", line 351, in parse
    loader.exec_module(new_module)
  File "<frozen importlib._bootstrap_external>", line 991, in exec_module
  File "<frozen importlib._bootstrap_external>", line 1129, in get_code
  File "<frozen importlib._bootstrap_external>", line 1059, in source_to_code
  File "<frozen importlib._bootstrap>", line 488, in _call_with_frames_removed
  File "/opt/airflow/dags/api_cb.py", line 1
    from rom airflow import DAG
             ^^^^^^^
SyntaxError: invalid syntax
[2026-02-20T12:12:47.237+0000] {processor.py:842} WARNING - No viable dags retrieved from /opt/airflow/dags/api_cb.py
[2026-02-20T12:12:47.272+0000] {processor.py:183} INFO - Processing /opt/airflow/dags/api_cb.py took 0.081 seconds
[2026-02-20T12:12:47.331+0000] {processor.py:161} INFO - Started process (PID=3932) to work on /opt/airflow/dags/api_cb.py
[2026-02-20T12:12:47.333+0000] {processor.py:830} INFO - Processing file /opt/airflow/dags/api_cb.py for tasks to queue
[2026-02-20T12:12:47.336+0000] {logging_mixin.py:188} INFO - [2026-02-20T12:12:47.336+0000] {dagbag.py:545} INFO - Filling up the DagBag from /opt/airflow/dags/api_cb.py
[2026-02-20T12:12:47.363+0000] {logging_mixin.py:188} INFO - [2026-02-20T12:12:47.362+0000] {dagbag.py:355} ERROR - Failed to import: /opt/airflow/dags/api_cb.py
Traceback (most recent call last):
  File "/home/airflow/.local/lib/python3.12/site-packages/airflow/models/dagbag.py", line 351, in parse
    loader.exec_module(new_module)
  File "<frozen importlib._bootstrap_external>", line 991, in exec_module
  File "<frozen importlib._bootstrap_external>", line 1129, in get_code
  File "<frozen importlib._bootstrap_external>", line 1059, in source_to_code
  File "<frozen importlib._bootstrap>", line 488, in _call_with_frames_removed
  File "/opt/airflow/dags/api_cb.py", line 1
    from rom airflow import DAG
             ^^^^^^^
SyntaxError: invalid syntax
[2026-02-20T12:12:47.365+0000] {processor.py:842} WARNING - No viable dags retrieved from /opt/airflow/dags/api_cb.py
[2026-02-20T12:12:47.389+0000] {processor.py:183} INFO - Processing /opt/airflow/dags/api_cb.py took 0.066 seconds
[2026-02-20T12:12:47.472+0000] {processor.py:161} INFO - Started process (PID=3937) to work on /opt/airflow/dags/api_cb.py
[2026-02-20T12:12:47.475+0000] {processor.py:830} INFO - Processing file /opt/airflow/dags/api_cb.py for tasks to queue
[2026-02-20T12:12:47.477+0000] {logging_mixin.py:188} INFO - [2026-02-20T12:12:47.477+0000] {dagbag.py:545} INFO - Filling up the DagBag from /opt/airflow/dags/api_cb.py
[2026-02-20T12:12:47.502+0000] {logging_mixin.py:188} INFO - [2026-02-20T12:12:47.499+0000] {dagbag.py:355} ERROR - Failed to import: /opt/airflow/dags/api_cb.py
Traceback (most recent call last):
  File "/home/airflow/.local/lib/python3.12/site-packages/airflow/models/dagbag.py", line 351, in parse
    loader.exec_module(new_module)
  File "<frozen importlib._bootstrap_external>", line 991, in exec_module
  File "<frozen importlib._bootstrap_external>", line 1129, in get_code
  File "<frozen importlib._bootstrap_external>", line 1059, in source_to_code
  File "<frozen importlib._bootstrap>", line 488, in _call_with_frames_removed
  File "/opt/airflow/dags/api_cb.py", line 1
    from rom airflow import DAG
             ^^^^^^^
SyntaxError: invalid syntax
[2026-02-20T12:12:47.503+0000] {processor.py:842} WARNING - No viable dags retrieved from /opt/airflow/dags/api_cb.py
[2026-02-20T12:12:47.533+0000] {processor.py:183} INFO - Processing /opt/airflow/dags/api_cb.py took 0.072 seconds
[2026-02-20T12:12:47.646+0000] {processor.py:161} INFO - Started process (PID=3942) to work on /opt/airflow/dags/api_cb.py
[2026-02-20T12:12:47.647+0000] {processor.py:830} INFO - Processing file /opt/airflow/dags/api_cb.py for tasks to queue
[2026-02-20T12:12:47.650+0000] {logging_mixin.py:188} INFO - [2026-02-20T12:12:47.649+0000] {dagbag.py:545} INFO - Filling up the DagBag from /opt/airflow/dags/api_cb.py
[2026-02-20T12:12:47.671+0000] {logging_mixin.py:188} INFO - [2026-02-20T12:12:47.670+0000] {dagbag.py:355} ERROR - Failed to import: /opt/airflow/dags/api_cb.py
Traceback (most recent call last):
  File "/home/airflow/.local/lib/python3.12/site-packages/airflow/models/dagbag.py", line 351, in parse
    loader.exec_module(new_module)
  File "<frozen importlib._bootstrap_external>", line 991, in exec_module
  File "<frozen importlib._bootstrap_external>", line 1129, in get_code
  File "<frozen importlib._bootstrap_external>", line 1059, in source_to_code
  File "<frozen importlib._bootstrap>", line 488, in _call_with_frames_removed
  File "/opt/airflow/dags/api_cb.py", line 1
    from rom airflow import DAG
             ^^^^^^^
SyntaxError: invalid syntax
[2026-02-20T12:12:47.672+0000] {processor.py:842} WARNING - No viable dags retrieved from /opt/airflow/dags/api_cb.py
[2026-02-20T12:12:47.700+0000] {processor.py:183} INFO - Processing /opt/airflow/dags/api_cb.py took 0.062 seconds
[2026-02-20T12:12:47.766+0000] {processor.py:161} INFO - Started process (PID=3947) to work on /opt/airflow/dags/api_cb.py
[2026-02-20T12:12:47.767+0000] {processor.py:830} INFO - Processing file /opt/airflow/dags/api_cb.py for tasks to queue
[2026-02-20T12:12:47.771+0000] {logging_mixin.py:188} INFO - [2026-02-20T12:12:47.770+0000] {dagbag.py:545} INFO - Filling up the DagBag from /opt/airflow/dags/api_cb.py
[2026-02-20T12:12:47.795+0000] {logging_mixin.py:188} INFO - [2026-02-20T12:12:47.794+0000] {dagbag.py:355} ERROR - Failed to import: /opt/airflow/dags/api_cb.py
Traceback (most recent call last):
  File "/home/airflow/.local/lib/python3.12/site-packages/airflow/models/dagbag.py", line 351, in parse
    loader.exec_module(new_module)
  File "<frozen importlib._bootstrap_external>", line 991, in exec_module
  File "<frozen importlib._bootstrap_external>", line 1129, in get_code
  File "<frozen importlib._bootstrap_external>", line 1059, in source_to_code
  File "<frozen importlib._bootstrap>", line 488, in _call_with_frames_removed
  File "/opt/airflow/dags/api_cb.py", line 1
    from rom airflow import DAG
             ^^^^^^^
SyntaxError: invalid syntax
[2026-02-20T12:12:47.796+0000] {processor.py:842} WARNING - No viable dags retrieved from /opt/airflow/dags/api_cb.py
[2026-02-20T12:12:47.824+0000] {processor.py:183} INFO - Processing /opt/airflow/dags/api_cb.py took 0.066 seconds
[2026-02-20T12:12:47.904+0000] {processor.py:161} INFO - Started process (PID=3952) to work on /opt/airflow/dags/api_cb.py
[2026-02-20T12:12:47.906+0000] {processor.py:830} INFO - Processing file /opt/airflow/dags/api_cb.py for tasks to queue
[2026-02-20T12:12:47.911+0000] {logging_mixin.py:188} INFO - [2026-02-20T12:12:47.911+0000] {dagbag.py:545} INFO - Filling up the DagBag from /opt/airflow/dags/api_cb.py
[2026-02-20T12:12:47.940+0000] {logging_mixin.py:188} INFO - [2026-02-20T12:12:47.939+0000] {dagbag.py:355} ERROR - Failed to import: /opt/airflow/dags/api_cb.py
Traceback (most recent call last):
  File "/home/airflow/.local/lib/python3.12/site-packages/airflow/models/dagbag.py", line 351, in parse
    loader.exec_module(new_module)
  File "<frozen importlib._bootstrap_external>", line 991, in exec_module
  File "<frozen importlib._bootstrap_external>", line 1129, in get_code
  File "<frozen importlib._bootstrap_external>", line 1059, in source_to_code
  File "<frozen importlib._bootstrap>", line 488, in _call_with_frames_removed
  File "/opt/airflow/dags/api_cb.py", line 1
    from rom airflow import DAG
             ^^^^^^^
SyntaxError: invalid syntax
[2026-02-20T12:12:47.941+0000] {processor.py:842} WARNING - No viable dags retrieved from /opt/airflow/dags/api_cb.py
[2026-02-20T12:12:47.978+0000] {processor.py:183} INFO - Processing /opt/airflow/dags/api_cb.py took 0.081 seconds
[2026-02-20T12:12:51.085+0000] {processor.py:161} INFO - Started process (PID=3957) to work on /opt/airflow/dags/api_cb.py
[2026-02-20T12:12:51.088+0000] {processor.py:830} INFO - Processing file /opt/airflow/dags/api_cb.py for tasks to queue
[2026-02-20T12:12:51.091+0000] {logging_mixin.py:188} INFO - [2026-02-20T12:12:51.090+0000] {dagbag.py:545} INFO - Filling up the DagBag from /opt/airflow/dags/api_cb.py
[2026-02-20T12:12:51.116+0000] {logging_mixin.py:188} INFO - [2026-02-20T12:12:51.114+0000] {dagbag.py:355} ERROR - Failed to import: /opt/airflow/dags/api_cb.py
Traceback (most recent call last):
  File "/home/airflow/.local/lib/python3.12/site-packages/airflow/models/dagbag.py", line 351, in parse
    loader.exec_module(new_module)
  File "<frozen importlib._bootstrap_external>", line 991, in exec_module
  File "<frozen importlib._bootstrap_external>", line 1129, in get_code
  File "<frozen importlib._bootstrap_external>", line 1059, in source_to_code
  File "<frozen importlib._bootstrap>", line 488, in _call_with_frames_removed
  File "/opt/airflow/dags/api_cb.py", line 1
    from rom airflow import DAG
             ^^^^^^^
SyntaxError: invalid syntax
[2026-02-20T12:12:51.117+0000] {processor.py:842} WARNING - No viable dags retrieved from /opt/airflow/dags/api_cb.py
[2026-02-20T12:12:51.146+0000] {processor.py:183} INFO - Processing /opt/airflow/dags/api_cb.py took 0.071 seconds
[2026-02-20T12:12:51.209+0000] {processor.py:161} INFO - Started process (PID=3962) to work on /opt/airflow/dags/api_cb.py
[2026-02-20T12:12:51.211+0000] {processor.py:830} INFO - Processing file /opt/airflow/dags/api_cb.py for tasks to queue
[2026-02-20T12:12:51.215+0000] {logging_mixin.py:188} INFO - [2026-02-20T12:12:51.214+0000] {dagbag.py:545} INFO - Filling up the DagBag from /opt/airflow/dags/api_cb.py
[2026-02-20T12:12:51.238+0000] {logging_mixin.py:188} INFO - [2026-02-20T12:12:51.236+0000] {dagbag.py:355} ERROR - Failed to import: /opt/airflow/dags/api_cb.py
Traceback (most recent call last):
  File "/home/airflow/.local/lib/python3.12/site-packages/airflow/models/dagbag.py", line 351, in parse
    loader.exec_module(new_module)
  File "<frozen importlib._bootstrap_external>", line 991, in exec_module
  File "<frozen importlib._bootstrap_external>", line 1129, in get_code
  File "<frozen importlib._bootstrap_external>", line 1059, in source_to_code
  File "<frozen importlib._bootstrap>", line 488, in _call_with_frames_removed
  File "/opt/airflow/dags/api_cb.py", line 1
    from rom airflow import DAG
             ^^^^^^^
SyntaxError: invalid syntax
[2026-02-20T12:12:51.239+0000] {processor.py:842} WARNING - No viable dags retrieved from /opt/airflow/dags/api_cb.py
[2026-02-20T12:12:51.284+0000] {processor.py:183} INFO - Processing /opt/airflow/dags/api_cb.py took 0.082 seconds
[2026-02-20T12:12:51.475+0000] {processor.py:161} INFO - Started process (PID=3967) to work on /opt/airflow/dags/api_cb.py
[2026-02-20T12:12:51.476+0000] {processor.py:830} INFO - Processing file /opt/airflow/dags/api_cb.py for tasks to queue
[2026-02-20T12:12:51.479+0000] {logging_mixin.py:188} INFO - [2026-02-20T12:12:51.478+0000] {dagbag.py:545} INFO - Filling up the DagBag from /opt/airflow/dags/api_cb.py
[2026-02-20T12:12:51.503+0000] {logging_mixin.py:188} INFO - [2026-02-20T12:12:51.500+0000] {dagbag.py:355} ERROR - Failed to import: /opt/airflow/dags/api_cb.py
Traceback (most recent call last):
  File "/home/airflow/.local/lib/python3.12/site-packages/airflow/models/dagbag.py", line 351, in parse
    loader.exec_module(new_module)
  File "<frozen importlib._bootstrap_external>", line 991, in exec_module
  File "<frozen importlib._bootstrap_external>", line 1129, in get_code
  File "<frozen importlib._bootstrap_external>", line 1059, in source_to_code
  File "<frozen importlib._bootstrap>", line 488, in _call_with_frames_removed
  File "/opt/airflow/dags/api_cb.py", line 1
    from rom airflow import DAG
             ^^^^^^^
SyntaxError: invalid syntax
[2026-02-20T12:12:51.505+0000] {processor.py:842} WARNING - No viable dags retrieved from /opt/airflow/dags/api_cb.py
[2026-02-20T12:12:51.540+0000] {processor.py:183} INFO - Processing /opt/airflow/dags/api_cb.py took 0.075 seconds
[2026-02-20T12:12:51.605+0000] {processor.py:161} INFO - Started process (PID=3972) to work on /opt/airflow/dags/api_cb.py
[2026-02-20T12:12:51.606+0000] {processor.py:830} INFO - Processing file /opt/airflow/dags/api_cb.py for tasks to queue
[2026-02-20T12:12:51.609+0000] {logging_mixin.py:188} INFO - [2026-02-20T12:12:51.609+0000] {dagbag.py:545} INFO - Filling up the DagBag from /opt/airflow/dags/api_cb.py
[2026-02-20T12:12:51.633+0000] {logging_mixin.py:188} INFO - [2026-02-20T12:12:51.632+0000] {dagbag.py:355} ERROR - Failed to import: /opt/airflow/dags/api_cb.py
Traceback (most recent call last):
  File "/home/airflow/.local/lib/python3.12/site-packages/airflow/models/dagbag.py", line 351, in parse
    loader.exec_module(new_module)
  File "<frozen importlib._bootstrap_external>", line 991, in exec_module
  File "<frozen importlib._bootstrap_external>", line 1129, in get_code
  File "<frozen importlib._bootstrap_external>", line 1059, in source_to_code
  File "<frozen importlib._bootstrap>", line 488, in _call_with_frames_removed
  File "/opt/airflow/dags/api_cb.py", line 1
    from rom airflow import DAG
             ^^^^^^^
SyntaxError: invalid syntax
[2026-02-20T12:12:51.636+0000] {processor.py:842} WARNING - No viable dags retrieved from /opt/airflow/dags/api_cb.py
[2026-02-20T12:12:51.661+0000] {processor.py:183} INFO - Processing /opt/airflow/dags/api_cb.py took 0.062 seconds
[2026-02-20T12:12:51.733+0000] {processor.py:161} INFO - Started process (PID=3977) to work on /opt/airflow/dags/api_cb.py
[2026-02-20T12:12:51.735+0000] {processor.py:830} INFO - Processing file /opt/airflow/dags/api_cb.py for tasks to queue
[2026-02-20T12:12:51.739+0000] {logging_mixin.py:188} INFO - [2026-02-20T12:12:51.739+0000] {dagbag.py:545} INFO - Filling up the DagBag from /opt/airflow/dags/api_cb.py
[2026-02-20T12:12:51.763+0000] {logging_mixin.py:188} INFO - [2026-02-20T12:12:51.762+0000] {dagbag.py:355} ERROR - Failed to import: /opt/airflow/dags/api_cb.py
Traceback (most recent call last):
  File "/home/airflow/.local/lib/python3.12/site-packages/airflow/models/dagbag.py", line 351, in parse
    loader.exec_module(new_module)
  File "<frozen importlib._bootstrap_external>", line 991, in exec_module
  File "<frozen importlib._bootstrap_external>", line 1129, in get_code
  File "<frozen importlib._bootstrap_external>", line 1059, in source_to_code
  File "<frozen importlib._bootstrap>", line 488, in _call_with_frames_removed
  File "/opt/airflow/dags/api_cb.py", line 1
    from rom airflow import DAG
             ^^^^^^^
SyntaxError: invalid syntax
[2026-02-20T12:12:51.764+0000] {processor.py:842} WARNING - No viable dags retrieved from /opt/airflow/dags/api_cb.py
[2026-02-20T12:12:51.790+0000] {processor.py:183} INFO - Processing /opt/airflow/dags/api_cb.py took 0.064 seconds
[2026-02-20T12:12:54.800+0000] {processor.py:161} INFO - Started process (PID=3988) to work on /opt/airflow/dags/api_cb.py
[2026-02-20T12:12:54.801+0000] {processor.py:830} INFO - Processing file /opt/airflow/dags/api_cb.py for tasks to queue
[2026-02-20T12:12:54.805+0000] {logging_mixin.py:188} INFO - [2026-02-20T12:12:54.804+0000] {dagbag.py:545} INFO - Filling up the DagBag from /opt/airflow/dags/api_cb.py
[2026-02-20T12:12:54.845+0000] {logging_mixin.py:188} INFO - [2026-02-20T12:12:54.843+0000] {dagbag.py:355} ERROR - Failed to import: /opt/airflow/dags/api_cb.py
Traceback (most recent call last):
  File "/home/airflow/.local/lib/python3.12/site-packages/airflow/models/dagbag.py", line 351, in parse
    loader.exec_module(new_module)
  File "<frozen importlib._bootstrap_external>", line 991, in exec_module
  File "<frozen importlib._bootstrap_external>", line 1129, in get_code
  File "<frozen importlib._bootstrap_external>", line 1059, in source_to_code
  File "<frozen importlib._bootstrap>", line 488, in _call_with_frames_removed
  File "/opt/airflow/dags/api_cb.py", line 1
    from rom airflow import DAG
             ^^^^^^^
SyntaxError: invalid syntax
[2026-02-20T12:12:54.847+0000] {processor.py:842} WARNING - No viable dags retrieved from /opt/airflow/dags/api_cb.py
[2026-02-20T12:12:54.896+0000] {processor.py:183} INFO - Processing /opt/airflow/dags/api_cb.py took 0.105 seconds
[2026-02-20T12:12:55.087+0000] {processor.py:161} INFO - Started process (PID=3993) to work on /opt/airflow/dags/api_cb.py
[2026-02-20T12:12:55.088+0000] {processor.py:830} INFO - Processing file /opt/airflow/dags/api_cb.py for tasks to queue
[2026-02-20T12:12:55.092+0000] {logging_mixin.py:188} INFO - [2026-02-20T12:12:55.091+0000] {dagbag.py:545} INFO - Filling up the DagBag from /opt/airflow/dags/api_cb.py
[2026-02-20T12:12:55.151+0000] {logging_mixin.py:188} INFO - [2026-02-20T12:12:55.145+0000] {dagbag.py:355} ERROR - Failed to import: /opt/airflow/dags/api_cb.py
Traceback (most recent call last):
  File "/home/airflow/.local/lib/python3.12/site-packages/airflow/models/dagbag.py", line 351, in parse
    loader.exec_module(new_module)
  File "<frozen importlib._bootstrap_external>", line 991, in exec_module
  File "<frozen importlib._bootstrap_external>", line 1129, in get_code
  File "<frozen importlib._bootstrap_external>", line 1059, in source_to_code
  File "<frozen importlib._bootstrap>", line 488, in _call_with_frames_removed
  File "/opt/airflow/dags/api_cb.py", line 1
    from rom airflow import DAG
             ^^^^^^^
SyntaxError: invalid syntax
[2026-02-20T12:12:55.154+0000] {processor.py:842} WARNING - No viable dags retrieved from /opt/airflow/dags/api_cb.py
[2026-02-20T12:12:55.218+0000] {processor.py:183} INFO - Processing /opt/airflow/dags/api_cb.py took 0.147 seconds
[2026-02-20T12:13:00.550+0000] {processor.py:161} INFO - Started process (PID=4003) to work on /opt/airflow/dags/api_cb.py
[2026-02-20T12:13:00.552+0000] {processor.py:830} INFO - Processing file /opt/airflow/dags/api_cb.py for tasks to queue
[2026-02-20T12:13:00.556+0000] {logging_mixin.py:188} INFO - [2026-02-20T12:13:00.555+0000] {dagbag.py:545} INFO - Filling up the DagBag from /opt/airflow/dags/api_cb.py
[2026-02-20T12:13:00.582+0000] {logging_mixin.py:188} INFO - [2026-02-20T12:13:00.580+0000] {dagbag.py:355} ERROR - Failed to import: /opt/airflow/dags/api_cb.py
Traceback (most recent call last):
  File "/home/airflow/.local/lib/python3.12/site-packages/airflow/models/dagbag.py", line 351, in parse
    loader.exec_module(new_module)
  File "<frozen importlib._bootstrap_external>", line 991, in exec_module
  File "<frozen importlib._bootstrap_external>", line 1129, in get_code
  File "<frozen importlib._bootstrap_external>", line 1059, in source_to_code
  File "<frozen importlib._bootstrap>", line 488, in _call_with_frames_removed
  File "/opt/airflow/dags/api_cb.py", line 1
    from rom airflow import DAG
             ^^^^^^^
SyntaxError: invalid syntax
[2026-02-20T12:13:00.583+0000] {processor.py:842} WARNING - No viable dags retrieved from /opt/airflow/dags/api_cb.py
[2026-02-20T12:13:00.609+0000] {processor.py:183} INFO - Processing /opt/airflow/dags/api_cb.py took 0.071 seconds
[2026-02-20T12:13:22.043+0000] {processor.py:161} INFO - Started process (PID=4021) to work on /opt/airflow/dags/api_cb.py
[2026-02-20T12:13:22.044+0000] {processor.py:830} INFO - Processing file /opt/airflow/dags/api_cb.py for tasks to queue
[2026-02-20T12:13:22.047+0000] {logging_mixin.py:188} INFO - [2026-02-20T12:13:22.046+0000] {dagbag.py:545} INFO - Filling up the DagBag from /opt/airflow/dags/api_cb.py
[2026-02-20T12:13:22.074+0000] {logging_mixin.py:188} INFO - [2026-02-20T12:13:22.072+0000] {dagbag.py:355} ERROR - Failed to import: /opt/airflow/dags/api_cb.py
Traceback (most recent call last):
  File "/home/airflow/.local/lib/python3.12/site-packages/airflow/models/dagbag.py", line 351, in parse
    loader.exec_module(new_module)
  File "<frozen importlib._bootstrap_external>", line 991, in exec_module
  File "<frozen importlib._bootstrap_external>", line 1129, in get_code
  File "<frozen importlib._bootstrap_external>", line 1059, in source_to_code
  File "<frozen importlib._bootstrap>", line 488, in _call_with_frames_removed
  File "/opt/airflow/dags/api_cb.py", line 1
    from rom airflow import DAG
             ^^^^^^^
SyntaxError: invalid syntax
[2026-02-20T12:13:22.075+0000] {processor.py:842} WARNING - No viable dags retrieved from /opt/airflow/dags/api_cb.py
[2026-02-20T12:13:22.111+0000] {processor.py:183} INFO - Processing /opt/airflow/dags/api_cb.py took 0.076 seconds
[2026-02-20T12:13:31.328+0000] {processor.py:161} INFO - Started process (PID=4037) to work on /opt/airflow/dags/api_cb.py
[2026-02-20T12:13:31.330+0000] {processor.py:830} INFO - Processing file /opt/airflow/dags/api_cb.py for tasks to queue
[2026-02-20T12:13:31.333+0000] {logging_mixin.py:188} INFO - [2026-02-20T12:13:31.332+0000] {dagbag.py:545} INFO - Filling up the DagBag from /opt/airflow/dags/api_cb.py
[2026-02-20T12:13:31.361+0000] {logging_mixin.py:188} INFO - [2026-02-20T12:13:31.359+0000] {dagbag.py:355} ERROR - Failed to import: /opt/airflow/dags/api_cb.py
Traceback (most recent call last):
  File "/home/airflow/.local/lib/python3.12/site-packages/airflow/models/dagbag.py", line 351, in parse
    loader.exec_module(new_module)
  File "<frozen importlib._bootstrap_external>", line 991, in exec_module
  File "<frozen importlib._bootstrap_external>", line 1129, in get_code
  File "<frozen importlib._bootstrap_external>", line 1059, in source_to_code
  File "<frozen importlib._bootstrap>", line 488, in _call_with_frames_removed
  File "/opt/airflow/dags/api_cb.py", line 1
    from rom airflow import DAG
             ^^^^^^^
SyntaxError: invalid syntax
[2026-02-20T12:13:31.363+0000] {processor.py:842} WARNING - No viable dags retrieved from /opt/airflow/dags/api_cb.py
[2026-02-20T12:13:31.402+0000] {processor.py:183} INFO - Processing /opt/airflow/dags/api_cb.py took 0.087 seconds
[2026-02-20T12:13:54.002+0000] {processor.py:161} INFO - Started process (PID=4049) to work on /opt/airflow/dags/api_cb.py
[2026-02-20T12:13:54.004+0000] {processor.py:830} INFO - Processing file /opt/airflow/dags/api_cb.py for tasks to queue
[2026-02-20T12:13:54.008+0000] {logging_mixin.py:188} INFO - [2026-02-20T12:13:54.007+0000] {dagbag.py:545} INFO - Filling up the DagBag from /opt/airflow/dags/api_cb.py
[2026-02-20T12:13:54.035+0000] {logging_mixin.py:188} INFO - [2026-02-20T12:13:54.033+0000] {dagbag.py:355} ERROR - Failed to import: /opt/airflow/dags/api_cb.py
Traceback (most recent call last):
  File "/home/airflow/.local/lib/python3.12/site-packages/airflow/models/dagbag.py", line 351, in parse
    loader.exec_module(new_module)
  File "<frozen importlib._bootstrap_external>", line 991, in exec_module
  File "<frozen importlib._bootstrap_external>", line 1129, in get_code
  File "<frozen importlib._bootstrap_external>", line 1059, in source_to_code
  File "<frozen importlib._bootstrap>", line 488, in _call_with_frames_removed
  File "/opt/airflow/dags/api_cb.py", line 1
    from rom airflow import DAG
             ^^^^^^^
SyntaxError: invalid syntax
[2026-02-20T12:13:54.036+0000] {processor.py:842} WARNING - No viable dags retrieved from /opt/airflow/dags/api_cb.py
[2026-02-20T12:13:54.064+0000] {processor.py:183} INFO - Processing /opt/airflow/dags/api_cb.py took 0.069 seconds
[2026-02-20T12:13:59.595+0000] {processor.py:161} INFO - Started process (PID=4066) to work on /opt/airflow/dags/api_cb.py
[2026-02-20T12:13:59.599+0000] {processor.py:830} INFO - Processing file /opt/airflow/dags/api_cb.py for tasks to queue
[2026-02-20T12:13:59.603+0000] {logging_mixin.py:188} INFO - [2026-02-20T12:13:59.602+0000] {dagbag.py:545} INFO - Filling up the DagBag from /opt/airflow/dags/api_cb.py
[2026-02-20T12:13:59.644+0000] {logging_mixin.py:188} INFO - [2026-02-20T12:13:59.643+0000] {dagbag.py:355} ERROR - Failed to import: /opt/airflow/dags/api_cb.py
Traceback (most recent call last):
  File "/home/airflow/.local/lib/python3.12/site-packages/airflow/models/dagbag.py", line 351, in parse
    loader.exec_module(new_module)
  File "<frozen importlib._bootstrap_external>", line 991, in exec_module
  File "<frozen importlib._bootstrap_external>", line 1129, in get_code
  File "<frozen importlib._bootstrap_external>", line 1059, in source_to_code
  File "<frozen importlib._bootstrap>", line 488, in _call_with_frames_removed
  File "/opt/airflow/dags/api_cb.py", line 1
    from rom airflow import DAG
             ^^^^^^^
SyntaxError: invalid syntax
[2026-02-20T12:13:59.645+0000] {processor.py:842} WARNING - No viable dags retrieved from /opt/airflow/dags/api_cb.py
[2026-02-20T12:13:59.685+0000] {processor.py:183} INFO - Processing /opt/airflow/dags/api_cb.py took 0.099 seconds
[2026-02-20T12:13:59.756+0000] {processor.py:161} INFO - Started process (PID=4071) to work on /opt/airflow/dags/api_cb.py
[2026-02-20T12:13:59.758+0000] {processor.py:830} INFO - Processing file /opt/airflow/dags/api_cb.py for tasks to queue
[2026-02-20T12:13:59.761+0000] {logging_mixin.py:188} INFO - [2026-02-20T12:13:59.761+0000] {dagbag.py:545} INFO - Filling up the DagBag from /opt/airflow/dags/api_cb.py
[2026-02-20T12:13:59.785+0000] {logging_mixin.py:188} INFO - [2026-02-20T12:13:59.784+0000] {dagbag.py:355} ERROR - Failed to import: /opt/airflow/dags/api_cb.py
Traceback (most recent call last):
  File "/home/airflow/.local/lib/python3.12/site-packages/airflow/models/dagbag.py", line 351, in parse
    loader.exec_module(new_module)
  File "<frozen importlib._bootstrap_external>", line 991, in exec_module
  File "<frozen importlib._bootstrap_external>", line 1129, in get_code
  File "<frozen importlib._bootstrap_external>", line 1059, in source_to_code
  File "<frozen importlib._bootstrap>", line 488, in _call_with_frames_removed
  File "/opt/airflow/dags/api_cb.py", line 1
    from rom airflow import DAG
             ^^^^^^^
SyntaxError: invalid syntax
[2026-02-20T12:13:59.803+0000] {processor.py:842} WARNING - No viable dags retrieved from /opt/airflow/dags/api_cb.py
[2026-02-20T12:13:59.852+0000] {processor.py:183} INFO - Processing /opt/airflow/dags/api_cb.py took 0.106 seconds
[2026-02-20T12:13:59.928+0000] {processor.py:161} INFO - Started process (PID=4076) to work on /opt/airflow/dags/api_cb.py
[2026-02-20T12:13:59.930+0000] {processor.py:830} INFO - Processing file /opt/airflow/dags/api_cb.py for tasks to queue
[2026-02-20T12:13:59.934+0000] {logging_mixin.py:188} INFO - [2026-02-20T12:13:59.933+0000] {dagbag.py:545} INFO - Filling up the DagBag from /opt/airflow/dags/api_cb.py
[2026-02-20T12:14:00.242+0000] {logging_mixin.py:188} INFO - [2026-02-20T12:14:00.241+0000] {dagbag.py:355} ERROR - Failed to import: /opt/airflow/dags/api_cb.py
Traceback (most recent call last):
  File "/home/airflow/.local/lib/python3.12/site-packages/airflow/models/dagbag.py", line 351, in parse
    loader.exec_module(new_module)
  File "<frozen importlib._bootstrap_external>", line 991, in exec_module
  File "<frozen importlib._bootstrap_external>", line 1129, in get_code
  File "<frozen importlib._bootstrap_external>", line 1059, in source_to_code
  File "<frozen importlib._bootstrap>", line 488, in _call_with_frames_removed
  File "/opt/airflow/dags/api_cb.py", line 1
    from rom airflow import DAG
             ^^^^^^^
SyntaxError: invalid syntax
[2026-02-20T12:14:00.244+0000] {processor.py:842} WARNING - No viable dags retrieved from /opt/airflow/dags/api_cb.py
[2026-02-20T12:14:00.294+0000] {processor.py:183} INFO - Processing /opt/airflow/dags/api_cb.py took 0.374 seconds
[2026-02-20T12:14:00.367+0000] {processor.py:161} INFO - Started process (PID=4081) to work on /opt/airflow/dags/api_cb.py
[2026-02-20T12:14:00.369+0000] {processor.py:830} INFO - Processing file /opt/airflow/dags/api_cb.py for tasks to queue
[2026-02-20T12:14:00.374+0000] {logging_mixin.py:188} INFO - [2026-02-20T12:14:00.372+0000] {dagbag.py:545} INFO - Filling up the DagBag from /opt/airflow/dags/api_cb.py
[2026-02-20T12:14:00.409+0000] {logging_mixin.py:188} INFO - [2026-02-20T12:14:00.407+0000] {dagbag.py:355} ERROR - Failed to import: /opt/airflow/dags/api_cb.py
Traceback (most recent call last):
  File "/home/airflow/.local/lib/python3.12/site-packages/airflow/models/dagbag.py", line 351, in parse
    loader.exec_module(new_module)
  File "<frozen importlib._bootstrap_external>", line 991, in exec_module
  File "<frozen importlib._bootstrap_external>", line 1129, in get_code
  File "<frozen importlib._bootstrap_external>", line 1059, in source_to_code
  File "<frozen importlib._bootstrap>", line 488, in _call_with_frames_removed
  File "/opt/airflow/dags/api_cb.py", line 1
    from rom airflow import DAG
             ^^^^^^^
SyntaxError: invalid syntax
[2026-02-20T12:14:00.410+0000] {processor.py:842} WARNING - No viable dags retrieved from /opt/airflow/dags/api_cb.py
[2026-02-20T12:14:00.439+0000] {processor.py:183} INFO - Processing /opt/airflow/dags/api_cb.py took 0.079 seconds
[2026-02-20T12:14:00.503+0000] {processor.py:161} INFO - Started process (PID=4086) to work on /opt/airflow/dags/api_cb.py
[2026-02-20T12:14:00.504+0000] {processor.py:830} INFO - Processing file /opt/airflow/dags/api_cb.py for tasks to queue
[2026-02-20T12:14:00.507+0000] {logging_mixin.py:188} INFO - [2026-02-20T12:14:00.506+0000] {dagbag.py:545} INFO - Filling up the DagBag from /opt/airflow/dags/api_cb.py
[2026-02-20T12:14:00.539+0000] {logging_mixin.py:188} INFO - [2026-02-20T12:14:00.538+0000] {dagbag.py:355} ERROR - Failed to import: /opt/airflow/dags/api_cb.py
Traceback (most recent call last):
  File "/home/airflow/.local/lib/python3.12/site-packages/airflow/models/dagbag.py", line 351, in parse
    loader.exec_module(new_module)
  File "<frozen importlib._bootstrap_external>", line 991, in exec_module
  File "<frozen importlib._bootstrap_external>", line 1129, in get_code
  File "<frozen importlib._bootstrap_external>", line 1059, in source_to_code
  File "<frozen importlib._bootstrap>", line 488, in _call_with_frames_removed
  File "/opt/airflow/dags/api_cb.py", line 1
    from rom airflow import DAG
             ^^^^^^^
SyntaxError: invalid syntax
[2026-02-20T12:14:00.541+0000] {processor.py:842} WARNING - No viable dags retrieved from /opt/airflow/dags/api_cb.py
[2026-02-20T12:14:00.567+0000] {processor.py:183} INFO - Processing /opt/airflow/dags/api_cb.py took 0.072 seconds
[2026-02-20T12:14:00.633+0000] {processor.py:161} INFO - Started process (PID=4091) to work on /opt/airflow/dags/api_cb.py
[2026-02-20T12:14:00.634+0000] {processor.py:830} INFO - Processing file /opt/airflow/dags/api_cb.py for tasks to queue
[2026-02-20T12:14:00.637+0000] {logging_mixin.py:188} INFO - [2026-02-20T12:14:00.637+0000] {dagbag.py:545} INFO - Filling up the DagBag from /opt/airflow/dags/api_cb.py
[2026-02-20T12:14:00.663+0000] {logging_mixin.py:188} INFO - [2026-02-20T12:14:00.662+0000] {dagbag.py:355} ERROR - Failed to import: /opt/airflow/dags/api_cb.py
Traceback (most recent call last):
  File "/home/airflow/.local/lib/python3.12/site-packages/airflow/models/dagbag.py", line 351, in parse
    loader.exec_module(new_module)
  File "<frozen importlib._bootstrap_external>", line 991, in exec_module
  File "<frozen importlib._bootstrap_external>", line 1129, in get_code
  File "<frozen importlib._bootstrap_external>", line 1059, in source_to_code
  File "<frozen importlib._bootstrap>", line 488, in _call_with_frames_removed
  File "/opt/airflow/dags/api_cb.py", line 1
    from rom airflow import DAG
             ^^^^^^^
SyntaxError: invalid syntax
[2026-02-20T12:14:00.664+0000] {processor.py:842} WARNING - No viable dags retrieved from /opt/airflow/dags/api_cb.py
[2026-02-20T12:14:00.690+0000] {processor.py:183} INFO - Processing /opt/airflow/dags/api_cb.py took 0.066 seconds
[2026-02-20T12:14:00.780+0000] {processor.py:161} INFO - Started process (PID=4096) to work on /opt/airflow/dags/api_cb.py
[2026-02-20T12:14:00.782+0000] {processor.py:830} INFO - Processing file /opt/airflow/dags/api_cb.py for tasks to queue
[2026-02-20T12:14:00.785+0000] {logging_mixin.py:188} INFO - [2026-02-20T12:14:00.784+0000] {dagbag.py:545} INFO - Filling up the DagBag from /opt/airflow/dags/api_cb.py
[2026-02-20T12:14:00.818+0000] {logging_mixin.py:188} INFO - [2026-02-20T12:14:00.816+0000] {dagbag.py:355} ERROR - Failed to import: /opt/airflow/dags/api_cb.py
Traceback (most recent call last):
  File "/home/airflow/.local/lib/python3.12/site-packages/airflow/models/dagbag.py", line 351, in parse
    loader.exec_module(new_module)
  File "<frozen importlib._bootstrap_external>", line 991, in exec_module
  File "<frozen importlib._bootstrap_external>", line 1129, in get_code
  File "<frozen importlib._bootstrap_external>", line 1059, in source_to_code
  File "<frozen importlib._bootstrap>", line 488, in _call_with_frames_removed
  File "/opt/airflow/dags/api_cb.py", line 1
    from rom airflow import DAG
             ^^^^^^^
SyntaxError: invalid syntax
[2026-02-20T12:14:00.819+0000] {processor.py:842} WARNING - No viable dags retrieved from /opt/airflow/dags/api_cb.py
[2026-02-20T12:14:00.852+0000] {processor.py:183} INFO - Processing /opt/airflow/dags/api_cb.py took 0.082 seconds
[2026-02-20T12:14:00.917+0000] {processor.py:161} INFO - Started process (PID=4101) to work on /opt/airflow/dags/api_cb.py
[2026-02-20T12:14:00.918+0000] {processor.py:830} INFO - Processing file /opt/airflow/dags/api_cb.py for tasks to queue
[2026-02-20T12:14:00.921+0000] {logging_mixin.py:188} INFO - [2026-02-20T12:14:00.920+0000] {dagbag.py:545} INFO - Filling up the DagBag from /opt/airflow/dags/api_cb.py
[2026-02-20T12:14:00.947+0000] {logging_mixin.py:188} INFO - [2026-02-20T12:14:00.946+0000] {dagbag.py:355} ERROR - Failed to import: /opt/airflow/dags/api_cb.py
Traceback (most recent call last):
  File "/home/airflow/.local/lib/python3.12/site-packages/airflow/models/dagbag.py", line 351, in parse
    loader.exec_module(new_module)
  File "<frozen importlib._bootstrap_external>", line 991, in exec_module
  File "<frozen importlib._bootstrap_external>", line 1129, in get_code
  File "<frozen importlib._bootstrap_external>", line 1059, in source_to_code
  File "<frozen importlib._bootstrap>", line 488, in _call_with_frames_removed
  File "/opt/airflow/dags/api_cb.py", line 1
    from rom airflow import DAG
             ^^^^^^^
SyntaxError: invalid syntax
[2026-02-20T12:14:00.949+0000] {processor.py:842} WARNING - No viable dags retrieved from /opt/airflow/dags/api_cb.py
[2026-02-20T12:14:00.976+0000] {processor.py:183} INFO - Processing /opt/airflow/dags/api_cb.py took 0.066 seconds
[2026-02-20T12:14:01.059+0000] {processor.py:161} INFO - Started process (PID=4106) to work on /opt/airflow/dags/api_cb.py
[2026-02-20T12:14:01.061+0000] {processor.py:830} INFO - Processing file /opt/airflow/dags/api_cb.py for tasks to queue
[2026-02-20T12:14:01.066+0000] {logging_mixin.py:188} INFO - [2026-02-20T12:14:01.064+0000] {dagbag.py:545} INFO - Filling up the DagBag from /opt/airflow/dags/api_cb.py
[2026-02-20T12:14:01.117+0000] {logging_mixin.py:188} INFO - [2026-02-20T12:14:01.114+0000] {dagbag.py:355} ERROR - Failed to import: /opt/airflow/dags/api_cb.py
Traceback (most recent call last):
  File "/home/airflow/.local/lib/python3.12/site-packages/airflow/models/dagbag.py", line 351, in parse
    loader.exec_module(new_module)
  File "<frozen importlib._bootstrap_external>", line 991, in exec_module
  File "<frozen importlib._bootstrap_external>", line 1129, in get_code
  File "<frozen importlib._bootstrap_external>", line 1059, in source_to_code
  File "<frozen importlib._bootstrap>", line 488, in _call_with_frames_removed
  File "/opt/airflow/dags/api_cb.py", line 1
    from rom airflow import DAG
             ^^^^^^^
SyntaxError: invalid syntax
[2026-02-20T12:14:01.119+0000] {processor.py:842} WARNING - No viable dags retrieved from /opt/airflow/dags/api_cb.py
[2026-02-20T12:14:01.150+0000] {processor.py:183} INFO - Processing /opt/airflow/dags/api_cb.py took 0.108 seconds
[2026-02-20T12:14:01.215+0000] {processor.py:161} INFO - Started process (PID=4111) to work on /opt/airflow/dags/api_cb.py
[2026-02-20T12:14:01.218+0000] {processor.py:830} INFO - Processing file /opt/airflow/dags/api_cb.py for tasks to queue
[2026-02-20T12:14:01.222+0000] {logging_mixin.py:188} INFO - [2026-02-20T12:14:01.221+0000] {dagbag.py:545} INFO - Filling up the DagBag from /opt/airflow/dags/api_cb.py
[2026-02-20T12:14:01.247+0000] {logging_mixin.py:188} INFO - [2026-02-20T12:14:01.245+0000] {dagbag.py:355} ERROR - Failed to import: /opt/airflow/dags/api_cb.py
Traceback (most recent call last):
  File "/home/airflow/.local/lib/python3.12/site-packages/airflow/models/dagbag.py", line 351, in parse
    loader.exec_module(new_module)
  File "<frozen importlib._bootstrap_external>", line 991, in exec_module
  File "<frozen importlib._bootstrap_external>", line 1129, in get_code
  File "<frozen importlib._bootstrap_external>", line 1059, in source_to_code
  File "<frozen importlib._bootstrap>", line 488, in _call_with_frames_removed
  File "/opt/airflow/dags/api_cb.py", line 1
    from rom airflow import DAG
             ^^^^^^^
SyntaxError: invalid syntax
[2026-02-20T12:14:01.248+0000] {processor.py:842} WARNING - No viable dags retrieved from /opt/airflow/dags/api_cb.py
[2026-02-20T12:14:01.277+0000] {processor.py:183} INFO - Processing /opt/airflow/dags/api_cb.py took 0.070 seconds
[2026-02-20T12:14:01.347+0000] {processor.py:161} INFO - Started process (PID=4116) to work on /opt/airflow/dags/api_cb.py
[2026-02-20T12:14:01.349+0000] {processor.py:830} INFO - Processing file /opt/airflow/dags/api_cb.py for tasks to queue
[2026-02-20T12:14:01.352+0000] {logging_mixin.py:188} INFO - [2026-02-20T12:14:01.352+0000] {dagbag.py:545} INFO - Filling up the DagBag from /opt/airflow/dags/api_cb.py
[2026-02-20T12:14:01.383+0000] {logging_mixin.py:188} INFO - [2026-02-20T12:14:01.381+0000] {dagbag.py:355} ERROR - Failed to import: /opt/airflow/dags/api_cb.py
Traceback (most recent call last):
  File "/home/airflow/.local/lib/python3.12/site-packages/airflow/models/dagbag.py", line 351, in parse
    loader.exec_module(new_module)
  File "<frozen importlib._bootstrap_external>", line 991, in exec_module
  File "<frozen importlib._bootstrap_external>", line 1129, in get_code
  File "<frozen importlib._bootstrap_external>", line 1059, in source_to_code
  File "<frozen importlib._bootstrap>", line 488, in _call_with_frames_removed
  File "/opt/airflow/dags/api_cb.py", line 1
    from rom airflow import DAG
             ^^^^^^^
SyntaxError: invalid syntax
[2026-02-20T12:14:01.385+0000] {processor.py:842} WARNING - No viable dags retrieved from /opt/airflow/dags/api_cb.py
[2026-02-20T12:14:01.413+0000] {processor.py:183} INFO - Processing /opt/airflow/dags/api_cb.py took 0.073 seconds
[2026-02-20T12:14:01.501+0000] {processor.py:161} INFO - Started process (PID=4121) to work on /opt/airflow/dags/api_cb.py
[2026-02-20T12:14:01.502+0000] {processor.py:830} INFO - Processing file /opt/airflow/dags/api_cb.py for tasks to queue
[2026-02-20T12:14:01.506+0000] {logging_mixin.py:188} INFO - [2026-02-20T12:14:01.505+0000] {dagbag.py:545} INFO - Filling up the DagBag from /opt/airflow/dags/api_cb.py
[2026-02-20T12:14:01.537+0000] {logging_mixin.py:188} INFO - [2026-02-20T12:14:01.536+0000] {dagbag.py:355} ERROR - Failed to import: /opt/airflow/dags/api_cb.py
Traceback (most recent call last):
  File "/home/airflow/.local/lib/python3.12/site-packages/airflow/models/dagbag.py", line 351, in parse
    loader.exec_module(new_module)
  File "<frozen importlib._bootstrap_external>", line 991, in exec_module
  File "<frozen importlib._bootstrap_external>", line 1129, in get_code
  File "<frozen importlib._bootstrap_external>", line 1059, in source_to_code
  File "<frozen importlib._bootstrap>", line 488, in _call_with_frames_removed
  File "/opt/airflow/dags/api_cb.py", line 1
    from rom airflow import DAG
             ^^^^^^^
SyntaxError: invalid syntax
[2026-02-20T12:14:01.538+0000] {processor.py:842} WARNING - No viable dags retrieved from /opt/airflow/dags/api_cb.py
[2026-02-20T12:14:01.563+0000] {processor.py:183} INFO - Processing /opt/airflow/dags/api_cb.py took 0.069 seconds
[2026-02-20T12:14:32.074+0000] {processor.py:161} INFO - Started process (PID=4147) to work on /opt/airflow/dags/api_cb.py
[2026-02-20T12:14:32.081+0000] {processor.py:830} INFO - Processing file /opt/airflow/dags/api_cb.py for tasks to queue
[2026-02-20T12:14:32.098+0000] {logging_mixin.py:188} INFO - [2026-02-20T12:14:32.097+0000] {dagbag.py:545} INFO - Filling up the DagBag from /opt/airflow/dags/api_cb.py
[2026-02-20T12:14:32.282+0000] {logging_mixin.py:188} INFO - [2026-02-20T12:14:32.281+0000] {dagbag.py:355} ERROR - Failed to import: /opt/airflow/dags/api_cb.py
Traceback (most recent call last):
  File "/home/airflow/.local/lib/python3.12/site-packages/airflow/models/dagbag.py", line 351, in parse
    loader.exec_module(new_module)
  File "<frozen importlib._bootstrap_external>", line 991, in exec_module
  File "<frozen importlib._bootstrap_external>", line 1129, in get_code
  File "<frozen importlib._bootstrap_external>", line 1059, in source_to_code
  File "<frozen importlib._bootstrap>", line 488, in _call_with_frames_removed
  File "/opt/airflow/dags/api_cb.py", line 1
    from rom airflow import DAG
             ^^^^^^^
SyntaxError: invalid syntax
[2026-02-20T12:14:32.283+0000] {processor.py:842} WARNING - No viable dags retrieved from /opt/airflow/dags/api_cb.py
[2026-02-20T12:14:32.316+0000] {processor.py:183} INFO - Processing /opt/airflow/dags/api_cb.py took 0.254 seconds
[2026-02-20T12:14:32.387+0000] {processor.py:161} INFO - Started process (PID=4155) to work on /opt/airflow/dags/api_cb.py
[2026-02-20T12:14:32.389+0000] {processor.py:830} INFO - Processing file /opt/airflow/dags/api_cb.py for tasks to queue
[2026-02-20T12:14:32.392+0000] {logging_mixin.py:188} INFO - [2026-02-20T12:14:32.391+0000] {dagbag.py:545} INFO - Filling up the DagBag from /opt/airflow/dags/api_cb.py
[2026-02-20T12:14:32.425+0000] {logging_mixin.py:188} INFO - [2026-02-20T12:14:32.422+0000] {dagbag.py:355} ERROR - Failed to import: /opt/airflow/dags/api_cb.py
Traceback (most recent call last):
  File "/home/airflow/.local/lib/python3.12/site-packages/airflow/models/dagbag.py", line 351, in parse
    loader.exec_module(new_module)
  File "<frozen importlib._bootstrap_external>", line 991, in exec_module
  File "<frozen importlib._bootstrap_external>", line 1129, in get_code
  File "<frozen importlib._bootstrap_external>", line 1059, in source_to_code
  File "<frozen importlib._bootstrap>", line 488, in _call_with_frames_removed
  File "/opt/airflow/dags/api_cb.py", line 1
    from rom airflow import DAG
             ^^^^^^^
SyntaxError: invalid syntax
[2026-02-20T12:14:32.426+0000] {processor.py:842} WARNING - No viable dags retrieved from /opt/airflow/dags/api_cb.py
[2026-02-20T12:14:32.460+0000] {processor.py:183} INFO - Processing /opt/airflow/dags/api_cb.py took 0.083 seconds
[2026-02-20T12:14:32.538+0000] {processor.py:161} INFO - Started process (PID=4162) to work on /opt/airflow/dags/api_cb.py
[2026-02-20T12:14:32.539+0000] {processor.py:830} INFO - Processing file /opt/airflow/dags/api_cb.py for tasks to queue
[2026-02-20T12:14:32.542+0000] {logging_mixin.py:188} INFO - [2026-02-20T12:14:32.542+0000] {dagbag.py:545} INFO - Filling up the DagBag from /opt/airflow/dags/api_cb.py
[2026-02-20T12:14:32.575+0000] {logging_mixin.py:188} INFO - [2026-02-20T12:14:32.573+0000] {dagbag.py:355} ERROR - Failed to import: /opt/airflow/dags/api_cb.py
Traceback (most recent call last):
  File "/home/airflow/.local/lib/python3.12/site-packages/airflow/models/dagbag.py", line 351, in parse
    loader.exec_module(new_module)
  File "<frozen importlib._bootstrap_external>", line 991, in exec_module
  File "<frozen importlib._bootstrap_external>", line 1129, in get_code
  File "<frozen importlib._bootstrap_external>", line 1059, in source_to_code
  File "<frozen importlib._bootstrap>", line 488, in _call_with_frames_removed
  File "/opt/airflow/dags/api_cb.py", line 1
    from rom airflow import DAG
             ^^^^^^^
SyntaxError: invalid syntax
[2026-02-20T12:14:32.577+0000] {processor.py:842} WARNING - No viable dags retrieved from /opt/airflow/dags/api_cb.py
[2026-02-20T12:14:32.615+0000] {processor.py:183} INFO - Processing /opt/airflow/dags/api_cb.py took 0.087 seconds
[2026-02-20T12:14:32.686+0000] {processor.py:161} INFO - Started process (PID=4167) to work on /opt/airflow/dags/api_cb.py
[2026-02-20T12:14:32.689+0000] {processor.py:830} INFO - Processing file /opt/airflow/dags/api_cb.py for tasks to queue
[2026-02-20T12:14:32.693+0000] {logging_mixin.py:188} INFO - [2026-02-20T12:14:32.692+0000] {dagbag.py:545} INFO - Filling up the DagBag from /opt/airflow/dags/api_cb.py
[2026-02-20T12:14:32.728+0000] {logging_mixin.py:188} INFO - [2026-02-20T12:14:32.725+0000] {dagbag.py:355} ERROR - Failed to import: /opt/airflow/dags/api_cb.py
Traceback (most recent call last):
  File "/home/airflow/.local/lib/python3.12/site-packages/airflow/models/dagbag.py", line 351, in parse
    loader.exec_module(new_module)
  File "<frozen importlib._bootstrap_external>", line 991, in exec_module
  File "<frozen importlib._bootstrap_external>", line 1129, in get_code
  File "<frozen importlib._bootstrap_external>", line 1059, in source_to_code
  File "<frozen importlib._bootstrap>", line 488, in _call_with_frames_removed
  File "/opt/airflow/dags/api_cb.py", line 1
    from rom airflow import DAG
             ^^^^^^^
SyntaxError: invalid syntax
[2026-02-20T12:14:32.730+0000] {processor.py:842} WARNING - No viable dags retrieved from /opt/airflow/dags/api_cb.py
[2026-02-20T12:14:32.767+0000] {processor.py:183} INFO - Processing /opt/airflow/dags/api_cb.py took 0.091 seconds
[2026-02-20T12:14:32.838+0000] {processor.py:161} INFO - Started process (PID=4172) to work on /opt/airflow/dags/api_cb.py
[2026-02-20T12:14:32.839+0000] {processor.py:830} INFO - Processing file /opt/airflow/dags/api_cb.py for tasks to queue
[2026-02-20T12:14:32.842+0000] {logging_mixin.py:188} INFO - [2026-02-20T12:14:32.842+0000] {dagbag.py:545} INFO - Filling up the DagBag from /opt/airflow/dags/api_cb.py
[2026-02-20T12:14:32.865+0000] {logging_mixin.py:188} INFO - [2026-02-20T12:14:32.864+0000] {dagbag.py:355} ERROR - Failed to import: /opt/airflow/dags/api_cb.py
Traceback (most recent call last):
  File "/home/airflow/.local/lib/python3.12/site-packages/airflow/models/dagbag.py", line 351, in parse
    loader.exec_module(new_module)
  File "<frozen importlib._bootstrap_external>", line 991, in exec_module
  File "<frozen importlib._bootstrap_external>", line 1129, in get_code
  File "<frozen importlib._bootstrap_external>", line 1059, in source_to_code
  File "<frozen importlib._bootstrap>", line 488, in _call_with_frames_removed
  File "/opt/airflow/dags/api_cb.py", line 1
    from rom airflow import DAG
             ^^^^^^^
SyntaxError: invalid syntax
[2026-02-20T12:14:32.867+0000] {processor.py:842} WARNING - No viable dags retrieved from /opt/airflow/dags/api_cb.py
[2026-02-20T12:14:32.894+0000] {processor.py:183} INFO - Processing /opt/airflow/dags/api_cb.py took 0.065 seconds
[2026-02-20T12:14:38.894+0000] {processor.py:161} INFO - Started process (PID=4177) to work on /opt/airflow/dags/api_cb.py
[2026-02-20T12:14:38.896+0000] {processor.py:830} INFO - Processing file /opt/airflow/dags/api_cb.py for tasks to queue
[2026-02-20T12:14:38.898+0000] {logging_mixin.py:188} INFO - [2026-02-20T12:14:38.898+0000] {dagbag.py:545} INFO - Filling up the DagBag from /opt/airflow/dags/api_cb.py
[2026-02-20T12:14:38.917+0000] {logging_mixin.py:188} INFO - [2026-02-20T12:14:38.916+0000] {dagbag.py:355} ERROR - Failed to import: /opt/airflow/dags/api_cb.py
Traceback (most recent call last):
  File "/home/airflow/.local/lib/python3.12/site-packages/airflow/models/dagbag.py", line 351, in parse
    loader.exec_module(new_module)
  File "<frozen importlib._bootstrap_external>", line 991, in exec_module
  File "<frozen importlib._bootstrap_external>", line 1129, in get_code
  File "<frozen importlib._bootstrap_external>", line 1059, in source_to_code
  File "<frozen importlib._bootstrap>", line 488, in _call_with_frames_removed
  File "/opt/airflow/dags/api_cb.py", line 1
    from rom airflow import DAG
             ^^^^^^^
SyntaxError: invalid syntax
[2026-02-20T12:14:38.918+0000] {processor.py:842} WARNING - No viable dags retrieved from /opt/airflow/dags/api_cb.py
[2026-02-20T12:14:38.941+0000] {processor.py:183} INFO - Processing /opt/airflow/dags/api_cb.py took 0.054 seconds
[2026-02-20T12:14:39.005+0000] {processor.py:161} INFO - Started process (PID=4182) to work on /opt/airflow/dags/api_cb.py
[2026-02-20T12:14:39.007+0000] {processor.py:830} INFO - Processing file /opt/airflow/dags/api_cb.py for tasks to queue
[2026-02-20T12:14:39.009+0000] {logging_mixin.py:188} INFO - [2026-02-20T12:14:39.009+0000] {dagbag.py:545} INFO - Filling up the DagBag from /opt/airflow/dags/api_cb.py
[2026-02-20T12:14:39.047+0000] {logging_mixin.py:188} INFO - [2026-02-20T12:14:39.046+0000] {dagbag.py:355} ERROR - Failed to import: /opt/airflow/dags/api_cb.py
Traceback (most recent call last):
  File "/home/airflow/.local/lib/python3.12/site-packages/airflow/models/dagbag.py", line 351, in parse
    loader.exec_module(new_module)
  File "<frozen importlib._bootstrap_external>", line 991, in exec_module
  File "<frozen importlib._bootstrap_external>", line 1129, in get_code
  File "<frozen importlib._bootstrap_external>", line 1059, in source_to_code
  File "<frozen importlib._bootstrap>", line 488, in _call_with_frames_removed
  File "/opt/airflow/dags/api_cb.py", line 1
    from rom airflow import DAG
             ^^^^^^^
SyntaxError: invalid syntax
[2026-02-20T12:14:39.048+0000] {processor.py:842} WARNING - No viable dags retrieved from /opt/airflow/dags/api_cb.py
[2026-02-20T12:14:39.075+0000] {processor.py:183} INFO - Processing /opt/airflow/dags/api_cb.py took 0.078 seconds
[2026-02-20T12:14:39.142+0000] {processor.py:161} INFO - Started process (PID=4187) to work on /opt/airflow/dags/api_cb.py
[2026-02-20T12:14:39.143+0000] {processor.py:830} INFO - Processing file /opt/airflow/dags/api_cb.py for tasks to queue
[2026-02-20T12:14:39.146+0000] {logging_mixin.py:188} INFO - [2026-02-20T12:14:39.146+0000] {dagbag.py:545} INFO - Filling up the DagBag from /opt/airflow/dags/api_cb.py
[2026-02-20T12:14:39.180+0000] {logging_mixin.py:188} INFO - [2026-02-20T12:14:39.179+0000] {dagbag.py:355} ERROR - Failed to import: /opt/airflow/dags/api_cb.py
Traceback (most recent call last):
  File "/home/airflow/.local/lib/python3.12/site-packages/airflow/models/dagbag.py", line 351, in parse
    loader.exec_module(new_module)
  File "<frozen importlib._bootstrap_external>", line 991, in exec_module
  File "<frozen importlib._bootstrap_external>", line 1129, in get_code
  File "<frozen importlib._bootstrap_external>", line 1059, in source_to_code
  File "<frozen importlib._bootstrap>", line 488, in _call_with_frames_removed
  File "/opt/airflow/dags/api_cb.py", line 1
    from rom airflow import DAG
             ^^^^^^^
SyntaxError: invalid syntax
[2026-02-20T12:14:39.181+0000] {processor.py:842} WARNING - No viable dags retrieved from /opt/airflow/dags/api_cb.py
[2026-02-20T12:14:39.211+0000] {processor.py:183} INFO - Processing /opt/airflow/dags/api_cb.py took 0.076 seconds
[2026-02-20T12:14:39.275+0000] {processor.py:161} INFO - Started process (PID=4192) to work on /opt/airflow/dags/api_cb.py
[2026-02-20T12:14:39.278+0000] {processor.py:830} INFO - Processing file /opt/airflow/dags/api_cb.py for tasks to queue
[2026-02-20T12:14:39.281+0000] {logging_mixin.py:188} INFO - [2026-02-20T12:14:39.280+0000] {dagbag.py:545} INFO - Filling up the DagBag from /opt/airflow/dags/api_cb.py
[2026-02-20T12:14:39.308+0000] {logging_mixin.py:188} INFO - [2026-02-20T12:14:39.306+0000] {dagbag.py:355} ERROR - Failed to import: /opt/airflow/dags/api_cb.py
Traceback (most recent call last):
  File "/home/airflow/.local/lib/python3.12/site-packages/airflow/models/dagbag.py", line 351, in parse
    loader.exec_module(new_module)
  File "<frozen importlib._bootstrap_external>", line 991, in exec_module
  File "<frozen importlib._bootstrap_external>", line 1129, in get_code
  File "<frozen importlib._bootstrap_external>", line 1059, in source_to_code
  File "<frozen importlib._bootstrap>", line 488, in _call_with_frames_removed
  File "/opt/airflow/dags/api_cb.py", line 1
    from rom airflow import DAG
             ^^^^^^^
SyntaxError: invalid syntax
[2026-02-20T12:14:39.309+0000] {processor.py:842} WARNING - No viable dags retrieved from /opt/airflow/dags/api_cb.py
[2026-02-20T12:14:39.345+0000] {processor.py:183} INFO - Processing /opt/airflow/dags/api_cb.py took 0.077 seconds
[2026-02-20T12:14:50.424+0000] {processor.py:161} INFO - Started process (PID=4203) to work on /opt/airflow/dags/api_cb.py
[2026-02-20T12:14:50.426+0000] {processor.py:830} INFO - Processing file /opt/airflow/dags/api_cb.py for tasks to queue
[2026-02-20T12:14:50.429+0000] {logging_mixin.py:188} INFO - [2026-02-20T12:14:50.429+0000] {dagbag.py:545} INFO - Filling up the DagBag from /opt/airflow/dags/api_cb.py
[2026-02-20T12:14:50.460+0000] {logging_mixin.py:188} INFO - [2026-02-20T12:14:50.459+0000] {dagbag.py:355} ERROR - Failed to import: /opt/airflow/dags/api_cb.py
Traceback (most recent call last):
  File "/home/airflow/.local/lib/python3.12/site-packages/airflow/models/dagbag.py", line 351, in parse
    loader.exec_module(new_module)
  File "<frozen importlib._bootstrap_external>", line 991, in exec_module
  File "<frozen importlib._bootstrap_external>", line 1129, in get_code
  File "<frozen importlib._bootstrap_external>", line 1059, in source_to_code
  File "<frozen importlib._bootstrap>", line 488, in _call_with_frames_removed
  File "/opt/airflow/dags/api_cb.py", line 1
    from rom airflow import DAG
             ^^^^^^^
SyntaxError: invalid syntax
[2026-02-20T12:14:50.461+0000] {processor.py:842} WARNING - No viable dags retrieved from /opt/airflow/dags/api_cb.py
[2026-02-20T12:14:50.489+0000] {processor.py:183} INFO - Processing /opt/airflow/dags/api_cb.py took 0.074 seconds
[2026-02-20T12:14:55.860+0000] {processor.py:161} INFO - Started process (PID=4216) to work on /opt/airflow/dags/api_cb.py
[2026-02-20T12:14:55.862+0000] {processor.py:830} INFO - Processing file /opt/airflow/dags/api_cb.py for tasks to queue
[2026-02-20T12:14:55.866+0000] {logging_mixin.py:188} INFO - [2026-02-20T12:14:55.866+0000] {dagbag.py:545} INFO - Filling up the DagBag from /opt/airflow/dags/api_cb.py
[2026-02-20T12:14:55.899+0000] {logging_mixin.py:188} INFO - [2026-02-20T12:14:55.897+0000] {dagbag.py:355} ERROR - Failed to import: /opt/airflow/dags/api_cb.py
Traceback (most recent call last):
  File "/home/airflow/.local/lib/python3.12/site-packages/airflow/models/dagbag.py", line 351, in parse
    loader.exec_module(new_module)
  File "<frozen importlib._bootstrap_external>", line 991, in exec_module
  File "<frozen importlib._bootstrap_external>", line 1129, in get_code
  File "<frozen importlib._bootstrap_external>", line 1059, in source_to_code
  File "<frozen importlib._bootstrap>", line 488, in _call_with_frames_removed
  File "/opt/airflow/dags/api_cb.py", line 1
    from rom airflow import DAG
             ^^^^^^^
SyntaxError: invalid syntax
[2026-02-20T12:14:55.901+0000] {processor.py:842} WARNING - No viable dags retrieved from /opt/airflow/dags/api_cb.py
[2026-02-20T12:14:55.929+0000] {processor.py:183} INFO - Processing /opt/airflow/dags/api_cb.py took 0.078 seconds
[2026-02-20T12:14:55.994+0000] {processor.py:161} INFO - Started process (PID=4221) to work on /opt/airflow/dags/api_cb.py
[2026-02-20T12:14:55.996+0000] {processor.py:830} INFO - Processing file /opt/airflow/dags/api_cb.py for tasks to queue
[2026-02-20T12:14:56.002+0000] {logging_mixin.py:188} INFO - [2026-02-20T12:14:56.001+0000] {dagbag.py:545} INFO - Filling up the DagBag from /opt/airflow/dags/api_cb.py
[2026-02-20T12:14:56.032+0000] {logging_mixin.py:188} INFO - [2026-02-20T12:14:56.029+0000] {dagbag.py:355} ERROR - Failed to import: /opt/airflow/dags/api_cb.py
Traceback (most recent call last):
  File "/home/airflow/.local/lib/python3.12/site-packages/airflow/models/dagbag.py", line 351, in parse
    loader.exec_module(new_module)
  File "<frozen importlib._bootstrap_external>", line 991, in exec_module
  File "<frozen importlib._bootstrap_external>", line 1129, in get_code
  File "<frozen importlib._bootstrap_external>", line 1059, in source_to_code
  File "<frozen importlib._bootstrap>", line 488, in _call_with_frames_removed
  File "/opt/airflow/dags/api_cb.py", line 1
    from rom airflow import DAG
             ^^^^^^^
SyntaxError: invalid syntax
[2026-02-20T12:14:56.033+0000] {processor.py:842} WARNING - No viable dags retrieved from /opt/airflow/dags/api_cb.py
[2026-02-20T12:14:56.070+0000] {processor.py:183} INFO - Processing /opt/airflow/dags/api_cb.py took 0.084 seconds
[2026-02-20T12:14:56.159+0000] {processor.py:161} INFO - Started process (PID=4226) to work on /opt/airflow/dags/api_cb.py
[2026-02-20T12:14:56.160+0000] {processor.py:830} INFO - Processing file /opt/airflow/dags/api_cb.py for tasks to queue
[2026-02-20T12:14:56.163+0000] {logging_mixin.py:188} INFO - [2026-02-20T12:14:56.162+0000] {dagbag.py:545} INFO - Filling up the DagBag from /opt/airflow/dags/api_cb.py
[2026-02-20T12:14:56.187+0000] {logging_mixin.py:188} INFO - [2026-02-20T12:14:56.185+0000] {dagbag.py:355} ERROR - Failed to import: /opt/airflow/dags/api_cb.py
Traceback (most recent call last):
  File "/home/airflow/.local/lib/python3.12/site-packages/airflow/models/dagbag.py", line 351, in parse
    loader.exec_module(new_module)
  File "<frozen importlib._bootstrap_external>", line 991, in exec_module
  File "<frozen importlib._bootstrap_external>", line 1129, in get_code
  File "<frozen importlib._bootstrap_external>", line 1059, in source_to_code
  File "<frozen importlib._bootstrap>", line 488, in _call_with_frames_removed
  File "/opt/airflow/dags/api_cb.py", line 1
    from rom airflow import DAG
             ^^^^^^^
SyntaxError: invalid syntax
[2026-02-20T12:14:56.188+0000] {processor.py:842} WARNING - No viable dags retrieved from /opt/airflow/dags/api_cb.py
[2026-02-20T12:14:56.215+0000] {processor.py:183} INFO - Processing /opt/airflow/dags/api_cb.py took 0.067 seconds
[2026-02-20T12:14:56.280+0000] {processor.py:161} INFO - Started process (PID=4231) to work on /opt/airflow/dags/api_cb.py
[2026-02-20T12:14:56.282+0000] {processor.py:830} INFO - Processing file /opt/airflow/dags/api_cb.py for tasks to queue
[2026-02-20T12:14:56.285+0000] {logging_mixin.py:188} INFO - [2026-02-20T12:14:56.284+0000] {dagbag.py:545} INFO - Filling up the DagBag from /opt/airflow/dags/api_cb.py
[2026-02-20T12:14:56.309+0000] {logging_mixin.py:188} INFO - [2026-02-20T12:14:56.308+0000] {dagbag.py:355} ERROR - Failed to import: /opt/airflow/dags/api_cb.py
Traceback (most recent call last):
  File "/home/airflow/.local/lib/python3.12/site-packages/airflow/models/dagbag.py", line 351, in parse
    loader.exec_module(new_module)
  File "<frozen importlib._bootstrap_external>", line 991, in exec_module
  File "<frozen importlib._bootstrap_external>", line 1129, in get_code
  File "<frozen importlib._bootstrap_external>", line 1059, in source_to_code
  File "<frozen importlib._bootstrap>", line 488, in _call_with_frames_removed
  File "/opt/airflow/dags/api_cb.py", line 1
    from rom airflow import DAG
             ^^^^^^^
SyntaxError: invalid syntax
[2026-02-20T12:14:56.310+0000] {processor.py:842} WARNING - No viable dags retrieved from /opt/airflow/dags/api_cb.py
[2026-02-20T12:14:56.339+0000] {processor.py:183} INFO - Processing /opt/airflow/dags/api_cb.py took 0.070 seconds
[2026-02-20T12:14:56.400+0000] {processor.py:161} INFO - Started process (PID=4236) to work on /opt/airflow/dags/api_cb.py
[2026-02-20T12:14:56.402+0000] {processor.py:830} INFO - Processing file /opt/airflow/dags/api_cb.py for tasks to queue
[2026-02-20T12:14:56.405+0000] {logging_mixin.py:188} INFO - [2026-02-20T12:14:56.405+0000] {dagbag.py:545} INFO - Filling up the DagBag from /opt/airflow/dags/api_cb.py
[2026-02-20T12:14:56.429+0000] {logging_mixin.py:188} INFO - [2026-02-20T12:14:56.427+0000] {dagbag.py:355} ERROR - Failed to import: /opt/airflow/dags/api_cb.py
Traceback (most recent call last):
  File "/home/airflow/.local/lib/python3.12/site-packages/airflow/models/dagbag.py", line 351, in parse
    loader.exec_module(new_module)
  File "<frozen importlib._bootstrap_external>", line 991, in exec_module
  File "<frozen importlib._bootstrap_external>", line 1129, in get_code
  File "<frozen importlib._bootstrap_external>", line 1059, in source_to_code
  File "<frozen importlib._bootstrap>", line 488, in _call_with_frames_removed
  File "/opt/airflow/dags/api_cb.py", line 1
    from rom airflow import DAG
             ^^^^^^^
SyntaxError: invalid syntax
[2026-02-20T12:14:56.430+0000] {processor.py:842} WARNING - No viable dags retrieved from /opt/airflow/dags/api_cb.py
[2026-02-20T12:14:56.458+0000] {processor.py:183} INFO - Processing /opt/airflow/dags/api_cb.py took 0.066 seconds
[2026-02-20T12:14:56.539+0000] {processor.py:161} INFO - Started process (PID=4241) to work on /opt/airflow/dags/api_cb.py
[2026-02-20T12:14:56.541+0000] {processor.py:830} INFO - Processing file /opt/airflow/dags/api_cb.py for tasks to queue
[2026-02-20T12:14:56.544+0000] {logging_mixin.py:188} INFO - [2026-02-20T12:14:56.543+0000] {dagbag.py:545} INFO - Filling up the DagBag from /opt/airflow/dags/api_cb.py
[2026-02-20T12:14:56.592+0000] {logging_mixin.py:188} INFO - [2026-02-20T12:14:56.590+0000] {dagbag.py:355} ERROR - Failed to import: /opt/airflow/dags/api_cb.py
Traceback (most recent call last):
  File "/home/airflow/.local/lib/python3.12/site-packages/airflow/models/dagbag.py", line 351, in parse
    loader.exec_module(new_module)
  File "<frozen importlib._bootstrap_external>", line 991, in exec_module
  File "<frozen importlib._bootstrap_external>", line 1129, in get_code
  File "<frozen importlib._bootstrap_external>", line 1059, in source_to_code
  File "<frozen importlib._bootstrap>", line 488, in _call_with_frames_removed
  File "/opt/airflow/dags/api_cb.py", line 1
    from rom airflow import DAG
             ^^^^^^^
SyntaxError: invalid syntax
[2026-02-20T12:14:56.595+0000] {processor.py:842} WARNING - No viable dags retrieved from /opt/airflow/dags/api_cb.py
[2026-02-20T12:14:56.626+0000] {processor.py:183} INFO - Processing /opt/airflow/dags/api_cb.py took 0.096 seconds
[2026-02-20T12:14:56.698+0000] {processor.py:161} INFO - Started process (PID=4246) to work on /opt/airflow/dags/api_cb.py
[2026-02-20T12:14:56.700+0000] {processor.py:830} INFO - Processing file /opt/airflow/dags/api_cb.py for tasks to queue
[2026-02-20T12:14:56.702+0000] {logging_mixin.py:188} INFO - [2026-02-20T12:14:56.702+0000] {dagbag.py:545} INFO - Filling up the DagBag from /opt/airflow/dags/api_cb.py
[2026-02-20T12:14:56.728+0000] {logging_mixin.py:188} INFO - [2026-02-20T12:14:56.726+0000] {dagbag.py:355} ERROR - Failed to import: /opt/airflow/dags/api_cb.py
Traceback (most recent call last):
  File "/home/airflow/.local/lib/python3.12/site-packages/airflow/models/dagbag.py", line 351, in parse
    loader.exec_module(new_module)
  File "<frozen importlib._bootstrap_external>", line 991, in exec_module
  File "<frozen importlib._bootstrap_external>", line 1129, in get_code
  File "<frozen importlib._bootstrap_external>", line 1059, in source_to_code
  File "<frozen importlib._bootstrap>", line 488, in _call_with_frames_removed
  File "/opt/airflow/dags/api_cb.py", line 1
    from rom airflow import DAG
             ^^^^^^^
SyntaxError: invalid syntax
[2026-02-20T12:14:56.729+0000] {processor.py:842} WARNING - No viable dags retrieved from /opt/airflow/dags/api_cb.py
[2026-02-20T12:14:56.760+0000] {processor.py:183} INFO - Processing /opt/airflow/dags/api_cb.py took 0.072 seconds
[2026-02-20T12:14:56.828+0000] {processor.py:161} INFO - Started process (PID=4251) to work on /opt/airflow/dags/api_cb.py
[2026-02-20T12:14:56.829+0000] {processor.py:830} INFO - Processing file /opt/airflow/dags/api_cb.py for tasks to queue
[2026-02-20T12:14:56.832+0000] {logging_mixin.py:188} INFO - [2026-02-20T12:14:56.832+0000] {dagbag.py:545} INFO - Filling up the DagBag from /opt/airflow/dags/api_cb.py
[2026-02-20T12:14:56.857+0000] {logging_mixin.py:188} INFO - [2026-02-20T12:14:56.854+0000] {dagbag.py:355} ERROR - Failed to import: /opt/airflow/dags/api_cb.py
Traceback (most recent call last):
  File "/home/airflow/.local/lib/python3.12/site-packages/airflow/models/dagbag.py", line 351, in parse
    loader.exec_module(new_module)
  File "<frozen importlib._bootstrap_external>", line 991, in exec_module
  File "<frozen importlib._bootstrap_external>", line 1129, in get_code
  File "<frozen importlib._bootstrap_external>", line 1059, in source_to_code
  File "<frozen importlib._bootstrap>", line 488, in _call_with_frames_removed
  File "/opt/airflow/dags/api_cb.py", line 1
    from rom airflow import DAG
             ^^^^^^^
SyntaxError: invalid syntax
[2026-02-20T12:14:56.858+0000] {processor.py:842} WARNING - No viable dags retrieved from /opt/airflow/dags/api_cb.py
[2026-02-20T12:14:56.885+0000] {processor.py:183} INFO - Processing /opt/airflow/dags/api_cb.py took 0.065 seconds
[2026-02-20T12:14:56.963+0000] {processor.py:161} INFO - Started process (PID=4256) to work on /opt/airflow/dags/api_cb.py
[2026-02-20T12:14:56.965+0000] {processor.py:830} INFO - Processing file /opt/airflow/dags/api_cb.py for tasks to queue
[2026-02-20T12:14:56.967+0000] {logging_mixin.py:188} INFO - [2026-02-20T12:14:56.967+0000] {dagbag.py:545} INFO - Filling up the DagBag from /opt/airflow/dags/api_cb.py
[2026-02-20T12:14:56.996+0000] {logging_mixin.py:188} INFO - [2026-02-20T12:14:56.995+0000] {dagbag.py:355} ERROR - Failed to import: /opt/airflow/dags/api_cb.py
Traceback (most recent call last):
  File "/home/airflow/.local/lib/python3.12/site-packages/airflow/models/dagbag.py", line 351, in parse
    loader.exec_module(new_module)
  File "<frozen importlib._bootstrap_external>", line 991, in exec_module
  File "<frozen importlib._bootstrap_external>", line 1129, in get_code
  File "<frozen importlib._bootstrap_external>", line 1059, in source_to_code
  File "<frozen importlib._bootstrap>", line 488, in _call_with_frames_removed
  File "/opt/airflow/dags/api_cb.py", line 1
    from rom airflow import DAG
             ^^^^^^^
SyntaxError: invalid syntax
[2026-02-20T12:14:56.997+0000] {processor.py:842} WARNING - No viable dags retrieved from /opt/airflow/dags/api_cb.py
[2026-02-20T12:14:57.027+0000] {processor.py:183} INFO - Processing /opt/airflow/dags/api_cb.py took 0.071 seconds
[2026-02-20T12:14:57.095+0000] {processor.py:161} INFO - Started process (PID=4261) to work on /opt/airflow/dags/api_cb.py
[2026-02-20T12:14:57.097+0000] {processor.py:830} INFO - Processing file /opt/airflow/dags/api_cb.py for tasks to queue
[2026-02-20T12:14:57.100+0000] {logging_mixin.py:188} INFO - [2026-02-20T12:14:57.100+0000] {dagbag.py:545} INFO - Filling up the DagBag from /opt/airflow/dags/api_cb.py
[2026-02-20T12:14:57.130+0000] {logging_mixin.py:188} INFO - [2026-02-20T12:14:57.129+0000] {dagbag.py:355} ERROR - Failed to import: /opt/airflow/dags/api_cb.py
Traceback (most recent call last):
  File "/home/airflow/.local/lib/python3.12/site-packages/airflow/models/dagbag.py", line 351, in parse
    loader.exec_module(new_module)
  File "<frozen importlib._bootstrap_external>", line 991, in exec_module
  File "<frozen importlib._bootstrap_external>", line 1129, in get_code
  File "<frozen importlib._bootstrap_external>", line 1059, in source_to_code
  File "<frozen importlib._bootstrap>", line 488, in _call_with_frames_removed
  File "/opt/airflow/dags/api_cb.py", line 1
    from rom airflow import DAG
             ^^^^^^^
SyntaxError: invalid syntax
[2026-02-20T12:14:57.131+0000] {processor.py:842} WARNING - No viable dags retrieved from /opt/airflow/dags/api_cb.py
[2026-02-20T12:14:57.162+0000] {processor.py:183} INFO - Processing /opt/airflow/dags/api_cb.py took 0.074 seconds
[2026-02-20T12:14:57.228+0000] {processor.py:161} INFO - Started process (PID=4266) to work on /opt/airflow/dags/api_cb.py
[2026-02-20T12:14:57.230+0000] {processor.py:830} INFO - Processing file /opt/airflow/dags/api_cb.py for tasks to queue
[2026-02-20T12:14:57.233+0000] {logging_mixin.py:188} INFO - [2026-02-20T12:14:57.232+0000] {dagbag.py:545} INFO - Filling up the DagBag from /opt/airflow/dags/api_cb.py
[2026-02-20T12:14:57.258+0000] {logging_mixin.py:188} INFO - [2026-02-20T12:14:57.257+0000] {dagbag.py:355} ERROR - Failed to import: /opt/airflow/dags/api_cb.py
Traceback (most recent call last):
  File "/home/airflow/.local/lib/python3.12/site-packages/airflow/models/dagbag.py", line 351, in parse
    loader.exec_module(new_module)
  File "<frozen importlib._bootstrap_external>", line 991, in exec_module
  File "<frozen importlib._bootstrap_external>", line 1129, in get_code
  File "<frozen importlib._bootstrap_external>", line 1059, in source_to_code
  File "<frozen importlib._bootstrap>", line 488, in _call_with_frames_removed
  File "/opt/airflow/dags/api_cb.py", line 1
    from rom airflow import DAG
             ^^^^^^^
SyntaxError: invalid syntax
[2026-02-20T12:14:57.259+0000] {processor.py:842} WARNING - No viable dags retrieved from /opt/airflow/dags/api_cb.py
[2026-02-20T12:14:57.286+0000] {processor.py:183} INFO - Processing /opt/airflow/dags/api_cb.py took 0.066 seconds
[2026-02-20T12:14:57.352+0000] {processor.py:161} INFO - Started process (PID=4271) to work on /opt/airflow/dags/api_cb.py
[2026-02-20T12:14:57.354+0000] {processor.py:830} INFO - Processing file /opt/airflow/dags/api_cb.py for tasks to queue
[2026-02-20T12:14:57.357+0000] {logging_mixin.py:188} INFO - [2026-02-20T12:14:57.356+0000] {dagbag.py:545} INFO - Filling up the DagBag from /opt/airflow/dags/api_cb.py
[2026-02-20T12:14:57.383+0000] {logging_mixin.py:188} INFO - [2026-02-20T12:14:57.381+0000] {dagbag.py:355} ERROR - Failed to import: /opt/airflow/dags/api_cb.py
Traceback (most recent call last):
  File "/home/airflow/.local/lib/python3.12/site-packages/airflow/models/dagbag.py", line 351, in parse
    loader.exec_module(new_module)
  File "<frozen importlib._bootstrap_external>", line 991, in exec_module
  File "<frozen importlib._bootstrap_external>", line 1129, in get_code
  File "<frozen importlib._bootstrap_external>", line 1059, in source_to_code
  File "<frozen importlib._bootstrap>", line 488, in _call_with_frames_removed
  File "/opt/airflow/dags/api_cb.py", line 1
    from rom airflow import DAG
             ^^^^^^^
SyntaxError: invalid syntax
[2026-02-20T12:14:57.384+0000] {processor.py:842} WARNING - No viable dags retrieved from /opt/airflow/dags/api_cb.py
[2026-02-20T12:14:57.415+0000] {processor.py:183} INFO - Processing /opt/airflow/dags/api_cb.py took 0.070 seconds
[2026-02-20T12:15:28.165+0000] {processor.py:161} INFO - Started process (PID=4295) to work on /opt/airflow/dags/api_cb.py
[2026-02-20T12:15:28.167+0000] {processor.py:830} INFO - Processing file /opt/airflow/dags/api_cb.py for tasks to queue
[2026-02-20T12:15:28.169+0000] {logging_mixin.py:188} INFO - [2026-02-20T12:15:28.169+0000] {dagbag.py:545} INFO - Filling up the DagBag from /opt/airflow/dags/api_cb.py
[2026-02-20T12:15:28.208+0000] {logging_mixin.py:188} INFO - [2026-02-20T12:15:28.205+0000] {dagbag.py:355} ERROR - Failed to import: /opt/airflow/dags/api_cb.py
Traceback (most recent call last):
  File "/home/airflow/.local/lib/python3.12/site-packages/airflow/models/dagbag.py", line 351, in parse
    loader.exec_module(new_module)
  File "<frozen importlib._bootstrap_external>", line 991, in exec_module
  File "<frozen importlib._bootstrap_external>", line 1129, in get_code
  File "<frozen importlib._bootstrap_external>", line 1059, in source_to_code
  File "<frozen importlib._bootstrap>", line 488, in _call_with_frames_removed
  File "/opt/airflow/dags/api_cb.py", line 1
    from rom airflow import DAG
             ^^^^^^^
SyntaxError: invalid syntax
[2026-02-20T12:15:28.209+0000] {processor.py:842} WARNING - No viable dags retrieved from /opt/airflow/dags/api_cb.py
[2026-02-20T12:15:28.238+0000] {processor.py:183} INFO - Processing /opt/airflow/dags/api_cb.py took 0.083 seconds
[2026-02-20T12:15:36.379+0000] {processor.py:161} INFO - Started process (PID=4312) to work on /opt/airflow/dags/api_cb.py
[2026-02-20T12:15:36.380+0000] {processor.py:830} INFO - Processing file /opt/airflow/dags/api_cb.py for tasks to queue
[2026-02-20T12:15:36.383+0000] {logging_mixin.py:188} INFO - [2026-02-20T12:15:36.383+0000] {dagbag.py:545} INFO - Filling up the DagBag from /opt/airflow/dags/api_cb.py
[2026-02-20T12:15:36.418+0000] {logging_mixin.py:188} INFO - [2026-02-20T12:15:36.415+0000] {dagbag.py:355} ERROR - Failed to import: /opt/airflow/dags/api_cb.py
Traceback (most recent call last):
  File "/home/airflow/.local/lib/python3.12/site-packages/airflow/models/dagbag.py", line 351, in parse
    loader.exec_module(new_module)
  File "<frozen importlib._bootstrap_external>", line 991, in exec_module
  File "<frozen importlib._bootstrap_external>", line 1129, in get_code
  File "<frozen importlib._bootstrap_external>", line 1059, in source_to_code
  File "<frozen importlib._bootstrap>", line 488, in _call_with_frames_removed
  File "/opt/airflow/dags/api_cb.py", line 1
    from rom airflow import DAG
             ^^^^^^^
SyntaxError: invalid syntax
[2026-02-20T12:15:36.419+0000] {processor.py:842} WARNING - No viable dags retrieved from /opt/airflow/dags/api_cb.py
[2026-02-20T12:15:36.470+0000] {processor.py:183} INFO - Processing /opt/airflow/dags/api_cb.py took 0.099 seconds
[2026-02-20T12:15:36.730+0000] {processor.py:161} INFO - Started process (PID=4317) to work on /opt/airflow/dags/api_cb.py
[2026-02-20T12:15:36.732+0000] {processor.py:830} INFO - Processing file /opt/airflow/dags/api_cb.py for tasks to queue
[2026-02-20T12:15:36.735+0000] {logging_mixin.py:188} INFO - [2026-02-20T12:15:36.734+0000] {dagbag.py:545} INFO - Filling up the DagBag from /opt/airflow/dags/api_cb.py
[2026-02-20T12:15:36.766+0000] {logging_mixin.py:188} INFO - [2026-02-20T12:15:36.764+0000] {dagbag.py:355} ERROR - Failed to import: /opt/airflow/dags/api_cb.py
Traceback (most recent call last):
  File "/home/airflow/.local/lib/python3.12/site-packages/airflow/models/dagbag.py", line 351, in parse
    loader.exec_module(new_module)
  File "<frozen importlib._bootstrap_external>", line 991, in exec_module
  File "<frozen importlib._bootstrap_external>", line 1129, in get_code
  File "<frozen importlib._bootstrap_external>", line 1059, in source_to_code
  File "<frozen importlib._bootstrap>", line 488, in _call_with_frames_removed
  File "/opt/airflow/dags/api_cb.py", line 1
    from rom airflow import DAG
             ^^^^^^^
SyntaxError: invalid syntax
[2026-02-20T12:15:36.767+0000] {processor.py:842} WARNING - No viable dags retrieved from /opt/airflow/dags/api_cb.py
[2026-02-20T12:15:36.801+0000] {processor.py:183} INFO - Processing /opt/airflow/dags/api_cb.py took 0.082 seconds
[2026-02-20T12:15:53.126+0000] {processor.py:161} INFO - Started process (PID=4328) to work on /opt/airflow/dags/api_cb.py
[2026-02-20T12:15:53.129+0000] {processor.py:830} INFO - Processing file /opt/airflow/dags/api_cb.py for tasks to queue
[2026-02-20T12:15:53.134+0000] {logging_mixin.py:188} INFO - [2026-02-20T12:15:53.133+0000] {dagbag.py:545} INFO - Filling up the DagBag from /opt/airflow/dags/api_cb.py
[2026-02-20T12:15:53.235+0000] {logging_mixin.py:188} INFO - [2026-02-20T12:15:53.229+0000] {dagbag.py:355} ERROR - Failed to import: /opt/airflow/dags/api_cb.py
Traceback (most recent call last):
  File "/home/airflow/.local/lib/python3.12/site-packages/airflow/models/dagbag.py", line 351, in parse
    loader.exec_module(new_module)
  File "<frozen importlib._bootstrap_external>", line 991, in exec_module
  File "<frozen importlib._bootstrap_external>", line 1129, in get_code
  File "<frozen importlib._bootstrap_external>", line 1059, in source_to_code
  File "<frozen importlib._bootstrap>", line 488, in _call_with_frames_removed
  File "/opt/airflow/dags/api_cb.py", line 28
    t1 =
        ^
SyntaxError: invalid syntax
[2026-02-20T12:15:53.236+0000] {processor.py:842} WARNING - No viable dags retrieved from /opt/airflow/dags/api_cb.py
[2026-02-20T12:15:53.266+0000] {processor.py:183} INFO - Processing /opt/airflow/dags/api_cb.py took 0.155 seconds
[2026-02-20T12:15:58.167+0000] {processor.py:161} INFO - Started process (PID=4340) to work on /opt/airflow/dags/api_cb.py
[2026-02-20T12:15:58.170+0000] {processor.py:830} INFO - Processing file /opt/airflow/dags/api_cb.py for tasks to queue
[2026-02-20T12:15:58.178+0000] {logging_mixin.py:188} INFO - [2026-02-20T12:15:58.177+0000] {dagbag.py:545} INFO - Filling up the DagBag from /opt/airflow/dags/api_cb.py
[2026-02-20T12:15:58.214+0000] {logging_mixin.py:188} INFO - [2026-02-20T12:15:58.211+0000] {dagbag.py:355} ERROR - Failed to import: /opt/airflow/dags/api_cb.py
Traceback (most recent call last):
  File "/home/airflow/.local/lib/python3.12/site-packages/airflow/models/dagbag.py", line 351, in parse
    loader.exec_module(new_module)
  File "<frozen importlib._bootstrap_external>", line 991, in exec_module
  File "<frozen importlib._bootstrap_external>", line 1129, in get_code
  File "<frozen importlib._bootstrap_external>", line 1059, in source_to_code
  File "<frozen importlib._bootstrap>", line 488, in _call_with_frames_removed
  File "/opt/airflow/dags/api_cb.py", line 11
    def extract_
                ^
SyntaxError: expected '('
[2026-02-20T12:15:58.216+0000] {processor.py:842} WARNING - No viable dags retrieved from /opt/airflow/dags/api_cb.py
[2026-02-20T12:15:58.246+0000] {processor.py:183} INFO - Processing /opt/airflow/dags/api_cb.py took 0.095 seconds
[2026-02-20T12:15:58.312+0000] {processor.py:161} INFO - Started process (PID=4345) to work on /opt/airflow/dags/api_cb.py
[2026-02-20T12:15:58.314+0000] {processor.py:830} INFO - Processing file /opt/airflow/dags/api_cb.py for tasks to queue
[2026-02-20T12:15:58.317+0000] {logging_mixin.py:188} INFO - [2026-02-20T12:15:58.316+0000] {dagbag.py:545} INFO - Filling up the DagBag from /opt/airflow/dags/api_cb.py
[2026-02-20T12:15:58.344+0000] {logging_mixin.py:188} INFO - [2026-02-20T12:15:58.342+0000] {dagbag.py:355} ERROR - Failed to import: /opt/airflow/dags/api_cb.py
Traceback (most recent call last):
  File "/home/airflow/.local/lib/python3.12/site-packages/airflow/models/dagbag.py", line 351, in parse
    loader.exec_module(new_module)
  File "<frozen importlib._bootstrap_external>", line 991, in exec_module
  File "<frozen importlib._bootstrap_external>", line 1129, in get_code
  File "<frozen importlib._bootstrap_external>", line 1059, in source_to_code
  File "<frozen importlib._bootstrap>", line 488, in _call_with_frames_removed
  File "/opt/airflow/dags/api_cb.py", line 11
    def extract_
                ^
SyntaxError: expected '('
[2026-02-20T12:15:58.345+0000] {processor.py:842} WARNING - No viable dags retrieved from /opt/airflow/dags/api_cb.py
[2026-02-20T12:15:58.378+0000] {processor.py:183} INFO - Processing /opt/airflow/dags/api_cb.py took 0.074 seconds
[2026-02-20T12:15:58.853+0000] {processor.py:161} INFO - Started process (PID=4350) to work on /opt/airflow/dags/api_cb.py
[2026-02-20T12:15:58.855+0000] {processor.py:830} INFO - Processing file /opt/airflow/dags/api_cb.py for tasks to queue
[2026-02-20T12:15:58.859+0000] {logging_mixin.py:188} INFO - [2026-02-20T12:15:58.859+0000] {dagbag.py:545} INFO - Filling up the DagBag from /opt/airflow/dags/api_cb.py
[2026-02-20T12:15:58.885+0000] {logging_mixin.py:188} INFO - [2026-02-20T12:15:58.884+0000] {dagbag.py:355} ERROR - Failed to import: /opt/airflow/dags/api_cb.py
Traceback (most recent call last):
  File "/home/airflow/.local/lib/python3.12/site-packages/airflow/models/dagbag.py", line 351, in parse
    loader.exec_module(new_module)
  File "<frozen importlib._bootstrap_external>", line 991, in exec_module
  File "<frozen importlib._bootstrap_external>", line 1129, in get_code
  File "<frozen importlib._bootstrap_external>", line 1059, in source_to_code
  File "<frozen importlib._bootstrap>", line 488, in _call_with_frames_removed
  File "/opt/airflow/dags/api_cb.py", line 11
    def extract_
                ^
SyntaxError: expected '('
[2026-02-20T12:15:58.887+0000] {processor.py:842} WARNING - No viable dags retrieved from /opt/airflow/dags/api_cb.py
[2026-02-20T12:15:58.916+0000] {processor.py:183} INFO - Processing /opt/airflow/dags/api_cb.py took 0.072 seconds
[2026-02-20T12:15:58.999+0000] {processor.py:161} INFO - Started process (PID=4355) to work on /opt/airflow/dags/api_cb.py
[2026-02-20T12:15:59.001+0000] {processor.py:830} INFO - Processing file /opt/airflow/dags/api_cb.py for tasks to queue
[2026-02-20T12:15:59.004+0000] {logging_mixin.py:188} INFO - [2026-02-20T12:15:59.004+0000] {dagbag.py:545} INFO - Filling up the DagBag from /opt/airflow/dags/api_cb.py
[2026-02-20T12:15:59.031+0000] {logging_mixin.py:188} INFO - [2026-02-20T12:15:59.029+0000] {dagbag.py:355} ERROR - Failed to import: /opt/airflow/dags/api_cb.py
Traceback (most recent call last):
  File "/home/airflow/.local/lib/python3.12/site-packages/airflow/models/dagbag.py", line 351, in parse
    loader.exec_module(new_module)
  File "<frozen importlib._bootstrap_external>", line 991, in exec_module
  File "<frozen importlib._bootstrap_external>", line 1129, in get_code
  File "<frozen importlib._bootstrap_external>", line 1059, in source_to_code
  File "<frozen importlib._bootstrap>", line 488, in _call_with_frames_removed
  File "/opt/airflow/dags/api_cb.py", line 11
    def extract_
                ^
SyntaxError: expected '('
[2026-02-20T12:15:59.032+0000] {processor.py:842} WARNING - No viable dags retrieved from /opt/airflow/dags/api_cb.py
[2026-02-20T12:15:59.060+0000] {processor.py:183} INFO - Processing /opt/airflow/dags/api_cb.py took 0.068 seconds
[2026-02-20T12:15:59.123+0000] {processor.py:161} INFO - Started process (PID=4360) to work on /opt/airflow/dags/api_cb.py
[2026-02-20T12:15:59.126+0000] {processor.py:830} INFO - Processing file /opt/airflow/dags/api_cb.py for tasks to queue
[2026-02-20T12:15:59.129+0000] {logging_mixin.py:188} INFO - [2026-02-20T12:15:59.129+0000] {dagbag.py:545} INFO - Filling up the DagBag from /opt/airflow/dags/api_cb.py
[2026-02-20T12:15:59.155+0000] {logging_mixin.py:188} INFO - [2026-02-20T12:15:59.154+0000] {dagbag.py:355} ERROR - Failed to import: /opt/airflow/dags/api_cb.py
Traceback (most recent call last):
  File "/home/airflow/.local/lib/python3.12/site-packages/airflow/models/dagbag.py", line 351, in parse
    loader.exec_module(new_module)
  File "<frozen importlib._bootstrap_external>", line 991, in exec_module
  File "<frozen importlib._bootstrap_external>", line 1129, in get_code
  File "<frozen importlib._bootstrap_external>", line 1059, in source_to_code
  File "<frozen importlib._bootstrap>", line 488, in _call_with_frames_removed
  File "/opt/airflow/dags/api_cb.py", line 11
    def extract_
                ^
SyntaxError: expected '('
[2026-02-20T12:15:59.157+0000] {processor.py:842} WARNING - No viable dags retrieved from /opt/airflow/dags/api_cb.py
[2026-02-20T12:15:59.185+0000] {processor.py:183} INFO - Processing /opt/airflow/dags/api_cb.py took 0.070 seconds
[2026-02-20T12:16:03.201+0000] {processor.py:161} INFO - Started process (PID=4365) to work on /opt/airflow/dags/api_cb.py
[2026-02-20T12:16:03.202+0000] {processor.py:830} INFO - Processing file /opt/airflow/dags/api_cb.py for tasks to queue
[2026-02-20T12:16:03.206+0000] {logging_mixin.py:188} INFO - [2026-02-20T12:16:03.206+0000] {dagbag.py:545} INFO - Filling up the DagBag from /opt/airflow/dags/api_cb.py
[2026-02-20T12:16:03.241+0000] {logging_mixin.py:188} INFO - [2026-02-20T12:16:03.239+0000] {dagbag.py:355} ERROR - Failed to import: /opt/airflow/dags/api_cb.py
Traceback (most recent call last):
  File "/home/airflow/.local/lib/python3.12/site-packages/airflow/models/dagbag.py", line 351, in parse
    loader.exec_module(new_module)
  File "<frozen importlib._bootstrap_external>", line 991, in exec_module
  File "<frozen importlib._bootstrap_external>", line 1129, in get_code
  File "<frozen importlib._bootstrap_external>", line 1059, in source_to_code
  File "<frozen importlib._bootstrap>", line 488, in _call_with_frames_removed
  File "/opt/airflow/dags/api_cb.py", line 11
    def extract_from_cbr_
                         ^
SyntaxError: expected '('
[2026-02-20T12:16:03.242+0000] {processor.py:842} WARNING - No viable dags retrieved from /opt/airflow/dags/api_cb.py
[2026-02-20T12:16:03.275+0000] {processor.py:183} INFO - Processing /opt/airflow/dags/api_cb.py took 0.085 seconds
[2026-02-20T12:16:03.345+0000] {processor.py:161} INFO - Started process (PID=4370) to work on /opt/airflow/dags/api_cb.py
[2026-02-20T12:16:03.347+0000] {processor.py:830} INFO - Processing file /opt/airflow/dags/api_cb.py for tasks to queue
[2026-02-20T12:16:03.350+0000] {logging_mixin.py:188} INFO - [2026-02-20T12:16:03.349+0000] {dagbag.py:545} INFO - Filling up the DagBag from /opt/airflow/dags/api_cb.py
[2026-02-20T12:16:03.377+0000] {logging_mixin.py:188} INFO - [2026-02-20T12:16:03.376+0000] {dagbag.py:355} ERROR - Failed to import: /opt/airflow/dags/api_cb.py
Traceback (most recent call last):
  File "/home/airflow/.local/lib/python3.12/site-packages/airflow/models/dagbag.py", line 351, in parse
    loader.exec_module(new_module)
  File "<frozen importlib._bootstrap_external>", line 991, in exec_module
  File "<frozen importlib._bootstrap_external>", line 1129, in get_code
  File "<frozen importlib._bootstrap_external>", line 1059, in source_to_code
  File "<frozen importlib._bootstrap>", line 488, in _call_with_frames_removed
  File "/opt/airflow/dags/api_cb.py", line 11
    def extract_from_cbr_
                         ^
SyntaxError: expected '('
[2026-02-20T12:16:03.379+0000] {processor.py:842} WARNING - No viable dags retrieved from /opt/airflow/dags/api_cb.py
[2026-02-20T12:16:03.404+0000] {processor.py:183} INFO - Processing /opt/airflow/dags/api_cb.py took 0.068 seconds
[2026-02-20T12:16:03.470+0000] {processor.py:161} INFO - Started process (PID=4375) to work on /opt/airflow/dags/api_cb.py
[2026-02-20T12:16:03.477+0000] {processor.py:830} INFO - Processing file /opt/airflow/dags/api_cb.py for tasks to queue
[2026-02-20T12:16:03.485+0000] {logging_mixin.py:188} INFO - [2026-02-20T12:16:03.484+0000] {dagbag.py:545} INFO - Filling up the DagBag from /opt/airflow/dags/api_cb.py
[2026-02-20T12:16:03.719+0000] {logging_mixin.py:188} INFO - [2026-02-20T12:16:03.717+0000] {dagbag.py:355} ERROR - Failed to import: /opt/airflow/dags/api_cb.py
Traceback (most recent call last):
  File "/home/airflow/.local/lib/python3.12/site-packages/airflow/models/dagbag.py", line 351, in parse
    loader.exec_module(new_module)
  File "<frozen importlib._bootstrap_external>", line 991, in exec_module
  File "<frozen importlib._bootstrap_external>", line 1129, in get_code
  File "<frozen importlib._bootstrap_external>", line 1059, in source_to_code
  File "<frozen importlib._bootstrap>", line 488, in _call_with_frames_removed
  File "/opt/airflow/dags/api_cb.py", line 11
    def extract_from_cbr_
                         ^
SyntaxError: expected '('
[2026-02-20T12:16:03.736+0000] {processor.py:842} WARNING - No viable dags retrieved from /opt/airflow/dags/api_cb.py
[2026-02-20T12:16:03.809+0000] {processor.py:183} INFO - Processing /opt/airflow/dags/api_cb.py took 0.351 seconds
[2026-02-20T12:16:13.233+0000] {processor.py:161} INFO - Started process (PID=4392) to work on /opt/airflow/dags/api_cb.py
[2026-02-20T12:16:13.234+0000] {processor.py:830} INFO - Processing file /opt/airflow/dags/api_cb.py for tasks to queue
[2026-02-20T12:16:13.238+0000] {logging_mixin.py:188} INFO - [2026-02-20T12:16:13.237+0000] {dagbag.py:545} INFO - Filling up the DagBag from /opt/airflow/dags/api_cb.py
[2026-02-20T12:16:13.266+0000] {logging_mixin.py:188} INFO - [2026-02-20T12:16:13.264+0000] {dagbag.py:355} ERROR - Failed to import: /opt/airflow/dags/api_cb.py
Traceback (most recent call last):
  File "/home/airflow/.local/lib/python3.12/site-packages/airflow/models/dagbag.py", line 351, in parse
    loader.exec_module(new_module)
  File "<frozen importlib._bootstrap_external>", line 991, in exec_module
  File "<frozen importlib._bootstrap_external>", line 1129, in get_code
  File "<frozen importlib._bootstrap_external>", line 1059, in source_to_code
  File "<frozen importlib._bootstrap>", line 488, in _call_with_frames_removed
  File "/opt/airflow/dags/api_cb.py", line 18
    default_args = {
    ^^^^^^^^^^^^
IndentationError: expected an indented block after function definition on line 11
[2026-02-20T12:16:13.268+0000] {processor.py:842} WARNING - No viable dags retrieved from /opt/airflow/dags/api_cb.py
[2026-02-20T12:16:13.300+0000] {processor.py:183} INFO - Processing /opt/airflow/dags/api_cb.py took 0.076 seconds
[2026-02-20T12:16:17.688+0000] {processor.py:161} INFO - Started process (PID=4397) to work on /opt/airflow/dags/api_cb.py
[2026-02-20T12:16:17.689+0000] {processor.py:830} INFO - Processing file /opt/airflow/dags/api_cb.py for tasks to queue
[2026-02-20T12:16:17.692+0000] {logging_mixin.py:188} INFO - [2026-02-20T12:16:17.692+0000] {dagbag.py:545} INFO - Filling up the DagBag from /opt/airflow/dags/api_cb.py
[2026-02-20T12:16:17.726+0000] {logging_mixin.py:188} INFO - [2026-02-20T12:16:17.725+0000] {dagbag.py:355} ERROR - Failed to import: /opt/airflow/dags/api_cb.py
Traceback (most recent call last):
  File "/home/airflow/.local/lib/python3.12/site-packages/airflow/models/dagbag.py", line 351, in parse
    loader.exec_module(new_module)
  File "<frozen importlib._bootstrap_external>", line 991, in exec_module
  File "<frozen importlib._bootstrap_external>", line 1129, in get_code
  File "<frozen importlib._bootstrap_external>", line 1059, in source_to_code
  File "<frozen importlib._bootstrap>", line 488, in _call_with_frames_removed
  File "/opt/airflow/dags/api_cb.py", line 29
    t1 =
        ^
SyntaxError: invalid syntax
[2026-02-20T12:16:17.727+0000] {processor.py:842} WARNING - No viable dags retrieved from /opt/airflow/dags/api_cb.py
[2026-02-20T12:16:17.755+0000] {processor.py:183} INFO - Processing /opt/airflow/dags/api_cb.py took 0.076 seconds
[2026-02-20T12:16:17.824+0000] {processor.py:161} INFO - Started process (PID=4402) to work on /opt/airflow/dags/api_cb.py
[2026-02-20T12:16:17.826+0000] {processor.py:830} INFO - Processing file /opt/airflow/dags/api_cb.py for tasks to queue
[2026-02-20T12:16:17.829+0000] {logging_mixin.py:188} INFO - [2026-02-20T12:16:17.828+0000] {dagbag.py:545} INFO - Filling up the DagBag from /opt/airflow/dags/api_cb.py
[2026-02-20T12:16:17.861+0000] {logging_mixin.py:188} INFO - [2026-02-20T12:16:17.860+0000] {dagbag.py:355} ERROR - Failed to import: /opt/airflow/dags/api_cb.py
Traceback (most recent call last):
  File "/home/airflow/.local/lib/python3.12/site-packages/airflow/models/dagbag.py", line 351, in parse
    loader.exec_module(new_module)
  File "<frozen importlib._bootstrap_external>", line 991, in exec_module
  File "<frozen importlib._bootstrap_external>", line 1129, in get_code
  File "<frozen importlib._bootstrap_external>", line 1059, in source_to_code
  File "<frozen importlib._bootstrap>", line 488, in _call_with_frames_removed
  File "/opt/airflow/dags/api_cb.py", line 29
    t1 =
        ^
SyntaxError: invalid syntax
[2026-02-20T12:16:17.862+0000] {processor.py:842} WARNING - No viable dags retrieved from /opt/airflow/dags/api_cb.py
[2026-02-20T12:16:17.891+0000] {processor.py:183} INFO - Processing /opt/airflow/dags/api_cb.py took 0.073 seconds
[2026-02-20T12:16:18.017+0000] {processor.py:161} INFO - Started process (PID=4407) to work on /opt/airflow/dags/api_cb.py
[2026-02-20T12:16:18.019+0000] {processor.py:830} INFO - Processing file /opt/airflow/dags/api_cb.py for tasks to queue
[2026-02-20T12:16:18.022+0000] {logging_mixin.py:188} INFO - [2026-02-20T12:16:18.022+0000] {dagbag.py:545} INFO - Filling up the DagBag from /opt/airflow/dags/api_cb.py
[2026-02-20T12:16:18.055+0000] {logging_mixin.py:188} INFO - [2026-02-20T12:16:18.053+0000] {dagbag.py:355} ERROR - Failed to import: /opt/airflow/dags/api_cb.py
Traceback (most recent call last):
  File "/home/airflow/.local/lib/python3.12/site-packages/airflow/models/dagbag.py", line 351, in parse
    loader.exec_module(new_module)
  File "<frozen importlib._bootstrap_external>", line 991, in exec_module
  File "<frozen importlib._bootstrap_external>", line 1129, in get_code
  File "<frozen importlib._bootstrap_external>", line 1059, in source_to_code
  File "<frozen importlib._bootstrap>", line 488, in _call_with_frames_removed
  File "/opt/airflow/dags/api_cb.py", line 29
    t1 =
        ^
SyntaxError: invalid syntax
[2026-02-20T12:16:18.056+0000] {processor.py:842} WARNING - No viable dags retrieved from /opt/airflow/dags/api_cb.py
[2026-02-20T12:16:18.092+0000] {processor.py:183} INFO - Processing /opt/airflow/dags/api_cb.py took 0.084 seconds
[2026-02-20T12:16:18.159+0000] {processor.py:161} INFO - Started process (PID=4412) to work on /opt/airflow/dags/api_cb.py
[2026-02-20T12:16:18.161+0000] {processor.py:830} INFO - Processing file /opt/airflow/dags/api_cb.py for tasks to queue
[2026-02-20T12:16:18.164+0000] {logging_mixin.py:188} INFO - [2026-02-20T12:16:18.163+0000] {dagbag.py:545} INFO - Filling up the DagBag from /opt/airflow/dags/api_cb.py
[2026-02-20T12:16:18.186+0000] {logging_mixin.py:188} INFO - [2026-02-20T12:16:18.185+0000] {dagbag.py:355} ERROR - Failed to import: /opt/airflow/dags/api_cb.py
Traceback (most recent call last):
  File "/home/airflow/.local/lib/python3.12/site-packages/airflow/models/dagbag.py", line 351, in parse
    loader.exec_module(new_module)
  File "<frozen importlib._bootstrap_external>", line 991, in exec_module
  File "<frozen importlib._bootstrap_external>", line 1129, in get_code
  File "<frozen importlib._bootstrap_external>", line 1059, in source_to_code
  File "<frozen importlib._bootstrap>", line 488, in _call_with_frames_removed
  File "/opt/airflow/dags/api_cb.py", line 29
    t1 =
        ^
SyntaxError: invalid syntax
[2026-02-20T12:16:18.187+0000] {processor.py:842} WARNING - No viable dags retrieved from /opt/airflow/dags/api_cb.py
[2026-02-20T12:16:18.219+0000] {processor.py:183} INFO - Processing /opt/airflow/dags/api_cb.py took 0.067 seconds
[2026-02-20T12:16:18.324+0000] {processor.py:161} INFO - Started process (PID=4417) to work on /opt/airflow/dags/api_cb.py
[2026-02-20T12:16:18.326+0000] {processor.py:830} INFO - Processing file /opt/airflow/dags/api_cb.py for tasks to queue
[2026-02-20T12:16:18.329+0000] {logging_mixin.py:188} INFO - [2026-02-20T12:16:18.328+0000] {dagbag.py:545} INFO - Filling up the DagBag from /opt/airflow/dags/api_cb.py
[2026-02-20T12:16:18.357+0000] {logging_mixin.py:188} INFO - [2026-02-20T12:16:18.354+0000] {dagbag.py:355} ERROR - Failed to import: /opt/airflow/dags/api_cb.py
Traceback (most recent call last):
  File "/home/airflow/.local/lib/python3.12/site-packages/airflow/models/dagbag.py", line 351, in parse
    loader.exec_module(new_module)
  File "<frozen importlib._bootstrap_external>", line 991, in exec_module
  File "<frozen importlib._bootstrap_external>", line 1129, in get_code
  File "<frozen importlib._bootstrap_external>", line 1059, in source_to_code
  File "<frozen importlib._bootstrap>", line 488, in _call_with_frames_removed
  File "/opt/airflow/dags/api_cb.py", line 29
    t1 =
        ^
SyntaxError: invalid syntax
[2026-02-20T12:16:18.358+0000] {processor.py:842} WARNING - No viable dags retrieved from /opt/airflow/dags/api_cb.py
[2026-02-20T12:16:18.397+0000] {processor.py:183} INFO - Processing /opt/airflow/dags/api_cb.py took 0.081 seconds
[2026-02-20T12:16:18.469+0000] {processor.py:161} INFO - Started process (PID=4422) to work on /opt/airflow/dags/api_cb.py
[2026-02-20T12:16:18.471+0000] {processor.py:830} INFO - Processing file /opt/airflow/dags/api_cb.py for tasks to queue
[2026-02-20T12:16:18.474+0000] {logging_mixin.py:188} INFO - [2026-02-20T12:16:18.473+0000] {dagbag.py:545} INFO - Filling up the DagBag from /opt/airflow/dags/api_cb.py
[2026-02-20T12:16:18.509+0000] {logging_mixin.py:188} INFO - [2026-02-20T12:16:18.507+0000] {dagbag.py:355} ERROR - Failed to import: /opt/airflow/dags/api_cb.py
Traceback (most recent call last):
  File "/home/airflow/.local/lib/python3.12/site-packages/airflow/models/dagbag.py", line 351, in parse
    loader.exec_module(new_module)
  File "<frozen importlib._bootstrap_external>", line 991, in exec_module
  File "<frozen importlib._bootstrap_external>", line 1129, in get_code
  File "<frozen importlib._bootstrap_external>", line 1059, in source_to_code
  File "<frozen importlib._bootstrap>", line 488, in _call_with_frames_removed
  File "/opt/airflow/dags/api_cb.py", line 29
    t1 =
        ^
SyntaxError: invalid syntax
[2026-02-20T12:16:18.511+0000] {processor.py:842} WARNING - No viable dags retrieved from /opt/airflow/dags/api_cb.py
[2026-02-20T12:16:18.545+0000] {processor.py:183} INFO - Processing /opt/airflow/dags/api_cb.py took 0.086 seconds
[2026-02-20T12:16:18.608+0000] {processor.py:161} INFO - Started process (PID=4427) to work on /opt/airflow/dags/api_cb.py
[2026-02-20T12:16:18.610+0000] {processor.py:830} INFO - Processing file /opt/airflow/dags/api_cb.py for tasks to queue
[2026-02-20T12:16:18.613+0000] {logging_mixin.py:188} INFO - [2026-02-20T12:16:18.612+0000] {dagbag.py:545} INFO - Filling up the DagBag from /opt/airflow/dags/api_cb.py
[2026-02-20T12:16:18.641+0000] {logging_mixin.py:188} INFO - [2026-02-20T12:16:18.640+0000] {dagbag.py:355} ERROR - Failed to import: /opt/airflow/dags/api_cb.py
Traceback (most recent call last):
  File "/home/airflow/.local/lib/python3.12/site-packages/airflow/models/dagbag.py", line 351, in parse
    loader.exec_module(new_module)
  File "<frozen importlib._bootstrap_external>", line 991, in exec_module
  File "<frozen importlib._bootstrap_external>", line 1129, in get_code
  File "<frozen importlib._bootstrap_external>", line 1059, in source_to_code
  File "<frozen importlib._bootstrap>", line 488, in _call_with_frames_removed
  File "/opt/airflow/dags/api_cb.py", line 29
    t1 =
        ^
SyntaxError: invalid syntax
[2026-02-20T12:16:18.642+0000] {processor.py:842} WARNING - No viable dags retrieved from /opt/airflow/dags/api_cb.py
[2026-02-20T12:16:18.667+0000] {processor.py:183} INFO - Processing /opt/airflow/dags/api_cb.py took 0.066 seconds
[2026-02-20T12:16:18.737+0000] {processor.py:161} INFO - Started process (PID=4432) to work on /opt/airflow/dags/api_cb.py
[2026-02-20T12:16:18.739+0000] {processor.py:830} INFO - Processing file /opt/airflow/dags/api_cb.py for tasks to queue
[2026-02-20T12:16:18.742+0000] {logging_mixin.py:188} INFO - [2026-02-20T12:16:18.741+0000] {dagbag.py:545} INFO - Filling up the DagBag from /opt/airflow/dags/api_cb.py
[2026-02-20T12:16:18.769+0000] {logging_mixin.py:188} INFO - [2026-02-20T12:16:18.767+0000] {dagbag.py:355} ERROR - Failed to import: /opt/airflow/dags/api_cb.py
Traceback (most recent call last):
  File "/home/airflow/.local/lib/python3.12/site-packages/airflow/models/dagbag.py", line 351, in parse
    loader.exec_module(new_module)
  File "<frozen importlib._bootstrap_external>", line 991, in exec_module
  File "<frozen importlib._bootstrap_external>", line 1129, in get_code
  File "<frozen importlib._bootstrap_external>", line 1059, in source_to_code
  File "<frozen importlib._bootstrap>", line 488, in _call_with_frames_removed
  File "/opt/airflow/dags/api_cb.py", line 29
    t1 =
        ^
SyntaxError: invalid syntax
[2026-02-20T12:16:18.770+0000] {processor.py:842} WARNING - No viable dags retrieved from /opt/airflow/dags/api_cb.py
[2026-02-20T12:16:18.796+0000] {processor.py:183} INFO - Processing /opt/airflow/dags/api_cb.py took 0.069 seconds
[2026-02-20T12:16:19.764+0000] {processor.py:161} INFO - Started process (PID=4437) to work on /opt/airflow/dags/api_cb.py
[2026-02-20T12:16:19.767+0000] {processor.py:830} INFO - Processing file /opt/airflow/dags/api_cb.py for tasks to queue
[2026-02-20T12:16:19.772+0000] {logging_mixin.py:188} INFO - [2026-02-20T12:16:19.771+0000] {dagbag.py:545} INFO - Filling up the DagBag from /opt/airflow/dags/api_cb.py
[2026-02-20T12:16:19.826+0000] {logging_mixin.py:188} INFO - [2026-02-20T12:16:19.824+0000] {dagbag.py:355} ERROR - Failed to import: /opt/airflow/dags/api_cb.py
Traceback (most recent call last):
  File "/home/airflow/.local/lib/python3.12/site-packages/airflow/models/dagbag.py", line 351, in parse
    loader.exec_module(new_module)
  File "<frozen importlib._bootstrap_external>", line 991, in exec_module
  File "<frozen importlib._bootstrap_external>", line 1129, in get_code
  File "<frozen importlib._bootstrap_external>", line 1059, in source_to_code
  File "<frozen importlib._bootstrap>", line 488, in _call_with_frames_removed
  File "/opt/airflow/dags/api_cb.py", line 12
    date_dt = datetime.
                       ^
SyntaxError: invalid syntax
[2026-02-20T12:16:19.828+0000] {processor.py:842} WARNING - No viable dags retrieved from /opt/airflow/dags/api_cb.py
[2026-02-20T12:16:19.856+0000] {processor.py:183} INFO - Processing /opt/airflow/dags/api_cb.py took 0.101 seconds
[2026-02-20T12:16:19.911+0000] {processor.py:161} INFO - Started process (PID=4442) to work on /opt/airflow/dags/api_cb.py
[2026-02-20T12:16:19.913+0000] {processor.py:830} INFO - Processing file /opt/airflow/dags/api_cb.py for tasks to queue
[2026-02-20T12:16:19.916+0000] {logging_mixin.py:188} INFO - [2026-02-20T12:16:19.915+0000] {dagbag.py:545} INFO - Filling up the DagBag from /opt/airflow/dags/api_cb.py
[2026-02-20T12:16:19.950+0000] {logging_mixin.py:188} INFO - [2026-02-20T12:16:19.948+0000] {dagbag.py:355} ERROR - Failed to import: /opt/airflow/dags/api_cb.py
Traceback (most recent call last):
  File "/home/airflow/.local/lib/python3.12/site-packages/airflow/models/dagbag.py", line 351, in parse
    loader.exec_module(new_module)
  File "<frozen importlib._bootstrap_external>", line 991, in exec_module
  File "<frozen importlib._bootstrap_external>", line 1129, in get_code
  File "<frozen importlib._bootstrap_external>", line 1059, in source_to_code
  File "<frozen importlib._bootstrap>", line 488, in _call_with_frames_removed
  File "/opt/airflow/dags/api_cb.py", line 12
    date_dt = datetime.
                       ^
SyntaxError: invalid syntax
[2026-02-20T12:16:19.952+0000] {processor.py:842} WARNING - No viable dags retrieved from /opt/airflow/dags/api_cb.py
[2026-02-20T12:16:19.986+0000] {processor.py:183} INFO - Processing /opt/airflow/dags/api_cb.py took 0.083 seconds
[2026-02-20T12:16:20.559+0000] {processor.py:161} INFO - Started process (PID=4447) to work on /opt/airflow/dags/api_cb.py
[2026-02-20T12:16:20.560+0000] {processor.py:830} INFO - Processing file /opt/airflow/dags/api_cb.py for tasks to queue
[2026-02-20T12:16:20.564+0000] {logging_mixin.py:188} INFO - [2026-02-20T12:16:20.564+0000] {dagbag.py:545} INFO - Filling up the DagBag from /opt/airflow/dags/api_cb.py
[2026-02-20T12:16:20.603+0000] {logging_mixin.py:188} INFO - [2026-02-20T12:16:20.601+0000] {dagbag.py:355} ERROR - Failed to import: /opt/airflow/dags/api_cb.py
Traceback (most recent call last):
  File "/home/airflow/.local/lib/python3.12/site-packages/airflow/models/dagbag.py", line 351, in parse
    loader.exec_module(new_module)
  File "<frozen importlib._bootstrap_external>", line 991, in exec_module
  File "<frozen importlib._bootstrap_external>", line 1129, in get_code
  File "<frozen importlib._bootstrap_external>", line 1059, in source_to_code
  File "<frozen importlib._bootstrap>", line 488, in _call_with_frames_removed
  File "/opt/airflow/dags/api_cb.py", line 12
    date_dt = datetime.
                       ^
SyntaxError: invalid syntax
[2026-02-20T12:16:20.604+0000] {processor.py:842} WARNING - No viable dags retrieved from /opt/airflow/dags/api_cb.py
[2026-02-20T12:16:20.643+0000] {processor.py:183} INFO - Processing /opt/airflow/dags/api_cb.py took 0.093 seconds
[2026-02-20T12:16:20.727+0000] {processor.py:161} INFO - Started process (PID=4452) to work on /opt/airflow/dags/api_cb.py
[2026-02-20T12:16:20.728+0000] {processor.py:830} INFO - Processing file /opt/airflow/dags/api_cb.py for tasks to queue
[2026-02-20T12:16:20.732+0000] {logging_mixin.py:188} INFO - [2026-02-20T12:16:20.732+0000] {dagbag.py:545} INFO - Filling up the DagBag from /opt/airflow/dags/api_cb.py
[2026-02-20T12:16:20.757+0000] {logging_mixin.py:188} INFO - [2026-02-20T12:16:20.755+0000] {dagbag.py:355} ERROR - Failed to import: /opt/airflow/dags/api_cb.py
Traceback (most recent call last):
  File "/home/airflow/.local/lib/python3.12/site-packages/airflow/models/dagbag.py", line 351, in parse
    loader.exec_module(new_module)
  File "<frozen importlib._bootstrap_external>", line 991, in exec_module
  File "<frozen importlib._bootstrap_external>", line 1129, in get_code
  File "<frozen importlib._bootstrap_external>", line 1059, in source_to_code
  File "<frozen importlib._bootstrap>", line 488, in _call_with_frames_removed
  File "/opt/airflow/dags/api_cb.py", line 12
    date_dt = datetime.
                       ^
SyntaxError: invalid syntax
[2026-02-20T12:16:20.758+0000] {processor.py:842} WARNING - No viable dags retrieved from /opt/airflow/dags/api_cb.py
[2026-02-20T12:16:20.786+0000] {processor.py:183} INFO - Processing /opt/airflow/dags/api_cb.py took 0.068 seconds
[2026-02-20T12:16:20.848+0000] {processor.py:161} INFO - Started process (PID=4457) to work on /opt/airflow/dags/api_cb.py
[2026-02-20T12:16:20.850+0000] {processor.py:830} INFO - Processing file /opt/airflow/dags/api_cb.py for tasks to queue
[2026-02-20T12:16:20.853+0000] {logging_mixin.py:188} INFO - [2026-02-20T12:16:20.853+0000] {dagbag.py:545} INFO - Filling up the DagBag from /opt/airflow/dags/api_cb.py
[2026-02-20T12:16:20.884+0000] {logging_mixin.py:188} INFO - [2026-02-20T12:16:20.883+0000] {dagbag.py:355} ERROR - Failed to import: /opt/airflow/dags/api_cb.py
Traceback (most recent call last):
  File "/home/airflow/.local/lib/python3.12/site-packages/airflow/models/dagbag.py", line 351, in parse
    loader.exec_module(new_module)
  File "<frozen importlib._bootstrap_external>", line 991, in exec_module
  File "<frozen importlib._bootstrap_external>", line 1129, in get_code
  File "<frozen importlib._bootstrap_external>", line 1059, in source_to_code
  File "<frozen importlib._bootstrap>", line 488, in _call_with_frames_removed
  File "/opt/airflow/dags/api_cb.py", line 12
    date_dt = datetime.
                       ^
SyntaxError: invalid syntax
[2026-02-20T12:16:20.885+0000] {processor.py:842} WARNING - No viable dags retrieved from /opt/airflow/dags/api_cb.py
[2026-02-20T12:16:20.909+0000] {processor.py:183} INFO - Processing /opt/airflow/dags/api_cb.py took 0.069 seconds
[2026-02-20T12:16:20.974+0000] {processor.py:161} INFO - Started process (PID=4462) to work on /opt/airflow/dags/api_cb.py
[2026-02-20T12:16:20.976+0000] {processor.py:830} INFO - Processing file /opt/airflow/dags/api_cb.py for tasks to queue
[2026-02-20T12:16:20.982+0000] {logging_mixin.py:188} INFO - [2026-02-20T12:16:20.981+0000] {dagbag.py:545} INFO - Filling up the DagBag from /opt/airflow/dags/api_cb.py
[2026-02-20T12:16:21.015+0000] {logging_mixin.py:188} INFO - [2026-02-20T12:16:21.012+0000] {dagbag.py:355} ERROR - Failed to import: /opt/airflow/dags/api_cb.py
Traceback (most recent call last):
  File "/home/airflow/.local/lib/python3.12/site-packages/airflow/models/dagbag.py", line 351, in parse
    loader.exec_module(new_module)
  File "<frozen importlib._bootstrap_external>", line 991, in exec_module
  File "<frozen importlib._bootstrap_external>", line 1129, in get_code
  File "<frozen importlib._bootstrap_external>", line 1059, in source_to_code
  File "<frozen importlib._bootstrap>", line 488, in _call_with_frames_removed
  File "/opt/airflow/dags/api_cb.py", line 12
    date_dt = datetime.
                       ^
SyntaxError: invalid syntax
[2026-02-20T12:16:21.017+0000] {processor.py:842} WARNING - No viable dags retrieved from /opt/airflow/dags/api_cb.py
[2026-02-20T12:16:21.046+0000] {processor.py:183} INFO - Processing /opt/airflow/dags/api_cb.py took 0.079 seconds
[2026-02-20T12:16:21.115+0000] {processor.py:161} INFO - Started process (PID=4467) to work on /opt/airflow/dags/api_cb.py
[2026-02-20T12:16:21.116+0000] {processor.py:830} INFO - Processing file /opt/airflow/dags/api_cb.py for tasks to queue
[2026-02-20T12:16:21.120+0000] {logging_mixin.py:188} INFO - [2026-02-20T12:16:21.119+0000] {dagbag.py:545} INFO - Filling up the DagBag from /opt/airflow/dags/api_cb.py
[2026-02-20T12:16:21.150+0000] {logging_mixin.py:188} INFO - [2026-02-20T12:16:21.149+0000] {dagbag.py:355} ERROR - Failed to import: /opt/airflow/dags/api_cb.py
Traceback (most recent call last):
  File "/home/airflow/.local/lib/python3.12/site-packages/airflow/models/dagbag.py", line 351, in parse
    loader.exec_module(new_module)
  File "<frozen importlib._bootstrap_external>", line 991, in exec_module
  File "<frozen importlib._bootstrap_external>", line 1129, in get_code
  File "<frozen importlib._bootstrap_external>", line 1059, in source_to_code
  File "<frozen importlib._bootstrap>", line 488, in _call_with_frames_removed
  File "/opt/airflow/dags/api_cb.py", line 12
    date_dt = datetime.
                       ^
SyntaxError: invalid syntax
[2026-02-20T12:16:21.151+0000] {processor.py:842} WARNING - No viable dags retrieved from /opt/airflow/dags/api_cb.py
[2026-02-20T12:16:21.175+0000] {processor.py:183} INFO - Processing /opt/airflow/dags/api_cb.py took 0.071 seconds
[2026-02-20T12:16:21.232+0000] {processor.py:161} INFO - Started process (PID=4472) to work on /opt/airflow/dags/api_cb.py
[2026-02-20T12:16:21.233+0000] {processor.py:830} INFO - Processing file /opt/airflow/dags/api_cb.py for tasks to queue
[2026-02-20T12:16:21.236+0000] {logging_mixin.py:188} INFO - [2026-02-20T12:16:21.236+0000] {dagbag.py:545} INFO - Filling up the DagBag from /opt/airflow/dags/api_cb.py
[2026-02-20T12:16:21.263+0000] {logging_mixin.py:188} INFO - [2026-02-20T12:16:21.262+0000] {dagbag.py:355} ERROR - Failed to import: /opt/airflow/dags/api_cb.py
Traceback (most recent call last):
  File "/home/airflow/.local/lib/python3.12/site-packages/airflow/models/dagbag.py", line 351, in parse
    loader.exec_module(new_module)
  File "<frozen importlib._bootstrap_external>", line 991, in exec_module
  File "<frozen importlib._bootstrap_external>", line 1129, in get_code
  File "<frozen importlib._bootstrap_external>", line 1059, in source_to_code
  File "<frozen importlib._bootstrap>", line 488, in _call_with_frames_removed
  File "/opt/airflow/dags/api_cb.py", line 12
    date_dt = datetime.
                       ^
SyntaxError: invalid syntax
[2026-02-20T12:16:21.264+0000] {processor.py:842} WARNING - No viable dags retrieved from /opt/airflow/dags/api_cb.py
[2026-02-20T12:16:21.289+0000] {processor.py:183} INFO - Processing /opt/airflow/dags/api_cb.py took 0.064 seconds
[2026-02-20T12:16:21.377+0000] {processor.py:161} INFO - Started process (PID=4477) to work on /opt/airflow/dags/api_cb.py
[2026-02-20T12:16:21.379+0000] {processor.py:830} INFO - Processing file /opt/airflow/dags/api_cb.py for tasks to queue
[2026-02-20T12:16:21.382+0000] {logging_mixin.py:188} INFO - [2026-02-20T12:16:21.382+0000] {dagbag.py:545} INFO - Filling up the DagBag from /opt/airflow/dags/api_cb.py
[2026-02-20T12:16:21.407+0000] {logging_mixin.py:188} INFO - [2026-02-20T12:16:21.406+0000] {dagbag.py:355} ERROR - Failed to import: /opt/airflow/dags/api_cb.py
Traceback (most recent call last):
  File "/home/airflow/.local/lib/python3.12/site-packages/airflow/models/dagbag.py", line 351, in parse
    loader.exec_module(new_module)
  File "<frozen importlib._bootstrap_external>", line 991, in exec_module
  File "<frozen importlib._bootstrap_external>", line 1129, in get_code
  File "<frozen importlib._bootstrap_external>", line 1059, in source_to_code
  File "<frozen importlib._bootstrap>", line 488, in _call_with_frames_removed
  File "/opt/airflow/dags/api_cb.py", line 12
    date_dt = datetime.
                       ^
SyntaxError: invalid syntax
[2026-02-20T12:16:21.408+0000] {processor.py:842} WARNING - No viable dags retrieved from /opt/airflow/dags/api_cb.py
[2026-02-20T12:16:21.434+0000] {processor.py:183} INFO - Processing /opt/airflow/dags/api_cb.py took 0.065 seconds
[2026-02-20T12:16:23.011+0000] {processor.py:161} INFO - Started process (PID=4489) to work on /opt/airflow/dags/api_cb.py
[2026-02-20T12:16:23.013+0000] {processor.py:830} INFO - Processing file /opt/airflow/dags/api_cb.py for tasks to queue
[2026-02-20T12:16:23.017+0000] {logging_mixin.py:188} INFO - [2026-02-20T12:16:23.016+0000] {dagbag.py:545} INFO - Filling up the DagBag from /opt/airflow/dags/api_cb.py
[2026-02-20T12:16:23.049+0000] {logging_mixin.py:188} INFO - [2026-02-20T12:16:23.048+0000] {dagbag.py:355} ERROR - Failed to import: /opt/airflow/dags/api_cb.py
Traceback (most recent call last):
  File "/home/airflow/.local/lib/python3.12/site-packages/airflow/models/dagbag.py", line 351, in parse
    loader.exec_module(new_module)
  File "<frozen importlib._bootstrap_external>", line 991, in exec_module
  File "<frozen importlib._bootstrap_external>", line 1129, in get_code
  File "<frozen importlib._bootstrap_external>", line 1059, in source_to_code
  File "<frozen importlib._bootstrap>", line 488, in _call_with_frames_removed
  File "/opt/airflow/dags/api_cb.py", line 29
    t1 =
        ^
SyntaxError: invalid syntax
[2026-02-20T12:16:23.051+0000] {processor.py:842} WARNING - No viable dags retrieved from /opt/airflow/dags/api_cb.py
[2026-02-20T12:16:23.082+0000] {processor.py:183} INFO - Processing /opt/airflow/dags/api_cb.py took 0.083 seconds
[2026-02-20T12:16:23.144+0000] {processor.py:161} INFO - Started process (PID=4494) to work on /opt/airflow/dags/api_cb.py
[2026-02-20T12:16:23.146+0000] {processor.py:830} INFO - Processing file /opt/airflow/dags/api_cb.py for tasks to queue
[2026-02-20T12:16:23.150+0000] {logging_mixin.py:188} INFO - [2026-02-20T12:16:23.149+0000] {dagbag.py:545} INFO - Filling up the DagBag from /opt/airflow/dags/api_cb.py
[2026-02-20T12:16:23.173+0000] {logging_mixin.py:188} INFO - [2026-02-20T12:16:23.172+0000] {dagbag.py:355} ERROR - Failed to import: /opt/airflow/dags/api_cb.py
Traceback (most recent call last):
  File "/home/airflow/.local/lib/python3.12/site-packages/airflow/models/dagbag.py", line 351, in parse
    loader.exec_module(new_module)
  File "<frozen importlib._bootstrap_external>", line 991, in exec_module
  File "<frozen importlib._bootstrap_external>", line 1129, in get_code
  File "<frozen importlib._bootstrap_external>", line 1059, in source_to_code
  File "<frozen importlib._bootstrap>", line 488, in _call_with_frames_removed
  File "/opt/airflow/dags/api_cb.py", line 29
    t1 =
        ^
SyntaxError: invalid syntax
[2026-02-20T12:16:23.174+0000] {processor.py:842} WARNING - No viable dags retrieved from /opt/airflow/dags/api_cb.py
[2026-02-20T12:16:23.205+0000] {processor.py:183} INFO - Processing /opt/airflow/dags/api_cb.py took 0.069 seconds
[2026-02-20T12:16:23.291+0000] {processor.py:161} INFO - Started process (PID=4499) to work on /opt/airflow/dags/api_cb.py
[2026-02-20T12:16:23.294+0000] {processor.py:830} INFO - Processing file /opt/airflow/dags/api_cb.py for tasks to queue
[2026-02-20T12:16:23.297+0000] {logging_mixin.py:188} INFO - [2026-02-20T12:16:23.296+0000] {dagbag.py:545} INFO - Filling up the DagBag from /opt/airflow/dags/api_cb.py
[2026-02-20T12:16:23.326+0000] {logging_mixin.py:188} INFO - [2026-02-20T12:16:23.325+0000] {dagbag.py:355} ERROR - Failed to import: /opt/airflow/dags/api_cb.py
Traceback (most recent call last):
  File "/home/airflow/.local/lib/python3.12/site-packages/airflow/models/dagbag.py", line 351, in parse
    loader.exec_module(new_module)
  File "<frozen importlib._bootstrap_external>", line 991, in exec_module
  File "<frozen importlib._bootstrap_external>", line 1129, in get_code
  File "<frozen importlib._bootstrap_external>", line 1059, in source_to_code
  File "<frozen importlib._bootstrap>", line 488, in _call_with_frames_removed
  File "/opt/airflow/dags/api_cb.py", line 29
    t1 =
        ^
SyntaxError: invalid syntax
[2026-02-20T12:16:23.328+0000] {processor.py:842} WARNING - No viable dags retrieved from /opt/airflow/dags/api_cb.py
[2026-02-20T12:16:23.358+0000] {processor.py:183} INFO - Processing /opt/airflow/dags/api_cb.py took 0.077 seconds
[2026-02-20T12:16:23.421+0000] {processor.py:161} INFO - Started process (PID=4504) to work on /opt/airflow/dags/api_cb.py
[2026-02-20T12:16:23.423+0000] {processor.py:830} INFO - Processing file /opt/airflow/dags/api_cb.py for tasks to queue
[2026-02-20T12:16:23.425+0000] {logging_mixin.py:188} INFO - [2026-02-20T12:16:23.425+0000] {dagbag.py:545} INFO - Filling up the DagBag from /opt/airflow/dags/api_cb.py
[2026-02-20T12:16:23.450+0000] {logging_mixin.py:188} INFO - [2026-02-20T12:16:23.449+0000] {dagbag.py:355} ERROR - Failed to import: /opt/airflow/dags/api_cb.py
Traceback (most recent call last):
  File "/home/airflow/.local/lib/python3.12/site-packages/airflow/models/dagbag.py", line 351, in parse
    loader.exec_module(new_module)
  File "<frozen importlib._bootstrap_external>", line 991, in exec_module
  File "<frozen importlib._bootstrap_external>", line 1129, in get_code
  File "<frozen importlib._bootstrap_external>", line 1059, in source_to_code
  File "<frozen importlib._bootstrap>", line 488, in _call_with_frames_removed
  File "/opt/airflow/dags/api_cb.py", line 29
    t1 =
        ^
SyntaxError: invalid syntax
[2026-02-20T12:16:23.452+0000] {processor.py:842} WARNING - No viable dags retrieved from /opt/airflow/dags/api_cb.py
[2026-02-20T12:16:23.486+0000] {processor.py:183} INFO - Processing /opt/airflow/dags/api_cb.py took 0.075 seconds
[2026-02-20T12:16:25.693+0000] {processor.py:161} INFO - Started process (PID=4509) to work on /opt/airflow/dags/api_cb.py
[2026-02-20T12:16:25.695+0000] {processor.py:830} INFO - Processing file /opt/airflow/dags/api_cb.py for tasks to queue
[2026-02-20T12:16:25.698+0000] {logging_mixin.py:188} INFO - [2026-02-20T12:16:25.697+0000] {dagbag.py:545} INFO - Filling up the DagBag from /opt/airflow/dags/api_cb.py
[2026-02-20T12:16:25.724+0000] {logging_mixin.py:188} INFO - [2026-02-20T12:16:25.722+0000] {dagbag.py:355} ERROR - Failed to import: /opt/airflow/dags/api_cb.py
Traceback (most recent call last):
  File "/home/airflow/.local/lib/python3.12/site-packages/airflow/models/dagbag.py", line 351, in parse
    loader.exec_module(new_module)
  File "<frozen importlib._bootstrap_external>", line 991, in exec_module
  File "<frozen importlib._bootstrap_external>", line 1129, in get_code
  File "<frozen importlib._bootstrap_external>", line 1059, in source_to_code
  File "<frozen importlib._bootstrap>", line 488, in _call_with_frames_removed
  File "/opt/airflow/dags/api_cb.py", line 29
    t1 =
        ^
SyntaxError: invalid syntax
[2026-02-20T12:16:25.725+0000] {processor.py:842} WARNING - No viable dags retrieved from /opt/airflow/dags/api_cb.py
[2026-02-20T12:16:25.754+0000] {processor.py:183} INFO - Processing /opt/airflow/dags/api_cb.py took 0.072 seconds
[2026-02-20T12:16:25.819+0000] {processor.py:161} INFO - Started process (PID=4514) to work on /opt/airflow/dags/api_cb.py
[2026-02-20T12:16:25.821+0000] {processor.py:830} INFO - Processing file /opt/airflow/dags/api_cb.py for tasks to queue
[2026-02-20T12:16:25.824+0000] {logging_mixin.py:188} INFO - [2026-02-20T12:16:25.824+0000] {dagbag.py:545} INFO - Filling up the DagBag from /opt/airflow/dags/api_cb.py
[2026-02-20T12:16:25.863+0000] {logging_mixin.py:188} INFO - [2026-02-20T12:16:25.861+0000] {dagbag.py:355} ERROR - Failed to import: /opt/airflow/dags/api_cb.py
Traceback (most recent call last):
  File "/home/airflow/.local/lib/python3.12/site-packages/airflow/models/dagbag.py", line 351, in parse
    loader.exec_module(new_module)
  File "<frozen importlib._bootstrap_external>", line 991, in exec_module
  File "<frozen importlib._bootstrap_external>", line 1129, in get_code
  File "<frozen importlib._bootstrap_external>", line 1059, in source_to_code
  File "<frozen importlib._bootstrap>", line 488, in _call_with_frames_removed
  File "/opt/airflow/dags/api_cb.py", line 29
    t1 =
        ^
SyntaxError: invalid syntax
[2026-02-20T12:16:25.864+0000] {processor.py:842} WARNING - No viable dags retrieved from /opt/airflow/dags/api_cb.py
[2026-02-20T12:16:25.909+0000] {processor.py:183} INFO - Processing /opt/airflow/dags/api_cb.py took 0.097 seconds
[2026-02-20T12:16:25.994+0000] {processor.py:161} INFO - Started process (PID=4519) to work on /opt/airflow/dags/api_cb.py
[2026-02-20T12:16:25.997+0000] {processor.py:830} INFO - Processing file /opt/airflow/dags/api_cb.py for tasks to queue
[2026-02-20T12:16:26.000+0000] {logging_mixin.py:188} INFO - [2026-02-20T12:16:25.999+0000] {dagbag.py:545} INFO - Filling up the DagBag from /opt/airflow/dags/api_cb.py
[2026-02-20T12:16:26.033+0000] {logging_mixin.py:188} INFO - [2026-02-20T12:16:26.031+0000] {dagbag.py:355} ERROR - Failed to import: /opt/airflow/dags/api_cb.py
Traceback (most recent call last):
  File "/home/airflow/.local/lib/python3.12/site-packages/airflow/models/dagbag.py", line 351, in parse
    loader.exec_module(new_module)
  File "<frozen importlib._bootstrap_external>", line 991, in exec_module
  File "<frozen importlib._bootstrap_external>", line 1129, in get_code
  File "<frozen importlib._bootstrap_external>", line 1059, in source_to_code
  File "<frozen importlib._bootstrap>", line 488, in _call_with_frames_removed
  File "/opt/airflow/dags/api_cb.py", line 29
    t1 =
        ^
SyntaxError: invalid syntax
[2026-02-20T12:16:26.034+0000] {processor.py:842} WARNING - No viable dags retrieved from /opt/airflow/dags/api_cb.py
[2026-02-20T12:16:26.063+0000] {processor.py:183} INFO - Processing /opt/airflow/dags/api_cb.py took 0.081 seconds
[2026-02-20T12:16:26.127+0000] {processor.py:161} INFO - Started process (PID=4524) to work on /opt/airflow/dags/api_cb.py
[2026-02-20T12:16:26.129+0000] {processor.py:830} INFO - Processing file /opt/airflow/dags/api_cb.py for tasks to queue
[2026-02-20T12:16:26.131+0000] {logging_mixin.py:188} INFO - [2026-02-20T12:16:26.131+0000] {dagbag.py:545} INFO - Filling up the DagBag from /opt/airflow/dags/api_cb.py
[2026-02-20T12:16:26.156+0000] {logging_mixin.py:188} INFO - [2026-02-20T12:16:26.154+0000] {dagbag.py:355} ERROR - Failed to import: /opt/airflow/dags/api_cb.py
Traceback (most recent call last):
  File "/home/airflow/.local/lib/python3.12/site-packages/airflow/models/dagbag.py", line 351, in parse
    loader.exec_module(new_module)
  File "<frozen importlib._bootstrap_external>", line 991, in exec_module
  File "<frozen importlib._bootstrap_external>", line 1129, in get_code
  File "<frozen importlib._bootstrap_external>", line 1059, in source_to_code
  File "<frozen importlib._bootstrap>", line 488, in _call_with_frames_removed
  File "/opt/airflow/dags/api_cb.py", line 29
    t1 =
        ^
SyntaxError: invalid syntax
[2026-02-20T12:16:26.157+0000] {processor.py:842} WARNING - No viable dags retrieved from /opt/airflow/dags/api_cb.py
[2026-02-20T12:16:26.185+0000] {processor.py:183} INFO - Processing /opt/airflow/dags/api_cb.py took 0.065 seconds
[2026-02-20T12:16:39.520+0000] {processor.py:161} INFO - Started process (PID=4540) to work on /opt/airflow/dags/api_cb.py
[2026-02-20T12:16:39.522+0000] {processor.py:830} INFO - Processing file /opt/airflow/dags/api_cb.py for tasks to queue
[2026-02-20T12:16:39.524+0000] {logging_mixin.py:188} INFO - [2026-02-20T12:16:39.524+0000] {dagbag.py:545} INFO - Filling up the DagBag from /opt/airflow/dags/api_cb.py
[2026-02-20T12:16:39.547+0000] {logging_mixin.py:188} INFO - [2026-02-20T12:16:39.545+0000] {dagbag.py:355} ERROR - Failed to import: /opt/airflow/dags/api_cb.py
Traceback (most recent call last):
  File "/home/airflow/.local/lib/python3.12/site-packages/airflow/models/dagbag.py", line 351, in parse
    loader.exec_module(new_module)
  File "<frozen importlib._bootstrap_external>", line 991, in exec_module
  File "<frozen importlib._bootstrap_external>", line 1129, in get_code
  File "<frozen importlib._bootstrap_external>", line 1059, in source_to_code
  File "<frozen importlib._bootstrap>", line 488, in _call_with_frames_removed
  File "/opt/airflow/dags/api_cb.py", line 29
    t1 =
        ^
SyntaxError: invalid syntax
[2026-02-20T12:16:39.548+0000] {processor.py:842} WARNING - No viable dags retrieved from /opt/airflow/dags/api_cb.py
[2026-02-20T12:16:39.574+0000] {processor.py:183} INFO - Processing /opt/airflow/dags/api_cb.py took 0.061 seconds
[2026-02-20T12:16:45.987+0000] {processor.py:161} INFO - Started process (PID=4545) to work on /opt/airflow/dags/api_cb.py
[2026-02-20T12:16:45.989+0000] {processor.py:830} INFO - Processing file /opt/airflow/dags/api_cb.py for tasks to queue
[2026-02-20T12:16:45.991+0000] {logging_mixin.py:188} INFO - [2026-02-20T12:16:45.991+0000] {dagbag.py:545} INFO - Filling up the DagBag from /opt/airflow/dags/api_cb.py
[2026-02-20T12:16:46.019+0000] {logging_mixin.py:188} INFO - [2026-02-20T12:16:46.017+0000] {dagbag.py:355} ERROR - Failed to import: /opt/airflow/dags/api_cb.py
Traceback (most recent call last):
  File "/home/airflow/.local/lib/python3.12/site-packages/airflow/models/dagbag.py", line 351, in parse
    loader.exec_module(new_module)
  File "<frozen importlib._bootstrap_external>", line 991, in exec_module
  File "<frozen importlib._bootstrap_external>", line 1129, in get_code
  File "<frozen importlib._bootstrap_external>", line 1059, in source_to_code
  File "<frozen importlib._bootstrap>", line 488, in _call_with_frames_removed
  File "/opt/airflow/dags/api_cb.py", line 30
    t1 =
        ^
SyntaxError: invalid syntax
[2026-02-20T12:16:46.020+0000] {processor.py:842} WARNING - No viable dags retrieved from /opt/airflow/dags/api_cb.py
[2026-02-20T12:16:46.055+0000] {processor.py:183} INFO - Processing /opt/airflow/dags/api_cb.py took 0.075 seconds
[2026-02-20T12:16:46.125+0000] {processor.py:161} INFO - Started process (PID=4550) to work on /opt/airflow/dags/api_cb.py
[2026-02-20T12:16:46.127+0000] {processor.py:830} INFO - Processing file /opt/airflow/dags/api_cb.py for tasks to queue
[2026-02-20T12:16:46.130+0000] {logging_mixin.py:188} INFO - [2026-02-20T12:16:46.130+0000] {dagbag.py:545} INFO - Filling up the DagBag from /opt/airflow/dags/api_cb.py
[2026-02-20T12:16:46.168+0000] {logging_mixin.py:188} INFO - [2026-02-20T12:16:46.166+0000] {dagbag.py:355} ERROR - Failed to import: /opt/airflow/dags/api_cb.py
Traceback (most recent call last):
  File "/home/airflow/.local/lib/python3.12/site-packages/airflow/models/dagbag.py", line 351, in parse
    loader.exec_module(new_module)
  File "<frozen importlib._bootstrap_external>", line 991, in exec_module
  File "<frozen importlib._bootstrap_external>", line 1129, in get_code
  File "<frozen importlib._bootstrap_external>", line 1059, in source_to_code
  File "<frozen importlib._bootstrap>", line 488, in _call_with_frames_removed
  File "/opt/airflow/dags/api_cb.py", line 30
    t1 =
        ^
SyntaxError: invalid syntax
[2026-02-20T12:16:46.169+0000] {processor.py:842} WARNING - No viable dags retrieved from /opt/airflow/dags/api_cb.py
[2026-02-20T12:16:46.210+0000] {processor.py:183} INFO - Processing /opt/airflow/dags/api_cb.py took 0.093 seconds
[2026-02-20T12:16:46.278+0000] {processor.py:161} INFO - Started process (PID=4555) to work on /opt/airflow/dags/api_cb.py
[2026-02-20T12:16:46.280+0000] {processor.py:830} INFO - Processing file /opt/airflow/dags/api_cb.py for tasks to queue
[2026-02-20T12:16:46.282+0000] {logging_mixin.py:188} INFO - [2026-02-20T12:16:46.282+0000] {dagbag.py:545} INFO - Filling up the DagBag from /opt/airflow/dags/api_cb.py
[2026-02-20T12:16:46.306+0000] {logging_mixin.py:188} INFO - [2026-02-20T12:16:46.305+0000] {dagbag.py:355} ERROR - Failed to import: /opt/airflow/dags/api_cb.py
Traceback (most recent call last):
  File "/home/airflow/.local/lib/python3.12/site-packages/airflow/models/dagbag.py", line 351, in parse
    loader.exec_module(new_module)
  File "<frozen importlib._bootstrap_external>", line 991, in exec_module
  File "<frozen importlib._bootstrap_external>", line 1129, in get_code
  File "<frozen importlib._bootstrap_external>", line 1059, in source_to_code
  File "<frozen importlib._bootstrap>", line 488, in _call_with_frames_removed
  File "/opt/airflow/dags/api_cb.py", line 30
    t1 =
        ^
SyntaxError: invalid syntax
[2026-02-20T12:16:46.307+0000] {processor.py:842} WARNING - No viable dags retrieved from /opt/airflow/dags/api_cb.py
[2026-02-20T12:16:46.335+0000] {processor.py:183} INFO - Processing /opt/airflow/dags/api_cb.py took 0.064 seconds
[2026-02-20T12:16:46.403+0000] {processor.py:161} INFO - Started process (PID=4560) to work on /opt/airflow/dags/api_cb.py
[2026-02-20T12:16:46.405+0000] {processor.py:830} INFO - Processing file /opt/airflow/dags/api_cb.py for tasks to queue
[2026-02-20T12:16:46.407+0000] {logging_mixin.py:188} INFO - [2026-02-20T12:16:46.407+0000] {dagbag.py:545} INFO - Filling up the DagBag from /opt/airflow/dags/api_cb.py
[2026-02-20T12:16:46.439+0000] {logging_mixin.py:188} INFO - [2026-02-20T12:16:46.438+0000] {dagbag.py:355} ERROR - Failed to import: /opt/airflow/dags/api_cb.py
Traceback (most recent call last):
  File "/home/airflow/.local/lib/python3.12/site-packages/airflow/models/dagbag.py", line 351, in parse
    loader.exec_module(new_module)
  File "<frozen importlib._bootstrap_external>", line 991, in exec_module
  File "<frozen importlib._bootstrap_external>", line 1129, in get_code
  File "<frozen importlib._bootstrap_external>", line 1059, in source_to_code
  File "<frozen importlib._bootstrap>", line 488, in _call_with_frames_removed
  File "/opt/airflow/dags/api_cb.py", line 30
    t1 =
        ^
SyntaxError: invalid syntax
[2026-02-20T12:16:46.440+0000] {processor.py:842} WARNING - No viable dags retrieved from /opt/airflow/dags/api_cb.py
[2026-02-20T12:16:46.478+0000] {processor.py:183} INFO - Processing /opt/airflow/dags/api_cb.py took 0.082 seconds
[2026-02-20T12:16:46.582+0000] {processor.py:161} INFO - Started process (PID=4565) to work on /opt/airflow/dags/api_cb.py
[2026-02-20T12:16:46.584+0000] {processor.py:830} INFO - Processing file /opt/airflow/dags/api_cb.py for tasks to queue
[2026-02-20T12:16:46.587+0000] {logging_mixin.py:188} INFO - [2026-02-20T12:16:46.586+0000] {dagbag.py:545} INFO - Filling up the DagBag from /opt/airflow/dags/api_cb.py
[2026-02-20T12:16:46.620+0000] {logging_mixin.py:188} INFO - [2026-02-20T12:16:46.618+0000] {dagbag.py:355} ERROR - Failed to import: /opt/airflow/dags/api_cb.py
Traceback (most recent call last):
  File "/home/airflow/.local/lib/python3.12/site-packages/airflow/models/dagbag.py", line 351, in parse
    loader.exec_module(new_module)
  File "<frozen importlib._bootstrap_external>", line 991, in exec_module
  File "<frozen importlib._bootstrap_external>", line 1129, in get_code
  File "<frozen importlib._bootstrap_external>", line 1059, in source_to_code
  File "<frozen importlib._bootstrap>", line 488, in _call_with_frames_removed
  File "/opt/airflow/dags/api_cb.py", line 30
    t1 =
        ^
SyntaxError: invalid syntax
[2026-02-20T12:16:46.621+0000] {processor.py:842} WARNING - No viable dags retrieved from /opt/airflow/dags/api_cb.py
[2026-02-20T12:16:46.650+0000] {processor.py:183} INFO - Processing /opt/airflow/dags/api_cb.py took 0.083 seconds
[2026-02-20T12:16:46.725+0000] {processor.py:161} INFO - Started process (PID=4570) to work on /opt/airflow/dags/api_cb.py
[2026-02-20T12:16:46.727+0000] {processor.py:830} INFO - Processing file /opt/airflow/dags/api_cb.py for tasks to queue
[2026-02-20T12:16:46.730+0000] {logging_mixin.py:188} INFO - [2026-02-20T12:16:46.730+0000] {dagbag.py:545} INFO - Filling up the DagBag from /opt/airflow/dags/api_cb.py
[2026-02-20T12:16:46.763+0000] {logging_mixin.py:188} INFO - [2026-02-20T12:16:46.761+0000] {dagbag.py:355} ERROR - Failed to import: /opt/airflow/dags/api_cb.py
Traceback (most recent call last):
  File "/home/airflow/.local/lib/python3.12/site-packages/airflow/models/dagbag.py", line 351, in parse
    loader.exec_module(new_module)
  File "<frozen importlib._bootstrap_external>", line 991, in exec_module
  File "<frozen importlib._bootstrap_external>", line 1129, in get_code
  File "<frozen importlib._bootstrap_external>", line 1059, in source_to_code
  File "<frozen importlib._bootstrap>", line 488, in _call_with_frames_removed
  File "/opt/airflow/dags/api_cb.py", line 30
    t1 =
        ^
SyntaxError: invalid syntax
[2026-02-20T12:16:46.764+0000] {processor.py:842} WARNING - No viable dags retrieved from /opt/airflow/dags/api_cb.py
[2026-02-20T12:16:46.804+0000] {processor.py:183} INFO - Processing /opt/airflow/dags/api_cb.py took 0.089 seconds
[2026-02-20T12:16:46.905+0000] {processor.py:161} INFO - Started process (PID=4582) to work on /opt/airflow/dags/api_cb.py
[2026-02-20T12:16:46.907+0000] {processor.py:830} INFO - Processing file /opt/airflow/dags/api_cb.py for tasks to queue
[2026-02-20T12:16:46.910+0000] {logging_mixin.py:188} INFO - [2026-02-20T12:16:46.910+0000] {dagbag.py:545} INFO - Filling up the DagBag from /opt/airflow/dags/api_cb.py
[2026-02-20T12:16:46.934+0000] {logging_mixin.py:188} INFO - [2026-02-20T12:16:46.932+0000] {dagbag.py:355} ERROR - Failed to import: /opt/airflow/dags/api_cb.py
Traceback (most recent call last):
  File "/home/airflow/.local/lib/python3.12/site-packages/airflow/models/dagbag.py", line 351, in parse
    loader.exec_module(new_module)
  File "<frozen importlib._bootstrap_external>", line 991, in exec_module
  File "<frozen importlib._bootstrap_external>", line 1129, in get_code
  File "<frozen importlib._bootstrap_external>", line 1059, in source_to_code
  File "<frozen importlib._bootstrap>", line 488, in _call_with_frames_removed
  File "/opt/airflow/dags/api_cb.py", line 30
    t1 =
        ^
SyntaxError: invalid syntax
[2026-02-20T12:16:46.935+0000] {processor.py:842} WARNING - No viable dags retrieved from /opt/airflow/dags/api_cb.py
[2026-02-20T12:16:46.960+0000] {processor.py:183} INFO - Processing /opt/airflow/dags/api_cb.py took 0.065 seconds
[2026-02-20T12:16:50.156+0000] {processor.py:161} INFO - Started process (PID=4587) to work on /opt/airflow/dags/api_cb.py
[2026-02-20T12:16:50.158+0000] {processor.py:830} INFO - Processing file /opt/airflow/dags/api_cb.py for tasks to queue
[2026-02-20T12:16:50.162+0000] {logging_mixin.py:188} INFO - [2026-02-20T12:16:50.161+0000] {dagbag.py:545} INFO - Filling up the DagBag from /opt/airflow/dags/api_cb.py
[2026-02-20T12:16:50.199+0000] {logging_mixin.py:188} INFO - [2026-02-20T12:16:50.196+0000] {dagbag.py:355} ERROR - Failed to import: /opt/airflow/dags/api_cb.py
Traceback (most recent call last):
  File "/home/airflow/.local/lib/python3.12/site-packages/airflow/models/dagbag.py", line 351, in parse
    loader.exec_module(new_module)
  File "<frozen importlib._bootstrap_external>", line 991, in exec_module
  File "<frozen importlib._bootstrap_external>", line 1129, in get_code
  File "<frozen importlib._bootstrap_external>", line 1059, in source_to_code
  File "<frozen importlib._bootstrap>", line 488, in _call_with_frames_removed
  File "/opt/airflow/dags/api_cb.py", line 13
    cbr_date = 
               ^
SyntaxError: invalid syntax
[2026-02-20T12:16:50.204+0000] {processor.py:842} WARNING - No viable dags retrieved from /opt/airflow/dags/api_cb.py
[2026-02-20T12:16:50.250+0000] {processor.py:183} INFO - Processing /opt/airflow/dags/api_cb.py took 0.107 seconds
[2026-02-20T12:16:50.327+0000] {processor.py:161} INFO - Started process (PID=4592) to work on /opt/airflow/dags/api_cb.py
[2026-02-20T12:16:50.329+0000] {processor.py:830} INFO - Processing file /opt/airflow/dags/api_cb.py for tasks to queue
[2026-02-20T12:16:50.332+0000] {logging_mixin.py:188} INFO - [2026-02-20T12:16:50.331+0000] {dagbag.py:545} INFO - Filling up the DagBag from /opt/airflow/dags/api_cb.py
[2026-02-20T12:16:50.371+0000] {logging_mixin.py:188} INFO - [2026-02-20T12:16:50.369+0000] {dagbag.py:355} ERROR - Failed to import: /opt/airflow/dags/api_cb.py
Traceback (most recent call last):
  File "/home/airflow/.local/lib/python3.12/site-packages/airflow/models/dagbag.py", line 351, in parse
    loader.exec_module(new_module)
  File "<frozen importlib._bootstrap_external>", line 991, in exec_module
  File "<frozen importlib._bootstrap_external>", line 1129, in get_code
  File "<frozen importlib._bootstrap_external>", line 1059, in source_to_code
  File "<frozen importlib._bootstrap>", line 488, in _call_with_frames_removed
  File "/opt/airflow/dags/api_cb.py", line 13
    cbr_date = 
               ^
SyntaxError: invalid syntax
[2026-02-20T12:16:50.378+0000] {processor.py:842} WARNING - No viable dags retrieved from /opt/airflow/dags/api_cb.py
[2026-02-20T12:16:50.421+0000] {processor.py:183} INFO - Processing /opt/airflow/dags/api_cb.py took 0.103 seconds
[2026-02-20T12:16:50.510+0000] {processor.py:161} INFO - Started process (PID=4597) to work on /opt/airflow/dags/api_cb.py
[2026-02-20T12:16:50.512+0000] {processor.py:830} INFO - Processing file /opt/airflow/dags/api_cb.py for tasks to queue
[2026-02-20T12:16:50.514+0000] {logging_mixin.py:188} INFO - [2026-02-20T12:16:50.514+0000] {dagbag.py:545} INFO - Filling up the DagBag from /opt/airflow/dags/api_cb.py
[2026-02-20T12:16:50.537+0000] {logging_mixin.py:188} INFO - [2026-02-20T12:16:50.535+0000] {dagbag.py:355} ERROR - Failed to import: /opt/airflow/dags/api_cb.py
Traceback (most recent call last):
  File "/home/airflow/.local/lib/python3.12/site-packages/airflow/models/dagbag.py", line 351, in parse
    loader.exec_module(new_module)
  File "<frozen importlib._bootstrap_external>", line 991, in exec_module
  File "<frozen importlib._bootstrap_external>", line 1129, in get_code
  File "<frozen importlib._bootstrap_external>", line 1059, in source_to_code
  File "<frozen importlib._bootstrap>", line 488, in _call_with_frames_removed
  File "/opt/airflow/dags/api_cb.py", line 13
    cbr_date = 
               ^
SyntaxError: invalid syntax
[2026-02-20T12:16:50.538+0000] {processor.py:842} WARNING - No viable dags retrieved from /opt/airflow/dags/api_cb.py
[2026-02-20T12:16:50.568+0000] {processor.py:183} INFO - Processing /opt/airflow/dags/api_cb.py took 0.066 seconds
[2026-02-20T12:16:50.638+0000] {processor.py:161} INFO - Started process (PID=4602) to work on /opt/airflow/dags/api_cb.py
[2026-02-20T12:16:50.639+0000] {processor.py:830} INFO - Processing file /opt/airflow/dags/api_cb.py for tasks to queue
[2026-02-20T12:16:50.642+0000] {logging_mixin.py:188} INFO - [2026-02-20T12:16:50.641+0000] {dagbag.py:545} INFO - Filling up the DagBag from /opt/airflow/dags/api_cb.py
[2026-02-20T12:16:50.673+0000] {logging_mixin.py:188} INFO - [2026-02-20T12:16:50.671+0000] {dagbag.py:355} ERROR - Failed to import: /opt/airflow/dags/api_cb.py
Traceback (most recent call last):
  File "/home/airflow/.local/lib/python3.12/site-packages/airflow/models/dagbag.py", line 351, in parse
    loader.exec_module(new_module)
  File "<frozen importlib._bootstrap_external>", line 991, in exec_module
  File "<frozen importlib._bootstrap_external>", line 1129, in get_code
  File "<frozen importlib._bootstrap_external>", line 1059, in source_to_code
  File "<frozen importlib._bootstrap>", line 488, in _call_with_frames_removed
  File "/opt/airflow/dags/api_cb.py", line 13
    cbr_date = 
               ^
SyntaxError: invalid syntax
[2026-02-20T12:16:50.674+0000] {processor.py:842} WARNING - No viable dags retrieved from /opt/airflow/dags/api_cb.py
[2026-02-20T12:16:50.698+0000] {processor.py:183} INFO - Processing /opt/airflow/dags/api_cb.py took 0.068 seconds
[2026-02-20T12:16:50.768+0000] {processor.py:161} INFO - Started process (PID=4607) to work on /opt/airflow/dags/api_cb.py
[2026-02-20T12:16:50.769+0000] {processor.py:830} INFO - Processing file /opt/airflow/dags/api_cb.py for tasks to queue
[2026-02-20T12:16:50.772+0000] {logging_mixin.py:188} INFO - [2026-02-20T12:16:50.771+0000] {dagbag.py:545} INFO - Filling up the DagBag from /opt/airflow/dags/api_cb.py
[2026-02-20T12:16:50.796+0000] {logging_mixin.py:188} INFO - [2026-02-20T12:16:50.795+0000] {dagbag.py:355} ERROR - Failed to import: /opt/airflow/dags/api_cb.py
Traceback (most recent call last):
  File "/home/airflow/.local/lib/python3.12/site-packages/airflow/models/dagbag.py", line 351, in parse
    loader.exec_module(new_module)
  File "<frozen importlib._bootstrap_external>", line 991, in exec_module
  File "<frozen importlib._bootstrap_external>", line 1129, in get_code
  File "<frozen importlib._bootstrap_external>", line 1059, in source_to_code
  File "<frozen importlib._bootstrap>", line 488, in _call_with_frames_removed
  File "/opt/airflow/dags/api_cb.py", line 13
    cbr_date = 
               ^
SyntaxError: invalid syntax
[2026-02-20T12:16:50.798+0000] {processor.py:842} WARNING - No viable dags retrieved from /opt/airflow/dags/api_cb.py
[2026-02-20T12:16:50.822+0000] {processor.py:183} INFO - Processing /opt/airflow/dags/api_cb.py took 0.061 seconds
[2026-02-20T12:16:50.891+0000] {processor.py:161} INFO - Started process (PID=4612) to work on /opt/airflow/dags/api_cb.py
[2026-02-20T12:16:50.893+0000] {processor.py:830} INFO - Processing file /opt/airflow/dags/api_cb.py for tasks to queue
[2026-02-20T12:16:50.897+0000] {logging_mixin.py:188} INFO - [2026-02-20T12:16:50.896+0000] {dagbag.py:545} INFO - Filling up the DagBag from /opt/airflow/dags/api_cb.py
[2026-02-20T12:16:50.933+0000] {logging_mixin.py:188} INFO - [2026-02-20T12:16:50.932+0000] {dagbag.py:355} ERROR - Failed to import: /opt/airflow/dags/api_cb.py
Traceback (most recent call last):
  File "/home/airflow/.local/lib/python3.12/site-packages/airflow/models/dagbag.py", line 351, in parse
    loader.exec_module(new_module)
  File "<frozen importlib._bootstrap_external>", line 991, in exec_module
  File "<frozen importlib._bootstrap_external>", line 1129, in get_code
  File "<frozen importlib._bootstrap_external>", line 1059, in source_to_code
  File "<frozen importlib._bootstrap>", line 488, in _call_with_frames_removed
  File "/opt/airflow/dags/api_cb.py", line 13
    cbr_date = 
               ^
SyntaxError: invalid syntax
[2026-02-20T12:16:50.935+0000] {processor.py:842} WARNING - No viable dags retrieved from /opt/airflow/dags/api_cb.py
[2026-02-20T12:16:50.965+0000] {processor.py:183} INFO - Processing /opt/airflow/dags/api_cb.py took 0.083 seconds
[2026-02-20T12:16:51.040+0000] {processor.py:161} INFO - Started process (PID=4617) to work on /opt/airflow/dags/api_cb.py
[2026-02-20T12:16:51.042+0000] {processor.py:830} INFO - Processing file /opt/airflow/dags/api_cb.py for tasks to queue
[2026-02-20T12:16:51.046+0000] {logging_mixin.py:188} INFO - [2026-02-20T12:16:51.046+0000] {dagbag.py:545} INFO - Filling up the DagBag from /opt/airflow/dags/api_cb.py
[2026-02-20T12:16:51.068+0000] {logging_mixin.py:188} INFO - [2026-02-20T12:16:51.067+0000] {dagbag.py:355} ERROR - Failed to import: /opt/airflow/dags/api_cb.py
Traceback (most recent call last):
  File "/home/airflow/.local/lib/python3.12/site-packages/airflow/models/dagbag.py", line 351, in parse
    loader.exec_module(new_module)
  File "<frozen importlib._bootstrap_external>", line 991, in exec_module
  File "<frozen importlib._bootstrap_external>", line 1129, in get_code
  File "<frozen importlib._bootstrap_external>", line 1059, in source_to_code
  File "<frozen importlib._bootstrap>", line 488, in _call_with_frames_removed
  File "/opt/airflow/dags/api_cb.py", line 13
    cbr_date = 
               ^
SyntaxError: invalid syntax
[2026-02-20T12:16:51.070+0000] {processor.py:842} WARNING - No viable dags retrieved from /opt/airflow/dags/api_cb.py
[2026-02-20T12:16:51.096+0000] {processor.py:183} INFO - Processing /opt/airflow/dags/api_cb.py took 0.067 seconds
[2026-02-20T12:16:51.157+0000] {processor.py:161} INFO - Started process (PID=4622) to work on /opt/airflow/dags/api_cb.py
[2026-02-20T12:16:51.158+0000] {processor.py:830} INFO - Processing file /opt/airflow/dags/api_cb.py for tasks to queue
[2026-02-20T12:16:51.163+0000] {logging_mixin.py:188} INFO - [2026-02-20T12:16:51.162+0000] {dagbag.py:545} INFO - Filling up the DagBag from /opt/airflow/dags/api_cb.py
[2026-02-20T12:16:51.197+0000] {logging_mixin.py:188} INFO - [2026-02-20T12:16:51.195+0000] {dagbag.py:355} ERROR - Failed to import: /opt/airflow/dags/api_cb.py
Traceback (most recent call last):
  File "/home/airflow/.local/lib/python3.12/site-packages/airflow/models/dagbag.py", line 351, in parse
    loader.exec_module(new_module)
  File "<frozen importlib._bootstrap_external>", line 991, in exec_module
  File "<frozen importlib._bootstrap_external>", line 1129, in get_code
  File "<frozen importlib._bootstrap_external>", line 1059, in source_to_code
  File "<frozen importlib._bootstrap>", line 488, in _call_with_frames_removed
  File "/opt/airflow/dags/api_cb.py", line 13
    cbr_date = 
               ^
SyntaxError: invalid syntax
[2026-02-20T12:16:51.198+0000] {processor.py:842} WARNING - No viable dags retrieved from /opt/airflow/dags/api_cb.py
[2026-02-20T12:16:51.230+0000] {processor.py:183} INFO - Processing /opt/airflow/dags/api_cb.py took 0.082 seconds
[2026-02-20T12:16:51.297+0000] {processor.py:161} INFO - Started process (PID=4627) to work on /opt/airflow/dags/api_cb.py
[2026-02-20T12:16:51.298+0000] {processor.py:830} INFO - Processing file /opt/airflow/dags/api_cb.py for tasks to queue
[2026-02-20T12:16:51.301+0000] {logging_mixin.py:188} INFO - [2026-02-20T12:16:51.301+0000] {dagbag.py:545} INFO - Filling up the DagBag from /opt/airflow/dags/api_cb.py
[2026-02-20T12:16:51.322+0000] {logging_mixin.py:188} INFO - [2026-02-20T12:16:51.321+0000] {dagbag.py:355} ERROR - Failed to import: /opt/airflow/dags/api_cb.py
Traceback (most recent call last):
  File "/home/airflow/.local/lib/python3.12/site-packages/airflow/models/dagbag.py", line 351, in parse
    loader.exec_module(new_module)
  File "<frozen importlib._bootstrap_external>", line 991, in exec_module
  File "<frozen importlib._bootstrap_external>", line 1129, in get_code
  File "<frozen importlib._bootstrap_external>", line 1059, in source_to_code
  File "<frozen importlib._bootstrap>", line 488, in _call_with_frames_removed
  File "/opt/airflow/dags/api_cb.py", line 13
    cbr_date = 
               ^
SyntaxError: invalid syntax
[2026-02-20T12:16:51.323+0000] {processor.py:842} WARNING - No viable dags retrieved from /opt/airflow/dags/api_cb.py
[2026-02-20T12:16:51.347+0000] {processor.py:183} INFO - Processing /opt/airflow/dags/api_cb.py took 0.057 seconds
[2026-02-20T12:16:51.403+0000] {processor.py:161} INFO - Started process (PID=4632) to work on /opt/airflow/dags/api_cb.py
[2026-02-20T12:16:51.404+0000] {processor.py:830} INFO - Processing file /opt/airflow/dags/api_cb.py for tasks to queue
[2026-02-20T12:16:51.407+0000] {logging_mixin.py:188} INFO - [2026-02-20T12:16:51.407+0000] {dagbag.py:545} INFO - Filling up the DagBag from /opt/airflow/dags/api_cb.py
[2026-02-20T12:16:51.427+0000] {logging_mixin.py:188} INFO - [2026-02-20T12:16:51.425+0000] {dagbag.py:355} ERROR - Failed to import: /opt/airflow/dags/api_cb.py
Traceback (most recent call last):
  File "/home/airflow/.local/lib/python3.12/site-packages/airflow/models/dagbag.py", line 351, in parse
    loader.exec_module(new_module)
  File "<frozen importlib._bootstrap_external>", line 991, in exec_module
  File "<frozen importlib._bootstrap_external>", line 1129, in get_code
  File "<frozen importlib._bootstrap_external>", line 1059, in source_to_code
  File "<frozen importlib._bootstrap>", line 488, in _call_with_frames_removed
  File "/opt/airflow/dags/api_cb.py", line 13
    cbr_date = 
               ^
SyntaxError: invalid syntax
[2026-02-20T12:16:51.428+0000] {processor.py:842} WARNING - No viable dags retrieved from /opt/airflow/dags/api_cb.py
[2026-02-20T12:16:51.455+0000] {processor.py:183} INFO - Processing /opt/airflow/dags/api_cb.py took 0.060 seconds
[2026-02-20T12:16:59.486+0000] {processor.py:161} INFO - Started process (PID=4637) to work on /opt/airflow/dags/api_cb.py
[2026-02-20T12:16:59.487+0000] {processor.py:830} INFO - Processing file /opt/airflow/dags/api_cb.py for tasks to queue
[2026-02-20T12:16:59.490+0000] {logging_mixin.py:188} INFO - [2026-02-20T12:16:59.489+0000] {dagbag.py:545} INFO - Filling up the DagBag from /opt/airflow/dags/api_cb.py
[2026-02-20T12:16:59.524+0000] {logging_mixin.py:188} INFO - [2026-02-20T12:16:59.521+0000] {dagbag.py:355} ERROR - Failed to import: /opt/airflow/dags/api_cb.py
Traceback (most recent call last):
  File "/home/airflow/.local/lib/python3.12/site-packages/airflow/models/dagbag.py", line 351, in parse
    loader.exec_module(new_module)
  File "<frozen importlib._bootstrap_external>", line 991, in exec_module
  File "<frozen importlib._bootstrap_external>", line 1129, in get_code
  File "<frozen importlib._bootstrap_external>", line 1059, in source_to_code
  File "<frozen importlib._bootstrap>", line 488, in _call_with_frames_removed
  File "/opt/airflow/dags/api_cb.py", line 30
    t1 =
        ^
SyntaxError: invalid syntax
[2026-02-20T12:16:59.528+0000] {processor.py:842} WARNING - No viable dags retrieved from /opt/airflow/dags/api_cb.py
[2026-02-20T12:16:59.590+0000] {processor.py:183} INFO - Processing /opt/airflow/dags/api_cb.py took 0.112 seconds
[2026-02-20T12:17:00.164+0000] {processor.py:161} INFO - Started process (PID=4642) to work on /opt/airflow/dags/api_cb.py
[2026-02-20T12:17:00.166+0000] {processor.py:830} INFO - Processing file /opt/airflow/dags/api_cb.py for tasks to queue
[2026-02-20T12:17:00.168+0000] {logging_mixin.py:188} INFO - [2026-02-20T12:17:00.168+0000] {dagbag.py:545} INFO - Filling up the DagBag from /opt/airflow/dags/api_cb.py
[2026-02-20T12:17:00.196+0000] {logging_mixin.py:188} INFO - [2026-02-20T12:17:00.194+0000] {dagbag.py:355} ERROR - Failed to import: /opt/airflow/dags/api_cb.py
Traceback (most recent call last):
  File "/home/airflow/.local/lib/python3.12/site-packages/airflow/models/dagbag.py", line 351, in parse
    loader.exec_module(new_module)
  File "<frozen importlib._bootstrap_external>", line 991, in exec_module
  File "<frozen importlib._bootstrap_external>", line 1129, in get_code
  File "<frozen importlib._bootstrap_external>", line 1059, in source_to_code
  File "<frozen importlib._bootstrap>", line 488, in _call_with_frames_removed
  File "/opt/airflow/dags/api_cb.py", line 30
    t1 =
        ^
SyntaxError: invalid syntax
[2026-02-20T12:17:00.198+0000] {processor.py:842} WARNING - No viable dags retrieved from /opt/airflow/dags/api_cb.py
[2026-02-20T12:17:00.223+0000] {processor.py:183} INFO - Processing /opt/airflow/dags/api_cb.py took 0.067 seconds
[2026-02-20T12:17:08.499+0000] {processor.py:161} INFO - Started process (PID=4659) to work on /opt/airflow/dags/api_cb.py
[2026-02-20T12:17:08.501+0000] {processor.py:830} INFO - Processing file /opt/airflow/dags/api_cb.py for tasks to queue
[2026-02-20T12:17:08.505+0000] {logging_mixin.py:188} INFO - [2026-02-20T12:17:08.505+0000] {dagbag.py:545} INFO - Filling up the DagBag from /opt/airflow/dags/api_cb.py
[2026-02-20T12:17:08.533+0000] {logging_mixin.py:188} INFO - [2026-02-20T12:17:08.532+0000] {dagbag.py:355} ERROR - Failed to import: /opt/airflow/dags/api_cb.py
Traceback (most recent call last):
  File "/home/airflow/.local/lib/python3.12/site-packages/airflow/models/dagbag.py", line 351, in parse
    loader.exec_module(new_module)
  File "<frozen importlib._bootstrap_external>", line 991, in exec_module
  File "<frozen importlib._bootstrap_external>", line 1129, in get_code
  File "<frozen importlib._bootstrap_external>", line 1059, in source_to_code
  File "<frozen importlib._bootstrap>", line 488, in _call_with_frames_removed
  File "/opt/airflow/dags/api_cb.py", line 30
    t1 =
        ^
SyntaxError: invalid syntax
[2026-02-20T12:17:08.534+0000] {processor.py:842} WARNING - No viable dags retrieved from /opt/airflow/dags/api_cb.py
[2026-02-20T12:17:08.563+0000] {processor.py:183} INFO - Processing /opt/airflow/dags/api_cb.py took 0.072 seconds
[2026-02-20T12:17:11.850+0000] {processor.py:161} INFO - Started process (PID=4670) to work on /opt/airflow/dags/api_cb.py
[2026-02-20T12:17:11.852+0000] {processor.py:830} INFO - Processing file /opt/airflow/dags/api_cb.py for tasks to queue
[2026-02-20T12:17:11.854+0000] {logging_mixin.py:188} INFO - [2026-02-20T12:17:11.854+0000] {dagbag.py:545} INFO - Filling up the DagBag from /opt/airflow/dags/api_cb.py
[2026-02-20T12:17:11.978+0000] {logging_mixin.py:188} INFO - [2026-02-20T12:17:11.977+0000] {dagbag.py:355} ERROR - Failed to import: /opt/airflow/dags/api_cb.py
Traceback (most recent call last):
  File "/home/airflow/.local/lib/python3.12/site-packages/airflow/models/dagbag.py", line 351, in parse
    loader.exec_module(new_module)
  File "<frozen importlib._bootstrap_external>", line 991, in exec_module
  File "<frozen importlib._bootstrap_external>", line 1129, in get_code
  File "<frozen importlib._bootstrap_external>", line 1059, in source_to_code
  File "<frozen importlib._bootstrap>", line 488, in _call_with_frames_removed
  File "/opt/airflow/dags/api_cb.py", line 32
    t1 =
        ^
SyntaxError: invalid syntax
[2026-02-20T12:17:11.980+0000] {processor.py:842} WARNING - No viable dags retrieved from /opt/airflow/dags/api_cb.py
[2026-02-20T12:17:12.013+0000] {processor.py:183} INFO - Processing /opt/airflow/dags/api_cb.py took 0.171 seconds
[2026-02-20T12:17:12.072+0000] {processor.py:161} INFO - Started process (PID=4675) to work on /opt/airflow/dags/api_cb.py
[2026-02-20T12:17:12.074+0000] {processor.py:830} INFO - Processing file /opt/airflow/dags/api_cb.py for tasks to queue
[2026-02-20T12:17:12.076+0000] {logging_mixin.py:188} INFO - [2026-02-20T12:17:12.076+0000] {dagbag.py:545} INFO - Filling up the DagBag from /opt/airflow/dags/api_cb.py
[2026-02-20T12:17:12.103+0000] {logging_mixin.py:188} INFO - [2026-02-20T12:17:12.102+0000] {dagbag.py:355} ERROR - Failed to import: /opt/airflow/dags/api_cb.py
Traceback (most recent call last):
  File "/home/airflow/.local/lib/python3.12/site-packages/airflow/models/dagbag.py", line 351, in parse
    loader.exec_module(new_module)
  File "<frozen importlib._bootstrap_external>", line 991, in exec_module
  File "<frozen importlib._bootstrap_external>", line 1129, in get_code
  File "<frozen importlib._bootstrap_external>", line 1059, in source_to_code
  File "<frozen importlib._bootstrap>", line 488, in _call_with_frames_removed
  File "/opt/airflow/dags/api_cb.py", line 32
    t1 =
        ^
SyntaxError: invalid syntax
[2026-02-20T12:17:12.105+0000] {processor.py:842} WARNING - No viable dags retrieved from /opt/airflow/dags/api_cb.py
[2026-02-20T12:17:12.137+0000] {processor.py:183} INFO - Processing /opt/airflow/dags/api_cb.py took 0.072 seconds
[2026-02-20T12:17:12.269+0000] {processor.py:161} INFO - Started process (PID=4680) to work on /opt/airflow/dags/api_cb.py
[2026-02-20T12:17:12.272+0000] {processor.py:830} INFO - Processing file /opt/airflow/dags/api_cb.py for tasks to queue
[2026-02-20T12:17:12.278+0000] {logging_mixin.py:188} INFO - [2026-02-20T12:17:12.277+0000] {dagbag.py:545} INFO - Filling up the DagBag from /opt/airflow/dags/api_cb.py
[2026-02-20T12:17:12.349+0000] {logging_mixin.py:188} INFO - [2026-02-20T12:17:12.347+0000] {dagbag.py:355} ERROR - Failed to import: /opt/airflow/dags/api_cb.py
Traceback (most recent call last):
  File "/home/airflow/.local/lib/python3.12/site-packages/airflow/models/dagbag.py", line 351, in parse
    loader.exec_module(new_module)
  File "<frozen importlib._bootstrap_external>", line 991, in exec_module
  File "<frozen importlib._bootstrap_external>", line 1129, in get_code
  File "<frozen importlib._bootstrap_external>", line 1059, in source_to_code
  File "<frozen importlib._bootstrap>", line 488, in _call_with_frames_removed
  File "/opt/airflow/dags/api_cb.py", line 32
    t1 =
        ^
SyntaxError: invalid syntax
[2026-02-20T12:17:12.351+0000] {processor.py:842} WARNING - No viable dags retrieved from /opt/airflow/dags/api_cb.py
[2026-02-20T12:17:12.384+0000] {processor.py:183} INFO - Processing /opt/airflow/dags/api_cb.py took 0.122 seconds
[2026-02-20T12:17:12.492+0000] {processor.py:161} INFO - Started process (PID=4685) to work on /opt/airflow/dags/api_cb.py
[2026-02-20T12:17:12.494+0000] {processor.py:830} INFO - Processing file /opt/airflow/dags/api_cb.py for tasks to queue
[2026-02-20T12:17:12.496+0000] {logging_mixin.py:188} INFO - [2026-02-20T12:17:12.496+0000] {dagbag.py:545} INFO - Filling up the DagBag from /opt/airflow/dags/api_cb.py
[2026-02-20T12:17:12.531+0000] {logging_mixin.py:188} INFO - [2026-02-20T12:17:12.529+0000] {dagbag.py:355} ERROR - Failed to import: /opt/airflow/dags/api_cb.py
Traceback (most recent call last):
  File "/home/airflow/.local/lib/python3.12/site-packages/airflow/models/dagbag.py", line 351, in parse
    loader.exec_module(new_module)
  File "<frozen importlib._bootstrap_external>", line 991, in exec_module
  File "<frozen importlib._bootstrap_external>", line 1129, in get_code
  File "<frozen importlib._bootstrap_external>", line 1059, in source_to_code
  File "<frozen importlib._bootstrap>", line 488, in _call_with_frames_removed
  File "/opt/airflow/dags/api_cb.py", line 32
    t1 =
        ^
SyntaxError: invalid syntax
[2026-02-20T12:17:12.533+0000] {processor.py:842} WARNING - No viable dags retrieved from /opt/airflow/dags/api_cb.py
[2026-02-20T12:17:12.569+0000] {processor.py:183} INFO - Processing /opt/airflow/dags/api_cb.py took 0.087 seconds
[2026-02-20T12:17:12.646+0000] {processor.py:161} INFO - Started process (PID=4690) to work on /opt/airflow/dags/api_cb.py
[2026-02-20T12:17:12.648+0000] {processor.py:830} INFO - Processing file /opt/airflow/dags/api_cb.py for tasks to queue
[2026-02-20T12:17:12.651+0000] {logging_mixin.py:188} INFO - [2026-02-20T12:17:12.651+0000] {dagbag.py:545} INFO - Filling up the DagBag from /opt/airflow/dags/api_cb.py
[2026-02-20T12:17:12.677+0000] {logging_mixin.py:188} INFO - [2026-02-20T12:17:12.675+0000] {dagbag.py:355} ERROR - Failed to import: /opt/airflow/dags/api_cb.py
Traceback (most recent call last):
  File "/home/airflow/.local/lib/python3.12/site-packages/airflow/models/dagbag.py", line 351, in parse
    loader.exec_module(new_module)
  File "<frozen importlib._bootstrap_external>", line 991, in exec_module
  File "<frozen importlib._bootstrap_external>", line 1129, in get_code
  File "<frozen importlib._bootstrap_external>", line 1059, in source_to_code
  File "<frozen importlib._bootstrap>", line 488, in _call_with_frames_removed
  File "/opt/airflow/dags/api_cb.py", line 32
    t1 =
        ^
SyntaxError: invalid syntax
[2026-02-20T12:17:12.678+0000] {processor.py:842} WARNING - No viable dags retrieved from /opt/airflow/dags/api_cb.py
[2026-02-20T12:17:12.711+0000] {processor.py:183} INFO - Processing /opt/airflow/dags/api_cb.py took 0.074 seconds
[2026-02-20T12:17:12.777+0000] {processor.py:161} INFO - Started process (PID=4695) to work on /opt/airflow/dags/api_cb.py
[2026-02-20T12:17:12.779+0000] {processor.py:830} INFO - Processing file /opt/airflow/dags/api_cb.py for tasks to queue
[2026-02-20T12:17:12.782+0000] {logging_mixin.py:188} INFO - [2026-02-20T12:17:12.781+0000] {dagbag.py:545} INFO - Filling up the DagBag from /opt/airflow/dags/api_cb.py
[2026-02-20T12:17:12.812+0000] {logging_mixin.py:188} INFO - [2026-02-20T12:17:12.811+0000] {dagbag.py:355} ERROR - Failed to import: /opt/airflow/dags/api_cb.py
Traceback (most recent call last):
  File "/home/airflow/.local/lib/python3.12/site-packages/airflow/models/dagbag.py", line 351, in parse
    loader.exec_module(new_module)
  File "<frozen importlib._bootstrap_external>", line 991, in exec_module
  File "<frozen importlib._bootstrap_external>", line 1129, in get_code
  File "<frozen importlib._bootstrap_external>", line 1059, in source_to_code
  File "<frozen importlib._bootstrap>", line 488, in _call_with_frames_removed
  File "/opt/airflow/dags/api_cb.py", line 32
    t1 =
        ^
SyntaxError: invalid syntax
[2026-02-20T12:17:12.814+0000] {processor.py:842} WARNING - No viable dags retrieved from /opt/airflow/dags/api_cb.py
[2026-02-20T12:17:12.842+0000] {processor.py:183} INFO - Processing /opt/airflow/dags/api_cb.py took 0.073 seconds
[2026-02-20T12:17:12.908+0000] {processor.py:161} INFO - Started process (PID=4700) to work on /opt/airflow/dags/api_cb.py
[2026-02-20T12:17:12.910+0000] {processor.py:830} INFO - Processing file /opt/airflow/dags/api_cb.py for tasks to queue
[2026-02-20T12:17:12.913+0000] {logging_mixin.py:188} INFO - [2026-02-20T12:17:12.912+0000] {dagbag.py:545} INFO - Filling up the DagBag from /opt/airflow/dags/api_cb.py
[2026-02-20T12:17:12.937+0000] {logging_mixin.py:188} INFO - [2026-02-20T12:17:12.935+0000] {dagbag.py:355} ERROR - Failed to import: /opt/airflow/dags/api_cb.py
Traceback (most recent call last):
  File "/home/airflow/.local/lib/python3.12/site-packages/airflow/models/dagbag.py", line 351, in parse
    loader.exec_module(new_module)
  File "<frozen importlib._bootstrap_external>", line 991, in exec_module
  File "<frozen importlib._bootstrap_external>", line 1129, in get_code
  File "<frozen importlib._bootstrap_external>", line 1059, in source_to_code
  File "<frozen importlib._bootstrap>", line 488, in _call_with_frames_removed
  File "/opt/airflow/dags/api_cb.py", line 32
    t1 =
        ^
SyntaxError: invalid syntax
[2026-02-20T12:17:12.938+0000] {processor.py:842} WARNING - No viable dags retrieved from /opt/airflow/dags/api_cb.py
[2026-02-20T12:17:12.964+0000] {processor.py:183} INFO - Processing /opt/airflow/dags/api_cb.py took 0.063 seconds
[2026-02-20T12:17:13.026+0000] {processor.py:161} INFO - Started process (PID=4705) to work on /opt/airflow/dags/api_cb.py
[2026-02-20T12:17:13.027+0000] {processor.py:830} INFO - Processing file /opt/airflow/dags/api_cb.py for tasks to queue
[2026-02-20T12:17:13.030+0000] {logging_mixin.py:188} INFO - [2026-02-20T12:17:13.030+0000] {dagbag.py:545} INFO - Filling up the DagBag from /opt/airflow/dags/api_cb.py
[2026-02-20T12:17:13.057+0000] {logging_mixin.py:188} INFO - [2026-02-20T12:17:13.055+0000] {dagbag.py:355} ERROR - Failed to import: /opt/airflow/dags/api_cb.py
Traceback (most recent call last):
  File "/home/airflow/.local/lib/python3.12/site-packages/airflow/models/dagbag.py", line 351, in parse
    loader.exec_module(new_module)
  File "<frozen importlib._bootstrap_external>", line 991, in exec_module
  File "<frozen importlib._bootstrap_external>", line 1129, in get_code
  File "<frozen importlib._bootstrap_external>", line 1059, in source_to_code
  File "<frozen importlib._bootstrap>", line 488, in _call_with_frames_removed
  File "/opt/airflow/dags/api_cb.py", line 32
    t1 =
        ^
SyntaxError: invalid syntax
[2026-02-20T12:17:13.058+0000] {processor.py:842} WARNING - No viable dags retrieved from /opt/airflow/dags/api_cb.py
[2026-02-20T12:17:13.085+0000] {processor.py:183} INFO - Processing /opt/airflow/dags/api_cb.py took 0.066 seconds
[2026-02-20T12:17:13.148+0000] {processor.py:161} INFO - Started process (PID=4710) to work on /opt/airflow/dags/api_cb.py
[2026-02-20T12:17:13.149+0000] {processor.py:830} INFO - Processing file /opt/airflow/dags/api_cb.py for tasks to queue
[2026-02-20T12:17:13.152+0000] {logging_mixin.py:188} INFO - [2026-02-20T12:17:13.151+0000] {dagbag.py:545} INFO - Filling up the DagBag from /opt/airflow/dags/api_cb.py
[2026-02-20T12:17:13.184+0000] {logging_mixin.py:188} INFO - [2026-02-20T12:17:13.183+0000] {dagbag.py:355} ERROR - Failed to import: /opt/airflow/dags/api_cb.py
Traceback (most recent call last):
  File "/home/airflow/.local/lib/python3.12/site-packages/airflow/models/dagbag.py", line 351, in parse
    loader.exec_module(new_module)
  File "<frozen importlib._bootstrap_external>", line 991, in exec_module
  File "<frozen importlib._bootstrap_external>", line 1129, in get_code
  File "<frozen importlib._bootstrap_external>", line 1059, in source_to_code
  File "<frozen importlib._bootstrap>", line 488, in _call_with_frames_removed
  File "/opt/airflow/dags/api_cb.py", line 32
    t1 =
        ^
SyntaxError: invalid syntax
[2026-02-20T12:17:13.186+0000] {processor.py:842} WARNING - No viable dags retrieved from /opt/airflow/dags/api_cb.py
[2026-02-20T12:17:13.213+0000] {processor.py:183} INFO - Processing /opt/airflow/dags/api_cb.py took 0.073 seconds
[2026-02-20T12:17:13.277+0000] {processor.py:161} INFO - Started process (PID=4715) to work on /opt/airflow/dags/api_cb.py
[2026-02-20T12:17:13.278+0000] {processor.py:830} INFO - Processing file /opt/airflow/dags/api_cb.py for tasks to queue
[2026-02-20T12:17:13.281+0000] {logging_mixin.py:188} INFO - [2026-02-20T12:17:13.281+0000] {dagbag.py:545} INFO - Filling up the DagBag from /opt/airflow/dags/api_cb.py
[2026-02-20T12:17:13.310+0000] {logging_mixin.py:188} INFO - [2026-02-20T12:17:13.307+0000] {dagbag.py:355} ERROR - Failed to import: /opt/airflow/dags/api_cb.py
Traceback (most recent call last):
  File "/home/airflow/.local/lib/python3.12/site-packages/airflow/models/dagbag.py", line 351, in parse
    loader.exec_module(new_module)
  File "<frozen importlib._bootstrap_external>", line 991, in exec_module
  File "<frozen importlib._bootstrap_external>", line 1129, in get_code
  File "<frozen importlib._bootstrap_external>", line 1059, in source_to_code
  File "<frozen importlib._bootstrap>", line 488, in _call_with_frames_removed
  File "/opt/airflow/dags/api_cb.py", line 32
    t1 =
        ^
SyntaxError: invalid syntax
[2026-02-20T12:17:13.311+0000] {processor.py:842} WARNING - No viable dags retrieved from /opt/airflow/dags/api_cb.py
[2026-02-20T12:17:13.341+0000] {processor.py:183} INFO - Processing /opt/airflow/dags/api_cb.py took 0.071 seconds
[2026-02-20T12:17:13.405+0000] {processor.py:161} INFO - Started process (PID=4720) to work on /opt/airflow/dags/api_cb.py
[2026-02-20T12:17:13.407+0000] {processor.py:830} INFO - Processing file /opt/airflow/dags/api_cb.py for tasks to queue
[2026-02-20T12:17:13.410+0000] {logging_mixin.py:188} INFO - [2026-02-20T12:17:13.409+0000] {dagbag.py:545} INFO - Filling up the DagBag from /opt/airflow/dags/api_cb.py
[2026-02-20T12:17:13.434+0000] {logging_mixin.py:188} INFO - [2026-02-20T12:17:13.432+0000] {dagbag.py:355} ERROR - Failed to import: /opt/airflow/dags/api_cb.py
Traceback (most recent call last):
  File "/home/airflow/.local/lib/python3.12/site-packages/airflow/models/dagbag.py", line 351, in parse
    loader.exec_module(new_module)
  File "<frozen importlib._bootstrap_external>", line 991, in exec_module
  File "<frozen importlib._bootstrap_external>", line 1129, in get_code
  File "<frozen importlib._bootstrap_external>", line 1059, in source_to_code
  File "<frozen importlib._bootstrap>", line 488, in _call_with_frames_removed
  File "/opt/airflow/dags/api_cb.py", line 32
    t1 =
        ^
SyntaxError: invalid syntax
[2026-02-20T12:17:13.435+0000] {processor.py:842} WARNING - No viable dags retrieved from /opt/airflow/dags/api_cb.py
[2026-02-20T12:17:13.460+0000] {processor.py:183} INFO - Processing /opt/airflow/dags/api_cb.py took 0.065 seconds
[2026-02-20T12:17:13.519+0000] {processor.py:161} INFO - Started process (PID=4725) to work on /opt/airflow/dags/api_cb.py
[2026-02-20T12:17:13.521+0000] {processor.py:830} INFO - Processing file /opt/airflow/dags/api_cb.py for tasks to queue
[2026-02-20T12:17:13.524+0000] {logging_mixin.py:188} INFO - [2026-02-20T12:17:13.524+0000] {dagbag.py:545} INFO - Filling up the DagBag from /opt/airflow/dags/api_cb.py
[2026-02-20T12:17:13.558+0000] {logging_mixin.py:188} INFO - [2026-02-20T12:17:13.557+0000] {dagbag.py:355} ERROR - Failed to import: /opt/airflow/dags/api_cb.py
Traceback (most recent call last):
  File "/home/airflow/.local/lib/python3.12/site-packages/airflow/models/dagbag.py", line 351, in parse
    loader.exec_module(new_module)
  File "<frozen importlib._bootstrap_external>", line 991, in exec_module
  File "<frozen importlib._bootstrap_external>", line 1129, in get_code
  File "<frozen importlib._bootstrap_external>", line 1059, in source_to_code
  File "<frozen importlib._bootstrap>", line 488, in _call_with_frames_removed
  File "/opt/airflow/dags/api_cb.py", line 32
    t1 =
        ^
SyntaxError: invalid syntax
[2026-02-20T12:17:13.559+0000] {processor.py:842} WARNING - No viable dags retrieved from /opt/airflow/dags/api_cb.py
[2026-02-20T12:17:13.603+0000] {processor.py:183} INFO - Processing /opt/airflow/dags/api_cb.py took 0.092 seconds
[2026-02-20T12:17:13.670+0000] {processor.py:161} INFO - Started process (PID=4730) to work on /opt/airflow/dags/api_cb.py
[2026-02-20T12:17:13.671+0000] {processor.py:830} INFO - Processing file /opt/airflow/dags/api_cb.py for tasks to queue
[2026-02-20T12:17:13.675+0000] {logging_mixin.py:188} INFO - [2026-02-20T12:17:13.674+0000] {dagbag.py:545} INFO - Filling up the DagBag from /opt/airflow/dags/api_cb.py
[2026-02-20T12:17:13.702+0000] {logging_mixin.py:188} INFO - [2026-02-20T12:17:13.700+0000] {dagbag.py:355} ERROR - Failed to import: /opt/airflow/dags/api_cb.py
Traceback (most recent call last):
  File "/home/airflow/.local/lib/python3.12/site-packages/airflow/models/dagbag.py", line 351, in parse
    loader.exec_module(new_module)
  File "<frozen importlib._bootstrap_external>", line 991, in exec_module
  File "<frozen importlib._bootstrap_external>", line 1129, in get_code
  File "<frozen importlib._bootstrap_external>", line 1059, in source_to_code
  File "<frozen importlib._bootstrap>", line 488, in _call_with_frames_removed
  File "/opt/airflow/dags/api_cb.py", line 32
    t1 =
        ^
SyntaxError: invalid syntax
[2026-02-20T12:17:13.703+0000] {processor.py:842} WARNING - No viable dags retrieved from /opt/airflow/dags/api_cb.py
[2026-02-20T12:17:13.746+0000] {processor.py:183} INFO - Processing /opt/airflow/dags/api_cb.py took 0.084 seconds
[2026-02-20T12:17:19.852+0000] {processor.py:161} INFO - Started process (PID=4735) to work on /opt/airflow/dags/api_cb.py
[2026-02-20T12:17:19.855+0000] {processor.py:830} INFO - Processing file /opt/airflow/dags/api_cb.py for tasks to queue
[2026-02-20T12:17:19.858+0000] {logging_mixin.py:188} INFO - [2026-02-20T12:17:19.858+0000] {dagbag.py:545} INFO - Filling up the DagBag from /opt/airflow/dags/api_cb.py
[2026-02-20T12:17:19.893+0000] {logging_mixin.py:188} INFO - [2026-02-20T12:17:19.891+0000] {dagbag.py:355} ERROR - Failed to import: /opt/airflow/dags/api_cb.py
Traceback (most recent call last):
  File "/home/airflow/.local/lib/python3.12/site-packages/airflow/models/dagbag.py", line 351, in parse
    loader.exec_module(new_module)
  File "<frozen importlib._bootstrap_external>", line 991, in exec_module
  File "<frozen importlib._bootstrap_external>", line 1129, in get_code
  File "<frozen importlib._bootstrap_external>", line 1059, in source_to_code
  File "<frozen importlib._bootstrap>", line 488, in _call_with_frames_removed
  File "/opt/airflow/dags/api_cb.py", line 48
    t1 =
        ^
SyntaxError: invalid syntax
[2026-02-20T12:17:19.894+0000] {processor.py:842} WARNING - No viable dags retrieved from /opt/airflow/dags/api_cb.py
[2026-02-20T12:17:19.926+0000] {processor.py:183} INFO - Processing /opt/airflow/dags/api_cb.py took 0.082 seconds
[2026-02-20T12:17:20.003+0000] {processor.py:161} INFO - Started process (PID=4740) to work on /opt/airflow/dags/api_cb.py
[2026-02-20T12:17:20.005+0000] {processor.py:830} INFO - Processing file /opt/airflow/dags/api_cb.py for tasks to queue
[2026-02-20T12:17:20.008+0000] {logging_mixin.py:188} INFO - [2026-02-20T12:17:20.007+0000] {dagbag.py:545} INFO - Filling up the DagBag from /opt/airflow/dags/api_cb.py
[2026-02-20T12:17:20.041+0000] {logging_mixin.py:188} INFO - [2026-02-20T12:17:20.038+0000] {dagbag.py:355} ERROR - Failed to import: /opt/airflow/dags/api_cb.py
Traceback (most recent call last):
  File "/home/airflow/.local/lib/python3.12/site-packages/airflow/models/dagbag.py", line 351, in parse
    loader.exec_module(new_module)
  File "<frozen importlib._bootstrap_external>", line 991, in exec_module
  File "<frozen importlib._bootstrap_external>", line 1129, in get_code
  File "<frozen importlib._bootstrap_external>", line 1059, in source_to_code
  File "<frozen importlib._bootstrap>", line 488, in _call_with_frames_removed
  File "/opt/airflow/dags/api_cb.py", line 48
    t1 =
        ^
SyntaxError: invalid syntax
[2026-02-20T12:17:20.042+0000] {processor.py:842} WARNING - No viable dags retrieved from /opt/airflow/dags/api_cb.py
[2026-02-20T12:17:20.074+0000] {processor.py:183} INFO - Processing /opt/airflow/dags/api_cb.py took 0.082 seconds
[2026-02-20T12:17:20.147+0000] {processor.py:161} INFO - Started process (PID=4745) to work on /opt/airflow/dags/api_cb.py
[2026-02-20T12:17:20.149+0000] {processor.py:830} INFO - Processing file /opt/airflow/dags/api_cb.py for tasks to queue
[2026-02-20T12:17:20.152+0000] {logging_mixin.py:188} INFO - [2026-02-20T12:17:20.151+0000] {dagbag.py:545} INFO - Filling up the DagBag from /opt/airflow/dags/api_cb.py
[2026-02-20T12:17:20.176+0000] {logging_mixin.py:188} INFO - [2026-02-20T12:17:20.174+0000] {dagbag.py:355} ERROR - Failed to import: /opt/airflow/dags/api_cb.py
Traceback (most recent call last):
  File "/home/airflow/.local/lib/python3.12/site-packages/airflow/models/dagbag.py", line 351, in parse
    loader.exec_module(new_module)
  File "<frozen importlib._bootstrap_external>", line 991, in exec_module
  File "<frozen importlib._bootstrap_external>", line 1129, in get_code
  File "<frozen importlib._bootstrap_external>", line 1059, in source_to_code
  File "<frozen importlib._bootstrap>", line 488, in _call_with_frames_removed
  File "/opt/airflow/dags/api_cb.py", line 48
    t1 =
        ^
SyntaxError: invalid syntax
[2026-02-20T12:17:20.177+0000] {processor.py:842} WARNING - No viable dags retrieved from /opt/airflow/dags/api_cb.py
[2026-02-20T12:17:20.205+0000] {processor.py:183} INFO - Processing /opt/airflow/dags/api_cb.py took 0.066 seconds
[2026-02-20T12:17:20.273+0000] {processor.py:161} INFO - Started process (PID=4750) to work on /opt/airflow/dags/api_cb.py
[2026-02-20T12:17:20.275+0000] {processor.py:830} INFO - Processing file /opt/airflow/dags/api_cb.py for tasks to queue
[2026-02-20T12:17:20.278+0000] {logging_mixin.py:188} INFO - [2026-02-20T12:17:20.278+0000] {dagbag.py:545} INFO - Filling up the DagBag from /opt/airflow/dags/api_cb.py
[2026-02-20T12:17:20.308+0000] {logging_mixin.py:188} INFO - [2026-02-20T12:17:20.307+0000] {dagbag.py:355} ERROR - Failed to import: /opt/airflow/dags/api_cb.py
Traceback (most recent call last):
  File "/home/airflow/.local/lib/python3.12/site-packages/airflow/models/dagbag.py", line 351, in parse
    loader.exec_module(new_module)
  File "<frozen importlib._bootstrap_external>", line 991, in exec_module
  File "<frozen importlib._bootstrap_external>", line 1129, in get_code
  File "<frozen importlib._bootstrap_external>", line 1059, in source_to_code
  File "<frozen importlib._bootstrap>", line 488, in _call_with_frames_removed
  File "/opt/airflow/dags/api_cb.py", line 48
    t1 =
        ^
SyntaxError: invalid syntax
[2026-02-20T12:17:20.310+0000] {processor.py:842} WARNING - No viable dags retrieved from /opt/airflow/dags/api_cb.py
[2026-02-20T12:17:20.341+0000] {processor.py:183} INFO - Processing /opt/airflow/dags/api_cb.py took 0.076 seconds
[2026-02-20T12:17:20.403+0000] {processor.py:161} INFO - Started process (PID=4755) to work on /opt/airflow/dags/api_cb.py
[2026-02-20T12:17:20.405+0000] {processor.py:830} INFO - Processing file /opt/airflow/dags/api_cb.py for tasks to queue
[2026-02-20T12:17:20.408+0000] {logging_mixin.py:188} INFO - [2026-02-20T12:17:20.407+0000] {dagbag.py:545} INFO - Filling up the DagBag from /opt/airflow/dags/api_cb.py
[2026-02-20T12:17:20.433+0000] {logging_mixin.py:188} INFO - [2026-02-20T12:17:20.432+0000] {dagbag.py:355} ERROR - Failed to import: /opt/airflow/dags/api_cb.py
Traceback (most recent call last):
  File "/home/airflow/.local/lib/python3.12/site-packages/airflow/models/dagbag.py", line 351, in parse
    loader.exec_module(new_module)
  File "<frozen importlib._bootstrap_external>", line 991, in exec_module
  File "<frozen importlib._bootstrap_external>", line 1129, in get_code
  File "<frozen importlib._bootstrap_external>", line 1059, in source_to_code
  File "<frozen importlib._bootstrap>", line 488, in _call_with_frames_removed
  File "/opt/airflow/dags/api_cb.py", line 48
    t1 =
        ^
SyntaxError: invalid syntax
[2026-02-20T12:17:20.435+0000] {processor.py:842} WARNING - No viable dags retrieved from /opt/airflow/dags/api_cb.py
[2026-02-20T12:17:20.463+0000] {processor.py:183} INFO - Processing /opt/airflow/dags/api_cb.py took 0.068 seconds
[2026-02-20T12:17:51.180+0000] {processor.py:161} INFO - Started process (PID=4786) to work on /opt/airflow/dags/api_cb.py
[2026-02-20T12:17:51.182+0000] {processor.py:830} INFO - Processing file /opt/airflow/dags/api_cb.py for tasks to queue
[2026-02-20T12:17:51.185+0000] {logging_mixin.py:188} INFO - [2026-02-20T12:17:51.184+0000] {dagbag.py:545} INFO - Filling up the DagBag from /opt/airflow/dags/api_cb.py
[2026-02-20T12:17:51.214+0000] {logging_mixin.py:188} INFO - [2026-02-20T12:17:51.212+0000] {dagbag.py:355} ERROR - Failed to import: /opt/airflow/dags/api_cb.py
Traceback (most recent call last):
  File "/home/airflow/.local/lib/python3.12/site-packages/airflow/models/dagbag.py", line 351, in parse
    loader.exec_module(new_module)
  File "<frozen importlib._bootstrap_external>", line 991, in exec_module
  File "<frozen importlib._bootstrap_external>", line 1129, in get_code
  File "<frozen importlib._bootstrap_external>", line 1059, in source_to_code
  File "<frozen importlib._bootstrap>", line 488, in _call_with_frames_removed
  File "/opt/airflow/dags/api_cb.py", line 48
    t1 =
        ^
SyntaxError: invalid syntax
[2026-02-20T12:17:51.215+0000] {processor.py:842} WARNING - No viable dags retrieved from /opt/airflow/dags/api_cb.py
[2026-02-20T12:17:51.245+0000] {processor.py:183} INFO - Processing /opt/airflow/dags/api_cb.py took 0.071 seconds
[2026-02-20T12:17:56.246+0000] {processor.py:161} INFO - Started process (PID=4791) to work on /opt/airflow/dags/api_cb.py
[2026-02-20T12:17:56.247+0000] {processor.py:830} INFO - Processing file /opt/airflow/dags/api_cb.py for tasks to queue
[2026-02-20T12:17:56.250+0000] {logging_mixin.py:188} INFO - [2026-02-20T12:17:56.250+0000] {dagbag.py:545} INFO - Filling up the DagBag from /opt/airflow/dags/api_cb.py
[2026-02-20T12:17:56.283+0000] {logging_mixin.py:188} INFO - [2026-02-20T12:17:56.281+0000] {dagbag.py:355} ERROR - Failed to import: /opt/airflow/dags/api_cb.py
Traceback (most recent call last):
  File "/home/airflow/.local/lib/python3.12/site-packages/airflow/models/dagbag.py", line 351, in parse
    loader.exec_module(new_module)
  File "<frozen importlib._bootstrap_external>", line 991, in exec_module
  File "<frozen importlib._bootstrap_external>", line 1129, in get_code
  File "<frozen importlib._bootstrap_external>", line 1059, in source_to_code
  File "<frozen importlib._bootstrap>", line 488, in _call_with_frames_removed
  File "/opt/airflow/dags/api_cb.py", line 51
    t1 =
        ^
SyntaxError: invalid syntax
[2026-02-20T12:17:56.285+0000] {processor.py:842} WARNING - No viable dags retrieved from /opt/airflow/dags/api_cb.py
[2026-02-20T12:17:56.310+0000] {processor.py:183} INFO - Processing /opt/airflow/dags/api_cb.py took 0.072 seconds
[2026-02-20T12:17:56.438+0000] {processor.py:161} INFO - Started process (PID=4796) to work on /opt/airflow/dags/api_cb.py
[2026-02-20T12:17:56.440+0000] {processor.py:830} INFO - Processing file /opt/airflow/dags/api_cb.py for tasks to queue
[2026-02-20T12:17:56.443+0000] {logging_mixin.py:188} INFO - [2026-02-20T12:17:56.442+0000] {dagbag.py:545} INFO - Filling up the DagBag from /opt/airflow/dags/api_cb.py
[2026-02-20T12:17:56.469+0000] {logging_mixin.py:188} INFO - [2026-02-20T12:17:56.468+0000] {dagbag.py:355} ERROR - Failed to import: /opt/airflow/dags/api_cb.py
Traceback (most recent call last):
  File "/home/airflow/.local/lib/python3.12/site-packages/airflow/models/dagbag.py", line 351, in parse
    loader.exec_module(new_module)
  File "<frozen importlib._bootstrap_external>", line 991, in exec_module
  File "<frozen importlib._bootstrap_external>", line 1129, in get_code
  File "<frozen importlib._bootstrap_external>", line 1059, in source_to_code
  File "<frozen importlib._bootstrap>", line 488, in _call_with_frames_removed
  File "/opt/airflow/dags/api_cb.py", line 51
    t1 =
        ^
SyntaxError: invalid syntax
[2026-02-20T12:17:56.470+0000] {processor.py:842} WARNING - No viable dags retrieved from /opt/airflow/dags/api_cb.py
[2026-02-20T12:17:56.495+0000] {processor.py:183} INFO - Processing /opt/airflow/dags/api_cb.py took 0.066 seconds
[2026-02-20T12:18:27.218+0000] {processor.py:161} INFO - Started process (PID=4826) to work on /opt/airflow/dags/api_cb.py
[2026-02-20T12:18:27.219+0000] {processor.py:830} INFO - Processing file /opt/airflow/dags/api_cb.py for tasks to queue
[2026-02-20T12:18:27.222+0000] {logging_mixin.py:188} INFO - [2026-02-20T12:18:27.221+0000] {dagbag.py:545} INFO - Filling up the DagBag from /opt/airflow/dags/api_cb.py
[2026-02-20T12:18:27.253+0000] {logging_mixin.py:188} INFO - [2026-02-20T12:18:27.252+0000] {dagbag.py:355} ERROR - Failed to import: /opt/airflow/dags/api_cb.py
Traceback (most recent call last):
  File "/home/airflow/.local/lib/python3.12/site-packages/airflow/models/dagbag.py", line 351, in parse
    loader.exec_module(new_module)
  File "<frozen importlib._bootstrap_external>", line 991, in exec_module
  File "<frozen importlib._bootstrap_external>", line 1129, in get_code
  File "<frozen importlib._bootstrap_external>", line 1059, in source_to_code
  File "<frozen importlib._bootstrap>", line 488, in _call_with_frames_removed
  File "/opt/airflow/dags/api_cb.py", line 51
    t1 =
        ^
SyntaxError: invalid syntax
[2026-02-20T12:18:27.254+0000] {processor.py:842} WARNING - No viable dags retrieved from /opt/airflow/dags/api_cb.py
[2026-02-20T12:18:27.278+0000] {processor.py:183} INFO - Processing /opt/airflow/dags/api_cb.py took 0.068 seconds
[2026-02-20T12:18:57.899+0000] {processor.py:161} INFO - Started process (PID=4850) to work on /opt/airflow/dags/api_cb.py
[2026-02-20T12:18:57.900+0000] {processor.py:830} INFO - Processing file /opt/airflow/dags/api_cb.py for tasks to queue
[2026-02-20T12:18:57.902+0000] {logging_mixin.py:188} INFO - [2026-02-20T12:18:57.902+0000] {dagbag.py:545} INFO - Filling up the DagBag from /opt/airflow/dags/api_cb.py
[2026-02-20T12:18:57.928+0000] {logging_mixin.py:188} INFO - [2026-02-20T12:18:57.926+0000] {dagbag.py:355} ERROR - Failed to import: /opt/airflow/dags/api_cb.py
Traceback (most recent call last):
  File "/home/airflow/.local/lib/python3.12/site-packages/airflow/models/dagbag.py", line 351, in parse
    loader.exec_module(new_module)
  File "<frozen importlib._bootstrap_external>", line 991, in exec_module
  File "<frozen importlib._bootstrap_external>", line 1129, in get_code
  File "<frozen importlib._bootstrap_external>", line 1059, in source_to_code
  File "<frozen importlib._bootstrap>", line 488, in _call_with_frames_removed
  File "/opt/airflow/dags/api_cb.py", line 51
    t1 =
        ^
SyntaxError: invalid syntax
[2026-02-20T12:18:57.929+0000] {processor.py:842} WARNING - No viable dags retrieved from /opt/airflow/dags/api_cb.py
[2026-02-20T12:18:57.958+0000] {processor.py:183} INFO - Processing /opt/airflow/dags/api_cb.py took 0.067 seconds
[2026-02-20T12:19:16.022+0000] {processor.py:161} INFO - Started process (PID=4874) to work on /opt/airflow/dags/api_cb.py
[2026-02-20T12:19:16.026+0000] {processor.py:830} INFO - Processing file /opt/airflow/dags/api_cb.py for tasks to queue
[2026-02-20T12:19:16.034+0000] {logging_mixin.py:188} INFO - [2026-02-20T12:19:16.033+0000] {dagbag.py:545} INFO - Filling up the DagBag from /opt/airflow/dags/api_cb.py
[2026-02-20T12:19:16.070+0000] {logging_mixin.py:188} INFO - [2026-02-20T12:19:16.068+0000] {dagbag.py:355} ERROR - Failed to import: /opt/airflow/dags/api_cb.py
Traceback (most recent call last):
  File "/home/airflow/.local/lib/python3.12/site-packages/airflow/models/dagbag.py", line 351, in parse
    loader.exec_module(new_module)
  File "<frozen importlib._bootstrap_external>", line 991, in exec_module
  File "<frozen importlib._bootstrap_external>", line 1129, in get_code
  File "<frozen importlib._bootstrap_external>", line 1059, in source_to_code
  File "<frozen importlib._bootstrap>", line 488, in _call_with_frames_removed
  File "/opt/airflow/dags/api_cb.py", line 65
    t1 =
        ^
SyntaxError: invalid syntax
[2026-02-20T12:19:16.071+0000] {processor.py:842} WARNING - No viable dags retrieved from /opt/airflow/dags/api_cb.py
[2026-02-20T12:19:16.098+0000] {processor.py:183} INFO - Processing /opt/airflow/dags/api_cb.py took 0.086 seconds
[2026-02-20T12:19:43.934+0000] {processor.py:161} INFO - Started process (PID=4898) to work on /opt/airflow/dags/api_cb.py
[2026-02-20T12:19:43.937+0000] {processor.py:830} INFO - Processing file /opt/airflow/dags/api_cb.py for tasks to queue
[2026-02-20T12:19:43.940+0000] {logging_mixin.py:188} INFO - [2026-02-20T12:19:43.939+0000] {dagbag.py:545} INFO - Filling up the DagBag from /opt/airflow/dags/api_cb.py
[2026-02-20T12:19:47.875+0000] {processor.py:840} INFO - DAG(s) 'load_cb_courses' retrieved from /opt/airflow/dags/api_cb.py
[2026-02-20T12:19:48.036+0000] {logging_mixin.py:188} INFO - [2026-02-20T12:19:48.035+0000] {override.py:1858} INFO - Created Permission View: can edit on DAG:load_cb_courses
[2026-02-20T12:19:48.051+0000] {logging_mixin.py:188} INFO - [2026-02-20T12:19:48.050+0000] {override.py:1858} INFO - Created Permission View: can delete on DAG:load_cb_courses
[2026-02-20T12:19:48.062+0000] {logging_mixin.py:188} INFO - [2026-02-20T12:19:48.061+0000] {override.py:1858} INFO - Created Permission View: can read on DAG:load_cb_courses
[2026-02-20T12:19:48.063+0000] {logging_mixin.py:188} INFO - [2026-02-20T12:19:48.062+0000] {dag.py:3089} INFO - Sync 1 DAGs
[2026-02-20T12:19:48.077+0000] {logging_mixin.py:188} INFO - [2026-02-20T12:19:48.076+0000] {dag.py:3111} INFO - Creating ORM DAG for load_cb_courses
[2026-02-20T12:19:48.091+0000] {logging_mixin.py:188} INFO - [2026-02-20T12:19:48.091+0000] {dag.py:3947} INFO - Setting next_dagrun for load_cb_courses to 2025-01-01 00:00:00+00:00, run_after=2025-01-02 00:00:00+00:00
[2026-02-20T12:19:48.120+0000] {processor.py:183} INFO - Processing /opt/airflow/dags/api_cb.py took 4.199 seconds
[2026-02-20T12:20:18.273+0000] {processor.py:161} INFO - Started process (PID=4930) to work on /opt/airflow/dags/api_cb.py
[2026-02-20T12:20:18.275+0000] {processor.py:830} INFO - Processing file /opt/airflow/dags/api_cb.py for tasks to queue
[2026-02-20T12:20:18.279+0000] {logging_mixin.py:188} INFO - [2026-02-20T12:20:18.278+0000] {dagbag.py:545} INFO - Filling up the DagBag from /opt/airflow/dags/api_cb.py
[2026-02-20T12:20:19.124+0000] {processor.py:840} INFO - DAG(s) 'load_cb_courses' retrieved from /opt/airflow/dags/api_cb.py
[2026-02-20T12:20:19.181+0000] {logging_mixin.py:188} INFO - [2026-02-20T12:20:19.180+0000] {dag.py:3089} INFO - Sync 1 DAGs
[2026-02-20T12:20:19.279+0000] {logging_mixin.py:188} INFO - [2026-02-20T12:20:19.279+0000] {dag.py:3947} INFO - Setting next_dagrun for load_cb_courses to 2025-01-01 00:00:00+00:00, run_after=2025-01-02 00:00:00+00:00
[2026-02-20T12:20:19.307+0000] {processor.py:183} INFO - Processing /opt/airflow/dags/api_cb.py took 1.049 seconds
[2026-02-20T12:20:50.160+0000] {processor.py:161} INFO - Started process (PID=4955) to work on /opt/airflow/dags/api_cb.py
[2026-02-20T12:20:50.161+0000] {processor.py:830} INFO - Processing file /opt/airflow/dags/api_cb.py for tasks to queue
[2026-02-20T12:20:50.165+0000] {logging_mixin.py:188} INFO - [2026-02-20T12:20:50.164+0000] {dagbag.py:545} INFO - Filling up the DagBag from /opt/airflow/dags/api_cb.py
[2026-02-20T12:20:50.800+0000] {processor.py:840} INFO - DAG(s) 'load_cb_courses' retrieved from /opt/airflow/dags/api_cb.py
[2026-02-20T12:20:50.831+0000] {logging_mixin.py:188} INFO - [2026-02-20T12:20:50.831+0000] {dag.py:3089} INFO - Sync 1 DAGs
[2026-02-20T12:20:50.859+0000] {logging_mixin.py:188} INFO - [2026-02-20T12:20:50.858+0000] {dag.py:3947} INFO - Setting next_dagrun for load_cb_courses to 2025-01-01 00:00:00+00:00, run_after=2025-01-02 00:00:00+00:00
[2026-02-20T12:20:50.886+0000] {processor.py:183} INFO - Processing /opt/airflow/dags/api_cb.py took 0.733 seconds
[2026-02-20T12:21:21.176+0000] {processor.py:161} INFO - Started process (PID=4987) to work on /opt/airflow/dags/api_cb.py
[2026-02-20T12:21:21.178+0000] {processor.py:830} INFO - Processing file /opt/airflow/dags/api_cb.py for tasks to queue
[2026-02-20T12:21:21.181+0000] {logging_mixin.py:188} INFO - [2026-02-20T12:21:21.181+0000] {dagbag.py:545} INFO - Filling up the DagBag from /opt/airflow/dags/api_cb.py
[2026-02-20T12:21:21.791+0000] {processor.py:840} INFO - DAG(s) 'load_cb_courses' retrieved from /opt/airflow/dags/api_cb.py
[2026-02-20T12:21:21.816+0000] {logging_mixin.py:188} INFO - [2026-02-20T12:21:21.816+0000] {dag.py:3089} INFO - Sync 1 DAGs
[2026-02-20T12:21:21.837+0000] {logging_mixin.py:188} INFO - [2026-02-20T12:21:21.837+0000] {dag.py:3947} INFO - Setting next_dagrun for load_cb_courses to 2025-01-01 00:00:00+00:00, run_after=2025-01-02 00:00:00+00:00
[2026-02-20T12:21:21.860+0000] {processor.py:183} INFO - Processing /opt/airflow/dags/api_cb.py took 0.694 seconds
[2026-02-20T12:21:52.600+0000] {processor.py:161} INFO - Started process (PID=5011) to work on /opt/airflow/dags/api_cb.py
[2026-02-20T12:21:52.603+0000] {processor.py:830} INFO - Processing file /opt/airflow/dags/api_cb.py for tasks to queue
[2026-02-20T12:21:52.610+0000] {logging_mixin.py:188} INFO - [2026-02-20T12:21:52.609+0000] {dagbag.py:545} INFO - Filling up the DagBag from /opt/airflow/dags/api_cb.py
[2026-02-20T12:21:54.304+0000] {processor.py:840} INFO - DAG(s) 'load_cb_courses' retrieved from /opt/airflow/dags/api_cb.py
[2026-02-20T12:21:54.359+0000] {logging_mixin.py:188} INFO - [2026-02-20T12:21:54.358+0000] {dag.py:3089} INFO - Sync 1 DAGs
[2026-02-20T12:21:54.409+0000] {logging_mixin.py:188} INFO - [2026-02-20T12:21:54.408+0000] {dag.py:3947} INFO - Setting next_dagrun for load_cb_courses to 2025-01-01 00:00:00+00:00, run_after=2025-01-02 00:00:00+00:00
[2026-02-20T12:21:54.452+0000] {processor.py:183} INFO - Processing /opt/airflow/dags/api_cb.py took 1.865 seconds
[2026-02-20T12:22:24.595+0000] {processor.py:161} INFO - Started process (PID=5043) to work on /opt/airflow/dags/api_cb.py
[2026-02-20T12:22:24.597+0000] {processor.py:830} INFO - Processing file /opt/airflow/dags/api_cb.py for tasks to queue
[2026-02-20T12:22:24.602+0000] {logging_mixin.py:188} INFO - [2026-02-20T12:22:24.601+0000] {dagbag.py:545} INFO - Filling up the DagBag from /opt/airflow/dags/api_cb.py
[2026-02-20T12:22:25.372+0000] {processor.py:840} INFO - DAG(s) 'load_cb_courses' retrieved from /opt/airflow/dags/api_cb.py
[2026-02-20T12:22:25.417+0000] {logging_mixin.py:188} INFO - [2026-02-20T12:22:25.416+0000] {dag.py:3089} INFO - Sync 1 DAGs
[2026-02-20T12:22:25.443+0000] {logging_mixin.py:188} INFO - [2026-02-20T12:22:25.442+0000] {dag.py:3947} INFO - Setting next_dagrun for load_cb_courses to 2025-01-01 00:00:00+00:00, run_after=2025-01-02 00:00:00+00:00
[2026-02-20T12:22:25.479+0000] {processor.py:183} INFO - Processing /opt/airflow/dags/api_cb.py took 0.893 seconds
[2026-02-20T12:22:39.673+0000] {processor.py:161} INFO - Started process (PID=5056) to work on /opt/airflow/dags/api_cb.py
[2026-02-20T12:22:39.675+0000] {processor.py:830} INFO - Processing file /opt/airflow/dags/api_cb.py for tasks to queue
[2026-02-20T12:22:39.679+0000] {logging_mixin.py:188} INFO - [2026-02-20T12:22:39.678+0000] {dagbag.py:545} INFO - Filling up the DagBag from /opt/airflow/dags/api_cb.py
[2026-02-20T12:22:40.240+0000] {processor.py:840} INFO - DAG(s) 'load_cb_courses' retrieved from /opt/airflow/dags/api_cb.py
[2026-02-20T12:22:40.367+0000] {logging_mixin.py:188} INFO - [2026-02-20T12:22:40.367+0000] {dag.py:3089} INFO - Sync 1 DAGs
[2026-02-20T12:22:40.400+0000] {logging_mixin.py:188} INFO - [2026-02-20T12:22:40.400+0000] {dag.py:3947} INFO - Setting next_dagrun for load_cb_courses to 2025-01-01 00:00:00+00:00, run_after=2025-01-02 00:00:00+00:00
[2026-02-20T12:22:39.712+0000] {processor.py:183} INFO - Processing /opt/airflow/dags/api_cb.py took 0.774 seconds
[2026-02-20T12:23:10.520+0000] {processor.py:161} INFO - Started process (PID=5089) to work on /opt/airflow/dags/api_cb.py
[2026-02-20T12:23:10.521+0000] {processor.py:830} INFO - Processing file /opt/airflow/dags/api_cb.py for tasks to queue
[2026-02-20T12:23:10.524+0000] {logging_mixin.py:188} INFO - [2026-02-20T12:23:10.523+0000] {dagbag.py:545} INFO - Filling up the DagBag from /opt/airflow/dags/api_cb.py
[2026-02-20T12:23:11.057+0000] {processor.py:840} INFO - DAG(s) 'load_cb_courses' retrieved from /opt/airflow/dags/api_cb.py
[2026-02-20T12:23:11.080+0000] {logging_mixin.py:188} INFO - [2026-02-20T12:23:11.080+0000] {dag.py:3089} INFO - Sync 1 DAGs
[2026-02-20T12:23:11.102+0000] {logging_mixin.py:188} INFO - [2026-02-20T12:23:11.102+0000] {dag.py:3947} INFO - Setting next_dagrun for load_cb_courses to 2025-01-01 00:00:00+00:00, run_after=2025-01-02 00:00:00+00:00
[2026-02-20T12:23:11.123+0000] {processor.py:183} INFO - Processing /opt/airflow/dags/api_cb.py took 0.612 seconds
[2026-02-20T12:23:33.469+0000] {processor.py:161} INFO - Started process (PID=5107) to work on /opt/airflow/dags/api_cb.py
[2026-02-20T12:23:33.471+0000] {processor.py:830} INFO - Processing file /opt/airflow/dags/api_cb.py for tasks to queue
[2026-02-20T12:23:33.476+0000] {logging_mixin.py:188} INFO - [2026-02-20T12:23:33.475+0000] {dagbag.py:545} INFO - Filling up the DagBag from /opt/airflow/dags/api_cb.py
[2026-02-20T12:23:34.278+0000] {processor.py:840} INFO - DAG(s) 'load_cb_courses' retrieved from /opt/airflow/dags/api_cb.py
[2026-02-20T12:23:34.306+0000] {logging_mixin.py:188} INFO - [2026-02-20T12:23:34.306+0000] {dag.py:3089} INFO - Sync 1 DAGs
[2026-02-20T12:23:34.337+0000] {logging_mixin.py:188} INFO - [2026-02-20T12:23:34.337+0000] {dag.py:3947} INFO - Setting next_dagrun for load_cb_courses to 2025-01-01 00:00:00+00:00, run_after=2025-01-02 00:00:00+00:00
[2026-02-20T12:23:34.378+0000] {processor.py:183} INFO - Processing /opt/airflow/dags/api_cb.py took 0.916 seconds
[2026-02-20T12:24:05.062+0000] {processor.py:161} INFO - Started process (PID=5206) to work on /opt/airflow/dags/api_cb.py
[2026-02-20T12:24:05.067+0000] {processor.py:830} INFO - Processing file /opt/airflow/dags/api_cb.py for tasks to queue
[2026-02-20T12:24:05.076+0000] {logging_mixin.py:188} INFO - [2026-02-20T12:24:05.074+0000] {dagbag.py:545} INFO - Filling up the DagBag from /opt/airflow/dags/api_cb.py
[2026-02-20T12:24:05.836+0000] {processor.py:840} INFO - DAG(s) 'load_cb_courses' retrieved from /opt/airflow/dags/api_cb.py
[2026-02-20T12:24:05.922+0000] {logging_mixin.py:188} INFO - [2026-02-20T12:24:05.922+0000] {dag.py:3089} INFO - Sync 1 DAGs
[2026-02-20T12:24:06.027+0000] {processor.py:183} INFO - Processing /opt/airflow/dags/api_cb.py took 0.981 seconds
[2026-02-20T12:24:36.229+0000] {processor.py:161} INFO - Started process (PID=5343) to work on /opt/airflow/dags/api_cb.py
[2026-02-20T12:24:36.231+0000] {processor.py:830} INFO - Processing file /opt/airflow/dags/api_cb.py for tasks to queue
[2026-02-20T12:24:36.235+0000] {logging_mixin.py:188} INFO - [2026-02-20T12:24:36.234+0000] {dagbag.py:545} INFO - Filling up the DagBag from /opt/airflow/dags/api_cb.py
[2026-02-20T12:24:37.225+0000] {processor.py:840} INFO - DAG(s) 'load_cb_courses' retrieved from /opt/airflow/dags/api_cb.py
[2026-02-20T12:24:37.251+0000] {logging_mixin.py:188} INFO - [2026-02-20T12:24:37.250+0000] {dag.py:3089} INFO - Sync 1 DAGs
[2026-02-20T12:24:37.313+0000] {processor.py:183} INFO - Processing /opt/airflow/dags/api_cb.py took 1.092 seconds
[2026-02-20T12:25:07.938+0000] {processor.py:161} INFO - Started process (PID=5485) to work on /opt/airflow/dags/api_cb.py
[2026-02-20T12:25:07.939+0000] {processor.py:830} INFO - Processing file /opt/airflow/dags/api_cb.py for tasks to queue
[2026-02-20T12:25:07.942+0000] {logging_mixin.py:188} INFO - [2026-02-20T12:25:07.942+0000] {dagbag.py:545} INFO - Filling up the DagBag from /opt/airflow/dags/api_cb.py
[2026-02-20T12:25:08.554+0000] {processor.py:840} INFO - DAG(s) 'load_cb_courses' retrieved from /opt/airflow/dags/api_cb.py
[2026-02-20T12:25:08.577+0000] {logging_mixin.py:188} INFO - [2026-02-20T12:25:08.576+0000] {dag.py:3089} INFO - Sync 1 DAGs
[2026-02-20T12:25:08.610+0000] {logging_mixin.py:188} INFO - [2026-02-20T12:25:08.610+0000] {dag.py:3947} INFO - Setting next_dagrun for load_cb_courses to 2025-02-06 00:00:00+00:00, run_after=2025-02-07 00:00:00+00:00
[2026-02-20T12:25:08.636+0000] {processor.py:183} INFO - Processing /opt/airflow/dags/api_cb.py took 0.705 seconds
[2026-02-20T12:25:38.856+0000] {processor.py:161} INFO - Started process (PID=5627) to work on /opt/airflow/dags/api_cb.py
[2026-02-20T12:25:38.857+0000] {processor.py:830} INFO - Processing file /opt/airflow/dags/api_cb.py for tasks to queue
[2026-02-20T12:25:38.860+0000] {logging_mixin.py:188} INFO - [2026-02-20T12:25:38.860+0000] {dagbag.py:545} INFO - Filling up the DagBag from /opt/airflow/dags/api_cb.py
[2026-02-20T12:25:39.559+0000] {processor.py:840} INFO - DAG(s) 'load_cb_courses' retrieved from /opt/airflow/dags/api_cb.py
[2026-02-20T12:25:39.602+0000] {logging_mixin.py:188} INFO - [2026-02-20T12:25:39.601+0000] {dag.py:3089} INFO - Sync 1 DAGs
[2026-02-20T12:25:39.669+0000] {processor.py:183} INFO - Processing /opt/airflow/dags/api_cb.py took 0.824 seconds
[2026-02-20T12:26:10.612+0000] {processor.py:161} INFO - Started process (PID=5767) to work on /opt/airflow/dags/api_cb.py
[2026-02-20T12:26:10.614+0000] {processor.py:830} INFO - Processing file /opt/airflow/dags/api_cb.py for tasks to queue
[2026-02-20T12:26:10.618+0000] {logging_mixin.py:188} INFO - [2026-02-20T12:26:10.617+0000] {dagbag.py:545} INFO - Filling up the DagBag from /opt/airflow/dags/api_cb.py
[2026-02-20T12:26:11.190+0000] {processor.py:840} INFO - DAG(s) 'load_cb_courses' retrieved from /opt/airflow/dags/api_cb.py
[2026-02-20T12:26:11.214+0000] {logging_mixin.py:188} INFO - [2026-02-20T12:26:11.213+0000] {dag.py:3089} INFO - Sync 1 DAGs
[2026-02-20T12:26:11.262+0000] {processor.py:183} INFO - Processing /opt/airflow/dags/api_cb.py took 0.661 seconds
[2026-02-20T12:26:41.482+0000] {processor.py:161} INFO - Started process (PID=5900) to work on /opt/airflow/dags/api_cb.py
[2026-02-20T12:26:41.494+0000] {processor.py:830} INFO - Processing file /opt/airflow/dags/api_cb.py for tasks to queue
[2026-02-20T12:26:41.496+0000] {logging_mixin.py:188} INFO - [2026-02-20T12:26:41.496+0000] {dagbag.py:545} INFO - Filling up the DagBag from /opt/airflow/dags/api_cb.py
[2026-02-20T12:26:42.195+0000] {processor.py:840} INFO - DAG(s) 'load_cb_courses' retrieved from /opt/airflow/dags/api_cb.py
[2026-02-20T12:26:42.218+0000] {logging_mixin.py:188} INFO - [2026-02-20T12:26:42.217+0000] {dag.py:3089} INFO - Sync 1 DAGs
[2026-02-20T12:26:42.281+0000] {processor.py:183} INFO - Processing /opt/airflow/dags/api_cb.py took 0.809 seconds
[2026-02-20T12:27:12.690+0000] {processor.py:161} INFO - Started process (PID=6040) to work on /opt/airflow/dags/api_cb.py
[2026-02-20T12:27:12.691+0000] {processor.py:830} INFO - Processing file /opt/airflow/dags/api_cb.py for tasks to queue
[2026-02-20T12:27:12.694+0000] {logging_mixin.py:188} INFO - [2026-02-20T12:27:12.693+0000] {dagbag.py:545} INFO - Filling up the DagBag from /opt/airflow/dags/api_cb.py
[2026-02-20T12:27:10.881+0000] {processor.py:840} INFO - DAG(s) 'load_cb_courses' retrieved from /opt/airflow/dags/api_cb.py
[2026-02-20T12:27:10.944+0000] {logging_mixin.py:188} INFO - [2026-02-20T12:27:10.943+0000] {dag.py:3089} INFO - Sync 1 DAGs
[2026-02-20T12:27:11.040+0000] {processor.py:183} INFO - Processing /opt/airflow/dags/api_cb.py took 1.075 seconds
[2026-02-20T12:27:41.900+0000] {processor.py:161} INFO - Started process (PID=6184) to work on /opt/airflow/dags/api_cb.py
[2026-02-20T12:27:41.901+0000] {processor.py:830} INFO - Processing file /opt/airflow/dags/api_cb.py for tasks to queue
[2026-02-20T12:27:41.904+0000] {logging_mixin.py:188} INFO - [2026-02-20T12:27:41.903+0000] {dagbag.py:545} INFO - Filling up the DagBag from /opt/airflow/dags/api_cb.py
[2026-02-20T12:27:42.431+0000] {processor.py:840} INFO - DAG(s) 'load_cb_courses' retrieved from /opt/airflow/dags/api_cb.py
[2026-02-20T12:27:42.455+0000] {logging_mixin.py:188} INFO - [2026-02-20T12:27:42.454+0000] {dag.py:3089} INFO - Sync 1 DAGs
[2026-02-20T12:27:42.479+0000] {logging_mixin.py:188} INFO - [2026-02-20T12:27:42.479+0000] {dag.py:3947} INFO - Setting next_dagrun for load_cb_courses to 2025-04-17 00:00:00+00:00, run_after=2025-04-18 00:00:00+00:00
[2026-02-20T12:27:42.504+0000] {processor.py:183} INFO - Processing /opt/airflow/dags/api_cb.py took 0.611 seconds
[2026-02-20T12:28:13.120+0000] {processor.py:161} INFO - Started process (PID=6326) to work on /opt/airflow/dags/api_cb.py
[2026-02-20T12:28:13.122+0000] {processor.py:830} INFO - Processing file /opt/airflow/dags/api_cb.py for tasks to queue
[2026-02-20T12:28:13.127+0000] {logging_mixin.py:188} INFO - [2026-02-20T12:28:13.126+0000] {dagbag.py:545} INFO - Filling up the DagBag from /opt/airflow/dags/api_cb.py
[2026-02-20T12:28:13.760+0000] {processor.py:840} INFO - DAG(s) 'load_cb_courses' retrieved from /opt/airflow/dags/api_cb.py
[2026-02-20T12:28:13.785+0000] {logging_mixin.py:188} INFO - [2026-02-20T12:28:13.784+0000] {dag.py:3089} INFO - Sync 1 DAGs
[2026-02-20T12:28:13.845+0000] {processor.py:183} INFO - Processing /opt/airflow/dags/api_cb.py took 0.733 seconds
[2026-02-20T12:28:44.051+0000] {processor.py:161} INFO - Started process (PID=6481) to work on /opt/airflow/dags/api_cb.py
[2026-02-20T12:28:44.053+0000] {processor.py:830} INFO - Processing file /opt/airflow/dags/api_cb.py for tasks to queue
[2026-02-20T12:28:44.056+0000] {logging_mixin.py:188} INFO - [2026-02-20T12:28:44.056+0000] {dagbag.py:545} INFO - Filling up the DagBag from /opt/airflow/dags/api_cb.py
[2026-02-20T12:28:44.726+0000] {processor.py:840} INFO - DAG(s) 'load_cb_courses' retrieved from /opt/airflow/dags/api_cb.py
[2026-02-20T12:28:44.754+0000] {logging_mixin.py:188} INFO - [2026-02-20T12:28:44.754+0000] {dag.py:3089} INFO - Sync 1 DAGs
[2026-02-20T12:28:44.799+0000] {processor.py:183} INFO - Processing /opt/airflow/dags/api_cb.py took 0.756 seconds
[2026-02-20T12:29:15.735+0000] {processor.py:161} INFO - Started process (PID=6627) to work on /opt/airflow/dags/api_cb.py
[2026-02-20T12:29:15.739+0000] {processor.py:830} INFO - Processing file /opt/airflow/dags/api_cb.py for tasks to queue
[2026-02-20T12:29:15.743+0000] {logging_mixin.py:188} INFO - [2026-02-20T12:29:15.742+0000] {dagbag.py:545} INFO - Filling up the DagBag from /opt/airflow/dags/api_cb.py
[2026-02-20T12:29:16.305+0000] {processor.py:840} INFO - DAG(s) 'load_cb_courses' retrieved from /opt/airflow/dags/api_cb.py
[2026-02-20T12:29:16.328+0000] {logging_mixin.py:188} INFO - [2026-02-20T12:29:16.328+0000] {dag.py:3089} INFO - Sync 1 DAGs
[2026-02-20T12:29:16.383+0000] {processor.py:183} INFO - Processing /opt/airflow/dags/api_cb.py took 0.658 seconds
[2026-02-20T12:29:47.404+0000] {processor.py:161} INFO - Started process (PID=6779) to work on /opt/airflow/dags/api_cb.py
[2026-02-20T12:29:47.407+0000] {processor.py:830} INFO - Processing file /opt/airflow/dags/api_cb.py for tasks to queue
[2026-02-20T12:29:47.413+0000] {logging_mixin.py:188} INFO - [2026-02-20T12:29:47.412+0000] {dagbag.py:545} INFO - Filling up the DagBag from /opt/airflow/dags/api_cb.py
[2026-02-20T12:29:48.035+0000] {processor.py:840} INFO - DAG(s) 'load_cb_courses' retrieved from /opt/airflow/dags/api_cb.py
[2026-02-20T12:29:48.061+0000] {logging_mixin.py:188} INFO - [2026-02-20T12:29:48.060+0000] {dag.py:3089} INFO - Sync 1 DAGs
[2026-02-20T12:29:48.084+0000] {logging_mixin.py:188} INFO - [2026-02-20T12:29:48.083+0000] {dag.py:3947} INFO - Setting next_dagrun for load_cb_courses to 2025-06-16 00:00:00+00:00, run_after=2025-06-17 00:00:00+00:00
[2026-02-20T12:29:48.110+0000] {processor.py:183} INFO - Processing /opt/airflow/dags/api_cb.py took 0.714 seconds
[2026-02-20T12:30:18.452+0000] {processor.py:161} INFO - Started process (PID=6900) to work on /opt/airflow/dags/api_cb.py
[2026-02-20T12:30:18.454+0000] {processor.py:830} INFO - Processing file /opt/airflow/dags/api_cb.py for tasks to queue
[2026-02-20T12:30:18.457+0000] {logging_mixin.py:188} INFO - [2026-02-20T12:30:18.456+0000] {dagbag.py:545} INFO - Filling up the DagBag from /opt/airflow/dags/api_cb.py
[2026-02-20T12:30:19.120+0000] {processor.py:840} INFO - DAG(s) 'load_cb_courses' retrieved from /opt/airflow/dags/api_cb.py
[2026-02-20T12:30:19.152+0000] {logging_mixin.py:188} INFO - [2026-02-20T12:30:19.152+0000] {dag.py:3089} INFO - Sync 1 DAGs
[2026-02-20T12:30:19.198+0000] {processor.py:183} INFO - Processing /opt/airflow/dags/api_cb.py took 0.754 seconds
[2026-02-20T12:30:49.388+0000] {processor.py:161} INFO - Started process (PID=7053) to work on /opt/airflow/dags/api_cb.py
[2026-02-20T12:30:49.390+0000] {processor.py:830} INFO - Processing file /opt/airflow/dags/api_cb.py for tasks to queue
[2026-02-20T12:30:49.393+0000] {logging_mixin.py:188} INFO - [2026-02-20T12:30:49.392+0000] {dagbag.py:545} INFO - Filling up the DagBag from /opt/airflow/dags/api_cb.py
[2026-02-20T12:30:50.042+0000] {processor.py:840} INFO - DAG(s) 'load_cb_courses' retrieved from /opt/airflow/dags/api_cb.py
[2026-02-20T12:30:50.082+0000] {logging_mixin.py:188} INFO - [2026-02-20T12:30:50.081+0000] {dag.py:3089} INFO - Sync 1 DAGs
[2026-02-20T12:30:50.158+0000] {processor.py:183} INFO - Processing /opt/airflow/dags/api_cb.py took 0.778 seconds
[2026-02-20T12:31:20.354+0000] {processor.py:161} INFO - Started process (PID=7198) to work on /opt/airflow/dags/api_cb.py
[2026-02-20T12:31:20.356+0000] {processor.py:830} INFO - Processing file /opt/airflow/dags/api_cb.py for tasks to queue
[2026-02-20T12:31:20.361+0000] {logging_mixin.py:188} INFO - [2026-02-20T12:31:20.360+0000] {dagbag.py:545} INFO - Filling up the DagBag from /opt/airflow/dags/api_cb.py
[2026-02-20T12:31:20.972+0000] {processor.py:840} INFO - DAG(s) 'load_cb_courses' retrieved from /opt/airflow/dags/api_cb.py
[2026-02-20T12:31:21.002+0000] {logging_mixin.py:188} INFO - [2026-02-20T12:31:21.002+0000] {dag.py:3089} INFO - Sync 1 DAGs
[2026-02-20T12:31:21.034+0000] {logging_mixin.py:188} INFO - [2026-02-20T12:31:21.033+0000] {dag.py:3947} INFO - Setting next_dagrun for load_cb_courses to 2025-07-30 00:00:00+00:00, run_after=2025-07-31 00:00:00+00:00
[2026-02-20T12:31:21.055+0000] {processor.py:183} INFO - Processing /opt/airflow/dags/api_cb.py took 0.711 seconds
[2026-02-20T12:31:51.226+0000] {processor.py:161} INFO - Started process (PID=7349) to work on /opt/airflow/dags/api_cb.py
[2026-02-20T12:31:51.228+0000] {processor.py:830} INFO - Processing file /opt/airflow/dags/api_cb.py for tasks to queue
[2026-02-20T12:31:51.231+0000] {logging_mixin.py:188} INFO - [2026-02-20T12:31:51.230+0000] {dagbag.py:545} INFO - Filling up the DagBag from /opt/airflow/dags/api_cb.py
[2026-02-20T12:31:51.888+0000] {processor.py:840} INFO - DAG(s) 'load_cb_courses' retrieved from /opt/airflow/dags/api_cb.py
[2026-02-20T12:31:51.918+0000] {logging_mixin.py:188} INFO - [2026-02-20T12:31:51.918+0000] {dag.py:3089} INFO - Sync 1 DAGs
[2026-02-20T12:31:51.950+0000] {logging_mixin.py:188} INFO - [2026-02-20T12:31:51.950+0000] {dag.py:3947} INFO - Setting next_dagrun for load_cb_courses to 2025-08-12 00:00:00+00:00, run_after=2025-08-13 00:00:00+00:00
[2026-02-20T12:31:51.980+0000] {processor.py:183} INFO - Processing /opt/airflow/dags/api_cb.py took 0.763 seconds
[2026-02-20T12:32:22.950+0000] {processor.py:161} INFO - Started process (PID=7494) to work on /opt/airflow/dags/api_cb.py
[2026-02-20T12:32:22.952+0000] {processor.py:830} INFO - Processing file /opt/airflow/dags/api_cb.py for tasks to queue
[2026-02-20T12:32:22.954+0000] {logging_mixin.py:188} INFO - [2026-02-20T12:32:22.954+0000] {dagbag.py:545} INFO - Filling up the DagBag from /opt/airflow/dags/api_cb.py
[2026-02-20T12:32:23.472+0000] {processor.py:840} INFO - DAG(s) 'load_cb_courses' retrieved from /opt/airflow/dags/api_cb.py
[2026-02-20T12:32:23.495+0000] {logging_mixin.py:188} INFO - [2026-02-20T12:32:23.495+0000] {dag.py:3089} INFO - Sync 1 DAGs
[2026-02-20T12:32:23.526+0000] {logging_mixin.py:188} INFO - [2026-02-20T12:32:23.526+0000] {dag.py:3947} INFO - Setting next_dagrun for load_cb_courses to 2025-08-27 00:00:00+00:00, run_after=2025-08-28 00:00:00+00:00
[2026-02-20T12:32:23.557+0000] {processor.py:183} INFO - Processing /opt/airflow/dags/api_cb.py took 0.614 seconds
[2026-02-20T12:32:54.021+0000] {processor.py:161} INFO - Started process (PID=7640) to work on /opt/airflow/dags/api_cb.py
[2026-02-20T12:32:54.025+0000] {processor.py:830} INFO - Processing file /opt/airflow/dags/api_cb.py for tasks to queue
[2026-02-20T12:32:54.033+0000] {logging_mixin.py:188} INFO - [2026-02-20T12:32:54.032+0000] {dagbag.py:545} INFO - Filling up the DagBag from /opt/airflow/dags/api_cb.py
[2026-02-20T12:32:55.426+0000] {processor.py:840} INFO - DAG(s) 'load_cb_courses' retrieved from /opt/airflow/dags/api_cb.py
[2026-02-20T12:32:55.464+0000] {logging_mixin.py:188} INFO - [2026-02-20T12:32:55.463+0000] {dag.py:3089} INFO - Sync 1 DAGs
[2026-02-20T12:32:55.633+0000] {processor.py:183} INFO - Processing /opt/airflow/dags/api_cb.py took 1.621 seconds
[2026-02-20T12:33:25.891+0000] {processor.py:161} INFO - Started process (PID=7789) to work on /opt/airflow/dags/api_cb.py
[2026-02-20T12:33:25.894+0000] {processor.py:830} INFO - Processing file /opt/airflow/dags/api_cb.py for tasks to queue
[2026-02-20T12:33:25.897+0000] {logging_mixin.py:188} INFO - [2026-02-20T12:33:25.896+0000] {dagbag.py:545} INFO - Filling up the DagBag from /opt/airflow/dags/api_cb.py
[2026-02-20T12:33:26.669+0000] {processor.py:840} INFO - DAG(s) 'load_cb_courses' retrieved from /opt/airflow/dags/api_cb.py
[2026-02-20T12:33:26.692+0000] {logging_mixin.py:188} INFO - [2026-02-20T12:33:26.692+0000] {dag.py:3089} INFO - Sync 1 DAGs
[2026-02-20T12:33:26.746+0000] {processor.py:183} INFO - Processing /opt/airflow/dags/api_cb.py took 0.862 seconds
[2026-02-20T12:33:57.065+0000] {processor.py:161} INFO - Started process (PID=7931) to work on /opt/airflow/dags/api_cb.py
[2026-02-20T12:33:57.067+0000] {processor.py:830} INFO - Processing file /opt/airflow/dags/api_cb.py for tasks to queue
[2026-02-20T12:33:57.070+0000] {logging_mixin.py:188} INFO - [2026-02-20T12:33:57.070+0000] {dagbag.py:545} INFO - Filling up the DagBag from /opt/airflow/dags/api_cb.py
[2026-02-20T12:33:58.061+0000] {processor.py:840} INFO - DAG(s) 'load_cb_courses' retrieved from /opt/airflow/dags/api_cb.py
[2026-02-20T12:33:58.104+0000] {logging_mixin.py:188} INFO - [2026-02-20T12:33:58.103+0000] {dag.py:3089} INFO - Sync 1 DAGs
[2026-02-20T12:33:58.162+0000] {processor.py:183} INFO - Processing /opt/airflow/dags/api_cb.py took 1.104 seconds
[2026-02-20T12:34:28.368+0000] {processor.py:161} INFO - Started process (PID=8052) to work on /opt/airflow/dags/api_cb.py
[2026-02-20T12:34:28.370+0000] {processor.py:830} INFO - Processing file /opt/airflow/dags/api_cb.py for tasks to queue
[2026-02-20T12:34:28.373+0000] {logging_mixin.py:188} INFO - [2026-02-20T12:34:28.372+0000] {dagbag.py:545} INFO - Filling up the DagBag from /opt/airflow/dags/api_cb.py
[2026-02-20T12:34:28.922+0000] {processor.py:840} INFO - DAG(s) 'load_cb_courses' retrieved from /opt/airflow/dags/api_cb.py
[2026-02-20T12:34:28.947+0000] {logging_mixin.py:188} INFO - [2026-02-20T12:34:28.947+0000] {dag.py:3089} INFO - Sync 1 DAGs
[2026-02-20T12:34:29.006+0000] {processor.py:183} INFO - Processing /opt/airflow/dags/api_cb.py took 0.646 seconds
[2026-02-20T12:34:59.124+0000] {processor.py:161} INFO - Started process (PID=8182) to work on /opt/airflow/dags/api_cb.py
[2026-02-20T12:34:59.133+0000] {processor.py:830} INFO - Processing file /opt/airflow/dags/api_cb.py for tasks to queue
[2026-02-20T12:34:59.136+0000] {logging_mixin.py:188} INFO - [2026-02-20T12:34:59.136+0000] {dagbag.py:545} INFO - Filling up the DagBag from /opt/airflow/dags/api_cb.py
[2026-02-20T12:34:59.883+0000] {processor.py:840} INFO - DAG(s) 'load_cb_courses' retrieved from /opt/airflow/dags/api_cb.py
[2026-02-20T12:34:59.916+0000] {logging_mixin.py:188} INFO - [2026-02-20T12:34:59.915+0000] {dag.py:3089} INFO - Sync 1 DAGs
[2026-02-20T12:35:00.015+0000] {processor.py:183} INFO - Processing /opt/airflow/dags/api_cb.py took 0.901 seconds
[2026-02-20T12:35:30.655+0000] {processor.py:161} INFO - Started process (PID=8304) to work on /opt/airflow/dags/api_cb.py
[2026-02-20T12:35:30.656+0000] {processor.py:830} INFO - Processing file /opt/airflow/dags/api_cb.py for tasks to queue
[2026-02-20T12:35:30.659+0000] {logging_mixin.py:188} INFO - [2026-02-20T12:35:30.659+0000] {dagbag.py:545} INFO - Filling up the DagBag from /opt/airflow/dags/api_cb.py
[2026-02-20T12:35:31.332+0000] {processor.py:840} INFO - DAG(s) 'load_cb_courses' retrieved from /opt/airflow/dags/api_cb.py
[2026-02-20T12:35:31.365+0000] {logging_mixin.py:188} INFO - [2026-02-20T12:35:31.365+0000] {dag.py:3089} INFO - Sync 1 DAGs
[2026-02-20T12:35:31.425+0000] {processor.py:183} INFO - Processing /opt/airflow/dags/api_cb.py took 0.778 seconds
[2026-02-20T12:36:02.003+0000] {processor.py:161} INFO - Started process (PID=8438) to work on /opt/airflow/dags/api_cb.py
[2026-02-20T12:36:02.005+0000] {processor.py:830} INFO - Processing file /opt/airflow/dags/api_cb.py for tasks to queue
[2026-02-20T12:36:02.008+0000] {logging_mixin.py:188} INFO - [2026-02-20T12:36:02.008+0000] {dagbag.py:545} INFO - Filling up the DagBag from /opt/airflow/dags/api_cb.py
[2026-02-20T12:36:02.542+0000] {processor.py:840} INFO - DAG(s) 'load_cb_courses' retrieved from /opt/airflow/dags/api_cb.py
[2026-02-20T12:36:02.567+0000] {logging_mixin.py:188} INFO - [2026-02-20T12:36:02.566+0000] {dag.py:3089} INFO - Sync 1 DAGs
[2026-02-20T12:36:02.592+0000] {logging_mixin.py:188} INFO - [2026-02-20T12:36:02.592+0000] {dag.py:3947} INFO - Setting next_dagrun for load_cb_courses to 2025-11-29 00:00:00+00:00, run_after=2025-11-30 00:00:00+00:00
[2026-02-20T12:36:02.623+0000] {processor.py:183} INFO - Processing /opt/airflow/dags/api_cb.py took 0.628 seconds
[2026-02-20T12:36:32.826+0000] {processor.py:161} INFO - Started process (PID=8588) to work on /opt/airflow/dags/api_cb.py
[2026-02-20T12:36:32.829+0000] {processor.py:830} INFO - Processing file /opt/airflow/dags/api_cb.py for tasks to queue
[2026-02-20T12:36:32.836+0000] {logging_mixin.py:188} INFO - [2026-02-20T12:36:32.835+0000] {dagbag.py:545} INFO - Filling up the DagBag from /opt/airflow/dags/api_cb.py
[2026-02-20T12:36:33.633+0000] {processor.py:840} INFO - DAG(s) 'load_cb_courses' retrieved from /opt/airflow/dags/api_cb.py
[2026-02-20T12:36:33.697+0000] {logging_mixin.py:188} INFO - [2026-02-20T12:36:33.689+0000] {dag.py:3089} INFO - Sync 1 DAGs
[2026-02-20T12:36:33.814+0000] {processor.py:183} INFO - Processing /opt/airflow/dags/api_cb.py took 0.995 seconds
[2026-02-20T12:37:04.069+0000] {processor.py:161} INFO - Started process (PID=8718) to work on /opt/airflow/dags/api_cb.py
[2026-02-20T12:37:04.071+0000] {processor.py:830} INFO - Processing file /opt/airflow/dags/api_cb.py for tasks to queue
[2026-02-20T12:37:04.078+0000] {logging_mixin.py:188} INFO - [2026-02-20T12:37:04.077+0000] {dagbag.py:545} INFO - Filling up the DagBag from /opt/airflow/dags/api_cb.py
[2026-02-20T12:37:04.826+0000] {processor.py:840} INFO - DAG(s) 'load_cb_courses' retrieved from /opt/airflow/dags/api_cb.py
[2026-02-20T12:37:04.870+0000] {logging_mixin.py:188} INFO - [2026-02-20T12:37:04.869+0000] {dag.py:3089} INFO - Sync 1 DAGs
[2026-02-20T12:37:04.923+0000] {processor.py:183} INFO - Processing /opt/airflow/dags/api_cb.py took 0.862 seconds
[2026-02-20T12:37:35.040+0000] {processor.py:161} INFO - Started process (PID=8863) to work on /opt/airflow/dags/api_cb.py
[2026-02-20T12:37:35.043+0000] {processor.py:830} INFO - Processing file /opt/airflow/dags/api_cb.py for tasks to queue
[2026-02-20T12:37:35.045+0000] {logging_mixin.py:188} INFO - [2026-02-20T12:37:35.045+0000] {dagbag.py:545} INFO - Filling up the DagBag from /opt/airflow/dags/api_cb.py
[2026-02-20T12:37:35.637+0000] {processor.py:840} INFO - DAG(s) 'load_cb_courses' retrieved from /opt/airflow/dags/api_cb.py
[2026-02-20T12:37:35.671+0000] {logging_mixin.py:188} INFO - [2026-02-20T12:37:35.670+0000] {dag.py:3089} INFO - Sync 1 DAGs
[2026-02-20T12:37:35.711+0000] {logging_mixin.py:188} INFO - [2026-02-20T12:37:35.711+0000] {dag.py:3947} INFO - Setting next_dagrun for load_cb_courses to 2026-01-12 00:00:00+00:00, run_after=2026-01-13 00:00:00+00:00
[2026-02-20T12:37:35.755+0000] {processor.py:183} INFO - Processing /opt/airflow/dags/api_cb.py took 0.722 seconds
[2026-02-20T12:38:05.937+0000] {processor.py:161} INFO - Started process (PID=8985) to work on /opt/airflow/dags/api_cb.py
[2026-02-20T12:38:05.939+0000] {processor.py:830} INFO - Processing file /opt/airflow/dags/api_cb.py for tasks to queue
[2026-02-20T12:38:05.942+0000] {logging_mixin.py:188} INFO - [2026-02-20T12:38:05.942+0000] {dagbag.py:545} INFO - Filling up the DagBag from /opt/airflow/dags/api_cb.py
[2026-02-20T12:38:06.579+0000] {processor.py:840} INFO - DAG(s) 'load_cb_courses' retrieved from /opt/airflow/dags/api_cb.py
[2026-02-20T12:38:06.613+0000] {logging_mixin.py:188} INFO - [2026-02-20T12:38:06.612+0000] {dag.py:3089} INFO - Sync 1 DAGs
[2026-02-20T12:38:06.676+0000] {processor.py:183} INFO - Processing /opt/airflow/dags/api_cb.py took 0.746 seconds
[2026-02-20T12:38:37.401+0000] {processor.py:161} INFO - Started process (PID=9130) to work on /opt/airflow/dags/api_cb.py
[2026-02-20T12:38:37.403+0000] {processor.py:830} INFO - Processing file /opt/airflow/dags/api_cb.py for tasks to queue
[2026-02-20T12:38:37.407+0000] {logging_mixin.py:188} INFO - [2026-02-20T12:38:37.406+0000] {dagbag.py:545} INFO - Filling up the DagBag from /opt/airflow/dags/api_cb.py
[2026-02-20T12:38:38.473+0000] {processor.py:840} INFO - DAG(s) 'load_cb_courses' retrieved from /opt/airflow/dags/api_cb.py
[2026-02-20T12:38:38.509+0000] {logging_mixin.py:188} INFO - [2026-02-20T12:38:38.509+0000] {dag.py:3089} INFO - Sync 1 DAGs
[2026-02-20T12:38:38.588+0000] {processor.py:183} INFO - Processing /opt/airflow/dags/api_cb.py took 1.196 seconds
[2026-02-20T12:39:09.491+0000] {processor.py:161} INFO - Started process (PID=9279) to work on /opt/airflow/dags/api_cb.py
[2026-02-20T12:39:09.493+0000] {processor.py:830} INFO - Processing file /opt/airflow/dags/api_cb.py for tasks to queue
[2026-02-20T12:39:09.498+0000] {logging_mixin.py:188} INFO - [2026-02-20T12:39:09.497+0000] {dagbag.py:545} INFO - Filling up the DagBag from /opt/airflow/dags/api_cb.py
[2026-02-20T12:39:10.183+0000] {processor.py:840} INFO - DAG(s) 'load_cb_courses' retrieved from /opt/airflow/dags/api_cb.py
[2026-02-20T12:39:10.206+0000] {logging_mixin.py:188} INFO - [2026-02-20T12:39:10.206+0000] {dag.py:3089} INFO - Sync 1 DAGs
[2026-02-20T12:39:10.228+0000] {logging_mixin.py:188} INFO - [2026-02-20T12:39:10.228+0000] {dag.py:3947} INFO - Setting next_dagrun for load_cb_courses to 2026-02-19 00:00:00+00:00, run_after=2026-02-20 00:00:00+00:00
[2026-02-20T12:39:10.251+0000] {processor.py:183} INFO - Processing /opt/airflow/dags/api_cb.py took 0.768 seconds
[2026-02-20T12:39:41.205+0000] {processor.py:161} INFO - Started process (PID=9315) to work on /opt/airflow/dags/api_cb.py
[2026-02-20T12:39:41.207+0000] {processor.py:830} INFO - Processing file /opt/airflow/dags/api_cb.py for tasks to queue
[2026-02-20T12:39:41.210+0000] {logging_mixin.py:188} INFO - [2026-02-20T12:39:41.209+0000] {dagbag.py:545} INFO - Filling up the DagBag from /opt/airflow/dags/api_cb.py
[2026-02-20T12:39:41.821+0000] {processor.py:840} INFO - DAG(s) 'load_cb_courses' retrieved from /opt/airflow/dags/api_cb.py
[2026-02-20T12:39:41.850+0000] {logging_mixin.py:188} INFO - [2026-02-20T12:39:41.849+0000] {dag.py:3089} INFO - Sync 1 DAGs
[2026-02-20T12:39:41.883+0000] {logging_mixin.py:188} INFO - [2026-02-20T12:39:41.883+0000] {dag.py:3947} INFO - Setting next_dagrun for load_cb_courses to 2026-02-20 00:00:00+00:00, run_after=2026-02-21 00:00:00+00:00
[2026-02-20T12:39:41.924+0000] {processor.py:183} INFO - Processing /opt/airflow/dags/api_cb.py took 0.726 seconds
[2026-02-20T12:40:12.752+0000] {processor.py:161} INFO - Started process (PID=9347) to work on /opt/airflow/dags/api_cb.py
[2026-02-20T12:40:12.754+0000] {processor.py:830} INFO - Processing file /opt/airflow/dags/api_cb.py for tasks to queue
[2026-02-20T12:40:12.757+0000] {logging_mixin.py:188} INFO - [2026-02-20T12:40:12.756+0000] {dagbag.py:545} INFO - Filling up the DagBag from /opt/airflow/dags/api_cb.py
[2026-02-20T12:40:13.286+0000] {processor.py:840} INFO - DAG(s) 'load_cb_courses' retrieved from /opt/airflow/dags/api_cb.py
[2026-02-20T12:40:13.309+0000] {logging_mixin.py:188} INFO - [2026-02-20T12:40:13.309+0000] {dag.py:3089} INFO - Sync 1 DAGs
[2026-02-20T12:40:13.333+0000] {logging_mixin.py:188} INFO - [2026-02-20T12:40:13.333+0000] {dag.py:3947} INFO - Setting next_dagrun for load_cb_courses to 2026-02-20 00:00:00+00:00, run_after=2026-02-21 00:00:00+00:00
[2026-02-20T12:40:13.358+0000] {processor.py:183} INFO - Processing /opt/airflow/dags/api_cb.py took 0.612 seconds
[2026-02-20T12:40:44.047+0000] {processor.py:161} INFO - Started process (PID=9372) to work on /opt/airflow/dags/api_cb.py
[2026-02-20T12:40:44.049+0000] {processor.py:830} INFO - Processing file /opt/airflow/dags/api_cb.py for tasks to queue
[2026-02-20T12:40:44.051+0000] {logging_mixin.py:188} INFO - [2026-02-20T12:40:44.051+0000] {dagbag.py:545} INFO - Filling up the DagBag from /opt/airflow/dags/api_cb.py
[2026-02-20T12:40:44.609+0000] {processor.py:840} INFO - DAG(s) 'load_cb_courses' retrieved from /opt/airflow/dags/api_cb.py
[2026-02-20T12:40:44.636+0000] {logging_mixin.py:188} INFO - [2026-02-20T12:40:44.635+0000] {dag.py:3089} INFO - Sync 1 DAGs
[2026-02-20T12:40:44.657+0000] {logging_mixin.py:188} INFO - [2026-02-20T12:40:44.656+0000] {dag.py:3947} INFO - Setting next_dagrun for load_cb_courses to 2026-02-20 00:00:00+00:00, run_after=2026-02-21 00:00:00+00:00
[2026-02-20T12:40:44.683+0000] {processor.py:183} INFO - Processing /opt/airflow/dags/api_cb.py took 0.642 seconds
[2026-02-20T12:41:15.446+0000] {processor.py:161} INFO - Started process (PID=9405) to work on /opt/airflow/dags/api_cb.py
[2026-02-20T12:41:15.447+0000] {processor.py:830} INFO - Processing file /opt/airflow/dags/api_cb.py for tasks to queue
[2026-02-20T12:41:15.450+0000] {logging_mixin.py:188} INFO - [2026-02-20T12:41:15.449+0000] {dagbag.py:545} INFO - Filling up the DagBag from /opt/airflow/dags/api_cb.py
[2026-02-20T12:41:15.966+0000] {processor.py:840} INFO - DAG(s) 'load_cb_courses' retrieved from /opt/airflow/dags/api_cb.py
[2026-02-20T12:41:15.992+0000] {logging_mixin.py:188} INFO - [2026-02-20T12:41:15.991+0000] {dag.py:3089} INFO - Sync 1 DAGs
[2026-02-20T12:41:16.013+0000] {logging_mixin.py:188} INFO - [2026-02-20T12:41:16.013+0000] {dag.py:3947} INFO - Setting next_dagrun for load_cb_courses to 2026-02-20 00:00:00+00:00, run_after=2026-02-21 00:00:00+00:00
[2026-02-20T12:41:16.037+0000] {processor.py:183} INFO - Processing /opt/airflow/dags/api_cb.py took 0.599 seconds
[2026-02-20T12:41:46.129+0000] {processor.py:161} INFO - Started process (PID=9431) to work on /opt/airflow/dags/api_cb.py
[2026-02-20T12:41:46.130+0000] {processor.py:830} INFO - Processing file /opt/airflow/dags/api_cb.py for tasks to queue
[2026-02-20T12:41:46.133+0000] {logging_mixin.py:188} INFO - [2026-02-20T12:41:46.133+0000] {dagbag.py:545} INFO - Filling up the DagBag from /opt/airflow/dags/api_cb.py
[2026-02-20T12:41:45.966+0000] {processor.py:840} INFO - DAG(s) 'load_cb_courses' retrieved from /opt/airflow/dags/api_cb.py
[2026-02-20T12:41:45.990+0000] {logging_mixin.py:188} INFO - [2026-02-20T12:41:45.990+0000] {dag.py:3089} INFO - Sync 1 DAGs
[2026-02-20T12:41:46.011+0000] {logging_mixin.py:188} INFO - [2026-02-20T12:41:46.011+0000] {dag.py:3947} INFO - Setting next_dagrun for load_cb_courses to 2026-02-20 00:00:00+00:00, run_after=2026-02-21 00:00:00+00:00
[2026-02-20T12:41:44.025+0000] {processor.py:183} INFO - Processing /opt/airflow/dags/api_cb.py took 0.633 seconds
[2026-02-20T12:42:14.816+0000] {processor.py:161} INFO - Started process (PID=9463) to work on /opt/airflow/dags/api_cb.py
[2026-02-20T12:42:14.817+0000] {processor.py:830} INFO - Processing file /opt/airflow/dags/api_cb.py for tasks to queue
[2026-02-20T12:42:14.820+0000] {logging_mixin.py:188} INFO - [2026-02-20T12:42:14.819+0000] {dagbag.py:545} INFO - Filling up the DagBag from /opt/airflow/dags/api_cb.py
[2026-02-20T12:42:15.436+0000] {processor.py:840} INFO - DAG(s) 'load_cb_courses' retrieved from /opt/airflow/dags/api_cb.py
[2026-02-20T12:42:15.462+0000] {logging_mixin.py:188} INFO - [2026-02-20T12:42:15.461+0000] {dag.py:3089} INFO - Sync 1 DAGs
[2026-02-20T12:42:15.487+0000] {logging_mixin.py:188} INFO - [2026-02-20T12:42:15.486+0000] {dag.py:3947} INFO - Setting next_dagrun for load_cb_courses to 2026-02-20 00:00:00+00:00, run_after=2026-02-21 00:00:00+00:00
[2026-02-20T12:42:15.509+0000] {processor.py:183} INFO - Processing /opt/airflow/dags/api_cb.py took 0.700 seconds
[2026-02-20T12:42:46.254+0000] {processor.py:161} INFO - Started process (PID=9488) to work on /opt/airflow/dags/api_cb.py
[2026-02-20T12:42:46.255+0000] {processor.py:830} INFO - Processing file /opt/airflow/dags/api_cb.py for tasks to queue
[2026-02-20T12:42:46.257+0000] {logging_mixin.py:188} INFO - [2026-02-20T12:42:46.257+0000] {dagbag.py:545} INFO - Filling up the DagBag from /opt/airflow/dags/api_cb.py
[2026-02-20T12:42:46.791+0000] {processor.py:840} INFO - DAG(s) 'load_cb_courses' retrieved from /opt/airflow/dags/api_cb.py
[2026-02-20T12:42:46.814+0000] {logging_mixin.py:188} INFO - [2026-02-20T12:42:46.814+0000] {dag.py:3089} INFO - Sync 1 DAGs
[2026-02-20T12:42:46.838+0000] {logging_mixin.py:188} INFO - [2026-02-20T12:42:46.837+0000] {dag.py:3947} INFO - Setting next_dagrun for load_cb_courses to 2026-02-20 00:00:00+00:00, run_after=2026-02-21 00:00:00+00:00
[2026-02-20T12:42:46.862+0000] {processor.py:183} INFO - Processing /opt/airflow/dags/api_cb.py took 0.615 seconds
[2026-02-20T12:43:17.005+0000] {processor.py:161} INFO - Started process (PID=9520) to work on /opt/airflow/dags/api_cb.py
[2026-02-20T12:43:17.007+0000] {processor.py:830} INFO - Processing file /opt/airflow/dags/api_cb.py for tasks to queue
[2026-02-20T12:43:17.009+0000] {logging_mixin.py:188} INFO - [2026-02-20T12:43:17.009+0000] {dagbag.py:545} INFO - Filling up the DagBag from /opt/airflow/dags/api_cb.py
[2026-02-20T12:43:17.540+0000] {processor.py:840} INFO - DAG(s) 'load_cb_courses' retrieved from /opt/airflow/dags/api_cb.py
[2026-02-20T12:43:17.563+0000] {logging_mixin.py:188} INFO - [2026-02-20T12:43:17.562+0000] {dag.py:3089} INFO - Sync 1 DAGs
[2026-02-20T12:43:17.585+0000] {logging_mixin.py:188} INFO - [2026-02-20T12:43:17.584+0000] {dag.py:3947} INFO - Setting next_dagrun for load_cb_courses to 2026-02-20 00:00:00+00:00, run_after=2026-02-21 00:00:00+00:00
[2026-02-20T12:43:17.608+0000] {processor.py:183} INFO - Processing /opt/airflow/dags/api_cb.py took 0.610 seconds
[2026-02-20T12:43:47.699+0000] {processor.py:161} INFO - Started process (PID=9551) to work on /opt/airflow/dags/api_cb.py
[2026-02-20T12:43:47.701+0000] {processor.py:830} INFO - Processing file /opt/airflow/dags/api_cb.py for tasks to queue
[2026-02-20T12:43:47.704+0000] {logging_mixin.py:188} INFO - [2026-02-20T12:43:47.703+0000] {dagbag.py:545} INFO - Filling up the DagBag from /opt/airflow/dags/api_cb.py
[2026-02-20T12:43:48.259+0000] {processor.py:840} INFO - DAG(s) 'load_cb_courses' retrieved from /opt/airflow/dags/api_cb.py
[2026-02-20T12:43:48.287+0000] {logging_mixin.py:188} INFO - [2026-02-20T12:43:48.286+0000] {dag.py:3089} INFO - Sync 1 DAGs
[2026-02-20T12:43:48.311+0000] {logging_mixin.py:188} INFO - [2026-02-20T12:43:48.311+0000] {dag.py:3947} INFO - Setting next_dagrun for load_cb_courses to 2026-02-20 00:00:00+00:00, run_after=2026-02-21 00:00:00+00:00
[2026-02-20T12:43:48.374+0000] {processor.py:183} INFO - Processing /opt/airflow/dags/api_cb.py took 0.683 seconds
[2026-02-20T12:44:19.074+0000] {processor.py:161} INFO - Started process (PID=9576) to work on /opt/airflow/dags/api_cb.py
[2026-02-20T12:44:19.076+0000] {processor.py:830} INFO - Processing file /opt/airflow/dags/api_cb.py for tasks to queue
[2026-02-20T12:44:19.079+0000] {logging_mixin.py:188} INFO - [2026-02-20T12:44:19.079+0000] {dagbag.py:545} INFO - Filling up the DagBag from /opt/airflow/dags/api_cb.py
[2026-02-20T12:44:19.653+0000] {processor.py:840} INFO - DAG(s) 'load_cb_courses' retrieved from /opt/airflow/dags/api_cb.py
[2026-02-20T12:44:19.676+0000] {logging_mixin.py:188} INFO - [2026-02-20T12:44:19.676+0000] {dag.py:3089} INFO - Sync 1 DAGs
[2026-02-20T12:44:19.697+0000] {logging_mixin.py:188} INFO - [2026-02-20T12:44:19.697+0000] {dag.py:3947} INFO - Setting next_dagrun for load_cb_courses to 2026-02-20 00:00:00+00:00, run_after=2026-02-21 00:00:00+00:00
[2026-02-20T12:44:19.726+0000] {processor.py:183} INFO - Processing /opt/airflow/dags/api_cb.py took 0.659 seconds
[2026-02-20T12:44:50.640+0000] {processor.py:161} INFO - Started process (PID=9608) to work on /opt/airflow/dags/api_cb.py
[2026-02-20T12:44:50.642+0000] {processor.py:830} INFO - Processing file /opt/airflow/dags/api_cb.py for tasks to queue
[2026-02-20T12:44:50.644+0000] {logging_mixin.py:188} INFO - [2026-02-20T12:44:50.644+0000] {dagbag.py:545} INFO - Filling up the DagBag from /opt/airflow/dags/api_cb.py
[2026-02-20T12:44:51.276+0000] {processor.py:840} INFO - DAG(s) 'load_cb_courses' retrieved from /opt/airflow/dags/api_cb.py
[2026-02-20T12:44:51.301+0000] {logging_mixin.py:188} INFO - [2026-02-20T12:44:51.300+0000] {dag.py:3089} INFO - Sync 1 DAGs
[2026-02-20T12:44:51.329+0000] {logging_mixin.py:188} INFO - [2026-02-20T12:44:51.329+0000] {dag.py:3947} INFO - Setting next_dagrun for load_cb_courses to 2026-02-20 00:00:00+00:00, run_after=2026-02-21 00:00:00+00:00
[2026-02-20T12:44:51.362+0000] {processor.py:183} INFO - Processing /opt/airflow/dags/api_cb.py took 0.730 seconds
