[2026-02-20T12:56:40.940+0000] {processor.py:161} INFO - Started process (PID=10137) to work on /opt/airflow/dags/insert_data_to_oltp.py
[2026-02-20T12:56:40.941+0000] {processor.py:830} INFO - Processing file /opt/airflow/dags/insert_data_to_oltp.py for tasks to queue
[2026-02-20T12:56:40.943+0000] {logging_mixin.py:188} INFO - [2026-02-20T12:56:40.943+0000] {dagbag.py:545} INFO - Filling up the DagBag from /opt/airflow/dags/insert_data_to_oltp.py
[2026-02-20T12:56:40.997+0000] {logging_mixin.py:188} INFO - [2026-02-20T12:56:40.989+0000] {dagbag.py:355} ERROR - Failed to import: /opt/airflow/dags/insert_data_to_oltp.py
Traceback (most recent call last):
  File "/home/airflow/.local/lib/python3.12/site-packages/airflow/models/dagbag.py", line 351, in parse
    loader.exec_module(new_module)
  File "<frozen importlib._bootstrap_external>", line 995, in exec_module
  File "<frozen importlib._bootstrap>", line 488, in _call_with_frames_removed
  File "/opt/airflow/dags/insert_data_to_oltp.py", line 5, in <module>
    from faker import Faker
ModuleNotFoundError: No module named 'faker'
[2026-02-20T12:56:41.001+0000] {processor.py:842} WARNING - No viable dags retrieved from /opt/airflow/dags/insert_data_to_oltp.py
[2026-02-20T12:56:41.037+0000] {processor.py:183} INFO - Processing /opt/airflow/dags/insert_data_to_oltp.py took 0.106 seconds
[2026-02-20T12:57:12.421+0000] {processor.py:161} INFO - Started process (PID=10162) to work on /opt/airflow/dags/insert_data_to_oltp.py
[2026-02-20T12:57:12.424+0000] {processor.py:830} INFO - Processing file /opt/airflow/dags/insert_data_to_oltp.py for tasks to queue
[2026-02-20T12:57:12.426+0000] {logging_mixin.py:188} INFO - [2026-02-20T12:57:12.426+0000] {dagbag.py:545} INFO - Filling up the DagBag from /opt/airflow/dags/insert_data_to_oltp.py
[2026-02-20T12:57:12.465+0000] {logging_mixin.py:188} INFO - [2026-02-20T12:57:12.458+0000] {dagbag.py:355} ERROR - Failed to import: /opt/airflow/dags/insert_data_to_oltp.py
Traceback (most recent call last):
  File "/home/airflow/.local/lib/python3.12/site-packages/airflow/models/dagbag.py", line 351, in parse
    loader.exec_module(new_module)
  File "<frozen importlib._bootstrap_external>", line 995, in exec_module
  File "<frozen importlib._bootstrap>", line 488, in _call_with_frames_removed
  File "/opt/airflow/dags/insert_data_to_oltp.py", line 5, in <module>
    from faker import Faker
ModuleNotFoundError: No module named 'faker'
[2026-02-20T12:57:12.468+0000] {processor.py:842} WARNING - No viable dags retrieved from /opt/airflow/dags/insert_data_to_oltp.py
[2026-02-20T12:57:12.503+0000] {processor.py:183} INFO - Processing /opt/airflow/dags/insert_data_to_oltp.py took 0.090 seconds
[2026-02-20T12:57:43.163+0000] {processor.py:161} INFO - Started process (PID=10194) to work on /opt/airflow/dags/insert_data_to_oltp.py
[2026-02-20T12:57:43.165+0000] {processor.py:830} INFO - Processing file /opt/airflow/dags/insert_data_to_oltp.py for tasks to queue
[2026-02-20T12:57:43.167+0000] {logging_mixin.py:188} INFO - [2026-02-20T12:57:43.166+0000] {dagbag.py:545} INFO - Filling up the DagBag from /opt/airflow/dags/insert_data_to_oltp.py
[2026-02-20T12:57:43.195+0000] {logging_mixin.py:188} INFO - [2026-02-20T12:57:43.190+0000] {dagbag.py:355} ERROR - Failed to import: /opt/airflow/dags/insert_data_to_oltp.py
Traceback (most recent call last):
  File "/home/airflow/.local/lib/python3.12/site-packages/airflow/models/dagbag.py", line 351, in parse
    loader.exec_module(new_module)
  File "<frozen importlib._bootstrap_external>", line 995, in exec_module
  File "<frozen importlib._bootstrap>", line 488, in _call_with_frames_removed
  File "/opt/airflow/dags/insert_data_to_oltp.py", line 5, in <module>
    from faker import Faker
ModuleNotFoundError: No module named 'faker'
[2026-02-20T12:57:43.198+0000] {processor.py:842} WARNING - No viable dags retrieved from /opt/airflow/dags/insert_data_to_oltp.py
[2026-02-20T12:57:43.233+0000] {processor.py:183} INFO - Processing /opt/airflow/dags/insert_data_to_oltp.py took 0.080 seconds
[2026-02-20T12:58:13.551+0000] {processor.py:161} INFO - Started process (PID=10218) to work on /opt/airflow/dags/insert_data_to_oltp.py
[2026-02-20T12:58:13.553+0000] {processor.py:830} INFO - Processing file /opt/airflow/dags/insert_data_to_oltp.py for tasks to queue
[2026-02-20T12:58:13.554+0000] {logging_mixin.py:188} INFO - [2026-02-20T12:58:13.554+0000] {dagbag.py:545} INFO - Filling up the DagBag from /opt/airflow/dags/insert_data_to_oltp.py
[2026-02-20T12:58:13.588+0000] {logging_mixin.py:188} INFO - [2026-02-20T12:58:13.581+0000] {dagbag.py:355} ERROR - Failed to import: /opt/airflow/dags/insert_data_to_oltp.py
Traceback (most recent call last):
  File "/home/airflow/.local/lib/python3.12/site-packages/airflow/models/dagbag.py", line 351, in parse
    loader.exec_module(new_module)
  File "<frozen importlib._bootstrap_external>", line 995, in exec_module
  File "<frozen importlib._bootstrap>", line 488, in _call_with_frames_removed
  File "/opt/airflow/dags/insert_data_to_oltp.py", line 5, in <module>
    from faker import Faker
ModuleNotFoundError: No module named 'faker'
[2026-02-20T12:58:13.590+0000] {processor.py:842} WARNING - No viable dags retrieved from /opt/airflow/dags/insert_data_to_oltp.py
[2026-02-20T12:58:13.621+0000] {processor.py:183} INFO - Processing /opt/airflow/dags/insert_data_to_oltp.py took 0.077 seconds
[2026-02-20T12:58:43.955+0000] {processor.py:161} INFO - Started process (PID=10251) to work on /opt/airflow/dags/insert_data_to_oltp.py
[2026-02-20T12:58:43.957+0000] {processor.py:830} INFO - Processing file /opt/airflow/dags/insert_data_to_oltp.py for tasks to queue
[2026-02-20T12:58:43.958+0000] {logging_mixin.py:188} INFO - [2026-02-20T12:58:43.958+0000] {dagbag.py:545} INFO - Filling up the DagBag from /opt/airflow/dags/insert_data_to_oltp.py
[2026-02-20T12:58:43.984+0000] {logging_mixin.py:188} INFO - [2026-02-20T12:58:43.979+0000] {dagbag.py:355} ERROR - Failed to import: /opt/airflow/dags/insert_data_to_oltp.py
Traceback (most recent call last):
  File "/home/airflow/.local/lib/python3.12/site-packages/airflow/models/dagbag.py", line 351, in parse
    loader.exec_module(new_module)
  File "<frozen importlib._bootstrap_external>", line 995, in exec_module
  File "<frozen importlib._bootstrap>", line 488, in _call_with_frames_removed
  File "/opt/airflow/dags/insert_data_to_oltp.py", line 5, in <module>
    from faker import Faker
ModuleNotFoundError: No module named 'faker'
[2026-02-20T12:58:43.986+0000] {processor.py:842} WARNING - No viable dags retrieved from /opt/airflow/dags/insert_data_to_oltp.py
[2026-02-20T12:58:44.022+0000] {processor.py:183} INFO - Processing /opt/airflow/dags/insert_data_to_oltp.py took 0.074 seconds
[2026-02-20T12:59:14.131+0000] {processor.py:161} INFO - Started process (PID=10277) to work on /opt/airflow/dags/insert_data_to_oltp.py
[2026-02-20T12:59:14.134+0000] {processor.py:830} INFO - Processing file /opt/airflow/dags/insert_data_to_oltp.py for tasks to queue
[2026-02-20T12:59:14.136+0000] {logging_mixin.py:188} INFO - [2026-02-20T12:59:14.135+0000] {dagbag.py:545} INFO - Filling up the DagBag from /opt/airflow/dags/insert_data_to_oltp.py
[2026-02-20T12:59:14.175+0000] {logging_mixin.py:188} INFO - [2026-02-20T12:59:14.166+0000] {dagbag.py:355} ERROR - Failed to import: /opt/airflow/dags/insert_data_to_oltp.py
Traceback (most recent call last):
  File "/home/airflow/.local/lib/python3.12/site-packages/airflow/models/dagbag.py", line 351, in parse
    loader.exec_module(new_module)
  File "<frozen importlib._bootstrap_external>", line 995, in exec_module
  File "<frozen importlib._bootstrap>", line 488, in _call_with_frames_removed
  File "/opt/airflow/dags/insert_data_to_oltp.py", line 5, in <module>
    from faker import Faker
ModuleNotFoundError: No module named 'faker'
[2026-02-20T12:59:14.178+0000] {processor.py:842} WARNING - No viable dags retrieved from /opt/airflow/dags/insert_data_to_oltp.py
[2026-02-20T12:59:14.219+0000] {processor.py:183} INFO - Processing /opt/airflow/dags/insert_data_to_oltp.py took 0.100 seconds
[2026-02-20T12:59:44.558+0000] {processor.py:161} INFO - Started process (PID=10302) to work on /opt/airflow/dags/insert_data_to_oltp.py
[2026-02-20T12:59:44.560+0000] {processor.py:830} INFO - Processing file /opt/airflow/dags/insert_data_to_oltp.py for tasks to queue
[2026-02-20T12:59:44.562+0000] {logging_mixin.py:188} INFO - [2026-02-20T12:59:44.562+0000] {dagbag.py:545} INFO - Filling up the DagBag from /opt/airflow/dags/insert_data_to_oltp.py
[2026-02-20T12:59:44.596+0000] {logging_mixin.py:188} INFO - [2026-02-20T12:59:44.589+0000] {dagbag.py:355} ERROR - Failed to import: /opt/airflow/dags/insert_data_to_oltp.py
Traceback (most recent call last):
  File "/home/airflow/.local/lib/python3.12/site-packages/airflow/models/dagbag.py", line 351, in parse
    loader.exec_module(new_module)
  File "<frozen importlib._bootstrap_external>", line 995, in exec_module
  File "<frozen importlib._bootstrap>", line 488, in _call_with_frames_removed
  File "/opt/airflow/dags/insert_data_to_oltp.py", line 5, in <module>
    from faker import Faker
ModuleNotFoundError: No module named 'faker'
[2026-02-20T12:59:44.598+0000] {processor.py:842} WARNING - No viable dags retrieved from /opt/airflow/dags/insert_data_to_oltp.py
[2026-02-20T12:59:44.625+0000] {processor.py:183} INFO - Processing /opt/airflow/dags/insert_data_to_oltp.py took 0.074 seconds
[2026-02-20T13:00:15.040+0000] {processor.py:161} INFO - Started process (PID=10333) to work on /opt/airflow/dags/insert_data_to_oltp.py
[2026-02-20T13:00:15.041+0000] {processor.py:830} INFO - Processing file /opt/airflow/dags/insert_data_to_oltp.py for tasks to queue
[2026-02-20T13:00:15.043+0000] {logging_mixin.py:188} INFO - [2026-02-20T13:00:15.042+0000] {dagbag.py:545} INFO - Filling up the DagBag from /opt/airflow/dags/insert_data_to_oltp.py
[2026-02-20T13:00:15.065+0000] {logging_mixin.py:188} INFO - [2026-02-20T13:00:15.059+0000] {dagbag.py:355} ERROR - Failed to import: /opt/airflow/dags/insert_data_to_oltp.py
Traceback (most recent call last):
  File "/home/airflow/.local/lib/python3.12/site-packages/airflow/models/dagbag.py", line 351, in parse
    loader.exec_module(new_module)
  File "<frozen importlib._bootstrap_external>", line 995, in exec_module
  File "<frozen importlib._bootstrap>", line 488, in _call_with_frames_removed
  File "/opt/airflow/dags/insert_data_to_oltp.py", line 5, in <module>
    from faker import Faker
ModuleNotFoundError: No module named 'faker'
[2026-02-20T13:00:15.068+0000] {processor.py:842} WARNING - No viable dags retrieved from /opt/airflow/dags/insert_data_to_oltp.py
[2026-02-20T13:00:15.102+0000] {processor.py:183} INFO - Processing /opt/airflow/dags/insert_data_to_oltp.py took 0.069 seconds
[2026-02-20T13:00:45.342+0000] {processor.py:161} INFO - Started process (PID=10358) to work on /opt/airflow/dags/insert_data_to_oltp.py
[2026-02-20T13:00:45.345+0000] {processor.py:830} INFO - Processing file /opt/airflow/dags/insert_data_to_oltp.py for tasks to queue
[2026-02-20T13:00:45.348+0000] {logging_mixin.py:188} INFO - [2026-02-20T13:00:45.347+0000] {dagbag.py:545} INFO - Filling up the DagBag from /opt/airflow/dags/insert_data_to_oltp.py
[2026-02-20T13:00:45.431+0000] {logging_mixin.py:188} INFO - [2026-02-20T13:00:45.418+0000] {dagbag.py:355} ERROR - Failed to import: /opt/airflow/dags/insert_data_to_oltp.py
Traceback (most recent call last):
  File "/home/airflow/.local/lib/python3.12/site-packages/airflow/models/dagbag.py", line 351, in parse
    loader.exec_module(new_module)
  File "<frozen importlib._bootstrap_external>", line 995, in exec_module
  File "<frozen importlib._bootstrap>", line 488, in _call_with_frames_removed
  File "/opt/airflow/dags/insert_data_to_oltp.py", line 5, in <module>
    from faker import Faker
ModuleNotFoundError: No module named 'faker'
[2026-02-20T13:00:45.438+0000] {processor.py:842} WARNING - No viable dags retrieved from /opt/airflow/dags/insert_data_to_oltp.py
[2026-02-20T13:00:45.486+0000] {processor.py:183} INFO - Processing /opt/airflow/dags/insert_data_to_oltp.py took 0.161 seconds
[2026-02-20T13:01:15.721+0000] {processor.py:161} INFO - Started process (PID=10390) to work on /opt/airflow/dags/insert_data_to_oltp.py
[2026-02-20T13:01:15.723+0000] {processor.py:830} INFO - Processing file /opt/airflow/dags/insert_data_to_oltp.py for tasks to queue
[2026-02-20T13:01:15.726+0000] {logging_mixin.py:188} INFO - [2026-02-20T13:01:15.725+0000] {dagbag.py:545} INFO - Filling up the DagBag from /opt/airflow/dags/insert_data_to_oltp.py
[2026-02-20T13:01:15.765+0000] {logging_mixin.py:188} INFO - [2026-02-20T13:01:15.758+0000] {dagbag.py:355} ERROR - Failed to import: /opt/airflow/dags/insert_data_to_oltp.py
Traceback (most recent call last):
  File "/home/airflow/.local/lib/python3.12/site-packages/airflow/models/dagbag.py", line 351, in parse
    loader.exec_module(new_module)
  File "<frozen importlib._bootstrap_external>", line 995, in exec_module
  File "<frozen importlib._bootstrap>", line 488, in _call_with_frames_removed
  File "/opt/airflow/dags/insert_data_to_oltp.py", line 5, in <module>
    from faker import Faker
ModuleNotFoundError: No module named 'faker'
[2026-02-20T13:01:15.768+0000] {processor.py:842} WARNING - No viable dags retrieved from /opt/airflow/dags/insert_data_to_oltp.py
[2026-02-20T13:01:15.802+0000] {processor.py:183} INFO - Processing /opt/airflow/dags/insert_data_to_oltp.py took 0.089 seconds
[2026-02-20T13:01:46.808+0000] {processor.py:161} INFO - Started process (PID=10414) to work on /opt/airflow/dags/insert_data_to_oltp.py
[2026-02-20T13:01:46.810+0000] {processor.py:830} INFO - Processing file /opt/airflow/dags/insert_data_to_oltp.py for tasks to queue
[2026-02-20T13:01:46.812+0000] {logging_mixin.py:188} INFO - [2026-02-20T13:01:46.811+0000] {dagbag.py:545} INFO - Filling up the DagBag from /opt/airflow/dags/insert_data_to_oltp.py
[2026-02-20T13:01:46.858+0000] {logging_mixin.py:188} INFO - [2026-02-20T13:01:46.848+0000] {dagbag.py:355} ERROR - Failed to import: /opt/airflow/dags/insert_data_to_oltp.py
Traceback (most recent call last):
  File "/home/airflow/.local/lib/python3.12/site-packages/airflow/models/dagbag.py", line 351, in parse
    loader.exec_module(new_module)
  File "<frozen importlib._bootstrap_external>", line 995, in exec_module
  File "<frozen importlib._bootstrap>", line 488, in _call_with_frames_removed
  File "/opt/airflow/dags/insert_data_to_oltp.py", line 5, in <module>
    from faker import Faker
ModuleNotFoundError: No module named 'faker'
[2026-02-20T13:01:46.862+0000] {processor.py:842} WARNING - No viable dags retrieved from /opt/airflow/dags/insert_data_to_oltp.py
[2026-02-20T13:01:46.203+0000] {processor.py:183} INFO - Processing /opt/airflow/dags/insert_data_to_oltp.py took 0.103 seconds
[2026-02-20T13:02:17.091+0000] {processor.py:161} INFO - Started process (PID=10444) to work on /opt/airflow/dags/insert_data_to_oltp.py
[2026-02-20T13:02:17.093+0000] {processor.py:830} INFO - Processing file /opt/airflow/dags/insert_data_to_oltp.py for tasks to queue
[2026-02-20T13:02:17.094+0000] {logging_mixin.py:188} INFO - [2026-02-20T13:02:17.094+0000] {dagbag.py:545} INFO - Filling up the DagBag from /opt/airflow/dags/insert_data_to_oltp.py
[2026-02-20T13:02:17.126+0000] {logging_mixin.py:188} INFO - [2026-02-20T13:02:17.121+0000] {dagbag.py:355} ERROR - Failed to import: /opt/airflow/dags/insert_data_to_oltp.py
Traceback (most recent call last):
  File "/home/airflow/.local/lib/python3.12/site-packages/airflow/models/dagbag.py", line 351, in parse
    loader.exec_module(new_module)
  File "<frozen importlib._bootstrap_external>", line 995, in exec_module
  File "<frozen importlib._bootstrap>", line 488, in _call_with_frames_removed
  File "/opt/airflow/dags/insert_data_to_oltp.py", line 5, in <module>
    from faker import Faker
ModuleNotFoundError: No module named 'faker'
[2026-02-20T13:02:17.128+0000] {processor.py:842} WARNING - No viable dags retrieved from /opt/airflow/dags/insert_data_to_oltp.py
[2026-02-20T13:02:17.154+0000] {processor.py:183} INFO - Processing /opt/airflow/dags/insert_data_to_oltp.py took 0.071 seconds
[2026-02-20T13:02:47.632+0000] {processor.py:161} INFO - Started process (PID=10469) to work on /opt/airflow/dags/insert_data_to_oltp.py
[2026-02-20T13:02:47.633+0000] {processor.py:830} INFO - Processing file /opt/airflow/dags/insert_data_to_oltp.py for tasks to queue
[2026-02-20T13:02:47.635+0000] {logging_mixin.py:188} INFO - [2026-02-20T13:02:47.634+0000] {dagbag.py:545} INFO - Filling up the DagBag from /opt/airflow/dags/insert_data_to_oltp.py
[2026-02-20T13:02:47.654+0000] {logging_mixin.py:188} INFO - [2026-02-20T13:02:47.649+0000] {dagbag.py:355} ERROR - Failed to import: /opt/airflow/dags/insert_data_to_oltp.py
Traceback (most recent call last):
  File "/home/airflow/.local/lib/python3.12/site-packages/airflow/models/dagbag.py", line 351, in parse
    loader.exec_module(new_module)
  File "<frozen importlib._bootstrap_external>", line 995, in exec_module
  File "<frozen importlib._bootstrap>", line 488, in _call_with_frames_removed
  File "/opt/airflow/dags/insert_data_to_oltp.py", line 5, in <module>
    from faker import Faker
ModuleNotFoundError: No module named 'faker'
[2026-02-20T13:02:47.657+0000] {processor.py:842} WARNING - No viable dags retrieved from /opt/airflow/dags/insert_data_to_oltp.py
[2026-02-20T13:02:47.684+0000] {processor.py:183} INFO - Processing /opt/airflow/dags/insert_data_to_oltp.py took 0.059 seconds
[2026-02-20T13:03:17.988+0000] {processor.py:161} INFO - Started process (PID=10501) to work on /opt/airflow/dags/insert_data_to_oltp.py
[2026-02-20T13:03:17.993+0000] {processor.py:830} INFO - Processing file /opt/airflow/dags/insert_data_to_oltp.py for tasks to queue
[2026-02-20T13:03:17.995+0000] {logging_mixin.py:188} INFO - [2026-02-20T13:03:17.994+0000] {dagbag.py:545} INFO - Filling up the DagBag from /opt/airflow/dags/insert_data_to_oltp.py
[2026-02-20T13:03:18.024+0000] {logging_mixin.py:188} INFO - [2026-02-20T13:03:18.019+0000] {dagbag.py:355} ERROR - Failed to import: /opt/airflow/dags/insert_data_to_oltp.py
Traceback (most recent call last):
  File "/home/airflow/.local/lib/python3.12/site-packages/airflow/models/dagbag.py", line 351, in parse
    loader.exec_module(new_module)
  File "<frozen importlib._bootstrap_external>", line 995, in exec_module
  File "<frozen importlib._bootstrap>", line 488, in _call_with_frames_removed
  File "/opt/airflow/dags/insert_data_to_oltp.py", line 5, in <module>
    from faker import Faker
ModuleNotFoundError: No module named 'faker'
[2026-02-20T13:03:18.026+0000] {processor.py:842} WARNING - No viable dags retrieved from /opt/airflow/dags/insert_data_to_oltp.py
[2026-02-20T13:03:18.055+0000] {processor.py:183} INFO - Processing /opt/airflow/dags/insert_data_to_oltp.py took 0.074 seconds
[2026-02-20T13:03:48.469+0000] {processor.py:161} INFO - Started process (PID=10525) to work on /opt/airflow/dags/insert_data_to_oltp.py
[2026-02-20T13:03:48.471+0000] {processor.py:830} INFO - Processing file /opt/airflow/dags/insert_data_to_oltp.py for tasks to queue
[2026-02-20T13:03:48.473+0000] {logging_mixin.py:188} INFO - [2026-02-20T13:03:48.472+0000] {dagbag.py:545} INFO - Filling up the DagBag from /opt/airflow/dags/insert_data_to_oltp.py
[2026-02-20T13:03:48.506+0000] {logging_mixin.py:188} INFO - [2026-02-20T13:03:48.500+0000] {dagbag.py:355} ERROR - Failed to import: /opt/airflow/dags/insert_data_to_oltp.py
Traceback (most recent call last):
  File "/home/airflow/.local/lib/python3.12/site-packages/airflow/models/dagbag.py", line 351, in parse
    loader.exec_module(new_module)
  File "<frozen importlib._bootstrap_external>", line 995, in exec_module
  File "<frozen importlib._bootstrap>", line 488, in _call_with_frames_removed
  File "/opt/airflow/dags/insert_data_to_oltp.py", line 5, in <module>
    from faker import Faker
ModuleNotFoundError: No module named 'faker'
[2026-02-20T13:03:48.509+0000] {processor.py:842} WARNING - No viable dags retrieved from /opt/airflow/dags/insert_data_to_oltp.py
[2026-02-20T13:03:48.538+0000] {processor.py:183} INFO - Processing /opt/airflow/dags/insert_data_to_oltp.py took 0.076 seconds
[2026-02-20T13:04:18.966+0000] {processor.py:161} INFO - Started process (PID=10557) to work on /opt/airflow/dags/insert_data_to_oltp.py
[2026-02-20T13:04:18.969+0000] {processor.py:830} INFO - Processing file /opt/airflow/dags/insert_data_to_oltp.py for tasks to queue
[2026-02-20T13:04:18.971+0000] {logging_mixin.py:188} INFO - [2026-02-20T13:04:18.970+0000] {dagbag.py:545} INFO - Filling up the DagBag from /opt/airflow/dags/insert_data_to_oltp.py
[2026-02-20T13:04:19.009+0000] {logging_mixin.py:188} INFO - [2026-02-20T13:04:19.001+0000] {dagbag.py:355} ERROR - Failed to import: /opt/airflow/dags/insert_data_to_oltp.py
Traceback (most recent call last):
  File "/home/airflow/.local/lib/python3.12/site-packages/airflow/models/dagbag.py", line 351, in parse
    loader.exec_module(new_module)
  File "<frozen importlib._bootstrap_external>", line 995, in exec_module
  File "<frozen importlib._bootstrap>", line 488, in _call_with_frames_removed
  File "/opt/airflow/dags/insert_data_to_oltp.py", line 5, in <module>
    from faker import Faker
ModuleNotFoundError: No module named 'faker'
[2026-02-20T13:04:19.013+0000] {processor.py:842} WARNING - No viable dags retrieved from /opt/airflow/dags/insert_data_to_oltp.py
[2026-02-20T13:04:19.069+0000] {processor.py:183} INFO - Processing /opt/airflow/dags/insert_data_to_oltp.py took 0.114 seconds
[2026-02-20T13:04:49.361+0000] {processor.py:161} INFO - Started process (PID=10584) to work on /opt/airflow/dags/insert_data_to_oltp.py
[2026-02-20T13:04:49.362+0000] {processor.py:830} INFO - Processing file /opt/airflow/dags/insert_data_to_oltp.py for tasks to queue
[2026-02-20T13:04:49.364+0000] {logging_mixin.py:188} INFO - [2026-02-20T13:04:49.363+0000] {dagbag.py:545} INFO - Filling up the DagBag from /opt/airflow/dags/insert_data_to_oltp.py
[2026-02-20T13:04:49.396+0000] {logging_mixin.py:188} INFO - [2026-02-20T13:04:49.390+0000] {dagbag.py:355} ERROR - Failed to import: /opt/airflow/dags/insert_data_to_oltp.py
Traceback (most recent call last):
  File "/home/airflow/.local/lib/python3.12/site-packages/airflow/models/dagbag.py", line 351, in parse
    loader.exec_module(new_module)
  File "<frozen importlib._bootstrap_external>", line 995, in exec_module
  File "<frozen importlib._bootstrap>", line 488, in _call_with_frames_removed
  File "/opt/airflow/dags/insert_data_to_oltp.py", line 5, in <module>
    from faker import Faker
ModuleNotFoundError: No module named 'faker'
[2026-02-20T13:04:49.399+0000] {processor.py:842} WARNING - No viable dags retrieved from /opt/airflow/dags/insert_data_to_oltp.py
[2026-02-20T13:04:49.425+0000] {processor.py:183} INFO - Processing /opt/airflow/dags/insert_data_to_oltp.py took 0.071 seconds
[2026-02-20T13:05:20.012+0000] {processor.py:161} INFO - Started process (PID=10609) to work on /opt/airflow/dags/insert_data_to_oltp.py
[2026-02-20T13:05:20.014+0000] {processor.py:830} INFO - Processing file /opt/airflow/dags/insert_data_to_oltp.py for tasks to queue
[2026-02-20T13:05:20.016+0000] {logging_mixin.py:188} INFO - [2026-02-20T13:05:20.016+0000] {dagbag.py:545} INFO - Filling up the DagBag from /opt/airflow/dags/insert_data_to_oltp.py
[2026-02-20T13:05:20.055+0000] {logging_mixin.py:188} INFO - [2026-02-20T13:05:20.047+0000] {dagbag.py:355} ERROR - Failed to import: /opt/airflow/dags/insert_data_to_oltp.py
Traceback (most recent call last):
  File "/home/airflow/.local/lib/python3.12/site-packages/airflow/models/dagbag.py", line 351, in parse
    loader.exec_module(new_module)
  File "<frozen importlib._bootstrap_external>", line 995, in exec_module
  File "<frozen importlib._bootstrap>", line 488, in _call_with_frames_removed
  File "/opt/airflow/dags/insert_data_to_oltp.py", line 5, in <module>
    from faker import Faker
ModuleNotFoundError: No module named 'faker'
[2026-02-20T13:05:20.059+0000] {processor.py:842} WARNING - No viable dags retrieved from /opt/airflow/dags/insert_data_to_oltp.py
[2026-02-20T13:05:20.098+0000] {processor.py:183} INFO - Processing /opt/airflow/dags/insert_data_to_oltp.py took 0.095 seconds
[2026-02-20T13:05:50.387+0000] {processor.py:161} INFO - Started process (PID=10641) to work on /opt/airflow/dags/insert_data_to_oltp.py
[2026-02-20T13:05:50.389+0000] {processor.py:830} INFO - Processing file /opt/airflow/dags/insert_data_to_oltp.py for tasks to queue
[2026-02-20T13:05:50.390+0000] {logging_mixin.py:188} INFO - [2026-02-20T13:05:50.390+0000] {dagbag.py:545} INFO - Filling up the DagBag from /opt/airflow/dags/insert_data_to_oltp.py
[2026-02-20T13:05:50.427+0000] {logging_mixin.py:188} INFO - [2026-02-20T13:05:50.420+0000] {dagbag.py:355} ERROR - Failed to import: /opt/airflow/dags/insert_data_to_oltp.py
Traceback (most recent call last):
  File "/home/airflow/.local/lib/python3.12/site-packages/airflow/models/dagbag.py", line 351, in parse
    loader.exec_module(new_module)
  File "<frozen importlib._bootstrap_external>", line 995, in exec_module
  File "<frozen importlib._bootstrap>", line 488, in _call_with_frames_removed
  File "/opt/airflow/dags/insert_data_to_oltp.py", line 5, in <module>
    from faker import Faker
ModuleNotFoundError: No module named 'faker'
[2026-02-20T13:05:50.430+0000] {processor.py:842} WARNING - No viable dags retrieved from /opt/airflow/dags/insert_data_to_oltp.py
[2026-02-20T13:05:50.461+0000] {processor.py:183} INFO - Processing /opt/airflow/dags/insert_data_to_oltp.py took 0.081 seconds
[2026-02-20T13:06:20.624+0000] {processor.py:161} INFO - Started process (PID=10666) to work on /opt/airflow/dags/insert_data_to_oltp.py
[2026-02-20T13:06:20.626+0000] {processor.py:830} INFO - Processing file /opt/airflow/dags/insert_data_to_oltp.py for tasks to queue
[2026-02-20T13:06:20.627+0000] {logging_mixin.py:188} INFO - [2026-02-20T13:06:20.627+0000] {dagbag.py:545} INFO - Filling up the DagBag from /opt/airflow/dags/insert_data_to_oltp.py
[2026-02-20T13:06:20.662+0000] {logging_mixin.py:188} INFO - [2026-02-20T13:06:20.652+0000] {dagbag.py:355} ERROR - Failed to import: /opt/airflow/dags/insert_data_to_oltp.py
Traceback (most recent call last):
  File "/home/airflow/.local/lib/python3.12/site-packages/airflow/models/dagbag.py", line 351, in parse
    loader.exec_module(new_module)
  File "<frozen importlib._bootstrap_external>", line 995, in exec_module
  File "<frozen importlib._bootstrap>", line 488, in _call_with_frames_removed
  File "/opt/airflow/dags/insert_data_to_oltp.py", line 5, in <module>
    from faker import Faker
ModuleNotFoundError: No module named 'faker'
[2026-02-20T13:06:20.664+0000] {processor.py:842} WARNING - No viable dags retrieved from /opt/airflow/dags/insert_data_to_oltp.py
[2026-02-20T13:06:20.701+0000] {processor.py:183} INFO - Processing /opt/airflow/dags/insert_data_to_oltp.py took 0.086 seconds
[2026-02-20T13:06:51.508+0000] {processor.py:161} INFO - Started process (PID=10697) to work on /opt/airflow/dags/insert_data_to_oltp.py
[2026-02-20T13:06:51.511+0000] {processor.py:830} INFO - Processing file /opt/airflow/dags/insert_data_to_oltp.py for tasks to queue
[2026-02-20T13:06:51.513+0000] {logging_mixin.py:188} INFO - [2026-02-20T13:06:51.513+0000] {dagbag.py:545} INFO - Filling up the DagBag from /opt/airflow/dags/insert_data_to_oltp.py
[2026-02-20T13:06:51.549+0000] {logging_mixin.py:188} INFO - [2026-02-20T13:06:51.542+0000] {dagbag.py:355} ERROR - Failed to import: /opt/airflow/dags/insert_data_to_oltp.py
Traceback (most recent call last):
  File "/home/airflow/.local/lib/python3.12/site-packages/airflow/models/dagbag.py", line 351, in parse
    loader.exec_module(new_module)
  File "<frozen importlib._bootstrap_external>", line 995, in exec_module
  File "<frozen importlib._bootstrap>", line 488, in _call_with_frames_removed
  File "/opt/airflow/dags/insert_data_to_oltp.py", line 5, in <module>
    from faker import Faker
ModuleNotFoundError: No module named 'faker'
[2026-02-20T13:06:51.551+0000] {processor.py:842} WARNING - No viable dags retrieved from /opt/airflow/dags/insert_data_to_oltp.py
[2026-02-20T13:06:51.577+0000] {processor.py:183} INFO - Processing /opt/airflow/dags/insert_data_to_oltp.py took 0.083 seconds
[2026-02-20T13:07:22.060+0000] {processor.py:161} INFO - Started process (PID=10722) to work on /opt/airflow/dags/insert_data_to_oltp.py
[2026-02-20T13:07:22.065+0000] {processor.py:830} INFO - Processing file /opt/airflow/dags/insert_data_to_oltp.py for tasks to queue
[2026-02-20T13:07:22.067+0000] {logging_mixin.py:188} INFO - [2026-02-20T13:07:22.066+0000] {dagbag.py:545} INFO - Filling up the DagBag from /opt/airflow/dags/insert_data_to_oltp.py
[2026-02-20T13:07:22.136+0000] {logging_mixin.py:188} INFO - [2026-02-20T13:07:22.124+0000] {dagbag.py:355} ERROR - Failed to import: /opt/airflow/dags/insert_data_to_oltp.py
Traceback (most recent call last):
  File "/home/airflow/.local/lib/python3.12/site-packages/airflow/models/dagbag.py", line 351, in parse
    loader.exec_module(new_module)
  File "<frozen importlib._bootstrap_external>", line 995, in exec_module
  File "<frozen importlib._bootstrap>", line 488, in _call_with_frames_removed
  File "/opt/airflow/dags/insert_data_to_oltp.py", line 5, in <module>
    from faker import Faker
ModuleNotFoundError: No module named 'faker'
[2026-02-20T13:07:22.140+0000] {processor.py:842} WARNING - No viable dags retrieved from /opt/airflow/dags/insert_data_to_oltp.py
[2026-02-20T13:07:22.193+0000] {processor.py:183} INFO - Processing /opt/airflow/dags/insert_data_to_oltp.py took 0.151 seconds
[2026-02-20T13:07:52.625+0000] {processor.py:161} INFO - Started process (PID=10755) to work on /opt/airflow/dags/insert_data_to_oltp.py
[2026-02-20T13:07:52.627+0000] {processor.py:830} INFO - Processing file /opt/airflow/dags/insert_data_to_oltp.py for tasks to queue
[2026-02-20T13:07:52.629+0000] {logging_mixin.py:188} INFO - [2026-02-20T13:07:52.628+0000] {dagbag.py:545} INFO - Filling up the DagBag from /opt/airflow/dags/insert_data_to_oltp.py
[2026-02-20T13:07:52.666+0000] {logging_mixin.py:188} INFO - [2026-02-20T13:07:52.658+0000] {dagbag.py:355} ERROR - Failed to import: /opt/airflow/dags/insert_data_to_oltp.py
Traceback (most recent call last):
  File "/home/airflow/.local/lib/python3.12/site-packages/airflow/models/dagbag.py", line 351, in parse
    loader.exec_module(new_module)
  File "<frozen importlib._bootstrap_external>", line 995, in exec_module
  File "<frozen importlib._bootstrap>", line 488, in _call_with_frames_removed
  File "/opt/airflow/dags/insert_data_to_oltp.py", line 5, in <module>
    from faker import Faker
ModuleNotFoundError: No module named 'faker'
[2026-02-20T13:07:52.669+0000] {processor.py:842} WARNING - No viable dags retrieved from /opt/airflow/dags/insert_data_to_oltp.py
[2026-02-20T13:07:52.704+0000] {processor.py:183} INFO - Processing /opt/airflow/dags/insert_data_to_oltp.py took 0.086 seconds
[2026-02-20T13:08:23.188+0000] {processor.py:161} INFO - Started process (PID=10780) to work on /opt/airflow/dags/insert_data_to_oltp.py
[2026-02-20T13:08:23.190+0000] {processor.py:830} INFO - Processing file /opt/airflow/dags/insert_data_to_oltp.py for tasks to queue
[2026-02-20T13:08:23.191+0000] {logging_mixin.py:188} INFO - [2026-02-20T13:08:23.191+0000] {dagbag.py:545} INFO - Filling up the DagBag from /opt/airflow/dags/insert_data_to_oltp.py
[2026-02-20T13:08:23.226+0000] {logging_mixin.py:188} INFO - [2026-02-20T13:08:23.220+0000] {dagbag.py:355} ERROR - Failed to import: /opt/airflow/dags/insert_data_to_oltp.py
Traceback (most recent call last):
  File "/home/airflow/.local/lib/python3.12/site-packages/airflow/models/dagbag.py", line 351, in parse
    loader.exec_module(new_module)
  File "<frozen importlib._bootstrap_external>", line 995, in exec_module
  File "<frozen importlib._bootstrap>", line 488, in _call_with_frames_removed
  File "/opt/airflow/dags/insert_data_to_oltp.py", line 5, in <module>
    from faker import Faker
ModuleNotFoundError: No module named 'faker'
[2026-02-20T13:08:23.228+0000] {processor.py:842} WARNING - No viable dags retrieved from /opt/airflow/dags/insert_data_to_oltp.py
[2026-02-20T13:08:23.256+0000] {processor.py:183} INFO - Processing /opt/airflow/dags/insert_data_to_oltp.py took 0.078 seconds
[2026-02-20T13:08:53.537+0000] {processor.py:161} INFO - Started process (PID=10804) to work on /opt/airflow/dags/insert_data_to_oltp.py
[2026-02-20T13:08:53.538+0000] {processor.py:830} INFO - Processing file /opt/airflow/dags/insert_data_to_oltp.py for tasks to queue
[2026-02-20T13:08:53.539+0000] {logging_mixin.py:188} INFO - [2026-02-20T13:08:53.539+0000] {dagbag.py:545} INFO - Filling up the DagBag from /opt/airflow/dags/insert_data_to_oltp.py
[2026-02-20T13:08:53.567+0000] {logging_mixin.py:188} INFO - [2026-02-20T13:08:53.563+0000] {dagbag.py:355} ERROR - Failed to import: /opt/airflow/dags/insert_data_to_oltp.py
Traceback (most recent call last):
  File "/home/airflow/.local/lib/python3.12/site-packages/airflow/models/dagbag.py", line 351, in parse
    loader.exec_module(new_module)
  File "<frozen importlib._bootstrap_external>", line 995, in exec_module
  File "<frozen importlib._bootstrap>", line 488, in _call_with_frames_removed
  File "/opt/airflow/dags/insert_data_to_oltp.py", line 5, in <module>
    from faker import Faker
ModuleNotFoundError: No module named 'faker'
[2026-02-20T13:08:53.570+0000] {processor.py:842} WARNING - No viable dags retrieved from /opt/airflow/dags/insert_data_to_oltp.py
[2026-02-20T13:08:53.596+0000] {processor.py:183} INFO - Processing /opt/airflow/dags/insert_data_to_oltp.py took 0.067 seconds
[2026-02-20T13:09:23.949+0000] {processor.py:161} INFO - Started process (PID=10836) to work on /opt/airflow/dags/insert_data_to_oltp.py
[2026-02-20T13:09:23.954+0000] {processor.py:830} INFO - Processing file /opt/airflow/dags/insert_data_to_oltp.py for tasks to queue
[2026-02-20T13:09:23.956+0000] {logging_mixin.py:188} INFO - [2026-02-20T13:09:23.956+0000] {dagbag.py:545} INFO - Filling up the DagBag from /opt/airflow/dags/insert_data_to_oltp.py
[2026-02-20T13:09:24.000+0000] {logging_mixin.py:188} INFO - [2026-02-20T13:09:23.993+0000] {dagbag.py:355} ERROR - Failed to import: /opt/airflow/dags/insert_data_to_oltp.py
Traceback (most recent call last):
  File "/home/airflow/.local/lib/python3.12/site-packages/airflow/models/dagbag.py", line 351, in parse
    loader.exec_module(new_module)
  File "<frozen importlib._bootstrap_external>", line 995, in exec_module
  File "<frozen importlib._bootstrap>", line 488, in _call_with_frames_removed
  File "/opt/airflow/dags/insert_data_to_oltp.py", line 5, in <module>
    from faker import Faker
ModuleNotFoundError: No module named 'faker'
[2026-02-20T13:09:24.003+0000] {processor.py:842} WARNING - No viable dags retrieved from /opt/airflow/dags/insert_data_to_oltp.py
[2026-02-20T13:09:24.033+0000] {processor.py:183} INFO - Processing /opt/airflow/dags/insert_data_to_oltp.py took 0.096 seconds
[2026-02-20T13:09:54.350+0000] {processor.py:161} INFO - Started process (PID=10861) to work on /opt/airflow/dags/insert_data_to_oltp.py
[2026-02-20T13:09:54.352+0000] {processor.py:830} INFO - Processing file /opt/airflow/dags/insert_data_to_oltp.py for tasks to queue
[2026-02-20T13:09:54.353+0000] {logging_mixin.py:188} INFO - [2026-02-20T13:09:54.353+0000] {dagbag.py:545} INFO - Filling up the DagBag from /opt/airflow/dags/insert_data_to_oltp.py
[2026-02-20T13:09:54.388+0000] {logging_mixin.py:188} INFO - [2026-02-20T13:09:54.383+0000] {dagbag.py:355} ERROR - Failed to import: /opt/airflow/dags/insert_data_to_oltp.py
Traceback (most recent call last):
  File "/home/airflow/.local/lib/python3.12/site-packages/airflow/models/dagbag.py", line 351, in parse
    loader.exec_module(new_module)
  File "<frozen importlib._bootstrap_external>", line 995, in exec_module
  File "<frozen importlib._bootstrap>", line 488, in _call_with_frames_removed
  File "/opt/airflow/dags/insert_data_to_oltp.py", line 5, in <module>
    from faker import Faker
ModuleNotFoundError: No module named 'faker'
[2026-02-20T13:09:54.390+0000] {processor.py:842} WARNING - No viable dags retrieved from /opt/airflow/dags/insert_data_to_oltp.py
[2026-02-20T13:09:54.419+0000] {processor.py:183} INFO - Processing /opt/airflow/dags/insert_data_to_oltp.py took 0.076 seconds
[2026-02-20T13:10:25.033+0000] {processor.py:161} INFO - Started process (PID=10894) to work on /opt/airflow/dags/insert_data_to_oltp.py
[2026-02-20T13:10:25.034+0000] {processor.py:830} INFO - Processing file /opt/airflow/dags/insert_data_to_oltp.py for tasks to queue
[2026-02-20T13:10:25.036+0000] {logging_mixin.py:188} INFO - [2026-02-20T13:10:25.036+0000] {dagbag.py:545} INFO - Filling up the DagBag from /opt/airflow/dags/insert_data_to_oltp.py
[2026-02-20T13:10:25.078+0000] {logging_mixin.py:188} INFO - [2026-02-20T13:10:25.067+0000] {dagbag.py:355} ERROR - Failed to import: /opt/airflow/dags/insert_data_to_oltp.py
Traceback (most recent call last):
  File "/home/airflow/.local/lib/python3.12/site-packages/airflow/models/dagbag.py", line 351, in parse
    loader.exec_module(new_module)
  File "<frozen importlib._bootstrap_external>", line 995, in exec_module
  File "<frozen importlib._bootstrap>", line 488, in _call_with_frames_removed
  File "/opt/airflow/dags/insert_data_to_oltp.py", line 5, in <module>
    from faker import Faker
ModuleNotFoundError: No module named 'faker'
[2026-02-20T13:10:25.082+0000] {processor.py:842} WARNING - No viable dags retrieved from /opt/airflow/dags/insert_data_to_oltp.py
[2026-02-20T13:10:25.119+0000] {processor.py:183} INFO - Processing /opt/airflow/dags/insert_data_to_oltp.py took 0.103 seconds
[2026-02-20T13:10:55.278+0000] {processor.py:161} INFO - Started process (PID=10920) to work on /opt/airflow/dags/insert_data_to_oltp.py
[2026-02-20T13:10:55.284+0000] {processor.py:830} INFO - Processing file /opt/airflow/dags/insert_data_to_oltp.py for tasks to queue
[2026-02-20T13:10:55.288+0000] {logging_mixin.py:188} INFO - [2026-02-20T13:10:55.285+0000] {dagbag.py:545} INFO - Filling up the DagBag from /opt/airflow/dags/insert_data_to_oltp.py
[2026-02-20T13:10:55.325+0000] {logging_mixin.py:188} INFO - [2026-02-20T13:10:55.319+0000] {dagbag.py:355} ERROR - Failed to import: /opt/airflow/dags/insert_data_to_oltp.py
Traceback (most recent call last):
  File "/home/airflow/.local/lib/python3.12/site-packages/airflow/models/dagbag.py", line 351, in parse
    loader.exec_module(new_module)
  File "<frozen importlib._bootstrap_external>", line 995, in exec_module
  File "<frozen importlib._bootstrap>", line 488, in _call_with_frames_removed
  File "/opt/airflow/dags/insert_data_to_oltp.py", line 5, in <module>
    from faker import Faker
ModuleNotFoundError: No module named 'faker'
[2026-02-20T13:10:55.327+0000] {processor.py:842} WARNING - No viable dags retrieved from /opt/airflow/dags/insert_data_to_oltp.py
[2026-02-20T13:10:55.353+0000] {processor.py:183} INFO - Processing /opt/airflow/dags/insert_data_to_oltp.py took 0.120 seconds
[2026-02-20T13:11:08.448+0000] {processor.py:161} INFO - Started process (PID=10932) to work on /opt/airflow/dags/insert_data_to_oltp.py
[2026-02-20T13:11:08.450+0000] {processor.py:830} INFO - Processing file /opt/airflow/dags/insert_data_to_oltp.py for tasks to queue
[2026-02-20T13:11:08.452+0000] {logging_mixin.py:188} INFO - [2026-02-20T13:11:08.451+0000] {dagbag.py:545} INFO - Filling up the DagBag from /opt/airflow/dags/insert_data_to_oltp.py
[2026-02-20T13:11:08.551+0000] {logging_mixin.py:188} INFO - [2026-02-20T13:11:08.541+0000] {dagbag.py:355} ERROR - Failed to import: /opt/airflow/dags/insert_data_to_oltp.py
Traceback (most recent call last):
  File "/home/airflow/.local/lib/python3.12/site-packages/airflow/models/dagbag.py", line 351, in parse
    loader.exec_module(new_module)
  File "<frozen importlib._bootstrap_external>", line 995, in exec_module
  File "<frozen importlib._bootstrap>", line 488, in _call_with_frames_removed
  File "/opt/airflow/dags/insert_data_to_oltp.py", line 5, in <module>
    from faker import Faker
ModuleNotFoundError: No module named 'faker'
[2026-02-20T13:11:08.555+0000] {processor.py:842} WARNING - No viable dags retrieved from /opt/airflow/dags/insert_data_to_oltp.py
[2026-02-20T13:11:08.592+0000] {processor.py:183} INFO - Processing /opt/airflow/dags/insert_data_to_oltp.py took 0.159 seconds
[2026-02-20T13:11:38.979+0000] {processor.py:161} INFO - Started process (PID=10963) to work on /opt/airflow/dags/insert_data_to_oltp.py
[2026-02-20T13:11:38.982+0000] {processor.py:830} INFO - Processing file /opt/airflow/dags/insert_data_to_oltp.py for tasks to queue
[2026-02-20T13:11:38.986+0000] {logging_mixin.py:188} INFO - [2026-02-20T13:11:38.985+0000] {dagbag.py:545} INFO - Filling up the DagBag from /opt/airflow/dags/insert_data_to_oltp.py
[2026-02-20T13:11:39.063+0000] {logging_mixin.py:188} INFO - [2026-02-20T13:11:39.030+0000] {dagbag.py:355} ERROR - Failed to import: /opt/airflow/dags/insert_data_to_oltp.py
Traceback (most recent call last):
  File "/home/airflow/.local/lib/python3.12/site-packages/airflow/models/dagbag.py", line 351, in parse
    loader.exec_module(new_module)
  File "<frozen importlib._bootstrap_external>", line 995, in exec_module
  File "<frozen importlib._bootstrap>", line 488, in _call_with_frames_removed
  File "/opt/airflow/dags/insert_data_to_oltp.py", line 5, in <module>
    from faker import Faker
ModuleNotFoundError: No module named 'faker'
[2026-02-20T13:11:39.068+0000] {processor.py:842} WARNING - No viable dags retrieved from /opt/airflow/dags/insert_data_to_oltp.py
[2026-02-20T13:11:39.112+0000] {processor.py:183} INFO - Processing /opt/airflow/dags/insert_data_to_oltp.py took 0.143 seconds
[2026-02-20T13:12:09.285+0000] {processor.py:161} INFO - Started process (PID=10988) to work on /opt/airflow/dags/insert_data_to_oltp.py
[2026-02-20T13:12:09.287+0000] {processor.py:830} INFO - Processing file /opt/airflow/dags/insert_data_to_oltp.py for tasks to queue
[2026-02-20T13:12:09.289+0000] {logging_mixin.py:188} INFO - [2026-02-20T13:12:09.288+0000] {dagbag.py:545} INFO - Filling up the DagBag from /opt/airflow/dags/insert_data_to_oltp.py
[2026-02-20T13:12:09.337+0000] {logging_mixin.py:188} INFO - [2026-02-20T13:12:09.329+0000] {dagbag.py:355} ERROR - Failed to import: /opt/airflow/dags/insert_data_to_oltp.py
Traceback (most recent call last):
  File "/home/airflow/.local/lib/python3.12/site-packages/airflow/models/dagbag.py", line 351, in parse
    loader.exec_module(new_module)
  File "<frozen importlib._bootstrap_external>", line 995, in exec_module
  File "<frozen importlib._bootstrap>", line 488, in _call_with_frames_removed
  File "/opt/airflow/dags/insert_data_to_oltp.py", line 5, in <module>
    from faker import Faker
ModuleNotFoundError: No module named 'faker'
[2026-02-20T13:12:09.340+0000] {processor.py:842} WARNING - No viable dags retrieved from /opt/airflow/dags/insert_data_to_oltp.py
[2026-02-20T13:12:09.376+0000] {processor.py:183} INFO - Processing /opt/airflow/dags/insert_data_to_oltp.py took 0.100 seconds
[2026-02-20T13:12:40.879+0000] {processor.py:161} INFO - Started process (PID=11020) to work on /opt/airflow/dags/insert_data_to_oltp.py
[2026-02-20T13:12:40.890+0000] {processor.py:830} INFO - Processing file /opt/airflow/dags/insert_data_to_oltp.py for tasks to queue
[2026-02-20T13:12:40.905+0000] {logging_mixin.py:188} INFO - [2026-02-20T13:12:40.903+0000] {dagbag.py:545} INFO - Filling up the DagBag from /opt/airflow/dags/insert_data_to_oltp.py
[2026-02-20T13:12:41.529+0000] {logging_mixin.py:188} INFO - [2026-02-20T13:12:41.429+0000] {dagbag.py:355} ERROR - Failed to import: /opt/airflow/dags/insert_data_to_oltp.py
Traceback (most recent call last):
  File "/home/airflow/.local/lib/python3.12/site-packages/airflow/models/dagbag.py", line 351, in parse
    loader.exec_module(new_module)
  File "<frozen importlib._bootstrap_external>", line 995, in exec_module
  File "<frozen importlib._bootstrap>", line 488, in _call_with_frames_removed
  File "/opt/airflow/dags/insert_data_to_oltp.py", line 5, in <module>
    from faker import Faker
ModuleNotFoundError: No module named 'faker'
[2026-02-20T13:12:40.871+0000] {processor.py:842} WARNING - No viable dags retrieved from /opt/airflow/dags/insert_data_to_oltp.py
[2026-02-20T13:12:40.915+0000] {processor.py:183} INFO - Processing /opt/airflow/dags/insert_data_to_oltp.py took 0.739 seconds
[2026-02-20T13:13:11.404+0000] {processor.py:161} INFO - Started process (PID=11045) to work on /opt/airflow/dags/insert_data_to_oltp.py
[2026-02-20T13:13:11.406+0000] {processor.py:830} INFO - Processing file /opt/airflow/dags/insert_data_to_oltp.py for tasks to queue
[2026-02-20T13:13:11.407+0000] {logging_mixin.py:188} INFO - [2026-02-20T13:13:11.407+0000] {dagbag.py:545} INFO - Filling up the DagBag from /opt/airflow/dags/insert_data_to_oltp.py
[2026-02-20T13:13:11.434+0000] {logging_mixin.py:188} INFO - [2026-02-20T13:13:11.428+0000] {dagbag.py:355} ERROR - Failed to import: /opt/airflow/dags/insert_data_to_oltp.py
Traceback (most recent call last):
  File "/home/airflow/.local/lib/python3.12/site-packages/airflow/models/dagbag.py", line 351, in parse
    loader.exec_module(new_module)
  File "<frozen importlib._bootstrap_external>", line 995, in exec_module
  File "<frozen importlib._bootstrap>", line 488, in _call_with_frames_removed
  File "/opt/airflow/dags/insert_data_to_oltp.py", line 5, in <module>
    from faker import Faker
ModuleNotFoundError: No module named 'faker'
[2026-02-20T13:13:11.439+0000] {processor.py:842} WARNING - No viable dags retrieved from /opt/airflow/dags/insert_data_to_oltp.py
[2026-02-20T13:13:11.470+0000] {processor.py:183} INFO - Processing /opt/airflow/dags/insert_data_to_oltp.py took 0.075 seconds
[2026-02-20T13:13:41.870+0000] {processor.py:161} INFO - Started process (PID=11077) to work on /opt/airflow/dags/insert_data_to_oltp.py
[2026-02-20T13:13:41.871+0000] {processor.py:830} INFO - Processing file /opt/airflow/dags/insert_data_to_oltp.py for tasks to queue
[2026-02-20T13:13:41.873+0000] {logging_mixin.py:188} INFO - [2026-02-20T13:13:41.872+0000] {dagbag.py:545} INFO - Filling up the DagBag from /opt/airflow/dags/insert_data_to_oltp.py
[2026-02-20T13:13:41.907+0000] {logging_mixin.py:188} INFO - [2026-02-20T13:13:41.900+0000] {dagbag.py:355} ERROR - Failed to import: /opt/airflow/dags/insert_data_to_oltp.py
Traceback (most recent call last):
  File "/home/airflow/.local/lib/python3.12/site-packages/airflow/models/dagbag.py", line 351, in parse
    loader.exec_module(new_module)
  File "<frozen importlib._bootstrap_external>", line 995, in exec_module
  File "<frozen importlib._bootstrap>", line 488, in _call_with_frames_removed
  File "/opt/airflow/dags/insert_data_to_oltp.py", line 5, in <module>
    from faker import Faker
ModuleNotFoundError: No module named 'faker'
[2026-02-20T13:13:41.911+0000] {processor.py:842} WARNING - No viable dags retrieved from /opt/airflow/dags/insert_data_to_oltp.py
[2026-02-20T13:13:41.941+0000] {processor.py:183} INFO - Processing /opt/airflow/dags/insert_data_to_oltp.py took 0.079 seconds
[2026-02-20T13:14:12.474+0000] {processor.py:161} INFO - Started process (PID=11103) to work on /opt/airflow/dags/insert_data_to_oltp.py
[2026-02-20T13:14:12.475+0000] {processor.py:830} INFO - Processing file /opt/airflow/dags/insert_data_to_oltp.py for tasks to queue
[2026-02-20T13:14:12.477+0000] {logging_mixin.py:188} INFO - [2026-02-20T13:14:12.476+0000] {dagbag.py:545} INFO - Filling up the DagBag from /opt/airflow/dags/insert_data_to_oltp.py
[2026-02-20T13:14:12.514+0000] {logging_mixin.py:188} INFO - [2026-02-20T13:14:12.502+0000] {dagbag.py:355} ERROR - Failed to import: /opt/airflow/dags/insert_data_to_oltp.py
Traceback (most recent call last):
  File "/home/airflow/.local/lib/python3.12/site-packages/airflow/models/dagbag.py", line 351, in parse
    loader.exec_module(new_module)
  File "<frozen importlib._bootstrap_external>", line 995, in exec_module
  File "<frozen importlib._bootstrap>", line 488, in _call_with_frames_removed
  File "/opt/airflow/dags/insert_data_to_oltp.py", line 5, in <module>
    from faker import Faker
ModuleNotFoundError: No module named 'faker'
[2026-02-20T13:14:12.520+0000] {processor.py:842} WARNING - No viable dags retrieved from /opt/airflow/dags/insert_data_to_oltp.py
[2026-02-20T13:14:12.571+0000] {processor.py:183} INFO - Processing /opt/airflow/dags/insert_data_to_oltp.py took 0.107 seconds
[2026-02-20T13:15:03.908+0000] {processor.py:161} INFO - Started process (PID=193) to work on /opt/airflow/dags/insert_data_to_oltp.py
[2026-02-20T13:15:03.921+0000] {processor.py:830} INFO - Processing file /opt/airflow/dags/insert_data_to_oltp.py for tasks to queue
[2026-02-20T13:15:03.946+0000] {logging_mixin.py:188} INFO - [2026-02-20T13:15:03.943+0000] {dagbag.py:545} INFO - Filling up the DagBag from /opt/airflow/dags/insert_data_to_oltp.py
[2026-02-20T13:15:07.729+0000] {processor.py:840} INFO - DAG(s) 'generator_oltp_data_weekly' retrieved from /opt/airflow/dags/insert_data_to_oltp.py
[2026-02-20T13:15:08.886+0000] {logging_mixin.py:188} INFO - [2026-02-20T13:15:08.885+0000] {override.py:1858} INFO - Created Permission View: can edit on DAG:generator_oltp_data_weekly
[2026-02-20T13:15:08.908+0000] {logging_mixin.py:188} INFO - [2026-02-20T13:15:08.907+0000] {override.py:1858} INFO - Created Permission View: can delete on DAG:generator_oltp_data_weekly
[2026-02-20T13:15:08.926+0000] {logging_mixin.py:188} INFO - [2026-02-20T13:15:08.925+0000] {override.py:1858} INFO - Created Permission View: can read on DAG:generator_oltp_data_weekly
[2026-02-20T13:15:08.928+0000] {logging_mixin.py:188} INFO - [2026-02-20T13:15:08.927+0000] {dag.py:3089} INFO - Sync 1 DAGs
[2026-02-20T13:15:08.950+0000] {logging_mixin.py:188} INFO - [2026-02-20T13:15:08.949+0000] {dag.py:3111} INFO - Creating ORM DAG for generator_oltp_data_weekly
[2026-02-20T13:15:08.967+0000] {logging_mixin.py:188} INFO - [2026-02-20T13:15:08.967+0000] {dag.py:3947} INFO - Setting next_dagrun for generator_oltp_data_weekly to 2025-01-05 00:00:00+00:00, run_after=2025-01-12 00:00:00+00:00
[2026-02-20T13:15:09.026+0000] {processor.py:183} INFO - Processing /opt/airflow/dags/insert_data_to_oltp.py took 5.182 seconds
[2026-02-20T13:15:39.192+0000] {processor.py:161} INFO - Started process (PID=228) to work on /opt/airflow/dags/insert_data_to_oltp.py
[2026-02-20T13:15:39.194+0000] {processor.py:830} INFO - Processing file /opt/airflow/dags/insert_data_to_oltp.py for tasks to queue
[2026-02-20T13:15:39.198+0000] {logging_mixin.py:188} INFO - [2026-02-20T13:15:39.197+0000] {dagbag.py:545} INFO - Filling up the DagBag from /opt/airflow/dags/insert_data_to_oltp.py
[2026-02-20T13:15:41.923+0000] {processor.py:840} INFO - DAG(s) 'generator_oltp_data_weekly' retrieved from /opt/airflow/dags/insert_data_to_oltp.py
[2026-02-20T13:15:41.949+0000] {logging_mixin.py:188} INFO - [2026-02-20T13:15:41.948+0000] {dag.py:3089} INFO - Sync 1 DAGs
[2026-02-20T13:15:41.973+0000] {logging_mixin.py:188} INFO - [2026-02-20T13:15:41.973+0000] {dag.py:3947} INFO - Setting next_dagrun for generator_oltp_data_weekly to 2025-01-05 00:00:00+00:00, run_after=2025-01-12 00:00:00+00:00
[2026-02-20T13:15:41.996+0000] {processor.py:183} INFO - Processing /opt/airflow/dags/insert_data_to_oltp.py took 2.834 seconds
[2026-02-20T13:16:12.685+0000] {processor.py:161} INFO - Started process (PID=252) to work on /opt/airflow/dags/insert_data_to_oltp.py
[2026-02-20T13:16:12.688+0000] {processor.py:830} INFO - Processing file /opt/airflow/dags/insert_data_to_oltp.py for tasks to queue
[2026-02-20T13:16:12.694+0000] {logging_mixin.py:188} INFO - [2026-02-20T13:16:12.693+0000] {dagbag.py:545} INFO - Filling up the DagBag from /opt/airflow/dags/insert_data_to_oltp.py
[2026-02-20T13:16:13.430+0000] {processor.py:840} INFO - DAG(s) 'generator_oltp_data_weekly' retrieved from /opt/airflow/dags/insert_data_to_oltp.py
[2026-02-20T13:16:13.456+0000] {logging_mixin.py:188} INFO - [2026-02-20T13:16:13.455+0000] {dag.py:3089} INFO - Sync 1 DAGs
[2026-02-20T13:16:13.482+0000] {logging_mixin.py:188} INFO - [2026-02-20T13:16:13.481+0000] {dag.py:3947} INFO - Setting next_dagrun for generator_oltp_data_weekly to 2025-01-05 00:00:00+00:00, run_after=2025-01-12 00:00:00+00:00
[2026-02-20T13:16:13.508+0000] {processor.py:183} INFO - Processing /opt/airflow/dags/insert_data_to_oltp.py took 0.833 seconds
[2026-02-20T13:16:44.269+0000] {processor.py:161} INFO - Started process (PID=285) to work on /opt/airflow/dags/insert_data_to_oltp.py
[2026-02-20T13:16:44.271+0000] {processor.py:830} INFO - Processing file /opt/airflow/dags/insert_data_to_oltp.py for tasks to queue
[2026-02-20T13:16:44.275+0000] {logging_mixin.py:188} INFO - [2026-02-20T13:16:44.274+0000] {dagbag.py:545} INFO - Filling up the DagBag from /opt/airflow/dags/insert_data_to_oltp.py
[2026-02-20T13:16:44.935+0000] {processor.py:840} INFO - DAG(s) 'generator_oltp_data_weekly' retrieved from /opt/airflow/dags/insert_data_to_oltp.py
[2026-02-20T13:16:44.977+0000] {logging_mixin.py:188} INFO - [2026-02-20T13:16:44.976+0000] {dag.py:3089} INFO - Sync 1 DAGs
[2026-02-20T13:16:45.008+0000] {logging_mixin.py:188} INFO - [2026-02-20T13:16:45.008+0000] {dag.py:3947} INFO - Setting next_dagrun for generator_oltp_data_weekly to 2025-01-05 00:00:00+00:00, run_after=2025-01-12 00:00:00+00:00
[2026-02-20T13:16:45.035+0000] {processor.py:183} INFO - Processing /opt/airflow/dags/insert_data_to_oltp.py took 0.777 seconds
[2026-02-20T13:17:16.078+0000] {processor.py:161} INFO - Started process (PID=311) to work on /opt/airflow/dags/insert_data_to_oltp.py
[2026-02-20T13:17:16.080+0000] {processor.py:830} INFO - Processing file /opt/airflow/dags/insert_data_to_oltp.py for tasks to queue
[2026-02-20T13:17:16.083+0000] {logging_mixin.py:188} INFO - [2026-02-20T13:17:16.083+0000] {dagbag.py:545} INFO - Filling up the DagBag from /opt/airflow/dags/insert_data_to_oltp.py
[2026-02-20T13:17:16.802+0000] {processor.py:840} INFO - DAG(s) 'generator_oltp_data_weekly' retrieved from /opt/airflow/dags/insert_data_to_oltp.py
[2026-02-20T13:17:16.825+0000] {logging_mixin.py:188} INFO - [2026-02-20T13:17:16.825+0000] {dag.py:3089} INFO - Sync 1 DAGs
[2026-02-20T13:17:16.845+0000] {logging_mixin.py:188} INFO - [2026-02-20T13:17:16.845+0000] {dag.py:3947} INFO - Setting next_dagrun for generator_oltp_data_weekly to 2025-01-05 00:00:00+00:00, run_after=2025-01-12 00:00:00+00:00
[2026-02-20T13:17:16.868+0000] {processor.py:183} INFO - Processing /opt/airflow/dags/insert_data_to_oltp.py took 0.803 seconds
[2026-02-20T13:17:47.584+0000] {processor.py:161} INFO - Started process (PID=345) to work on /opt/airflow/dags/insert_data_to_oltp.py
[2026-02-20T13:17:47.586+0000] {processor.py:830} INFO - Processing file /opt/airflow/dags/insert_data_to_oltp.py for tasks to queue
[2026-02-20T13:17:47.589+0000] {logging_mixin.py:188} INFO - [2026-02-20T13:17:47.588+0000] {dagbag.py:545} INFO - Filling up the DagBag from /opt/airflow/dags/insert_data_to_oltp.py
[2026-02-20T13:17:48.337+0000] {processor.py:840} INFO - DAG(s) 'generator_oltp_data_weekly' retrieved from /opt/airflow/dags/insert_data_to_oltp.py
[2026-02-20T13:17:48.361+0000] {logging_mixin.py:188} INFO - [2026-02-20T13:17:48.360+0000] {dag.py:3089} INFO - Sync 1 DAGs
[2026-02-20T13:17:48.383+0000] {logging_mixin.py:188} INFO - [2026-02-20T13:17:48.383+0000] {dag.py:3947} INFO - Setting next_dagrun for generator_oltp_data_weekly to 2025-01-05 00:00:00+00:00, run_after=2025-01-12 00:00:00+00:00
[2026-02-20T13:17:48.404+0000] {processor.py:183} INFO - Processing /opt/airflow/dags/insert_data_to_oltp.py took 0.828 seconds
[2026-02-20T13:18:19.079+0000] {processor.py:161} INFO - Started process (PID=371) to work on /opt/airflow/dags/insert_data_to_oltp.py
[2026-02-20T13:18:19.081+0000] {processor.py:830} INFO - Processing file /opt/airflow/dags/insert_data_to_oltp.py for tasks to queue
[2026-02-20T13:18:19.084+0000] {logging_mixin.py:188} INFO - [2026-02-20T13:18:19.083+0000] {dagbag.py:545} INFO - Filling up the DagBag from /opt/airflow/dags/insert_data_to_oltp.py
[2026-02-20T13:18:19.775+0000] {processor.py:840} INFO - DAG(s) 'generator_oltp_data_weekly' retrieved from /opt/airflow/dags/insert_data_to_oltp.py
[2026-02-20T13:18:19.804+0000] {logging_mixin.py:188} INFO - [2026-02-20T13:18:19.803+0000] {dag.py:3089} INFO - Sync 1 DAGs
[2026-02-20T13:18:19.831+0000] {logging_mixin.py:188} INFO - [2026-02-20T13:18:19.831+0000] {dag.py:3947} INFO - Setting next_dagrun for generator_oltp_data_weekly to 2025-01-05 00:00:00+00:00, run_after=2025-01-12 00:00:00+00:00
[2026-02-20T13:18:19.861+0000] {processor.py:183} INFO - Processing /opt/airflow/dags/insert_data_to_oltp.py took 0.791 seconds
[2026-02-20T13:18:50.689+0000] {processor.py:161} INFO - Started process (PID=403) to work on /opt/airflow/dags/insert_data_to_oltp.py
[2026-02-20T13:18:50.691+0000] {processor.py:830} INFO - Processing file /opt/airflow/dags/insert_data_to_oltp.py for tasks to queue
[2026-02-20T13:18:50.695+0000] {logging_mixin.py:188} INFO - [2026-02-20T13:18:50.695+0000] {dagbag.py:545} INFO - Filling up the DagBag from /opt/airflow/dags/insert_data_to_oltp.py
[2026-02-20T13:18:51.440+0000] {processor.py:840} INFO - DAG(s) 'generator_oltp_data_weekly' retrieved from /opt/airflow/dags/insert_data_to_oltp.py
[2026-02-20T13:18:51.469+0000] {logging_mixin.py:188} INFO - [2026-02-20T13:18:51.469+0000] {dag.py:3089} INFO - Sync 1 DAGs
[2026-02-20T13:18:51.493+0000] {logging_mixin.py:188} INFO - [2026-02-20T13:18:51.492+0000] {dag.py:3947} INFO - Setting next_dagrun for generator_oltp_data_weekly to 2025-01-05 00:00:00+00:00, run_after=2025-01-12 00:00:00+00:00
[2026-02-20T13:18:51.516+0000] {processor.py:183} INFO - Processing /opt/airflow/dags/insert_data_to_oltp.py took 0.834 seconds
[2026-02-20T13:19:21.651+0000] {processor.py:161} INFO - Started process (PID=429) to work on /opt/airflow/dags/insert_data_to_oltp.py
[2026-02-20T13:19:21.653+0000] {processor.py:830} INFO - Processing file /opt/airflow/dags/insert_data_to_oltp.py for tasks to queue
[2026-02-20T13:19:21.656+0000] {logging_mixin.py:188} INFO - [2026-02-20T13:19:21.655+0000] {dagbag.py:545} INFO - Filling up the DagBag from /opt/airflow/dags/insert_data_to_oltp.py
[2026-02-20T13:19:22.411+0000] {processor.py:840} INFO - DAG(s) 'generator_oltp_data_weekly' retrieved from /opt/airflow/dags/insert_data_to_oltp.py
[2026-02-20T13:19:22.455+0000] {logging_mixin.py:188} INFO - [2026-02-20T13:19:22.455+0000] {dag.py:3089} INFO - Sync 1 DAGs
[2026-02-20T13:19:22.480+0000] {logging_mixin.py:188} INFO - [2026-02-20T13:19:22.480+0000] {dag.py:3947} INFO - Setting next_dagrun for generator_oltp_data_weekly to 2025-01-05 00:00:00+00:00, run_after=2025-01-12 00:00:00+00:00
[2026-02-20T13:19:22.517+0000] {processor.py:183} INFO - Processing /opt/airflow/dags/insert_data_to_oltp.py took 0.882 seconds
[2026-02-20T13:19:53.848+0000] {processor.py:161} INFO - Started process (PID=462) to work on /opt/airflow/dags/insert_data_to_oltp.py
[2026-02-20T13:19:53.862+0000] {processor.py:830} INFO - Processing file /opt/airflow/dags/insert_data_to_oltp.py for tasks to queue
[2026-02-20T13:19:53.873+0000] {logging_mixin.py:188} INFO - [2026-02-20T13:19:53.872+0000] {dagbag.py:545} INFO - Filling up the DagBag from /opt/airflow/dags/insert_data_to_oltp.py
[2026-02-20T13:19:54.855+0000] {processor.py:840} INFO - DAG(s) 'generator_oltp_data_weekly' retrieved from /opt/airflow/dags/insert_data_to_oltp.py
[2026-02-20T13:19:54.891+0000] {logging_mixin.py:188} INFO - [2026-02-20T13:19:54.891+0000] {dag.py:3089} INFO - Sync 1 DAGs
[2026-02-20T13:19:54.927+0000] {logging_mixin.py:188} INFO - [2026-02-20T13:19:54.926+0000] {dag.py:3947} INFO - Setting next_dagrun for generator_oltp_data_weekly to 2025-01-05 00:00:00+00:00, run_after=2025-01-12 00:00:00+00:00
[2026-02-20T13:19:54.956+0000] {processor.py:183} INFO - Processing /opt/airflow/dags/insert_data_to_oltp.py took 1.120 seconds
[2026-02-20T13:20:25.100+0000] {processor.py:161} INFO - Started process (PID=495) to work on /opt/airflow/dags/insert_data_to_oltp.py
[2026-02-20T13:20:25.101+0000] {processor.py:830} INFO - Processing file /opt/airflow/dags/insert_data_to_oltp.py for tasks to queue
[2026-02-20T13:20:25.104+0000] {logging_mixin.py:188} INFO - [2026-02-20T13:20:25.103+0000] {dagbag.py:545} INFO - Filling up the DagBag from /opt/airflow/dags/insert_data_to_oltp.py
[2026-02-20T13:20:25.681+0000] {processor.py:840} INFO - DAG(s) 'generator_oltp_data_weekly' retrieved from /opt/airflow/dags/insert_data_to_oltp.py
[2026-02-20T13:20:25.705+0000] {logging_mixin.py:188} INFO - [2026-02-20T13:20:25.704+0000] {dag.py:3089} INFO - Sync 1 DAGs
[2026-02-20T13:20:25.725+0000] {logging_mixin.py:188} INFO - [2026-02-20T13:20:25.725+0000] {dag.py:3947} INFO - Setting next_dagrun for generator_oltp_data_weekly to 2025-01-05 00:00:00+00:00, run_after=2025-01-12 00:00:00+00:00
[2026-02-20T13:20:25.748+0000] {processor.py:183} INFO - Processing /opt/airflow/dags/insert_data_to_oltp.py took 0.656 seconds
[2026-02-20T13:20:56.496+0000] {processor.py:161} INFO - Started process (PID=520) to work on /opt/airflow/dags/insert_data_to_oltp.py
[2026-02-20T13:20:56.498+0000] {processor.py:830} INFO - Processing file /opt/airflow/dags/insert_data_to_oltp.py for tasks to queue
[2026-02-20T13:20:56.501+0000] {logging_mixin.py:188} INFO - [2026-02-20T13:20:56.501+0000] {dagbag.py:545} INFO - Filling up the DagBag from /opt/airflow/dags/insert_data_to_oltp.py
[2026-02-20T13:20:57.249+0000] {processor.py:840} INFO - DAG(s) 'generator_oltp_data_weekly' retrieved from /opt/airflow/dags/insert_data_to_oltp.py
[2026-02-20T13:20:57.274+0000] {logging_mixin.py:188} INFO - [2026-02-20T13:20:57.274+0000] {dag.py:3089} INFO - Sync 1 DAGs
[2026-02-20T13:20:57.298+0000] {logging_mixin.py:188} INFO - [2026-02-20T13:20:57.297+0000] {dag.py:3947} INFO - Setting next_dagrun for generator_oltp_data_weekly to 2025-01-05 00:00:00+00:00, run_after=2025-01-12 00:00:00+00:00
[2026-02-20T13:20:57.322+0000] {processor.py:183} INFO - Processing /opt/airflow/dags/insert_data_to_oltp.py took 0.834 seconds
[2026-02-20T13:21:27.447+0000] {processor.py:161} INFO - Started process (PID=553) to work on /opt/airflow/dags/insert_data_to_oltp.py
[2026-02-20T13:21:27.449+0000] {processor.py:830} INFO - Processing file /opt/airflow/dags/insert_data_to_oltp.py for tasks to queue
[2026-02-20T13:21:27.451+0000] {logging_mixin.py:188} INFO - [2026-02-20T13:21:27.451+0000] {dagbag.py:545} INFO - Filling up the DagBag from /opt/airflow/dags/insert_data_to_oltp.py
[2026-02-20T13:21:28.195+0000] {processor.py:840} INFO - DAG(s) 'generator_oltp_data_weekly' retrieved from /opt/airflow/dags/insert_data_to_oltp.py
[2026-02-20T13:21:28.238+0000] {logging_mixin.py:188} INFO - [2026-02-20T13:21:28.238+0000] {dag.py:3089} INFO - Sync 1 DAGs
[2026-02-20T13:21:28.291+0000] {logging_mixin.py:188} INFO - [2026-02-20T13:21:28.290+0000] {dag.py:3947} INFO - Setting next_dagrun for generator_oltp_data_weekly to 2025-01-05 00:00:00+00:00, run_after=2025-01-12 00:00:00+00:00
[2026-02-20T13:21:28.346+0000] {processor.py:183} INFO - Processing /opt/airflow/dags/insert_data_to_oltp.py took 0.909 seconds
[2026-02-20T13:21:59.025+0000] {processor.py:161} INFO - Started process (PID=580) to work on /opt/airflow/dags/insert_data_to_oltp.py
[2026-02-20T13:21:59.027+0000] {processor.py:830} INFO - Processing file /opt/airflow/dags/insert_data_to_oltp.py for tasks to queue
[2026-02-20T13:21:59.031+0000] {logging_mixin.py:188} INFO - [2026-02-20T13:21:59.030+0000] {dagbag.py:545} INFO - Filling up the DagBag from /opt/airflow/dags/insert_data_to_oltp.py
[2026-02-20T13:21:59.667+0000] {processor.py:840} INFO - DAG(s) 'generator_oltp_data_weekly' retrieved from /opt/airflow/dags/insert_data_to_oltp.py
[2026-02-20T13:21:59.697+0000] {logging_mixin.py:188} INFO - [2026-02-20T13:21:59.696+0000] {dag.py:3089} INFO - Sync 1 DAGs
[2026-02-20T13:21:59.722+0000] {logging_mixin.py:188} INFO - [2026-02-20T13:21:59.722+0000] {dag.py:3947} INFO - Setting next_dagrun for generator_oltp_data_weekly to 2025-01-05 00:00:00+00:00, run_after=2025-01-12 00:00:00+00:00
[2026-02-20T13:21:59.748+0000] {processor.py:183} INFO - Processing /opt/airflow/dags/insert_data_to_oltp.py took 0.734 seconds
[2026-02-20T13:22:30.532+0000] {processor.py:161} INFO - Started process (PID=614) to work on /opt/airflow/dags/insert_data_to_oltp.py
[2026-02-20T13:22:30.534+0000] {processor.py:830} INFO - Processing file /opt/airflow/dags/insert_data_to_oltp.py for tasks to queue
[2026-02-20T13:22:30.536+0000] {logging_mixin.py:188} INFO - [2026-02-20T13:22:30.536+0000] {dagbag.py:545} INFO - Filling up the DagBag from /opt/airflow/dags/insert_data_to_oltp.py
[2026-02-20T13:22:31.174+0000] {processor.py:840} INFO - DAG(s) 'generator_oltp_data_weekly' retrieved from /opt/airflow/dags/insert_data_to_oltp.py
[2026-02-20T13:22:31.208+0000] {logging_mixin.py:188} INFO - [2026-02-20T13:22:31.206+0000] {dag.py:3089} INFO - Sync 1 DAGs
[2026-02-20T13:22:31.233+0000] {logging_mixin.py:188} INFO - [2026-02-20T13:22:31.233+0000] {dag.py:3947} INFO - Setting next_dagrun for generator_oltp_data_weekly to 2025-01-05 00:00:00+00:00, run_after=2025-01-12 00:00:00+00:00
[2026-02-20T13:22:31.259+0000] {processor.py:183} INFO - Processing /opt/airflow/dags/insert_data_to_oltp.py took 0.742 seconds
[2026-02-20T13:23:02.132+0000] {processor.py:161} INFO - Started process (PID=642) to work on /opt/airflow/dags/insert_data_to_oltp.py
[2026-02-20T13:23:02.134+0000] {processor.py:830} INFO - Processing file /opt/airflow/dags/insert_data_to_oltp.py for tasks to queue
[2026-02-20T13:23:02.137+0000] {logging_mixin.py:188} INFO - [2026-02-20T13:23:02.136+0000] {dagbag.py:545} INFO - Filling up the DagBag from /opt/airflow/dags/insert_data_to_oltp.py
[2026-02-20T13:23:02.759+0000] {processor.py:840} INFO - DAG(s) 'generator_oltp_data_weekly' retrieved from /opt/airflow/dags/insert_data_to_oltp.py
[2026-02-20T13:23:02.790+0000] {logging_mixin.py:188} INFO - [2026-02-20T13:23:02.789+0000] {dag.py:3089} INFO - Sync 1 DAGs
[2026-02-20T13:23:02.814+0000] {logging_mixin.py:188} INFO - [2026-02-20T13:23:02.814+0000] {dag.py:3947} INFO - Setting next_dagrun for generator_oltp_data_weekly to 2025-01-05 00:00:00+00:00, run_after=2025-01-12 00:00:00+00:00
[2026-02-20T13:23:02.841+0000] {processor.py:183} INFO - Processing /opt/airflow/dags/insert_data_to_oltp.py took 0.717 seconds
[2026-02-20T13:23:33.758+0000] {processor.py:161} INFO - Started process (PID=675) to work on /opt/airflow/dags/insert_data_to_oltp.py
[2026-02-20T13:23:33.760+0000] {processor.py:830} INFO - Processing file /opt/airflow/dags/insert_data_to_oltp.py for tasks to queue
[2026-02-20T13:23:33.763+0000] {logging_mixin.py:188} INFO - [2026-02-20T13:23:33.762+0000] {dagbag.py:545} INFO - Filling up the DagBag from /opt/airflow/dags/insert_data_to_oltp.py
[2026-02-20T13:23:34.390+0000] {processor.py:840} INFO - DAG(s) 'generator_oltp_data_weekly' retrieved from /opt/airflow/dags/insert_data_to_oltp.py
[2026-02-20T13:23:34.417+0000] {logging_mixin.py:188} INFO - [2026-02-20T13:23:34.417+0000] {dag.py:3089} INFO - Sync 1 DAGs
[2026-02-20T13:23:34.440+0000] {logging_mixin.py:188} INFO - [2026-02-20T13:23:34.440+0000] {dag.py:3947} INFO - Setting next_dagrun for generator_oltp_data_weekly to 2025-01-05 00:00:00+00:00, run_after=2025-01-12 00:00:00+00:00
[2026-02-20T13:23:34.465+0000] {processor.py:183} INFO - Processing /opt/airflow/dags/insert_data_to_oltp.py took 0.721 seconds
[2026-02-20T13:24:05.226+0000] {processor.py:161} INFO - Started process (PID=713) to work on /opt/airflow/dags/insert_data_to_oltp.py
[2026-02-20T13:24:05.227+0000] {processor.py:830} INFO - Processing file /opt/airflow/dags/insert_data_to_oltp.py for tasks to queue
[2026-02-20T13:24:05.231+0000] {logging_mixin.py:188} INFO - [2026-02-20T13:24:05.230+0000] {dagbag.py:545} INFO - Filling up the DagBag from /opt/airflow/dags/insert_data_to_oltp.py
[2026-02-20T13:24:05.833+0000] {processor.py:840} INFO - DAG(s) 'generator_oltp_data_weekly' retrieved from /opt/airflow/dags/insert_data_to_oltp.py
[2026-02-20T13:24:05.869+0000] {logging_mixin.py:188} INFO - [2026-02-20T13:24:05.868+0000] {dag.py:3089} INFO - Sync 1 DAGs
[2026-02-20T13:24:05.899+0000] {logging_mixin.py:188} INFO - [2026-02-20T13:24:05.898+0000] {dag.py:3947} INFO - Setting next_dagrun for generator_oltp_data_weekly to 2025-01-05 00:00:00+00:00, run_after=2025-01-12 00:00:00+00:00
[2026-02-20T13:24:05.922+0000] {processor.py:183} INFO - Processing /opt/airflow/dags/insert_data_to_oltp.py took 0.704 seconds
[2026-02-20T13:24:36.066+0000] {processor.py:161} INFO - Started process (PID=736) to work on /opt/airflow/dags/insert_data_to_oltp.py
[2026-02-20T13:24:36.069+0000] {processor.py:830} INFO - Processing file /opt/airflow/dags/insert_data_to_oltp.py for tasks to queue
[2026-02-20T13:24:36.073+0000] {logging_mixin.py:188} INFO - [2026-02-20T13:24:36.072+0000] {dagbag.py:545} INFO - Filling up the DagBag from /opt/airflow/dags/insert_data_to_oltp.py
[2026-02-20T13:24:36.792+0000] {processor.py:840} INFO - DAG(s) 'generator_oltp_data_weekly' retrieved from /opt/airflow/dags/insert_data_to_oltp.py
[2026-02-20T13:24:36.824+0000] {logging_mixin.py:188} INFO - [2026-02-20T13:24:36.823+0000] {dag.py:3089} INFO - Sync 1 DAGs
[2026-02-20T13:24:36.850+0000] {logging_mixin.py:188} INFO - [2026-02-20T13:24:36.849+0000] {dag.py:3947} INFO - Setting next_dagrun for generator_oltp_data_weekly to 2025-01-05 00:00:00+00:00, run_after=2025-01-12 00:00:00+00:00
[2026-02-20T13:24:36.876+0000] {processor.py:183} INFO - Processing /opt/airflow/dags/insert_data_to_oltp.py took 0.824 seconds
[2026-02-20T13:25:08.242+0000] {processor.py:161} INFO - Started process (PID=775) to work on /opt/airflow/dags/insert_data_to_oltp.py
[2026-02-20T13:25:08.252+0000] {processor.py:830} INFO - Processing file /opt/airflow/dags/insert_data_to_oltp.py for tasks to queue
[2026-02-20T13:25:08.261+0000] {logging_mixin.py:188} INFO - [2026-02-20T13:25:08.261+0000] {dagbag.py:545} INFO - Filling up the DagBag from /opt/airflow/dags/insert_data_to_oltp.py
[2026-02-20T13:25:08.991+0000] {processor.py:840} INFO - DAG(s) 'generator_oltp_data_weekly' retrieved from /opt/airflow/dags/insert_data_to_oltp.py
[2026-02-20T13:25:09.020+0000] {logging_mixin.py:188} INFO - [2026-02-20T13:25:09.019+0000] {dag.py:3089} INFO - Sync 1 DAGs
[2026-02-20T13:25:09.075+0000] {processor.py:183} INFO - Processing /opt/airflow/dags/insert_data_to_oltp.py took 0.841 seconds
[2026-02-20T13:25:39.657+0000] {processor.py:161} INFO - Started process (PID=802) to work on /opt/airflow/dags/insert_data_to_oltp.py
[2026-02-20T13:25:39.659+0000] {processor.py:830} INFO - Processing file /opt/airflow/dags/insert_data_to_oltp.py for tasks to queue
[2026-02-20T13:25:39.661+0000] {logging_mixin.py:188} INFO - [2026-02-20T13:25:39.661+0000] {dagbag.py:545} INFO - Filling up the DagBag from /opt/airflow/dags/insert_data_to_oltp.py
[2026-02-20T13:25:40.257+0000] {processor.py:840} INFO - DAG(s) 'generator_oltp_data_weekly' retrieved from /opt/airflow/dags/insert_data_to_oltp.py
[2026-02-20T13:25:40.288+0000] {logging_mixin.py:188} INFO - [2026-02-20T13:25:40.288+0000] {dag.py:3089} INFO - Sync 1 DAGs
[2026-02-20T13:25:40.335+0000] {processor.py:183} INFO - Processing /opt/airflow/dags/insert_data_to_oltp.py took 0.686 seconds
[2026-02-20T13:26:10.586+0000] {processor.py:161} INFO - Started process (PID=828) to work on /opt/airflow/dags/insert_data_to_oltp.py
[2026-02-20T13:26:10.589+0000] {processor.py:830} INFO - Processing file /opt/airflow/dags/insert_data_to_oltp.py for tasks to queue
[2026-02-20T13:26:10.593+0000] {logging_mixin.py:188} INFO - [2026-02-20T13:26:10.592+0000] {dagbag.py:545} INFO - Filling up the DagBag from /opt/airflow/dags/insert_data_to_oltp.py
[2026-02-20T13:26:11.389+0000] {processor.py:840} INFO - DAG(s) 'generator_oltp_data_weekly' retrieved from /opt/airflow/dags/insert_data_to_oltp.py
[2026-02-20T13:26:11.417+0000] {logging_mixin.py:188} INFO - [2026-02-20T13:26:11.417+0000] {dag.py:3089} INFO - Sync 1 DAGs
[2026-02-20T13:26:11.464+0000] {processor.py:183} INFO - Processing /opt/airflow/dags/insert_data_to_oltp.py took 0.886 seconds
[2026-02-20T13:26:42.282+0000] {processor.py:161} INFO - Started process (PID=860) to work on /opt/airflow/dags/insert_data_to_oltp.py
[2026-02-20T13:26:42.284+0000] {processor.py:830} INFO - Processing file /opt/airflow/dags/insert_data_to_oltp.py for tasks to queue
[2026-02-20T13:26:42.297+0000] {logging_mixin.py:188} INFO - [2026-02-20T13:26:42.297+0000] {dagbag.py:545} INFO - Filling up the DagBag from /opt/airflow/dags/insert_data_to_oltp.py
[2026-02-20T13:26:42.957+0000] {processor.py:840} INFO - DAG(s) 'generator_oltp_data_weekly' retrieved from /opt/airflow/dags/insert_data_to_oltp.py
[2026-02-20T13:26:42.984+0000] {logging_mixin.py:188} INFO - [2026-02-20T13:26:42.983+0000] {dag.py:3089} INFO - Sync 1 DAGs
[2026-02-20T13:26:43.031+0000] {processor.py:183} INFO - Processing /opt/airflow/dags/insert_data_to_oltp.py took 0.759 seconds
[2026-02-20T13:27:13.201+0000] {processor.py:161} INFO - Started process (PID=885) to work on /opt/airflow/dags/insert_data_to_oltp.py
[2026-02-20T13:27:13.202+0000] {processor.py:830} INFO - Processing file /opt/airflow/dags/insert_data_to_oltp.py for tasks to queue
[2026-02-20T13:27:13.205+0000] {logging_mixin.py:188} INFO - [2026-02-20T13:27:13.205+0000] {dagbag.py:545} INFO - Filling up the DagBag from /opt/airflow/dags/insert_data_to_oltp.py
[2026-02-20T13:27:13.790+0000] {processor.py:840} INFO - DAG(s) 'generator_oltp_data_weekly' retrieved from /opt/airflow/dags/insert_data_to_oltp.py
[2026-02-20T13:27:13.815+0000] {logging_mixin.py:188} INFO - [2026-02-20T13:27:13.814+0000] {dag.py:3089} INFO - Sync 1 DAGs
[2026-02-20T13:27:13.862+0000] {processor.py:183} INFO - Processing /opt/airflow/dags/insert_data_to_oltp.py took 0.669 seconds
[2026-02-20T13:27:44.368+0000] {processor.py:161} INFO - Started process (PID=919) to work on /opt/airflow/dags/insert_data_to_oltp.py
[2026-02-20T13:27:44.370+0000] {processor.py:830} INFO - Processing file /opt/airflow/dags/insert_data_to_oltp.py for tasks to queue
[2026-02-20T13:27:44.372+0000] {logging_mixin.py:188} INFO - [2026-02-20T13:27:44.372+0000] {dagbag.py:545} INFO - Filling up the DagBag from /opt/airflow/dags/insert_data_to_oltp.py
[2026-02-20T13:27:45.091+0000] {processor.py:840} INFO - DAG(s) 'generator_oltp_data_weekly' retrieved from /opt/airflow/dags/insert_data_to_oltp.py
[2026-02-20T13:27:45.118+0000] {logging_mixin.py:188} INFO - [2026-02-20T13:27:45.117+0000] {dag.py:3089} INFO - Sync 1 DAGs
[2026-02-20T13:27:45.165+0000] {processor.py:183} INFO - Processing /opt/airflow/dags/insert_data_to_oltp.py took 0.806 seconds
[2026-02-20T13:28:15.335+0000] {processor.py:161} INFO - Started process (PID=952) to work on /opt/airflow/dags/insert_data_to_oltp.py
[2026-02-20T13:28:15.337+0000] {processor.py:830} INFO - Processing file /opt/airflow/dags/insert_data_to_oltp.py for tasks to queue
[2026-02-20T13:28:15.339+0000] {logging_mixin.py:188} INFO - [2026-02-20T13:28:15.339+0000] {dagbag.py:545} INFO - Filling up the DagBag from /opt/airflow/dags/insert_data_to_oltp.py
[2026-02-20T13:28:15.971+0000] {processor.py:840} INFO - DAG(s) 'generator_oltp_data_weekly' retrieved from /opt/airflow/dags/insert_data_to_oltp.py
[2026-02-20T13:28:15.997+0000] {logging_mixin.py:188} INFO - [2026-02-20T13:28:15.996+0000] {dag.py:3089} INFO - Sync 1 DAGs
[2026-02-20T13:28:16.059+0000] {processor.py:183} INFO - Processing /opt/airflow/dags/insert_data_to_oltp.py took 0.732 seconds
[2026-02-20T13:28:46.316+0000] {processor.py:161} INFO - Started process (PID=978) to work on /opt/airflow/dags/insert_data_to_oltp.py
[2026-02-20T13:28:46.318+0000] {processor.py:830} INFO - Processing file /opt/airflow/dags/insert_data_to_oltp.py for tasks to queue
[2026-02-20T13:28:46.320+0000] {logging_mixin.py:188} INFO - [2026-02-20T13:28:46.320+0000] {dagbag.py:545} INFO - Filling up the DagBag from /opt/airflow/dags/insert_data_to_oltp.py
[2026-02-20T13:28:47.042+0000] {processor.py:840} INFO - DAG(s) 'generator_oltp_data_weekly' retrieved from /opt/airflow/dags/insert_data_to_oltp.py
[2026-02-20T13:28:47.069+0000] {logging_mixin.py:188} INFO - [2026-02-20T13:28:47.069+0000] {dag.py:3089} INFO - Sync 1 DAGs
[2026-02-20T13:28:47.116+0000] {processor.py:183} INFO - Processing /opt/airflow/dags/insert_data_to_oltp.py took 0.808 seconds
[2026-02-20T13:29:17.877+0000] {processor.py:161} INFO - Started process (PID=1011) to work on /opt/airflow/dags/insert_data_to_oltp.py
[2026-02-20T13:29:17.880+0000] {processor.py:830} INFO - Processing file /opt/airflow/dags/insert_data_to_oltp.py for tasks to queue
[2026-02-20T13:29:17.882+0000] {logging_mixin.py:188} INFO - [2026-02-20T13:29:17.882+0000] {dagbag.py:545} INFO - Filling up the DagBag from /opt/airflow/dags/insert_data_to_oltp.py
[2026-02-20T13:29:18.511+0000] {processor.py:840} INFO - DAG(s) 'generator_oltp_data_weekly' retrieved from /opt/airflow/dags/insert_data_to_oltp.py
[2026-02-20T13:29:18.538+0000] {logging_mixin.py:188} INFO - [2026-02-20T13:29:18.537+0000] {dag.py:3089} INFO - Sync 1 DAGs
[2026-02-20T13:29:18.585+0000] {processor.py:183} INFO - Processing /opt/airflow/dags/insert_data_to_oltp.py took 0.722 seconds
[2026-02-20T13:29:49.411+0000] {processor.py:161} INFO - Started process (PID=1047) to work on /opt/airflow/dags/insert_data_to_oltp.py
[2026-02-20T13:29:49.422+0000] {processor.py:830} INFO - Processing file /opt/airflow/dags/insert_data_to_oltp.py for tasks to queue
[2026-02-20T13:29:49.433+0000] {logging_mixin.py:188} INFO - [2026-02-20T13:29:49.432+0000] {dagbag.py:545} INFO - Filling up the DagBag from /opt/airflow/dags/insert_data_to_oltp.py
[2026-02-20T13:29:50.443+0000] {processor.py:840} INFO - DAG(s) 'generator_oltp_data_weekly' retrieved from /opt/airflow/dags/insert_data_to_oltp.py
[2026-02-20T13:29:50.466+0000] {logging_mixin.py:188} INFO - [2026-02-20T13:29:50.466+0000] {dag.py:3089} INFO - Sync 1 DAGs
[2026-02-20T13:29:50.512+0000] {processor.py:183} INFO - Processing /opt/airflow/dags/insert_data_to_oltp.py took 1.114 seconds
[2026-02-20T13:30:20.869+0000] {processor.py:161} INFO - Started process (PID=1112) to work on /opt/airflow/dags/insert_data_to_oltp.py
[2026-02-20T13:30:20.871+0000] {processor.py:830} INFO - Processing file /opt/airflow/dags/insert_data_to_oltp.py for tasks to queue
[2026-02-20T13:30:20.874+0000] {logging_mixin.py:188} INFO - [2026-02-20T13:30:20.874+0000] {dagbag.py:545} INFO - Filling up the DagBag from /opt/airflow/dags/insert_data_to_oltp.py
[2026-02-20T13:30:21.541+0000] {processor.py:840} INFO - DAG(s) 'generator_oltp_data_weekly' retrieved from /opt/airflow/dags/insert_data_to_oltp.py
[2026-02-20T13:30:21.572+0000] {logging_mixin.py:188} INFO - [2026-02-20T13:30:21.572+0000] {dag.py:3089} INFO - Sync 1 DAGs
[2026-02-20T13:30:21.598+0000] {logging_mixin.py:188} INFO - [2026-02-20T13:30:21.598+0000] {dag.py:3947} INFO - Setting next_dagrun for generator_oltp_data_weekly to 2025-03-30 00:00:00+00:00, run_after=2025-04-06 00:00:00+00:00
[2026-02-20T13:30:21.631+0000] {processor.py:183} INFO - Processing /opt/airflow/dags/insert_data_to_oltp.py took 0.772 seconds
[2026-02-20T13:30:51.740+0000] {processor.py:161} INFO - Started process (PID=1167) to work on /opt/airflow/dags/insert_data_to_oltp.py
[2026-02-20T13:30:51.742+0000] {processor.py:830} INFO - Processing file /opt/airflow/dags/insert_data_to_oltp.py for tasks to queue
[2026-02-20T13:30:51.744+0000] {logging_mixin.py:188} INFO - [2026-02-20T13:30:51.744+0000] {dagbag.py:545} INFO - Filling up the DagBag from /opt/airflow/dags/insert_data_to_oltp.py
[2026-02-20T13:30:52.333+0000] {processor.py:840} INFO - DAG(s) 'generator_oltp_data_weekly' retrieved from /opt/airflow/dags/insert_data_to_oltp.py
[2026-02-20T13:30:52.357+0000] {logging_mixin.py:188} INFO - [2026-02-20T13:30:52.357+0000] {dag.py:3089} INFO - Sync 1 DAGs
[2026-02-20T13:30:52.399+0000] {processor.py:183} INFO - Processing /opt/airflow/dags/insert_data_to_oltp.py took 0.666 seconds
[2026-02-20T13:31:22.515+0000] {processor.py:161} INFO - Started process (PID=1232) to work on /opt/airflow/dags/insert_data_to_oltp.py
[2026-02-20T13:31:22.517+0000] {processor.py:830} INFO - Processing file /opt/airflow/dags/insert_data_to_oltp.py for tasks to queue
[2026-02-20T13:31:22.520+0000] {logging_mixin.py:188} INFO - [2026-02-20T13:31:22.520+0000] {dagbag.py:545} INFO - Filling up the DagBag from /opt/airflow/dags/insert_data_to_oltp.py
[2026-02-20T13:31:23.114+0000] {processor.py:840} INFO - DAG(s) 'generator_oltp_data_weekly' retrieved from /opt/airflow/dags/insert_data_to_oltp.py
[2026-02-20T13:31:23.138+0000] {logging_mixin.py:188} INFO - [2026-02-20T13:31:23.138+0000] {dag.py:3089} INFO - Sync 1 DAGs
[2026-02-20T13:31:23.162+0000] {logging_mixin.py:188} INFO - [2026-02-20T13:31:23.162+0000] {dag.py:3947} INFO - Setting next_dagrun for generator_oltp_data_weekly to 2025-08-24 00:00:00+00:00, run_after=2025-08-31 00:00:00+00:00
[2026-02-20T13:31:23.184+0000] {processor.py:183} INFO - Processing /opt/airflow/dags/insert_data_to_oltp.py took 0.679 seconds
[2026-02-20T13:31:53.959+0000] {processor.py:161} INFO - Started process (PID=1292) to work on /opt/airflow/dags/insert_data_to_oltp.py
[2026-02-20T13:31:53.960+0000] {processor.py:830} INFO - Processing file /opt/airflow/dags/insert_data_to_oltp.py for tasks to queue
[2026-02-20T13:31:53.963+0000] {logging_mixin.py:188} INFO - [2026-02-20T13:31:53.963+0000] {dagbag.py:545} INFO - Filling up the DagBag from /opt/airflow/dags/insert_data_to_oltp.py
[2026-02-20T13:31:54.619+0000] {processor.py:840} INFO - DAG(s) 'generator_oltp_data_weekly' retrieved from /opt/airflow/dags/insert_data_to_oltp.py
[2026-02-20T13:31:54.643+0000] {logging_mixin.py:188} INFO - [2026-02-20T13:31:54.642+0000] {dag.py:3089} INFO - Sync 1 DAGs
[2026-02-20T13:31:54.687+0000] {processor.py:183} INFO - Processing /opt/airflow/dags/insert_data_to_oltp.py took 0.735 seconds
[2026-02-20T13:32:25.266+0000] {processor.py:161} INFO - Started process (PID=1359) to work on /opt/airflow/dags/insert_data_to_oltp.py
[2026-02-20T13:32:25.268+0000] {processor.py:830} INFO - Processing file /opt/airflow/dags/insert_data_to_oltp.py for tasks to queue
[2026-02-20T13:32:25.272+0000] {logging_mixin.py:188} INFO - [2026-02-20T13:32:25.271+0000] {dagbag.py:545} INFO - Filling up the DagBag from /opt/airflow/dags/insert_data_to_oltp.py
[2026-02-20T13:32:25.861+0000] {processor.py:840} INFO - DAG(s) 'generator_oltp_data_weekly' retrieved from /opt/airflow/dags/insert_data_to_oltp.py
[2026-02-20T13:32:25.888+0000] {logging_mixin.py:188} INFO - [2026-02-20T13:32:25.887+0000] {dag.py:3089} INFO - Sync 1 DAGs
[2026-02-20T13:32:25.961+0000] {processor.py:183} INFO - Processing /opt/airflow/dags/insert_data_to_oltp.py took 0.698 seconds
[2026-02-20T13:32:56.062+0000] {processor.py:161} INFO - Started process (PID=1393) to work on /opt/airflow/dags/insert_data_to_oltp.py
[2026-02-20T13:32:56.063+0000] {processor.py:830} INFO - Processing file /opt/airflow/dags/insert_data_to_oltp.py for tasks to queue
[2026-02-20T13:32:56.066+0000] {logging_mixin.py:188} INFO - [2026-02-20T13:32:56.065+0000] {dagbag.py:545} INFO - Filling up the DagBag from /opt/airflow/dags/insert_data_to_oltp.py
[2026-02-20T13:32:56.676+0000] {processor.py:840} INFO - DAG(s) 'generator_oltp_data_weekly' retrieved from /opt/airflow/dags/insert_data_to_oltp.py
[2026-02-20T13:32:56.702+0000] {logging_mixin.py:188} INFO - [2026-02-20T13:32:56.701+0000] {dag.py:3089} INFO - Sync 1 DAGs
[2026-02-20T13:32:56.726+0000] {logging_mixin.py:188} INFO - [2026-02-20T13:32:56.726+0000] {dag.py:3947} INFO - Setting next_dagrun for generator_oltp_data_weekly to 2026-02-15 00:00:00+00:00, run_after=2026-02-22 00:00:00+00:00
[2026-02-20T13:32:56.749+0000] {processor.py:183} INFO - Processing /opt/airflow/dags/insert_data_to_oltp.py took 0.695 seconds
[2026-02-20T13:33:27.258+0000] {processor.py:161} INFO - Started process (PID=1427) to work on /opt/airflow/dags/insert_data_to_oltp.py
[2026-02-20T13:33:27.259+0000] {processor.py:830} INFO - Processing file /opt/airflow/dags/insert_data_to_oltp.py for tasks to queue
[2026-02-20T13:33:27.262+0000] {logging_mixin.py:188} INFO - [2026-02-20T13:33:27.262+0000] {dagbag.py:545} INFO - Filling up the DagBag from /opt/airflow/dags/insert_data_to_oltp.py
[2026-02-20T13:33:27.875+0000] {processor.py:840} INFO - DAG(s) 'generator_oltp_data_weekly' retrieved from /opt/airflow/dags/insert_data_to_oltp.py
[2026-02-20T13:33:27.899+0000] {logging_mixin.py:188} INFO - [2026-02-20T13:33:27.899+0000] {dag.py:3089} INFO - Sync 1 DAGs
[2026-02-20T13:33:27.921+0000] {logging_mixin.py:188} INFO - [2026-02-20T13:33:27.921+0000] {dag.py:3947} INFO - Setting next_dagrun for generator_oltp_data_weekly to 2026-02-15 00:00:00+00:00, run_after=2026-02-22 00:00:00+00:00
[2026-02-20T13:33:27.944+0000] {processor.py:183} INFO - Processing /opt/airflow/dags/insert_data_to_oltp.py took 0.694 seconds
[2026-02-20T13:33:58.386+0000] {processor.py:161} INFO - Started process (PID=1453) to work on /opt/airflow/dags/insert_data_to_oltp.py
[2026-02-20T13:33:58.389+0000] {processor.py:830} INFO - Processing file /opt/airflow/dags/insert_data_to_oltp.py for tasks to queue
[2026-02-20T13:33:58.398+0000] {logging_mixin.py:188} INFO - [2026-02-20T13:33:58.391+0000] {dagbag.py:545} INFO - Filling up the DagBag from /opt/airflow/dags/insert_data_to_oltp.py
[2026-02-20T13:33:58.997+0000] {processor.py:840} INFO - DAG(s) 'generator_oltp_data_weekly' retrieved from /opt/airflow/dags/insert_data_to_oltp.py
[2026-02-20T13:33:59.022+0000] {logging_mixin.py:188} INFO - [2026-02-20T13:33:59.021+0000] {dag.py:3089} INFO - Sync 1 DAGs
[2026-02-20T13:33:59.042+0000] {logging_mixin.py:188} INFO - [2026-02-20T13:33:59.042+0000] {dag.py:3947} INFO - Setting next_dagrun for generator_oltp_data_weekly to 2026-02-15 00:00:00+00:00, run_after=2026-02-22 00:00:00+00:00
[2026-02-20T13:33:59.067+0000] {processor.py:183} INFO - Processing /opt/airflow/dags/insert_data_to_oltp.py took 0.688 seconds
[2026-02-20T13:34:29.330+0000] {processor.py:161} INFO - Started process (PID=1486) to work on /opt/airflow/dags/insert_data_to_oltp.py
[2026-02-20T13:34:29.332+0000] {processor.py:830} INFO - Processing file /opt/airflow/dags/insert_data_to_oltp.py for tasks to queue
[2026-02-20T13:34:29.335+0000] {logging_mixin.py:188} INFO - [2026-02-20T13:34:29.335+0000] {dagbag.py:545} INFO - Filling up the DagBag from /opt/airflow/dags/insert_data_to_oltp.py
[2026-02-20T13:34:29.943+0000] {processor.py:840} INFO - DAG(s) 'generator_oltp_data_weekly' retrieved from /opt/airflow/dags/insert_data_to_oltp.py
[2026-02-20T13:34:29.966+0000] {logging_mixin.py:188} INFO - [2026-02-20T13:34:29.965+0000] {dag.py:3089} INFO - Sync 1 DAGs
[2026-02-20T13:34:29.989+0000] {logging_mixin.py:188} INFO - [2026-02-20T13:34:29.989+0000] {dag.py:3947} INFO - Setting next_dagrun for generator_oltp_data_weekly to 2026-02-15 00:00:00+00:00, run_after=2026-02-22 00:00:00+00:00
[2026-02-20T13:34:30.015+0000] {processor.py:183} INFO - Processing /opt/airflow/dags/insert_data_to_oltp.py took 0.692 seconds
[2026-02-20T13:35:00.470+0000] {processor.py:161} INFO - Started process (PID=1519) to work on /opt/airflow/dags/insert_data_to_oltp.py
[2026-02-20T13:35:00.473+0000] {processor.py:830} INFO - Processing file /opt/airflow/dags/insert_data_to_oltp.py for tasks to queue
[2026-02-20T13:35:00.475+0000] {logging_mixin.py:188} INFO - [2026-02-20T13:35:00.475+0000] {dagbag.py:545} INFO - Filling up the DagBag from /opt/airflow/dags/insert_data_to_oltp.py
[2026-02-20T13:35:01.199+0000] {processor.py:840} INFO - DAG(s) 'generator_oltp_data_weekly' retrieved from /opt/airflow/dags/insert_data_to_oltp.py
[2026-02-20T13:35:01.229+0000] {logging_mixin.py:188} INFO - [2026-02-20T13:35:01.228+0000] {dag.py:3089} INFO - Sync 1 DAGs
[2026-02-20T13:35:01.254+0000] {logging_mixin.py:188} INFO - [2026-02-20T13:35:01.254+0000] {dag.py:3947} INFO - Setting next_dagrun for generator_oltp_data_weekly to 2026-02-15 00:00:00+00:00, run_after=2026-02-22 00:00:00+00:00
[2026-02-20T13:35:01.286+0000] {processor.py:183} INFO - Processing /opt/airflow/dags/insert_data_to_oltp.py took 0.824 seconds
[2026-02-20T13:35:31.364+0000] {processor.py:161} INFO - Started process (PID=1545) to work on /opt/airflow/dags/insert_data_to_oltp.py
[2026-02-20T13:35:31.366+0000] {processor.py:830} INFO - Processing file /opt/airflow/dags/insert_data_to_oltp.py for tasks to queue
[2026-02-20T13:35:31.369+0000] {logging_mixin.py:188} INFO - [2026-02-20T13:35:31.369+0000] {dagbag.py:545} INFO - Filling up the DagBag from /opt/airflow/dags/insert_data_to_oltp.py
[2026-02-20T13:35:32.060+0000] {processor.py:840} INFO - DAG(s) 'generator_oltp_data_weekly' retrieved from /opt/airflow/dags/insert_data_to_oltp.py
[2026-02-20T13:35:32.083+0000] {logging_mixin.py:188} INFO - [2026-02-20T13:35:32.083+0000] {dag.py:3089} INFO - Sync 1 DAGs
[2026-02-20T13:35:32.104+0000] {logging_mixin.py:188} INFO - [2026-02-20T13:35:32.104+0000] {dag.py:3947} INFO - Setting next_dagrun for generator_oltp_data_weekly to 2026-02-15 00:00:00+00:00, run_after=2026-02-22 00:00:00+00:00
[2026-02-20T13:35:32.128+0000] {processor.py:183} INFO - Processing /opt/airflow/dags/insert_data_to_oltp.py took 0.771 seconds
[2026-02-20T13:36:02.548+0000] {processor.py:161} INFO - Started process (PID=1579) to work on /opt/airflow/dags/insert_data_to_oltp.py
[2026-02-20T13:36:02.550+0000] {processor.py:830} INFO - Processing file /opt/airflow/dags/insert_data_to_oltp.py for tasks to queue
[2026-02-20T13:36:02.553+0000] {logging_mixin.py:188} INFO - [2026-02-20T13:36:02.552+0000] {dagbag.py:545} INFO - Filling up the DagBag from /opt/airflow/dags/insert_data_to_oltp.py
[2026-02-20T13:36:03.290+0000] {processor.py:840} INFO - DAG(s) 'generator_oltp_data_weekly' retrieved from /opt/airflow/dags/insert_data_to_oltp.py
[2026-02-20T13:36:03.318+0000] {logging_mixin.py:188} INFO - [2026-02-20T13:36:03.317+0000] {dag.py:3089} INFO - Sync 1 DAGs
[2026-02-20T13:36:03.344+0000] {logging_mixin.py:188} INFO - [2026-02-20T13:36:03.344+0000] {dag.py:3947} INFO - Setting next_dagrun for generator_oltp_data_weekly to 2026-02-15 00:00:00+00:00, run_after=2026-02-22 00:00:00+00:00
[2026-02-20T13:36:03.371+0000] {processor.py:183} INFO - Processing /opt/airflow/dags/insert_data_to_oltp.py took 0.830 seconds
[2026-02-20T13:36:33.799+0000] {processor.py:161} INFO - Started process (PID=1606) to work on /opt/airflow/dags/insert_data_to_oltp.py
[2026-02-20T13:36:33.801+0000] {processor.py:830} INFO - Processing file /opt/airflow/dags/insert_data_to_oltp.py for tasks to queue
[2026-02-20T13:36:33.803+0000] {logging_mixin.py:188} INFO - [2026-02-20T13:36:33.803+0000] {dagbag.py:545} INFO - Filling up the DagBag from /opt/airflow/dags/insert_data_to_oltp.py
[2026-02-20T13:36:34.358+0000] {processor.py:840} INFO - DAG(s) 'generator_oltp_data_weekly' retrieved from /opt/airflow/dags/insert_data_to_oltp.py
[2026-02-20T13:36:34.380+0000] {logging_mixin.py:188} INFO - [2026-02-20T13:36:34.379+0000] {dag.py:3089} INFO - Sync 1 DAGs
[2026-02-20T13:36:34.402+0000] {logging_mixin.py:188} INFO - [2026-02-20T13:36:34.402+0000] {dag.py:3947} INFO - Setting next_dagrun for generator_oltp_data_weekly to 2026-02-15 00:00:00+00:00, run_after=2026-02-22 00:00:00+00:00
[2026-02-20T13:36:34.429+0000] {processor.py:183} INFO - Processing /opt/airflow/dags/insert_data_to_oltp.py took 0.639 seconds
[2026-02-20T13:37:04.970+0000] {processor.py:161} INFO - Started process (PID=1638) to work on /opt/airflow/dags/insert_data_to_oltp.py
[2026-02-20T13:37:04.972+0000] {processor.py:830} INFO - Processing file /opt/airflow/dags/insert_data_to_oltp.py for tasks to queue
[2026-02-20T13:37:04.974+0000] {logging_mixin.py:188} INFO - [2026-02-20T13:37:04.974+0000] {dagbag.py:545} INFO - Filling up the DagBag from /opt/airflow/dags/insert_data_to_oltp.py
[2026-02-20T13:37:05.550+0000] {processor.py:840} INFO - DAG(s) 'generator_oltp_data_weekly' retrieved from /opt/airflow/dags/insert_data_to_oltp.py
[2026-02-20T13:37:05.580+0000] {logging_mixin.py:188} INFO - [2026-02-20T13:37:05.579+0000] {dag.py:3089} INFO - Sync 1 DAGs
[2026-02-20T13:37:05.612+0000] {logging_mixin.py:188} INFO - [2026-02-20T13:37:05.612+0000] {dag.py:3947} INFO - Setting next_dagrun for generator_oltp_data_weekly to 2026-02-15 00:00:00+00:00, run_after=2026-02-22 00:00:00+00:00
[2026-02-20T13:37:05.637+0000] {processor.py:183} INFO - Processing /opt/airflow/dags/insert_data_to_oltp.py took 0.674 seconds
[2026-02-20T13:37:35.744+0000] {processor.py:161} INFO - Started process (PID=1664) to work on /opt/airflow/dags/insert_data_to_oltp.py
[2026-02-20T13:37:35.750+0000] {processor.py:830} INFO - Processing file /opt/airflow/dags/insert_data_to_oltp.py for tasks to queue
[2026-02-20T13:37:35.754+0000] {logging_mixin.py:188} INFO - [2026-02-20T13:37:35.753+0000] {dagbag.py:545} INFO - Filling up the DagBag from /opt/airflow/dags/insert_data_to_oltp.py
[2026-02-20T13:37:36.367+0000] {processor.py:840} INFO - DAG(s) 'generator_oltp_data_weekly' retrieved from /opt/airflow/dags/insert_data_to_oltp.py
[2026-02-20T13:37:36.392+0000] {logging_mixin.py:188} INFO - [2026-02-20T13:37:36.392+0000] {dag.py:3089} INFO - Sync 1 DAGs
[2026-02-20T13:37:36.413+0000] {logging_mixin.py:188} INFO - [2026-02-20T13:37:36.413+0000] {dag.py:3947} INFO - Setting next_dagrun for generator_oltp_data_weekly to 2026-02-15 00:00:00+00:00, run_after=2026-02-22 00:00:00+00:00
[2026-02-20T13:37:36.438+0000] {processor.py:183} INFO - Processing /opt/airflow/dags/insert_data_to_oltp.py took 0.705 seconds
[2026-02-20T13:38:06.884+0000] {processor.py:161} INFO - Started process (PID=1696) to work on /opt/airflow/dags/insert_data_to_oltp.py
[2026-02-20T13:38:06.886+0000] {processor.py:830} INFO - Processing file /opt/airflow/dags/insert_data_to_oltp.py for tasks to queue
[2026-02-20T13:38:06.888+0000] {logging_mixin.py:188} INFO - [2026-02-20T13:38:06.888+0000] {dagbag.py:545} INFO - Filling up the DagBag from /opt/airflow/dags/insert_data_to_oltp.py
[2026-02-20T13:38:07.516+0000] {processor.py:840} INFO - DAG(s) 'generator_oltp_data_weekly' retrieved from /opt/airflow/dags/insert_data_to_oltp.py
[2026-02-20T13:38:07.552+0000] {logging_mixin.py:188} INFO - [2026-02-20T13:38:07.551+0000] {dag.py:3089} INFO - Sync 1 DAGs
[2026-02-20T13:38:07.579+0000] {logging_mixin.py:188} INFO - [2026-02-20T13:38:07.578+0000] {dag.py:3947} INFO - Setting next_dagrun for generator_oltp_data_weekly to 2026-02-15 00:00:00+00:00, run_after=2026-02-22 00:00:00+00:00
[2026-02-20T13:38:07.606+0000] {processor.py:183} INFO - Processing /opt/airflow/dags/insert_data_to_oltp.py took 0.728 seconds
[2026-02-20T13:38:37.838+0000] {processor.py:161} INFO - Started process (PID=1722) to work on /opt/airflow/dags/insert_data_to_oltp.py
[2026-02-20T13:38:37.839+0000] {processor.py:830} INFO - Processing file /opt/airflow/dags/insert_data_to_oltp.py for tasks to queue
[2026-02-20T13:38:37.842+0000] {logging_mixin.py:188} INFO - [2026-02-20T13:38:37.841+0000] {dagbag.py:545} INFO - Filling up the DagBag from /opt/airflow/dags/insert_data_to_oltp.py
[2026-02-20T13:38:38.408+0000] {processor.py:840} INFO - DAG(s) 'generator_oltp_data_weekly' retrieved from /opt/airflow/dags/insert_data_to_oltp.py
[2026-02-20T13:38:38.434+0000] {logging_mixin.py:188} INFO - [2026-02-20T13:38:38.433+0000] {dag.py:3089} INFO - Sync 1 DAGs
[2026-02-20T13:38:38.456+0000] {logging_mixin.py:188} INFO - [2026-02-20T13:38:38.456+0000] {dag.py:3947} INFO - Setting next_dagrun for generator_oltp_data_weekly to 2026-02-15 00:00:00+00:00, run_after=2026-02-22 00:00:00+00:00
[2026-02-20T13:38:38.489+0000] {processor.py:183} INFO - Processing /opt/airflow/dags/insert_data_to_oltp.py took 0.659 seconds
[2026-02-20T13:39:08.811+0000] {processor.py:161} INFO - Started process (PID=1757) to work on /opt/airflow/dags/insert_data_to_oltp.py
[2026-02-20T13:39:08.813+0000] {processor.py:830} INFO - Processing file /opt/airflow/dags/insert_data_to_oltp.py for tasks to queue
[2026-02-20T13:39:08.817+0000] {logging_mixin.py:188} INFO - [2026-02-20T13:39:08.817+0000] {dagbag.py:545} INFO - Filling up the DagBag from /opt/airflow/dags/insert_data_to_oltp.py
[2026-02-20T13:39:09.503+0000] {processor.py:840} INFO - DAG(s) 'generator_oltp_data_weekly' retrieved from /opt/airflow/dags/insert_data_to_oltp.py
[2026-02-20T13:39:09.526+0000] {logging_mixin.py:188} INFO - [2026-02-20T13:39:09.526+0000] {dag.py:3089} INFO - Sync 1 DAGs
[2026-02-20T13:39:09.548+0000] {logging_mixin.py:188} INFO - [2026-02-20T13:39:09.548+0000] {dag.py:3947} INFO - Setting next_dagrun for generator_oltp_data_weekly to 2026-02-15 00:00:00+00:00, run_after=2026-02-22 00:00:00+00:00
[2026-02-20T13:39:09.573+0000] {processor.py:183} INFO - Processing /opt/airflow/dags/insert_data_to_oltp.py took 0.770 seconds
[2026-02-20T13:39:39.661+0000] {processor.py:161} INFO - Started process (PID=1783) to work on /opt/airflow/dags/insert_data_to_oltp.py
[2026-02-20T13:39:39.662+0000] {processor.py:830} INFO - Processing file /opt/airflow/dags/insert_data_to_oltp.py for tasks to queue
[2026-02-20T13:39:39.664+0000] {logging_mixin.py:188} INFO - [2026-02-20T13:39:39.664+0000] {dagbag.py:545} INFO - Filling up the DagBag from /opt/airflow/dags/insert_data_to_oltp.py
[2026-02-20T13:39:40.259+0000] {processor.py:840} INFO - DAG(s) 'generator_oltp_data_weekly' retrieved from /opt/airflow/dags/insert_data_to_oltp.py
[2026-02-20T13:39:40.283+0000] {logging_mixin.py:188} INFO - [2026-02-20T13:39:40.282+0000] {dag.py:3089} INFO - Sync 1 DAGs
[2026-02-20T13:39:40.305+0000] {logging_mixin.py:188} INFO - [2026-02-20T13:39:40.304+0000] {dag.py:3947} INFO - Setting next_dagrun for generator_oltp_data_weekly to 2026-02-15 00:00:00+00:00, run_after=2026-02-22 00:00:00+00:00
[2026-02-20T13:39:40.326+0000] {processor.py:183} INFO - Processing /opt/airflow/dags/insert_data_to_oltp.py took 0.673 seconds
[2026-02-20T13:40:10.861+0000] {processor.py:161} INFO - Started process (PID=1818) to work on /opt/airflow/dags/insert_data_to_oltp.py
[2026-02-20T13:40:10.863+0000] {processor.py:830} INFO - Processing file /opt/airflow/dags/insert_data_to_oltp.py for tasks to queue
[2026-02-20T13:40:10.865+0000] {logging_mixin.py:188} INFO - [2026-02-20T13:40:10.865+0000] {dagbag.py:545} INFO - Filling up the DagBag from /opt/airflow/dags/insert_data_to_oltp.py
[2026-02-20T13:40:11.452+0000] {processor.py:840} INFO - DAG(s) 'generator_oltp_data_weekly' retrieved from /opt/airflow/dags/insert_data_to_oltp.py
[2026-02-20T13:40:11.475+0000] {logging_mixin.py:188} INFO - [2026-02-20T13:40:11.475+0000] {dag.py:3089} INFO - Sync 1 DAGs
[2026-02-20T13:40:11.497+0000] {logging_mixin.py:188} INFO - [2026-02-20T13:40:11.497+0000] {dag.py:3947} INFO - Setting next_dagrun for generator_oltp_data_weekly to 2026-02-15 00:00:00+00:00, run_after=2026-02-22 00:00:00+00:00
[2026-02-20T13:40:11.523+0000] {processor.py:183} INFO - Processing /opt/airflow/dags/insert_data_to_oltp.py took 0.669 seconds
[2026-02-20T13:40:41.675+0000] {processor.py:161} INFO - Started process (PID=1844) to work on /opt/airflow/dags/insert_data_to_oltp.py
[2026-02-20T13:40:41.676+0000] {processor.py:830} INFO - Processing file /opt/airflow/dags/insert_data_to_oltp.py for tasks to queue
[2026-02-20T13:40:41.679+0000] {logging_mixin.py:188} INFO - [2026-02-20T13:40:41.679+0000] {dagbag.py:545} INFO - Filling up the DagBag from /opt/airflow/dags/insert_data_to_oltp.py
[2026-02-20T13:40:42.340+0000] {processor.py:840} INFO - DAG(s) 'generator_oltp_data_weekly' retrieved from /opt/airflow/dags/insert_data_to_oltp.py
[2026-02-20T13:40:42.365+0000] {logging_mixin.py:188} INFO - [2026-02-20T13:40:42.364+0000] {dag.py:3089} INFO - Sync 1 DAGs
[2026-02-20T13:40:42.390+0000] {logging_mixin.py:188} INFO - [2026-02-20T13:40:42.390+0000] {dag.py:3947} INFO - Setting next_dagrun for generator_oltp_data_weekly to 2026-02-15 00:00:00+00:00, run_after=2026-02-22 00:00:00+00:00
[2026-02-20T13:40:42.418+0000] {processor.py:183} INFO - Processing /opt/airflow/dags/insert_data_to_oltp.py took 0.750 seconds
[2026-02-20T13:41:12.967+0000] {processor.py:161} INFO - Started process (PID=1876) to work on /opt/airflow/dags/insert_data_to_oltp.py
[2026-02-20T13:41:12.969+0000] {processor.py:830} INFO - Processing file /opt/airflow/dags/insert_data_to_oltp.py for tasks to queue
[2026-02-20T13:41:12.972+0000] {logging_mixin.py:188} INFO - [2026-02-20T13:41:12.971+0000] {dagbag.py:545} INFO - Filling up the DagBag from /opt/airflow/dags/insert_data_to_oltp.py
[2026-02-20T13:41:13.600+0000] {processor.py:840} INFO - DAG(s) 'generator_oltp_data_weekly' retrieved from /opt/airflow/dags/insert_data_to_oltp.py
[2026-02-20T13:41:13.623+0000] {logging_mixin.py:188} INFO - [2026-02-20T13:41:13.623+0000] {dag.py:3089} INFO - Sync 1 DAGs
[2026-02-20T13:41:13.646+0000] {logging_mixin.py:188} INFO - [2026-02-20T13:41:13.646+0000] {dag.py:3947} INFO - Setting next_dagrun for generator_oltp_data_weekly to 2026-02-15 00:00:00+00:00, run_after=2026-02-22 00:00:00+00:00
[2026-02-20T13:41:13.700+0000] {processor.py:183} INFO - Processing /opt/airflow/dags/insert_data_to_oltp.py took 0.741 seconds
[2026-02-20T13:41:43.908+0000] {processor.py:161} INFO - Started process (PID=1900) to work on /opt/airflow/dags/insert_data_to_oltp.py
[2026-02-20T13:41:43.911+0000] {processor.py:830} INFO - Processing file /opt/airflow/dags/insert_data_to_oltp.py for tasks to queue
[2026-02-20T13:41:43.913+0000] {logging_mixin.py:188} INFO - [2026-02-20T13:41:43.913+0000] {dagbag.py:545} INFO - Filling up the DagBag from /opt/airflow/dags/insert_data_to_oltp.py
[2026-02-20T13:41:44.510+0000] {processor.py:840} INFO - DAG(s) 'generator_oltp_data_weekly' retrieved from /opt/airflow/dags/insert_data_to_oltp.py
[2026-02-20T13:41:44.536+0000] {logging_mixin.py:188} INFO - [2026-02-20T13:41:44.536+0000] {dag.py:3089} INFO - Sync 1 DAGs
[2026-02-20T13:41:44.558+0000] {logging_mixin.py:188} INFO - [2026-02-20T13:41:44.558+0000] {dag.py:3947} INFO - Setting next_dagrun for generator_oltp_data_weekly to 2026-02-15 00:00:00+00:00, run_after=2026-02-22 00:00:00+00:00
[2026-02-20T13:41:44.579+0000] {processor.py:183} INFO - Processing /opt/airflow/dags/insert_data_to_oltp.py took 0.680 seconds
[2026-02-20T13:42:15.526+0000] {processor.py:161} INFO - Started process (PID=1936) to work on /opt/airflow/dags/insert_data_to_oltp.py
[2026-02-20T13:42:15.529+0000] {processor.py:830} INFO - Processing file /opt/airflow/dags/insert_data_to_oltp.py for tasks to queue
[2026-02-20T13:42:15.536+0000] {logging_mixin.py:188} INFO - [2026-02-20T13:42:15.535+0000] {dagbag.py:545} INFO - Filling up the DagBag from /opt/airflow/dags/insert_data_to_oltp.py
[2026-02-20T13:42:16.317+0000] {processor.py:840} INFO - DAG(s) 'generator_oltp_data_weekly' retrieved from /opt/airflow/dags/insert_data_to_oltp.py
[2026-02-20T13:42:16.346+0000] {logging_mixin.py:188} INFO - [2026-02-20T13:42:16.345+0000] {dag.py:3089} INFO - Sync 1 DAGs
[2026-02-20T13:42:16.370+0000] {logging_mixin.py:188} INFO - [2026-02-20T13:42:16.370+0000] {dag.py:3947} INFO - Setting next_dagrun for generator_oltp_data_weekly to 2026-02-15 00:00:00+00:00, run_after=2026-02-22 00:00:00+00:00
[2026-02-20T13:42:16.398+0000] {processor.py:183} INFO - Processing /opt/airflow/dags/insert_data_to_oltp.py took 0.888 seconds
[2026-02-20T13:42:47.062+0000] {processor.py:161} INFO - Started process (PID=1969) to work on /opt/airflow/dags/insert_data_to_oltp.py
[2026-02-20T13:42:47.063+0000] {processor.py:830} INFO - Processing file /opt/airflow/dags/insert_data_to_oltp.py for tasks to queue
[2026-02-20T13:42:47.066+0000] {logging_mixin.py:188} INFO - [2026-02-20T13:42:47.065+0000] {dagbag.py:545} INFO - Filling up the DagBag from /opt/airflow/dags/insert_data_to_oltp.py
[2026-02-20T13:42:47.687+0000] {processor.py:840} INFO - DAG(s) 'generator_oltp_data_weekly' retrieved from /opt/airflow/dags/insert_data_to_oltp.py
[2026-02-20T13:42:47.712+0000] {logging_mixin.py:188} INFO - [2026-02-20T13:42:47.711+0000] {dag.py:3089} INFO - Sync 1 DAGs
[2026-02-20T13:42:47.736+0000] {logging_mixin.py:188} INFO - [2026-02-20T13:42:47.736+0000] {dag.py:3947} INFO - Setting next_dagrun for generator_oltp_data_weekly to 2026-02-15 00:00:00+00:00, run_after=2026-02-22 00:00:00+00:00
[2026-02-20T13:42:47.770+0000] {processor.py:183} INFO - Processing /opt/airflow/dags/insert_data_to_oltp.py took 0.715 seconds
[2026-02-20T13:43:18.110+0000] {processor.py:161} INFO - Started process (PID=1996) to work on /opt/airflow/dags/insert_data_to_oltp.py
[2026-02-20T13:43:18.111+0000] {processor.py:830} INFO - Processing file /opt/airflow/dags/insert_data_to_oltp.py for tasks to queue
[2026-02-20T13:43:18.114+0000] {logging_mixin.py:188} INFO - [2026-02-20T13:43:18.114+0000] {dagbag.py:545} INFO - Filling up the DagBag from /opt/airflow/dags/insert_data_to_oltp.py
[2026-02-20T13:43:18.698+0000] {processor.py:840} INFO - DAG(s) 'generator_oltp_data_weekly' retrieved from /opt/airflow/dags/insert_data_to_oltp.py
[2026-02-20T13:43:18.721+0000] {logging_mixin.py:188} INFO - [2026-02-20T13:43:18.721+0000] {dag.py:3089} INFO - Sync 1 DAGs
[2026-02-20T13:43:18.746+0000] {logging_mixin.py:188} INFO - [2026-02-20T13:43:18.746+0000] {dag.py:3947} INFO - Setting next_dagrun for generator_oltp_data_weekly to 2026-02-15 00:00:00+00:00, run_after=2026-02-22 00:00:00+00:00
[2026-02-20T13:43:18.775+0000] {processor.py:183} INFO - Processing /opt/airflow/dags/insert_data_to_oltp.py took 0.673 seconds
[2026-02-20T13:43:49.082+0000] {processor.py:161} INFO - Started process (PID=2029) to work on /opt/airflow/dags/insert_data_to_oltp.py
[2026-02-20T13:43:49.084+0000] {processor.py:830} INFO - Processing file /opt/airflow/dags/insert_data_to_oltp.py for tasks to queue
[2026-02-20T13:43:49.088+0000] {logging_mixin.py:188} INFO - [2026-02-20T13:43:49.087+0000] {dagbag.py:545} INFO - Filling up the DagBag from /opt/airflow/dags/insert_data_to_oltp.py
[2026-02-20T13:43:49.837+0000] {processor.py:840} INFO - DAG(s) 'generator_oltp_data_weekly' retrieved from /opt/airflow/dags/insert_data_to_oltp.py
[2026-02-20T13:43:49.894+0000] {logging_mixin.py:188} INFO - [2026-02-20T13:43:49.894+0000] {dag.py:3089} INFO - Sync 1 DAGs
[2026-02-20T13:43:49.935+0000] {logging_mixin.py:188} INFO - [2026-02-20T13:43:49.934+0000] {dag.py:3947} INFO - Setting next_dagrun for generator_oltp_data_weekly to 2026-02-15 00:00:00+00:00, run_after=2026-02-22 00:00:00+00:00
[2026-02-20T13:43:49.978+0000] {processor.py:183} INFO - Processing /opt/airflow/dags/insert_data_to_oltp.py took 0.905 seconds
[2026-02-20T13:44:20.823+0000] {processor.py:161} INFO - Started process (PID=2054) to work on /opt/airflow/dags/insert_data_to_oltp.py
[2026-02-20T13:44:20.824+0000] {processor.py:830} INFO - Processing file /opt/airflow/dags/insert_data_to_oltp.py for tasks to queue
[2026-02-20T13:44:20.828+0000] {logging_mixin.py:188} INFO - [2026-02-20T13:44:20.827+0000] {dagbag.py:545} INFO - Filling up the DagBag from /opt/airflow/dags/insert_data_to_oltp.py
[2026-02-20T13:44:21.548+0000] {processor.py:840} INFO - DAG(s) 'generator_oltp_data_weekly' retrieved from /opt/airflow/dags/insert_data_to_oltp.py
[2026-02-20T13:44:21.575+0000] {logging_mixin.py:188} INFO - [2026-02-20T13:44:21.575+0000] {dag.py:3089} INFO - Sync 1 DAGs
[2026-02-20T13:44:21.601+0000] {logging_mixin.py:188} INFO - [2026-02-20T13:44:21.600+0000] {dag.py:3947} INFO - Setting next_dagrun for generator_oltp_data_weekly to 2026-02-15 00:00:00+00:00, run_after=2026-02-22 00:00:00+00:00
[2026-02-20T13:44:21.633+0000] {processor.py:183} INFO - Processing /opt/airflow/dags/insert_data_to_oltp.py took 0.820 seconds
[2026-02-20T13:44:52.128+0000] {processor.py:161} INFO - Started process (PID=2087) to work on /opt/airflow/dags/insert_data_to_oltp.py
[2026-02-20T13:44:52.129+0000] {processor.py:830} INFO - Processing file /opt/airflow/dags/insert_data_to_oltp.py for tasks to queue
[2026-02-20T13:44:52.132+0000] {logging_mixin.py:188} INFO - [2026-02-20T13:44:52.132+0000] {dagbag.py:545} INFO - Filling up the DagBag from /opt/airflow/dags/insert_data_to_oltp.py
[2026-02-20T13:44:52.769+0000] {processor.py:840} INFO - DAG(s) 'generator_oltp_data_weekly' retrieved from /opt/airflow/dags/insert_data_to_oltp.py
[2026-02-20T13:44:52.821+0000] {logging_mixin.py:188} INFO - [2026-02-20T13:44:52.820+0000] {dag.py:3089} INFO - Sync 1 DAGs
[2026-02-20T13:44:52.845+0000] {logging_mixin.py:188} INFO - [2026-02-20T13:44:52.845+0000] {dag.py:3947} INFO - Setting next_dagrun for generator_oltp_data_weekly to 2026-02-15 00:00:00+00:00, run_after=2026-02-22 00:00:00+00:00
[2026-02-20T13:44:52.873+0000] {processor.py:183} INFO - Processing /opt/airflow/dags/insert_data_to_oltp.py took 0.753 seconds
[2026-02-20T13:45:23.684+0000] {processor.py:161} INFO - Started process (PID=2113) to work on /opt/airflow/dags/insert_data_to_oltp.py
[2026-02-20T13:45:23.686+0000] {processor.py:830} INFO - Processing file /opt/airflow/dags/insert_data_to_oltp.py for tasks to queue
[2026-02-20T13:45:23.690+0000] {logging_mixin.py:188} INFO - [2026-02-20T13:45:23.689+0000] {dagbag.py:545} INFO - Filling up the DagBag from /opt/airflow/dags/insert_data_to_oltp.py
[2026-02-20T13:45:24.379+0000] {processor.py:840} INFO - DAG(s) 'generator_oltp_data_weekly' retrieved from /opt/airflow/dags/insert_data_to_oltp.py
[2026-02-20T13:45:24.402+0000] {logging_mixin.py:188} INFO - [2026-02-20T13:45:24.401+0000] {dag.py:3089} INFO - Sync 1 DAGs
[2026-02-20T13:45:24.426+0000] {logging_mixin.py:188} INFO - [2026-02-20T13:45:24.426+0000] {dag.py:3947} INFO - Setting next_dagrun for generator_oltp_data_weekly to 2026-02-15 00:00:00+00:00, run_after=2026-02-22 00:00:00+00:00
[2026-02-20T13:45:24.448+0000] {processor.py:183} INFO - Processing /opt/airflow/dags/insert_data_to_oltp.py took 0.775 seconds
[2026-02-20T13:45:54.797+0000] {processor.py:161} INFO - Started process (PID=2147) to work on /opt/airflow/dags/insert_data_to_oltp.py
[2026-02-20T13:45:54.799+0000] {processor.py:830} INFO - Processing file /opt/airflow/dags/insert_data_to_oltp.py for tasks to queue
[2026-02-20T13:45:54.802+0000] {logging_mixin.py:188} INFO - [2026-02-20T13:45:54.802+0000] {dagbag.py:545} INFO - Filling up the DagBag from /opt/airflow/dags/insert_data_to_oltp.py
[2026-02-20T13:45:55.406+0000] {processor.py:840} INFO - DAG(s) 'generator_oltp_data_weekly' retrieved from /opt/airflow/dags/insert_data_to_oltp.py
[2026-02-20T13:45:55.433+0000] {logging_mixin.py:188} INFO - [2026-02-20T13:45:55.432+0000] {dag.py:3089} INFO - Sync 1 DAGs
[2026-02-20T13:45:55.457+0000] {logging_mixin.py:188} INFO - [2026-02-20T13:45:55.456+0000] {dag.py:3947} INFO - Setting next_dagrun for generator_oltp_data_weekly to 2026-02-15 00:00:00+00:00, run_after=2026-02-22 00:00:00+00:00
[2026-02-20T13:45:55.482+0000] {processor.py:183} INFO - Processing /opt/airflow/dags/insert_data_to_oltp.py took 0.692 seconds
[2026-02-20T13:46:25.862+0000] {processor.py:161} INFO - Started process (PID=2173) to work on /opt/airflow/dags/insert_data_to_oltp.py
[2026-02-20T13:46:25.863+0000] {processor.py:830} INFO - Processing file /opt/airflow/dags/insert_data_to_oltp.py for tasks to queue
[2026-02-20T13:46:25.866+0000] {logging_mixin.py:188} INFO - [2026-02-20T13:46:25.865+0000] {dagbag.py:545} INFO - Filling up the DagBag from /opt/airflow/dags/insert_data_to_oltp.py
[2026-02-20T13:46:26.477+0000] {processor.py:840} INFO - DAG(s) 'generator_oltp_data_weekly' retrieved from /opt/airflow/dags/insert_data_to_oltp.py
[2026-02-20T13:46:26.506+0000] {logging_mixin.py:188} INFO - [2026-02-20T13:46:26.505+0000] {dag.py:3089} INFO - Sync 1 DAGs
[2026-02-20T13:46:26.530+0000] {logging_mixin.py:188} INFO - [2026-02-20T13:46:26.530+0000] {dag.py:3947} INFO - Setting next_dagrun for generator_oltp_data_weekly to 2026-02-15 00:00:00+00:00, run_after=2026-02-22 00:00:00+00:00
[2026-02-20T13:46:26.561+0000] {processor.py:183} INFO - Processing /opt/airflow/dags/insert_data_to_oltp.py took 0.710 seconds
[2026-02-20T13:46:56.769+0000] {processor.py:161} INFO - Started process (PID=2206) to work on /opt/airflow/dags/insert_data_to_oltp.py
[2026-02-20T13:46:56.771+0000] {processor.py:830} INFO - Processing file /opt/airflow/dags/insert_data_to_oltp.py for tasks to queue
[2026-02-20T13:46:56.774+0000] {logging_mixin.py:188} INFO - [2026-02-20T13:46:56.773+0000] {dagbag.py:545} INFO - Filling up the DagBag from /opt/airflow/dags/insert_data_to_oltp.py
[2026-02-20T13:46:57.465+0000] {processor.py:840} INFO - DAG(s) 'generator_oltp_data_weekly' retrieved from /opt/airflow/dags/insert_data_to_oltp.py
[2026-02-20T13:46:57.489+0000] {logging_mixin.py:188} INFO - [2026-02-20T13:46:57.488+0000] {dag.py:3089} INFO - Sync 1 DAGs
[2026-02-20T13:46:57.511+0000] {logging_mixin.py:188} INFO - [2026-02-20T13:46:57.510+0000] {dag.py:3947} INFO - Setting next_dagrun for generator_oltp_data_weekly to 2026-02-15 00:00:00+00:00, run_after=2026-02-22 00:00:00+00:00
[2026-02-20T13:46:57.535+0000] {processor.py:183} INFO - Processing /opt/airflow/dags/insert_data_to_oltp.py took 0.776 seconds
[2026-02-20T13:47:27.979+0000] {processor.py:161} INFO - Started process (PID=2232) to work on /opt/airflow/dags/insert_data_to_oltp.py
[2026-02-20T13:47:27.981+0000] {processor.py:830} INFO - Processing file /opt/airflow/dags/insert_data_to_oltp.py for tasks to queue
[2026-02-20T13:47:27.984+0000] {logging_mixin.py:188} INFO - [2026-02-20T13:47:27.983+0000] {dagbag.py:545} INFO - Filling up the DagBag from /opt/airflow/dags/insert_data_to_oltp.py
[2026-02-20T13:47:28.564+0000] {processor.py:840} INFO - DAG(s) 'generator_oltp_data_weekly' retrieved from /opt/airflow/dags/insert_data_to_oltp.py
[2026-02-20T13:47:28.586+0000] {logging_mixin.py:188} INFO - [2026-02-20T13:47:28.585+0000] {dag.py:3089} INFO - Sync 1 DAGs
[2026-02-20T13:47:28.609+0000] {logging_mixin.py:188} INFO - [2026-02-20T13:47:28.609+0000] {dag.py:3947} INFO - Setting next_dagrun for generator_oltp_data_weekly to 2026-02-15 00:00:00+00:00, run_after=2026-02-22 00:00:00+00:00
[2026-02-20T13:47:28.635+0000] {processor.py:183} INFO - Processing /opt/airflow/dags/insert_data_to_oltp.py took 0.663 seconds
[2026-02-20T13:47:59.037+0000] {processor.py:161} INFO - Started process (PID=2265) to work on /opt/airflow/dags/insert_data_to_oltp.py
[2026-02-20T13:47:59.039+0000] {processor.py:830} INFO - Processing file /opt/airflow/dags/insert_data_to_oltp.py for tasks to queue
[2026-02-20T13:47:59.042+0000] {logging_mixin.py:188} INFO - [2026-02-20T13:47:59.041+0000] {dagbag.py:545} INFO - Filling up the DagBag from /opt/airflow/dags/insert_data_to_oltp.py
[2026-02-20T13:47:59.662+0000] {processor.py:840} INFO - DAG(s) 'generator_oltp_data_weekly' retrieved from /opt/airflow/dags/insert_data_to_oltp.py
[2026-02-20T13:47:59.685+0000] {logging_mixin.py:188} INFO - [2026-02-20T13:47:59.684+0000] {dag.py:3089} INFO - Sync 1 DAGs
[2026-02-20T13:47:59.712+0000] {logging_mixin.py:188} INFO - [2026-02-20T13:47:59.711+0000] {dag.py:3947} INFO - Setting next_dagrun for generator_oltp_data_weekly to 2026-02-15 00:00:00+00:00, run_after=2026-02-22 00:00:00+00:00
[2026-02-20T13:47:59.742+0000] {processor.py:183} INFO - Processing /opt/airflow/dags/insert_data_to_oltp.py took 0.712 seconds
[2026-02-20T13:48:29.898+0000] {processor.py:161} INFO - Started process (PID=2290) to work on /opt/airflow/dags/insert_data_to_oltp.py
[2026-02-20T13:48:29.899+0000] {processor.py:830} INFO - Processing file /opt/airflow/dags/insert_data_to_oltp.py for tasks to queue
[2026-02-20T13:48:29.902+0000] {logging_mixin.py:188} INFO - [2026-02-20T13:48:29.902+0000] {dagbag.py:545} INFO - Filling up the DagBag from /opt/airflow/dags/insert_data_to_oltp.py
[2026-02-20T13:48:30.473+0000] {processor.py:840} INFO - DAG(s) 'generator_oltp_data_weekly' retrieved from /opt/airflow/dags/insert_data_to_oltp.py
[2026-02-20T13:48:30.500+0000] {logging_mixin.py:188} INFO - [2026-02-20T13:48:30.500+0000] {dag.py:3089} INFO - Sync 1 DAGs
[2026-02-20T13:48:30.523+0000] {logging_mixin.py:188} INFO - [2026-02-20T13:48:30.522+0000] {dag.py:3947} INFO - Setting next_dagrun for generator_oltp_data_weekly to 2026-02-15 00:00:00+00:00, run_after=2026-02-22 00:00:00+00:00
[2026-02-20T13:48:30.569+0000] {processor.py:183} INFO - Processing /opt/airflow/dags/insert_data_to_oltp.py took 0.680 seconds
[2026-02-20T13:49:01.039+0000] {processor.py:161} INFO - Started process (PID=2316) to work on /opt/airflow/dags/insert_data_to_oltp.py
[2026-02-20T13:49:01.041+0000] {processor.py:830} INFO - Processing file /opt/airflow/dags/insert_data_to_oltp.py for tasks to queue
[2026-02-20T13:49:01.044+0000] {logging_mixin.py:188} INFO - [2026-02-20T13:49:01.043+0000] {dagbag.py:545} INFO - Filling up the DagBag from /opt/airflow/dags/insert_data_to_oltp.py
[2026-02-20T13:49:01.756+0000] {processor.py:840} INFO - DAG(s) 'generator_oltp_data_weekly' retrieved from /opt/airflow/dags/insert_data_to_oltp.py
[2026-02-20T13:49:01.787+0000] {logging_mixin.py:188} INFO - [2026-02-20T13:49:01.786+0000] {dag.py:3089} INFO - Sync 1 DAGs
[2026-02-20T13:49:01.815+0000] {logging_mixin.py:188} INFO - [2026-02-20T13:49:01.815+0000] {dag.py:3947} INFO - Setting next_dagrun for generator_oltp_data_weekly to 2026-02-15 00:00:00+00:00, run_after=2026-02-22 00:00:00+00:00
[2026-02-20T13:49:01.840+0000] {processor.py:183} INFO - Processing /opt/airflow/dags/insert_data_to_oltp.py took 0.808 seconds
