[2026-02-20T12:46:40.322+0000] {processor.py:161} INFO - Started process (PID=9668) to work on /opt/airflow/dags/load_cb_courses.py
[2026-02-20T12:46:40.324+0000] {processor.py:830} INFO - Processing file /opt/airflow/dags/load_cb_courses.py for tasks to queue
[2026-02-20T12:46:40.326+0000] {logging_mixin.py:188} INFO - [2026-02-20T12:46:40.325+0000] {dagbag.py:545} INFO - Filling up the DagBag from /opt/airflow/dags/load_cb_courses.py
[2026-02-20T12:46:40.961+0000] {logging_mixin.py:188} INFO - [2026-02-20T12:46:40.949+0000] {dagbag.py:355} ERROR - Failed to import: /opt/airflow/dags/load_cb_courses.py
Traceback (most recent call last):
  File "/home/airflow/.local/lib/python3.12/site-packages/airflow/models/dagbag.py", line 351, in parse
    loader.exec_module(new_module)
  File "<frozen importlib._bootstrap_external>", line 995, in exec_module
  File "<frozen importlib._bootstrap>", line 488, in _call_with_frames_removed
  File "/opt/airflow/dags/load_cb_courses.py", line 69, in <module>
    start = EmptyOperator(task_id='start')
            ^^^^^^^^^^^^^
NameError: name 'EmptyOperator' is not defined
[2026-02-20T12:46:40.971+0000] {processor.py:842} WARNING - No viable dags retrieved from /opt/airflow/dags/load_cb_courses.py
[2026-02-20T12:46:40.994+0000] {processor.py:183} INFO - Processing /opt/airflow/dags/load_cb_courses.py took 0.682 seconds
[2026-02-20T12:46:48.419+0000] {processor.py:161} INFO - Started process (PID=9681) to work on /opt/airflow/dags/load_cb_courses.py
[2026-02-20T12:46:48.420+0000] {processor.py:830} INFO - Processing file /opt/airflow/dags/load_cb_courses.py for tasks to queue
[2026-02-20T12:46:48.422+0000] {logging_mixin.py:188} INFO - [2026-02-20T12:46:48.421+0000] {dagbag.py:545} INFO - Filling up the DagBag from /opt/airflow/dags/load_cb_courses.py
[2026-02-20T12:46:48.982+0000] {processor.py:840} INFO - DAG(s) 'load_cb_courses' retrieved from /opt/airflow/dags/load_cb_courses.py
[2026-02-20T12:46:49.140+0000] {logging_mixin.py:188} INFO - [2026-02-20T12:46:49.140+0000] {dag.py:3089} INFO - Sync 1 DAGs
[2026-02-20T12:46:49.162+0000] {logging_mixin.py:188} INFO - [2026-02-20T12:46:49.161+0000] {dag.py:3947} INFO - Setting next_dagrun for load_cb_courses to 2026-02-20 00:00:00+00:00, run_after=2026-02-21 00:00:00+00:00
[2026-02-20T12:46:49.192+0000] {processor.py:183} INFO - Processing /opt/airflow/dags/load_cb_courses.py took 0.780 seconds
[2026-02-20T12:46:49.249+0000] {processor.py:161} INFO - Started process (PID=9687) to work on /opt/airflow/dags/load_cb_courses.py
[2026-02-20T12:46:49.250+0000] {processor.py:830} INFO - Processing file /opt/airflow/dags/load_cb_courses.py for tasks to queue
[2026-02-20T12:46:49.251+0000] {logging_mixin.py:188} INFO - [2026-02-20T12:46:49.251+0000] {dagbag.py:545} INFO - Filling up the DagBag from /opt/airflow/dags/load_cb_courses.py
[2026-02-20T12:46:49.844+0000] {processor.py:840} INFO - DAG(s) 'load_cb_courses' retrieved from /opt/airflow/dags/load_cb_courses.py
[2026-02-20T12:46:49.862+0000] {logging_mixin.py:188} INFO - [2026-02-20T12:46:49.860+0000] {dag.py:3089} INFO - Sync 1 DAGs
[2026-02-20T12:46:49.889+0000] {logging_mixin.py:188} INFO - [2026-02-20T12:46:49.889+0000] {dag.py:3947} INFO - Setting next_dagrun for load_cb_courses to 2026-02-20 00:00:00+00:00, run_after=2026-02-21 00:00:00+00:00
[2026-02-20T12:46:49.920+0000] {processor.py:183} INFO - Processing /opt/airflow/dags/load_cb_courses.py took 0.678 seconds
[2026-02-20T12:47:20.774+0000] {processor.py:161} INFO - Started process (PID=9713) to work on /opt/airflow/dags/load_cb_courses.py
[2026-02-20T12:47:20.776+0000] {processor.py:830} INFO - Processing file /opt/airflow/dags/load_cb_courses.py for tasks to queue
[2026-02-20T12:47:20.777+0000] {logging_mixin.py:188} INFO - [2026-02-20T12:47:20.776+0000] {dagbag.py:545} INFO - Filling up the DagBag from /opt/airflow/dags/load_cb_courses.py
[2026-02-20T12:47:21.311+0000] {processor.py:840} INFO - DAG(s) 'load_cb_courses' retrieved from /opt/airflow/dags/load_cb_courses.py
[2026-02-20T12:47:21.336+0000] {logging_mixin.py:188} INFO - [2026-02-20T12:47:21.336+0000] {dag.py:3089} INFO - Sync 1 DAGs
[2026-02-20T12:47:21.363+0000] {logging_mixin.py:188} INFO - [2026-02-20T12:47:21.363+0000] {dag.py:3947} INFO - Setting next_dagrun for load_cb_courses to 2026-02-20 00:00:00+00:00, run_after=2026-02-21 00:00:00+00:00
[2026-02-20T12:47:21.385+0000] {processor.py:183} INFO - Processing /opt/airflow/dags/load_cb_courses.py took 0.618 seconds
[2026-02-20T12:47:52.005+0000] {processor.py:161} INFO - Started process (PID=9734) to work on /opt/airflow/dags/load_cb_courses.py
[2026-02-20T12:47:52.007+0000] {processor.py:830} INFO - Processing file /opt/airflow/dags/load_cb_courses.py for tasks to queue
[2026-02-20T12:47:52.009+0000] {logging_mixin.py:188} INFO - [2026-02-20T12:47:52.008+0000] {dagbag.py:545} INFO - Filling up the DagBag from /opt/airflow/dags/load_cb_courses.py
[2026-02-20T12:47:52.657+0000] {processor.py:840} INFO - DAG(s) 'load_cb_courses' retrieved from /opt/airflow/dags/load_cb_courses.py
[2026-02-20T12:47:52.688+0000] {logging_mixin.py:188} INFO - [2026-02-20T12:47:52.687+0000] {dag.py:3089} INFO - Sync 1 DAGs
[2026-02-20T12:47:52.718+0000] {logging_mixin.py:188} INFO - [2026-02-20T12:47:52.717+0000] {dag.py:3947} INFO - Setting next_dagrun for load_cb_courses to 2026-02-20 00:00:00+00:00, run_after=2026-02-21 00:00:00+00:00
[2026-02-20T12:47:52.744+0000] {processor.py:183} INFO - Processing /opt/airflow/dags/load_cb_courses.py took 0.750 seconds
[2026-02-20T12:48:22.865+0000] {processor.py:161} INFO - Started process (PID=9761) to work on /opt/airflow/dags/load_cb_courses.py
[2026-02-20T12:48:22.866+0000] {processor.py:830} INFO - Processing file /opt/airflow/dags/load_cb_courses.py for tasks to queue
[2026-02-20T12:48:22.868+0000] {logging_mixin.py:188} INFO - [2026-02-20T12:48:22.868+0000] {dagbag.py:545} INFO - Filling up the DagBag from /opt/airflow/dags/load_cb_courses.py
[2026-02-20T12:48:23.448+0000] {processor.py:840} INFO - DAG(s) 'load_cb_courses' retrieved from /opt/airflow/dags/load_cb_courses.py
[2026-02-20T12:48:23.473+0000] {logging_mixin.py:188} INFO - [2026-02-20T12:48:23.473+0000] {dag.py:3089} INFO - Sync 1 DAGs
[2026-02-20T12:48:23.496+0000] {logging_mixin.py:188} INFO - [2026-02-20T12:48:23.496+0000] {dag.py:3947} INFO - Setting next_dagrun for load_cb_courses to 2026-02-20 00:00:00+00:00, run_after=2026-02-21 00:00:00+00:00
[2026-02-20T12:48:23.527+0000] {processor.py:183} INFO - Processing /opt/airflow/dags/load_cb_courses.py took 0.670 seconds
[2026-02-20T12:48:53.955+0000] {processor.py:161} INFO - Started process (PID=9780) to work on /opt/airflow/dags/load_cb_courses.py
[2026-02-20T12:48:53.957+0000] {processor.py:830} INFO - Processing file /opt/airflow/dags/load_cb_courses.py for tasks to queue
[2026-02-20T12:48:53.959+0000] {logging_mixin.py:188} INFO - [2026-02-20T12:48:53.958+0000] {dagbag.py:545} INFO - Filling up the DagBag from /opt/airflow/dags/load_cb_courses.py
[2026-02-20T12:48:54.534+0000] {processor.py:840} INFO - DAG(s) 'load_cb_courses' retrieved from /opt/airflow/dags/load_cb_courses.py
[2026-02-20T12:48:54.566+0000] {logging_mixin.py:188} INFO - [2026-02-20T12:48:54.565+0000] {dag.py:3089} INFO - Sync 1 DAGs
[2026-02-20T12:48:54.591+0000] {logging_mixin.py:188} INFO - [2026-02-20T12:48:54.591+0000] {dag.py:3947} INFO - Setting next_dagrun for load_cb_courses to 2026-02-20 00:00:00+00:00, run_after=2026-02-21 00:00:00+00:00
[2026-02-20T12:48:54.618+0000] {processor.py:183} INFO - Processing /opt/airflow/dags/load_cb_courses.py took 0.672 seconds
[2026-02-20T12:49:24.824+0000] {processor.py:161} INFO - Started process (PID=9808) to work on /opt/airflow/dags/load_cb_courses.py
[2026-02-20T12:49:24.826+0000] {processor.py:830} INFO - Processing file /opt/airflow/dags/load_cb_courses.py for tasks to queue
[2026-02-20T12:49:24.828+0000] {logging_mixin.py:188} INFO - [2026-02-20T12:49:24.828+0000] {dagbag.py:545} INFO - Filling up the DagBag from /opt/airflow/dags/load_cb_courses.py
[2026-02-20T12:49:25.464+0000] {processor.py:840} INFO - DAG(s) 'load_cb_courses' retrieved from /opt/airflow/dags/load_cb_courses.py
[2026-02-20T12:49:25.509+0000] {logging_mixin.py:188} INFO - [2026-02-20T12:49:25.509+0000] {dag.py:3089} INFO - Sync 1 DAGs
[2026-02-20T12:49:25.536+0000] {logging_mixin.py:188} INFO - [2026-02-20T12:49:25.536+0000] {dag.py:3947} INFO - Setting next_dagrun for load_cb_courses to 2026-02-20 00:00:00+00:00, run_after=2026-02-21 00:00:00+00:00
[2026-02-20T12:49:25.568+0000] {processor.py:183} INFO - Processing /opt/airflow/dags/load_cb_courses.py took 0.752 seconds
[2026-02-20T12:49:55.761+0000] {processor.py:161} INFO - Started process (PID=9828) to work on /opt/airflow/dags/load_cb_courses.py
[2026-02-20T12:49:55.764+0000] {processor.py:830} INFO - Processing file /opt/airflow/dags/load_cb_courses.py for tasks to queue
[2026-02-20T12:49:55.769+0000] {logging_mixin.py:188} INFO - [2026-02-20T12:49:55.769+0000] {dagbag.py:545} INFO - Filling up the DagBag from /opt/airflow/dags/load_cb_courses.py
[2026-02-20T12:49:56.356+0000] {processor.py:840} INFO - DAG(s) 'load_cb_courses' retrieved from /opt/airflow/dags/load_cb_courses.py
[2026-02-20T12:49:56.382+0000] {logging_mixin.py:188} INFO - [2026-02-20T12:49:56.382+0000] {dag.py:3089} INFO - Sync 1 DAGs
[2026-02-20T12:49:56.407+0000] {logging_mixin.py:188} INFO - [2026-02-20T12:49:56.407+0000] {dag.py:3947} INFO - Setting next_dagrun for load_cb_courses to 2026-02-20 00:00:00+00:00, run_after=2026-02-21 00:00:00+00:00
[2026-02-20T12:49:56.430+0000] {processor.py:183} INFO - Processing /opt/airflow/dags/load_cb_courses.py took 0.684 seconds
[2026-02-20T12:50:27.087+0000] {processor.py:161} INFO - Started process (PID=9855) to work on /opt/airflow/dags/load_cb_courses.py
[2026-02-20T12:50:27.090+0000] {processor.py:830} INFO - Processing file /opt/airflow/dags/load_cb_courses.py for tasks to queue
[2026-02-20T12:50:27.092+0000] {logging_mixin.py:188} INFO - [2026-02-20T12:50:27.091+0000] {dagbag.py:545} INFO - Filling up the DagBag from /opt/airflow/dags/load_cb_courses.py
[2026-02-20T12:50:27.647+0000] {processor.py:840} INFO - DAG(s) 'load_cb_courses' retrieved from /opt/airflow/dags/load_cb_courses.py
[2026-02-20T12:50:27.671+0000] {logging_mixin.py:188} INFO - [2026-02-20T12:50:27.671+0000] {dag.py:3089} INFO - Sync 1 DAGs
[2026-02-20T12:50:27.699+0000] {logging_mixin.py:188} INFO - [2026-02-20T12:50:27.699+0000] {dag.py:3947} INFO - Setting next_dagrun for load_cb_courses to 2026-02-20 00:00:00+00:00, run_after=2026-02-21 00:00:00+00:00
[2026-02-20T12:50:27.727+0000] {processor.py:183} INFO - Processing /opt/airflow/dags/load_cb_courses.py took 0.647 seconds
[2026-02-20T12:50:58.261+0000] {processor.py:161} INFO - Started process (PID=9876) to work on /opt/airflow/dags/load_cb_courses.py
[2026-02-20T12:50:58.267+0000] {processor.py:830} INFO - Processing file /opt/airflow/dags/load_cb_courses.py for tasks to queue
[2026-02-20T12:50:58.270+0000] {logging_mixin.py:188} INFO - [2026-02-20T12:50:58.269+0000] {dagbag.py:545} INFO - Filling up the DagBag from /opt/airflow/dags/load_cb_courses.py
[2026-02-20T12:50:58.912+0000] {processor.py:840} INFO - DAG(s) 'load_cb_courses' retrieved from /opt/airflow/dags/load_cb_courses.py
[2026-02-20T12:50:58.942+0000] {logging_mixin.py:188} INFO - [2026-02-20T12:50:58.941+0000] {dag.py:3089} INFO - Sync 1 DAGs
[2026-02-20T12:50:58.965+0000] {logging_mixin.py:188} INFO - [2026-02-20T12:50:58.964+0000] {dag.py:3947} INFO - Setting next_dagrun for load_cb_courses to 2026-02-20 00:00:00+00:00, run_after=2026-02-21 00:00:00+00:00
[2026-02-20T12:50:58.992+0000] {processor.py:183} INFO - Processing /opt/airflow/dags/load_cb_courses.py took 0.763 seconds
[2026-02-20T12:51:29.607+0000] {processor.py:161} INFO - Started process (PID=9903) to work on /opt/airflow/dags/load_cb_courses.py
[2026-02-20T12:51:29.608+0000] {processor.py:830} INFO - Processing file /opt/airflow/dags/load_cb_courses.py for tasks to queue
[2026-02-20T12:51:29.610+0000] {logging_mixin.py:188} INFO - [2026-02-20T12:51:29.609+0000] {dagbag.py:545} INFO - Filling up the DagBag from /opt/airflow/dags/load_cb_courses.py
[2026-02-20T12:51:30.163+0000] {processor.py:840} INFO - DAG(s) 'load_cb_courses' retrieved from /opt/airflow/dags/load_cb_courses.py
[2026-02-20T12:51:30.189+0000] {logging_mixin.py:188} INFO - [2026-02-20T12:51:30.189+0000] {dag.py:3089} INFO - Sync 1 DAGs
[2026-02-20T12:51:30.214+0000] {logging_mixin.py:188} INFO - [2026-02-20T12:51:30.214+0000] {dag.py:3947} INFO - Setting next_dagrun for load_cb_courses to 2026-02-20 00:00:00+00:00, run_after=2026-02-21 00:00:00+00:00
[2026-02-20T12:51:30.245+0000] {processor.py:183} INFO - Processing /opt/airflow/dags/load_cb_courses.py took 0.646 seconds
[2026-02-20T12:52:00.563+0000] {processor.py:161} INFO - Started process (PID=9922) to work on /opt/airflow/dags/load_cb_courses.py
[2026-02-20T12:52:00.569+0000] {processor.py:830} INFO - Processing file /opt/airflow/dags/load_cb_courses.py for tasks to queue
[2026-02-20T12:52:00.573+0000] {logging_mixin.py:188} INFO - [2026-02-20T12:52:00.572+0000] {dagbag.py:545} INFO - Filling up the DagBag from /opt/airflow/dags/load_cb_courses.py
[2026-02-20T12:52:01.279+0000] {processor.py:840} INFO - DAG(s) 'load_cb_courses' retrieved from /opt/airflow/dags/load_cb_courses.py
[2026-02-20T12:52:01.311+0000] {logging_mixin.py:188} INFO - [2026-02-20T12:52:01.311+0000] {dag.py:3089} INFO - Sync 1 DAGs
[2026-02-20T12:52:01.338+0000] {logging_mixin.py:188} INFO - [2026-02-20T12:52:01.338+0000] {dag.py:3947} INFO - Setting next_dagrun for load_cb_courses to 2026-02-20 00:00:00+00:00, run_after=2026-02-21 00:00:00+00:00
[2026-02-20T12:52:01.368+0000] {processor.py:183} INFO - Processing /opt/airflow/dags/load_cb_courses.py took 0.821 seconds
[2026-02-20T12:52:31.870+0000] {processor.py:161} INFO - Started process (PID=9942) to work on /opt/airflow/dags/load_cb_courses.py
[2026-02-20T12:52:31.872+0000] {processor.py:830} INFO - Processing file /opt/airflow/dags/load_cb_courses.py for tasks to queue
[2026-02-20T12:52:31.874+0000] {logging_mixin.py:188} INFO - [2026-02-20T12:52:31.874+0000] {dagbag.py:545} INFO - Filling up the DagBag from /opt/airflow/dags/load_cb_courses.py
[2026-02-20T12:52:32.521+0000] {processor.py:840} INFO - DAG(s) 'load_cb_courses' retrieved from /opt/airflow/dags/load_cb_courses.py
[2026-02-20T12:52:32.548+0000] {logging_mixin.py:188} INFO - [2026-02-20T12:52:32.548+0000] {dag.py:3089} INFO - Sync 1 DAGs
[2026-02-20T12:52:32.573+0000] {logging_mixin.py:188} INFO - [2026-02-20T12:52:32.573+0000] {dag.py:3947} INFO - Setting next_dagrun for load_cb_courses to 2026-02-20 00:00:00+00:00, run_after=2026-02-21 00:00:00+00:00
[2026-02-20T12:52:32.605+0000] {processor.py:183} INFO - Processing /opt/airflow/dags/load_cb_courses.py took 0.747 seconds
[2026-02-20T12:53:02.893+0000] {processor.py:161} INFO - Started process (PID=9969) to work on /opt/airflow/dags/load_cb_courses.py
[2026-02-20T12:53:02.895+0000] {processor.py:830} INFO - Processing file /opt/airflow/dags/load_cb_courses.py for tasks to queue
[2026-02-20T12:53:02.897+0000] {logging_mixin.py:188} INFO - [2026-02-20T12:53:02.896+0000] {dagbag.py:545} INFO - Filling up the DagBag from /opt/airflow/dags/load_cb_courses.py
[2026-02-20T12:53:03.434+0000] {processor.py:840} INFO - DAG(s) 'load_cb_courses' retrieved from /opt/airflow/dags/load_cb_courses.py
[2026-02-20T12:53:03.457+0000] {logging_mixin.py:188} INFO - [2026-02-20T12:53:03.457+0000] {dag.py:3089} INFO - Sync 1 DAGs
[2026-02-20T12:53:03.482+0000] {logging_mixin.py:188} INFO - [2026-02-20T12:53:03.481+0000] {dag.py:3947} INFO - Setting next_dagrun for load_cb_courses to 2026-02-20 00:00:00+00:00, run_after=2026-02-21 00:00:00+00:00
[2026-02-20T12:53:03.506+0000] {processor.py:183} INFO - Processing /opt/airflow/dags/load_cb_courses.py took 0.620 seconds
[2026-02-20T12:53:33.829+0000] {processor.py:161} INFO - Started process (PID=9989) to work on /opt/airflow/dags/load_cb_courses.py
[2026-02-20T12:53:33.831+0000] {processor.py:830} INFO - Processing file /opt/airflow/dags/load_cb_courses.py for tasks to queue
[2026-02-20T12:53:33.833+0000] {logging_mixin.py:188} INFO - [2026-02-20T12:53:33.833+0000] {dagbag.py:545} INFO - Filling up the DagBag from /opt/airflow/dags/load_cb_courses.py
[2026-02-20T12:53:34.452+0000] {processor.py:840} INFO - DAG(s) 'load_cb_courses' retrieved from /opt/airflow/dags/load_cb_courses.py
[2026-02-20T12:53:34.479+0000] {logging_mixin.py:188} INFO - [2026-02-20T12:53:34.479+0000] {dag.py:3089} INFO - Sync 1 DAGs
[2026-02-20T12:53:34.501+0000] {logging_mixin.py:188} INFO - [2026-02-20T12:53:34.501+0000] {dag.py:3947} INFO - Setting next_dagrun for load_cb_courses to 2026-02-20 00:00:00+00:00, run_after=2026-02-21 00:00:00+00:00
[2026-02-20T12:53:34.524+0000] {processor.py:183} INFO - Processing /opt/airflow/dags/load_cb_courses.py took 0.704 seconds
[2026-02-20T12:54:04.989+0000] {processor.py:161} INFO - Started process (PID=10015) to work on /opt/airflow/dags/load_cb_courses.py
[2026-02-20T12:54:04.991+0000] {processor.py:830} INFO - Processing file /opt/airflow/dags/load_cb_courses.py for tasks to queue
[2026-02-20T12:54:04.993+0000] {logging_mixin.py:188} INFO - [2026-02-20T12:54:04.992+0000] {dagbag.py:545} INFO - Filling up the DagBag from /opt/airflow/dags/load_cb_courses.py
[2026-02-20T12:54:05.638+0000] {processor.py:840} INFO - DAG(s) 'load_cb_courses' retrieved from /opt/airflow/dags/load_cb_courses.py
[2026-02-20T12:54:05.701+0000] {logging_mixin.py:188} INFO - [2026-02-20T12:54:05.700+0000] {dag.py:3089} INFO - Sync 1 DAGs
[2026-02-20T12:54:05.742+0000] {logging_mixin.py:188} INFO - [2026-02-20T12:54:05.741+0000] {dag.py:3947} INFO - Setting next_dagrun for load_cb_courses to 2026-02-20 00:00:00+00:00, run_after=2026-02-21 00:00:00+00:00
[2026-02-20T12:54:05.796+0000] {processor.py:183} INFO - Processing /opt/airflow/dags/load_cb_courses.py took 0.815 seconds
[2026-02-20T12:54:36.685+0000] {processor.py:161} INFO - Started process (PID=10043) to work on /opt/airflow/dags/load_cb_courses.py
[2026-02-20T12:54:36.687+0000] {processor.py:830} INFO - Processing file /opt/airflow/dags/load_cb_courses.py for tasks to queue
[2026-02-20T12:54:36.692+0000] {logging_mixin.py:188} INFO - [2026-02-20T12:54:36.692+0000] {dagbag.py:545} INFO - Filling up the DagBag from /opt/airflow/dags/load_cb_courses.py
[2026-02-20T12:54:38.078+0000] {processor.py:840} INFO - DAG(s) 'load_cb_courses' retrieved from /opt/airflow/dags/load_cb_courses.py
[2026-02-20T12:54:38.119+0000] {logging_mixin.py:188} INFO - [2026-02-20T12:54:38.118+0000] {dag.py:3089} INFO - Sync 1 DAGs
[2026-02-20T12:54:38.162+0000] {logging_mixin.py:188} INFO - [2026-02-20T12:54:38.162+0000] {dag.py:3947} INFO - Setting next_dagrun for load_cb_courses to 2026-02-20 00:00:00+00:00, run_after=2026-02-21 00:00:00+00:00
[2026-02-20T12:54:38.229+0000] {processor.py:183} INFO - Processing /opt/airflow/dags/load_cb_courses.py took 1.557 seconds
[2026-02-20T12:55:08.867+0000] {processor.py:161} INFO - Started process (PID=10062) to work on /opt/airflow/dags/load_cb_courses.py
[2026-02-20T12:55:08.869+0000] {processor.py:830} INFO - Processing file /opt/airflow/dags/load_cb_courses.py for tasks to queue
[2026-02-20T12:55:08.872+0000] {logging_mixin.py:188} INFO - [2026-02-20T12:55:08.871+0000] {dagbag.py:545} INFO - Filling up the DagBag from /opt/airflow/dags/load_cb_courses.py
[2026-02-20T12:55:09.441+0000] {processor.py:840} INFO - DAG(s) 'load_cb_courses' retrieved from /opt/airflow/dags/load_cb_courses.py
[2026-02-20T12:55:09.468+0000] {logging_mixin.py:188} INFO - [2026-02-20T12:55:09.467+0000] {dag.py:3089} INFO - Sync 1 DAGs
[2026-02-20T12:55:09.492+0000] {logging_mixin.py:188} INFO - [2026-02-20T12:55:09.491+0000] {dag.py:3947} INFO - Setting next_dagrun for load_cb_courses to 2026-02-20 00:00:00+00:00, run_after=2026-02-21 00:00:00+00:00
[2026-02-20T12:55:09.519+0000] {processor.py:183} INFO - Processing /opt/airflow/dags/load_cb_courses.py took 0.662 seconds
[2026-02-20T12:55:40.103+0000] {processor.py:161} INFO - Started process (PID=10090) to work on /opt/airflow/dags/load_cb_courses.py
[2026-02-20T12:55:40.105+0000] {processor.py:830} INFO - Processing file /opt/airflow/dags/load_cb_courses.py for tasks to queue
[2026-02-20T12:55:40.106+0000] {logging_mixin.py:188} INFO - [2026-02-20T12:55:40.106+0000] {dagbag.py:545} INFO - Filling up the DagBag from /opt/airflow/dags/load_cb_courses.py
[2026-02-20T12:55:41.511+0000] {processor.py:840} INFO - DAG(s) 'load_cb_courses' retrieved from /opt/airflow/dags/load_cb_courses.py
[2026-02-20T12:55:41.555+0000] {logging_mixin.py:188} INFO - [2026-02-20T12:55:41.555+0000] {dag.py:3089} INFO - Sync 1 DAGs
[2026-02-20T12:55:41.591+0000] {logging_mixin.py:188} INFO - [2026-02-20T12:55:41.590+0000] {dag.py:3947} INFO - Setting next_dagrun for load_cb_courses to 2026-02-20 00:00:00+00:00, run_after=2026-02-21 00:00:00+00:00
[2026-02-20T12:55:41.657+0000] {processor.py:183} INFO - Processing /opt/airflow/dags/load_cb_courses.py took 1.561 seconds
[2026-02-20T12:56:12.436+0000] {processor.py:161} INFO - Started process (PID=10110) to work on /opt/airflow/dags/load_cb_courses.py
[2026-02-20T12:56:12.437+0000] {processor.py:830} INFO - Processing file /opt/airflow/dags/load_cb_courses.py for tasks to queue
[2026-02-20T12:56:12.439+0000] {logging_mixin.py:188} INFO - [2026-02-20T12:56:12.439+0000] {dagbag.py:545} INFO - Filling up the DagBag from /opt/airflow/dags/load_cb_courses.py
[2026-02-20T12:56:13.024+0000] {processor.py:840} INFO - DAG(s) 'load_cb_courses' retrieved from /opt/airflow/dags/load_cb_courses.py
[2026-02-20T12:56:13.053+0000] {logging_mixin.py:188} INFO - [2026-02-20T12:56:13.052+0000] {dag.py:3089} INFO - Sync 1 DAGs
[2026-02-20T12:56:13.081+0000] {logging_mixin.py:188} INFO - [2026-02-20T12:56:13.081+0000] {dag.py:3947} INFO - Setting next_dagrun for load_cb_courses to 2026-02-20 00:00:00+00:00, run_after=2026-02-21 00:00:00+00:00
[2026-02-20T12:56:13.133+0000] {processor.py:183} INFO - Processing /opt/airflow/dags/load_cb_courses.py took 0.705 seconds
[2026-02-20T12:56:44.002+0000] {processor.py:161} INFO - Started process (PID=10142) to work on /opt/airflow/dags/load_cb_courses.py
[2026-02-20T12:56:44.004+0000] {processor.py:830} INFO - Processing file /opt/airflow/dags/load_cb_courses.py for tasks to queue
[2026-02-20T12:56:44.006+0000] {logging_mixin.py:188} INFO - [2026-02-20T12:56:44.006+0000] {dagbag.py:545} INFO - Filling up the DagBag from /opt/airflow/dags/load_cb_courses.py
[2026-02-20T12:56:44.819+0000] {processor.py:840} INFO - DAG(s) 'load_cb_courses' retrieved from /opt/airflow/dags/load_cb_courses.py
[2026-02-20T12:56:44.852+0000] {logging_mixin.py:188} INFO - [2026-02-20T12:56:44.851+0000] {dag.py:3089} INFO - Sync 1 DAGs
[2026-02-20T12:56:44.884+0000] {logging_mixin.py:188} INFO - [2026-02-20T12:56:44.884+0000] {dag.py:3947} INFO - Setting next_dagrun for load_cb_courses to 2026-02-20 00:00:00+00:00, run_after=2026-02-21 00:00:00+00:00
[2026-02-20T12:56:44.916+0000] {processor.py:183} INFO - Processing /opt/airflow/dags/load_cb_courses.py took 0.923 seconds
[2026-02-20T12:57:15.764+0000] {processor.py:161} INFO - Started process (PID=10173) to work on /opt/airflow/dags/load_cb_courses.py
[2026-02-20T12:57:15.766+0000] {processor.py:830} INFO - Processing file /opt/airflow/dags/load_cb_courses.py for tasks to queue
[2026-02-20T12:57:15.767+0000] {logging_mixin.py:188} INFO - [2026-02-20T12:57:15.767+0000] {dagbag.py:545} INFO - Filling up the DagBag from /opt/airflow/dags/load_cb_courses.py
[2026-02-20T12:57:16.365+0000] {processor.py:840} INFO - DAG(s) 'load_cb_courses' retrieved from /opt/airflow/dags/load_cb_courses.py
[2026-02-20T12:57:16.400+0000] {logging_mixin.py:188} INFO - [2026-02-20T12:57:16.399+0000] {dag.py:3089} INFO - Sync 1 DAGs
[2026-02-20T12:57:16.429+0000] {logging_mixin.py:188} INFO - [2026-02-20T12:57:16.428+0000] {dag.py:3947} INFO - Setting next_dagrun for load_cb_courses to 2026-02-20 00:00:00+00:00, run_after=2026-02-21 00:00:00+00:00
[2026-02-20T12:57:16.468+0000] {processor.py:183} INFO - Processing /opt/airflow/dags/load_cb_courses.py took 0.712 seconds
[2026-02-20T12:57:47.226+0000] {processor.py:161} INFO - Started process (PID=10199) to work on /opt/airflow/dags/load_cb_courses.py
[2026-02-20T12:57:47.228+0000] {processor.py:830} INFO - Processing file /opt/airflow/dags/load_cb_courses.py for tasks to queue
[2026-02-20T12:57:47.230+0000] {logging_mixin.py:188} INFO - [2026-02-20T12:57:47.229+0000] {dagbag.py:545} INFO - Filling up the DagBag from /opt/airflow/dags/load_cb_courses.py
[2026-02-20T12:57:47.763+0000] {processor.py:840} INFO - DAG(s) 'load_cb_courses' retrieved from /opt/airflow/dags/load_cb_courses.py
[2026-02-20T12:57:47.790+0000] {logging_mixin.py:188} INFO - [2026-02-20T12:57:47.790+0000] {dag.py:3089} INFO - Sync 1 DAGs
[2026-02-20T12:57:47.814+0000] {logging_mixin.py:188} INFO - [2026-02-20T12:57:47.814+0000] {dag.py:3947} INFO - Setting next_dagrun for load_cb_courses to 2026-02-20 00:00:00+00:00, run_after=2026-02-21 00:00:00+00:00
[2026-02-20T12:57:47.852+0000] {processor.py:183} INFO - Processing /opt/airflow/dags/load_cb_courses.py took 0.633 seconds
[2026-02-20T12:58:18.604+0000] {processor.py:161} INFO - Started process (PID=10223) to work on /opt/airflow/dags/load_cb_courses.py
[2026-02-20T12:58:18.606+0000] {processor.py:830} INFO - Processing file /opt/airflow/dags/load_cb_courses.py for tasks to queue
[2026-02-20T12:58:18.608+0000] {logging_mixin.py:188} INFO - [2026-02-20T12:58:18.608+0000] {dagbag.py:545} INFO - Filling up the DagBag from /opt/airflow/dags/load_cb_courses.py
[2026-02-20T12:58:19.218+0000] {processor.py:840} INFO - DAG(s) 'load_cb_courses' retrieved from /opt/airflow/dags/load_cb_courses.py
[2026-02-20T12:58:19.243+0000] {logging_mixin.py:188} INFO - [2026-02-20T12:58:19.242+0000] {dag.py:3089} INFO - Sync 1 DAGs
[2026-02-20T12:58:19.265+0000] {logging_mixin.py:188} INFO - [2026-02-20T12:58:19.265+0000] {dag.py:3947} INFO - Setting next_dagrun for load_cb_courses to 2026-02-20 00:00:00+00:00, run_after=2026-02-21 00:00:00+00:00
[2026-02-20T12:58:19.291+0000] {processor.py:183} INFO - Processing /opt/airflow/dags/load_cb_courses.py took 0.694 seconds
[2026-02-20T12:58:50.048+0000] {processor.py:161} INFO - Started process (PID=10256) to work on /opt/airflow/dags/load_cb_courses.py
[2026-02-20T12:58:50.050+0000] {processor.py:830} INFO - Processing file /opt/airflow/dags/load_cb_courses.py for tasks to queue
[2026-02-20T12:58:50.053+0000] {logging_mixin.py:188} INFO - [2026-02-20T12:58:50.052+0000] {dagbag.py:545} INFO - Filling up the DagBag from /opt/airflow/dags/load_cb_courses.py
[2026-02-20T12:58:50.656+0000] {processor.py:840} INFO - DAG(s) 'load_cb_courses' retrieved from /opt/airflow/dags/load_cb_courses.py
[2026-02-20T12:58:50.684+0000] {logging_mixin.py:188} INFO - [2026-02-20T12:58:50.684+0000] {dag.py:3089} INFO - Sync 1 DAGs
[2026-02-20T12:58:50.709+0000] {logging_mixin.py:188} INFO - [2026-02-20T12:58:50.709+0000] {dag.py:3947} INFO - Setting next_dagrun for load_cb_courses to 2026-02-20 00:00:00+00:00, run_after=2026-02-21 00:00:00+00:00
[2026-02-20T12:58:50.733+0000] {processor.py:183} INFO - Processing /opt/airflow/dags/load_cb_courses.py took 0.701 seconds
[2026-02-20T12:59:21.230+0000] {processor.py:161} INFO - Started process (PID=10282) to work on /opt/airflow/dags/load_cb_courses.py
[2026-02-20T12:59:21.238+0000] {processor.py:830} INFO - Processing file /opt/airflow/dags/load_cb_courses.py for tasks to queue
[2026-02-20T12:59:21.241+0000] {logging_mixin.py:188} INFO - [2026-02-20T12:59:21.241+0000] {dagbag.py:545} INFO - Filling up the DagBag from /opt/airflow/dags/load_cb_courses.py
[2026-02-20T12:59:21.802+0000] {processor.py:840} INFO - DAG(s) 'load_cb_courses' retrieved from /opt/airflow/dags/load_cb_courses.py
[2026-02-20T12:59:21.830+0000] {logging_mixin.py:188} INFO - [2026-02-20T12:59:21.829+0000] {dag.py:3089} INFO - Sync 1 DAGs
[2026-02-20T12:59:21.853+0000] {logging_mixin.py:188} INFO - [2026-02-20T12:59:21.852+0000] {dag.py:3947} INFO - Setting next_dagrun for load_cb_courses to 2026-02-20 00:00:00+00:00, run_after=2026-02-21 00:00:00+00:00
[2026-02-20T12:59:21.875+0000] {processor.py:183} INFO - Processing /opt/airflow/dags/load_cb_courses.py took 0.652 seconds
[2026-02-20T12:59:52.657+0000] {processor.py:161} INFO - Started process (PID=10314) to work on /opt/airflow/dags/load_cb_courses.py
[2026-02-20T12:59:52.659+0000] {processor.py:830} INFO - Processing file /opt/airflow/dags/load_cb_courses.py for tasks to queue
[2026-02-20T12:59:52.662+0000] {logging_mixin.py:188} INFO - [2026-02-20T12:59:52.661+0000] {dagbag.py:545} INFO - Filling up the DagBag from /opt/airflow/dags/load_cb_courses.py
[2026-02-20T12:59:53.319+0000] {processor.py:840} INFO - DAG(s) 'load_cb_courses' retrieved from /opt/airflow/dags/load_cb_courses.py
[2026-02-20T12:59:53.347+0000] {logging_mixin.py:188} INFO - [2026-02-20T12:59:53.347+0000] {dag.py:3089} INFO - Sync 1 DAGs
[2026-02-20T12:59:53.373+0000] {logging_mixin.py:188} INFO - [2026-02-20T12:59:53.372+0000] {dag.py:3947} INFO - Setting next_dagrun for load_cb_courses to 2026-02-20 00:00:00+00:00, run_after=2026-02-21 00:00:00+00:00
[2026-02-20T12:59:53.397+0000] {processor.py:183} INFO - Processing /opt/airflow/dags/load_cb_courses.py took 0.753 seconds
[2026-02-20T13:00:24.143+0000] {processor.py:161} INFO - Started process (PID=10345) to work on /opt/airflow/dags/load_cb_courses.py
[2026-02-20T13:00:24.144+0000] {processor.py:830} INFO - Processing file /opt/airflow/dags/load_cb_courses.py for tasks to queue
[2026-02-20T13:00:24.146+0000] {logging_mixin.py:188} INFO - [2026-02-20T13:00:24.146+0000] {dagbag.py:545} INFO - Filling up the DagBag from /opt/airflow/dags/load_cb_courses.py
[2026-02-20T13:00:24.815+0000] {processor.py:840} INFO - DAG(s) 'load_cb_courses' retrieved from /opt/airflow/dags/load_cb_courses.py
[2026-02-20T13:00:24.853+0000] {logging_mixin.py:188} INFO - [2026-02-20T13:00:24.852+0000] {dag.py:3089} INFO - Sync 1 DAGs
[2026-02-20T13:00:24.878+0000] {logging_mixin.py:188} INFO - [2026-02-20T13:00:24.878+0000] {dag.py:3947} INFO - Setting next_dagrun for load_cb_courses to 2026-02-20 00:00:00+00:00, run_after=2026-02-21 00:00:00+00:00
[2026-02-20T13:00:24.911+0000] {processor.py:183} INFO - Processing /opt/airflow/dags/load_cb_courses.py took 0.776 seconds
[2026-02-20T13:00:56.573+0000] {processor.py:161} INFO - Started process (PID=10370) to work on /opt/airflow/dags/load_cb_courses.py
[2026-02-20T13:00:56.583+0000] {processor.py:830} INFO - Processing file /opt/airflow/dags/load_cb_courses.py for tasks to queue
[2026-02-20T13:00:56.591+0000] {logging_mixin.py:188} INFO - [2026-02-20T13:00:56.590+0000] {dagbag.py:545} INFO - Filling up the DagBag from /opt/airflow/dags/load_cb_courses.py
[2026-02-20T13:00:57.447+0000] {processor.py:840} INFO - DAG(s) 'load_cb_courses' retrieved from /opt/airflow/dags/load_cb_courses.py
[2026-02-20T13:00:57.475+0000] {logging_mixin.py:188} INFO - [2026-02-20T13:00:57.474+0000] {dag.py:3089} INFO - Sync 1 DAGs
[2026-02-20T13:00:57.501+0000] {logging_mixin.py:188} INFO - [2026-02-20T13:00:57.501+0000] {dag.py:3947} INFO - Setting next_dagrun for load_cb_courses to 2026-02-20 00:00:00+00:00, run_after=2026-02-21 00:00:00+00:00
[2026-02-20T13:00:57.526+0000] {processor.py:183} INFO - Processing /opt/airflow/dags/load_cb_courses.py took 0.963 seconds
[2026-02-20T13:01:28.681+0000] {processor.py:161} INFO - Started process (PID=10401) to work on /opt/airflow/dags/load_cb_courses.py
[2026-02-20T13:01:28.683+0000] {processor.py:830} INFO - Processing file /opt/airflow/dags/load_cb_courses.py for tasks to queue
[2026-02-20T13:01:28.684+0000] {logging_mixin.py:188} INFO - [2026-02-20T13:01:28.684+0000] {dagbag.py:545} INFO - Filling up the DagBag from /opt/airflow/dags/load_cb_courses.py
[2026-02-20T13:01:29.212+0000] {processor.py:840} INFO - DAG(s) 'load_cb_courses' retrieved from /opt/airflow/dags/load_cb_courses.py
[2026-02-20T13:01:29.236+0000] {logging_mixin.py:188} INFO - [2026-02-20T13:01:29.236+0000] {dag.py:3089} INFO - Sync 1 DAGs
[2026-02-20T13:01:29.259+0000] {logging_mixin.py:188} INFO - [2026-02-20T13:01:29.258+0000] {dag.py:3947} INFO - Setting next_dagrun for load_cb_courses to 2026-02-20 00:00:00+00:00, run_after=2026-02-21 00:00:00+00:00
[2026-02-20T13:01:29.282+0000] {processor.py:183} INFO - Processing /opt/airflow/dags/load_cb_courses.py took 0.610 seconds
[2026-02-20T13:01:59.460+0000] {processor.py:161} INFO - Started process (PID=10425) to work on /opt/airflow/dags/load_cb_courses.py
[2026-02-20T13:01:59.462+0000] {processor.py:830} INFO - Processing file /opt/airflow/dags/load_cb_courses.py for tasks to queue
[2026-02-20T13:01:59.464+0000] {logging_mixin.py:188} INFO - [2026-02-20T13:01:59.463+0000] {dagbag.py:545} INFO - Filling up the DagBag from /opt/airflow/dags/load_cb_courses.py
[2026-02-20T13:02:00.152+0000] {processor.py:840} INFO - DAG(s) 'load_cb_courses' retrieved from /opt/airflow/dags/load_cb_courses.py
[2026-02-20T13:02:00.183+0000] {logging_mixin.py:188} INFO - [2026-02-20T13:02:00.182+0000] {dag.py:3089} INFO - Sync 1 DAGs
[2026-02-20T13:02:00.213+0000] {logging_mixin.py:188} INFO - [2026-02-20T13:02:00.212+0000] {dag.py:3947} INFO - Setting next_dagrun for load_cb_courses to 2026-02-20 00:00:00+00:00, run_after=2026-02-21 00:00:00+00:00
[2026-02-20T13:02:00.246+0000] {processor.py:183} INFO - Processing /opt/airflow/dags/load_cb_courses.py took 0.795 seconds
[2026-02-20T13:02:30.418+0000] {processor.py:161} INFO - Started process (PID=10456) to work on /opt/airflow/dags/load_cb_courses.py
[2026-02-20T13:02:30.420+0000] {processor.py:830} INFO - Processing file /opt/airflow/dags/load_cb_courses.py for tasks to queue
[2026-02-20T13:02:30.422+0000] {logging_mixin.py:188} INFO - [2026-02-20T13:02:30.421+0000] {dagbag.py:545} INFO - Filling up the DagBag from /opt/airflow/dags/load_cb_courses.py
[2026-02-20T13:02:31.004+0000] {processor.py:840} INFO - DAG(s) 'load_cb_courses' retrieved from /opt/airflow/dags/load_cb_courses.py
[2026-02-20T13:02:31.031+0000] {logging_mixin.py:188} INFO - [2026-02-20T13:02:31.030+0000] {dag.py:3089} INFO - Sync 1 DAGs
[2026-02-20T13:02:31.052+0000] {logging_mixin.py:188} INFO - [2026-02-20T13:02:31.051+0000] {dag.py:3947} INFO - Setting next_dagrun for load_cb_courses to 2026-02-20 00:00:00+00:00, run_after=2026-02-21 00:00:00+00:00
[2026-02-20T13:02:31.074+0000] {processor.py:183} INFO - Processing /opt/airflow/dags/load_cb_courses.py took 0.667 seconds
[2026-02-20T13:03:01.844+0000] {processor.py:161} INFO - Started process (PID=10481) to work on /opt/airflow/dags/load_cb_courses.py
[2026-02-20T13:03:01.845+0000] {processor.py:830} INFO - Processing file /opt/airflow/dags/load_cb_courses.py for tasks to queue
[2026-02-20T13:03:01.846+0000] {logging_mixin.py:188} INFO - [2026-02-20T13:03:01.846+0000] {dagbag.py:545} INFO - Filling up the DagBag from /opt/airflow/dags/load_cb_courses.py
[2026-02-20T13:03:02.375+0000] {processor.py:840} INFO - DAG(s) 'load_cb_courses' retrieved from /opt/airflow/dags/load_cb_courses.py
[2026-02-20T13:03:02.399+0000] {logging_mixin.py:188} INFO - [2026-02-20T13:03:02.399+0000] {dag.py:3089} INFO - Sync 1 DAGs
[2026-02-20T13:03:02.425+0000] {logging_mixin.py:188} INFO - [2026-02-20T13:03:02.424+0000] {dag.py:3947} INFO - Setting next_dagrun for load_cb_courses to 2026-02-20 00:00:00+00:00, run_after=2026-02-21 00:00:00+00:00
[2026-02-20T13:03:02.446+0000] {processor.py:183} INFO - Processing /opt/airflow/dags/load_cb_courses.py took 0.609 seconds
[2026-02-20T13:03:33.305+0000] {processor.py:161} INFO - Started process (PID=10512) to work on /opt/airflow/dags/load_cb_courses.py
[2026-02-20T13:03:33.307+0000] {processor.py:830} INFO - Processing file /opt/airflow/dags/load_cb_courses.py for tasks to queue
[2026-02-20T13:03:33.309+0000] {logging_mixin.py:188} INFO - [2026-02-20T13:03:33.308+0000] {dagbag.py:545} INFO - Filling up the DagBag from /opt/airflow/dags/load_cb_courses.py
[2026-02-20T13:03:33.853+0000] {processor.py:840} INFO - DAG(s) 'load_cb_courses' retrieved from /opt/airflow/dags/load_cb_courses.py
[2026-02-20T13:03:33.878+0000] {logging_mixin.py:188} INFO - [2026-02-20T13:03:33.877+0000] {dag.py:3089} INFO - Sync 1 DAGs
[2026-02-20T13:03:33.899+0000] {logging_mixin.py:188} INFO - [2026-02-20T13:03:33.899+0000] {dag.py:3947} INFO - Setting next_dagrun for load_cb_courses to 2026-02-20 00:00:00+00:00, run_after=2026-02-21 00:00:00+00:00
[2026-02-20T13:03:33.921+0000] {processor.py:183} INFO - Processing /opt/airflow/dags/load_cb_courses.py took 0.624 seconds
[2026-02-20T13:04:03.991+0000] {processor.py:161} INFO - Started process (PID=10537) to work on /opt/airflow/dags/load_cb_courses.py
[2026-02-20T13:04:03.993+0000] {processor.py:830} INFO - Processing file /opt/airflow/dags/load_cb_courses.py for tasks to queue
[2026-02-20T13:04:03.994+0000] {logging_mixin.py:188} INFO - [2026-02-20T13:04:03.994+0000] {dagbag.py:545} INFO - Filling up the DagBag from /opt/airflow/dags/load_cb_courses.py
[2026-02-20T13:04:04.584+0000] {processor.py:840} INFO - DAG(s) 'load_cb_courses' retrieved from /opt/airflow/dags/load_cb_courses.py
[2026-02-20T13:04:04.612+0000] {logging_mixin.py:188} INFO - [2026-02-20T13:04:04.612+0000] {dag.py:3089} INFO - Sync 1 DAGs
[2026-02-20T13:04:04.636+0000] {logging_mixin.py:188} INFO - [2026-02-20T13:04:04.635+0000] {dag.py:3947} INFO - Setting next_dagrun for load_cb_courses to 2026-02-20 00:00:00+00:00, run_after=2026-02-21 00:00:00+00:00
[2026-02-20T13:04:04.658+0000] {processor.py:183} INFO - Processing /opt/airflow/dags/load_cb_courses.py took 0.675 seconds
[2026-02-20T13:04:35.519+0000] {processor.py:161} INFO - Started process (PID=10570) to work on /opt/airflow/dags/load_cb_courses.py
[2026-02-20T13:04:35.522+0000] {processor.py:830} INFO - Processing file /opt/airflow/dags/load_cb_courses.py for tasks to queue
[2026-02-20T13:04:35.524+0000] {logging_mixin.py:188} INFO - [2026-02-20T13:04:35.524+0000] {dagbag.py:545} INFO - Filling up the DagBag from /opt/airflow/dags/load_cb_courses.py
[2026-02-20T13:04:36.082+0000] {processor.py:840} INFO - DAG(s) 'load_cb_courses' retrieved from /opt/airflow/dags/load_cb_courses.py
[2026-02-20T13:04:36.107+0000] {logging_mixin.py:188} INFO - [2026-02-20T13:04:36.106+0000] {dag.py:3089} INFO - Sync 1 DAGs
[2026-02-20T13:04:36.131+0000] {logging_mixin.py:188} INFO - [2026-02-20T13:04:36.130+0000] {dag.py:3947} INFO - Setting next_dagrun for load_cb_courses to 2026-02-20 00:00:00+00:00, run_after=2026-02-21 00:00:00+00:00
[2026-02-20T13:04:36.160+0000] {processor.py:183} INFO - Processing /opt/airflow/dags/load_cb_courses.py took 0.648 seconds
[2026-02-20T13:05:07.020+0000] {processor.py:161} INFO - Started process (PID=10596) to work on /opt/airflow/dags/load_cb_courses.py
[2026-02-20T13:05:07.022+0000] {processor.py:830} INFO - Processing file /opt/airflow/dags/load_cb_courses.py for tasks to queue
[2026-02-20T13:05:07.024+0000] {logging_mixin.py:188} INFO - [2026-02-20T13:05:07.023+0000] {dagbag.py:545} INFO - Filling up the DagBag from /opt/airflow/dags/load_cb_courses.py
[2026-02-20T13:05:07.578+0000] {processor.py:840} INFO - DAG(s) 'load_cb_courses' retrieved from /opt/airflow/dags/load_cb_courses.py
[2026-02-20T13:05:07.617+0000] {logging_mixin.py:188} INFO - [2026-02-20T13:05:07.616+0000] {dag.py:3089} INFO - Sync 1 DAGs
[2026-02-20T13:05:07.673+0000] {logging_mixin.py:188} INFO - [2026-02-20T13:05:07.673+0000] {dag.py:3947} INFO - Setting next_dagrun for load_cb_courses to 2026-02-20 00:00:00+00:00, run_after=2026-02-21 00:00:00+00:00
[2026-02-20T13:05:07.701+0000] {processor.py:183} INFO - Processing /opt/airflow/dags/load_cb_courses.py took 0.688 seconds
[2026-02-20T13:05:38.549+0000] {processor.py:161} INFO - Started process (PID=10628) to work on /opt/airflow/dags/load_cb_courses.py
[2026-02-20T13:05:38.550+0000] {processor.py:830} INFO - Processing file /opt/airflow/dags/load_cb_courses.py for tasks to queue
[2026-02-20T13:05:38.551+0000] {logging_mixin.py:188} INFO - [2026-02-20T13:05:38.551+0000] {dagbag.py:545} INFO - Filling up the DagBag from /opt/airflow/dags/load_cb_courses.py
[2026-02-20T13:05:39.089+0000] {processor.py:840} INFO - DAG(s) 'load_cb_courses' retrieved from /opt/airflow/dags/load_cb_courses.py
[2026-02-20T13:05:39.118+0000] {logging_mixin.py:188} INFO - [2026-02-20T13:05:39.117+0000] {dag.py:3089} INFO - Sync 1 DAGs
[2026-02-20T13:05:39.142+0000] {logging_mixin.py:188} INFO - [2026-02-20T13:05:39.141+0000] {dag.py:3947} INFO - Setting next_dagrun for load_cb_courses to 2026-02-20 00:00:00+00:00, run_after=2026-02-21 00:00:00+00:00
[2026-02-20T13:05:39.169+0000] {processor.py:183} INFO - Processing /opt/airflow/dags/load_cb_courses.py took 0.628 seconds
[2026-02-20T13:06:10.190+0000] {processor.py:161} INFO - Started process (PID=10653) to work on /opt/airflow/dags/load_cb_courses.py
[2026-02-20T13:06:10.192+0000] {processor.py:830} INFO - Processing file /opt/airflow/dags/load_cb_courses.py for tasks to queue
[2026-02-20T13:06:10.193+0000] {logging_mixin.py:188} INFO - [2026-02-20T13:06:10.193+0000] {dagbag.py:545} INFO - Filling up the DagBag from /opt/airflow/dags/load_cb_courses.py
[2026-02-20T13:06:10.868+0000] {processor.py:840} INFO - DAG(s) 'load_cb_courses' retrieved from /opt/airflow/dags/load_cb_courses.py
[2026-02-20T13:06:10.894+0000] {logging_mixin.py:188} INFO - [2026-02-20T13:06:10.893+0000] {dag.py:3089} INFO - Sync 1 DAGs
[2026-02-20T13:06:10.930+0000] {logging_mixin.py:188} INFO - [2026-02-20T13:06:10.929+0000] {dag.py:3947} INFO - Setting next_dagrun for load_cb_courses to 2026-02-20 00:00:00+00:00, run_after=2026-02-21 00:00:00+00:00
[2026-02-20T13:06:10.957+0000] {processor.py:183} INFO - Processing /opt/airflow/dags/load_cb_courses.py took 0.775 seconds
[2026-02-20T13:06:41.058+0000] {processor.py:161} INFO - Started process (PID=10684) to work on /opt/airflow/dags/load_cb_courses.py
[2026-02-20T13:06:41.060+0000] {processor.py:830} INFO - Processing file /opt/airflow/dags/load_cb_courses.py for tasks to queue
[2026-02-20T13:06:41.062+0000] {logging_mixin.py:188} INFO - [2026-02-20T13:06:41.061+0000] {dagbag.py:545} INFO - Filling up the DagBag from /opt/airflow/dags/load_cb_courses.py
[2026-02-20T13:06:41.758+0000] {processor.py:840} INFO - DAG(s) 'load_cb_courses' retrieved from /opt/airflow/dags/load_cb_courses.py
[2026-02-20T13:06:41.786+0000] {logging_mixin.py:188} INFO - [2026-02-20T13:06:41.786+0000] {dag.py:3089} INFO - Sync 1 DAGs
[2026-02-20T13:06:41.818+0000] {logging_mixin.py:188} INFO - [2026-02-20T13:06:41.817+0000] {dag.py:3947} INFO - Setting next_dagrun for load_cb_courses to 2026-02-20 00:00:00+00:00, run_after=2026-02-21 00:00:00+00:00
[2026-02-20T13:06:41.864+0000] {processor.py:183} INFO - Processing /opt/airflow/dags/load_cb_courses.py took 0.817 seconds
[2026-02-20T13:07:12.768+0000] {processor.py:161} INFO - Started process (PID=10709) to work on /opt/airflow/dags/load_cb_courses.py
[2026-02-20T13:07:12.770+0000] {processor.py:830} INFO - Processing file /opt/airflow/dags/load_cb_courses.py for tasks to queue
[2026-02-20T13:07:12.772+0000] {logging_mixin.py:188} INFO - [2026-02-20T13:07:12.772+0000] {dagbag.py:545} INFO - Filling up the DagBag from /opt/airflow/dags/load_cb_courses.py
[2026-02-20T13:07:13.406+0000] {processor.py:840} INFO - DAG(s) 'load_cb_courses' retrieved from /opt/airflow/dags/load_cb_courses.py
[2026-02-20T13:07:13.437+0000] {logging_mixin.py:188} INFO - [2026-02-20T13:07:13.437+0000] {dag.py:3089} INFO - Sync 1 DAGs
[2026-02-20T13:07:13.466+0000] {logging_mixin.py:188} INFO - [2026-02-20T13:07:13.466+0000] {dag.py:3947} INFO - Setting next_dagrun for load_cb_courses to 2026-02-20 00:00:00+00:00, run_after=2026-02-21 00:00:00+00:00
[2026-02-20T13:07:13.498+0000] {processor.py:183} INFO - Processing /opt/airflow/dags/load_cb_courses.py took 0.739 seconds
[2026-02-20T13:07:43.771+0000] {processor.py:161} INFO - Started process (PID=10741) to work on /opt/airflow/dags/load_cb_courses.py
[2026-02-20T13:07:43.773+0000] {processor.py:830} INFO - Processing file /opt/airflow/dags/load_cb_courses.py for tasks to queue
[2026-02-20T13:07:43.774+0000] {logging_mixin.py:188} INFO - [2026-02-20T13:07:43.774+0000] {dagbag.py:545} INFO - Filling up the DagBag from /opt/airflow/dags/load_cb_courses.py
[2026-02-20T13:07:44.387+0000] {processor.py:840} INFO - DAG(s) 'load_cb_courses' retrieved from /opt/airflow/dags/load_cb_courses.py
[2026-02-20T13:07:44.425+0000] {logging_mixin.py:188} INFO - [2026-02-20T13:07:44.425+0000] {dag.py:3089} INFO - Sync 1 DAGs
[2026-02-20T13:07:44.451+0000] {logging_mixin.py:188} INFO - [2026-02-20T13:07:44.451+0000] {dag.py:3947} INFO - Setting next_dagrun for load_cb_courses to 2026-02-20 00:00:00+00:00, run_after=2026-02-21 00:00:00+00:00
[2026-02-20T13:07:44.480+0000] {processor.py:183} INFO - Processing /opt/airflow/dags/load_cb_courses.py took 0.717 seconds
[2026-02-20T13:08:15.247+0000] {processor.py:161} INFO - Started process (PID=10774) to work on /opt/airflow/dags/load_cb_courses.py
[2026-02-20T13:08:15.250+0000] {processor.py:830} INFO - Processing file /opt/airflow/dags/load_cb_courses.py for tasks to queue
[2026-02-20T13:08:15.253+0000] {logging_mixin.py:188} INFO - [2026-02-20T13:08:15.252+0000] {dagbag.py:545} INFO - Filling up the DagBag from /opt/airflow/dags/load_cb_courses.py
[2026-02-20T13:08:15.931+0000] {processor.py:840} INFO - DAG(s) 'load_cb_courses' retrieved from /opt/airflow/dags/load_cb_courses.py
[2026-02-20T13:08:15.961+0000] {logging_mixin.py:188} INFO - [2026-02-20T13:08:15.960+0000] {dag.py:3089} INFO - Sync 1 DAGs
[2026-02-20T13:08:15.995+0000] {logging_mixin.py:188} INFO - [2026-02-20T13:08:15.994+0000] {dag.py:3947} INFO - Setting next_dagrun for load_cb_courses to 2026-02-20 00:00:00+00:00, run_after=2026-02-21 00:00:00+00:00
[2026-02-20T13:08:16.028+0000] {processor.py:183} INFO - Processing /opt/airflow/dags/load_cb_courses.py took 0.792 seconds
[2026-02-20T13:08:46.729+0000] {processor.py:161} INFO - Started process (PID=10798) to work on /opt/airflow/dags/load_cb_courses.py
[2026-02-20T13:08:46.731+0000] {processor.py:830} INFO - Processing file /opt/airflow/dags/load_cb_courses.py for tasks to queue
[2026-02-20T13:08:46.732+0000] {logging_mixin.py:188} INFO - [2026-02-20T13:08:46.732+0000] {dagbag.py:545} INFO - Filling up the DagBag from /opt/airflow/dags/load_cb_courses.py
[2026-02-20T13:08:47.337+0000] {processor.py:840} INFO - DAG(s) 'load_cb_courses' retrieved from /opt/airflow/dags/load_cb_courses.py
[2026-02-20T13:08:47.365+0000] {logging_mixin.py:188} INFO - [2026-02-20T13:08:47.365+0000] {dag.py:3089} INFO - Sync 1 DAGs
[2026-02-20T13:08:47.393+0000] {logging_mixin.py:188} INFO - [2026-02-20T13:08:47.392+0000] {dag.py:3947} INFO - Setting next_dagrun for load_cb_courses to 2026-02-20 00:00:00+00:00, run_after=2026-02-21 00:00:00+00:00
[2026-02-20T13:08:47.417+0000] {processor.py:183} INFO - Processing /opt/airflow/dags/load_cb_courses.py took 0.696 seconds
[2026-02-20T13:09:18.141+0000] {processor.py:161} INFO - Started process (PID=10823) to work on /opt/airflow/dags/load_cb_courses.py
[2026-02-20T13:09:18.149+0000] {processor.py:830} INFO - Processing file /opt/airflow/dags/load_cb_courses.py for tasks to queue
[2026-02-20T13:09:18.152+0000] {logging_mixin.py:188} INFO - [2026-02-20T13:09:18.151+0000] {dagbag.py:545} INFO - Filling up the DagBag from /opt/airflow/dags/load_cb_courses.py
[2026-02-20T13:09:18.779+0000] {processor.py:840} INFO - DAG(s) 'load_cb_courses' retrieved from /opt/airflow/dags/load_cb_courses.py
[2026-02-20T13:09:18.803+0000] {logging_mixin.py:188} INFO - [2026-02-20T13:09:18.802+0000] {dag.py:3089} INFO - Sync 1 DAGs
[2026-02-20T13:09:18.826+0000] {logging_mixin.py:188} INFO - [2026-02-20T13:09:18.826+0000] {dag.py:3947} INFO - Setting next_dagrun for load_cb_courses to 2026-02-20 00:00:00+00:00, run_after=2026-02-21 00:00:00+00:00
[2026-02-20T13:09:18.846+0000] {processor.py:183} INFO - Processing /opt/airflow/dags/load_cb_courses.py took 0.714 seconds
[2026-02-20T13:09:49.516+0000] {processor.py:161} INFO - Started process (PID=10855) to work on /opt/airflow/dags/load_cb_courses.py
[2026-02-20T13:09:49.518+0000] {processor.py:830} INFO - Processing file /opt/airflow/dags/load_cb_courses.py for tasks to queue
[2026-02-20T13:09:49.519+0000] {logging_mixin.py:188} INFO - [2026-02-20T13:09:49.519+0000] {dagbag.py:545} INFO - Filling up the DagBag from /opt/airflow/dags/load_cb_courses.py
[2026-02-20T13:09:50.129+0000] {processor.py:840} INFO - DAG(s) 'load_cb_courses' retrieved from /opt/airflow/dags/load_cb_courses.py
[2026-02-20T13:09:50.159+0000] {logging_mixin.py:188} INFO - [2026-02-20T13:09:50.158+0000] {dag.py:3089} INFO - Sync 1 DAGs
[2026-02-20T13:09:50.182+0000] {logging_mixin.py:188} INFO - [2026-02-20T13:09:50.182+0000] {dag.py:3947} INFO - Setting next_dagrun for load_cb_courses to 2026-02-20 00:00:00+00:00, run_after=2026-02-21 00:00:00+00:00
[2026-02-20T13:09:50.209+0000] {processor.py:183} INFO - Processing /opt/airflow/dags/load_cb_courses.py took 0.702 seconds
[2026-02-20T13:10:21.057+0000] {processor.py:161} INFO - Started process (PID=10888) to work on /opt/airflow/dags/load_cb_courses.py
[2026-02-20T13:10:21.060+0000] {processor.py:830} INFO - Processing file /opt/airflow/dags/load_cb_courses.py for tasks to queue
[2026-02-20T13:10:21.064+0000] {logging_mixin.py:188} INFO - [2026-02-20T13:10:21.063+0000] {dagbag.py:545} INFO - Filling up the DagBag from /opt/airflow/dags/load_cb_courses.py
[2026-02-20T13:10:21.777+0000] {processor.py:840} INFO - DAG(s) 'load_cb_courses' retrieved from /opt/airflow/dags/load_cb_courses.py
[2026-02-20T13:10:21.819+0000] {logging_mixin.py:188} INFO - [2026-02-20T13:10:21.819+0000] {dag.py:3089} INFO - Sync 1 DAGs
[2026-02-20T13:10:21.857+0000] {logging_mixin.py:188} INFO - [2026-02-20T13:10:21.856+0000] {dag.py:3947} INFO - Setting next_dagrun for load_cb_courses to 2026-02-20 00:00:00+00:00, run_after=2026-02-21 00:00:00+00:00
[2026-02-20T13:10:21.895+0000] {processor.py:183} INFO - Processing /opt/airflow/dags/load_cb_courses.py took 0.848 seconds
[2026-02-20T13:10:52.104+0000] {processor.py:161} INFO - Started process (PID=10914) to work on /opt/airflow/dags/load_cb_courses.py
[2026-02-20T13:10:52.105+0000] {processor.py:830} INFO - Processing file /opt/airflow/dags/load_cb_courses.py for tasks to queue
[2026-02-20T13:10:52.107+0000] {logging_mixin.py:188} INFO - [2026-02-20T13:10:52.107+0000] {dagbag.py:545} INFO - Filling up the DagBag from /opt/airflow/dags/load_cb_courses.py
[2026-02-20T13:10:50.024+0000] {processor.py:840} INFO - DAG(s) 'load_cb_courses' retrieved from /opt/airflow/dags/load_cb_courses.py
[2026-02-20T13:10:50.056+0000] {logging_mixin.py:188} INFO - [2026-02-20T13:10:50.056+0000] {dag.py:3089} INFO - Sync 1 DAGs
[2026-02-20T13:10:50.093+0000] {logging_mixin.py:188} INFO - [2026-02-20T13:10:50.093+0000] {dag.py:3947} INFO - Setting next_dagrun for load_cb_courses to 2026-02-20 00:00:00+00:00, run_after=2026-02-21 00:00:00+00:00
[2026-02-20T13:10:50.122+0000] {processor.py:183} INFO - Processing /opt/airflow/dags/load_cb_courses.py took 0.753 seconds
[2026-02-20T13:11:21.001+0000] {processor.py:161} INFO - Started process (PID=10944) to work on /opt/airflow/dags/load_cb_courses.py
[2026-02-20T13:11:21.002+0000] {processor.py:830} INFO - Processing file /opt/airflow/dags/load_cb_courses.py for tasks to queue
[2026-02-20T13:11:21.003+0000] {logging_mixin.py:188} INFO - [2026-02-20T13:11:21.003+0000] {dagbag.py:545} INFO - Filling up the DagBag from /opt/airflow/dags/load_cb_courses.py
[2026-02-20T13:11:21.599+0000] {processor.py:840} INFO - DAG(s) 'load_cb_courses' retrieved from /opt/airflow/dags/load_cb_courses.py
[2026-02-20T13:11:21.628+0000] {logging_mixin.py:188} INFO - [2026-02-20T13:11:21.627+0000] {dag.py:3089} INFO - Sync 1 DAGs
[2026-02-20T13:11:21.652+0000] {logging_mixin.py:188} INFO - [2026-02-20T13:11:21.652+0000] {dag.py:3947} INFO - Setting next_dagrun for load_cb_courses to 2026-02-20 00:00:00+00:00, run_after=2026-02-21 00:00:00+00:00
[2026-02-20T13:11:21.675+0000] {processor.py:183} INFO - Processing /opt/airflow/dags/load_cb_courses.py took 0.682 seconds
[2026-02-20T13:11:52.346+0000] {processor.py:161} INFO - Started process (PID=10975) to work on /opt/airflow/dags/load_cb_courses.py
[2026-02-20T13:11:52.348+0000] {processor.py:830} INFO - Processing file /opt/airflow/dags/load_cb_courses.py for tasks to queue
[2026-02-20T13:11:52.349+0000] {logging_mixin.py:188} INFO - [2026-02-20T13:11:52.349+0000] {dagbag.py:545} INFO - Filling up the DagBag from /opt/airflow/dags/load_cb_courses.py
[2026-02-20T13:11:52.980+0000] {processor.py:840} INFO - DAG(s) 'load_cb_courses' retrieved from /opt/airflow/dags/load_cb_courses.py
[2026-02-20T13:11:53.009+0000] {logging_mixin.py:188} INFO - [2026-02-20T13:11:53.009+0000] {dag.py:3089} INFO - Sync 1 DAGs
[2026-02-20T13:11:53.038+0000] {logging_mixin.py:188} INFO - [2026-02-20T13:11:53.038+0000] {dag.py:3947} INFO - Setting next_dagrun for load_cb_courses to 2026-02-20 00:00:00+00:00, run_after=2026-02-21 00:00:00+00:00
[2026-02-20T13:11:53.063+0000] {processor.py:183} INFO - Processing /opt/airflow/dags/load_cb_courses.py took 0.725 seconds
[2026-02-20T13:12:24.266+0000] {processor.py:161} INFO - Started process (PID=11000) to work on /opt/airflow/dags/load_cb_courses.py
[2026-02-20T13:12:24.276+0000] {processor.py:830} INFO - Processing file /opt/airflow/dags/load_cb_courses.py for tasks to queue
[2026-02-20T13:12:24.289+0000] {logging_mixin.py:188} INFO - [2026-02-20T13:12:24.288+0000] {dagbag.py:545} INFO - Filling up the DagBag from /opt/airflow/dags/load_cb_courses.py
[2026-02-20T13:12:25.451+0000] {processor.py:840} INFO - DAG(s) 'load_cb_courses' retrieved from /opt/airflow/dags/load_cb_courses.py
[2026-02-20T13:12:25.480+0000] {logging_mixin.py:188} INFO - [2026-02-20T13:12:25.479+0000] {dag.py:3089} INFO - Sync 1 DAGs
[2026-02-20T13:12:25.504+0000] {logging_mixin.py:188} INFO - [2026-02-20T13:12:25.504+0000] {dag.py:3947} INFO - Setting next_dagrun for load_cb_courses to 2026-02-20 00:00:00+00:00, run_after=2026-02-21 00:00:00+00:00
[2026-02-20T13:12:25.534+0000] {processor.py:183} INFO - Processing /opt/airflow/dags/load_cb_courses.py took 1.284 seconds
[2026-02-20T13:12:56.184+0000] {processor.py:161} INFO - Started process (PID=11032) to work on /opt/airflow/dags/load_cb_courses.py
[2026-02-20T13:12:56.186+0000] {processor.py:830} INFO - Processing file /opt/airflow/dags/load_cb_courses.py for tasks to queue
[2026-02-20T13:12:56.187+0000] {logging_mixin.py:188} INFO - [2026-02-20T13:12:56.187+0000] {dagbag.py:545} INFO - Filling up the DagBag from /opt/airflow/dags/load_cb_courses.py
[2026-02-20T13:12:56.747+0000] {processor.py:840} INFO - DAG(s) 'load_cb_courses' retrieved from /opt/airflow/dags/load_cb_courses.py
[2026-02-20T13:12:56.780+0000] {logging_mixin.py:188} INFO - [2026-02-20T13:12:56.779+0000] {dag.py:3089} INFO - Sync 1 DAGs
[2026-02-20T13:12:56.807+0000] {logging_mixin.py:188} INFO - [2026-02-20T13:12:56.806+0000] {dag.py:3947} INFO - Setting next_dagrun for load_cb_courses to 2026-02-20 00:00:00+00:00, run_after=2026-02-21 00:00:00+00:00
[2026-02-20T13:12:56.828+0000] {processor.py:183} INFO - Processing /opt/airflow/dags/load_cb_courses.py took 0.654 seconds
[2026-02-20T13:13:27.657+0000] {processor.py:161} INFO - Started process (PID=11057) to work on /opt/airflow/dags/load_cb_courses.py
[2026-02-20T13:13:27.660+0000] {processor.py:830} INFO - Processing file /opt/airflow/dags/load_cb_courses.py for tasks to queue
[2026-02-20T13:13:27.663+0000] {logging_mixin.py:188} INFO - [2026-02-20T13:13:27.662+0000] {dagbag.py:545} INFO - Filling up the DagBag from /opt/airflow/dags/load_cb_courses.py
[2026-02-20T13:13:28.244+0000] {processor.py:840} INFO - DAG(s) 'load_cb_courses' retrieved from /opt/airflow/dags/load_cb_courses.py
[2026-02-20T13:13:28.272+0000] {logging_mixin.py:188} INFO - [2026-02-20T13:13:28.271+0000] {dag.py:3089} INFO - Sync 1 DAGs
[2026-02-20T13:13:28.296+0000] {logging_mixin.py:188} INFO - [2026-02-20T13:13:28.296+0000] {dag.py:3947} INFO - Setting next_dagrun for load_cb_courses to 2026-02-20 00:00:00+00:00, run_after=2026-02-21 00:00:00+00:00
[2026-02-20T13:13:28.321+0000] {processor.py:183} INFO - Processing /opt/airflow/dags/load_cb_courses.py took 0.671 seconds
[2026-02-20T13:13:59.140+0000] {processor.py:161} INFO - Started process (PID=11090) to work on /opt/airflow/dags/load_cb_courses.py
[2026-02-20T13:13:59.142+0000] {processor.py:830} INFO - Processing file /opt/airflow/dags/load_cb_courses.py for tasks to queue
[2026-02-20T13:13:59.143+0000] {logging_mixin.py:188} INFO - [2026-02-20T13:13:59.143+0000] {dagbag.py:545} INFO - Filling up the DagBag from /opt/airflow/dags/load_cb_courses.py
[2026-02-20T13:13:59.877+0000] {processor.py:840} INFO - DAG(s) 'load_cb_courses' retrieved from /opt/airflow/dags/load_cb_courses.py
[2026-02-20T13:13:59.905+0000] {logging_mixin.py:188} INFO - [2026-02-20T13:13:59.904+0000] {dag.py:3089} INFO - Sync 1 DAGs
[2026-02-20T13:13:59.930+0000] {logging_mixin.py:188} INFO - [2026-02-20T13:13:59.930+0000] {dag.py:3947} INFO - Setting next_dagrun for load_cb_courses to 2026-02-20 00:00:00+00:00, run_after=2026-02-21 00:00:00+00:00
[2026-02-20T13:13:59.951+0000] {processor.py:183} INFO - Processing /opt/airflow/dags/load_cb_courses.py took 0.820 seconds
[2026-02-20T13:15:05.815+0000] {processor.py:161} INFO - Started process (PID=197) to work on /opt/airflow/dags/load_cb_courses.py
[2026-02-20T13:15:05.859+0000] {processor.py:830} INFO - Processing file /opt/airflow/dags/load_cb_courses.py for tasks to queue
[2026-02-20T13:15:05.908+0000] {logging_mixin.py:188} INFO - [2026-02-20T13:15:05.903+0000] {dagbag.py:545} INFO - Filling up the DagBag from /opt/airflow/dags/load_cb_courses.py
[2026-02-20T13:15:08.408+0000] {processor.py:840} INFO - DAG(s) 'load_cb_courses' retrieved from /opt/airflow/dags/load_cb_courses.py
[2026-02-20T13:15:08.461+0000] {logging_mixin.py:188} INFO - [2026-02-20T13:15:08.460+0000] {dag.py:3089} INFO - Sync 1 DAGs
[2026-02-20T13:15:08.531+0000] {logging_mixin.py:188} INFO - [2026-02-20T13:15:08.530+0000] {dag.py:3947} INFO - Setting next_dagrun for load_cb_courses to 2026-02-20 00:00:00+00:00, run_after=2026-02-21 00:00:00+00:00
[2026-02-20T13:15:08.573+0000] {processor.py:183} INFO - Processing /opt/airflow/dags/load_cb_courses.py took 2.986 seconds
[2026-02-20T13:15:39.080+0000] {processor.py:161} INFO - Started process (PID=225) to work on /opt/airflow/dags/load_cb_courses.py
[2026-02-20T13:15:39.087+0000] {processor.py:830} INFO - Processing file /opt/airflow/dags/load_cb_courses.py for tasks to queue
[2026-02-20T13:15:39.090+0000] {logging_mixin.py:188} INFO - [2026-02-20T13:15:39.089+0000] {dagbag.py:545} INFO - Filling up the DagBag from /opt/airflow/dags/load_cb_courses.py
[2026-02-20T13:15:41.720+0000] {processor.py:840} INFO - DAG(s) 'load_cb_courses' retrieved from /opt/airflow/dags/load_cb_courses.py
[2026-02-20T13:15:41.831+0000] {logging_mixin.py:188} INFO - [2026-02-20T13:15:41.830+0000] {dag.py:3089} INFO - Sync 1 DAGs
[2026-02-20T13:15:41.857+0000] {logging_mixin.py:188} INFO - [2026-02-20T13:15:41.856+0000] {dag.py:3947} INFO - Setting next_dagrun for load_cb_courses to 2026-02-20 00:00:00+00:00, run_after=2026-02-21 00:00:00+00:00
[2026-02-20T13:15:41.889+0000] {processor.py:183} INFO - Processing /opt/airflow/dags/load_cb_courses.py took 2.851 seconds
[2026-02-20T13:16:12.783+0000] {processor.py:161} INFO - Started process (PID=255) to work on /opt/airflow/dags/load_cb_courses.py
[2026-02-20T13:16:12.786+0000] {processor.py:830} INFO - Processing file /opt/airflow/dags/load_cb_courses.py for tasks to queue
[2026-02-20T13:16:12.792+0000] {logging_mixin.py:188} INFO - [2026-02-20T13:16:12.791+0000] {dagbag.py:545} INFO - Filling up the DagBag from /opt/airflow/dags/load_cb_courses.py
[2026-02-20T13:16:13.402+0000] {processor.py:840} INFO - DAG(s) 'load_cb_courses' retrieved from /opt/airflow/dags/load_cb_courses.py
[2026-02-20T13:16:13.434+0000] {logging_mixin.py:188} INFO - [2026-02-20T13:16:13.433+0000] {dag.py:3089} INFO - Sync 1 DAGs
[2026-02-20T13:16:13.457+0000] {logging_mixin.py:188} INFO - [2026-02-20T13:16:13.457+0000] {dag.py:3947} INFO - Setting next_dagrun for load_cb_courses to 2026-02-20 00:00:00+00:00, run_after=2026-02-21 00:00:00+00:00
[2026-02-20T13:16:13.484+0000] {processor.py:183} INFO - Processing /opt/airflow/dags/load_cb_courses.py took 0.717 seconds
[2026-02-20T13:16:44.282+0000] {processor.py:161} INFO - Started process (PID=288) to work on /opt/airflow/dags/load_cb_courses.py
[2026-02-20T13:16:44.284+0000] {processor.py:830} INFO - Processing file /opt/airflow/dags/load_cb_courses.py for tasks to queue
[2026-02-20T13:16:44.287+0000] {logging_mixin.py:188} INFO - [2026-02-20T13:16:44.287+0000] {dagbag.py:545} INFO - Filling up the DagBag from /opt/airflow/dags/load_cb_courses.py
[2026-02-20T13:16:44.875+0000] {processor.py:840} INFO - DAG(s) 'load_cb_courses' retrieved from /opt/airflow/dags/load_cb_courses.py
[2026-02-20T13:16:44.911+0000] {logging_mixin.py:188} INFO - [2026-02-20T13:16:44.911+0000] {dag.py:3089} INFO - Sync 1 DAGs
[2026-02-20T13:16:44.948+0000] {logging_mixin.py:188} INFO - [2026-02-20T13:16:44.947+0000] {dag.py:3947} INFO - Setting next_dagrun for load_cb_courses to 2026-02-20 00:00:00+00:00, run_after=2026-02-21 00:00:00+00:00
[2026-02-20T13:16:44.981+0000] {processor.py:183} INFO - Processing /opt/airflow/dags/load_cb_courses.py took 0.709 seconds
[2026-02-20T13:17:16.104+0000] {processor.py:161} INFO - Started process (PID=314) to work on /opt/airflow/dags/load_cb_courses.py
[2026-02-20T13:17:16.105+0000] {processor.py:830} INFO - Processing file /opt/airflow/dags/load_cb_courses.py for tasks to queue
[2026-02-20T13:17:16.109+0000] {logging_mixin.py:188} INFO - [2026-02-20T13:17:16.109+0000] {dagbag.py:545} INFO - Filling up the DagBag from /opt/airflow/dags/load_cb_courses.py
[2026-02-20T13:17:16.712+0000] {processor.py:840} INFO - DAG(s) 'load_cb_courses' retrieved from /opt/airflow/dags/load_cb_courses.py
[2026-02-20T13:17:16.743+0000] {logging_mixin.py:188} INFO - [2026-02-20T13:17:16.743+0000] {dag.py:3089} INFO - Sync 1 DAGs
[2026-02-20T13:17:16.767+0000] {logging_mixin.py:188} INFO - [2026-02-20T13:17:16.767+0000] {dag.py:3947} INFO - Setting next_dagrun for load_cb_courses to 2026-02-20 00:00:00+00:00, run_after=2026-02-21 00:00:00+00:00
[2026-02-20T13:17:16.792+0000] {processor.py:183} INFO - Processing /opt/airflow/dags/load_cb_courses.py took 0.698 seconds
[2026-02-20T13:17:47.610+0000] {processor.py:161} INFO - Started process (PID=348) to work on /opt/airflow/dags/load_cb_courses.py
[2026-02-20T13:17:47.611+0000] {processor.py:830} INFO - Processing file /opt/airflow/dags/load_cb_courses.py for tasks to queue
[2026-02-20T13:17:47.614+0000] {logging_mixin.py:188} INFO - [2026-02-20T13:17:47.613+0000] {dagbag.py:545} INFO - Filling up the DagBag from /opt/airflow/dags/load_cb_courses.py
[2026-02-20T13:17:48.242+0000] {processor.py:840} INFO - DAG(s) 'load_cb_courses' retrieved from /opt/airflow/dags/load_cb_courses.py
[2026-02-20T13:17:48.274+0000] {logging_mixin.py:188} INFO - [2026-02-20T13:17:48.274+0000] {dag.py:3089} INFO - Sync 1 DAGs
[2026-02-20T13:17:48.299+0000] {logging_mixin.py:188} INFO - [2026-02-20T13:17:48.298+0000] {dag.py:3947} INFO - Setting next_dagrun for load_cb_courses to 2026-02-20 00:00:00+00:00, run_after=2026-02-21 00:00:00+00:00
[2026-02-20T13:17:48.325+0000] {processor.py:183} INFO - Processing /opt/airflow/dags/load_cb_courses.py took 0.726 seconds
[2026-02-20T13:18:19.087+0000] {processor.py:161} INFO - Started process (PID=374) to work on /opt/airflow/dags/load_cb_courses.py
[2026-02-20T13:18:19.088+0000] {processor.py:830} INFO - Processing file /opt/airflow/dags/load_cb_courses.py for tasks to queue
[2026-02-20T13:18:19.091+0000] {logging_mixin.py:188} INFO - [2026-02-20T13:18:19.090+0000] {dagbag.py:545} INFO - Filling up the DagBag from /opt/airflow/dags/load_cb_courses.py
[2026-02-20T13:18:19.705+0000] {processor.py:840} INFO - DAG(s) 'load_cb_courses' retrieved from /opt/airflow/dags/load_cb_courses.py
[2026-02-20T13:18:19.735+0000] {logging_mixin.py:188} INFO - [2026-02-20T13:18:19.734+0000] {dag.py:3089} INFO - Sync 1 DAGs
[2026-02-20T13:18:19.761+0000] {logging_mixin.py:188} INFO - [2026-02-20T13:18:19.760+0000] {dag.py:3947} INFO - Setting next_dagrun for load_cb_courses to 2026-02-20 00:00:00+00:00, run_after=2026-02-21 00:00:00+00:00
[2026-02-20T13:18:19.792+0000] {processor.py:183} INFO - Processing /opt/airflow/dags/load_cb_courses.py took 0.714 seconds
[2026-02-20T13:18:50.706+0000] {processor.py:161} INFO - Started process (PID=406) to work on /opt/airflow/dags/load_cb_courses.py
[2026-02-20T13:18:50.707+0000] {processor.py:830} INFO - Processing file /opt/airflow/dags/load_cb_courses.py for tasks to queue
[2026-02-20T13:18:50.711+0000] {logging_mixin.py:188} INFO - [2026-02-20T13:18:50.710+0000] {dagbag.py:545} INFO - Filling up the DagBag from /opt/airflow/dags/load_cb_courses.py
[2026-02-20T13:18:51.414+0000] {processor.py:840} INFO - DAG(s) 'load_cb_courses' retrieved from /opt/airflow/dags/load_cb_courses.py
[2026-02-20T13:18:51.451+0000] {logging_mixin.py:188} INFO - [2026-02-20T13:18:51.451+0000] {dag.py:3089} INFO - Sync 1 DAGs
[2026-02-20T13:18:51.478+0000] {logging_mixin.py:188} INFO - [2026-02-20T13:18:51.477+0000] {dag.py:3947} INFO - Setting next_dagrun for load_cb_courses to 2026-02-20 00:00:00+00:00, run_after=2026-02-21 00:00:00+00:00
[2026-02-20T13:18:51.502+0000] {processor.py:183} INFO - Processing /opt/airflow/dags/load_cb_courses.py took 0.803 seconds
[2026-02-20T13:19:21.665+0000] {processor.py:161} INFO - Started process (PID=432) to work on /opt/airflow/dags/load_cb_courses.py
[2026-02-20T13:19:21.667+0000] {processor.py:830} INFO - Processing file /opt/airflow/dags/load_cb_courses.py for tasks to queue
[2026-02-20T13:19:21.670+0000] {logging_mixin.py:188} INFO - [2026-02-20T13:19:21.670+0000] {dagbag.py:545} INFO - Filling up the DagBag from /opt/airflow/dags/load_cb_courses.py
[2026-02-20T13:19:22.322+0000] {processor.py:840} INFO - DAG(s) 'load_cb_courses' retrieved from /opt/airflow/dags/load_cb_courses.py
[2026-02-20T13:19:22.348+0000] {logging_mixin.py:188} INFO - [2026-02-20T13:19:22.347+0000] {dag.py:3089} INFO - Sync 1 DAGs
[2026-02-20T13:19:22.375+0000] {logging_mixin.py:188} INFO - [2026-02-20T13:19:22.375+0000] {dag.py:3947} INFO - Setting next_dagrun for load_cb_courses to 2026-02-20 00:00:00+00:00, run_after=2026-02-21 00:00:00+00:00
[2026-02-20T13:19:22.398+0000] {processor.py:183} INFO - Processing /opt/airflow/dags/load_cb_courses.py took 0.742 seconds
[2026-02-20T13:19:53.932+0000] {processor.py:161} INFO - Started process (PID=465) to work on /opt/airflow/dags/load_cb_courses.py
[2026-02-20T13:19:53.941+0000] {processor.py:830} INFO - Processing file /opt/airflow/dags/load_cb_courses.py for tasks to queue
[2026-02-20T13:19:53.950+0000] {logging_mixin.py:188} INFO - [2026-02-20T13:19:53.949+0000] {dagbag.py:545} INFO - Filling up the DagBag from /opt/airflow/dags/load_cb_courses.py
[2026-02-20T13:19:54.829+0000] {processor.py:840} INFO - DAG(s) 'load_cb_courses' retrieved from /opt/airflow/dags/load_cb_courses.py
[2026-02-20T13:19:54.863+0000] {logging_mixin.py:188} INFO - [2026-02-20T13:19:54.862+0000] {dag.py:3089} INFO - Sync 1 DAGs
[2026-02-20T13:19:54.902+0000] {logging_mixin.py:188} INFO - [2026-02-20T13:19:54.901+0000] {dag.py:3947} INFO - Setting next_dagrun for load_cb_courses to 2026-02-20 00:00:00+00:00, run_after=2026-02-21 00:00:00+00:00
[2026-02-20T13:19:54.935+0000] {processor.py:183} INFO - Processing /opt/airflow/dags/load_cb_courses.py took 1.019 seconds
[2026-02-20T13:20:25.111+0000] {processor.py:161} INFO - Started process (PID=498) to work on /opt/airflow/dags/load_cb_courses.py
[2026-02-20T13:20:25.112+0000] {processor.py:830} INFO - Processing file /opt/airflow/dags/load_cb_courses.py for tasks to queue
[2026-02-20T13:20:25.114+0000] {logging_mixin.py:188} INFO - [2026-02-20T13:20:25.114+0000] {dagbag.py:545} INFO - Filling up the DagBag from /opt/airflow/dags/load_cb_courses.py
[2026-02-20T13:20:25.644+0000] {processor.py:840} INFO - DAG(s) 'load_cb_courses' retrieved from /opt/airflow/dags/load_cb_courses.py
[2026-02-20T13:20:25.669+0000] {logging_mixin.py:188} INFO - [2026-02-20T13:20:25.668+0000] {dag.py:3089} INFO - Sync 1 DAGs
[2026-02-20T13:20:25.691+0000] {logging_mixin.py:188} INFO - [2026-02-20T13:20:25.691+0000] {dag.py:3947} INFO - Setting next_dagrun for load_cb_courses to 2026-02-20 00:00:00+00:00, run_after=2026-02-21 00:00:00+00:00
[2026-02-20T13:20:25.713+0000] {processor.py:183} INFO - Processing /opt/airflow/dags/load_cb_courses.py took 0.609 seconds
[2026-02-20T13:20:56.525+0000] {processor.py:161} INFO - Started process (PID=523) to work on /opt/airflow/dags/load_cb_courses.py
[2026-02-20T13:20:56.530+0000] {processor.py:830} INFO - Processing file /opt/airflow/dags/load_cb_courses.py for tasks to queue
[2026-02-20T13:20:56.590+0000] {logging_mixin.py:188} INFO - [2026-02-20T13:20:56.590+0000] {dagbag.py:545} INFO - Filling up the DagBag from /opt/airflow/dags/load_cb_courses.py
[2026-02-20T13:20:57.204+0000] {processor.py:840} INFO - DAG(s) 'load_cb_courses' retrieved from /opt/airflow/dags/load_cb_courses.py
[2026-02-20T13:20:57.234+0000] {logging_mixin.py:188} INFO - [2026-02-20T13:20:57.233+0000] {dag.py:3089} INFO - Sync 1 DAGs
[2026-02-20T13:20:57.260+0000] {logging_mixin.py:188} INFO - [2026-02-20T13:20:57.260+0000] {dag.py:3947} INFO - Setting next_dagrun for load_cb_courses to 2026-02-20 00:00:00+00:00, run_after=2026-02-21 00:00:00+00:00
[2026-02-20T13:20:57.285+0000] {processor.py:183} INFO - Processing /opt/airflow/dags/load_cb_courses.py took 0.775 seconds
[2026-02-20T13:21:27.462+0000] {processor.py:161} INFO - Started process (PID=556) to work on /opt/airflow/dags/load_cb_courses.py
[2026-02-20T13:21:27.463+0000] {processor.py:830} INFO - Processing file /opt/airflow/dags/load_cb_courses.py for tasks to queue
[2026-02-20T13:21:27.466+0000] {logging_mixin.py:188} INFO - [2026-02-20T13:21:27.465+0000] {dagbag.py:545} INFO - Filling up the DagBag from /opt/airflow/dags/load_cb_courses.py
[2026-02-20T13:21:28.172+0000] {processor.py:840} INFO - DAG(s) 'load_cb_courses' retrieved from /opt/airflow/dags/load_cb_courses.py
[2026-02-20T13:21:28.214+0000] {logging_mixin.py:188} INFO - [2026-02-20T13:21:28.213+0000] {dag.py:3089} INFO - Sync 1 DAGs
[2026-02-20T13:21:28.248+0000] {logging_mixin.py:188} INFO - [2026-02-20T13:21:28.247+0000] {dag.py:3947} INFO - Setting next_dagrun for load_cb_courses to 2026-02-20 00:00:00+00:00, run_after=2026-02-21 00:00:00+00:00
[2026-02-20T13:21:28.293+0000] {processor.py:183} INFO - Processing /opt/airflow/dags/load_cb_courses.py took 0.840 seconds
[2026-02-20T13:21:59.036+0000] {processor.py:161} INFO - Started process (PID=583) to work on /opt/airflow/dags/load_cb_courses.py
[2026-02-20T13:21:59.037+0000] {processor.py:830} INFO - Processing file /opt/airflow/dags/load_cb_courses.py for tasks to queue
[2026-02-20T13:21:59.040+0000] {logging_mixin.py:188} INFO - [2026-02-20T13:21:59.039+0000] {dagbag.py:545} INFO - Filling up the DagBag from /opt/airflow/dags/load_cb_courses.py
[2026-02-20T13:21:59.614+0000] {processor.py:840} INFO - DAG(s) 'load_cb_courses' retrieved from /opt/airflow/dags/load_cb_courses.py
[2026-02-20T13:21:59.647+0000] {logging_mixin.py:188} INFO - [2026-02-20T13:21:59.646+0000] {dag.py:3089} INFO - Sync 1 DAGs
[2026-02-20T13:21:59.675+0000] {logging_mixin.py:188} INFO - [2026-02-20T13:21:59.674+0000] {dag.py:3947} INFO - Setting next_dagrun for load_cb_courses to 2026-02-20 00:00:00+00:00, run_after=2026-02-21 00:00:00+00:00
[2026-02-20T13:21:59.699+0000] {processor.py:183} INFO - Processing /opt/airflow/dags/load_cb_courses.py took 0.672 seconds
[2026-02-20T13:22:30.571+0000] {processor.py:161} INFO - Started process (PID=617) to work on /opt/airflow/dags/load_cb_courses.py
[2026-02-20T13:22:30.573+0000] {processor.py:830} INFO - Processing file /opt/airflow/dags/load_cb_courses.py for tasks to queue
[2026-02-20T13:22:30.577+0000] {logging_mixin.py:188} INFO - [2026-02-20T13:22:30.576+0000] {dagbag.py:545} INFO - Filling up the DagBag from /opt/airflow/dags/load_cb_courses.py
[2026-02-20T13:22:31.162+0000] {processor.py:840} INFO - DAG(s) 'load_cb_courses' retrieved from /opt/airflow/dags/load_cb_courses.py
[2026-02-20T13:22:31.197+0000] {logging_mixin.py:188} INFO - [2026-02-20T13:22:31.196+0000] {dag.py:3089} INFO - Sync 1 DAGs
[2026-02-20T13:22:31.220+0000] {logging_mixin.py:188} INFO - [2026-02-20T13:22:31.220+0000] {dag.py:3947} INFO - Setting next_dagrun for load_cb_courses to 2026-02-20 00:00:00+00:00, run_after=2026-02-21 00:00:00+00:00
[2026-02-20T13:22:31.249+0000] {processor.py:183} INFO - Processing /opt/airflow/dags/load_cb_courses.py took 0.705 seconds
[2026-02-20T13:23:02.158+0000] {processor.py:161} INFO - Started process (PID=645) to work on /opt/airflow/dags/load_cb_courses.py
[2026-02-20T13:23:02.160+0000] {processor.py:830} INFO - Processing file /opt/airflow/dags/load_cb_courses.py for tasks to queue
[2026-02-20T13:23:02.163+0000] {logging_mixin.py:188} INFO - [2026-02-20T13:23:02.162+0000] {dagbag.py:545} INFO - Filling up the DagBag from /opt/airflow/dags/load_cb_courses.py
[2026-02-20T13:23:02.731+0000] {processor.py:840} INFO - DAG(s) 'load_cb_courses' retrieved from /opt/airflow/dags/load_cb_courses.py
[2026-02-20T13:23:02.764+0000] {logging_mixin.py:188} INFO - [2026-02-20T13:23:02.763+0000] {dag.py:3089} INFO - Sync 1 DAGs
[2026-02-20T13:23:02.795+0000] {logging_mixin.py:188} INFO - [2026-02-20T13:23:02.795+0000] {dag.py:3947} INFO - Setting next_dagrun for load_cb_courses to 2026-02-20 00:00:00+00:00, run_after=2026-02-21 00:00:00+00:00
[2026-02-20T13:23:02.824+0000] {processor.py:183} INFO - Processing /opt/airflow/dags/load_cb_courses.py took 0.674 seconds
[2026-02-20T13:23:33.772+0000] {processor.py:161} INFO - Started process (PID=678) to work on /opt/airflow/dags/load_cb_courses.py
[2026-02-20T13:23:33.774+0000] {processor.py:830} INFO - Processing file /opt/airflow/dags/load_cb_courses.py for tasks to queue
[2026-02-20T13:23:33.776+0000] {logging_mixin.py:188} INFO - [2026-02-20T13:23:33.776+0000] {dagbag.py:545} INFO - Filling up the DagBag from /opt/airflow/dags/load_cb_courses.py
[2026-02-20T13:23:34.326+0000] {processor.py:840} INFO - DAG(s) 'load_cb_courses' retrieved from /opt/airflow/dags/load_cb_courses.py
[2026-02-20T13:23:34.354+0000] {logging_mixin.py:188} INFO - [2026-02-20T13:23:34.354+0000] {dag.py:3089} INFO - Sync 1 DAGs
[2026-02-20T13:23:34.379+0000] {logging_mixin.py:188} INFO - [2026-02-20T13:23:34.379+0000] {dag.py:3947} INFO - Setting next_dagrun for load_cb_courses to 2026-02-20 00:00:00+00:00, run_after=2026-02-21 00:00:00+00:00
[2026-02-20T13:23:34.403+0000] {processor.py:183} INFO - Processing /opt/airflow/dags/load_cb_courses.py took 0.637 seconds
[2026-02-20T13:24:04.512+0000] {processor.py:161} INFO - Started process (PID=706) to work on /opt/airflow/dags/load_cb_courses.py
[2026-02-20T13:24:04.514+0000] {processor.py:830} INFO - Processing file /opt/airflow/dags/load_cb_courses.py for tasks to queue
[2026-02-20T13:24:04.517+0000] {logging_mixin.py:188} INFO - [2026-02-20T13:24:04.517+0000] {dagbag.py:545} INFO - Filling up the DagBag from /opt/airflow/dags/load_cb_courses.py
[2026-02-20T13:24:05.075+0000] {processor.py:840} INFO - DAG(s) 'load_cb_courses' retrieved from /opt/airflow/dags/load_cb_courses.py
[2026-02-20T13:24:05.101+0000] {logging_mixin.py:188} INFO - [2026-02-20T13:24:05.101+0000] {dag.py:3089} INFO - Sync 1 DAGs
[2026-02-20T13:24:05.124+0000] {logging_mixin.py:188} INFO - [2026-02-20T13:24:05.124+0000] {dag.py:3947} INFO - Setting next_dagrun for load_cb_courses to 2026-02-20 00:00:00+00:00, run_after=2026-02-21 00:00:00+00:00
[2026-02-20T13:24:05.148+0000] {processor.py:183} INFO - Processing /opt/airflow/dags/load_cb_courses.py took 0.643 seconds
[2026-02-20T13:24:35.314+0000] {processor.py:161} INFO - Started process (PID=732) to work on /opt/airflow/dags/load_cb_courses.py
[2026-02-20T13:24:35.316+0000] {processor.py:830} INFO - Processing file /opt/airflow/dags/load_cb_courses.py for tasks to queue
[2026-02-20T13:24:35.320+0000] {logging_mixin.py:188} INFO - [2026-02-20T13:24:35.319+0000] {dagbag.py:545} INFO - Filling up the DagBag from /opt/airflow/dags/load_cb_courses.py
[2026-02-20T13:24:35.976+0000] {processor.py:840} INFO - DAG(s) 'load_cb_courses' retrieved from /opt/airflow/dags/load_cb_courses.py
[2026-02-20T13:24:36.035+0000] {logging_mixin.py:188} INFO - [2026-02-20T13:24:36.033+0000] {dag.py:3089} INFO - Sync 1 DAGs
[2026-02-20T13:24:36.084+0000] {logging_mixin.py:188} INFO - [2026-02-20T13:24:36.084+0000] {dag.py:3947} INFO - Setting next_dagrun for load_cb_courses to 2026-02-20 00:00:00+00:00, run_after=2026-02-21 00:00:00+00:00
[2026-02-20T13:24:36.110+0000] {processor.py:183} INFO - Processing /opt/airflow/dags/load_cb_courses.py took 0.804 seconds
[2026-02-20T13:25:06.765+0000] {processor.py:161} INFO - Started process (PID=761) to work on /opt/airflow/dags/load_cb_courses.py
[2026-02-20T13:25:06.767+0000] {processor.py:830} INFO - Processing file /opt/airflow/dags/load_cb_courses.py for tasks to queue
[2026-02-20T13:25:06.770+0000] {logging_mixin.py:188} INFO - [2026-02-20T13:25:06.769+0000] {dagbag.py:545} INFO - Filling up the DagBag from /opt/airflow/dags/load_cb_courses.py
[2026-02-20T13:25:07.559+0000] {processor.py:840} INFO - DAG(s) 'load_cb_courses' retrieved from /opt/airflow/dags/load_cb_courses.py
[2026-02-20T13:25:07.617+0000] {logging_mixin.py:188} INFO - [2026-02-20T13:25:07.616+0000] {dag.py:3089} INFO - Sync 1 DAGs
[2026-02-20T13:25:07.677+0000] {logging_mixin.py:188} INFO - [2026-02-20T13:25:07.676+0000] {dag.py:3947} INFO - Setting next_dagrun for load_cb_courses to 2026-02-20 00:00:00+00:00, run_after=2026-02-21 00:00:00+00:00
[2026-02-20T13:25:07.762+0000] {processor.py:183} INFO - Processing /opt/airflow/dags/load_cb_courses.py took 1.005 seconds
[2026-02-20T13:25:38.891+0000] {processor.py:161} INFO - Started process (PID=796) to work on /opt/airflow/dags/load_cb_courses.py
[2026-02-20T13:25:38.895+0000] {processor.py:830} INFO - Processing file /opt/airflow/dags/load_cb_courses.py for tasks to queue
[2026-02-20T13:25:38.902+0000] {logging_mixin.py:188} INFO - [2026-02-20T13:25:38.900+0000] {dagbag.py:545} INFO - Filling up the DagBag from /opt/airflow/dags/load_cb_courses.py
[2026-02-20T13:25:39.502+0000] {processor.py:840} INFO - DAG(s) 'load_cb_courses' retrieved from /opt/airflow/dags/load_cb_courses.py
[2026-02-20T13:25:39.526+0000] {logging_mixin.py:188} INFO - [2026-02-20T13:25:39.526+0000] {dag.py:3089} INFO - Sync 1 DAGs
[2026-02-20T13:25:39.548+0000] {logging_mixin.py:188} INFO - [2026-02-20T13:25:39.548+0000] {dag.py:3947} INFO - Setting next_dagrun for load_cb_courses to 2026-02-20 00:00:00+00:00, run_after=2026-02-21 00:00:00+00:00
[2026-02-20T13:25:39.575+0000] {processor.py:183} INFO - Processing /opt/airflow/dags/load_cb_courses.py took 0.701 seconds
[2026-02-20T13:26:09.696+0000] {processor.py:161} INFO - Started process (PID=822) to work on /opt/airflow/dags/load_cb_courses.py
[2026-02-20T13:26:09.698+0000] {processor.py:830} INFO - Processing file /opt/airflow/dags/load_cb_courses.py for tasks to queue
[2026-02-20T13:26:09.701+0000] {logging_mixin.py:188} INFO - [2026-02-20T13:26:09.700+0000] {dagbag.py:545} INFO - Filling up the DagBag from /opt/airflow/dags/load_cb_courses.py
[2026-02-20T13:26:10.392+0000] {processor.py:840} INFO - DAG(s) 'load_cb_courses' retrieved from /opt/airflow/dags/load_cb_courses.py
[2026-02-20T13:26:10.430+0000] {logging_mixin.py:188} INFO - [2026-02-20T13:26:10.430+0000] {dag.py:3089} INFO - Sync 1 DAGs
[2026-02-20T13:26:10.470+0000] {logging_mixin.py:188} INFO - [2026-02-20T13:26:10.469+0000] {dag.py:3947} INFO - Setting next_dagrun for load_cb_courses to 2026-02-20 00:00:00+00:00, run_after=2026-02-21 00:00:00+00:00
[2026-02-20T13:26:10.498+0000] {processor.py:183} INFO - Processing /opt/airflow/dags/load_cb_courses.py took 0.810 seconds
[2026-02-20T13:26:40.764+0000] {processor.py:161} INFO - Started process (PID=854) to work on /opt/airflow/dags/load_cb_courses.py
[2026-02-20T13:26:40.765+0000] {processor.py:830} INFO - Processing file /opt/airflow/dags/load_cb_courses.py for tasks to queue
[2026-02-20T13:26:40.769+0000] {logging_mixin.py:188} INFO - [2026-02-20T13:26:40.769+0000] {dagbag.py:545} INFO - Filling up the DagBag from /opt/airflow/dags/load_cb_courses.py
[2026-02-20T13:26:41.332+0000] {processor.py:840} INFO - DAG(s) 'load_cb_courses' retrieved from /opt/airflow/dags/load_cb_courses.py
[2026-02-20T13:26:41.356+0000] {logging_mixin.py:188} INFO - [2026-02-20T13:26:41.355+0000] {dag.py:3089} INFO - Sync 1 DAGs
[2026-02-20T13:26:41.377+0000] {logging_mixin.py:188} INFO - [2026-02-20T13:26:41.377+0000] {dag.py:3947} INFO - Setting next_dagrun for load_cb_courses to 2026-02-20 00:00:00+00:00, run_after=2026-02-21 00:00:00+00:00
[2026-02-20T13:26:41.404+0000] {processor.py:183} INFO - Processing /opt/airflow/dags/load_cb_courses.py took 0.649 seconds
[2026-02-20T13:27:11.727+0000] {processor.py:161} INFO - Started process (PID=879) to work on /opt/airflow/dags/load_cb_courses.py
[2026-02-20T13:27:11.729+0000] {processor.py:830} INFO - Processing file /opt/airflow/dags/load_cb_courses.py for tasks to queue
[2026-02-20T13:27:11.732+0000] {logging_mixin.py:188} INFO - [2026-02-20T13:27:11.732+0000] {dagbag.py:545} INFO - Filling up the DagBag from /opt/airflow/dags/load_cb_courses.py
[2026-02-20T13:27:12.333+0000] {processor.py:840} INFO - DAG(s) 'load_cb_courses' retrieved from /opt/airflow/dags/load_cb_courses.py
[2026-02-20T13:27:12.359+0000] {logging_mixin.py:188} INFO - [2026-02-20T13:27:12.358+0000] {dag.py:3089} INFO - Sync 1 DAGs
[2026-02-20T13:27:12.384+0000] {logging_mixin.py:188} INFO - [2026-02-20T13:27:12.383+0000] {dag.py:3947} INFO - Setting next_dagrun for load_cb_courses to 2026-02-20 00:00:00+00:00, run_after=2026-02-21 00:00:00+00:00
[2026-02-20T13:27:12.409+0000] {processor.py:183} INFO - Processing /opt/airflow/dags/load_cb_courses.py took 0.689 seconds
[2026-02-20T13:27:42.851+0000] {processor.py:161} INFO - Started process (PID=913) to work on /opt/airflow/dags/load_cb_courses.py
[2026-02-20T13:27:42.852+0000] {processor.py:830} INFO - Processing file /opt/airflow/dags/load_cb_courses.py for tasks to queue
[2026-02-20T13:27:42.854+0000] {logging_mixin.py:188} INFO - [2026-02-20T13:27:42.854+0000] {dagbag.py:545} INFO - Filling up the DagBag from /opt/airflow/dags/load_cb_courses.py
[2026-02-20T13:27:43.443+0000] {processor.py:840} INFO - DAG(s) 'load_cb_courses' retrieved from /opt/airflow/dags/load_cb_courses.py
[2026-02-20T13:27:43.483+0000] {logging_mixin.py:188} INFO - [2026-02-20T13:27:43.483+0000] {dag.py:3089} INFO - Sync 1 DAGs
[2026-02-20T13:27:43.520+0000] {logging_mixin.py:188} INFO - [2026-02-20T13:27:43.520+0000] {dag.py:3947} INFO - Setting next_dagrun for load_cb_courses to 2026-02-20 00:00:00+00:00, run_after=2026-02-21 00:00:00+00:00
[2026-02-20T13:27:43.549+0000] {processor.py:183} INFO - Processing /opt/airflow/dags/load_cb_courses.py took 0.707 seconds
[2026-02-20T13:28:13.969+0000] {processor.py:161} INFO - Started process (PID=946) to work on /opt/airflow/dags/load_cb_courses.py
[2026-02-20T13:28:13.970+0000] {processor.py:830} INFO - Processing file /opt/airflow/dags/load_cb_courses.py for tasks to queue
[2026-02-20T13:28:13.974+0000] {logging_mixin.py:188} INFO - [2026-02-20T13:28:13.973+0000] {dagbag.py:545} INFO - Filling up the DagBag from /opt/airflow/dags/load_cb_courses.py
[2026-02-20T13:28:14.545+0000] {processor.py:840} INFO - DAG(s) 'load_cb_courses' retrieved from /opt/airflow/dags/load_cb_courses.py
[2026-02-20T13:28:14.578+0000] {logging_mixin.py:188} INFO - [2026-02-20T13:28:14.577+0000] {dag.py:3089} INFO - Sync 1 DAGs
[2026-02-20T13:28:14.601+0000] {logging_mixin.py:188} INFO - [2026-02-20T13:28:14.601+0000] {dag.py:3947} INFO - Setting next_dagrun for load_cb_courses to 2026-02-20 00:00:00+00:00, run_after=2026-02-21 00:00:00+00:00
[2026-02-20T13:28:14.623+0000] {processor.py:183} INFO - Processing /opt/airflow/dags/load_cb_courses.py took 0.663 seconds
[2026-02-20T13:28:45.613+0000] {processor.py:161} INFO - Started process (PID=972) to work on /opt/airflow/dags/load_cb_courses.py
[2026-02-20T13:28:45.615+0000] {processor.py:830} INFO - Processing file /opt/airflow/dags/load_cb_courses.py for tasks to queue
[2026-02-20T13:28:45.618+0000] {logging_mixin.py:188} INFO - [2026-02-20T13:28:45.617+0000] {dagbag.py:545} INFO - Filling up the DagBag from /opt/airflow/dags/load_cb_courses.py
[2026-02-20T13:28:46.146+0000] {processor.py:840} INFO - DAG(s) 'load_cb_courses' retrieved from /opt/airflow/dags/load_cb_courses.py
[2026-02-20T13:28:46.172+0000] {logging_mixin.py:188} INFO - [2026-02-20T13:28:46.172+0000] {dag.py:3089} INFO - Sync 1 DAGs
[2026-02-20T13:28:46.197+0000] {logging_mixin.py:188} INFO - [2026-02-20T13:28:46.196+0000] {dag.py:3947} INFO - Setting next_dagrun for load_cb_courses to 2026-02-20 00:00:00+00:00, run_after=2026-02-21 00:00:00+00:00
[2026-02-20T13:28:46.225+0000] {processor.py:183} INFO - Processing /opt/airflow/dags/load_cb_courses.py took 0.619 seconds
[2026-02-20T13:29:16.329+0000] {processor.py:161} INFO - Started process (PID=1005) to work on /opt/airflow/dags/load_cb_courses.py
[2026-02-20T13:29:16.331+0000] {processor.py:830} INFO - Processing file /opt/airflow/dags/load_cb_courses.py for tasks to queue
[2026-02-20T13:29:16.334+0000] {logging_mixin.py:188} INFO - [2026-02-20T13:29:16.333+0000] {dagbag.py:545} INFO - Filling up the DagBag from /opt/airflow/dags/load_cb_courses.py
[2026-02-20T13:29:16.930+0000] {processor.py:840} INFO - DAG(s) 'load_cb_courses' retrieved from /opt/airflow/dags/load_cb_courses.py
[2026-02-20T13:29:16.957+0000] {logging_mixin.py:188} INFO - [2026-02-20T13:29:16.957+0000] {dag.py:3089} INFO - Sync 1 DAGs
[2026-02-20T13:29:16.983+0000] {logging_mixin.py:188} INFO - [2026-02-20T13:29:16.983+0000] {dag.py:3947} INFO - Setting next_dagrun for load_cb_courses to 2026-02-20 00:00:00+00:00, run_after=2026-02-21 00:00:00+00:00
[2026-02-20T13:29:17.006+0000] {processor.py:183} INFO - Processing /opt/airflow/dags/load_cb_courses.py took 0.686 seconds
[2026-02-20T13:29:47.251+0000] {processor.py:161} INFO - Started process (PID=1039) to work on /opt/airflow/dags/load_cb_courses.py
[2026-02-20T13:29:47.253+0000] {processor.py:830} INFO - Processing file /opt/airflow/dags/load_cb_courses.py for tasks to queue
[2026-02-20T13:29:47.256+0000] {logging_mixin.py:188} INFO - [2026-02-20T13:29:47.255+0000] {dagbag.py:545} INFO - Filling up the DagBag from /opt/airflow/dags/load_cb_courses.py
[2026-02-20T13:29:47.860+0000] {processor.py:840} INFO - DAG(s) 'load_cb_courses' retrieved from /opt/airflow/dags/load_cb_courses.py
[2026-02-20T13:29:47.886+0000] {logging_mixin.py:188} INFO - [2026-02-20T13:29:47.886+0000] {dag.py:3089} INFO - Sync 1 DAGs
[2026-02-20T13:29:47.910+0000] {logging_mixin.py:188} INFO - [2026-02-20T13:29:47.910+0000] {dag.py:3947} INFO - Setting next_dagrun for load_cb_courses to 2026-02-20 00:00:00+00:00, run_after=2026-02-21 00:00:00+00:00
[2026-02-20T13:29:47.946+0000] {processor.py:183} INFO - Processing /opt/airflow/dags/load_cb_courses.py took 0.705 seconds
[2026-02-20T13:30:18.903+0000] {processor.py:161} INFO - Started process (PID=1105) to work on /opt/airflow/dags/load_cb_courses.py
[2026-02-20T13:30:18.916+0000] {processor.py:830} INFO - Processing file /opt/airflow/dags/load_cb_courses.py for tasks to queue
[2026-02-20T13:30:18.933+0000] {logging_mixin.py:188} INFO - [2026-02-20T13:30:18.933+0000] {dagbag.py:545} INFO - Filling up the DagBag from /opt/airflow/dags/load_cb_courses.py
[2026-02-20T13:30:20.208+0000] {processor.py:840} INFO - DAG(s) 'load_cb_courses' retrieved from /opt/airflow/dags/load_cb_courses.py
[2026-02-20T13:30:20.262+0000] {logging_mixin.py:188} INFO - [2026-02-20T13:30:20.262+0000] {dag.py:3089} INFO - Sync 1 DAGs
[2026-02-20T13:30:20.297+0000] {logging_mixin.py:188} INFO - [2026-02-20T13:30:20.297+0000] {dag.py:3947} INFO - Setting next_dagrun for load_cb_courses to 2026-02-20 00:00:00+00:00, run_after=2026-02-21 00:00:00+00:00
[2026-02-20T13:30:20.324+0000] {processor.py:183} INFO - Processing /opt/airflow/dags/load_cb_courses.py took 1.432 seconds
[2026-02-20T13:30:50.556+0000] {processor.py:161} INFO - Started process (PID=1160) to work on /opt/airflow/dags/load_cb_courses.py
[2026-02-20T13:30:50.558+0000] {processor.py:830} INFO - Processing file /opt/airflow/dags/load_cb_courses.py for tasks to queue
[2026-02-20T13:30:50.563+0000] {logging_mixin.py:188} INFO - [2026-02-20T13:30:50.561+0000] {dagbag.py:545} INFO - Filling up the DagBag from /opt/airflow/dags/load_cb_courses.py
[2026-02-20T13:30:51.189+0000] {processor.py:840} INFO - DAG(s) 'load_cb_courses' retrieved from /opt/airflow/dags/load_cb_courses.py
[2026-02-20T13:30:51.223+0000] {logging_mixin.py:188} INFO - [2026-02-20T13:30:51.222+0000] {dag.py:3089} INFO - Sync 1 DAGs
[2026-02-20T13:30:51.249+0000] {logging_mixin.py:188} INFO - [2026-02-20T13:30:51.249+0000] {dag.py:3947} INFO - Setting next_dagrun for load_cb_courses to 2026-02-20 00:00:00+00:00, run_after=2026-02-21 00:00:00+00:00
[2026-02-20T13:30:51.282+0000] {processor.py:183} INFO - Processing /opt/airflow/dags/load_cb_courses.py took 0.763 seconds
[2026-02-20T13:31:21.362+0000] {processor.py:161} INFO - Started process (PID=1225) to work on /opt/airflow/dags/load_cb_courses.py
[2026-02-20T13:31:21.363+0000] {processor.py:830} INFO - Processing file /opt/airflow/dags/load_cb_courses.py for tasks to queue
[2026-02-20T13:31:21.369+0000] {logging_mixin.py:188} INFO - [2026-02-20T13:31:21.367+0000] {dagbag.py:545} INFO - Filling up the DagBag from /opt/airflow/dags/load_cb_courses.py
[2026-02-20T13:31:21.927+0000] {processor.py:840} INFO - DAG(s) 'load_cb_courses' retrieved from /opt/airflow/dags/load_cb_courses.py
[2026-02-20T13:31:21.954+0000] {logging_mixin.py:188} INFO - [2026-02-20T13:31:21.953+0000] {dag.py:3089} INFO - Sync 1 DAGs
[2026-02-20T13:31:21.977+0000] {logging_mixin.py:188} INFO - [2026-02-20T13:31:21.977+0000] {dag.py:3947} INFO - Setting next_dagrun for load_cb_courses to 2026-02-20 00:00:00+00:00, run_after=2026-02-21 00:00:00+00:00
[2026-02-20T13:31:22.002+0000] {processor.py:183} INFO - Processing /opt/airflow/dags/load_cb_courses.py took 0.650 seconds
[2026-02-20T13:31:52.290+0000] {processor.py:161} INFO - Started process (PID=1286) to work on /opt/airflow/dags/load_cb_courses.py
[2026-02-20T13:31:52.292+0000] {processor.py:830} INFO - Processing file /opt/airflow/dags/load_cb_courses.py for tasks to queue
[2026-02-20T13:31:52.295+0000] {logging_mixin.py:188} INFO - [2026-02-20T13:31:52.295+0000] {dagbag.py:545} INFO - Filling up the DagBag from /opt/airflow/dags/load_cb_courses.py
[2026-02-20T13:31:52.806+0000] {processor.py:840} INFO - DAG(s) 'load_cb_courses' retrieved from /opt/airflow/dags/load_cb_courses.py
[2026-02-20T13:31:52.831+0000] {logging_mixin.py:188} INFO - [2026-02-20T13:31:52.830+0000] {dag.py:3089} INFO - Sync 1 DAGs
[2026-02-20T13:31:52.854+0000] {logging_mixin.py:188} INFO - [2026-02-20T13:31:52.854+0000] {dag.py:3947} INFO - Setting next_dagrun for load_cb_courses to 2026-02-20 00:00:00+00:00, run_after=2026-02-21 00:00:00+00:00
[2026-02-20T13:31:52.875+0000] {processor.py:183} INFO - Processing /opt/airflow/dags/load_cb_courses.py took 0.594 seconds
[2026-02-20T13:32:23.589+0000] {processor.py:161} INFO - Started process (PID=1352) to work on /opt/airflow/dags/load_cb_courses.py
[2026-02-20T13:32:23.590+0000] {processor.py:830} INFO - Processing file /opt/airflow/dags/load_cb_courses.py for tasks to queue
[2026-02-20T13:32:23.593+0000] {logging_mixin.py:188} INFO - [2026-02-20T13:32:23.593+0000] {dagbag.py:545} INFO - Filling up the DagBag from /opt/airflow/dags/load_cb_courses.py
[2026-02-20T13:32:24.105+0000] {processor.py:840} INFO - DAG(s) 'load_cb_courses' retrieved from /opt/airflow/dags/load_cb_courses.py
[2026-02-20T13:32:24.131+0000] {logging_mixin.py:188} INFO - [2026-02-20T13:32:24.131+0000] {dag.py:3089} INFO - Sync 1 DAGs
[2026-02-20T13:32:24.154+0000] {logging_mixin.py:188} INFO - [2026-02-20T13:32:24.154+0000] {dag.py:3947} INFO - Setting next_dagrun for load_cb_courses to 2026-02-20 00:00:00+00:00, run_after=2026-02-21 00:00:00+00:00
[2026-02-20T13:32:24.181+0000] {processor.py:183} INFO - Processing /opt/airflow/dags/load_cb_courses.py took 0.600 seconds
[2026-02-20T13:32:54.329+0000] {processor.py:161} INFO - Started process (PID=1387) to work on /opt/airflow/dags/load_cb_courses.py
[2026-02-20T13:32:54.331+0000] {processor.py:830} INFO - Processing file /opt/airflow/dags/load_cb_courses.py for tasks to queue
[2026-02-20T13:32:54.333+0000] {logging_mixin.py:188} INFO - [2026-02-20T13:32:54.333+0000] {dagbag.py:545} INFO - Filling up the DagBag from /opt/airflow/dags/load_cb_courses.py
[2026-02-20T13:32:54.864+0000] {processor.py:840} INFO - DAG(s) 'load_cb_courses' retrieved from /opt/airflow/dags/load_cb_courses.py
[2026-02-20T13:32:54.898+0000] {logging_mixin.py:188} INFO - [2026-02-20T13:32:54.897+0000] {dag.py:3089} INFO - Sync 1 DAGs
[2026-02-20T13:32:54.933+0000] {logging_mixin.py:188} INFO - [2026-02-20T13:32:54.933+0000] {dag.py:3947} INFO - Setting next_dagrun for load_cb_courses to 2026-02-20 00:00:00+00:00, run_after=2026-02-21 00:00:00+00:00
[2026-02-20T13:32:54.963+0000] {processor.py:183} INFO - Processing /opt/airflow/dags/load_cb_courses.py took 0.641 seconds
[2026-02-20T13:33:25.496+0000] {processor.py:161} INFO - Started process (PID=1421) to work on /opt/airflow/dags/load_cb_courses.py
[2026-02-20T13:33:25.498+0000] {processor.py:830} INFO - Processing file /opt/airflow/dags/load_cb_courses.py for tasks to queue
[2026-02-20T13:33:25.501+0000] {logging_mixin.py:188} INFO - [2026-02-20T13:33:25.500+0000] {dagbag.py:545} INFO - Filling up the DagBag from /opt/airflow/dags/load_cb_courses.py
[2026-02-20T13:33:26.060+0000] {processor.py:840} INFO - DAG(s) 'load_cb_courses' retrieved from /opt/airflow/dags/load_cb_courses.py
[2026-02-20T13:33:26.087+0000] {logging_mixin.py:188} INFO - [2026-02-20T13:33:26.086+0000] {dag.py:3089} INFO - Sync 1 DAGs
[2026-02-20T13:33:26.112+0000] {logging_mixin.py:188} INFO - [2026-02-20T13:33:26.112+0000] {dag.py:3947} INFO - Setting next_dagrun for load_cb_courses to 2026-02-20 00:00:00+00:00, run_after=2026-02-21 00:00:00+00:00
[2026-02-20T13:33:26.143+0000] {processor.py:183} INFO - Processing /opt/airflow/dags/load_cb_courses.py took 0.654 seconds
[2026-02-20T13:33:56.674+0000] {processor.py:161} INFO - Started process (PID=1447) to work on /opt/airflow/dags/load_cb_courses.py
[2026-02-20T13:33:56.676+0000] {processor.py:830} INFO - Processing file /opt/airflow/dags/load_cb_courses.py for tasks to queue
[2026-02-20T13:33:56.679+0000] {logging_mixin.py:188} INFO - [2026-02-20T13:33:56.678+0000] {dagbag.py:545} INFO - Filling up the DagBag from /opt/airflow/dags/load_cb_courses.py
[2026-02-20T13:33:57.219+0000] {processor.py:840} INFO - DAG(s) 'load_cb_courses' retrieved from /opt/airflow/dags/load_cb_courses.py
[2026-02-20T13:33:57.244+0000] {logging_mixin.py:188} INFO - [2026-02-20T13:33:57.243+0000] {dag.py:3089} INFO - Sync 1 DAGs
[2026-02-20T13:33:57.279+0000] {logging_mixin.py:188} INFO - [2026-02-20T13:33:57.279+0000] {dag.py:3947} INFO - Setting next_dagrun for load_cb_courses to 2026-02-20 00:00:00+00:00, run_after=2026-02-21 00:00:00+00:00
[2026-02-20T13:33:57.308+0000] {processor.py:183} INFO - Processing /opt/airflow/dags/load_cb_courses.py took 0.642 seconds
[2026-02-20T13:34:27.815+0000] {processor.py:161} INFO - Started process (PID=1480) to work on /opt/airflow/dags/load_cb_courses.py
[2026-02-20T13:34:27.818+0000] {processor.py:830} INFO - Processing file /opt/airflow/dags/load_cb_courses.py for tasks to queue
[2026-02-20T13:34:27.820+0000] {logging_mixin.py:188} INFO - [2026-02-20T13:34:27.820+0000] {dagbag.py:545} INFO - Filling up the DagBag from /opt/airflow/dags/load_cb_courses.py
[2026-02-20T13:34:28.385+0000] {processor.py:840} INFO - DAG(s) 'load_cb_courses' retrieved from /opt/airflow/dags/load_cb_courses.py
[2026-02-20T13:34:28.411+0000] {logging_mixin.py:188} INFO - [2026-02-20T13:34:28.410+0000] {dag.py:3089} INFO - Sync 1 DAGs
[2026-02-20T13:34:28.434+0000] {logging_mixin.py:188} INFO - [2026-02-20T13:34:28.434+0000] {dag.py:3947} INFO - Setting next_dagrun for load_cb_courses to 2026-02-20 00:00:00+00:00, run_after=2026-02-21 00:00:00+00:00
[2026-02-20T13:34:28.459+0000] {processor.py:183} INFO - Processing /opt/airflow/dags/load_cb_courses.py took 0.652 seconds
[2026-02-20T13:34:58.617+0000] {processor.py:161} INFO - Started process (PID=1513) to work on /opt/airflow/dags/load_cb_courses.py
[2026-02-20T13:34:58.619+0000] {processor.py:830} INFO - Processing file /opt/airflow/dags/load_cb_courses.py for tasks to queue
[2026-02-20T13:34:58.622+0000] {logging_mixin.py:188} INFO - [2026-02-20T13:34:58.622+0000] {dagbag.py:545} INFO - Filling up the DagBag from /opt/airflow/dags/load_cb_courses.py
[2026-02-20T13:34:59.287+0000] {processor.py:840} INFO - DAG(s) 'load_cb_courses' retrieved from /opt/airflow/dags/load_cb_courses.py
[2026-02-20T13:34:59.314+0000] {logging_mixin.py:188} INFO - [2026-02-20T13:34:59.314+0000] {dag.py:3089} INFO - Sync 1 DAGs
[2026-02-20T13:34:59.346+0000] {logging_mixin.py:188} INFO - [2026-02-20T13:34:59.346+0000] {dag.py:3947} INFO - Setting next_dagrun for load_cb_courses to 2026-02-20 00:00:00+00:00, run_after=2026-02-21 00:00:00+00:00
[2026-02-20T13:34:59.373+0000] {processor.py:183} INFO - Processing /opt/airflow/dags/load_cb_courses.py took 0.764 seconds
[2026-02-20T13:35:30.123+0000] {processor.py:161} INFO - Started process (PID=1539) to work on /opt/airflow/dags/load_cb_courses.py
[2026-02-20T13:35:30.125+0000] {processor.py:830} INFO - Processing file /opt/airflow/dags/load_cb_courses.py for tasks to queue
[2026-02-20T13:35:30.130+0000] {logging_mixin.py:188} INFO - [2026-02-20T13:35:30.129+0000] {dagbag.py:545} INFO - Filling up the DagBag from /opt/airflow/dags/load_cb_courses.py
[2026-02-20T13:35:30.939+0000] {processor.py:840} INFO - DAG(s) 'load_cb_courses' retrieved from /opt/airflow/dags/load_cb_courses.py
[2026-02-20T13:35:30.974+0000] {logging_mixin.py:188} INFO - [2026-02-20T13:35:30.974+0000] {dag.py:3089} INFO - Sync 1 DAGs
[2026-02-20T13:35:31.009+0000] {logging_mixin.py:188} INFO - [2026-02-20T13:35:31.008+0000] {dag.py:3947} INFO - Setting next_dagrun for load_cb_courses to 2026-02-20 00:00:00+00:00, run_after=2026-02-21 00:00:00+00:00
[2026-02-20T13:35:31.047+0000] {processor.py:183} INFO - Processing /opt/airflow/dags/load_cb_courses.py took 0.932 seconds
[2026-02-20T13:36:01.715+0000] {processor.py:161} INFO - Started process (PID=1573) to work on /opt/airflow/dags/load_cb_courses.py
[2026-02-20T13:36:01.717+0000] {processor.py:830} INFO - Processing file /opt/airflow/dags/load_cb_courses.py for tasks to queue
[2026-02-20T13:36:01.720+0000] {logging_mixin.py:188} INFO - [2026-02-20T13:36:01.719+0000] {dagbag.py:545} INFO - Filling up the DagBag from /opt/airflow/dags/load_cb_courses.py
[2026-02-20T13:36:02.372+0000] {processor.py:840} INFO - DAG(s) 'load_cb_courses' retrieved from /opt/airflow/dags/load_cb_courses.py
[2026-02-20T13:36:02.405+0000] {logging_mixin.py:188} INFO - [2026-02-20T13:36:02.404+0000] {dag.py:3089} INFO - Sync 1 DAGs
[2026-02-20T13:36:02.432+0000] {logging_mixin.py:188} INFO - [2026-02-20T13:36:02.431+0000] {dag.py:3947} INFO - Setting next_dagrun for load_cb_courses to 2026-02-20 00:00:00+00:00, run_after=2026-02-21 00:00:00+00:00
[2026-02-20T13:36:02.457+0000] {processor.py:183} INFO - Processing /opt/airflow/dags/load_cb_courses.py took 0.749 seconds
[2026-02-20T13:36:33.129+0000] {processor.py:161} INFO - Started process (PID=1600) to work on /opt/airflow/dags/load_cb_courses.py
[2026-02-20T13:36:33.131+0000] {processor.py:830} INFO - Processing file /opt/airflow/dags/load_cb_courses.py for tasks to queue
[2026-02-20T13:36:33.133+0000] {logging_mixin.py:188} INFO - [2026-02-20T13:36:33.133+0000] {dagbag.py:545} INFO - Filling up the DagBag from /opt/airflow/dags/load_cb_courses.py
[2026-02-20T13:36:33.655+0000] {processor.py:840} INFO - DAG(s) 'load_cb_courses' retrieved from /opt/airflow/dags/load_cb_courses.py
[2026-02-20T13:36:33.679+0000] {logging_mixin.py:188} INFO - [2026-02-20T13:36:33.679+0000] {dag.py:3089} INFO - Sync 1 DAGs
[2026-02-20T13:36:33.701+0000] {logging_mixin.py:188} INFO - [2026-02-20T13:36:33.701+0000] {dag.py:3947} INFO - Setting next_dagrun for load_cb_courses to 2026-02-20 00:00:00+00:00, run_after=2026-02-21 00:00:00+00:00
[2026-02-20T13:36:33.723+0000] {processor.py:183} INFO - Processing /opt/airflow/dags/load_cb_courses.py took 0.603 seconds
[2026-02-20T13:37:04.303+0000] {processor.py:161} INFO - Started process (PID=1632) to work on /opt/airflow/dags/load_cb_courses.py
[2026-02-20T13:37:04.304+0000] {processor.py:830} INFO - Processing file /opt/airflow/dags/load_cb_courses.py for tasks to queue
[2026-02-20T13:37:04.307+0000] {logging_mixin.py:188} INFO - [2026-02-20T13:37:04.307+0000] {dagbag.py:545} INFO - Filling up the DagBag from /opt/airflow/dags/load_cb_courses.py
[2026-02-20T13:37:04.824+0000] {processor.py:840} INFO - DAG(s) 'load_cb_courses' retrieved from /opt/airflow/dags/load_cb_courses.py
[2026-02-20T13:37:04.847+0000] {logging_mixin.py:188} INFO - [2026-02-20T13:37:04.847+0000] {dag.py:3089} INFO - Sync 1 DAGs
[2026-02-20T13:37:04.869+0000] {logging_mixin.py:188} INFO - [2026-02-20T13:37:04.868+0000] {dag.py:3947} INFO - Setting next_dagrun for load_cb_courses to 2026-02-20 00:00:00+00:00, run_after=2026-02-21 00:00:00+00:00
[2026-02-20T13:37:04.893+0000] {processor.py:183} INFO - Processing /opt/airflow/dags/load_cb_courses.py took 0.598 seconds
[2026-02-20T13:37:35.049+0000] {processor.py:161} INFO - Started process (PID=1658) to work on /opt/airflow/dags/load_cb_courses.py
[2026-02-20T13:37:35.051+0000] {processor.py:830} INFO - Processing file /opt/airflow/dags/load_cb_courses.py for tasks to queue
[2026-02-20T13:37:35.054+0000] {logging_mixin.py:188} INFO - [2026-02-20T13:37:35.053+0000] {dagbag.py:545} INFO - Filling up the DagBag from /opt/airflow/dags/load_cb_courses.py
[2026-02-20T13:37:35.569+0000] {processor.py:840} INFO - DAG(s) 'load_cb_courses' retrieved from /opt/airflow/dags/load_cb_courses.py
[2026-02-20T13:37:35.596+0000] {logging_mixin.py:188} INFO - [2026-02-20T13:37:35.595+0000] {dag.py:3089} INFO - Sync 1 DAGs
[2026-02-20T13:37:35.617+0000] {logging_mixin.py:188} INFO - [2026-02-20T13:37:35.617+0000] {dag.py:3947} INFO - Setting next_dagrun for load_cb_courses to 2026-02-20 00:00:00+00:00, run_after=2026-02-21 00:00:00+00:00
[2026-02-20T13:37:35.642+0000] {processor.py:183} INFO - Processing /opt/airflow/dags/load_cb_courses.py took 0.600 seconds
[2026-02-20T13:38:06.173+0000] {processor.py:161} INFO - Started process (PID=1690) to work on /opt/airflow/dags/load_cb_courses.py
[2026-02-20T13:38:06.175+0000] {processor.py:830} INFO - Processing file /opt/airflow/dags/load_cb_courses.py for tasks to queue
[2026-02-20T13:38:06.179+0000] {logging_mixin.py:188} INFO - [2026-02-20T13:38:06.179+0000] {dagbag.py:545} INFO - Filling up the DagBag from /opt/airflow/dags/load_cb_courses.py
[2026-02-20T13:38:06.721+0000] {processor.py:840} INFO - DAG(s) 'load_cb_courses' retrieved from /opt/airflow/dags/load_cb_courses.py
[2026-02-20T13:38:06.749+0000] {logging_mixin.py:188} INFO - [2026-02-20T13:38:06.748+0000] {dag.py:3089} INFO - Sync 1 DAGs
[2026-02-20T13:38:06.778+0000] {logging_mixin.py:188} INFO - [2026-02-20T13:38:06.778+0000] {dag.py:3947} INFO - Setting next_dagrun for load_cb_courses to 2026-02-20 00:00:00+00:00, run_after=2026-02-21 00:00:00+00:00
[2026-02-20T13:38:06.810+0000] {processor.py:183} INFO - Processing /opt/airflow/dags/load_cb_courses.py took 0.655 seconds
[2026-02-20T13:38:37.139+0000] {processor.py:161} INFO - Started process (PID=1716) to work on /opt/airflow/dags/load_cb_courses.py
[2026-02-20T13:38:37.141+0000] {processor.py:830} INFO - Processing file /opt/airflow/dags/load_cb_courses.py for tasks to queue
[2026-02-20T13:38:37.144+0000] {logging_mixin.py:188} INFO - [2026-02-20T13:38:37.143+0000] {dagbag.py:545} INFO - Filling up the DagBag from /opt/airflow/dags/load_cb_courses.py
[2026-02-20T13:38:37.667+0000] {processor.py:840} INFO - DAG(s) 'load_cb_courses' retrieved from /opt/airflow/dags/load_cb_courses.py
[2026-02-20T13:38:37.705+0000] {logging_mixin.py:188} INFO - [2026-02-20T13:38:37.704+0000] {dag.py:3089} INFO - Sync 1 DAGs
[2026-02-20T13:38:37.749+0000] {logging_mixin.py:188} INFO - [2026-02-20T13:38:37.749+0000] {dag.py:3947} INFO - Setting next_dagrun for load_cb_courses to 2026-02-20 00:00:00+00:00, run_after=2026-02-21 00:00:00+00:00
[2026-02-20T13:38:37.778+0000] {processor.py:183} INFO - Processing /opt/airflow/dags/load_cb_courses.py took 0.647 seconds
[2026-02-20T13:39:08.137+0000] {processor.py:161} INFO - Started process (PID=1751) to work on /opt/airflow/dags/load_cb_courses.py
[2026-02-20T13:39:08.139+0000] {processor.py:830} INFO - Processing file /opt/airflow/dags/load_cb_courses.py for tasks to queue
[2026-02-20T13:39:08.141+0000] {logging_mixin.py:188} INFO - [2026-02-20T13:39:08.141+0000] {dagbag.py:545} INFO - Filling up the DagBag from /opt/airflow/dags/load_cb_courses.py
[2026-02-20T13:39:08.653+0000] {processor.py:840} INFO - DAG(s) 'load_cb_courses' retrieved from /opt/airflow/dags/load_cb_courses.py
[2026-02-20T13:39:08.678+0000] {logging_mixin.py:188} INFO - [2026-02-20T13:39:08.678+0000] {dag.py:3089} INFO - Sync 1 DAGs
[2026-02-20T13:39:08.699+0000] {logging_mixin.py:188} INFO - [2026-02-20T13:39:08.699+0000] {dag.py:3947} INFO - Setting next_dagrun for load_cb_courses to 2026-02-20 00:00:00+00:00, run_after=2026-02-21 00:00:00+00:00
[2026-02-20T13:39:08.723+0000] {processor.py:183} INFO - Processing /opt/airflow/dags/load_cb_courses.py took 0.593 seconds
[2026-02-20T13:39:38.904+0000] {processor.py:161} INFO - Started process (PID=1777) to work on /opt/airflow/dags/load_cb_courses.py
[2026-02-20T13:39:38.906+0000] {processor.py:830} INFO - Processing file /opt/airflow/dags/load_cb_courses.py for tasks to queue
[2026-02-20T13:39:38.909+0000] {logging_mixin.py:188} INFO - [2026-02-20T13:39:38.908+0000] {dagbag.py:545} INFO - Filling up the DagBag from /opt/airflow/dags/load_cb_courses.py
[2026-02-20T13:39:39.516+0000] {processor.py:840} INFO - DAG(s) 'load_cb_courses' retrieved from /opt/airflow/dags/load_cb_courses.py
[2026-02-20T13:39:39.538+0000] {logging_mixin.py:188} INFO - [2026-02-20T13:39:39.538+0000] {dag.py:3089} INFO - Sync 1 DAGs
[2026-02-20T13:39:39.559+0000] {logging_mixin.py:188} INFO - [2026-02-20T13:39:39.559+0000] {dag.py:3947} INFO - Setting next_dagrun for load_cb_courses to 2026-02-20 00:00:00+00:00, run_after=2026-02-21 00:00:00+00:00
[2026-02-20T13:39:39.585+0000] {processor.py:183} INFO - Processing /opt/airflow/dags/load_cb_courses.py took 0.689 seconds
[2026-02-20T13:40:10.176+0000] {processor.py:161} INFO - Started process (PID=1812) to work on /opt/airflow/dags/load_cb_courses.py
[2026-02-20T13:40:10.178+0000] {processor.py:830} INFO - Processing file /opt/airflow/dags/load_cb_courses.py for tasks to queue
[2026-02-20T13:40:10.181+0000] {logging_mixin.py:188} INFO - [2026-02-20T13:40:10.181+0000] {dagbag.py:545} INFO - Filling up the DagBag from /opt/airflow/dags/load_cb_courses.py
[2026-02-20T13:40:10.685+0000] {processor.py:840} INFO - DAG(s) 'load_cb_courses' retrieved from /opt/airflow/dags/load_cb_courses.py
[2026-02-20T13:40:10.737+0000] {logging_mixin.py:188} INFO - [2026-02-20T13:40:10.737+0000] {dag.py:3089} INFO - Sync 1 DAGs
[2026-02-20T13:40:10.764+0000] {logging_mixin.py:188} INFO - [2026-02-20T13:40:10.764+0000] {dag.py:3947} INFO - Setting next_dagrun for load_cb_courses to 2026-02-20 00:00:00+00:00, run_after=2026-02-21 00:00:00+00:00
[2026-02-20T13:40:10.790+0000] {processor.py:183} INFO - Processing /opt/airflow/dags/load_cb_courses.py took 0.621 seconds
[2026-02-20T13:40:40.967+0000] {processor.py:161} INFO - Started process (PID=1838) to work on /opt/airflow/dags/load_cb_courses.py
[2026-02-20T13:40:40.968+0000] {processor.py:830} INFO - Processing file /opt/airflow/dags/load_cb_courses.py for tasks to queue
[2026-02-20T13:40:40.971+0000] {logging_mixin.py:188} INFO - [2026-02-20T13:40:40.971+0000] {dagbag.py:545} INFO - Filling up the DagBag from /opt/airflow/dags/load_cb_courses.py
[2026-02-20T13:40:41.521+0000] {processor.py:840} INFO - DAG(s) 'load_cb_courses' retrieved from /opt/airflow/dags/load_cb_courses.py
[2026-02-20T13:40:41.546+0000] {logging_mixin.py:188} INFO - [2026-02-20T13:40:41.545+0000] {dag.py:3089} INFO - Sync 1 DAGs
[2026-02-20T13:40:41.569+0000] {logging_mixin.py:188} INFO - [2026-02-20T13:40:41.569+0000] {dag.py:3947} INFO - Setting next_dagrun for load_cb_courses to 2026-02-20 00:00:00+00:00, run_after=2026-02-21 00:00:00+00:00
[2026-02-20T13:40:41.593+0000] {processor.py:183} INFO - Processing /opt/airflow/dags/load_cb_courses.py took 0.643 seconds
[2026-02-20T13:41:12.168+0000] {processor.py:161} INFO - Started process (PID=1870) to work on /opt/airflow/dags/load_cb_courses.py
[2026-02-20T13:41:12.170+0000] {processor.py:830} INFO - Processing file /opt/airflow/dags/load_cb_courses.py for tasks to queue
[2026-02-20T13:41:12.173+0000] {logging_mixin.py:188} INFO - [2026-02-20T13:41:12.172+0000] {dagbag.py:545} INFO - Filling up the DagBag from /opt/airflow/dags/load_cb_courses.py
[2026-02-20T13:41:12.798+0000] {processor.py:840} INFO - DAG(s) 'load_cb_courses' retrieved from /opt/airflow/dags/load_cb_courses.py
[2026-02-20T13:41:12.823+0000] {logging_mixin.py:188} INFO - [2026-02-20T13:41:12.822+0000] {dag.py:3089} INFO - Sync 1 DAGs
[2026-02-20T13:41:12.857+0000] {logging_mixin.py:188} INFO - [2026-02-20T13:41:12.857+0000] {dag.py:3947} INFO - Setting next_dagrun for load_cb_courses to 2026-02-20 00:00:00+00:00, run_after=2026-02-21 00:00:00+00:00
[2026-02-20T13:41:12.891+0000] {processor.py:183} INFO - Processing /opt/airflow/dags/load_cb_courses.py took 0.732 seconds
[2026-02-20T13:41:43.508+0000] {processor.py:161} INFO - Started process (PID=1896) to work on /opt/airflow/dags/load_cb_courses.py
[2026-02-20T13:41:43.510+0000] {processor.py:830} INFO - Processing file /opt/airflow/dags/load_cb_courses.py for tasks to queue
[2026-02-20T13:41:43.513+0000] {logging_mixin.py:188} INFO - [2026-02-20T13:41:43.513+0000] {dagbag.py:545} INFO - Filling up the DagBag from /opt/airflow/dags/load_cb_courses.py
[2026-02-20T13:41:44.072+0000] {processor.py:840} INFO - DAG(s) 'load_cb_courses' retrieved from /opt/airflow/dags/load_cb_courses.py
[2026-02-20T13:41:44.101+0000] {logging_mixin.py:188} INFO - [2026-02-20T13:41:44.100+0000] {dag.py:3089} INFO - Sync 1 DAGs
[2026-02-20T13:41:44.129+0000] {logging_mixin.py:188} INFO - [2026-02-20T13:41:44.128+0000] {dag.py:3947} INFO - Setting next_dagrun for load_cb_courses to 2026-02-20 00:00:00+00:00, run_after=2026-02-21 00:00:00+00:00
[2026-02-20T13:41:44.155+0000] {processor.py:183} INFO - Processing /opt/airflow/dags/load_cb_courses.py took 0.654 seconds
[2026-02-20T13:42:14.323+0000] {processor.py:161} INFO - Started process (PID=1930) to work on /opt/airflow/dags/load_cb_courses.py
[2026-02-20T13:42:14.325+0000] {processor.py:830} INFO - Processing file /opt/airflow/dags/load_cb_courses.py for tasks to queue
[2026-02-20T13:42:14.327+0000] {logging_mixin.py:188} INFO - [2026-02-20T13:42:14.326+0000] {dagbag.py:545} INFO - Filling up the DagBag from /opt/airflow/dags/load_cb_courses.py
[2026-02-20T13:42:12.148+0000] {processor.py:840} INFO - DAG(s) 'load_cb_courses' retrieved from /opt/airflow/dags/load_cb_courses.py
[2026-02-20T13:42:12.179+0000] {logging_mixin.py:188} INFO - [2026-02-20T13:42:12.178+0000] {dag.py:3089} INFO - Sync 1 DAGs
[2026-02-20T13:42:12.208+0000] {logging_mixin.py:188} INFO - [2026-02-20T13:42:12.208+0000] {dag.py:3947} INFO - Setting next_dagrun for load_cb_courses to 2026-02-20 00:00:00+00:00, run_after=2026-02-21 00:00:00+00:00
[2026-02-20T13:42:12.243+0000] {processor.py:183} INFO - Processing /opt/airflow/dags/load_cb_courses.py took 0.654 seconds
[2026-02-20T13:42:43.104+0000] {processor.py:161} INFO - Started process (PID=1956) to work on /opt/airflow/dags/load_cb_courses.py
[2026-02-20T13:42:43.106+0000] {processor.py:830} INFO - Processing file /opt/airflow/dags/load_cb_courses.py for tasks to queue
[2026-02-20T13:42:43.109+0000] {logging_mixin.py:188} INFO - [2026-02-20T13:42:43.108+0000] {dagbag.py:545} INFO - Filling up the DagBag from /opt/airflow/dags/load_cb_courses.py
[2026-02-20T13:42:43.836+0000] {processor.py:840} INFO - DAG(s) 'load_cb_courses' retrieved from /opt/airflow/dags/load_cb_courses.py
[2026-02-20T13:42:43.873+0000] {logging_mixin.py:188} INFO - [2026-02-20T13:42:43.872+0000] {dag.py:3089} INFO - Sync 1 DAGs
[2026-02-20T13:42:43.916+0000] {logging_mixin.py:188} INFO - [2026-02-20T13:42:43.915+0000] {dag.py:3947} INFO - Setting next_dagrun for load_cb_courses to 2026-02-20 00:00:00+00:00, run_after=2026-02-21 00:00:00+00:00
[2026-02-20T13:42:43.946+0000] {processor.py:183} INFO - Processing /opt/airflow/dags/load_cb_courses.py took 0.851 seconds
[2026-02-20T13:43:14.503+0000] {processor.py:161} INFO - Started process (PID=1990) to work on /opt/airflow/dags/load_cb_courses.py
[2026-02-20T13:43:14.504+0000] {processor.py:830} INFO - Processing file /opt/airflow/dags/load_cb_courses.py for tasks to queue
[2026-02-20T13:43:14.507+0000] {logging_mixin.py:188} INFO - [2026-02-20T13:43:14.506+0000] {dagbag.py:545} INFO - Filling up the DagBag from /opt/airflow/dags/load_cb_courses.py
[2026-02-20T13:43:16.051+0000] {processor.py:840} INFO - DAG(s) 'load_cb_courses' retrieved from /opt/airflow/dags/load_cb_courses.py
[2026-02-20T13:43:16.095+0000] {logging_mixin.py:188} INFO - [2026-02-20T13:43:16.094+0000] {dag.py:3089} INFO - Sync 1 DAGs
[2026-02-20T13:43:16.244+0000] {logging_mixin.py:188} INFO - [2026-02-20T13:43:16.243+0000] {dag.py:3947} INFO - Setting next_dagrun for load_cb_courses to 2026-02-20 00:00:00+00:00, run_after=2026-02-21 00:00:00+00:00
[2026-02-20T13:43:16.470+0000] {processor.py:183} INFO - Processing /opt/airflow/dags/load_cb_courses.py took 1.975 seconds
[2026-02-20T13:43:47.301+0000] {processor.py:161} INFO - Started process (PID=2023) to work on /opt/airflow/dags/load_cb_courses.py
[2026-02-20T13:43:47.303+0000] {processor.py:830} INFO - Processing file /opt/airflow/dags/load_cb_courses.py for tasks to queue
[2026-02-20T13:43:47.306+0000] {logging_mixin.py:188} INFO - [2026-02-20T13:43:47.305+0000] {dagbag.py:545} INFO - Filling up the DagBag from /opt/airflow/dags/load_cb_courses.py
[2026-02-20T13:43:47.881+0000] {processor.py:840} INFO - DAG(s) 'load_cb_courses' retrieved from /opt/airflow/dags/load_cb_courses.py
[2026-02-20T13:43:47.909+0000] {logging_mixin.py:188} INFO - [2026-02-20T13:43:47.908+0000] {dag.py:3089} INFO - Sync 1 DAGs
[2026-02-20T13:43:47.933+0000] {logging_mixin.py:188} INFO - [2026-02-20T13:43:47.933+0000] {dag.py:3947} INFO - Setting next_dagrun for load_cb_courses to 2026-02-20 00:00:00+00:00, run_after=2026-02-21 00:00:00+00:00
[2026-02-20T13:43:47.964+0000] {processor.py:183} INFO - Processing /opt/airflow/dags/load_cb_courses.py took 0.675 seconds
[2026-02-20T13:44:18.169+0000] {processor.py:161} INFO - Started process (PID=2048) to work on /opt/airflow/dags/load_cb_courses.py
[2026-02-20T13:44:18.172+0000] {processor.py:830} INFO - Processing file /opt/airflow/dags/load_cb_courses.py for tasks to queue
[2026-02-20T13:44:18.181+0000] {logging_mixin.py:188} INFO - [2026-02-20T13:44:18.176+0000] {dagbag.py:545} INFO - Filling up the DagBag from /opt/airflow/dags/load_cb_courses.py
[2026-02-20T13:44:18.839+0000] {processor.py:840} INFO - DAG(s) 'load_cb_courses' retrieved from /opt/airflow/dags/load_cb_courses.py
[2026-02-20T13:44:18.865+0000] {logging_mixin.py:188} INFO - [2026-02-20T13:44:18.864+0000] {dag.py:3089} INFO - Sync 1 DAGs
[2026-02-20T13:44:18.897+0000] {logging_mixin.py:188} INFO - [2026-02-20T13:44:18.897+0000] {dag.py:3947} INFO - Setting next_dagrun for load_cb_courses to 2026-02-20 00:00:00+00:00, run_after=2026-02-21 00:00:00+00:00
[2026-02-20T13:44:18.926+0000] {processor.py:183} INFO - Processing /opt/airflow/dags/load_cb_courses.py took 0.765 seconds
[2026-02-20T13:44:49.305+0000] {processor.py:161} INFO - Started process (PID=2074) to work on /opt/airflow/dags/load_cb_courses.py
[2026-02-20T13:44:49.307+0000] {processor.py:830} INFO - Processing file /opt/airflow/dags/load_cb_courses.py for tasks to queue
[2026-02-20T13:44:49.310+0000] {logging_mixin.py:188} INFO - [2026-02-20T13:44:49.310+0000] {dagbag.py:545} INFO - Filling up the DagBag from /opt/airflow/dags/load_cb_courses.py
[2026-02-20T13:44:49.923+0000] {processor.py:840} INFO - DAG(s) 'load_cb_courses' retrieved from /opt/airflow/dags/load_cb_courses.py
[2026-02-20T13:44:49.967+0000] {logging_mixin.py:188} INFO - [2026-02-20T13:44:49.966+0000] {dag.py:3089} INFO - Sync 1 DAGs
[2026-02-20T13:44:50.005+0000] {logging_mixin.py:188} INFO - [2026-02-20T13:44:50.005+0000] {dag.py:3947} INFO - Setting next_dagrun for load_cb_courses to 2026-02-20 00:00:00+00:00, run_after=2026-02-21 00:00:00+00:00
[2026-02-20T13:44:50.029+0000] {processor.py:183} INFO - Processing /opt/airflow/dags/load_cb_courses.py took 0.733 seconds
[2026-02-20T13:45:20.849+0000] {processor.py:161} INFO - Started process (PID=2107) to work on /opt/airflow/dags/load_cb_courses.py
[2026-02-20T13:45:20.853+0000] {processor.py:830} INFO - Processing file /opt/airflow/dags/load_cb_courses.py for tasks to queue
[2026-02-20T13:45:20.857+0000] {logging_mixin.py:188} INFO - [2026-02-20T13:45:20.856+0000] {dagbag.py:545} INFO - Filling up the DagBag from /opt/airflow/dags/load_cb_courses.py
[2026-02-20T13:45:21.497+0000] {processor.py:840} INFO - DAG(s) 'load_cb_courses' retrieved from /opt/airflow/dags/load_cb_courses.py
[2026-02-20T13:45:21.522+0000] {logging_mixin.py:188} INFO - [2026-02-20T13:45:21.522+0000] {dag.py:3089} INFO - Sync 1 DAGs
[2026-02-20T13:45:21.545+0000] {logging_mixin.py:188} INFO - [2026-02-20T13:45:21.545+0000] {dag.py:3947} INFO - Setting next_dagrun for load_cb_courses to 2026-02-20 00:00:00+00:00, run_after=2026-02-21 00:00:00+00:00
[2026-02-20T13:45:21.573+0000] {processor.py:183} INFO - Processing /opt/airflow/dags/load_cb_courses.py took 0.737 seconds
[2026-02-20T13:45:52.140+0000] {processor.py:161} INFO - Started process (PID=2133) to work on /opt/airflow/dags/load_cb_courses.py
[2026-02-20T13:45:52.141+0000] {processor.py:830} INFO - Processing file /opt/airflow/dags/load_cb_courses.py for tasks to queue
[2026-02-20T13:45:52.144+0000] {logging_mixin.py:188} INFO - [2026-02-20T13:45:52.143+0000] {dagbag.py:545} INFO - Filling up the DagBag from /opt/airflow/dags/load_cb_courses.py
[2026-02-20T13:45:52.710+0000] {processor.py:840} INFO - DAG(s) 'load_cb_courses' retrieved from /opt/airflow/dags/load_cb_courses.py
[2026-02-20T13:45:52.740+0000] {logging_mixin.py:188} INFO - [2026-02-20T13:45:52.739+0000] {dag.py:3089} INFO - Sync 1 DAGs
[2026-02-20T13:45:52.761+0000] {logging_mixin.py:188} INFO - [2026-02-20T13:45:52.761+0000] {dag.py:3947} INFO - Setting next_dagrun for load_cb_courses to 2026-02-20 00:00:00+00:00, run_after=2026-02-21 00:00:00+00:00
[2026-02-20T13:45:52.786+0000] {processor.py:183} INFO - Processing /opt/airflow/dags/load_cb_courses.py took 0.654 seconds
[2026-02-20T13:46:23.263+0000] {processor.py:161} INFO - Started process (PID=2167) to work on /opt/airflow/dags/load_cb_courses.py
[2026-02-20T13:46:23.265+0000] {processor.py:830} INFO - Processing file /opt/airflow/dags/load_cb_courses.py for tasks to queue
[2026-02-20T13:46:23.268+0000] {logging_mixin.py:188} INFO - [2026-02-20T13:46:23.268+0000] {dagbag.py:545} INFO - Filling up the DagBag from /opt/airflow/dags/load_cb_courses.py
[2026-02-20T13:46:23.891+0000] {processor.py:840} INFO - DAG(s) 'load_cb_courses' retrieved from /opt/airflow/dags/load_cb_courses.py
[2026-02-20T13:46:23.942+0000] {logging_mixin.py:188} INFO - [2026-02-20T13:46:23.942+0000] {dag.py:3089} INFO - Sync 1 DAGs
[2026-02-20T13:46:23.966+0000] {logging_mixin.py:188} INFO - [2026-02-20T13:46:23.966+0000] {dag.py:3947} INFO - Setting next_dagrun for load_cb_courses to 2026-02-20 00:00:00+00:00, run_after=2026-02-21 00:00:00+00:00
[2026-02-20T13:46:23.990+0000] {processor.py:183} INFO - Processing /opt/airflow/dags/load_cb_courses.py took 0.734 seconds
[2026-02-20T13:46:54.300+0000] {processor.py:161} INFO - Started process (PID=2200) to work on /opt/airflow/dags/load_cb_courses.py
[2026-02-20T13:46:54.301+0000] {processor.py:830} INFO - Processing file /opt/airflow/dags/load_cb_courses.py for tasks to queue
[2026-02-20T13:46:54.304+0000] {logging_mixin.py:188} INFO - [2026-02-20T13:46:54.304+0000] {dagbag.py:545} INFO - Filling up the DagBag from /opt/airflow/dags/load_cb_courses.py
[2026-02-20T13:46:54.879+0000] {processor.py:840} INFO - DAG(s) 'load_cb_courses' retrieved from /opt/airflow/dags/load_cb_courses.py
[2026-02-20T13:46:54.915+0000] {logging_mixin.py:188} INFO - [2026-02-20T13:46:54.915+0000] {dag.py:3089} INFO - Sync 1 DAGs
[2026-02-20T13:46:54.941+0000] {logging_mixin.py:188} INFO - [2026-02-20T13:46:54.940+0000] {dag.py:3947} INFO - Setting next_dagrun for load_cb_courses to 2026-02-20 00:00:00+00:00, run_after=2026-02-21 00:00:00+00:00
[2026-02-20T13:46:54.973+0000] {processor.py:183} INFO - Processing /opt/airflow/dags/load_cb_courses.py took 0.682 seconds
[2026-02-20T13:47:25.307+0000] {processor.py:161} INFO - Started process (PID=2226) to work on /opt/airflow/dags/load_cb_courses.py
[2026-02-20T13:47:25.309+0000] {processor.py:830} INFO - Processing file /opt/airflow/dags/load_cb_courses.py for tasks to queue
[2026-02-20T13:47:25.314+0000] {logging_mixin.py:188} INFO - [2026-02-20T13:47:25.311+0000] {dagbag.py:545} INFO - Filling up the DagBag from /opt/airflow/dags/load_cb_courses.py
[2026-02-20T13:47:25.902+0000] {processor.py:840} INFO - DAG(s) 'load_cb_courses' retrieved from /opt/airflow/dags/load_cb_courses.py
[2026-02-20T13:47:25.928+0000] {logging_mixin.py:188} INFO - [2026-02-20T13:47:25.927+0000] {dag.py:3089} INFO - Sync 1 DAGs
[2026-02-20T13:47:25.949+0000] {logging_mixin.py:188} INFO - [2026-02-20T13:47:25.949+0000] {dag.py:3947} INFO - Setting next_dagrun for load_cb_courses to 2026-02-20 00:00:00+00:00, run_after=2026-02-21 00:00:00+00:00
[2026-02-20T13:47:25.973+0000] {processor.py:183} INFO - Processing /opt/airflow/dags/load_cb_courses.py took 0.674 seconds
[2026-02-20T13:47:56.822+0000] {processor.py:161} INFO - Started process (PID=2252) to work on /opt/airflow/dags/load_cb_courses.py
[2026-02-20T13:47:56.824+0000] {processor.py:830} INFO - Processing file /opt/airflow/dags/load_cb_courses.py for tasks to queue
[2026-02-20T13:47:56.826+0000] {logging_mixin.py:188} INFO - [2026-02-20T13:47:56.826+0000] {dagbag.py:545} INFO - Filling up the DagBag from /opt/airflow/dags/load_cb_courses.py
[2026-02-20T13:47:57.517+0000] {processor.py:840} INFO - DAG(s) 'load_cb_courses' retrieved from /opt/airflow/dags/load_cb_courses.py
[2026-02-20T13:47:57.543+0000] {logging_mixin.py:188} INFO - [2026-02-20T13:47:57.542+0000] {dag.py:3089} INFO - Sync 1 DAGs
[2026-02-20T13:47:57.567+0000] {logging_mixin.py:188} INFO - [2026-02-20T13:47:57.566+0000] {dag.py:3947} INFO - Setting next_dagrun for load_cb_courses to 2026-02-20 00:00:00+00:00, run_after=2026-02-21 00:00:00+00:00
[2026-02-20T13:47:57.594+0000] {processor.py:183} INFO - Processing /opt/airflow/dags/load_cb_courses.py took 0.780 seconds
[2026-02-20T13:48:28.152+0000] {processor.py:161} INFO - Started process (PID=2284) to work on /opt/airflow/dags/load_cb_courses.py
[2026-02-20T13:48:28.153+0000] {processor.py:830} INFO - Processing file /opt/airflow/dags/load_cb_courses.py for tasks to queue
[2026-02-20T13:48:28.156+0000] {logging_mixin.py:188} INFO - [2026-02-20T13:48:28.155+0000] {dagbag.py:545} INFO - Filling up the DagBag from /opt/airflow/dags/load_cb_courses.py
[2026-02-20T13:48:28.687+0000] {processor.py:840} INFO - DAG(s) 'load_cb_courses' retrieved from /opt/airflow/dags/load_cb_courses.py
[2026-02-20T13:48:28.711+0000] {logging_mixin.py:188} INFO - [2026-02-20T13:48:28.711+0000] {dag.py:3089} INFO - Sync 1 DAGs
[2026-02-20T13:48:28.734+0000] {logging_mixin.py:188} INFO - [2026-02-20T13:48:28.734+0000] {dag.py:3947} INFO - Setting next_dagrun for load_cb_courses to 2026-02-20 00:00:00+00:00, run_after=2026-02-21 00:00:00+00:00
[2026-02-20T13:48:28.762+0000] {processor.py:183} INFO - Processing /opt/airflow/dags/load_cb_courses.py took 0.617 seconds
[2026-02-20T13:48:59.341+0000] {processor.py:161} INFO - Started process (PID=2310) to work on /opt/airflow/dags/load_cb_courses.py
[2026-02-20T13:48:59.343+0000] {processor.py:830} INFO - Processing file /opt/airflow/dags/load_cb_courses.py for tasks to queue
[2026-02-20T13:48:59.346+0000] {logging_mixin.py:188} INFO - [2026-02-20T13:48:59.345+0000] {dagbag.py:545} INFO - Filling up the DagBag from /opt/airflow/dags/load_cb_courses.py
[2026-02-20T13:48:59.881+0000] {processor.py:840} INFO - DAG(s) 'load_cb_courses' retrieved from /opt/airflow/dags/load_cb_courses.py
[2026-02-20T13:48:59.906+0000] {logging_mixin.py:188} INFO - [2026-02-20T13:48:59.905+0000] {dag.py:3089} INFO - Sync 1 DAGs
[2026-02-20T13:48:59.927+0000] {logging_mixin.py:188} INFO - [2026-02-20T13:48:59.927+0000] {dag.py:3947} INFO - Setting next_dagrun for load_cb_courses to 2026-02-20 00:00:00+00:00, run_after=2026-02-21 00:00:00+00:00
[2026-02-20T13:48:59.951+0000] {processor.py:183} INFO - Processing /opt/airflow/dags/load_cb_courses.py took 0.617 seconds
[2026-02-20T13:49:30.571+0000] {processor.py:161} INFO - Started process (PID=2342) to work on /opt/airflow/dags/load_cb_courses.py
[2026-02-20T13:49:30.573+0000] {processor.py:830} INFO - Processing file /opt/airflow/dags/load_cb_courses.py for tasks to queue
[2026-02-20T13:49:30.574+0000] {logging_mixin.py:188} INFO - [2026-02-20T13:49:30.574+0000] {dagbag.py:545} INFO - Filling up the DagBag from /opt/airflow/dags/load_cb_courses.py
[2026-02-20T13:49:31.146+0000] {processor.py:840} INFO - DAG(s) 'load_cb_courses' retrieved from /opt/airflow/dags/load_cb_courses.py
[2026-02-20T13:49:31.176+0000] {logging_mixin.py:188} INFO - [2026-02-20T13:49:31.175+0000] {dag.py:3089} INFO - Sync 1 DAGs
[2026-02-20T13:49:31.208+0000] {logging_mixin.py:188} INFO - [2026-02-20T13:49:31.208+0000] {dag.py:3947} INFO - Setting next_dagrun for load_cb_courses to 2026-02-20 00:00:00+00:00, run_after=2026-02-21 00:00:00+00:00
[2026-02-20T13:49:30.576+0000] {processor.py:183} INFO - Processing /opt/airflow/dags/load_cb_courses.py took 0.676 seconds
[2026-02-20T13:50:00.883+0000] {processor.py:161} INFO - Started process (PID=2361) to work on /opt/airflow/dags/load_cb_courses.py
[2026-02-20T13:50:00.885+0000] {processor.py:830} INFO - Processing file /opt/airflow/dags/load_cb_courses.py for tasks to queue
[2026-02-20T13:50:00.887+0000] {logging_mixin.py:188} INFO - [2026-02-20T13:50:00.886+0000] {dagbag.py:545} INFO - Filling up the DagBag from /opt/airflow/dags/load_cb_courses.py
[2026-02-20T13:50:01.544+0000] {processor.py:840} INFO - DAG(s) 'load_cb_courses' retrieved from /opt/airflow/dags/load_cb_courses.py
[2026-02-20T13:50:01.579+0000] {logging_mixin.py:188} INFO - [2026-02-20T13:50:01.578+0000] {dag.py:3089} INFO - Sync 1 DAGs
[2026-02-20T13:50:01.603+0000] {logging_mixin.py:188} INFO - [2026-02-20T13:50:01.603+0000] {dag.py:3947} INFO - Setting next_dagrun for load_cb_courses to 2026-02-20 00:00:00+00:00, run_after=2026-02-21 00:00:00+00:00
[2026-02-20T13:50:01.637+0000] {processor.py:183} INFO - Processing /opt/airflow/dags/load_cb_courses.py took 0.764 seconds
[2026-02-20T13:50:32.374+0000] {processor.py:161} INFO - Started process (PID=2388) to work on /opt/airflow/dags/load_cb_courses.py
[2026-02-20T13:50:32.376+0000] {processor.py:830} INFO - Processing file /opt/airflow/dags/load_cb_courses.py for tasks to queue
[2026-02-20T13:50:32.378+0000] {logging_mixin.py:188} INFO - [2026-02-20T13:50:32.377+0000] {dagbag.py:545} INFO - Filling up the DagBag from /opt/airflow/dags/load_cb_courses.py
[2026-02-20T13:50:32.986+0000] {processor.py:840} INFO - DAG(s) 'load_cb_courses' retrieved from /opt/airflow/dags/load_cb_courses.py
[2026-02-20T13:50:33.015+0000] {logging_mixin.py:188} INFO - [2026-02-20T13:50:33.014+0000] {dag.py:3089} INFO - Sync 1 DAGs
[2026-02-20T13:50:33.039+0000] {logging_mixin.py:188} INFO - [2026-02-20T13:50:33.039+0000] {dag.py:3947} INFO - Setting next_dagrun for load_cb_courses to 2026-02-20 00:00:00+00:00, run_after=2026-02-21 00:00:00+00:00
[2026-02-20T13:50:33.063+0000] {processor.py:183} INFO - Processing /opt/airflow/dags/load_cb_courses.py took 0.699 seconds
[2026-02-20T13:51:03.303+0000] {processor.py:161} INFO - Started process (PID=2410) to work on /opt/airflow/dags/load_cb_courses.py
[2026-02-20T13:51:03.305+0000] {processor.py:830} INFO - Processing file /opt/airflow/dags/load_cb_courses.py for tasks to queue
[2026-02-20T13:51:03.307+0000] {logging_mixin.py:188} INFO - [2026-02-20T13:51:03.307+0000] {dagbag.py:545} INFO - Filling up the DagBag from /opt/airflow/dags/load_cb_courses.py
[2026-02-20T13:51:03.927+0000] {processor.py:840} INFO - DAG(s) 'load_cb_courses' retrieved from /opt/airflow/dags/load_cb_courses.py
[2026-02-20T13:51:03.956+0000] {logging_mixin.py:188} INFO - [2026-02-20T13:51:03.956+0000] {dag.py:3089} INFO - Sync 1 DAGs
[2026-02-20T13:51:03.983+0000] {logging_mixin.py:188} INFO - [2026-02-20T13:51:03.982+0000] {dag.py:3947} INFO - Setting next_dagrun for load_cb_courses to 2026-02-20 00:00:00+00:00, run_after=2026-02-21 00:00:00+00:00
[2026-02-20T13:51:04.006+0000] {processor.py:183} INFO - Processing /opt/airflow/dags/load_cb_courses.py took 0.716 seconds
[2026-02-20T13:51:34.310+0000] {processor.py:161} INFO - Started process (PID=2437) to work on /opt/airflow/dags/load_cb_courses.py
[2026-02-20T13:51:34.312+0000] {processor.py:830} INFO - Processing file /opt/airflow/dags/load_cb_courses.py for tasks to queue
[2026-02-20T13:51:34.314+0000] {logging_mixin.py:188} INFO - [2026-02-20T13:51:34.313+0000] {dagbag.py:545} INFO - Filling up the DagBag from /opt/airflow/dags/load_cb_courses.py
[2026-02-20T13:51:34.966+0000] {processor.py:840} INFO - DAG(s) 'load_cb_courses' retrieved from /opt/airflow/dags/load_cb_courses.py
[2026-02-20T13:51:34.992+0000] {logging_mixin.py:188} INFO - [2026-02-20T13:51:34.991+0000] {dag.py:3089} INFO - Sync 1 DAGs
[2026-02-20T13:51:35.015+0000] {logging_mixin.py:188} INFO - [2026-02-20T13:51:35.015+0000] {dag.py:3947} INFO - Setting next_dagrun for load_cb_courses to 2026-02-20 00:00:00+00:00, run_after=2026-02-21 00:00:00+00:00
[2026-02-20T13:51:35.051+0000] {processor.py:183} INFO - Processing /opt/airflow/dags/load_cb_courses.py took 0.751 seconds
[2026-02-20T13:52:05.852+0000] {processor.py:161} INFO - Started process (PID=2457) to work on /opt/airflow/dags/load_cb_courses.py
[2026-02-20T13:52:05.854+0000] {processor.py:830} INFO - Processing file /opt/airflow/dags/load_cb_courses.py for tasks to queue
[2026-02-20T13:52:05.858+0000] {logging_mixin.py:188} INFO - [2026-02-20T13:52:05.857+0000] {dagbag.py:545} INFO - Filling up the DagBag from /opt/airflow/dags/load_cb_courses.py
[2026-02-20T13:52:06.534+0000] {processor.py:840} INFO - DAG(s) 'load_cb_courses' retrieved from /opt/airflow/dags/load_cb_courses.py
[2026-02-20T13:52:06.567+0000] {logging_mixin.py:188} INFO - [2026-02-20T13:52:06.565+0000] {dag.py:3089} INFO - Sync 1 DAGs
[2026-02-20T13:52:06.601+0000] {logging_mixin.py:188} INFO - [2026-02-20T13:52:06.600+0000] {dag.py:3947} INFO - Setting next_dagrun for load_cb_courses to 2026-02-20 00:00:00+00:00, run_after=2026-02-21 00:00:00+00:00
[2026-02-20T13:52:06.635+0000] {processor.py:183} INFO - Processing /opt/airflow/dags/load_cb_courses.py took 0.797 seconds
[2026-02-20T13:52:37.329+0000] {processor.py:161} INFO - Started process (PID=2484) to work on /opt/airflow/dags/load_cb_courses.py
[2026-02-20T13:52:37.331+0000] {processor.py:830} INFO - Processing file /opt/airflow/dags/load_cb_courses.py for tasks to queue
[2026-02-20T13:52:37.332+0000] {logging_mixin.py:188} INFO - [2026-02-20T13:52:37.332+0000] {dagbag.py:545} INFO - Filling up the DagBag from /opt/airflow/dags/load_cb_courses.py
[2026-02-20T13:52:37.999+0000] {processor.py:840} INFO - DAG(s) 'load_cb_courses' retrieved from /opt/airflow/dags/load_cb_courses.py
[2026-02-20T13:52:38.029+0000] {logging_mixin.py:188} INFO - [2026-02-20T13:52:38.029+0000] {dag.py:3089} INFO - Sync 1 DAGs
[2026-02-20T13:52:38.058+0000] {logging_mixin.py:188} INFO - [2026-02-20T13:52:38.058+0000] {dag.py:3947} INFO - Setting next_dagrun for load_cb_courses to 2026-02-20 00:00:00+00:00, run_after=2026-02-21 00:00:00+00:00
[2026-02-20T13:52:38.087+0000] {processor.py:183} INFO - Processing /opt/airflow/dags/load_cb_courses.py took 0.767 seconds
[2026-02-20T13:53:08.714+0000] {processor.py:161} INFO - Started process (PID=2504) to work on /opt/airflow/dags/load_cb_courses.py
[2026-02-20T13:53:08.717+0000] {processor.py:830} INFO - Processing file /opt/airflow/dags/load_cb_courses.py for tasks to queue
[2026-02-20T13:53:08.718+0000] {logging_mixin.py:188} INFO - [2026-02-20T13:53:08.718+0000] {dagbag.py:545} INFO - Filling up the DagBag from /opt/airflow/dags/load_cb_courses.py
[2026-02-20T13:53:09.258+0000] {processor.py:840} INFO - DAG(s) 'load_cb_courses' retrieved from /opt/airflow/dags/load_cb_courses.py
[2026-02-20T13:53:09.282+0000] {logging_mixin.py:188} INFO - [2026-02-20T13:53:09.282+0000] {dag.py:3089} INFO - Sync 1 DAGs
[2026-02-20T13:53:09.305+0000] {logging_mixin.py:188} INFO - [2026-02-20T13:53:09.305+0000] {dag.py:3947} INFO - Setting next_dagrun for load_cb_courses to 2026-02-20 00:00:00+00:00, run_after=2026-02-21 00:00:00+00:00
[2026-02-20T13:53:09.330+0000] {processor.py:183} INFO - Processing /opt/airflow/dags/load_cb_courses.py took 0.623 seconds
[2026-02-20T13:53:39.995+0000] {processor.py:161} INFO - Started process (PID=2531) to work on /opt/airflow/dags/load_cb_courses.py
[2026-02-20T13:53:39.996+0000] {processor.py:830} INFO - Processing file /opt/airflow/dags/load_cb_courses.py for tasks to queue
[2026-02-20T13:53:39.998+0000] {logging_mixin.py:188} INFO - [2026-02-20T13:53:39.997+0000] {dagbag.py:545} INFO - Filling up the DagBag from /opt/airflow/dags/load_cb_courses.py
[2026-02-20T13:53:40.691+0000] {processor.py:840} INFO - DAG(s) 'load_cb_courses' retrieved from /opt/airflow/dags/load_cb_courses.py
[2026-02-20T13:53:40.723+0000] {logging_mixin.py:188} INFO - [2026-02-20T13:53:40.722+0000] {dag.py:3089} INFO - Sync 1 DAGs
[2026-02-20T13:53:40.746+0000] {logging_mixin.py:188} INFO - [2026-02-20T13:53:40.745+0000] {dag.py:3947} INFO - Setting next_dagrun for load_cb_courses to 2026-02-20 00:00:00+00:00, run_after=2026-02-21 00:00:00+00:00
[2026-02-20T13:53:40.769+0000] {processor.py:183} INFO - Processing /opt/airflow/dags/load_cb_courses.py took 0.783 seconds
[2026-02-20T13:54:11.387+0000] {processor.py:161} INFO - Started process (PID=2551) to work on /opt/airflow/dags/load_cb_courses.py
[2026-02-20T13:54:11.388+0000] {processor.py:830} INFO - Processing file /opt/airflow/dags/load_cb_courses.py for tasks to queue
[2026-02-20T13:54:11.391+0000] {logging_mixin.py:188} INFO - [2026-02-20T13:54:11.391+0000] {dagbag.py:545} INFO - Filling up the DagBag from /opt/airflow/dags/load_cb_courses.py
[2026-02-20T13:54:11.947+0000] {processor.py:840} INFO - DAG(s) 'load_cb_courses' retrieved from /opt/airflow/dags/load_cb_courses.py
[2026-02-20T13:54:11.971+0000] {logging_mixin.py:188} INFO - [2026-02-20T13:54:11.970+0000] {dag.py:3089} INFO - Sync 1 DAGs
[2026-02-20T13:54:11.994+0000] {logging_mixin.py:188} INFO - [2026-02-20T13:54:11.993+0000] {dag.py:3947} INFO - Setting next_dagrun for load_cb_courses to 2026-02-20 00:00:00+00:00, run_after=2026-02-21 00:00:00+00:00
[2026-02-20T13:54:12.020+0000] {processor.py:183} INFO - Processing /opt/airflow/dags/load_cb_courses.py took 0.640 seconds
[2026-02-20T13:54:42.316+0000] {processor.py:161} INFO - Started process (PID=2578) to work on /opt/airflow/dags/load_cb_courses.py
[2026-02-20T13:54:42.317+0000] {processor.py:830} INFO - Processing file /opt/airflow/dags/load_cb_courses.py for tasks to queue
[2026-02-20T13:54:42.319+0000] {logging_mixin.py:188} INFO - [2026-02-20T13:54:42.318+0000] {dagbag.py:545} INFO - Filling up the DagBag from /opt/airflow/dags/load_cb_courses.py
[2026-02-20T13:54:42.880+0000] {processor.py:840} INFO - DAG(s) 'load_cb_courses' retrieved from /opt/airflow/dags/load_cb_courses.py
[2026-02-20T13:54:42.912+0000] {logging_mixin.py:188} INFO - [2026-02-20T13:54:42.911+0000] {dag.py:3089} INFO - Sync 1 DAGs
[2026-02-20T13:54:42.936+0000] {logging_mixin.py:188} INFO - [2026-02-20T13:54:42.936+0000] {dag.py:3947} INFO - Setting next_dagrun for load_cb_courses to 2026-02-20 00:00:00+00:00, run_after=2026-02-21 00:00:00+00:00
[2026-02-20T13:54:42.959+0000] {processor.py:183} INFO - Processing /opt/airflow/dags/load_cb_courses.py took 0.652 seconds
[2026-02-20T13:55:13.151+0000] {processor.py:161} INFO - Started process (PID=2605) to work on /opt/airflow/dags/load_cb_courses.py
[2026-02-20T13:55:13.153+0000] {processor.py:830} INFO - Processing file /opt/airflow/dags/load_cb_courses.py for tasks to queue
[2026-02-20T13:55:13.155+0000] {logging_mixin.py:188} INFO - [2026-02-20T13:55:13.154+0000] {dagbag.py:545} INFO - Filling up the DagBag from /opt/airflow/dags/load_cb_courses.py
[2026-02-20T13:55:13.727+0000] {processor.py:840} INFO - DAG(s) 'load_cb_courses' retrieved from /opt/airflow/dags/load_cb_courses.py
[2026-02-20T13:55:13.761+0000] {logging_mixin.py:188} INFO - [2026-02-20T13:55:13.760+0000] {dag.py:3089} INFO - Sync 1 DAGs
[2026-02-20T13:55:13.785+0000] {logging_mixin.py:188} INFO - [2026-02-20T13:55:13.784+0000] {dag.py:3947} INFO - Setting next_dagrun for load_cb_courses to 2026-02-20 00:00:00+00:00, run_after=2026-02-21 00:00:00+00:00
[2026-02-20T13:55:13.811+0000] {processor.py:183} INFO - Processing /opt/airflow/dags/load_cb_courses.py took 0.668 seconds
[2026-02-20T13:55:44.097+0000] {processor.py:161} INFO - Started process (PID=2623) to work on /opt/airflow/dags/load_cb_courses.py
[2026-02-20T13:55:44.099+0000] {processor.py:830} INFO - Processing file /opt/airflow/dags/load_cb_courses.py for tasks to queue
[2026-02-20T13:55:44.101+0000] {logging_mixin.py:188} INFO - [2026-02-20T13:55:44.100+0000] {dagbag.py:545} INFO - Filling up the DagBag from /opt/airflow/dags/load_cb_courses.py
[2026-02-20T13:55:44.642+0000] {processor.py:840} INFO - DAG(s) 'load_cb_courses' retrieved from /opt/airflow/dags/load_cb_courses.py
[2026-02-20T13:55:44.666+0000] {logging_mixin.py:188} INFO - [2026-02-20T13:55:44.666+0000] {dag.py:3089} INFO - Sync 1 DAGs
[2026-02-20T13:55:44.688+0000] {logging_mixin.py:188} INFO - [2026-02-20T13:55:44.688+0000] {dag.py:3947} INFO - Setting next_dagrun for load_cb_courses to 2026-02-20 00:00:00+00:00, run_after=2026-02-21 00:00:00+00:00
[2026-02-20T13:55:44.709+0000] {processor.py:183} INFO - Processing /opt/airflow/dags/load_cb_courses.py took 0.618 seconds
[2026-02-20T13:56:14.943+0000] {processor.py:161} INFO - Started process (PID=2650) to work on /opt/airflow/dags/load_cb_courses.py
[2026-02-20T13:56:14.944+0000] {processor.py:830} INFO - Processing file /opt/airflow/dags/load_cb_courses.py for tasks to queue
[2026-02-20T13:56:14.946+0000] {logging_mixin.py:188} INFO - [2026-02-20T13:56:14.946+0000] {dagbag.py:545} INFO - Filling up the DagBag from /opt/airflow/dags/load_cb_courses.py
[2026-02-20T13:56:15.471+0000] {processor.py:840} INFO - DAG(s) 'load_cb_courses' retrieved from /opt/airflow/dags/load_cb_courses.py
[2026-02-20T13:56:15.494+0000] {logging_mixin.py:188} INFO - [2026-02-20T13:56:15.494+0000] {dag.py:3089} INFO - Sync 1 DAGs
[2026-02-20T13:56:15.517+0000] {logging_mixin.py:188} INFO - [2026-02-20T13:56:15.517+0000] {dag.py:3947} INFO - Setting next_dagrun for load_cb_courses to 2026-02-20 00:00:00+00:00, run_after=2026-02-21 00:00:00+00:00
[2026-02-20T13:56:15.544+0000] {processor.py:183} INFO - Processing /opt/airflow/dags/load_cb_courses.py took 0.609 seconds
[2026-02-20T13:56:45.841+0000] {processor.py:161} INFO - Started process (PID=2670) to work on /opt/airflow/dags/load_cb_courses.py
[2026-02-20T13:56:45.844+0000] {processor.py:830} INFO - Processing file /opt/airflow/dags/load_cb_courses.py for tasks to queue
[2026-02-20T13:56:45.846+0000] {logging_mixin.py:188} INFO - [2026-02-20T13:56:45.845+0000] {dagbag.py:545} INFO - Filling up the DagBag from /opt/airflow/dags/load_cb_courses.py
[2026-02-20T13:56:46.510+0000] {processor.py:840} INFO - DAG(s) 'load_cb_courses' retrieved from /opt/airflow/dags/load_cb_courses.py
[2026-02-20T13:56:46.536+0000] {logging_mixin.py:188} INFO - [2026-02-20T13:56:46.535+0000] {dag.py:3089} INFO - Sync 1 DAGs
[2026-02-20T13:56:46.569+0000] {logging_mixin.py:188} INFO - [2026-02-20T13:56:46.569+0000] {dag.py:3947} INFO - Setting next_dagrun for load_cb_courses to 2026-02-20 00:00:00+00:00, run_after=2026-02-21 00:00:00+00:00
[2026-02-20T13:56:46.597+0000] {processor.py:183} INFO - Processing /opt/airflow/dags/load_cb_courses.py took 0.771 seconds
[2026-02-20T13:57:16.937+0000] {processor.py:161} INFO - Started process (PID=2699) to work on /opt/airflow/dags/load_cb_courses.py
[2026-02-20T13:57:16.939+0000] {processor.py:830} INFO - Processing file /opt/airflow/dags/load_cb_courses.py for tasks to queue
[2026-02-20T13:57:16.940+0000] {logging_mixin.py:188} INFO - [2026-02-20T13:57:16.940+0000] {dagbag.py:545} INFO - Filling up the DagBag from /opt/airflow/dags/load_cb_courses.py
[2026-02-20T13:57:17.486+0000] {processor.py:840} INFO - DAG(s) 'load_cb_courses' retrieved from /opt/airflow/dags/load_cb_courses.py
[2026-02-20T13:57:17.510+0000] {logging_mixin.py:188} INFO - [2026-02-20T13:57:17.510+0000] {dag.py:3089} INFO - Sync 1 DAGs
[2026-02-20T13:57:17.535+0000] {logging_mixin.py:188} INFO - [2026-02-20T13:57:17.535+0000] {dag.py:3947} INFO - Setting next_dagrun for load_cb_courses to 2026-02-20 00:00:00+00:00, run_after=2026-02-21 00:00:00+00:00
[2026-02-20T13:57:17.561+0000] {processor.py:183} INFO - Processing /opt/airflow/dags/load_cb_courses.py took 0.633 seconds
[2026-02-20T13:57:48.024+0000] {processor.py:161} INFO - Started process (PID=2717) to work on /opt/airflow/dags/load_cb_courses.py
[2026-02-20T13:57:48.026+0000] {processor.py:830} INFO - Processing file /opt/airflow/dags/load_cb_courses.py for tasks to queue
[2026-02-20T13:57:48.028+0000] {logging_mixin.py:188} INFO - [2026-02-20T13:57:48.027+0000] {dagbag.py:545} INFO - Filling up the DagBag from /opt/airflow/dags/load_cb_courses.py
[2026-02-20T13:57:48.566+0000] {processor.py:840} INFO - DAG(s) 'load_cb_courses' retrieved from /opt/airflow/dags/load_cb_courses.py
[2026-02-20T13:57:48.591+0000] {logging_mixin.py:188} INFO - [2026-02-20T13:57:48.591+0000] {dag.py:3089} INFO - Sync 1 DAGs
[2026-02-20T13:57:48.618+0000] {logging_mixin.py:188} INFO - [2026-02-20T13:57:48.617+0000] {dag.py:3947} INFO - Setting next_dagrun for load_cb_courses to 2026-02-20 00:00:00+00:00, run_after=2026-02-21 00:00:00+00:00
[2026-02-20T13:57:48.645+0000] {processor.py:183} INFO - Processing /opt/airflow/dags/load_cb_courses.py took 0.630 seconds
[2026-02-20T13:58:19.207+0000] {processor.py:161} INFO - Started process (PID=2744) to work on /opt/airflow/dags/load_cb_courses.py
[2026-02-20T13:58:19.209+0000] {processor.py:830} INFO - Processing file /opt/airflow/dags/load_cb_courses.py for tasks to queue
[2026-02-20T13:58:19.210+0000] {logging_mixin.py:188} INFO - [2026-02-20T13:58:19.210+0000] {dagbag.py:545} INFO - Filling up the DagBag from /opt/airflow/dags/load_cb_courses.py
[2026-02-20T13:58:19.771+0000] {processor.py:840} INFO - DAG(s) 'load_cb_courses' retrieved from /opt/airflow/dags/load_cb_courses.py
[2026-02-20T13:58:19.797+0000] {logging_mixin.py:188} INFO - [2026-02-20T13:58:19.797+0000] {dag.py:3089} INFO - Sync 1 DAGs
[2026-02-20T13:58:19.819+0000] {logging_mixin.py:188} INFO - [2026-02-20T13:58:19.819+0000] {dag.py:3947} INFO - Setting next_dagrun for load_cb_courses to 2026-02-20 00:00:00+00:00, run_after=2026-02-21 00:00:00+00:00
[2026-02-20T13:58:19.844+0000] {processor.py:183} INFO - Processing /opt/airflow/dags/load_cb_courses.py took 0.645 seconds
[2026-02-20T13:58:50.159+0000] {processor.py:161} INFO - Started process (PID=2764) to work on /opt/airflow/dags/load_cb_courses.py
[2026-02-20T13:58:50.160+0000] {processor.py:830} INFO - Processing file /opt/airflow/dags/load_cb_courses.py for tasks to queue
[2026-02-20T13:58:50.162+0000] {logging_mixin.py:188} INFO - [2026-02-20T13:58:50.161+0000] {dagbag.py:545} INFO - Filling up the DagBag from /opt/airflow/dags/load_cb_courses.py
[2026-02-20T13:58:50.726+0000] {processor.py:840} INFO - DAG(s) 'load_cb_courses' retrieved from /opt/airflow/dags/load_cb_courses.py
[2026-02-20T13:58:50.760+0000] {logging_mixin.py:188} INFO - [2026-02-20T13:58:50.759+0000] {dag.py:3089} INFO - Sync 1 DAGs
[2026-02-20T13:58:50.787+0000] {logging_mixin.py:188} INFO - [2026-02-20T13:58:50.786+0000] {dag.py:3947} INFO - Setting next_dagrun for load_cb_courses to 2026-02-20 00:00:00+00:00, run_after=2026-02-21 00:00:00+00:00
[2026-02-20T13:58:50.811+0000] {processor.py:183} INFO - Processing /opt/airflow/dags/load_cb_courses.py took 0.660 seconds
[2026-02-20T13:59:21.039+0000] {processor.py:161} INFO - Started process (PID=2792) to work on /opt/airflow/dags/load_cb_courses.py
[2026-02-20T13:59:21.041+0000] {processor.py:830} INFO - Processing file /opt/airflow/dags/load_cb_courses.py for tasks to queue
[2026-02-20T13:59:21.043+0000] {logging_mixin.py:188} INFO - [2026-02-20T13:59:21.043+0000] {dagbag.py:545} INFO - Filling up the DagBag from /opt/airflow/dags/load_cb_courses.py
[2026-02-20T13:59:21.710+0000] {processor.py:840} INFO - DAG(s) 'load_cb_courses' retrieved from /opt/airflow/dags/load_cb_courses.py
[2026-02-20T13:59:21.735+0000] {logging_mixin.py:188} INFO - [2026-02-20T13:59:21.734+0000] {dag.py:3089} INFO - Sync 1 DAGs
[2026-02-20T13:59:21.758+0000] {logging_mixin.py:188} INFO - [2026-02-20T13:59:21.758+0000] {dag.py:3947} INFO - Setting next_dagrun for load_cb_courses to 2026-02-20 00:00:00+00:00, run_after=2026-02-21 00:00:00+00:00
[2026-02-20T13:59:21.784+0000] {processor.py:183} INFO - Processing /opt/airflow/dags/load_cb_courses.py took 0.763 seconds
[2026-02-20T13:59:51.931+0000] {processor.py:161} INFO - Started process (PID=2812) to work on /opt/airflow/dags/load_cb_courses.py
[2026-02-20T13:59:51.933+0000] {processor.py:830} INFO - Processing file /opt/airflow/dags/load_cb_courses.py for tasks to queue
[2026-02-20T13:59:51.935+0000] {logging_mixin.py:188} INFO - [2026-02-20T13:59:51.934+0000] {dagbag.py:545} INFO - Filling up the DagBag from /opt/airflow/dags/load_cb_courses.py
[2026-02-20T13:59:52.552+0000] {processor.py:840} INFO - DAG(s) 'load_cb_courses' retrieved from /opt/airflow/dags/load_cb_courses.py
[2026-02-20T13:59:52.577+0000] {logging_mixin.py:188} INFO - [2026-02-20T13:59:52.577+0000] {dag.py:3089} INFO - Sync 1 DAGs
[2026-02-20T13:59:52.601+0000] {logging_mixin.py:188} INFO - [2026-02-20T13:59:52.601+0000] {dag.py:3947} INFO - Setting next_dagrun for load_cb_courses to 2026-02-20 00:00:00+00:00, run_after=2026-02-21 00:00:00+00:00
[2026-02-20T13:59:52.627+0000] {processor.py:183} INFO - Processing /opt/airflow/dags/load_cb_courses.py took 0.703 seconds
[2026-02-20T14:00:22.946+0000] {processor.py:161} INFO - Started process (PID=2838) to work on /opt/airflow/dags/load_cb_courses.py
[2026-02-20T14:00:22.948+0000] {processor.py:830} INFO - Processing file /opt/airflow/dags/load_cb_courses.py for tasks to queue
[2026-02-20T14:00:22.949+0000] {logging_mixin.py:188} INFO - [2026-02-20T14:00:22.949+0000] {dagbag.py:545} INFO - Filling up the DagBag from /opt/airflow/dags/load_cb_courses.py
[2026-02-20T14:00:23.463+0000] {processor.py:840} INFO - DAG(s) 'load_cb_courses' retrieved from /opt/airflow/dags/load_cb_courses.py
[2026-02-20T14:00:23.487+0000] {logging_mixin.py:188} INFO - [2026-02-20T14:00:23.487+0000] {dag.py:3089} INFO - Sync 1 DAGs
[2026-02-20T14:00:23.511+0000] {logging_mixin.py:188} INFO - [2026-02-20T14:00:23.511+0000] {dag.py:3947} INFO - Setting next_dagrun for load_cb_courses to 2026-02-20 00:00:00+00:00, run_after=2026-02-21 00:00:00+00:00
[2026-02-20T14:00:23.553+0000] {processor.py:183} INFO - Processing /opt/airflow/dags/load_cb_courses.py took 0.614 seconds
[2026-02-20T14:00:54.091+0000] {processor.py:161} INFO - Started process (PID=2865) to work on /opt/airflow/dags/load_cb_courses.py
[2026-02-20T14:00:54.093+0000] {processor.py:830} INFO - Processing file /opt/airflow/dags/load_cb_courses.py for tasks to queue
[2026-02-20T14:00:54.094+0000] {logging_mixin.py:188} INFO - [2026-02-20T14:00:54.094+0000] {dagbag.py:545} INFO - Filling up the DagBag from /opt/airflow/dags/load_cb_courses.py
[2026-02-20T14:00:54.609+0000] {processor.py:840} INFO - DAG(s) 'load_cb_courses' retrieved from /opt/airflow/dags/load_cb_courses.py
[2026-02-20T14:00:54.634+0000] {logging_mixin.py:188} INFO - [2026-02-20T14:00:54.633+0000] {dag.py:3089} INFO - Sync 1 DAGs
[2026-02-20T14:00:54.656+0000] {logging_mixin.py:188} INFO - [2026-02-20T14:00:54.656+0000] {dag.py:3947} INFO - Setting next_dagrun for load_cb_courses to 2026-02-20 00:00:00+00:00, run_after=2026-02-21 00:00:00+00:00
[2026-02-20T14:00:54.680+0000] {processor.py:183} INFO - Processing /opt/airflow/dags/load_cb_courses.py took 0.596 seconds
[2026-02-20T14:01:24.981+0000] {processor.py:161} INFO - Started process (PID=2885) to work on /opt/airflow/dags/load_cb_courses.py
[2026-02-20T14:01:24.982+0000] {processor.py:830} INFO - Processing file /opt/airflow/dags/load_cb_courses.py for tasks to queue
[2026-02-20T14:01:24.984+0000] {logging_mixin.py:188} INFO - [2026-02-20T14:01:24.983+0000] {dagbag.py:545} INFO - Filling up the DagBag from /opt/airflow/dags/load_cb_courses.py
[2026-02-20T14:01:25.536+0000] {processor.py:840} INFO - DAG(s) 'load_cb_courses' retrieved from /opt/airflow/dags/load_cb_courses.py
[2026-02-20T14:01:25.568+0000] {logging_mixin.py:188} INFO - [2026-02-20T14:01:25.568+0000] {dag.py:3089} INFO - Sync 1 DAGs
[2026-02-20T14:01:25.615+0000] {logging_mixin.py:188} INFO - [2026-02-20T14:01:25.614+0000] {dag.py:3947} INFO - Setting next_dagrun for load_cb_courses to 2026-02-20 00:00:00+00:00, run_after=2026-02-21 00:00:00+00:00
[2026-02-20T14:01:25.648+0000] {processor.py:183} INFO - Processing /opt/airflow/dags/load_cb_courses.py took 0.676 seconds
[2026-02-20T14:01:55.907+0000] {processor.py:161} INFO - Started process (PID=2911) to work on /opt/airflow/dags/load_cb_courses.py
[2026-02-20T14:01:55.909+0000] {processor.py:830} INFO - Processing file /opt/airflow/dags/load_cb_courses.py for tasks to queue
[2026-02-20T14:01:55.911+0000] {logging_mixin.py:188} INFO - [2026-02-20T14:01:55.911+0000] {dagbag.py:545} INFO - Filling up the DagBag from /opt/airflow/dags/load_cb_courses.py
[2026-02-20T14:01:56.517+0000] {processor.py:840} INFO - DAG(s) 'load_cb_courses' retrieved from /opt/airflow/dags/load_cb_courses.py
[2026-02-20T14:01:56.542+0000] {logging_mixin.py:188} INFO - [2026-02-20T14:01:56.541+0000] {dag.py:3089} INFO - Sync 1 DAGs
[2026-02-20T14:01:56.564+0000] {logging_mixin.py:188} INFO - [2026-02-20T14:01:56.564+0000] {dag.py:3947} INFO - Setting next_dagrun for load_cb_courses to 2026-02-20 00:00:00+00:00, run_after=2026-02-21 00:00:00+00:00
[2026-02-20T14:01:56.589+0000] {processor.py:183} INFO - Processing /opt/airflow/dags/load_cb_courses.py took 0.692 seconds
[2026-02-20T14:02:26.945+0000] {processor.py:161} INFO - Started process (PID=2931) to work on /opt/airflow/dags/load_cb_courses.py
[2026-02-20T14:02:26.948+0000] {processor.py:830} INFO - Processing file /opt/airflow/dags/load_cb_courses.py for tasks to queue
[2026-02-20T14:02:26.951+0000] {logging_mixin.py:188} INFO - [2026-02-20T14:02:26.950+0000] {dagbag.py:545} INFO - Filling up the DagBag from /opt/airflow/dags/load_cb_courses.py
[2026-02-20T14:02:27.704+0000] {processor.py:840} INFO - DAG(s) 'load_cb_courses' retrieved from /opt/airflow/dags/load_cb_courses.py
[2026-02-20T14:02:27.728+0000] {logging_mixin.py:188} INFO - [2026-02-20T14:02:27.727+0000] {dag.py:3089} INFO - Sync 1 DAGs
[2026-02-20T14:02:27.753+0000] {logging_mixin.py:188} INFO - [2026-02-20T14:02:27.753+0000] {dag.py:3947} INFO - Setting next_dagrun for load_cb_courses to 2026-02-20 00:00:00+00:00, run_after=2026-02-21 00:00:00+00:00
[2026-02-20T14:02:27.780+0000] {processor.py:183} INFO - Processing /opt/airflow/dags/load_cb_courses.py took 0.850 seconds
[2026-02-20T14:02:58.766+0000] {processor.py:161} INFO - Started process (PID=2957) to work on /opt/airflow/dags/load_cb_courses.py
[2026-02-20T14:02:58.769+0000] {processor.py:830} INFO - Processing file /opt/airflow/dags/load_cb_courses.py for tasks to queue
[2026-02-20T14:02:58.771+0000] {logging_mixin.py:188} INFO - [2026-02-20T14:02:58.770+0000] {dagbag.py:545} INFO - Filling up the DagBag from /opt/airflow/dags/load_cb_courses.py
[2026-02-20T14:03:00.477+0000] {processor.py:840} INFO - DAG(s) 'load_cb_courses' retrieved from /opt/airflow/dags/load_cb_courses.py
[2026-02-20T14:03:00.508+0000] {logging_mixin.py:188} INFO - [2026-02-20T14:03:00.508+0000] {dag.py:3089} INFO - Sync 1 DAGs
[2026-02-20T14:03:00.532+0000] {logging_mixin.py:188} INFO - [2026-02-20T14:03:00.532+0000] {dag.py:3947} INFO - Setting next_dagrun for load_cb_courses to 2026-02-20 00:00:00+00:00, run_after=2026-02-21 00:00:00+00:00
[2026-02-20T14:03:00.576+0000] {processor.py:183} INFO - Processing /opt/airflow/dags/load_cb_courses.py took 1.819 seconds
[2026-02-20T14:03:31.255+0000] {processor.py:161} INFO - Started process (PID=2977) to work on /opt/airflow/dags/load_cb_courses.py
[2026-02-20T14:03:31.257+0000] {processor.py:830} INFO - Processing file /opt/airflow/dags/load_cb_courses.py for tasks to queue
[2026-02-20T14:03:31.259+0000] {logging_mixin.py:188} INFO - [2026-02-20T14:03:31.259+0000] {dagbag.py:545} INFO - Filling up the DagBag from /opt/airflow/dags/load_cb_courses.py
[2026-02-20T14:03:31.894+0000] {processor.py:840} INFO - DAG(s) 'load_cb_courses' retrieved from /opt/airflow/dags/load_cb_courses.py
[2026-02-20T14:03:31.922+0000] {logging_mixin.py:188} INFO - [2026-02-20T14:03:31.921+0000] {dag.py:3089} INFO - Sync 1 DAGs
[2026-02-20T14:03:31.947+0000] {logging_mixin.py:188} INFO - [2026-02-20T14:03:31.946+0000] {dag.py:3947} INFO - Setting next_dagrun for load_cb_courses to 2026-02-20 00:00:00+00:00, run_after=2026-02-21 00:00:00+00:00
[2026-02-20T14:03:31.971+0000] {processor.py:183} INFO - Processing /opt/airflow/dags/load_cb_courses.py took 0.726 seconds
[2026-02-20T14:04:02.081+0000] {processor.py:161} INFO - Started process (PID=3005) to work on /opt/airflow/dags/load_cb_courses.py
[2026-02-20T14:04:02.084+0000] {processor.py:830} INFO - Processing file /opt/airflow/dags/load_cb_courses.py for tasks to queue
[2026-02-20T14:04:02.096+0000] {logging_mixin.py:188} INFO - [2026-02-20T14:04:02.086+0000] {dagbag.py:545} INFO - Filling up the DagBag from /opt/airflow/dags/load_cb_courses.py
[2026-02-20T14:04:02.778+0000] {processor.py:840} INFO - DAG(s) 'load_cb_courses' retrieved from /opt/airflow/dags/load_cb_courses.py
[2026-02-20T14:04:02.804+0000] {logging_mixin.py:188} INFO - [2026-02-20T14:04:02.803+0000] {dag.py:3089} INFO - Sync 1 DAGs
[2026-02-20T14:04:02.830+0000] {logging_mixin.py:188} INFO - [2026-02-20T14:04:02.830+0000] {dag.py:3947} INFO - Setting next_dagrun for load_cb_courses to 2026-02-20 00:00:00+00:00, run_after=2026-02-21 00:00:00+00:00
[2026-02-20T14:04:02.857+0000] {processor.py:183} INFO - Processing /opt/airflow/dags/load_cb_courses.py took 0.801 seconds
[2026-02-20T14:04:33.484+0000] {processor.py:161} INFO - Started process (PID=3025) to work on /opt/airflow/dags/load_cb_courses.py
[2026-02-20T14:04:33.486+0000] {processor.py:830} INFO - Processing file /opt/airflow/dags/load_cb_courses.py for tasks to queue
[2026-02-20T14:04:33.487+0000] {logging_mixin.py:188} INFO - [2026-02-20T14:04:33.487+0000] {dagbag.py:545} INFO - Filling up the DagBag from /opt/airflow/dags/load_cb_courses.py
[2026-02-20T14:04:34.133+0000] {processor.py:840} INFO - DAG(s) 'load_cb_courses' retrieved from /opt/airflow/dags/load_cb_courses.py
[2026-02-20T14:04:34.167+0000] {logging_mixin.py:188} INFO - [2026-02-20T14:04:34.166+0000] {dag.py:3089} INFO - Sync 1 DAGs
[2026-02-20T14:04:34.200+0000] {logging_mixin.py:188} INFO - [2026-02-20T14:04:34.199+0000] {dag.py:3947} INFO - Setting next_dagrun for load_cb_courses to 2026-02-20 00:00:00+00:00, run_after=2026-02-21 00:00:00+00:00
[2026-02-20T14:04:34.225+0000] {processor.py:183} INFO - Processing /opt/airflow/dags/load_cb_courses.py took 0.750 seconds
[2026-02-20T14:05:04.359+0000] {processor.py:161} INFO - Started process (PID=3051) to work on /opt/airflow/dags/load_cb_courses.py
[2026-02-20T14:05:04.360+0000] {processor.py:830} INFO - Processing file /opt/airflow/dags/load_cb_courses.py for tasks to queue
[2026-02-20T14:05:04.362+0000] {logging_mixin.py:188} INFO - [2026-02-20T14:05:04.361+0000] {dagbag.py:545} INFO - Filling up the DagBag from /opt/airflow/dags/load_cb_courses.py
[2026-02-20T14:05:04.979+0000] {processor.py:840} INFO - DAG(s) 'load_cb_courses' retrieved from /opt/airflow/dags/load_cb_courses.py
[2026-02-20T14:05:05.013+0000] {logging_mixin.py:188} INFO - [2026-02-20T14:05:05.012+0000] {dag.py:3089} INFO - Sync 1 DAGs
[2026-02-20T14:05:05.039+0000] {logging_mixin.py:188} INFO - [2026-02-20T14:05:05.039+0000] {dag.py:3947} INFO - Setting next_dagrun for load_cb_courses to 2026-02-20 00:00:00+00:00, run_after=2026-02-21 00:00:00+00:00
[2026-02-20T14:05:05.064+0000] {processor.py:183} INFO - Processing /opt/airflow/dags/load_cb_courses.py took 0.713 seconds
[2026-02-20T14:05:35.365+0000] {processor.py:161} INFO - Started process (PID=3072) to work on /opt/airflow/dags/load_cb_courses.py
[2026-02-20T14:05:35.367+0000] {processor.py:830} INFO - Processing file /opt/airflow/dags/load_cb_courses.py for tasks to queue
[2026-02-20T14:05:35.368+0000] {logging_mixin.py:188} INFO - [2026-02-20T14:05:35.368+0000] {dagbag.py:545} INFO - Filling up the DagBag from /opt/airflow/dags/load_cb_courses.py
[2026-02-20T14:05:35.902+0000] {processor.py:840} INFO - DAG(s) 'load_cb_courses' retrieved from /opt/airflow/dags/load_cb_courses.py
[2026-02-20T14:05:35.929+0000] {logging_mixin.py:188} INFO - [2026-02-20T14:05:35.928+0000] {dag.py:3089} INFO - Sync 1 DAGs
[2026-02-20T14:05:35.951+0000] {logging_mixin.py:188} INFO - [2026-02-20T14:05:35.950+0000] {dag.py:3947} INFO - Setting next_dagrun for load_cb_courses to 2026-02-20 00:00:00+00:00, run_after=2026-02-21 00:00:00+00:00
[2026-02-20T14:05:35.977+0000] {processor.py:183} INFO - Processing /opt/airflow/dags/load_cb_courses.py took 0.619 seconds
[2026-02-20T14:06:06.694+0000] {processor.py:161} INFO - Started process (PID=3097) to work on /opt/airflow/dags/load_cb_courses.py
[2026-02-20T14:06:06.695+0000] {processor.py:830} INFO - Processing file /opt/airflow/dags/load_cb_courses.py for tasks to queue
[2026-02-20T14:06:06.697+0000] {logging_mixin.py:188} INFO - [2026-02-20T14:06:06.696+0000] {dagbag.py:545} INFO - Filling up the DagBag from /opt/airflow/dags/load_cb_courses.py
[2026-02-20T14:06:07.282+0000] {processor.py:840} INFO - DAG(s) 'load_cb_courses' retrieved from /opt/airflow/dags/load_cb_courses.py
[2026-02-20T14:06:07.311+0000] {logging_mixin.py:188} INFO - [2026-02-20T14:06:07.310+0000] {dag.py:3089} INFO - Sync 1 DAGs
[2026-02-20T14:06:07.338+0000] {logging_mixin.py:188} INFO - [2026-02-20T14:06:07.337+0000] {dag.py:3947} INFO - Setting next_dagrun for load_cb_courses to 2026-02-20 00:00:00+00:00, run_after=2026-02-21 00:00:00+00:00
[2026-02-20T14:06:07.364+0000] {processor.py:183} INFO - Processing /opt/airflow/dags/load_cb_courses.py took 0.680 seconds
[2026-02-20T14:06:37.940+0000] {processor.py:161} INFO - Started process (PID=3116) to work on /opt/airflow/dags/load_cb_courses.py
[2026-02-20T14:06:37.941+0000] {processor.py:830} INFO - Processing file /opt/airflow/dags/load_cb_courses.py for tasks to queue
[2026-02-20T14:06:37.943+0000] {logging_mixin.py:188} INFO - [2026-02-20T14:06:37.942+0000] {dagbag.py:545} INFO - Filling up the DagBag from /opt/airflow/dags/load_cb_courses.py
[2026-02-20T14:06:38.516+0000] {processor.py:840} INFO - DAG(s) 'load_cb_courses' retrieved from /opt/airflow/dags/load_cb_courses.py
[2026-02-20T14:06:38.542+0000] {logging_mixin.py:188} INFO - [2026-02-20T14:06:38.541+0000] {dag.py:3089} INFO - Sync 1 DAGs
[2026-02-20T14:06:38.568+0000] {logging_mixin.py:188} INFO - [2026-02-20T14:06:38.568+0000] {dag.py:3947} INFO - Setting next_dagrun for load_cb_courses to 2026-02-20 00:00:00+00:00, run_after=2026-02-21 00:00:00+00:00
[2026-02-20T14:06:38.596+0000] {processor.py:183} INFO - Processing /opt/airflow/dags/load_cb_courses.py took 0.665 seconds
[2026-02-20T14:07:08.873+0000] {processor.py:161} INFO - Started process (PID=3143) to work on /opt/airflow/dags/load_cb_courses.py
[2026-02-20T14:07:08.875+0000] {processor.py:830} INFO - Processing file /opt/airflow/dags/load_cb_courses.py for tasks to queue
[2026-02-20T14:07:08.876+0000] {logging_mixin.py:188} INFO - [2026-02-20T14:07:08.876+0000] {dagbag.py:545} INFO - Filling up the DagBag from /opt/airflow/dags/load_cb_courses.py
[2026-02-20T14:07:09.492+0000] {processor.py:840} INFO - DAG(s) 'load_cb_courses' retrieved from /opt/airflow/dags/load_cb_courses.py
[2026-02-20T14:07:09.522+0000] {logging_mixin.py:188} INFO - [2026-02-20T14:07:09.521+0000] {dag.py:3089} INFO - Sync 1 DAGs
[2026-02-20T14:07:09.550+0000] {logging_mixin.py:188} INFO - [2026-02-20T14:07:09.549+0000] {dag.py:3947} INFO - Setting next_dagrun for load_cb_courses to 2026-02-20 00:00:00+00:00, run_after=2026-02-21 00:00:00+00:00
[2026-02-20T14:07:09.574+0000] {processor.py:183} INFO - Processing /opt/airflow/dags/load_cb_courses.py took 0.709 seconds
[2026-02-20T14:07:39.717+0000] {processor.py:161} INFO - Started process (PID=3162) to work on /opt/airflow/dags/load_cb_courses.py
[2026-02-20T14:07:39.719+0000] {processor.py:830} INFO - Processing file /opt/airflow/dags/load_cb_courses.py for tasks to queue
[2026-02-20T14:07:39.720+0000] {logging_mixin.py:188} INFO - [2026-02-20T14:07:39.720+0000] {dagbag.py:545} INFO - Filling up the DagBag from /opt/airflow/dags/load_cb_courses.py
[2026-02-20T14:07:40.344+0000] {processor.py:840} INFO - DAG(s) 'load_cb_courses' retrieved from /opt/airflow/dags/load_cb_courses.py
[2026-02-20T14:07:40.368+0000] {logging_mixin.py:188} INFO - [2026-02-20T14:07:40.368+0000] {dag.py:3089} INFO - Sync 1 DAGs
[2026-02-20T14:07:40.392+0000] {logging_mixin.py:188} INFO - [2026-02-20T14:07:40.391+0000] {dag.py:3947} INFO - Setting next_dagrun for load_cb_courses to 2026-02-20 00:00:00+00:00, run_after=2026-02-21 00:00:00+00:00
[2026-02-20T14:07:40.413+0000] {processor.py:183} INFO - Processing /opt/airflow/dags/load_cb_courses.py took 0.705 seconds
[2026-02-20T14:08:10.965+0000] {processor.py:161} INFO - Started process (PID=3188) to work on /opt/airflow/dags/load_cb_courses.py
[2026-02-20T14:08:10.971+0000] {processor.py:830} INFO - Processing file /opt/airflow/dags/load_cb_courses.py for tasks to queue
[2026-02-20T14:08:10.972+0000] {logging_mixin.py:188} INFO - [2026-02-20T14:08:10.972+0000] {dagbag.py:545} INFO - Filling up the DagBag from /opt/airflow/dags/load_cb_courses.py
[2026-02-20T14:08:11.585+0000] {processor.py:840} INFO - DAG(s) 'load_cb_courses' retrieved from /opt/airflow/dags/load_cb_courses.py
[2026-02-20T14:08:11.612+0000] {logging_mixin.py:188} INFO - [2026-02-20T14:08:11.611+0000] {dag.py:3089} INFO - Sync 1 DAGs
[2026-02-20T14:08:11.636+0000] {logging_mixin.py:188} INFO - [2026-02-20T14:08:11.636+0000] {dag.py:3947} INFO - Setting next_dagrun for load_cb_courses to 2026-02-20 00:00:00+00:00, run_after=2026-02-21 00:00:00+00:00
[2026-02-20T14:08:11.659+0000] {processor.py:183} INFO - Processing /opt/airflow/dags/load_cb_courses.py took 0.702 seconds
[2026-02-20T14:08:41.750+0000] {processor.py:161} INFO - Started process (PID=3208) to work on /opt/airflow/dags/load_cb_courses.py
[2026-02-20T14:08:41.751+0000] {processor.py:830} INFO - Processing file /opt/airflow/dags/load_cb_courses.py for tasks to queue
[2026-02-20T14:08:41.753+0000] {logging_mixin.py:188} INFO - [2026-02-20T14:08:41.752+0000] {dagbag.py:545} INFO - Filling up the DagBag from /opt/airflow/dags/load_cb_courses.py
[2026-02-20T14:08:42.301+0000] {processor.py:840} INFO - DAG(s) 'load_cb_courses' retrieved from /opt/airflow/dags/load_cb_courses.py
[2026-02-20T14:08:42.329+0000] {logging_mixin.py:188} INFO - [2026-02-20T14:08:42.329+0000] {dag.py:3089} INFO - Sync 1 DAGs
[2026-02-20T14:08:42.359+0000] {logging_mixin.py:188} INFO - [2026-02-20T14:08:42.359+0000] {dag.py:3947} INFO - Setting next_dagrun for load_cb_courses to 2026-02-20 00:00:00+00:00, run_after=2026-02-21 00:00:00+00:00
[2026-02-20T14:08:42.382+0000] {processor.py:183} INFO - Processing /opt/airflow/dags/load_cb_courses.py took 0.641 seconds
[2026-02-20T14:09:12.706+0000] {processor.py:161} INFO - Started process (PID=3233) to work on /opt/airflow/dags/load_cb_courses.py
[2026-02-20T14:09:12.707+0000] {processor.py:830} INFO - Processing file /opt/airflow/dags/load_cb_courses.py for tasks to queue
[2026-02-20T14:09:12.709+0000] {logging_mixin.py:188} INFO - [2026-02-20T14:09:12.709+0000] {dagbag.py:545} INFO - Filling up the DagBag from /opt/airflow/dags/load_cb_courses.py
[2026-02-20T14:09:13.381+0000] {processor.py:840} INFO - DAG(s) 'load_cb_courses' retrieved from /opt/airflow/dags/load_cb_courses.py
[2026-02-20T14:09:13.410+0000] {logging_mixin.py:188} INFO - [2026-02-20T14:09:13.409+0000] {dag.py:3089} INFO - Sync 1 DAGs
[2026-02-20T14:09:13.436+0000] {logging_mixin.py:188} INFO - [2026-02-20T14:09:13.436+0000] {dag.py:3947} INFO - Setting next_dagrun for load_cb_courses to 2026-02-20 00:00:00+00:00, run_after=2026-02-21 00:00:00+00:00
[2026-02-20T14:09:13.469+0000] {processor.py:183} INFO - Processing /opt/airflow/dags/load_cb_courses.py took 0.770 seconds
[2026-02-20T14:09:44.078+0000] {processor.py:161} INFO - Started process (PID=3254) to work on /opt/airflow/dags/load_cb_courses.py
[2026-02-20T14:09:44.080+0000] {processor.py:830} INFO - Processing file /opt/airflow/dags/load_cb_courses.py for tasks to queue
[2026-02-20T14:09:44.082+0000] {logging_mixin.py:188} INFO - [2026-02-20T14:09:44.081+0000] {dagbag.py:545} INFO - Filling up the DagBag from /opt/airflow/dags/load_cb_courses.py
[2026-02-20T14:09:44.634+0000] {processor.py:840} INFO - DAG(s) 'load_cb_courses' retrieved from /opt/airflow/dags/load_cb_courses.py
[2026-02-20T14:09:44.659+0000] {logging_mixin.py:188} INFO - [2026-02-20T14:09:44.659+0000] {dag.py:3089} INFO - Sync 1 DAGs
[2026-02-20T14:09:44.682+0000] {logging_mixin.py:188} INFO - [2026-02-20T14:09:44.681+0000] {dag.py:3947} INFO - Setting next_dagrun for load_cb_courses to 2026-02-20 00:00:00+00:00, run_after=2026-02-21 00:00:00+00:00
[2026-02-20T14:09:44.709+0000] {processor.py:183} INFO - Processing /opt/airflow/dags/load_cb_courses.py took 0.640 seconds
[2026-02-20T14:10:14.943+0000] {processor.py:161} INFO - Started process (PID=3282) to work on /opt/airflow/dags/load_cb_courses.py
[2026-02-20T14:10:14.944+0000] {processor.py:830} INFO - Processing file /opt/airflow/dags/load_cb_courses.py for tasks to queue
[2026-02-20T14:10:14.946+0000] {logging_mixin.py:188} INFO - [2026-02-20T14:10:14.945+0000] {dagbag.py:545} INFO - Filling up the DagBag from /opt/airflow/dags/load_cb_courses.py
[2026-02-20T14:10:15.468+0000] {processor.py:840} INFO - DAG(s) 'load_cb_courses' retrieved from /opt/airflow/dags/load_cb_courses.py
[2026-02-20T14:10:15.497+0000] {logging_mixin.py:188} INFO - [2026-02-20T14:10:15.497+0000] {dag.py:3089} INFO - Sync 1 DAGs
[2026-02-20T14:10:15.525+0000] {logging_mixin.py:188} INFO - [2026-02-20T14:10:15.525+0000] {dag.py:3947} INFO - Setting next_dagrun for load_cb_courses to 2026-02-20 00:00:00+00:00, run_after=2026-02-21 00:00:00+00:00
[2026-02-20T14:10:15.548+0000] {processor.py:183} INFO - Processing /opt/airflow/dags/load_cb_courses.py took 0.613 seconds
[2026-02-20T14:10:45.866+0000] {processor.py:161} INFO - Started process (PID=3309) to work on /opt/airflow/dags/load_cb_courses.py
[2026-02-20T14:10:45.868+0000] {processor.py:830} INFO - Processing file /opt/airflow/dags/load_cb_courses.py for tasks to queue
[2026-02-20T14:10:45.869+0000] {logging_mixin.py:188} INFO - [2026-02-20T14:10:45.869+0000] {dagbag.py:545} INFO - Filling up the DagBag from /opt/airflow/dags/load_cb_courses.py
[2026-02-20T14:10:46.381+0000] {processor.py:840} INFO - DAG(s) 'load_cb_courses' retrieved from /opt/airflow/dags/load_cb_courses.py
[2026-02-20T14:10:46.405+0000] {logging_mixin.py:188} INFO - [2026-02-20T14:10:46.405+0000] {dag.py:3089} INFO - Sync 1 DAGs
[2026-02-20T14:10:46.427+0000] {logging_mixin.py:188} INFO - [2026-02-20T14:10:46.427+0000] {dag.py:3947} INFO - Setting next_dagrun for load_cb_courses to 2026-02-20 00:00:00+00:00, run_after=2026-02-21 00:00:00+00:00
[2026-02-20T14:10:46.451+0000] {processor.py:183} INFO - Processing /opt/airflow/dags/load_cb_courses.py took 0.593 seconds
[2026-02-20T14:11:16.625+0000] {processor.py:161} INFO - Started process (PID=3329) to work on /opt/airflow/dags/load_cb_courses.py
[2026-02-20T14:11:16.627+0000] {processor.py:830} INFO - Processing file /opt/airflow/dags/load_cb_courses.py for tasks to queue
[2026-02-20T14:11:16.630+0000] {logging_mixin.py:188} INFO - [2026-02-20T14:11:16.630+0000] {dagbag.py:545} INFO - Filling up the DagBag from /opt/airflow/dags/load_cb_courses.py
[2026-02-20T14:11:17.163+0000] {processor.py:840} INFO - DAG(s) 'load_cb_courses' retrieved from /opt/airflow/dags/load_cb_courses.py
[2026-02-20T14:11:17.187+0000] {logging_mixin.py:188} INFO - [2026-02-20T14:11:17.187+0000] {dag.py:3089} INFO - Sync 1 DAGs
[2026-02-20T14:11:17.208+0000] {logging_mixin.py:188} INFO - [2026-02-20T14:11:17.208+0000] {dag.py:3947} INFO - Setting next_dagrun for load_cb_courses to 2026-02-20 00:00:00+00:00, run_after=2026-02-21 00:00:00+00:00
[2026-02-20T14:11:17.232+0000] {processor.py:183} INFO - Processing /opt/airflow/dags/load_cb_courses.py took 0.614 seconds
[2026-02-20T14:11:47.553+0000] {processor.py:161} INFO - Started process (PID=3355) to work on /opt/airflow/dags/load_cb_courses.py
[2026-02-20T14:11:47.554+0000] {processor.py:830} INFO - Processing file /opt/airflow/dags/load_cb_courses.py for tasks to queue
[2026-02-20T14:11:47.556+0000] {logging_mixin.py:188} INFO - [2026-02-20T14:11:47.555+0000] {dagbag.py:545} INFO - Filling up the DagBag from /opt/airflow/dags/load_cb_courses.py
[2026-02-20T14:11:45.390+0000] {processor.py:840} INFO - DAG(s) 'load_cb_courses' retrieved from /opt/airflow/dags/load_cb_courses.py
[2026-02-20T14:11:45.417+0000] {logging_mixin.py:188} INFO - [2026-02-20T14:11:45.416+0000] {dag.py:3089} INFO - Sync 1 DAGs
[2026-02-20T14:11:45.453+0000] {logging_mixin.py:188} INFO - [2026-02-20T14:11:45.453+0000] {dag.py:3947} INFO - Setting next_dagrun for load_cb_courses to 2026-02-20 00:00:00+00:00, run_after=2026-02-21 00:00:00+00:00
[2026-02-20T14:11:45.484+0000] {processor.py:183} INFO - Processing /opt/airflow/dags/load_cb_courses.py took 0.660 seconds
[2026-02-20T14:12:15.649+0000] {processor.py:161} INFO - Started process (PID=3375) to work on /opt/airflow/dags/load_cb_courses.py
[2026-02-20T14:12:15.650+0000] {processor.py:830} INFO - Processing file /opt/airflow/dags/load_cb_courses.py for tasks to queue
[2026-02-20T14:12:15.652+0000] {logging_mixin.py:188} INFO - [2026-02-20T14:12:15.652+0000] {dagbag.py:545} INFO - Filling up the DagBag from /opt/airflow/dags/load_cb_courses.py
[2026-02-20T14:12:16.214+0000] {processor.py:840} INFO - DAG(s) 'load_cb_courses' retrieved from /opt/airflow/dags/load_cb_courses.py
[2026-02-20T14:12:16.241+0000] {logging_mixin.py:188} INFO - [2026-02-20T14:12:16.240+0000] {dag.py:3089} INFO - Sync 1 DAGs
[2026-02-20T14:12:16.265+0000] {logging_mixin.py:188} INFO - [2026-02-20T14:12:16.265+0000] {dag.py:3947} INFO - Setting next_dagrun for load_cb_courses to 2026-02-20 00:00:00+00:00, run_after=2026-02-21 00:00:00+00:00
[2026-02-20T14:12:16.290+0000] {processor.py:183} INFO - Processing /opt/airflow/dags/load_cb_courses.py took 0.653 seconds
[2026-02-20T14:12:46.593+0000] {processor.py:161} INFO - Started process (PID=3402) to work on /opt/airflow/dags/load_cb_courses.py
[2026-02-20T14:12:46.595+0000] {processor.py:830} INFO - Processing file /opt/airflow/dags/load_cb_courses.py for tasks to queue
[2026-02-20T14:12:46.597+0000] {logging_mixin.py:188} INFO - [2026-02-20T14:12:46.596+0000] {dagbag.py:545} INFO - Filling up the DagBag from /opt/airflow/dags/load_cb_courses.py
[2026-02-20T14:12:47.482+0000] {processor.py:840} INFO - DAG(s) 'load_cb_courses' retrieved from /opt/airflow/dags/load_cb_courses.py
[2026-02-20T14:12:47.555+0000] {logging_mixin.py:188} INFO - [2026-02-20T14:12:47.554+0000] {dag.py:3089} INFO - Sync 1 DAGs
[2026-02-20T14:12:47.587+0000] {logging_mixin.py:188} INFO - [2026-02-20T14:12:47.587+0000] {dag.py:3947} INFO - Setting next_dagrun for load_cb_courses to 2026-02-20 00:00:00+00:00, run_after=2026-02-21 00:00:00+00:00
[2026-02-20T14:12:47.620+0000] {processor.py:183} INFO - Processing /opt/airflow/dags/load_cb_courses.py took 1.034 seconds
[2026-02-20T14:13:18.152+0000] {processor.py:161} INFO - Started process (PID=3422) to work on /opt/airflow/dags/load_cb_courses.py
[2026-02-20T14:13:18.153+0000] {processor.py:830} INFO - Processing file /opt/airflow/dags/load_cb_courses.py for tasks to queue
[2026-02-20T14:13:18.155+0000] {logging_mixin.py:188} INFO - [2026-02-20T14:13:18.155+0000] {dagbag.py:545} INFO - Filling up the DagBag from /opt/airflow/dags/load_cb_courses.py
[2026-02-20T14:13:18.852+0000] {processor.py:840} INFO - DAG(s) 'load_cb_courses' retrieved from /opt/airflow/dags/load_cb_courses.py
[2026-02-20T14:13:18.884+0000] {logging_mixin.py:188} INFO - [2026-02-20T14:13:18.883+0000] {dag.py:3089} INFO - Sync 1 DAGs
[2026-02-20T14:13:18.906+0000] {logging_mixin.py:188} INFO - [2026-02-20T14:13:18.906+0000] {dag.py:3947} INFO - Setting next_dagrun for load_cb_courses to 2026-02-20 00:00:00+00:00, run_after=2026-02-21 00:00:00+00:00
[2026-02-20T14:13:18.929+0000] {processor.py:183} INFO - Processing /opt/airflow/dags/load_cb_courses.py took 0.785 seconds
[2026-02-20T14:13:49.530+0000] {processor.py:161} INFO - Started process (PID=3448) to work on /opt/airflow/dags/load_cb_courses.py
[2026-02-20T14:13:49.531+0000] {processor.py:830} INFO - Processing file /opt/airflow/dags/load_cb_courses.py for tasks to queue
[2026-02-20T14:13:49.533+0000] {logging_mixin.py:188} INFO - [2026-02-20T14:13:49.533+0000] {dagbag.py:545} INFO - Filling up the DagBag from /opt/airflow/dags/load_cb_courses.py
[2026-02-20T14:13:50.059+0000] {processor.py:840} INFO - DAG(s) 'load_cb_courses' retrieved from /opt/airflow/dags/load_cb_courses.py
[2026-02-20T14:13:50.084+0000] {logging_mixin.py:188} INFO - [2026-02-20T14:13:50.083+0000] {dag.py:3089} INFO - Sync 1 DAGs
[2026-02-20T14:13:50.106+0000] {logging_mixin.py:188} INFO - [2026-02-20T14:13:50.106+0000] {dag.py:3947} INFO - Setting next_dagrun for load_cb_courses to 2026-02-20 00:00:00+00:00, run_after=2026-02-21 00:00:00+00:00
[2026-02-20T14:13:50.131+0000] {processor.py:183} INFO - Processing /opt/airflow/dags/load_cb_courses.py took 0.608 seconds
[2026-02-20T14:14:20.264+0000] {processor.py:161} INFO - Started process (PID=3468) to work on /opt/airflow/dags/load_cb_courses.py
[2026-02-20T14:14:20.265+0000] {processor.py:830} INFO - Processing file /opt/airflow/dags/load_cb_courses.py for tasks to queue
[2026-02-20T14:14:20.267+0000] {logging_mixin.py:188} INFO - [2026-02-20T14:14:20.266+0000] {dagbag.py:545} INFO - Filling up the DagBag from /opt/airflow/dags/load_cb_courses.py
[2026-02-20T14:14:20.765+0000] {processor.py:840} INFO - DAG(s) 'load_cb_courses' retrieved from /opt/airflow/dags/load_cb_courses.py
[2026-02-20T14:14:20.791+0000] {logging_mixin.py:188} INFO - [2026-02-20T14:14:20.791+0000] {dag.py:3089} INFO - Sync 1 DAGs
[2026-02-20T14:14:20.814+0000] {logging_mixin.py:188} INFO - [2026-02-20T14:14:20.814+0000] {dag.py:3947} INFO - Setting next_dagrun for load_cb_courses to 2026-02-20 00:00:00+00:00, run_after=2026-02-21 00:00:00+00:00
[2026-02-20T14:14:20.838+0000] {processor.py:183} INFO - Processing /opt/airflow/dags/load_cb_courses.py took 0.582 seconds
[2026-02-20T14:14:51.227+0000] {processor.py:161} INFO - Started process (PID=3495) to work on /opt/airflow/dags/load_cb_courses.py
[2026-02-20T14:14:51.228+0000] {processor.py:830} INFO - Processing file /opt/airflow/dags/load_cb_courses.py for tasks to queue
[2026-02-20T14:14:51.230+0000] {logging_mixin.py:188} INFO - [2026-02-20T14:14:51.230+0000] {dagbag.py:545} INFO - Filling up the DagBag from /opt/airflow/dags/load_cb_courses.py
[2026-02-20T14:14:51.755+0000] {processor.py:840} INFO - DAG(s) 'load_cb_courses' retrieved from /opt/airflow/dags/load_cb_courses.py
[2026-02-20T14:14:51.781+0000] {logging_mixin.py:188} INFO - [2026-02-20T14:14:51.781+0000] {dag.py:3089} INFO - Sync 1 DAGs
[2026-02-20T14:14:51.803+0000] {logging_mixin.py:188} INFO - [2026-02-20T14:14:51.803+0000] {dag.py:3947} INFO - Setting next_dagrun for load_cb_courses to 2026-02-20 00:00:00+00:00, run_after=2026-02-21 00:00:00+00:00
[2026-02-20T14:14:51.829+0000] {processor.py:183} INFO - Processing /opt/airflow/dags/load_cb_courses.py took 0.609 seconds
[2026-02-20T14:15:22.541+0000] {processor.py:161} INFO - Started process (PID=3522) to work on /opt/airflow/dags/load_cb_courses.py
[2026-02-20T14:15:22.543+0000] {processor.py:830} INFO - Processing file /opt/airflow/dags/load_cb_courses.py for tasks to queue
[2026-02-20T14:15:22.544+0000] {logging_mixin.py:188} INFO - [2026-02-20T14:15:22.544+0000] {dagbag.py:545} INFO - Filling up the DagBag from /opt/airflow/dags/load_cb_courses.py
[2026-02-20T14:15:23.090+0000] {processor.py:840} INFO - DAG(s) 'load_cb_courses' retrieved from /opt/airflow/dags/load_cb_courses.py
[2026-02-20T14:15:23.116+0000] {logging_mixin.py:188} INFO - [2026-02-20T14:15:23.115+0000] {dag.py:3089} INFO - Sync 1 DAGs
[2026-02-20T14:15:23.138+0000] {logging_mixin.py:188} INFO - [2026-02-20T14:15:23.137+0000] {dag.py:3947} INFO - Setting next_dagrun for load_cb_courses to 2026-02-20 00:00:00+00:00, run_after=2026-02-21 00:00:00+00:00
[2026-02-20T14:15:23.172+0000] {processor.py:183} INFO - Processing /opt/airflow/dags/load_cb_courses.py took 0.646 seconds
[2026-02-20T14:15:53.745+0000] {processor.py:161} INFO - Started process (PID=3542) to work on /opt/airflow/dags/load_cb_courses.py
[2026-02-20T14:15:53.746+0000] {processor.py:830} INFO - Processing file /opt/airflow/dags/load_cb_courses.py for tasks to queue
[2026-02-20T14:15:53.748+0000] {logging_mixin.py:188} INFO - [2026-02-20T14:15:53.747+0000] {dagbag.py:545} INFO - Filling up the DagBag from /opt/airflow/dags/load_cb_courses.py
[2026-02-20T14:15:54.315+0000] {processor.py:840} INFO - DAG(s) 'load_cb_courses' retrieved from /opt/airflow/dags/load_cb_courses.py
[2026-02-20T14:15:54.343+0000] {logging_mixin.py:188} INFO - [2026-02-20T14:15:54.342+0000] {dag.py:3089} INFO - Sync 1 DAGs
[2026-02-20T14:15:54.365+0000] {logging_mixin.py:188} INFO - [2026-02-20T14:15:54.365+0000] {dag.py:3947} INFO - Setting next_dagrun for load_cb_courses to 2026-02-20 00:00:00+00:00, run_after=2026-02-21 00:00:00+00:00
[2026-02-20T14:15:54.392+0000] {processor.py:183} INFO - Processing /opt/airflow/dags/load_cb_courses.py took 0.656 seconds
[2026-02-20T14:16:24.625+0000] {processor.py:161} INFO - Started process (PID=3570) to work on /opt/airflow/dags/load_cb_courses.py
[2026-02-20T14:16:24.626+0000] {processor.py:830} INFO - Processing file /opt/airflow/dags/load_cb_courses.py for tasks to queue
[2026-02-20T14:16:24.628+0000] {logging_mixin.py:188} INFO - [2026-02-20T14:16:24.627+0000] {dagbag.py:545} INFO - Filling up the DagBag from /opt/airflow/dags/load_cb_courses.py
[2026-02-20T14:16:25.174+0000] {processor.py:840} INFO - DAG(s) 'load_cb_courses' retrieved from /opt/airflow/dags/load_cb_courses.py
[2026-02-20T14:16:25.200+0000] {logging_mixin.py:188} INFO - [2026-02-20T14:16:25.200+0000] {dag.py:3089} INFO - Sync 1 DAGs
[2026-02-20T14:16:25.226+0000] {logging_mixin.py:188} INFO - [2026-02-20T14:16:25.226+0000] {dag.py:3947} INFO - Setting next_dagrun for load_cb_courses to 2026-02-20 00:00:00+00:00, run_after=2026-02-21 00:00:00+00:00
[2026-02-20T14:16:25.250+0000] {processor.py:183} INFO - Processing /opt/airflow/dags/load_cb_courses.py took 0.632 seconds
[2026-02-20T14:16:55.695+0000] {processor.py:161} INFO - Started process (PID=3590) to work on /opt/airflow/dags/load_cb_courses.py
[2026-02-20T14:16:55.701+0000] {processor.py:830} INFO - Processing file /opt/airflow/dags/load_cb_courses.py for tasks to queue
[2026-02-20T14:16:55.705+0000] {logging_mixin.py:188} INFO - [2026-02-20T14:16:55.704+0000] {dagbag.py:545} INFO - Filling up the DagBag from /opt/airflow/dags/load_cb_courses.py
[2026-02-20T14:16:56.259+0000] {processor.py:840} INFO - DAG(s) 'load_cb_courses' retrieved from /opt/airflow/dags/load_cb_courses.py
[2026-02-20T14:16:56.290+0000] {logging_mixin.py:188} INFO - [2026-02-20T14:16:56.290+0000] {dag.py:3089} INFO - Sync 1 DAGs
[2026-02-20T14:16:56.314+0000] {logging_mixin.py:188} INFO - [2026-02-20T14:16:56.314+0000] {dag.py:3947} INFO - Setting next_dagrun for load_cb_courses to 2026-02-20 00:00:00+00:00, run_after=2026-02-21 00:00:00+00:00
[2026-02-20T14:16:56.342+0000] {processor.py:183} INFO - Processing /opt/airflow/dags/load_cb_courses.py took 0.662 seconds
[2026-02-20T14:17:27.064+0000] {processor.py:161} INFO - Started process (PID=3618) to work on /opt/airflow/dags/load_cb_courses.py
[2026-02-20T14:17:27.067+0000] {processor.py:830} INFO - Processing file /opt/airflow/dags/load_cb_courses.py for tasks to queue
[2026-02-20T14:17:27.071+0000] {logging_mixin.py:188} INFO - [2026-02-20T14:17:27.069+0000] {dagbag.py:545} INFO - Filling up the DagBag from /opt/airflow/dags/load_cb_courses.py
[2026-02-20T14:17:27.655+0000] {processor.py:840} INFO - DAG(s) 'load_cb_courses' retrieved from /opt/airflow/dags/load_cb_courses.py
[2026-02-20T14:17:27.679+0000] {logging_mixin.py:188} INFO - [2026-02-20T14:17:27.678+0000] {dag.py:3089} INFO - Sync 1 DAGs
[2026-02-20T14:17:27.699+0000] {logging_mixin.py:188} INFO - [2026-02-20T14:17:27.699+0000] {dag.py:3947} INFO - Setting next_dagrun for load_cb_courses to 2026-02-20 00:00:00+00:00, run_after=2026-02-21 00:00:00+00:00
[2026-02-20T14:17:27.730+0000] {processor.py:183} INFO - Processing /opt/airflow/dags/load_cb_courses.py took 0.686 seconds
[2026-02-20T14:17:58.071+0000] {processor.py:161} INFO - Started process (PID=3638) to work on /opt/airflow/dags/load_cb_courses.py
[2026-02-20T14:17:58.073+0000] {processor.py:830} INFO - Processing file /opt/airflow/dags/load_cb_courses.py for tasks to queue
[2026-02-20T14:17:58.075+0000] {logging_mixin.py:188} INFO - [2026-02-20T14:17:58.074+0000] {dagbag.py:545} INFO - Filling up the DagBag from /opt/airflow/dags/load_cb_courses.py
[2026-02-20T14:17:58.625+0000] {processor.py:840} INFO - DAG(s) 'load_cb_courses' retrieved from /opt/airflow/dags/load_cb_courses.py
[2026-02-20T14:17:58.651+0000] {logging_mixin.py:188} INFO - [2026-02-20T14:17:58.651+0000] {dag.py:3089} INFO - Sync 1 DAGs
[2026-02-20T14:17:58.673+0000] {logging_mixin.py:188} INFO - [2026-02-20T14:17:58.673+0000] {dag.py:3947} INFO - Setting next_dagrun for load_cb_courses to 2026-02-20 00:00:00+00:00, run_after=2026-02-21 00:00:00+00:00
[2026-02-20T14:17:58.694+0000] {processor.py:183} INFO - Processing /opt/airflow/dags/load_cb_courses.py took 0.630 seconds
[2026-02-20T14:18:28.970+0000] {processor.py:161} INFO - Started process (PID=3664) to work on /opt/airflow/dags/load_cb_courses.py
[2026-02-20T14:18:28.972+0000] {processor.py:830} INFO - Processing file /opt/airflow/dags/load_cb_courses.py for tasks to queue
[2026-02-20T14:18:28.974+0000] {logging_mixin.py:188} INFO - [2026-02-20T14:18:28.973+0000] {dagbag.py:545} INFO - Filling up the DagBag from /opt/airflow/dags/load_cb_courses.py
[2026-02-20T14:18:29.534+0000] {processor.py:840} INFO - DAG(s) 'load_cb_courses' retrieved from /opt/airflow/dags/load_cb_courses.py
[2026-02-20T14:18:29.565+0000] {logging_mixin.py:188} INFO - [2026-02-20T14:18:29.564+0000] {dag.py:3089} INFO - Sync 1 DAGs
[2026-02-20T14:18:29.598+0000] {logging_mixin.py:188} INFO - [2026-02-20T14:18:29.598+0000] {dag.py:3947} INFO - Setting next_dagrun for load_cb_courses to 2026-02-20 00:00:00+00:00, run_after=2026-02-21 00:00:00+00:00
[2026-02-20T14:18:29.632+0000] {processor.py:183} INFO - Processing /opt/airflow/dags/load_cb_courses.py took 0.671 seconds
[2026-02-20T14:18:59.835+0000] {processor.py:161} INFO - Started process (PID=3684) to work on /opt/airflow/dags/load_cb_courses.py
[2026-02-20T14:18:59.837+0000] {processor.py:830} INFO - Processing file /opt/airflow/dags/load_cb_courses.py for tasks to queue
[2026-02-20T14:18:59.838+0000] {logging_mixin.py:188} INFO - [2026-02-20T14:18:59.838+0000] {dagbag.py:545} INFO - Filling up the DagBag from /opt/airflow/dags/load_cb_courses.py
[2026-02-20T14:19:00.488+0000] {processor.py:840} INFO - DAG(s) 'load_cb_courses' retrieved from /opt/airflow/dags/load_cb_courses.py
[2026-02-20T14:19:00.518+0000] {logging_mixin.py:188} INFO - [2026-02-20T14:19:00.517+0000] {dag.py:3089} INFO - Sync 1 DAGs
[2026-02-20T14:19:00.544+0000] {logging_mixin.py:188} INFO - [2026-02-20T14:19:00.543+0000] {dag.py:3947} INFO - Setting next_dagrun for load_cb_courses to 2026-02-20 00:00:00+00:00, run_after=2026-02-21 00:00:00+00:00
[2026-02-20T14:19:00.564+0000] {processor.py:183} INFO - Processing /opt/airflow/dags/load_cb_courses.py took 0.738 seconds
[2026-02-20T14:19:31.154+0000] {processor.py:161} INFO - Started process (PID=3712) to work on /opt/airflow/dags/load_cb_courses.py
[2026-02-20T14:19:31.157+0000] {processor.py:830} INFO - Processing file /opt/airflow/dags/load_cb_courses.py for tasks to queue
[2026-02-20T14:19:31.158+0000] {logging_mixin.py:188} INFO - [2026-02-20T14:19:31.158+0000] {dagbag.py:545} INFO - Filling up the DagBag from /opt/airflow/dags/load_cb_courses.py
[2026-02-20T14:19:29.799+0000] {processor.py:840} INFO - DAG(s) 'load_cb_courses' retrieved from /opt/airflow/dags/load_cb_courses.py
[2026-02-20T14:19:29.835+0000] {logging_mixin.py:188} INFO - [2026-02-20T14:19:29.835+0000] {dag.py:3089} INFO - Sync 1 DAGs
[2026-02-20T14:19:29.859+0000] {logging_mixin.py:188} INFO - [2026-02-20T14:19:29.859+0000] {dag.py:3947} INFO - Setting next_dagrun for load_cb_courses to 2026-02-20 00:00:00+00:00, run_after=2026-02-21 00:00:00+00:00
[2026-02-20T14:19:29.886+0000] {processor.py:183} INFO - Processing /opt/airflow/dags/load_cb_courses.py took 1.470 seconds
[2026-02-20T14:20:00.031+0000] {processor.py:161} INFO - Started process (PID=3732) to work on /opt/airflow/dags/load_cb_courses.py
[2026-02-20T14:20:00.033+0000] {processor.py:830} INFO - Processing file /opt/airflow/dags/load_cb_courses.py for tasks to queue
[2026-02-20T14:20:00.034+0000] {logging_mixin.py:188} INFO - [2026-02-20T14:20:00.034+0000] {dagbag.py:545} INFO - Filling up the DagBag from /opt/airflow/dags/load_cb_courses.py
[2026-02-20T14:20:00.630+0000] {processor.py:840} INFO - DAG(s) 'load_cb_courses' retrieved from /opt/airflow/dags/load_cb_courses.py
[2026-02-20T14:20:00.671+0000] {logging_mixin.py:188} INFO - [2026-02-20T14:20:00.670+0000] {dag.py:3089} INFO - Sync 1 DAGs
[2026-02-20T14:20:00.698+0000] {logging_mixin.py:188} INFO - [2026-02-20T14:20:00.697+0000] {dag.py:3947} INFO - Setting next_dagrun for load_cb_courses to 2026-02-20 00:00:00+00:00, run_after=2026-02-21 00:00:00+00:00
[2026-02-20T14:20:00.727+0000] {processor.py:183} INFO - Processing /opt/airflow/dags/load_cb_courses.py took 0.703 seconds
[2026-02-20T14:20:31.203+0000] {processor.py:161} INFO - Started process (PID=3760) to work on /opt/airflow/dags/load_cb_courses.py
[2026-02-20T14:20:31.205+0000] {processor.py:830} INFO - Processing file /opt/airflow/dags/load_cb_courses.py for tasks to queue
[2026-02-20T14:20:31.207+0000] {logging_mixin.py:188} INFO - [2026-02-20T14:20:31.206+0000] {dagbag.py:545} INFO - Filling up the DagBag from /opt/airflow/dags/load_cb_courses.py
[2026-02-20T14:20:32.090+0000] {processor.py:840} INFO - DAG(s) 'load_cb_courses' retrieved from /opt/airflow/dags/load_cb_courses.py
[2026-02-20T14:20:32.132+0000] {logging_mixin.py:188} INFO - [2026-02-20T14:20:32.131+0000] {dag.py:3089} INFO - Sync 1 DAGs
[2026-02-20T14:20:32.175+0000] {logging_mixin.py:188} INFO - [2026-02-20T14:20:32.175+0000] {dag.py:3947} INFO - Setting next_dagrun for load_cb_courses to 2026-02-20 00:00:00+00:00, run_after=2026-02-21 00:00:00+00:00
[2026-02-20T14:20:32.210+0000] {processor.py:183} INFO - Processing /opt/airflow/dags/load_cb_courses.py took 1.014 seconds
[2026-02-20T14:21:03.106+0000] {processor.py:161} INFO - Started process (PID=3779) to work on /opt/airflow/dags/load_cb_courses.py
[2026-02-20T14:21:03.108+0000] {processor.py:830} INFO - Processing file /opt/airflow/dags/load_cb_courses.py for tasks to queue
[2026-02-20T14:21:03.109+0000] {logging_mixin.py:188} INFO - [2026-02-20T14:21:03.109+0000] {dagbag.py:545} INFO - Filling up the DagBag from /opt/airflow/dags/load_cb_courses.py
[2026-02-20T14:21:03.728+0000] {processor.py:840} INFO - DAG(s) 'load_cb_courses' retrieved from /opt/airflow/dags/load_cb_courses.py
[2026-02-20T14:21:03.752+0000] {logging_mixin.py:188} INFO - [2026-02-20T14:21:03.752+0000] {dag.py:3089} INFO - Sync 1 DAGs
[2026-02-20T14:21:03.778+0000] {logging_mixin.py:188} INFO - [2026-02-20T14:21:03.778+0000] {dag.py:3947} INFO - Setting next_dagrun for load_cb_courses to 2026-02-20 00:00:00+00:00, run_after=2026-02-21 00:00:00+00:00
[2026-02-20T14:21:03.808+0000] {processor.py:183} INFO - Processing /opt/airflow/dags/load_cb_courses.py took 0.709 seconds
[2026-02-20T14:21:34.496+0000] {processor.py:161} INFO - Started process (PID=3806) to work on /opt/airflow/dags/load_cb_courses.py
[2026-02-20T14:21:34.498+0000] {processor.py:830} INFO - Processing file /opt/airflow/dags/load_cb_courses.py for tasks to queue
[2026-02-20T14:21:34.500+0000] {logging_mixin.py:188} INFO - [2026-02-20T14:21:34.499+0000] {dagbag.py:545} INFO - Filling up the DagBag from /opt/airflow/dags/load_cb_courses.py
[2026-02-20T14:21:35.057+0000] {processor.py:840} INFO - DAG(s) 'load_cb_courses' retrieved from /opt/airflow/dags/load_cb_courses.py
[2026-02-20T14:21:35.083+0000] {logging_mixin.py:188} INFO - [2026-02-20T14:21:35.082+0000] {dag.py:3089} INFO - Sync 1 DAGs
[2026-02-20T14:21:35.106+0000] {logging_mixin.py:188} INFO - [2026-02-20T14:21:35.106+0000] {dag.py:3947} INFO - Setting next_dagrun for load_cb_courses to 2026-02-20 00:00:00+00:00, run_after=2026-02-21 00:00:00+00:00
[2026-02-20T14:21:35.130+0000] {processor.py:183} INFO - Processing /opt/airflow/dags/load_cb_courses.py took 0.643 seconds
[2026-02-20T14:22:05.397+0000] {processor.py:161} INFO - Started process (PID=3826) to work on /opt/airflow/dags/load_cb_courses.py
[2026-02-20T14:22:05.398+0000] {processor.py:830} INFO - Processing file /opt/airflow/dags/load_cb_courses.py for tasks to queue
[2026-02-20T14:22:05.400+0000] {logging_mixin.py:188} INFO - [2026-02-20T14:22:05.400+0000] {dagbag.py:545} INFO - Filling up the DagBag from /opt/airflow/dags/load_cb_courses.py
[2026-02-20T14:22:06.041+0000] {processor.py:840} INFO - DAG(s) 'load_cb_courses' retrieved from /opt/airflow/dags/load_cb_courses.py
[2026-02-20T14:22:06.067+0000] {logging_mixin.py:188} INFO - [2026-02-20T14:22:06.067+0000] {dag.py:3089} INFO - Sync 1 DAGs
[2026-02-20T14:22:06.091+0000] {logging_mixin.py:188} INFO - [2026-02-20T14:22:06.091+0000] {dag.py:3947} INFO - Setting next_dagrun for load_cb_courses to 2026-02-20 00:00:00+00:00, run_after=2026-02-21 00:00:00+00:00
[2026-02-20T14:22:06.123+0000] {processor.py:183} INFO - Processing /opt/airflow/dags/load_cb_courses.py took 0.734 seconds
[2026-02-20T14:22:36.503+0000] {processor.py:161} INFO - Started process (PID=3852) to work on /opt/airflow/dags/load_cb_courses.py
[2026-02-20T14:22:36.504+0000] {processor.py:830} INFO - Processing file /opt/airflow/dags/load_cb_courses.py for tasks to queue
[2026-02-20T14:22:36.506+0000] {logging_mixin.py:188} INFO - [2026-02-20T14:22:36.505+0000] {dagbag.py:545} INFO - Filling up the DagBag from /opt/airflow/dags/load_cb_courses.py
[2026-02-20T14:22:37.032+0000] {processor.py:840} INFO - DAG(s) 'load_cb_courses' retrieved from /opt/airflow/dags/load_cb_courses.py
[2026-02-20T14:22:37.058+0000] {logging_mixin.py:188} INFO - [2026-02-20T14:22:37.058+0000] {dag.py:3089} INFO - Sync 1 DAGs
[2026-02-20T14:22:37.082+0000] {logging_mixin.py:188} INFO - [2026-02-20T14:22:37.082+0000] {dag.py:3947} INFO - Setting next_dagrun for load_cb_courses to 2026-02-20 00:00:00+00:00, run_after=2026-02-21 00:00:00+00:00
[2026-02-20T14:22:37.106+0000] {processor.py:183} INFO - Processing /opt/airflow/dags/load_cb_courses.py took 0.611 seconds
[2026-02-20T14:23:07.385+0000] {processor.py:161} INFO - Started process (PID=3872) to work on /opt/airflow/dags/load_cb_courses.py
[2026-02-20T14:23:07.387+0000] {processor.py:830} INFO - Processing file /opt/airflow/dags/load_cb_courses.py for tasks to queue
[2026-02-20T14:23:07.389+0000] {logging_mixin.py:188} INFO - [2026-02-20T14:23:07.388+0000] {dagbag.py:545} INFO - Filling up the DagBag from /opt/airflow/dags/load_cb_courses.py
[2026-02-20T14:23:07.928+0000] {processor.py:840} INFO - DAG(s) 'load_cb_courses' retrieved from /opt/airflow/dags/load_cb_courses.py
[2026-02-20T14:23:07.953+0000] {logging_mixin.py:188} INFO - [2026-02-20T14:23:07.953+0000] {dag.py:3089} INFO - Sync 1 DAGs
[2026-02-20T14:23:07.975+0000] {logging_mixin.py:188} INFO - [2026-02-20T14:23:07.975+0000] {dag.py:3947} INFO - Setting next_dagrun for load_cb_courses to 2026-02-20 00:00:00+00:00, run_after=2026-02-21 00:00:00+00:00
[2026-02-20T14:23:07.999+0000] {processor.py:183} INFO - Processing /opt/airflow/dags/load_cb_courses.py took 0.622 seconds
[2026-02-20T14:23:38.580+0000] {processor.py:161} INFO - Started process (PID=3899) to work on /opt/airflow/dags/load_cb_courses.py
[2026-02-20T14:23:38.583+0000] {processor.py:830} INFO - Processing file /opt/airflow/dags/load_cb_courses.py for tasks to queue
[2026-02-20T14:23:38.586+0000] {logging_mixin.py:188} INFO - [2026-02-20T14:23:38.585+0000] {dagbag.py:545} INFO - Filling up the DagBag from /opt/airflow/dags/load_cb_courses.py
[2026-02-20T14:23:39.105+0000] {processor.py:840} INFO - DAG(s) 'load_cb_courses' retrieved from /opt/airflow/dags/load_cb_courses.py
[2026-02-20T14:23:39.128+0000] {logging_mixin.py:188} INFO - [2026-02-20T14:23:39.128+0000] {dag.py:3089} INFO - Sync 1 DAGs
[2026-02-20T14:23:39.150+0000] {logging_mixin.py:188} INFO - [2026-02-20T14:23:39.150+0000] {dag.py:3947} INFO - Setting next_dagrun for load_cb_courses to 2026-02-20 00:00:00+00:00, run_after=2026-02-21 00:00:00+00:00
[2026-02-20T14:23:39.173+0000] {processor.py:183} INFO - Processing /opt/airflow/dags/load_cb_courses.py took 0.620 seconds
[2026-02-20T14:24:09.452+0000] {processor.py:161} INFO - Started process (PID=3925) to work on /opt/airflow/dags/load_cb_courses.py
[2026-02-20T14:24:09.454+0000] {processor.py:830} INFO - Processing file /opt/airflow/dags/load_cb_courses.py for tasks to queue
[2026-02-20T14:24:09.457+0000] {logging_mixin.py:188} INFO - [2026-02-20T14:24:09.456+0000] {dagbag.py:545} INFO - Filling up the DagBag from /opt/airflow/dags/load_cb_courses.py
[2026-02-20T14:24:10.014+0000] {processor.py:840} INFO - DAG(s) 'load_cb_courses' retrieved from /opt/airflow/dags/load_cb_courses.py
[2026-02-20T14:24:10.041+0000] {logging_mixin.py:188} INFO - [2026-02-20T14:24:10.040+0000] {dag.py:3089} INFO - Sync 1 DAGs
[2026-02-20T14:24:10.067+0000] {logging_mixin.py:188} INFO - [2026-02-20T14:24:10.066+0000] {dag.py:3947} INFO - Setting next_dagrun for load_cb_courses to 2026-02-20 00:00:00+00:00, run_after=2026-02-21 00:00:00+00:00
[2026-02-20T14:24:10.097+0000] {processor.py:183} INFO - Processing /opt/airflow/dags/load_cb_courses.py took 0.658 seconds
[2026-02-20T14:24:40.292+0000] {processor.py:161} INFO - Started process (PID=3945) to work on /opt/airflow/dags/load_cb_courses.py
[2026-02-20T14:24:40.294+0000] {processor.py:830} INFO - Processing file /opt/airflow/dags/load_cb_courses.py for tasks to queue
[2026-02-20T14:24:40.295+0000] {logging_mixin.py:188} INFO - [2026-02-20T14:24:40.295+0000] {dagbag.py:545} INFO - Filling up the DagBag from /opt/airflow/dags/load_cb_courses.py
[2026-02-20T14:24:40.813+0000] {processor.py:840} INFO - DAG(s) 'load_cb_courses' retrieved from /opt/airflow/dags/load_cb_courses.py
[2026-02-20T14:24:40.837+0000] {logging_mixin.py:188} INFO - [2026-02-20T14:24:40.836+0000] {dag.py:3089} INFO - Sync 1 DAGs
[2026-02-20T14:24:40.859+0000] {logging_mixin.py:188} INFO - [2026-02-20T14:24:40.859+0000] {dag.py:3947} INFO - Setting next_dagrun for load_cb_courses to 2026-02-20 00:00:00+00:00, run_after=2026-02-21 00:00:00+00:00
[2026-02-20T14:24:40.888+0000] {processor.py:183} INFO - Processing /opt/airflow/dags/load_cb_courses.py took 0.604 seconds
[2026-02-20T14:25:11.314+0000] {processor.py:161} INFO - Started process (PID=3972) to work on /opt/airflow/dags/load_cb_courses.py
[2026-02-20T14:25:11.316+0000] {processor.py:830} INFO - Processing file /opt/airflow/dags/load_cb_courses.py for tasks to queue
[2026-02-20T14:25:11.317+0000] {logging_mixin.py:188} INFO - [2026-02-20T14:25:11.317+0000] {dagbag.py:545} INFO - Filling up the DagBag from /opt/airflow/dags/load_cb_courses.py
[2026-02-20T14:25:12.013+0000] {processor.py:840} INFO - DAG(s) 'load_cb_courses' retrieved from /opt/airflow/dags/load_cb_courses.py
[2026-02-20T14:25:12.046+0000] {logging_mixin.py:188} INFO - [2026-02-20T14:25:12.046+0000] {dag.py:3089} INFO - Sync 1 DAGs
[2026-02-20T14:25:12.080+0000] {logging_mixin.py:188} INFO - [2026-02-20T14:25:12.079+0000] {dag.py:3947} INFO - Setting next_dagrun for load_cb_courses to 2026-02-20 00:00:00+00:00, run_after=2026-02-21 00:00:00+00:00
[2026-02-20T14:25:12.109+0000] {processor.py:183} INFO - Processing /opt/airflow/dags/load_cb_courses.py took 0.803 seconds
[2026-02-20T14:25:42.715+0000] {processor.py:161} INFO - Started process (PID=3991) to work on /opt/airflow/dags/load_cb_courses.py
[2026-02-20T14:25:42.717+0000] {processor.py:830} INFO - Processing file /opt/airflow/dags/load_cb_courses.py for tasks to queue
[2026-02-20T14:25:42.719+0000] {logging_mixin.py:188} INFO - [2026-02-20T14:25:42.718+0000] {dagbag.py:545} INFO - Filling up the DagBag from /opt/airflow/dags/load_cb_courses.py
[2026-02-20T14:25:43.373+0000] {processor.py:840} INFO - DAG(s) 'load_cb_courses' retrieved from /opt/airflow/dags/load_cb_courses.py
[2026-02-20T14:25:43.398+0000] {logging_mixin.py:188} INFO - [2026-02-20T14:25:43.398+0000] {dag.py:3089} INFO - Sync 1 DAGs
[2026-02-20T14:25:43.421+0000] {logging_mixin.py:188} INFO - [2026-02-20T14:25:43.421+0000] {dag.py:3947} INFO - Setting next_dagrun for load_cb_courses to 2026-02-20 00:00:00+00:00, run_after=2026-02-21 00:00:00+00:00
[2026-02-20T14:25:43.444+0000] {processor.py:183} INFO - Processing /opt/airflow/dags/load_cb_courses.py took 0.739 seconds
[2026-02-20T14:26:14.022+0000] {processor.py:161} INFO - Started process (PID=4019) to work on /opt/airflow/dags/load_cb_courses.py
[2026-02-20T14:26:14.024+0000] {processor.py:830} INFO - Processing file /opt/airflow/dags/load_cb_courses.py for tasks to queue
[2026-02-20T14:26:14.026+0000] {logging_mixin.py:188} INFO - [2026-02-20T14:26:14.025+0000] {dagbag.py:545} INFO - Filling up the DagBag from /opt/airflow/dags/load_cb_courses.py
[2026-02-20T14:26:14.547+0000] {processor.py:840} INFO - DAG(s) 'load_cb_courses' retrieved from /opt/airflow/dags/load_cb_courses.py
[2026-02-20T14:26:14.572+0000] {logging_mixin.py:188} INFO - [2026-02-20T14:26:14.572+0000] {dag.py:3089} INFO - Sync 1 DAGs
[2026-02-20T14:26:14.593+0000] {logging_mixin.py:188} INFO - [2026-02-20T14:26:14.593+0000] {dag.py:3947} INFO - Setting next_dagrun for load_cb_courses to 2026-02-20 00:00:00+00:00, run_after=2026-02-21 00:00:00+00:00
[2026-02-20T14:26:14.616+0000] {processor.py:183} INFO - Processing /opt/airflow/dags/load_cb_courses.py took 0.601 seconds
[2026-02-20T14:26:45.057+0000] {processor.py:161} INFO - Started process (PID=4040) to work on /opt/airflow/dags/load_cb_courses.py
[2026-02-20T14:26:45.059+0000] {processor.py:830} INFO - Processing file /opt/airflow/dags/load_cb_courses.py for tasks to queue
[2026-02-20T14:26:45.060+0000] {logging_mixin.py:188} INFO - [2026-02-20T14:26:45.060+0000] {dagbag.py:545} INFO - Filling up the DagBag from /opt/airflow/dags/load_cb_courses.py
[2026-02-20T14:26:45.627+0000] {processor.py:840} INFO - DAG(s) 'load_cb_courses' retrieved from /opt/airflow/dags/load_cb_courses.py
[2026-02-20T14:26:45.652+0000] {logging_mixin.py:188} INFO - [2026-02-20T14:26:45.651+0000] {dag.py:3089} INFO - Sync 1 DAGs
[2026-02-20T14:26:45.675+0000] {logging_mixin.py:188} INFO - [2026-02-20T14:26:45.674+0000] {dag.py:3947} INFO - Setting next_dagrun for load_cb_courses to 2026-02-20 00:00:00+00:00, run_after=2026-02-21 00:00:00+00:00
[2026-02-20T14:26:45.698+0000] {processor.py:183} INFO - Processing /opt/airflow/dags/load_cb_courses.py took 0.648 seconds
[2026-02-20T14:27:16.000+0000] {processor.py:161} INFO - Started process (PID=4067) to work on /opt/airflow/dags/load_cb_courses.py
[2026-02-20T14:27:16.003+0000] {processor.py:830} INFO - Processing file /opt/airflow/dags/load_cb_courses.py for tasks to queue
[2026-02-20T14:27:16.007+0000] {logging_mixin.py:188} INFO - [2026-02-20T14:27:16.006+0000] {dagbag.py:545} INFO - Filling up the DagBag from /opt/airflow/dags/load_cb_courses.py
[2026-02-20T14:27:16.616+0000] {processor.py:840} INFO - DAG(s) 'load_cb_courses' retrieved from /opt/airflow/dags/load_cb_courses.py
[2026-02-20T14:27:16.638+0000] {logging_mixin.py:188} INFO - [2026-02-20T14:27:16.638+0000] {dag.py:3089} INFO - Sync 1 DAGs
[2026-02-20T14:27:16.658+0000] {logging_mixin.py:188} INFO - [2026-02-20T14:27:16.658+0000] {dag.py:3947} INFO - Setting next_dagrun for load_cb_courses to 2026-02-20 00:00:00+00:00, run_after=2026-02-21 00:00:00+00:00
[2026-02-20T14:27:16.679+0000] {processor.py:183} INFO - Processing /opt/airflow/dags/load_cb_courses.py took 0.691 seconds
[2026-02-20T14:27:47.118+0000] {processor.py:161} INFO - Started process (PID=4094) to work on /opt/airflow/dags/load_cb_courses.py
[2026-02-20T14:27:47.121+0000] {processor.py:830} INFO - Processing file /opt/airflow/dags/load_cb_courses.py for tasks to queue
[2026-02-20T14:27:47.122+0000] {logging_mixin.py:188} INFO - [2026-02-20T14:27:47.122+0000] {dagbag.py:545} INFO - Filling up the DagBag from /opt/airflow/dags/load_cb_courses.py
[2026-02-20T14:27:47.659+0000] {processor.py:840} INFO - DAG(s) 'load_cb_courses' retrieved from /opt/airflow/dags/load_cb_courses.py
[2026-02-20T14:27:47.690+0000] {logging_mixin.py:188} INFO - [2026-02-20T14:27:47.690+0000] {dag.py:3089} INFO - Sync 1 DAGs
[2026-02-20T14:27:47.714+0000] {logging_mixin.py:188} INFO - [2026-02-20T14:27:47.714+0000] {dag.py:3947} INFO - Setting next_dagrun for load_cb_courses to 2026-02-20 00:00:00+00:00, run_after=2026-02-21 00:00:00+00:00
[2026-02-20T14:27:47.755+0000] {processor.py:183} INFO - Processing /opt/airflow/dags/load_cb_courses.py took 0.646 seconds
[2026-02-20T14:28:18.374+0000] {processor.py:161} INFO - Started process (PID=4114) to work on /opt/airflow/dags/load_cb_courses.py
[2026-02-20T14:28:18.376+0000] {processor.py:830} INFO - Processing file /opt/airflow/dags/load_cb_courses.py for tasks to queue
[2026-02-20T14:28:18.378+0000] {logging_mixin.py:188} INFO - [2026-02-20T14:28:18.377+0000] {dagbag.py:545} INFO - Filling up the DagBag from /opt/airflow/dags/load_cb_courses.py
[2026-02-20T14:28:18.925+0000] {processor.py:840} INFO - DAG(s) 'load_cb_courses' retrieved from /opt/airflow/dags/load_cb_courses.py
[2026-02-20T14:28:18.953+0000] {logging_mixin.py:188} INFO - [2026-02-20T14:28:18.953+0000] {dag.py:3089} INFO - Sync 1 DAGs
[2026-02-20T14:28:18.981+0000] {logging_mixin.py:188} INFO - [2026-02-20T14:28:18.981+0000] {dag.py:3947} INFO - Setting next_dagrun for load_cb_courses to 2026-02-20 00:00:00+00:00, run_after=2026-02-21 00:00:00+00:00
[2026-02-20T14:28:19.006+0000] {processor.py:183} INFO - Processing /opt/airflow/dags/load_cb_courses.py took 0.639 seconds
[2026-02-20T14:28:49.293+0000] {processor.py:161} INFO - Started process (PID=4141) to work on /opt/airflow/dags/load_cb_courses.py
[2026-02-20T14:28:49.295+0000] {processor.py:830} INFO - Processing file /opt/airflow/dags/load_cb_courses.py for tasks to queue
[2026-02-20T14:28:49.297+0000] {logging_mixin.py:188} INFO - [2026-02-20T14:28:49.296+0000] {dagbag.py:545} INFO - Filling up the DagBag from /opt/airflow/dags/load_cb_courses.py
[2026-02-20T14:28:49.829+0000] {processor.py:840} INFO - DAG(s) 'load_cb_courses' retrieved from /opt/airflow/dags/load_cb_courses.py
[2026-02-20T14:28:49.856+0000] {logging_mixin.py:188} INFO - [2026-02-20T14:28:49.856+0000] {dag.py:3089} INFO - Sync 1 DAGs
[2026-02-20T14:28:49.878+0000] {logging_mixin.py:188} INFO - [2026-02-20T14:28:49.878+0000] {dag.py:3947} INFO - Setting next_dagrun for load_cb_courses to 2026-02-20 00:00:00+00:00, run_after=2026-02-21 00:00:00+00:00
[2026-02-20T14:28:49.898+0000] {processor.py:183} INFO - Processing /opt/airflow/dags/load_cb_courses.py took 0.612 seconds
[2026-02-20T14:29:20.107+0000] {processor.py:161} INFO - Started process (PID=4161) to work on /opt/airflow/dags/load_cb_courses.py
[2026-02-20T14:29:20.109+0000] {processor.py:830} INFO - Processing file /opt/airflow/dags/load_cb_courses.py for tasks to queue
[2026-02-20T14:29:20.111+0000] {logging_mixin.py:188} INFO - [2026-02-20T14:29:20.110+0000] {dagbag.py:545} INFO - Filling up the DagBag from /opt/airflow/dags/load_cb_courses.py
[2026-02-20T14:29:20.681+0000] {processor.py:840} INFO - DAG(s) 'load_cb_courses' retrieved from /opt/airflow/dags/load_cb_courses.py
[2026-02-20T14:29:20.714+0000] {logging_mixin.py:188} INFO - [2026-02-20T14:29:20.714+0000] {dag.py:3089} INFO - Sync 1 DAGs
[2026-02-20T14:29:20.738+0000] {logging_mixin.py:188} INFO - [2026-02-20T14:29:20.738+0000] {dag.py:3947} INFO - Setting next_dagrun for load_cb_courses to 2026-02-20 00:00:00+00:00, run_after=2026-02-21 00:00:00+00:00
[2026-02-20T14:29:20.760+0000] {processor.py:183} INFO - Processing /opt/airflow/dags/load_cb_courses.py took 0.660 seconds
[2026-02-20T14:29:51.022+0000] {processor.py:161} INFO - Started process (PID=4187) to work on /opt/airflow/dags/load_cb_courses.py
[2026-02-20T14:29:51.024+0000] {processor.py:830} INFO - Processing file /opt/airflow/dags/load_cb_courses.py for tasks to queue
[2026-02-20T14:29:51.025+0000] {logging_mixin.py:188} INFO - [2026-02-20T14:29:51.025+0000] {dagbag.py:545} INFO - Filling up the DagBag from /opt/airflow/dags/load_cb_courses.py
[2026-02-20T14:29:51.550+0000] {processor.py:840} INFO - DAG(s) 'load_cb_courses' retrieved from /opt/airflow/dags/load_cb_courses.py
[2026-02-20T14:29:51.573+0000] {logging_mixin.py:188} INFO - [2026-02-20T14:29:51.573+0000] {dag.py:3089} INFO - Sync 1 DAGs
[2026-02-20T14:29:51.597+0000] {logging_mixin.py:188} INFO - [2026-02-20T14:29:51.596+0000] {dag.py:3947} INFO - Setting next_dagrun for load_cb_courses to 2026-02-20 00:00:00+00:00, run_after=2026-02-21 00:00:00+00:00
[2026-02-20T14:29:51.619+0000] {processor.py:183} INFO - Processing /opt/airflow/dags/load_cb_courses.py took 0.604 seconds
[2026-02-20T14:30:21.905+0000] {processor.py:161} INFO - Started process (PID=4206) to work on /opt/airflow/dags/load_cb_courses.py
[2026-02-20T14:30:21.907+0000] {processor.py:830} INFO - Processing file /opt/airflow/dags/load_cb_courses.py for tasks to queue
[2026-02-20T14:30:21.909+0000] {logging_mixin.py:188} INFO - [2026-02-20T14:30:21.908+0000] {dagbag.py:545} INFO - Filling up the DagBag from /opt/airflow/dags/load_cb_courses.py
[2026-02-20T14:30:22.452+0000] {processor.py:840} INFO - DAG(s) 'load_cb_courses' retrieved from /opt/airflow/dags/load_cb_courses.py
[2026-02-20T14:30:22.476+0000] {logging_mixin.py:188} INFO - [2026-02-20T14:30:22.476+0000] {dag.py:3089} INFO - Sync 1 DAGs
[2026-02-20T14:30:22.500+0000] {logging_mixin.py:188} INFO - [2026-02-20T14:30:22.500+0000] {dag.py:3947} INFO - Setting next_dagrun for load_cb_courses to 2026-02-20 00:00:00+00:00, run_after=2026-02-21 00:00:00+00:00
[2026-02-20T14:30:22.521+0000] {processor.py:183} INFO - Processing /opt/airflow/dags/load_cb_courses.py took 0.623 seconds
[2026-02-20T14:30:52.722+0000] {processor.py:161} INFO - Started process (PID=4234) to work on /opt/airflow/dags/load_cb_courses.py
[2026-02-20T14:30:52.724+0000] {processor.py:830} INFO - Processing file /opt/airflow/dags/load_cb_courses.py for tasks to queue
[2026-02-20T14:30:52.726+0000] {logging_mixin.py:188} INFO - [2026-02-20T14:30:52.725+0000] {dagbag.py:545} INFO - Filling up the DagBag from /opt/airflow/dags/load_cb_courses.py
[2026-02-20T14:30:53.288+0000] {processor.py:840} INFO - DAG(s) 'load_cb_courses' retrieved from /opt/airflow/dags/load_cb_courses.py
[2026-02-20T14:30:53.316+0000] {logging_mixin.py:188} INFO - [2026-02-20T14:30:53.316+0000] {dag.py:3089} INFO - Sync 1 DAGs
[2026-02-20T14:30:53.347+0000] {logging_mixin.py:188} INFO - [2026-02-20T14:30:53.347+0000] {dag.py:3947} INFO - Setting next_dagrun for load_cb_courses to 2026-02-20 00:00:00+00:00, run_after=2026-02-21 00:00:00+00:00
[2026-02-20T14:30:53.380+0000] {processor.py:183} INFO - Processing /opt/airflow/dags/load_cb_courses.py took 0.667 seconds
[2026-02-20T14:31:23.938+0000] {processor.py:161} INFO - Started process (PID=4261) to work on /opt/airflow/dags/load_cb_courses.py
[2026-02-20T14:31:23.939+0000] {processor.py:830} INFO - Processing file /opt/airflow/dags/load_cb_courses.py for tasks to queue
[2026-02-20T14:31:23.941+0000] {logging_mixin.py:188} INFO - [2026-02-20T14:31:23.940+0000] {dagbag.py:545} INFO - Filling up the DagBag from /opt/airflow/dags/load_cb_courses.py
[2026-02-20T14:31:24.482+0000] {processor.py:840} INFO - DAG(s) 'load_cb_courses' retrieved from /opt/airflow/dags/load_cb_courses.py
[2026-02-20T14:31:24.508+0000] {logging_mixin.py:188} INFO - [2026-02-20T14:31:24.507+0000] {dag.py:3089} INFO - Sync 1 DAGs
[2026-02-20T14:31:24.529+0000] {logging_mixin.py:188} INFO - [2026-02-20T14:31:24.529+0000] {dag.py:3947} INFO - Setting next_dagrun for load_cb_courses to 2026-02-20 00:00:00+00:00, run_after=2026-02-21 00:00:00+00:00
[2026-02-20T14:31:24.555+0000] {processor.py:183} INFO - Processing /opt/airflow/dags/load_cb_courses.py took 0.625 seconds
[2026-02-20T14:31:54.780+0000] {processor.py:161} INFO - Started process (PID=4281) to work on /opt/airflow/dags/load_cb_courses.py
[2026-02-20T14:31:54.782+0000] {processor.py:830} INFO - Processing file /opt/airflow/dags/load_cb_courses.py for tasks to queue
[2026-02-20T14:31:54.783+0000] {logging_mixin.py:188} INFO - [2026-02-20T14:31:54.783+0000] {dagbag.py:545} INFO - Filling up the DagBag from /opt/airflow/dags/load_cb_courses.py
[2026-02-20T14:31:55.396+0000] {processor.py:840} INFO - DAG(s) 'load_cb_courses' retrieved from /opt/airflow/dags/load_cb_courses.py
[2026-02-20T14:31:55.434+0000] {logging_mixin.py:188} INFO - [2026-02-20T14:31:55.433+0000] {dag.py:3089} INFO - Sync 1 DAGs
[2026-02-20T14:31:55.456+0000] {logging_mixin.py:188} INFO - [2026-02-20T14:31:55.456+0000] {dag.py:3947} INFO - Setting next_dagrun for load_cb_courses to 2026-02-20 00:00:00+00:00, run_after=2026-02-21 00:00:00+00:00
[2026-02-20T14:31:55.481+0000] {processor.py:183} INFO - Processing /opt/airflow/dags/load_cb_courses.py took 0.710 seconds
[2026-02-20T14:32:25.611+0000] {processor.py:161} INFO - Started process (PID=4308) to work on /opt/airflow/dags/load_cb_courses.py
[2026-02-20T14:32:25.613+0000] {processor.py:830} INFO - Processing file /opt/airflow/dags/load_cb_courses.py for tasks to queue
[2026-02-20T14:32:25.615+0000] {logging_mixin.py:188} INFO - [2026-02-20T14:32:25.614+0000] {dagbag.py:545} INFO - Filling up the DagBag from /opt/airflow/dags/load_cb_courses.py
[2026-02-20T14:32:26.163+0000] {processor.py:840} INFO - DAG(s) 'load_cb_courses' retrieved from /opt/airflow/dags/load_cb_courses.py
[2026-02-20T14:32:26.186+0000] {logging_mixin.py:188} INFO - [2026-02-20T14:32:26.185+0000] {dag.py:3089} INFO - Sync 1 DAGs
[2026-02-20T14:32:26.207+0000] {logging_mixin.py:188} INFO - [2026-02-20T14:32:26.206+0000] {dag.py:3947} INFO - Setting next_dagrun for load_cb_courses to 2026-02-20 00:00:00+00:00, run_after=2026-02-21 00:00:00+00:00
[2026-02-20T14:32:26.230+0000] {processor.py:183} INFO - Processing /opt/airflow/dags/load_cb_courses.py took 0.628 seconds
[2026-02-20T14:32:56.576+0000] {processor.py:161} INFO - Started process (PID=4328) to work on /opt/airflow/dags/load_cb_courses.py
[2026-02-20T14:32:56.577+0000] {processor.py:830} INFO - Processing file /opt/airflow/dags/load_cb_courses.py for tasks to queue
[2026-02-20T14:32:56.579+0000] {logging_mixin.py:188} INFO - [2026-02-20T14:32:56.578+0000] {dagbag.py:545} INFO - Filling up the DagBag from /opt/airflow/dags/load_cb_courses.py
[2026-02-20T14:32:57.109+0000] {processor.py:840} INFO - DAG(s) 'load_cb_courses' retrieved from /opt/airflow/dags/load_cb_courses.py
[2026-02-20T14:32:57.135+0000] {logging_mixin.py:188} INFO - [2026-02-20T14:32:57.134+0000] {dag.py:3089} INFO - Sync 1 DAGs
[2026-02-20T14:32:57.157+0000] {logging_mixin.py:188} INFO - [2026-02-20T14:32:57.156+0000] {dag.py:3947} INFO - Setting next_dagrun for load_cb_courses to 2026-02-20 00:00:00+00:00, run_after=2026-02-21 00:00:00+00:00
[2026-02-20T14:32:57.181+0000] {processor.py:183} INFO - Processing /opt/airflow/dags/load_cb_courses.py took 0.612 seconds
[2026-02-20T14:33:27.348+0000] {processor.py:161} INFO - Started process (PID=4355) to work on /opt/airflow/dags/load_cb_courses.py
[2026-02-20T14:33:27.350+0000] {processor.py:830} INFO - Processing file /opt/airflow/dags/load_cb_courses.py for tasks to queue
[2026-02-20T14:33:27.352+0000] {logging_mixin.py:188} INFO - [2026-02-20T14:33:27.351+0000] {dagbag.py:545} INFO - Filling up the DagBag from /opt/airflow/dags/load_cb_courses.py
[2026-02-20T14:33:27.899+0000] {processor.py:840} INFO - DAG(s) 'load_cb_courses' retrieved from /opt/airflow/dags/load_cb_courses.py
[2026-02-20T14:33:27.925+0000] {logging_mixin.py:188} INFO - [2026-02-20T14:33:27.924+0000] {dag.py:3089} INFO - Sync 1 DAGs
[2026-02-20T14:33:27.946+0000] {logging_mixin.py:188} INFO - [2026-02-20T14:33:27.946+0000] {dag.py:3947} INFO - Setting next_dagrun for load_cb_courses to 2026-02-20 00:00:00+00:00, run_after=2026-02-21 00:00:00+00:00
[2026-02-20T14:33:27.968+0000] {processor.py:183} INFO - Processing /opt/airflow/dags/load_cb_courses.py took 0.628 seconds
[2026-02-20T14:33:58.270+0000] {processor.py:161} INFO - Started process (PID=4375) to work on /opt/airflow/dags/load_cb_courses.py
[2026-02-20T14:33:58.272+0000] {processor.py:830} INFO - Processing file /opt/airflow/dags/load_cb_courses.py for tasks to queue
[2026-02-20T14:33:58.273+0000] {logging_mixin.py:188} INFO - [2026-02-20T14:33:58.273+0000] {dagbag.py:545} INFO - Filling up the DagBag from /opt/airflow/dags/load_cb_courses.py
[2026-02-20T14:33:58.859+0000] {processor.py:840} INFO - DAG(s) 'load_cb_courses' retrieved from /opt/airflow/dags/load_cb_courses.py
[2026-02-20T14:33:58.883+0000] {logging_mixin.py:188} INFO - [2026-02-20T14:33:58.882+0000] {dag.py:3089} INFO - Sync 1 DAGs
[2026-02-20T14:33:58.904+0000] {logging_mixin.py:188} INFO - [2026-02-20T14:33:58.904+0000] {dag.py:3947} INFO - Setting next_dagrun for load_cb_courses to 2026-02-20 00:00:00+00:00, run_after=2026-02-21 00:00:00+00:00
[2026-02-20T14:33:58.928+0000] {processor.py:183} INFO - Processing /opt/airflow/dags/load_cb_courses.py took 0.665 seconds
[2026-02-20T14:34:29.059+0000] {processor.py:161} INFO - Started process (PID=4403) to work on /opt/airflow/dags/load_cb_courses.py
[2026-02-20T14:34:29.060+0000] {processor.py:830} INFO - Processing file /opt/airflow/dags/load_cb_courses.py for tasks to queue
[2026-02-20T14:34:29.062+0000] {logging_mixin.py:188} INFO - [2026-02-20T14:34:29.061+0000] {dagbag.py:545} INFO - Filling up the DagBag from /opt/airflow/dags/load_cb_courses.py
[2026-02-20T14:34:29.579+0000] {processor.py:840} INFO - DAG(s) 'load_cb_courses' retrieved from /opt/airflow/dags/load_cb_courses.py
[2026-02-20T14:34:29.602+0000] {logging_mixin.py:188} INFO - [2026-02-20T14:34:29.601+0000] {dag.py:3089} INFO - Sync 1 DAGs
[2026-02-20T14:34:29.624+0000] {logging_mixin.py:188} INFO - [2026-02-20T14:34:29.623+0000] {dag.py:3947} INFO - Setting next_dagrun for load_cb_courses to 2026-02-20 00:00:00+00:00, run_after=2026-02-21 00:00:00+00:00
[2026-02-20T14:34:29.645+0000] {processor.py:183} INFO - Processing /opt/airflow/dags/load_cb_courses.py took 0.594 seconds
[2026-02-20T14:35:00.322+0000] {processor.py:161} INFO - Started process (PID=4429) to work on /opt/airflow/dags/load_cb_courses.py
[2026-02-20T14:35:00.325+0000] {processor.py:830} INFO - Processing file /opt/airflow/dags/load_cb_courses.py for tasks to queue
[2026-02-20T14:35:00.327+0000] {logging_mixin.py:188} INFO - [2026-02-20T14:35:00.326+0000] {dagbag.py:545} INFO - Filling up the DagBag from /opt/airflow/dags/load_cb_courses.py
[2026-02-20T14:35:00.849+0000] {processor.py:840} INFO - DAG(s) 'load_cb_courses' retrieved from /opt/airflow/dags/load_cb_courses.py
[2026-02-20T14:35:00.873+0000] {logging_mixin.py:188} INFO - [2026-02-20T14:35:00.873+0000] {dag.py:3089} INFO - Sync 1 DAGs
[2026-02-20T14:35:00.897+0000] {logging_mixin.py:188} INFO - [2026-02-20T14:35:00.896+0000] {dag.py:3947} INFO - Setting next_dagrun for load_cb_courses to 2026-02-20 00:00:00+00:00, run_after=2026-02-21 00:00:00+00:00
[2026-02-20T14:35:00.917+0000] {processor.py:183} INFO - Processing /opt/airflow/dags/load_cb_courses.py took 0.603 seconds
[2026-02-20T14:35:31.025+0000] {processor.py:161} INFO - Started process (PID=4449) to work on /opt/airflow/dags/load_cb_courses.py
[2026-02-20T14:35:31.027+0000] {processor.py:830} INFO - Processing file /opt/airflow/dags/load_cb_courses.py for tasks to queue
[2026-02-20T14:35:31.028+0000] {logging_mixin.py:188} INFO - [2026-02-20T14:35:31.028+0000] {dagbag.py:545} INFO - Filling up the DagBag from /opt/airflow/dags/load_cb_courses.py
[2026-02-20T14:35:31.550+0000] {processor.py:840} INFO - DAG(s) 'load_cb_courses' retrieved from /opt/airflow/dags/load_cb_courses.py
[2026-02-20T14:35:31.592+0000] {logging_mixin.py:188} INFO - [2026-02-20T14:35:31.591+0000] {dag.py:3089} INFO - Sync 1 DAGs
[2026-02-20T14:35:31.623+0000] {logging_mixin.py:188} INFO - [2026-02-20T14:35:31.623+0000] {dag.py:3947} INFO - Setting next_dagrun for load_cb_courses to 2026-02-20 00:00:00+00:00, run_after=2026-02-21 00:00:00+00:00
[2026-02-20T14:35:31.662+0000] {processor.py:183} INFO - Processing /opt/airflow/dags/load_cb_courses.py took 0.645 seconds
[2026-02-20T14:36:02.141+0000] {processor.py:161} INFO - Started process (PID=4477) to work on /opt/airflow/dags/load_cb_courses.py
[2026-02-20T14:36:02.143+0000] {processor.py:830} INFO - Processing file /opt/airflow/dags/load_cb_courses.py for tasks to queue
[2026-02-20T14:36:02.146+0000] {logging_mixin.py:188} INFO - [2026-02-20T14:36:02.145+0000] {dagbag.py:545} INFO - Filling up the DagBag from /opt/airflow/dags/load_cb_courses.py
[2026-02-20T14:36:02.685+0000] {processor.py:840} INFO - DAG(s) 'load_cb_courses' retrieved from /opt/airflow/dags/load_cb_courses.py
[2026-02-20T14:36:02.711+0000] {logging_mixin.py:188} INFO - [2026-02-20T14:36:02.711+0000] {dag.py:3089} INFO - Sync 1 DAGs
[2026-02-20T14:36:02.734+0000] {logging_mixin.py:188} INFO - [2026-02-20T14:36:02.734+0000] {dag.py:3947} INFO - Setting next_dagrun for load_cb_courses to 2026-02-20 00:00:00+00:00, run_after=2026-02-21 00:00:00+00:00
[2026-02-20T14:36:02.755+0000] {processor.py:183} INFO - Processing /opt/airflow/dags/load_cb_courses.py took 0.625 seconds
[2026-02-20T14:36:33.353+0000] {processor.py:161} INFO - Started process (PID=4498) to work on /opt/airflow/dags/load_cb_courses.py
[2026-02-20T14:36:33.354+0000] {processor.py:830} INFO - Processing file /opt/airflow/dags/load_cb_courses.py for tasks to queue
[2026-02-20T14:36:33.355+0000] {logging_mixin.py:188} INFO - [2026-02-20T14:36:33.355+0000] {dagbag.py:545} INFO - Filling up the DagBag from /opt/airflow/dags/load_cb_courses.py
[2026-02-20T14:36:33.871+0000] {processor.py:840} INFO - DAG(s) 'load_cb_courses' retrieved from /opt/airflow/dags/load_cb_courses.py
[2026-02-20T14:36:33.894+0000] {logging_mixin.py:188} INFO - [2026-02-20T14:36:33.894+0000] {dag.py:3089} INFO - Sync 1 DAGs
[2026-02-20T14:36:33.917+0000] {logging_mixin.py:188} INFO - [2026-02-20T14:36:33.917+0000] {dag.py:3947} INFO - Setting next_dagrun for load_cb_courses to 2026-02-20 00:00:00+00:00, run_after=2026-02-21 00:00:00+00:00
[2026-02-20T14:36:33.937+0000] {processor.py:183} INFO - Processing /opt/airflow/dags/load_cb_courses.py took 0.591 seconds
[2026-02-20T14:37:04.293+0000] {processor.py:161} INFO - Started process (PID=4525) to work on /opt/airflow/dags/load_cb_courses.py
[2026-02-20T14:37:04.295+0000] {processor.py:830} INFO - Processing file /opt/airflow/dags/load_cb_courses.py for tasks to queue
[2026-02-20T14:37:04.297+0000] {logging_mixin.py:188} INFO - [2026-02-20T14:37:04.297+0000] {dagbag.py:545} INFO - Filling up the DagBag from /opt/airflow/dags/load_cb_courses.py
[2026-02-20T14:37:04.826+0000] {processor.py:840} INFO - DAG(s) 'load_cb_courses' retrieved from /opt/airflow/dags/load_cb_courses.py
[2026-02-20T14:37:04.853+0000] {logging_mixin.py:188} INFO - [2026-02-20T14:37:04.852+0000] {dag.py:3089} INFO - Sync 1 DAGs
[2026-02-20T14:37:04.875+0000] {logging_mixin.py:188} INFO - [2026-02-20T14:37:04.875+0000] {dag.py:3947} INFO - Setting next_dagrun for load_cb_courses to 2026-02-20 00:00:00+00:00, run_after=2026-02-21 00:00:00+00:00
[2026-02-20T14:37:04.904+0000] {processor.py:183} INFO - Processing /opt/airflow/dags/load_cb_courses.py took 0.618 seconds
[2026-02-20T14:37:35.173+0000] {processor.py:161} INFO - Started process (PID=4545) to work on /opt/airflow/dags/load_cb_courses.py
[2026-02-20T14:37:35.176+0000] {processor.py:830} INFO - Processing file /opt/airflow/dags/load_cb_courses.py for tasks to queue
[2026-02-20T14:37:35.178+0000] {logging_mixin.py:188} INFO - [2026-02-20T14:37:35.177+0000] {dagbag.py:545} INFO - Filling up the DagBag from /opt/airflow/dags/load_cb_courses.py
[2026-02-20T14:37:35.889+0000] {processor.py:840} INFO - DAG(s) 'load_cb_courses' retrieved from /opt/airflow/dags/load_cb_courses.py
[2026-02-20T14:37:35.915+0000] {logging_mixin.py:188} INFO - [2026-02-20T14:37:35.915+0000] {dag.py:3089} INFO - Sync 1 DAGs
[2026-02-20T14:37:35.941+0000] {logging_mixin.py:188} INFO - [2026-02-20T14:37:35.941+0000] {dag.py:3947} INFO - Setting next_dagrun for load_cb_courses to 2026-02-20 00:00:00+00:00, run_after=2026-02-21 00:00:00+00:00
[2026-02-20T14:37:35.969+0000] {processor.py:183} INFO - Processing /opt/airflow/dags/load_cb_courses.py took 0.809 seconds
[2026-02-20T14:38:06.380+0000] {processor.py:161} INFO - Started process (PID=4572) to work on /opt/airflow/dags/load_cb_courses.py
[2026-02-20T14:38:06.382+0000] {processor.py:830} INFO - Processing file /opt/airflow/dags/load_cb_courses.py for tasks to queue
[2026-02-20T14:38:06.386+0000] {logging_mixin.py:188} INFO - [2026-02-20T14:38:06.385+0000] {dagbag.py:545} INFO - Filling up the DagBag from /opt/airflow/dags/load_cb_courses.py
[2026-02-20T14:38:06.972+0000] {processor.py:840} INFO - DAG(s) 'load_cb_courses' retrieved from /opt/airflow/dags/load_cb_courses.py
[2026-02-20T14:38:06.997+0000] {logging_mixin.py:188} INFO - [2026-02-20T14:38:06.996+0000] {dag.py:3089} INFO - Sync 1 DAGs
[2026-02-20T14:38:07.028+0000] {logging_mixin.py:188} INFO - [2026-02-20T14:38:07.028+0000] {dag.py:3947} INFO - Setting next_dagrun for load_cb_courses to 2026-02-20 00:00:00+00:00, run_after=2026-02-21 00:00:00+00:00
[2026-02-20T14:38:07.052+0000] {processor.py:183} INFO - Processing /opt/airflow/dags/load_cb_courses.py took 0.683 seconds
[2026-02-20T14:38:37.616+0000] {processor.py:161} INFO - Started process (PID=4592) to work on /opt/airflow/dags/load_cb_courses.py
[2026-02-20T14:38:37.618+0000] {processor.py:830} INFO - Processing file /opt/airflow/dags/load_cb_courses.py for tasks to queue
[2026-02-20T14:38:37.621+0000] {logging_mixin.py:188} INFO - [2026-02-20T14:38:37.620+0000] {dagbag.py:545} INFO - Filling up the DagBag from /opt/airflow/dags/load_cb_courses.py
[2026-02-20T14:38:38.182+0000] {processor.py:840} INFO - DAG(s) 'load_cb_courses' retrieved from /opt/airflow/dags/load_cb_courses.py
[2026-02-20T14:38:38.206+0000] {logging_mixin.py:188} INFO - [2026-02-20T14:38:38.205+0000] {dag.py:3089} INFO - Sync 1 DAGs
[2026-02-20T14:38:38.228+0000] {logging_mixin.py:188} INFO - [2026-02-20T14:38:38.228+0000] {dag.py:3947} INFO - Setting next_dagrun for load_cb_courses to 2026-02-20 00:00:00+00:00, run_after=2026-02-21 00:00:00+00:00
[2026-02-20T14:38:38.250+0000] {processor.py:183} INFO - Processing /opt/airflow/dags/load_cb_courses.py took 0.644 seconds
[2026-02-20T14:39:08.613+0000] {processor.py:161} INFO - Started process (PID=4619) to work on /opt/airflow/dags/load_cb_courses.py
[2026-02-20T14:39:08.615+0000] {processor.py:830} INFO - Processing file /opt/airflow/dags/load_cb_courses.py for tasks to queue
[2026-02-20T14:39:08.617+0000] {logging_mixin.py:188} INFO - [2026-02-20T14:39:08.616+0000] {dagbag.py:545} INFO - Filling up the DagBag from /opt/airflow/dags/load_cb_courses.py
[2026-02-20T14:39:09.214+0000] {processor.py:840} INFO - DAG(s) 'load_cb_courses' retrieved from /opt/airflow/dags/load_cb_courses.py
[2026-02-20T14:39:09.251+0000] {logging_mixin.py:188} INFO - [2026-02-20T14:39:09.250+0000] {dag.py:3089} INFO - Sync 1 DAGs
[2026-02-20T14:39:09.278+0000] {logging_mixin.py:188} INFO - [2026-02-20T14:39:09.277+0000] {dag.py:3947} INFO - Setting next_dagrun for load_cb_courses to 2026-02-20 00:00:00+00:00, run_after=2026-02-21 00:00:00+00:00
[2026-02-20T14:39:09.305+0000] {processor.py:183} INFO - Processing /opt/airflow/dags/load_cb_courses.py took 0.700 seconds
[2026-02-20T14:39:39.464+0000] {processor.py:161} INFO - Started process (PID=4645) to work on /opt/airflow/dags/load_cb_courses.py
[2026-02-20T14:39:39.468+0000] {processor.py:830} INFO - Processing file /opt/airflow/dags/load_cb_courses.py for tasks to queue
[2026-02-20T14:39:39.470+0000] {logging_mixin.py:188} INFO - [2026-02-20T14:39:39.470+0000] {dagbag.py:545} INFO - Filling up the DagBag from /opt/airflow/dags/load_cb_courses.py
[2026-02-20T14:39:39.991+0000] {processor.py:840} INFO - DAG(s) 'load_cb_courses' retrieved from /opt/airflow/dags/load_cb_courses.py
[2026-02-20T14:39:40.016+0000] {logging_mixin.py:188} INFO - [2026-02-20T14:39:40.016+0000] {dag.py:3089} INFO - Sync 1 DAGs
[2026-02-20T14:39:40.039+0000] {logging_mixin.py:188} INFO - [2026-02-20T14:39:40.039+0000] {dag.py:3947} INFO - Setting next_dagrun for load_cb_courses to 2026-02-20 00:00:00+00:00, run_after=2026-02-21 00:00:00+00:00
[2026-02-20T14:39:40.062+0000] {processor.py:183} INFO - Processing /opt/airflow/dags/load_cb_courses.py took 0.616 seconds
[2026-02-20T14:40:10.462+0000] {processor.py:161} INFO - Started process (PID=4664) to work on /opt/airflow/dags/load_cb_courses.py
[2026-02-20T14:40:10.464+0000] {processor.py:830} INFO - Processing file /opt/airflow/dags/load_cb_courses.py for tasks to queue
[2026-02-20T14:40:10.465+0000] {logging_mixin.py:188} INFO - [2026-02-20T14:40:10.465+0000] {dagbag.py:545} INFO - Filling up the DagBag from /opt/airflow/dags/load_cb_courses.py
[2026-02-20T14:40:10.974+0000] {processor.py:840} INFO - DAG(s) 'load_cb_courses' retrieved from /opt/airflow/dags/load_cb_courses.py
[2026-02-20T14:40:10.997+0000] {logging_mixin.py:188} INFO - [2026-02-20T14:40:10.997+0000] {dag.py:3089} INFO - Sync 1 DAGs
[2026-02-20T14:40:11.019+0000] {logging_mixin.py:188} INFO - [2026-02-20T14:40:11.019+0000] {dag.py:3947} INFO - Setting next_dagrun for load_cb_courses to 2026-02-20 00:00:00+00:00, run_after=2026-02-21 00:00:00+00:00
[2026-02-20T14:40:11.041+0000] {processor.py:183} INFO - Processing /opt/airflow/dags/load_cb_courses.py took 0.586 seconds
[2026-02-20T14:40:41.413+0000] {processor.py:161} INFO - Started process (PID=4693) to work on /opt/airflow/dags/load_cb_courses.py
[2026-02-20T14:40:41.415+0000] {processor.py:830} INFO - Processing file /opt/airflow/dags/load_cb_courses.py for tasks to queue
[2026-02-20T14:40:41.417+0000] {logging_mixin.py:188} INFO - [2026-02-20T14:40:41.416+0000] {dagbag.py:545} INFO - Filling up the DagBag from /opt/airflow/dags/load_cb_courses.py
[2026-02-20T14:40:42.555+0000] {processor.py:840} INFO - DAG(s) 'load_cb_courses' retrieved from /opt/airflow/dags/load_cb_courses.py
[2026-02-20T14:40:42.642+0000] {logging_mixin.py:188} INFO - [2026-02-20T14:40:42.641+0000] {dag.py:3089} INFO - Sync 1 DAGs
[2026-02-20T14:40:42.706+0000] {logging_mixin.py:188} INFO - [2026-02-20T14:40:42.706+0000] {dag.py:3947} INFO - Setting next_dagrun for load_cb_courses to 2026-02-20 00:00:00+00:00, run_after=2026-02-21 00:00:00+00:00
[2026-02-20T14:40:42.754+0000] {processor.py:183} INFO - Processing /opt/airflow/dags/load_cb_courses.py took 1.349 seconds
[2026-02-20T14:41:13.537+0000] {processor.py:161} INFO - Started process (PID=4713) to work on /opt/airflow/dags/load_cb_courses.py
[2026-02-20T14:41:13.540+0000] {processor.py:830} INFO - Processing file /opt/airflow/dags/load_cb_courses.py for tasks to queue
[2026-02-20T14:41:13.542+0000] {logging_mixin.py:188} INFO - [2026-02-20T14:41:13.542+0000] {dagbag.py:545} INFO - Filling up the DagBag from /opt/airflow/dags/load_cb_courses.py
[2026-02-20T14:41:14.182+0000] {processor.py:840} INFO - DAG(s) 'load_cb_courses' retrieved from /opt/airflow/dags/load_cb_courses.py
[2026-02-20T14:41:14.207+0000] {logging_mixin.py:188} INFO - [2026-02-20T14:41:14.207+0000] {dag.py:3089} INFO - Sync 1 DAGs
[2026-02-20T14:41:14.230+0000] {logging_mixin.py:188} INFO - [2026-02-20T14:41:14.230+0000] {dag.py:3947} INFO - Setting next_dagrun for load_cb_courses to 2026-02-20 00:00:00+00:00, run_after=2026-02-21 00:00:00+00:00
[2026-02-20T14:41:14.258+0000] {processor.py:183} INFO - Processing /opt/airflow/dags/load_cb_courses.py took 0.731 seconds
[2026-02-20T14:41:44.885+0000] {processor.py:161} INFO - Started process (PID=4739) to work on /opt/airflow/dags/load_cb_courses.py
[2026-02-20T14:41:44.888+0000] {processor.py:830} INFO - Processing file /opt/airflow/dags/load_cb_courses.py for tasks to queue
[2026-02-20T14:41:44.891+0000] {logging_mixin.py:188} INFO - [2026-02-20T14:41:44.891+0000] {dagbag.py:545} INFO - Filling up the DagBag from /opt/airflow/dags/load_cb_courses.py
[2026-02-20T14:41:45.444+0000] {processor.py:840} INFO - DAG(s) 'load_cb_courses' retrieved from /opt/airflow/dags/load_cb_courses.py
[2026-02-20T14:41:45.469+0000] {logging_mixin.py:188} INFO - [2026-02-20T14:41:45.468+0000] {dag.py:3089} INFO - Sync 1 DAGs
[2026-02-20T14:41:45.493+0000] {logging_mixin.py:188} INFO - [2026-02-20T14:41:45.493+0000] {dag.py:3947} INFO - Setting next_dagrun for load_cb_courses to 2026-02-20 00:00:00+00:00, run_after=2026-02-21 00:00:00+00:00
[2026-02-20T14:41:45.517+0000] {processor.py:183} INFO - Processing /opt/airflow/dags/load_cb_courses.py took 0.641 seconds
[2026-02-20T14:42:15.970+0000] {processor.py:161} INFO - Started process (PID=4759) to work on /opt/airflow/dags/load_cb_courses.py
[2026-02-20T14:42:15.973+0000] {processor.py:830} INFO - Processing file /opt/airflow/dags/load_cb_courses.py for tasks to queue
[2026-02-20T14:42:15.975+0000] {logging_mixin.py:188} INFO - [2026-02-20T14:42:15.974+0000] {dagbag.py:545} INFO - Filling up the DagBag from /opt/airflow/dags/load_cb_courses.py
[2026-02-20T14:42:16.540+0000] {processor.py:840} INFO - DAG(s) 'load_cb_courses' retrieved from /opt/airflow/dags/load_cb_courses.py
[2026-02-20T14:42:16.564+0000] {logging_mixin.py:188} INFO - [2026-02-20T14:42:16.564+0000] {dag.py:3089} INFO - Sync 1 DAGs
[2026-02-20T14:42:16.587+0000] {logging_mixin.py:188} INFO - [2026-02-20T14:42:16.586+0000] {dag.py:3947} INFO - Setting next_dagrun for load_cb_courses to 2026-02-20 00:00:00+00:00, run_after=2026-02-21 00:00:00+00:00
[2026-02-20T14:42:16.610+0000] {processor.py:183} INFO - Processing /opt/airflow/dags/load_cb_courses.py took 0.659 seconds
[2026-02-20T14:42:46.974+0000] {processor.py:161} INFO - Started process (PID=4786) to work on /opt/airflow/dags/load_cb_courses.py
[2026-02-20T14:42:46.977+0000] {processor.py:830} INFO - Processing file /opt/airflow/dags/load_cb_courses.py for tasks to queue
[2026-02-20T14:42:46.979+0000] {logging_mixin.py:188} INFO - [2026-02-20T14:42:46.978+0000] {dagbag.py:545} INFO - Filling up the DagBag from /opt/airflow/dags/load_cb_courses.py
[2026-02-20T14:42:47.757+0000] {processor.py:840} INFO - DAG(s) 'load_cb_courses' retrieved from /opt/airflow/dags/load_cb_courses.py
[2026-02-20T14:42:47.789+0000] {logging_mixin.py:188} INFO - [2026-02-20T14:42:47.789+0000] {dag.py:3089} INFO - Sync 1 DAGs
[2026-02-20T14:42:47.833+0000] {logging_mixin.py:188} INFO - [2026-02-20T14:42:47.833+0000] {dag.py:3947} INFO - Setting next_dagrun for load_cb_courses to 2026-02-20 00:00:00+00:00, run_after=2026-02-21 00:00:00+00:00
[2026-02-20T14:42:47.866+0000] {processor.py:183} INFO - Processing /opt/airflow/dags/load_cb_courses.py took 0.902 seconds
[2026-02-20T14:43:18.520+0000] {processor.py:161} INFO - Started process (PID=4806) to work on /opt/airflow/dags/load_cb_courses.py
[2026-02-20T14:43:18.523+0000] {processor.py:830} INFO - Processing file /opt/airflow/dags/load_cb_courses.py for tasks to queue
[2026-02-20T14:43:18.525+0000] {logging_mixin.py:188} INFO - [2026-02-20T14:43:18.525+0000] {dagbag.py:545} INFO - Filling up the DagBag from /opt/airflow/dags/load_cb_courses.py
[2026-02-20T14:43:19.105+0000] {processor.py:840} INFO - DAG(s) 'load_cb_courses' retrieved from /opt/airflow/dags/load_cb_courses.py
[2026-02-20T14:43:19.131+0000] {logging_mixin.py:188} INFO - [2026-02-20T14:43:19.130+0000] {dag.py:3089} INFO - Sync 1 DAGs
[2026-02-20T14:43:19.157+0000] {logging_mixin.py:188} INFO - [2026-02-20T14:43:19.157+0000] {dag.py:3947} INFO - Setting next_dagrun for load_cb_courses to 2026-02-20 00:00:00+00:00, run_after=2026-02-21 00:00:00+00:00
[2026-02-20T14:43:19.183+0000] {processor.py:183} INFO - Processing /opt/airflow/dags/load_cb_courses.py took 0.671 seconds
[2026-02-20T14:43:49.273+0000] {processor.py:161} INFO - Started process (PID=4834) to work on /opt/airflow/dags/load_cb_courses.py
[2026-02-20T14:43:49.275+0000] {processor.py:830} INFO - Processing file /opt/airflow/dags/load_cb_courses.py for tasks to queue
[2026-02-20T14:43:49.277+0000] {logging_mixin.py:188} INFO - [2026-02-20T14:43:49.276+0000] {dagbag.py:545} INFO - Filling up the DagBag from /opt/airflow/dags/load_cb_courses.py
[2026-02-20T14:43:50.723+0000] {processor.py:840} INFO - DAG(s) 'load_cb_courses' retrieved from /opt/airflow/dags/load_cb_courses.py
[2026-02-20T14:43:50.748+0000] {logging_mixin.py:188} INFO - [2026-02-20T14:43:50.748+0000] {dag.py:3089} INFO - Sync 1 DAGs
[2026-02-20T14:43:50.772+0000] {logging_mixin.py:188} INFO - [2026-02-20T14:43:50.772+0000] {dag.py:3947} INFO - Setting next_dagrun for load_cb_courses to 2026-02-20 00:00:00+00:00, run_after=2026-02-21 00:00:00+00:00
[2026-02-20T14:43:50.799+0000] {processor.py:183} INFO - Processing /opt/airflow/dags/load_cb_courses.py took 1.535 seconds
[2026-02-20T14:44:21.394+0000] {processor.py:161} INFO - Started process (PID=4853) to work on /opt/airflow/dags/load_cb_courses.py
[2026-02-20T14:44:21.396+0000] {processor.py:830} INFO - Processing file /opt/airflow/dags/load_cb_courses.py for tasks to queue
[2026-02-20T14:44:21.398+0000] {logging_mixin.py:188} INFO - [2026-02-20T14:44:21.398+0000] {dagbag.py:545} INFO - Filling up the DagBag from /opt/airflow/dags/load_cb_courses.py
[2026-02-20T14:44:22.129+0000] {processor.py:840} INFO - DAG(s) 'load_cb_courses' retrieved from /opt/airflow/dags/load_cb_courses.py
[2026-02-20T14:44:22.155+0000] {logging_mixin.py:188} INFO - [2026-02-20T14:44:22.155+0000] {dag.py:3089} INFO - Sync 1 DAGs
[2026-02-20T14:44:22.180+0000] {logging_mixin.py:188} INFO - [2026-02-20T14:44:22.179+0000] {dag.py:3947} INFO - Setting next_dagrun for load_cb_courses to 2026-02-20 00:00:00+00:00, run_after=2026-02-21 00:00:00+00:00
[2026-02-20T14:44:22.203+0000] {processor.py:183} INFO - Processing /opt/airflow/dags/load_cb_courses.py took 0.820 seconds
[2026-02-20T14:44:52.848+0000] {processor.py:161} INFO - Started process (PID=4880) to work on /opt/airflow/dags/load_cb_courses.py
[2026-02-20T14:44:52.849+0000] {processor.py:830} INFO - Processing file /opt/airflow/dags/load_cb_courses.py for tasks to queue
[2026-02-20T14:44:52.851+0000] {logging_mixin.py:188} INFO - [2026-02-20T14:44:52.851+0000] {dagbag.py:545} INFO - Filling up the DagBag from /opt/airflow/dags/load_cb_courses.py
[2026-02-20T14:44:53.508+0000] {processor.py:840} INFO - DAG(s) 'load_cb_courses' retrieved from /opt/airflow/dags/load_cb_courses.py
[2026-02-20T14:44:53.588+0000] {logging_mixin.py:188} INFO - [2026-02-20T14:44:53.587+0000] {dag.py:3089} INFO - Sync 1 DAGs
[2026-02-20T14:44:53.660+0000] {logging_mixin.py:188} INFO - [2026-02-20T14:44:53.659+0000] {dag.py:3947} INFO - Setting next_dagrun for load_cb_courses to 2026-02-20 00:00:00+00:00, run_after=2026-02-21 00:00:00+00:00
[2026-02-20T14:44:53.729+0000] {processor.py:183} INFO - Processing /opt/airflow/dags/load_cb_courses.py took 0.890 seconds
[2026-02-20T14:45:24.560+0000] {processor.py:161} INFO - Started process (PID=4906) to work on /opt/airflow/dags/load_cb_courses.py
[2026-02-20T14:45:24.562+0000] {processor.py:830} INFO - Processing file /opt/airflow/dags/load_cb_courses.py for tasks to queue
[2026-02-20T14:45:24.563+0000] {logging_mixin.py:188} INFO - [2026-02-20T14:45:24.563+0000] {dagbag.py:545} INFO - Filling up the DagBag from /opt/airflow/dags/load_cb_courses.py
[2026-02-20T14:45:25.116+0000] {processor.py:840} INFO - DAG(s) 'load_cb_courses' retrieved from /opt/airflow/dags/load_cb_courses.py
[2026-02-20T14:45:25.143+0000] {logging_mixin.py:188} INFO - [2026-02-20T14:45:25.142+0000] {dag.py:3089} INFO - Sync 1 DAGs
[2026-02-20T14:45:25.170+0000] {logging_mixin.py:188} INFO - [2026-02-20T14:45:25.169+0000] {dag.py:3947} INFO - Setting next_dagrun for load_cb_courses to 2026-02-20 00:00:00+00:00, run_after=2026-02-21 00:00:00+00:00
[2026-02-20T14:45:25.195+0000] {processor.py:183} INFO - Processing /opt/airflow/dags/load_cb_courses.py took 0.643 seconds
[2026-02-20T14:45:55.356+0000] {processor.py:161} INFO - Started process (PID=4937) to work on /opt/airflow/dags/load_cb_courses.py
[2026-02-20T14:45:55.359+0000] {processor.py:830} INFO - Processing file /opt/airflow/dags/load_cb_courses.py for tasks to queue
[2026-02-20T14:45:55.363+0000] {logging_mixin.py:188} INFO - [2026-02-20T14:45:55.361+0000] {dagbag.py:545} INFO - Filling up the DagBag from /opt/airflow/dags/load_cb_courses.py
[2026-02-20T14:45:56.766+0000] {processor.py:840} INFO - DAG(s) 'load_cb_courses' retrieved from /opt/airflow/dags/load_cb_courses.py
[2026-02-20T14:45:56.796+0000] {logging_mixin.py:188} INFO - [2026-02-20T14:45:56.796+0000] {dag.py:3089} INFO - Sync 1 DAGs
[2026-02-20T14:45:56.824+0000] {logging_mixin.py:188} INFO - [2026-02-20T14:45:56.823+0000] {dag.py:3947} INFO - Setting next_dagrun for load_cb_courses to 2026-02-20 00:00:00+00:00, run_after=2026-02-21 00:00:00+00:00
[2026-02-20T14:45:56.847+0000] {processor.py:183} INFO - Processing /opt/airflow/dags/load_cb_courses.py took 1.500 seconds
[2026-02-20T14:46:27.613+0000] {processor.py:161} INFO - Started process (PID=4962) to work on /opt/airflow/dags/load_cb_courses.py
[2026-02-20T14:46:27.616+0000] {processor.py:830} INFO - Processing file /opt/airflow/dags/load_cb_courses.py for tasks to queue
[2026-02-20T14:46:27.620+0000] {logging_mixin.py:188} INFO - [2026-02-20T14:46:27.619+0000] {dagbag.py:545} INFO - Filling up the DagBag from /opt/airflow/dags/load_cb_courses.py
[2026-02-20T14:46:28.256+0000] {processor.py:840} INFO - DAG(s) 'load_cb_courses' retrieved from /opt/airflow/dags/load_cb_courses.py
[2026-02-20T14:46:28.280+0000] {logging_mixin.py:188} INFO - [2026-02-20T14:46:28.280+0000] {dag.py:3089} INFO - Sync 1 DAGs
[2026-02-20T14:46:28.303+0000] {logging_mixin.py:188} INFO - [2026-02-20T14:46:28.303+0000] {dag.py:3947} INFO - Setting next_dagrun for load_cb_courses to 2026-02-20 00:00:00+00:00, run_after=2026-02-21 00:00:00+00:00
[2026-02-20T14:46:28.330+0000] {processor.py:183} INFO - Processing /opt/airflow/dags/load_cb_courses.py took 0.726 seconds
[2026-02-20T14:46:59.064+0000] {processor.py:161} INFO - Started process (PID=4993) to work on /opt/airflow/dags/load_cb_courses.py
[2026-02-20T14:46:59.065+0000] {processor.py:830} INFO - Processing file /opt/airflow/dags/load_cb_courses.py for tasks to queue
[2026-02-20T14:46:59.067+0000] {logging_mixin.py:188} INFO - [2026-02-20T14:46:59.067+0000] {dagbag.py:545} INFO - Filling up the DagBag from /opt/airflow/dags/load_cb_courses.py
[2026-02-20T14:46:59.673+0000] {processor.py:840} INFO - DAG(s) 'load_cb_courses' retrieved from /opt/airflow/dags/load_cb_courses.py
[2026-02-20T14:46:59.698+0000] {logging_mixin.py:188} INFO - [2026-02-20T14:46:59.698+0000] {dag.py:3089} INFO - Sync 1 DAGs
[2026-02-20T14:46:59.722+0000] {logging_mixin.py:188} INFO - [2026-02-20T14:46:59.722+0000] {dag.py:3947} INFO - Setting next_dagrun for load_cb_courses to 2026-02-20 00:00:00+00:00, run_after=2026-02-21 00:00:00+00:00
[2026-02-20T14:46:59.745+0000] {processor.py:183} INFO - Processing /opt/airflow/dags/load_cb_courses.py took 0.689 seconds
[2026-02-20T14:47:30.474+0000] {processor.py:161} INFO - Started process (PID=5018) to work on /opt/airflow/dags/load_cb_courses.py
[2026-02-20T14:47:30.475+0000] {processor.py:830} INFO - Processing file /opt/airflow/dags/load_cb_courses.py for tasks to queue
[2026-02-20T14:47:30.476+0000] {logging_mixin.py:188} INFO - [2026-02-20T14:47:30.476+0000] {dagbag.py:545} INFO - Filling up the DagBag from /opt/airflow/dags/load_cb_courses.py
[2026-02-20T14:47:31.065+0000] {processor.py:840} INFO - DAG(s) 'load_cb_courses' retrieved from /opt/airflow/dags/load_cb_courses.py
[2026-02-20T14:47:31.090+0000] {logging_mixin.py:188} INFO - [2026-02-20T14:47:31.090+0000] {dag.py:3089} INFO - Sync 1 DAGs
[2026-02-20T14:47:31.114+0000] {logging_mixin.py:188} INFO - [2026-02-20T14:47:31.114+0000] {dag.py:3947} INFO - Setting next_dagrun for load_cb_courses to 2026-02-20 00:00:00+00:00, run_after=2026-02-21 00:00:00+00:00
[2026-02-20T14:47:31.138+0000] {processor.py:183} INFO - Processing /opt/airflow/dags/load_cb_courses.py took 0.671 seconds
[2026-02-20T14:48:01.897+0000] {processor.py:161} INFO - Started process (PID=5050) to work on /opt/airflow/dags/load_cb_courses.py
[2026-02-20T14:48:01.899+0000] {processor.py:830} INFO - Processing file /opt/airflow/dags/load_cb_courses.py for tasks to queue
[2026-02-20T14:48:01.900+0000] {logging_mixin.py:188} INFO - [2026-02-20T14:48:01.900+0000] {dagbag.py:545} INFO - Filling up the DagBag from /opt/airflow/dags/load_cb_courses.py
[2026-02-20T14:48:02.502+0000] {processor.py:840} INFO - DAG(s) 'load_cb_courses' retrieved from /opt/airflow/dags/load_cb_courses.py
[2026-02-20T14:48:02.530+0000] {logging_mixin.py:188} INFO - [2026-02-20T14:48:02.529+0000] {dag.py:3089} INFO - Sync 1 DAGs
[2026-02-20T14:48:02.558+0000] {logging_mixin.py:188} INFO - [2026-02-20T14:48:02.558+0000] {dag.py:3947} INFO - Setting next_dagrun for load_cb_courses to 2026-02-20 00:00:00+00:00, run_after=2026-02-21 00:00:00+00:00
[2026-02-20T14:48:02.588+0000] {processor.py:183} INFO - Processing /opt/airflow/dags/load_cb_courses.py took 0.698 seconds
[2026-02-20T14:48:33.353+0000] {processor.py:161} INFO - Started process (PID=5075) to work on /opt/airflow/dags/load_cb_courses.py
[2026-02-20T14:48:33.355+0000] {processor.py:830} INFO - Processing file /opt/airflow/dags/load_cb_courses.py for tasks to queue
[2026-02-20T14:48:33.359+0000] {logging_mixin.py:188} INFO - [2026-02-20T14:48:33.357+0000] {dagbag.py:545} INFO - Filling up the DagBag from /opt/airflow/dags/load_cb_courses.py
[2026-02-20T14:48:33.963+0000] {processor.py:840} INFO - DAG(s) 'load_cb_courses' retrieved from /opt/airflow/dags/load_cb_courses.py
[2026-02-20T14:48:34.013+0000] {logging_mixin.py:188} INFO - [2026-02-20T14:48:34.012+0000] {dag.py:3089} INFO - Sync 1 DAGs
[2026-02-20T14:48:34.048+0000] {logging_mixin.py:188} INFO - [2026-02-20T14:48:34.047+0000] {dag.py:3947} INFO - Setting next_dagrun for load_cb_courses to 2026-02-20 00:00:00+00:00, run_after=2026-02-21 00:00:00+00:00
[2026-02-20T14:48:34.090+0000] {processor.py:183} INFO - Processing /opt/airflow/dags/load_cb_courses.py took 0.749 seconds
[2026-02-20T14:49:04.271+0000] {processor.py:161} INFO - Started process (PID=5148) to work on /opt/airflow/dags/load_cb_courses.py
[2026-02-20T14:49:04.273+0000] {processor.py:830} INFO - Processing file /opt/airflow/dags/load_cb_courses.py for tasks to queue
[2026-02-20T14:49:04.276+0000] {logging_mixin.py:188} INFO - [2026-02-20T14:49:04.275+0000] {dagbag.py:545} INFO - Filling up the DagBag from /opt/airflow/dags/load_cb_courses.py
[2026-02-20T14:49:04.922+0000] {processor.py:840} INFO - DAG(s) 'load_cb_courses' retrieved from /opt/airflow/dags/load_cb_courses.py
[2026-02-20T14:49:04.948+0000] {logging_mixin.py:188} INFO - [2026-02-20T14:49:04.947+0000] {dag.py:3089} INFO - Sync 1 DAGs
[2026-02-20T14:49:04.971+0000] {logging_mixin.py:188} INFO - [2026-02-20T14:49:04.970+0000] {dag.py:3947} INFO - Setting next_dagrun for load_cb_courses to 2026-02-20 00:00:00+00:00, run_after=2026-02-21 00:00:00+00:00
[2026-02-20T14:49:05.004+0000] {processor.py:183} INFO - Processing /opt/airflow/dags/load_cb_courses.py took 0.747 seconds
[2026-02-20T14:49:35.710+0000] {processor.py:161} INFO - Started process (PID=5174) to work on /opt/airflow/dags/load_cb_courses.py
[2026-02-20T14:49:35.711+0000] {processor.py:830} INFO - Processing file /opt/airflow/dags/load_cb_courses.py for tasks to queue
[2026-02-20T14:49:35.713+0000] {logging_mixin.py:188} INFO - [2026-02-20T14:49:35.712+0000] {dagbag.py:545} INFO - Filling up the DagBag from /opt/airflow/dags/load_cb_courses.py
[2026-02-20T14:49:36.344+0000] {processor.py:840} INFO - DAG(s) 'load_cb_courses' retrieved from /opt/airflow/dags/load_cb_courses.py
[2026-02-20T14:49:36.381+0000] {logging_mixin.py:188} INFO - [2026-02-20T14:49:36.381+0000] {dag.py:3089} INFO - Sync 1 DAGs
[2026-02-20T14:49:36.411+0000] {logging_mixin.py:188} INFO - [2026-02-20T14:49:36.411+0000] {dag.py:3947} INFO - Setting next_dagrun for load_cb_courses to 2026-02-20 00:00:00+00:00, run_after=2026-02-21 00:00:00+00:00
[2026-02-20T14:49:36.447+0000] {processor.py:183} INFO - Processing /opt/airflow/dags/load_cb_courses.py took 0.745 seconds
[2026-02-20T14:50:07.253+0000] {processor.py:161} INFO - Started process (PID=5241) to work on /opt/airflow/dags/load_cb_courses.py
[2026-02-20T14:50:07.255+0000] {processor.py:830} INFO - Processing file /opt/airflow/dags/load_cb_courses.py for tasks to queue
[2026-02-20T14:50:07.256+0000] {logging_mixin.py:188} INFO - [2026-02-20T14:50:07.256+0000] {dagbag.py:545} INFO - Filling up the DagBag from /opt/airflow/dags/load_cb_courses.py
[2026-02-20T14:50:07.927+0000] {processor.py:840} INFO - DAG(s) 'load_cb_courses' retrieved from /opt/airflow/dags/load_cb_courses.py
[2026-02-20T14:50:07.966+0000] {logging_mixin.py:188} INFO - [2026-02-20T14:50:07.965+0000] {dag.py:3089} INFO - Sync 1 DAGs
[2026-02-20T14:50:07.996+0000] {logging_mixin.py:188} INFO - [2026-02-20T14:50:07.996+0000] {dag.py:3947} INFO - Setting next_dagrun for load_cb_courses to 2026-02-20 00:00:00+00:00, run_after=2026-02-21 00:00:00+00:00
[2026-02-20T14:50:08.029+0000] {processor.py:183} INFO - Processing /opt/airflow/dags/load_cb_courses.py took 0.783 seconds
[2026-02-20T14:50:38.732+0000] {processor.py:161} INFO - Started process (PID=5266) to work on /opt/airflow/dags/load_cb_courses.py
[2026-02-20T14:50:38.734+0000] {processor.py:830} INFO - Processing file /opt/airflow/dags/load_cb_courses.py for tasks to queue
[2026-02-20T14:50:38.735+0000] {logging_mixin.py:188} INFO - [2026-02-20T14:50:38.735+0000] {dagbag.py:545} INFO - Filling up the DagBag from /opt/airflow/dags/load_cb_courses.py
[2026-02-20T14:50:39.281+0000] {processor.py:840} INFO - DAG(s) 'load_cb_courses' retrieved from /opt/airflow/dags/load_cb_courses.py
[2026-02-20T14:50:39.306+0000] {logging_mixin.py:188} INFO - [2026-02-20T14:50:39.305+0000] {dag.py:3089} INFO - Sync 1 DAGs
[2026-02-20T14:50:39.332+0000] {logging_mixin.py:188} INFO - [2026-02-20T14:50:39.332+0000] {dag.py:3947} INFO - Setting next_dagrun for load_cb_courses to 2026-02-20 00:00:00+00:00, run_after=2026-02-21 00:00:00+00:00
[2026-02-20T14:50:39.359+0000] {processor.py:183} INFO - Processing /opt/airflow/dags/load_cb_courses.py took 0.634 seconds
[2026-02-20T14:51:10.078+0000] {processor.py:161} INFO - Started process (PID=5299) to work on /opt/airflow/dags/load_cb_courses.py
[2026-02-20T14:51:10.080+0000] {processor.py:830} INFO - Processing file /opt/airflow/dags/load_cb_courses.py for tasks to queue
[2026-02-20T14:51:10.082+0000] {logging_mixin.py:188} INFO - [2026-02-20T14:51:10.081+0000] {dagbag.py:545} INFO - Filling up the DagBag from /opt/airflow/dags/load_cb_courses.py
[2026-02-20T14:51:10.636+0000] {processor.py:840} INFO - DAG(s) 'load_cb_courses' retrieved from /opt/airflow/dags/load_cb_courses.py
[2026-02-20T14:51:10.662+0000] {logging_mixin.py:188} INFO - [2026-02-20T14:51:10.661+0000] {dag.py:3089} INFO - Sync 1 DAGs
[2026-02-20T14:51:10.683+0000] {logging_mixin.py:188} INFO - [2026-02-20T14:51:10.683+0000] {dag.py:3947} INFO - Setting next_dagrun for load_cb_courses to 2026-02-20 00:00:00+00:00, run_after=2026-02-21 00:00:00+00:00
[2026-02-20T14:51:10.722+0000] {processor.py:183} INFO - Processing /opt/airflow/dags/load_cb_courses.py took 0.654 seconds
[2026-02-20T14:51:41.704+0000] {processor.py:161} INFO - Started process (PID=5323) to work on /opt/airflow/dags/load_cb_courses.py
[2026-02-20T14:51:41.705+0000] {processor.py:830} INFO - Processing file /opt/airflow/dags/load_cb_courses.py for tasks to queue
[2026-02-20T14:51:41.707+0000] {logging_mixin.py:188} INFO - [2026-02-20T14:51:41.707+0000] {dagbag.py:545} INFO - Filling up the DagBag from /opt/airflow/dags/load_cb_courses.py
[2026-02-20T14:51:42.442+0000] {processor.py:840} INFO - DAG(s) 'load_cb_courses' retrieved from /opt/airflow/dags/load_cb_courses.py
[2026-02-20T14:51:42.473+0000] {logging_mixin.py:188} INFO - [2026-02-20T14:51:42.473+0000] {dag.py:3089} INFO - Sync 1 DAGs
[2026-02-20T14:51:42.506+0000] {logging_mixin.py:188} INFO - [2026-02-20T14:51:42.505+0000] {dag.py:3947} INFO - Setting next_dagrun for load_cb_courses to 2026-02-20 00:00:00+00:00, run_after=2026-02-21 00:00:00+00:00
[2026-02-20T14:51:42.537+0000] {processor.py:183} INFO - Processing /opt/airflow/dags/load_cb_courses.py took 0.842 seconds
[2026-02-20T14:52:12.822+0000] {processor.py:161} INFO - Started process (PID=5355) to work on /opt/airflow/dags/load_cb_courses.py
[2026-02-20T14:52:12.823+0000] {processor.py:830} INFO - Processing file /opt/airflow/dags/load_cb_courses.py for tasks to queue
[2026-02-20T14:52:12.825+0000] {logging_mixin.py:188} INFO - [2026-02-20T14:52:12.824+0000] {dagbag.py:545} INFO - Filling up the DagBag from /opt/airflow/dags/load_cb_courses.py
[2026-02-20T14:52:13.395+0000] {processor.py:840} INFO - DAG(s) 'load_cb_courses' retrieved from /opt/airflow/dags/load_cb_courses.py
[2026-02-20T14:52:13.420+0000] {logging_mixin.py:188} INFO - [2026-02-20T14:52:13.420+0000] {dag.py:3089} INFO - Sync 1 DAGs
[2026-02-20T14:52:13.450+0000] {logging_mixin.py:188} INFO - [2026-02-20T14:52:13.449+0000] {dag.py:3947} INFO - Setting next_dagrun for load_cb_courses to 2026-02-20 00:00:00+00:00, run_after=2026-02-21 00:00:00+00:00
[2026-02-20T14:52:13.476+0000] {processor.py:183} INFO - Processing /opt/airflow/dags/load_cb_courses.py took 0.661 seconds
[2026-02-20T14:52:44.491+0000] {processor.py:161} INFO - Started process (PID=5387) to work on /opt/airflow/dags/load_cb_courses.py
[2026-02-20T14:52:44.493+0000] {processor.py:830} INFO - Processing file /opt/airflow/dags/load_cb_courses.py for tasks to queue
[2026-02-20T14:52:44.495+0000] {logging_mixin.py:188} INFO - [2026-02-20T14:52:44.494+0000] {dagbag.py:545} INFO - Filling up the DagBag from /opt/airflow/dags/load_cb_courses.py
[2026-02-20T14:52:45.218+0000] {processor.py:840} INFO - DAG(s) 'load_cb_courses' retrieved from /opt/airflow/dags/load_cb_courses.py
[2026-02-20T14:52:45.255+0000] {logging_mixin.py:188} INFO - [2026-02-20T14:52:45.255+0000] {dag.py:3089} INFO - Sync 1 DAGs
[2026-02-20T14:52:45.291+0000] {logging_mixin.py:188} INFO - [2026-02-20T14:52:45.291+0000] {dag.py:3947} INFO - Setting next_dagrun for load_cb_courses to 2026-02-20 00:00:00+00:00, run_after=2026-02-21 00:00:00+00:00
[2026-02-20T14:52:45.321+0000] {processor.py:183} INFO - Processing /opt/airflow/dags/load_cb_courses.py took 0.847 seconds
[2026-02-20T14:53:16.058+0000] {processor.py:161} INFO - Started process (PID=5412) to work on /opt/airflow/dags/load_cb_courses.py
[2026-02-20T14:53:16.060+0000] {processor.py:830} INFO - Processing file /opt/airflow/dags/load_cb_courses.py for tasks to queue
[2026-02-20T14:53:16.062+0000] {logging_mixin.py:188} INFO - [2026-02-20T14:53:16.062+0000] {dagbag.py:545} INFO - Filling up the DagBag from /opt/airflow/dags/load_cb_courses.py
[2026-02-20T14:53:16.703+0000] {processor.py:840} INFO - DAG(s) 'load_cb_courses' retrieved from /opt/airflow/dags/load_cb_courses.py
[2026-02-20T14:53:16.734+0000] {logging_mixin.py:188} INFO - [2026-02-20T14:53:16.734+0000] {dag.py:3089} INFO - Sync 1 DAGs
[2026-02-20T14:53:16.762+0000] {logging_mixin.py:188} INFO - [2026-02-20T14:53:16.762+0000] {dag.py:3947} INFO - Setting next_dagrun for load_cb_courses to 2026-02-20 00:00:00+00:00, run_after=2026-02-21 00:00:00+00:00
[2026-02-20T14:53:16.791+0000] {processor.py:183} INFO - Processing /opt/airflow/dags/load_cb_courses.py took 0.743 seconds
[2026-02-20T14:53:47.765+0000] {processor.py:161} INFO - Started process (PID=5443) to work on /opt/airflow/dags/load_cb_courses.py
[2026-02-20T14:53:47.767+0000] {processor.py:830} INFO - Processing file /opt/airflow/dags/load_cb_courses.py for tasks to queue
[2026-02-20T14:53:47.770+0000] {logging_mixin.py:188} INFO - [2026-02-20T14:53:47.769+0000] {dagbag.py:545} INFO - Filling up the DagBag from /opt/airflow/dags/load_cb_courses.py
[2026-02-20T14:53:48.516+0000] {processor.py:840} INFO - DAG(s) 'load_cb_courses' retrieved from /opt/airflow/dags/load_cb_courses.py
[2026-02-20T14:53:48.553+0000] {logging_mixin.py:188} INFO - [2026-02-20T14:53:48.552+0000] {dag.py:3089} INFO - Sync 1 DAGs
[2026-02-20T14:53:48.585+0000] {logging_mixin.py:188} INFO - [2026-02-20T14:53:48.585+0000] {dag.py:3947} INFO - Setting next_dagrun for load_cb_courses to 2026-02-20 00:00:00+00:00, run_after=2026-02-21 00:00:00+00:00
[2026-02-20T14:53:48.623+0000] {processor.py:183} INFO - Processing /opt/airflow/dags/load_cb_courses.py took 0.869 seconds
[2026-02-20T14:54:19.321+0000] {processor.py:161} INFO - Started process (PID=5468) to work on /opt/airflow/dags/load_cb_courses.py
[2026-02-20T14:54:19.323+0000] {processor.py:830} INFO - Processing file /opt/airflow/dags/load_cb_courses.py for tasks to queue
[2026-02-20T14:54:19.326+0000] {logging_mixin.py:188} INFO - [2026-02-20T14:54:19.325+0000] {dagbag.py:545} INFO - Filling up the DagBag from /opt/airflow/dags/load_cb_courses.py
[2026-02-20T14:54:19.861+0000] {processor.py:840} INFO - DAG(s) 'load_cb_courses' retrieved from /opt/airflow/dags/load_cb_courses.py
[2026-02-20T14:54:19.886+0000] {logging_mixin.py:188} INFO - [2026-02-20T14:54:19.886+0000] {dag.py:3089} INFO - Sync 1 DAGs
[2026-02-20T14:54:19.910+0000] {logging_mixin.py:188} INFO - [2026-02-20T14:54:19.910+0000] {dag.py:3947} INFO - Setting next_dagrun for load_cb_courses to 2026-02-20 00:00:00+00:00, run_after=2026-02-21 00:00:00+00:00
[2026-02-20T14:54:19.937+0000] {processor.py:183} INFO - Processing /opt/airflow/dags/load_cb_courses.py took 0.623 seconds
[2026-02-20T14:54:50.694+0000] {processor.py:161} INFO - Started process (PID=5498) to work on /opt/airflow/dags/load_cb_courses.py
[2026-02-20T14:54:50.697+0000] {processor.py:830} INFO - Processing file /opt/airflow/dags/load_cb_courses.py for tasks to queue
[2026-02-20T14:54:50.699+0000] {logging_mixin.py:188} INFO - [2026-02-20T14:54:50.698+0000] {dagbag.py:545} INFO - Filling up the DagBag from /opt/airflow/dags/load_cb_courses.py
[2026-02-20T14:54:51.242+0000] {processor.py:840} INFO - DAG(s) 'load_cb_courses' retrieved from /opt/airflow/dags/load_cb_courses.py
[2026-02-20T14:54:51.270+0000] {logging_mixin.py:188} INFO - [2026-02-20T14:54:51.270+0000] {dag.py:3089} INFO - Sync 1 DAGs
[2026-02-20T14:54:51.300+0000] {logging_mixin.py:188} INFO - [2026-02-20T14:54:51.300+0000] {dag.py:3947} INFO - Setting next_dagrun for load_cb_courses to 2026-02-20 00:00:00+00:00, run_after=2026-02-21 00:00:00+00:00
[2026-02-20T14:54:51.325+0000] {processor.py:183} INFO - Processing /opt/airflow/dags/load_cb_courses.py took 0.641 seconds
[2026-02-20T14:55:22.139+0000] {processor.py:161} INFO - Started process (PID=5523) to work on /opt/airflow/dags/load_cb_courses.py
[2026-02-20T14:55:22.141+0000] {processor.py:830} INFO - Processing file /opt/airflow/dags/load_cb_courses.py for tasks to queue
[2026-02-20T14:55:22.143+0000] {logging_mixin.py:188} INFO - [2026-02-20T14:55:22.143+0000] {dagbag.py:545} INFO - Filling up the DagBag from /opt/airflow/dags/load_cb_courses.py
[2026-02-20T14:55:22.672+0000] {processor.py:840} INFO - DAG(s) 'load_cb_courses' retrieved from /opt/airflow/dags/load_cb_courses.py
[2026-02-20T14:55:22.695+0000] {logging_mixin.py:188} INFO - [2026-02-20T14:55:22.695+0000] {dag.py:3089} INFO - Sync 1 DAGs
[2026-02-20T14:55:22.717+0000] {logging_mixin.py:188} INFO - [2026-02-20T14:55:22.716+0000] {dag.py:3947} INFO - Setting next_dagrun for load_cb_courses to 2026-02-20 00:00:00+00:00, run_after=2026-02-21 00:00:00+00:00
[2026-02-20T14:55:22.740+0000] {processor.py:183} INFO - Processing /opt/airflow/dags/load_cb_courses.py took 0.607 seconds
[2026-02-20T14:55:53.391+0000] {processor.py:161} INFO - Started process (PID=5555) to work on /opt/airflow/dags/load_cb_courses.py
[2026-02-20T14:55:53.393+0000] {processor.py:830} INFO - Processing file /opt/airflow/dags/load_cb_courses.py for tasks to queue
[2026-02-20T14:55:53.395+0000] {logging_mixin.py:188} INFO - [2026-02-20T14:55:53.394+0000] {dagbag.py:545} INFO - Filling up the DagBag from /opt/airflow/dags/load_cb_courses.py
[2026-02-20T14:55:51.209+0000] {processor.py:840} INFO - DAG(s) 'load_cb_courses' retrieved from /opt/airflow/dags/load_cb_courses.py
[2026-02-20T14:55:51.233+0000] {logging_mixin.py:188} INFO - [2026-02-20T14:55:51.232+0000] {dag.py:3089} INFO - Sync 1 DAGs
[2026-02-20T14:55:51.256+0000] {logging_mixin.py:188} INFO - [2026-02-20T14:55:51.256+0000] {dag.py:3947} INFO - Setting next_dagrun for load_cb_courses to 2026-02-20 00:00:00+00:00, run_after=2026-02-21 00:00:00+00:00
[2026-02-20T14:55:51.277+0000] {processor.py:183} INFO - Processing /opt/airflow/dags/load_cb_courses.py took 0.622 seconds
[2026-02-20T14:56:21.974+0000] {processor.py:161} INFO - Started process (PID=5580) to work on /opt/airflow/dags/load_cb_courses.py
[2026-02-20T14:56:21.976+0000] {processor.py:830} INFO - Processing file /opt/airflow/dags/load_cb_courses.py for tasks to queue
[2026-02-20T14:56:21.978+0000] {logging_mixin.py:188} INFO - [2026-02-20T14:56:21.977+0000] {dagbag.py:545} INFO - Filling up the DagBag from /opt/airflow/dags/load_cb_courses.py
[2026-02-20T14:56:22.769+0000] {processor.py:840} INFO - DAG(s) 'load_cb_courses' retrieved from /opt/airflow/dags/load_cb_courses.py
[2026-02-20T14:56:22.803+0000] {logging_mixin.py:188} INFO - [2026-02-20T14:56:22.802+0000] {dag.py:3089} INFO - Sync 1 DAGs
[2026-02-20T14:56:22.835+0000] {logging_mixin.py:188} INFO - [2026-02-20T14:56:22.835+0000] {dag.py:3947} INFO - Setting next_dagrun for load_cb_courses to 2026-02-20 00:00:00+00:00, run_after=2026-02-21 00:00:00+00:00
[2026-02-20T14:56:22.862+0000] {processor.py:183} INFO - Processing /opt/airflow/dags/load_cb_courses.py took 0.896 seconds
[2026-02-20T14:56:53.687+0000] {processor.py:161} INFO - Started process (PID=5611) to work on /opt/airflow/dags/load_cb_courses.py
[2026-02-20T14:56:53.689+0000] {processor.py:830} INFO - Processing file /opt/airflow/dags/load_cb_courses.py for tasks to queue
[2026-02-20T14:56:53.691+0000] {logging_mixin.py:188} INFO - [2026-02-20T14:56:53.691+0000] {dagbag.py:545} INFO - Filling up the DagBag from /opt/airflow/dags/load_cb_courses.py
[2026-02-20T14:56:54.260+0000] {processor.py:840} INFO - DAG(s) 'load_cb_courses' retrieved from /opt/airflow/dags/load_cb_courses.py
[2026-02-20T14:56:54.296+0000] {logging_mixin.py:188} INFO - [2026-02-20T14:56:54.295+0000] {dag.py:3089} INFO - Sync 1 DAGs
[2026-02-20T14:56:54.323+0000] {logging_mixin.py:188} INFO - [2026-02-20T14:56:54.323+0000] {dag.py:3947} INFO - Setting next_dagrun for load_cb_courses to 2026-02-20 00:00:00+00:00, run_after=2026-02-21 00:00:00+00:00
[2026-02-20T14:56:54.356+0000] {processor.py:183} INFO - Processing /opt/airflow/dags/load_cb_courses.py took 0.677 seconds
[2026-02-20T14:57:25.367+0000] {processor.py:161} INFO - Started process (PID=5635) to work on /opt/airflow/dags/load_cb_courses.py
[2026-02-20T14:57:25.369+0000] {processor.py:830} INFO - Processing file /opt/airflow/dags/load_cb_courses.py for tasks to queue
[2026-02-20T14:57:25.371+0000] {logging_mixin.py:188} INFO - [2026-02-20T14:57:25.371+0000] {dagbag.py:545} INFO - Filling up the DagBag from /opt/airflow/dags/load_cb_courses.py
[2026-02-20T14:57:26.052+0000] {processor.py:840} INFO - DAG(s) 'load_cb_courses' retrieved from /opt/airflow/dags/load_cb_courses.py
[2026-02-20T14:57:26.080+0000] {logging_mixin.py:188} INFO - [2026-02-20T14:57:26.080+0000] {dag.py:3089} INFO - Sync 1 DAGs
[2026-02-20T14:57:26.105+0000] {logging_mixin.py:188} INFO - [2026-02-20T14:57:26.104+0000] {dag.py:3947} INFO - Setting next_dagrun for load_cb_courses to 2026-02-20 00:00:00+00:00, run_after=2026-02-21 00:00:00+00:00
[2026-02-20T14:57:26.134+0000] {processor.py:183} INFO - Processing /opt/airflow/dags/load_cb_courses.py took 0.781 seconds
[2026-02-20T14:57:56.866+0000] {processor.py:161} INFO - Started process (PID=5667) to work on /opt/airflow/dags/load_cb_courses.py
[2026-02-20T14:57:56.868+0000] {processor.py:830} INFO - Processing file /opt/airflow/dags/load_cb_courses.py for tasks to queue
[2026-02-20T14:57:56.870+0000] {logging_mixin.py:188} INFO - [2026-02-20T14:57:56.869+0000] {dagbag.py:545} INFO - Filling up the DagBag from /opt/airflow/dags/load_cb_courses.py
[2026-02-20T14:57:57.488+0000] {processor.py:840} INFO - DAG(s) 'load_cb_courses' retrieved from /opt/airflow/dags/load_cb_courses.py
[2026-02-20T14:57:57.517+0000] {logging_mixin.py:188} INFO - [2026-02-20T14:57:57.516+0000] {dag.py:3089} INFO - Sync 1 DAGs
[2026-02-20T14:57:57.539+0000] {logging_mixin.py:188} INFO - [2026-02-20T14:57:57.539+0000] {dag.py:3947} INFO - Setting next_dagrun for load_cb_courses to 2026-02-20 00:00:00+00:00, run_after=2026-02-21 00:00:00+00:00
[2026-02-20T14:57:57.565+0000] {processor.py:183} INFO - Processing /opt/airflow/dags/load_cb_courses.py took 0.707 seconds
[2026-02-20T14:58:28.281+0000] {processor.py:161} INFO - Started process (PID=5692) to work on /opt/airflow/dags/load_cb_courses.py
[2026-02-20T14:58:28.283+0000] {processor.py:830} INFO - Processing file /opt/airflow/dags/load_cb_courses.py for tasks to queue
[2026-02-20T14:58:28.286+0000] {logging_mixin.py:188} INFO - [2026-02-20T14:58:28.285+0000] {dagbag.py:545} INFO - Filling up the DagBag from /opt/airflow/dags/load_cb_courses.py
[2026-02-20T14:58:28.829+0000] {processor.py:840} INFO - DAG(s) 'load_cb_courses' retrieved from /opt/airflow/dags/load_cb_courses.py
[2026-02-20T14:58:28.852+0000] {logging_mixin.py:188} INFO - [2026-02-20T14:58:28.851+0000] {dag.py:3089} INFO - Sync 1 DAGs
[2026-02-20T14:58:28.875+0000] {logging_mixin.py:188} INFO - [2026-02-20T14:58:28.875+0000] {dag.py:3947} INFO - Setting next_dagrun for load_cb_courses to 2026-02-20 00:00:00+00:00, run_after=2026-02-21 00:00:00+00:00
[2026-02-20T14:58:28.897+0000] {processor.py:183} INFO - Processing /opt/airflow/dags/load_cb_courses.py took 0.624 seconds
[2026-02-20T14:58:59.605+0000] {processor.py:161} INFO - Started process (PID=5723) to work on /opt/airflow/dags/load_cb_courses.py
[2026-02-20T14:58:59.607+0000] {processor.py:830} INFO - Processing file /opt/airflow/dags/load_cb_courses.py for tasks to queue
[2026-02-20T14:58:59.609+0000] {logging_mixin.py:188} INFO - [2026-02-20T14:58:59.609+0000] {dagbag.py:545} INFO - Filling up the DagBag from /opt/airflow/dags/load_cb_courses.py
[2026-02-20T14:59:00.402+0000] {processor.py:840} INFO - DAG(s) 'load_cb_courses' retrieved from /opt/airflow/dags/load_cb_courses.py
[2026-02-20T14:59:00.445+0000] {logging_mixin.py:188} INFO - [2026-02-20T14:59:00.444+0000] {dag.py:3089} INFO - Sync 1 DAGs
[2026-02-20T14:59:00.472+0000] {logging_mixin.py:188} INFO - [2026-02-20T14:59:00.472+0000] {dag.py:3947} INFO - Setting next_dagrun for load_cb_courses to 2026-02-20 00:00:00+00:00, run_after=2026-02-21 00:00:00+00:00
[2026-02-20T14:59:00.502+0000] {processor.py:183} INFO - Processing /opt/airflow/dags/load_cb_courses.py took 0.907 seconds
[2026-02-20T14:59:31.462+0000] {processor.py:161} INFO - Started process (PID=5748) to work on /opt/airflow/dags/load_cb_courses.py
[2026-02-20T14:59:31.463+0000] {processor.py:830} INFO - Processing file /opt/airflow/dags/load_cb_courses.py for tasks to queue
[2026-02-20T14:59:31.465+0000] {logging_mixin.py:188} INFO - [2026-02-20T14:59:31.464+0000] {dagbag.py:545} INFO - Filling up the DagBag from /opt/airflow/dags/load_cb_courses.py
[2026-02-20T14:59:29.307+0000] {processor.py:840} INFO - DAG(s) 'load_cb_courses' retrieved from /opt/airflow/dags/load_cb_courses.py
[2026-02-20T14:59:29.341+0000] {logging_mixin.py:188} INFO - [2026-02-20T14:59:29.340+0000] {dag.py:3089} INFO - Sync 1 DAGs
[2026-02-20T14:59:29.374+0000] {logging_mixin.py:188} INFO - [2026-02-20T14:59:29.373+0000] {dag.py:3947} INFO - Setting next_dagrun for load_cb_courses to 2026-02-20 00:00:00+00:00, run_after=2026-02-21 00:00:00+00:00
[2026-02-20T14:59:29.405+0000] {processor.py:183} INFO - Processing /opt/airflow/dags/load_cb_courses.py took 0.680 seconds
[2026-02-20T15:00:00.123+0000] {processor.py:161} INFO - Started process (PID=5780) to work on /opt/airflow/dags/load_cb_courses.py
[2026-02-20T15:00:00.125+0000] {processor.py:830} INFO - Processing file /opt/airflow/dags/load_cb_courses.py for tasks to queue
[2026-02-20T15:00:00.126+0000] {logging_mixin.py:188} INFO - [2026-02-20T15:00:00.126+0000] {dagbag.py:545} INFO - Filling up the DagBag from /opt/airflow/dags/load_cb_courses.py
[2026-02-20T15:00:00.732+0000] {processor.py:840} INFO - DAG(s) 'load_cb_courses' retrieved from /opt/airflow/dags/load_cb_courses.py
[2026-02-20T15:00:00.763+0000] {logging_mixin.py:188} INFO - [2026-02-20T15:00:00.762+0000] {dag.py:3089} INFO - Sync 1 DAGs
[2026-02-20T15:00:00.790+0000] {logging_mixin.py:188} INFO - [2026-02-20T15:00:00.790+0000] {dag.py:3947} INFO - Setting next_dagrun for load_cb_courses to 2026-02-20 00:00:00+00:00, run_after=2026-02-21 00:00:00+00:00
[2026-02-20T15:00:00.906+0000] {processor.py:183} INFO - Processing /opt/airflow/dags/load_cb_courses.py took 0.794 seconds
[2026-02-20T15:00:31.692+0000] {processor.py:161} INFO - Started process (PID=5805) to work on /opt/airflow/dags/load_cb_courses.py
[2026-02-20T15:00:31.694+0000] {processor.py:830} INFO - Processing file /opt/airflow/dags/load_cb_courses.py for tasks to queue
[2026-02-20T15:00:31.695+0000] {logging_mixin.py:188} INFO - [2026-02-20T15:00:31.695+0000] {dagbag.py:545} INFO - Filling up the DagBag from /opt/airflow/dags/load_cb_courses.py
[2026-02-20T15:00:32.365+0000] {processor.py:840} INFO - DAG(s) 'load_cb_courses' retrieved from /opt/airflow/dags/load_cb_courses.py
[2026-02-20T15:00:32.390+0000] {logging_mixin.py:188} INFO - [2026-02-20T15:00:32.389+0000] {dag.py:3089} INFO - Sync 1 DAGs
[2026-02-20T15:00:32.415+0000] {logging_mixin.py:188} INFO - [2026-02-20T15:00:32.414+0000] {dag.py:3947} INFO - Setting next_dagrun for load_cb_courses to 2026-02-20 00:00:00+00:00, run_after=2026-02-21 00:00:00+00:00
[2026-02-20T15:00:32.438+0000] {processor.py:183} INFO - Processing /opt/airflow/dags/load_cb_courses.py took 0.754 seconds
[2026-02-20T15:01:03.176+0000] {processor.py:161} INFO - Started process (PID=5838) to work on /opt/airflow/dags/load_cb_courses.py
[2026-02-20T15:01:03.178+0000] {processor.py:830} INFO - Processing file /opt/airflow/dags/load_cb_courses.py for tasks to queue
[2026-02-20T15:01:03.180+0000] {logging_mixin.py:188} INFO - [2026-02-20T15:01:03.179+0000] {dagbag.py:545} INFO - Filling up the DagBag from /opt/airflow/dags/load_cb_courses.py
[2026-02-20T15:01:03.820+0000] {processor.py:840} INFO - DAG(s) 'load_cb_courses' retrieved from /opt/airflow/dags/load_cb_courses.py
[2026-02-20T15:01:03.851+0000] {logging_mixin.py:188} INFO - [2026-02-20T15:01:03.850+0000] {dag.py:3089} INFO - Sync 1 DAGs
[2026-02-20T15:01:03.878+0000] {logging_mixin.py:188} INFO - [2026-02-20T15:01:03.878+0000] {dag.py:3947} INFO - Setting next_dagrun for load_cb_courses to 2026-02-20 00:00:00+00:00, run_after=2026-02-21 00:00:00+00:00
[2026-02-20T15:01:03.914+0000] {processor.py:183} INFO - Processing /opt/airflow/dags/load_cb_courses.py took 0.746 seconds
[2026-02-20T15:01:34.926+0000] {processor.py:161} INFO - Started process (PID=5863) to work on /opt/airflow/dags/load_cb_courses.py
[2026-02-20T15:01:34.931+0000] {processor.py:830} INFO - Processing file /opt/airflow/dags/load_cb_courses.py for tasks to queue
[2026-02-20T15:01:34.935+0000] {logging_mixin.py:188} INFO - [2026-02-20T15:01:34.933+0000] {dagbag.py:545} INFO - Filling up the DagBag from /opt/airflow/dags/load_cb_courses.py
[2026-02-20T15:01:35.584+0000] {processor.py:840} INFO - DAG(s) 'load_cb_courses' retrieved from /opt/airflow/dags/load_cb_courses.py
[2026-02-20T15:01:35.610+0000] {logging_mixin.py:188} INFO - [2026-02-20T15:01:35.609+0000] {dag.py:3089} INFO - Sync 1 DAGs
[2026-02-20T15:01:35.643+0000] {logging_mixin.py:188} INFO - [2026-02-20T15:01:35.643+0000] {dag.py:3947} INFO - Setting next_dagrun for load_cb_courses to 2026-02-20 00:00:00+00:00, run_after=2026-02-21 00:00:00+00:00
[2026-02-20T15:01:35.685+0000] {processor.py:183} INFO - Processing /opt/airflow/dags/load_cb_courses.py took 0.775 seconds
[2026-02-20T15:02:06.335+0000] {processor.py:161} INFO - Started process (PID=5895) to work on /opt/airflow/dags/load_cb_courses.py
[2026-02-20T15:02:06.337+0000] {processor.py:830} INFO - Processing file /opt/airflow/dags/load_cb_courses.py for tasks to queue
[2026-02-20T15:02:06.339+0000] {logging_mixin.py:188} INFO - [2026-02-20T15:02:06.339+0000] {dagbag.py:545} INFO - Filling up the DagBag from /opt/airflow/dags/load_cb_courses.py
[2026-02-20T15:02:07.004+0000] {processor.py:840} INFO - DAG(s) 'load_cb_courses' retrieved from /opt/airflow/dags/load_cb_courses.py
[2026-02-20T15:02:07.043+0000] {logging_mixin.py:188} INFO - [2026-02-20T15:02:07.043+0000] {dag.py:3089} INFO - Sync 1 DAGs
[2026-02-20T15:02:07.070+0000] {logging_mixin.py:188} INFO - [2026-02-20T15:02:07.070+0000] {dag.py:3947} INFO - Setting next_dagrun for load_cb_courses to 2026-02-20 00:00:00+00:00, run_after=2026-02-21 00:00:00+00:00
[2026-02-20T15:02:07.111+0000] {processor.py:183} INFO - Processing /opt/airflow/dags/load_cb_courses.py took 0.792 seconds
[2026-02-20T15:02:37.922+0000] {processor.py:161} INFO - Started process (PID=5920) to work on /opt/airflow/dags/load_cb_courses.py
[2026-02-20T15:02:37.924+0000] {processor.py:830} INFO - Processing file /opt/airflow/dags/load_cb_courses.py for tasks to queue
[2026-02-20T15:02:37.926+0000] {logging_mixin.py:188} INFO - [2026-02-20T15:02:37.925+0000] {dagbag.py:545} INFO - Filling up the DagBag from /opt/airflow/dags/load_cb_courses.py
[2026-02-20T15:02:38.503+0000] {processor.py:840} INFO - DAG(s) 'load_cb_courses' retrieved from /opt/airflow/dags/load_cb_courses.py
[2026-02-20T15:02:38.533+0000] {logging_mixin.py:188} INFO - [2026-02-20T15:02:38.533+0000] {dag.py:3089} INFO - Sync 1 DAGs
[2026-02-20T15:02:38.559+0000] {logging_mixin.py:188} INFO - [2026-02-20T15:02:38.558+0000] {dag.py:3947} INFO - Setting next_dagrun for load_cb_courses to 2026-02-20 00:00:00+00:00, run_after=2026-02-21 00:00:00+00:00
[2026-02-20T15:02:38.583+0000] {processor.py:183} INFO - Processing /opt/airflow/dags/load_cb_courses.py took 0.668 seconds
[2026-02-20T15:03:09.279+0000] {processor.py:161} INFO - Started process (PID=5952) to work on /opt/airflow/dags/load_cb_courses.py
[2026-02-20T15:03:09.280+0000] {processor.py:830} INFO - Processing file /opt/airflow/dags/load_cb_courses.py for tasks to queue
[2026-02-20T15:03:09.282+0000] {logging_mixin.py:188} INFO - [2026-02-20T15:03:09.281+0000] {dagbag.py:545} INFO - Filling up the DagBag from /opt/airflow/dags/load_cb_courses.py
[2026-02-20T15:03:09.811+0000] {processor.py:840} INFO - DAG(s) 'load_cb_courses' retrieved from /opt/airflow/dags/load_cb_courses.py
[2026-02-20T15:03:09.836+0000] {logging_mixin.py:188} INFO - [2026-02-20T15:03:09.835+0000] {dag.py:3089} INFO - Sync 1 DAGs
[2026-02-20T15:03:09.859+0000] {logging_mixin.py:188} INFO - [2026-02-20T15:03:09.859+0000] {dag.py:3947} INFO - Setting next_dagrun for load_cb_courses to 2026-02-20 00:00:00+00:00, run_after=2026-02-21 00:00:00+00:00
[2026-02-20T15:03:09.880+0000] {processor.py:183} INFO - Processing /opt/airflow/dags/load_cb_courses.py took 0.609 seconds
[2026-02-20T15:03:39.988+0000] {processor.py:161} INFO - Started process (PID=5984) to work on /opt/airflow/dags/load_cb_courses.py
[2026-02-20T15:03:39.993+0000] {processor.py:830} INFO - Processing file /opt/airflow/dags/load_cb_courses.py for tasks to queue
[2026-02-20T15:03:39.995+0000] {logging_mixin.py:188} INFO - [2026-02-20T15:03:39.995+0000] {dagbag.py:545} INFO - Filling up the DagBag from /opt/airflow/dags/load_cb_courses.py
[2026-02-20T15:03:40.586+0000] {processor.py:840} INFO - DAG(s) 'load_cb_courses' retrieved from /opt/airflow/dags/load_cb_courses.py
[2026-02-20T15:03:40.617+0000] {logging_mixin.py:188} INFO - [2026-02-20T15:03:40.616+0000] {dag.py:3089} INFO - Sync 1 DAGs
[2026-02-20T15:03:40.643+0000] {logging_mixin.py:188} INFO - [2026-02-20T15:03:40.643+0000] {dag.py:3947} INFO - Setting next_dagrun for load_cb_courses to 2026-02-20 00:00:00+00:00, run_after=2026-02-21 00:00:00+00:00
[2026-02-20T15:03:40.671+0000] {processor.py:183} INFO - Processing /opt/airflow/dags/load_cb_courses.py took 0.691 seconds
