[2026-02-26T10:59:38.461+0000] {processor.py:161} INFO - Started process (PID=187) to work on /opt/airflow/dags/load_cb_courses.py
[2026-02-26T10:59:38.462+0000] {processor.py:830} INFO - Processing file /opt/airflow/dags/load_cb_courses.py for tasks to queue
[2026-02-26T10:59:38.465+0000] {logging_mixin.py:188} INFO - [2026-02-26T10:59:38.465+0000] {dagbag.py:545} INFO - Filling up the DagBag from /opt/airflow/dags/load_cb_courses.py
[2026-02-26T10:59:39.386+0000] {processor.py:840} INFO - DAG(s) 'load_cb_courses' retrieved from /opt/airflow/dags/load_cb_courses.py
[2026-02-26T10:59:39.404+0000] {logging_mixin.py:188} INFO - [2026-02-26T10:59:39.403+0000] {dag.py:3089} INFO - Sync 1 DAGs
[2026-02-26T10:59:39.433+0000] {logging_mixin.py:188} INFO - [2026-02-26T10:59:39.432+0000] {dag.py:3947} INFO - Setting next_dagrun for load_cb_courses to 2026-02-26 00:00:00+00:00, run_after=2026-02-27 00:00:00+00:00
[2026-02-26T10:59:39.458+0000] {processor.py:183} INFO - Processing /opt/airflow/dags/load_cb_courses.py took 1.013 seconds
[2026-02-26T11:00:09.710+0000] {processor.py:161} INFO - Started process (PID=219) to work on /opt/airflow/dags/load_cb_courses.py
[2026-02-26T11:00:09.711+0000] {processor.py:830} INFO - Processing file /opt/airflow/dags/load_cb_courses.py for tasks to queue
[2026-02-26T11:00:09.714+0000] {logging_mixin.py:188} INFO - [2026-02-26T11:00:09.713+0000] {dagbag.py:545} INFO - Filling up the DagBag from /opt/airflow/dags/load_cb_courses.py
[2026-02-26T11:00:10.411+0000] {processor.py:840} INFO - DAG(s) 'load_cb_courses' retrieved from /opt/airflow/dags/load_cb_courses.py
[2026-02-26T11:00:10.606+0000] {logging_mixin.py:188} INFO - [2026-02-26T11:00:10.606+0000] {dag.py:3089} INFO - Sync 1 DAGs
[2026-02-26T11:00:10.634+0000] {logging_mixin.py:188} INFO - [2026-02-26T11:00:10.633+0000] {dag.py:3947} INFO - Setting next_dagrun for load_cb_courses to 2026-02-26 00:00:00+00:00, run_after=2026-02-27 00:00:00+00:00
[2026-02-26T11:00:10.661+0000] {processor.py:183} INFO - Processing /opt/airflow/dags/load_cb_courses.py took 0.960 seconds
[2026-02-26T11:00:41.371+0000] {processor.py:161} INFO - Started process (PID=252) to work on /opt/airflow/dags/load_cb_courses.py
[2026-02-26T11:00:41.375+0000] {processor.py:830} INFO - Processing file /opt/airflow/dags/load_cb_courses.py for tasks to queue
[2026-02-26T11:00:41.381+0000] {logging_mixin.py:188} INFO - [2026-02-26T11:00:41.380+0000] {dagbag.py:545} INFO - Filling up the DagBag from /opt/airflow/dags/load_cb_courses.py
[2026-02-26T11:00:42.295+0000] {processor.py:840} INFO - DAG(s) 'load_cb_courses' retrieved from /opt/airflow/dags/load_cb_courses.py
[2026-02-26T11:00:42.327+0000] {logging_mixin.py:188} INFO - [2026-02-26T11:00:42.327+0000] {dag.py:3089} INFO - Sync 1 DAGs
[2026-02-26T11:00:42.366+0000] {logging_mixin.py:188} INFO - [2026-02-26T11:00:42.366+0000] {dag.py:3947} INFO - Setting next_dagrun for load_cb_courses to 2026-02-26 00:00:00+00:00, run_after=2026-02-27 00:00:00+00:00
[2026-02-26T11:00:42.396+0000] {processor.py:183} INFO - Processing /opt/airflow/dags/load_cb_courses.py took 1.037 seconds
[2026-02-26T11:01:12.855+0000] {processor.py:161} INFO - Started process (PID=278) to work on /opt/airflow/dags/load_cb_courses.py
[2026-02-26T11:01:12.857+0000] {processor.py:830} INFO - Processing file /opt/airflow/dags/load_cb_courses.py for tasks to queue
[2026-02-26T11:01:12.859+0000] {logging_mixin.py:188} INFO - [2026-02-26T11:01:12.859+0000] {dagbag.py:545} INFO - Filling up the DagBag from /opt/airflow/dags/load_cb_courses.py
[2026-02-26T11:01:13.436+0000] {processor.py:840} INFO - DAG(s) 'load_cb_courses' retrieved from /opt/airflow/dags/load_cb_courses.py
[2026-02-26T11:01:13.460+0000] {logging_mixin.py:188} INFO - [2026-02-26T11:01:13.459+0000] {dag.py:3089} INFO - Sync 1 DAGs
[2026-02-26T11:01:13.484+0000] {logging_mixin.py:188} INFO - [2026-02-26T11:01:13.483+0000] {dag.py:3947} INFO - Setting next_dagrun for load_cb_courses to 2026-02-26 00:00:00+00:00, run_after=2026-02-27 00:00:00+00:00
[2026-02-26T11:01:13.506+0000] {processor.py:183} INFO - Processing /opt/airflow/dags/load_cb_courses.py took 0.656 seconds
[2026-02-26T11:01:43.760+0000] {processor.py:161} INFO - Started process (PID=303) to work on /opt/airflow/dags/load_cb_courses.py
[2026-02-26T11:01:43.761+0000] {processor.py:830} INFO - Processing file /opt/airflow/dags/load_cb_courses.py for tasks to queue
[2026-02-26T11:01:43.764+0000] {logging_mixin.py:188} INFO - [2026-02-26T11:01:43.763+0000] {dagbag.py:545} INFO - Filling up the DagBag from /opt/airflow/dags/load_cb_courses.py
[2026-02-26T11:01:44.287+0000] {processor.py:840} INFO - DAG(s) 'load_cb_courses' retrieved from /opt/airflow/dags/load_cb_courses.py
[2026-02-26T11:01:44.314+0000] {logging_mixin.py:188} INFO - [2026-02-26T11:01:44.313+0000] {dag.py:3089} INFO - Sync 1 DAGs
[2026-02-26T11:01:44.336+0000] {logging_mixin.py:188} INFO - [2026-02-26T11:01:44.336+0000] {dag.py:3947} INFO - Setting next_dagrun for load_cb_courses to 2026-02-26 00:00:00+00:00, run_after=2026-02-27 00:00:00+00:00
[2026-02-26T11:01:44.365+0000] {processor.py:183} INFO - Processing /opt/airflow/dags/load_cb_courses.py took 0.612 seconds
[2026-02-26T11:02:14.512+0000] {processor.py:161} INFO - Started process (PID=328) to work on /opt/airflow/dags/load_cb_courses.py
[2026-02-26T11:02:14.513+0000] {processor.py:830} INFO - Processing file /opt/airflow/dags/load_cb_courses.py for tasks to queue
[2026-02-26T11:02:14.517+0000] {logging_mixin.py:188} INFO - [2026-02-26T11:02:14.517+0000] {dagbag.py:545} INFO - Filling up the DagBag from /opt/airflow/dags/load_cb_courses.py
[2026-02-26T11:02:15.375+0000] {processor.py:840} INFO - DAG(s) 'load_cb_courses' retrieved from /opt/airflow/dags/load_cb_courses.py
[2026-02-26T11:02:15.402+0000] {logging_mixin.py:188} INFO - [2026-02-26T11:02:15.401+0000] {dag.py:3089} INFO - Sync 1 DAGs
[2026-02-26T11:02:15.430+0000] {logging_mixin.py:188} INFO - [2026-02-26T11:02:15.430+0000] {dag.py:3947} INFO - Setting next_dagrun for load_cb_courses to 2026-02-26 00:00:00+00:00, run_after=2026-02-27 00:00:00+00:00
[2026-02-26T11:02:15.457+0000] {processor.py:183} INFO - Processing /opt/airflow/dags/load_cb_courses.py took 0.952 seconds
[2026-02-26T11:02:45.730+0000] {processor.py:161} INFO - Started process (PID=360) to work on /opt/airflow/dags/load_cb_courses.py
[2026-02-26T11:02:45.732+0000] {processor.py:830} INFO - Processing file /opt/airflow/dags/load_cb_courses.py for tasks to queue
[2026-02-26T11:02:45.736+0000] {logging_mixin.py:188} INFO - [2026-02-26T11:02:45.735+0000] {dagbag.py:545} INFO - Filling up the DagBag from /opt/airflow/dags/load_cb_courses.py
[2026-02-26T11:02:46.224+0000] {processor.py:840} INFO - DAG(s) 'load_cb_courses' retrieved from /opt/airflow/dags/load_cb_courses.py
[2026-02-26T11:02:46.252+0000] {logging_mixin.py:188} INFO - [2026-02-26T11:02:46.251+0000] {dag.py:3089} INFO - Sync 1 DAGs
[2026-02-26T11:02:46.274+0000] {logging_mixin.py:188} INFO - [2026-02-26T11:02:46.274+0000] {dag.py:3947} INFO - Setting next_dagrun for load_cb_courses to 2026-02-26 00:00:00+00:00, run_after=2026-02-27 00:00:00+00:00
[2026-02-26T11:02:46.302+0000] {processor.py:183} INFO - Processing /opt/airflow/dags/load_cb_courses.py took 0.580 seconds
[2026-02-26T11:03:16.721+0000] {processor.py:161} INFO - Started process (PID=386) to work on /opt/airflow/dags/load_cb_courses.py
[2026-02-26T11:03:16.722+0000] {processor.py:830} INFO - Processing file /opt/airflow/dags/load_cb_courses.py for tasks to queue
[2026-02-26T11:03:16.724+0000] {logging_mixin.py:188} INFO - [2026-02-26T11:03:16.724+0000] {dagbag.py:545} INFO - Filling up the DagBag from /opt/airflow/dags/load_cb_courses.py
[2026-02-26T11:03:17.198+0000] {processor.py:840} INFO - DAG(s) 'load_cb_courses' retrieved from /opt/airflow/dags/load_cb_courses.py
[2026-02-26T11:03:17.226+0000] {logging_mixin.py:188} INFO - [2026-02-26T11:03:17.226+0000] {dag.py:3089} INFO - Sync 1 DAGs
[2026-02-26T11:03:17.249+0000] {logging_mixin.py:188} INFO - [2026-02-26T11:03:17.248+0000] {dag.py:3947} INFO - Setting next_dagrun for load_cb_courses to 2026-02-26 00:00:00+00:00, run_after=2026-02-27 00:00:00+00:00
[2026-02-26T11:03:17.272+0000] {processor.py:183} INFO - Processing /opt/airflow/dags/load_cb_courses.py took 0.557 seconds
[2026-02-26T11:03:47.556+0000] {processor.py:161} INFO - Started process (PID=419) to work on /opt/airflow/dags/load_cb_courses.py
[2026-02-26T11:03:47.557+0000] {processor.py:830} INFO - Processing file /opt/airflow/dags/load_cb_courses.py for tasks to queue
[2026-02-26T11:03:47.560+0000] {logging_mixin.py:188} INFO - [2026-02-26T11:03:47.559+0000] {dagbag.py:545} INFO - Filling up the DagBag from /opt/airflow/dags/load_cb_courses.py
[2026-02-26T11:03:48.181+0000] {processor.py:840} INFO - DAG(s) 'load_cb_courses' retrieved from /opt/airflow/dags/load_cb_courses.py
[2026-02-26T11:03:48.213+0000] {logging_mixin.py:188} INFO - [2026-02-26T11:03:48.212+0000] {dag.py:3089} INFO - Sync 1 DAGs
[2026-02-26T11:03:48.238+0000] {logging_mixin.py:188} INFO - [2026-02-26T11:03:48.238+0000] {dag.py:3947} INFO - Setting next_dagrun for load_cb_courses to 2026-02-26 00:00:00+00:00, run_after=2026-02-27 00:00:00+00:00
[2026-02-26T11:03:48.268+0000] {processor.py:183} INFO - Processing /opt/airflow/dags/load_cb_courses.py took 0.720 seconds
[2026-02-26T11:04:18.634+0000] {processor.py:161} INFO - Started process (PID=445) to work on /opt/airflow/dags/load_cb_courses.py
[2026-02-26T11:04:18.636+0000] {processor.py:830} INFO - Processing file /opt/airflow/dags/load_cb_courses.py for tasks to queue
[2026-02-26T11:04:18.638+0000] {logging_mixin.py:188} INFO - [2026-02-26T11:04:18.638+0000] {dagbag.py:545} INFO - Filling up the DagBag from /opt/airflow/dags/load_cb_courses.py
[2026-02-26T11:04:19.085+0000] {processor.py:840} INFO - DAG(s) 'load_cb_courses' retrieved from /opt/airflow/dags/load_cb_courses.py
[2026-02-26T11:04:19.106+0000] {logging_mixin.py:188} INFO - [2026-02-26T11:04:19.105+0000] {dag.py:3089} INFO - Sync 1 DAGs
[2026-02-26T11:04:19.124+0000] {logging_mixin.py:188} INFO - [2026-02-26T11:04:19.124+0000] {dag.py:3947} INFO - Setting next_dagrun for load_cb_courses to 2026-02-26 00:00:00+00:00, run_after=2026-02-27 00:00:00+00:00
[2026-02-26T11:04:19.143+0000] {processor.py:183} INFO - Processing /opt/airflow/dags/load_cb_courses.py took 0.518 seconds
[2026-02-26T11:04:49.426+0000] {processor.py:161} INFO - Started process (PID=470) to work on /opt/airflow/dags/load_cb_courses.py
[2026-02-26T11:04:49.427+0000] {processor.py:830} INFO - Processing file /opt/airflow/dags/load_cb_courses.py for tasks to queue
[2026-02-26T11:04:49.429+0000] {logging_mixin.py:188} INFO - [2026-02-26T11:04:49.429+0000] {dagbag.py:545} INFO - Filling up the DagBag from /opt/airflow/dags/load_cb_courses.py
[2026-02-26T11:04:49.914+0000] {processor.py:840} INFO - DAG(s) 'load_cb_courses' retrieved from /opt/airflow/dags/load_cb_courses.py
[2026-02-26T11:04:49.940+0000] {logging_mixin.py:188} INFO - [2026-02-26T11:04:49.940+0000] {dag.py:3089} INFO - Sync 1 DAGs
[2026-02-26T11:04:49.964+0000] {logging_mixin.py:188} INFO - [2026-02-26T11:04:49.964+0000] {dag.py:3947} INFO - Setting next_dagrun for load_cb_courses to 2026-02-26 00:00:00+00:00, run_after=2026-02-27 00:00:00+00:00
[2026-02-26T11:04:49.991+0000] {processor.py:183} INFO - Processing /opt/airflow/dags/load_cb_courses.py took 0.571 seconds
[2026-02-26T11:05:20.267+0000] {processor.py:161} INFO - Started process (PID=504) to work on /opt/airflow/dags/load_cb_courses.py
[2026-02-26T11:05:20.268+0000] {processor.py:830} INFO - Processing file /opt/airflow/dags/load_cb_courses.py for tasks to queue
[2026-02-26T11:05:20.270+0000] {logging_mixin.py:188} INFO - [2026-02-26T11:05:20.270+0000] {dagbag.py:545} INFO - Filling up the DagBag from /opt/airflow/dags/load_cb_courses.py
[2026-02-26T11:05:20.753+0000] {processor.py:840} INFO - DAG(s) 'load_cb_courses' retrieved from /opt/airflow/dags/load_cb_courses.py
[2026-02-26T11:05:20.777+0000] {logging_mixin.py:188} INFO - [2026-02-26T11:05:20.776+0000] {dag.py:3089} INFO - Sync 1 DAGs
[2026-02-26T11:05:20.797+0000] {logging_mixin.py:188} INFO - [2026-02-26T11:05:20.797+0000] {dag.py:3947} INFO - Setting next_dagrun for load_cb_courses to 2026-02-26 00:00:00+00:00, run_after=2026-02-27 00:00:00+00:00
[2026-02-26T11:05:20.819+0000] {processor.py:183} INFO - Processing /opt/airflow/dags/load_cb_courses.py took 0.558 seconds
[2026-02-26T11:05:51.081+0000] {processor.py:161} INFO - Started process (PID=530) to work on /opt/airflow/dags/load_cb_courses.py
[2026-02-26T11:05:51.082+0000] {processor.py:830} INFO - Processing file /opt/airflow/dags/load_cb_courses.py for tasks to queue
[2026-02-26T11:05:51.085+0000] {logging_mixin.py:188} INFO - [2026-02-26T11:05:51.084+0000] {dagbag.py:545} INFO - Filling up the DagBag from /opt/airflow/dags/load_cb_courses.py
[2026-02-26T11:05:51.596+0000] {processor.py:840} INFO - DAG(s) 'load_cb_courses' retrieved from /opt/airflow/dags/load_cb_courses.py
[2026-02-26T11:05:51.619+0000] {logging_mixin.py:188} INFO - [2026-02-26T11:05:51.619+0000] {dag.py:3089} INFO - Sync 1 DAGs
[2026-02-26T11:05:51.640+0000] {logging_mixin.py:188} INFO - [2026-02-26T11:05:51.640+0000] {dag.py:3947} INFO - Setting next_dagrun for load_cb_courses to 2026-02-26 00:00:00+00:00, run_after=2026-02-27 00:00:00+00:00
[2026-02-26T11:05:51.662+0000] {processor.py:183} INFO - Processing /opt/airflow/dags/load_cb_courses.py took 0.588 seconds
[2026-02-26T11:06:21.971+0000] {processor.py:161} INFO - Started process (PID=563) to work on /opt/airflow/dags/load_cb_courses.py
[2026-02-26T11:06:21.973+0000] {processor.py:830} INFO - Processing file /opt/airflow/dags/load_cb_courses.py for tasks to queue
[2026-02-26T11:06:21.975+0000] {logging_mixin.py:188} INFO - [2026-02-26T11:06:21.975+0000] {dagbag.py:545} INFO - Filling up the DagBag from /opt/airflow/dags/load_cb_courses.py
[2026-02-26T11:06:22.485+0000] {processor.py:840} INFO - DAG(s) 'load_cb_courses' retrieved from /opt/airflow/dags/load_cb_courses.py
[2026-02-26T11:06:22.512+0000] {logging_mixin.py:188} INFO - [2026-02-26T11:06:22.512+0000] {dag.py:3089} INFO - Sync 1 DAGs
[2026-02-26T11:06:22.537+0000] {logging_mixin.py:188} INFO - [2026-02-26T11:06:22.537+0000] {dag.py:3947} INFO - Setting next_dagrun for load_cb_courses to 2026-02-26 00:00:00+00:00, run_after=2026-02-27 00:00:00+00:00
[2026-02-26T11:06:22.559+0000] {processor.py:183} INFO - Processing /opt/airflow/dags/load_cb_courses.py took 0.595 seconds
[2026-02-26T11:06:52.997+0000] {processor.py:161} INFO - Started process (PID=590) to work on /opt/airflow/dags/load_cb_courses.py
[2026-02-26T11:06:52.998+0000] {processor.py:830} INFO - Processing file /opt/airflow/dags/load_cb_courses.py for tasks to queue
[2026-02-26T11:06:53.002+0000] {logging_mixin.py:188} INFO - [2026-02-26T11:06:53.001+0000] {dagbag.py:545} INFO - Filling up the DagBag from /opt/airflow/dags/load_cb_courses.py
[2026-02-26T11:06:53.465+0000] {processor.py:840} INFO - DAG(s) 'load_cb_courses' retrieved from /opt/airflow/dags/load_cb_courses.py
[2026-02-26T11:06:53.489+0000] {logging_mixin.py:188} INFO - [2026-02-26T11:06:53.488+0000] {dag.py:3089} INFO - Sync 1 DAGs
[2026-02-26T11:06:53.509+0000] {logging_mixin.py:188} INFO - [2026-02-26T11:06:53.509+0000] {dag.py:3947} INFO - Setting next_dagrun for load_cb_courses to 2026-02-26 00:00:00+00:00, run_after=2026-02-27 00:00:00+00:00
[2026-02-26T11:06:53.530+0000] {processor.py:183} INFO - Processing /opt/airflow/dags/load_cb_courses.py took 0.538 seconds
[2026-02-26T11:07:23.799+0000] {processor.py:161} INFO - Started process (PID=616) to work on /opt/airflow/dags/load_cb_courses.py
[2026-02-26T11:07:23.801+0000] {processor.py:830} INFO - Processing file /opt/airflow/dags/load_cb_courses.py for tasks to queue
[2026-02-26T11:07:23.806+0000] {logging_mixin.py:188} INFO - [2026-02-26T11:07:23.806+0000] {dagbag.py:545} INFO - Filling up the DagBag from /opt/airflow/dags/load_cb_courses.py
[2026-02-26T11:07:24.578+0000] {processor.py:840} INFO - DAG(s) 'load_cb_courses' retrieved from /opt/airflow/dags/load_cb_courses.py
[2026-02-26T11:07:24.604+0000] {logging_mixin.py:188} INFO - [2026-02-26T11:07:24.604+0000] {dag.py:3089} INFO - Sync 1 DAGs
[2026-02-26T11:07:24.630+0000] {logging_mixin.py:188} INFO - [2026-02-26T11:07:24.629+0000] {dag.py:3947} INFO - Setting next_dagrun for load_cb_courses to 2026-02-26 00:00:00+00:00, run_after=2026-02-27 00:00:00+00:00
[2026-02-26T11:07:24.651+0000] {processor.py:183} INFO - Processing /opt/airflow/dags/load_cb_courses.py took 0.861 seconds
[2026-02-26T11:07:54.867+0000] {processor.py:161} INFO - Started process (PID=649) to work on /opt/airflow/dags/load_cb_courses.py
[2026-02-26T11:07:54.868+0000] {processor.py:830} INFO - Processing file /opt/airflow/dags/load_cb_courses.py for tasks to queue
[2026-02-26T11:07:54.870+0000] {logging_mixin.py:188} INFO - [2026-02-26T11:07:54.870+0000] {dagbag.py:545} INFO - Filling up the DagBag from /opt/airflow/dags/load_cb_courses.py
[2026-02-26T11:07:55.300+0000] {processor.py:840} INFO - DAG(s) 'load_cb_courses' retrieved from /opt/airflow/dags/load_cb_courses.py
[2026-02-26T11:07:55.321+0000] {logging_mixin.py:188} INFO - [2026-02-26T11:07:55.321+0000] {dag.py:3089} INFO - Sync 1 DAGs
[2026-02-26T11:07:55.342+0000] {logging_mixin.py:188} INFO - [2026-02-26T11:07:55.341+0000] {dag.py:3947} INFO - Setting next_dagrun for load_cb_courses to 2026-02-26 00:00:00+00:00, run_after=2026-02-27 00:00:00+00:00
[2026-02-26T11:07:55.361+0000] {processor.py:183} INFO - Processing /opt/airflow/dags/load_cb_courses.py took 0.501 seconds
[2026-02-26T11:08:25.666+0000] {processor.py:161} INFO - Started process (PID=674) to work on /opt/airflow/dags/load_cb_courses.py
[2026-02-26T11:08:25.668+0000] {processor.py:830} INFO - Processing file /opt/airflow/dags/load_cb_courses.py for tasks to queue
[2026-02-26T11:08:25.671+0000] {logging_mixin.py:188} INFO - [2026-02-26T11:08:25.671+0000] {dagbag.py:545} INFO - Filling up the DagBag from /opt/airflow/dags/load_cb_courses.py
[2026-02-26T11:08:26.262+0000] {processor.py:840} INFO - DAG(s) 'load_cb_courses' retrieved from /opt/airflow/dags/load_cb_courses.py
[2026-02-26T11:08:26.292+0000] {logging_mixin.py:188} INFO - [2026-02-26T11:08:26.291+0000] {dag.py:3089} INFO - Sync 1 DAGs
[2026-02-26T11:08:26.314+0000] {logging_mixin.py:188} INFO - [2026-02-26T11:08:26.314+0000] {dag.py:3947} INFO - Setting next_dagrun for load_cb_courses to 2026-02-26 00:00:00+00:00, run_after=2026-02-27 00:00:00+00:00
[2026-02-26T11:08:26.334+0000] {processor.py:183} INFO - Processing /opt/airflow/dags/load_cb_courses.py took 0.677 seconds
[2026-02-26T11:08:57.033+0000] {processor.py:161} INFO - Started process (PID=708) to work on /opt/airflow/dags/load_cb_courses.py
[2026-02-26T11:08:57.035+0000] {processor.py:830} INFO - Processing file /opt/airflow/dags/load_cb_courses.py for tasks to queue
[2026-02-26T11:08:57.037+0000] {logging_mixin.py:188} INFO - [2026-02-26T11:08:57.037+0000] {dagbag.py:545} INFO - Filling up the DagBag from /opt/airflow/dags/load_cb_courses.py
[2026-02-26T11:08:57.512+0000] {processor.py:840} INFO - DAG(s) 'load_cb_courses' retrieved from /opt/airflow/dags/load_cb_courses.py
[2026-02-26T11:08:57.541+0000] {logging_mixin.py:188} INFO - [2026-02-26T11:08:57.541+0000] {dag.py:3089} INFO - Sync 1 DAGs
[2026-02-26T11:08:57.563+0000] {logging_mixin.py:188} INFO - [2026-02-26T11:08:57.562+0000] {dag.py:3947} INFO - Setting next_dagrun for load_cb_courses to 2026-02-26 00:00:00+00:00, run_after=2026-02-27 00:00:00+00:00
[2026-02-26T11:08:57.585+0000] {processor.py:183} INFO - Processing /opt/airflow/dags/load_cb_courses.py took 0.560 seconds
[2026-02-26T11:09:27.826+0000] {processor.py:161} INFO - Started process (PID=733) to work on /opt/airflow/dags/load_cb_courses.py
[2026-02-26T11:09:27.827+0000] {processor.py:830} INFO - Processing file /opt/airflow/dags/load_cb_courses.py for tasks to queue
[2026-02-26T11:09:27.829+0000] {logging_mixin.py:188} INFO - [2026-02-26T11:09:27.828+0000] {dagbag.py:545} INFO - Filling up the DagBag from /opt/airflow/dags/load_cb_courses.py
[2026-02-26T11:09:28.265+0000] {processor.py:840} INFO - DAG(s) 'load_cb_courses' retrieved from /opt/airflow/dags/load_cb_courses.py
[2026-02-26T11:09:28.285+0000] {logging_mixin.py:188} INFO - [2026-02-26T11:09:28.285+0000] {dag.py:3089} INFO - Sync 1 DAGs
[2026-02-26T11:09:28.303+0000] {logging_mixin.py:188} INFO - [2026-02-26T11:09:28.303+0000] {dag.py:3947} INFO - Setting next_dagrun for load_cb_courses to 2026-02-26 00:00:00+00:00, run_after=2026-02-27 00:00:00+00:00
[2026-02-26T11:09:28.324+0000] {processor.py:183} INFO - Processing /opt/airflow/dags/load_cb_courses.py took 0.504 seconds
[2026-02-26T11:09:58.430+0000] {processor.py:161} INFO - Started process (PID=759) to work on /opt/airflow/dags/load_cb_courses.py
[2026-02-26T11:09:58.431+0000] {processor.py:830} INFO - Processing file /opt/airflow/dags/load_cb_courses.py for tasks to queue
[2026-02-26T11:09:58.433+0000] {logging_mixin.py:188} INFO - [2026-02-26T11:09:58.433+0000] {dagbag.py:545} INFO - Filling up the DagBag from /opt/airflow/dags/load_cb_courses.py
[2026-02-26T11:09:59.041+0000] {processor.py:840} INFO - DAG(s) 'load_cb_courses' retrieved from /opt/airflow/dags/load_cb_courses.py
[2026-02-26T11:09:59.070+0000] {logging_mixin.py:188} INFO - [2026-02-26T11:09:59.069+0000] {dag.py:3089} INFO - Sync 1 DAGs
[2026-02-26T11:09:59.093+0000] {logging_mixin.py:188} INFO - [2026-02-26T11:09:59.093+0000] {dag.py:3947} INFO - Setting next_dagrun for load_cb_courses to 2026-02-26 00:00:00+00:00, run_after=2026-02-27 00:00:00+00:00
[2026-02-26T11:09:59.120+0000] {processor.py:183} INFO - Processing /opt/airflow/dags/load_cb_courses.py took 0.696 seconds
[2026-02-26T11:10:29.365+0000] {processor.py:161} INFO - Started process (PID=792) to work on /opt/airflow/dags/load_cb_courses.py
[2026-02-26T11:10:29.366+0000] {processor.py:830} INFO - Processing file /opt/airflow/dags/load_cb_courses.py for tasks to queue
[2026-02-26T11:10:29.371+0000] {logging_mixin.py:188} INFO - [2026-02-26T11:10:29.370+0000] {dagbag.py:545} INFO - Filling up the DagBag from /opt/airflow/dags/load_cb_courses.py
[2026-02-26T11:10:29.837+0000] {processor.py:840} INFO - DAG(s) 'load_cb_courses' retrieved from /opt/airflow/dags/load_cb_courses.py
[2026-02-26T11:10:29.863+0000] {logging_mixin.py:188} INFO - [2026-02-26T11:10:29.862+0000] {dag.py:3089} INFO - Sync 1 DAGs
[2026-02-26T11:10:29.884+0000] {logging_mixin.py:188} INFO - [2026-02-26T11:10:29.884+0000] {dag.py:3947} INFO - Setting next_dagrun for load_cb_courses to 2026-02-26 00:00:00+00:00, run_after=2026-02-27 00:00:00+00:00
[2026-02-26T11:10:29.902+0000] {processor.py:183} INFO - Processing /opt/airflow/dags/load_cb_courses.py took 0.549 seconds
[2026-02-26T11:11:00.232+0000] {processor.py:161} INFO - Started process (PID=819) to work on /opt/airflow/dags/load_cb_courses.py
[2026-02-26T11:11:00.233+0000] {processor.py:830} INFO - Processing file /opt/airflow/dags/load_cb_courses.py for tasks to queue
[2026-02-26T11:11:00.235+0000] {logging_mixin.py:188} INFO - [2026-02-26T11:11:00.235+0000] {dagbag.py:545} INFO - Filling up the DagBag from /opt/airflow/dags/load_cb_courses.py
[2026-02-26T11:11:00.698+0000] {processor.py:840} INFO - DAG(s) 'load_cb_courses' retrieved from /opt/airflow/dags/load_cb_courses.py
[2026-02-26T11:11:00.721+0000] {logging_mixin.py:188} INFO - [2026-02-26T11:11:00.721+0000] {dag.py:3089} INFO - Sync 1 DAGs
[2026-02-26T11:11:00.740+0000] {logging_mixin.py:188} INFO - [2026-02-26T11:11:00.740+0000] {dag.py:3947} INFO - Setting next_dagrun for load_cb_courses to 2026-02-26 00:00:00+00:00, run_after=2026-02-27 00:00:00+00:00
[2026-02-26T11:11:00.758+0000] {processor.py:183} INFO - Processing /opt/airflow/dags/load_cb_courses.py took 0.532 seconds
[2026-02-26T11:11:31.126+0000] {processor.py:161} INFO - Started process (PID=853) to work on /opt/airflow/dags/load_cb_courses.py
[2026-02-26T11:11:31.127+0000] {processor.py:830} INFO - Processing file /opt/airflow/dags/load_cb_courses.py for tasks to queue
[2026-02-26T11:11:31.130+0000] {logging_mixin.py:188} INFO - [2026-02-26T11:11:31.129+0000] {dagbag.py:545} INFO - Filling up the DagBag from /opt/airflow/dags/load_cb_courses.py
[2026-02-26T11:11:31.682+0000] {processor.py:840} INFO - DAG(s) 'load_cb_courses' retrieved from /opt/airflow/dags/load_cb_courses.py
[2026-02-26T11:11:31.712+0000] {logging_mixin.py:188} INFO - [2026-02-26T11:11:31.711+0000] {dag.py:3089} INFO - Sync 1 DAGs
[2026-02-26T11:11:31.735+0000] {logging_mixin.py:188} INFO - [2026-02-26T11:11:31.735+0000] {dag.py:3947} INFO - Setting next_dagrun for load_cb_courses to 2026-02-26 00:00:00+00:00, run_after=2026-02-27 00:00:00+00:00
[2026-02-26T11:11:31.766+0000] {processor.py:183} INFO - Processing /opt/airflow/dags/load_cb_courses.py took 0.649 seconds
[2026-02-26T11:12:02.175+0000] {processor.py:161} INFO - Started process (PID=878) to work on /opt/airflow/dags/load_cb_courses.py
[2026-02-26T11:12:02.177+0000] {processor.py:830} INFO - Processing file /opt/airflow/dags/load_cb_courses.py for tasks to queue
[2026-02-26T11:12:02.179+0000] {logging_mixin.py:188} INFO - [2026-02-26T11:12:02.178+0000] {dagbag.py:545} INFO - Filling up the DagBag from /opt/airflow/dags/load_cb_courses.py
[2026-02-26T11:12:02.671+0000] {processor.py:840} INFO - DAG(s) 'load_cb_courses' retrieved from /opt/airflow/dags/load_cb_courses.py
[2026-02-26T11:12:02.699+0000] {logging_mixin.py:188} INFO - [2026-02-26T11:12:02.699+0000] {dag.py:3089} INFO - Sync 1 DAGs
[2026-02-26T11:12:02.721+0000] {logging_mixin.py:188} INFO - [2026-02-26T11:12:02.720+0000] {dag.py:3947} INFO - Setting next_dagrun for load_cb_courses to 2026-02-26 00:00:00+00:00, run_after=2026-02-27 00:00:00+00:00
[2026-02-26T11:12:02.746+0000] {processor.py:183} INFO - Processing /opt/airflow/dags/load_cb_courses.py took 0.578 seconds
[2026-02-26T11:12:33.214+0000] {processor.py:161} INFO - Started process (PID=905) to work on /opt/airflow/dags/load_cb_courses.py
[2026-02-26T11:12:33.216+0000] {processor.py:830} INFO - Processing file /opt/airflow/dags/load_cb_courses.py for tasks to queue
[2026-02-26T11:12:33.219+0000] {logging_mixin.py:188} INFO - [2026-02-26T11:12:33.219+0000] {dagbag.py:545} INFO - Filling up the DagBag from /opt/airflow/dags/load_cb_courses.py
[2026-02-26T11:12:33.699+0000] {processor.py:840} INFO - DAG(s) 'load_cb_courses' retrieved from /opt/airflow/dags/load_cb_courses.py
[2026-02-26T11:12:33.719+0000] {logging_mixin.py:188} INFO - [2026-02-26T11:12:33.719+0000] {dag.py:3089} INFO - Sync 1 DAGs
[2026-02-26T11:12:33.753+0000] {logging_mixin.py:188} INFO - [2026-02-26T11:12:33.753+0000] {dag.py:3947} INFO - Setting next_dagrun for load_cb_courses to 2026-02-26 00:00:00+00:00, run_after=2026-02-27 00:00:00+00:00
[2026-02-26T11:12:33.776+0000] {processor.py:183} INFO - Processing /opt/airflow/dags/load_cb_courses.py took 0.573 seconds
[2026-02-26T11:13:04.251+0000] {processor.py:161} INFO - Started process (PID=938) to work on /opt/airflow/dags/load_cb_courses.py
[2026-02-26T11:13:04.254+0000] {processor.py:830} INFO - Processing file /opt/airflow/dags/load_cb_courses.py for tasks to queue
[2026-02-26T11:13:04.258+0000] {logging_mixin.py:188} INFO - [2026-02-26T11:13:04.257+0000] {dagbag.py:545} INFO - Filling up the DagBag from /opt/airflow/dags/load_cb_courses.py
[2026-02-26T11:13:04.752+0000] {processor.py:840} INFO - DAG(s) 'load_cb_courses' retrieved from /opt/airflow/dags/load_cb_courses.py
[2026-02-26T11:13:04.774+0000] {logging_mixin.py:188} INFO - [2026-02-26T11:13:04.774+0000] {dag.py:3089} INFO - Sync 1 DAGs
[2026-02-26T11:13:04.794+0000] {logging_mixin.py:188} INFO - [2026-02-26T11:13:04.794+0000] {dag.py:3947} INFO - Setting next_dagrun for load_cb_courses to 2026-02-26 00:00:00+00:00, run_after=2026-02-27 00:00:00+00:00
[2026-02-26T11:13:04.815+0000] {processor.py:183} INFO - Processing /opt/airflow/dags/load_cb_courses.py took 0.577 seconds
[2026-02-26T11:13:35.194+0000] {processor.py:161} INFO - Started process (PID=965) to work on /opt/airflow/dags/load_cb_courses.py
[2026-02-26T11:13:35.195+0000] {processor.py:830} INFO - Processing file /opt/airflow/dags/load_cb_courses.py for tasks to queue
[2026-02-26T11:13:35.197+0000] {logging_mixin.py:188} INFO - [2026-02-26T11:13:35.197+0000] {dagbag.py:545} INFO - Filling up the DagBag from /opt/airflow/dags/load_cb_courses.py
[2026-02-26T11:13:35.654+0000] {processor.py:840} INFO - DAG(s) 'load_cb_courses' retrieved from /opt/airflow/dags/load_cb_courses.py
[2026-02-26T11:13:35.676+0000] {logging_mixin.py:188} INFO - [2026-02-26T11:13:35.676+0000] {dag.py:3089} INFO - Sync 1 DAGs
[2026-02-26T11:13:35.697+0000] {logging_mixin.py:188} INFO - [2026-02-26T11:13:35.696+0000] {dag.py:3947} INFO - Setting next_dagrun for load_cb_courses to 2026-02-26 00:00:00+00:00, run_after=2026-02-27 00:00:00+00:00
[2026-02-26T11:13:35.717+0000] {processor.py:183} INFO - Processing /opt/airflow/dags/load_cb_courses.py took 0.529 seconds
[2026-02-26T11:14:06.190+0000] {processor.py:161} INFO - Started process (PID=1000) to work on /opt/airflow/dags/load_cb_courses.py
[2026-02-26T11:14:06.191+0000] {processor.py:830} INFO - Processing file /opt/airflow/dags/load_cb_courses.py for tasks to queue
[2026-02-26T11:14:06.194+0000] {logging_mixin.py:188} INFO - [2026-02-26T11:14:06.194+0000] {dagbag.py:545} INFO - Filling up the DagBag from /opt/airflow/dags/load_cb_courses.py
[2026-02-26T11:14:06.702+0000] {processor.py:840} INFO - DAG(s) 'load_cb_courses' retrieved from /opt/airflow/dags/load_cb_courses.py
[2026-02-26T11:14:06.728+0000] {logging_mixin.py:188} INFO - [2026-02-26T11:14:06.728+0000] {dag.py:3089} INFO - Sync 1 DAGs
[2026-02-26T11:14:06.749+0000] {logging_mixin.py:188} INFO - [2026-02-26T11:14:06.749+0000] {dag.py:3947} INFO - Setting next_dagrun for load_cb_courses to 2026-02-26 00:00:00+00:00, run_after=2026-02-27 00:00:00+00:00
[2026-02-26T11:14:06.768+0000] {processor.py:183} INFO - Processing /opt/airflow/dags/load_cb_courses.py took 0.586 seconds
[2026-02-26T11:14:37.073+0000] {processor.py:161} INFO - Started process (PID=1025) to work on /opt/airflow/dags/load_cb_courses.py
[2026-02-26T11:14:37.074+0000] {processor.py:830} INFO - Processing file /opt/airflow/dags/load_cb_courses.py for tasks to queue
[2026-02-26T11:14:37.077+0000] {logging_mixin.py:188} INFO - [2026-02-26T11:14:37.076+0000] {dagbag.py:545} INFO - Filling up the DagBag from /opt/airflow/dags/load_cb_courses.py
[2026-02-26T11:14:37.514+0000] {processor.py:840} INFO - DAG(s) 'load_cb_courses' retrieved from /opt/airflow/dags/load_cb_courses.py
[2026-02-26T11:14:37.536+0000] {logging_mixin.py:188} INFO - [2026-02-26T11:14:37.536+0000] {dag.py:3089} INFO - Sync 1 DAGs
[2026-02-26T11:14:37.556+0000] {logging_mixin.py:188} INFO - [2026-02-26T11:14:37.555+0000] {dag.py:3947} INFO - Setting next_dagrun for load_cb_courses to 2026-02-26 00:00:00+00:00, run_after=2026-02-27 00:00:00+00:00
[2026-02-26T11:14:37.574+0000] {processor.py:183} INFO - Processing /opt/airflow/dags/load_cb_courses.py took 0.507 seconds
[2026-02-26T11:15:07.975+0000] {processor.py:161} INFO - Started process (PID=1051) to work on /opt/airflow/dags/load_cb_courses.py
[2026-02-26T11:15:07.977+0000] {processor.py:830} INFO - Processing file /opt/airflow/dags/load_cb_courses.py for tasks to queue
[2026-02-26T11:15:07.979+0000] {logging_mixin.py:188} INFO - [2026-02-26T11:15:07.979+0000] {dagbag.py:545} INFO - Filling up the DagBag from /opt/airflow/dags/load_cb_courses.py
[2026-02-26T11:15:08.428+0000] {processor.py:840} INFO - DAG(s) 'load_cb_courses' retrieved from /opt/airflow/dags/load_cb_courses.py
[2026-02-26T11:15:08.449+0000] {logging_mixin.py:188} INFO - [2026-02-26T11:15:08.449+0000] {dag.py:3089} INFO - Sync 1 DAGs
[2026-02-26T11:15:08.469+0000] {logging_mixin.py:188} INFO - [2026-02-26T11:15:08.469+0000] {dag.py:3947} INFO - Setting next_dagrun for load_cb_courses to 2026-02-26 00:00:00+00:00, run_after=2026-02-27 00:00:00+00:00
[2026-02-26T11:15:08.489+0000] {processor.py:183} INFO - Processing /opt/airflow/dags/load_cb_courses.py took 0.521 seconds
[2026-02-26T11:15:38.701+0000] {processor.py:161} INFO - Started process (PID=1083) to work on /opt/airflow/dags/load_cb_courses.py
[2026-02-26T11:15:38.706+0000] {processor.py:830} INFO - Processing file /opt/airflow/dags/load_cb_courses.py for tasks to queue
[2026-02-26T11:15:38.709+0000] {logging_mixin.py:188} INFO - [2026-02-26T11:15:38.709+0000] {dagbag.py:545} INFO - Filling up the DagBag from /opt/airflow/dags/load_cb_courses.py
[2026-02-26T11:15:39.376+0000] {processor.py:840} INFO - DAG(s) 'load_cb_courses' retrieved from /opt/airflow/dags/load_cb_courses.py
[2026-02-26T11:15:39.402+0000] {logging_mixin.py:188} INFO - [2026-02-26T11:15:39.402+0000] {dag.py:3089} INFO - Sync 1 DAGs
[2026-02-26T11:15:39.428+0000] {logging_mixin.py:188} INFO - [2026-02-26T11:15:39.428+0000] {dag.py:3947} INFO - Setting next_dagrun for load_cb_courses to 2026-02-26 00:00:00+00:00, run_after=2026-02-27 00:00:00+00:00
[2026-02-26T11:15:39.448+0000] {processor.py:183} INFO - Processing /opt/airflow/dags/load_cb_courses.py took 0.755 seconds
[2026-02-26T11:16:09.787+0000] {processor.py:161} INFO - Started process (PID=1109) to work on /opt/airflow/dags/load_cb_courses.py
[2026-02-26T11:16:09.788+0000] {processor.py:830} INFO - Processing file /opt/airflow/dags/load_cb_courses.py for tasks to queue
[2026-02-26T11:16:09.791+0000] {logging_mixin.py:188} INFO - [2026-02-26T11:16:09.790+0000] {dagbag.py:545} INFO - Filling up the DagBag from /opt/airflow/dags/load_cb_courses.py
[2026-02-26T11:16:10.258+0000] {processor.py:840} INFO - DAG(s) 'load_cb_courses' retrieved from /opt/airflow/dags/load_cb_courses.py
[2026-02-26T11:16:10.284+0000] {logging_mixin.py:188} INFO - [2026-02-26T11:16:10.283+0000] {dag.py:3089} INFO - Sync 1 DAGs
[2026-02-26T11:16:10.306+0000] {logging_mixin.py:188} INFO - [2026-02-26T11:16:10.305+0000] {dag.py:3947} INFO - Setting next_dagrun for load_cb_courses to 2026-02-26 00:00:00+00:00, run_after=2026-02-27 00:00:00+00:00
[2026-02-26T11:16:10.327+0000] {processor.py:183} INFO - Processing /opt/airflow/dags/load_cb_courses.py took 0.546 seconds
[2026-02-26T11:16:40.564+0000] {processor.py:161} INFO - Started process (PID=1141) to work on /opt/airflow/dags/load_cb_courses.py
[2026-02-26T11:16:40.566+0000] {processor.py:830} INFO - Processing file /opt/airflow/dags/load_cb_courses.py for tasks to queue
[2026-02-26T11:16:40.568+0000] {logging_mixin.py:188} INFO - [2026-02-26T11:16:40.568+0000] {dagbag.py:545} INFO - Filling up the DagBag from /opt/airflow/dags/load_cb_courses.py
[2026-02-26T11:16:41.071+0000] {processor.py:840} INFO - DAG(s) 'load_cb_courses' retrieved from /opt/airflow/dags/load_cb_courses.py
[2026-02-26T11:16:41.094+0000] {logging_mixin.py:188} INFO - [2026-02-26T11:16:41.093+0000] {dag.py:3089} INFO - Sync 1 DAGs
[2026-02-26T11:16:41.114+0000] {logging_mixin.py:188} INFO - [2026-02-26T11:16:41.114+0000] {dag.py:3947} INFO - Setting next_dagrun for load_cb_courses to 2026-02-26 00:00:00+00:00, run_after=2026-02-27 00:00:00+00:00
[2026-02-26T11:16:41.138+0000] {processor.py:183} INFO - Processing /opt/airflow/dags/load_cb_courses.py took 0.579 seconds
[2026-02-26T11:17:11.475+0000] {processor.py:161} INFO - Started process (PID=1168) to work on /opt/airflow/dags/load_cb_courses.py
[2026-02-26T11:17:11.477+0000] {processor.py:830} INFO - Processing file /opt/airflow/dags/load_cb_courses.py for tasks to queue
[2026-02-26T11:17:11.479+0000] {logging_mixin.py:188} INFO - [2026-02-26T11:17:11.479+0000] {dagbag.py:545} INFO - Filling up the DagBag from /opt/airflow/dags/load_cb_courses.py
[2026-02-26T11:17:11.850+0000] {processor.py:840} INFO - DAG(s) 'load_cb_courses' retrieved from /opt/airflow/dags/load_cb_courses.py
[2026-02-26T11:17:11.874+0000] {logging_mixin.py:188} INFO - [2026-02-26T11:17:11.874+0000] {dag.py:3089} INFO - Sync 1 DAGs
[2026-02-26T11:17:11.895+0000] {logging_mixin.py:188} INFO - [2026-02-26T11:17:11.895+0000] {dag.py:3947} INFO - Setting next_dagrun for load_cb_courses to 2026-02-26 00:00:00+00:00, run_after=2026-02-27 00:00:00+00:00
[2026-02-26T11:17:11.916+0000] {processor.py:183} INFO - Processing /opt/airflow/dags/load_cb_courses.py took 0.537 seconds
[2026-02-26T11:17:42.089+0000] {processor.py:161} INFO - Started process (PID=1202) to work on /opt/airflow/dags/load_cb_courses.py
[2026-02-26T11:17:42.090+0000] {processor.py:830} INFO - Processing file /opt/airflow/dags/load_cb_courses.py for tasks to queue
[2026-02-26T11:17:42.093+0000] {logging_mixin.py:188} INFO - [2026-02-26T11:17:42.092+0000] {dagbag.py:545} INFO - Filling up the DagBag from /opt/airflow/dags/load_cb_courses.py
[2026-02-26T11:17:42.527+0000] {processor.py:840} INFO - DAG(s) 'load_cb_courses' retrieved from /opt/airflow/dags/load_cb_courses.py
[2026-02-26T11:17:42.551+0000] {logging_mixin.py:188} INFO - [2026-02-26T11:17:42.551+0000] {dag.py:3089} INFO - Sync 1 DAGs
[2026-02-26T11:17:42.576+0000] {logging_mixin.py:188} INFO - [2026-02-26T11:17:42.576+0000] {dag.py:3947} INFO - Setting next_dagrun for load_cb_courses to 2026-02-26 00:00:00+00:00, run_after=2026-02-27 00:00:00+00:00
[2026-02-26T11:17:42.601+0000] {processor.py:183} INFO - Processing /opt/airflow/dags/load_cb_courses.py took 0.518 seconds
[2026-02-26T11:18:12.813+0000] {processor.py:161} INFO - Started process (PID=1228) to work on /opt/airflow/dags/load_cb_courses.py
[2026-02-26T11:18:12.814+0000] {processor.py:830} INFO - Processing file /opt/airflow/dags/load_cb_courses.py for tasks to queue
[2026-02-26T11:18:12.816+0000] {logging_mixin.py:188} INFO - [2026-02-26T11:18:12.816+0000] {dagbag.py:545} INFO - Filling up the DagBag from /opt/airflow/dags/load_cb_courses.py
[2026-02-26T11:18:13.241+0000] {processor.py:840} INFO - DAG(s) 'load_cb_courses' retrieved from /opt/airflow/dags/load_cb_courses.py
[2026-02-26T11:18:13.261+0000] {logging_mixin.py:188} INFO - [2026-02-26T11:18:13.260+0000] {dag.py:3089} INFO - Sync 1 DAGs
[2026-02-26T11:18:13.280+0000] {logging_mixin.py:188} INFO - [2026-02-26T11:18:13.279+0000] {dag.py:3947} INFO - Setting next_dagrun for load_cb_courses to 2026-02-26 00:00:00+00:00, run_after=2026-02-27 00:00:00+00:00
[2026-02-26T11:18:13.300+0000] {processor.py:183} INFO - Processing /opt/airflow/dags/load_cb_courses.py took 0.494 seconds
[2026-02-26T11:18:43.673+0000] {processor.py:161} INFO - Started process (PID=1255) to work on /opt/airflow/dags/load_cb_courses.py
[2026-02-26T11:18:43.674+0000] {processor.py:830} INFO - Processing file /opt/airflow/dags/load_cb_courses.py for tasks to queue
[2026-02-26T11:18:43.676+0000] {logging_mixin.py:188} INFO - [2026-02-26T11:18:43.676+0000] {dagbag.py:545} INFO - Filling up the DagBag from /opt/airflow/dags/load_cb_courses.py
[2026-02-26T11:18:44.129+0000] {processor.py:840} INFO - DAG(s) 'load_cb_courses' retrieved from /opt/airflow/dags/load_cb_courses.py
[2026-02-26T11:18:44.154+0000] {logging_mixin.py:188} INFO - [2026-02-26T11:18:44.154+0000] {dag.py:3089} INFO - Sync 1 DAGs
[2026-02-26T11:18:44.176+0000] {logging_mixin.py:188} INFO - [2026-02-26T11:18:44.175+0000] {dag.py:3947} INFO - Setting next_dagrun for load_cb_courses to 2026-02-26 00:00:00+00:00, run_after=2026-02-27 00:00:00+00:00
[2026-02-26T11:18:44.200+0000] {processor.py:183} INFO - Processing /opt/airflow/dags/load_cb_courses.py took 0.534 seconds
[2026-02-26T11:19:14.477+0000] {processor.py:161} INFO - Started process (PID=1288) to work on /opt/airflow/dags/load_cb_courses.py
[2026-02-26T11:19:14.479+0000] {processor.py:830} INFO - Processing file /opt/airflow/dags/load_cb_courses.py for tasks to queue
[2026-02-26T11:19:14.481+0000] {logging_mixin.py:188} INFO - [2026-02-26T11:19:14.481+0000] {dagbag.py:545} INFO - Filling up the DagBag from /opt/airflow/dags/load_cb_courses.py
[2026-02-26T11:19:14.944+0000] {processor.py:840} INFO - DAG(s) 'load_cb_courses' retrieved from /opt/airflow/dags/load_cb_courses.py
[2026-02-26T11:19:14.967+0000] {logging_mixin.py:188} INFO - [2026-02-26T11:19:14.967+0000] {dag.py:3089} INFO - Sync 1 DAGs
[2026-02-26T11:19:14.991+0000] {logging_mixin.py:188} INFO - [2026-02-26T11:19:14.991+0000] {dag.py:3947} INFO - Setting next_dagrun for load_cb_courses to 2026-02-26 00:00:00+00:00, run_after=2026-02-27 00:00:00+00:00
[2026-02-26T11:19:15.023+0000] {processor.py:183} INFO - Processing /opt/airflow/dags/load_cb_courses.py took 0.552 seconds
[2026-02-26T11:19:45.556+0000] {processor.py:161} INFO - Started process (PID=1314) to work on /opt/airflow/dags/load_cb_courses.py
[2026-02-26T11:19:45.558+0000] {processor.py:830} INFO - Processing file /opt/airflow/dags/load_cb_courses.py for tasks to queue
[2026-02-26T11:19:45.560+0000] {logging_mixin.py:188} INFO - [2026-02-26T11:19:45.560+0000] {dagbag.py:545} INFO - Filling up the DagBag from /opt/airflow/dags/load_cb_courses.py
[2026-02-26T11:19:46.066+0000] {processor.py:840} INFO - DAG(s) 'load_cb_courses' retrieved from /opt/airflow/dags/load_cb_courses.py
[2026-02-26T11:19:46.090+0000] {logging_mixin.py:188} INFO - [2026-02-26T11:19:46.090+0000] {dag.py:3089} INFO - Sync 1 DAGs
[2026-02-26T11:19:46.112+0000] {logging_mixin.py:188} INFO - [2026-02-26T11:19:46.111+0000] {dag.py:3947} INFO - Setting next_dagrun for load_cb_courses to 2026-02-26 00:00:00+00:00, run_after=2026-02-27 00:00:00+00:00
[2026-02-26T11:19:46.141+0000] {processor.py:183} INFO - Processing /opt/airflow/dags/load_cb_courses.py took 0.592 seconds
[2026-02-26T11:20:16.364+0000] {processor.py:161} INFO - Started process (PID=1347) to work on /opt/airflow/dags/load_cb_courses.py
[2026-02-26T11:20:16.365+0000] {processor.py:830} INFO - Processing file /opt/airflow/dags/load_cb_courses.py for tasks to queue
[2026-02-26T11:20:16.367+0000] {logging_mixin.py:188} INFO - [2026-02-26T11:20:16.367+0000] {dagbag.py:545} INFO - Filling up the DagBag from /opt/airflow/dags/load_cb_courses.py
[2026-02-26T11:20:16.892+0000] {processor.py:840} INFO - DAG(s) 'load_cb_courses' retrieved from /opt/airflow/dags/load_cb_courses.py
[2026-02-26T11:20:16.921+0000] {logging_mixin.py:188} INFO - [2026-02-26T11:20:16.920+0000] {dag.py:3089} INFO - Sync 1 DAGs
[2026-02-26T11:20:16.944+0000] {logging_mixin.py:188} INFO - [2026-02-26T11:20:16.943+0000] {dag.py:3947} INFO - Setting next_dagrun for load_cb_courses to 2026-02-26 00:00:00+00:00, run_after=2026-02-27 00:00:00+00:00
[2026-02-26T11:20:16.966+0000] {processor.py:183} INFO - Processing /opt/airflow/dags/load_cb_courses.py took 0.608 seconds
[2026-02-26T11:20:47.183+0000] {processor.py:161} INFO - Started process (PID=1373) to work on /opt/airflow/dags/load_cb_courses.py
[2026-02-26T11:20:47.184+0000] {processor.py:830} INFO - Processing file /opt/airflow/dags/load_cb_courses.py for tasks to queue
[2026-02-26T11:20:47.186+0000] {logging_mixin.py:188} INFO - [2026-02-26T11:20:47.185+0000] {dagbag.py:545} INFO - Filling up the DagBag from /opt/airflow/dags/load_cb_courses.py
[2026-02-26T11:20:47.682+0000] {processor.py:840} INFO - DAG(s) 'load_cb_courses' retrieved from /opt/airflow/dags/load_cb_courses.py
[2026-02-26T11:20:47.703+0000] {logging_mixin.py:188} INFO - [2026-02-26T11:20:47.702+0000] {dag.py:3089} INFO - Sync 1 DAGs
[2026-02-26T11:20:47.723+0000] {logging_mixin.py:188} INFO - [2026-02-26T11:20:47.723+0000] {dag.py:3947} INFO - Setting next_dagrun for load_cb_courses to 2026-02-26 00:00:00+00:00, run_after=2026-02-27 00:00:00+00:00
[2026-02-26T11:20:47.744+0000] {processor.py:183} INFO - Processing /opt/airflow/dags/load_cb_courses.py took 0.568 seconds
[2026-02-26T11:21:18.441+0000] {processor.py:161} INFO - Started process (PID=1398) to work on /opt/airflow/dags/load_cb_courses.py
[2026-02-26T11:21:18.442+0000] {processor.py:830} INFO - Processing file /opt/airflow/dags/load_cb_courses.py for tasks to queue
[2026-02-26T11:21:18.445+0000] {logging_mixin.py:188} INFO - [2026-02-26T11:21:18.445+0000] {dagbag.py:545} INFO - Filling up the DagBag from /opt/airflow/dags/load_cb_courses.py
[2026-02-26T11:21:18.935+0000] {processor.py:840} INFO - DAG(s) 'load_cb_courses' retrieved from /opt/airflow/dags/load_cb_courses.py
[2026-02-26T11:21:18.963+0000] {logging_mixin.py:188} INFO - [2026-02-26T11:21:18.962+0000] {dag.py:3089} INFO - Sync 1 DAGs
[2026-02-26T11:21:18.985+0000] {logging_mixin.py:188} INFO - [2026-02-26T11:21:18.985+0000] {dag.py:3947} INFO - Setting next_dagrun for load_cb_courses to 2026-02-26 00:00:00+00:00, run_after=2026-02-27 00:00:00+00:00
[2026-02-26T11:21:19.009+0000] {processor.py:183} INFO - Processing /opt/airflow/dags/load_cb_courses.py took 0.574 seconds
[2026-02-26T11:21:49.323+0000] {processor.py:161} INFO - Started process (PID=1431) to work on /opt/airflow/dags/load_cb_courses.py
[2026-02-26T11:21:49.325+0000] {processor.py:830} INFO - Processing file /opt/airflow/dags/load_cb_courses.py for tasks to queue
[2026-02-26T11:21:49.341+0000] {logging_mixin.py:188} INFO - [2026-02-26T11:21:49.340+0000] {dagbag.py:545} INFO - Filling up the DagBag from /opt/airflow/dags/load_cb_courses.py
[2026-02-26T11:21:50.031+0000] {processor.py:840} INFO - DAG(s) 'load_cb_courses' retrieved from /opt/airflow/dags/load_cb_courses.py
[2026-02-26T11:21:50.059+0000] {logging_mixin.py:188} INFO - [2026-02-26T11:21:50.059+0000] {dag.py:3089} INFO - Sync 1 DAGs
[2026-02-26T11:21:50.082+0000] {logging_mixin.py:188} INFO - [2026-02-26T11:21:50.082+0000] {dag.py:3947} INFO - Setting next_dagrun for load_cb_courses to 2026-02-26 00:00:00+00:00, run_after=2026-02-27 00:00:00+00:00
[2026-02-26T11:21:50.104+0000] {processor.py:183} INFO - Processing /opt/airflow/dags/load_cb_courses.py took 0.808 seconds
[2026-02-26T11:22:20.623+0000] {processor.py:161} INFO - Started process (PID=1458) to work on /opt/airflow/dags/load_cb_courses.py
[2026-02-26T11:22:20.625+0000] {processor.py:830} INFO - Processing file /opt/airflow/dags/load_cb_courses.py for tasks to queue
[2026-02-26T11:22:20.627+0000] {logging_mixin.py:188} INFO - [2026-02-26T11:22:20.627+0000] {dagbag.py:545} INFO - Filling up the DagBag from /opt/airflow/dags/load_cb_courses.py
[2026-02-26T11:22:21.145+0000] {processor.py:840} INFO - DAG(s) 'load_cb_courses' retrieved from /opt/airflow/dags/load_cb_courses.py
[2026-02-26T11:22:21.169+0000] {logging_mixin.py:188} INFO - [2026-02-26T11:22:21.169+0000] {dag.py:3089} INFO - Sync 1 DAGs
[2026-02-26T11:22:21.192+0000] {logging_mixin.py:188} INFO - [2026-02-26T11:22:21.191+0000] {dag.py:3947} INFO - Setting next_dagrun for load_cb_courses to 2026-02-26 00:00:00+00:00, run_after=2026-02-27 00:00:00+00:00
[2026-02-26T11:22:21.217+0000] {processor.py:183} INFO - Processing /opt/airflow/dags/load_cb_courses.py took 0.600 seconds
[2026-02-26T11:22:51.447+0000] {processor.py:161} INFO - Started process (PID=1488) to work on /opt/airflow/dags/load_cb_courses.py
[2026-02-26T11:22:51.448+0000] {processor.py:830} INFO - Processing file /opt/airflow/dags/load_cb_courses.py for tasks to queue
[2026-02-26T11:22:51.451+0000] {logging_mixin.py:188} INFO - [2026-02-26T11:22:51.451+0000] {dagbag.py:545} INFO - Filling up the DagBag from /opt/airflow/dags/load_cb_courses.py
[2026-02-26T11:22:51.993+0000] {processor.py:840} INFO - DAG(s) 'load_cb_courses' retrieved from /opt/airflow/dags/load_cb_courses.py
[2026-02-26T11:22:52.017+0000] {logging_mixin.py:188} INFO - [2026-02-26T11:22:52.017+0000] {dag.py:3089} INFO - Sync 1 DAGs
[2026-02-26T11:22:52.039+0000] {logging_mixin.py:188} INFO - [2026-02-26T11:22:52.039+0000] {dag.py:3947} INFO - Setting next_dagrun for load_cb_courses to 2026-02-26 00:00:00+00:00, run_after=2026-02-27 00:00:00+00:00
[2026-02-26T11:22:52.085+0000] {processor.py:183} INFO - Processing /opt/airflow/dags/load_cb_courses.py took 0.645 seconds
[2026-02-26T11:23:22.513+0000] {processor.py:161} INFO - Started process (PID=1515) to work on /opt/airflow/dags/load_cb_courses.py
[2026-02-26T11:23:22.515+0000] {processor.py:830} INFO - Processing file /opt/airflow/dags/load_cb_courses.py for tasks to queue
[2026-02-26T11:23:22.519+0000] {logging_mixin.py:188} INFO - [2026-02-26T11:23:22.518+0000] {dagbag.py:545} INFO - Filling up the DagBag from /opt/airflow/dags/load_cb_courses.py
[2026-02-26T11:23:22.997+0000] {processor.py:840} INFO - DAG(s) 'load_cb_courses' retrieved from /opt/airflow/dags/load_cb_courses.py
[2026-02-26T11:23:23.027+0000] {logging_mixin.py:188} INFO - [2026-02-26T11:23:23.027+0000] {dag.py:3089} INFO - Sync 1 DAGs
[2026-02-26T11:23:23.053+0000] {logging_mixin.py:188} INFO - [2026-02-26T11:23:23.053+0000] {dag.py:3947} INFO - Setting next_dagrun for load_cb_courses to 2026-02-26 00:00:00+00:00, run_after=2026-02-27 00:00:00+00:00
[2026-02-26T11:23:23.080+0000] {processor.py:183} INFO - Processing /opt/airflow/dags/load_cb_courses.py took 0.578 seconds
[2026-02-26T11:23:53.311+0000] {processor.py:161} INFO - Started process (PID=1540) to work on /opt/airflow/dags/load_cb_courses.py
[2026-02-26T11:23:53.312+0000] {processor.py:830} INFO - Processing file /opt/airflow/dags/load_cb_courses.py for tasks to queue
[2026-02-26T11:23:53.315+0000] {logging_mixin.py:188} INFO - [2026-02-26T11:23:53.314+0000] {dagbag.py:545} INFO - Filling up the DagBag from /opt/airflow/dags/load_cb_courses.py
[2026-02-26T11:23:53.809+0000] {processor.py:840} INFO - DAG(s) 'load_cb_courses' retrieved from /opt/airflow/dags/load_cb_courses.py
[2026-02-26T11:23:53.830+0000] {logging_mixin.py:188} INFO - [2026-02-26T11:23:53.830+0000] {dag.py:3089} INFO - Sync 1 DAGs
[2026-02-26T11:23:53.850+0000] {logging_mixin.py:188} INFO - [2026-02-26T11:23:53.849+0000] {dag.py:3947} INFO - Setting next_dagrun for load_cb_courses to 2026-02-26 00:00:00+00:00, run_after=2026-02-27 00:00:00+00:00
[2026-02-26T11:23:53.871+0000] {processor.py:183} INFO - Processing /opt/airflow/dags/load_cb_courses.py took 0.567 seconds
[2026-02-26T11:24:24.223+0000] {processor.py:161} INFO - Started process (PID=1574) to work on /opt/airflow/dags/load_cb_courses.py
[2026-02-26T11:24:24.225+0000] {processor.py:830} INFO - Processing file /opt/airflow/dags/load_cb_courses.py for tasks to queue
[2026-02-26T11:24:24.227+0000] {logging_mixin.py:188} INFO - [2026-02-26T11:24:24.227+0000] {dagbag.py:545} INFO - Filling up the DagBag from /opt/airflow/dags/load_cb_courses.py
[2026-02-26T11:24:24.705+0000] {processor.py:840} INFO - DAG(s) 'load_cb_courses' retrieved from /opt/airflow/dags/load_cb_courses.py
[2026-02-26T11:24:24.725+0000] {logging_mixin.py:188} INFO - [2026-02-26T11:24:24.724+0000] {dag.py:3089} INFO - Sync 1 DAGs
[2026-02-26T11:24:24.746+0000] {logging_mixin.py:188} INFO - [2026-02-26T11:24:24.746+0000] {dag.py:3947} INFO - Setting next_dagrun for load_cb_courses to 2026-02-26 00:00:00+00:00, run_after=2026-02-27 00:00:00+00:00
[2026-02-26T11:24:24.766+0000] {processor.py:183} INFO - Processing /opt/airflow/dags/load_cb_courses.py took 0.549 seconds
[2026-02-26T11:24:54.902+0000] {processor.py:161} INFO - Started process (PID=1601) to work on /opt/airflow/dags/load_cb_courses.py
[2026-02-26T11:24:54.904+0000] {processor.py:830} INFO - Processing file /opt/airflow/dags/load_cb_courses.py for tasks to queue
[2026-02-26T11:24:54.906+0000] {logging_mixin.py:188} INFO - [2026-02-26T11:24:54.905+0000] {dagbag.py:545} INFO - Filling up the DagBag from /opt/airflow/dags/load_cb_courses.py
[2026-02-26T11:24:55.393+0000] {processor.py:840} INFO - DAG(s) 'load_cb_courses' retrieved from /opt/airflow/dags/load_cb_courses.py
[2026-02-26T11:24:55.416+0000] {logging_mixin.py:188} INFO - [2026-02-26T11:24:55.415+0000] {dag.py:3089} INFO - Sync 1 DAGs
[2026-02-26T11:24:55.438+0000] {logging_mixin.py:188} INFO - [2026-02-26T11:24:55.437+0000] {dag.py:3947} INFO - Setting next_dagrun for load_cb_courses to 2026-02-26 00:00:00+00:00, run_after=2026-02-27 00:00:00+00:00
[2026-02-26T11:24:55.459+0000] {processor.py:183} INFO - Processing /opt/airflow/dags/load_cb_courses.py took 0.567 seconds
[2026-02-26T11:25:25.665+0000] {processor.py:161} INFO - Started process (PID=1626) to work on /opt/airflow/dags/load_cb_courses.py
[2026-02-26T11:25:25.666+0000] {processor.py:830} INFO - Processing file /opt/airflow/dags/load_cb_courses.py for tasks to queue
[2026-02-26T11:25:25.668+0000] {logging_mixin.py:188} INFO - [2026-02-26T11:25:25.668+0000] {dagbag.py:545} INFO - Filling up the DagBag from /opt/airflow/dags/load_cb_courses.py
[2026-02-26T11:25:26.248+0000] {processor.py:840} INFO - DAG(s) 'load_cb_courses' retrieved from /opt/airflow/dags/load_cb_courses.py
[2026-02-26T11:25:26.279+0000] {logging_mixin.py:188} INFO - [2026-02-26T11:25:26.278+0000] {dag.py:3089} INFO - Sync 1 DAGs
[2026-02-26T11:25:26.302+0000] {logging_mixin.py:188} INFO - [2026-02-26T11:25:26.302+0000] {dag.py:3947} INFO - Setting next_dagrun for load_cb_courses to 2026-02-26 00:00:00+00:00, run_after=2026-02-27 00:00:00+00:00
[2026-02-26T11:25:26.323+0000] {processor.py:183} INFO - Processing /opt/airflow/dags/load_cb_courses.py took 0.664 seconds
[2026-02-26T11:25:56.534+0000] {processor.py:161} INFO - Started process (PID=1660) to work on /opt/airflow/dags/load_cb_courses.py
[2026-02-26T11:25:56.535+0000] {processor.py:830} INFO - Processing file /opt/airflow/dags/load_cb_courses.py for tasks to queue
[2026-02-26T11:25:56.537+0000] {logging_mixin.py:188} INFO - [2026-02-26T11:25:56.537+0000] {dagbag.py:545} INFO - Filling up the DagBag from /opt/airflow/dags/load_cb_courses.py
[2026-02-26T11:25:56.972+0000] {processor.py:840} INFO - DAG(s) 'load_cb_courses' retrieved from /opt/airflow/dags/load_cb_courses.py
[2026-02-26T11:25:56.993+0000] {logging_mixin.py:188} INFO - [2026-02-26T11:25:56.993+0000] {dag.py:3089} INFO - Sync 1 DAGs
[2026-02-26T11:25:57.012+0000] {logging_mixin.py:188} INFO - [2026-02-26T11:25:57.012+0000] {dag.py:3947} INFO - Setting next_dagrun for load_cb_courses to 2026-02-26 00:00:00+00:00, run_after=2026-02-27 00:00:00+00:00
[2026-02-26T11:25:57.034+0000] {processor.py:183} INFO - Processing /opt/airflow/dags/load_cb_courses.py took 0.506 seconds
[2026-02-26T11:26:27.231+0000] {processor.py:161} INFO - Started process (PID=1685) to work on /opt/airflow/dags/load_cb_courses.py
[2026-02-26T11:26:27.232+0000] {processor.py:830} INFO - Processing file /opt/airflow/dags/load_cb_courses.py for tasks to queue
[2026-02-26T11:26:27.234+0000] {logging_mixin.py:188} INFO - [2026-02-26T11:26:27.234+0000] {dagbag.py:545} INFO - Filling up the DagBag from /opt/airflow/dags/load_cb_courses.py
[2026-02-26T11:26:27.704+0000] {processor.py:840} INFO - DAG(s) 'load_cb_courses' retrieved from /opt/airflow/dags/load_cb_courses.py
[2026-02-26T11:26:27.726+0000] {logging_mixin.py:188} INFO - [2026-02-26T11:26:27.726+0000] {dag.py:3089} INFO - Sync 1 DAGs
[2026-02-26T11:26:27.747+0000] {logging_mixin.py:188} INFO - [2026-02-26T11:26:27.746+0000] {dag.py:3947} INFO - Setting next_dagrun for load_cb_courses to 2026-02-26 00:00:00+00:00, run_after=2026-02-27 00:00:00+00:00
[2026-02-26T11:26:27.766+0000] {processor.py:183} INFO - Processing /opt/airflow/dags/load_cb_courses.py took 0.544 seconds
[2026-02-26T11:26:57.867+0000] {processor.py:161} INFO - Started process (PID=1711) to work on /opt/airflow/dags/load_cb_courses.py
[2026-02-26T11:26:57.867+0000] {processor.py:830} INFO - Processing file /opt/airflow/dags/load_cb_courses.py for tasks to queue
[2026-02-26T11:26:57.870+0000] {logging_mixin.py:188} INFO - [2026-02-26T11:26:57.869+0000] {dagbag.py:545} INFO - Filling up the DagBag from /opt/airflow/dags/load_cb_courses.py
[2026-02-26T11:26:58.321+0000] {processor.py:840} INFO - DAG(s) 'load_cb_courses' retrieved from /opt/airflow/dags/load_cb_courses.py
[2026-02-26T11:26:58.348+0000] {logging_mixin.py:188} INFO - [2026-02-26T11:26:58.348+0000] {dag.py:3089} INFO - Sync 1 DAGs
[2026-02-26T11:26:58.371+0000] {logging_mixin.py:188} INFO - [2026-02-26T11:26:58.370+0000] {dag.py:3947} INFO - Setting next_dagrun for load_cb_courses to 2026-02-26 00:00:00+00:00, run_after=2026-02-27 00:00:00+00:00
[2026-02-26T11:26:58.397+0000] {processor.py:183} INFO - Processing /opt/airflow/dags/load_cb_courses.py took 0.537 seconds
[2026-02-26T11:27:28.610+0000] {processor.py:161} INFO - Started process (PID=1743) to work on /opt/airflow/dags/load_cb_courses.py
[2026-02-26T11:27:28.612+0000] {processor.py:830} INFO - Processing file /opt/airflow/dags/load_cb_courses.py for tasks to queue
[2026-02-26T11:27:28.615+0000] {logging_mixin.py:188} INFO - [2026-02-26T11:27:28.615+0000] {dagbag.py:545} INFO - Filling up the DagBag from /opt/airflow/dags/load_cb_courses.py
[2026-02-26T11:27:29.100+0000] {processor.py:840} INFO - DAG(s) 'load_cb_courses' retrieved from /opt/airflow/dags/load_cb_courses.py
[2026-02-26T11:27:29.128+0000] {logging_mixin.py:188} INFO - [2026-02-26T11:27:29.127+0000] {dag.py:3089} INFO - Sync 1 DAGs
[2026-02-26T11:27:29.150+0000] {logging_mixin.py:188} INFO - [2026-02-26T11:27:29.149+0000] {dag.py:3947} INFO - Setting next_dagrun for load_cb_courses to 2026-02-26 00:00:00+00:00, run_after=2026-02-27 00:00:00+00:00
[2026-02-26T11:27:29.171+0000] {processor.py:183} INFO - Processing /opt/airflow/dags/load_cb_courses.py took 0.568 seconds
[2026-02-26T11:27:59.294+0000] {processor.py:161} INFO - Started process (PID=1769) to work on /opt/airflow/dags/load_cb_courses.py
[2026-02-26T11:27:59.296+0000] {processor.py:830} INFO - Processing file /opt/airflow/dags/load_cb_courses.py for tasks to queue
[2026-02-26T11:27:59.298+0000] {logging_mixin.py:188} INFO - [2026-02-26T11:27:59.298+0000] {dagbag.py:545} INFO - Filling up the DagBag from /opt/airflow/dags/load_cb_courses.py
[2026-02-26T11:27:59.902+0000] {processor.py:840} INFO - DAG(s) 'load_cb_courses' retrieved from /opt/airflow/dags/load_cb_courses.py
[2026-02-26T11:27:59.928+0000] {logging_mixin.py:188} INFO - [2026-02-26T11:27:59.927+0000] {dag.py:3089} INFO - Sync 1 DAGs
[2026-02-26T11:27:59.951+0000] {logging_mixin.py:188} INFO - [2026-02-26T11:27:59.951+0000] {dag.py:3947} INFO - Setting next_dagrun for load_cb_courses to 2026-02-26 00:00:00+00:00, run_after=2026-02-27 00:00:00+00:00
[2026-02-26T11:27:59.986+0000] {processor.py:183} INFO - Processing /opt/airflow/dags/load_cb_courses.py took 0.698 seconds
[2026-02-26T11:28:30.220+0000] {processor.py:161} INFO - Started process (PID=1801) to work on /opt/airflow/dags/load_cb_courses.py
[2026-02-26T11:28:30.222+0000] {processor.py:830} INFO - Processing file /opt/airflow/dags/load_cb_courses.py for tasks to queue
[2026-02-26T11:28:30.224+0000] {logging_mixin.py:188} INFO - [2026-02-26T11:28:30.224+0000] {dagbag.py:545} INFO - Filling up the DagBag from /opt/airflow/dags/load_cb_courses.py
[2026-02-26T11:28:30.778+0000] {processor.py:840} INFO - DAG(s) 'load_cb_courses' retrieved from /opt/airflow/dags/load_cb_courses.py
[2026-02-26T11:28:30.808+0000] {logging_mixin.py:188} INFO - [2026-02-26T11:28:30.807+0000] {dag.py:3089} INFO - Sync 1 DAGs
[2026-02-26T11:28:30.836+0000] {logging_mixin.py:188} INFO - [2026-02-26T11:28:30.836+0000] {dag.py:3947} INFO - Setting next_dagrun for load_cb_courses to 2026-02-26 00:00:00+00:00, run_after=2026-02-27 00:00:00+00:00
[2026-02-26T11:28:30.869+0000] {processor.py:183} INFO - Processing /opt/airflow/dags/load_cb_courses.py took 0.657 seconds
[2026-02-26T11:29:01.128+0000] {processor.py:161} INFO - Started process (PID=1827) to work on /opt/airflow/dags/load_cb_courses.py
[2026-02-26T11:29:01.130+0000] {processor.py:830} INFO - Processing file /opt/airflow/dags/load_cb_courses.py for tasks to queue
[2026-02-26T11:29:01.132+0000] {logging_mixin.py:188} INFO - [2026-02-26T11:29:01.132+0000] {dagbag.py:545} INFO - Filling up the DagBag from /opt/airflow/dags/load_cb_courses.py
[2026-02-26T11:29:01.649+0000] {processor.py:840} INFO - DAG(s) 'load_cb_courses' retrieved from /opt/airflow/dags/load_cb_courses.py
[2026-02-26T11:29:01.672+0000] {logging_mixin.py:188} INFO - [2026-02-26T11:29:01.671+0000] {dag.py:3089} INFO - Sync 1 DAGs
[2026-02-26T11:29:01.694+0000] {logging_mixin.py:188} INFO - [2026-02-26T11:29:01.693+0000] {dag.py:3947} INFO - Setting next_dagrun for load_cb_courses to 2026-02-26 00:00:00+00:00, run_after=2026-02-27 00:00:00+00:00
[2026-02-26T11:29:01.717+0000] {processor.py:183} INFO - Processing /opt/airflow/dags/load_cb_courses.py took 0.596 seconds
[2026-02-26T11:29:32.069+0000] {processor.py:161} INFO - Started process (PID=1853) to work on /opt/airflow/dags/load_cb_courses.py
[2026-02-26T11:29:32.071+0000] {processor.py:830} INFO - Processing file /opt/airflow/dags/load_cb_courses.py for tasks to queue
[2026-02-26T11:29:32.073+0000] {logging_mixin.py:188} INFO - [2026-02-26T11:29:32.073+0000] {dagbag.py:545} INFO - Filling up the DagBag from /opt/airflow/dags/load_cb_courses.py
[2026-02-26T11:29:32.662+0000] {processor.py:840} INFO - DAG(s) 'load_cb_courses' retrieved from /opt/airflow/dags/load_cb_courses.py
[2026-02-26T11:29:32.699+0000] {logging_mixin.py:188} INFO - [2026-02-26T11:29:32.698+0000] {dag.py:3089} INFO - Sync 1 DAGs
[2026-02-26T11:29:32.723+0000] {logging_mixin.py:188} INFO - [2026-02-26T11:29:32.723+0000] {dag.py:3947} INFO - Setting next_dagrun for load_cb_courses to 2026-02-26 00:00:00+00:00, run_after=2026-02-27 00:00:00+00:00
[2026-02-26T11:29:32.751+0000] {processor.py:183} INFO - Processing /opt/airflow/dags/load_cb_courses.py took 0.689 seconds
[2026-02-26T11:30:03.214+0000] {processor.py:161} INFO - Started process (PID=1886) to work on /opt/airflow/dags/load_cb_courses.py
[2026-02-26T11:30:03.215+0000] {processor.py:830} INFO - Processing file /opt/airflow/dags/load_cb_courses.py for tasks to queue
[2026-02-26T11:30:03.218+0000] {logging_mixin.py:188} INFO - [2026-02-26T11:30:03.218+0000] {dagbag.py:545} INFO - Filling up the DagBag from /opt/airflow/dags/load_cb_courses.py
[2026-02-26T11:30:03.735+0000] {processor.py:840} INFO - DAG(s) 'load_cb_courses' retrieved from /opt/airflow/dags/load_cb_courses.py
[2026-02-26T11:30:03.762+0000] {logging_mixin.py:188} INFO - [2026-02-26T11:30:03.761+0000] {dag.py:3089} INFO - Sync 1 DAGs
[2026-02-26T11:30:03.784+0000] {logging_mixin.py:188} INFO - [2026-02-26T11:30:03.783+0000] {dag.py:3947} INFO - Setting next_dagrun for load_cb_courses to 2026-02-26 00:00:00+00:00, run_after=2026-02-27 00:00:00+00:00
[2026-02-26T11:30:03.810+0000] {processor.py:183} INFO - Processing /opt/airflow/dags/load_cb_courses.py took 0.603 seconds
[2026-02-26T11:30:34.052+0000] {processor.py:161} INFO - Started process (PID=1914) to work on /opt/airflow/dags/load_cb_courses.py
[2026-02-26T11:30:34.053+0000] {processor.py:830} INFO - Processing file /opt/airflow/dags/load_cb_courses.py for tasks to queue
[2026-02-26T11:30:34.055+0000] {logging_mixin.py:188} INFO - [2026-02-26T11:30:34.055+0000] {dagbag.py:545} INFO - Filling up the DagBag from /opt/airflow/dags/load_cb_courses.py
[2026-02-26T11:30:34.507+0000] {processor.py:840} INFO - DAG(s) 'load_cb_courses' retrieved from /opt/airflow/dags/load_cb_courses.py
[2026-02-26T11:30:34.529+0000] {logging_mixin.py:188} INFO - [2026-02-26T11:30:34.528+0000] {dag.py:3089} INFO - Sync 1 DAGs
[2026-02-26T11:30:34.549+0000] {logging_mixin.py:188} INFO - [2026-02-26T11:30:34.549+0000] {dag.py:3947} INFO - Setting next_dagrun for load_cb_courses to 2026-02-26 00:00:00+00:00, run_after=2026-02-27 00:00:00+00:00
[2026-02-26T11:30:34.571+0000] {processor.py:183} INFO - Processing /opt/airflow/dags/load_cb_courses.py took 0.525 seconds
[2026-02-26T11:31:05.296+0000] {processor.py:161} INFO - Started process (PID=1948) to work on /opt/airflow/dags/load_cb_courses.py
[2026-02-26T11:31:05.298+0000] {processor.py:830} INFO - Processing file /opt/airflow/dags/load_cb_courses.py for tasks to queue
[2026-02-26T11:31:05.301+0000] {logging_mixin.py:188} INFO - [2026-02-26T11:31:05.300+0000] {dagbag.py:545} INFO - Filling up the DagBag from /opt/airflow/dags/load_cb_courses.py
[2026-02-26T11:31:06.011+0000] {processor.py:840} INFO - DAG(s) 'load_cb_courses' retrieved from /opt/airflow/dags/load_cb_courses.py
[2026-02-26T11:31:06.043+0000] {logging_mixin.py:188} INFO - [2026-02-26T11:31:06.042+0000] {dag.py:3089} INFO - Sync 1 DAGs
[2026-02-26T11:31:06.069+0000] {logging_mixin.py:188} INFO - [2026-02-26T11:31:06.069+0000] {dag.py:3947} INFO - Setting next_dagrun for load_cb_courses to 2026-02-26 00:00:00+00:00, run_after=2026-02-27 00:00:00+00:00
[2026-02-26T11:31:06.097+0000] {processor.py:183} INFO - Processing /opt/airflow/dags/load_cb_courses.py took 0.814 seconds
[2026-02-26T11:31:36.360+0000] {processor.py:161} INFO - Started process (PID=1974) to work on /opt/airflow/dags/load_cb_courses.py
[2026-02-26T11:31:36.363+0000] {processor.py:830} INFO - Processing file /opt/airflow/dags/load_cb_courses.py for tasks to queue
[2026-02-26T11:31:36.366+0000] {logging_mixin.py:188} INFO - [2026-02-26T11:31:36.366+0000] {dagbag.py:545} INFO - Filling up the DagBag from /opt/airflow/dags/load_cb_courses.py
[2026-02-26T11:31:36.865+0000] {processor.py:840} INFO - DAG(s) 'load_cb_courses' retrieved from /opt/airflow/dags/load_cb_courses.py
[2026-02-26T11:31:36.887+0000] {logging_mixin.py:188} INFO - [2026-02-26T11:31:36.887+0000] {dag.py:3089} INFO - Sync 1 DAGs
[2026-02-26T11:31:36.908+0000] {logging_mixin.py:188} INFO - [2026-02-26T11:31:36.908+0000] {dag.py:3947} INFO - Setting next_dagrun for load_cb_courses to 2026-02-26 00:00:00+00:00, run_after=2026-02-27 00:00:00+00:00
[2026-02-26T11:31:36.939+0000] {processor.py:183} INFO - Processing /opt/airflow/dags/load_cb_courses.py took 0.591 seconds
[2026-02-26T11:32:07.324+0000] {processor.py:161} INFO - Started process (PID=2000) to work on /opt/airflow/dags/load_cb_courses.py
[2026-02-26T11:32:07.326+0000] {processor.py:830} INFO - Processing file /opt/airflow/dags/load_cb_courses.py for tasks to queue
[2026-02-26T11:32:07.328+0000] {logging_mixin.py:188} INFO - [2026-02-26T11:32:07.327+0000] {dagbag.py:545} INFO - Filling up the DagBag from /opt/airflow/dags/load_cb_courses.py
[2026-02-26T11:32:07.767+0000] {processor.py:840} INFO - DAG(s) 'load_cb_courses' retrieved from /opt/airflow/dags/load_cb_courses.py
[2026-02-26T11:32:07.788+0000] {logging_mixin.py:188} INFO - [2026-02-26T11:32:07.787+0000] {dag.py:3089} INFO - Sync 1 DAGs
[2026-02-26T11:32:07.807+0000] {logging_mixin.py:188} INFO - [2026-02-26T11:32:07.807+0000] {dag.py:3947} INFO - Setting next_dagrun for load_cb_courses to 2026-02-26 00:00:00+00:00, run_after=2026-02-27 00:00:00+00:00
[2026-02-26T11:32:07.828+0000] {processor.py:183} INFO - Processing /opt/airflow/dags/load_cb_courses.py took 0.510 seconds
[2026-02-26T11:32:38.115+0000] {processor.py:161} INFO - Started process (PID=2033) to work on /opt/airflow/dags/load_cb_courses.py
[2026-02-26T11:32:38.117+0000] {processor.py:830} INFO - Processing file /opt/airflow/dags/load_cb_courses.py for tasks to queue
[2026-02-26T11:32:38.119+0000] {logging_mixin.py:188} INFO - [2026-02-26T11:32:38.119+0000] {dagbag.py:545} INFO - Filling up the DagBag from /opt/airflow/dags/load_cb_courses.py
[2026-02-26T11:32:38.662+0000] {processor.py:840} INFO - DAG(s) 'load_cb_courses' retrieved from /opt/airflow/dags/load_cb_courses.py
[2026-02-26T11:32:38.695+0000] {logging_mixin.py:188} INFO - [2026-02-26T11:32:38.694+0000] {dag.py:3089} INFO - Sync 1 DAGs
[2026-02-26T11:32:38.718+0000] {logging_mixin.py:188} INFO - [2026-02-26T11:32:38.718+0000] {dag.py:3947} INFO - Setting next_dagrun for load_cb_courses to 2026-02-26 00:00:00+00:00, run_after=2026-02-27 00:00:00+00:00
[2026-02-26T11:32:38.745+0000] {processor.py:183} INFO - Processing /opt/airflow/dags/load_cb_courses.py took 0.636 seconds
[2026-02-26T11:33:09.018+0000] {processor.py:161} INFO - Started process (PID=2060) to work on /opt/airflow/dags/load_cb_courses.py
[2026-02-26T11:33:09.020+0000] {processor.py:830} INFO - Processing file /opt/airflow/dags/load_cb_courses.py for tasks to queue
[2026-02-26T11:33:09.022+0000] {logging_mixin.py:188} INFO - [2026-02-26T11:33:09.021+0000] {dagbag.py:545} INFO - Filling up the DagBag from /opt/airflow/dags/load_cb_courses.py
[2026-02-26T11:33:09.474+0000] {processor.py:840} INFO - DAG(s) 'load_cb_courses' retrieved from /opt/airflow/dags/load_cb_courses.py
[2026-02-26T11:33:09.495+0000] {logging_mixin.py:188} INFO - [2026-02-26T11:33:09.494+0000] {dag.py:3089} INFO - Sync 1 DAGs
[2026-02-26T11:33:09.516+0000] {logging_mixin.py:188} INFO - [2026-02-26T11:33:09.515+0000] {dag.py:3947} INFO - Setting next_dagrun for load_cb_courses to 2026-02-26 00:00:00+00:00, run_after=2026-02-27 00:00:00+00:00
[2026-02-26T11:33:09.534+0000] {processor.py:183} INFO - Processing /opt/airflow/dags/load_cb_courses.py took 0.522 seconds
[2026-02-26T11:33:39.836+0000] {processor.py:161} INFO - Started process (PID=2087) to work on /opt/airflow/dags/load_cb_courses.py
[2026-02-26T11:33:39.841+0000] {processor.py:830} INFO - Processing file /opt/airflow/dags/load_cb_courses.py for tasks to queue
[2026-02-26T11:33:39.847+0000] {logging_mixin.py:188} INFO - [2026-02-26T11:33:39.846+0000] {dagbag.py:545} INFO - Filling up the DagBag from /opt/airflow/dags/load_cb_courses.py
[2026-02-26T11:33:40.439+0000] {processor.py:840} INFO - DAG(s) 'load_cb_courses' retrieved from /opt/airflow/dags/load_cb_courses.py
[2026-02-26T11:33:40.463+0000] {logging_mixin.py:188} INFO - [2026-02-26T11:33:40.463+0000] {dag.py:3089} INFO - Sync 1 DAGs
[2026-02-26T11:33:40.483+0000] {logging_mixin.py:188} INFO - [2026-02-26T11:33:40.483+0000] {dag.py:3947} INFO - Setting next_dagrun for load_cb_courses to 2026-02-26 00:00:00+00:00, run_after=2026-02-27 00:00:00+00:00
[2026-02-26T11:33:40.508+0000] {processor.py:183} INFO - Processing /opt/airflow/dags/load_cb_courses.py took 0.678 seconds
[2026-02-26T11:34:10.831+0000] {processor.py:161} INFO - Started process (PID=2120) to work on /opt/airflow/dags/load_cb_courses.py
[2026-02-26T11:34:10.832+0000] {processor.py:830} INFO - Processing file /opt/airflow/dags/load_cb_courses.py for tasks to queue
[2026-02-26T11:34:10.834+0000] {logging_mixin.py:188} INFO - [2026-02-26T11:34:10.834+0000] {dagbag.py:545} INFO - Filling up the DagBag from /opt/airflow/dags/load_cb_courses.py
[2026-02-26T11:34:11.298+0000] {processor.py:840} INFO - DAG(s) 'load_cb_courses' retrieved from /opt/airflow/dags/load_cb_courses.py
[2026-02-26T11:34:11.321+0000] {logging_mixin.py:188} INFO - [2026-02-26T11:34:11.320+0000] {dag.py:3089} INFO - Sync 1 DAGs
[2026-02-26T11:34:11.339+0000] {logging_mixin.py:188} INFO - [2026-02-26T11:34:11.339+0000] {dag.py:3947} INFO - Setting next_dagrun for load_cb_courses to 2026-02-26 00:00:00+00:00, run_after=2026-02-27 00:00:00+00:00
[2026-02-26T11:34:11.361+0000] {processor.py:183} INFO - Processing /opt/airflow/dags/load_cb_courses.py took 0.535 seconds
[2026-02-26T11:34:41.572+0000] {processor.py:161} INFO - Started process (PID=2146) to work on /opt/airflow/dags/load_cb_courses.py
[2026-02-26T11:34:41.573+0000] {processor.py:830} INFO - Processing file /opt/airflow/dags/load_cb_courses.py for tasks to queue
[2026-02-26T11:34:41.575+0000] {logging_mixin.py:188} INFO - [2026-02-26T11:34:41.575+0000] {dagbag.py:545} INFO - Filling up the DagBag from /opt/airflow/dags/load_cb_courses.py
[2026-02-26T11:34:42.088+0000] {processor.py:840} INFO - DAG(s) 'load_cb_courses' retrieved from /opt/airflow/dags/load_cb_courses.py
[2026-02-26T11:34:42.116+0000] {logging_mixin.py:188} INFO - [2026-02-26T11:34:42.115+0000] {dag.py:3089} INFO - Sync 1 DAGs
[2026-02-26T11:34:42.141+0000] {logging_mixin.py:188} INFO - [2026-02-26T11:34:42.141+0000] {dag.py:3947} INFO - Setting next_dagrun for load_cb_courses to 2026-02-26 00:00:00+00:00, run_after=2026-02-27 00:00:00+00:00
[2026-02-26T11:34:42.167+0000] {processor.py:183} INFO - Processing /opt/airflow/dags/load_cb_courses.py took 0.602 seconds
[2026-02-26T11:35:12.568+0000] {processor.py:161} INFO - Started process (PID=2172) to work on /opt/airflow/dags/load_cb_courses.py
[2026-02-26T11:35:12.569+0000] {processor.py:830} INFO - Processing file /opt/airflow/dags/load_cb_courses.py for tasks to queue
[2026-02-26T11:35:12.572+0000] {logging_mixin.py:188} INFO - [2026-02-26T11:35:12.571+0000] {dagbag.py:545} INFO - Filling up the DagBag from /opt/airflow/dags/load_cb_courses.py
[2026-02-26T11:35:13.088+0000] {processor.py:840} INFO - DAG(s) 'load_cb_courses' retrieved from /opt/airflow/dags/load_cb_courses.py
[2026-02-26T11:35:13.123+0000] {logging_mixin.py:188} INFO - [2026-02-26T11:35:13.123+0000] {dag.py:3089} INFO - Sync 1 DAGs
[2026-02-26T11:35:13.146+0000] {logging_mixin.py:188} INFO - [2026-02-26T11:35:13.146+0000] {dag.py:3947} INFO - Setting next_dagrun for load_cb_courses to 2026-02-26 00:00:00+00:00, run_after=2026-02-27 00:00:00+00:00
[2026-02-26T11:35:13.190+0000] {processor.py:183} INFO - Processing /opt/airflow/dags/load_cb_courses.py took 0.629 seconds
[2026-02-26T11:35:43.417+0000] {processor.py:161} INFO - Started process (PID=2205) to work on /opt/airflow/dags/load_cb_courses.py
[2026-02-26T11:35:43.418+0000] {processor.py:830} INFO - Processing file /opt/airflow/dags/load_cb_courses.py for tasks to queue
[2026-02-26T11:35:43.420+0000] {logging_mixin.py:188} INFO - [2026-02-26T11:35:43.420+0000] {dagbag.py:545} INFO - Filling up the DagBag from /opt/airflow/dags/load_cb_courses.py
[2026-02-26T11:35:43.882+0000] {processor.py:840} INFO - DAG(s) 'load_cb_courses' retrieved from /opt/airflow/dags/load_cb_courses.py
[2026-02-26T11:35:43.906+0000] {logging_mixin.py:188} INFO - [2026-02-26T11:35:43.905+0000] {dag.py:3089} INFO - Sync 1 DAGs
[2026-02-26T11:35:43.929+0000] {logging_mixin.py:188} INFO - [2026-02-26T11:35:43.929+0000] {dag.py:3947} INFO - Setting next_dagrun for load_cb_courses to 2026-02-26 00:00:00+00:00, run_after=2026-02-27 00:00:00+00:00
[2026-02-26T11:35:43.950+0000] {processor.py:183} INFO - Processing /opt/airflow/dags/load_cb_courses.py took 0.539 seconds
[2026-02-26T11:36:14.312+0000] {processor.py:161} INFO - Started process (PID=2232) to work on /opt/airflow/dags/load_cb_courses.py
[2026-02-26T11:36:14.313+0000] {processor.py:830} INFO - Processing file /opt/airflow/dags/load_cb_courses.py for tasks to queue
[2026-02-26T11:36:14.315+0000] {logging_mixin.py:188} INFO - [2026-02-26T11:36:14.315+0000] {dagbag.py:545} INFO - Filling up the DagBag from /opt/airflow/dags/load_cb_courses.py
[2026-02-26T11:36:14.743+0000] {processor.py:840} INFO - DAG(s) 'load_cb_courses' retrieved from /opt/airflow/dags/load_cb_courses.py
[2026-02-26T11:36:14.766+0000] {logging_mixin.py:188} INFO - [2026-02-26T11:36:14.765+0000] {dag.py:3089} INFO - Sync 1 DAGs
[2026-02-26T11:36:14.785+0000] {logging_mixin.py:188} INFO - [2026-02-26T11:36:14.785+0000] {dag.py:3947} INFO - Setting next_dagrun for load_cb_courses to 2026-02-26 00:00:00+00:00, run_after=2026-02-27 00:00:00+00:00
[2026-02-26T11:36:14.804+0000] {processor.py:183} INFO - Processing /opt/airflow/dags/load_cb_courses.py took 0.498 seconds
[2026-02-26T11:36:45.099+0000] {processor.py:161} INFO - Started process (PID=2264) to work on /opt/airflow/dags/load_cb_courses.py
[2026-02-26T11:36:45.101+0000] {processor.py:830} INFO - Processing file /opt/airflow/dags/load_cb_courses.py for tasks to queue
[2026-02-26T11:36:45.104+0000] {logging_mixin.py:188} INFO - [2026-02-26T11:36:45.104+0000] {dagbag.py:545} INFO - Filling up the DagBag from /opt/airflow/dags/load_cb_courses.py
[2026-02-26T11:36:45.567+0000] {processor.py:840} INFO - DAG(s) 'load_cb_courses' retrieved from /opt/airflow/dags/load_cb_courses.py
[2026-02-26T11:36:45.592+0000] {logging_mixin.py:188} INFO - [2026-02-26T11:36:45.591+0000] {dag.py:3089} INFO - Sync 1 DAGs
[2026-02-26T11:36:45.613+0000] {logging_mixin.py:188} INFO - [2026-02-26T11:36:45.613+0000] {dag.py:3947} INFO - Setting next_dagrun for load_cb_courses to 2026-02-26 00:00:00+00:00, run_after=2026-02-27 00:00:00+00:00
[2026-02-26T11:36:45.640+0000] {processor.py:183} INFO - Processing /opt/airflow/dags/load_cb_courses.py took 0.547 seconds
[2026-02-26T11:37:15.957+0000] {processor.py:161} INFO - Started process (PID=2290) to work on /opt/airflow/dags/load_cb_courses.py
[2026-02-26T11:37:15.958+0000] {processor.py:830} INFO - Processing file /opt/airflow/dags/load_cb_courses.py for tasks to queue
[2026-02-26T11:37:15.960+0000] {logging_mixin.py:188} INFO - [2026-02-26T11:37:15.960+0000] {dagbag.py:545} INFO - Filling up the DagBag from /opt/airflow/dags/load_cb_courses.py
[2026-02-26T11:37:16.409+0000] {processor.py:840} INFO - DAG(s) 'load_cb_courses' retrieved from /opt/airflow/dags/load_cb_courses.py
[2026-02-26T11:37:16.431+0000] {logging_mixin.py:188} INFO - [2026-02-26T11:37:16.430+0000] {dag.py:3089} INFO - Sync 1 DAGs
[2026-02-26T11:37:16.450+0000] {logging_mixin.py:188} INFO - [2026-02-26T11:37:16.449+0000] {dag.py:3947} INFO - Setting next_dagrun for load_cb_courses to 2026-02-26 00:00:00+00:00, run_after=2026-02-27 00:00:00+00:00
[2026-02-26T11:37:16.468+0000] {processor.py:183} INFO - Processing /opt/airflow/dags/load_cb_courses.py took 0.517 seconds
[2026-02-26T11:37:46.693+0000] {processor.py:161} INFO - Started process (PID=2314) to work on /opt/airflow/dags/load_cb_courses.py
[2026-02-26T11:37:46.694+0000] {processor.py:830} INFO - Processing file /opt/airflow/dags/load_cb_courses.py for tasks to queue
[2026-02-26T11:37:46.696+0000] {logging_mixin.py:188} INFO - [2026-02-26T11:37:46.696+0000] {dagbag.py:545} INFO - Filling up the DagBag from /opt/airflow/dags/load_cb_courses.py
[2026-02-26T11:37:47.185+0000] {processor.py:840} INFO - DAG(s) 'load_cb_courses' retrieved from /opt/airflow/dags/load_cb_courses.py
[2026-02-26T11:37:47.214+0000] {logging_mixin.py:188} INFO - [2026-02-26T11:37:47.214+0000] {dag.py:3089} INFO - Sync 1 DAGs
[2026-02-26T11:37:47.246+0000] {logging_mixin.py:188} INFO - [2026-02-26T11:37:47.246+0000] {dag.py:3947} INFO - Setting next_dagrun for load_cb_courses to 2026-02-26 00:00:00+00:00, run_after=2026-02-27 00:00:00+00:00
[2026-02-26T11:37:47.281+0000] {processor.py:183} INFO - Processing /opt/airflow/dags/load_cb_courses.py took 0.595 seconds
[2026-02-26T11:38:17.551+0000] {processor.py:161} INFO - Started process (PID=2347) to work on /opt/airflow/dags/load_cb_courses.py
[2026-02-26T11:38:17.553+0000] {processor.py:830} INFO - Processing file /opt/airflow/dags/load_cb_courses.py for tasks to queue
[2026-02-26T11:38:17.555+0000] {logging_mixin.py:188} INFO - [2026-02-26T11:38:17.554+0000] {dagbag.py:545} INFO - Filling up the DagBag from /opt/airflow/dags/load_cb_courses.py
[2026-02-26T11:38:17.977+0000] {processor.py:840} INFO - DAG(s) 'load_cb_courses' retrieved from /opt/airflow/dags/load_cb_courses.py
[2026-02-26T11:38:17.999+0000] {logging_mixin.py:188} INFO - [2026-02-26T11:38:17.999+0000] {dag.py:3089} INFO - Sync 1 DAGs
[2026-02-26T11:38:18.018+0000] {logging_mixin.py:188} INFO - [2026-02-26T11:38:18.018+0000] {dag.py:3947} INFO - Setting next_dagrun for load_cb_courses to 2026-02-26 00:00:00+00:00, run_after=2026-02-27 00:00:00+00:00
[2026-02-26T11:38:18.036+0000] {processor.py:183} INFO - Processing /opt/airflow/dags/load_cb_courses.py took 0.490 seconds
[2026-02-26T11:38:48.683+0000] {processor.py:161} INFO - Started process (PID=2375) to work on /opt/airflow/dags/load_cb_courses.py
[2026-02-26T11:38:48.684+0000] {processor.py:830} INFO - Processing file /opt/airflow/dags/load_cb_courses.py for tasks to queue
[2026-02-26T11:38:48.687+0000] {logging_mixin.py:188} INFO - [2026-02-26T11:38:48.686+0000] {dagbag.py:545} INFO - Filling up the DagBag from /opt/airflow/dags/load_cb_courses.py
[2026-02-26T11:38:49.181+0000] {processor.py:840} INFO - DAG(s) 'load_cb_courses' retrieved from /opt/airflow/dags/load_cb_courses.py
[2026-02-26T11:38:49.202+0000] {logging_mixin.py:188} INFO - [2026-02-26T11:38:49.202+0000] {dag.py:3089} INFO - Sync 1 DAGs
[2026-02-26T11:38:49.223+0000] {logging_mixin.py:188} INFO - [2026-02-26T11:38:49.223+0000] {dag.py:3947} INFO - Setting next_dagrun for load_cb_courses to 2026-02-26 00:00:00+00:00, run_after=2026-02-27 00:00:00+00:00
[2026-02-26T11:38:49.248+0000] {processor.py:183} INFO - Processing /opt/airflow/dags/load_cb_courses.py took 0.573 seconds
[2026-02-26T11:39:19.463+0000] {processor.py:161} INFO - Started process (PID=2409) to work on /opt/airflow/dags/load_cb_courses.py
[2026-02-26T11:39:19.464+0000] {processor.py:830} INFO - Processing file /opt/airflow/dags/load_cb_courses.py for tasks to queue
[2026-02-26T11:39:19.467+0000] {logging_mixin.py:188} INFO - [2026-02-26T11:39:19.466+0000] {dagbag.py:545} INFO - Filling up the DagBag from /opt/airflow/dags/load_cb_courses.py
[2026-02-26T11:39:19.974+0000] {processor.py:840} INFO - DAG(s) 'load_cb_courses' retrieved from /opt/airflow/dags/load_cb_courses.py
[2026-02-26T11:39:19.997+0000] {logging_mixin.py:188} INFO - [2026-02-26T11:39:19.996+0000] {dag.py:3089} INFO - Sync 1 DAGs
[2026-02-26T11:39:20.018+0000] {logging_mixin.py:188} INFO - [2026-02-26T11:39:20.018+0000] {dag.py:3947} INFO - Setting next_dagrun for load_cb_courses to 2026-02-26 00:00:00+00:00, run_after=2026-02-27 00:00:00+00:00
[2026-02-26T11:39:20.048+0000] {processor.py:183} INFO - Processing /opt/airflow/dags/load_cb_courses.py took 0.592 seconds
[2026-02-26T11:39:50.641+0000] {processor.py:161} INFO - Started process (PID=2435) to work on /opt/airflow/dags/load_cb_courses.py
[2026-02-26T11:39:50.643+0000] {processor.py:830} INFO - Processing file /opt/airflow/dags/load_cb_courses.py for tasks to queue
[2026-02-26T11:39:50.645+0000] {logging_mixin.py:188} INFO - [2026-02-26T11:39:50.645+0000] {dagbag.py:545} INFO - Filling up the DagBag from /opt/airflow/dags/load_cb_courses.py
[2026-02-26T11:39:51.111+0000] {processor.py:840} INFO - DAG(s) 'load_cb_courses' retrieved from /opt/airflow/dags/load_cb_courses.py
[2026-02-26T11:39:51.133+0000] {logging_mixin.py:188} INFO - [2026-02-26T11:39:51.132+0000] {dag.py:3089} INFO - Sync 1 DAGs
[2026-02-26T11:39:51.152+0000] {logging_mixin.py:188} INFO - [2026-02-26T11:39:51.151+0000] {dag.py:3947} INFO - Setting next_dagrun for load_cb_courses to 2026-02-26 00:00:00+00:00, run_after=2026-02-27 00:00:00+00:00
[2026-02-26T11:39:51.170+0000] {processor.py:183} INFO - Processing /opt/airflow/dags/load_cb_courses.py took 0.535 seconds
[2026-02-26T11:40:21.498+0000] {processor.py:161} INFO - Started process (PID=2467) to work on /opt/airflow/dags/load_cb_courses.py
[2026-02-26T11:40:21.500+0000] {processor.py:830} INFO - Processing file /opt/airflow/dags/load_cb_courses.py for tasks to queue
[2026-02-26T11:40:21.504+0000] {logging_mixin.py:188} INFO - [2026-02-26T11:40:21.503+0000] {dagbag.py:545} INFO - Filling up the DagBag from /opt/airflow/dags/load_cb_courses.py
[2026-02-26T11:40:22.054+0000] {processor.py:840} INFO - DAG(s) 'load_cb_courses' retrieved from /opt/airflow/dags/load_cb_courses.py
[2026-02-26T11:40:22.085+0000] {logging_mixin.py:188} INFO - [2026-02-26T11:40:22.084+0000] {dag.py:3089} INFO - Sync 1 DAGs
[2026-02-26T11:40:22.113+0000] {logging_mixin.py:188} INFO - [2026-02-26T11:40:22.113+0000] {dag.py:3947} INFO - Setting next_dagrun for load_cb_courses to 2026-02-26 00:00:00+00:00, run_after=2026-02-27 00:00:00+00:00
[2026-02-26T11:40:22.143+0000] {processor.py:183} INFO - Processing /opt/airflow/dags/load_cb_courses.py took 0.651 seconds
[2026-02-26T11:40:52.388+0000] {processor.py:161} INFO - Started process (PID=2494) to work on /opt/airflow/dags/load_cb_courses.py
[2026-02-26T11:40:52.390+0000] {processor.py:830} INFO - Processing file /opt/airflow/dags/load_cb_courses.py for tasks to queue
[2026-02-26T11:40:52.392+0000] {logging_mixin.py:188} INFO - [2026-02-26T11:40:52.392+0000] {dagbag.py:545} INFO - Filling up the DagBag from /opt/airflow/dags/load_cb_courses.py
[2026-02-26T11:40:52.839+0000] {processor.py:840} INFO - DAG(s) 'load_cb_courses' retrieved from /opt/airflow/dags/load_cb_courses.py
[2026-02-26T11:40:52.860+0000] {logging_mixin.py:188} INFO - [2026-02-26T11:40:52.860+0000] {dag.py:3089} INFO - Sync 1 DAGs
[2026-02-26T11:40:52.881+0000] {logging_mixin.py:188} INFO - [2026-02-26T11:40:52.880+0000] {dag.py:3947} INFO - Setting next_dagrun for load_cb_courses to 2026-02-26 00:00:00+00:00, run_after=2026-02-27 00:00:00+00:00
[2026-02-26T11:40:52.902+0000] {processor.py:183} INFO - Processing /opt/airflow/dags/load_cb_courses.py took 0.519 seconds
[2026-02-26T11:41:23.117+0000] {processor.py:161} INFO - Started process (PID=2520) to work on /opt/airflow/dags/load_cb_courses.py
[2026-02-26T11:41:23.119+0000] {processor.py:830} INFO - Processing file /opt/airflow/dags/load_cb_courses.py for tasks to queue
[2026-02-26T11:41:23.121+0000] {logging_mixin.py:188} INFO - [2026-02-26T11:41:23.120+0000] {dagbag.py:545} INFO - Filling up the DagBag from /opt/airflow/dags/load_cb_courses.py
[2026-02-26T11:41:23.608+0000] {processor.py:840} INFO - DAG(s) 'load_cb_courses' retrieved from /opt/airflow/dags/load_cb_courses.py
[2026-02-26T11:41:23.632+0000] {logging_mixin.py:188} INFO - [2026-02-26T11:41:23.631+0000] {dag.py:3089} INFO - Sync 1 DAGs
[2026-02-26T11:41:23.658+0000] {logging_mixin.py:188} INFO - [2026-02-26T11:41:23.658+0000] {dag.py:3947} INFO - Setting next_dagrun for load_cb_courses to 2026-02-26 00:00:00+00:00, run_after=2026-02-27 00:00:00+00:00
[2026-02-26T11:41:23.682+0000] {processor.py:183} INFO - Processing /opt/airflow/dags/load_cb_courses.py took 0.571 seconds
[2026-02-26T11:41:54.087+0000] {processor.py:161} INFO - Started process (PID=2553) to work on /opt/airflow/dags/load_cb_courses.py
[2026-02-26T11:41:54.088+0000] {processor.py:830} INFO - Processing file /opt/airflow/dags/load_cb_courses.py for tasks to queue
[2026-02-26T11:41:54.090+0000] {logging_mixin.py:188} INFO - [2026-02-26T11:41:54.090+0000] {dagbag.py:545} INFO - Filling up the DagBag from /opt/airflow/dags/load_cb_courses.py
[2026-02-26T11:41:54.525+0000] {processor.py:840} INFO - DAG(s) 'load_cb_courses' retrieved from /opt/airflow/dags/load_cb_courses.py
[2026-02-26T11:41:54.547+0000] {logging_mixin.py:188} INFO - [2026-02-26T11:41:54.547+0000] {dag.py:3089} INFO - Sync 1 DAGs
[2026-02-26T11:41:54.565+0000] {logging_mixin.py:188} INFO - [2026-02-26T11:41:54.565+0000] {dag.py:3947} INFO - Setting next_dagrun for load_cb_courses to 2026-02-26 00:00:00+00:00, run_after=2026-02-27 00:00:00+00:00
[2026-02-26T11:41:54.596+0000] {processor.py:183} INFO - Processing /opt/airflow/dags/load_cb_courses.py took 0.516 seconds
[2026-02-26T11:42:24.840+0000] {processor.py:161} INFO - Started process (PID=2577) to work on /opt/airflow/dags/load_cb_courses.py
[2026-02-26T11:42:24.841+0000] {processor.py:830} INFO - Processing file /opt/airflow/dags/load_cb_courses.py for tasks to queue
[2026-02-26T11:42:24.843+0000] {logging_mixin.py:188} INFO - [2026-02-26T11:42:24.843+0000] {dagbag.py:545} INFO - Filling up the DagBag from /opt/airflow/dags/load_cb_courses.py
[2026-02-26T11:42:25.278+0000] {processor.py:840} INFO - DAG(s) 'load_cb_courses' retrieved from /opt/airflow/dags/load_cb_courses.py
[2026-02-26T11:42:25.299+0000] {logging_mixin.py:188} INFO - [2026-02-26T11:42:25.298+0000] {dag.py:3089} INFO - Sync 1 DAGs
[2026-02-26T11:42:25.317+0000] {logging_mixin.py:188} INFO - [2026-02-26T11:42:25.317+0000] {dag.py:3947} INFO - Setting next_dagrun for load_cb_courses to 2026-02-26 00:00:00+00:00, run_after=2026-02-27 00:00:00+00:00
[2026-02-26T11:42:25.336+0000] {processor.py:183} INFO - Processing /opt/airflow/dags/load_cb_courses.py took 0.502 seconds
[2026-02-26T11:42:55.779+0000] {processor.py:161} INFO - Started process (PID=2608) to work on /opt/airflow/dags/load_cb_courses.py
[2026-02-26T11:42:55.781+0000] {processor.py:830} INFO - Processing file /opt/airflow/dags/load_cb_courses.py for tasks to queue
[2026-02-26T11:42:55.786+0000] {logging_mixin.py:188} INFO - [2026-02-26T11:42:55.785+0000] {dagbag.py:545} INFO - Filling up the DagBag from /opt/airflow/dags/load_cb_courses.py
[2026-02-26T11:42:56.327+0000] {processor.py:840} INFO - DAG(s) 'load_cb_courses' retrieved from /opt/airflow/dags/load_cb_courses.py
[2026-02-26T11:42:56.356+0000] {logging_mixin.py:188} INFO - [2026-02-26T11:42:56.356+0000] {dag.py:3089} INFO - Sync 1 DAGs
[2026-02-26T11:42:56.379+0000] {logging_mixin.py:188} INFO - [2026-02-26T11:42:56.378+0000] {dag.py:3947} INFO - Setting next_dagrun for load_cb_courses to 2026-02-26 00:00:00+00:00, run_after=2026-02-27 00:00:00+00:00
[2026-02-26T11:42:56.410+0000] {processor.py:183} INFO - Processing /opt/airflow/dags/load_cb_courses.py took 0.638 seconds
[2026-02-26T11:43:26.665+0000] {processor.py:161} INFO - Started process (PID=2638) to work on /opt/airflow/dags/load_cb_courses.py
[2026-02-26T11:43:26.666+0000] {processor.py:830} INFO - Processing file /opt/airflow/dags/load_cb_courses.py for tasks to queue
[2026-02-26T11:43:26.669+0000] {logging_mixin.py:188} INFO - [2026-02-26T11:43:26.668+0000] {dagbag.py:545} INFO - Filling up the DagBag from /opt/airflow/dags/load_cb_courses.py
[2026-02-26T11:43:27.191+0000] {processor.py:840} INFO - DAG(s) 'load_cb_courses' retrieved from /opt/airflow/dags/load_cb_courses.py
[2026-02-26T11:43:27.250+0000] {logging_mixin.py:188} INFO - [2026-02-26T11:43:27.249+0000] {dag.py:3089} INFO - Sync 1 DAGs
[2026-02-26T11:43:27.274+0000] {logging_mixin.py:188} INFO - [2026-02-26T11:43:27.273+0000] {dag.py:3947} INFO - Setting next_dagrun for load_cb_courses to 2026-02-26 00:00:00+00:00, run_after=2026-02-27 00:00:00+00:00
[2026-02-26T11:43:27.297+0000] {processor.py:183} INFO - Processing /opt/airflow/dags/load_cb_courses.py took 0.638 seconds
[2026-02-26T11:43:57.559+0000] {processor.py:161} INFO - Started process (PID=2664) to work on /opt/airflow/dags/load_cb_courses.py
[2026-02-26T11:43:57.561+0000] {processor.py:830} INFO - Processing file /opt/airflow/dags/load_cb_courses.py for tasks to queue
[2026-02-26T11:43:57.563+0000] {logging_mixin.py:188} INFO - [2026-02-26T11:43:57.563+0000] {dagbag.py:545} INFO - Filling up the DagBag from /opt/airflow/dags/load_cb_courses.py
[2026-02-26T11:43:58.012+0000] {processor.py:840} INFO - DAG(s) 'load_cb_courses' retrieved from /opt/airflow/dags/load_cb_courses.py
[2026-02-26T11:43:58.031+0000] {logging_mixin.py:188} INFO - [2026-02-26T11:43:58.031+0000] {dag.py:3089} INFO - Sync 1 DAGs
[2026-02-26T11:43:58.052+0000] {logging_mixin.py:188} INFO - [2026-02-26T11:43:58.052+0000] {dag.py:3947} INFO - Setting next_dagrun for load_cb_courses to 2026-02-26 00:00:00+00:00, run_after=2026-02-27 00:00:00+00:00
[2026-02-26T11:43:58.073+0000] {processor.py:183} INFO - Processing /opt/airflow/dags/load_cb_courses.py took 0.520 seconds
[2026-02-26T11:44:28.847+0000] {processor.py:161} INFO - Started process (PID=2702) to work on /opt/airflow/dags/load_cb_courses.py
[2026-02-26T11:44:28.848+0000] {processor.py:830} INFO - Processing file /opt/airflow/dags/load_cb_courses.py for tasks to queue
[2026-02-26T11:44:28.851+0000] {logging_mixin.py:188} INFO - [2026-02-26T11:44:28.850+0000] {dagbag.py:545} INFO - Filling up the DagBag from /opt/airflow/dags/load_cb_courses.py
[2026-02-26T11:44:29.313+0000] {processor.py:840} INFO - DAG(s) 'load_cb_courses' retrieved from /opt/airflow/dags/load_cb_courses.py
[2026-02-26T11:44:29.336+0000] {logging_mixin.py:188} INFO - [2026-02-26T11:44:29.336+0000] {dag.py:3089} INFO - Sync 1 DAGs
[2026-02-26T11:44:29.357+0000] {logging_mixin.py:188} INFO - [2026-02-26T11:44:29.356+0000] {dag.py:3947} INFO - Setting next_dagrun for load_cb_courses to 2026-02-26 00:00:00+00:00, run_after=2026-02-27 00:00:00+00:00
[2026-02-26T11:44:29.379+0000] {processor.py:183} INFO - Processing /opt/airflow/dags/load_cb_courses.py took 0.539 seconds
[2026-02-26T11:44:59.710+0000] {processor.py:161} INFO - Started process (PID=2730) to work on /opt/airflow/dags/load_cb_courses.py
[2026-02-26T11:44:59.711+0000] {processor.py:830} INFO - Processing file /opt/airflow/dags/load_cb_courses.py for tasks to queue
[2026-02-26T11:44:59.714+0000] {logging_mixin.py:188} INFO - [2026-02-26T11:44:59.714+0000] {dagbag.py:545} INFO - Filling up the DagBag from /opt/airflow/dags/load_cb_courses.py
[2026-02-26T11:45:00.172+0000] {processor.py:840} INFO - DAG(s) 'load_cb_courses' retrieved from /opt/airflow/dags/load_cb_courses.py
[2026-02-26T11:45:00.195+0000] {logging_mixin.py:188} INFO - [2026-02-26T11:45:00.194+0000] {dag.py:3089} INFO - Sync 1 DAGs
[2026-02-26T11:45:00.213+0000] {logging_mixin.py:188} INFO - [2026-02-26T11:45:00.213+0000] {dag.py:3947} INFO - Setting next_dagrun for load_cb_courses to 2026-02-26 00:00:00+00:00, run_after=2026-02-27 00:00:00+00:00
[2026-02-26T11:45:00.234+0000] {processor.py:183} INFO - Processing /opt/airflow/dags/load_cb_courses.py took 0.530 seconds
[2026-02-26T11:45:30.457+0000] {processor.py:161} INFO - Started process (PID=2756) to work on /opt/airflow/dags/load_cb_courses.py
[2026-02-26T11:45:30.459+0000] {processor.py:830} INFO - Processing file /opt/airflow/dags/load_cb_courses.py for tasks to queue
[2026-02-26T11:45:30.461+0000] {logging_mixin.py:188} INFO - [2026-02-26T11:45:30.461+0000] {dagbag.py:545} INFO - Filling up the DagBag from /opt/airflow/dags/load_cb_courses.py
[2026-02-26T11:45:31.067+0000] {processor.py:840} INFO - DAG(s) 'load_cb_courses' retrieved from /opt/airflow/dags/load_cb_courses.py
[2026-02-26T11:45:31.087+0000] {logging_mixin.py:188} INFO - [2026-02-26T11:45:31.087+0000] {dag.py:3089} INFO - Sync 1 DAGs
[2026-02-26T11:45:31.106+0000] {logging_mixin.py:188} INFO - [2026-02-26T11:45:31.106+0000] {dag.py:3947} INFO - Setting next_dagrun for load_cb_courses to 2026-02-26 00:00:00+00:00, run_after=2026-02-27 00:00:00+00:00
[2026-02-26T11:45:31.124+0000] {processor.py:183} INFO - Processing /opt/airflow/dags/load_cb_courses.py took 0.673 seconds
[2026-02-26T11:46:01.332+0000] {processor.py:161} INFO - Started process (PID=2788) to work on /opt/airflow/dags/load_cb_courses.py
[2026-02-26T11:46:01.334+0000] {processor.py:830} INFO - Processing file /opt/airflow/dags/load_cb_courses.py for tasks to queue
[2026-02-26T11:46:01.336+0000] {logging_mixin.py:188} INFO - [2026-02-26T11:46:01.336+0000] {dagbag.py:545} INFO - Filling up the DagBag from /opt/airflow/dags/load_cb_courses.py
[2026-02-26T11:46:01.775+0000] {processor.py:840} INFO - DAG(s) 'load_cb_courses' retrieved from /opt/airflow/dags/load_cb_courses.py
[2026-02-26T11:46:01.801+0000] {logging_mixin.py:188} INFO - [2026-02-26T11:46:01.800+0000] {dag.py:3089} INFO - Sync 1 DAGs
[2026-02-26T11:46:01.825+0000] {logging_mixin.py:188} INFO - [2026-02-26T11:46:01.824+0000] {dag.py:3947} INFO - Setting next_dagrun for load_cb_courses to 2026-02-26 00:00:00+00:00, run_after=2026-02-27 00:00:00+00:00
[2026-02-26T11:46:01.845+0000] {processor.py:183} INFO - Processing /opt/airflow/dags/load_cb_courses.py took 0.520 seconds
[2026-02-26T11:46:32.124+0000] {processor.py:161} INFO - Started process (PID=2814) to work on /opt/airflow/dags/load_cb_courses.py
[2026-02-26T11:46:32.125+0000] {processor.py:830} INFO - Processing file /opt/airflow/dags/load_cb_courses.py for tasks to queue
[2026-02-26T11:46:32.130+0000] {logging_mixin.py:188} INFO - [2026-02-26T11:46:32.129+0000] {dagbag.py:545} INFO - Filling up the DagBag from /opt/airflow/dags/load_cb_courses.py
[2026-02-26T11:46:32.698+0000] {processor.py:840} INFO - DAG(s) 'load_cb_courses' retrieved from /opt/airflow/dags/load_cb_courses.py
[2026-02-26T11:46:32.725+0000] {logging_mixin.py:188} INFO - [2026-02-26T11:46:32.725+0000] {dag.py:3089} INFO - Sync 1 DAGs
[2026-02-26T11:46:32.753+0000] {logging_mixin.py:188} INFO - [2026-02-26T11:46:32.752+0000] {dag.py:3947} INFO - Setting next_dagrun for load_cb_courses to 2026-02-26 00:00:00+00:00, run_after=2026-02-27 00:00:00+00:00
[2026-02-26T11:46:32.786+0000] {processor.py:183} INFO - Processing /opt/airflow/dags/load_cb_courses.py took 0.670 seconds
[2026-02-26T11:47:03.294+0000] {processor.py:161} INFO - Started process (PID=2853) to work on /opt/airflow/dags/load_cb_courses.py
[2026-02-26T11:47:03.296+0000] {processor.py:830} INFO - Processing file /opt/airflow/dags/load_cb_courses.py for tasks to queue
[2026-02-26T11:47:03.298+0000] {logging_mixin.py:188} INFO - [2026-02-26T11:47:03.297+0000] {dagbag.py:545} INFO - Filling up the DagBag from /opt/airflow/dags/load_cb_courses.py
[2026-02-26T11:47:03.793+0000] {processor.py:840} INFO - DAG(s) 'load_cb_courses' retrieved from /opt/airflow/dags/load_cb_courses.py
[2026-02-26T11:47:03.820+0000] {logging_mixin.py:188} INFO - [2026-02-26T11:47:03.819+0000] {dag.py:3089} INFO - Sync 1 DAGs
[2026-02-26T11:47:03.846+0000] {logging_mixin.py:188} INFO - [2026-02-26T11:47:03.845+0000] {dag.py:3947} INFO - Setting next_dagrun for load_cb_courses to 2026-02-26 00:00:00+00:00, run_after=2026-02-27 00:00:00+00:00
[2026-02-26T11:47:03.870+0000] {processor.py:183} INFO - Processing /opt/airflow/dags/load_cb_courses.py took 0.586 seconds
[2026-02-26T11:47:34.057+0000] {processor.py:161} INFO - Started process (PID=2879) to work on /opt/airflow/dags/load_cb_courses.py
[2026-02-26T11:47:34.058+0000] {processor.py:830} INFO - Processing file /opt/airflow/dags/load_cb_courses.py for tasks to queue
[2026-02-26T11:47:34.060+0000] {logging_mixin.py:188} INFO - [2026-02-26T11:47:34.059+0000] {dagbag.py:545} INFO - Filling up the DagBag from /opt/airflow/dags/load_cb_courses.py
[2026-02-26T11:47:34.519+0000] {processor.py:840} INFO - DAG(s) 'load_cb_courses' retrieved from /opt/airflow/dags/load_cb_courses.py
[2026-02-26T11:47:34.543+0000] {logging_mixin.py:188} INFO - [2026-02-26T11:47:34.542+0000] {dag.py:3089} INFO - Sync 1 DAGs
[2026-02-26T11:47:34.562+0000] {logging_mixin.py:188} INFO - [2026-02-26T11:47:34.561+0000] {dag.py:3947} INFO - Setting next_dagrun for load_cb_courses to 2026-02-26 00:00:00+00:00, run_after=2026-02-27 00:00:00+00:00
[2026-02-26T11:47:34.584+0000] {processor.py:183} INFO - Processing /opt/airflow/dags/load_cb_courses.py took 0.533 seconds
[2026-02-26T11:48:04.776+0000] {processor.py:161} INFO - Started process (PID=2905) to work on /opt/airflow/dags/load_cb_courses.py
[2026-02-26T11:48:04.778+0000] {processor.py:830} INFO - Processing file /opt/airflow/dags/load_cb_courses.py for tasks to queue
[2026-02-26T11:48:04.780+0000] {logging_mixin.py:188} INFO - [2026-02-26T11:48:04.779+0000] {dagbag.py:545} INFO - Filling up the DagBag from /opt/airflow/dags/load_cb_courses.py
[2026-02-26T11:48:05.291+0000] {processor.py:840} INFO - DAG(s) 'load_cb_courses' retrieved from /opt/airflow/dags/load_cb_courses.py
[2026-02-26T11:48:05.321+0000] {logging_mixin.py:188} INFO - [2026-02-26T11:48:05.320+0000] {dag.py:3089} INFO - Sync 1 DAGs
[2026-02-26T11:48:05.351+0000] {logging_mixin.py:188} INFO - [2026-02-26T11:48:05.351+0000] {dag.py:3947} INFO - Setting next_dagrun for load_cb_courses to 2026-02-26 00:00:00+00:00, run_after=2026-02-27 00:00:00+00:00
[2026-02-26T11:48:05.378+0000] {processor.py:183} INFO - Processing /opt/airflow/dags/load_cb_courses.py took 0.610 seconds
[2026-02-26T11:48:35.597+0000] {processor.py:161} INFO - Started process (PID=2937) to work on /opt/airflow/dags/load_cb_courses.py
[2026-02-26T11:48:35.599+0000] {processor.py:830} INFO - Processing file /opt/airflow/dags/load_cb_courses.py for tasks to queue
[2026-02-26T11:48:35.601+0000] {logging_mixin.py:188} INFO - [2026-02-26T11:48:35.600+0000] {dagbag.py:545} INFO - Filling up the DagBag from /opt/airflow/dags/load_cb_courses.py
[2026-02-26T11:48:36.158+0000] {processor.py:840} INFO - DAG(s) 'load_cb_courses' retrieved from /opt/airflow/dags/load_cb_courses.py
[2026-02-26T11:48:36.185+0000] {logging_mixin.py:188} INFO - [2026-02-26T11:48:36.185+0000] {dag.py:3089} INFO - Sync 1 DAGs
[2026-02-26T11:48:36.209+0000] {logging_mixin.py:188} INFO - [2026-02-26T11:48:36.209+0000] {dag.py:3947} INFO - Setting next_dagrun for load_cb_courses to 2026-02-26 00:00:00+00:00, run_after=2026-02-27 00:00:00+00:00
[2026-02-26T11:48:36.132+0000] {processor.py:183} INFO - Processing /opt/airflow/dags/load_cb_courses.py took 0.641 seconds
[2026-02-26T11:49:06.344+0000] {processor.py:161} INFO - Started process (PID=2963) to work on /opt/airflow/dags/load_cb_courses.py
[2026-02-26T11:49:06.346+0000] {processor.py:830} INFO - Processing file /opt/airflow/dags/load_cb_courses.py for tasks to queue
[2026-02-26T11:49:06.348+0000] {logging_mixin.py:188} INFO - [2026-02-26T11:49:06.348+0000] {dagbag.py:545} INFO - Filling up the DagBag from /opt/airflow/dags/load_cb_courses.py
[2026-02-26T11:49:06.902+0000] {processor.py:840} INFO - DAG(s) 'load_cb_courses' retrieved from /opt/airflow/dags/load_cb_courses.py
[2026-02-26T11:49:06.926+0000] {logging_mixin.py:188} INFO - [2026-02-26T11:49:06.925+0000] {dag.py:3089} INFO - Sync 1 DAGs
[2026-02-26T11:49:06.946+0000] {logging_mixin.py:188} INFO - [2026-02-26T11:49:06.946+0000] {dag.py:3947} INFO - Setting next_dagrun for load_cb_courses to 2026-02-26 00:00:00+00:00, run_after=2026-02-27 00:00:00+00:00
[2026-02-26T11:49:06.969+0000] {processor.py:183} INFO - Processing /opt/airflow/dags/load_cb_courses.py took 0.636 seconds
[2026-02-26T11:49:37.227+0000] {processor.py:161} INFO - Started process (PID=2989) to work on /opt/airflow/dags/load_cb_courses.py
[2026-02-26T11:49:37.228+0000] {processor.py:830} INFO - Processing file /opt/airflow/dags/load_cb_courses.py for tasks to queue
[2026-02-26T11:49:37.229+0000] {logging_mixin.py:188} INFO - [2026-02-26T11:49:37.229+0000] {dagbag.py:545} INFO - Filling up the DagBag from /opt/airflow/dags/load_cb_courses.py
[2026-02-26T11:49:37.652+0000] {processor.py:840} INFO - DAG(s) 'load_cb_courses' retrieved from /opt/airflow/dags/load_cb_courses.py
[2026-02-26T11:49:37.672+0000] {logging_mixin.py:188} INFO - [2026-02-26T11:49:37.672+0000] {dag.py:3089} INFO - Sync 1 DAGs
[2026-02-26T11:49:37.693+0000] {logging_mixin.py:188} INFO - [2026-02-26T11:49:37.692+0000] {dag.py:3947} INFO - Setting next_dagrun for load_cb_courses to 2026-02-26 00:00:00+00:00, run_after=2026-02-27 00:00:00+00:00
[2026-02-26T11:49:37.724+0000] {processor.py:183} INFO - Processing /opt/airflow/dags/load_cb_courses.py took 0.503 seconds
[2026-02-26T11:50:07.831+0000] {processor.py:161} INFO - Started process (PID=3021) to work on /opt/airflow/dags/load_cb_courses.py
[2026-02-26T11:50:07.832+0000] {processor.py:830} INFO - Processing file /opt/airflow/dags/load_cb_courses.py for tasks to queue
[2026-02-26T11:50:07.834+0000] {logging_mixin.py:188} INFO - [2026-02-26T11:50:07.833+0000] {dagbag.py:545} INFO - Filling up the DagBag from /opt/airflow/dags/load_cb_courses.py
[2026-02-26T11:50:08.308+0000] {processor.py:840} INFO - DAG(s) 'load_cb_courses' retrieved from /opt/airflow/dags/load_cb_courses.py
[2026-02-26T11:50:08.331+0000] {logging_mixin.py:188} INFO - [2026-02-26T11:50:08.331+0000] {dag.py:3089} INFO - Sync 1 DAGs
[2026-02-26T11:50:08.350+0000] {logging_mixin.py:188} INFO - [2026-02-26T11:50:08.350+0000] {dag.py:3947} INFO - Setting next_dagrun for load_cb_courses to 2026-02-26 00:00:00+00:00, run_after=2026-02-27 00:00:00+00:00
[2026-02-26T11:50:08.372+0000] {processor.py:183} INFO - Processing /opt/airflow/dags/load_cb_courses.py took 0.548 seconds
[2026-02-26T11:50:38.601+0000] {processor.py:161} INFO - Started process (PID=3046) to work on /opt/airflow/dags/load_cb_courses.py
[2026-02-26T11:50:38.603+0000] {processor.py:830} INFO - Processing file /opt/airflow/dags/load_cb_courses.py for tasks to queue
[2026-02-26T11:50:38.604+0000] {logging_mixin.py:188} INFO - [2026-02-26T11:50:38.604+0000] {dagbag.py:545} INFO - Filling up the DagBag from /opt/airflow/dags/load_cb_courses.py
[2026-02-26T11:50:39.113+0000] {processor.py:840} INFO - DAG(s) 'load_cb_courses' retrieved from /opt/airflow/dags/load_cb_courses.py
[2026-02-26T11:50:39.139+0000] {logging_mixin.py:188} INFO - [2026-02-26T11:50:39.138+0000] {dag.py:3089} INFO - Sync 1 DAGs
[2026-02-26T11:50:39.162+0000] {logging_mixin.py:188} INFO - [2026-02-26T11:50:39.162+0000] {dag.py:3947} INFO - Setting next_dagrun for load_cb_courses to 2026-02-26 00:00:00+00:00, run_after=2026-02-27 00:00:00+00:00
[2026-02-26T11:50:39.189+0000] {processor.py:183} INFO - Processing /opt/airflow/dags/load_cb_courses.py took 0.595 seconds
[2026-02-26T11:51:09.544+0000] {processor.py:161} INFO - Started process (PID=3183) to work on /opt/airflow/dags/load_cb_courses.py
[2026-02-26T11:51:09.547+0000] {processor.py:830} INFO - Processing file /opt/airflow/dags/load_cb_courses.py for tasks to queue
[2026-02-26T11:51:09.549+0000] {logging_mixin.py:188} INFO - [2026-02-26T11:51:09.549+0000] {dagbag.py:545} INFO - Filling up the DagBag from /opt/airflow/dags/load_cb_courses.py
[2026-02-26T11:51:10.125+0000] {processor.py:840} INFO - DAG(s) 'load_cb_courses' retrieved from /opt/airflow/dags/load_cb_courses.py
[2026-02-26T11:51:10.146+0000] {logging_mixin.py:188} INFO - [2026-02-26T11:51:10.145+0000] {dag.py:3089} INFO - Sync 1 DAGs
[2026-02-26T11:51:10.164+0000] {logging_mixin.py:188} INFO - [2026-02-26T11:51:10.164+0000] {dag.py:3947} INFO - Setting next_dagrun for load_cb_courses to 2026-02-26 00:00:00+00:00, run_after=2026-02-27 00:00:00+00:00
[2026-02-26T11:51:10.183+0000] {processor.py:183} INFO - Processing /opt/airflow/dags/load_cb_courses.py took 0.646 seconds
[2026-02-26T11:51:40.430+0000] {processor.py:161} INFO - Started process (PID=3286) to work on /opt/airflow/dags/load_cb_courses.py
[2026-02-26T11:51:40.432+0000] {processor.py:830} INFO - Processing file /opt/airflow/dags/load_cb_courses.py for tasks to queue
[2026-02-26T11:51:40.434+0000] {logging_mixin.py:188} INFO - [2026-02-26T11:51:40.433+0000] {dagbag.py:545} INFO - Filling up the DagBag from /opt/airflow/dags/load_cb_courses.py
[2026-02-26T11:51:40.940+0000] {processor.py:840} INFO - DAG(s) 'load_cb_courses' retrieved from /opt/airflow/dags/load_cb_courses.py
[2026-02-26T11:51:40.967+0000] {logging_mixin.py:188} INFO - [2026-02-26T11:51:40.966+0000] {dag.py:3089} INFO - Sync 1 DAGs
[2026-02-26T11:51:40.990+0000] {logging_mixin.py:188} INFO - [2026-02-26T11:51:40.990+0000] {dag.py:3947} INFO - Setting next_dagrun for load_cb_courses to 2026-02-26 00:00:00+00:00, run_after=2026-02-27 00:00:00+00:00
[2026-02-26T11:51:41.026+0000] {processor.py:183} INFO - Processing /opt/airflow/dags/load_cb_courses.py took 0.602 seconds
[2026-02-26T11:52:11.227+0000] {processor.py:161} INFO - Started process (PID=3312) to work on /opt/airflow/dags/load_cb_courses.py
[2026-02-26T11:52:11.229+0000] {processor.py:830} INFO - Processing file /opt/airflow/dags/load_cb_courses.py for tasks to queue
[2026-02-26T11:52:11.230+0000] {logging_mixin.py:188} INFO - [2026-02-26T11:52:11.230+0000] {dagbag.py:545} INFO - Filling up the DagBag from /opt/airflow/dags/load_cb_courses.py
[2026-02-26T11:52:11.665+0000] {processor.py:840} INFO - DAG(s) 'load_cb_courses' retrieved from /opt/airflow/dags/load_cb_courses.py
[2026-02-26T11:52:11.684+0000] {logging_mixin.py:188} INFO - [2026-02-26T11:52:11.684+0000] {dag.py:3089} INFO - Sync 1 DAGs
[2026-02-26T11:52:11.703+0000] {logging_mixin.py:188} INFO - [2026-02-26T11:52:11.703+0000] {dag.py:3947} INFO - Setting next_dagrun for load_cb_courses to 2026-02-26 00:00:00+00:00, run_after=2026-02-27 00:00:00+00:00
[2026-02-26T11:52:11.723+0000] {processor.py:183} INFO - Processing /opt/airflow/dags/load_cb_courses.py took 0.502 seconds
[2026-02-26T11:52:41.798+0000] {processor.py:161} INFO - Started process (PID=3345) to work on /opt/airflow/dags/load_cb_courses.py
[2026-02-26T11:52:41.799+0000] {processor.py:830} INFO - Processing file /opt/airflow/dags/load_cb_courses.py for tasks to queue
[2026-02-26T11:52:41.801+0000] {logging_mixin.py:188} INFO - [2026-02-26T11:52:41.800+0000] {dagbag.py:545} INFO - Filling up the DagBag from /opt/airflow/dags/load_cb_courses.py
[2026-02-26T11:52:42.244+0000] {processor.py:840} INFO - DAG(s) 'load_cb_courses' retrieved from /opt/airflow/dags/load_cb_courses.py
[2026-02-26T11:52:42.285+0000] {logging_mixin.py:188} INFO - [2026-02-26T11:52:42.284+0000] {dag.py:3089} INFO - Sync 1 DAGs
[2026-02-26T11:52:42.311+0000] {logging_mixin.py:188} INFO - [2026-02-26T11:52:42.311+0000] {dag.py:3947} INFO - Setting next_dagrun for load_cb_courses to 2026-02-26 00:00:00+00:00, run_after=2026-02-27 00:00:00+00:00
[2026-02-26T11:52:42.334+0000] {processor.py:183} INFO - Processing /opt/airflow/dags/load_cb_courses.py took 0.542 seconds
[2026-02-26T11:53:12.631+0000] {processor.py:161} INFO - Started process (PID=3372) to work on /opt/airflow/dags/load_cb_courses.py
[2026-02-26T11:53:12.632+0000] {processor.py:830} INFO - Processing file /opt/airflow/dags/load_cb_courses.py for tasks to queue
[2026-02-26T11:53:12.633+0000] {logging_mixin.py:188} INFO - [2026-02-26T11:53:12.632+0000] {dagbag.py:545} INFO - Filling up the DagBag from /opt/airflow/dags/load_cb_courses.py
[2026-02-26T11:53:13.080+0000] {processor.py:840} INFO - DAG(s) 'load_cb_courses' retrieved from /opt/airflow/dags/load_cb_courses.py
[2026-02-26T11:53:13.104+0000] {logging_mixin.py:188} INFO - [2026-02-26T11:53:13.103+0000] {dag.py:3089} INFO - Sync 1 DAGs
[2026-02-26T11:53:13.123+0000] {logging_mixin.py:188} INFO - [2026-02-26T11:53:13.123+0000] {dag.py:3947} INFO - Setting next_dagrun for load_cb_courses to 2026-02-26 00:00:00+00:00, run_after=2026-02-27 00:00:00+00:00
[2026-02-26T11:53:13.144+0000] {processor.py:183} INFO - Processing /opt/airflow/dags/load_cb_courses.py took 0.520 seconds
[2026-02-26T11:53:43.443+0000] {processor.py:161} INFO - Started process (PID=3397) to work on /opt/airflow/dags/load_cb_courses.py
[2026-02-26T11:53:43.445+0000] {processor.py:830} INFO - Processing file /opt/airflow/dags/load_cb_courses.py for tasks to queue
[2026-02-26T11:53:43.446+0000] {logging_mixin.py:188} INFO - [2026-02-26T11:53:43.446+0000] {dagbag.py:545} INFO - Filling up the DagBag from /opt/airflow/dags/load_cb_courses.py
[2026-02-26T11:53:43.938+0000] {processor.py:840} INFO - DAG(s) 'load_cb_courses' retrieved from /opt/airflow/dags/load_cb_courses.py
[2026-02-26T11:53:43.959+0000] {logging_mixin.py:188} INFO - [2026-02-26T11:53:43.959+0000] {dag.py:3089} INFO - Sync 1 DAGs
[2026-02-26T11:53:43.977+0000] {logging_mixin.py:188} INFO - [2026-02-26T11:53:43.977+0000] {dag.py:3947} INFO - Setting next_dagrun for load_cb_courses to 2026-02-26 00:00:00+00:00, run_after=2026-02-27 00:00:00+00:00
[2026-02-26T11:53:43.999+0000] {processor.py:183} INFO - Processing /opt/airflow/dags/load_cb_courses.py took 0.569 seconds
[2026-02-26T11:54:14.184+0000] {processor.py:161} INFO - Started process (PID=3431) to work on /opt/airflow/dags/load_cb_courses.py
[2026-02-26T11:54:14.185+0000] {processor.py:830} INFO - Processing file /opt/airflow/dags/load_cb_courses.py for tasks to queue
[2026-02-26T11:54:14.186+0000] {logging_mixin.py:188} INFO - [2026-02-26T11:54:14.186+0000] {dagbag.py:545} INFO - Filling up the DagBag from /opt/airflow/dags/load_cb_courses.py
[2026-02-26T11:54:14.631+0000] {processor.py:840} INFO - DAG(s) 'load_cb_courses' retrieved from /opt/airflow/dags/load_cb_courses.py
[2026-02-26T11:54:14.657+0000] {logging_mixin.py:188} INFO - [2026-02-26T11:54:14.656+0000] {dag.py:3089} INFO - Sync 1 DAGs
[2026-02-26T11:54:14.680+0000] {logging_mixin.py:188} INFO - [2026-02-26T11:54:14.680+0000] {dag.py:3947} INFO - Setting next_dagrun for load_cb_courses to 2026-02-26 00:00:00+00:00, run_after=2026-02-27 00:00:00+00:00
[2026-02-26T11:54:14.703+0000] {processor.py:183} INFO - Processing /opt/airflow/dags/load_cb_courses.py took 0.524 seconds
[2026-02-26T11:54:45.109+0000] {processor.py:161} INFO - Started process (PID=3457) to work on /opt/airflow/dags/load_cb_courses.py
[2026-02-26T11:54:45.111+0000] {processor.py:830} INFO - Processing file /opt/airflow/dags/load_cb_courses.py for tasks to queue
[2026-02-26T11:54:45.112+0000] {logging_mixin.py:188} INFO - [2026-02-26T11:54:45.112+0000] {dagbag.py:545} INFO - Filling up the DagBag from /opt/airflow/dags/load_cb_courses.py
[2026-02-26T11:54:45.558+0000] {processor.py:840} INFO - DAG(s) 'load_cb_courses' retrieved from /opt/airflow/dags/load_cb_courses.py
[2026-02-26T11:54:45.578+0000] {logging_mixin.py:188} INFO - [2026-02-26T11:54:45.578+0000] {dag.py:3089} INFO - Sync 1 DAGs
[2026-02-26T11:54:45.599+0000] {logging_mixin.py:188} INFO - [2026-02-26T11:54:45.598+0000] {dag.py:3947} INFO - Setting next_dagrun for load_cb_courses to 2026-02-26 00:00:00+00:00, run_after=2026-02-27 00:00:00+00:00
[2026-02-26T11:54:45.616+0000] {processor.py:183} INFO - Processing /opt/airflow/dags/load_cb_courses.py took 0.513 seconds
[2026-02-26T11:55:15.856+0000] {processor.py:161} INFO - Started process (PID=3491) to work on /opt/airflow/dags/load_cb_courses.py
[2026-02-26T11:55:15.857+0000] {processor.py:830} INFO - Processing file /opt/airflow/dags/load_cb_courses.py for tasks to queue
[2026-02-26T11:55:15.859+0000] {logging_mixin.py:188} INFO - [2026-02-26T11:55:15.858+0000] {dagbag.py:545} INFO - Filling up the DagBag from /opt/airflow/dags/load_cb_courses.py
[2026-02-26T11:55:16.304+0000] {processor.py:840} INFO - DAG(s) 'load_cb_courses' retrieved from /opt/airflow/dags/load_cb_courses.py
[2026-02-26T11:55:16.331+0000] {logging_mixin.py:188} INFO - [2026-02-26T11:55:16.331+0000] {dag.py:3089} INFO - Sync 1 DAGs
[2026-02-26T11:55:16.361+0000] {logging_mixin.py:188} INFO - [2026-02-26T11:55:16.361+0000] {dag.py:3947} INFO - Setting next_dagrun for load_cb_courses to 2026-02-26 00:00:00+00:00, run_after=2026-02-27 00:00:00+00:00
[2026-02-26T11:55:16.386+0000] {processor.py:183} INFO - Processing /opt/airflow/dags/load_cb_courses.py took 0.536 seconds
[2026-02-26T11:55:46.592+0000] {processor.py:161} INFO - Started process (PID=3518) to work on /opt/airflow/dags/load_cb_courses.py
[2026-02-26T11:55:46.593+0000] {processor.py:830} INFO - Processing file /opt/airflow/dags/load_cb_courses.py for tasks to queue
[2026-02-26T11:55:46.594+0000] {logging_mixin.py:188} INFO - [2026-02-26T11:55:46.593+0000] {dagbag.py:545} INFO - Filling up the DagBag from /opt/airflow/dags/load_cb_courses.py
[2026-02-26T11:55:47.061+0000] {processor.py:840} INFO - DAG(s) 'load_cb_courses' retrieved from /opt/airflow/dags/load_cb_courses.py
[2026-02-26T11:55:47.086+0000] {logging_mixin.py:188} INFO - [2026-02-26T11:55:47.086+0000] {dag.py:3089} INFO - Sync 1 DAGs
[2026-02-26T11:55:47.109+0000] {logging_mixin.py:188} INFO - [2026-02-26T11:55:47.109+0000] {dag.py:3947} INFO - Setting next_dagrun for load_cb_courses to 2026-02-26 00:00:00+00:00, run_after=2026-02-27 00:00:00+00:00
[2026-02-26T11:55:47.130+0000] {processor.py:183} INFO - Processing /opt/airflow/dags/load_cb_courses.py took 0.544 seconds
[2026-02-26T11:56:17.343+0000] {processor.py:161} INFO - Started process (PID=3543) to work on /opt/airflow/dags/load_cb_courses.py
[2026-02-26T11:56:17.344+0000] {processor.py:830} INFO - Processing file /opt/airflow/dags/load_cb_courses.py for tasks to queue
[2026-02-26T11:56:17.345+0000] {logging_mixin.py:188} INFO - [2026-02-26T11:56:17.345+0000] {dagbag.py:545} INFO - Filling up the DagBag from /opt/airflow/dags/load_cb_courses.py
[2026-02-26T11:56:17.783+0000] {processor.py:840} INFO - DAG(s) 'load_cb_courses' retrieved from /opt/airflow/dags/load_cb_courses.py
[2026-02-26T11:56:17.803+0000] {logging_mixin.py:188} INFO - [2026-02-26T11:56:17.802+0000] {dag.py:3089} INFO - Sync 1 DAGs
[2026-02-26T11:56:17.821+0000] {logging_mixin.py:188} INFO - [2026-02-26T11:56:17.821+0000] {dag.py:3947} INFO - Setting next_dagrun for load_cb_courses to 2026-02-26 00:00:00+00:00, run_after=2026-02-27 00:00:00+00:00
[2026-02-26T11:56:17.842+0000] {processor.py:183} INFO - Processing /opt/airflow/dags/load_cb_courses.py took 0.506 seconds
[2026-02-26T11:56:48.130+0000] {processor.py:161} INFO - Started process (PID=3576) to work on /opt/airflow/dags/load_cb_courses.py
[2026-02-26T11:56:48.132+0000] {processor.py:830} INFO - Processing file /opt/airflow/dags/load_cb_courses.py for tasks to queue
[2026-02-26T11:56:48.135+0000] {logging_mixin.py:188} INFO - [2026-02-26T11:56:48.134+0000] {dagbag.py:545} INFO - Filling up the DagBag from /opt/airflow/dags/load_cb_courses.py
[2026-02-26T11:56:48.636+0000] {processor.py:840} INFO - DAG(s) 'load_cb_courses' retrieved from /opt/airflow/dags/load_cb_courses.py
[2026-02-26T11:56:48.661+0000] {logging_mixin.py:188} INFO - [2026-02-26T11:56:48.661+0000] {dag.py:3089} INFO - Sync 1 DAGs
[2026-02-26T11:56:48.682+0000] {logging_mixin.py:188} INFO - [2026-02-26T11:56:48.682+0000] {dag.py:3947} INFO - Setting next_dagrun for load_cb_courses to 2026-02-26 00:00:00+00:00, run_after=2026-02-27 00:00:00+00:00
[2026-02-26T11:56:48.710+0000] {processor.py:183} INFO - Processing /opt/airflow/dags/load_cb_courses.py took 0.596 seconds
[2026-02-26T11:57:18.953+0000] {processor.py:161} INFO - Started process (PID=3602) to work on /opt/airflow/dags/load_cb_courses.py
[2026-02-26T11:57:18.954+0000] {processor.py:830} INFO - Processing file /opt/airflow/dags/load_cb_courses.py for tasks to queue
[2026-02-26T11:57:18.955+0000] {logging_mixin.py:188} INFO - [2026-02-26T11:57:18.955+0000] {dagbag.py:545} INFO - Filling up the DagBag from /opt/airflow/dags/load_cb_courses.py
[2026-02-26T11:57:19.386+0000] {processor.py:840} INFO - DAG(s) 'load_cb_courses' retrieved from /opt/airflow/dags/load_cb_courses.py
[2026-02-26T11:57:19.406+0000] {logging_mixin.py:188} INFO - [2026-02-26T11:57:19.406+0000] {dag.py:3089} INFO - Sync 1 DAGs
[2026-02-26T11:57:19.425+0000] {logging_mixin.py:188} INFO - [2026-02-26T11:57:19.425+0000] {dag.py:3947} INFO - Setting next_dagrun for load_cb_courses to 2026-02-26 00:00:00+00:00, run_after=2026-02-27 00:00:00+00:00
[2026-02-26T11:57:19.447+0000] {processor.py:183} INFO - Processing /opt/airflow/dags/load_cb_courses.py took 0.499 seconds
[2026-02-26T11:57:49.625+0000] {processor.py:161} INFO - Started process (PID=3635) to work on /opt/airflow/dags/load_cb_courses.py
[2026-02-26T11:57:49.626+0000] {processor.py:830} INFO - Processing file /opt/airflow/dags/load_cb_courses.py for tasks to queue
[2026-02-26T11:57:49.628+0000] {logging_mixin.py:188} INFO - [2026-02-26T11:57:49.627+0000] {dagbag.py:545} INFO - Filling up the DagBag from /opt/airflow/dags/load_cb_courses.py
[2026-02-26T11:57:50.085+0000] {processor.py:840} INFO - DAG(s) 'load_cb_courses' retrieved from /opt/airflow/dags/load_cb_courses.py
[2026-02-26T11:57:50.106+0000] {logging_mixin.py:188} INFO - [2026-02-26T11:57:50.106+0000] {dag.py:3089} INFO - Sync 1 DAGs
[2026-02-26T11:57:50.132+0000] {logging_mixin.py:188} INFO - [2026-02-26T11:57:50.132+0000] {dag.py:3947} INFO - Setting next_dagrun for load_cb_courses to 2026-02-26 00:00:00+00:00, run_after=2026-02-27 00:00:00+00:00
[2026-02-26T11:57:50.155+0000] {processor.py:183} INFO - Processing /opt/airflow/dags/load_cb_courses.py took 0.537 seconds
[2026-02-26T11:58:20.365+0000] {processor.py:161} INFO - Started process (PID=3661) to work on /opt/airflow/dags/load_cb_courses.py
[2026-02-26T11:58:20.366+0000] {processor.py:830} INFO - Processing file /opt/airflow/dags/load_cb_courses.py for tasks to queue
[2026-02-26T11:58:20.368+0000] {logging_mixin.py:188} INFO - [2026-02-26T11:58:20.368+0000] {dagbag.py:545} INFO - Filling up the DagBag from /opt/airflow/dags/load_cb_courses.py
[2026-02-26T11:58:20.825+0000] {processor.py:840} INFO - DAG(s) 'load_cb_courses' retrieved from /opt/airflow/dags/load_cb_courses.py
[2026-02-26T11:58:20.845+0000] {logging_mixin.py:188} INFO - [2026-02-26T11:58:20.845+0000] {dag.py:3089} INFO - Sync 1 DAGs
[2026-02-26T11:58:20.865+0000] {logging_mixin.py:188} INFO - [2026-02-26T11:58:20.865+0000] {dag.py:3947} INFO - Setting next_dagrun for load_cb_courses to 2026-02-26 00:00:00+00:00, run_after=2026-02-27 00:00:00+00:00
[2026-02-26T11:58:20.885+0000] {processor.py:183} INFO - Processing /opt/airflow/dags/load_cb_courses.py took 0.527 seconds
[2026-02-26T11:58:51.090+0000] {processor.py:161} INFO - Started process (PID=3688) to work on /opt/airflow/dags/load_cb_courses.py
[2026-02-26T11:58:51.091+0000] {processor.py:830} INFO - Processing file /opt/airflow/dags/load_cb_courses.py for tasks to queue
[2026-02-26T11:58:51.093+0000] {logging_mixin.py:188} INFO - [2026-02-26T11:58:51.092+0000] {dagbag.py:545} INFO - Filling up the DagBag from /opt/airflow/dags/load_cb_courses.py
[2026-02-26T11:58:51.758+0000] {processor.py:840} INFO - DAG(s) 'load_cb_courses' retrieved from /opt/airflow/dags/load_cb_courses.py
[2026-02-26T11:58:51.785+0000] {logging_mixin.py:188} INFO - [2026-02-26T11:58:51.784+0000] {dag.py:3089} INFO - Sync 1 DAGs
[2026-02-26T11:58:51.806+0000] {logging_mixin.py:188} INFO - [2026-02-26T11:58:51.805+0000] {dag.py:3947} INFO - Setting next_dagrun for load_cb_courses to 2026-02-26 00:00:00+00:00, run_after=2026-02-27 00:00:00+00:00
[2026-02-26T11:58:51.824+0000] {processor.py:183} INFO - Processing /opt/airflow/dags/load_cb_courses.py took 0.744 seconds
[2026-02-26T11:59:21.990+0000] {processor.py:161} INFO - Started process (PID=3721) to work on /opt/airflow/dags/load_cb_courses.py
[2026-02-26T11:59:21.991+0000] {processor.py:830} INFO - Processing file /opt/airflow/dags/load_cb_courses.py for tasks to queue
[2026-02-26T11:59:21.993+0000] {logging_mixin.py:188} INFO - [2026-02-26T11:59:21.993+0000] {dagbag.py:545} INFO - Filling up the DagBag from /opt/airflow/dags/load_cb_courses.py
[2026-02-26T11:59:22.452+0000] {processor.py:840} INFO - DAG(s) 'load_cb_courses' retrieved from /opt/airflow/dags/load_cb_courses.py
[2026-02-26T11:59:22.480+0000] {logging_mixin.py:188} INFO - [2026-02-26T11:59:22.480+0000] {dag.py:3089} INFO - Sync 1 DAGs
[2026-02-26T11:59:22.503+0000] {logging_mixin.py:188} INFO - [2026-02-26T11:59:22.502+0000] {dag.py:3947} INFO - Setting next_dagrun for load_cb_courses to 2026-02-26 00:00:00+00:00, run_after=2026-02-27 00:00:00+00:00
[2026-02-26T11:59:22.528+0000] {processor.py:183} INFO - Processing /opt/airflow/dags/load_cb_courses.py took 0.544 seconds
[2026-02-26T11:59:52.808+0000] {processor.py:161} INFO - Started process (PID=3747) to work on /opt/airflow/dags/load_cb_courses.py
[2026-02-26T11:59:52.810+0000] {processor.py:830} INFO - Processing file /opt/airflow/dags/load_cb_courses.py for tasks to queue
[2026-02-26T11:59:52.814+0000] {logging_mixin.py:188} INFO - [2026-02-26T11:59:52.813+0000] {dagbag.py:545} INFO - Filling up the DagBag from /opt/airflow/dags/load_cb_courses.py
[2026-02-26T11:59:53.487+0000] {processor.py:840} INFO - DAG(s) 'load_cb_courses' retrieved from /opt/airflow/dags/load_cb_courses.py
[2026-02-26T11:59:53.522+0000] {logging_mixin.py:188} INFO - [2026-02-26T11:59:53.522+0000] {dag.py:3089} INFO - Sync 1 DAGs
[2026-02-26T11:59:53.547+0000] {logging_mixin.py:188} INFO - [2026-02-26T11:59:53.547+0000] {dag.py:3947} INFO - Setting next_dagrun for load_cb_courses to 2026-02-26 00:00:00+00:00, run_after=2026-02-27 00:00:00+00:00
[2026-02-26T11:59:53.576+0000] {processor.py:183} INFO - Processing /opt/airflow/dags/load_cb_courses.py took 0.785 seconds
[2026-02-26T12:00:23.960+0000] {processor.py:161} INFO - Started process (PID=3783) to work on /opt/airflow/dags/load_cb_courses.py
[2026-02-26T12:00:23.961+0000] {processor.py:830} INFO - Processing file /opt/airflow/dags/load_cb_courses.py for tasks to queue
[2026-02-26T12:00:23.963+0000] {logging_mixin.py:188} INFO - [2026-02-26T12:00:23.962+0000] {dagbag.py:545} INFO - Filling up the DagBag from /opt/airflow/dags/load_cb_courses.py
[2026-02-26T12:00:24.513+0000] {processor.py:840} INFO - DAG(s) 'load_cb_courses' retrieved from /opt/airflow/dags/load_cb_courses.py
[2026-02-26T12:00:24.559+0000] {logging_mixin.py:188} INFO - [2026-02-26T12:00:24.558+0000] {dag.py:3089} INFO - Sync 1 DAGs
[2026-02-26T12:00:24.584+0000] {logging_mixin.py:188} INFO - [2026-02-26T12:00:24.584+0000] {dag.py:3947} INFO - Setting next_dagrun for load_cb_courses to 2026-02-26 00:00:00+00:00, run_after=2026-02-27 00:00:00+00:00
[2026-02-26T12:00:24.605+0000] {processor.py:183} INFO - Processing /opt/airflow/dags/load_cb_courses.py took 0.652 seconds
[2026-02-26T12:00:54.880+0000] {processor.py:161} INFO - Started process (PID=3814) to work on /opt/airflow/dags/load_cb_courses.py
[2026-02-26T12:00:54.881+0000] {processor.py:830} INFO - Processing file /opt/airflow/dags/load_cb_courses.py for tasks to queue
[2026-02-26T12:00:54.883+0000] {logging_mixin.py:188} INFO - [2026-02-26T12:00:54.882+0000] {dagbag.py:545} INFO - Filling up the DagBag from /opt/airflow/dags/load_cb_courses.py
[2026-02-26T12:00:55.359+0000] {processor.py:840} INFO - DAG(s) 'load_cb_courses' retrieved from /opt/airflow/dags/load_cb_courses.py
[2026-02-26T12:00:55.382+0000] {logging_mixin.py:188} INFO - [2026-02-26T12:00:55.382+0000] {dag.py:3089} INFO - Sync 1 DAGs
[2026-02-26T12:00:55.404+0000] {logging_mixin.py:188} INFO - [2026-02-26T12:00:55.404+0000] {dag.py:3947} INFO - Setting next_dagrun for load_cb_courses to 2026-02-26 00:00:00+00:00, run_after=2026-02-27 00:00:00+00:00
[2026-02-26T12:00:55.426+0000] {processor.py:183} INFO - Processing /opt/airflow/dags/load_cb_courses.py took 0.552 seconds
[2026-02-26T12:01:25.598+0000] {processor.py:161} INFO - Started process (PID=3863) to work on /opt/airflow/dags/load_cb_courses.py
[2026-02-26T12:01:25.600+0000] {processor.py:830} INFO - Processing file /opt/airflow/dags/load_cb_courses.py for tasks to queue
[2026-02-26T12:01:25.601+0000] {logging_mixin.py:188} INFO - [2026-02-26T12:01:25.601+0000] {dagbag.py:545} INFO - Filling up the DagBag from /opt/airflow/dags/load_cb_courses.py
[2026-02-26T12:01:26.148+0000] {processor.py:840} INFO - DAG(s) 'load_cb_courses' retrieved from /opt/airflow/dags/load_cb_courses.py
[2026-02-26T12:01:26.172+0000] {logging_mixin.py:188} INFO - [2026-02-26T12:01:26.172+0000] {dag.py:3089} INFO - Sync 1 DAGs
[2026-02-26T12:01:26.193+0000] {logging_mixin.py:188} INFO - [2026-02-26T12:01:26.193+0000] {dag.py:3947} INFO - Setting next_dagrun for load_cb_courses to 2026-02-26 00:00:00+00:00, run_after=2026-02-27 00:00:00+00:00
[2026-02-26T12:01:26.237+0000] {processor.py:183} INFO - Processing /opt/airflow/dags/load_cb_courses.py took 0.644 seconds
[2026-02-26T12:01:56.723+0000] {processor.py:161} INFO - Started process (PID=3908) to work on /opt/airflow/dags/load_cb_courses.py
[2026-02-26T12:01:56.724+0000] {processor.py:830} INFO - Processing file /opt/airflow/dags/load_cb_courses.py for tasks to queue
[2026-02-26T12:01:56.726+0000] {logging_mixin.py:188} INFO - [2026-02-26T12:01:56.726+0000] {dagbag.py:545} INFO - Filling up the DagBag from /opt/airflow/dags/load_cb_courses.py
[2026-02-26T12:01:57.228+0000] {processor.py:840} INFO - DAG(s) 'load_cb_courses' retrieved from /opt/airflow/dags/load_cb_courses.py
[2026-02-26T12:01:57.254+0000] {logging_mixin.py:188} INFO - [2026-02-26T12:01:57.253+0000] {dag.py:3089} INFO - Sync 1 DAGs
[2026-02-26T12:01:57.275+0000] {logging_mixin.py:188} INFO - [2026-02-26T12:01:57.275+0000] {dag.py:3947} INFO - Setting next_dagrun for load_cb_courses to 2026-02-26 00:00:00+00:00, run_after=2026-02-27 00:00:00+00:00
[2026-02-26T12:01:57.305+0000] {processor.py:183} INFO - Processing /opt/airflow/dags/load_cb_courses.py took 0.589 seconds
[2026-02-26T12:02:27.550+0000] {processor.py:161} INFO - Started process (PID=3932) to work on /opt/airflow/dags/load_cb_courses.py
[2026-02-26T12:02:27.551+0000] {processor.py:830} INFO - Processing file /opt/airflow/dags/load_cb_courses.py for tasks to queue
[2026-02-26T12:02:27.552+0000] {logging_mixin.py:188} INFO - [2026-02-26T12:02:27.552+0000] {dagbag.py:545} INFO - Filling up the DagBag from /opt/airflow/dags/load_cb_courses.py
[2026-02-26T12:02:27.999+0000] {processor.py:840} INFO - DAG(s) 'load_cb_courses' retrieved from /opt/airflow/dags/load_cb_courses.py
[2026-02-26T12:02:28.018+0000] {logging_mixin.py:188} INFO - [2026-02-26T12:02:28.018+0000] {dag.py:3089} INFO - Sync 1 DAGs
[2026-02-26T12:02:28.036+0000] {logging_mixin.py:188} INFO - [2026-02-26T12:02:28.036+0000] {dag.py:3947} INFO - Setting next_dagrun for load_cb_courses to 2026-02-26 00:00:00+00:00, run_after=2026-02-27 00:00:00+00:00
[2026-02-26T12:02:28.055+0000] {processor.py:183} INFO - Processing /opt/airflow/dags/load_cb_courses.py took 0.512 seconds
[2026-02-26T12:02:58.172+0000] {processor.py:161} INFO - Started process (PID=4011) to work on /opt/airflow/dags/load_cb_courses.py
[2026-02-26T12:02:58.173+0000] {processor.py:830} INFO - Processing file /opt/airflow/dags/load_cb_courses.py for tasks to queue
[2026-02-26T12:02:58.175+0000] {logging_mixin.py:188} INFO - [2026-02-26T12:02:58.175+0000] {dagbag.py:545} INFO - Filling up the DagBag from /opt/airflow/dags/load_cb_courses.py
[2026-02-26T12:02:58.681+0000] {processor.py:840} INFO - DAG(s) 'load_cb_courses' retrieved from /opt/airflow/dags/load_cb_courses.py
[2026-02-26T12:02:58.704+0000] {logging_mixin.py:188} INFO - [2026-02-26T12:02:58.704+0000] {dag.py:3089} INFO - Sync 1 DAGs
[2026-02-26T12:02:58.727+0000] {logging_mixin.py:188} INFO - [2026-02-26T12:02:58.726+0000] {dag.py:3947} INFO - Setting next_dagrun for load_cb_courses to 2026-02-26 00:00:00+00:00, run_after=2026-02-27 00:00:00+00:00
[2026-02-26T12:02:58.751+0000] {processor.py:183} INFO - Processing /opt/airflow/dags/load_cb_courses.py took 0.587 seconds
[2026-02-26T12:03:29.062+0000] {processor.py:161} INFO - Started process (PID=4098) to work on /opt/airflow/dags/load_cb_courses.py
[2026-02-26T12:03:29.069+0000] {processor.py:830} INFO - Processing file /opt/airflow/dags/load_cb_courses.py for tasks to queue
[2026-02-26T12:03:29.072+0000] {logging_mixin.py:188} INFO - [2026-02-26T12:03:29.071+0000] {dagbag.py:545} INFO - Filling up the DagBag from /opt/airflow/dags/load_cb_courses.py
[2026-02-26T12:03:30.201+0000] {processor.py:840} INFO - DAG(s) 'load_cb_courses' retrieved from /opt/airflow/dags/load_cb_courses.py
[2026-02-26T12:03:30.226+0000] {logging_mixin.py:188} INFO - [2026-02-26T12:03:30.226+0000] {dag.py:3089} INFO - Sync 1 DAGs
[2026-02-26T12:03:30.269+0000] {logging_mixin.py:188} INFO - [2026-02-26T12:03:30.268+0000] {dag.py:3947} INFO - Setting next_dagrun for load_cb_courses to 2026-02-26 00:00:00+00:00, run_after=2026-02-27 00:00:00+00:00
[2026-02-26T12:03:30.310+0000] {processor.py:183} INFO - Processing /opt/airflow/dags/load_cb_courses.py took 1.256 seconds
[2026-02-26T12:04:00.737+0000] {processor.py:161} INFO - Started process (PID=4132) to work on /opt/airflow/dags/load_cb_courses.py
[2026-02-26T12:04:00.739+0000] {processor.py:830} INFO - Processing file /opt/airflow/dags/load_cb_courses.py for tasks to queue
[2026-02-26T12:04:00.742+0000] {logging_mixin.py:188} INFO - [2026-02-26T12:04:00.741+0000] {dagbag.py:545} INFO - Filling up the DagBag from /opt/airflow/dags/load_cb_courses.py
[2026-02-26T12:04:01.312+0000] {processor.py:840} INFO - DAG(s) 'load_cb_courses' retrieved from /opt/airflow/dags/load_cb_courses.py
[2026-02-26T12:04:01.339+0000] {logging_mixin.py:188} INFO - [2026-02-26T12:04:01.338+0000] {dag.py:3089} INFO - Sync 1 DAGs
[2026-02-26T12:04:01.365+0000] {logging_mixin.py:188} INFO - [2026-02-26T12:04:01.365+0000] {dag.py:3947} INFO - Setting next_dagrun for load_cb_courses to 2026-02-26 00:00:00+00:00, run_after=2026-02-27 00:00:00+00:00
[2026-02-26T12:04:01.393+0000] {processor.py:183} INFO - Processing /opt/airflow/dags/load_cb_courses.py took 0.665 seconds
[2026-02-26T12:04:31.671+0000] {processor.py:161} INFO - Started process (PID=4158) to work on /opt/airflow/dags/load_cb_courses.py
[2026-02-26T12:04:31.673+0000] {processor.py:830} INFO - Processing file /opt/airflow/dags/load_cb_courses.py for tasks to queue
[2026-02-26T12:04:31.675+0000] {logging_mixin.py:188} INFO - [2026-02-26T12:04:31.675+0000] {dagbag.py:545} INFO - Filling up the DagBag from /opt/airflow/dags/load_cb_courses.py
[2026-02-26T12:04:32.332+0000] {processor.py:840} INFO - DAG(s) 'load_cb_courses' retrieved from /opt/airflow/dags/load_cb_courses.py
[2026-02-26T12:04:32.360+0000] {logging_mixin.py:188} INFO - [2026-02-26T12:04:32.359+0000] {dag.py:3089} INFO - Sync 1 DAGs
[2026-02-26T12:04:32.383+0000] {logging_mixin.py:188} INFO - [2026-02-26T12:04:32.382+0000] {dag.py:3947} INFO - Setting next_dagrun for load_cb_courses to 2026-02-26 00:00:00+00:00, run_after=2026-02-27 00:00:00+00:00
[2026-02-26T12:04:32.408+0000] {processor.py:183} INFO - Processing /opt/airflow/dags/load_cb_courses.py took 0.748 seconds
[2026-02-26T12:05:02.749+0000] {processor.py:161} INFO - Started process (PID=4220) to work on /opt/airflow/dags/load_cb_courses.py
[2026-02-26T12:05:02.751+0000] {processor.py:830} INFO - Processing file /opt/airflow/dags/load_cb_courses.py for tasks to queue
[2026-02-26T12:05:02.752+0000] {logging_mixin.py:188} INFO - [2026-02-26T12:05:02.752+0000] {dagbag.py:545} INFO - Filling up the DagBag from /opt/airflow/dags/load_cb_courses.py
[2026-02-26T12:05:03.154+0000] {processor.py:840} INFO - DAG(s) 'load_cb_courses' retrieved from /opt/airflow/dags/load_cb_courses.py
[2026-02-26T12:05:03.179+0000] {logging_mixin.py:188} INFO - [2026-02-26T12:05:03.179+0000] {dag.py:3089} INFO - Sync 1 DAGs
[2026-02-26T12:05:03.206+0000] {logging_mixin.py:188} INFO - [2026-02-26T12:05:03.206+0000] {dag.py:3947} INFO - Setting next_dagrun for load_cb_courses to 2026-02-26 00:00:00+00:00, run_after=2026-02-27 00:00:00+00:00
[2026-02-26T12:05:03.231+0000] {processor.py:183} INFO - Processing /opt/airflow/dags/load_cb_courses.py took 0.591 seconds
[2026-02-26T12:05:33.499+0000] {processor.py:161} INFO - Started process (PID=4274) to work on /opt/airflow/dags/load_cb_courses.py
[2026-02-26T12:05:33.500+0000] {processor.py:830} INFO - Processing file /opt/airflow/dags/load_cb_courses.py for tasks to queue
[2026-02-26T12:05:33.502+0000] {logging_mixin.py:188} INFO - [2026-02-26T12:05:33.501+0000] {dagbag.py:545} INFO - Filling up the DagBag from /opt/airflow/dags/load_cb_courses.py
[2026-02-26T12:05:34.013+0000] {processor.py:840} INFO - DAG(s) 'load_cb_courses' retrieved from /opt/airflow/dags/load_cb_courses.py
[2026-02-26T12:05:34.040+0000] {logging_mixin.py:188} INFO - [2026-02-26T12:05:34.039+0000] {dag.py:3089} INFO - Sync 1 DAGs
[2026-02-26T12:05:34.061+0000] {logging_mixin.py:188} INFO - [2026-02-26T12:05:34.061+0000] {dag.py:3947} INFO - Setting next_dagrun for load_cb_courses to 2026-02-26 00:00:00+00:00, run_after=2026-02-27 00:00:00+00:00
[2026-02-26T12:05:34.083+0000] {processor.py:183} INFO - Processing /opt/airflow/dags/load_cb_courses.py took 0.590 seconds
[2026-02-26T12:06:04.438+0000] {processor.py:161} INFO - Started process (PID=4299) to work on /opt/airflow/dags/load_cb_courses.py
[2026-02-26T12:06:04.440+0000] {processor.py:830} INFO - Processing file /opt/airflow/dags/load_cb_courses.py for tasks to queue
[2026-02-26T12:06:04.441+0000] {logging_mixin.py:188} INFO - [2026-02-26T12:06:04.441+0000] {dagbag.py:545} INFO - Filling up the DagBag from /opt/airflow/dags/load_cb_courses.py
[2026-02-26T12:06:04.943+0000] {processor.py:840} INFO - DAG(s) 'load_cb_courses' retrieved from /opt/airflow/dags/load_cb_courses.py
[2026-02-26T12:06:04.968+0000] {logging_mixin.py:188} INFO - [2026-02-26T12:06:04.968+0000] {dag.py:3089} INFO - Sync 1 DAGs
[2026-02-26T12:06:04.994+0000] {logging_mixin.py:188} INFO - [2026-02-26T12:06:04.994+0000] {dag.py:3947} INFO - Setting next_dagrun for load_cb_courses to 2026-02-26 00:00:00+00:00, run_after=2026-02-27 00:00:00+00:00
[2026-02-26T12:06:05.025+0000] {processor.py:183} INFO - Processing /opt/airflow/dags/load_cb_courses.py took 0.593 seconds
[2026-02-26T12:06:35.274+0000] {processor.py:161} INFO - Started process (PID=4335) to work on /opt/airflow/dags/load_cb_courses.py
[2026-02-26T12:06:35.275+0000] {processor.py:830} INFO - Processing file /opt/airflow/dags/load_cb_courses.py for tasks to queue
[2026-02-26T12:06:35.277+0000] {logging_mixin.py:188} INFO - [2026-02-26T12:06:35.276+0000] {dagbag.py:545} INFO - Filling up the DagBag from /opt/airflow/dags/load_cb_courses.py
[2026-02-26T12:06:35.751+0000] {processor.py:840} INFO - DAG(s) 'load_cb_courses' retrieved from /opt/airflow/dags/load_cb_courses.py
[2026-02-26T12:06:35.776+0000] {logging_mixin.py:188} INFO - [2026-02-26T12:06:35.775+0000] {dag.py:3089} INFO - Sync 1 DAGs
[2026-02-26T12:06:35.796+0000] {logging_mixin.py:188} INFO - [2026-02-26T12:06:35.796+0000] {dag.py:3947} INFO - Setting next_dagrun for load_cb_courses to 2026-02-26 00:00:00+00:00, run_after=2026-02-27 00:00:00+00:00
[2026-02-26T12:06:35.819+0000] {processor.py:183} INFO - Processing /opt/airflow/dags/load_cb_courses.py took 0.553 seconds
[2026-02-26T12:07:05.952+0000] {processor.py:161} INFO - Started process (PID=4623) to work on /opt/airflow/dags/load_cb_courses.py
[2026-02-26T12:07:05.973+0000] {processor.py:830} INFO - Processing file /opt/airflow/dags/load_cb_courses.py for tasks to queue
[2026-02-26T12:07:05.982+0000] {logging_mixin.py:188} INFO - [2026-02-26T12:07:05.981+0000] {dagbag.py:545} INFO - Filling up the DagBag from /opt/airflow/dags/load_cb_courses.py
[2026-02-26T12:07:08.486+0000] {processor.py:840} INFO - DAG(s) 'load_cb_courses' retrieved from /opt/airflow/dags/load_cb_courses.py
[2026-02-26T12:07:08.508+0000] {logging_mixin.py:188} INFO - [2026-02-26T12:07:08.508+0000] {dag.py:3089} INFO - Sync 1 DAGs
[2026-02-26T12:07:08.551+0000] {logging_mixin.py:188} INFO - [2026-02-26T12:07:08.551+0000] {dag.py:3947} INFO - Setting next_dagrun for load_cb_courses to 2026-02-26 00:00:00+00:00, run_after=2026-02-27 00:00:00+00:00
[2026-02-26T12:07:08.667+0000] {processor.py:183} INFO - Processing /opt/airflow/dags/load_cb_courses.py took 2.723 seconds
[2026-02-26T12:07:39.262+0000] {processor.py:161} INFO - Started process (PID=5005) to work on /opt/airflow/dags/load_cb_courses.py
[2026-02-26T12:07:39.264+0000] {processor.py:830} INFO - Processing file /opt/airflow/dags/load_cb_courses.py for tasks to queue
[2026-02-26T12:07:39.266+0000] {logging_mixin.py:188} INFO - [2026-02-26T12:07:39.266+0000] {dagbag.py:545} INFO - Filling up the DagBag from /opt/airflow/dags/load_cb_courses.py
[2026-02-26T12:07:41.053+0000] {processor.py:840} INFO - DAG(s) 'load_cb_courses' retrieved from /opt/airflow/dags/load_cb_courses.py
[2026-02-26T12:07:41.123+0000] {logging_mixin.py:188} INFO - [2026-02-26T12:07:41.122+0000] {dag.py:3089} INFO - Sync 1 DAGs
[2026-02-26T12:07:41.187+0000] {logging_mixin.py:188} INFO - [2026-02-26T12:07:41.186+0000] {dag.py:3947} INFO - Setting next_dagrun for load_cb_courses to 2026-02-26 00:00:00+00:00, run_after=2026-02-27 00:00:00+00:00
[2026-02-26T12:07:41.218+0000] {processor.py:183} INFO - Processing /opt/airflow/dags/load_cb_courses.py took 1.981 seconds
[2026-02-26T12:08:11.465+0000] {processor.py:161} INFO - Started process (PID=5109) to work on /opt/airflow/dags/load_cb_courses.py
[2026-02-26T12:08:11.466+0000] {processor.py:830} INFO - Processing file /opt/airflow/dags/load_cb_courses.py for tasks to queue
[2026-02-26T12:08:11.468+0000] {logging_mixin.py:188} INFO - [2026-02-26T12:08:11.467+0000] {dagbag.py:545} INFO - Filling up the DagBag from /opt/airflow/dags/load_cb_courses.py
[2026-02-26T12:08:12.001+0000] {processor.py:840} INFO - DAG(s) 'load_cb_courses' retrieved from /opt/airflow/dags/load_cb_courses.py
[2026-02-26T12:08:12.021+0000] {logging_mixin.py:188} INFO - [2026-02-26T12:08:12.021+0000] {dag.py:3089} INFO - Sync 1 DAGs
[2026-02-26T12:08:12.041+0000] {logging_mixin.py:188} INFO - [2026-02-26T12:08:12.041+0000] {dag.py:3947} INFO - Setting next_dagrun for load_cb_courses to 2026-02-26 00:00:00+00:00, run_after=2026-02-27 00:00:00+00:00
[2026-02-26T12:08:12.061+0000] {processor.py:183} INFO - Processing /opt/airflow/dags/load_cb_courses.py took 0.602 seconds
[2026-02-26T12:08:42.213+0000] {processor.py:161} INFO - Started process (PID=5141) to work on /opt/airflow/dags/load_cb_courses.py
[2026-02-26T12:08:42.219+0000] {processor.py:830} INFO - Processing file /opt/airflow/dags/load_cb_courses.py for tasks to queue
[2026-02-26T12:08:42.221+0000] {logging_mixin.py:188} INFO - [2026-02-26T12:08:42.221+0000] {dagbag.py:545} INFO - Filling up the DagBag from /opt/airflow/dags/load_cb_courses.py
[2026-02-26T12:08:42.709+0000] {processor.py:840} INFO - DAG(s) 'load_cb_courses' retrieved from /opt/airflow/dags/load_cb_courses.py
[2026-02-26T12:08:42.733+0000] {logging_mixin.py:188} INFO - [2026-02-26T12:08:42.732+0000] {dag.py:3089} INFO - Sync 1 DAGs
[2026-02-26T12:08:42.753+0000] {logging_mixin.py:188} INFO - [2026-02-26T12:08:42.753+0000] {dag.py:3947} INFO - Setting next_dagrun for load_cb_courses to 2026-02-26 00:00:00+00:00, run_after=2026-02-27 00:00:00+00:00
[2026-02-26T12:08:42.774+0000] {processor.py:183} INFO - Processing /opt/airflow/dags/load_cb_courses.py took 0.567 seconds
[2026-02-26T12:09:12.944+0000] {processor.py:161} INFO - Started process (PID=5167) to work on /opt/airflow/dags/load_cb_courses.py
[2026-02-26T12:09:12.946+0000] {processor.py:830} INFO - Processing file /opt/airflow/dags/load_cb_courses.py for tasks to queue
[2026-02-26T12:09:12.947+0000] {logging_mixin.py:188} INFO - [2026-02-26T12:09:12.947+0000] {dagbag.py:545} INFO - Filling up the DagBag from /opt/airflow/dags/load_cb_courses.py
[2026-02-26T12:09:13.419+0000] {processor.py:840} INFO - DAG(s) 'load_cb_courses' retrieved from /opt/airflow/dags/load_cb_courses.py
[2026-02-26T12:09:13.440+0000] {logging_mixin.py:188} INFO - [2026-02-26T12:09:13.439+0000] {dag.py:3089} INFO - Sync 1 DAGs
[2026-02-26T12:09:13.459+0000] {logging_mixin.py:188} INFO - [2026-02-26T12:09:13.459+0000] {dag.py:3947} INFO - Setting next_dagrun for load_cb_courses to 2026-02-26 00:00:00+00:00, run_after=2026-02-27 00:00:00+00:00
[2026-02-26T12:09:13.480+0000] {processor.py:183} INFO - Processing /opt/airflow/dags/load_cb_courses.py took 0.542 seconds
[2026-02-26T12:09:43.738+0000] {processor.py:161} INFO - Started process (PID=5200) to work on /opt/airflow/dags/load_cb_courses.py
[2026-02-26T12:09:43.739+0000] {processor.py:830} INFO - Processing file /opt/airflow/dags/load_cb_courses.py for tasks to queue
[2026-02-26T12:09:43.741+0000] {logging_mixin.py:188} INFO - [2026-02-26T12:09:43.740+0000] {dagbag.py:545} INFO - Filling up the DagBag from /opt/airflow/dags/load_cb_courses.py
[2026-02-26T12:09:44.210+0000] {processor.py:840} INFO - DAG(s) 'load_cb_courses' retrieved from /opt/airflow/dags/load_cb_courses.py
[2026-02-26T12:09:44.232+0000] {logging_mixin.py:188} INFO - [2026-02-26T12:09:44.231+0000] {dag.py:3089} INFO - Sync 1 DAGs
[2026-02-26T12:09:44.251+0000] {logging_mixin.py:188} INFO - [2026-02-26T12:09:44.251+0000] {dag.py:3947} INFO - Setting next_dagrun for load_cb_courses to 2026-02-26 00:00:00+00:00, run_after=2026-02-27 00:00:00+00:00
[2026-02-26T12:09:44.276+0000] {processor.py:183} INFO - Processing /opt/airflow/dags/load_cb_courses.py took 0.544 seconds
[2026-02-26T12:10:14.457+0000] {processor.py:161} INFO - Started process (PID=5226) to work on /opt/airflow/dags/load_cb_courses.py
[2026-02-26T12:10:14.458+0000] {processor.py:830} INFO - Processing file /opt/airflow/dags/load_cb_courses.py for tasks to queue
[2026-02-26T12:10:14.459+0000] {logging_mixin.py:188} INFO - [2026-02-26T12:10:14.459+0000] {dagbag.py:545} INFO - Filling up the DagBag from /opt/airflow/dags/load_cb_courses.py
[2026-02-26T12:10:14.926+0000] {processor.py:840} INFO - DAG(s) 'load_cb_courses' retrieved from /opt/airflow/dags/load_cb_courses.py
[2026-02-26T12:10:14.947+0000] {logging_mixin.py:188} INFO - [2026-02-26T12:10:14.946+0000] {dag.py:3089} INFO - Sync 1 DAGs
[2026-02-26T12:10:14.968+0000] {logging_mixin.py:188} INFO - [2026-02-26T12:10:14.967+0000] {dag.py:3947} INFO - Setting next_dagrun for load_cb_courses to 2026-02-26 00:00:00+00:00, run_after=2026-02-27 00:00:00+00:00
[2026-02-26T12:10:14.991+0000] {processor.py:183} INFO - Processing /opt/airflow/dags/load_cb_courses.py took 0.541 seconds
[2026-02-26T12:10:45.203+0000] {processor.py:161} INFO - Started process (PID=5252) to work on /opt/airflow/dags/load_cb_courses.py
[2026-02-26T12:10:45.205+0000] {processor.py:830} INFO - Processing file /opt/airflow/dags/load_cb_courses.py for tasks to queue
[2026-02-26T12:10:45.206+0000] {logging_mixin.py:188} INFO - [2026-02-26T12:10:45.206+0000] {dagbag.py:545} INFO - Filling up the DagBag from /opt/airflow/dags/load_cb_courses.py
[2026-02-26T12:10:45.660+0000] {processor.py:840} INFO - DAG(s) 'load_cb_courses' retrieved from /opt/airflow/dags/load_cb_courses.py
[2026-02-26T12:10:45.682+0000] {logging_mixin.py:188} INFO - [2026-02-26T12:10:45.682+0000] {dag.py:3089} INFO - Sync 1 DAGs
[2026-02-26T12:10:45.703+0000] {logging_mixin.py:188} INFO - [2026-02-26T12:10:45.703+0000] {dag.py:3947} INFO - Setting next_dagrun for load_cb_courses to 2026-02-26 00:00:00+00:00, run_after=2026-02-27 00:00:00+00:00
[2026-02-26T12:10:45.726+0000] {processor.py:183} INFO - Processing /opt/airflow/dags/load_cb_courses.py took 0.529 seconds
[2026-02-26T12:11:15.894+0000] {processor.py:161} INFO - Started process (PID=5286) to work on /opt/airflow/dags/load_cb_courses.py
[2026-02-26T12:11:15.896+0000] {processor.py:830} INFO - Processing file /opt/airflow/dags/load_cb_courses.py for tasks to queue
[2026-02-26T12:11:15.898+0000] {logging_mixin.py:188} INFO - [2026-02-26T12:11:15.898+0000] {dagbag.py:545} INFO - Filling up the DagBag from /opt/airflow/dags/load_cb_courses.py
[2026-02-26T12:11:16.344+0000] {processor.py:840} INFO - DAG(s) 'load_cb_courses' retrieved from /opt/airflow/dags/load_cb_courses.py
[2026-02-26T12:11:16.367+0000] {logging_mixin.py:188} INFO - [2026-02-26T12:11:16.366+0000] {dag.py:3089} INFO - Sync 1 DAGs
[2026-02-26T12:11:16.388+0000] {logging_mixin.py:188} INFO - [2026-02-26T12:11:16.387+0000] {dag.py:3947} INFO - Setting next_dagrun for load_cb_courses to 2026-02-26 00:00:00+00:00, run_after=2026-02-27 00:00:00+00:00
[2026-02-26T12:11:16.406+0000] {processor.py:183} INFO - Processing /opt/airflow/dags/load_cb_courses.py took 0.518 seconds
[2026-02-26T12:11:46.576+0000] {processor.py:161} INFO - Started process (PID=5312) to work on /opt/airflow/dags/load_cb_courses.py
[2026-02-26T12:11:46.578+0000] {processor.py:830} INFO - Processing file /opt/airflow/dags/load_cb_courses.py for tasks to queue
[2026-02-26T12:11:46.579+0000] {logging_mixin.py:188} INFO - [2026-02-26T12:11:46.579+0000] {dagbag.py:545} INFO - Filling up the DagBag from /opt/airflow/dags/load_cb_courses.py
[2026-02-26T12:11:47.031+0000] {processor.py:840} INFO - DAG(s) 'load_cb_courses' retrieved from /opt/airflow/dags/load_cb_courses.py
[2026-02-26T12:11:47.053+0000] {logging_mixin.py:188} INFO - [2026-02-26T12:11:47.053+0000] {dag.py:3089} INFO - Sync 1 DAGs
[2026-02-26T12:11:47.072+0000] {logging_mixin.py:188} INFO - [2026-02-26T12:11:47.072+0000] {dag.py:3947} INFO - Setting next_dagrun for load_cb_courses to 2026-02-26 00:00:00+00:00, run_after=2026-02-27 00:00:00+00:00
[2026-02-26T12:11:47.098+0000] {processor.py:183} INFO - Processing /opt/airflow/dags/load_cb_courses.py took 0.529 seconds
[2026-02-26T12:12:17.288+0000] {processor.py:161} INFO - Started process (PID=5345) to work on /opt/airflow/dags/load_cb_courses.py
[2026-02-26T12:12:17.289+0000] {processor.py:830} INFO - Processing file /opt/airflow/dags/load_cb_courses.py for tasks to queue
[2026-02-26T12:12:17.290+0000] {logging_mixin.py:188} INFO - [2026-02-26T12:12:17.290+0000] {dagbag.py:545} INFO - Filling up the DagBag from /opt/airflow/dags/load_cb_courses.py
[2026-02-26T12:12:17.739+0000] {processor.py:840} INFO - DAG(s) 'load_cb_courses' retrieved from /opt/airflow/dags/load_cb_courses.py
[2026-02-26T12:12:17.760+0000] {logging_mixin.py:188} INFO - [2026-02-26T12:12:17.760+0000] {dag.py:3089} INFO - Sync 1 DAGs
[2026-02-26T12:12:17.780+0000] {logging_mixin.py:188} INFO - [2026-02-26T12:12:17.780+0000] {dag.py:3947} INFO - Setting next_dagrun for load_cb_courses to 2026-02-26 00:00:00+00:00, run_after=2026-02-27 00:00:00+00:00
[2026-02-26T12:12:17.800+0000] {processor.py:183} INFO - Processing /opt/airflow/dags/load_cb_courses.py took 0.519 seconds
[2026-02-26T12:12:47.977+0000] {processor.py:161} INFO - Started process (PID=5371) to work on /opt/airflow/dags/load_cb_courses.py
[2026-02-26T12:12:47.980+0000] {processor.py:830} INFO - Processing file /opt/airflow/dags/load_cb_courses.py for tasks to queue
[2026-02-26T12:12:47.981+0000] {logging_mixin.py:188} INFO - [2026-02-26T12:12:47.980+0000] {dagbag.py:545} INFO - Filling up the DagBag from /opt/airflow/dags/load_cb_courses.py
[2026-02-26T12:12:48.446+0000] {processor.py:840} INFO - DAG(s) 'load_cb_courses' retrieved from /opt/airflow/dags/load_cb_courses.py
[2026-02-26T12:12:48.467+0000] {logging_mixin.py:188} INFO - [2026-02-26T12:12:48.467+0000] {dag.py:3089} INFO - Sync 1 DAGs
[2026-02-26T12:12:48.487+0000] {logging_mixin.py:188} INFO - [2026-02-26T12:12:48.487+0000] {dag.py:3947} INFO - Setting next_dagrun for load_cb_courses to 2026-02-26 00:00:00+00:00, run_after=2026-02-27 00:00:00+00:00
[2026-02-26T12:12:48.507+0000] {processor.py:183} INFO - Processing /opt/airflow/dags/load_cb_courses.py took 0.535 seconds
[2026-02-26T12:13:19.337+0000] {processor.py:161} INFO - Started process (PID=5397) to work on /opt/airflow/dags/load_cb_courses.py
[2026-02-26T12:13:19.338+0000] {processor.py:830} INFO - Processing file /opt/airflow/dags/load_cb_courses.py for tasks to queue
[2026-02-26T12:13:19.339+0000] {logging_mixin.py:188} INFO - [2026-02-26T12:13:19.339+0000] {dagbag.py:545} INFO - Filling up the DagBag from /opt/airflow/dags/load_cb_courses.py
[2026-02-26T12:13:19.818+0000] {processor.py:840} INFO - DAG(s) 'load_cb_courses' retrieved from /opt/airflow/dags/load_cb_courses.py
[2026-02-26T12:13:19.840+0000] {logging_mixin.py:188} INFO - [2026-02-26T12:13:19.840+0000] {dag.py:3089} INFO - Sync 1 DAGs
[2026-02-26T12:13:19.861+0000] {logging_mixin.py:188} INFO - [2026-02-26T12:13:19.861+0000] {dag.py:3947} INFO - Setting next_dagrun for load_cb_courses to 2026-02-26 00:00:00+00:00, run_after=2026-02-27 00:00:00+00:00
[2026-02-26T12:13:19.882+0000] {processor.py:183} INFO - Processing /opt/airflow/dags/load_cb_courses.py took 0.553 seconds
[2026-02-26T12:13:50.101+0000] {processor.py:161} INFO - Started process (PID=5431) to work on /opt/airflow/dags/load_cb_courses.py
[2026-02-26T12:13:50.102+0000] {processor.py:830} INFO - Processing file /opt/airflow/dags/load_cb_courses.py for tasks to queue
[2026-02-26T12:13:50.104+0000] {logging_mixin.py:188} INFO - [2026-02-26T12:13:50.103+0000] {dagbag.py:545} INFO - Filling up the DagBag from /opt/airflow/dags/load_cb_courses.py
[2026-02-26T12:13:50.573+0000] {processor.py:840} INFO - DAG(s) 'load_cb_courses' retrieved from /opt/airflow/dags/load_cb_courses.py
[2026-02-26T12:13:50.596+0000] {logging_mixin.py:188} INFO - [2026-02-26T12:13:50.595+0000] {dag.py:3089} INFO - Sync 1 DAGs
[2026-02-26T12:13:50.616+0000] {logging_mixin.py:188} INFO - [2026-02-26T12:13:50.616+0000] {dag.py:3947} INFO - Setting next_dagrun for load_cb_courses to 2026-02-26 00:00:00+00:00, run_after=2026-02-27 00:00:00+00:00
[2026-02-26T12:13:50.636+0000] {processor.py:183} INFO - Processing /opt/airflow/dags/load_cb_courses.py took 0.541 seconds
[2026-02-26T12:14:21.403+0000] {processor.py:161} INFO - Started process (PID=5458) to work on /opt/airflow/dags/load_cb_courses.py
[2026-02-26T12:14:21.404+0000] {processor.py:830} INFO - Processing file /opt/airflow/dags/load_cb_courses.py for tasks to queue
[2026-02-26T12:14:21.405+0000] {logging_mixin.py:188} INFO - [2026-02-26T12:14:21.405+0000] {dagbag.py:545} INFO - Filling up the DagBag from /opt/airflow/dags/load_cb_courses.py
[2026-02-26T12:14:21.914+0000] {processor.py:840} INFO - DAG(s) 'load_cb_courses' retrieved from /opt/airflow/dags/load_cb_courses.py
[2026-02-26T12:14:21.939+0000] {logging_mixin.py:188} INFO - [2026-02-26T12:14:21.938+0000] {dag.py:3089} INFO - Sync 1 DAGs
[2026-02-26T12:14:21.960+0000] {logging_mixin.py:188} INFO - [2026-02-26T12:14:21.959+0000] {dag.py:3947} INFO - Setting next_dagrun for load_cb_courses to 2026-02-26 00:00:00+00:00, run_after=2026-02-27 00:00:00+00:00
[2026-02-26T12:14:21.984+0000] {processor.py:183} INFO - Processing /opt/airflow/dags/load_cb_courses.py took 0.587 seconds
[2026-02-26T12:14:52.410+0000] {processor.py:161} INFO - Started process (PID=5491) to work on /opt/airflow/dags/load_cb_courses.py
[2026-02-26T12:14:52.411+0000] {processor.py:830} INFO - Processing file /opt/airflow/dags/load_cb_courses.py for tasks to queue
[2026-02-26T12:14:52.412+0000] {logging_mixin.py:188} INFO - [2026-02-26T12:14:52.412+0000] {dagbag.py:545} INFO - Filling up the DagBag from /opt/airflow/dags/load_cb_courses.py
[2026-02-26T12:14:52.896+0000] {processor.py:840} INFO - DAG(s) 'load_cb_courses' retrieved from /opt/airflow/dags/load_cb_courses.py
[2026-02-26T12:14:52.918+0000] {logging_mixin.py:188} INFO - [2026-02-26T12:14:52.917+0000] {dag.py:3089} INFO - Sync 1 DAGs
[2026-02-26T12:14:52.938+0000] {logging_mixin.py:188} INFO - [2026-02-26T12:14:52.937+0000] {dag.py:3947} INFO - Setting next_dagrun for load_cb_courses to 2026-02-26 00:00:00+00:00, run_after=2026-02-27 00:00:00+00:00
[2026-02-26T12:14:52.956+0000] {processor.py:183} INFO - Processing /opt/airflow/dags/load_cb_courses.py took 0.557 seconds
[2026-02-26T12:15:23.534+0000] {processor.py:161} INFO - Started process (PID=5517) to work on /opt/airflow/dags/load_cb_courses.py
[2026-02-26T12:15:23.535+0000] {processor.py:830} INFO - Processing file /opt/airflow/dags/load_cb_courses.py for tasks to queue
[2026-02-26T12:15:23.537+0000] {logging_mixin.py:188} INFO - [2026-02-26T12:15:23.537+0000] {dagbag.py:545} INFO - Filling up the DagBag from /opt/airflow/dags/load_cb_courses.py
[2026-02-26T12:15:23.986+0000] {processor.py:840} INFO - DAG(s) 'load_cb_courses' retrieved from /opt/airflow/dags/load_cb_courses.py
[2026-02-26T12:15:24.007+0000] {logging_mixin.py:188} INFO - [2026-02-26T12:15:24.007+0000] {dag.py:3089} INFO - Sync 1 DAGs
[2026-02-26T12:15:24.027+0000] {logging_mixin.py:188} INFO - [2026-02-26T12:15:24.027+0000] {dag.py:3947} INFO - Setting next_dagrun for load_cb_courses to 2026-02-26 00:00:00+00:00, run_after=2026-02-27 00:00:00+00:00
[2026-02-26T12:15:24.048+0000] {processor.py:183} INFO - Processing /opt/airflow/dags/load_cb_courses.py took 0.520 seconds
[2026-02-26T12:15:54.248+0000] {processor.py:161} INFO - Started process (PID=5543) to work on /opt/airflow/dags/load_cb_courses.py
[2026-02-26T12:15:54.249+0000] {processor.py:830} INFO - Processing file /opt/airflow/dags/load_cb_courses.py for tasks to queue
[2026-02-26T12:15:54.250+0000] {logging_mixin.py:188} INFO - [2026-02-26T12:15:54.250+0000] {dagbag.py:545} INFO - Filling up the DagBag from /opt/airflow/dags/load_cb_courses.py
[2026-02-26T12:15:54.736+0000] {processor.py:840} INFO - DAG(s) 'load_cb_courses' retrieved from /opt/airflow/dags/load_cb_courses.py
[2026-02-26T12:15:54.760+0000] {logging_mixin.py:188} INFO - [2026-02-26T12:15:54.760+0000] {dag.py:3089} INFO - Sync 1 DAGs
[2026-02-26T12:15:54.780+0000] {logging_mixin.py:188} INFO - [2026-02-26T12:15:54.780+0000] {dag.py:3947} INFO - Setting next_dagrun for load_cb_courses to 2026-02-26 00:00:00+00:00, run_after=2026-02-27 00:00:00+00:00
[2026-02-26T12:15:54.805+0000] {processor.py:183} INFO - Processing /opt/airflow/dags/load_cb_courses.py took 0.563 seconds
[2026-02-26T12:16:25.000+0000] {processor.py:161} INFO - Started process (PID=5578) to work on /opt/airflow/dags/load_cb_courses.py
[2026-02-26T12:16:25.001+0000] {processor.py:830} INFO - Processing file /opt/airflow/dags/load_cb_courses.py for tasks to queue
[2026-02-26T12:16:25.002+0000] {logging_mixin.py:188} INFO - [2026-02-26T12:16:25.002+0000] {dagbag.py:545} INFO - Filling up the DagBag from /opt/airflow/dags/load_cb_courses.py
[2026-02-26T12:16:25.494+0000] {processor.py:840} INFO - DAG(s) 'load_cb_courses' retrieved from /opt/airflow/dags/load_cb_courses.py
[2026-02-26T12:16:25.516+0000] {logging_mixin.py:188} INFO - [2026-02-26T12:16:25.515+0000] {dag.py:3089} INFO - Sync 1 DAGs
[2026-02-26T12:16:25.538+0000] {logging_mixin.py:188} INFO - [2026-02-26T12:16:25.538+0000] {dag.py:3947} INFO - Setting next_dagrun for load_cb_courses to 2026-02-26 00:00:00+00:00, run_after=2026-02-27 00:00:00+00:00
[2026-02-26T12:16:25.556+0000] {processor.py:183} INFO - Processing /opt/airflow/dags/load_cb_courses.py took 0.562 seconds
[2026-02-26T12:16:55.778+0000] {processor.py:161} INFO - Started process (PID=5604) to work on /opt/airflow/dags/load_cb_courses.py
[2026-02-26T12:16:55.779+0000] {processor.py:830} INFO - Processing file /opt/airflow/dags/load_cb_courses.py for tasks to queue
[2026-02-26T12:16:55.780+0000] {logging_mixin.py:188} INFO - [2026-02-26T12:16:55.780+0000] {dagbag.py:545} INFO - Filling up the DagBag from /opt/airflow/dags/load_cb_courses.py
[2026-02-26T12:16:56.232+0000] {processor.py:840} INFO - DAG(s) 'load_cb_courses' retrieved from /opt/airflow/dags/load_cb_courses.py
[2026-02-26T12:16:56.253+0000] {logging_mixin.py:188} INFO - [2026-02-26T12:16:56.253+0000] {dag.py:3089} INFO - Sync 1 DAGs
[2026-02-26T12:16:56.273+0000] {logging_mixin.py:188} INFO - [2026-02-26T12:16:56.273+0000] {dag.py:3947} INFO - Setting next_dagrun for load_cb_courses to 2026-02-26 00:00:00+00:00, run_after=2026-02-27 00:00:00+00:00
[2026-02-26T12:16:56.295+0000] {processor.py:183} INFO - Processing /opt/airflow/dags/load_cb_courses.py took 0.524 seconds
[2026-02-26T12:17:26.514+0000] {processor.py:161} INFO - Started process (PID=5635) to work on /opt/airflow/dags/load_cb_courses.py
[2026-02-26T12:17:26.516+0000] {processor.py:830} INFO - Processing file /opt/airflow/dags/load_cb_courses.py for tasks to queue
[2026-02-26T12:17:26.517+0000] {logging_mixin.py:188} INFO - [2026-02-26T12:17:26.517+0000] {dagbag.py:545} INFO - Filling up the DagBag from /opt/airflow/dags/load_cb_courses.py
[2026-02-26T12:17:27.068+0000] {processor.py:840} INFO - DAG(s) 'load_cb_courses' retrieved from /opt/airflow/dags/load_cb_courses.py
[2026-02-26T12:17:27.093+0000] {logging_mixin.py:188} INFO - [2026-02-26T12:17:27.092+0000] {dag.py:3089} INFO - Sync 1 DAGs
[2026-02-26T12:17:27.118+0000] {logging_mixin.py:188} INFO - [2026-02-26T12:17:27.118+0000] {dag.py:3947} INFO - Setting next_dagrun for load_cb_courses to 2026-02-26 00:00:00+00:00, run_after=2026-02-27 00:00:00+00:00
[2026-02-26T12:17:27.145+0000] {processor.py:183} INFO - Processing /opt/airflow/dags/load_cb_courses.py took 0.637 seconds
[2026-02-26T12:17:57.631+0000] {processor.py:161} INFO - Started process (PID=5661) to work on /opt/airflow/dags/load_cb_courses.py
[2026-02-26T12:17:57.633+0000] {processor.py:830} INFO - Processing file /opt/airflow/dags/load_cb_courses.py for tasks to queue
[2026-02-26T12:17:57.634+0000] {logging_mixin.py:188} INFO - [2026-02-26T12:17:57.634+0000] {dagbag.py:545} INFO - Filling up the DagBag from /opt/airflow/dags/load_cb_courses.py
[2026-02-26T12:17:58.114+0000] {processor.py:840} INFO - DAG(s) 'load_cb_courses' retrieved from /opt/airflow/dags/load_cb_courses.py
[2026-02-26T12:17:58.137+0000] {logging_mixin.py:188} INFO - [2026-02-26T12:17:58.137+0000] {dag.py:3089} INFO - Sync 1 DAGs
[2026-02-26T12:17:58.158+0000] {logging_mixin.py:188} INFO - [2026-02-26T12:17:58.158+0000] {dag.py:3947} INFO - Setting next_dagrun for load_cb_courses to 2026-02-26 00:00:00+00:00, run_after=2026-02-27 00:00:00+00:00
[2026-02-26T12:17:58.190+0000] {processor.py:183} INFO - Processing /opt/airflow/dags/load_cb_courses.py took 0.565 seconds
[2026-02-26T12:18:28.414+0000] {processor.py:161} INFO - Started process (PID=5687) to work on /opt/airflow/dags/load_cb_courses.py
[2026-02-26T12:18:28.415+0000] {processor.py:830} INFO - Processing file /opt/airflow/dags/load_cb_courses.py for tasks to queue
[2026-02-26T12:18:28.416+0000] {logging_mixin.py:188} INFO - [2026-02-26T12:18:28.416+0000] {dagbag.py:545} INFO - Filling up the DagBag from /opt/airflow/dags/load_cb_courses.py
[2026-02-26T12:18:28.898+0000] {processor.py:840} INFO - DAG(s) 'load_cb_courses' retrieved from /opt/airflow/dags/load_cb_courses.py
[2026-02-26T12:18:28.921+0000] {logging_mixin.py:188} INFO - [2026-02-26T12:18:28.921+0000] {dag.py:3089} INFO - Sync 1 DAGs
[2026-02-26T12:18:28.943+0000] {logging_mixin.py:188} INFO - [2026-02-26T12:18:28.942+0000] {dag.py:3947} INFO - Setting next_dagrun for load_cb_courses to 2026-02-26 00:00:00+00:00, run_after=2026-02-27 00:00:00+00:00
[2026-02-26T12:18:28.964+0000] {processor.py:183} INFO - Processing /opt/airflow/dags/load_cb_courses.py took 0.557 seconds
[2026-02-26T12:18:59.148+0000] {processor.py:161} INFO - Started process (PID=5717) to work on /opt/airflow/dags/load_cb_courses.py
[2026-02-26T12:18:59.149+0000] {processor.py:830} INFO - Processing file /opt/airflow/dags/load_cb_courses.py for tasks to queue
[2026-02-26T12:18:59.150+0000] {logging_mixin.py:188} INFO - [2026-02-26T12:18:59.150+0000] {dagbag.py:545} INFO - Filling up the DagBag from /opt/airflow/dags/load_cb_courses.py
[2026-02-26T12:18:59.743+0000] {processor.py:840} INFO - DAG(s) 'load_cb_courses' retrieved from /opt/airflow/dags/load_cb_courses.py
[2026-02-26T12:18:59.778+0000] {logging_mixin.py:188} INFO - [2026-02-26T12:18:59.777+0000] {dag.py:3089} INFO - Sync 1 DAGs
[2026-02-26T12:18:59.814+0000] {logging_mixin.py:188} INFO - [2026-02-26T12:18:59.813+0000] {dag.py:3947} INFO - Setting next_dagrun for load_cb_courses to 2026-02-26 00:00:00+00:00, run_after=2026-02-27 00:00:00+00:00
[2026-02-26T12:18:59.862+0000] {processor.py:183} INFO - Processing /opt/airflow/dags/load_cb_courses.py took 0.724 seconds
[2026-02-26T12:19:29.980+0000] {processor.py:161} INFO - Started process (PID=5743) to work on /opt/airflow/dags/load_cb_courses.py
[2026-02-26T12:19:29.982+0000] {processor.py:830} INFO - Processing file /opt/airflow/dags/load_cb_courses.py for tasks to queue
[2026-02-26T12:19:29.983+0000] {logging_mixin.py:188} INFO - [2026-02-26T12:19:29.983+0000] {dagbag.py:545} INFO - Filling up the DagBag from /opt/airflow/dags/load_cb_courses.py
[2026-02-26T12:19:30.469+0000] {processor.py:840} INFO - DAG(s) 'load_cb_courses' retrieved from /opt/airflow/dags/load_cb_courses.py
[2026-02-26T12:19:30.505+0000] {logging_mixin.py:188} INFO - [2026-02-26T12:19:30.503+0000] {dag.py:3089} INFO - Sync 1 DAGs
[2026-02-26T12:19:30.547+0000] {logging_mixin.py:188} INFO - [2026-02-26T12:19:30.547+0000] {dag.py:3947} INFO - Setting next_dagrun for load_cb_courses to 2026-02-26 00:00:00+00:00, run_after=2026-02-27 00:00:00+00:00
[2026-02-26T12:19:30.577+0000] {processor.py:183} INFO - Processing /opt/airflow/dags/load_cb_courses.py took 0.604 seconds
[2026-02-26T12:20:00.841+0000] {processor.py:161} INFO - Started process (PID=5769) to work on /opt/airflow/dags/load_cb_courses.py
[2026-02-26T12:20:00.843+0000] {processor.py:830} INFO - Processing file /opt/airflow/dags/load_cb_courses.py for tasks to queue
[2026-02-26T12:20:00.844+0000] {logging_mixin.py:188} INFO - [2026-02-26T12:20:00.844+0000] {dagbag.py:545} INFO - Filling up the DagBag from /opt/airflow/dags/load_cb_courses.py
[2026-02-26T12:20:01.307+0000] {processor.py:840} INFO - DAG(s) 'load_cb_courses' retrieved from /opt/airflow/dags/load_cb_courses.py
[2026-02-26T12:20:01.327+0000] {logging_mixin.py:188} INFO - [2026-02-26T12:20:01.326+0000] {dag.py:3089} INFO - Sync 1 DAGs
[2026-02-26T12:20:01.349+0000] {logging_mixin.py:188} INFO - [2026-02-26T12:20:01.348+0000] {dag.py:3947} INFO - Setting next_dagrun for load_cb_courses to 2026-02-26 00:00:00+00:00, run_after=2026-02-27 00:00:00+00:00
[2026-02-26T12:20:01.369+0000] {processor.py:183} INFO - Processing /opt/airflow/dags/load_cb_courses.py took 0.533 seconds
[2026-02-26T12:20:31.589+0000] {processor.py:161} INFO - Started process (PID=5801) to work on /opt/airflow/dags/load_cb_courses.py
[2026-02-26T12:20:31.590+0000] {processor.py:830} INFO - Processing file /opt/airflow/dags/load_cb_courses.py for tasks to queue
[2026-02-26T12:20:31.591+0000] {logging_mixin.py:188} INFO - [2026-02-26T12:20:31.591+0000] {dagbag.py:545} INFO - Filling up the DagBag from /opt/airflow/dags/load_cb_courses.py
[2026-02-26T12:20:32.073+0000] {processor.py:840} INFO - DAG(s) 'load_cb_courses' retrieved from /opt/airflow/dags/load_cb_courses.py
[2026-02-26T12:20:32.100+0000] {logging_mixin.py:188} INFO - [2026-02-26T12:20:32.099+0000] {dag.py:3089} INFO - Sync 1 DAGs
[2026-02-26T12:20:32.119+0000] {logging_mixin.py:188} INFO - [2026-02-26T12:20:32.119+0000] {dag.py:3947} INFO - Setting next_dagrun for load_cb_courses to 2026-02-26 00:00:00+00:00, run_after=2026-02-27 00:00:00+00:00
[2026-02-26T12:20:32.138+0000] {processor.py:183} INFO - Processing /opt/airflow/dags/load_cb_courses.py took 0.558 seconds
[2026-02-26T12:21:02.387+0000] {processor.py:161} INFO - Started process (PID=5828) to work on /opt/airflow/dags/load_cb_courses.py
[2026-02-26T12:21:02.389+0000] {processor.py:830} INFO - Processing file /opt/airflow/dags/load_cb_courses.py for tasks to queue
[2026-02-26T12:21:02.391+0000] {logging_mixin.py:188} INFO - [2026-02-26T12:21:02.390+0000] {dagbag.py:545} INFO - Filling up the DagBag from /opt/airflow/dags/load_cb_courses.py
[2026-02-26T12:21:02.925+0000] {processor.py:840} INFO - DAG(s) 'load_cb_courses' retrieved from /opt/airflow/dags/load_cb_courses.py
[2026-02-26T12:21:02.949+0000] {logging_mixin.py:188} INFO - [2026-02-26T12:21:02.948+0000] {dag.py:3089} INFO - Sync 1 DAGs
[2026-02-26T12:21:02.970+0000] {logging_mixin.py:188} INFO - [2026-02-26T12:21:02.970+0000] {dag.py:3947} INFO - Setting next_dagrun for load_cb_courses to 2026-02-26 00:00:00+00:00, run_after=2026-02-27 00:00:00+00:00
[2026-02-26T12:21:03.007+0000] {processor.py:183} INFO - Processing /opt/airflow/dags/load_cb_courses.py took 0.628 seconds
[2026-02-26T12:21:33.294+0000] {processor.py:161} INFO - Started process (PID=5859) to work on /opt/airflow/dags/load_cb_courses.py
[2026-02-26T12:21:33.296+0000] {processor.py:830} INFO - Processing file /opt/airflow/dags/load_cb_courses.py for tasks to queue
[2026-02-26T12:21:33.299+0000] {logging_mixin.py:188} INFO - [2026-02-26T12:21:33.298+0000] {dagbag.py:545} INFO - Filling up the DagBag from /opt/airflow/dags/load_cb_courses.py
[2026-02-26T12:21:33.820+0000] {processor.py:840} INFO - DAG(s) 'load_cb_courses' retrieved from /opt/airflow/dags/load_cb_courses.py
[2026-02-26T12:21:33.850+0000] {logging_mixin.py:188} INFO - [2026-02-26T12:21:33.849+0000] {dag.py:3089} INFO - Sync 1 DAGs
[2026-02-26T12:21:33.876+0000] {logging_mixin.py:188} INFO - [2026-02-26T12:21:33.876+0000] {dag.py:3947} INFO - Setting next_dagrun for load_cb_courses to 2026-02-26 00:00:00+00:00, run_after=2026-02-27 00:00:00+00:00
[2026-02-26T12:21:33.899+0000] {processor.py:183} INFO - Processing /opt/airflow/dags/load_cb_courses.py took 0.612 seconds
[2026-02-26T12:22:04.087+0000] {processor.py:161} INFO - Started process (PID=5892) to work on /opt/airflow/dags/load_cb_courses.py
[2026-02-26T12:22:04.088+0000] {processor.py:830} INFO - Processing file /opt/airflow/dags/load_cb_courses.py for tasks to queue
[2026-02-26T12:22:04.089+0000] {logging_mixin.py:188} INFO - [2026-02-26T12:22:04.089+0000] {dagbag.py:545} INFO - Filling up the DagBag from /opt/airflow/dags/load_cb_courses.py
[2026-02-26T12:22:04.557+0000] {processor.py:840} INFO - DAG(s) 'load_cb_courses' retrieved from /opt/airflow/dags/load_cb_courses.py
[2026-02-26T12:22:04.578+0000] {logging_mixin.py:188} INFO - [2026-02-26T12:22:04.577+0000] {dag.py:3089} INFO - Sync 1 DAGs
[2026-02-26T12:22:04.597+0000] {logging_mixin.py:188} INFO - [2026-02-26T12:22:04.596+0000] {dag.py:3947} INFO - Setting next_dagrun for load_cb_courses to 2026-02-26 00:00:00+00:00, run_after=2026-02-27 00:00:00+00:00
[2026-02-26T12:22:04.616+0000] {processor.py:183} INFO - Processing /opt/airflow/dags/load_cb_courses.py took 0.536 seconds
[2026-02-26T12:22:34.810+0000] {processor.py:161} INFO - Started process (PID=5925) to work on /opt/airflow/dags/load_cb_courses.py
[2026-02-26T12:22:34.812+0000] {processor.py:830} INFO - Processing file /opt/airflow/dags/load_cb_courses.py for tasks to queue
[2026-02-26T12:22:34.814+0000] {logging_mixin.py:188} INFO - [2026-02-26T12:22:34.813+0000] {dagbag.py:545} INFO - Filling up the DagBag from /opt/airflow/dags/load_cb_courses.py
[2026-02-26T12:22:35.299+0000] {processor.py:840} INFO - DAG(s) 'load_cb_courses' retrieved from /opt/airflow/dags/load_cb_courses.py
[2026-02-26T12:22:35.323+0000] {logging_mixin.py:188} INFO - [2026-02-26T12:22:35.323+0000] {dag.py:3089} INFO - Sync 1 DAGs
[2026-02-26T12:22:35.342+0000] {logging_mixin.py:188} INFO - [2026-02-26T12:22:35.342+0000] {dag.py:3947} INFO - Setting next_dagrun for load_cb_courses to 2026-02-26 00:00:00+00:00, run_after=2026-02-27 00:00:00+00:00
[2026-02-26T12:22:35.366+0000] {processor.py:183} INFO - Processing /opt/airflow/dags/load_cb_courses.py took 0.562 seconds
[2026-02-26T12:23:05.558+0000] {processor.py:161} INFO - Started process (PID=5951) to work on /opt/airflow/dags/load_cb_courses.py
[2026-02-26T12:23:05.559+0000] {processor.py:830} INFO - Processing file /opt/airflow/dags/load_cb_courses.py for tasks to queue
[2026-02-26T12:23:05.560+0000] {logging_mixin.py:188} INFO - [2026-02-26T12:23:05.560+0000] {dagbag.py:545} INFO - Filling up the DagBag from /opt/airflow/dags/load_cb_courses.py
[2026-02-26T12:23:06.055+0000] {processor.py:840} INFO - DAG(s) 'load_cb_courses' retrieved from /opt/airflow/dags/load_cb_courses.py
[2026-02-26T12:23:06.075+0000] {logging_mixin.py:188} INFO - [2026-02-26T12:23:06.075+0000] {dag.py:3089} INFO - Sync 1 DAGs
[2026-02-26T12:23:06.098+0000] {logging_mixin.py:188} INFO - [2026-02-26T12:23:06.097+0000] {dag.py:3947} INFO - Setting next_dagrun for load_cb_courses to 2026-02-26 00:00:00+00:00, run_after=2026-02-27 00:00:00+00:00
[2026-02-26T12:23:06.133+0000] {processor.py:183} INFO - Processing /opt/airflow/dags/load_cb_courses.py took 0.582 seconds
[2026-02-26T12:23:36.308+0000] {processor.py:161} INFO - Started process (PID=5984) to work on /opt/airflow/dags/load_cb_courses.py
[2026-02-26T12:23:36.309+0000] {processor.py:830} INFO - Processing file /opt/airflow/dags/load_cb_courses.py for tasks to queue
[2026-02-26T12:23:36.310+0000] {logging_mixin.py:188} INFO - [2026-02-26T12:23:36.310+0000] {dagbag.py:545} INFO - Filling up the DagBag from /opt/airflow/dags/load_cb_courses.py
[2026-02-26T12:23:36.760+0000] {processor.py:840} INFO - DAG(s) 'load_cb_courses' retrieved from /opt/airflow/dags/load_cb_courses.py
[2026-02-26T12:23:36.781+0000] {logging_mixin.py:188} INFO - [2026-02-26T12:23:36.781+0000] {dag.py:3089} INFO - Sync 1 DAGs
[2026-02-26T12:23:36.801+0000] {logging_mixin.py:188} INFO - [2026-02-26T12:23:36.801+0000] {dag.py:3947} INFO - Setting next_dagrun for load_cb_courses to 2026-02-26 00:00:00+00:00, run_after=2026-02-27 00:00:00+00:00
[2026-02-26T12:23:36.826+0000] {processor.py:183} INFO - Processing /opt/airflow/dags/load_cb_courses.py took 0.524 seconds
[2026-02-26T12:24:07.495+0000] {processor.py:161} INFO - Started process (PID=6010) to work on /opt/airflow/dags/load_cb_courses.py
[2026-02-26T12:24:07.497+0000] {processor.py:830} INFO - Processing file /opt/airflow/dags/load_cb_courses.py for tasks to queue
[2026-02-26T12:24:07.498+0000] {logging_mixin.py:188} INFO - [2026-02-26T12:24:07.498+0000] {dagbag.py:545} INFO - Filling up the DagBag from /opt/airflow/dags/load_cb_courses.py
[2026-02-26T12:24:07.938+0000] {processor.py:840} INFO - DAG(s) 'load_cb_courses' retrieved from /opt/airflow/dags/load_cb_courses.py
[2026-02-26T12:24:07.958+0000] {logging_mixin.py:188} INFO - [2026-02-26T12:24:07.958+0000] {dag.py:3089} INFO - Sync 1 DAGs
[2026-02-26T12:24:07.978+0000] {logging_mixin.py:188} INFO - [2026-02-26T12:24:07.978+0000] {dag.py:3947} INFO - Setting next_dagrun for load_cb_courses to 2026-02-26 00:00:00+00:00, run_after=2026-02-27 00:00:00+00:00
[2026-02-26T12:24:07.997+0000] {processor.py:183} INFO - Processing /opt/airflow/dags/load_cb_courses.py took 0.508 seconds
[2026-02-26T12:24:38.176+0000] {processor.py:161} INFO - Started process (PID=6043) to work on /opt/airflow/dags/load_cb_courses.py
[2026-02-26T12:24:38.178+0000] {processor.py:830} INFO - Processing file /opt/airflow/dags/load_cb_courses.py for tasks to queue
[2026-02-26T12:24:38.179+0000] {logging_mixin.py:188} INFO - [2026-02-26T12:24:38.179+0000] {dagbag.py:545} INFO - Filling up the DagBag from /opt/airflow/dags/load_cb_courses.py
[2026-02-26T12:24:38.608+0000] {processor.py:840} INFO - DAG(s) 'load_cb_courses' retrieved from /opt/airflow/dags/load_cb_courses.py
[2026-02-26T12:24:38.630+0000] {logging_mixin.py:188} INFO - [2026-02-26T12:24:38.629+0000] {dag.py:3089} INFO - Sync 1 DAGs
[2026-02-26T12:24:38.649+0000] {logging_mixin.py:188} INFO - [2026-02-26T12:24:38.649+0000] {dag.py:3947} INFO - Setting next_dagrun for load_cb_courses to 2026-02-26 00:00:00+00:00, run_after=2026-02-27 00:00:00+00:00
[2026-02-26T12:24:38.671+0000] {processor.py:183} INFO - Processing /opt/airflow/dags/load_cb_courses.py took 0.501 seconds
[2026-02-26T12:25:09.171+0000] {processor.py:161} INFO - Started process (PID=6070) to work on /opt/airflow/dags/load_cb_courses.py
[2026-02-26T12:25:09.172+0000] {processor.py:830} INFO - Processing file /opt/airflow/dags/load_cb_courses.py for tasks to queue
[2026-02-26T12:25:09.174+0000] {logging_mixin.py:188} INFO - [2026-02-26T12:25:09.173+0000] {dagbag.py:545} INFO - Filling up the DagBag from /opt/airflow/dags/load_cb_courses.py
[2026-02-26T12:25:09.639+0000] {processor.py:840} INFO - DAG(s) 'load_cb_courses' retrieved from /opt/airflow/dags/load_cb_courses.py
[2026-02-26T12:25:09.660+0000] {logging_mixin.py:188} INFO - [2026-02-26T12:25:09.660+0000] {dag.py:3089} INFO - Sync 1 DAGs
[2026-02-26T12:25:09.679+0000] {logging_mixin.py:188} INFO - [2026-02-26T12:25:09.679+0000] {dag.py:3947} INFO - Setting next_dagrun for load_cb_courses to 2026-02-26 00:00:00+00:00, run_after=2026-02-27 00:00:00+00:00
[2026-02-26T12:25:09.701+0000] {processor.py:183} INFO - Processing /opt/airflow/dags/load_cb_courses.py took 0.536 seconds
[2026-02-26T12:25:39.887+0000] {processor.py:161} INFO - Started process (PID=6095) to work on /opt/airflow/dags/load_cb_courses.py
[2026-02-26T12:25:39.888+0000] {processor.py:830} INFO - Processing file /opt/airflow/dags/load_cb_courses.py for tasks to queue
[2026-02-26T12:25:39.890+0000] {logging_mixin.py:188} INFO - [2026-02-26T12:25:39.889+0000] {dagbag.py:545} INFO - Filling up the DagBag from /opt/airflow/dags/load_cb_courses.py
[2026-02-26T12:25:40.351+0000] {processor.py:840} INFO - DAG(s) 'load_cb_courses' retrieved from /opt/airflow/dags/load_cb_courses.py
[2026-02-26T12:25:40.372+0000] {logging_mixin.py:188} INFO - [2026-02-26T12:25:40.372+0000] {dag.py:3089} INFO - Sync 1 DAGs
[2026-02-26T12:25:40.394+0000] {logging_mixin.py:188} INFO - [2026-02-26T12:25:40.394+0000] {dag.py:3947} INFO - Setting next_dagrun for load_cb_courses to 2026-02-26 00:00:00+00:00, run_after=2026-02-27 00:00:00+00:00
[2026-02-26T12:25:40.422+0000] {processor.py:183} INFO - Processing /opt/airflow/dags/load_cb_courses.py took 0.542 seconds
[2026-02-26T12:26:10.845+0000] {processor.py:161} INFO - Started process (PID=6128) to work on /opt/airflow/dags/load_cb_courses.py
[2026-02-26T12:26:10.846+0000] {processor.py:830} INFO - Processing file /opt/airflow/dags/load_cb_courses.py for tasks to queue
[2026-02-26T12:26:10.848+0000] {logging_mixin.py:188} INFO - [2026-02-26T12:26:10.847+0000] {dagbag.py:545} INFO - Filling up the DagBag from /opt/airflow/dags/load_cb_courses.py
[2026-02-26T12:26:11.306+0000] {processor.py:840} INFO - DAG(s) 'load_cb_courses' retrieved from /opt/airflow/dags/load_cb_courses.py
[2026-02-26T12:26:11.326+0000] {logging_mixin.py:188} INFO - [2026-02-26T12:26:11.326+0000] {dag.py:3089} INFO - Sync 1 DAGs
[2026-02-26T12:26:11.347+0000] {logging_mixin.py:188} INFO - [2026-02-26T12:26:11.347+0000] {dag.py:3947} INFO - Setting next_dagrun for load_cb_courses to 2026-02-26 00:00:00+00:00, run_after=2026-02-27 00:00:00+00:00
[2026-02-26T12:26:11.368+0000] {processor.py:183} INFO - Processing /opt/airflow/dags/load_cb_courses.py took 0.530 seconds
[2026-02-26T12:26:41.865+0000] {processor.py:161} INFO - Started process (PID=6154) to work on /opt/airflow/dags/load_cb_courses.py
[2026-02-26T12:26:41.867+0000] {processor.py:830} INFO - Processing file /opt/airflow/dags/load_cb_courses.py for tasks to queue
[2026-02-26T12:26:41.868+0000] {logging_mixin.py:188} INFO - [2026-02-26T12:26:41.868+0000] {dagbag.py:545} INFO - Filling up the DagBag from /opt/airflow/dags/load_cb_courses.py
[2026-02-26T12:26:42.320+0000] {processor.py:840} INFO - DAG(s) 'load_cb_courses' retrieved from /opt/airflow/dags/load_cb_courses.py
[2026-02-26T12:26:42.343+0000] {logging_mixin.py:188} INFO - [2026-02-26T12:26:42.342+0000] {dag.py:3089} INFO - Sync 1 DAGs
[2026-02-26T12:26:42.362+0000] {logging_mixin.py:188} INFO - [2026-02-26T12:26:42.362+0000] {dag.py:3947} INFO - Setting next_dagrun for load_cb_courses to 2026-02-26 00:00:00+00:00, run_after=2026-02-27 00:00:00+00:00
[2026-02-26T12:26:42.383+0000] {processor.py:183} INFO - Processing /opt/airflow/dags/load_cb_courses.py took 0.525 seconds
[2026-02-26T12:27:12.586+0000] {processor.py:161} INFO - Started process (PID=6187) to work on /opt/airflow/dags/load_cb_courses.py
[2026-02-26T12:27:12.587+0000] {processor.py:830} INFO - Processing file /opt/airflow/dags/load_cb_courses.py for tasks to queue
[2026-02-26T12:27:12.588+0000] {logging_mixin.py:188} INFO - [2026-02-26T12:27:12.588+0000] {dagbag.py:545} INFO - Filling up the DagBag from /opt/airflow/dags/load_cb_courses.py
[2026-02-26T12:27:13.114+0000] {processor.py:840} INFO - DAG(s) 'load_cb_courses' retrieved from /opt/airflow/dags/load_cb_courses.py
[2026-02-26T12:27:13.135+0000] {logging_mixin.py:188} INFO - [2026-02-26T12:27:13.134+0000] {dag.py:3089} INFO - Sync 1 DAGs
[2026-02-26T12:27:13.153+0000] {logging_mixin.py:188} INFO - [2026-02-26T12:27:13.153+0000] {dag.py:3947} INFO - Setting next_dagrun for load_cb_courses to 2026-02-26 00:00:00+00:00, run_after=2026-02-27 00:00:00+00:00
[2026-02-26T12:27:13.172+0000] {processor.py:183} INFO - Processing /opt/airflow/dags/load_cb_courses.py took 0.592 seconds
[2026-02-26T12:27:43.475+0000] {processor.py:161} INFO - Started process (PID=6213) to work on /opt/airflow/dags/load_cb_courses.py
[2026-02-26T12:27:43.476+0000] {processor.py:830} INFO - Processing file /opt/airflow/dags/load_cb_courses.py for tasks to queue
[2026-02-26T12:27:43.478+0000] {logging_mixin.py:188} INFO - [2026-02-26T12:27:43.477+0000] {dagbag.py:545} INFO - Filling up the DagBag from /opt/airflow/dags/load_cb_courses.py
[2026-02-26T12:27:43.928+0000] {processor.py:840} INFO - DAG(s) 'load_cb_courses' retrieved from /opt/airflow/dags/load_cb_courses.py
[2026-02-26T12:27:43.949+0000] {logging_mixin.py:188} INFO - [2026-02-26T12:27:43.948+0000] {dag.py:3089} INFO - Sync 1 DAGs
[2026-02-26T12:27:43.971+0000] {logging_mixin.py:188} INFO - [2026-02-26T12:27:43.971+0000] {dag.py:3947} INFO - Setting next_dagrun for load_cb_courses to 2026-02-26 00:00:00+00:00, run_after=2026-02-27 00:00:00+00:00
[2026-02-26T12:27:43.990+0000] {processor.py:183} INFO - Processing /opt/airflow/dags/load_cb_courses.py took 0.522 seconds
[2026-02-26T12:28:14.194+0000] {processor.py:161} INFO - Started process (PID=6246) to work on /opt/airflow/dags/load_cb_courses.py
[2026-02-26T12:28:14.195+0000] {processor.py:830} INFO - Processing file /opt/airflow/dags/load_cb_courses.py for tasks to queue
[2026-02-26T12:28:14.197+0000] {logging_mixin.py:188} INFO - [2026-02-26T12:28:14.196+0000] {dagbag.py:545} INFO - Filling up the DagBag from /opt/airflow/dags/load_cb_courses.py
[2026-02-26T12:28:14.642+0000] {processor.py:840} INFO - DAG(s) 'load_cb_courses' retrieved from /opt/airflow/dags/load_cb_courses.py
[2026-02-26T12:28:14.662+0000] {logging_mixin.py:188} INFO - [2026-02-26T12:28:14.662+0000] {dag.py:3089} INFO - Sync 1 DAGs
[2026-02-26T12:28:14.682+0000] {logging_mixin.py:188} INFO - [2026-02-26T12:28:14.682+0000] {dag.py:3947} INFO - Setting next_dagrun for load_cb_courses to 2026-02-26 00:00:00+00:00, run_after=2026-02-27 00:00:00+00:00
[2026-02-26T12:28:14.705+0000] {processor.py:183} INFO - Processing /opt/airflow/dags/load_cb_courses.py took 0.518 seconds
[2026-02-26T12:28:44.832+0000] {processor.py:161} INFO - Started process (PID=6272) to work on /opt/airflow/dags/load_cb_courses.py
[2026-02-26T12:28:44.834+0000] {processor.py:830} INFO - Processing file /opt/airflow/dags/load_cb_courses.py for tasks to queue
[2026-02-26T12:28:44.835+0000] {logging_mixin.py:188} INFO - [2026-02-26T12:28:44.835+0000] {dagbag.py:545} INFO - Filling up the DagBag from /opt/airflow/dags/load_cb_courses.py
[2026-02-26T12:28:45.303+0000] {processor.py:840} INFO - DAG(s) 'load_cb_courses' retrieved from /opt/airflow/dags/load_cb_courses.py
[2026-02-26T12:28:45.324+0000] {logging_mixin.py:188} INFO - [2026-02-26T12:28:45.324+0000] {dag.py:3089} INFO - Sync 1 DAGs
[2026-02-26T12:28:45.345+0000] {logging_mixin.py:188} INFO - [2026-02-26T12:28:45.344+0000] {dag.py:3947} INFO - Setting next_dagrun for load_cb_courses to 2026-02-26 00:00:00+00:00, run_after=2026-02-27 00:00:00+00:00
[2026-02-26T12:28:45.368+0000] {processor.py:183} INFO - Processing /opt/airflow/dags/load_cb_courses.py took 0.546 seconds
[2026-02-26T12:29:16.207+0000] {processor.py:161} INFO - Started process (PID=6299) to work on /opt/airflow/dags/load_cb_courses.py
[2026-02-26T12:29:16.209+0000] {processor.py:830} INFO - Processing file /opt/airflow/dags/load_cb_courses.py for tasks to queue
[2026-02-26T12:29:16.210+0000] {logging_mixin.py:188} INFO - [2026-02-26T12:29:16.210+0000] {dagbag.py:545} INFO - Filling up the DagBag from /opt/airflow/dags/load_cb_courses.py
[2026-02-26T12:29:16.655+0000] {processor.py:840} INFO - DAG(s) 'load_cb_courses' retrieved from /opt/airflow/dags/load_cb_courses.py
[2026-02-26T12:29:16.677+0000] {logging_mixin.py:188} INFO - [2026-02-26T12:29:16.676+0000] {dag.py:3089} INFO - Sync 1 DAGs
[2026-02-26T12:29:16.697+0000] {logging_mixin.py:188} INFO - [2026-02-26T12:29:16.696+0000] {dag.py:3947} INFO - Setting next_dagrun for load_cb_courses to 2026-02-26 00:00:00+00:00, run_after=2026-02-27 00:00:00+00:00
[2026-02-26T12:29:16.724+0000] {processor.py:183} INFO - Processing /opt/airflow/dags/load_cb_courses.py took 0.527 seconds
[2026-02-26T12:29:47.063+0000] {processor.py:161} INFO - Started process (PID=6332) to work on /opt/airflow/dags/load_cb_courses.py
[2026-02-26T12:29:47.065+0000] {processor.py:830} INFO - Processing file /opt/airflow/dags/load_cb_courses.py for tasks to queue
[2026-02-26T12:29:47.067+0000] {logging_mixin.py:188} INFO - [2026-02-26T12:29:47.067+0000] {dagbag.py:545} INFO - Filling up the DagBag from /opt/airflow/dags/load_cb_courses.py
[2026-02-26T12:29:47.622+0000] {processor.py:840} INFO - DAG(s) 'load_cb_courses' retrieved from /opt/airflow/dags/load_cb_courses.py
[2026-02-26T12:29:47.646+0000] {logging_mixin.py:188} INFO - [2026-02-26T12:29:47.645+0000] {dag.py:3089} INFO - Sync 1 DAGs
[2026-02-26T12:29:47.667+0000] {logging_mixin.py:188} INFO - [2026-02-26T12:29:47.666+0000] {dag.py:3947} INFO - Setting next_dagrun for load_cb_courses to 2026-02-26 00:00:00+00:00, run_after=2026-02-27 00:00:00+00:00
[2026-02-26T12:29:47.689+0000] {processor.py:183} INFO - Processing /opt/airflow/dags/load_cb_courses.py took 0.637 seconds
[2026-02-26T12:30:17.823+0000] {processor.py:161} INFO - Started process (PID=6358) to work on /opt/airflow/dags/load_cb_courses.py
[2026-02-26T12:30:17.825+0000] {processor.py:830} INFO - Processing file /opt/airflow/dags/load_cb_courses.py for tasks to queue
[2026-02-26T12:30:17.827+0000] {logging_mixin.py:188} INFO - [2026-02-26T12:30:17.826+0000] {dagbag.py:545} INFO - Filling up the DagBag from /opt/airflow/dags/load_cb_courses.py
[2026-02-26T12:30:18.292+0000] {processor.py:840} INFO - DAG(s) 'load_cb_courses' retrieved from /opt/airflow/dags/load_cb_courses.py
[2026-02-26T12:30:18.313+0000] {logging_mixin.py:188} INFO - [2026-02-26T12:30:18.313+0000] {dag.py:3089} INFO - Sync 1 DAGs
[2026-02-26T12:30:18.333+0000] {logging_mixin.py:188} INFO - [2026-02-26T12:30:18.332+0000] {dag.py:3947} INFO - Setting next_dagrun for load_cb_courses to 2026-02-26 00:00:00+00:00, run_after=2026-02-27 00:00:00+00:00
[2026-02-26T12:30:18.352+0000] {processor.py:183} INFO - Processing /opt/airflow/dags/load_cb_courses.py took 0.538 seconds
[2026-02-26T12:30:48.442+0000] {processor.py:161} INFO - Started process (PID=6391) to work on /opt/airflow/dags/load_cb_courses.py
[2026-02-26T12:30:48.443+0000] {processor.py:830} INFO - Processing file /opt/airflow/dags/load_cb_courses.py for tasks to queue
[2026-02-26T12:30:48.444+0000] {logging_mixin.py:188} INFO - [2026-02-26T12:30:48.444+0000] {dagbag.py:545} INFO - Filling up the DagBag from /opt/airflow/dags/load_cb_courses.py
[2026-02-26T12:30:48.895+0000] {processor.py:840} INFO - DAG(s) 'load_cb_courses' retrieved from /opt/airflow/dags/load_cb_courses.py
[2026-02-26T12:30:48.916+0000] {logging_mixin.py:188} INFO - [2026-02-26T12:30:48.915+0000] {dag.py:3089} INFO - Sync 1 DAGs
[2026-02-26T12:30:48.936+0000] {logging_mixin.py:188} INFO - [2026-02-26T12:30:48.935+0000] {dag.py:3947} INFO - Setting next_dagrun for load_cb_courses to 2026-02-26 00:00:00+00:00, run_after=2026-02-27 00:00:00+00:00
[2026-02-26T12:30:48.957+0000] {processor.py:183} INFO - Processing /opt/airflow/dags/load_cb_courses.py took 0.521 seconds
[2026-02-26T12:31:19.228+0000] {processor.py:161} INFO - Started process (PID=6417) to work on /opt/airflow/dags/load_cb_courses.py
[2026-02-26T12:31:19.230+0000] {processor.py:830} INFO - Processing file /opt/airflow/dags/load_cb_courses.py for tasks to queue
[2026-02-26T12:31:19.231+0000] {logging_mixin.py:188} INFO - [2026-02-26T12:31:19.231+0000] {dagbag.py:545} INFO - Filling up the DagBag from /opt/airflow/dags/load_cb_courses.py
[2026-02-26T12:31:19.688+0000] {processor.py:840} INFO - DAG(s) 'load_cb_courses' retrieved from /opt/airflow/dags/load_cb_courses.py
[2026-02-26T12:31:19.708+0000] {logging_mixin.py:188} INFO - [2026-02-26T12:31:19.708+0000] {dag.py:3089} INFO - Sync 1 DAGs
[2026-02-26T12:31:19.729+0000] {logging_mixin.py:188} INFO - [2026-02-26T12:31:19.729+0000] {dag.py:3947} INFO - Setting next_dagrun for load_cb_courses to 2026-02-26 00:00:00+00:00, run_after=2026-02-27 00:00:00+00:00
[2026-02-26T12:31:19.748+0000] {processor.py:183} INFO - Processing /opt/airflow/dags/load_cb_courses.py took 0.526 seconds
[2026-02-26T12:31:50.135+0000] {processor.py:161} INFO - Started process (PID=6442) to work on /opt/airflow/dags/load_cb_courses.py
[2026-02-26T12:31:50.137+0000] {processor.py:830} INFO - Processing file /opt/airflow/dags/load_cb_courses.py for tasks to queue
[2026-02-26T12:31:50.138+0000] {logging_mixin.py:188} INFO - [2026-02-26T12:31:50.137+0000] {dagbag.py:545} INFO - Filling up the DagBag from /opt/airflow/dags/load_cb_courses.py
[2026-02-26T12:31:50.581+0000] {processor.py:840} INFO - DAG(s) 'load_cb_courses' retrieved from /opt/airflow/dags/load_cb_courses.py
[2026-02-26T12:31:50.604+0000] {logging_mixin.py:188} INFO - [2026-02-26T12:31:50.603+0000] {dag.py:3089} INFO - Sync 1 DAGs
[2026-02-26T12:31:50.623+0000] {logging_mixin.py:188} INFO - [2026-02-26T12:31:50.623+0000] {dag.py:3947} INFO - Setting next_dagrun for load_cb_courses to 2026-02-26 00:00:00+00:00, run_after=2026-02-27 00:00:00+00:00
[2026-02-26T12:31:50.646+0000] {processor.py:183} INFO - Processing /opt/airflow/dags/load_cb_courses.py took 0.517 seconds
[2026-02-26T12:32:21.580+0000] {processor.py:161} INFO - Started process (PID=6475) to work on /opt/airflow/dags/load_cb_courses.py
[2026-02-26T12:32:21.581+0000] {processor.py:830} INFO - Processing file /opt/airflow/dags/load_cb_courses.py for tasks to queue
[2026-02-26T12:32:21.582+0000] {logging_mixin.py:188} INFO - [2026-02-26T12:32:21.582+0000] {dagbag.py:545} INFO - Filling up the DagBag from /opt/airflow/dags/load_cb_courses.py
[2026-02-26T12:32:22.042+0000] {processor.py:840} INFO - DAG(s) 'load_cb_courses' retrieved from /opt/airflow/dags/load_cb_courses.py
[2026-02-26T12:32:22.065+0000] {logging_mixin.py:188} INFO - [2026-02-26T12:32:22.064+0000] {dag.py:3089} INFO - Sync 1 DAGs
[2026-02-26T12:32:22.085+0000] {logging_mixin.py:188} INFO - [2026-02-26T12:32:22.084+0000] {dag.py:3947} INFO - Setting next_dagrun for load_cb_courses to 2026-02-26 00:00:00+00:00, run_after=2026-02-27 00:00:00+00:00
[2026-02-26T12:32:22.110+0000] {processor.py:183} INFO - Processing /opt/airflow/dags/load_cb_courses.py took 0.536 seconds
[2026-02-26T12:32:52.256+0000] {processor.py:161} INFO - Started process (PID=6503) to work on /opt/airflow/dags/load_cb_courses.py
[2026-02-26T12:32:52.258+0000] {processor.py:830} INFO - Processing file /opt/airflow/dags/load_cb_courses.py for tasks to queue
[2026-02-26T12:32:52.260+0000] {logging_mixin.py:188} INFO - [2026-02-26T12:32:52.260+0000] {dagbag.py:545} INFO - Filling up the DagBag from /opt/airflow/dags/load_cb_courses.py
[2026-02-26T12:32:52.797+0000] {processor.py:840} INFO - DAG(s) 'load_cb_courses' retrieved from /opt/airflow/dags/load_cb_courses.py
[2026-02-26T12:32:52.819+0000] {logging_mixin.py:188} INFO - [2026-02-26T12:32:52.819+0000] {dag.py:3089} INFO - Sync 1 DAGs
[2026-02-26T12:32:52.840+0000] {logging_mixin.py:188} INFO - [2026-02-26T12:32:52.840+0000] {dag.py:3947} INFO - Setting next_dagrun for load_cb_courses to 2026-02-26 00:00:00+00:00, run_after=2026-02-27 00:00:00+00:00
[2026-02-26T12:32:52.874+0000] {processor.py:183} INFO - Processing /opt/airflow/dags/load_cb_courses.py took 0.624 seconds
[2026-02-26T12:33:22.993+0000] {processor.py:161} INFO - Started process (PID=6528) to work on /opt/airflow/dags/load_cb_courses.py
[2026-02-26T12:33:22.995+0000] {processor.py:830} INFO - Processing file /opt/airflow/dags/load_cb_courses.py for tasks to queue
[2026-02-26T12:33:22.996+0000] {logging_mixin.py:188} INFO - [2026-02-26T12:33:22.996+0000] {dagbag.py:545} INFO - Filling up the DagBag from /opt/airflow/dags/load_cb_courses.py
[2026-02-26T12:33:23.571+0000] {processor.py:840} INFO - DAG(s) 'load_cb_courses' retrieved from /opt/airflow/dags/load_cb_courses.py
[2026-02-26T12:33:23.594+0000] {logging_mixin.py:188} INFO - [2026-02-26T12:33:23.593+0000] {dag.py:3089} INFO - Sync 1 DAGs
[2026-02-26T12:33:23.613+0000] {logging_mixin.py:188} INFO - [2026-02-26T12:33:23.613+0000] {dag.py:3947} INFO - Setting next_dagrun for load_cb_courses to 2026-02-26 00:00:00+00:00, run_after=2026-02-27 00:00:00+00:00
[2026-02-26T12:33:23.635+0000] {processor.py:183} INFO - Processing /opt/airflow/dags/load_cb_courses.py took 0.652 seconds
[2026-02-26T12:33:53.989+0000] {processor.py:161} INFO - Started process (PID=6561) to work on /opt/airflow/dags/load_cb_courses.py
[2026-02-26T12:33:53.990+0000] {processor.py:830} INFO - Processing file /opt/airflow/dags/load_cb_courses.py for tasks to queue
[2026-02-26T12:33:53.992+0000] {logging_mixin.py:188} INFO - [2026-02-26T12:33:53.991+0000] {dagbag.py:545} INFO - Filling up the DagBag from /opt/airflow/dags/load_cb_courses.py
[2026-02-26T12:33:54.469+0000] {processor.py:840} INFO - DAG(s) 'load_cb_courses' retrieved from /opt/airflow/dags/load_cb_courses.py
[2026-02-26T12:33:54.491+0000] {logging_mixin.py:188} INFO - [2026-02-26T12:33:54.490+0000] {dag.py:3089} INFO - Sync 1 DAGs
[2026-02-26T12:33:54.511+0000] {logging_mixin.py:188} INFO - [2026-02-26T12:33:54.510+0000] {dag.py:3947} INFO - Setting next_dagrun for load_cb_courses to 2026-02-26 00:00:00+00:00, run_after=2026-02-27 00:00:00+00:00
[2026-02-26T12:33:54.537+0000] {processor.py:183} INFO - Processing /opt/airflow/dags/load_cb_courses.py took 0.558 seconds
[2026-02-26T12:34:24.734+0000] {processor.py:161} INFO - Started process (PID=6587) to work on /opt/airflow/dags/load_cb_courses.py
[2026-02-26T12:34:24.735+0000] {processor.py:830} INFO - Processing file /opt/airflow/dags/load_cb_courses.py for tasks to queue
[2026-02-26T12:34:24.736+0000] {logging_mixin.py:188} INFO - [2026-02-26T12:34:24.736+0000] {dagbag.py:545} INFO - Filling up the DagBag from /opt/airflow/dags/load_cb_courses.py
[2026-02-26T12:34:25.181+0000] {processor.py:840} INFO - DAG(s) 'load_cb_courses' retrieved from /opt/airflow/dags/load_cb_courses.py
[2026-02-26T12:34:25.202+0000] {logging_mixin.py:188} INFO - [2026-02-26T12:34:25.201+0000] {dag.py:3089} INFO - Sync 1 DAGs
[2026-02-26T12:34:25.221+0000] {logging_mixin.py:188} INFO - [2026-02-26T12:34:25.221+0000] {dag.py:3947} INFO - Setting next_dagrun for load_cb_courses to 2026-02-26 00:00:00+00:00, run_after=2026-02-27 00:00:00+00:00
[2026-02-26T12:34:25.244+0000] {processor.py:183} INFO - Processing /opt/airflow/dags/load_cb_courses.py took 0.517 seconds
[2026-02-26T12:34:55.539+0000] {processor.py:161} INFO - Started process (PID=6620) to work on /opt/airflow/dags/load_cb_courses.py
[2026-02-26T12:34:55.542+0000] {processor.py:830} INFO - Processing file /opt/airflow/dags/load_cb_courses.py for tasks to queue
[2026-02-26T12:34:55.544+0000] {logging_mixin.py:188} INFO - [2026-02-26T12:34:55.543+0000] {dagbag.py:545} INFO - Filling up the DagBag from /opt/airflow/dags/load_cb_courses.py
[2026-02-26T12:34:56.117+0000] {processor.py:840} INFO - DAG(s) 'load_cb_courses' retrieved from /opt/airflow/dags/load_cb_courses.py
[2026-02-26T12:34:56.148+0000] {logging_mixin.py:188} INFO - [2026-02-26T12:34:56.148+0000] {dag.py:3089} INFO - Sync 1 DAGs
[2026-02-26T12:34:56.176+0000] {logging_mixin.py:188} INFO - [2026-02-26T12:34:56.176+0000] {dag.py:3947} INFO - Setting next_dagrun for load_cb_courses to 2026-02-26 00:00:00+00:00, run_after=2026-02-27 00:00:00+00:00
[2026-02-26T12:34:56.204+0000] {processor.py:183} INFO - Processing /opt/airflow/dags/load_cb_courses.py took 0.791 seconds
[2026-02-26T12:35:26.382+0000] {processor.py:161} INFO - Started process (PID=6646) to work on /opt/airflow/dags/load_cb_courses.py
[2026-02-26T12:35:26.383+0000] {processor.py:830} INFO - Processing file /opt/airflow/dags/load_cb_courses.py for tasks to queue
[2026-02-26T12:35:26.384+0000] {logging_mixin.py:188} INFO - [2026-02-26T12:35:26.384+0000] {dagbag.py:545} INFO - Filling up the DagBag from /opt/airflow/dags/load_cb_courses.py
[2026-02-26T12:35:26.803+0000] {processor.py:840} INFO - DAG(s) 'load_cb_courses' retrieved from /opt/airflow/dags/load_cb_courses.py
[2026-02-26T12:35:26.826+0000] {logging_mixin.py:188} INFO - [2026-02-26T12:35:26.825+0000] {dag.py:3089} INFO - Sync 1 DAGs
[2026-02-26T12:35:26.845+0000] {logging_mixin.py:188} INFO - [2026-02-26T12:35:26.844+0000] {dag.py:3947} INFO - Setting next_dagrun for load_cb_courses to 2026-02-26 00:00:00+00:00, run_after=2026-02-27 00:00:00+00:00
[2026-02-26T12:35:26.865+0000] {processor.py:183} INFO - Processing /opt/airflow/dags/load_cb_courses.py took 0.489 seconds
[2026-02-26T12:35:57.128+0000] {processor.py:161} INFO - Started process (PID=6671) to work on /opt/airflow/dags/load_cb_courses.py
[2026-02-26T12:35:57.130+0000] {processor.py:830} INFO - Processing file /opt/airflow/dags/load_cb_courses.py for tasks to queue
[2026-02-26T12:35:57.131+0000] {logging_mixin.py:188} INFO - [2026-02-26T12:35:57.131+0000] {dagbag.py:545} INFO - Filling up the DagBag from /opt/airflow/dags/load_cb_courses.py
[2026-02-26T12:35:57.591+0000] {processor.py:840} INFO - DAG(s) 'load_cb_courses' retrieved from /opt/airflow/dags/load_cb_courses.py
[2026-02-26T12:35:57.615+0000] {logging_mixin.py:188} INFO - [2026-02-26T12:35:57.615+0000] {dag.py:3089} INFO - Sync 1 DAGs
[2026-02-26T12:35:57.636+0000] {logging_mixin.py:188} INFO - [2026-02-26T12:35:57.636+0000] {dag.py:3947} INFO - Setting next_dagrun for load_cb_courses to 2026-02-26 00:00:00+00:00, run_after=2026-02-27 00:00:00+00:00
[2026-02-26T12:35:57.666+0000] {processor.py:183} INFO - Processing /opt/airflow/dags/load_cb_courses.py took 0.543 seconds
[2026-02-26T12:36:27.776+0000] {processor.py:161} INFO - Started process (PID=6704) to work on /opt/airflow/dags/load_cb_courses.py
[2026-02-26T12:36:27.777+0000] {processor.py:830} INFO - Processing file /opt/airflow/dags/load_cb_courses.py for tasks to queue
[2026-02-26T12:36:27.779+0000] {logging_mixin.py:188} INFO - [2026-02-26T12:36:27.778+0000] {dagbag.py:545} INFO - Filling up the DagBag from /opt/airflow/dags/load_cb_courses.py
[2026-02-26T12:36:28.224+0000] {processor.py:840} INFO - DAG(s) 'load_cb_courses' retrieved from /opt/airflow/dags/load_cb_courses.py
[2026-02-26T12:36:28.245+0000] {logging_mixin.py:188} INFO - [2026-02-26T12:36:28.244+0000] {dag.py:3089} INFO - Sync 1 DAGs
[2026-02-26T12:36:28.264+0000] {logging_mixin.py:188} INFO - [2026-02-26T12:36:28.263+0000] {dag.py:3947} INFO - Setting next_dagrun for load_cb_courses to 2026-02-26 00:00:00+00:00, run_after=2026-02-27 00:00:00+00:00
[2026-02-26T12:36:28.284+0000] {processor.py:183} INFO - Processing /opt/airflow/dags/load_cb_courses.py took 0.513 seconds
[2026-02-26T12:36:58.543+0000] {processor.py:161} INFO - Started process (PID=6730) to work on /opt/airflow/dags/load_cb_courses.py
[2026-02-26T12:36:58.545+0000] {processor.py:830} INFO - Processing file /opt/airflow/dags/load_cb_courses.py for tasks to queue
[2026-02-26T12:36:58.547+0000] {logging_mixin.py:188} INFO - [2026-02-26T12:36:58.547+0000] {dagbag.py:545} INFO - Filling up the DagBag from /opt/airflow/dags/load_cb_courses.py
[2026-02-26T12:36:59.017+0000] {processor.py:840} INFO - DAG(s) 'load_cb_courses' retrieved from /opt/airflow/dags/load_cb_courses.py
[2026-02-26T12:36:59.041+0000] {logging_mixin.py:188} INFO - [2026-02-26T12:36:59.040+0000] {dag.py:3089} INFO - Sync 1 DAGs
[2026-02-26T12:36:59.062+0000] {logging_mixin.py:188} INFO - [2026-02-26T12:36:59.062+0000] {dag.py:3947} INFO - Setting next_dagrun for load_cb_courses to 2026-02-26 00:00:00+00:00, run_after=2026-02-27 00:00:00+00:00
[2026-02-26T12:36:59.085+0000] {processor.py:183} INFO - Processing /opt/airflow/dags/load_cb_courses.py took 0.554 seconds
[2026-02-26T12:37:29.292+0000] {processor.py:161} INFO - Started process (PID=6766) to work on /opt/airflow/dags/load_cb_courses.py
[2026-02-26T12:37:29.294+0000] {processor.py:830} INFO - Processing file /opt/airflow/dags/load_cb_courses.py for tasks to queue
[2026-02-26T12:37:29.296+0000] {logging_mixin.py:188} INFO - [2026-02-26T12:37:29.295+0000] {dagbag.py:545} INFO - Filling up the DagBag from /opt/airflow/dags/load_cb_courses.py
[2026-02-26T12:37:29.778+0000] {processor.py:840} INFO - DAG(s) 'load_cb_courses' retrieved from /opt/airflow/dags/load_cb_courses.py
[2026-02-26T12:37:29.836+0000] {logging_mixin.py:188} INFO - [2026-02-26T12:37:29.836+0000] {dag.py:3089} INFO - Sync 1 DAGs
[2026-02-26T12:37:29.877+0000] {logging_mixin.py:188} INFO - [2026-02-26T12:37:29.877+0000] {dag.py:3947} INFO - Setting next_dagrun for load_cb_courses to 2026-02-26 00:00:00+00:00, run_after=2026-02-27 00:00:00+00:00
[2026-02-26T12:37:29.940+0000] {processor.py:183} INFO - Processing /opt/airflow/dags/load_cb_courses.py took 0.659 seconds
[2026-02-26T12:38:00.141+0000] {processor.py:161} INFO - Started process (PID=6792) to work on /opt/airflow/dags/load_cb_courses.py
[2026-02-26T12:38:00.143+0000] {processor.py:830} INFO - Processing file /opt/airflow/dags/load_cb_courses.py for tasks to queue
[2026-02-26T12:38:00.144+0000] {logging_mixin.py:188} INFO - [2026-02-26T12:38:00.144+0000] {dagbag.py:545} INFO - Filling up the DagBag from /opt/airflow/dags/load_cb_courses.py
[2026-02-26T12:38:00.591+0000] {processor.py:840} INFO - DAG(s) 'load_cb_courses' retrieved from /opt/airflow/dags/load_cb_courses.py
[2026-02-26T12:38:00.612+0000] {logging_mixin.py:188} INFO - [2026-02-26T12:38:00.612+0000] {dag.py:3089} INFO - Sync 1 DAGs
[2026-02-26T12:38:00.631+0000] {logging_mixin.py:188} INFO - [2026-02-26T12:38:00.630+0000] {dag.py:3947} INFO - Setting next_dagrun for load_cb_courses to 2026-02-26 00:00:00+00:00, run_after=2026-02-27 00:00:00+00:00
[2026-02-26T12:38:00.654+0000] {processor.py:183} INFO - Processing /opt/airflow/dags/load_cb_courses.py took 0.520 seconds
[2026-02-26T12:38:30.848+0000] {processor.py:161} INFO - Started process (PID=6818) to work on /opt/airflow/dags/load_cb_courses.py
[2026-02-26T12:38:30.849+0000] {processor.py:830} INFO - Processing file /opt/airflow/dags/load_cb_courses.py for tasks to queue
[2026-02-26T12:38:30.851+0000] {logging_mixin.py:188} INFO - [2026-02-26T12:38:30.850+0000] {dagbag.py:545} INFO - Filling up the DagBag from /opt/airflow/dags/load_cb_courses.py
[2026-02-26T12:38:31.288+0000] {processor.py:840} INFO - DAG(s) 'load_cb_courses' retrieved from /opt/airflow/dags/load_cb_courses.py
[2026-02-26T12:38:31.310+0000] {logging_mixin.py:188} INFO - [2026-02-26T12:38:31.309+0000] {dag.py:3089} INFO - Sync 1 DAGs
[2026-02-26T12:38:31.329+0000] {logging_mixin.py:188} INFO - [2026-02-26T12:38:31.328+0000] {dag.py:3947} INFO - Setting next_dagrun for load_cb_courses to 2026-02-26 00:00:00+00:00, run_after=2026-02-27 00:00:00+00:00
[2026-02-26T12:38:31.347+0000] {processor.py:183} INFO - Processing /opt/airflow/dags/load_cb_courses.py took 0.505 seconds
[2026-02-26T12:39:01.521+0000] {processor.py:161} INFO - Started process (PID=6853) to work on /opt/airflow/dags/load_cb_courses.py
[2026-02-26T12:39:01.522+0000] {processor.py:830} INFO - Processing file /opt/airflow/dags/load_cb_courses.py for tasks to queue
[2026-02-26T12:39:01.523+0000] {logging_mixin.py:188} INFO - [2026-02-26T12:39:01.523+0000] {dagbag.py:545} INFO - Filling up the DagBag from /opt/airflow/dags/load_cb_courses.py
[2026-02-26T12:39:01.951+0000] {processor.py:840} INFO - DAG(s) 'load_cb_courses' retrieved from /opt/airflow/dags/load_cb_courses.py
[2026-02-26T12:39:01.972+0000] {logging_mixin.py:188} INFO - [2026-02-26T12:39:01.972+0000] {dag.py:3089} INFO - Sync 1 DAGs
[2026-02-26T12:39:01.992+0000] {logging_mixin.py:188} INFO - [2026-02-26T12:39:01.991+0000] {dag.py:3947} INFO - Setting next_dagrun for load_cb_courses to 2026-02-26 00:00:00+00:00, run_after=2026-02-27 00:00:00+00:00
[2026-02-26T12:39:02.012+0000] {processor.py:183} INFO - Processing /opt/airflow/dags/load_cb_courses.py took 0.497 seconds
[2026-02-26T12:39:32.169+0000] {processor.py:161} INFO - Started process (PID=6879) to work on /opt/airflow/dags/load_cb_courses.py
[2026-02-26T12:39:32.170+0000] {processor.py:830} INFO - Processing file /opt/airflow/dags/load_cb_courses.py for tasks to queue
[2026-02-26T12:39:32.171+0000] {logging_mixin.py:188} INFO - [2026-02-26T12:39:32.171+0000] {dagbag.py:545} INFO - Filling up the DagBag from /opt/airflow/dags/load_cb_courses.py
[2026-02-26T12:39:32.621+0000] {processor.py:840} INFO - DAG(s) 'load_cb_courses' retrieved from /opt/airflow/dags/load_cb_courses.py
[2026-02-26T12:39:32.641+0000] {logging_mixin.py:188} INFO - [2026-02-26T12:39:32.641+0000] {dag.py:3089} INFO - Sync 1 DAGs
[2026-02-26T12:39:32.661+0000] {logging_mixin.py:188} INFO - [2026-02-26T12:39:32.661+0000] {dag.py:3947} INFO - Setting next_dagrun for load_cb_courses to 2026-02-26 00:00:00+00:00, run_after=2026-02-27 00:00:00+00:00
[2026-02-26T12:39:32.684+0000] {processor.py:183} INFO - Processing /opt/airflow/dags/load_cb_courses.py took 0.521 seconds
[2026-02-26T12:40:03.058+0000] {processor.py:161} INFO - Started process (PID=6920) to work on /opt/airflow/dags/load_cb_courses.py
[2026-02-26T12:40:03.061+0000] {processor.py:830} INFO - Processing file /opt/airflow/dags/load_cb_courses.py for tasks to queue
[2026-02-26T12:40:03.063+0000] {logging_mixin.py:188} INFO - [2026-02-26T12:40:03.062+0000] {dagbag.py:545} INFO - Filling up the DagBag from /opt/airflow/dags/load_cb_courses.py
[2026-02-26T12:40:03.803+0000] {processor.py:840} INFO - DAG(s) 'load_cb_courses' retrieved from /opt/airflow/dags/load_cb_courses.py
[2026-02-26T12:40:03.836+0000] {logging_mixin.py:188} INFO - [2026-02-26T12:40:03.835+0000] {dag.py:3089} INFO - Sync 1 DAGs
[2026-02-26T12:40:03.871+0000] {logging_mixin.py:188} INFO - [2026-02-26T12:40:03.870+0000] {dag.py:3947} INFO - Setting next_dagrun for load_cb_courses to 2026-02-26 00:00:00+00:00, run_after=2026-02-27 00:00:00+00:00
[2026-02-26T12:40:03.897+0000] {processor.py:183} INFO - Processing /opt/airflow/dags/load_cb_courses.py took 0.847 seconds
[2026-02-26T12:40:34.694+0000] {processor.py:161} INFO - Started process (PID=6946) to work on /opt/airflow/dags/load_cb_courses.py
[2026-02-26T12:40:34.696+0000] {processor.py:830} INFO - Processing file /opt/airflow/dags/load_cb_courses.py for tasks to queue
[2026-02-26T12:40:34.698+0000] {logging_mixin.py:188} INFO - [2026-02-26T12:40:34.697+0000] {dagbag.py:545} INFO - Filling up the DagBag from /opt/airflow/dags/load_cb_courses.py
[2026-02-26T12:40:35.151+0000] {processor.py:840} INFO - DAG(s) 'load_cb_courses' retrieved from /opt/airflow/dags/load_cb_courses.py
[2026-02-26T12:40:35.171+0000] {logging_mixin.py:188} INFO - [2026-02-26T12:40:35.171+0000] {dag.py:3089} INFO - Sync 1 DAGs
[2026-02-26T12:40:35.194+0000] {logging_mixin.py:188} INFO - [2026-02-26T12:40:35.194+0000] {dag.py:3947} INFO - Setting next_dagrun for load_cb_courses to 2026-02-26 00:00:00+00:00, run_after=2026-02-27 00:00:00+00:00
[2026-02-26T12:40:35.219+0000] {processor.py:183} INFO - Processing /opt/airflow/dags/load_cb_courses.py took 0.532 seconds
[2026-02-26T12:41:05.399+0000] {processor.py:161} INFO - Started process (PID=6971) to work on /opt/airflow/dags/load_cb_courses.py
[2026-02-26T12:41:05.400+0000] {processor.py:830} INFO - Processing file /opt/airflow/dags/load_cb_courses.py for tasks to queue
[2026-02-26T12:41:05.401+0000] {logging_mixin.py:188} INFO - [2026-02-26T12:41:05.401+0000] {dagbag.py:545} INFO - Filling up the DagBag from /opt/airflow/dags/load_cb_courses.py
[2026-02-26T12:41:05.886+0000] {processor.py:840} INFO - DAG(s) 'load_cb_courses' retrieved from /opt/airflow/dags/load_cb_courses.py
[2026-02-26T12:41:05.911+0000] {logging_mixin.py:188} INFO - [2026-02-26T12:41:05.911+0000] {dag.py:3089} INFO - Sync 1 DAGs
[2026-02-26T12:41:05.933+0000] {logging_mixin.py:188} INFO - [2026-02-26T12:41:05.932+0000] {dag.py:3947} INFO - Setting next_dagrun for load_cb_courses to 2026-02-26 00:00:00+00:00, run_after=2026-02-27 00:00:00+00:00
[2026-02-26T12:41:05.953+0000] {processor.py:183} INFO - Processing /opt/airflow/dags/load_cb_courses.py took 0.560 seconds
[2026-02-26T12:41:36.195+0000] {processor.py:161} INFO - Started process (PID=7004) to work on /opt/airflow/dags/load_cb_courses.py
[2026-02-26T12:41:36.197+0000] {processor.py:830} INFO - Processing file /opt/airflow/dags/load_cb_courses.py for tasks to queue
[2026-02-26T12:41:36.198+0000] {logging_mixin.py:188} INFO - [2026-02-26T12:41:36.198+0000] {dagbag.py:545} INFO - Filling up the DagBag from /opt/airflow/dags/load_cb_courses.py
[2026-02-26T12:41:36.659+0000] {processor.py:840} INFO - DAG(s) 'load_cb_courses' retrieved from /opt/airflow/dags/load_cb_courses.py
[2026-02-26T12:41:36.685+0000] {logging_mixin.py:188} INFO - [2026-02-26T12:41:36.685+0000] {dag.py:3089} INFO - Sync 1 DAGs
[2026-02-26T12:41:36.706+0000] {logging_mixin.py:188} INFO - [2026-02-26T12:41:36.706+0000] {dag.py:3947} INFO - Setting next_dagrun for load_cb_courses to 2026-02-26 00:00:00+00:00, run_after=2026-02-27 00:00:00+00:00
[2026-02-26T12:41:36.729+0000] {processor.py:183} INFO - Processing /opt/airflow/dags/load_cb_courses.py took 0.540 seconds
[2026-02-26T12:42:06.913+0000] {processor.py:161} INFO - Started process (PID=7031) to work on /opt/airflow/dags/load_cb_courses.py
[2026-02-26T12:42:06.914+0000] {processor.py:830} INFO - Processing file /opt/airflow/dags/load_cb_courses.py for tasks to queue
[2026-02-26T12:42:06.915+0000] {logging_mixin.py:188} INFO - [2026-02-26T12:42:06.915+0000] {dagbag.py:545} INFO - Filling up the DagBag from /opt/airflow/dags/load_cb_courses.py
[2026-02-26T12:42:07.343+0000] {processor.py:840} INFO - DAG(s) 'load_cb_courses' retrieved from /opt/airflow/dags/load_cb_courses.py
[2026-02-26T12:42:07.366+0000] {logging_mixin.py:188} INFO - [2026-02-26T12:42:07.366+0000] {dag.py:3089} INFO - Sync 1 DAGs
[2026-02-26T12:42:07.385+0000] {logging_mixin.py:188} INFO - [2026-02-26T12:42:07.385+0000] {dag.py:3947} INFO - Setting next_dagrun for load_cb_courses to 2026-02-26 00:00:00+00:00, run_after=2026-02-27 00:00:00+00:00
[2026-02-26T12:42:07.411+0000] {processor.py:183} INFO - Processing /opt/airflow/dags/load_cb_courses.py took 0.504 seconds
[2026-02-26T12:42:37.615+0000] {processor.py:161} INFO - Started process (PID=7064) to work on /opt/airflow/dags/load_cb_courses.py
[2026-02-26T12:42:37.616+0000] {processor.py:830} INFO - Processing file /opt/airflow/dags/load_cb_courses.py for tasks to queue
[2026-02-26T12:42:37.618+0000] {logging_mixin.py:188} INFO - [2026-02-26T12:42:37.617+0000] {dagbag.py:545} INFO - Filling up the DagBag from /opt/airflow/dags/load_cb_courses.py
[2026-02-26T12:42:38.097+0000] {processor.py:840} INFO - DAG(s) 'load_cb_courses' retrieved from /opt/airflow/dags/load_cb_courses.py
[2026-02-26T12:42:38.123+0000] {logging_mixin.py:188} INFO - [2026-02-26T12:42:38.123+0000] {dag.py:3089} INFO - Sync 1 DAGs
[2026-02-26T12:42:38.148+0000] {logging_mixin.py:188} INFO - [2026-02-26T12:42:38.148+0000] {dag.py:3947} INFO - Setting next_dagrun for load_cb_courses to 2026-02-26 00:00:00+00:00, run_after=2026-02-27 00:00:00+00:00
[2026-02-26T12:42:38.173+0000] {processor.py:183} INFO - Processing /opt/airflow/dags/load_cb_courses.py took 0.564 seconds
[2026-02-26T12:43:08.344+0000] {processor.py:161} INFO - Started process (PID=7092) to work on /opt/airflow/dags/load_cb_courses.py
[2026-02-26T12:43:08.346+0000] {processor.py:830} INFO - Processing file /opt/airflow/dags/load_cb_courses.py for tasks to queue
[2026-02-26T12:43:08.347+0000] {logging_mixin.py:188} INFO - [2026-02-26T12:43:08.346+0000] {dagbag.py:545} INFO - Filling up the DagBag from /opt/airflow/dags/load_cb_courses.py
[2026-02-26T12:43:08.795+0000] {processor.py:840} INFO - DAG(s) 'load_cb_courses' retrieved from /opt/airflow/dags/load_cb_courses.py
[2026-02-26T12:43:08.816+0000] {logging_mixin.py:188} INFO - [2026-02-26T12:43:08.816+0000] {dag.py:3089} INFO - Sync 1 DAGs
[2026-02-26T12:43:08.835+0000] {logging_mixin.py:188} INFO - [2026-02-26T12:43:08.835+0000] {dag.py:3947} INFO - Setting next_dagrun for load_cb_courses to 2026-02-26 00:00:00+00:00, run_after=2026-02-27 00:00:00+00:00
[2026-02-26T12:43:08.861+0000] {processor.py:183} INFO - Processing /opt/airflow/dags/load_cb_courses.py took 0.522 seconds
[2026-02-26T12:43:39.061+0000] {processor.py:161} INFO - Started process (PID=7118) to work on /opt/airflow/dags/load_cb_courses.py
[2026-02-26T12:43:39.062+0000] {processor.py:830} INFO - Processing file /opt/airflow/dags/load_cb_courses.py for tasks to queue
[2026-02-26T12:43:39.064+0000] {logging_mixin.py:188} INFO - [2026-02-26T12:43:39.063+0000] {dagbag.py:545} INFO - Filling up the DagBag from /opt/airflow/dags/load_cb_courses.py
[2026-02-26T12:43:39.515+0000] {processor.py:840} INFO - DAG(s) 'load_cb_courses' retrieved from /opt/airflow/dags/load_cb_courses.py
[2026-02-26T12:43:39.535+0000] {logging_mixin.py:188} INFO - [2026-02-26T12:43:39.535+0000] {dag.py:3089} INFO - Sync 1 DAGs
[2026-02-26T12:43:39.556+0000] {logging_mixin.py:188} INFO - [2026-02-26T12:43:39.556+0000] {dag.py:3947} INFO - Setting next_dagrun for load_cb_courses to 2026-02-26 00:00:00+00:00, run_after=2026-02-27 00:00:00+00:00
[2026-02-26T12:43:39.574+0000] {processor.py:183} INFO - Processing /opt/airflow/dags/load_cb_courses.py took 0.519 seconds
[2026-02-26T12:44:09.753+0000] {processor.py:161} INFO - Started process (PID=7150) to work on /opt/airflow/dags/load_cb_courses.py
[2026-02-26T12:44:09.754+0000] {processor.py:830} INFO - Processing file /opt/airflow/dags/load_cb_courses.py for tasks to queue
[2026-02-26T12:44:09.756+0000] {logging_mixin.py:188} INFO - [2026-02-26T12:44:09.755+0000] {dagbag.py:545} INFO - Filling up the DagBag from /opt/airflow/dags/load_cb_courses.py
[2026-02-26T12:44:10.191+0000] {processor.py:840} INFO - DAG(s) 'load_cb_courses' retrieved from /opt/airflow/dags/load_cb_courses.py
[2026-02-26T12:44:10.214+0000] {logging_mixin.py:188} INFO - [2026-02-26T12:44:10.213+0000] {dag.py:3089} INFO - Sync 1 DAGs
[2026-02-26T12:44:10.232+0000] {logging_mixin.py:188} INFO - [2026-02-26T12:44:10.232+0000] {dag.py:3947} INFO - Setting next_dagrun for load_cb_courses to 2026-02-26 00:00:00+00:00, run_after=2026-02-27 00:00:00+00:00
[2026-02-26T12:44:10.254+0000] {processor.py:183} INFO - Processing /opt/airflow/dags/load_cb_courses.py took 0.507 seconds
[2026-02-26T12:44:40.450+0000] {processor.py:161} INFO - Started process (PID=7177) to work on /opt/airflow/dags/load_cb_courses.py
[2026-02-26T12:44:40.451+0000] {processor.py:830} INFO - Processing file /opt/airflow/dags/load_cb_courses.py for tasks to queue
[2026-02-26T12:44:40.452+0000] {logging_mixin.py:188} INFO - [2026-02-26T12:44:40.452+0000] {dagbag.py:545} INFO - Filling up the DagBag from /opt/airflow/dags/load_cb_courses.py
[2026-02-26T12:44:40.879+0000] {processor.py:840} INFO - DAG(s) 'load_cb_courses' retrieved from /opt/airflow/dags/load_cb_courses.py
[2026-02-26T12:44:40.901+0000] {logging_mixin.py:188} INFO - [2026-02-26T12:44:40.901+0000] {dag.py:3089} INFO - Sync 1 DAGs
[2026-02-26T12:44:40.919+0000] {logging_mixin.py:188} INFO - [2026-02-26T12:44:40.919+0000] {dag.py:3947} INFO - Setting next_dagrun for load_cb_courses to 2026-02-26 00:00:00+00:00, run_after=2026-02-27 00:00:00+00:00
[2026-02-26T12:44:40.939+0000] {processor.py:183} INFO - Processing /opt/airflow/dags/load_cb_courses.py took 0.496 seconds
[2026-02-26T12:45:11.143+0000] {processor.py:161} INFO - Started process (PID=7212) to work on /opt/airflow/dags/load_cb_courses.py
[2026-02-26T12:45:11.145+0000] {processor.py:830} INFO - Processing file /opt/airflow/dags/load_cb_courses.py for tasks to queue
[2026-02-26T12:45:11.146+0000] {logging_mixin.py:188} INFO - [2026-02-26T12:45:11.146+0000] {dagbag.py:545} INFO - Filling up the DagBag from /opt/airflow/dags/load_cb_courses.py
[2026-02-26T12:45:11.588+0000] {processor.py:840} INFO - DAG(s) 'load_cb_courses' retrieved from /opt/airflow/dags/load_cb_courses.py
[2026-02-26T12:45:11.608+0000] {logging_mixin.py:188} INFO - [2026-02-26T12:45:11.607+0000] {dag.py:3089} INFO - Sync 1 DAGs
[2026-02-26T12:45:11.626+0000] {logging_mixin.py:188} INFO - [2026-02-26T12:45:11.626+0000] {dag.py:3947} INFO - Setting next_dagrun for load_cb_courses to 2026-02-26 00:00:00+00:00, run_after=2026-02-27 00:00:00+00:00
[2026-02-26T12:45:11.646+0000] {processor.py:183} INFO - Processing /opt/airflow/dags/load_cb_courses.py took 0.509 seconds
[2026-02-26T12:45:41.810+0000] {processor.py:161} INFO - Started process (PID=7237) to work on /opt/airflow/dags/load_cb_courses.py
[2026-02-26T12:45:41.812+0000] {processor.py:830} INFO - Processing file /opt/airflow/dags/load_cb_courses.py for tasks to queue
[2026-02-26T12:45:41.813+0000] {logging_mixin.py:188} INFO - [2026-02-26T12:45:41.813+0000] {dagbag.py:545} INFO - Filling up the DagBag from /opt/airflow/dags/load_cb_courses.py
[2026-02-26T12:45:42.265+0000] {processor.py:840} INFO - DAG(s) 'load_cb_courses' retrieved from /opt/airflow/dags/load_cb_courses.py
[2026-02-26T12:45:42.286+0000] {logging_mixin.py:188} INFO - [2026-02-26T12:45:42.286+0000] {dag.py:3089} INFO - Sync 1 DAGs
[2026-02-26T12:45:42.306+0000] {logging_mixin.py:188} INFO - [2026-02-26T12:45:42.306+0000] {dag.py:3947} INFO - Setting next_dagrun for load_cb_courses to 2026-02-26 00:00:00+00:00, run_after=2026-02-27 00:00:00+00:00
[2026-02-26T12:45:42.327+0000] {processor.py:183} INFO - Processing /opt/airflow/dags/load_cb_courses.py took 0.523 seconds
[2026-02-26T12:46:12.476+0000] {processor.py:161} INFO - Started process (PID=7264) to work on /opt/airflow/dags/load_cb_courses.py
[2026-02-26T12:46:12.478+0000] {processor.py:830} INFO - Processing file /opt/airflow/dags/load_cb_courses.py for tasks to queue
[2026-02-26T12:46:12.479+0000] {logging_mixin.py:188} INFO - [2026-02-26T12:46:12.479+0000] {dagbag.py:545} INFO - Filling up the DagBag from /opt/airflow/dags/load_cb_courses.py
[2026-02-26T12:46:12.941+0000] {processor.py:840} INFO - DAG(s) 'load_cb_courses' retrieved from /opt/airflow/dags/load_cb_courses.py
[2026-02-26T12:46:12.962+0000] {logging_mixin.py:188} INFO - [2026-02-26T12:46:12.962+0000] {dag.py:3089} INFO - Sync 1 DAGs
[2026-02-26T12:46:12.982+0000] {logging_mixin.py:188} INFO - [2026-02-26T12:46:12.981+0000] {dag.py:3947} INFO - Setting next_dagrun for load_cb_courses to 2026-02-26 00:00:00+00:00, run_after=2026-02-27 00:00:00+00:00
[2026-02-26T12:46:12.999+0000] {processor.py:183} INFO - Processing /opt/airflow/dags/load_cb_courses.py took 0.529 seconds
[2026-02-26T12:46:43.187+0000] {processor.py:161} INFO - Started process (PID=7298) to work on /opt/airflow/dags/load_cb_courses.py
[2026-02-26T12:46:43.189+0000] {processor.py:830} INFO - Processing file /opt/airflow/dags/load_cb_courses.py for tasks to queue
[2026-02-26T12:46:43.191+0000] {logging_mixin.py:188} INFO - [2026-02-26T12:46:43.191+0000] {dagbag.py:545} INFO - Filling up the DagBag from /opt/airflow/dags/load_cb_courses.py
[2026-02-26T12:46:43.646+0000] {processor.py:840} INFO - DAG(s) 'load_cb_courses' retrieved from /opt/airflow/dags/load_cb_courses.py
[2026-02-26T12:46:43.694+0000] {logging_mixin.py:188} INFO - [2026-02-26T12:46:43.693+0000] {dag.py:3089} INFO - Sync 1 DAGs
[2026-02-26T12:46:43.725+0000] {logging_mixin.py:188} INFO - [2026-02-26T12:46:43.725+0000] {dag.py:3947} INFO - Setting next_dagrun for load_cb_courses to 2026-02-26 00:00:00+00:00, run_after=2026-02-27 00:00:00+00:00
[2026-02-26T12:46:43.766+0000] {processor.py:183} INFO - Processing /opt/airflow/dags/load_cb_courses.py took 0.588 seconds
[2026-02-26T12:47:13.959+0000] {processor.py:161} INFO - Started process (PID=7325) to work on /opt/airflow/dags/load_cb_courses.py
[2026-02-26T12:47:13.961+0000] {processor.py:830} INFO - Processing file /opt/airflow/dags/load_cb_courses.py for tasks to queue
[2026-02-26T12:47:13.962+0000] {logging_mixin.py:188} INFO - [2026-02-26T12:47:13.961+0000] {dagbag.py:545} INFO - Filling up the DagBag from /opt/airflow/dags/load_cb_courses.py
[2026-02-26T12:47:14.426+0000] {processor.py:840} INFO - DAG(s) 'load_cb_courses' retrieved from /opt/airflow/dags/load_cb_courses.py
[2026-02-26T12:47:14.449+0000] {logging_mixin.py:188} INFO - [2026-02-26T12:47:14.448+0000] {dag.py:3089} INFO - Sync 1 DAGs
[2026-02-26T12:47:14.468+0000] {logging_mixin.py:188} INFO - [2026-02-26T12:47:14.468+0000] {dag.py:3947} INFO - Setting next_dagrun for load_cb_courses to 2026-02-26 00:00:00+00:00, run_after=2026-02-27 00:00:00+00:00
[2026-02-26T12:47:14.486+0000] {processor.py:183} INFO - Processing /opt/airflow/dags/load_cb_courses.py took 0.535 seconds
[2026-02-26T12:47:44.631+0000] {processor.py:161} INFO - Started process (PID=7358) to work on /opt/airflow/dags/load_cb_courses.py
[2026-02-26T12:47:44.632+0000] {processor.py:830} INFO - Processing file /opt/airflow/dags/load_cb_courses.py for tasks to queue
[2026-02-26T12:47:44.634+0000] {logging_mixin.py:188} INFO - [2026-02-26T12:47:44.633+0000] {dagbag.py:545} INFO - Filling up the DagBag from /opt/airflow/dags/load_cb_courses.py
[2026-02-26T12:47:45.098+0000] {processor.py:840} INFO - DAG(s) 'load_cb_courses' retrieved from /opt/airflow/dags/load_cb_courses.py
[2026-02-26T12:47:45.119+0000] {logging_mixin.py:188} INFO - [2026-02-26T12:47:45.119+0000] {dag.py:3089} INFO - Sync 1 DAGs
[2026-02-26T12:47:45.140+0000] {logging_mixin.py:188} INFO - [2026-02-26T12:47:45.140+0000] {dag.py:3947} INFO - Setting next_dagrun for load_cb_courses to 2026-02-26 00:00:00+00:00, run_after=2026-02-27 00:00:00+00:00
[2026-02-26T12:47:45.159+0000] {processor.py:183} INFO - Processing /opt/airflow/dags/load_cb_courses.py took 0.535 seconds
[2026-02-26T12:48:15.401+0000] {processor.py:161} INFO - Started process (PID=7385) to work on /opt/airflow/dags/load_cb_courses.py
[2026-02-26T12:48:15.403+0000] {processor.py:830} INFO - Processing file /opt/airflow/dags/load_cb_courses.py for tasks to queue
[2026-02-26T12:48:15.404+0000] {logging_mixin.py:188} INFO - [2026-02-26T12:48:15.404+0000] {dagbag.py:545} INFO - Filling up the DagBag from /opt/airflow/dags/load_cb_courses.py
[2026-02-26T12:48:15.833+0000] {processor.py:840} INFO - DAG(s) 'load_cb_courses' retrieved from /opt/airflow/dags/load_cb_courses.py
[2026-02-26T12:48:15.856+0000] {logging_mixin.py:188} INFO - [2026-02-26T12:48:15.855+0000] {dag.py:3089} INFO - Sync 1 DAGs
[2026-02-26T12:48:15.875+0000] {logging_mixin.py:188} INFO - [2026-02-26T12:48:15.874+0000] {dag.py:3947} INFO - Setting next_dagrun for load_cb_courses to 2026-02-26 00:00:00+00:00, run_after=2026-02-27 00:00:00+00:00
[2026-02-26T12:48:15.897+0000] {processor.py:183} INFO - Processing /opt/airflow/dags/load_cb_courses.py took 0.502 seconds
[2026-02-26T12:48:46.179+0000] {processor.py:161} INFO - Started process (PID=7412) to work on /opt/airflow/dags/load_cb_courses.py
[2026-02-26T12:48:46.181+0000] {processor.py:830} INFO - Processing file /opt/airflow/dags/load_cb_courses.py for tasks to queue
[2026-02-26T12:48:46.183+0000] {logging_mixin.py:188} INFO - [2026-02-26T12:48:46.182+0000] {dagbag.py:545} INFO - Filling up the DagBag from /opt/airflow/dags/load_cb_courses.py
[2026-02-26T12:48:46.754+0000] {processor.py:840} INFO - DAG(s) 'load_cb_courses' retrieved from /opt/airflow/dags/load_cb_courses.py
[2026-02-26T12:48:46.779+0000] {logging_mixin.py:188} INFO - [2026-02-26T12:48:46.779+0000] {dag.py:3089} INFO - Sync 1 DAGs
[2026-02-26T12:48:46.802+0000] {logging_mixin.py:188} INFO - [2026-02-26T12:48:46.801+0000] {dag.py:3947} INFO - Setting next_dagrun for load_cb_courses to 2026-02-26 00:00:00+00:00, run_after=2026-02-27 00:00:00+00:00
[2026-02-26T12:48:46.831+0000] {processor.py:183} INFO - Processing /opt/airflow/dags/load_cb_courses.py took 0.663 seconds
[2026-02-26T12:49:17.018+0000] {processor.py:161} INFO - Started process (PID=7446) to work on /opt/airflow/dags/load_cb_courses.py
[2026-02-26T12:49:17.019+0000] {processor.py:830} INFO - Processing file /opt/airflow/dags/load_cb_courses.py for tasks to queue
[2026-02-26T12:49:17.020+0000] {logging_mixin.py:188} INFO - [2026-02-26T12:49:17.020+0000] {dagbag.py:545} INFO - Filling up the DagBag from /opt/airflow/dags/load_cb_courses.py
[2026-02-26T12:49:17.457+0000] {processor.py:840} INFO - DAG(s) 'load_cb_courses' retrieved from /opt/airflow/dags/load_cb_courses.py
[2026-02-26T12:49:17.478+0000] {logging_mixin.py:188} INFO - [2026-02-26T12:49:17.478+0000] {dag.py:3089} INFO - Sync 1 DAGs
[2026-02-26T12:49:17.497+0000] {logging_mixin.py:188} INFO - [2026-02-26T12:49:17.497+0000] {dag.py:3947} INFO - Setting next_dagrun for load_cb_courses to 2026-02-26 00:00:00+00:00, run_after=2026-02-27 00:00:00+00:00
[2026-02-26T12:49:17.520+0000] {processor.py:183} INFO - Processing /opt/airflow/dags/load_cb_courses.py took 0.509 seconds
[2026-02-26T12:49:47.740+0000] {processor.py:161} INFO - Started process (PID=7472) to work on /opt/airflow/dags/load_cb_courses.py
[2026-02-26T12:49:47.741+0000] {processor.py:830} INFO - Processing file /opt/airflow/dags/load_cb_courses.py for tasks to queue
[2026-02-26T12:49:47.743+0000] {logging_mixin.py:188} INFO - [2026-02-26T12:49:47.742+0000] {dagbag.py:545} INFO - Filling up the DagBag from /opt/airflow/dags/load_cb_courses.py
[2026-02-26T12:49:48.171+0000] {processor.py:840} INFO - DAG(s) 'load_cb_courses' retrieved from /opt/airflow/dags/load_cb_courses.py
[2026-02-26T12:49:48.194+0000] {logging_mixin.py:188} INFO - [2026-02-26T12:49:48.193+0000] {dag.py:3089} INFO - Sync 1 DAGs
[2026-02-26T12:49:48.215+0000] {logging_mixin.py:188} INFO - [2026-02-26T12:49:48.215+0000] {dag.py:3947} INFO - Setting next_dagrun for load_cb_courses to 2026-02-26 00:00:00+00:00, run_after=2026-02-27 00:00:00+00:00
[2026-02-26T12:49:48.235+0000] {processor.py:183} INFO - Processing /opt/airflow/dags/load_cb_courses.py took 0.501 seconds
[2026-02-26T12:50:18.404+0000] {processor.py:161} INFO - Started process (PID=7505) to work on /opt/airflow/dags/load_cb_courses.py
[2026-02-26T12:50:18.406+0000] {processor.py:830} INFO - Processing file /opt/airflow/dags/load_cb_courses.py for tasks to queue
[2026-02-26T12:50:18.408+0000] {logging_mixin.py:188} INFO - [2026-02-26T12:50:18.407+0000] {dagbag.py:545} INFO - Filling up the DagBag from /opt/airflow/dags/load_cb_courses.py
[2026-02-26T12:50:18.836+0000] {processor.py:840} INFO - DAG(s) 'load_cb_courses' retrieved from /opt/airflow/dags/load_cb_courses.py
[2026-02-26T12:50:18.859+0000] {logging_mixin.py:188} INFO - [2026-02-26T12:50:18.858+0000] {dag.py:3089} INFO - Sync 1 DAGs
[2026-02-26T12:50:18.879+0000] {logging_mixin.py:188} INFO - [2026-02-26T12:50:18.879+0000] {dag.py:3947} INFO - Setting next_dagrun for load_cb_courses to 2026-02-26 00:00:00+00:00, run_after=2026-02-27 00:00:00+00:00
[2026-02-26T12:50:18.903+0000] {processor.py:183} INFO - Processing /opt/airflow/dags/load_cb_courses.py took 0.506 seconds
[2026-02-26T12:50:49.090+0000] {processor.py:161} INFO - Started process (PID=7530) to work on /opt/airflow/dags/load_cb_courses.py
[2026-02-26T12:50:49.092+0000] {processor.py:830} INFO - Processing file /opt/airflow/dags/load_cb_courses.py for tasks to queue
[2026-02-26T12:50:49.093+0000] {logging_mixin.py:188} INFO - [2026-02-26T12:50:49.093+0000] {dagbag.py:545} INFO - Filling up the DagBag from /opt/airflow/dags/load_cb_courses.py
[2026-02-26T12:50:49.536+0000] {processor.py:840} INFO - DAG(s) 'load_cb_courses' retrieved from /opt/airflow/dags/load_cb_courses.py
[2026-02-26T12:50:49.559+0000] {logging_mixin.py:188} INFO - [2026-02-26T12:50:49.558+0000] {dag.py:3089} INFO - Sync 1 DAGs
[2026-02-26T12:50:49.578+0000] {logging_mixin.py:188} INFO - [2026-02-26T12:50:49.578+0000] {dag.py:3947} INFO - Setting next_dagrun for load_cb_courses to 2026-02-26 00:00:00+00:00, run_after=2026-02-27 00:00:00+00:00
[2026-02-26T12:50:49.598+0000] {processor.py:183} INFO - Processing /opt/airflow/dags/load_cb_courses.py took 0.513 seconds
[2026-02-26T12:51:19.788+0000] {processor.py:161} INFO - Started process (PID=7555) to work on /opt/airflow/dags/load_cb_courses.py
[2026-02-26T12:51:19.789+0000] {processor.py:830} INFO - Processing file /opt/airflow/dags/load_cb_courses.py for tasks to queue
[2026-02-26T12:51:19.791+0000] {logging_mixin.py:188} INFO - [2026-02-26T12:51:19.790+0000] {dagbag.py:545} INFO - Filling up the DagBag from /opt/airflow/dags/load_cb_courses.py
[2026-02-26T12:51:20.238+0000] {processor.py:840} INFO - DAG(s) 'load_cb_courses' retrieved from /opt/airflow/dags/load_cb_courses.py
[2026-02-26T12:51:20.259+0000] {logging_mixin.py:188} INFO - [2026-02-26T12:51:20.259+0000] {dag.py:3089} INFO - Sync 1 DAGs
[2026-02-26T12:51:20.278+0000] {logging_mixin.py:188} INFO - [2026-02-26T12:51:20.278+0000] {dag.py:3947} INFO - Setting next_dagrun for load_cb_courses to 2026-02-26 00:00:00+00:00, run_after=2026-02-27 00:00:00+00:00
[2026-02-26T12:51:20.298+0000] {processor.py:183} INFO - Processing /opt/airflow/dags/load_cb_courses.py took 0.516 seconds
[2026-02-26T12:51:50.479+0000] {processor.py:161} INFO - Started process (PID=7589) to work on /opt/airflow/dags/load_cb_courses.py
[2026-02-26T12:51:50.480+0000] {processor.py:830} INFO - Processing file /opt/airflow/dags/load_cb_courses.py for tasks to queue
[2026-02-26T12:51:50.482+0000] {logging_mixin.py:188} INFO - [2026-02-26T12:51:50.481+0000] {dagbag.py:545} INFO - Filling up the DagBag from /opt/airflow/dags/load_cb_courses.py
[2026-02-26T12:51:50.929+0000] {processor.py:840} INFO - DAG(s) 'load_cb_courses' retrieved from /opt/airflow/dags/load_cb_courses.py
[2026-02-26T12:51:50.951+0000] {logging_mixin.py:188} INFO - [2026-02-26T12:51:50.951+0000] {dag.py:3089} INFO - Sync 1 DAGs
[2026-02-26T12:51:50.971+0000] {logging_mixin.py:188} INFO - [2026-02-26T12:51:50.971+0000] {dag.py:3947} INFO - Setting next_dagrun for load_cb_courses to 2026-02-26 00:00:00+00:00, run_after=2026-02-27 00:00:00+00:00
[2026-02-26T12:51:50.992+0000] {processor.py:183} INFO - Processing /opt/airflow/dags/load_cb_courses.py took 0.519 seconds
[2026-02-26T12:52:21.163+0000] {processor.py:161} INFO - Started process (PID=7615) to work on /opt/airflow/dags/load_cb_courses.py
[2026-02-26T12:52:21.164+0000] {processor.py:830} INFO - Processing file /opt/airflow/dags/load_cb_courses.py for tasks to queue
[2026-02-26T12:52:21.166+0000] {logging_mixin.py:188} INFO - [2026-02-26T12:52:21.165+0000] {dagbag.py:545} INFO - Filling up the DagBag from /opt/airflow/dags/load_cb_courses.py
[2026-02-26T12:52:21.594+0000] {processor.py:840} INFO - DAG(s) 'load_cb_courses' retrieved from /opt/airflow/dags/load_cb_courses.py
[2026-02-26T12:52:21.616+0000] {logging_mixin.py:188} INFO - [2026-02-26T12:52:21.615+0000] {dag.py:3089} INFO - Sync 1 DAGs
[2026-02-26T12:52:21.638+0000] {logging_mixin.py:188} INFO - [2026-02-26T12:52:21.637+0000] {dag.py:3947} INFO - Setting next_dagrun for load_cb_courses to 2026-02-26 00:00:00+00:00, run_after=2026-02-27 00:00:00+00:00
[2026-02-26T12:52:21.658+0000] {processor.py:183} INFO - Processing /opt/airflow/dags/load_cb_courses.py took 0.501 seconds
[2026-02-26T12:52:51.702+0000] {processor.py:161} INFO - Started process (PID=7649) to work on /opt/airflow/dags/load_cb_courses.py
[2026-02-26T12:52:51.703+0000] {processor.py:830} INFO - Processing file /opt/airflow/dags/load_cb_courses.py for tasks to queue
[2026-02-26T12:52:51.706+0000] {logging_mixin.py:188} INFO - [2026-02-26T12:52:51.705+0000] {dagbag.py:545} INFO - Filling up the DagBag from /opt/airflow/dags/load_cb_courses.py
[2026-02-26T12:52:52.145+0000] {processor.py:840} INFO - DAG(s) 'load_cb_courses' retrieved from /opt/airflow/dags/load_cb_courses.py
[2026-02-26T12:52:52.168+0000] {logging_mixin.py:188} INFO - [2026-02-26T12:52:52.167+0000] {dag.py:3089} INFO - Sync 1 DAGs
[2026-02-26T12:52:52.186+0000] {logging_mixin.py:188} INFO - [2026-02-26T12:52:52.186+0000] {dag.py:3947} INFO - Setting next_dagrun for load_cb_courses to 2026-02-26 00:00:00+00:00, run_after=2026-02-27 00:00:00+00:00
[2026-02-26T12:52:52.207+0000] {processor.py:183} INFO - Processing /opt/airflow/dags/load_cb_courses.py took 0.512 seconds
[2026-02-26T12:53:22.384+0000] {processor.py:161} INFO - Started process (PID=7674) to work on /opt/airflow/dags/load_cb_courses.py
[2026-02-26T12:53:22.386+0000] {processor.py:830} INFO - Processing file /opt/airflow/dags/load_cb_courses.py for tasks to queue
[2026-02-26T12:53:22.387+0000] {logging_mixin.py:188} INFO - [2026-02-26T12:53:22.387+0000] {dagbag.py:545} INFO - Filling up the DagBag from /opt/airflow/dags/load_cb_courses.py
[2026-02-26T12:53:22.822+0000] {processor.py:840} INFO - DAG(s) 'load_cb_courses' retrieved from /opt/airflow/dags/load_cb_courses.py
[2026-02-26T12:53:22.844+0000] {logging_mixin.py:188} INFO - [2026-02-26T12:53:22.843+0000] {dag.py:3089} INFO - Sync 1 DAGs
[2026-02-26T12:53:22.862+0000] {logging_mixin.py:188} INFO - [2026-02-26T12:53:22.862+0000] {dag.py:3947} INFO - Setting next_dagrun for load_cb_courses to 2026-02-26 00:00:00+00:00, run_after=2026-02-27 00:00:00+00:00
[2026-02-26T12:53:22.881+0000] {processor.py:183} INFO - Processing /opt/airflow/dags/load_cb_courses.py took 0.504 seconds
[2026-02-26T12:53:53.188+0000] {processor.py:161} INFO - Started process (PID=7701) to work on /opt/airflow/dags/load_cb_courses.py
[2026-02-26T12:53:53.190+0000] {processor.py:830} INFO - Processing file /opt/airflow/dags/load_cb_courses.py for tasks to queue
[2026-02-26T12:53:53.192+0000] {logging_mixin.py:188} INFO - [2026-02-26T12:53:53.192+0000] {dagbag.py:545} INFO - Filling up the DagBag from /opt/airflow/dags/load_cb_courses.py
[2026-02-26T12:53:53.847+0000] {processor.py:840} INFO - DAG(s) 'load_cb_courses' retrieved from /opt/airflow/dags/load_cb_courses.py
[2026-02-26T12:53:53.874+0000] {logging_mixin.py:188} INFO - [2026-02-26T12:53:53.874+0000] {dag.py:3089} INFO - Sync 1 DAGs
[2026-02-26T12:53:53.899+0000] {logging_mixin.py:188} INFO - [2026-02-26T12:53:53.899+0000] {dag.py:3947} INFO - Setting next_dagrun for load_cb_courses to 2026-02-26 00:00:00+00:00, run_after=2026-02-27 00:00:00+00:00
[2026-02-26T12:53:53.940+0000] {processor.py:183} INFO - Processing /opt/airflow/dags/load_cb_courses.py took 0.760 seconds
[2026-02-26T12:54:24.180+0000] {processor.py:161} INFO - Started process (PID=7735) to work on /opt/airflow/dags/load_cb_courses.py
[2026-02-26T12:54:24.198+0000] {processor.py:830} INFO - Processing file /opt/airflow/dags/load_cb_courses.py for tasks to queue
[2026-02-26T12:54:24.200+0000] {logging_mixin.py:188} INFO - [2026-02-26T12:54:24.199+0000] {dagbag.py:545} INFO - Filling up the DagBag from /opt/airflow/dags/load_cb_courses.py
[2026-02-26T12:54:24.846+0000] {processor.py:840} INFO - DAG(s) 'load_cb_courses' retrieved from /opt/airflow/dags/load_cb_courses.py
[2026-02-26T12:54:24.883+0000] {logging_mixin.py:188} INFO - [2026-02-26T12:54:24.882+0000] {dag.py:3089} INFO - Sync 1 DAGs
[2026-02-26T12:54:24.910+0000] {logging_mixin.py:188} INFO - [2026-02-26T12:54:24.910+0000] {dag.py:3947} INFO - Setting next_dagrun for load_cb_courses to 2026-02-26 00:00:00+00:00, run_after=2026-02-27 00:00:00+00:00
[2026-02-26T12:54:24.936+0000] {processor.py:183} INFO - Processing /opt/airflow/dags/load_cb_courses.py took 0.764 seconds
[2026-02-26T12:54:55.179+0000] {processor.py:161} INFO - Started process (PID=7761) to work on /opt/airflow/dags/load_cb_courses.py
[2026-02-26T12:54:55.181+0000] {processor.py:830} INFO - Processing file /opt/airflow/dags/load_cb_courses.py for tasks to queue
[2026-02-26T12:54:55.182+0000] {logging_mixin.py:188} INFO - [2026-02-26T12:54:55.182+0000] {dagbag.py:545} INFO - Filling up the DagBag from /opt/airflow/dags/load_cb_courses.py
[2026-02-26T12:54:55.822+0000] {processor.py:840} INFO - DAG(s) 'load_cb_courses' retrieved from /opt/airflow/dags/load_cb_courses.py
[2026-02-26T12:54:55.852+0000] {logging_mixin.py:188} INFO - [2026-02-26T12:54:55.851+0000] {dag.py:3089} INFO - Sync 1 DAGs
[2026-02-26T12:54:55.878+0000] {logging_mixin.py:188} INFO - [2026-02-26T12:54:55.878+0000] {dag.py:3947} INFO - Setting next_dagrun for load_cb_courses to 2026-02-26 00:00:00+00:00, run_after=2026-02-27 00:00:00+00:00
[2026-02-26T12:54:55.921+0000] {processor.py:183} INFO - Processing /opt/airflow/dags/load_cb_courses.py took 0.750 seconds
[2026-02-26T12:55:26.182+0000] {processor.py:161} INFO - Started process (PID=7787) to work on /opt/airflow/dags/load_cb_courses.py
[2026-02-26T12:55:26.184+0000] {processor.py:830} INFO - Processing file /opt/airflow/dags/load_cb_courses.py for tasks to queue
[2026-02-26T12:55:26.186+0000] {logging_mixin.py:188} INFO - [2026-02-26T12:55:26.185+0000] {dagbag.py:545} INFO - Filling up the DagBag from /opt/airflow/dags/load_cb_courses.py
[2026-02-26T12:55:26.769+0000] {processor.py:840} INFO - DAG(s) 'load_cb_courses' retrieved from /opt/airflow/dags/load_cb_courses.py
[2026-02-26T12:55:26.797+0000] {logging_mixin.py:188} INFO - [2026-02-26T12:55:26.797+0000] {dag.py:3089} INFO - Sync 1 DAGs
[2026-02-26T12:55:26.822+0000] {logging_mixin.py:188} INFO - [2026-02-26T12:55:26.822+0000] {dag.py:3947} INFO - Setting next_dagrun for load_cb_courses to 2026-02-26 00:00:00+00:00, run_after=2026-02-27 00:00:00+00:00
[2026-02-26T12:55:26.849+0000] {processor.py:183} INFO - Processing /opt/airflow/dags/load_cb_courses.py took 0.675 seconds
[2026-02-26T12:55:57.010+0000] {processor.py:161} INFO - Started process (PID=7820) to work on /opt/airflow/dags/load_cb_courses.py
[2026-02-26T12:55:57.012+0000] {processor.py:830} INFO - Processing file /opt/airflow/dags/load_cb_courses.py for tasks to queue
[2026-02-26T12:55:57.014+0000] {logging_mixin.py:188} INFO - [2026-02-26T12:55:57.013+0000] {dagbag.py:545} INFO - Filling up the DagBag from /opt/airflow/dags/load_cb_courses.py
[2026-02-26T12:55:57.582+0000] {processor.py:840} INFO - DAG(s) 'load_cb_courses' retrieved from /opt/airflow/dags/load_cb_courses.py
[2026-02-26T12:55:57.616+0000] {logging_mixin.py:188} INFO - [2026-02-26T12:55:57.616+0000] {dag.py:3089} INFO - Sync 1 DAGs
[2026-02-26T12:55:57.649+0000] {logging_mixin.py:188} INFO - [2026-02-26T12:55:57.648+0000] {dag.py:3947} INFO - Setting next_dagrun for load_cb_courses to 2026-02-26 00:00:00+00:00, run_after=2026-02-27 00:00:00+00:00
[2026-02-26T12:55:57.696+0000] {processor.py:183} INFO - Processing /opt/airflow/dags/load_cb_courses.py took 0.693 seconds
[2026-02-26T12:56:27.895+0000] {processor.py:161} INFO - Started process (PID=7846) to work on /opt/airflow/dags/load_cb_courses.py
[2026-02-26T12:56:27.897+0000] {processor.py:830} INFO - Processing file /opt/airflow/dags/load_cb_courses.py for tasks to queue
[2026-02-26T12:56:27.899+0000] {logging_mixin.py:188} INFO - [2026-02-26T12:56:27.898+0000] {dagbag.py:545} INFO - Filling up the DagBag from /opt/airflow/dags/load_cb_courses.py
[2026-02-26T12:56:28.483+0000] {processor.py:840} INFO - DAG(s) 'load_cb_courses' retrieved from /opt/airflow/dags/load_cb_courses.py
[2026-02-26T12:56:28.514+0000] {logging_mixin.py:188} INFO - [2026-02-26T12:56:28.513+0000] {dag.py:3089} INFO - Sync 1 DAGs
[2026-02-26T12:56:28.541+0000] {logging_mixin.py:188} INFO - [2026-02-26T12:56:28.541+0000] {dag.py:3947} INFO - Setting next_dagrun for load_cb_courses to 2026-02-26 00:00:00+00:00, run_after=2026-02-27 00:00:00+00:00
[2026-02-26T12:56:28.566+0000] {processor.py:183} INFO - Processing /opt/airflow/dags/load_cb_courses.py took 0.678 seconds
[2026-02-26T12:56:58.758+0000] {processor.py:161} INFO - Started process (PID=7872) to work on /opt/airflow/dags/load_cb_courses.py
[2026-02-26T12:56:58.759+0000] {processor.py:830} INFO - Processing file /opt/airflow/dags/load_cb_courses.py for tasks to queue
[2026-02-26T12:56:58.761+0000] {logging_mixin.py:188} INFO - [2026-02-26T12:56:58.760+0000] {dagbag.py:545} INFO - Filling up the DagBag from /opt/airflow/dags/load_cb_courses.py
[2026-02-26T12:56:59.334+0000] {processor.py:840} INFO - DAG(s) 'load_cb_courses' retrieved from /opt/airflow/dags/load_cb_courses.py
[2026-02-26T12:56:59.363+0000] {logging_mixin.py:188} INFO - [2026-02-26T12:56:59.363+0000] {dag.py:3089} INFO - Sync 1 DAGs
[2026-02-26T12:56:59.388+0000] {logging_mixin.py:188} INFO - [2026-02-26T12:56:59.388+0000] {dag.py:3947} INFO - Setting next_dagrun for load_cb_courses to 2026-02-26 00:00:00+00:00, run_after=2026-02-27 00:00:00+00:00
[2026-02-26T12:56:59.421+0000] {processor.py:183} INFO - Processing /opt/airflow/dags/load_cb_courses.py took 0.671 seconds
[2026-02-26T12:57:29.731+0000] {processor.py:161} INFO - Started process (PID=7898) to work on /opt/airflow/dags/load_cb_courses.py
[2026-02-26T12:57:29.733+0000] {processor.py:830} INFO - Processing file /opt/airflow/dags/load_cb_courses.py for tasks to queue
[2026-02-26T12:57:29.734+0000] {logging_mixin.py:188} INFO - [2026-02-26T12:57:29.734+0000] {dagbag.py:545} INFO - Filling up the DagBag from /opt/airflow/dags/load_cb_courses.py
[2026-02-26T12:57:30.339+0000] {processor.py:840} INFO - DAG(s) 'load_cb_courses' retrieved from /opt/airflow/dags/load_cb_courses.py
[2026-02-26T12:57:30.370+0000] {logging_mixin.py:188} INFO - [2026-02-26T12:57:30.369+0000] {dag.py:3089} INFO - Sync 1 DAGs
[2026-02-26T12:57:30.401+0000] {logging_mixin.py:188} INFO - [2026-02-26T12:57:30.400+0000] {dag.py:3947} INFO - Setting next_dagrun for load_cb_courses to 2026-02-26 00:00:00+00:00, run_after=2026-02-27 00:00:00+00:00
[2026-02-26T12:57:30.438+0000] {processor.py:183} INFO - Processing /opt/airflow/dags/load_cb_courses.py took 0.717 seconds
[2026-02-26T12:58:00.683+0000] {processor.py:161} INFO - Started process (PID=7931) to work on /opt/airflow/dags/load_cb_courses.py
[2026-02-26T12:58:00.685+0000] {processor.py:830} INFO - Processing file /opt/airflow/dags/load_cb_courses.py for tasks to queue
[2026-02-26T12:58:00.686+0000] {logging_mixin.py:188} INFO - [2026-02-26T12:58:00.686+0000] {dagbag.py:545} INFO - Filling up the DagBag from /opt/airflow/dags/load_cb_courses.py
[2026-02-26T12:58:01.263+0000] {processor.py:840} INFO - DAG(s) 'load_cb_courses' retrieved from /opt/airflow/dags/load_cb_courses.py
[2026-02-26T12:58:01.293+0000] {logging_mixin.py:188} INFO - [2026-02-26T12:58:01.293+0000] {dag.py:3089} INFO - Sync 1 DAGs
[2026-02-26T12:58:01.324+0000] {logging_mixin.py:188} INFO - [2026-02-26T12:58:01.323+0000] {dag.py:3947} INFO - Setting next_dagrun for load_cb_courses to 2026-02-26 00:00:00+00:00, run_after=2026-02-27 00:00:00+00:00
[2026-02-26T12:58:01.351+0000] {processor.py:183} INFO - Processing /opt/airflow/dags/load_cb_courses.py took 0.675 seconds
[2026-02-26T12:58:31.969+0000] {processor.py:161} INFO - Started process (PID=7957) to work on /opt/airflow/dags/load_cb_courses.py
[2026-02-26T12:58:31.971+0000] {processor.py:830} INFO - Processing file /opt/airflow/dags/load_cb_courses.py for tasks to queue
[2026-02-26T12:58:31.973+0000] {logging_mixin.py:188} INFO - [2026-02-26T12:58:31.972+0000] {dagbag.py:545} INFO - Filling up the DagBag from /opt/airflow/dags/load_cb_courses.py
[2026-02-26T12:58:32.773+0000] {processor.py:840} INFO - DAG(s) 'load_cb_courses' retrieved from /opt/airflow/dags/load_cb_courses.py
[2026-02-26T12:58:32.812+0000] {logging_mixin.py:188} INFO - [2026-02-26T12:58:32.811+0000] {dag.py:3089} INFO - Sync 1 DAGs
[2026-02-26T12:58:32.843+0000] {logging_mixin.py:188} INFO - [2026-02-26T12:58:32.843+0000] {dag.py:3947} INFO - Setting next_dagrun for load_cb_courses to 2026-02-26 00:00:00+00:00, run_after=2026-02-27 00:00:00+00:00
[2026-02-26T12:58:32.881+0000] {processor.py:183} INFO - Processing /opt/airflow/dags/load_cb_courses.py took 0.928 seconds
[2026-02-26T12:59:03.215+0000] {processor.py:161} INFO - Started process (PID=7983) to work on /opt/airflow/dags/load_cb_courses.py
[2026-02-26T12:59:03.217+0000] {processor.py:830} INFO - Processing file /opt/airflow/dags/load_cb_courses.py for tasks to queue
[2026-02-26T12:59:03.219+0000] {logging_mixin.py:188} INFO - [2026-02-26T12:59:03.218+0000] {dagbag.py:545} INFO - Filling up the DagBag from /opt/airflow/dags/load_cb_courses.py
[2026-02-26T12:59:03.832+0000] {processor.py:840} INFO - DAG(s) 'load_cb_courses' retrieved from /opt/airflow/dags/load_cb_courses.py
[2026-02-26T12:59:03.866+0000] {logging_mixin.py:188} INFO - [2026-02-26T12:59:03.865+0000] {dag.py:3089} INFO - Sync 1 DAGs
[2026-02-26T12:59:03.897+0000] {logging_mixin.py:188} INFO - [2026-02-26T12:59:03.897+0000] {dag.py:3947} INFO - Setting next_dagrun for load_cb_courses to 2026-02-26 00:00:00+00:00, run_after=2026-02-27 00:00:00+00:00
[2026-02-26T12:59:03.931+0000] {processor.py:183} INFO - Processing /opt/airflow/dags/load_cb_courses.py took 0.728 seconds
[2026-02-26T12:59:34.224+0000] {processor.py:161} INFO - Started process (PID=8009) to work on /opt/airflow/dags/load_cb_courses.py
[2026-02-26T12:59:34.226+0000] {processor.py:830} INFO - Processing file /opt/airflow/dags/load_cb_courses.py for tasks to queue
[2026-02-26T12:59:34.228+0000] {logging_mixin.py:188} INFO - [2026-02-26T12:59:34.227+0000] {dagbag.py:545} INFO - Filling up the DagBag from /opt/airflow/dags/load_cb_courses.py
[2026-02-26T12:59:34.856+0000] {processor.py:840} INFO - DAG(s) 'load_cb_courses' retrieved from /opt/airflow/dags/load_cb_courses.py
[2026-02-26T12:59:34.885+0000] {logging_mixin.py:188} INFO - [2026-02-26T12:59:34.885+0000] {dag.py:3089} INFO - Sync 1 DAGs
[2026-02-26T12:59:34.911+0000] {logging_mixin.py:188} INFO - [2026-02-26T12:59:34.911+0000] {dag.py:3947} INFO - Setting next_dagrun for load_cb_courses to 2026-02-26 00:00:00+00:00, run_after=2026-02-27 00:00:00+00:00
[2026-02-26T12:59:34.940+0000] {processor.py:183} INFO - Processing /opt/airflow/dags/load_cb_courses.py took 0.725 seconds
[2026-02-26T13:00:05.307+0000] {processor.py:161} INFO - Started process (PID=8035) to work on /opt/airflow/dags/load_cb_courses.py
[2026-02-26T13:00:05.309+0000] {processor.py:830} INFO - Processing file /opt/airflow/dags/load_cb_courses.py for tasks to queue
[2026-02-26T13:00:05.310+0000] {logging_mixin.py:188} INFO - [2026-02-26T13:00:05.310+0000] {dagbag.py:545} INFO - Filling up the DagBag from /opt/airflow/dags/load_cb_courses.py
[2026-02-26T13:00:05.860+0000] {processor.py:840} INFO - DAG(s) 'load_cb_courses' retrieved from /opt/airflow/dags/load_cb_courses.py
[2026-02-26T13:00:05.886+0000] {logging_mixin.py:188} INFO - [2026-02-26T13:00:05.886+0000] {dag.py:3089} INFO - Sync 1 DAGs
[2026-02-26T13:00:05.909+0000] {logging_mixin.py:188} INFO - [2026-02-26T13:00:05.909+0000] {dag.py:3947} INFO - Setting next_dagrun for load_cb_courses to 2026-02-26 00:00:00+00:00, run_after=2026-02-27 00:00:00+00:00
[2026-02-26T13:00:05.946+0000] {processor.py:183} INFO - Processing /opt/airflow/dags/load_cb_courses.py took 0.646 seconds
[2026-02-26T13:00:36.249+0000] {processor.py:161} INFO - Started process (PID=8068) to work on /opt/airflow/dags/load_cb_courses.py
[2026-02-26T13:00:36.251+0000] {processor.py:830} INFO - Processing file /opt/airflow/dags/load_cb_courses.py for tasks to queue
[2026-02-26T13:00:36.253+0000] {logging_mixin.py:188} INFO - [2026-02-26T13:00:36.252+0000] {dagbag.py:545} INFO - Filling up the DagBag from /opt/airflow/dags/load_cb_courses.py
[2026-02-26T13:00:36.961+0000] {processor.py:840} INFO - DAG(s) 'load_cb_courses' retrieved from /opt/airflow/dags/load_cb_courses.py
[2026-02-26T13:00:36.991+0000] {logging_mixin.py:188} INFO - [2026-02-26T13:00:36.990+0000] {dag.py:3089} INFO - Sync 1 DAGs
[2026-02-26T13:00:37.027+0000] {logging_mixin.py:188} INFO - [2026-02-26T13:00:37.027+0000] {dag.py:3947} INFO - Setting next_dagrun for load_cb_courses to 2026-02-26 00:00:00+00:00, run_after=2026-02-27 00:00:00+00:00
[2026-02-26T13:00:37.068+0000] {processor.py:183} INFO - Processing /opt/airflow/dags/load_cb_courses.py took 0.827 seconds
[2026-02-26T13:01:07.283+0000] {processor.py:161} INFO - Started process (PID=8095) to work on /opt/airflow/dags/load_cb_courses.py
[2026-02-26T13:01:07.285+0000] {processor.py:830} INFO - Processing file /opt/airflow/dags/load_cb_courses.py for tasks to queue
[2026-02-26T13:01:07.287+0000] {logging_mixin.py:188} INFO - [2026-02-26T13:01:07.287+0000] {dagbag.py:545} INFO - Filling up the DagBag from /opt/airflow/dags/load_cb_courses.py
[2026-02-26T13:01:07.831+0000] {processor.py:840} INFO - DAG(s) 'load_cb_courses' retrieved from /opt/airflow/dags/load_cb_courses.py
[2026-02-26T13:01:07.859+0000] {logging_mixin.py:188} INFO - [2026-02-26T13:01:07.859+0000] {dag.py:3089} INFO - Sync 1 DAGs
[2026-02-26T13:01:07.887+0000] {logging_mixin.py:188} INFO - [2026-02-26T13:01:07.887+0000] {dag.py:3947} INFO - Setting next_dagrun for load_cb_courses to 2026-02-26 00:00:00+00:00, run_after=2026-02-27 00:00:00+00:00
[2026-02-26T13:01:07.912+0000] {processor.py:183} INFO - Processing /opt/airflow/dags/load_cb_courses.py took 0.636 seconds
[2026-02-26T13:01:38.463+0000] {processor.py:161} INFO - Started process (PID=8120) to work on /opt/airflow/dags/load_cb_courses.py
[2026-02-26T13:01:38.465+0000] {processor.py:830} INFO - Processing file /opt/airflow/dags/load_cb_courses.py for tasks to queue
[2026-02-26T13:01:38.467+0000] {logging_mixin.py:188} INFO - [2026-02-26T13:01:38.466+0000] {dagbag.py:545} INFO - Filling up the DagBag from /opt/airflow/dags/load_cb_courses.py
[2026-02-26T13:01:39.032+0000] {processor.py:840} INFO - DAG(s) 'load_cb_courses' retrieved from /opt/airflow/dags/load_cb_courses.py
[2026-02-26T13:01:39.059+0000] {logging_mixin.py:188} INFO - [2026-02-26T13:01:39.059+0000] {dag.py:3089} INFO - Sync 1 DAGs
[2026-02-26T13:01:39.083+0000] {logging_mixin.py:188} INFO - [2026-02-26T13:01:39.083+0000] {dag.py:3947} INFO - Setting next_dagrun for load_cb_courses to 2026-02-26 00:00:00+00:00, run_after=2026-02-27 00:00:00+00:00
[2026-02-26T13:01:39.111+0000] {processor.py:183} INFO - Processing /opt/airflow/dags/load_cb_courses.py took 0.660 seconds
[2026-02-26T13:02:09.361+0000] {processor.py:161} INFO - Started process (PID=8146) to work on /opt/airflow/dags/load_cb_courses.py
[2026-02-26T13:02:09.362+0000] {processor.py:830} INFO - Processing file /opt/airflow/dags/load_cb_courses.py for tasks to queue
[2026-02-26T13:02:09.364+0000] {logging_mixin.py:188} INFO - [2026-02-26T13:02:09.364+0000] {dagbag.py:545} INFO - Filling up the DagBag from /opt/airflow/dags/load_cb_courses.py
[2026-02-26T13:02:09.979+0000] {processor.py:840} INFO - DAG(s) 'load_cb_courses' retrieved from /opt/airflow/dags/load_cb_courses.py
[2026-02-26T13:02:10.009+0000] {logging_mixin.py:188} INFO - [2026-02-26T13:02:10.009+0000] {dag.py:3089} INFO - Sync 1 DAGs
[2026-02-26T13:02:10.033+0000] {logging_mixin.py:188} INFO - [2026-02-26T13:02:10.032+0000] {dag.py:3947} INFO - Setting next_dagrun for load_cb_courses to 2026-02-26 00:00:00+00:00, run_after=2026-02-27 00:00:00+00:00
[2026-02-26T13:02:10.058+0000] {processor.py:183} INFO - Processing /opt/airflow/dags/load_cb_courses.py took 0.706 seconds
[2026-02-26T13:02:40.314+0000] {processor.py:161} INFO - Started process (PID=8180) to work on /opt/airflow/dags/load_cb_courses.py
[2026-02-26T13:02:40.316+0000] {processor.py:830} INFO - Processing file /opt/airflow/dags/load_cb_courses.py for tasks to queue
[2026-02-26T13:02:40.318+0000] {logging_mixin.py:188} INFO - [2026-02-26T13:02:40.317+0000] {dagbag.py:545} INFO - Filling up the DagBag from /opt/airflow/dags/load_cb_courses.py
[2026-02-26T13:02:40.956+0000] {processor.py:840} INFO - DAG(s) 'load_cb_courses' retrieved from /opt/airflow/dags/load_cb_courses.py
[2026-02-26T13:02:40.987+0000] {logging_mixin.py:188} INFO - [2026-02-26T13:02:40.987+0000] {dag.py:3089} INFO - Sync 1 DAGs
[2026-02-26T13:02:41.018+0000] {logging_mixin.py:188} INFO - [2026-02-26T13:02:41.017+0000] {dag.py:3947} INFO - Setting next_dagrun for load_cb_courses to 2026-02-26 00:00:00+00:00, run_after=2026-02-27 00:00:00+00:00
[2026-02-26T13:02:41.043+0000] {processor.py:183} INFO - Processing /opt/airflow/dags/load_cb_courses.py took 0.742 seconds
[2026-02-26T13:03:11.338+0000] {processor.py:161} INFO - Started process (PID=8206) to work on /opt/airflow/dags/load_cb_courses.py
[2026-02-26T13:03:11.340+0000] {processor.py:830} INFO - Processing file /opt/airflow/dags/load_cb_courses.py for tasks to queue
[2026-02-26T13:03:11.341+0000] {logging_mixin.py:188} INFO - [2026-02-26T13:03:11.341+0000] {dagbag.py:545} INFO - Filling up the DagBag from /opt/airflow/dags/load_cb_courses.py
[2026-02-26T13:03:11.873+0000] {processor.py:840} INFO - DAG(s) 'load_cb_courses' retrieved from /opt/airflow/dags/load_cb_courses.py
[2026-02-26T13:03:11.902+0000] {logging_mixin.py:188} INFO - [2026-02-26T13:03:11.901+0000] {dag.py:3089} INFO - Sync 1 DAGs
[2026-02-26T13:03:11.929+0000] {logging_mixin.py:188} INFO - [2026-02-26T13:03:11.928+0000] {dag.py:3947} INFO - Setting next_dagrun for load_cb_courses to 2026-02-26 00:00:00+00:00, run_after=2026-02-27 00:00:00+00:00
[2026-02-26T13:03:11.952+0000] {processor.py:183} INFO - Processing /opt/airflow/dags/load_cb_courses.py took 0.621 seconds
[2026-02-26T13:03:42.242+0000] {processor.py:161} INFO - Started process (PID=8232) to work on /opt/airflow/dags/load_cb_courses.py
[2026-02-26T13:03:42.244+0000] {processor.py:830} INFO - Processing file /opt/airflow/dags/load_cb_courses.py for tasks to queue
[2026-02-26T13:03:42.246+0000] {logging_mixin.py:188} INFO - [2026-02-26T13:03:42.245+0000] {dagbag.py:545} INFO - Filling up the DagBag from /opt/airflow/dags/load_cb_courses.py
[2026-02-26T13:03:42.831+0000] {processor.py:840} INFO - DAG(s) 'load_cb_courses' retrieved from /opt/airflow/dags/load_cb_courses.py
[2026-02-26T13:03:42.861+0000] {logging_mixin.py:188} INFO - [2026-02-26T13:03:42.860+0000] {dag.py:3089} INFO - Sync 1 DAGs
[2026-02-26T13:03:42.887+0000] {logging_mixin.py:188} INFO - [2026-02-26T13:03:42.886+0000] {dag.py:3947} INFO - Setting next_dagrun for load_cb_courses to 2026-02-26 00:00:00+00:00, run_after=2026-02-27 00:00:00+00:00
[2026-02-26T13:03:42.916+0000] {processor.py:183} INFO - Processing /opt/airflow/dags/load_cb_courses.py took 0.681 seconds
[2026-02-26T13:04:13.147+0000] {processor.py:161} INFO - Started process (PID=8258) to work on /opt/airflow/dags/load_cb_courses.py
[2026-02-26T13:04:13.149+0000] {processor.py:830} INFO - Processing file /opt/airflow/dags/load_cb_courses.py for tasks to queue
[2026-02-26T13:04:13.150+0000] {logging_mixin.py:188} INFO - [2026-02-26T13:04:13.150+0000] {dagbag.py:545} INFO - Filling up the DagBag from /opt/airflow/dags/load_cb_courses.py
[2026-02-26T13:04:13.723+0000] {processor.py:840} INFO - DAG(s) 'load_cb_courses' retrieved from /opt/airflow/dags/load_cb_courses.py
[2026-02-26T13:04:13.752+0000] {logging_mixin.py:188} INFO - [2026-02-26T13:04:13.751+0000] {dag.py:3089} INFO - Sync 1 DAGs
[2026-02-26T13:04:13.782+0000] {logging_mixin.py:188} INFO - [2026-02-26T13:04:13.781+0000] {dag.py:3947} INFO - Setting next_dagrun for load_cb_courses to 2026-02-26 00:00:00+00:00, run_after=2026-02-27 00:00:00+00:00
[2026-02-26T13:04:13.813+0000] {processor.py:183} INFO - Processing /opt/airflow/dags/load_cb_courses.py took 0.676 seconds
[2026-02-26T13:04:44.012+0000] {processor.py:161} INFO - Started process (PID=8291) to work on /opt/airflow/dags/load_cb_courses.py
[2026-02-26T13:04:44.013+0000] {processor.py:830} INFO - Processing file /opt/airflow/dags/load_cb_courses.py for tasks to queue
[2026-02-26T13:04:44.015+0000] {logging_mixin.py:188} INFO - [2026-02-26T13:04:44.014+0000] {dagbag.py:545} INFO - Filling up the DagBag from /opt/airflow/dags/load_cb_courses.py
[2026-02-26T13:04:44.588+0000] {processor.py:840} INFO - DAG(s) 'load_cb_courses' retrieved from /opt/airflow/dags/load_cb_courses.py
[2026-02-26T13:04:44.637+0000] {logging_mixin.py:188} INFO - [2026-02-26T13:04:44.636+0000] {dag.py:3089} INFO - Sync 1 DAGs
[2026-02-26T13:04:44.674+0000] {logging_mixin.py:188} INFO - [2026-02-26T13:04:44.674+0000] {dag.py:3947} INFO - Setting next_dagrun for load_cb_courses to 2026-02-26 00:00:00+00:00, run_after=2026-02-27 00:00:00+00:00
[2026-02-26T13:04:44.720+0000] {processor.py:183} INFO - Processing /opt/airflow/dags/load_cb_courses.py took 0.716 seconds
[2026-02-26T13:05:14.783+0000] {processor.py:161} INFO - Started process (PID=8316) to work on /opt/airflow/dags/load_cb_courses.py
[2026-02-26T13:05:14.784+0000] {processor.py:830} INFO - Processing file /opt/airflow/dags/load_cb_courses.py for tasks to queue
[2026-02-26T13:05:14.786+0000] {logging_mixin.py:188} INFO - [2026-02-26T13:05:14.785+0000] {dagbag.py:545} INFO - Filling up the DagBag from /opt/airflow/dags/load_cb_courses.py
[2026-02-26T13:05:15.232+0000] {processor.py:840} INFO - DAG(s) 'load_cb_courses' retrieved from /opt/airflow/dags/load_cb_courses.py
[2026-02-26T13:05:15.257+0000] {logging_mixin.py:188} INFO - [2026-02-26T13:05:15.256+0000] {dag.py:3089} INFO - Sync 1 DAGs
[2026-02-26T13:05:15.280+0000] {logging_mixin.py:188} INFO - [2026-02-26T13:05:15.279+0000] {dag.py:3947} INFO - Setting next_dagrun for load_cb_courses to 2026-02-26 00:00:00+00:00, run_after=2026-02-27 00:00:00+00:00
[2026-02-26T13:05:15.300+0000] {processor.py:183} INFO - Processing /opt/airflow/dags/load_cb_courses.py took 0.524 seconds
[2026-02-26T13:05:45.667+0000] {processor.py:161} INFO - Started process (PID=8342) to work on /opt/airflow/dags/load_cb_courses.py
[2026-02-26T13:05:45.668+0000] {processor.py:830} INFO - Processing file /opt/airflow/dags/load_cb_courses.py for tasks to queue
[2026-02-26T13:05:45.670+0000] {logging_mixin.py:188} INFO - [2026-02-26T13:05:45.669+0000] {dagbag.py:545} INFO - Filling up the DagBag from /opt/airflow/dags/load_cb_courses.py
[2026-02-26T13:05:46.129+0000] {processor.py:840} INFO - DAG(s) 'load_cb_courses' retrieved from /opt/airflow/dags/load_cb_courses.py
[2026-02-26T13:05:46.154+0000] {logging_mixin.py:188} INFO - [2026-02-26T13:05:46.153+0000] {dag.py:3089} INFO - Sync 1 DAGs
[2026-02-26T13:05:46.174+0000] {logging_mixin.py:188} INFO - [2026-02-26T13:05:46.174+0000] {dag.py:3947} INFO - Setting next_dagrun for load_cb_courses to 2026-02-26 00:00:00+00:00, run_after=2026-02-27 00:00:00+00:00
[2026-02-26T13:05:46.196+0000] {processor.py:183} INFO - Processing /opt/airflow/dags/load_cb_courses.py took 0.536 seconds
[2026-02-26T13:06:16.368+0000] {processor.py:161} INFO - Started process (PID=8376) to work on /opt/airflow/dags/load_cb_courses.py
[2026-02-26T13:06:16.370+0000] {processor.py:830} INFO - Processing file /opt/airflow/dags/load_cb_courses.py for tasks to queue
[2026-02-26T13:06:16.372+0000] {logging_mixin.py:188} INFO - [2026-02-26T13:06:16.372+0000] {dagbag.py:545} INFO - Filling up the DagBag from /opt/airflow/dags/load_cb_courses.py
[2026-02-26T13:06:16.827+0000] {processor.py:840} INFO - DAG(s) 'load_cb_courses' retrieved from /opt/airflow/dags/load_cb_courses.py
[2026-02-26T13:06:16.848+0000] {logging_mixin.py:188} INFO - [2026-02-26T13:06:16.848+0000] {dag.py:3089} INFO - Sync 1 DAGs
[2026-02-26T13:06:16.869+0000] {logging_mixin.py:188} INFO - [2026-02-26T13:06:16.869+0000] {dag.py:3947} INFO - Setting next_dagrun for load_cb_courses to 2026-02-26 00:00:00+00:00, run_after=2026-02-27 00:00:00+00:00
[2026-02-26T13:06:16.889+0000] {processor.py:183} INFO - Processing /opt/airflow/dags/load_cb_courses.py took 0.527 seconds
[2026-02-26T13:06:47.354+0000] {processor.py:161} INFO - Started process (PID=8403) to work on /opt/airflow/dags/load_cb_courses.py
[2026-02-26T13:06:47.355+0000] {processor.py:830} INFO - Processing file /opt/airflow/dags/load_cb_courses.py for tasks to queue
[2026-02-26T13:06:47.357+0000] {logging_mixin.py:188} INFO - [2026-02-26T13:06:47.356+0000] {dagbag.py:545} INFO - Filling up the DagBag from /opt/airflow/dags/load_cb_courses.py
[2026-02-26T13:06:48.046+0000] {processor.py:840} INFO - DAG(s) 'load_cb_courses' retrieved from /opt/airflow/dags/load_cb_courses.py
[2026-02-26T13:06:48.073+0000] {logging_mixin.py:188} INFO - [2026-02-26T13:06:48.072+0000] {dag.py:3089} INFO - Sync 1 DAGs
[2026-02-26T13:06:48.098+0000] {logging_mixin.py:188} INFO - [2026-02-26T13:06:48.097+0000] {dag.py:3947} INFO - Setting next_dagrun for load_cb_courses to 2026-02-26 00:00:00+00:00, run_after=2026-02-27 00:00:00+00:00
[2026-02-26T13:06:48.127+0000] {processor.py:183} INFO - Processing /opt/airflow/dags/load_cb_courses.py took 0.780 seconds
[2026-02-26T13:07:18.305+0000] {processor.py:161} INFO - Started process (PID=8436) to work on /opt/airflow/dags/load_cb_courses.py
[2026-02-26T13:07:18.307+0000] {processor.py:830} INFO - Processing file /opt/airflow/dags/load_cb_courses.py for tasks to queue
[2026-02-26T13:07:18.308+0000] {logging_mixin.py:188} INFO - [2026-02-26T13:07:18.308+0000] {dagbag.py:545} INFO - Filling up the DagBag from /opt/airflow/dags/load_cb_courses.py
[2026-02-26T13:07:18.658+0000] {processor.py:840} INFO - DAG(s) 'load_cb_courses' retrieved from /opt/airflow/dags/load_cb_courses.py
[2026-02-26T13:07:18.678+0000] {logging_mixin.py:188} INFO - [2026-02-26T13:07:18.678+0000] {dag.py:3089} INFO - Sync 1 DAGs
[2026-02-26T13:07:18.699+0000] {logging_mixin.py:188} INFO - [2026-02-26T13:07:18.699+0000] {dag.py:3947} INFO - Setting next_dagrun for load_cb_courses to 2026-02-26 00:00:00+00:00, run_after=2026-02-27 00:00:00+00:00
[2026-02-26T13:07:18.716+0000] {processor.py:183} INFO - Processing /opt/airflow/dags/load_cb_courses.py took 0.541 seconds
[2026-02-26T13:07:48.863+0000] {processor.py:161} INFO - Started process (PID=8462) to work on /opt/airflow/dags/load_cb_courses.py
[2026-02-26T13:07:48.864+0000] {processor.py:830} INFO - Processing file /opt/airflow/dags/load_cb_courses.py for tasks to queue
[2026-02-26T13:07:48.866+0000] {logging_mixin.py:188} INFO - [2026-02-26T13:07:48.865+0000] {dagbag.py:545} INFO - Filling up the DagBag from /opt/airflow/dags/load_cb_courses.py
[2026-02-26T13:07:49.307+0000] {processor.py:840} INFO - DAG(s) 'load_cb_courses' retrieved from /opt/airflow/dags/load_cb_courses.py
[2026-02-26T13:07:49.344+0000] {logging_mixin.py:188} INFO - [2026-02-26T13:07:49.343+0000] {dag.py:3089} INFO - Sync 1 DAGs
[2026-02-26T13:07:49.371+0000] {logging_mixin.py:188} INFO - [2026-02-26T13:07:49.371+0000] {dag.py:3947} INFO - Setting next_dagrun for load_cb_courses to 2026-02-26 00:00:00+00:00, run_after=2026-02-27 00:00:00+00:00
[2026-02-26T13:07:49.397+0000] {processor.py:183} INFO - Processing /opt/airflow/dags/load_cb_courses.py took 0.541 seconds
[2026-02-26T13:08:19.625+0000] {processor.py:161} INFO - Started process (PID=8495) to work on /opt/airflow/dags/load_cb_courses.py
[2026-02-26T13:08:19.627+0000] {processor.py:830} INFO - Processing file /opt/airflow/dags/load_cb_courses.py for tasks to queue
[2026-02-26T13:08:19.629+0000] {logging_mixin.py:188} INFO - [2026-02-26T13:08:19.628+0000] {dagbag.py:545} INFO - Filling up the DagBag from /opt/airflow/dags/load_cb_courses.py
[2026-02-26T13:08:20.074+0000] {processor.py:840} INFO - DAG(s) 'load_cb_courses' retrieved from /opt/airflow/dags/load_cb_courses.py
[2026-02-26T13:08:20.102+0000] {logging_mixin.py:188} INFO - [2026-02-26T13:08:20.101+0000] {dag.py:3089} INFO - Sync 1 DAGs
[2026-02-26T13:08:20.124+0000] {logging_mixin.py:188} INFO - [2026-02-26T13:08:20.123+0000] {dag.py:3947} INFO - Setting next_dagrun for load_cb_courses to 2026-02-26 00:00:00+00:00, run_after=2026-02-27 00:00:00+00:00
[2026-02-26T13:08:20.147+0000] {processor.py:183} INFO - Processing /opt/airflow/dags/load_cb_courses.py took 0.528 seconds
[2026-02-26T13:08:50.304+0000] {processor.py:161} INFO - Started process (PID=8520) to work on /opt/airflow/dags/load_cb_courses.py
[2026-02-26T13:08:50.305+0000] {processor.py:830} INFO - Processing file /opt/airflow/dags/load_cb_courses.py for tasks to queue
[2026-02-26T13:08:50.308+0000] {logging_mixin.py:188} INFO - [2026-02-26T13:08:50.307+0000] {dagbag.py:545} INFO - Filling up the DagBag from /opt/airflow/dags/load_cb_courses.py
[2026-02-26T13:08:50.721+0000] {processor.py:840} INFO - DAG(s) 'load_cb_courses' retrieved from /opt/airflow/dags/load_cb_courses.py
[2026-02-26T13:08:50.740+0000] {logging_mixin.py:188} INFO - [2026-02-26T13:08:50.739+0000] {dag.py:3089} INFO - Sync 1 DAGs
[2026-02-26T13:08:50.758+0000] {logging_mixin.py:188} INFO - [2026-02-26T13:08:50.758+0000] {dag.py:3947} INFO - Setting next_dagrun for load_cb_courses to 2026-02-26 00:00:00+00:00, run_after=2026-02-27 00:00:00+00:00
[2026-02-26T13:08:50.776+0000] {processor.py:183} INFO - Processing /opt/airflow/dags/load_cb_courses.py took 0.477 seconds
[2026-02-26T13:09:20.999+0000] {processor.py:161} INFO - Started process (PID=8544) to work on /opt/airflow/dags/load_cb_courses.py
[2026-02-26T13:09:21.000+0000] {processor.py:830} INFO - Processing file /opt/airflow/dags/load_cb_courses.py for tasks to queue
[2026-02-26T13:09:21.002+0000] {logging_mixin.py:188} INFO - [2026-02-26T13:09:21.001+0000] {dagbag.py:545} INFO - Filling up the DagBag from /opt/airflow/dags/load_cb_courses.py
[2026-02-26T13:09:21.410+0000] {processor.py:840} INFO - DAG(s) 'load_cb_courses' retrieved from /opt/airflow/dags/load_cb_courses.py
[2026-02-26T13:09:21.430+0000] {logging_mixin.py:188} INFO - [2026-02-26T13:09:21.429+0000] {dag.py:3089} INFO - Sync 1 DAGs
[2026-02-26T13:09:21.449+0000] {logging_mixin.py:188} INFO - [2026-02-26T13:09:21.449+0000] {dag.py:3947} INFO - Setting next_dagrun for load_cb_courses to 2026-02-26 00:00:00+00:00, run_after=2026-02-27 00:00:00+00:00
[2026-02-26T13:09:21.468+0000] {processor.py:183} INFO - Processing /opt/airflow/dags/load_cb_courses.py took 0.475 seconds
[2026-02-26T13:09:51.515+0000] {processor.py:161} INFO - Started process (PID=8576) to work on /opt/airflow/dags/load_cb_courses.py
[2026-02-26T13:09:51.516+0000] {processor.py:830} INFO - Processing file /opt/airflow/dags/load_cb_courses.py for tasks to queue
[2026-02-26T13:09:51.517+0000] {logging_mixin.py:188} INFO - [2026-02-26T13:09:51.517+0000] {dagbag.py:545} INFO - Filling up the DagBag from /opt/airflow/dags/load_cb_courses.py
[2026-02-26T13:09:51.927+0000] {processor.py:840} INFO - DAG(s) 'load_cb_courses' retrieved from /opt/airflow/dags/load_cb_courses.py
[2026-02-26T13:09:51.946+0000] {logging_mixin.py:188} INFO - [2026-02-26T13:09:51.945+0000] {dag.py:3089} INFO - Sync 1 DAGs
[2026-02-26T13:09:51.964+0000] {logging_mixin.py:188} INFO - [2026-02-26T13:09:51.964+0000] {dag.py:3947} INFO - Setting next_dagrun for load_cb_courses to 2026-02-26 00:00:00+00:00, run_after=2026-02-27 00:00:00+00:00
[2026-02-26T13:09:51.983+0000] {processor.py:183} INFO - Processing /opt/airflow/dags/load_cb_courses.py took 0.474 seconds
[2026-02-26T13:10:22.104+0000] {processor.py:161} INFO - Started process (PID=8602) to work on /opt/airflow/dags/load_cb_courses.py
[2026-02-26T13:10:22.106+0000] {processor.py:830} INFO - Processing file /opt/airflow/dags/load_cb_courses.py for tasks to queue
[2026-02-26T13:10:22.107+0000] {logging_mixin.py:188} INFO - [2026-02-26T13:10:22.107+0000] {dagbag.py:545} INFO - Filling up the DagBag from /opt/airflow/dags/load_cb_courses.py
[2026-02-26T13:10:22.564+0000] {processor.py:840} INFO - DAG(s) 'load_cb_courses' retrieved from /opt/airflow/dags/load_cb_courses.py
[2026-02-26T13:10:22.590+0000] {logging_mixin.py:188} INFO - [2026-02-26T13:10:22.589+0000] {dag.py:3089} INFO - Sync 1 DAGs
[2026-02-26T13:10:22.611+0000] {logging_mixin.py:188} INFO - [2026-02-26T13:10:22.610+0000] {dag.py:3947} INFO - Setting next_dagrun for load_cb_courses to 2026-02-26 00:00:00+00:00, run_after=2026-02-27 00:00:00+00:00
[2026-02-26T13:10:22.628+0000] {processor.py:183} INFO - Processing /opt/airflow/dags/load_cb_courses.py took 0.530 seconds
[2026-02-26T13:10:53.261+0000] {processor.py:161} INFO - Started process (PID=8635) to work on /opt/airflow/dags/load_cb_courses.py
[2026-02-26T13:10:53.263+0000] {processor.py:830} INFO - Processing file /opt/airflow/dags/load_cb_courses.py for tasks to queue
[2026-02-26T13:10:53.264+0000] {logging_mixin.py:188} INFO - [2026-02-26T13:10:53.264+0000] {dagbag.py:545} INFO - Filling up the DagBag from /opt/airflow/dags/load_cb_courses.py
[2026-02-26T13:10:53.731+0000] {processor.py:840} INFO - DAG(s) 'load_cb_courses' retrieved from /opt/airflow/dags/load_cb_courses.py
[2026-02-26T13:10:53.755+0000] {logging_mixin.py:188} INFO - [2026-02-26T13:10:53.755+0000] {dag.py:3089} INFO - Sync 1 DAGs
[2026-02-26T13:10:53.777+0000] {logging_mixin.py:188} INFO - [2026-02-26T13:10:53.776+0000] {dag.py:3947} INFO - Setting next_dagrun for load_cb_courses to 2026-02-26 00:00:00+00:00, run_after=2026-02-27 00:00:00+00:00
[2026-02-26T13:10:53.805+0000] {processor.py:183} INFO - Processing /opt/airflow/dags/load_cb_courses.py took 0.549 seconds
[2026-02-26T13:11:24.319+0000] {processor.py:161} INFO - Started process (PID=8660) to work on /opt/airflow/dags/load_cb_courses.py
[2026-02-26T13:11:24.321+0000] {processor.py:830} INFO - Processing file /opt/airflow/dags/load_cb_courses.py for tasks to queue
[2026-02-26T13:11:24.323+0000] {logging_mixin.py:188} INFO - [2026-02-26T13:11:24.322+0000] {dagbag.py:545} INFO - Filling up the DagBag from /opt/airflow/dags/load_cb_courses.py
[2026-02-26T13:11:24.816+0000] {processor.py:840} INFO - DAG(s) 'load_cb_courses' retrieved from /opt/airflow/dags/load_cb_courses.py
[2026-02-26T13:11:24.867+0000] {logging_mixin.py:188} INFO - [2026-02-26T13:11:24.863+0000] {dag.py:3089} INFO - Sync 1 DAGs
[2026-02-26T13:11:24.908+0000] {logging_mixin.py:188} INFO - [2026-02-26T13:11:24.907+0000] {dag.py:3947} INFO - Setting next_dagrun for load_cb_courses to 2026-02-26 00:00:00+00:00, run_after=2026-02-27 00:00:00+00:00
[2026-02-26T13:11:25.003+0000] {processor.py:183} INFO - Processing /opt/airflow/dags/load_cb_courses.py took 0.691 seconds
[2026-02-26T13:11:55.258+0000] {processor.py:161} INFO - Started process (PID=8692) to work on /opt/airflow/dags/load_cb_courses.py
[2026-02-26T13:11:55.260+0000] {processor.py:830} INFO - Processing file /opt/airflow/dags/load_cb_courses.py for tasks to queue
[2026-02-26T13:11:55.261+0000] {logging_mixin.py:188} INFO - [2026-02-26T13:11:55.260+0000] {dagbag.py:545} INFO - Filling up the DagBag from /opt/airflow/dags/load_cb_courses.py
[2026-02-26T13:11:55.742+0000] {processor.py:840} INFO - DAG(s) 'load_cb_courses' retrieved from /opt/airflow/dags/load_cb_courses.py
[2026-02-26T13:11:55.767+0000] {logging_mixin.py:188} INFO - [2026-02-26T13:11:55.766+0000] {dag.py:3089} INFO - Sync 1 DAGs
[2026-02-26T13:11:55.789+0000] {logging_mixin.py:188} INFO - [2026-02-26T13:11:55.789+0000] {dag.py:3947} INFO - Setting next_dagrun for load_cb_courses to 2026-02-26 00:00:00+00:00, run_after=2026-02-27 00:00:00+00:00
[2026-02-26T13:11:55.809+0000] {processor.py:183} INFO - Processing /opt/airflow/dags/load_cb_courses.py took 0.557 seconds
[2026-02-26T13:12:25.974+0000] {processor.py:161} INFO - Started process (PID=8717) to work on /opt/airflow/dags/load_cb_courses.py
[2026-02-26T13:12:25.975+0000] {processor.py:830} INFO - Processing file /opt/airflow/dags/load_cb_courses.py for tasks to queue
[2026-02-26T13:12:25.977+0000] {logging_mixin.py:188} INFO - [2026-02-26T13:12:25.976+0000] {dagbag.py:545} INFO - Filling up the DagBag from /opt/airflow/dags/load_cb_courses.py
[2026-02-26T13:12:26.426+0000] {processor.py:840} INFO - DAG(s) 'load_cb_courses' retrieved from /opt/airflow/dags/load_cb_courses.py
[2026-02-26T13:12:26.452+0000] {logging_mixin.py:188} INFO - [2026-02-26T13:12:26.451+0000] {dag.py:3089} INFO - Sync 1 DAGs
[2026-02-26T13:12:26.474+0000] {logging_mixin.py:188} INFO - [2026-02-26T13:12:26.473+0000] {dag.py:3947} INFO - Setting next_dagrun for load_cb_courses to 2026-02-26 00:00:00+00:00, run_after=2026-02-27 00:00:00+00:00
[2026-02-26T13:12:26.499+0000] {processor.py:183} INFO - Processing /opt/airflow/dags/load_cb_courses.py took 0.531 seconds
[2026-02-26T13:12:56.619+0000] {processor.py:161} INFO - Started process (PID=8743) to work on /opt/airflow/dags/load_cb_courses.py
[2026-02-26T13:12:56.620+0000] {processor.py:830} INFO - Processing file /opt/airflow/dags/load_cb_courses.py for tasks to queue
[2026-02-26T13:12:56.622+0000] {logging_mixin.py:188} INFO - [2026-02-26T13:12:56.622+0000] {dagbag.py:545} INFO - Filling up the DagBag from /opt/airflow/dags/load_cb_courses.py
[2026-02-26T13:12:57.090+0000] {processor.py:840} INFO - DAG(s) 'load_cb_courses' retrieved from /opt/airflow/dags/load_cb_courses.py
[2026-02-26T13:12:57.117+0000] {logging_mixin.py:188} INFO - [2026-02-26T13:12:57.116+0000] {dag.py:3089} INFO - Sync 1 DAGs
[2026-02-26T13:12:57.140+0000] {logging_mixin.py:188} INFO - [2026-02-26T13:12:57.140+0000] {dag.py:3947} INFO - Setting next_dagrun for load_cb_courses to 2026-02-26 00:00:00+00:00, run_after=2026-02-27 00:00:00+00:00
[2026-02-26T13:12:57.170+0000] {processor.py:183} INFO - Processing /opt/airflow/dags/load_cb_courses.py took 0.558 seconds
[2026-02-26T13:13:27.390+0000] {processor.py:161} INFO - Started process (PID=8776) to work on /opt/airflow/dags/load_cb_courses.py
[2026-02-26T13:13:27.392+0000] {processor.py:830} INFO - Processing file /opt/airflow/dags/load_cb_courses.py for tasks to queue
[2026-02-26T13:13:27.393+0000] {logging_mixin.py:188} INFO - [2026-02-26T13:13:27.393+0000] {dagbag.py:545} INFO - Filling up the DagBag from /opt/airflow/dags/load_cb_courses.py
[2026-02-26T13:13:27.867+0000] {processor.py:840} INFO - DAG(s) 'load_cb_courses' retrieved from /opt/airflow/dags/load_cb_courses.py
[2026-02-26T13:13:27.891+0000] {logging_mixin.py:188} INFO - [2026-02-26T13:13:27.890+0000] {dag.py:3089} INFO - Sync 1 DAGs
[2026-02-26T13:13:27.911+0000] {logging_mixin.py:188} INFO - [2026-02-26T13:13:27.911+0000] {dag.py:3947} INFO - Setting next_dagrun for load_cb_courses to 2026-02-26 00:00:00+00:00, run_after=2026-02-27 00:00:00+00:00
[2026-02-26T13:13:27.930+0000] {processor.py:183} INFO - Processing /opt/airflow/dags/load_cb_courses.py took 0.546 seconds
[2026-02-26T13:13:58.060+0000] {processor.py:161} INFO - Started process (PID=8802) to work on /opt/airflow/dags/load_cb_courses.py
[2026-02-26T13:13:58.061+0000] {processor.py:830} INFO - Processing file /opt/airflow/dags/load_cb_courses.py for tasks to queue
[2026-02-26T13:13:58.062+0000] {logging_mixin.py:188} INFO - [2026-02-26T13:13:58.062+0000] {dagbag.py:545} INFO - Filling up the DagBag from /opt/airflow/dags/load_cb_courses.py
[2026-02-26T13:13:58.470+0000] {processor.py:840} INFO - DAG(s) 'load_cb_courses' retrieved from /opt/airflow/dags/load_cb_courses.py
[2026-02-26T13:13:58.489+0000] {logging_mixin.py:188} INFO - [2026-02-26T13:13:58.489+0000] {dag.py:3089} INFO - Sync 1 DAGs
[2026-02-26T13:13:58.507+0000] {logging_mixin.py:188} INFO - [2026-02-26T13:13:58.507+0000] {dag.py:3947} INFO - Setting next_dagrun for load_cb_courses to 2026-02-26 00:00:00+00:00, run_after=2026-02-27 00:00:00+00:00
[2026-02-26T13:13:58.524+0000] {processor.py:183} INFO - Processing /opt/airflow/dags/load_cb_courses.py took 0.470 seconds
[2026-02-26T13:14:28.811+0000] {processor.py:161} INFO - Started process (PID=8835) to work on /opt/airflow/dags/load_cb_courses.py
[2026-02-26T13:14:28.812+0000] {processor.py:830} INFO - Processing file /opt/airflow/dags/load_cb_courses.py for tasks to queue
[2026-02-26T13:14:28.814+0000] {logging_mixin.py:188} INFO - [2026-02-26T13:14:28.813+0000] {dagbag.py:545} INFO - Filling up the DagBag from /opt/airflow/dags/load_cb_courses.py
[2026-02-26T13:14:29.257+0000] {processor.py:840} INFO - DAG(s) 'load_cb_courses' retrieved from /opt/airflow/dags/load_cb_courses.py
[2026-02-26T13:14:29.286+0000] {logging_mixin.py:188} INFO - [2026-02-26T13:14:29.285+0000] {dag.py:3089} INFO - Sync 1 DAGs
[2026-02-26T13:14:29.310+0000] {logging_mixin.py:188} INFO - [2026-02-26T13:14:29.309+0000] {dag.py:3947} INFO - Setting next_dagrun for load_cb_courses to 2026-02-26 00:00:00+00:00, run_after=2026-02-27 00:00:00+00:00
[2026-02-26T13:14:29.337+0000] {processor.py:183} INFO - Processing /opt/airflow/dags/load_cb_courses.py took 0.533 seconds
[2026-02-26T13:14:59.608+0000] {processor.py:161} INFO - Started process (PID=8861) to work on /opt/airflow/dags/load_cb_courses.py
[2026-02-26T13:14:59.610+0000] {processor.py:830} INFO - Processing file /opt/airflow/dags/load_cb_courses.py for tasks to queue
[2026-02-26T13:14:59.612+0000] {logging_mixin.py:188} INFO - [2026-02-26T13:14:59.612+0000] {dagbag.py:545} INFO - Filling up the DagBag from /opt/airflow/dags/load_cb_courses.py
[2026-02-26T13:15:00.059+0000] {processor.py:840} INFO - DAG(s) 'load_cb_courses' retrieved from /opt/airflow/dags/load_cb_courses.py
[2026-02-26T13:15:00.081+0000] {logging_mixin.py:188} INFO - [2026-02-26T13:15:00.080+0000] {dag.py:3089} INFO - Sync 1 DAGs
[2026-02-26T13:15:00.099+0000] {logging_mixin.py:188} INFO - [2026-02-26T13:15:00.099+0000] {dag.py:3947} INFO - Setting next_dagrun for load_cb_courses to 2026-02-26 00:00:00+00:00, run_after=2026-02-27 00:00:00+00:00
[2026-02-26T13:15:00.124+0000] {processor.py:183} INFO - Processing /opt/airflow/dags/load_cb_courses.py took 0.521 seconds
[2026-02-26T13:15:30.779+0000] {processor.py:161} INFO - Started process (PID=8886) to work on /opt/airflow/dags/load_cb_courses.py
[2026-02-26T13:15:30.781+0000] {processor.py:830} INFO - Processing file /opt/airflow/dags/load_cb_courses.py for tasks to queue
[2026-02-26T13:15:30.783+0000] {logging_mixin.py:188} INFO - [2026-02-26T13:15:30.782+0000] {dagbag.py:545} INFO - Filling up the DagBag from /opt/airflow/dags/load_cb_courses.py
[2026-02-26T13:15:31.259+0000] {processor.py:840} INFO - DAG(s) 'load_cb_courses' retrieved from /opt/airflow/dags/load_cb_courses.py
[2026-02-26T13:15:31.284+0000] {logging_mixin.py:188} INFO - [2026-02-26T13:15:31.283+0000] {dag.py:3089} INFO - Sync 1 DAGs
[2026-02-26T13:15:31.307+0000] {logging_mixin.py:188} INFO - [2026-02-26T13:15:31.307+0000] {dag.py:3947} INFO - Setting next_dagrun for load_cb_courses to 2026-02-26 00:00:00+00:00, run_after=2026-02-27 00:00:00+00:00
[2026-02-26T13:15:31.337+0000] {processor.py:183} INFO - Processing /opt/airflow/dags/load_cb_courses.py took 0.564 seconds
[2026-02-26T13:16:01.529+0000] {processor.py:161} INFO - Started process (PID=8919) to work on /opt/airflow/dags/load_cb_courses.py
[2026-02-26T13:16:01.531+0000] {processor.py:830} INFO - Processing file /opt/airflow/dags/load_cb_courses.py for tasks to queue
[2026-02-26T13:16:01.533+0000] {logging_mixin.py:188} INFO - [2026-02-26T13:16:01.532+0000] {dagbag.py:545} INFO - Filling up the DagBag from /opt/airflow/dags/load_cb_courses.py
[2026-02-26T13:16:02.019+0000] {processor.py:840} INFO - DAG(s) 'load_cb_courses' retrieved from /opt/airflow/dags/load_cb_courses.py
[2026-02-26T13:16:02.046+0000] {logging_mixin.py:188} INFO - [2026-02-26T13:16:02.045+0000] {dag.py:3089} INFO - Sync 1 DAGs
[2026-02-26T13:16:02.069+0000] {logging_mixin.py:188} INFO - [2026-02-26T13:16:02.068+0000] {dag.py:3947} INFO - Setting next_dagrun for load_cb_courses to 2026-02-26 00:00:00+00:00, run_after=2026-02-27 00:00:00+00:00
[2026-02-26T13:16:02.089+0000] {processor.py:183} INFO - Processing /opt/airflow/dags/load_cb_courses.py took 0.566 seconds
[2026-02-26T13:16:32.272+0000] {processor.py:161} INFO - Started process (PID=8946) to work on /opt/airflow/dags/load_cb_courses.py
[2026-02-26T13:16:32.274+0000] {processor.py:830} INFO - Processing file /opt/airflow/dags/load_cb_courses.py for tasks to queue
[2026-02-26T13:16:32.276+0000] {logging_mixin.py:188} INFO - [2026-02-26T13:16:32.275+0000] {dagbag.py:545} INFO - Filling up the DagBag from /opt/airflow/dags/load_cb_courses.py
[2026-02-26T13:16:32.712+0000] {processor.py:840} INFO - DAG(s) 'load_cb_courses' retrieved from /opt/airflow/dags/load_cb_courses.py
[2026-02-26T13:16:32.735+0000] {logging_mixin.py:188} INFO - [2026-02-26T13:16:32.734+0000] {dag.py:3089} INFO - Sync 1 DAGs
[2026-02-26T13:16:32.754+0000] {logging_mixin.py:188} INFO - [2026-02-26T13:16:32.754+0000] {dag.py:3947} INFO - Setting next_dagrun for load_cb_courses to 2026-02-26 00:00:00+00:00, run_after=2026-02-27 00:00:00+00:00
[2026-02-26T13:16:32.773+0000] {processor.py:183} INFO - Processing /opt/airflow/dags/load_cb_courses.py took 0.509 seconds
[2026-02-26T13:17:02.981+0000] {processor.py:161} INFO - Started process (PID=8978) to work on /opt/airflow/dags/load_cb_courses.py
[2026-02-26T13:17:02.983+0000] {processor.py:830} INFO - Processing file /opt/airflow/dags/load_cb_courses.py for tasks to queue
[2026-02-26T13:17:02.984+0000] {logging_mixin.py:188} INFO - [2026-02-26T13:17:02.984+0000] {dagbag.py:545} INFO - Filling up the DagBag from /opt/airflow/dags/load_cb_courses.py
[2026-02-26T13:17:03.476+0000] {processor.py:840} INFO - DAG(s) 'load_cb_courses' retrieved from /opt/airflow/dags/load_cb_courses.py
[2026-02-26T13:17:03.514+0000] {logging_mixin.py:188} INFO - [2026-02-26T13:17:03.513+0000] {dag.py:3089} INFO - Sync 1 DAGs
[2026-02-26T13:17:03.543+0000] {logging_mixin.py:188} INFO - [2026-02-26T13:17:03.542+0000] {dag.py:3947} INFO - Setting next_dagrun for load_cb_courses to 2026-02-26 00:00:00+00:00, run_after=2026-02-27 00:00:00+00:00
[2026-02-26T13:17:03.595+0000] {processor.py:183} INFO - Processing /opt/airflow/dags/load_cb_courses.py took 0.621 seconds
[2026-02-26T13:17:34.216+0000] {processor.py:161} INFO - Started process (PID=9004) to work on /opt/airflow/dags/load_cb_courses.py
[2026-02-26T13:17:34.218+0000] {processor.py:830} INFO - Processing file /opt/airflow/dags/load_cb_courses.py for tasks to queue
[2026-02-26T13:17:34.219+0000] {logging_mixin.py:188} INFO - [2026-02-26T13:17:34.219+0000] {dagbag.py:545} INFO - Filling up the DagBag from /opt/airflow/dags/load_cb_courses.py
[2026-02-26T13:17:34.709+0000] {processor.py:840} INFO - DAG(s) 'load_cb_courses' retrieved from /opt/airflow/dags/load_cb_courses.py
[2026-02-26T13:17:34.735+0000] {logging_mixin.py:188} INFO - [2026-02-26T13:17:34.734+0000] {dag.py:3089} INFO - Sync 1 DAGs
[2026-02-26T13:17:34.760+0000] {logging_mixin.py:188} INFO - [2026-02-26T13:17:34.760+0000] {dag.py:3947} INFO - Setting next_dagrun for load_cb_courses to 2026-02-26 00:00:00+00:00, run_after=2026-02-27 00:00:00+00:00
[2026-02-26T13:17:34.785+0000] {processor.py:183} INFO - Processing /opt/airflow/dags/load_cb_courses.py took 0.575 seconds
[2026-02-26T13:18:05.044+0000] {processor.py:161} INFO - Started process (PID=9037) to work on /opt/airflow/dags/load_cb_courses.py
[2026-02-26T13:18:05.046+0000] {processor.py:830} INFO - Processing file /opt/airflow/dags/load_cb_courses.py for tasks to queue
[2026-02-26T13:18:05.048+0000] {logging_mixin.py:188} INFO - [2026-02-26T13:18:05.047+0000] {dagbag.py:545} INFO - Filling up the DagBag from /opt/airflow/dags/load_cb_courses.py
[2026-02-26T13:18:05.640+0000] {processor.py:840} INFO - DAG(s) 'load_cb_courses' retrieved from /opt/airflow/dags/load_cb_courses.py
[2026-02-26T13:18:05.665+0000] {logging_mixin.py:188} INFO - [2026-02-26T13:18:05.664+0000] {dag.py:3089} INFO - Sync 1 DAGs
[2026-02-26T13:18:05.689+0000] {logging_mixin.py:188} INFO - [2026-02-26T13:18:05.689+0000] {dag.py:3947} INFO - Setting next_dagrun for load_cb_courses to 2026-02-26 00:00:00+00:00, run_after=2026-02-27 00:00:00+00:00
[2026-02-26T13:18:05.712+0000] {processor.py:183} INFO - Processing /opt/airflow/dags/load_cb_courses.py took 0.675 seconds
[2026-02-26T13:18:35.937+0000] {processor.py:161} INFO - Started process (PID=9063) to work on /opt/airflow/dags/load_cb_courses.py
[2026-02-26T13:18:35.938+0000] {processor.py:830} INFO - Processing file /opt/airflow/dags/load_cb_courses.py for tasks to queue
[2026-02-26T13:18:35.939+0000] {logging_mixin.py:188} INFO - [2026-02-26T13:18:35.939+0000] {dagbag.py:545} INFO - Filling up the DagBag from /opt/airflow/dags/load_cb_courses.py
[2026-02-26T13:18:36.379+0000] {processor.py:840} INFO - DAG(s) 'load_cb_courses' retrieved from /opt/airflow/dags/load_cb_courses.py
[2026-02-26T13:18:36.407+0000] {logging_mixin.py:188} INFO - [2026-02-26T13:18:36.406+0000] {dag.py:3089} INFO - Sync 1 DAGs
[2026-02-26T13:18:36.427+0000] {logging_mixin.py:188} INFO - [2026-02-26T13:18:36.427+0000] {dag.py:3947} INFO - Setting next_dagrun for load_cb_courses to 2026-02-26 00:00:00+00:00, run_after=2026-02-27 00:00:00+00:00
[2026-02-26T13:18:36.451+0000] {processor.py:183} INFO - Processing /opt/airflow/dags/load_cb_courses.py took 0.520 seconds
[2026-02-26T13:19:06.647+0000] {processor.py:161} INFO - Started process (PID=9090) to work on /opt/airflow/dags/load_cb_courses.py
[2026-02-26T13:19:06.648+0000] {processor.py:830} INFO - Processing file /opt/airflow/dags/load_cb_courses.py for tasks to queue
[2026-02-26T13:19:06.649+0000] {logging_mixin.py:188} INFO - [2026-02-26T13:19:06.649+0000] {dagbag.py:545} INFO - Filling up the DagBag from /opt/airflow/dags/load_cb_courses.py
[2026-02-26T13:19:07.106+0000] {processor.py:840} INFO - DAG(s) 'load_cb_courses' retrieved from /opt/airflow/dags/load_cb_courses.py
[2026-02-26T13:19:07.128+0000] {logging_mixin.py:188} INFO - [2026-02-26T13:19:07.128+0000] {dag.py:3089} INFO - Sync 1 DAGs
[2026-02-26T13:19:07.147+0000] {logging_mixin.py:188} INFO - [2026-02-26T13:19:07.147+0000] {dag.py:3947} INFO - Setting next_dagrun for load_cb_courses to 2026-02-26 00:00:00+00:00, run_after=2026-02-27 00:00:00+00:00
[2026-02-26T13:19:07.168+0000] {processor.py:183} INFO - Processing /opt/airflow/dags/load_cb_courses.py took 0.527 seconds
[2026-02-26T13:19:37.374+0000] {processor.py:161} INFO - Started process (PID=9122) to work on /opt/airflow/dags/load_cb_courses.py
[2026-02-26T13:19:37.376+0000] {processor.py:830} INFO - Processing file /opt/airflow/dags/load_cb_courses.py for tasks to queue
[2026-02-26T13:19:37.378+0000] {logging_mixin.py:188} INFO - [2026-02-26T13:19:37.377+0000] {dagbag.py:545} INFO - Filling up the DagBag from /opt/airflow/dags/load_cb_courses.py
[2026-02-26T13:19:37.751+0000] {processor.py:840} INFO - DAG(s) 'load_cb_courses' retrieved from /opt/airflow/dags/load_cb_courses.py
[2026-02-26T13:19:37.779+0000] {logging_mixin.py:188} INFO - [2026-02-26T13:19:37.779+0000] {dag.py:3089} INFO - Sync 1 DAGs
[2026-02-26T13:19:37.806+0000] {logging_mixin.py:188} INFO - [2026-02-26T13:19:37.806+0000] {dag.py:3947} INFO - Setting next_dagrun for load_cb_courses to 2026-02-26 00:00:00+00:00, run_after=2026-02-27 00:00:00+00:00
[2026-02-26T13:19:37.838+0000] {processor.py:183} INFO - Processing /opt/airflow/dags/load_cb_courses.py took 0.471 seconds
[2026-02-26T13:20:08.486+0000] {processor.py:161} INFO - Started process (PID=9148) to work on /opt/airflow/dags/load_cb_courses.py
[2026-02-26T13:20:08.488+0000] {processor.py:830} INFO - Processing file /opt/airflow/dags/load_cb_courses.py for tasks to queue
[2026-02-26T13:20:08.489+0000] {logging_mixin.py:188} INFO - [2026-02-26T13:20:08.489+0000] {dagbag.py:545} INFO - Filling up the DagBag from /opt/airflow/dags/load_cb_courses.py
[2026-02-26T13:20:08.808+0000] {processor.py:840} INFO - DAG(s) 'load_cb_courses' retrieved from /opt/airflow/dags/load_cb_courses.py
[2026-02-26T13:20:08.832+0000] {logging_mixin.py:188} INFO - [2026-02-26T13:20:08.832+0000] {dag.py:3089} INFO - Sync 1 DAGs
[2026-02-26T13:20:08.855+0000] {logging_mixin.py:188} INFO - [2026-02-26T13:20:08.855+0000] {dag.py:3947} INFO - Setting next_dagrun for load_cb_courses to 2026-02-26 00:00:00+00:00, run_after=2026-02-27 00:00:00+00:00
[2026-02-26T13:20:08.882+0000] {processor.py:183} INFO - Processing /opt/airflow/dags/load_cb_courses.py took 0.402 seconds
[2026-02-26T13:20:39.087+0000] {processor.py:161} INFO - Started process (PID=9174) to work on /opt/airflow/dags/load_cb_courses.py
[2026-02-26T13:20:39.088+0000] {processor.py:830} INFO - Processing file /opt/airflow/dags/load_cb_courses.py for tasks to queue
[2026-02-26T13:20:39.090+0000] {logging_mixin.py:188} INFO - [2026-02-26T13:20:39.090+0000] {dagbag.py:545} INFO - Filling up the DagBag from /opt/airflow/dags/load_cb_courses.py
[2026-02-26T13:20:39.425+0000] {processor.py:840} INFO - DAG(s) 'load_cb_courses' retrieved from /opt/airflow/dags/load_cb_courses.py
[2026-02-26T13:20:39.452+0000] {logging_mixin.py:188} INFO - [2026-02-26T13:20:39.452+0000] {dag.py:3089} INFO - Sync 1 DAGs
[2026-02-26T13:20:39.475+0000] {logging_mixin.py:188} INFO - [2026-02-26T13:20:39.475+0000] {dag.py:3947} INFO - Setting next_dagrun for load_cb_courses to 2026-02-26 00:00:00+00:00, run_after=2026-02-27 00:00:00+00:00
[2026-02-26T13:20:39.499+0000] {processor.py:183} INFO - Processing /opt/airflow/dags/load_cb_courses.py took 0.419 seconds
[2026-02-26T13:21:09.824+0000] {processor.py:161} INFO - Started process (PID=9207) to work on /opt/airflow/dags/load_cb_courses.py
[2026-02-26T13:21:09.825+0000] {processor.py:830} INFO - Processing file /opt/airflow/dags/load_cb_courses.py for tasks to queue
[2026-02-26T13:21:09.827+0000] {logging_mixin.py:188} INFO - [2026-02-26T13:21:09.827+0000] {dagbag.py:545} INFO - Filling up the DagBag from /opt/airflow/dags/load_cb_courses.py
[2026-02-26T13:21:10.158+0000] {processor.py:840} INFO - DAG(s) 'load_cb_courses' retrieved from /opt/airflow/dags/load_cb_courses.py
[2026-02-26T13:21:10.184+0000] {logging_mixin.py:188} INFO - [2026-02-26T13:21:10.184+0000] {dag.py:3089} INFO - Sync 1 DAGs
[2026-02-26T13:21:10.205+0000] {logging_mixin.py:188} INFO - [2026-02-26T13:21:10.205+0000] {dag.py:3947} INFO - Setting next_dagrun for load_cb_courses to 2026-02-26 00:00:00+00:00, run_after=2026-02-27 00:00:00+00:00
[2026-02-26T13:21:10.229+0000] {processor.py:183} INFO - Processing /opt/airflow/dags/load_cb_courses.py took 0.412 seconds
[2026-02-26T13:21:40.373+0000] {processor.py:161} INFO - Started process (PID=9233) to work on /opt/airflow/dags/load_cb_courses.py
[2026-02-26T13:21:40.374+0000] {processor.py:830} INFO - Processing file /opt/airflow/dags/load_cb_courses.py for tasks to queue
[2026-02-26T13:21:40.376+0000] {logging_mixin.py:188} INFO - [2026-02-26T13:21:40.375+0000] {dagbag.py:545} INFO - Filling up the DagBag from /opt/airflow/dags/load_cb_courses.py
[2026-02-26T13:21:40.696+0000] {processor.py:840} INFO - DAG(s) 'load_cb_courses' retrieved from /opt/airflow/dags/load_cb_courses.py
[2026-02-26T13:21:40.720+0000] {logging_mixin.py:188} INFO - [2026-02-26T13:21:40.720+0000] {dag.py:3089} INFO - Sync 1 DAGs
[2026-02-26T13:21:40.743+0000] {logging_mixin.py:188} INFO - [2026-02-26T13:21:40.743+0000] {dag.py:3947} INFO - Setting next_dagrun for load_cb_courses to 2026-02-26 00:00:00+00:00, run_after=2026-02-27 00:00:00+00:00
[2026-02-26T13:21:40.769+0000] {processor.py:183} INFO - Processing /opt/airflow/dags/load_cb_courses.py took 0.402 seconds
[2026-02-26T13:22:10.954+0000] {processor.py:161} INFO - Started process (PID=9266) to work on /opt/airflow/dags/load_cb_courses.py
[2026-02-26T13:22:10.956+0000] {processor.py:830} INFO - Processing file /opt/airflow/dags/load_cb_courses.py for tasks to queue
[2026-02-26T13:22:10.959+0000] {logging_mixin.py:188} INFO - [2026-02-26T13:22:10.958+0000] {dagbag.py:545} INFO - Filling up the DagBag from /opt/airflow/dags/load_cb_courses.py
[2026-02-26T13:22:11.345+0000] {processor.py:840} INFO - DAG(s) 'load_cb_courses' retrieved from /opt/airflow/dags/load_cb_courses.py
[2026-02-26T13:22:11.380+0000] {logging_mixin.py:188} INFO - [2026-02-26T13:22:11.379+0000] {dag.py:3089} INFO - Sync 1 DAGs
[2026-02-26T13:22:11.418+0000] {logging_mixin.py:188} INFO - [2026-02-26T13:22:11.418+0000] {dag.py:3947} INFO - Setting next_dagrun for load_cb_courses to 2026-02-26 00:00:00+00:00, run_after=2026-02-27 00:00:00+00:00
[2026-02-26T13:22:11.452+0000] {processor.py:183} INFO - Processing /opt/airflow/dags/load_cb_courses.py took 0.506 seconds
[2026-02-26T13:22:41.831+0000] {processor.py:161} INFO - Started process (PID=9292) to work on /opt/airflow/dags/load_cb_courses.py
[2026-02-26T13:22:41.833+0000] {processor.py:830} INFO - Processing file /opt/airflow/dags/load_cb_courses.py for tasks to queue
[2026-02-26T13:22:41.834+0000] {logging_mixin.py:188} INFO - [2026-02-26T13:22:41.834+0000] {dagbag.py:545} INFO - Filling up the DagBag from /opt/airflow/dags/load_cb_courses.py
[2026-02-26T13:22:42.155+0000] {processor.py:840} INFO - DAG(s) 'load_cb_courses' retrieved from /opt/airflow/dags/load_cb_courses.py
[2026-02-26T13:22:42.182+0000] {logging_mixin.py:188} INFO - [2026-02-26T13:22:42.181+0000] {dag.py:3089} INFO - Sync 1 DAGs
[2026-02-26T13:22:42.202+0000] {logging_mixin.py:188} INFO - [2026-02-26T13:22:42.202+0000] {dag.py:3947} INFO - Setting next_dagrun for load_cb_courses to 2026-02-26 00:00:00+00:00, run_after=2026-02-27 00:00:00+00:00
[2026-02-26T13:22:42.243+0000] {processor.py:183} INFO - Processing /opt/airflow/dags/load_cb_courses.py took 0.419 seconds
[2026-02-26T13:23:12.468+0000] {processor.py:161} INFO - Started process (PID=9317) to work on /opt/airflow/dags/load_cb_courses.py
[2026-02-26T13:23:12.470+0000] {processor.py:830} INFO - Processing file /opt/airflow/dags/load_cb_courses.py for tasks to queue
[2026-02-26T13:23:12.471+0000] {logging_mixin.py:188} INFO - [2026-02-26T13:23:12.471+0000] {dagbag.py:545} INFO - Filling up the DagBag from /opt/airflow/dags/load_cb_courses.py
[2026-02-26T13:23:12.827+0000] {processor.py:840} INFO - DAG(s) 'load_cb_courses' retrieved from /opt/airflow/dags/load_cb_courses.py
[2026-02-26T13:23:12.851+0000] {logging_mixin.py:188} INFO - [2026-02-26T13:23:12.851+0000] {dag.py:3089} INFO - Sync 1 DAGs
[2026-02-26T13:23:12.875+0000] {logging_mixin.py:188} INFO - [2026-02-26T13:23:12.875+0000] {dag.py:3947} INFO - Setting next_dagrun for load_cb_courses to 2026-02-26 00:00:00+00:00, run_after=2026-02-27 00:00:00+00:00
[2026-02-26T13:23:12.903+0000] {processor.py:183} INFO - Processing /opt/airflow/dags/load_cb_courses.py took 0.441 seconds
[2026-02-26T13:23:43.091+0000] {processor.py:161} INFO - Started process (PID=9350) to work on /opt/airflow/dags/load_cb_courses.py
[2026-02-26T13:23:43.093+0000] {processor.py:830} INFO - Processing file /opt/airflow/dags/load_cb_courses.py for tasks to queue
[2026-02-26T13:23:43.096+0000] {logging_mixin.py:188} INFO - [2026-02-26T13:23:43.095+0000] {dagbag.py:545} INFO - Filling up the DagBag from /opt/airflow/dags/load_cb_courses.py
[2026-02-26T13:23:43.473+0000] {processor.py:840} INFO - DAG(s) 'load_cb_courses' retrieved from /opt/airflow/dags/load_cb_courses.py
[2026-02-26T13:23:43.503+0000] {logging_mixin.py:188} INFO - [2026-02-26T13:23:43.502+0000] {dag.py:3089} INFO - Sync 1 DAGs
[2026-02-26T13:23:43.530+0000] {logging_mixin.py:188} INFO - [2026-02-26T13:23:43.530+0000] {dag.py:3947} INFO - Setting next_dagrun for load_cb_courses to 2026-02-26 00:00:00+00:00, run_after=2026-02-27 00:00:00+00:00
[2026-02-26T13:23:43.562+0000] {processor.py:183} INFO - Processing /opt/airflow/dags/load_cb_courses.py took 0.480 seconds
[2026-02-26T13:24:13.948+0000] {processor.py:161} INFO - Started process (PID=9374) to work on /opt/airflow/dags/load_cb_courses.py
[2026-02-26T13:24:13.949+0000] {processor.py:830} INFO - Processing file /opt/airflow/dags/load_cb_courses.py for tasks to queue
[2026-02-26T13:24:13.951+0000] {logging_mixin.py:188} INFO - [2026-02-26T13:24:13.951+0000] {dagbag.py:545} INFO - Filling up the DagBag from /opt/airflow/dags/load_cb_courses.py
[2026-02-26T13:24:14.266+0000] {processor.py:840} INFO - DAG(s) 'load_cb_courses' retrieved from /opt/airflow/dags/load_cb_courses.py
[2026-02-26T13:24:14.292+0000] {logging_mixin.py:188} INFO - [2026-02-26T13:24:14.291+0000] {dag.py:3089} INFO - Sync 1 DAGs
[2026-02-26T13:24:14.314+0000] {logging_mixin.py:188} INFO - [2026-02-26T13:24:14.314+0000] {dag.py:3947} INFO - Setting next_dagrun for load_cb_courses to 2026-02-26 00:00:00+00:00, run_after=2026-02-27 00:00:00+00:00
[2026-02-26T13:24:14.207+0000] {processor.py:183} INFO - Processing /opt/airflow/dags/load_cb_courses.py took 0.394 seconds
[2026-02-26T13:24:44.449+0000] {processor.py:161} INFO - Started process (PID=9400) to work on /opt/airflow/dags/load_cb_courses.py
[2026-02-26T13:24:44.451+0000] {processor.py:830} INFO - Processing file /opt/airflow/dags/load_cb_courses.py for tasks to queue
[2026-02-26T13:24:44.453+0000] {logging_mixin.py:188} INFO - [2026-02-26T13:24:44.452+0000] {dagbag.py:545} INFO - Filling up the DagBag from /opt/airflow/dags/load_cb_courses.py
[2026-02-26T13:24:44.808+0000] {processor.py:840} INFO - DAG(s) 'load_cb_courses' retrieved from /opt/airflow/dags/load_cb_courses.py
[2026-02-26T13:24:44.840+0000] {logging_mixin.py:188} INFO - [2026-02-26T13:24:44.839+0000] {dag.py:3089} INFO - Sync 1 DAGs
[2026-02-26T13:24:44.865+0000] {logging_mixin.py:188} INFO - [2026-02-26T13:24:44.865+0000] {dag.py:3947} INFO - Setting next_dagrun for load_cb_courses to 2026-02-26 00:00:00+00:00, run_after=2026-02-27 00:00:00+00:00
[2026-02-26T13:24:44.896+0000] {processor.py:183} INFO - Processing /opt/airflow/dags/load_cb_courses.py took 0.454 seconds
[2026-02-26T13:25:15.120+0000] {processor.py:161} INFO - Started process (PID=9433) to work on /opt/airflow/dags/load_cb_courses.py
[2026-02-26T13:25:15.121+0000] {processor.py:830} INFO - Processing file /opt/airflow/dags/load_cb_courses.py for tasks to queue
[2026-02-26T13:25:15.122+0000] {logging_mixin.py:188} INFO - [2026-02-26T13:25:15.122+0000] {dagbag.py:545} INFO - Filling up the DagBag from /opt/airflow/dags/load_cb_courses.py
[2026-02-26T13:25:15.459+0000] {processor.py:840} INFO - DAG(s) 'load_cb_courses' retrieved from /opt/airflow/dags/load_cb_courses.py
[2026-02-26T13:25:15.495+0000] {logging_mixin.py:188} INFO - [2026-02-26T13:25:15.495+0000] {dag.py:3089} INFO - Sync 1 DAGs
[2026-02-26T13:25:15.522+0000] {logging_mixin.py:188} INFO - [2026-02-26T13:25:15.521+0000] {dag.py:3947} INFO - Setting next_dagrun for load_cb_courses to 2026-02-26 00:00:00+00:00, run_after=2026-02-27 00:00:00+00:00
[2026-02-26T13:25:15.566+0000] {processor.py:183} INFO - Processing /opt/airflow/dags/load_cb_courses.py took 0.452 seconds
[2026-02-26T13:25:45.835+0000] {processor.py:161} INFO - Started process (PID=9458) to work on /opt/airflow/dags/load_cb_courses.py
[2026-02-26T13:25:45.836+0000] {processor.py:830} INFO - Processing file /opt/airflow/dags/load_cb_courses.py for tasks to queue
[2026-02-26T13:25:45.838+0000] {logging_mixin.py:188} INFO - [2026-02-26T13:25:45.838+0000] {dagbag.py:545} INFO - Filling up the DagBag from /opt/airflow/dags/load_cb_courses.py
[2026-02-26T13:25:46.172+0000] {processor.py:840} INFO - DAG(s) 'load_cb_courses' retrieved from /opt/airflow/dags/load_cb_courses.py
[2026-02-26T13:25:46.197+0000] {logging_mixin.py:188} INFO - [2026-02-26T13:25:46.197+0000] {dag.py:3089} INFO - Sync 1 DAGs
[2026-02-26T13:25:46.220+0000] {logging_mixin.py:188} INFO - [2026-02-26T13:25:46.220+0000] {dag.py:3947} INFO - Setting next_dagrun for load_cb_courses to 2026-02-26 00:00:00+00:00, run_after=2026-02-27 00:00:00+00:00
[2026-02-26T13:25:46.240+0000] {processor.py:183} INFO - Processing /opt/airflow/dags/load_cb_courses.py took 0.411 seconds
[2026-02-26T13:26:16.473+0000] {processor.py:161} INFO - Started process (PID=9491) to work on /opt/airflow/dags/load_cb_courses.py
[2026-02-26T13:26:16.476+0000] {processor.py:830} INFO - Processing file /opt/airflow/dags/load_cb_courses.py for tasks to queue
[2026-02-26T13:26:16.478+0000] {logging_mixin.py:188} INFO - [2026-02-26T13:26:16.477+0000] {dagbag.py:545} INFO - Filling up the DagBag from /opt/airflow/dags/load_cb_courses.py
[2026-02-26T13:26:16.844+0000] {processor.py:840} INFO - DAG(s) 'load_cb_courses' retrieved from /opt/airflow/dags/load_cb_courses.py
[2026-02-26T13:26:16.871+0000] {logging_mixin.py:188} INFO - [2026-02-26T13:26:16.871+0000] {dag.py:3089} INFO - Sync 1 DAGs
[2026-02-26T13:26:16.895+0000] {logging_mixin.py:188} INFO - [2026-02-26T13:26:16.895+0000] {dag.py:3947} INFO - Setting next_dagrun for load_cb_courses to 2026-02-26 00:00:00+00:00, run_after=2026-02-27 00:00:00+00:00
[2026-02-26T13:26:16.918+0000] {processor.py:183} INFO - Processing /opt/airflow/dags/load_cb_courses.py took 0.457 seconds
[2026-02-26T13:26:47.078+0000] {processor.py:161} INFO - Started process (PID=9517) to work on /opt/airflow/dags/load_cb_courses.py
[2026-02-26T13:26:47.079+0000] {processor.py:830} INFO - Processing file /opt/airflow/dags/load_cb_courses.py for tasks to queue
[2026-02-26T13:26:47.081+0000] {logging_mixin.py:188} INFO - [2026-02-26T13:26:47.080+0000] {dagbag.py:545} INFO - Filling up the DagBag from /opt/airflow/dags/load_cb_courses.py
[2026-02-26T13:26:47.389+0000] {processor.py:840} INFO - DAG(s) 'load_cb_courses' retrieved from /opt/airflow/dags/load_cb_courses.py
[2026-02-26T13:26:47.416+0000] {logging_mixin.py:188} INFO - [2026-02-26T13:26:47.416+0000] {dag.py:3089} INFO - Sync 1 DAGs
[2026-02-26T13:26:47.437+0000] {logging_mixin.py:188} INFO - [2026-02-26T13:26:47.437+0000] {dag.py:3947} INFO - Setting next_dagrun for load_cb_courses to 2026-02-26 00:00:00+00:00, run_after=2026-02-27 00:00:00+00:00
[2026-02-26T13:26:47.458+0000] {processor.py:183} INFO - Processing /opt/airflow/dags/load_cb_courses.py took 0.386 seconds
[2026-02-26T13:27:17.612+0000] {processor.py:161} INFO - Started process (PID=9543) to work on /opt/airflow/dags/load_cb_courses.py
[2026-02-26T13:27:17.613+0000] {processor.py:830} INFO - Processing file /opt/airflow/dags/load_cb_courses.py for tasks to queue
[2026-02-26T13:27:17.615+0000] {logging_mixin.py:188} INFO - [2026-02-26T13:27:17.614+0000] {dagbag.py:545} INFO - Filling up the DagBag from /opt/airflow/dags/load_cb_courses.py
[2026-02-26T13:27:17.994+0000] {processor.py:840} INFO - DAG(s) 'load_cb_courses' retrieved from /opt/airflow/dags/load_cb_courses.py
[2026-02-26T13:27:18.024+0000] {logging_mixin.py:188} INFO - [2026-02-26T13:27:18.023+0000] {dag.py:3089} INFO - Sync 1 DAGs
[2026-02-26T13:27:18.049+0000] {logging_mixin.py:188} INFO - [2026-02-26T13:27:18.049+0000] {dag.py:3947} INFO - Setting next_dagrun for load_cb_courses to 2026-02-26 00:00:00+00:00, run_after=2026-02-27 00:00:00+00:00
[2026-02-26T13:27:18.074+0000] {processor.py:183} INFO - Processing /opt/airflow/dags/load_cb_courses.py took 0.470 seconds
[2026-02-26T13:27:48.255+0000] {processor.py:161} INFO - Started process (PID=9574) to work on /opt/airflow/dags/load_cb_courses.py
[2026-02-26T13:27:48.256+0000] {processor.py:830} INFO - Processing file /opt/airflow/dags/load_cb_courses.py for tasks to queue
[2026-02-26T13:27:48.258+0000] {logging_mixin.py:188} INFO - [2026-02-26T13:27:48.257+0000] {dagbag.py:545} INFO - Filling up the DagBag from /opt/airflow/dags/load_cb_courses.py
[2026-02-26T13:27:48.587+0000] {processor.py:840} INFO - DAG(s) 'load_cb_courses' retrieved from /opt/airflow/dags/load_cb_courses.py
[2026-02-26T13:27:48.614+0000] {logging_mixin.py:188} INFO - [2026-02-26T13:27:48.614+0000] {dag.py:3089} INFO - Sync 1 DAGs
[2026-02-26T13:27:48.644+0000] {logging_mixin.py:188} INFO - [2026-02-26T13:27:48.644+0000] {dag.py:3947} INFO - Setting next_dagrun for load_cb_courses to 2026-02-26 00:00:00+00:00, run_after=2026-02-27 00:00:00+00:00
[2026-02-26T13:27:48.670+0000] {processor.py:183} INFO - Processing /opt/airflow/dags/load_cb_courses.py took 0.421 seconds
[2026-02-26T13:28:18.889+0000] {processor.py:161} INFO - Started process (PID=9598) to work on /opt/airflow/dags/load_cb_courses.py
[2026-02-26T13:28:18.891+0000] {processor.py:830} INFO - Processing file /opt/airflow/dags/load_cb_courses.py for tasks to queue
[2026-02-26T13:28:18.893+0000] {logging_mixin.py:188} INFO - [2026-02-26T13:28:18.892+0000] {dagbag.py:545} INFO - Filling up the DagBag from /opt/airflow/dags/load_cb_courses.py
[2026-02-26T13:28:19.244+0000] {processor.py:840} INFO - DAG(s) 'load_cb_courses' retrieved from /opt/airflow/dags/load_cb_courses.py
[2026-02-26T13:28:19.268+0000] {logging_mixin.py:188} INFO - [2026-02-26T13:28:19.268+0000] {dag.py:3089} INFO - Sync 1 DAGs
[2026-02-26T13:28:19.292+0000] {logging_mixin.py:188} INFO - [2026-02-26T13:28:19.292+0000] {dag.py:3947} INFO - Setting next_dagrun for load_cb_courses to 2026-02-26 00:00:00+00:00, run_after=2026-02-27 00:00:00+00:00
[2026-02-26T13:28:19.318+0000] {processor.py:183} INFO - Processing /opt/airflow/dags/load_cb_courses.py took 0.436 seconds
[2026-02-26T13:28:49.571+0000] {processor.py:161} INFO - Started process (PID=9624) to work on /opt/airflow/dags/load_cb_courses.py
[2026-02-26T13:28:49.572+0000] {processor.py:830} INFO - Processing file /opt/airflow/dags/load_cb_courses.py for tasks to queue
[2026-02-26T13:28:49.574+0000] {logging_mixin.py:188} INFO - [2026-02-26T13:28:49.574+0000] {dagbag.py:545} INFO - Filling up the DagBag from /opt/airflow/dags/load_cb_courses.py
[2026-02-26T13:28:49.922+0000] {processor.py:840} INFO - DAG(s) 'load_cb_courses' retrieved from /opt/airflow/dags/load_cb_courses.py
[2026-02-26T13:28:49.953+0000] {logging_mixin.py:188} INFO - [2026-02-26T13:28:49.953+0000] {dag.py:3089} INFO - Sync 1 DAGs
[2026-02-26T13:28:49.978+0000] {logging_mixin.py:188} INFO - [2026-02-26T13:28:49.978+0000] {dag.py:3947} INFO - Setting next_dagrun for load_cb_courses to 2026-02-26 00:00:00+00:00, run_after=2026-02-27 00:00:00+00:00
[2026-02-26T13:28:50.006+0000] {processor.py:183} INFO - Processing /opt/airflow/dags/load_cb_courses.py took 0.445 seconds
[2026-02-26T13:29:20.199+0000] {processor.py:161} INFO - Started process (PID=9657) to work on /opt/airflow/dags/load_cb_courses.py
[2026-02-26T13:29:20.201+0000] {processor.py:830} INFO - Processing file /opt/airflow/dags/load_cb_courses.py for tasks to queue
[2026-02-26T13:29:20.203+0000] {logging_mixin.py:188} INFO - [2026-02-26T13:29:20.202+0000] {dagbag.py:545} INFO - Filling up the DagBag from /opt/airflow/dags/load_cb_courses.py
[2026-02-26T13:29:20.534+0000] {processor.py:840} INFO - DAG(s) 'load_cb_courses' retrieved from /opt/airflow/dags/load_cb_courses.py
[2026-02-26T13:29:20.559+0000] {logging_mixin.py:188} INFO - [2026-02-26T13:29:20.559+0000] {dag.py:3089} INFO - Sync 1 DAGs
[2026-02-26T13:29:20.581+0000] {logging_mixin.py:188} INFO - [2026-02-26T13:29:20.581+0000] {dag.py:3947} INFO - Setting next_dagrun for load_cb_courses to 2026-02-26 00:00:00+00:00, run_after=2026-02-27 00:00:00+00:00
[2026-02-26T13:29:20.604+0000] {processor.py:183} INFO - Processing /opt/airflow/dags/load_cb_courses.py took 0.411 seconds
[2026-02-26T13:29:50.710+0000] {processor.py:161} INFO - Started process (PID=9683) to work on /opt/airflow/dags/load_cb_courses.py
[2026-02-26T13:29:50.711+0000] {processor.py:830} INFO - Processing file /opt/airflow/dags/load_cb_courses.py for tasks to queue
[2026-02-26T13:29:50.713+0000] {logging_mixin.py:188} INFO - [2026-02-26T13:29:50.712+0000] {dagbag.py:545} INFO - Filling up the DagBag from /opt/airflow/dags/load_cb_courses.py
[2026-02-26T13:29:51.101+0000] {processor.py:840} INFO - DAG(s) 'load_cb_courses' retrieved from /opt/airflow/dags/load_cb_courses.py
[2026-02-26T13:29:51.138+0000] {logging_mixin.py:188} INFO - [2026-02-26T13:29:51.137+0000] {dag.py:3089} INFO - Sync 1 DAGs
[2026-02-26T13:29:51.163+0000] {logging_mixin.py:188} INFO - [2026-02-26T13:29:51.163+0000] {dag.py:3947} INFO - Setting next_dagrun for load_cb_courses to 2026-02-26 00:00:00+00:00, run_after=2026-02-27 00:00:00+00:00
[2026-02-26T13:29:51.192+0000] {processor.py:183} INFO - Processing /opt/airflow/dags/load_cb_courses.py took 0.489 seconds
[2026-02-26T13:30:21.341+0000] {processor.py:161} INFO - Started process (PID=9716) to work on /opt/airflow/dags/load_cb_courses.py
[2026-02-26T13:30:21.342+0000] {processor.py:830} INFO - Processing file /opt/airflow/dags/load_cb_courses.py for tasks to queue
[2026-02-26T13:30:21.344+0000] {logging_mixin.py:188} INFO - [2026-02-26T13:30:21.343+0000] {dagbag.py:545} INFO - Filling up the DagBag from /opt/airflow/dags/load_cb_courses.py
[2026-02-26T13:30:21.699+0000] {processor.py:840} INFO - DAG(s) 'load_cb_courses' retrieved from /opt/airflow/dags/load_cb_courses.py
[2026-02-26T13:30:21.731+0000] {logging_mixin.py:188} INFO - [2026-02-26T13:30:21.730+0000] {dag.py:3089} INFO - Sync 1 DAGs
[2026-02-26T13:30:21.760+0000] {logging_mixin.py:188} INFO - [2026-02-26T13:30:21.760+0000] {dag.py:3947} INFO - Setting next_dagrun for load_cb_courses to 2026-02-26 00:00:00+00:00, run_after=2026-02-27 00:00:00+00:00
[2026-02-26T13:30:21.787+0000] {processor.py:183} INFO - Processing /opt/airflow/dags/load_cb_courses.py took 0.453 seconds
[2026-02-26T13:30:52.180+0000] {processor.py:161} INFO - Started process (PID=9743) to work on /opt/airflow/dags/load_cb_courses.py
[2026-02-26T13:30:52.182+0000] {processor.py:830} INFO - Processing file /opt/airflow/dags/load_cb_courses.py for tasks to queue
[2026-02-26T13:30:52.183+0000] {logging_mixin.py:188} INFO - [2026-02-26T13:30:52.182+0000] {dagbag.py:545} INFO - Filling up the DagBag from /opt/airflow/dags/load_cb_courses.py
[2026-02-26T13:30:52.537+0000] {processor.py:840} INFO - DAG(s) 'load_cb_courses' retrieved from /opt/airflow/dags/load_cb_courses.py
[2026-02-26T13:30:52.566+0000] {logging_mixin.py:188} INFO - [2026-02-26T13:30:52.566+0000] {dag.py:3089} INFO - Sync 1 DAGs
[2026-02-26T13:30:52.593+0000] {logging_mixin.py:188} INFO - [2026-02-26T13:30:52.593+0000] {dag.py:3947} INFO - Setting next_dagrun for load_cb_courses to 2026-02-26 00:00:00+00:00, run_after=2026-02-27 00:00:00+00:00
[2026-02-26T13:30:52.618+0000] {processor.py:183} INFO - Processing /opt/airflow/dags/load_cb_courses.py took 0.443 seconds
[2026-02-26T13:31:22.952+0000] {processor.py:161} INFO - Started process (PID=9768) to work on /opt/airflow/dags/load_cb_courses.py
[2026-02-26T13:31:22.953+0000] {processor.py:830} INFO - Processing file /opt/airflow/dags/load_cb_courses.py for tasks to queue
[2026-02-26T13:31:22.954+0000] {logging_mixin.py:188} INFO - [2026-02-26T13:31:22.954+0000] {dagbag.py:545} INFO - Filling up the DagBag from /opt/airflow/dags/load_cb_courses.py
[2026-02-26T13:31:23.274+0000] {processor.py:840} INFO - DAG(s) 'load_cb_courses' retrieved from /opt/airflow/dags/load_cb_courses.py
[2026-02-26T13:31:23.303+0000] {logging_mixin.py:188} INFO - [2026-02-26T13:31:23.302+0000] {dag.py:3089} INFO - Sync 1 DAGs
[2026-02-26T13:31:23.326+0000] {logging_mixin.py:188} INFO - [2026-02-26T13:31:23.325+0000] {dag.py:3947} INFO - Setting next_dagrun for load_cb_courses to 2026-02-26 00:00:00+00:00, run_after=2026-02-27 00:00:00+00:00
[2026-02-26T13:31:23.353+0000] {processor.py:183} INFO - Processing /opt/airflow/dags/load_cb_courses.py took 0.408 seconds
[2026-02-26T13:31:53.513+0000] {processor.py:161} INFO - Started process (PID=9801) to work on /opt/airflow/dags/load_cb_courses.py
[2026-02-26T13:31:53.514+0000] {processor.py:830} INFO - Processing file /opt/airflow/dags/load_cb_courses.py for tasks to queue
[2026-02-26T13:31:53.515+0000] {logging_mixin.py:188} INFO - [2026-02-26T13:31:53.515+0000] {dagbag.py:545} INFO - Filling up the DagBag from /opt/airflow/dags/load_cb_courses.py
[2026-02-26T13:31:53.843+0000] {processor.py:840} INFO - DAG(s) 'load_cb_courses' retrieved from /opt/airflow/dags/load_cb_courses.py
[2026-02-26T13:31:53.869+0000] {logging_mixin.py:188} INFO - [2026-02-26T13:31:53.869+0000] {dag.py:3089} INFO - Sync 1 DAGs
[2026-02-26T13:31:53.892+0000] {logging_mixin.py:188} INFO - [2026-02-26T13:31:53.892+0000] {dag.py:3947} INFO - Setting next_dagrun for load_cb_courses to 2026-02-26 00:00:00+00:00, run_after=2026-02-27 00:00:00+00:00
[2026-02-26T13:31:53.922+0000] {processor.py:183} INFO - Processing /opt/airflow/dags/load_cb_courses.py took 0.415 seconds
[2026-02-26T13:32:24.141+0000] {processor.py:161} INFO - Started process (PID=9826) to work on /opt/airflow/dags/load_cb_courses.py
[2026-02-26T13:32:24.142+0000] {processor.py:830} INFO - Processing file /opt/airflow/dags/load_cb_courses.py for tasks to queue
[2026-02-26T13:32:24.144+0000] {logging_mixin.py:188} INFO - [2026-02-26T13:32:24.143+0000] {dagbag.py:545} INFO - Filling up the DagBag from /opt/airflow/dags/load_cb_courses.py
[2026-02-26T13:32:24.545+0000] {processor.py:840} INFO - DAG(s) 'load_cb_courses' retrieved from /opt/airflow/dags/load_cb_courses.py
[2026-02-26T13:32:24.590+0000] {logging_mixin.py:188} INFO - [2026-02-26T13:32:24.589+0000] {dag.py:3089} INFO - Sync 1 DAGs
[2026-02-26T13:32:24.620+0000] {logging_mixin.py:188} INFO - [2026-02-26T13:32:24.620+0000] {dag.py:3947} INFO - Setting next_dagrun for load_cb_courses to 2026-02-26 00:00:00+00:00, run_after=2026-02-27 00:00:00+00:00
[2026-02-26T13:32:24.648+0000] {processor.py:183} INFO - Processing /opt/airflow/dags/load_cb_courses.py took 0.513 seconds
[2026-02-26T13:32:54.933+0000] {processor.py:161} INFO - Started process (PID=9859) to work on /opt/airflow/dags/load_cb_courses.py
[2026-02-26T13:32:54.934+0000] {processor.py:830} INFO - Processing file /opt/airflow/dags/load_cb_courses.py for tasks to queue
[2026-02-26T13:32:54.935+0000] {logging_mixin.py:188} INFO - [2026-02-26T13:32:54.935+0000] {dagbag.py:545} INFO - Filling up the DagBag from /opt/airflow/dags/load_cb_courses.py
[2026-02-26T13:32:55.291+0000] {processor.py:840} INFO - DAG(s) 'load_cb_courses' retrieved from /opt/airflow/dags/load_cb_courses.py
[2026-02-26T13:32:55.323+0000] {logging_mixin.py:188} INFO - [2026-02-26T13:32:55.323+0000] {dag.py:3089} INFO - Sync 1 DAGs
[2026-02-26T13:32:55.356+0000] {logging_mixin.py:188} INFO - [2026-02-26T13:32:55.355+0000] {dag.py:3947} INFO - Setting next_dagrun for load_cb_courses to 2026-02-26 00:00:00+00:00, run_after=2026-02-27 00:00:00+00:00
[2026-02-26T13:32:55.400+0000] {processor.py:183} INFO - Processing /opt/airflow/dags/load_cb_courses.py took 0.473 seconds
[2026-02-26T13:33:25.570+0000] {processor.py:161} INFO - Started process (PID=9885) to work on /opt/airflow/dags/load_cb_courses.py
[2026-02-26T13:33:25.571+0000] {processor.py:830} INFO - Processing file /opt/airflow/dags/load_cb_courses.py for tasks to queue
[2026-02-26T13:33:25.572+0000] {logging_mixin.py:188} INFO - [2026-02-26T13:33:25.572+0000] {dagbag.py:545} INFO - Filling up the DagBag from /opt/airflow/dags/load_cb_courses.py
[2026-02-26T13:33:25.936+0000] {processor.py:840} INFO - DAG(s) 'load_cb_courses' retrieved from /opt/airflow/dags/load_cb_courses.py
[2026-02-26T13:33:25.979+0000] {logging_mixin.py:188} INFO - [2026-02-26T13:33:25.978+0000] {dag.py:3089} INFO - Sync 1 DAGs
[2026-02-26T13:33:26.013+0000] {logging_mixin.py:188} INFO - [2026-02-26T13:33:26.013+0000] {dag.py:3947} INFO - Setting next_dagrun for load_cb_courses to 2026-02-26 00:00:00+00:00, run_after=2026-02-27 00:00:00+00:00
[2026-02-26T13:33:26.060+0000] {processor.py:183} INFO - Processing /opt/airflow/dags/load_cb_courses.py took 0.498 seconds
[2026-02-26T13:33:56.472+0000] {processor.py:161} INFO - Started process (PID=9911) to work on /opt/airflow/dags/load_cb_courses.py
[2026-02-26T13:33:56.473+0000] {processor.py:830} INFO - Processing file /opt/airflow/dags/load_cb_courses.py for tasks to queue
[2026-02-26T13:33:56.474+0000] {logging_mixin.py:188} INFO - [2026-02-26T13:33:56.474+0000] {dagbag.py:545} INFO - Filling up the DagBag from /opt/airflow/dags/load_cb_courses.py
[2026-02-26T13:33:56.806+0000] {processor.py:840} INFO - DAG(s) 'load_cb_courses' retrieved from /opt/airflow/dags/load_cb_courses.py
[2026-02-26T13:33:56.833+0000] {logging_mixin.py:188} INFO - [2026-02-26T13:33:56.832+0000] {dag.py:3089} INFO - Sync 1 DAGs
[2026-02-26T13:33:56.854+0000] {logging_mixin.py:188} INFO - [2026-02-26T13:33:56.854+0000] {dag.py:3947} INFO - Setting next_dagrun for load_cb_courses to 2026-02-26 00:00:00+00:00, run_after=2026-02-27 00:00:00+00:00
[2026-02-26T13:33:56.876+0000] {processor.py:183} INFO - Processing /opt/airflow/dags/load_cb_courses.py took 0.411 seconds
[2026-02-26T13:34:27.020+0000] {processor.py:161} INFO - Started process (PID=9944) to work on /opt/airflow/dags/load_cb_courses.py
[2026-02-26T13:34:27.021+0000] {processor.py:830} INFO - Processing file /opt/airflow/dags/load_cb_courses.py for tasks to queue
[2026-02-26T13:34:27.022+0000] {logging_mixin.py:188} INFO - [2026-02-26T13:34:27.022+0000] {dagbag.py:545} INFO - Filling up the DagBag from /opt/airflow/dags/load_cb_courses.py
[2026-02-26T13:34:27.353+0000] {processor.py:840} INFO - DAG(s) 'load_cb_courses' retrieved from /opt/airflow/dags/load_cb_courses.py
[2026-02-26T13:34:27.380+0000] {logging_mixin.py:188} INFO - [2026-02-26T13:34:27.379+0000] {dag.py:3089} INFO - Sync 1 DAGs
[2026-02-26T13:34:27.405+0000] {logging_mixin.py:188} INFO - [2026-02-26T13:34:27.405+0000] {dag.py:3947} INFO - Setting next_dagrun for load_cb_courses to 2026-02-26 00:00:00+00:00, run_after=2026-02-27 00:00:00+00:00
[2026-02-26T13:34:27.430+0000] {processor.py:183} INFO - Processing /opt/airflow/dags/load_cb_courses.py took 0.416 seconds
[2026-02-26T13:34:58.278+0000] {processor.py:161} INFO - Started process (PID=9970) to work on /opt/airflow/dags/load_cb_courses.py
[2026-02-26T13:34:58.280+0000] {processor.py:830} INFO - Processing file /opt/airflow/dags/load_cb_courses.py for tasks to queue
[2026-02-26T13:34:58.281+0000] {logging_mixin.py:188} INFO - [2026-02-26T13:34:58.281+0000] {dagbag.py:545} INFO - Filling up the DagBag from /opt/airflow/dags/load_cb_courses.py
[2026-02-26T13:34:58.696+0000] {processor.py:840} INFO - DAG(s) 'load_cb_courses' retrieved from /opt/airflow/dags/load_cb_courses.py
[2026-02-26T13:34:58.742+0000] {logging_mixin.py:188} INFO - [2026-02-26T13:34:58.742+0000] {dag.py:3089} INFO - Sync 1 DAGs
[2026-02-26T13:34:58.775+0000] {logging_mixin.py:188} INFO - [2026-02-26T13:34:58.775+0000] {dag.py:3947} INFO - Setting next_dagrun for load_cb_courses to 2026-02-26 00:00:00+00:00, run_after=2026-02-27 00:00:00+00:00
[2026-02-26T13:34:58.806+0000] {processor.py:183} INFO - Processing /opt/airflow/dags/load_cb_courses.py took 0.534 seconds
[2026-02-26T13:35:28.972+0000] {processor.py:161} INFO - Started process (PID=10003) to work on /opt/airflow/dags/load_cb_courses.py
[2026-02-26T13:35:28.973+0000] {processor.py:830} INFO - Processing file /opt/airflow/dags/load_cb_courses.py for tasks to queue
[2026-02-26T13:35:28.974+0000] {logging_mixin.py:188} INFO - [2026-02-26T13:35:28.974+0000] {dagbag.py:545} INFO - Filling up the DagBag from /opt/airflow/dags/load_cb_courses.py
[2026-02-26T13:35:29.350+0000] {processor.py:840} INFO - DAG(s) 'load_cb_courses' retrieved from /opt/airflow/dags/load_cb_courses.py
[2026-02-26T13:35:29.374+0000] {logging_mixin.py:188} INFO - [2026-02-26T13:35:29.374+0000] {dag.py:3089} INFO - Sync 1 DAGs
[2026-02-26T13:35:29.404+0000] {logging_mixin.py:188} INFO - [2026-02-26T13:35:29.404+0000] {dag.py:3947} INFO - Setting next_dagrun for load_cb_courses to 2026-02-26 00:00:00+00:00, run_after=2026-02-27 00:00:00+00:00
[2026-02-26T13:35:29.453+0000] {processor.py:183} INFO - Processing /opt/airflow/dags/load_cb_courses.py took 0.487 seconds
[2026-02-26T13:35:59.635+0000] {processor.py:161} INFO - Started process (PID=10029) to work on /opt/airflow/dags/load_cb_courses.py
[2026-02-26T13:35:59.636+0000] {processor.py:830} INFO - Processing file /opt/airflow/dags/load_cb_courses.py for tasks to queue
[2026-02-26T13:35:59.637+0000] {logging_mixin.py:188} INFO - [2026-02-26T13:35:59.637+0000] {dagbag.py:545} INFO - Filling up the DagBag from /opt/airflow/dags/load_cb_courses.py
[2026-02-26T13:35:59.957+0000] {processor.py:840} INFO - DAG(s) 'load_cb_courses' retrieved from /opt/airflow/dags/load_cb_courses.py
[2026-02-26T13:35:59.987+0000] {logging_mixin.py:188} INFO - [2026-02-26T13:35:59.987+0000] {dag.py:3089} INFO - Sync 1 DAGs
[2026-02-26T13:36:00.014+0000] {logging_mixin.py:188} INFO - [2026-02-26T13:36:00.014+0000] {dag.py:3947} INFO - Setting next_dagrun for load_cb_courses to 2026-02-26 00:00:00+00:00, run_after=2026-02-27 00:00:00+00:00
[2026-02-26T13:36:00.047+0000] {processor.py:183} INFO - Processing /opt/airflow/dags/load_cb_courses.py took 0.417 seconds
[2026-02-26T13:36:30.309+0000] {processor.py:161} INFO - Started process (PID=10055) to work on /opt/airflow/dags/load_cb_courses.py
[2026-02-26T13:36:30.311+0000] {processor.py:830} INFO - Processing file /opt/airflow/dags/load_cb_courses.py for tasks to queue
[2026-02-26T13:36:30.313+0000] {logging_mixin.py:188} INFO - [2026-02-26T13:36:30.312+0000] {dagbag.py:545} INFO - Filling up the DagBag from /opt/airflow/dags/load_cb_courses.py
[2026-02-26T13:36:30.762+0000] {processor.py:840} INFO - DAG(s) 'load_cb_courses' retrieved from /opt/airflow/dags/load_cb_courses.py
[2026-02-26T13:36:30.798+0000] {logging_mixin.py:188} INFO - [2026-02-26T13:36:30.798+0000] {dag.py:3089} INFO - Sync 1 DAGs
[2026-02-26T13:36:30.829+0000] {logging_mixin.py:188} INFO - [2026-02-26T13:36:30.828+0000] {dag.py:3947} INFO - Setting next_dagrun for load_cb_courses to 2026-02-26 00:00:00+00:00, run_after=2026-02-27 00:00:00+00:00
[2026-02-26T13:36:30.871+0000] {processor.py:183} INFO - Processing /opt/airflow/dags/load_cb_courses.py took 0.571 seconds
[2026-02-26T13:37:01.093+0000] {processor.py:161} INFO - Started process (PID=10087) to work on /opt/airflow/dags/load_cb_courses.py
[2026-02-26T13:37:01.094+0000] {processor.py:830} INFO - Processing file /opt/airflow/dags/load_cb_courses.py for tasks to queue
[2026-02-26T13:37:01.095+0000] {logging_mixin.py:188} INFO - [2026-02-26T13:37:01.095+0000] {dagbag.py:545} INFO - Filling up the DagBag from /opt/airflow/dags/load_cb_courses.py
[2026-02-26T13:37:01.419+0000] {processor.py:840} INFO - DAG(s) 'load_cb_courses' retrieved from /opt/airflow/dags/load_cb_courses.py
[2026-02-26T13:37:01.446+0000] {logging_mixin.py:188} INFO - [2026-02-26T13:37:01.446+0000] {dag.py:3089} INFO - Sync 1 DAGs
[2026-02-26T13:37:01.472+0000] {logging_mixin.py:188} INFO - [2026-02-26T13:37:01.471+0000] {dag.py:3947} INFO - Setting next_dagrun for load_cb_courses to 2026-02-26 00:00:00+00:00, run_after=2026-02-27 00:00:00+00:00
[2026-02-26T13:37:01.497+0000] {processor.py:183} INFO - Processing /opt/airflow/dags/load_cb_courses.py took 0.411 seconds
[2026-02-26T13:37:31.930+0000] {processor.py:161} INFO - Started process (PID=10113) to work on /opt/airflow/dags/load_cb_courses.py
[2026-02-26T13:37:31.942+0000] {processor.py:830} INFO - Processing file /opt/airflow/dags/load_cb_courses.py for tasks to queue
[2026-02-26T13:37:31.957+0000] {logging_mixin.py:188} INFO - [2026-02-26T13:37:31.957+0000] {dagbag.py:545} INFO - Filling up the DagBag from /opt/airflow/dags/load_cb_courses.py
[2026-02-26T13:37:32.582+0000] {processor.py:840} INFO - DAG(s) 'load_cb_courses' retrieved from /opt/airflow/dags/load_cb_courses.py
[2026-02-26T13:37:32.607+0000] {logging_mixin.py:188} INFO - [2026-02-26T13:37:32.606+0000] {dag.py:3089} INFO - Sync 1 DAGs
[2026-02-26T13:37:32.630+0000] {logging_mixin.py:188} INFO - [2026-02-26T13:37:32.630+0000] {dag.py:3947} INFO - Setting next_dagrun for load_cb_courses to 2026-02-26 00:00:00+00:00, run_after=2026-02-27 00:00:00+00:00
[2026-02-26T13:37:32.652+0000] {processor.py:183} INFO - Processing /opt/airflow/dags/load_cb_courses.py took 0.729 seconds
[2026-02-26T16:08:13.308+0000] {processor.py:161} INFO - Started process (PID=187) to work on /opt/airflow/dags/load_cb_courses.py
[2026-02-26T16:08:13.310+0000] {processor.py:830} INFO - Processing file /opt/airflow/dags/load_cb_courses.py for tasks to queue
[2026-02-26T16:08:13.314+0000] {logging_mixin.py:188} INFO - [2026-02-26T16:08:13.313+0000] {dagbag.py:545} INFO - Filling up the DagBag from /opt/airflow/dags/load_cb_courses.py
[2026-02-26T16:08:14.078+0000] {processor.py:840} INFO - DAG(s) 'load_cb_courses' retrieved from /opt/airflow/dags/load_cb_courses.py
[2026-02-26T16:08:14.101+0000] {logging_mixin.py:188} INFO - [2026-02-26T16:08:14.100+0000] {dag.py:3089} INFO - Sync 1 DAGs
[2026-02-26T16:08:14.126+0000] {logging_mixin.py:188} INFO - [2026-02-26T16:08:14.126+0000] {dag.py:3947} INFO - Setting next_dagrun for load_cb_courses to 2026-02-26 00:00:00+00:00, run_after=2026-02-27 00:00:00+00:00
[2026-02-26T16:08:14.215+0000] {processor.py:183} INFO - Processing /opt/airflow/dags/load_cb_courses.py took 0.918 seconds
[2026-02-26T16:08:44.412+0000] {processor.py:161} INFO - Started process (PID=213) to work on /opt/airflow/dags/load_cb_courses.py
[2026-02-26T16:08:44.413+0000] {processor.py:830} INFO - Processing file /opt/airflow/dags/load_cb_courses.py for tasks to queue
[2026-02-26T16:08:44.416+0000] {logging_mixin.py:188} INFO - [2026-02-26T16:08:44.415+0000] {dagbag.py:545} INFO - Filling up the DagBag from /opt/airflow/dags/load_cb_courses.py
[2026-02-26T16:08:44.900+0000] {processor.py:840} INFO - DAG(s) 'load_cb_courses' retrieved from /opt/airflow/dags/load_cb_courses.py
[2026-02-26T16:08:45.075+0000] {logging_mixin.py:188} INFO - [2026-02-26T16:08:45.074+0000] {dag.py:3089} INFO - Sync 1 DAGs
[2026-02-26T16:08:45.097+0000] {logging_mixin.py:188} INFO - [2026-02-26T16:08:45.097+0000] {dag.py:3947} INFO - Setting next_dagrun for load_cb_courses to 2026-02-26 00:00:00+00:00, run_after=2026-02-27 00:00:00+00:00
[2026-02-26T16:08:45.118+0000] {processor.py:183} INFO - Processing /opt/airflow/dags/load_cb_courses.py took 0.717 seconds
[2026-02-26T16:09:15.424+0000] {processor.py:161} INFO - Started process (PID=244) to work on /opt/airflow/dags/load_cb_courses.py
[2026-02-26T16:09:15.426+0000] {processor.py:830} INFO - Processing file /opt/airflow/dags/load_cb_courses.py for tasks to queue
[2026-02-26T16:09:15.428+0000] {logging_mixin.py:188} INFO - [2026-02-26T16:09:15.428+0000] {dagbag.py:545} INFO - Filling up the DagBag from /opt/airflow/dags/load_cb_courses.py
[2026-02-26T16:09:16.084+0000] {processor.py:840} INFO - DAG(s) 'load_cb_courses' retrieved from /opt/airflow/dags/load_cb_courses.py
[2026-02-26T16:09:16.112+0000] {logging_mixin.py:188} INFO - [2026-02-26T16:09:16.112+0000] {dag.py:3089} INFO - Sync 1 DAGs
[2026-02-26T16:09:16.135+0000] {logging_mixin.py:188} INFO - [2026-02-26T16:09:16.135+0000] {dag.py:3947} INFO - Setting next_dagrun for load_cb_courses to 2026-02-26 00:00:00+00:00, run_after=2026-02-27 00:00:00+00:00
[2026-02-26T16:09:16.159+0000] {processor.py:183} INFO - Processing /opt/airflow/dags/load_cb_courses.py took 0.740 seconds
[2026-02-26T16:09:46.731+0000] {processor.py:161} INFO - Started process (PID=271) to work on /opt/airflow/dags/load_cb_courses.py
[2026-02-26T16:09:46.732+0000] {processor.py:830} INFO - Processing file /opt/airflow/dags/load_cb_courses.py for tasks to queue
[2026-02-26T16:09:46.735+0000] {logging_mixin.py:188} INFO - [2026-02-26T16:09:46.734+0000] {dagbag.py:545} INFO - Filling up the DagBag from /opt/airflow/dags/load_cb_courses.py
[2026-02-26T16:09:47.269+0000] {processor.py:840} INFO - DAG(s) 'load_cb_courses' retrieved from /opt/airflow/dags/load_cb_courses.py
[2026-02-26T16:09:47.296+0000] {logging_mixin.py:188} INFO - [2026-02-26T16:09:47.295+0000] {dag.py:3089} INFO - Sync 1 DAGs
[2026-02-26T16:09:47.320+0000] {logging_mixin.py:188} INFO - [2026-02-26T16:09:47.319+0000] {dag.py:3947} INFO - Setting next_dagrun for load_cb_courses to 2026-02-26 00:00:00+00:00, run_after=2026-02-27 00:00:00+00:00
[2026-02-26T16:09:47.346+0000] {processor.py:183} INFO - Processing /opt/airflow/dags/load_cb_courses.py took 0.620 seconds
[2026-02-26T16:10:18.289+0000] {processor.py:161} INFO - Started process (PID=304) to work on /opt/airflow/dags/load_cb_courses.py
[2026-02-26T16:10:18.290+0000] {processor.py:830} INFO - Processing file /opt/airflow/dags/load_cb_courses.py for tasks to queue
[2026-02-26T16:10:18.293+0000] {logging_mixin.py:188} INFO - [2026-02-26T16:10:18.293+0000] {dagbag.py:545} INFO - Filling up the DagBag from /opt/airflow/dags/load_cb_courses.py
[2026-02-26T16:10:18.894+0000] {processor.py:840} INFO - DAG(s) 'load_cb_courses' retrieved from /opt/airflow/dags/load_cb_courses.py
[2026-02-26T16:10:18.924+0000] {logging_mixin.py:188} INFO - [2026-02-26T16:10:18.923+0000] {dag.py:3089} INFO - Sync 1 DAGs
[2026-02-26T16:10:18.962+0000] {logging_mixin.py:188} INFO - [2026-02-26T16:10:18.962+0000] {dag.py:3947} INFO - Setting next_dagrun for load_cb_courses to 2026-02-26 00:00:00+00:00, run_after=2026-02-27 00:00:00+00:00
[2026-02-26T16:10:18.989+0000] {processor.py:183} INFO - Processing /opt/airflow/dags/load_cb_courses.py took 0.711 seconds
[2026-02-26T16:10:49.535+0000] {processor.py:161} INFO - Started process (PID=330) to work on /opt/airflow/dags/load_cb_courses.py
[2026-02-26T16:10:49.536+0000] {processor.py:830} INFO - Processing file /opt/airflow/dags/load_cb_courses.py for tasks to queue
[2026-02-26T16:10:49.538+0000] {logging_mixin.py:188} INFO - [2026-02-26T16:10:49.538+0000] {dagbag.py:545} INFO - Filling up the DagBag from /opt/airflow/dags/load_cb_courses.py
[2026-02-26T16:10:50.032+0000] {processor.py:840} INFO - DAG(s) 'load_cb_courses' retrieved from /opt/airflow/dags/load_cb_courses.py
[2026-02-26T16:10:50.059+0000] {logging_mixin.py:188} INFO - [2026-02-26T16:10:50.059+0000] {dag.py:3089} INFO - Sync 1 DAGs
[2026-02-26T16:10:50.083+0000] {logging_mixin.py:188} INFO - [2026-02-26T16:10:50.083+0000] {dag.py:3947} INFO - Setting next_dagrun for load_cb_courses to 2026-02-26 00:00:00+00:00, run_after=2026-02-27 00:00:00+00:00
[2026-02-26T16:10:50.113+0000] {processor.py:183} INFO - Processing /opt/airflow/dags/load_cb_courses.py took 0.584 seconds
[2026-02-26T16:11:20.685+0000] {processor.py:161} INFO - Started process (PID=364) to work on /opt/airflow/dags/load_cb_courses.py
[2026-02-26T16:11:20.687+0000] {processor.py:830} INFO - Processing file /opt/airflow/dags/load_cb_courses.py for tasks to queue
[2026-02-26T16:11:20.691+0000] {logging_mixin.py:188} INFO - [2026-02-26T16:11:20.690+0000] {dagbag.py:545} INFO - Filling up the DagBag from /opt/airflow/dags/load_cb_courses.py
[2026-02-26T16:11:21.336+0000] {processor.py:840} INFO - DAG(s) 'load_cb_courses' retrieved from /opt/airflow/dags/load_cb_courses.py
[2026-02-26T16:11:21.363+0000] {logging_mixin.py:188} INFO - [2026-02-26T16:11:21.362+0000] {dag.py:3089} INFO - Sync 1 DAGs
[2026-02-26T16:11:21.395+0000] {logging_mixin.py:188} INFO - [2026-02-26T16:11:21.394+0000] {dag.py:3947} INFO - Setting next_dagrun for load_cb_courses to 2026-02-26 00:00:00+00:00, run_after=2026-02-27 00:00:00+00:00
[2026-02-26T16:11:21.418+0000] {processor.py:183} INFO - Processing /opt/airflow/dags/load_cb_courses.py took 0.747 seconds
[2026-02-26T16:11:51.916+0000] {processor.py:161} INFO - Started process (PID=389) to work on /opt/airflow/dags/load_cb_courses.py
[2026-02-26T16:11:51.918+0000] {processor.py:830} INFO - Processing file /opt/airflow/dags/load_cb_courses.py for tasks to queue
[2026-02-26T16:11:51.920+0000] {logging_mixin.py:188} INFO - [2026-02-26T16:11:51.920+0000] {dagbag.py:545} INFO - Filling up the DagBag from /opt/airflow/dags/load_cb_courses.py
[2026-02-26T16:11:52.385+0000] {processor.py:840} INFO - DAG(s) 'load_cb_courses' retrieved from /opt/airflow/dags/load_cb_courses.py
[2026-02-26T16:11:52.410+0000] {logging_mixin.py:188} INFO - [2026-02-26T16:11:52.410+0000] {dag.py:3089} INFO - Sync 1 DAGs
[2026-02-26T16:11:52.434+0000] {logging_mixin.py:188} INFO - [2026-02-26T16:11:52.434+0000] {dag.py:3947} INFO - Setting next_dagrun for load_cb_courses to 2026-02-26 00:00:00+00:00, run_after=2026-02-27 00:00:00+00:00
[2026-02-26T16:11:52.459+0000] {processor.py:183} INFO - Processing /opt/airflow/dags/load_cb_courses.py took 0.550 seconds
[2026-02-26T16:12:22.875+0000] {processor.py:161} INFO - Started process (PID=414) to work on /opt/airflow/dags/load_cb_courses.py
[2026-02-26T16:12:22.876+0000] {processor.py:830} INFO - Processing file /opt/airflow/dags/load_cb_courses.py for tasks to queue
[2026-02-26T16:12:22.879+0000] {logging_mixin.py:188} INFO - [2026-02-26T16:12:22.878+0000] {dagbag.py:545} INFO - Filling up the DagBag from /opt/airflow/dags/load_cb_courses.py
[2026-02-26T16:12:23.483+0000] {processor.py:840} INFO - DAG(s) 'load_cb_courses' retrieved from /opt/airflow/dags/load_cb_courses.py
[2026-02-26T16:12:23.521+0000] {logging_mixin.py:188} INFO - [2026-02-26T16:12:23.521+0000] {dag.py:3089} INFO - Sync 1 DAGs
[2026-02-26T16:12:23.544+0000] {logging_mixin.py:188} INFO - [2026-02-26T16:12:23.544+0000] {dag.py:3947} INFO - Setting next_dagrun for load_cb_courses to 2026-02-26 00:00:00+00:00, run_after=2026-02-27 00:00:00+00:00
[2026-02-26T16:12:23.589+0000] {processor.py:183} INFO - Processing /opt/airflow/dags/load_cb_courses.py took 0.721 seconds
[2026-02-26T16:12:54.095+0000] {processor.py:161} INFO - Started process (PID=447) to work on /opt/airflow/dags/load_cb_courses.py
[2026-02-26T16:12:54.096+0000] {processor.py:830} INFO - Processing file /opt/airflow/dags/load_cb_courses.py for tasks to queue
[2026-02-26T16:12:54.098+0000] {logging_mixin.py:188} INFO - [2026-02-26T16:12:54.098+0000] {dagbag.py:545} INFO - Filling up the DagBag from /opt/airflow/dags/load_cb_courses.py
[2026-02-26T16:12:54.553+0000] {processor.py:840} INFO - DAG(s) 'load_cb_courses' retrieved from /opt/airflow/dags/load_cb_courses.py
[2026-02-26T16:12:54.580+0000] {logging_mixin.py:188} INFO - [2026-02-26T16:12:54.579+0000] {dag.py:3089} INFO - Sync 1 DAGs
[2026-02-26T16:12:54.601+0000] {logging_mixin.py:188} INFO - [2026-02-26T16:12:54.601+0000] {dag.py:3947} INFO - Setting next_dagrun for load_cb_courses to 2026-02-26 00:00:00+00:00, run_after=2026-02-27 00:00:00+00:00
[2026-02-26T16:12:54.626+0000] {processor.py:183} INFO - Processing /opt/airflow/dags/load_cb_courses.py took 0.537 seconds
[2026-02-26T16:13:24.728+0000] {processor.py:161} INFO - Started process (PID=473) to work on /opt/airflow/dags/load_cb_courses.py
[2026-02-26T16:13:24.730+0000] {processor.py:830} INFO - Processing file /opt/airflow/dags/load_cb_courses.py for tasks to queue
[2026-02-26T16:13:24.732+0000] {logging_mixin.py:188} INFO - [2026-02-26T16:13:24.732+0000] {dagbag.py:545} INFO - Filling up the DagBag from /opt/airflow/dags/load_cb_courses.py
[2026-02-26T16:13:25.284+0000] {processor.py:840} INFO - DAG(s) 'load_cb_courses' retrieved from /opt/airflow/dags/load_cb_courses.py
[2026-02-26T16:13:25.320+0000] {logging_mixin.py:188} INFO - [2026-02-26T16:13:25.319+0000] {dag.py:3089} INFO - Sync 1 DAGs
[2026-02-26T16:13:25.347+0000] {logging_mixin.py:188} INFO - [2026-02-26T16:13:25.347+0000] {dag.py:3947} INFO - Setting next_dagrun for load_cb_courses to 2026-02-26 00:00:00+00:00, run_after=2026-02-27 00:00:00+00:00
[2026-02-26T16:13:25.376+0000] {processor.py:183} INFO - Processing /opt/airflow/dags/load_cb_courses.py took 0.656 seconds
[2026-02-26T16:13:55.993+0000] {processor.py:161} INFO - Started process (PID=504) to work on /opt/airflow/dags/load_cb_courses.py
[2026-02-26T16:13:55.995+0000] {processor.py:830} INFO - Processing file /opt/airflow/dags/load_cb_courses.py for tasks to queue
[2026-02-26T16:13:55.997+0000] {logging_mixin.py:188} INFO - [2026-02-26T16:13:55.996+0000] {dagbag.py:545} INFO - Filling up the DagBag from /opt/airflow/dags/load_cb_courses.py
[2026-02-26T16:13:56.537+0000] {processor.py:840} INFO - DAG(s) 'load_cb_courses' retrieved from /opt/airflow/dags/load_cb_courses.py
[2026-02-26T16:13:56.578+0000] {logging_mixin.py:188} INFO - [2026-02-26T16:13:56.578+0000] {dag.py:3089} INFO - Sync 1 DAGs
[2026-02-26T16:13:56.626+0000] {logging_mixin.py:188} INFO - [2026-02-26T16:13:56.625+0000] {dag.py:3947} INFO - Setting next_dagrun for load_cb_courses to 2026-02-26 00:00:00+00:00, run_after=2026-02-27 00:00:00+00:00
[2026-02-26T16:13:56.685+0000] {processor.py:183} INFO - Processing /opt/airflow/dags/load_cb_courses.py took 0.698 seconds
[2026-02-26T16:14:27.234+0000] {processor.py:161} INFO - Started process (PID=530) to work on /opt/airflow/dags/load_cb_courses.py
[2026-02-26T16:14:27.235+0000] {processor.py:830} INFO - Processing file /opt/airflow/dags/load_cb_courses.py for tasks to queue
[2026-02-26T16:14:27.238+0000] {logging_mixin.py:188} INFO - [2026-02-26T16:14:27.237+0000] {dagbag.py:545} INFO - Filling up the DagBag from /opt/airflow/dags/load_cb_courses.py
[2026-02-26T16:14:27.734+0000] {processor.py:840} INFO - DAG(s) 'load_cb_courses' retrieved from /opt/airflow/dags/load_cb_courses.py
[2026-02-26T16:14:27.761+0000] {logging_mixin.py:188} INFO - [2026-02-26T16:14:27.761+0000] {dag.py:3089} INFO - Sync 1 DAGs
[2026-02-26T16:14:27.794+0000] {logging_mixin.py:188} INFO - [2026-02-26T16:14:27.794+0000] {dag.py:3947} INFO - Setting next_dagrun for load_cb_courses to 2026-02-26 00:00:00+00:00, run_after=2026-02-27 00:00:00+00:00
[2026-02-26T16:14:27.823+0000] {processor.py:183} INFO - Processing /opt/airflow/dags/load_cb_courses.py took 0.597 seconds
[2026-02-26T16:14:57.939+0000] {processor.py:161} INFO - Started process (PID=563) to work on /opt/airflow/dags/load_cb_courses.py
[2026-02-26T16:14:57.941+0000] {processor.py:830} INFO - Processing file /opt/airflow/dags/load_cb_courses.py for tasks to queue
[2026-02-26T16:14:57.943+0000] {logging_mixin.py:188} INFO - [2026-02-26T16:14:57.943+0000] {dagbag.py:545} INFO - Filling up the DagBag from /opt/airflow/dags/load_cb_courses.py
[2026-02-26T16:14:58.407+0000] {processor.py:840} INFO - DAG(s) 'load_cb_courses' retrieved from /opt/airflow/dags/load_cb_courses.py
[2026-02-26T16:14:58.437+0000] {logging_mixin.py:188} INFO - [2026-02-26T16:14:58.436+0000] {dag.py:3089} INFO - Sync 1 DAGs
[2026-02-26T16:14:58.458+0000] {logging_mixin.py:188} INFO - [2026-02-26T16:14:58.458+0000] {dag.py:3947} INFO - Setting next_dagrun for load_cb_courses to 2026-02-26 00:00:00+00:00, run_after=2026-02-27 00:00:00+00:00
[2026-02-26T16:14:58.480+0000] {processor.py:183} INFO - Processing /opt/airflow/dags/load_cb_courses.py took 0.548 seconds
[2026-02-26T16:15:29.437+0000] {processor.py:161} INFO - Started process (PID=590) to work on /opt/airflow/dags/load_cb_courses.py
[2026-02-26T16:15:29.438+0000] {processor.py:830} INFO - Processing file /opt/airflow/dags/load_cb_courses.py for tasks to queue
[2026-02-26T16:15:29.442+0000] {logging_mixin.py:188} INFO - [2026-02-26T16:15:29.441+0000] {dagbag.py:545} INFO - Filling up the DagBag from /opt/airflow/dags/load_cb_courses.py
[2026-02-26T16:15:30.051+0000] {processor.py:840} INFO - DAG(s) 'load_cb_courses' retrieved from /opt/airflow/dags/load_cb_courses.py
[2026-02-26T16:15:30.087+0000] {logging_mixin.py:188} INFO - [2026-02-26T16:15:30.086+0000] {dag.py:3089} INFO - Sync 1 DAGs
[2026-02-26T16:15:30.111+0000] {logging_mixin.py:188} INFO - [2026-02-26T16:15:30.111+0000] {dag.py:3947} INFO - Setting next_dagrun for load_cb_courses to 2026-02-26 00:00:00+00:00, run_after=2026-02-27 00:00:00+00:00
[2026-02-26T16:15:30.162+0000] {processor.py:183} INFO - Processing /opt/airflow/dags/load_cb_courses.py took 0.731 seconds
[2026-02-26T16:16:00.648+0000] {processor.py:161} INFO - Started process (PID=623) to work on /opt/airflow/dags/load_cb_courses.py
[2026-02-26T16:16:00.649+0000] {processor.py:830} INFO - Processing file /opt/airflow/dags/load_cb_courses.py for tasks to queue
[2026-02-26T16:16:00.651+0000] {logging_mixin.py:188} INFO - [2026-02-26T16:16:00.651+0000] {dagbag.py:545} INFO - Filling up the DagBag from /opt/airflow/dags/load_cb_courses.py
[2026-02-26T16:16:01.137+0000] {processor.py:840} INFO - DAG(s) 'load_cb_courses' retrieved from /opt/airflow/dags/load_cb_courses.py
[2026-02-26T16:16:01.167+0000] {logging_mixin.py:188} INFO - [2026-02-26T16:16:01.166+0000] {dag.py:3089} INFO - Sync 1 DAGs
[2026-02-26T16:16:01.191+0000] {logging_mixin.py:188} INFO - [2026-02-26T16:16:01.191+0000] {dag.py:3947} INFO - Setting next_dagrun for load_cb_courses to 2026-02-26 00:00:00+00:00, run_after=2026-02-27 00:00:00+00:00
[2026-02-26T16:16:01.215+0000] {processor.py:183} INFO - Processing /opt/airflow/dags/load_cb_courses.py took 0.573 seconds
[2026-02-26T16:16:31.969+0000] {processor.py:161} INFO - Started process (PID=649) to work on /opt/airflow/dags/load_cb_courses.py
[2026-02-26T16:16:31.970+0000] {processor.py:830} INFO - Processing file /opt/airflow/dags/load_cb_courses.py for tasks to queue
[2026-02-26T16:16:31.972+0000] {logging_mixin.py:188} INFO - [2026-02-26T16:16:31.972+0000] {dagbag.py:545} INFO - Filling up the DagBag from /opt/airflow/dags/load_cb_courses.py
[2026-02-26T16:16:32.515+0000] {processor.py:840} INFO - DAG(s) 'load_cb_courses' retrieved from /opt/airflow/dags/load_cb_courses.py
[2026-02-26T16:16:32.547+0000] {logging_mixin.py:188} INFO - [2026-02-26T16:16:32.546+0000] {dag.py:3089} INFO - Sync 1 DAGs
[2026-02-26T16:16:32.580+0000] {logging_mixin.py:188} INFO - [2026-02-26T16:16:32.580+0000] {dag.py:3947} INFO - Setting next_dagrun for load_cb_courses to 2026-02-26 00:00:00+00:00, run_after=2026-02-27 00:00:00+00:00
[2026-02-26T16:16:32.610+0000] {processor.py:183} INFO - Processing /opt/airflow/dags/load_cb_courses.py took 0.648 seconds
[2026-02-26T16:17:03.139+0000] {processor.py:161} INFO - Started process (PID=682) to work on /opt/airflow/dags/load_cb_courses.py
[2026-02-26T16:17:03.141+0000] {processor.py:830} INFO - Processing file /opt/airflow/dags/load_cb_courses.py for tasks to queue
[2026-02-26T16:17:03.143+0000] {logging_mixin.py:188} INFO - [2026-02-26T16:17:03.142+0000] {dagbag.py:545} INFO - Filling up the DagBag from /opt/airflow/dags/load_cb_courses.py
[2026-02-26T16:17:03.602+0000] {processor.py:840} INFO - DAG(s) 'load_cb_courses' retrieved from /opt/airflow/dags/load_cb_courses.py
[2026-02-26T16:17:03.628+0000] {logging_mixin.py:188} INFO - [2026-02-26T16:17:03.627+0000] {dag.py:3089} INFO - Sync 1 DAGs
[2026-02-26T16:17:03.649+0000] {logging_mixin.py:188} INFO - [2026-02-26T16:17:03.649+0000] {dag.py:3947} INFO - Setting next_dagrun for load_cb_courses to 2026-02-26 00:00:00+00:00, run_after=2026-02-27 00:00:00+00:00
[2026-02-26T16:17:03.676+0000] {processor.py:183} INFO - Processing /opt/airflow/dags/load_cb_courses.py took 0.543 seconds
[2026-02-26T16:17:34.153+0000] {processor.py:161} INFO - Started process (PID=709) to work on /opt/airflow/dags/load_cb_courses.py
[2026-02-26T16:17:34.155+0000] {processor.py:830} INFO - Processing file /opt/airflow/dags/load_cb_courses.py for tasks to queue
[2026-02-26T16:17:34.159+0000] {logging_mixin.py:188} INFO - [2026-02-26T16:17:34.159+0000] {dagbag.py:545} INFO - Filling up the DagBag from /opt/airflow/dags/load_cb_courses.py
[2026-02-26T16:17:34.705+0000] {processor.py:840} INFO - DAG(s) 'load_cb_courses' retrieved from /opt/airflow/dags/load_cb_courses.py
[2026-02-26T16:17:34.736+0000] {logging_mixin.py:188} INFO - [2026-02-26T16:17:34.736+0000] {dag.py:3089} INFO - Sync 1 DAGs
[2026-02-26T16:17:34.756+0000] {logging_mixin.py:188} INFO - [2026-02-26T16:17:34.756+0000] {dag.py:3947} INFO - Setting next_dagrun for load_cb_courses to 2026-02-26 00:00:00+00:00, run_after=2026-02-27 00:00:00+00:00
[2026-02-26T16:17:34.785+0000] {processor.py:183} INFO - Processing /opt/airflow/dags/load_cb_courses.py took 0.639 seconds
[2026-02-26T16:18:05.307+0000] {processor.py:161} INFO - Started process (PID=742) to work on /opt/airflow/dags/load_cb_courses.py
[2026-02-26T16:18:05.309+0000] {processor.py:830} INFO - Processing file /opt/airflow/dags/load_cb_courses.py for tasks to queue
[2026-02-26T16:18:05.311+0000] {logging_mixin.py:188} INFO - [2026-02-26T16:18:05.310+0000] {dagbag.py:545} INFO - Filling up the DagBag from /opt/airflow/dags/load_cb_courses.py
[2026-02-26T16:18:05.762+0000] {processor.py:840} INFO - DAG(s) 'load_cb_courses' retrieved from /opt/airflow/dags/load_cb_courses.py
[2026-02-26T16:18:05.787+0000] {logging_mixin.py:188} INFO - [2026-02-26T16:18:05.786+0000] {dag.py:3089} INFO - Sync 1 DAGs
[2026-02-26T16:18:05.809+0000] {logging_mixin.py:188} INFO - [2026-02-26T16:18:05.809+0000] {dag.py:3947} INFO - Setting next_dagrun for load_cb_courses to 2026-02-26 00:00:00+00:00, run_after=2026-02-27 00:00:00+00:00
[2026-02-26T16:18:05.836+0000] {processor.py:183} INFO - Processing /opt/airflow/dags/load_cb_courses.py took 0.535 seconds
[2026-02-26T16:18:36.009+0000] {processor.py:161} INFO - Started process (PID=768) to work on /opt/airflow/dags/load_cb_courses.py
[2026-02-26T16:18:36.010+0000] {processor.py:830} INFO - Processing file /opt/airflow/dags/load_cb_courses.py for tasks to queue
[2026-02-26T16:18:36.013+0000] {logging_mixin.py:188} INFO - [2026-02-26T16:18:36.012+0000] {dagbag.py:545} INFO - Filling up the DagBag from /opt/airflow/dags/load_cb_courses.py
[2026-02-26T16:18:36.822+0000] {processor.py:840} INFO - DAG(s) 'load_cb_courses' retrieved from /opt/airflow/dags/load_cb_courses.py
[2026-02-26T16:18:36.859+0000] {logging_mixin.py:188} INFO - [2026-02-26T16:18:36.858+0000] {dag.py:3089} INFO - Sync 1 DAGs
[2026-02-26T16:18:36.882+0000] {logging_mixin.py:188} INFO - [2026-02-26T16:18:36.882+0000] {dag.py:3947} INFO - Setting next_dagrun for load_cb_courses to 2026-02-26 00:00:00+00:00, run_after=2026-02-27 00:00:00+00:00
[2026-02-26T16:18:36.912+0000] {processor.py:183} INFO - Processing /opt/airflow/dags/load_cb_courses.py took 0.909 seconds
[2026-02-26T16:19:07.404+0000] {processor.py:161} INFO - Started process (PID=800) to work on /opt/airflow/dags/load_cb_courses.py
[2026-02-26T16:19:07.405+0000] {processor.py:830} INFO - Processing file /opt/airflow/dags/load_cb_courses.py for tasks to queue
[2026-02-26T16:19:07.408+0000] {logging_mixin.py:188} INFO - [2026-02-26T16:19:07.407+0000] {dagbag.py:545} INFO - Filling up the DagBag from /opt/airflow/dags/load_cb_courses.py
[2026-02-26T16:19:07.893+0000] {processor.py:840} INFO - DAG(s) 'load_cb_courses' retrieved from /opt/airflow/dags/load_cb_courses.py
[2026-02-26T16:19:07.924+0000] {logging_mixin.py:188} INFO - [2026-02-26T16:19:07.924+0000] {dag.py:3089} INFO - Sync 1 DAGs
[2026-02-26T16:19:07.947+0000] {logging_mixin.py:188} INFO - [2026-02-26T16:19:07.946+0000] {dag.py:3947} INFO - Setting next_dagrun for load_cb_courses to 2026-02-26 00:00:00+00:00, run_after=2026-02-27 00:00:00+00:00
[2026-02-26T16:19:07.975+0000] {processor.py:183} INFO - Processing /opt/airflow/dags/load_cb_courses.py took 0.577 seconds
[2026-02-26T16:19:38.496+0000] {processor.py:161} INFO - Started process (PID=827) to work on /opt/airflow/dags/load_cb_courses.py
[2026-02-26T16:19:38.498+0000] {processor.py:830} INFO - Processing file /opt/airflow/dags/load_cb_courses.py for tasks to queue
[2026-02-26T16:19:38.500+0000] {logging_mixin.py:188} INFO - [2026-02-26T16:19:38.500+0000] {dagbag.py:545} INFO - Filling up the DagBag from /opt/airflow/dags/load_cb_courses.py
[2026-02-26T16:19:39.142+0000] {processor.py:840} INFO - DAG(s) 'load_cb_courses' retrieved from /opt/airflow/dags/load_cb_courses.py
[2026-02-26T16:19:39.178+0000] {logging_mixin.py:188} INFO - [2026-02-26T16:19:39.177+0000] {dag.py:3089} INFO - Sync 1 DAGs
[2026-02-26T16:19:39.203+0000] {logging_mixin.py:188} INFO - [2026-02-26T16:19:39.202+0000] {dag.py:3947} INFO - Setting next_dagrun for load_cb_courses to 2026-02-26 00:00:00+00:00, run_after=2026-02-27 00:00:00+00:00
[2026-02-26T16:19:39.232+0000] {processor.py:183} INFO - Processing /opt/airflow/dags/load_cb_courses.py took 0.744 seconds
[2026-02-26T16:20:09.753+0000] {processor.py:161} INFO - Started process (PID=860) to work on /opt/airflow/dags/load_cb_courses.py
[2026-02-26T16:20:09.754+0000] {processor.py:830} INFO - Processing file /opt/airflow/dags/load_cb_courses.py for tasks to queue
[2026-02-26T16:20:09.757+0000] {logging_mixin.py:188} INFO - [2026-02-26T16:20:09.756+0000] {dagbag.py:545} INFO - Filling up the DagBag from /opt/airflow/dags/load_cb_courses.py
[2026-02-26T16:20:10.228+0000] {processor.py:840} INFO - DAG(s) 'load_cb_courses' retrieved from /opt/airflow/dags/load_cb_courses.py
[2026-02-26T16:20:10.258+0000] {logging_mixin.py:188} INFO - [2026-02-26T16:20:10.257+0000] {dag.py:3089} INFO - Sync 1 DAGs
[2026-02-26T16:20:10.281+0000] {logging_mixin.py:188} INFO - [2026-02-26T16:20:10.281+0000] {dag.py:3947} INFO - Setting next_dagrun for load_cb_courses to 2026-02-26 00:00:00+00:00, run_after=2026-02-27 00:00:00+00:00
[2026-02-26T16:20:10.306+0000] {processor.py:183} INFO - Processing /opt/airflow/dags/load_cb_courses.py took 0.559 seconds
[2026-02-26T16:20:40.867+0000] {processor.py:161} INFO - Started process (PID=886) to work on /opt/airflow/dags/load_cb_courses.py
[2026-02-26T16:20:40.868+0000] {processor.py:830} INFO - Processing file /opt/airflow/dags/load_cb_courses.py for tasks to queue
[2026-02-26T16:20:40.870+0000] {logging_mixin.py:188} INFO - [2026-02-26T16:20:40.870+0000] {dagbag.py:545} INFO - Filling up the DagBag from /opt/airflow/dags/load_cb_courses.py
[2026-02-26T16:20:41.427+0000] {processor.py:840} INFO - DAG(s) 'load_cb_courses' retrieved from /opt/airflow/dags/load_cb_courses.py
[2026-02-26T16:20:41.460+0000] {logging_mixin.py:188} INFO - [2026-02-26T16:20:41.460+0000] {dag.py:3089} INFO - Sync 1 DAGs
[2026-02-26T16:20:41.487+0000] {logging_mixin.py:188} INFO - [2026-02-26T16:20:41.486+0000] {dag.py:3947} INFO - Setting next_dagrun for load_cb_courses to 2026-02-26 00:00:00+00:00, run_after=2026-02-27 00:00:00+00:00
[2026-02-26T16:20:41.525+0000] {processor.py:183} INFO - Processing /opt/airflow/dags/load_cb_courses.py took 0.665 seconds
[2026-02-26T16:21:11.957+0000] {processor.py:161} INFO - Started process (PID=919) to work on /opt/airflow/dags/load_cb_courses.py
[2026-02-26T16:21:11.959+0000] {processor.py:830} INFO - Processing file /opt/airflow/dags/load_cb_courses.py for tasks to queue
[2026-02-26T16:21:11.961+0000] {logging_mixin.py:188} INFO - [2026-02-26T16:21:11.961+0000] {dagbag.py:545} INFO - Filling up the DagBag from /opt/airflow/dags/load_cb_courses.py
[2026-02-26T16:21:12.423+0000] {processor.py:840} INFO - DAG(s) 'load_cb_courses' retrieved from /opt/airflow/dags/load_cb_courses.py
[2026-02-26T16:21:12.451+0000] {logging_mixin.py:188} INFO - [2026-02-26T16:21:12.451+0000] {dag.py:3089} INFO - Sync 1 DAGs
[2026-02-26T16:21:12.474+0000] {logging_mixin.py:188} INFO - [2026-02-26T16:21:12.474+0000] {dag.py:3947} INFO - Setting next_dagrun for load_cb_courses to 2026-02-26 00:00:00+00:00, run_after=2026-02-27 00:00:00+00:00
[2026-02-26T16:21:12.500+0000] {processor.py:183} INFO - Processing /opt/airflow/dags/load_cb_courses.py took 0.549 seconds
[2026-02-26T16:21:43.045+0000] {processor.py:161} INFO - Started process (PID=945) to work on /opt/airflow/dags/load_cb_courses.py
[2026-02-26T16:21:43.046+0000] {processor.py:830} INFO - Processing file /opt/airflow/dags/load_cb_courses.py for tasks to queue
[2026-02-26T16:21:43.049+0000] {logging_mixin.py:188} INFO - [2026-02-26T16:21:43.048+0000] {dagbag.py:545} INFO - Filling up the DagBag from /opt/airflow/dags/load_cb_courses.py
[2026-02-26T16:21:43.616+0000] {processor.py:840} INFO - DAG(s) 'load_cb_courses' retrieved from /opt/airflow/dags/load_cb_courses.py
[2026-02-26T16:21:43.651+0000] {logging_mixin.py:188} INFO - [2026-02-26T16:21:43.651+0000] {dag.py:3089} INFO - Sync 1 DAGs
[2026-02-26T16:21:43.683+0000] {logging_mixin.py:188} INFO - [2026-02-26T16:21:43.683+0000] {dag.py:3947} INFO - Setting next_dagrun for load_cb_courses to 2026-02-26 00:00:00+00:00, run_after=2026-02-27 00:00:00+00:00
[2026-02-26T16:21:43.712+0000] {processor.py:183} INFO - Processing /opt/airflow/dags/load_cb_courses.py took 0.675 seconds
[2026-02-26T16:22:14.272+0000] {processor.py:161} INFO - Started process (PID=977) to work on /opt/airflow/dags/load_cb_courses.py
[2026-02-26T16:22:14.273+0000] {processor.py:830} INFO - Processing file /opt/airflow/dags/load_cb_courses.py for tasks to queue
[2026-02-26T16:22:14.275+0000] {logging_mixin.py:188} INFO - [2026-02-26T16:22:14.275+0000] {dagbag.py:545} INFO - Filling up the DagBag from /opt/airflow/dags/load_cb_courses.py
[2026-02-26T16:22:14.767+0000] {processor.py:840} INFO - DAG(s) 'load_cb_courses' retrieved from /opt/airflow/dags/load_cb_courses.py
[2026-02-26T16:22:14.798+0000] {logging_mixin.py:188} INFO - [2026-02-26T16:22:14.797+0000] {dag.py:3089} INFO - Sync 1 DAGs
[2026-02-26T16:22:14.820+0000] {logging_mixin.py:188} INFO - [2026-02-26T16:22:14.820+0000] {dag.py:3947} INFO - Setting next_dagrun for load_cb_courses to 2026-02-26 00:00:00+00:00, run_after=2026-02-27 00:00:00+00:00
[2026-02-26T16:22:14.847+0000] {processor.py:183} INFO - Processing /opt/airflow/dags/load_cb_courses.py took 0.581 seconds
[2026-02-26T16:22:45.171+0000] {processor.py:161} INFO - Started process (PID=1002) to work on /opt/airflow/dags/load_cb_courses.py
[2026-02-26T16:22:45.172+0000] {processor.py:830} INFO - Processing file /opt/airflow/dags/load_cb_courses.py for tasks to queue
[2026-02-26T16:22:45.175+0000] {logging_mixin.py:188} INFO - [2026-02-26T16:22:45.174+0000] {dagbag.py:545} INFO - Filling up the DagBag from /opt/airflow/dags/load_cb_courses.py
[2026-02-26T16:22:45.746+0000] {processor.py:840} INFO - DAG(s) 'load_cb_courses' retrieved from /opt/airflow/dags/load_cb_courses.py
[2026-02-26T16:22:45.780+0000] {logging_mixin.py:188} INFO - [2026-02-26T16:22:45.779+0000] {dag.py:3089} INFO - Sync 1 DAGs
[2026-02-26T16:22:45.808+0000] {logging_mixin.py:188} INFO - [2026-02-26T16:22:45.807+0000] {dag.py:3947} INFO - Setting next_dagrun for load_cb_courses to 2026-02-26 00:00:00+00:00, run_after=2026-02-27 00:00:00+00:00
[2026-02-26T16:22:45.851+0000] {processor.py:183} INFO - Processing /opt/airflow/dags/load_cb_courses.py took 0.690 seconds
[2026-02-26T16:23:16.602+0000] {processor.py:161} INFO - Started process (PID=1035) to work on /opt/airflow/dags/load_cb_courses.py
[2026-02-26T16:23:16.604+0000] {processor.py:830} INFO - Processing file /opt/airflow/dags/load_cb_courses.py for tasks to queue
[2026-02-26T16:23:16.606+0000] {logging_mixin.py:188} INFO - [2026-02-26T16:23:16.605+0000] {dagbag.py:545} INFO - Filling up the DagBag from /opt/airflow/dags/load_cb_courses.py
[2026-02-26T16:23:17.102+0000] {processor.py:840} INFO - DAG(s) 'load_cb_courses' retrieved from /opt/airflow/dags/load_cb_courses.py
[2026-02-26T16:23:17.128+0000] {logging_mixin.py:188} INFO - [2026-02-26T16:23:17.128+0000] {dag.py:3089} INFO - Sync 1 DAGs
[2026-02-26T16:23:17.154+0000] {logging_mixin.py:188} INFO - [2026-02-26T16:23:17.153+0000] {dag.py:3947} INFO - Setting next_dagrun for load_cb_courses to 2026-02-26 00:00:00+00:00, run_after=2026-02-27 00:00:00+00:00
[2026-02-26T16:23:17.178+0000] {processor.py:183} INFO - Processing /opt/airflow/dags/load_cb_courses.py took 0.584 seconds
[2026-02-26T16:23:47.730+0000] {processor.py:161} INFO - Started process (PID=1061) to work on /opt/airflow/dags/load_cb_courses.py
[2026-02-26T16:23:47.731+0000] {processor.py:830} INFO - Processing file /opt/airflow/dags/load_cb_courses.py for tasks to queue
[2026-02-26T16:23:47.734+0000] {logging_mixin.py:188} INFO - [2026-02-26T16:23:47.733+0000] {dagbag.py:545} INFO - Filling up the DagBag from /opt/airflow/dags/load_cb_courses.py
[2026-02-26T16:23:48.290+0000] {processor.py:840} INFO - DAG(s) 'load_cb_courses' retrieved from /opt/airflow/dags/load_cb_courses.py
[2026-02-26T16:23:48.325+0000] {logging_mixin.py:188} INFO - [2026-02-26T16:23:48.325+0000] {dag.py:3089} INFO - Sync 1 DAGs
[2026-02-26T16:23:48.349+0000] {logging_mixin.py:188} INFO - [2026-02-26T16:23:48.349+0000] {dag.py:3947} INFO - Setting next_dagrun for load_cb_courses to 2026-02-26 00:00:00+00:00, run_after=2026-02-27 00:00:00+00:00
[2026-02-26T16:23:48.374+0000] {processor.py:183} INFO - Processing /opt/airflow/dags/load_cb_courses.py took 0.652 seconds
[2026-02-26T16:24:18.670+0000] {processor.py:161} INFO - Started process (PID=1094) to work on /opt/airflow/dags/load_cb_courses.py
[2026-02-26T16:24:18.671+0000] {processor.py:830} INFO - Processing file /opt/airflow/dags/load_cb_courses.py for tasks to queue
[2026-02-26T16:24:18.675+0000] {logging_mixin.py:188} INFO - [2026-02-26T16:24:18.675+0000] {dagbag.py:545} INFO - Filling up the DagBag from /opt/airflow/dags/load_cb_courses.py
[2026-02-26T16:24:19.373+0000] {processor.py:840} INFO - DAG(s) 'load_cb_courses' retrieved from /opt/airflow/dags/load_cb_courses.py
[2026-02-26T16:24:19.403+0000] {logging_mixin.py:188} INFO - [2026-02-26T16:24:19.402+0000] {dag.py:3089} INFO - Sync 1 DAGs
[2026-02-26T16:24:19.428+0000] {logging_mixin.py:188} INFO - [2026-02-26T16:24:19.427+0000] {dag.py:3947} INFO - Setting next_dagrun for load_cb_courses to 2026-02-26 00:00:00+00:00, run_after=2026-02-27 00:00:00+00:00
[2026-02-26T16:24:19.455+0000] {processor.py:183} INFO - Processing /opt/airflow/dags/load_cb_courses.py took 0.797 seconds
[2026-02-26T16:24:49.910+0000] {processor.py:161} INFO - Started process (PID=1120) to work on /opt/airflow/dags/load_cb_courses.py
[2026-02-26T16:24:49.911+0000] {processor.py:830} INFO - Processing file /opt/airflow/dags/load_cb_courses.py for tasks to queue
[2026-02-26T16:24:49.914+0000] {logging_mixin.py:188} INFO - [2026-02-26T16:24:49.913+0000] {dagbag.py:545} INFO - Filling up the DagBag from /opt/airflow/dags/load_cb_courses.py
[2026-02-26T16:24:50.444+0000] {processor.py:840} INFO - DAG(s) 'load_cb_courses' retrieved from /opt/airflow/dags/load_cb_courses.py
[2026-02-26T16:24:50.482+0000] {logging_mixin.py:188} INFO - [2026-02-26T16:24:50.482+0000] {dag.py:3089} INFO - Sync 1 DAGs
[2026-02-26T16:24:50.510+0000] {logging_mixin.py:188} INFO - [2026-02-26T16:24:50.510+0000] {dag.py:3947} INFO - Setting next_dagrun for load_cb_courses to 2026-02-26 00:00:00+00:00, run_after=2026-02-27 00:00:00+00:00
[2026-02-26T16:24:50.543+0000] {processor.py:183} INFO - Processing /opt/airflow/dags/load_cb_courses.py took 0.639 seconds
[2026-02-26T16:25:21.104+0000] {processor.py:161} INFO - Started process (PID=1155) to work on /opt/airflow/dags/load_cb_courses.py
[2026-02-26T16:25:21.105+0000] {processor.py:830} INFO - Processing file /opt/airflow/dags/load_cb_courses.py for tasks to queue
[2026-02-26T16:25:21.108+0000] {logging_mixin.py:188} INFO - [2026-02-26T16:25:21.107+0000] {dagbag.py:545} INFO - Filling up the DagBag from /opt/airflow/dags/load_cb_courses.py
[2026-02-26T16:25:21.658+0000] {processor.py:840} INFO - DAG(s) 'load_cb_courses' retrieved from /opt/airflow/dags/load_cb_courses.py
[2026-02-26T16:25:21.689+0000] {logging_mixin.py:188} INFO - [2026-02-26T16:25:21.688+0000] {dag.py:3089} INFO - Sync 1 DAGs
[2026-02-26T16:25:21.717+0000] {logging_mixin.py:188} INFO - [2026-02-26T16:25:21.716+0000] {dag.py:3947} INFO - Setting next_dagrun for load_cb_courses to 2026-02-26 00:00:00+00:00, run_after=2026-02-27 00:00:00+00:00
[2026-02-26T16:25:21.744+0000] {processor.py:183} INFO - Processing /opt/airflow/dags/load_cb_courses.py took 0.648 seconds
[2026-02-26T16:25:52.252+0000] {processor.py:161} INFO - Started process (PID=1181) to work on /opt/airflow/dags/load_cb_courses.py
[2026-02-26T16:25:52.253+0000] {processor.py:830} INFO - Processing file /opt/airflow/dags/load_cb_courses.py for tasks to queue
[2026-02-26T16:25:52.256+0000] {logging_mixin.py:188} INFO - [2026-02-26T16:25:52.256+0000] {dagbag.py:545} INFO - Filling up the DagBag from /opt/airflow/dags/load_cb_courses.py
[2026-02-26T16:25:52.806+0000] {processor.py:840} INFO - DAG(s) 'load_cb_courses' retrieved from /opt/airflow/dags/load_cb_courses.py
[2026-02-26T16:25:52.839+0000] {logging_mixin.py:188} INFO - [2026-02-26T16:25:52.838+0000] {dag.py:3089} INFO - Sync 1 DAGs
[2026-02-26T16:25:52.861+0000] {logging_mixin.py:188} INFO - [2026-02-26T16:25:52.861+0000] {dag.py:3947} INFO - Setting next_dagrun for load_cb_courses to 2026-02-26 00:00:00+00:00, run_after=2026-02-27 00:00:00+00:00
[2026-02-26T16:25:52.888+0000] {processor.py:183} INFO - Processing /opt/airflow/dags/load_cb_courses.py took 0.646 seconds
[2026-02-26T16:26:23.441+0000] {processor.py:161} INFO - Started process (PID=1214) to work on /opt/airflow/dags/load_cb_courses.py
[2026-02-26T16:26:23.444+0000] {processor.py:830} INFO - Processing file /opt/airflow/dags/load_cb_courses.py for tasks to queue
[2026-02-26T16:26:23.447+0000] {logging_mixin.py:188} INFO - [2026-02-26T16:26:23.446+0000] {dagbag.py:545} INFO - Filling up the DagBag from /opt/airflow/dags/load_cb_courses.py
[2026-02-26T16:26:24.148+0000] {processor.py:840} INFO - DAG(s) 'load_cb_courses' retrieved from /opt/airflow/dags/load_cb_courses.py
[2026-02-26T16:26:24.183+0000] {logging_mixin.py:188} INFO - [2026-02-26T16:26:24.182+0000] {dag.py:3089} INFO - Sync 1 DAGs
[2026-02-26T16:26:24.220+0000] {logging_mixin.py:188} INFO - [2026-02-26T16:26:24.220+0000] {dag.py:3947} INFO - Setting next_dagrun for load_cb_courses to 2026-02-26 00:00:00+00:00, run_after=2026-02-27 00:00:00+00:00
[2026-02-26T16:26:24.259+0000] {processor.py:183} INFO - Processing /opt/airflow/dags/load_cb_courses.py took 0.834 seconds
[2026-02-26T16:26:54.868+0000] {processor.py:161} INFO - Started process (PID=1240) to work on /opt/airflow/dags/load_cb_courses.py
[2026-02-26T16:26:54.869+0000] {processor.py:830} INFO - Processing file /opt/airflow/dags/load_cb_courses.py for tasks to queue
[2026-02-26T16:26:54.871+0000] {logging_mixin.py:188} INFO - [2026-02-26T16:26:54.870+0000] {dagbag.py:545} INFO - Filling up the DagBag from /opt/airflow/dags/load_cb_courses.py
[2026-02-26T16:26:55.393+0000] {processor.py:840} INFO - DAG(s) 'load_cb_courses' retrieved from /opt/airflow/dags/load_cb_courses.py
[2026-02-26T16:26:55.426+0000] {logging_mixin.py:188} INFO - [2026-02-26T16:26:55.426+0000] {dag.py:3089} INFO - Sync 1 DAGs
[2026-02-26T16:26:55.456+0000] {logging_mixin.py:188} INFO - [2026-02-26T16:26:55.456+0000] {dag.py:3947} INFO - Setting next_dagrun for load_cb_courses to 2026-02-26 00:00:00+00:00, run_after=2026-02-27 00:00:00+00:00
[2026-02-26T16:26:55.496+0000] {processor.py:183} INFO - Processing /opt/airflow/dags/load_cb_courses.py took 0.635 seconds
[2026-02-26T16:27:25.992+0000] {processor.py:161} INFO - Started process (PID=1273) to work on /opt/airflow/dags/load_cb_courses.py
[2026-02-26T16:27:25.994+0000] {processor.py:830} INFO - Processing file /opt/airflow/dags/load_cb_courses.py for tasks to queue
[2026-02-26T16:27:25.996+0000] {logging_mixin.py:188} INFO - [2026-02-26T16:27:25.995+0000] {dagbag.py:545} INFO - Filling up the DagBag from /opt/airflow/dags/load_cb_courses.py
[2026-02-26T16:27:26.512+0000] {processor.py:840} INFO - DAG(s) 'load_cb_courses' retrieved from /opt/airflow/dags/load_cb_courses.py
[2026-02-26T16:27:26.540+0000] {logging_mixin.py:188} INFO - [2026-02-26T16:27:26.539+0000] {dag.py:3089} INFO - Sync 1 DAGs
[2026-02-26T16:27:26.566+0000] {logging_mixin.py:188} INFO - [2026-02-26T16:27:26.565+0000] {dag.py:3947} INFO - Setting next_dagrun for load_cb_courses to 2026-02-26 00:00:00+00:00, run_after=2026-02-27 00:00:00+00:00
[2026-02-26T16:27:26.591+0000] {processor.py:183} INFO - Processing /opt/airflow/dags/load_cb_courses.py took 0.606 seconds
[2026-02-26T16:27:57.125+0000] {processor.py:161} INFO - Started process (PID=1300) to work on /opt/airflow/dags/load_cb_courses.py
[2026-02-26T16:27:57.127+0000] {processor.py:830} INFO - Processing file /opt/airflow/dags/load_cb_courses.py for tasks to queue
[2026-02-26T16:27:57.130+0000] {logging_mixin.py:188} INFO - [2026-02-26T16:27:57.129+0000] {dagbag.py:545} INFO - Filling up the DagBag from /opt/airflow/dags/load_cb_courses.py
[2026-02-26T16:27:57.657+0000] {processor.py:840} INFO - DAG(s) 'load_cb_courses' retrieved from /opt/airflow/dags/load_cb_courses.py
[2026-02-26T16:27:57.682+0000] {logging_mixin.py:188} INFO - [2026-02-26T16:27:57.681+0000] {dag.py:3089} INFO - Sync 1 DAGs
[2026-02-26T16:27:57.705+0000] {logging_mixin.py:188} INFO - [2026-02-26T16:27:57.705+0000] {dag.py:3947} INFO - Setting next_dagrun for load_cb_courses to 2026-02-26 00:00:00+00:00, run_after=2026-02-27 00:00:00+00:00
[2026-02-26T16:27:57.729+0000] {processor.py:183} INFO - Processing /opt/airflow/dags/load_cb_courses.py took 0.614 seconds
[2026-02-26T16:28:27.956+0000] {processor.py:161} INFO - Started process (PID=1334) to work on /opt/airflow/dags/load_cb_courses.py
[2026-02-26T16:28:27.958+0000] {processor.py:830} INFO - Processing file /opt/airflow/dags/load_cb_courses.py for tasks to queue
[2026-02-26T16:28:27.959+0000] {logging_mixin.py:188} INFO - [2026-02-26T16:28:27.959+0000] {dagbag.py:545} INFO - Filling up the DagBag from /opt/airflow/dags/load_cb_courses.py
[2026-02-26T16:28:28.496+0000] {processor.py:840} INFO - DAG(s) 'load_cb_courses' retrieved from /opt/airflow/dags/load_cb_courses.py
[2026-02-26T16:28:28.528+0000] {logging_mixin.py:188} INFO - [2026-02-26T16:28:28.528+0000] {dag.py:3089} INFO - Sync 1 DAGs
[2026-02-26T16:28:28.557+0000] {logging_mixin.py:188} INFO - [2026-02-26T16:28:28.557+0000] {dag.py:3947} INFO - Setting next_dagrun for load_cb_courses to 2026-02-26 00:00:00+00:00, run_after=2026-02-27 00:00:00+00:00
[2026-02-26T16:28:28.584+0000] {processor.py:183} INFO - Processing /opt/airflow/dags/load_cb_courses.py took 0.635 seconds
[2026-02-26T16:28:58.870+0000] {processor.py:161} INFO - Started process (PID=1359) to work on /opt/airflow/dags/load_cb_courses.py
[2026-02-26T16:28:58.871+0000] {processor.py:830} INFO - Processing file /opt/airflow/dags/load_cb_courses.py for tasks to queue
[2026-02-26T16:28:58.874+0000] {logging_mixin.py:188} INFO - [2026-02-26T16:28:58.873+0000] {dagbag.py:545} INFO - Filling up the DagBag from /opt/airflow/dags/load_cb_courses.py
[2026-02-26T16:28:59.326+0000] {processor.py:840} INFO - DAG(s) 'load_cb_courses' retrieved from /opt/airflow/dags/load_cb_courses.py
[2026-02-26T16:28:59.371+0000] {logging_mixin.py:188} INFO - [2026-02-26T16:28:59.370+0000] {dag.py:3089} INFO - Sync 1 DAGs
[2026-02-26T16:28:59.395+0000] {logging_mixin.py:188} INFO - [2026-02-26T16:28:59.395+0000] {dag.py:3947} INFO - Setting next_dagrun for load_cb_courses to 2026-02-26 00:00:00+00:00, run_after=2026-02-27 00:00:00+00:00
[2026-02-26T16:28:59.428+0000] {processor.py:183} INFO - Processing /opt/airflow/dags/load_cb_courses.py took 0.565 seconds
[2026-02-26T16:29:29.919+0000] {processor.py:161} INFO - Started process (PID=1393) to work on /opt/airflow/dags/load_cb_courses.py
[2026-02-26T16:29:29.920+0000] {processor.py:830} INFO - Processing file /opt/airflow/dags/load_cb_courses.py for tasks to queue
[2026-02-26T16:29:29.925+0000] {logging_mixin.py:188} INFO - [2026-02-26T16:29:29.924+0000] {dagbag.py:545} INFO - Filling up the DagBag from /opt/airflow/dags/load_cb_courses.py
[2026-02-26T16:29:30.424+0000] {processor.py:840} INFO - DAG(s) 'load_cb_courses' retrieved from /opt/airflow/dags/load_cb_courses.py
[2026-02-26T16:29:30.452+0000] {logging_mixin.py:188} INFO - [2026-02-26T16:29:30.451+0000] {dag.py:3089} INFO - Sync 1 DAGs
[2026-02-26T16:29:30.475+0000] {logging_mixin.py:188} INFO - [2026-02-26T16:29:30.475+0000] {dag.py:3947} INFO - Setting next_dagrun for load_cb_courses to 2026-02-26 00:00:00+00:00, run_after=2026-02-27 00:00:00+00:00
[2026-02-26T16:29:30.499+0000] {processor.py:183} INFO - Processing /opt/airflow/dags/load_cb_courses.py took 0.588 seconds
[2026-02-26T16:30:00.703+0000] {processor.py:161} INFO - Started process (PID=1418) to work on /opt/airflow/dags/load_cb_courses.py
[2026-02-26T16:30:00.705+0000] {processor.py:830} INFO - Processing file /opt/airflow/dags/load_cb_courses.py for tasks to queue
[2026-02-26T16:30:00.707+0000] {logging_mixin.py:188} INFO - [2026-02-26T16:30:00.707+0000] {dagbag.py:545} INFO - Filling up the DagBag from /opt/airflow/dags/load_cb_courses.py
[2026-02-26T16:30:01.175+0000] {processor.py:840} INFO - DAG(s) 'load_cb_courses' retrieved from /opt/airflow/dags/load_cb_courses.py
[2026-02-26T16:30:01.200+0000] {logging_mixin.py:188} INFO - [2026-02-26T16:30:01.200+0000] {dag.py:3089} INFO - Sync 1 DAGs
[2026-02-26T16:30:01.223+0000] {logging_mixin.py:188} INFO - [2026-02-26T16:30:01.222+0000] {dag.py:3947} INFO - Setting next_dagrun for load_cb_courses to 2026-02-26 00:00:00+00:00, run_after=2026-02-27 00:00:00+00:00
[2026-02-26T16:30:01.250+0000] {processor.py:183} INFO - Processing /opt/airflow/dags/load_cb_courses.py took 0.553 seconds
[2026-02-26T16:30:31.635+0000] {processor.py:161} INFO - Started process (PID=1451) to work on /opt/airflow/dags/load_cb_courses.py
[2026-02-26T16:30:31.636+0000] {processor.py:830} INFO - Processing file /opt/airflow/dags/load_cb_courses.py for tasks to queue
[2026-02-26T16:30:31.639+0000] {logging_mixin.py:188} INFO - [2026-02-26T16:30:31.639+0000] {dagbag.py:545} INFO - Filling up the DagBag from /opt/airflow/dags/load_cb_courses.py
[2026-02-26T16:30:32.226+0000] {processor.py:840} INFO - DAG(s) 'load_cb_courses' retrieved from /opt/airflow/dags/load_cb_courses.py
[2026-02-26T16:30:32.262+0000] {logging_mixin.py:188} INFO - [2026-02-26T16:30:32.261+0000] {dag.py:3089} INFO - Sync 1 DAGs
[2026-02-26T16:30:32.289+0000] {logging_mixin.py:188} INFO - [2026-02-26T16:30:32.288+0000] {dag.py:3947} INFO - Setting next_dagrun for load_cb_courses to 2026-02-26 00:00:00+00:00, run_after=2026-02-27 00:00:00+00:00
[2026-02-26T16:30:32.314+0000] {processor.py:183} INFO - Processing /opt/airflow/dags/load_cb_courses.py took 0.686 seconds
[2026-02-26T16:31:02.464+0000] {processor.py:161} INFO - Started process (PID=1477) to work on /opt/airflow/dags/load_cb_courses.py
[2026-02-26T16:31:02.466+0000] {processor.py:830} INFO - Processing file /opt/airflow/dags/load_cb_courses.py for tasks to queue
[2026-02-26T16:31:02.469+0000] {logging_mixin.py:188} INFO - [2026-02-26T16:31:02.468+0000] {dagbag.py:545} INFO - Filling up the DagBag from /opt/airflow/dags/load_cb_courses.py
[2026-02-26T16:31:02.148+0000] {processor.py:840} INFO - DAG(s) 'load_cb_courses' retrieved from /opt/airflow/dags/load_cb_courses.py
[2026-02-26T16:31:02.173+0000] {logging_mixin.py:188} INFO - [2026-02-26T16:31:02.173+0000] {dag.py:3089} INFO - Sync 1 DAGs
[2026-02-26T16:31:02.193+0000] {logging_mixin.py:188} INFO - [2026-02-26T16:31:02.193+0000] {dag.py:3947} INFO - Setting next_dagrun for load_cb_courses to 2026-02-26 00:00:00+00:00, run_after=2026-02-27 00:00:00+00:00
[2026-02-26T16:31:02.216+0000] {processor.py:183} INFO - Processing /opt/airflow/dags/load_cb_courses.py took 0.597 seconds
[2026-02-26T16:31:32.780+0000] {processor.py:161} INFO - Started process (PID=1504) to work on /opt/airflow/dags/load_cb_courses.py
[2026-02-26T16:31:32.781+0000] {processor.py:830} INFO - Processing file /opt/airflow/dags/load_cb_courses.py for tasks to queue
[2026-02-26T16:31:32.785+0000] {logging_mixin.py:188} INFO - [2026-02-26T16:31:32.785+0000] {dagbag.py:545} INFO - Filling up the DagBag from /opt/airflow/dags/load_cb_courses.py
[2026-02-26T16:31:33.237+0000] {processor.py:840} INFO - DAG(s) 'load_cb_courses' retrieved from /opt/airflow/dags/load_cb_courses.py
[2026-02-26T16:31:33.262+0000] {logging_mixin.py:188} INFO - [2026-02-26T16:31:33.262+0000] {dag.py:3089} INFO - Sync 1 DAGs
[2026-02-26T16:31:33.286+0000] {logging_mixin.py:188} INFO - [2026-02-26T16:31:33.286+0000] {dag.py:3947} INFO - Setting next_dagrun for load_cb_courses to 2026-02-26 00:00:00+00:00, run_after=2026-02-27 00:00:00+00:00
[2026-02-26T16:31:33.312+0000] {processor.py:183} INFO - Processing /opt/airflow/dags/load_cb_courses.py took 0.538 seconds
[2026-02-26T16:32:03.820+0000] {processor.py:161} INFO - Started process (PID=1538) to work on /opt/airflow/dags/load_cb_courses.py
[2026-02-26T16:32:03.821+0000] {processor.py:830} INFO - Processing file /opt/airflow/dags/load_cb_courses.py for tasks to queue
[2026-02-26T16:32:03.824+0000] {logging_mixin.py:188} INFO - [2026-02-26T16:32:03.823+0000] {dagbag.py:545} INFO - Filling up the DagBag from /opt/airflow/dags/load_cb_courses.py
[2026-02-26T16:32:04.289+0000] {processor.py:840} INFO - DAG(s) 'load_cb_courses' retrieved from /opt/airflow/dags/load_cb_courses.py
[2026-02-26T16:32:04.318+0000] {logging_mixin.py:188} INFO - [2026-02-26T16:32:04.318+0000] {dag.py:3089} INFO - Sync 1 DAGs
[2026-02-26T16:32:04.344+0000] {logging_mixin.py:188} INFO - [2026-02-26T16:32:04.344+0000] {dag.py:3947} INFO - Setting next_dagrun for load_cb_courses to 2026-02-26 00:00:00+00:00, run_after=2026-02-27 00:00:00+00:00
[2026-02-26T16:32:04.369+0000] {processor.py:183} INFO - Processing /opt/airflow/dags/load_cb_courses.py took 0.556 seconds
[2026-02-26T16:32:34.961+0000] {processor.py:161} INFO - Started process (PID=1563) to work on /opt/airflow/dags/load_cb_courses.py
[2026-02-26T16:32:34.962+0000] {processor.py:830} INFO - Processing file /opt/airflow/dags/load_cb_courses.py for tasks to queue
[2026-02-26T16:32:34.965+0000] {logging_mixin.py:188} INFO - [2026-02-26T16:32:34.964+0000] {dagbag.py:545} INFO - Filling up the DagBag from /opt/airflow/dags/load_cb_courses.py
[2026-02-26T16:32:35.432+0000] {processor.py:840} INFO - DAG(s) 'load_cb_courses' retrieved from /opt/airflow/dags/load_cb_courses.py
[2026-02-26T16:32:35.459+0000] {logging_mixin.py:188} INFO - [2026-02-26T16:32:35.459+0000] {dag.py:3089} INFO - Sync 1 DAGs
[2026-02-26T16:32:35.481+0000] {logging_mixin.py:188} INFO - [2026-02-26T16:32:35.481+0000] {dag.py:3947} INFO - Setting next_dagrun for load_cb_courses to 2026-02-26 00:00:00+00:00, run_after=2026-02-27 00:00:00+00:00
[2026-02-26T16:32:35.506+0000] {processor.py:183} INFO - Processing /opt/airflow/dags/load_cb_courses.py took 0.551 seconds
[2026-02-26T16:33:05.974+0000] {processor.py:161} INFO - Started process (PID=1595) to work on /opt/airflow/dags/load_cb_courses.py
[2026-02-26T16:33:05.976+0000] {processor.py:830} INFO - Processing file /opt/airflow/dags/load_cb_courses.py for tasks to queue
[2026-02-26T16:33:05.978+0000] {logging_mixin.py:188} INFO - [2026-02-26T16:33:05.978+0000] {dagbag.py:545} INFO - Filling up the DagBag from /opt/airflow/dags/load_cb_courses.py
[2026-02-26T16:33:06.430+0000] {processor.py:840} INFO - DAG(s) 'load_cb_courses' retrieved from /opt/airflow/dags/load_cb_courses.py
[2026-02-26T16:33:06.456+0000] {logging_mixin.py:188} INFO - [2026-02-26T16:33:06.455+0000] {dag.py:3089} INFO - Sync 1 DAGs
[2026-02-26T16:33:06.477+0000] {logging_mixin.py:188} INFO - [2026-02-26T16:33:06.477+0000] {dag.py:3947} INFO - Setting next_dagrun for load_cb_courses to 2026-02-26 00:00:00+00:00, run_after=2026-02-27 00:00:00+00:00
[2026-02-26T16:33:06.502+0000] {processor.py:183} INFO - Processing /opt/airflow/dags/load_cb_courses.py took 0.534 seconds
[2026-02-26T16:33:37.015+0000] {processor.py:161} INFO - Started process (PID=1622) to work on /opt/airflow/dags/load_cb_courses.py
[2026-02-26T16:33:37.017+0000] {processor.py:830} INFO - Processing file /opt/airflow/dags/load_cb_courses.py for tasks to queue
[2026-02-26T16:33:37.019+0000] {logging_mixin.py:188} INFO - [2026-02-26T16:33:37.018+0000] {dagbag.py:545} INFO - Filling up the DagBag from /opt/airflow/dags/load_cb_courses.py
[2026-02-26T16:33:37.606+0000] {processor.py:840} INFO - DAG(s) 'load_cb_courses' retrieved from /opt/airflow/dags/load_cb_courses.py
[2026-02-26T16:33:37.631+0000] {logging_mixin.py:188} INFO - [2026-02-26T16:33:37.630+0000] {dag.py:3089} INFO - Sync 1 DAGs
[2026-02-26T16:33:37.654+0000] {logging_mixin.py:188} INFO - [2026-02-26T16:33:37.654+0000] {dag.py:3947} INFO - Setting next_dagrun for load_cb_courses to 2026-02-26 00:00:00+00:00, run_after=2026-02-27 00:00:00+00:00
[2026-02-26T16:33:37.673+0000] {processor.py:183} INFO - Processing /opt/airflow/dags/load_cb_courses.py took 0.665 seconds
[2026-02-26T16:34:08.440+0000] {processor.py:161} INFO - Started process (PID=1656) to work on /opt/airflow/dags/load_cb_courses.py
[2026-02-26T16:34:08.441+0000] {processor.py:830} INFO - Processing file /opt/airflow/dags/load_cb_courses.py for tasks to queue
[2026-02-26T16:34:08.443+0000] {logging_mixin.py:188} INFO - [2026-02-26T16:34:08.443+0000] {dagbag.py:545} INFO - Filling up the DagBag from /opt/airflow/dags/load_cb_courses.py
[2026-02-26T16:34:08.913+0000] {processor.py:840} INFO - DAG(s) 'load_cb_courses' retrieved from /opt/airflow/dags/load_cb_courses.py
[2026-02-26T16:34:08.941+0000] {logging_mixin.py:188} INFO - [2026-02-26T16:34:08.940+0000] {dag.py:3089} INFO - Sync 1 DAGs
[2026-02-26T16:34:08.965+0000] {logging_mixin.py:188} INFO - [2026-02-26T16:34:08.964+0000] {dag.py:3947} INFO - Setting next_dagrun for load_cb_courses to 2026-02-26 00:00:00+00:00, run_after=2026-02-27 00:00:00+00:00
[2026-02-26T16:34:08.988+0000] {processor.py:183} INFO - Processing /opt/airflow/dags/load_cb_courses.py took 0.555 seconds
[2026-02-26T16:34:39.497+0000] {processor.py:161} INFO - Started process (PID=1682) to work on /opt/airflow/dags/load_cb_courses.py
[2026-02-26T16:34:39.505+0000] {processor.py:830} INFO - Processing file /opt/airflow/dags/load_cb_courses.py for tasks to queue
[2026-02-26T16:34:39.509+0000] {logging_mixin.py:188} INFO - [2026-02-26T16:34:39.508+0000] {dagbag.py:545} INFO - Filling up the DagBag from /opt/airflow/dags/load_cb_courses.py
[2026-02-26T16:34:39.985+0000] {processor.py:840} INFO - DAG(s) 'load_cb_courses' retrieved from /opt/airflow/dags/load_cb_courses.py
[2026-02-26T16:34:40.007+0000] {logging_mixin.py:188} INFO - [2026-02-26T16:34:40.007+0000] {dag.py:3089} INFO - Sync 1 DAGs
[2026-02-26T16:34:40.031+0000] {logging_mixin.py:188} INFO - [2026-02-26T16:34:40.030+0000] {dag.py:3947} INFO - Setting next_dagrun for load_cb_courses to 2026-02-26 00:00:00+00:00, run_after=2026-02-27 00:00:00+00:00
[2026-02-26T16:34:40.054+0000] {processor.py:183} INFO - Processing /opt/airflow/dags/load_cb_courses.py took 0.566 seconds
[2026-02-26T16:35:10.552+0000] {processor.py:161} INFO - Started process (PID=1716) to work on /opt/airflow/dags/load_cb_courses.py
[2026-02-26T16:35:10.554+0000] {processor.py:830} INFO - Processing file /opt/airflow/dags/load_cb_courses.py for tasks to queue
[2026-02-26T16:35:10.557+0000] {logging_mixin.py:188} INFO - [2026-02-26T16:35:10.557+0000] {dagbag.py:545} INFO - Filling up the DagBag from /opt/airflow/dags/load_cb_courses.py
[2026-02-26T16:35:11.103+0000] {processor.py:840} INFO - DAG(s) 'load_cb_courses' retrieved from /opt/airflow/dags/load_cb_courses.py
[2026-02-26T16:35:11.129+0000] {logging_mixin.py:188} INFO - [2026-02-26T16:35:11.128+0000] {dag.py:3089} INFO - Sync 1 DAGs
[2026-02-26T16:35:11.154+0000] {logging_mixin.py:188} INFO - [2026-02-26T16:35:11.153+0000] {dag.py:3947} INFO - Setting next_dagrun for load_cb_courses to 2026-02-26 00:00:00+00:00, run_after=2026-02-27 00:00:00+00:00
[2026-02-26T16:35:11.178+0000] {processor.py:183} INFO - Processing /opt/airflow/dags/load_cb_courses.py took 0.637 seconds
[2026-02-26T16:35:41.836+0000] {processor.py:161} INFO - Started process (PID=1742) to work on /opt/airflow/dags/load_cb_courses.py
[2026-02-26T16:35:41.837+0000] {processor.py:830} INFO - Processing file /opt/airflow/dags/load_cb_courses.py for tasks to queue
[2026-02-26T16:35:41.839+0000] {logging_mixin.py:188} INFO - [2026-02-26T16:35:41.839+0000] {dagbag.py:545} INFO - Filling up the DagBag from /opt/airflow/dags/load_cb_courses.py
[2026-02-26T16:35:42.283+0000] {processor.py:840} INFO - DAG(s) 'load_cb_courses' retrieved from /opt/airflow/dags/load_cb_courses.py
[2026-02-26T16:35:42.311+0000] {logging_mixin.py:188} INFO - [2026-02-26T16:35:42.311+0000] {dag.py:3089} INFO - Sync 1 DAGs
[2026-02-26T16:35:42.334+0000] {logging_mixin.py:188} INFO - [2026-02-26T16:35:42.334+0000] {dag.py:3947} INFO - Setting next_dagrun for load_cb_courses to 2026-02-26 00:00:00+00:00, run_after=2026-02-27 00:00:00+00:00
[2026-02-26T16:35:42.357+0000] {processor.py:183} INFO - Processing /opt/airflow/dags/load_cb_courses.py took 0.527 seconds
[2026-02-26T16:36:12.829+0000] {processor.py:161} INFO - Started process (PID=1774) to work on /opt/airflow/dags/load_cb_courses.py
[2026-02-26T16:36:12.830+0000] {processor.py:830} INFO - Processing file /opt/airflow/dags/load_cb_courses.py for tasks to queue
[2026-02-26T16:36:12.832+0000] {logging_mixin.py:188} INFO - [2026-02-26T16:36:12.832+0000] {dagbag.py:545} INFO - Filling up the DagBag from /opt/airflow/dags/load_cb_courses.py
[2026-02-26T16:36:13.316+0000] {processor.py:840} INFO - DAG(s) 'load_cb_courses' retrieved from /opt/airflow/dags/load_cb_courses.py
[2026-02-26T16:36:13.345+0000] {logging_mixin.py:188} INFO - [2026-02-26T16:36:13.344+0000] {dag.py:3089} INFO - Sync 1 DAGs
[2026-02-26T16:36:13.367+0000] {logging_mixin.py:188} INFO - [2026-02-26T16:36:13.367+0000] {dag.py:3947} INFO - Setting next_dagrun for load_cb_courses to 2026-02-26 00:00:00+00:00, run_after=2026-02-27 00:00:00+00:00
[2026-02-26T16:36:13.391+0000] {processor.py:183} INFO - Processing /opt/airflow/dags/load_cb_courses.py took 0.570 seconds
[2026-02-26T16:36:43.878+0000] {processor.py:161} INFO - Started process (PID=1799) to work on /opt/airflow/dags/load_cb_courses.py
[2026-02-26T16:36:43.880+0000] {processor.py:830} INFO - Processing file /opt/airflow/dags/load_cb_courses.py for tasks to queue
[2026-02-26T16:36:43.882+0000] {logging_mixin.py:188} INFO - [2026-02-26T16:36:43.882+0000] {dagbag.py:545} INFO - Filling up the DagBag from /opt/airflow/dags/load_cb_courses.py
[2026-02-26T16:36:44.323+0000] {processor.py:840} INFO - DAG(s) 'load_cb_courses' retrieved from /opt/airflow/dags/load_cb_courses.py
[2026-02-26T16:36:44.348+0000] {logging_mixin.py:188} INFO - [2026-02-26T16:36:44.347+0000] {dag.py:3089} INFO - Sync 1 DAGs
[2026-02-26T16:36:44.370+0000] {logging_mixin.py:188} INFO - [2026-02-26T16:36:44.370+0000] {dag.py:3947} INFO - Setting next_dagrun for load_cb_courses to 2026-02-26 00:00:00+00:00, run_after=2026-02-27 00:00:00+00:00
[2026-02-26T16:36:44.395+0000] {processor.py:183} INFO - Processing /opt/airflow/dags/load_cb_courses.py took 0.524 seconds
[2026-02-26T16:37:14.924+0000] {processor.py:161} INFO - Started process (PID=1832) to work on /opt/airflow/dags/load_cb_courses.py
[2026-02-26T16:37:14.926+0000] {processor.py:830} INFO - Processing file /opt/airflow/dags/load_cb_courses.py for tasks to queue
[2026-02-26T16:37:14.930+0000] {logging_mixin.py:188} INFO - [2026-02-26T16:37:14.929+0000] {dagbag.py:545} INFO - Filling up the DagBag from /opt/airflow/dags/load_cb_courses.py
[2026-02-26T16:37:15.578+0000] {processor.py:840} INFO - DAG(s) 'load_cb_courses' retrieved from /opt/airflow/dags/load_cb_courses.py
[2026-02-26T16:37:15.620+0000] {logging_mixin.py:188} INFO - [2026-02-26T16:37:15.619+0000] {dag.py:3089} INFO - Sync 1 DAGs
[2026-02-26T16:37:15.647+0000] {logging_mixin.py:188} INFO - [2026-02-26T16:37:15.646+0000] {dag.py:3947} INFO - Setting next_dagrun for load_cb_courses to 2026-02-26 00:00:00+00:00, run_after=2026-02-27 00:00:00+00:00
[2026-02-26T16:37:15.678+0000] {processor.py:183} INFO - Processing /opt/airflow/dags/load_cb_courses.py took 0.762 seconds
[2026-02-26T16:37:45.882+0000] {processor.py:161} INFO - Started process (PID=1857) to work on /opt/airflow/dags/load_cb_courses.py
[2026-02-26T16:37:45.883+0000] {processor.py:830} INFO - Processing file /opt/airflow/dags/load_cb_courses.py for tasks to queue
[2026-02-26T16:37:45.886+0000] {logging_mixin.py:188} INFO - [2026-02-26T16:37:45.885+0000] {dagbag.py:545} INFO - Filling up the DagBag from /opt/airflow/dags/load_cb_courses.py
[2026-02-26T16:37:46.377+0000] {processor.py:840} INFO - DAG(s) 'load_cb_courses' retrieved from /opt/airflow/dags/load_cb_courses.py
[2026-02-26T16:37:46.404+0000] {logging_mixin.py:188} INFO - [2026-02-26T16:37:46.404+0000] {dag.py:3089} INFO - Sync 1 DAGs
[2026-02-26T16:37:46.428+0000] {logging_mixin.py:188} INFO - [2026-02-26T16:37:46.428+0000] {dag.py:3947} INFO - Setting next_dagrun for load_cb_courses to 2026-02-26 00:00:00+00:00, run_after=2026-02-27 00:00:00+00:00
[2026-02-26T16:37:46.454+0000] {processor.py:183} INFO - Processing /opt/airflow/dags/load_cb_courses.py took 0.578 seconds
[2026-02-26T16:38:16.799+0000] {processor.py:161} INFO - Started process (PID=1890) to work on /opt/airflow/dags/load_cb_courses.py
[2026-02-26T16:38:16.801+0000] {processor.py:830} INFO - Processing file /opt/airflow/dags/load_cb_courses.py for tasks to queue
[2026-02-26T16:38:16.804+0000] {logging_mixin.py:188} INFO - [2026-02-26T16:38:16.804+0000] {dagbag.py:545} INFO - Filling up the DagBag from /opt/airflow/dags/load_cb_courses.py
[2026-02-26T16:38:17.370+0000] {processor.py:840} INFO - DAG(s) 'load_cb_courses' retrieved from /opt/airflow/dags/load_cb_courses.py
[2026-02-26T16:38:17.394+0000] {logging_mixin.py:188} INFO - [2026-02-26T16:38:17.393+0000] {dag.py:3089} INFO - Sync 1 DAGs
[2026-02-26T16:38:17.418+0000] {logging_mixin.py:188} INFO - [2026-02-26T16:38:17.418+0000] {dag.py:3947} INFO - Setting next_dagrun for load_cb_courses to 2026-02-26 00:00:00+00:00, run_after=2026-02-27 00:00:00+00:00
[2026-02-26T16:38:17.444+0000] {processor.py:183} INFO - Processing /opt/airflow/dags/load_cb_courses.py took 0.651 seconds
[2026-02-26T16:38:48.236+0000] {processor.py:161} INFO - Started process (PID=1916) to work on /opt/airflow/dags/load_cb_courses.py
[2026-02-26T16:38:48.237+0000] {processor.py:830} INFO - Processing file /opt/airflow/dags/load_cb_courses.py for tasks to queue
[2026-02-26T16:38:48.239+0000] {logging_mixin.py:188} INFO - [2026-02-26T16:38:48.239+0000] {dagbag.py:545} INFO - Filling up the DagBag from /opt/airflow/dags/load_cb_courses.py
[2026-02-26T16:38:48.747+0000] {processor.py:840} INFO - DAG(s) 'load_cb_courses' retrieved from /opt/airflow/dags/load_cb_courses.py
[2026-02-26T16:38:48.776+0000] {logging_mixin.py:188} INFO - [2026-02-26T16:38:48.775+0000] {dag.py:3089} INFO - Sync 1 DAGs
[2026-02-26T16:38:48.799+0000] {logging_mixin.py:188} INFO - [2026-02-26T16:38:48.799+0000] {dag.py:3947} INFO - Setting next_dagrun for load_cb_courses to 2026-02-26 00:00:00+00:00, run_after=2026-02-27 00:00:00+00:00
[2026-02-26T16:38:48.822+0000] {processor.py:183} INFO - Processing /opt/airflow/dags/load_cb_courses.py took 0.592 seconds
[2026-02-26T16:39:19.528+0000] {processor.py:161} INFO - Started process (PID=1949) to work on /opt/airflow/dags/load_cb_courses.py
[2026-02-26T16:39:19.529+0000] {processor.py:830} INFO - Processing file /opt/airflow/dags/load_cb_courses.py for tasks to queue
[2026-02-26T16:39:19.532+0000] {logging_mixin.py:188} INFO - [2026-02-26T16:39:19.531+0000] {dagbag.py:545} INFO - Filling up the DagBag from /opt/airflow/dags/load_cb_courses.py
[2026-02-26T16:39:20.068+0000] {processor.py:840} INFO - DAG(s) 'load_cb_courses' retrieved from /opt/airflow/dags/load_cb_courses.py
[2026-02-26T16:39:20.101+0000] {logging_mixin.py:188} INFO - [2026-02-26T16:39:20.100+0000] {dag.py:3089} INFO - Sync 1 DAGs
[2026-02-26T16:39:20.127+0000] {logging_mixin.py:188} INFO - [2026-02-26T16:39:20.127+0000] {dag.py:3947} INFO - Setting next_dagrun for load_cb_courses to 2026-02-26 00:00:00+00:00, run_after=2026-02-27 00:00:00+00:00
[2026-02-26T16:39:20.153+0000] {processor.py:183} INFO - Processing /opt/airflow/dags/load_cb_courses.py took 0.633 seconds
[2026-02-26T16:39:50.391+0000] {processor.py:161} INFO - Started process (PID=1974) to work on /opt/airflow/dags/load_cb_courses.py
[2026-02-26T16:39:50.392+0000] {processor.py:830} INFO - Processing file /opt/airflow/dags/load_cb_courses.py for tasks to queue
[2026-02-26T16:39:50.394+0000] {logging_mixin.py:188} INFO - [2026-02-26T16:39:50.394+0000] {dagbag.py:545} INFO - Filling up the DagBag from /opt/airflow/dags/load_cb_courses.py
[2026-02-26T16:39:50.891+0000] {processor.py:840} INFO - DAG(s) 'load_cb_courses' retrieved from /opt/airflow/dags/load_cb_courses.py
[2026-02-26T16:39:50.920+0000] {logging_mixin.py:188} INFO - [2026-02-26T16:39:50.919+0000] {dag.py:3089} INFO - Sync 1 DAGs
[2026-02-26T16:39:50.945+0000] {logging_mixin.py:188} INFO - [2026-02-26T16:39:50.945+0000] {dag.py:3947} INFO - Setting next_dagrun for load_cb_courses to 2026-02-26 00:00:00+00:00, run_after=2026-02-27 00:00:00+00:00
[2026-02-26T16:39:50.971+0000] {processor.py:183} INFO - Processing /opt/airflow/dags/load_cb_courses.py took 0.587 seconds
[2026-02-26T16:40:21.487+0000] {processor.py:161} INFO - Started process (PID=2008) to work on /opt/airflow/dags/load_cb_courses.py
[2026-02-26T16:40:21.488+0000] {processor.py:830} INFO - Processing file /opt/airflow/dags/load_cb_courses.py for tasks to queue
[2026-02-26T16:40:21.490+0000] {logging_mixin.py:188} INFO - [2026-02-26T16:40:21.490+0000] {dagbag.py:545} INFO - Filling up the DagBag from /opt/airflow/dags/load_cb_courses.py
[2026-02-26T16:40:22.050+0000] {processor.py:840} INFO - DAG(s) 'load_cb_courses' retrieved from /opt/airflow/dags/load_cb_courses.py
[2026-02-26T16:40:22.084+0000] {logging_mixin.py:188} INFO - [2026-02-26T16:40:22.083+0000] {dag.py:3089} INFO - Sync 1 DAGs
[2026-02-26T16:40:22.109+0000] {logging_mixin.py:188} INFO - [2026-02-26T16:40:22.109+0000] {dag.py:3947} INFO - Setting next_dagrun for load_cb_courses to 2026-02-26 00:00:00+00:00, run_after=2026-02-27 00:00:00+00:00
[2026-02-26T16:40:22.142+0000] {processor.py:183} INFO - Processing /opt/airflow/dags/load_cb_courses.py took 0.662 seconds
[2026-02-26T16:40:52.622+0000] {processor.py:161} INFO - Started process (PID=2034) to work on /opt/airflow/dags/load_cb_courses.py
[2026-02-26T16:40:52.623+0000] {processor.py:830} INFO - Processing file /opt/airflow/dags/load_cb_courses.py for tasks to queue
[2026-02-26T16:40:52.625+0000] {logging_mixin.py:188} INFO - [2026-02-26T16:40:52.625+0000] {dagbag.py:545} INFO - Filling up the DagBag from /opt/airflow/dags/load_cb_courses.py
[2026-02-26T16:40:53.091+0000] {processor.py:840} INFO - DAG(s) 'load_cb_courses' retrieved from /opt/airflow/dags/load_cb_courses.py
[2026-02-26T16:40:53.115+0000] {logging_mixin.py:188} INFO - [2026-02-26T16:40:53.115+0000] {dag.py:3089} INFO - Sync 1 DAGs
[2026-02-26T16:40:53.136+0000] {logging_mixin.py:188} INFO - [2026-02-26T16:40:53.136+0000] {dag.py:3947} INFO - Setting next_dagrun for load_cb_courses to 2026-02-26 00:00:00+00:00, run_after=2026-02-27 00:00:00+00:00
[2026-02-26T16:40:53.160+0000] {processor.py:183} INFO - Processing /opt/airflow/dags/load_cb_courses.py took 0.545 seconds
[2026-02-26T16:41:23.736+0000] {processor.py:161} INFO - Started process (PID=2066) to work on /opt/airflow/dags/load_cb_courses.py
[2026-02-26T16:41:23.738+0000] {processor.py:830} INFO - Processing file /opt/airflow/dags/load_cb_courses.py for tasks to queue
[2026-02-26T16:41:23.742+0000] {logging_mixin.py:188} INFO - [2026-02-26T16:41:23.741+0000] {dagbag.py:545} INFO - Filling up the DagBag from /opt/airflow/dags/load_cb_courses.py
[2026-02-26T16:41:24.280+0000] {processor.py:840} INFO - DAG(s) 'load_cb_courses' retrieved from /opt/airflow/dags/load_cb_courses.py
[2026-02-26T16:41:24.309+0000] {logging_mixin.py:188} INFO - [2026-02-26T16:41:24.309+0000] {dag.py:3089} INFO - Sync 1 DAGs
[2026-02-26T16:41:24.338+0000] {logging_mixin.py:188} INFO - [2026-02-26T16:41:24.338+0000] {dag.py:3947} INFO - Setting next_dagrun for load_cb_courses to 2026-02-26 00:00:00+00:00, run_after=2026-02-27 00:00:00+00:00
[2026-02-26T16:41:24.366+0000] {processor.py:183} INFO - Processing /opt/airflow/dags/load_cb_courses.py took 0.644 seconds
[2026-02-26T16:41:54.522+0000] {processor.py:161} INFO - Started process (PID=2093) to work on /opt/airflow/dags/load_cb_courses.py
[2026-02-26T16:41:54.523+0000] {processor.py:830} INFO - Processing file /opt/airflow/dags/load_cb_courses.py for tasks to queue
[2026-02-26T16:41:54.525+0000] {logging_mixin.py:188} INFO - [2026-02-26T16:41:54.525+0000] {dagbag.py:545} INFO - Filling up the DagBag from /opt/airflow/dags/load_cb_courses.py
[2026-02-26T16:41:55.011+0000] {processor.py:840} INFO - DAG(s) 'load_cb_courses' retrieved from /opt/airflow/dags/load_cb_courses.py
[2026-02-26T16:41:55.038+0000] {logging_mixin.py:188} INFO - [2026-02-26T16:41:55.037+0000] {dag.py:3089} INFO - Sync 1 DAGs
[2026-02-26T16:41:55.059+0000] {logging_mixin.py:188} INFO - [2026-02-26T16:41:55.059+0000] {dag.py:3947} INFO - Setting next_dagrun for load_cb_courses to 2026-02-26 00:00:00+00:00, run_after=2026-02-27 00:00:00+00:00
[2026-02-26T16:41:55.084+0000] {processor.py:183} INFO - Processing /opt/airflow/dags/load_cb_courses.py took 0.568 seconds
[2026-02-26T16:42:25.720+0000] {processor.py:161} INFO - Started process (PID=2126) to work on /opt/airflow/dags/load_cb_courses.py
[2026-02-26T16:42:25.721+0000] {processor.py:830} INFO - Processing file /opt/airflow/dags/load_cb_courses.py for tasks to queue
[2026-02-26T16:42:25.723+0000] {logging_mixin.py:188} INFO - [2026-02-26T16:42:25.723+0000] {dagbag.py:545} INFO - Filling up the DagBag from /opt/airflow/dags/load_cb_courses.py
[2026-02-26T16:42:26.292+0000] {processor.py:840} INFO - DAG(s) 'load_cb_courses' retrieved from /opt/airflow/dags/load_cb_courses.py
[2026-02-26T16:42:26.336+0000] {logging_mixin.py:188} INFO - [2026-02-26T16:42:26.335+0000] {dag.py:3089} INFO - Sync 1 DAGs
[2026-02-26T16:42:26.367+0000] {logging_mixin.py:188} INFO - [2026-02-26T16:42:26.367+0000] {dag.py:3947} INFO - Setting next_dagrun for load_cb_courses to 2026-02-26 00:00:00+00:00, run_after=2026-02-27 00:00:00+00:00
[2026-02-26T16:42:26.397+0000] {processor.py:183} INFO - Processing /opt/airflow/dags/load_cb_courses.py took 0.685 seconds
[2026-02-26T16:42:56.911+0000] {processor.py:161} INFO - Started process (PID=2151) to work on /opt/airflow/dags/load_cb_courses.py
[2026-02-26T16:42:56.913+0000] {processor.py:830} INFO - Processing file /opt/airflow/dags/load_cb_courses.py for tasks to queue
[2026-02-26T16:42:56.915+0000] {logging_mixin.py:188} INFO - [2026-02-26T16:42:56.915+0000] {dagbag.py:545} INFO - Filling up the DagBag from /opt/airflow/dags/load_cb_courses.py
[2026-02-26T16:42:57.427+0000] {processor.py:840} INFO - DAG(s) 'load_cb_courses' retrieved from /opt/airflow/dags/load_cb_courses.py
[2026-02-26T16:42:57.455+0000] {logging_mixin.py:188} INFO - [2026-02-26T16:42:57.454+0000] {dag.py:3089} INFO - Sync 1 DAGs
[2026-02-26T16:42:57.481+0000] {logging_mixin.py:188} INFO - [2026-02-26T16:42:57.480+0000] {dag.py:3947} INFO - Setting next_dagrun for load_cb_courses to 2026-02-26 00:00:00+00:00, run_after=2026-02-27 00:00:00+00:00
[2026-02-26T16:42:57.505+0000] {processor.py:183} INFO - Processing /opt/airflow/dags/load_cb_courses.py took 0.603 seconds
[2026-02-26T16:43:28.067+0000] {processor.py:161} INFO - Started process (PID=2184) to work on /opt/airflow/dags/load_cb_courses.py
[2026-02-26T16:43:28.068+0000] {processor.py:830} INFO - Processing file /opt/airflow/dags/load_cb_courses.py for tasks to queue
[2026-02-26T16:43:28.071+0000] {logging_mixin.py:188} INFO - [2026-02-26T16:43:28.070+0000] {dagbag.py:545} INFO - Filling up the DagBag from /opt/airflow/dags/load_cb_courses.py
[2026-02-26T16:43:28.611+0000] {processor.py:840} INFO - DAG(s) 'load_cb_courses' retrieved from /opt/airflow/dags/load_cb_courses.py
[2026-02-26T16:43:28.649+0000] {logging_mixin.py:188} INFO - [2026-02-26T16:43:28.648+0000] {dag.py:3089} INFO - Sync 1 DAGs
[2026-02-26T16:43:28.675+0000] {logging_mixin.py:188} INFO - [2026-02-26T16:43:28.674+0000] {dag.py:3947} INFO - Setting next_dagrun for load_cb_courses to 2026-02-26 00:00:00+00:00, run_after=2026-02-27 00:00:00+00:00
[2026-02-26T16:43:28.720+0000] {processor.py:183} INFO - Processing /opt/airflow/dags/load_cb_courses.py took 0.659 seconds
[2026-02-26T16:43:59.208+0000] {processor.py:161} INFO - Started process (PID=2210) to work on /opt/airflow/dags/load_cb_courses.py
[2026-02-26T16:43:59.211+0000] {processor.py:830} INFO - Processing file /opt/airflow/dags/load_cb_courses.py for tasks to queue
[2026-02-26T16:43:59.213+0000] {logging_mixin.py:188} INFO - [2026-02-26T16:43:59.213+0000] {dagbag.py:545} INFO - Filling up the DagBag from /opt/airflow/dags/load_cb_courses.py
[2026-02-26T16:43:59.681+0000] {processor.py:840} INFO - DAG(s) 'load_cb_courses' retrieved from /opt/airflow/dags/load_cb_courses.py
[2026-02-26T16:43:59.708+0000] {logging_mixin.py:188} INFO - [2026-02-26T16:43:59.708+0000] {dag.py:3089} INFO - Sync 1 DAGs
[2026-02-26T16:43:59.730+0000] {logging_mixin.py:188} INFO - [2026-02-26T16:43:59.730+0000] {dag.py:3947} INFO - Setting next_dagrun for load_cb_courses to 2026-02-26 00:00:00+00:00, run_after=2026-02-27 00:00:00+00:00
[2026-02-26T16:43:59.754+0000] {processor.py:183} INFO - Processing /opt/airflow/dags/load_cb_courses.py took 0.551 seconds
[2026-02-26T16:44:30.279+0000] {processor.py:161} INFO - Started process (PID=2243) to work on /opt/airflow/dags/load_cb_courses.py
[2026-02-26T16:44:30.280+0000] {processor.py:830} INFO - Processing file /opt/airflow/dags/load_cb_courses.py for tasks to queue
[2026-02-26T16:44:30.282+0000] {logging_mixin.py:188} INFO - [2026-02-26T16:44:30.282+0000] {dagbag.py:545} INFO - Filling up the DagBag from /opt/airflow/dags/load_cb_courses.py
[2026-02-26T16:44:30.802+0000] {processor.py:840} INFO - DAG(s) 'load_cb_courses' retrieved from /opt/airflow/dags/load_cb_courses.py
[2026-02-26T16:44:30.829+0000] {logging_mixin.py:188} INFO - [2026-02-26T16:44:30.829+0000] {dag.py:3089} INFO - Sync 1 DAGs
[2026-02-26T16:44:30.856+0000] {logging_mixin.py:188} INFO - [2026-02-26T16:44:30.856+0000] {dag.py:3947} INFO - Setting next_dagrun for load_cb_courses to 2026-02-26 00:00:00+00:00, run_after=2026-02-27 00:00:00+00:00
[2026-02-26T16:44:30.882+0000] {processor.py:183} INFO - Processing /opt/airflow/dags/load_cb_courses.py took 0.610 seconds
[2026-02-26T16:45:01.049+0000] {processor.py:161} INFO - Started process (PID=2269) to work on /opt/airflow/dags/load_cb_courses.py
[2026-02-26T16:45:01.051+0000] {processor.py:830} INFO - Processing file /opt/airflow/dags/load_cb_courses.py for tasks to queue
[2026-02-26T16:45:01.053+0000] {logging_mixin.py:188} INFO - [2026-02-26T16:45:01.053+0000] {dagbag.py:545} INFO - Filling up the DagBag from /opt/airflow/dags/load_cb_courses.py
[2026-02-26T16:45:01.509+0000] {processor.py:840} INFO - DAG(s) 'load_cb_courses' retrieved from /opt/airflow/dags/load_cb_courses.py
[2026-02-26T16:45:01.537+0000] {logging_mixin.py:188} INFO - [2026-02-26T16:45:01.536+0000] {dag.py:3089} INFO - Sync 1 DAGs
[2026-02-26T16:45:01.561+0000] {logging_mixin.py:188} INFO - [2026-02-26T16:45:01.561+0000] {dag.py:3947} INFO - Setting next_dagrun for load_cb_courses to 2026-02-26 00:00:00+00:00, run_after=2026-02-27 00:00:00+00:00
[2026-02-26T16:45:01.584+0000] {processor.py:183} INFO - Processing /opt/airflow/dags/load_cb_courses.py took 0.540 seconds
[2026-02-26T16:45:31.912+0000] {processor.py:161} INFO - Started process (PID=2295) to work on /opt/airflow/dags/load_cb_courses.py
[2026-02-26T16:45:31.913+0000] {processor.py:830} INFO - Processing file /opt/airflow/dags/load_cb_courses.py for tasks to queue
[2026-02-26T16:45:31.915+0000] {logging_mixin.py:188} INFO - [2026-02-26T16:45:31.915+0000] {dagbag.py:545} INFO - Filling up the DagBag from /opt/airflow/dags/load_cb_courses.py
[2026-02-26T16:45:32.508+0000] {processor.py:840} INFO - DAG(s) 'load_cb_courses' retrieved from /opt/airflow/dags/load_cb_courses.py
[2026-02-26T16:45:32.541+0000] {logging_mixin.py:188} INFO - [2026-02-26T16:45:32.541+0000] {dag.py:3089} INFO - Sync 1 DAGs
[2026-02-26T16:45:32.570+0000] {logging_mixin.py:188} INFO - [2026-02-26T16:45:32.570+0000] {dag.py:3947} INFO - Setting next_dagrun for load_cb_courses to 2026-02-26 00:00:00+00:00, run_after=2026-02-27 00:00:00+00:00
[2026-02-26T16:45:32.682+0000] {processor.py:183} INFO - Processing /opt/airflow/dags/load_cb_courses.py took 0.777 seconds
[2026-02-26T16:46:03.147+0000] {processor.py:161} INFO - Started process (PID=2327) to work on /opt/airflow/dags/load_cb_courses.py
[2026-02-26T16:46:03.149+0000] {processor.py:830} INFO - Processing file /opt/airflow/dags/load_cb_courses.py for tasks to queue
[2026-02-26T16:46:03.151+0000] {logging_mixin.py:188} INFO - [2026-02-26T16:46:03.150+0000] {dagbag.py:545} INFO - Filling up the DagBag from /opt/airflow/dags/load_cb_courses.py
[2026-02-26T16:46:03.632+0000] {processor.py:840} INFO - DAG(s) 'load_cb_courses' retrieved from /opt/airflow/dags/load_cb_courses.py
[2026-02-26T16:46:03.658+0000] {logging_mixin.py:188} INFO - [2026-02-26T16:46:03.657+0000] {dag.py:3089} INFO - Sync 1 DAGs
[2026-02-26T16:46:03.682+0000] {logging_mixin.py:188} INFO - [2026-02-26T16:46:03.682+0000] {dag.py:3947} INFO - Setting next_dagrun for load_cb_courses to 2026-02-26 00:00:00+00:00, run_after=2026-02-27 00:00:00+00:00
[2026-02-26T16:46:03.707+0000] {processor.py:183} INFO - Processing /opt/airflow/dags/load_cb_courses.py took 0.566 seconds
[2026-02-26T16:46:35.220+0000] {processor.py:161} INFO - Started process (PID=2361) to work on /opt/airflow/dags/load_cb_courses.py
[2026-02-26T16:46:35.221+0000] {processor.py:830} INFO - Processing file /opt/airflow/dags/load_cb_courses.py for tasks to queue
[2026-02-26T16:46:35.223+0000] {logging_mixin.py:188} INFO - [2026-02-26T16:46:35.223+0000] {dagbag.py:545} INFO - Filling up the DagBag from /opt/airflow/dags/load_cb_courses.py
[2026-02-26T16:46:34.941+0000] {processor.py:840} INFO - DAG(s) 'load_cb_courses' retrieved from /opt/airflow/dags/load_cb_courses.py
[2026-02-26T16:46:34.967+0000] {logging_mixin.py:188} INFO - [2026-02-26T16:46:34.966+0000] {dag.py:3089} INFO - Sync 1 DAGs
[2026-02-26T16:46:34.993+0000] {logging_mixin.py:188} INFO - [2026-02-26T16:46:34.993+0000] {dag.py:3947} INFO - Setting next_dagrun for load_cb_courses to 2026-02-26 00:00:00+00:00, run_after=2026-02-27 00:00:00+00:00
[2026-02-26T16:46:35.029+0000] {processor.py:183} INFO - Processing /opt/airflow/dags/load_cb_courses.py took 0.681 seconds
[2026-02-26T16:47:05.430+0000] {processor.py:161} INFO - Started process (PID=2387) to work on /opt/airflow/dags/load_cb_courses.py
[2026-02-26T16:47:05.432+0000] {processor.py:830} INFO - Processing file /opt/airflow/dags/load_cb_courses.py for tasks to queue
[2026-02-26T16:47:05.435+0000] {logging_mixin.py:188} INFO - [2026-02-26T16:47:05.434+0000] {dagbag.py:545} INFO - Filling up the DagBag from /opt/airflow/dags/load_cb_courses.py
[2026-02-26T16:47:05.985+0000] {processor.py:840} INFO - DAG(s) 'load_cb_courses' retrieved from /opt/airflow/dags/load_cb_courses.py
[2026-02-26T16:47:06.021+0000] {logging_mixin.py:188} INFO - [2026-02-26T16:47:06.021+0000] {dag.py:3089} INFO - Sync 1 DAGs
[2026-02-26T16:47:06.045+0000] {logging_mixin.py:188} INFO - [2026-02-26T16:47:06.045+0000] {dag.py:3947} INFO - Setting next_dagrun for load_cb_courses to 2026-02-26 00:00:00+00:00, run_after=2026-02-27 00:00:00+00:00
[2026-02-26T16:47:06.077+0000] {processor.py:183} INFO - Processing /opt/airflow/dags/load_cb_courses.py took 0.654 seconds
[2026-02-26T16:47:36.559+0000] {processor.py:161} INFO - Started process (PID=2420) to work on /opt/airflow/dags/load_cb_courses.py
[2026-02-26T16:47:36.560+0000] {processor.py:830} INFO - Processing file /opt/airflow/dags/load_cb_courses.py for tasks to queue
[2026-02-26T16:47:36.562+0000] {logging_mixin.py:188} INFO - [2026-02-26T16:47:36.562+0000] {dagbag.py:545} INFO - Filling up the DagBag from /opt/airflow/dags/load_cb_courses.py
[2026-02-26T16:47:37.099+0000] {processor.py:840} INFO - DAG(s) 'load_cb_courses' retrieved from /opt/airflow/dags/load_cb_courses.py
[2026-02-26T16:47:37.133+0000] {logging_mixin.py:188} INFO - [2026-02-26T16:47:37.132+0000] {dag.py:3089} INFO - Sync 1 DAGs
[2026-02-26T16:47:37.163+0000] {logging_mixin.py:188} INFO - [2026-02-26T16:47:37.162+0000] {dag.py:3947} INFO - Setting next_dagrun for load_cb_courses to 2026-02-26 00:00:00+00:00, run_after=2026-02-27 00:00:00+00:00
[2026-02-26T16:47:37.195+0000] {processor.py:183} INFO - Processing /opt/airflow/dags/load_cb_courses.py took 0.642 seconds
[2026-02-26T16:48:07.766+0000] {processor.py:161} INFO - Started process (PID=2446) to work on /opt/airflow/dags/load_cb_courses.py
[2026-02-26T16:48:07.777+0000] {processor.py:830} INFO - Processing file /opt/airflow/dags/load_cb_courses.py for tasks to queue
[2026-02-26T16:48:07.806+0000] {logging_mixin.py:188} INFO - [2026-02-26T16:48:07.805+0000] {dagbag.py:545} INFO - Filling up the DagBag from /opt/airflow/dags/load_cb_courses.py
[2026-02-26T16:48:08.478+0000] {processor.py:840} INFO - DAG(s) 'load_cb_courses' retrieved from /opt/airflow/dags/load_cb_courses.py
[2026-02-26T16:48:08.514+0000] {logging_mixin.py:188} INFO - [2026-02-26T16:48:08.513+0000] {dag.py:3089} INFO - Sync 1 DAGs
[2026-02-26T16:48:08.538+0000] {logging_mixin.py:188} INFO - [2026-02-26T16:48:08.538+0000] {dag.py:3947} INFO - Setting next_dagrun for load_cb_courses to 2026-02-26 00:00:00+00:00, run_after=2026-02-27 00:00:00+00:00
[2026-02-26T16:48:08.578+0000] {processor.py:183} INFO - Processing /opt/airflow/dags/load_cb_courses.py took 0.824 seconds
[2026-02-26T16:48:39.390+0000] {processor.py:161} INFO - Started process (PID=2479) to work on /opt/airflow/dags/load_cb_courses.py
[2026-02-26T16:48:39.392+0000] {processor.py:830} INFO - Processing file /opt/airflow/dags/load_cb_courses.py for tasks to queue
[2026-02-26T16:48:39.394+0000] {logging_mixin.py:188} INFO - [2026-02-26T16:48:39.394+0000] {dagbag.py:545} INFO - Filling up the DagBag from /opt/airflow/dags/load_cb_courses.py
[2026-02-26T16:48:40.066+0000] {processor.py:840} INFO - DAG(s) 'load_cb_courses' retrieved from /opt/airflow/dags/load_cb_courses.py
[2026-02-26T16:48:40.104+0000] {logging_mixin.py:188} INFO - [2026-02-26T16:48:40.103+0000] {dag.py:3089} INFO - Sync 1 DAGs
[2026-02-26T16:48:40.141+0000] {logging_mixin.py:188} INFO - [2026-02-26T16:48:40.140+0000] {dag.py:3947} INFO - Setting next_dagrun for load_cb_courses to 2026-02-26 00:00:00+00:00, run_after=2026-02-27 00:00:00+00:00
[2026-02-26T16:48:40.168+0000] {processor.py:183} INFO - Processing /opt/airflow/dags/load_cb_courses.py took 0.784 seconds
[2026-02-26T16:49:10.684+0000] {processor.py:161} INFO - Started process (PID=2505) to work on /opt/airflow/dags/load_cb_courses.py
[2026-02-26T16:49:10.689+0000] {processor.py:830} INFO - Processing file /opt/airflow/dags/load_cb_courses.py for tasks to queue
[2026-02-26T16:49:10.702+0000] {logging_mixin.py:188} INFO - [2026-02-26T16:49:10.702+0000] {dagbag.py:545} INFO - Filling up the DagBag from /opt/airflow/dags/load_cb_courses.py
[2026-02-26T16:49:11.453+0000] {processor.py:840} INFO - DAG(s) 'load_cb_courses' retrieved from /opt/airflow/dags/load_cb_courses.py
[2026-02-26T16:49:11.487+0000] {logging_mixin.py:188} INFO - [2026-02-26T16:49:11.487+0000] {dag.py:3089} INFO - Sync 1 DAGs
[2026-02-26T16:49:11.513+0000] {logging_mixin.py:188} INFO - [2026-02-26T16:49:11.513+0000] {dag.py:3947} INFO - Setting next_dagrun for load_cb_courses to 2026-02-26 00:00:00+00:00, run_after=2026-02-27 00:00:00+00:00
[2026-02-26T16:49:11.549+0000] {processor.py:183} INFO - Processing /opt/airflow/dags/load_cb_courses.py took 0.902 seconds
[2026-02-26T16:49:41.936+0000] {processor.py:161} INFO - Started process (PID=2540) to work on /opt/airflow/dags/load_cb_courses.py
[2026-02-26T16:49:41.937+0000] {processor.py:830} INFO - Processing file /opt/airflow/dags/load_cb_courses.py for tasks to queue
[2026-02-26T16:49:41.939+0000] {logging_mixin.py:188} INFO - [2026-02-26T16:49:41.939+0000] {dagbag.py:545} INFO - Filling up the DagBag from /opt/airflow/dags/load_cb_courses.py
[2026-02-26T16:49:42.466+0000] {processor.py:840} INFO - DAG(s) 'load_cb_courses' retrieved from /opt/airflow/dags/load_cb_courses.py
[2026-02-26T16:49:42.503+0000] {logging_mixin.py:188} INFO - [2026-02-26T16:49:42.502+0000] {dag.py:3089} INFO - Sync 1 DAGs
[2026-02-26T16:49:42.529+0000] {logging_mixin.py:188} INFO - [2026-02-26T16:49:42.529+0000] {dag.py:3947} INFO - Setting next_dagrun for load_cb_courses to 2026-02-26 00:00:00+00:00, run_after=2026-02-27 00:00:00+00:00
[2026-02-26T16:49:42.564+0000] {processor.py:183} INFO - Processing /opt/airflow/dags/load_cb_courses.py took 0.634 seconds
[2026-02-26T16:50:13.063+0000] {processor.py:161} INFO - Started process (PID=2567) to work on /opt/airflow/dags/load_cb_courses.py
[2026-02-26T16:50:13.065+0000] {processor.py:830} INFO - Processing file /opt/airflow/dags/load_cb_courses.py for tasks to queue
[2026-02-26T16:50:13.067+0000] {logging_mixin.py:188} INFO - [2026-02-26T16:50:13.066+0000] {dagbag.py:545} INFO - Filling up the DagBag from /opt/airflow/dags/load_cb_courses.py
[2026-02-26T16:50:13.588+0000] {processor.py:840} INFO - DAG(s) 'load_cb_courses' retrieved from /opt/airflow/dags/load_cb_courses.py
[2026-02-26T16:50:13.614+0000] {logging_mixin.py:188} INFO - [2026-02-26T16:50:13.613+0000] {dag.py:3089} INFO - Sync 1 DAGs
[2026-02-26T16:50:13.649+0000] {logging_mixin.py:188} INFO - [2026-02-26T16:50:13.648+0000] {dag.py:3947} INFO - Setting next_dagrun for load_cb_courses to 2026-02-26 00:00:00+00:00, run_after=2026-02-27 00:00:00+00:00
[2026-02-26T16:50:13.688+0000] {processor.py:183} INFO - Processing /opt/airflow/dags/load_cb_courses.py took 0.630 seconds
[2026-02-26T16:50:44.117+0000] {processor.py:161} INFO - Started process (PID=2600) to work on /opt/airflow/dags/load_cb_courses.py
[2026-02-26T16:50:44.118+0000] {processor.py:830} INFO - Processing file /opt/airflow/dags/load_cb_courses.py for tasks to queue
[2026-02-26T16:50:44.120+0000] {logging_mixin.py:188} INFO - [2026-02-26T16:50:44.120+0000] {dagbag.py:545} INFO - Filling up the DagBag from /opt/airflow/dags/load_cb_courses.py
[2026-02-26T16:50:44.664+0000] {processor.py:840} INFO - DAG(s) 'load_cb_courses' retrieved from /opt/airflow/dags/load_cb_courses.py
[2026-02-26T16:50:44.695+0000] {logging_mixin.py:188} INFO - [2026-02-26T16:50:44.694+0000] {dag.py:3089} INFO - Sync 1 DAGs
[2026-02-26T16:50:44.722+0000] {logging_mixin.py:188} INFO - [2026-02-26T16:50:44.722+0000] {dag.py:3947} INFO - Setting next_dagrun for load_cb_courses to 2026-02-26 00:00:00+00:00, run_after=2026-02-27 00:00:00+00:00
[2026-02-26T16:50:44.751+0000] {processor.py:183} INFO - Processing /opt/airflow/dags/load_cb_courses.py took 0.641 seconds
[2026-02-26T16:51:14.866+0000] {processor.py:161} INFO - Started process (PID=2625) to work on /opt/airflow/dags/load_cb_courses.py
[2026-02-26T16:51:14.867+0000] {processor.py:830} INFO - Processing file /opt/airflow/dags/load_cb_courses.py for tasks to queue
[2026-02-26T16:51:14.870+0000] {logging_mixin.py:188} INFO - [2026-02-26T16:51:14.869+0000] {dagbag.py:545} INFO - Filling up the DagBag from /opt/airflow/dags/load_cb_courses.py
[2026-02-26T16:51:15.486+0000] {processor.py:840} INFO - DAG(s) 'load_cb_courses' retrieved from /opt/airflow/dags/load_cb_courses.py
[2026-02-26T16:51:15.527+0000] {logging_mixin.py:188} INFO - [2026-02-26T16:51:15.527+0000] {dag.py:3089} INFO - Sync 1 DAGs
[2026-02-26T16:51:15.556+0000] {logging_mixin.py:188} INFO - [2026-02-26T16:51:15.555+0000] {dag.py:3947} INFO - Setting next_dagrun for load_cb_courses to 2026-02-26 00:00:00+00:00, run_after=2026-02-27 00:00:00+00:00
[2026-02-26T16:51:15.591+0000] {processor.py:183} INFO - Processing /opt/airflow/dags/load_cb_courses.py took 0.732 seconds
[2026-02-26T16:51:46.355+0000] {processor.py:161} INFO - Started process (PID=2658) to work on /opt/airflow/dags/load_cb_courses.py
[2026-02-26T16:51:46.356+0000] {processor.py:830} INFO - Processing file /opt/airflow/dags/load_cb_courses.py for tasks to queue
[2026-02-26T16:51:46.358+0000] {logging_mixin.py:188} INFO - [2026-02-26T16:51:46.358+0000] {dagbag.py:545} INFO - Filling up the DagBag from /opt/airflow/dags/load_cb_courses.py
[2026-02-26T16:51:46.970+0000] {processor.py:840} INFO - DAG(s) 'load_cb_courses' retrieved from /opt/airflow/dags/load_cb_courses.py
[2026-02-26T16:51:47.013+0000] {logging_mixin.py:188} INFO - [2026-02-26T16:51:47.012+0000] {dag.py:3089} INFO - Sync 1 DAGs
[2026-02-26T16:51:47.051+0000] {logging_mixin.py:188} INFO - [2026-02-26T16:51:47.050+0000] {dag.py:3947} INFO - Setting next_dagrun for load_cb_courses to 2026-02-26 00:00:00+00:00, run_after=2026-02-27 00:00:00+00:00
[2026-02-26T16:51:47.087+0000] {processor.py:183} INFO - Processing /opt/airflow/dags/load_cb_courses.py took 0.739 seconds
[2026-02-26T16:52:17.523+0000] {processor.py:161} INFO - Started process (PID=2685) to work on /opt/airflow/dags/load_cb_courses.py
[2026-02-26T16:52:17.525+0000] {processor.py:830} INFO - Processing file /opt/airflow/dags/load_cb_courses.py for tasks to queue
[2026-02-26T16:52:17.527+0000] {logging_mixin.py:188} INFO - [2026-02-26T16:52:17.527+0000] {dagbag.py:545} INFO - Filling up the DagBag from /opt/airflow/dags/load_cb_courses.py
[2026-02-26T16:52:17.977+0000] {processor.py:840} INFO - DAG(s) 'load_cb_courses' retrieved from /opt/airflow/dags/load_cb_courses.py
[2026-02-26T16:52:18.004+0000] {logging_mixin.py:188} INFO - [2026-02-26T16:52:18.004+0000] {dag.py:3089} INFO - Sync 1 DAGs
[2026-02-26T16:52:18.027+0000] {logging_mixin.py:188} INFO - [2026-02-26T16:52:18.026+0000] {dag.py:3947} INFO - Setting next_dagrun for load_cb_courses to 2026-02-26 00:00:00+00:00, run_after=2026-02-27 00:00:00+00:00
[2026-02-26T16:52:18.051+0000] {processor.py:183} INFO - Processing /opt/airflow/dags/load_cb_courses.py took 0.534 seconds
[2026-02-26T16:52:48.554+0000] {processor.py:161} INFO - Started process (PID=2719) to work on /opt/airflow/dags/load_cb_courses.py
[2026-02-26T16:52:48.556+0000] {processor.py:830} INFO - Processing file /opt/airflow/dags/load_cb_courses.py for tasks to queue
[2026-02-26T16:52:48.559+0000] {logging_mixin.py:188} INFO - [2026-02-26T16:52:48.559+0000] {dagbag.py:545} INFO - Filling up the DagBag from /opt/airflow/dags/load_cb_courses.py
[2026-02-26T16:52:49.178+0000] {processor.py:840} INFO - DAG(s) 'load_cb_courses' retrieved from /opt/airflow/dags/load_cb_courses.py
[2026-02-26T16:52:49.215+0000] {logging_mixin.py:188} INFO - [2026-02-26T16:52:49.214+0000] {dag.py:3089} INFO - Sync 1 DAGs
[2026-02-26T16:52:49.252+0000] {logging_mixin.py:188} INFO - [2026-02-26T16:52:49.252+0000] {dag.py:3947} INFO - Setting next_dagrun for load_cb_courses to 2026-02-26 00:00:00+00:00, run_after=2026-02-27 00:00:00+00:00
[2026-02-26T16:52:49.306+0000] {processor.py:183} INFO - Processing /opt/airflow/dags/load_cb_courses.py took 0.767 seconds
[2026-02-26T16:53:19.979+0000] {processor.py:161} INFO - Started process (PID=2745) to work on /opt/airflow/dags/load_cb_courses.py
[2026-02-26T16:53:19.980+0000] {processor.py:830} INFO - Processing file /opt/airflow/dags/load_cb_courses.py for tasks to queue
[2026-02-26T16:53:19.982+0000] {logging_mixin.py:188} INFO - [2026-02-26T16:53:19.981+0000] {dagbag.py:545} INFO - Filling up the DagBag from /opt/airflow/dags/load_cb_courses.py
[2026-02-26T16:53:20.462+0000] {processor.py:840} INFO - DAG(s) 'load_cb_courses' retrieved from /opt/airflow/dags/load_cb_courses.py
[2026-02-26T16:53:20.491+0000] {logging_mixin.py:188} INFO - [2026-02-26T16:53:20.490+0000] {dag.py:3089} INFO - Sync 1 DAGs
[2026-02-26T16:53:20.514+0000] {logging_mixin.py:188} INFO - [2026-02-26T16:53:20.514+0000] {dag.py:3947} INFO - Setting next_dagrun for load_cb_courses to 2026-02-26 00:00:00+00:00, run_after=2026-02-27 00:00:00+00:00
[2026-02-26T16:53:20.539+0000] {processor.py:183} INFO - Processing /opt/airflow/dags/load_cb_courses.py took 0.566 seconds
[2026-02-26T16:53:51.009+0000] {processor.py:161} INFO - Started process (PID=2772) to work on /opt/airflow/dags/load_cb_courses.py
[2026-02-26T16:53:51.011+0000] {processor.py:830} INFO - Processing file /opt/airflow/dags/load_cb_courses.py for tasks to queue
[2026-02-26T16:53:51.014+0000] {logging_mixin.py:188} INFO - [2026-02-26T16:53:51.014+0000] {dagbag.py:545} INFO - Filling up the DagBag from /opt/airflow/dags/load_cb_courses.py
[2026-02-26T16:53:51.583+0000] {processor.py:840} INFO - DAG(s) 'load_cb_courses' retrieved from /opt/airflow/dags/load_cb_courses.py
[2026-02-26T16:53:51.628+0000] {logging_mixin.py:188} INFO - [2026-02-26T16:53:51.627+0000] {dag.py:3089} INFO - Sync 1 DAGs
[2026-02-26T16:53:51.656+0000] {logging_mixin.py:188} INFO - [2026-02-26T16:53:51.655+0000] {dag.py:3947} INFO - Setting next_dagrun for load_cb_courses to 2026-02-26 00:00:00+00:00, run_after=2026-02-27 00:00:00+00:00
[2026-02-26T16:53:51.677+0000] {processor.py:183} INFO - Processing /opt/airflow/dags/load_cb_courses.py took 0.680 seconds
[2026-02-26T16:54:21.844+0000] {processor.py:161} INFO - Started process (PID=2803) to work on /opt/airflow/dags/load_cb_courses.py
[2026-02-26T16:54:21.846+0000] {processor.py:830} INFO - Processing file /opt/airflow/dags/load_cb_courses.py for tasks to queue
[2026-02-26T16:54:21.848+0000] {logging_mixin.py:188} INFO - [2026-02-26T16:54:21.847+0000] {dagbag.py:545} INFO - Filling up the DagBag from /opt/airflow/dags/load_cb_courses.py
[2026-02-26T16:54:22.303+0000] {processor.py:840} INFO - DAG(s) 'load_cb_courses' retrieved from /opt/airflow/dags/load_cb_courses.py
[2026-02-26T16:54:22.333+0000] {logging_mixin.py:188} INFO - [2026-02-26T16:54:22.332+0000] {dag.py:3089} INFO - Sync 1 DAGs
[2026-02-26T16:54:22.358+0000] {logging_mixin.py:188} INFO - [2026-02-26T16:54:22.357+0000] {dag.py:3947} INFO - Setting next_dagrun for load_cb_courses to 2026-02-26 00:00:00+00:00, run_after=2026-02-27 00:00:00+00:00
[2026-02-26T16:54:22.382+0000] {processor.py:183} INFO - Processing /opt/airflow/dags/load_cb_courses.py took 0.544 seconds
[2026-02-26T16:54:52.864+0000] {processor.py:161} INFO - Started process (PID=2830) to work on /opt/airflow/dags/load_cb_courses.py
[2026-02-26T16:54:52.865+0000] {processor.py:830} INFO - Processing file /opt/airflow/dags/load_cb_courses.py for tasks to queue
[2026-02-26T16:54:52.867+0000] {logging_mixin.py:188} INFO - [2026-02-26T16:54:52.867+0000] {dagbag.py:545} INFO - Filling up the DagBag from /opt/airflow/dags/load_cb_courses.py
[2026-02-26T16:54:53.312+0000] {processor.py:840} INFO - DAG(s) 'load_cb_courses' retrieved from /opt/airflow/dags/load_cb_courses.py
[2026-02-26T16:54:53.338+0000] {logging_mixin.py:188} INFO - [2026-02-26T16:54:53.337+0000] {dag.py:3089} INFO - Sync 1 DAGs
[2026-02-26T16:54:53.360+0000] {logging_mixin.py:188} INFO - [2026-02-26T16:54:53.359+0000] {dag.py:3947} INFO - Setting next_dagrun for load_cb_courses to 2026-02-26 00:00:00+00:00, run_after=2026-02-27 00:00:00+00:00
[2026-02-26T16:54:53.380+0000] {processor.py:183} INFO - Processing /opt/airflow/dags/load_cb_courses.py took 0.523 seconds
[2026-02-26T16:55:23.897+0000] {processor.py:161} INFO - Started process (PID=2863) to work on /opt/airflow/dags/load_cb_courses.py
[2026-02-26T16:55:23.899+0000] {processor.py:830} INFO - Processing file /opt/airflow/dags/load_cb_courses.py for tasks to queue
[2026-02-26T16:55:23.901+0000] {logging_mixin.py:188} INFO - [2026-02-26T16:55:23.900+0000] {dagbag.py:545} INFO - Filling up the DagBag from /opt/airflow/dags/load_cb_courses.py
[2026-02-26T16:55:24.344+0000] {processor.py:840} INFO - DAG(s) 'load_cb_courses' retrieved from /opt/airflow/dags/load_cb_courses.py
[2026-02-26T16:55:24.367+0000] {logging_mixin.py:188} INFO - [2026-02-26T16:55:24.367+0000] {dag.py:3089} INFO - Sync 1 DAGs
[2026-02-26T16:55:24.389+0000] {logging_mixin.py:188} INFO - [2026-02-26T16:55:24.389+0000] {dag.py:3947} INFO - Setting next_dagrun for load_cb_courses to 2026-02-26 00:00:00+00:00, run_after=2026-02-27 00:00:00+00:00
[2026-02-26T16:55:24.412+0000] {processor.py:183} INFO - Processing /opt/airflow/dags/load_cb_courses.py took 0.520 seconds
[2026-02-26T16:55:55.213+0000] {processor.py:161} INFO - Started process (PID=2889) to work on /opt/airflow/dags/load_cb_courses.py
[2026-02-26T16:55:55.214+0000] {processor.py:830} INFO - Processing file /opt/airflow/dags/load_cb_courses.py for tasks to queue
[2026-02-26T16:55:55.217+0000] {logging_mixin.py:188} INFO - [2026-02-26T16:55:55.216+0000] {dagbag.py:545} INFO - Filling up the DagBag from /opt/airflow/dags/load_cb_courses.py
[2026-02-26T16:55:55.756+0000] {processor.py:840} INFO - DAG(s) 'load_cb_courses' retrieved from /opt/airflow/dags/load_cb_courses.py
[2026-02-26T16:55:55.802+0000] {logging_mixin.py:188} INFO - [2026-02-26T16:55:55.801+0000] {dag.py:3089} INFO - Sync 1 DAGs
[2026-02-26T16:55:55.827+0000] {logging_mixin.py:188} INFO - [2026-02-26T16:55:55.826+0000] {dag.py:3947} INFO - Setting next_dagrun for load_cb_courses to 2026-02-26 00:00:00+00:00, run_after=2026-02-27 00:00:00+00:00
[2026-02-26T16:55:55.854+0000] {processor.py:183} INFO - Processing /opt/airflow/dags/load_cb_courses.py took 0.647 seconds
[2026-02-26T16:56:26.322+0000] {processor.py:161} INFO - Started process (PID=2921) to work on /opt/airflow/dags/load_cb_courses.py
[2026-02-26T16:56:26.323+0000] {processor.py:830} INFO - Processing file /opt/airflow/dags/load_cb_courses.py for tasks to queue
[2026-02-26T16:56:26.326+0000] {logging_mixin.py:188} INFO - [2026-02-26T16:56:26.325+0000] {dagbag.py:545} INFO - Filling up the DagBag from /opt/airflow/dags/load_cb_courses.py
[2026-02-26T16:56:26.812+0000] {processor.py:840} INFO - DAG(s) 'load_cb_courses' retrieved from /opt/airflow/dags/load_cb_courses.py
[2026-02-26T16:56:26.849+0000] {logging_mixin.py:188} INFO - [2026-02-26T16:56:26.848+0000] {dag.py:3089} INFO - Sync 1 DAGs
[2026-02-26T16:56:26.877+0000] {logging_mixin.py:188} INFO - [2026-02-26T16:56:26.876+0000] {dag.py:3947} INFO - Setting next_dagrun for load_cb_courses to 2026-02-26 00:00:00+00:00, run_after=2026-02-27 00:00:00+00:00
[2026-02-26T16:56:26.907+0000] {processor.py:183} INFO - Processing /opt/airflow/dags/load_cb_courses.py took 0.592 seconds
[2026-02-26T16:56:57.342+0000] {processor.py:161} INFO - Started process (PID=2947) to work on /opt/airflow/dags/load_cb_courses.py
[2026-02-26T16:56:57.343+0000] {processor.py:830} INFO - Processing file /opt/airflow/dags/load_cb_courses.py for tasks to queue
[2026-02-26T16:56:57.346+0000] {logging_mixin.py:188} INFO - [2026-02-26T16:56:57.345+0000] {dagbag.py:545} INFO - Filling up the DagBag from /opt/airflow/dags/load_cb_courses.py
[2026-02-26T16:56:57.798+0000] {processor.py:840} INFO - DAG(s) 'load_cb_courses' retrieved from /opt/airflow/dags/load_cb_courses.py
[2026-02-26T16:56:57.823+0000] {logging_mixin.py:188} INFO - [2026-02-26T16:56:57.822+0000] {dag.py:3089} INFO - Sync 1 DAGs
[2026-02-26T16:56:57.846+0000] {logging_mixin.py:188} INFO - [2026-02-26T16:56:57.846+0000] {dag.py:3947} INFO - Setting next_dagrun for load_cb_courses to 2026-02-26 00:00:00+00:00, run_after=2026-02-27 00:00:00+00:00
[2026-02-26T16:56:57.868+0000] {processor.py:183} INFO - Processing /opt/airflow/dags/load_cb_courses.py took 0.533 seconds
[2026-02-26T16:57:28.137+0000] {processor.py:161} INFO - Started process (PID=2980) to work on /opt/airflow/dags/load_cb_courses.py
[2026-02-26T16:57:28.138+0000] {processor.py:830} INFO - Processing file /opt/airflow/dags/load_cb_courses.py for tasks to queue
[2026-02-26T16:57:28.140+0000] {logging_mixin.py:188} INFO - [2026-02-26T16:57:28.140+0000] {dagbag.py:545} INFO - Filling up the DagBag from /opt/airflow/dags/load_cb_courses.py
[2026-02-26T16:57:28.760+0000] {processor.py:840} INFO - DAG(s) 'load_cb_courses' retrieved from /opt/airflow/dags/load_cb_courses.py
[2026-02-26T16:57:28.789+0000] {logging_mixin.py:188} INFO - [2026-02-26T16:57:28.788+0000] {dag.py:3089} INFO - Sync 1 DAGs
[2026-02-26T16:57:28.815+0000] {logging_mixin.py:188} INFO - [2026-02-26T16:57:28.815+0000] {dag.py:3947} INFO - Setting next_dagrun for load_cb_courses to 2026-02-26 00:00:00+00:00, run_after=2026-02-27 00:00:00+00:00
[2026-02-26T16:57:28.844+0000] {processor.py:183} INFO - Processing /opt/airflow/dags/load_cb_courses.py took 0.714 seconds
[2026-02-26T16:57:59.289+0000] {processor.py:161} INFO - Started process (PID=3006) to work on /opt/airflow/dags/load_cb_courses.py
[2026-02-26T16:57:59.290+0000] {processor.py:830} INFO - Processing file /opt/airflow/dags/load_cb_courses.py for tasks to queue
[2026-02-26T16:57:59.293+0000] {logging_mixin.py:188} INFO - [2026-02-26T16:57:59.292+0000] {dagbag.py:545} INFO - Filling up the DagBag from /opt/airflow/dags/load_cb_courses.py
[2026-02-26T16:57:59.741+0000] {processor.py:840} INFO - DAG(s) 'load_cb_courses' retrieved from /opt/airflow/dags/load_cb_courses.py
[2026-02-26T16:57:59.767+0000] {logging_mixin.py:188} INFO - [2026-02-26T16:57:59.766+0000] {dag.py:3089} INFO - Sync 1 DAGs
[2026-02-26T16:57:59.791+0000] {logging_mixin.py:188} INFO - [2026-02-26T16:57:59.790+0000] {dag.py:3947} INFO - Setting next_dagrun for load_cb_courses to 2026-02-26 00:00:00+00:00, run_after=2026-02-27 00:00:00+00:00
[2026-02-26T16:57:59.815+0000] {processor.py:183} INFO - Processing /opt/airflow/dags/load_cb_courses.py took 0.533 seconds
[2026-02-26T16:58:30.339+0000] {processor.py:161} INFO - Started process (PID=3039) to work on /opt/airflow/dags/load_cb_courses.py
[2026-02-26T16:58:30.340+0000] {processor.py:830} INFO - Processing file /opt/airflow/dags/load_cb_courses.py for tasks to queue
[2026-02-26T16:58:30.343+0000] {logging_mixin.py:188} INFO - [2026-02-26T16:58:30.342+0000] {dagbag.py:545} INFO - Filling up the DagBag from /opt/airflow/dags/load_cb_courses.py
[2026-02-26T16:58:30.874+0000] {processor.py:840} INFO - DAG(s) 'load_cb_courses' retrieved from /opt/airflow/dags/load_cb_courses.py
[2026-02-26T16:58:30.903+0000] {logging_mixin.py:188} INFO - [2026-02-26T16:58:30.902+0000] {dag.py:3089} INFO - Sync 1 DAGs
[2026-02-26T16:58:30.924+0000] {logging_mixin.py:188} INFO - [2026-02-26T16:58:30.924+0000] {dag.py:3947} INFO - Setting next_dagrun for load_cb_courses to 2026-02-26 00:00:00+00:00, run_after=2026-02-27 00:00:00+00:00
[2026-02-26T16:58:30.947+0000] {processor.py:183} INFO - Processing /opt/airflow/dags/load_cb_courses.py took 0.617 seconds
[2026-02-26T16:59:01.463+0000] {processor.py:161} INFO - Started process (PID=3065) to work on /opt/airflow/dags/load_cb_courses.py
[2026-02-26T16:59:01.465+0000] {processor.py:830} INFO - Processing file /opt/airflow/dags/load_cb_courses.py for tasks to queue
[2026-02-26T16:59:01.467+0000] {logging_mixin.py:188} INFO - [2026-02-26T16:59:01.467+0000] {dagbag.py:545} INFO - Filling up the DagBag from /opt/airflow/dags/load_cb_courses.py
[2026-02-26T16:59:01.913+0000] {processor.py:840} INFO - DAG(s) 'load_cb_courses' retrieved from /opt/airflow/dags/load_cb_courses.py
[2026-02-26T16:59:01.938+0000] {logging_mixin.py:188} INFO - [2026-02-26T16:59:01.937+0000] {dag.py:3089} INFO - Sync 1 DAGs
[2026-02-26T16:59:01.962+0000] {logging_mixin.py:188} INFO - [2026-02-26T16:59:01.962+0000] {dag.py:3947} INFO - Setting next_dagrun for load_cb_courses to 2026-02-26 00:00:00+00:00, run_after=2026-02-27 00:00:00+00:00
[2026-02-26T16:59:01.987+0000] {processor.py:183} INFO - Processing /opt/airflow/dags/load_cb_courses.py took 0.529 seconds
[2026-02-26T16:59:32.172+0000] {processor.py:161} INFO - Started process (PID=3098) to work on /opt/airflow/dags/load_cb_courses.py
[2026-02-26T16:59:32.173+0000] {processor.py:830} INFO - Processing file /opt/airflow/dags/load_cb_courses.py for tasks to queue
[2026-02-26T16:59:32.177+0000] {logging_mixin.py:188} INFO - [2026-02-26T16:59:32.176+0000] {dagbag.py:545} INFO - Filling up the DagBag from /opt/airflow/dags/load_cb_courses.py
[2026-02-26T16:59:32.583+0000] {processor.py:840} INFO - DAG(s) 'load_cb_courses' retrieved from /opt/airflow/dags/load_cb_courses.py
[2026-02-26T16:59:32.618+0000] {logging_mixin.py:188} INFO - [2026-02-26T16:59:32.618+0000] {dag.py:3089} INFO - Sync 1 DAGs
[2026-02-26T16:59:32.649+0000] {logging_mixin.py:188} INFO - [2026-02-26T16:59:32.649+0000] {dag.py:3947} INFO - Setting next_dagrun for load_cb_courses to 2026-02-26 00:00:00+00:00, run_after=2026-02-27 00:00:00+00:00
[2026-02-26T16:59:32.678+0000] {processor.py:183} INFO - Processing /opt/airflow/dags/load_cb_courses.py took 0.513 seconds
[2026-02-26T17:00:03.203+0000] {processor.py:161} INFO - Started process (PID=3122) to work on /opt/airflow/dags/load_cb_courses.py
[2026-02-26T17:00:03.205+0000] {processor.py:830} INFO - Processing file /opt/airflow/dags/load_cb_courses.py for tasks to queue
[2026-02-26T17:00:03.208+0000] {logging_mixin.py:188} INFO - [2026-02-26T17:00:03.207+0000] {dagbag.py:545} INFO - Filling up the DagBag from /opt/airflow/dags/load_cb_courses.py
[2026-02-26T17:00:03.508+0000] {processor.py:840} INFO - DAG(s) 'load_cb_courses' retrieved from /opt/airflow/dags/load_cb_courses.py
[2026-02-26T17:00:03.538+0000] {logging_mixin.py:188} INFO - [2026-02-26T17:00:03.537+0000] {dag.py:3089} INFO - Sync 1 DAGs
[2026-02-26T17:00:03.562+0000] {logging_mixin.py:188} INFO - [2026-02-26T17:00:03.562+0000] {dag.py:3947} INFO - Setting next_dagrun for load_cb_courses to 2026-02-26 00:00:00+00:00, run_after=2026-02-27 00:00:00+00:00
[2026-02-26T17:00:03.585+0000] {processor.py:183} INFO - Processing /opt/airflow/dags/load_cb_courses.py took 0.388 seconds
[2026-02-26T17:00:34.032+0000] {processor.py:161} INFO - Started process (PID=3155) to work on /opt/airflow/dags/load_cb_courses.py
[2026-02-26T17:00:34.033+0000] {processor.py:830} INFO - Processing file /opt/airflow/dags/load_cb_courses.py for tasks to queue
[2026-02-26T17:00:34.036+0000] {logging_mixin.py:188} INFO - [2026-02-26T17:00:34.035+0000] {dagbag.py:545} INFO - Filling up the DagBag from /opt/airflow/dags/load_cb_courses.py
[2026-02-26T17:00:34.390+0000] {processor.py:840} INFO - DAG(s) 'load_cb_courses' retrieved from /opt/airflow/dags/load_cb_courses.py
[2026-02-26T17:00:34.427+0000] {logging_mixin.py:188} INFO - [2026-02-26T17:00:34.427+0000] {dag.py:3089} INFO - Sync 1 DAGs
[2026-02-26T17:00:34.456+0000] {logging_mixin.py:188} INFO - [2026-02-26T17:00:34.456+0000] {dag.py:3947} INFO - Setting next_dagrun for load_cb_courses to 2026-02-26 00:00:00+00:00, run_after=2026-02-27 00:00:00+00:00
[2026-02-26T17:00:34.489+0000] {processor.py:183} INFO - Processing /opt/airflow/dags/load_cb_courses.py took 0.464 seconds
[2026-02-26T17:01:04.962+0000] {processor.py:161} INFO - Started process (PID=3181) to work on /opt/airflow/dags/load_cb_courses.py
[2026-02-26T17:01:04.963+0000] {processor.py:830} INFO - Processing file /opt/airflow/dags/load_cb_courses.py for tasks to queue
[2026-02-26T17:01:04.966+0000] {logging_mixin.py:188} INFO - [2026-02-26T17:01:04.966+0000] {dagbag.py:545} INFO - Filling up the DagBag from /opt/airflow/dags/load_cb_courses.py
[2026-02-26T17:01:05.287+0000] {processor.py:840} INFO - DAG(s) 'load_cb_courses' retrieved from /opt/airflow/dags/load_cb_courses.py
[2026-02-26T17:01:05.315+0000] {logging_mixin.py:188} INFO - [2026-02-26T17:01:05.315+0000] {dag.py:3089} INFO - Sync 1 DAGs
[2026-02-26T17:01:05.341+0000] {logging_mixin.py:188} INFO - [2026-02-26T17:01:05.341+0000] {dag.py:3947} INFO - Setting next_dagrun for load_cb_courses to 2026-02-26 00:00:00+00:00, run_after=2026-02-27 00:00:00+00:00
[2026-02-26T17:01:05.370+0000] {processor.py:183} INFO - Processing /opt/airflow/dags/load_cb_courses.py took 0.414 seconds
[2026-02-26T17:01:36.022+0000] {processor.py:161} INFO - Started process (PID=3214) to work on /opt/airflow/dags/load_cb_courses.py
[2026-02-26T17:01:36.024+0000] {processor.py:830} INFO - Processing file /opt/airflow/dags/load_cb_courses.py for tasks to queue
[2026-02-26T17:01:36.026+0000] {logging_mixin.py:188} INFO - [2026-02-26T17:01:36.026+0000] {dagbag.py:545} INFO - Filling up the DagBag from /opt/airflow/dags/load_cb_courses.py
[2026-02-26T17:01:36.420+0000] {processor.py:840} INFO - DAG(s) 'load_cb_courses' retrieved from /opt/airflow/dags/load_cb_courses.py
[2026-02-26T17:01:36.449+0000] {logging_mixin.py:188} INFO - [2026-02-26T17:01:36.448+0000] {dag.py:3089} INFO - Sync 1 DAGs
[2026-02-26T17:01:36.476+0000] {logging_mixin.py:188} INFO - [2026-02-26T17:01:36.476+0000] {dag.py:3947} INFO - Setting next_dagrun for load_cb_courses to 2026-02-26 00:00:00+00:00, run_after=2026-02-27 00:00:00+00:00
[2026-02-26T17:01:36.507+0000] {processor.py:183} INFO - Processing /opt/airflow/dags/load_cb_courses.py took 0.493 seconds
[2026-02-26T17:02:07.177+0000] {processor.py:161} INFO - Started process (PID=3240) to work on /opt/airflow/dags/load_cb_courses.py
[2026-02-26T17:02:07.178+0000] {processor.py:830} INFO - Processing file /opt/airflow/dags/load_cb_courses.py for tasks to queue
[2026-02-26T17:02:07.181+0000] {logging_mixin.py:188} INFO - [2026-02-26T17:02:07.180+0000] {dagbag.py:545} INFO - Filling up the DagBag from /opt/airflow/dags/load_cb_courses.py
[2026-02-26T17:02:06.617+0000] {processor.py:840} INFO - DAG(s) 'load_cb_courses' retrieved from /opt/airflow/dags/load_cb_courses.py
[2026-02-26T17:02:06.646+0000] {logging_mixin.py:188} INFO - [2026-02-26T17:02:06.646+0000] {dag.py:3089} INFO - Sync 1 DAGs
[2026-02-26T17:02:06.676+0000] {logging_mixin.py:188} INFO - [2026-02-26T17:02:06.675+0000] {dag.py:3947} INFO - Setting next_dagrun for load_cb_courses to 2026-02-26 00:00:00+00:00, run_after=2026-02-27 00:00:00+00:00
[2026-02-26T17:02:06.704+0000] {processor.py:183} INFO - Processing /opt/airflow/dags/load_cb_courses.py took 0.422 seconds
[2026-02-26T17:02:36.877+0000] {processor.py:161} INFO - Started process (PID=3274) to work on /opt/airflow/dags/load_cb_courses.py
[2026-02-26T17:02:36.878+0000] {processor.py:830} INFO - Processing file /opt/airflow/dags/load_cb_courses.py for tasks to queue
[2026-02-26T17:02:36.881+0000] {logging_mixin.py:188} INFO - [2026-02-26T17:02:36.881+0000] {dagbag.py:545} INFO - Filling up the DagBag from /opt/airflow/dags/load_cb_courses.py
[2026-02-26T17:02:37.279+0000] {processor.py:840} INFO - DAG(s) 'load_cb_courses' retrieved from /opt/airflow/dags/load_cb_courses.py
[2026-02-26T17:02:37.327+0000] {logging_mixin.py:188} INFO - [2026-02-26T17:02:37.326+0000] {dag.py:3089} INFO - Sync 1 DAGs
[2026-02-26T17:02:37.358+0000] {logging_mixin.py:188} INFO - [2026-02-26T17:02:37.358+0000] {dag.py:3947} INFO - Setting next_dagrun for load_cb_courses to 2026-02-26 00:00:00+00:00, run_after=2026-02-27 00:00:00+00:00
[2026-02-26T17:02:37.389+0000] {processor.py:183} INFO - Processing /opt/airflow/dags/load_cb_courses.py took 0.519 seconds
[2026-02-26T17:03:07.773+0000] {processor.py:161} INFO - Started process (PID=3300) to work on /opt/airflow/dags/load_cb_courses.py
[2026-02-26T17:03:07.774+0000] {processor.py:830} INFO - Processing file /opt/airflow/dags/load_cb_courses.py for tasks to queue
[2026-02-26T17:03:07.777+0000] {logging_mixin.py:188} INFO - [2026-02-26T17:03:07.777+0000] {dagbag.py:545} INFO - Filling up the DagBag from /opt/airflow/dags/load_cb_courses.py
[2026-02-26T17:03:08.091+0000] {processor.py:840} INFO - DAG(s) 'load_cb_courses' retrieved from /opt/airflow/dags/load_cb_courses.py
[2026-02-26T17:03:08.117+0000] {logging_mixin.py:188} INFO - [2026-02-26T17:03:08.116+0000] {dag.py:3089} INFO - Sync 1 DAGs
[2026-02-26T17:03:08.141+0000] {logging_mixin.py:188} INFO - [2026-02-26T17:03:08.141+0000] {dag.py:3947} INFO - Setting next_dagrun for load_cb_courses to 2026-02-26 00:00:00+00:00, run_after=2026-02-27 00:00:00+00:00
[2026-02-26T17:03:08.172+0000] {processor.py:183} INFO - Processing /opt/airflow/dags/load_cb_courses.py took 0.405 seconds
[2026-02-26T17:03:38.942+0000] {processor.py:161} INFO - Started process (PID=3333) to work on /opt/airflow/dags/load_cb_courses.py
[2026-02-26T17:03:38.943+0000] {processor.py:830} INFO - Processing file /opt/airflow/dags/load_cb_courses.py for tasks to queue
[2026-02-26T17:03:38.946+0000] {logging_mixin.py:188} INFO - [2026-02-26T17:03:38.945+0000] {dagbag.py:545} INFO - Filling up the DagBag from /opt/airflow/dags/load_cb_courses.py
[2026-02-26T17:03:39.355+0000] {processor.py:840} INFO - DAG(s) 'load_cb_courses' retrieved from /opt/airflow/dags/load_cb_courses.py
[2026-02-26T17:03:39.394+0000] {logging_mixin.py:188} INFO - [2026-02-26T17:03:39.393+0000] {dag.py:3089} INFO - Sync 1 DAGs
[2026-02-26T17:03:39.422+0000] {logging_mixin.py:188} INFO - [2026-02-26T17:03:39.422+0000] {dag.py:3947} INFO - Setting next_dagrun for load_cb_courses to 2026-02-26 00:00:00+00:00, run_after=2026-02-27 00:00:00+00:00
[2026-02-26T17:03:39.480+0000] {processor.py:183} INFO - Processing /opt/airflow/dags/load_cb_courses.py took 0.545 seconds
[2026-02-26T17:04:09.581+0000] {processor.py:161} INFO - Started process (PID=3359) to work on /opt/airflow/dags/load_cb_courses.py
[2026-02-26T17:04:09.582+0000] {processor.py:830} INFO - Processing file /opt/airflow/dags/load_cb_courses.py for tasks to queue
[2026-02-26T17:04:09.585+0000] {logging_mixin.py:188} INFO - [2026-02-26T17:04:09.584+0000] {dagbag.py:545} INFO - Filling up the DagBag from /opt/airflow/dags/load_cb_courses.py
[2026-02-26T17:04:09.902+0000] {processor.py:840} INFO - DAG(s) 'load_cb_courses' retrieved from /opt/airflow/dags/load_cb_courses.py
[2026-02-26T17:04:09.929+0000] {logging_mixin.py:188} INFO - [2026-02-26T17:04:09.929+0000] {dag.py:3089} INFO - Sync 1 DAGs
[2026-02-26T17:04:09.954+0000] {logging_mixin.py:188} INFO - [2026-02-26T17:04:09.954+0000] {dag.py:3947} INFO - Setting next_dagrun for load_cb_courses to 2026-02-26 00:00:00+00:00, run_after=2026-02-27 00:00:00+00:00
[2026-02-26T17:04:09.989+0000] {processor.py:183} INFO - Processing /opt/airflow/dags/load_cb_courses.py took 0.414 seconds
[2026-02-26T17:04:40.385+0000] {processor.py:161} INFO - Started process (PID=3385) to work on /opt/airflow/dags/load_cb_courses.py
[2026-02-26T17:04:40.386+0000] {processor.py:830} INFO - Processing file /opt/airflow/dags/load_cb_courses.py for tasks to queue
[2026-02-26T17:04:40.388+0000] {logging_mixin.py:188} INFO - [2026-02-26T17:04:40.388+0000] {dagbag.py:545} INFO - Filling up the DagBag from /opt/airflow/dags/load_cb_courses.py
[2026-02-26T17:04:40.727+0000] {processor.py:840} INFO - DAG(s) 'load_cb_courses' retrieved from /opt/airflow/dags/load_cb_courses.py
[2026-02-26T17:04:40.756+0000] {logging_mixin.py:188} INFO - [2026-02-26T17:04:40.756+0000] {dag.py:3089} INFO - Sync 1 DAGs
[2026-02-26T17:04:40.780+0000] {logging_mixin.py:188} INFO - [2026-02-26T17:04:40.780+0000] {dag.py:3947} INFO - Setting next_dagrun for load_cb_courses to 2026-02-26 00:00:00+00:00, run_after=2026-02-27 00:00:00+00:00
[2026-02-26T17:04:40.808+0000] {processor.py:183} INFO - Processing /opt/airflow/dags/load_cb_courses.py took 0.430 seconds
[2026-02-26T17:05:11.187+0000] {processor.py:161} INFO - Started process (PID=3418) to work on /opt/airflow/dags/load_cb_courses.py
[2026-02-26T17:05:11.189+0000] {processor.py:830} INFO - Processing file /opt/airflow/dags/load_cb_courses.py for tasks to queue
[2026-02-26T17:05:11.191+0000] {logging_mixin.py:188} INFO - [2026-02-26T17:05:11.190+0000] {dagbag.py:545} INFO - Filling up the DagBag from /opt/airflow/dags/load_cb_courses.py
[2026-02-26T17:05:11.547+0000] {processor.py:840} INFO - DAG(s) 'load_cb_courses' retrieved from /opt/airflow/dags/load_cb_courses.py
[2026-02-26T17:05:11.575+0000] {logging_mixin.py:188} INFO - [2026-02-26T17:05:11.575+0000] {dag.py:3089} INFO - Sync 1 DAGs
[2026-02-26T17:05:11.599+0000] {logging_mixin.py:188} INFO - [2026-02-26T17:05:11.599+0000] {dag.py:3947} INFO - Setting next_dagrun for load_cb_courses to 2026-02-26 00:00:00+00:00, run_after=2026-02-27 00:00:00+00:00
[2026-02-26T17:05:11.621+0000] {processor.py:183} INFO - Processing /opt/airflow/dags/load_cb_courses.py took 0.440 seconds
[2026-02-26T17:05:42.060+0000] {processor.py:161} INFO - Started process (PID=3444) to work on /opt/airflow/dags/load_cb_courses.py
[2026-02-26T17:05:42.061+0000] {processor.py:830} INFO - Processing file /opt/airflow/dags/load_cb_courses.py for tasks to queue
[2026-02-26T17:05:42.063+0000] {logging_mixin.py:188} INFO - [2026-02-26T17:05:42.063+0000] {dagbag.py:545} INFO - Filling up the DagBag from /opt/airflow/dags/load_cb_courses.py
[2026-02-26T17:05:42.368+0000] {processor.py:840} INFO - DAG(s) 'load_cb_courses' retrieved from /opt/airflow/dags/load_cb_courses.py
[2026-02-26T17:05:42.394+0000] {logging_mixin.py:188} INFO - [2026-02-26T17:05:42.393+0000] {dag.py:3089} INFO - Sync 1 DAGs
[2026-02-26T17:05:42.419+0000] {logging_mixin.py:188} INFO - [2026-02-26T17:05:42.419+0000] {dag.py:3947} INFO - Setting next_dagrun for load_cb_courses to 2026-02-26 00:00:00+00:00, run_after=2026-02-27 00:00:00+00:00
[2026-02-26T17:05:42.507+0000] {processor.py:183} INFO - Processing /opt/airflow/dags/load_cb_courses.py took 0.453 seconds
[2026-02-26T17:06:12.988+0000] {processor.py:161} INFO - Started process (PID=3476) to work on /opt/airflow/dags/load_cb_courses.py
[2026-02-26T17:06:12.989+0000] {processor.py:830} INFO - Processing file /opt/airflow/dags/load_cb_courses.py for tasks to queue
[2026-02-26T17:06:12.992+0000] {logging_mixin.py:188} INFO - [2026-02-26T17:06:12.991+0000] {dagbag.py:545} INFO - Filling up the DagBag from /opt/airflow/dags/load_cb_courses.py
[2026-02-26T17:06:13.309+0000] {processor.py:840} INFO - DAG(s) 'load_cb_courses' retrieved from /opt/airflow/dags/load_cb_courses.py
[2026-02-26T17:06:13.335+0000] {logging_mixin.py:188} INFO - [2026-02-26T17:06:13.335+0000] {dag.py:3089} INFO - Sync 1 DAGs
[2026-02-26T17:06:13.361+0000] {logging_mixin.py:188} INFO - [2026-02-26T17:06:13.361+0000] {dag.py:3947} INFO - Setting next_dagrun for load_cb_courses to 2026-02-26 00:00:00+00:00, run_after=2026-02-27 00:00:00+00:00
[2026-02-26T17:06:13.386+0000] {processor.py:183} INFO - Processing /opt/airflow/dags/load_cb_courses.py took 0.404 seconds
[2026-02-26T17:06:43.905+0000] {processor.py:161} INFO - Started process (PID=3503) to work on /opt/airflow/dags/load_cb_courses.py
[2026-02-26T17:06:43.906+0000] {processor.py:830} INFO - Processing file /opt/airflow/dags/load_cb_courses.py for tasks to queue
[2026-02-26T17:06:43.908+0000] {logging_mixin.py:188} INFO - [2026-02-26T17:06:43.908+0000] {dagbag.py:545} INFO - Filling up the DagBag from /opt/airflow/dags/load_cb_courses.py
[2026-02-26T17:06:44.248+0000] {processor.py:840} INFO - DAG(s) 'load_cb_courses' retrieved from /opt/airflow/dags/load_cb_courses.py
[2026-02-26T17:06:44.279+0000] {logging_mixin.py:188} INFO - [2026-02-26T17:06:44.279+0000] {dag.py:3089} INFO - Sync 1 DAGs
[2026-02-26T17:06:44.307+0000] {logging_mixin.py:188} INFO - [2026-02-26T17:06:44.306+0000] {dag.py:3947} INFO - Setting next_dagrun for load_cb_courses to 2026-02-26 00:00:00+00:00, run_after=2026-02-27 00:00:00+00:00
[2026-02-26T17:06:44.332+0000] {processor.py:183} INFO - Processing /opt/airflow/dags/load_cb_courses.py took 0.434 seconds
[2026-02-26T17:07:14.794+0000] {processor.py:161} INFO - Started process (PID=3536) to work on /opt/airflow/dags/load_cb_courses.py
[2026-02-26T17:07:14.795+0000] {processor.py:830} INFO - Processing file /opt/airflow/dags/load_cb_courses.py for tasks to queue
[2026-02-26T17:07:14.798+0000] {logging_mixin.py:188} INFO - [2026-02-26T17:07:14.797+0000] {dagbag.py:545} INFO - Filling up the DagBag from /opt/airflow/dags/load_cb_courses.py
[2026-02-26T17:07:15.117+0000] {processor.py:840} INFO - DAG(s) 'load_cb_courses' retrieved from /opt/airflow/dags/load_cb_courses.py
[2026-02-26T17:07:15.144+0000] {logging_mixin.py:188} INFO - [2026-02-26T17:07:15.143+0000] {dag.py:3089} INFO - Sync 1 DAGs
[2026-02-26T17:07:15.166+0000] {logging_mixin.py:188} INFO - [2026-02-26T17:07:15.165+0000] {dag.py:3947} INFO - Setting next_dagrun for load_cb_courses to 2026-02-26 00:00:00+00:00, run_after=2026-02-27 00:00:00+00:00
[2026-02-26T17:07:15.193+0000] {processor.py:183} INFO - Processing /opt/airflow/dags/load_cb_courses.py took 0.407 seconds
[2026-02-26T17:07:45.549+0000] {processor.py:161} INFO - Started process (PID=3563) to work on /opt/airflow/dags/load_cb_courses.py
[2026-02-26T17:07:45.551+0000] {processor.py:830} INFO - Processing file /opt/airflow/dags/load_cb_courses.py for tasks to queue
[2026-02-26T17:07:45.553+0000] {logging_mixin.py:188} INFO - [2026-02-26T17:07:45.553+0000] {dagbag.py:545} INFO - Filling up the DagBag from /opt/airflow/dags/load_cb_courses.py
[2026-02-26T17:07:45.856+0000] {processor.py:840} INFO - DAG(s) 'load_cb_courses' retrieved from /opt/airflow/dags/load_cb_courses.py
[2026-02-26T17:07:45.883+0000] {logging_mixin.py:188} INFO - [2026-02-26T17:07:45.882+0000] {dag.py:3089} INFO - Sync 1 DAGs
[2026-02-26T17:07:45.908+0000] {logging_mixin.py:188} INFO - [2026-02-26T17:07:45.908+0000] {dag.py:3947} INFO - Setting next_dagrun for load_cb_courses to 2026-02-26 00:00:00+00:00, run_after=2026-02-27 00:00:00+00:00
[2026-02-26T17:07:45.933+0000] {processor.py:183} INFO - Processing /opt/airflow/dags/load_cb_courses.py took 0.391 seconds
[2026-02-26T17:08:16.982+0000] {processor.py:161} INFO - Started process (PID=3597) to work on /opt/airflow/dags/load_cb_courses.py
[2026-02-26T17:08:16.983+0000] {processor.py:830} INFO - Processing file /opt/airflow/dags/load_cb_courses.py for tasks to queue
[2026-02-26T17:08:16.985+0000] {logging_mixin.py:188} INFO - [2026-02-26T17:08:16.985+0000] {dagbag.py:545} INFO - Filling up the DagBag from /opt/airflow/dags/load_cb_courses.py
[2026-02-26T17:08:17.300+0000] {processor.py:840} INFO - DAG(s) 'load_cb_courses' retrieved from /opt/airflow/dags/load_cb_courses.py
[2026-02-26T17:08:17.327+0000] {logging_mixin.py:188} INFO - [2026-02-26T17:08:17.326+0000] {dag.py:3089} INFO - Sync 1 DAGs
[2026-02-26T17:08:17.354+0000] {logging_mixin.py:188} INFO - [2026-02-26T17:08:17.354+0000] {dag.py:3947} INFO - Setting next_dagrun for load_cb_courses to 2026-02-26 00:00:00+00:00, run_after=2026-02-27 00:00:00+00:00
[2026-02-26T17:08:17.378+0000] {processor.py:183} INFO - Processing /opt/airflow/dags/load_cb_courses.py took 0.401 seconds
[2026-02-26T17:08:47.821+0000] {processor.py:161} INFO - Started process (PID=3622) to work on /opt/airflow/dags/load_cb_courses.py
[2026-02-26T17:08:47.823+0000] {processor.py:830} INFO - Processing file /opt/airflow/dags/load_cb_courses.py for tasks to queue
[2026-02-26T17:08:47.825+0000] {logging_mixin.py:188} INFO - [2026-02-26T17:08:47.825+0000] {dagbag.py:545} INFO - Filling up the DagBag from /opt/airflow/dags/load_cb_courses.py
[2026-02-26T17:08:48.137+0000] {processor.py:840} INFO - DAG(s) 'load_cb_courses' retrieved from /opt/airflow/dags/load_cb_courses.py
[2026-02-26T17:08:48.167+0000] {logging_mixin.py:188} INFO - [2026-02-26T17:08:48.166+0000] {dag.py:3089} INFO - Sync 1 DAGs
[2026-02-26T17:08:48.190+0000] {logging_mixin.py:188} INFO - [2026-02-26T17:08:48.190+0000] {dag.py:3947} INFO - Setting next_dagrun for load_cb_courses to 2026-02-26 00:00:00+00:00, run_after=2026-02-27 00:00:00+00:00
[2026-02-26T17:08:48.213+0000] {processor.py:183} INFO - Processing /opt/airflow/dags/load_cb_courses.py took 0.399 seconds
[2026-02-26T17:09:18.719+0000] {processor.py:161} INFO - Started process (PID=3655) to work on /opt/airflow/dags/load_cb_courses.py
[2026-02-26T17:09:18.721+0000] {processor.py:830} INFO - Processing file /opt/airflow/dags/load_cb_courses.py for tasks to queue
[2026-02-26T17:09:18.723+0000] {logging_mixin.py:188} INFO - [2026-02-26T17:09:18.723+0000] {dagbag.py:545} INFO - Filling up the DagBag from /opt/airflow/dags/load_cb_courses.py
[2026-02-26T17:09:19.048+0000] {processor.py:840} INFO - DAG(s) 'load_cb_courses' retrieved from /opt/airflow/dags/load_cb_courses.py
[2026-02-26T17:09:19.076+0000] {logging_mixin.py:188} INFO - [2026-02-26T17:09:19.076+0000] {dag.py:3089} INFO - Sync 1 DAGs
[2026-02-26T17:09:19.103+0000] {logging_mixin.py:188} INFO - [2026-02-26T17:09:19.103+0000] {dag.py:3947} INFO - Setting next_dagrun for load_cb_courses to 2026-02-26 00:00:00+00:00, run_after=2026-02-27 00:00:00+00:00
[2026-02-26T17:09:19.135+0000] {processor.py:183} INFO - Processing /opt/airflow/dags/load_cb_courses.py took 0.423 seconds
[2026-02-26T17:09:49.627+0000] {processor.py:161} INFO - Started process (PID=3680) to work on /opt/airflow/dags/load_cb_courses.py
[2026-02-26T17:09:49.628+0000] {processor.py:830} INFO - Processing file /opt/airflow/dags/load_cb_courses.py for tasks to queue
[2026-02-26T17:09:49.630+0000] {logging_mixin.py:188} INFO - [2026-02-26T17:09:49.630+0000] {dagbag.py:545} INFO - Filling up the DagBag from /opt/airflow/dags/load_cb_courses.py
[2026-02-26T17:09:49.954+0000] {processor.py:840} INFO - DAG(s) 'load_cb_courses' retrieved from /opt/airflow/dags/load_cb_courses.py
[2026-02-26T17:09:49.980+0000] {logging_mixin.py:188} INFO - [2026-02-26T17:09:49.979+0000] {dag.py:3089} INFO - Sync 1 DAGs
[2026-02-26T17:09:50.003+0000] {logging_mixin.py:188} INFO - [2026-02-26T17:09:50.003+0000] {dag.py:3947} INFO - Setting next_dagrun for load_cb_courses to 2026-02-26 00:00:00+00:00, run_after=2026-02-27 00:00:00+00:00
[2026-02-26T17:09:50.030+0000] {processor.py:183} INFO - Processing /opt/airflow/dags/load_cb_courses.py took 0.409 seconds
[2026-02-26T17:10:20.512+0000] {processor.py:161} INFO - Started process (PID=3714) to work on /opt/airflow/dags/load_cb_courses.py
[2026-02-26T17:10:20.513+0000] {processor.py:830} INFO - Processing file /opt/airflow/dags/load_cb_courses.py for tasks to queue
[2026-02-26T17:10:20.515+0000] {logging_mixin.py:188} INFO - [2026-02-26T17:10:20.515+0000] {dagbag.py:545} INFO - Filling up the DagBag from /opt/airflow/dags/load_cb_courses.py
[2026-02-26T17:10:21.556+0000] {processor.py:840} INFO - DAG(s) 'load_cb_courses' retrieved from /opt/airflow/dags/load_cb_courses.py
[2026-02-26T17:10:21.603+0000] {logging_mixin.py:188} INFO - [2026-02-26T17:10:21.603+0000] {dag.py:3089} INFO - Sync 1 DAGs
[2026-02-26T17:10:21.642+0000] {logging_mixin.py:188} INFO - [2026-02-26T17:10:21.642+0000] {dag.py:3947} INFO - Setting next_dagrun for load_cb_courses to 2026-02-26 00:00:00+00:00, run_after=2026-02-27 00:00:00+00:00
[2026-02-26T17:10:21.703+0000] {processor.py:183} INFO - Processing /opt/airflow/dags/load_cb_courses.py took 1.197 seconds
[2026-02-26T17:10:52.138+0000] {processor.py:161} INFO - Started process (PID=3740) to work on /opt/airflow/dags/load_cb_courses.py
[2026-02-26T17:10:52.139+0000] {processor.py:830} INFO - Processing file /opt/airflow/dags/load_cb_courses.py for tasks to queue
[2026-02-26T17:10:52.142+0000] {logging_mixin.py:188} INFO - [2026-02-26T17:10:52.141+0000] {dagbag.py:545} INFO - Filling up the DagBag from /opt/airflow/dags/load_cb_courses.py
[2026-02-26T17:10:52.455+0000] {processor.py:840} INFO - DAG(s) 'load_cb_courses' retrieved from /opt/airflow/dags/load_cb_courses.py
[2026-02-26T17:10:52.486+0000] {logging_mixin.py:188} INFO - [2026-02-26T17:10:52.485+0000] {dag.py:3089} INFO - Sync 1 DAGs
[2026-02-26T17:10:52.508+0000] {logging_mixin.py:188} INFO - [2026-02-26T17:10:52.507+0000] {dag.py:3947} INFO - Setting next_dagrun for load_cb_courses to 2026-02-26 00:00:00+00:00, run_after=2026-02-27 00:00:00+00:00
[2026-02-26T17:10:52.530+0000] {processor.py:183} INFO - Processing /opt/airflow/dags/load_cb_courses.py took 0.398 seconds
[2026-02-26T17:11:22.605+0000] {processor.py:161} INFO - Started process (PID=3773) to work on /opt/airflow/dags/load_cb_courses.py
[2026-02-26T17:11:22.607+0000] {processor.py:830} INFO - Processing file /opt/airflow/dags/load_cb_courses.py for tasks to queue
[2026-02-26T17:11:22.608+0000] {logging_mixin.py:188} INFO - [2026-02-26T17:11:22.608+0000] {dagbag.py:545} INFO - Filling up the DagBag from /opt/airflow/dags/load_cb_courses.py
[2026-02-26T17:11:22.950+0000] {processor.py:840} INFO - DAG(s) 'load_cb_courses' retrieved from /opt/airflow/dags/load_cb_courses.py
[2026-02-26T17:11:22.980+0000] {logging_mixin.py:188} INFO - [2026-02-26T17:11:22.979+0000] {dag.py:3089} INFO - Sync 1 DAGs
[2026-02-26T17:11:23.012+0000] {logging_mixin.py:188} INFO - [2026-02-26T17:11:23.011+0000] {dag.py:3947} INFO - Setting next_dagrun for load_cb_courses to 2026-02-26 00:00:00+00:00, run_after=2026-02-27 00:00:00+00:00
[2026-02-26T17:11:23.042+0000] {processor.py:183} INFO - Processing /opt/airflow/dags/load_cb_courses.py took 0.443 seconds
[2026-02-26T17:11:53.278+0000] {processor.py:161} INFO - Started process (PID=3798) to work on /opt/airflow/dags/load_cb_courses.py
[2026-02-26T17:11:53.279+0000] {processor.py:830} INFO - Processing file /opt/airflow/dags/load_cb_courses.py for tasks to queue
[2026-02-26T17:11:53.281+0000] {logging_mixin.py:188} INFO - [2026-02-26T17:11:53.281+0000] {dagbag.py:545} INFO - Filling up the DagBag from /opt/airflow/dags/load_cb_courses.py
[2026-02-26T17:11:53.592+0000] {processor.py:840} INFO - DAG(s) 'load_cb_courses' retrieved from /opt/airflow/dags/load_cb_courses.py
[2026-02-26T17:11:53.617+0000] {logging_mixin.py:188} INFO - [2026-02-26T17:11:53.616+0000] {dag.py:3089} INFO - Sync 1 DAGs
[2026-02-26T17:11:53.642+0000] {logging_mixin.py:188} INFO - [2026-02-26T17:11:53.642+0000] {dag.py:3947} INFO - Setting next_dagrun for load_cb_courses to 2026-02-26 00:00:00+00:00, run_after=2026-02-27 00:00:00+00:00
[2026-02-26T17:11:53.669+0000] {processor.py:183} INFO - Processing /opt/airflow/dags/load_cb_courses.py took 0.398 seconds
[2026-02-26T17:12:24.155+0000] {processor.py:161} INFO - Started process (PID=3831) to work on /opt/airflow/dags/load_cb_courses.py
[2026-02-26T17:12:24.156+0000] {processor.py:830} INFO - Processing file /opt/airflow/dags/load_cb_courses.py for tasks to queue
[2026-02-26T17:12:24.159+0000] {logging_mixin.py:188} INFO - [2026-02-26T17:12:24.158+0000] {dagbag.py:545} INFO - Filling up the DagBag from /opt/airflow/dags/load_cb_courses.py
[2026-02-26T17:12:24.512+0000] {processor.py:840} INFO - DAG(s) 'load_cb_courses' retrieved from /opt/airflow/dags/load_cb_courses.py
[2026-02-26T17:12:24.553+0000] {logging_mixin.py:188} INFO - [2026-02-26T17:12:24.553+0000] {dag.py:3089} INFO - Sync 1 DAGs
[2026-02-26T17:12:24.584+0000] {logging_mixin.py:188} INFO - [2026-02-26T17:12:24.584+0000] {dag.py:3947} INFO - Setting next_dagrun for load_cb_courses to 2026-02-26 00:00:00+00:00, run_after=2026-02-27 00:00:00+00:00
[2026-02-26T17:12:24.613+0000] {processor.py:183} INFO - Processing /opt/airflow/dags/load_cb_courses.py took 0.464 seconds
[2026-02-26T17:12:55.045+0000] {processor.py:161} INFO - Started process (PID=3858) to work on /opt/airflow/dags/load_cb_courses.py
[2026-02-26T17:12:55.046+0000] {processor.py:830} INFO - Processing file /opt/airflow/dags/load_cb_courses.py for tasks to queue
[2026-02-26T17:12:55.049+0000] {logging_mixin.py:188} INFO - [2026-02-26T17:12:55.048+0000] {dagbag.py:545} INFO - Filling up the DagBag from /opt/airflow/dags/load_cb_courses.py
[2026-02-26T17:12:55.354+0000] {processor.py:840} INFO - DAG(s) 'load_cb_courses' retrieved from /opt/airflow/dags/load_cb_courses.py
[2026-02-26T17:12:55.385+0000] {logging_mixin.py:188} INFO - [2026-02-26T17:12:55.384+0000] {dag.py:3089} INFO - Sync 1 DAGs
[2026-02-26T17:12:55.408+0000] {logging_mixin.py:188} INFO - [2026-02-26T17:12:55.407+0000] {dag.py:3947} INFO - Setting next_dagrun for load_cb_courses to 2026-02-26 00:00:00+00:00, run_after=2026-02-27 00:00:00+00:00
[2026-02-26T17:12:55.431+0000] {processor.py:183} INFO - Processing /opt/airflow/dags/load_cb_courses.py took 0.392 seconds
[2026-02-26T17:13:25.644+0000] {processor.py:161} INFO - Started process (PID=3891) to work on /opt/airflow/dags/load_cb_courses.py
[2026-02-26T17:13:25.646+0000] {processor.py:830} INFO - Processing file /opt/airflow/dags/load_cb_courses.py for tasks to queue
[2026-02-26T17:13:25.650+0000] {logging_mixin.py:188} INFO - [2026-02-26T17:13:25.649+0000] {dagbag.py:545} INFO - Filling up the DagBag from /opt/airflow/dags/load_cb_courses.py
[2026-02-26T17:13:26.059+0000] {processor.py:840} INFO - DAG(s) 'load_cb_courses' retrieved from /opt/airflow/dags/load_cb_courses.py
[2026-02-26T17:13:26.097+0000] {logging_mixin.py:188} INFO - [2026-02-26T17:13:26.096+0000] {dag.py:3089} INFO - Sync 1 DAGs
[2026-02-26T17:13:26.122+0000] {logging_mixin.py:188} INFO - [2026-02-26T17:13:26.122+0000] {dag.py:3947} INFO - Setting next_dagrun for load_cb_courses to 2026-02-26 00:00:00+00:00, run_after=2026-02-27 00:00:00+00:00
[2026-02-26T17:13:26.151+0000] {processor.py:183} INFO - Processing /opt/airflow/dags/load_cb_courses.py took 0.518 seconds
[2026-02-26T17:13:56.222+0000] {processor.py:161} INFO - Started process (PID=3914) to work on /opt/airflow/dags/load_cb_courses.py
[2026-02-26T17:13:56.223+0000] {processor.py:830} INFO - Processing file /opt/airflow/dags/load_cb_courses.py for tasks to queue
[2026-02-26T17:13:56.225+0000] {logging_mixin.py:188} INFO - [2026-02-26T17:13:56.225+0000] {dagbag.py:545} INFO - Filling up the DagBag from /opt/airflow/dags/load_cb_courses.py
[2026-02-26T17:13:56.553+0000] {processor.py:840} INFO - DAG(s) 'load_cb_courses' retrieved from /opt/airflow/dags/load_cb_courses.py
[2026-02-26T17:13:56.581+0000] {logging_mixin.py:188} INFO - [2026-02-26T17:13:56.580+0000] {dag.py:3089} INFO - Sync 1 DAGs
[2026-02-26T17:13:56.608+0000] {logging_mixin.py:188} INFO - [2026-02-26T17:13:56.608+0000] {dag.py:3947} INFO - Setting next_dagrun for load_cb_courses to 2026-02-26 00:00:00+00:00, run_after=2026-02-27 00:00:00+00:00
[2026-02-26T17:13:56.639+0000] {processor.py:183} INFO - Processing /opt/airflow/dags/load_cb_courses.py took 0.423 seconds
[2026-02-26T17:14:27.177+0000] {processor.py:161} INFO - Started process (PID=3949) to work on /opt/airflow/dags/load_cb_courses.py
[2026-02-26T17:14:27.179+0000] {processor.py:830} INFO - Processing file /opt/airflow/dags/load_cb_courses.py for tasks to queue
[2026-02-26T17:14:27.181+0000] {logging_mixin.py:188} INFO - [2026-02-26T17:14:27.180+0000] {dagbag.py:545} INFO - Filling up the DagBag from /opt/airflow/dags/load_cb_courses.py
[2026-02-26T17:14:27.553+0000] {processor.py:840} INFO - DAG(s) 'load_cb_courses' retrieved from /opt/airflow/dags/load_cb_courses.py
[2026-02-26T17:14:27.589+0000] {logging_mixin.py:188} INFO - [2026-02-26T17:14:27.588+0000] {dag.py:3089} INFO - Sync 1 DAGs
[2026-02-26T17:14:27.625+0000] {logging_mixin.py:188} INFO - [2026-02-26T17:14:27.625+0000] {dag.py:3947} INFO - Setting next_dagrun for load_cb_courses to 2026-02-26 00:00:00+00:00, run_after=2026-02-27 00:00:00+00:00
[2026-02-26T17:14:27.662+0000] {processor.py:183} INFO - Processing /opt/airflow/dags/load_cb_courses.py took 0.491 seconds
[2026-02-26T17:14:57.766+0000] {processor.py:161} INFO - Started process (PID=3976) to work on /opt/airflow/dags/load_cb_courses.py
[2026-02-26T17:14:57.767+0000] {processor.py:830} INFO - Processing file /opt/airflow/dags/load_cb_courses.py for tasks to queue
[2026-02-26T17:14:57.769+0000] {logging_mixin.py:188} INFO - [2026-02-26T17:14:57.769+0000] {dagbag.py:545} INFO - Filling up the DagBag from /opt/airflow/dags/load_cb_courses.py
[2026-02-26T17:14:58.087+0000] {processor.py:840} INFO - DAG(s) 'load_cb_courses' retrieved from /opt/airflow/dags/load_cb_courses.py
[2026-02-26T17:14:58.114+0000] {logging_mixin.py:188} INFO - [2026-02-26T17:14:58.113+0000] {dag.py:3089} INFO - Sync 1 DAGs
[2026-02-26T17:14:58.136+0000] {logging_mixin.py:188} INFO - [2026-02-26T17:14:58.135+0000] {dag.py:3947} INFO - Setting next_dagrun for load_cb_courses to 2026-02-26 00:00:00+00:00, run_after=2026-02-27 00:00:00+00:00
[2026-02-26T17:14:58.163+0000] {processor.py:183} INFO - Processing /opt/airflow/dags/load_cb_courses.py took 0.404 seconds
[2026-02-26T17:15:28.441+0000] {processor.py:161} INFO - Started process (PID=4002) to work on /opt/airflow/dags/load_cb_courses.py
[2026-02-26T17:15:28.442+0000] {processor.py:830} INFO - Processing file /opt/airflow/dags/load_cb_courses.py for tasks to queue
[2026-02-26T17:15:28.444+0000] {logging_mixin.py:188} INFO - [2026-02-26T17:15:28.444+0000] {dagbag.py:545} INFO - Filling up the DagBag from /opt/airflow/dags/load_cb_courses.py
[2026-02-26T17:15:28.787+0000] {processor.py:840} INFO - DAG(s) 'load_cb_courses' retrieved from /opt/airflow/dags/load_cb_courses.py
[2026-02-26T17:15:28.814+0000] {logging_mixin.py:188} INFO - [2026-02-26T17:15:28.813+0000] {dag.py:3089} INFO - Sync 1 DAGs
[2026-02-26T17:15:28.840+0000] {logging_mixin.py:188} INFO - [2026-02-26T17:15:28.839+0000] {dag.py:3947} INFO - Setting next_dagrun for load_cb_courses to 2026-02-26 00:00:00+00:00, run_after=2026-02-27 00:00:00+00:00
[2026-02-26T17:15:28.868+0000] {processor.py:183} INFO - Processing /opt/airflow/dags/load_cb_courses.py took 0.433 seconds
[2026-02-26T17:15:59.008+0000] {processor.py:161} INFO - Started process (PID=4036) to work on /opt/airflow/dags/load_cb_courses.py
[2026-02-26T17:15:59.009+0000] {processor.py:830} INFO - Processing file /opt/airflow/dags/load_cb_courses.py for tasks to queue
[2026-02-26T17:15:59.012+0000] {logging_mixin.py:188} INFO - [2026-02-26T17:15:59.012+0000] {dagbag.py:545} INFO - Filling up the DagBag from /opt/airflow/dags/load_cb_courses.py
[2026-02-26T17:15:59.444+0000] {processor.py:840} INFO - DAG(s) 'load_cb_courses' retrieved from /opt/airflow/dags/load_cb_courses.py
[2026-02-26T17:15:59.508+0000] {logging_mixin.py:188} INFO - [2026-02-26T17:15:59.507+0000] {dag.py:3089} INFO - Sync 1 DAGs
[2026-02-26T17:15:59.569+0000] {logging_mixin.py:188} INFO - [2026-02-26T17:15:59.568+0000] {dag.py:3947} INFO - Setting next_dagrun for load_cb_courses to 2026-02-26 00:00:00+00:00, run_after=2026-02-27 00:00:00+00:00
[2026-02-26T17:15:59.601+0000] {processor.py:183} INFO - Processing /opt/airflow/dags/load_cb_courses.py took 0.603 seconds
[2026-02-26T17:16:30.092+0000] {processor.py:161} INFO - Started process (PID=4063) to work on /opt/airflow/dags/load_cb_courses.py
[2026-02-26T17:16:30.094+0000] {processor.py:830} INFO - Processing file /opt/airflow/dags/load_cb_courses.py for tasks to queue
[2026-02-26T17:16:30.096+0000] {logging_mixin.py:188} INFO - [2026-02-26T17:16:30.095+0000] {dagbag.py:545} INFO - Filling up the DagBag from /opt/airflow/dags/load_cb_courses.py
[2026-02-26T17:16:30.409+0000] {processor.py:840} INFO - DAG(s) 'load_cb_courses' retrieved from /opt/airflow/dags/load_cb_courses.py
[2026-02-26T17:16:30.435+0000] {logging_mixin.py:188} INFO - [2026-02-26T17:16:30.434+0000] {dag.py:3089} INFO - Sync 1 DAGs
[2026-02-26T17:16:30.458+0000] {logging_mixin.py:188} INFO - [2026-02-26T17:16:30.458+0000] {dag.py:3947} INFO - Setting next_dagrun for load_cb_courses to 2026-02-26 00:00:00+00:00, run_after=2026-02-27 00:00:00+00:00
[2026-02-26T17:16:30.481+0000] {processor.py:183} INFO - Processing /opt/airflow/dags/load_cb_courses.py took 0.395 seconds
[2026-02-26T17:17:01.079+0000] {processor.py:161} INFO - Started process (PID=4095) to work on /opt/airflow/dags/load_cb_courses.py
[2026-02-26T17:17:01.081+0000] {processor.py:830} INFO - Processing file /opt/airflow/dags/load_cb_courses.py for tasks to queue
[2026-02-26T17:17:01.085+0000] {logging_mixin.py:188} INFO - [2026-02-26T17:17:01.084+0000] {dagbag.py:545} INFO - Filling up the DagBag from /opt/airflow/dags/load_cb_courses.py
[2026-02-26T17:17:01.399+0000] {processor.py:840} INFO - DAG(s) 'load_cb_courses' retrieved from /opt/airflow/dags/load_cb_courses.py
[2026-02-26T17:17:01.426+0000] {logging_mixin.py:188} INFO - [2026-02-26T17:17:01.426+0000] {dag.py:3089} INFO - Sync 1 DAGs
[2026-02-26T17:17:01.449+0000] {logging_mixin.py:188} INFO - [2026-02-26T17:17:01.448+0000] {dag.py:3947} INFO - Setting next_dagrun for load_cb_courses to 2026-02-26 00:00:00+00:00, run_after=2026-02-27 00:00:00+00:00
[2026-02-26T17:17:01.473+0000] {processor.py:183} INFO - Processing /opt/airflow/dags/load_cb_courses.py took 0.403 seconds
[2026-02-26T17:17:31.572+0000] {processor.py:161} INFO - Started process (PID=4120) to work on /opt/airflow/dags/load_cb_courses.py
[2026-02-26T17:17:31.573+0000] {processor.py:830} INFO - Processing file /opt/airflow/dags/load_cb_courses.py for tasks to queue
[2026-02-26T17:17:31.575+0000] {logging_mixin.py:188} INFO - [2026-02-26T17:17:31.575+0000] {dagbag.py:545} INFO - Filling up the DagBag from /opt/airflow/dags/load_cb_courses.py
[2026-02-26T17:17:31.943+0000] {processor.py:840} INFO - DAG(s) 'load_cb_courses' retrieved from /opt/airflow/dags/load_cb_courses.py
[2026-02-26T17:17:31.970+0000] {logging_mixin.py:188} INFO - [2026-02-26T17:17:31.970+0000] {dag.py:3089} INFO - Sync 1 DAGs
[2026-02-26T17:17:31.995+0000] {logging_mixin.py:188} INFO - [2026-02-26T17:17:31.994+0000] {dag.py:3947} INFO - Setting next_dagrun for load_cb_courses to 2026-02-26 00:00:00+00:00, run_after=2026-02-27 00:00:00+00:00
[2026-02-26T17:17:32.019+0000] {processor.py:183} INFO - Processing /opt/airflow/dags/load_cb_courses.py took 0.454 seconds
[2026-02-26T17:18:02.433+0000] {processor.py:161} INFO - Started process (PID=4153) to work on /opt/airflow/dags/load_cb_courses.py
[2026-02-26T17:18:02.435+0000] {processor.py:830} INFO - Processing file /opt/airflow/dags/load_cb_courses.py for tasks to queue
[2026-02-26T17:18:02.440+0000] {logging_mixin.py:188} INFO - [2026-02-26T17:18:02.439+0000] {dagbag.py:545} INFO - Filling up the DagBag from /opt/airflow/dags/load_cb_courses.py
[2026-02-26T17:18:02.849+0000] {processor.py:840} INFO - DAG(s) 'load_cb_courses' retrieved from /opt/airflow/dags/load_cb_courses.py
[2026-02-26T17:18:02.882+0000] {logging_mixin.py:188} INFO - [2026-02-26T17:18:02.881+0000] {dag.py:3089} INFO - Sync 1 DAGs
[2026-02-26T17:18:02.924+0000] {logging_mixin.py:188} INFO - [2026-02-26T17:18:02.924+0000] {dag.py:3947} INFO - Setting next_dagrun for load_cb_courses to 2026-02-26 00:00:00+00:00, run_after=2026-02-27 00:00:00+00:00
[2026-02-26T17:18:02.962+0000] {processor.py:183} INFO - Processing /opt/airflow/dags/load_cb_courses.py took 0.540 seconds
[2026-02-26T17:18:33.484+0000] {processor.py:161} INFO - Started process (PID=4178) to work on /opt/airflow/dags/load_cb_courses.py
[2026-02-26T17:18:33.486+0000] {processor.py:830} INFO - Processing file /opt/airflow/dags/load_cb_courses.py for tasks to queue
[2026-02-26T17:18:33.488+0000] {logging_mixin.py:188} INFO - [2026-02-26T17:18:33.488+0000] {dagbag.py:545} INFO - Filling up the DagBag from /opt/airflow/dags/load_cb_courses.py
[2026-02-26T17:18:33.821+0000] {processor.py:840} INFO - DAG(s) 'load_cb_courses' retrieved from /opt/airflow/dags/load_cb_courses.py
[2026-02-26T17:18:33.848+0000] {logging_mixin.py:188} INFO - [2026-02-26T17:18:33.847+0000] {dag.py:3089} INFO - Sync 1 DAGs
[2026-02-26T17:18:33.873+0000] {logging_mixin.py:188} INFO - [2026-02-26T17:18:33.873+0000] {dag.py:3947} INFO - Setting next_dagrun for load_cb_courses to 2026-02-26 00:00:00+00:00, run_after=2026-02-27 00:00:00+00:00
[2026-02-26T17:18:33.896+0000] {processor.py:183} INFO - Processing /opt/airflow/dags/load_cb_courses.py took 0.419 seconds
[2026-02-26T17:19:04.377+0000] {processor.py:161} INFO - Started process (PID=4210) to work on /opt/airflow/dags/load_cb_courses.py
[2026-02-26T17:19:04.378+0000] {processor.py:830} INFO - Processing file /opt/airflow/dags/load_cb_courses.py for tasks to queue
[2026-02-26T17:19:04.382+0000] {logging_mixin.py:188} INFO - [2026-02-26T17:19:04.381+0000] {dagbag.py:545} INFO - Filling up the DagBag from /opt/airflow/dags/load_cb_courses.py
[2026-02-26T17:19:04.827+0000] {processor.py:840} INFO - DAG(s) 'load_cb_courses' retrieved from /opt/airflow/dags/load_cb_courses.py
[2026-02-26T17:19:04.885+0000] {logging_mixin.py:188} INFO - [2026-02-26T17:19:04.884+0000] {dag.py:3089} INFO - Sync 1 DAGs
[2026-02-26T17:19:04.917+0000] {logging_mixin.py:188} INFO - [2026-02-26T17:19:04.917+0000] {dag.py:3947} INFO - Setting next_dagrun for load_cb_courses to 2026-02-26 00:00:00+00:00, run_after=2026-02-27 00:00:00+00:00
[2026-02-26T17:19:04.960+0000] {processor.py:183} INFO - Processing /opt/airflow/dags/load_cb_courses.py took 0.590 seconds
[2026-02-26T17:19:36.301+0000] {processor.py:161} INFO - Started process (PID=4235) to work on /opt/airflow/dags/load_cb_courses.py
[2026-02-26T17:19:36.303+0000] {processor.py:830} INFO - Processing file /opt/airflow/dags/load_cb_courses.py for tasks to queue
[2026-02-26T17:19:36.305+0000] {logging_mixin.py:188} INFO - [2026-02-26T17:19:36.305+0000] {dagbag.py:545} INFO - Filling up the DagBag from /opt/airflow/dags/load_cb_courses.py
[2026-02-26T17:19:36.636+0000] {processor.py:840} INFO - DAG(s) 'load_cb_courses' retrieved from /opt/airflow/dags/load_cb_courses.py
[2026-02-26T17:19:36.665+0000] {logging_mixin.py:188} INFO - [2026-02-26T17:19:36.665+0000] {dag.py:3089} INFO - Sync 1 DAGs
[2026-02-26T17:19:36.693+0000] {logging_mixin.py:188} INFO - [2026-02-26T17:19:36.692+0000] {dag.py:3947} INFO - Setting next_dagrun for load_cb_courses to 2026-02-26 00:00:00+00:00, run_after=2026-02-27 00:00:00+00:00
[2026-02-26T17:19:36.722+0000] {processor.py:183} INFO - Processing /opt/airflow/dags/load_cb_courses.py took 0.428 seconds
[2026-02-26T17:20:07.131+0000] {processor.py:161} INFO - Started process (PID=4268) to work on /opt/airflow/dags/load_cb_courses.py
[2026-02-26T17:20:07.133+0000] {processor.py:830} INFO - Processing file /opt/airflow/dags/load_cb_courses.py for tasks to queue
[2026-02-26T17:20:07.137+0000] {logging_mixin.py:188} INFO - [2026-02-26T17:20:07.136+0000] {dagbag.py:545} INFO - Filling up the DagBag from /opt/airflow/dags/load_cb_courses.py
[2026-02-26T17:20:07.527+0000] {processor.py:840} INFO - DAG(s) 'load_cb_courses' retrieved from /opt/airflow/dags/load_cb_courses.py
[2026-02-26T17:20:07.561+0000] {logging_mixin.py:188} INFO - [2026-02-26T17:20:07.560+0000] {dag.py:3089} INFO - Sync 1 DAGs
[2026-02-26T17:20:07.590+0000] {logging_mixin.py:188} INFO - [2026-02-26T17:20:07.589+0000] {dag.py:3947} INFO - Setting next_dagrun for load_cb_courses to 2026-02-26 00:00:00+00:00, run_after=2026-02-27 00:00:00+00:00
[2026-02-26T17:20:07.621+0000] {processor.py:183} INFO - Processing /opt/airflow/dags/load_cb_courses.py took 0.500 seconds
[2026-02-26T17:20:38.468+0000] {processor.py:161} INFO - Started process (PID=4295) to work on /opt/airflow/dags/load_cb_courses.py
[2026-02-26T17:20:38.470+0000] {processor.py:830} INFO - Processing file /opt/airflow/dags/load_cb_courses.py for tasks to queue
[2026-02-26T17:20:38.472+0000] {logging_mixin.py:188} INFO - [2026-02-26T17:20:38.472+0000] {dagbag.py:545} INFO - Filling up the DagBag from /opt/airflow/dags/load_cb_courses.py
[2026-02-26T17:20:38.787+0000] {processor.py:840} INFO - DAG(s) 'load_cb_courses' retrieved from /opt/airflow/dags/load_cb_courses.py
[2026-02-26T17:20:38.815+0000] {logging_mixin.py:188} INFO - [2026-02-26T17:20:38.814+0000] {dag.py:3089} INFO - Sync 1 DAGs
[2026-02-26T17:20:38.841+0000] {logging_mixin.py:188} INFO - [2026-02-26T17:20:38.841+0000] {dag.py:3947} INFO - Setting next_dagrun for load_cb_courses to 2026-02-26 00:00:00+00:00, run_after=2026-02-27 00:00:00+00:00
[2026-02-26T17:20:38.864+0000] {processor.py:183} INFO - Processing /opt/airflow/dags/load_cb_courses.py took 0.402 seconds
[2026-02-26T17:21:09.615+0000] {processor.py:161} INFO - Started process (PID=4328) to work on /opt/airflow/dags/load_cb_courses.py
[2026-02-26T17:21:09.624+0000] {processor.py:830} INFO - Processing file /opt/airflow/dags/load_cb_courses.py for tasks to queue
[2026-02-26T17:21:09.627+0000] {logging_mixin.py:188} INFO - [2026-02-26T17:21:09.627+0000] {dagbag.py:545} INFO - Filling up the DagBag from /opt/airflow/dags/load_cb_courses.py
[2026-02-26T17:21:10.104+0000] {processor.py:840} INFO - DAG(s) 'load_cb_courses' retrieved from /opt/airflow/dags/load_cb_courses.py
[2026-02-26T17:21:10.161+0000] {logging_mixin.py:188} INFO - [2026-02-26T17:21:10.161+0000] {dag.py:3089} INFO - Sync 1 DAGs
[2026-02-26T17:21:10.206+0000] {logging_mixin.py:188} INFO - [2026-02-26T17:21:10.206+0000] {dag.py:3947} INFO - Setting next_dagrun for load_cb_courses to 2026-02-26 00:00:00+00:00, run_after=2026-02-27 00:00:00+00:00
[2026-02-26T17:21:10.232+0000] {processor.py:183} INFO - Processing /opt/airflow/dags/load_cb_courses.py took 0.646 seconds
[2026-02-26T17:21:40.799+0000] {processor.py:161} INFO - Started process (PID=4354) to work on /opt/airflow/dags/load_cb_courses.py
[2026-02-26T17:21:40.801+0000] {processor.py:830} INFO - Processing file /opt/airflow/dags/load_cb_courses.py for tasks to queue
[2026-02-26T17:21:40.803+0000] {logging_mixin.py:188} INFO - [2026-02-26T17:21:40.803+0000] {dagbag.py:545} INFO - Filling up the DagBag from /opt/airflow/dags/load_cb_courses.py
[2026-02-26T17:21:41.144+0000] {processor.py:840} INFO - DAG(s) 'load_cb_courses' retrieved from /opt/airflow/dags/load_cb_courses.py
[2026-02-26T17:21:41.172+0000] {logging_mixin.py:188} INFO - [2026-02-26T17:21:41.171+0000] {dag.py:3089} INFO - Sync 1 DAGs
[2026-02-26T17:21:41.197+0000] {logging_mixin.py:188} INFO - [2026-02-26T17:21:41.197+0000] {dag.py:3947} INFO - Setting next_dagrun for load_cb_courses to 2026-02-26 00:00:00+00:00, run_after=2026-02-27 00:00:00+00:00
[2026-02-26T17:21:41.221+0000] {processor.py:183} INFO - Processing /opt/airflow/dags/load_cb_courses.py took 0.430 seconds
[2026-02-26T17:22:11.438+0000] {processor.py:161} INFO - Started process (PID=4380) to work on /opt/airflow/dags/load_cb_courses.py
[2026-02-26T17:22:11.440+0000] {processor.py:830} INFO - Processing file /opt/airflow/dags/load_cb_courses.py for tasks to queue
[2026-02-26T17:22:11.443+0000] {logging_mixin.py:188} INFO - [2026-02-26T17:22:11.443+0000] {dagbag.py:545} INFO - Filling up the DagBag from /opt/airflow/dags/load_cb_courses.py
[2026-02-26T17:22:11.856+0000] {processor.py:840} INFO - DAG(s) 'load_cb_courses' retrieved from /opt/airflow/dags/load_cb_courses.py
[2026-02-26T17:22:11.902+0000] {logging_mixin.py:188} INFO - [2026-02-26T17:22:11.901+0000] {dag.py:3089} INFO - Sync 1 DAGs
[2026-02-26T17:22:11.939+0000] {logging_mixin.py:188} INFO - [2026-02-26T17:22:11.939+0000] {dag.py:3947} INFO - Setting next_dagrun for load_cb_courses to 2026-02-26 00:00:00+00:00, run_after=2026-02-27 00:00:00+00:00
[2026-02-26T17:22:11.976+0000] {processor.py:183} INFO - Processing /opt/airflow/dags/load_cb_courses.py took 0.544 seconds
[2026-02-26T17:22:42.427+0000] {processor.py:161} INFO - Started process (PID=4411) to work on /opt/airflow/dags/load_cb_courses.py
[2026-02-26T17:22:42.428+0000] {processor.py:830} INFO - Processing file /opt/airflow/dags/load_cb_courses.py for tasks to queue
[2026-02-26T17:22:42.431+0000] {logging_mixin.py:188} INFO - [2026-02-26T17:22:42.431+0000] {dagbag.py:545} INFO - Filling up the DagBag from /opt/airflow/dags/load_cb_courses.py
[2026-02-26T17:22:42.804+0000] {processor.py:840} INFO - DAG(s) 'load_cb_courses' retrieved from /opt/airflow/dags/load_cb_courses.py
[2026-02-26T17:22:42.837+0000] {logging_mixin.py:188} INFO - [2026-02-26T17:22:42.836+0000] {dag.py:3089} INFO - Sync 1 DAGs
[2026-02-26T17:22:42.862+0000] {logging_mixin.py:188} INFO - [2026-02-26T17:22:42.862+0000] {dag.py:3947} INFO - Setting next_dagrun for load_cb_courses to 2026-02-26 00:00:00+00:00, run_after=2026-02-27 00:00:00+00:00
[2026-02-26T17:22:42.892+0000] {processor.py:183} INFO - Processing /opt/airflow/dags/load_cb_courses.py took 0.471 seconds
[2026-02-26T17:23:13.352+0000] {processor.py:161} INFO - Started process (PID=4437) to work on /opt/airflow/dags/load_cb_courses.py
[2026-02-26T17:23:13.354+0000] {processor.py:830} INFO - Processing file /opt/airflow/dags/load_cb_courses.py for tasks to queue
[2026-02-26T17:23:13.357+0000] {logging_mixin.py:188} INFO - [2026-02-26T17:23:13.356+0000] {dagbag.py:545} INFO - Filling up the DagBag from /opt/airflow/dags/load_cb_courses.py
[2026-02-26T17:23:13.739+0000] {processor.py:840} INFO - DAG(s) 'load_cb_courses' retrieved from /opt/airflow/dags/load_cb_courses.py
[2026-02-26T17:23:13.779+0000] {logging_mixin.py:188} INFO - [2026-02-26T17:23:13.778+0000] {dag.py:3089} INFO - Sync 1 DAGs
[2026-02-26T17:23:13.809+0000] {logging_mixin.py:188} INFO - [2026-02-26T17:23:13.809+0000] {dag.py:3947} INFO - Setting next_dagrun for load_cb_courses to 2026-02-26 00:00:00+00:00, run_after=2026-02-27 00:00:00+00:00
[2026-02-26T17:23:13.840+0000] {processor.py:183} INFO - Processing /opt/airflow/dags/load_cb_courses.py took 0.497 seconds
[2026-02-26T17:23:44.462+0000] {processor.py:161} INFO - Started process (PID=4469) to work on /opt/airflow/dags/load_cb_courses.py
[2026-02-26T17:23:44.464+0000] {processor.py:830} INFO - Processing file /opt/airflow/dags/load_cb_courses.py for tasks to queue
[2026-02-26T17:23:44.466+0000] {logging_mixin.py:188} INFO - [2026-02-26T17:23:44.466+0000] {dagbag.py:545} INFO - Filling up the DagBag from /opt/airflow/dags/load_cb_courses.py
[2026-02-26T17:23:44.794+0000] {processor.py:840} INFO - DAG(s) 'load_cb_courses' retrieved from /opt/airflow/dags/load_cb_courses.py
[2026-02-26T17:23:44.821+0000] {logging_mixin.py:188} INFO - [2026-02-26T17:23:44.820+0000] {dag.py:3089} INFO - Sync 1 DAGs
[2026-02-26T17:23:44.846+0000] {logging_mixin.py:188} INFO - [2026-02-26T17:23:44.845+0000] {dag.py:3947} INFO - Setting next_dagrun for load_cb_courses to 2026-02-26 00:00:00+00:00, run_after=2026-02-27 00:00:00+00:00
[2026-02-26T17:23:44.868+0000] {processor.py:183} INFO - Processing /opt/airflow/dags/load_cb_courses.py took 0.413 seconds
[2026-02-26T17:24:15.327+0000] {processor.py:161} INFO - Started process (PID=4495) to work on /opt/airflow/dags/load_cb_courses.py
[2026-02-26T17:24:15.328+0000] {processor.py:830} INFO - Processing file /opt/airflow/dags/load_cb_courses.py for tasks to queue
[2026-02-26T17:24:15.330+0000] {logging_mixin.py:188} INFO - [2026-02-26T17:24:15.330+0000] {dagbag.py:545} INFO - Filling up the DagBag from /opt/airflow/dags/load_cb_courses.py
[2026-02-26T17:24:15.661+0000] {processor.py:840} INFO - DAG(s) 'load_cb_courses' retrieved from /opt/airflow/dags/load_cb_courses.py
[2026-02-26T17:24:15.688+0000] {logging_mixin.py:188} INFO - [2026-02-26T17:24:15.688+0000] {dag.py:3089} INFO - Sync 1 DAGs
[2026-02-26T17:24:15.711+0000] {logging_mixin.py:188} INFO - [2026-02-26T17:24:15.711+0000] {dag.py:3947} INFO - Setting next_dagrun for load_cb_courses to 2026-02-26 00:00:00+00:00, run_after=2026-02-27 00:00:00+00:00
[2026-02-26T17:24:15.737+0000] {processor.py:183} INFO - Processing /opt/airflow/dags/load_cb_courses.py took 0.416 seconds
[2026-02-26T17:24:46.286+0000] {processor.py:161} INFO - Started process (PID=4529) to work on /opt/airflow/dags/load_cb_courses.py
[2026-02-26T17:24:46.287+0000] {processor.py:830} INFO - Processing file /opt/airflow/dags/load_cb_courses.py for tasks to queue
[2026-02-26T17:24:46.291+0000] {logging_mixin.py:188} INFO - [2026-02-26T17:24:46.290+0000] {dagbag.py:545} INFO - Filling up the DagBag from /opt/airflow/dags/load_cb_courses.py
[2026-02-26T17:24:46.712+0000] {processor.py:840} INFO - DAG(s) 'load_cb_courses' retrieved from /opt/airflow/dags/load_cb_courses.py
[2026-02-26T17:24:46.751+0000] {logging_mixin.py:188} INFO - [2026-02-26T17:24:46.751+0000] {dag.py:3089} INFO - Sync 1 DAGs
[2026-02-26T17:24:46.784+0000] {logging_mixin.py:188} INFO - [2026-02-26T17:24:46.784+0000] {dag.py:3947} INFO - Setting next_dagrun for load_cb_courses to 2026-02-26 00:00:00+00:00, run_after=2026-02-27 00:00:00+00:00
[2026-02-26T17:24:46.809+0000] {processor.py:183} INFO - Processing /opt/airflow/dags/load_cb_courses.py took 0.531 seconds
[2026-02-26T17:25:17.173+0000] {processor.py:161} INFO - Started process (PID=4555) to work on /opt/airflow/dags/load_cb_courses.py
[2026-02-26T17:25:17.174+0000] {processor.py:830} INFO - Processing file /opt/airflow/dags/load_cb_courses.py for tasks to queue
[2026-02-26T17:25:17.177+0000] {logging_mixin.py:188} INFO - [2026-02-26T17:25:17.176+0000] {dagbag.py:545} INFO - Filling up the DagBag from /opt/airflow/dags/load_cb_courses.py
[2026-02-26T17:25:17.510+0000] {processor.py:840} INFO - DAG(s) 'load_cb_courses' retrieved from /opt/airflow/dags/load_cb_courses.py
[2026-02-26T17:25:17.541+0000] {logging_mixin.py:188} INFO - [2026-02-26T17:25:17.540+0000] {dag.py:3089} INFO - Sync 1 DAGs
[2026-02-26T17:25:17.566+0000] {logging_mixin.py:188} INFO - [2026-02-26T17:25:17.566+0000] {dag.py:3947} INFO - Setting next_dagrun for load_cb_courses to 2026-02-26 00:00:00+00:00, run_after=2026-02-27 00:00:00+00:00
[2026-02-26T17:25:17.591+0000] {processor.py:183} INFO - Processing /opt/airflow/dags/load_cb_courses.py took 0.426 seconds
[2026-02-26T17:25:48.037+0000] {processor.py:161} INFO - Started process (PID=4587) to work on /opt/airflow/dags/load_cb_courses.py
[2026-02-26T17:25:48.038+0000] {processor.py:830} INFO - Processing file /opt/airflow/dags/load_cb_courses.py for tasks to queue
[2026-02-26T17:25:48.040+0000] {logging_mixin.py:188} INFO - [2026-02-26T17:25:48.040+0000] {dagbag.py:545} INFO - Filling up the DagBag from /opt/airflow/dags/load_cb_courses.py
[2026-02-26T17:25:48.433+0000] {processor.py:840} INFO - DAG(s) 'load_cb_courses' retrieved from /opt/airflow/dags/load_cb_courses.py
[2026-02-26T17:25:48.469+0000] {logging_mixin.py:188} INFO - [2026-02-26T17:25:48.468+0000] {dag.py:3089} INFO - Sync 1 DAGs
[2026-02-26T17:25:48.497+0000] {logging_mixin.py:188} INFO - [2026-02-26T17:25:48.497+0000] {dag.py:3947} INFO - Setting next_dagrun for load_cb_courses to 2026-02-26 00:00:00+00:00, run_after=2026-02-27 00:00:00+00:00
[2026-02-26T17:25:48.533+0000] {processor.py:183} INFO - Processing /opt/airflow/dags/load_cb_courses.py took 0.503 seconds
[2026-02-26T17:26:18.995+0000] {processor.py:161} INFO - Started process (PID=4612) to work on /opt/airflow/dags/load_cb_courses.py
[2026-02-26T17:26:18.996+0000] {processor.py:830} INFO - Processing file /opt/airflow/dags/load_cb_courses.py for tasks to queue
[2026-02-26T17:26:18.999+0000] {logging_mixin.py:188} INFO - [2026-02-26T17:26:18.998+0000] {dagbag.py:545} INFO - Filling up the DagBag from /opt/airflow/dags/load_cb_courses.py
[2026-02-26T17:26:19.350+0000] {processor.py:840} INFO - DAG(s) 'load_cb_courses' retrieved from /opt/airflow/dags/load_cb_courses.py
[2026-02-26T17:26:19.377+0000] {logging_mixin.py:188} INFO - [2026-02-26T17:26:19.377+0000] {dag.py:3089} INFO - Sync 1 DAGs
[2026-02-26T17:26:19.401+0000] {logging_mixin.py:188} INFO - [2026-02-26T17:26:19.400+0000] {dag.py:3947} INFO - Setting next_dagrun for load_cb_courses to 2026-02-26 00:00:00+00:00, run_after=2026-02-27 00:00:00+00:00
[2026-02-26T17:26:19.427+0000] {processor.py:183} INFO - Processing /opt/airflow/dags/load_cb_courses.py took 0.439 seconds
[2026-02-26T17:26:49.827+0000] {processor.py:161} INFO - Started process (PID=4638) to work on /opt/airflow/dags/load_cb_courses.py
[2026-02-26T17:26:49.829+0000] {processor.py:830} INFO - Processing file /opt/airflow/dags/load_cb_courses.py for tasks to queue
[2026-02-26T17:26:49.831+0000] {logging_mixin.py:188} INFO - [2026-02-26T17:26:49.830+0000] {dagbag.py:545} INFO - Filling up the DagBag from /opt/airflow/dags/load_cb_courses.py
[2026-02-26T17:26:50.195+0000] {processor.py:840} INFO - DAG(s) 'load_cb_courses' retrieved from /opt/airflow/dags/load_cb_courses.py
[2026-02-26T17:26:50.246+0000] {logging_mixin.py:188} INFO - [2026-02-26T17:26:50.245+0000] {dag.py:3089} INFO - Sync 1 DAGs
[2026-02-26T17:26:50.306+0000] {logging_mixin.py:188} INFO - [2026-02-26T17:26:50.301+0000] {dag.py:3947} INFO - Setting next_dagrun for load_cb_courses to 2026-02-26 00:00:00+00:00, run_after=2026-02-27 00:00:00+00:00
[2026-02-26T17:26:50.355+0000] {processor.py:183} INFO - Processing /opt/airflow/dags/load_cb_courses.py took 0.533 seconds
[2026-02-26T17:27:20.866+0000] {processor.py:161} INFO - Started process (PID=4672) to work on /opt/airflow/dags/load_cb_courses.py
[2026-02-26T17:27:20.868+0000] {processor.py:830} INFO - Processing file /opt/airflow/dags/load_cb_courses.py for tasks to queue
[2026-02-26T17:27:20.870+0000] {logging_mixin.py:188} INFO - [2026-02-26T17:27:20.869+0000] {dagbag.py:545} INFO - Filling up the DagBag from /opt/airflow/dags/load_cb_courses.py
[2026-02-26T17:27:21.199+0000] {processor.py:840} INFO - DAG(s) 'load_cb_courses' retrieved from /opt/airflow/dags/load_cb_courses.py
[2026-02-26T17:27:21.230+0000] {logging_mixin.py:188} INFO - [2026-02-26T17:27:21.229+0000] {dag.py:3089} INFO - Sync 1 DAGs
[2026-02-26T17:27:21.253+0000] {logging_mixin.py:188} INFO - [2026-02-26T17:27:21.253+0000] {dag.py:3947} INFO - Setting next_dagrun for load_cb_courses to 2026-02-26 00:00:00+00:00, run_after=2026-02-27 00:00:00+00:00
[2026-02-26T17:27:21.288+0000] {processor.py:183} INFO - Processing /opt/airflow/dags/load_cb_courses.py took 0.427 seconds
[2026-02-26T17:27:51.688+0000] {processor.py:161} INFO - Started process (PID=4698) to work on /opt/airflow/dags/load_cb_courses.py
[2026-02-26T17:27:51.690+0000] {processor.py:830} INFO - Processing file /opt/airflow/dags/load_cb_courses.py for tasks to queue
[2026-02-26T17:27:51.692+0000] {logging_mixin.py:188} INFO - [2026-02-26T17:27:51.692+0000] {dagbag.py:545} INFO - Filling up the DagBag from /opt/airflow/dags/load_cb_courses.py
[2026-02-26T17:27:52.051+0000] {processor.py:840} INFO - DAG(s) 'load_cb_courses' retrieved from /opt/airflow/dags/load_cb_courses.py
[2026-02-26T17:27:52.084+0000] {logging_mixin.py:188} INFO - [2026-02-26T17:27:52.083+0000] {dag.py:3089} INFO - Sync 1 DAGs
[2026-02-26T17:27:52.108+0000] {logging_mixin.py:188} INFO - [2026-02-26T17:27:52.108+0000] {dag.py:3947} INFO - Setting next_dagrun for load_cb_courses to 2026-02-26 00:00:00+00:00, run_after=2026-02-27 00:00:00+00:00
[2026-02-26T17:27:52.131+0000] {processor.py:183} INFO - Processing /opt/airflow/dags/load_cb_courses.py took 0.449 seconds
[2026-02-26T17:28:22.607+0000] {processor.py:161} INFO - Started process (PID=4732) to work on /opt/airflow/dags/load_cb_courses.py
[2026-02-26T17:28:22.609+0000] {processor.py:830} INFO - Processing file /opt/airflow/dags/load_cb_courses.py for tasks to queue
[2026-02-26T17:28:22.611+0000] {logging_mixin.py:188} INFO - [2026-02-26T17:28:22.611+0000] {dagbag.py:545} INFO - Filling up the DagBag from /opt/airflow/dags/load_cb_courses.py
[2026-02-26T17:28:22.973+0000] {processor.py:840} INFO - DAG(s) 'load_cb_courses' retrieved from /opt/airflow/dags/load_cb_courses.py
[2026-02-26T17:28:23.047+0000] {logging_mixin.py:188} INFO - [2026-02-26T17:28:23.047+0000] {dag.py:3089} INFO - Sync 1 DAGs
[2026-02-26T17:28:23.107+0000] {logging_mixin.py:188} INFO - [2026-02-26T17:28:23.107+0000] {dag.py:3947} INFO - Setting next_dagrun for load_cb_courses to 2026-02-26 00:00:00+00:00, run_after=2026-02-27 00:00:00+00:00
[2026-02-26T17:28:23.218+0000] {processor.py:183} INFO - Processing /opt/airflow/dags/load_cb_courses.py took 0.618 seconds
[2026-02-26T17:28:53.610+0000] {processor.py:161} INFO - Started process (PID=4761) to work on /opt/airflow/dags/load_cb_courses.py
[2026-02-26T17:28:53.612+0000] {processor.py:830} INFO - Processing file /opt/airflow/dags/load_cb_courses.py for tasks to queue
[2026-02-26T17:28:53.615+0000] {logging_mixin.py:188} INFO - [2026-02-26T17:28:53.615+0000] {dagbag.py:545} INFO - Filling up the DagBag from /opt/airflow/dags/load_cb_courses.py
[2026-02-26T17:28:54.019+0000] {processor.py:840} INFO - DAG(s) 'load_cb_courses' retrieved from /opt/airflow/dags/load_cb_courses.py
[2026-02-26T17:28:54.046+0000] {logging_mixin.py:188} INFO - [2026-02-26T17:28:54.046+0000] {dag.py:3089} INFO - Sync 1 DAGs
[2026-02-26T17:28:54.074+0000] {logging_mixin.py:188} INFO - [2026-02-26T17:28:54.074+0000] {dag.py:3947} INFO - Setting next_dagrun for load_cb_courses to 2026-02-26 00:00:00+00:00, run_after=2026-02-27 00:00:00+00:00
[2026-02-26T17:28:54.099+0000] {processor.py:183} INFO - Processing /opt/airflow/dags/load_cb_courses.py took 0.496 seconds
[2026-02-26T17:29:24.505+0000] {processor.py:161} INFO - Started process (PID=4793) to work on /opt/airflow/dags/load_cb_courses.py
[2026-02-26T17:29:24.507+0000] {processor.py:830} INFO - Processing file /opt/airflow/dags/load_cb_courses.py for tasks to queue
[2026-02-26T17:29:24.510+0000] {logging_mixin.py:188} INFO - [2026-02-26T17:29:24.509+0000] {dagbag.py:545} INFO - Filling up the DagBag from /opt/airflow/dags/load_cb_courses.py
[2026-02-26T17:29:24.860+0000] {processor.py:840} INFO - DAG(s) 'load_cb_courses' retrieved from /opt/airflow/dags/load_cb_courses.py
[2026-02-26T17:29:24.894+0000] {logging_mixin.py:188} INFO - [2026-02-26T17:29:24.894+0000] {dag.py:3089} INFO - Sync 1 DAGs
[2026-02-26T17:29:24.926+0000] {logging_mixin.py:188} INFO - [2026-02-26T17:29:24.926+0000] {dag.py:3947} INFO - Setting next_dagrun for load_cb_courses to 2026-02-26 00:00:00+00:00, run_after=2026-02-27 00:00:00+00:00
[2026-02-26T17:29:24.959+0000] {processor.py:183} INFO - Processing /opt/airflow/dags/load_cb_courses.py took 0.460 seconds
[2026-02-26T17:29:55.170+0000] {processor.py:161} INFO - Started process (PID=4882) to work on /opt/airflow/dags/load_cb_courses.py
[2026-02-26T17:29:55.172+0000] {processor.py:830} INFO - Processing file /opt/airflow/dags/load_cb_courses.py for tasks to queue
[2026-02-26T17:29:55.175+0000] {logging_mixin.py:188} INFO - [2026-02-26T17:29:55.174+0000] {dagbag.py:545} INFO - Filling up the DagBag from /opt/airflow/dags/load_cb_courses.py
[2026-02-26T17:29:55.559+0000] {processor.py:840} INFO - DAG(s) 'load_cb_courses' retrieved from /opt/airflow/dags/load_cb_courses.py
[2026-02-26T17:29:55.594+0000] {logging_mixin.py:188} INFO - [2026-02-26T17:29:55.594+0000] {dag.py:3089} INFO - Sync 1 DAGs
[2026-02-26T17:29:55.621+0000] {logging_mixin.py:188} INFO - [2026-02-26T17:29:55.620+0000] {dag.py:3947} INFO - Setting next_dagrun for load_cb_courses to 2026-02-26 00:00:00+00:00, run_after=2026-02-27 00:00:00+00:00
[2026-02-26T17:29:55.648+0000] {processor.py:183} INFO - Processing /opt/airflow/dags/load_cb_courses.py took 0.485 seconds
[2026-02-26T17:30:25.979+0000] {processor.py:161} INFO - Started process (PID=4909) to work on /opt/airflow/dags/load_cb_courses.py
[2026-02-26T17:30:25.980+0000] {processor.py:830} INFO - Processing file /opt/airflow/dags/load_cb_courses.py for tasks to queue
[2026-02-26T17:30:25.984+0000] {logging_mixin.py:188} INFO - [2026-02-26T17:30:25.983+0000] {dagbag.py:545} INFO - Filling up the DagBag from /opt/airflow/dags/load_cb_courses.py
[2026-02-26T17:30:26.319+0000] {processor.py:840} INFO - DAG(s) 'load_cb_courses' retrieved from /opt/airflow/dags/load_cb_courses.py
[2026-02-26T17:30:26.349+0000] {logging_mixin.py:188} INFO - [2026-02-26T17:30:26.348+0000] {dag.py:3089} INFO - Sync 1 DAGs
[2026-02-26T17:30:26.375+0000] {logging_mixin.py:188} INFO - [2026-02-26T17:30:26.374+0000] {dag.py:3947} INFO - Setting next_dagrun for load_cb_courses to 2026-02-26 00:00:00+00:00, run_after=2026-02-27 00:00:00+00:00
[2026-02-26T17:30:26.401+0000] {processor.py:183} INFO - Processing /opt/airflow/dags/load_cb_courses.py took 0.430 seconds
[2026-02-26T17:30:56.844+0000] {processor.py:161} INFO - Started process (PID=4941) to work on /opt/airflow/dags/load_cb_courses.py
[2026-02-26T17:30:56.846+0000] {processor.py:830} INFO - Processing file /opt/airflow/dags/load_cb_courses.py for tasks to queue
[2026-02-26T17:30:56.849+0000] {logging_mixin.py:188} INFO - [2026-02-26T17:30:56.848+0000] {dagbag.py:545} INFO - Filling up the DagBag from /opt/airflow/dags/load_cb_courses.py
[2026-02-26T17:30:57.185+0000] {processor.py:840} INFO - DAG(s) 'load_cb_courses' retrieved from /opt/airflow/dags/load_cb_courses.py
[2026-02-26T17:30:57.208+0000] {logging_mixin.py:188} INFO - [2026-02-26T17:30:57.208+0000] {dag.py:3089} INFO - Sync 1 DAGs
[2026-02-26T17:30:57.232+0000] {logging_mixin.py:188} INFO - [2026-02-26T17:30:57.231+0000] {dag.py:3947} INFO - Setting next_dagrun for load_cb_courses to 2026-02-26 00:00:00+00:00, run_after=2026-02-27 00:00:00+00:00
[2026-02-26T17:30:57.251+0000] {processor.py:183} INFO - Processing /opt/airflow/dags/load_cb_courses.py took 0.414 seconds
[2026-02-26T17:31:27.767+0000] {processor.py:161} INFO - Started process (PID=4966) to work on /opt/airflow/dags/load_cb_courses.py
[2026-02-26T17:31:27.769+0000] {processor.py:830} INFO - Processing file /opt/airflow/dags/load_cb_courses.py for tasks to queue
[2026-02-26T17:31:27.772+0000] {logging_mixin.py:188} INFO - [2026-02-26T17:31:27.772+0000] {dagbag.py:545} INFO - Filling up the DagBag from /opt/airflow/dags/load_cb_courses.py
[2026-02-26T17:31:28.142+0000] {processor.py:840} INFO - DAG(s) 'load_cb_courses' retrieved from /opt/airflow/dags/load_cb_courses.py
[2026-02-26T17:31:28.179+0000] {logging_mixin.py:188} INFO - [2026-02-26T17:31:28.179+0000] {dag.py:3089} INFO - Sync 1 DAGs
[2026-02-26T17:31:28.206+0000] {logging_mixin.py:188} INFO - [2026-02-26T17:31:28.205+0000] {dag.py:3947} INFO - Setting next_dagrun for load_cb_courses to 2026-02-26 00:00:00+00:00, run_after=2026-02-27 00:00:00+00:00
[2026-02-26T17:31:28.235+0000] {processor.py:183} INFO - Processing /opt/airflow/dags/load_cb_courses.py took 0.475 seconds
[2026-02-26T17:31:58.756+0000] {processor.py:161} INFO - Started process (PID=4999) to work on /opt/airflow/dags/load_cb_courses.py
[2026-02-26T17:31:58.758+0000] {processor.py:830} INFO - Processing file /opt/airflow/dags/load_cb_courses.py for tasks to queue
[2026-02-26T17:31:58.761+0000] {logging_mixin.py:188} INFO - [2026-02-26T17:31:58.760+0000] {dagbag.py:545} INFO - Filling up the DagBag from /opt/airflow/dags/load_cb_courses.py
[2026-02-26T17:31:59.136+0000] {processor.py:840} INFO - DAG(s) 'load_cb_courses' retrieved from /opt/airflow/dags/load_cb_courses.py
[2026-02-26T17:31:59.167+0000] {logging_mixin.py:188} INFO - [2026-02-26T17:31:59.167+0000] {dag.py:3089} INFO - Sync 1 DAGs
[2026-02-26T17:31:59.193+0000] {logging_mixin.py:188} INFO - [2026-02-26T17:31:59.193+0000] {dag.py:3947} INFO - Setting next_dagrun for load_cb_courses to 2026-02-26 00:00:00+00:00, run_after=2026-02-27 00:00:00+00:00
[2026-02-26T17:31:59.220+0000] {processor.py:183} INFO - Processing /opt/airflow/dags/load_cb_courses.py took 0.470 seconds
[2026-02-26T17:32:29.603+0000] {processor.py:161} INFO - Started process (PID=5025) to work on /opt/airflow/dags/load_cb_courses.py
[2026-02-26T17:32:29.605+0000] {processor.py:830} INFO - Processing file /opt/airflow/dags/load_cb_courses.py for tasks to queue
[2026-02-26T17:32:29.608+0000] {logging_mixin.py:188} INFO - [2026-02-26T17:32:29.608+0000] {dagbag.py:545} INFO - Filling up the DagBag from /opt/airflow/dags/load_cb_courses.py
[2026-02-26T17:32:29.994+0000] {processor.py:840} INFO - DAG(s) 'load_cb_courses' retrieved from /opt/airflow/dags/load_cb_courses.py
[2026-02-26T17:32:30.031+0000] {logging_mixin.py:188} INFO - [2026-02-26T17:32:30.030+0000] {dag.py:3089} INFO - Sync 1 DAGs
[2026-02-26T17:32:30.062+0000] {logging_mixin.py:188} INFO - [2026-02-26T17:32:30.062+0000] {dag.py:3947} INFO - Setting next_dagrun for load_cb_courses to 2026-02-26 00:00:00+00:00, run_after=2026-02-27 00:00:00+00:00
[2026-02-26T17:32:30.107+0000] {processor.py:183} INFO - Processing /opt/airflow/dags/load_cb_courses.py took 0.513 seconds
[2026-02-26T17:33:00.514+0000] {processor.py:161} INFO - Started process (PID=5059) to work on /opt/airflow/dags/load_cb_courses.py
[2026-02-26T17:33:00.516+0000] {processor.py:830} INFO - Processing file /opt/airflow/dags/load_cb_courses.py for tasks to queue
[2026-02-26T17:33:00.520+0000] {logging_mixin.py:188} INFO - [2026-02-26T17:33:00.520+0000] {dagbag.py:545} INFO - Filling up the DagBag from /opt/airflow/dags/load_cb_courses.py
[2026-02-26T17:33:00.906+0000] {processor.py:840} INFO - DAG(s) 'load_cb_courses' retrieved from /opt/airflow/dags/load_cb_courses.py
[2026-02-26T17:33:00.939+0000] {logging_mixin.py:188} INFO - [2026-02-26T17:33:00.938+0000] {dag.py:3089} INFO - Sync 1 DAGs
[2026-02-26T17:33:00.972+0000] {logging_mixin.py:188} INFO - [2026-02-26T17:33:00.972+0000] {dag.py:3947} INFO - Setting next_dagrun for load_cb_courses to 2026-02-26 00:00:00+00:00, run_after=2026-02-27 00:00:00+00:00
[2026-02-26T17:33:01.009+0000] {processor.py:183} INFO - Processing /opt/airflow/dags/load_cb_courses.py took 0.504 seconds
[2026-02-26T17:33:31.405+0000] {processor.py:161} INFO - Started process (PID=5085) to work on /opt/airflow/dags/load_cb_courses.py
[2026-02-26T17:33:31.407+0000] {processor.py:830} INFO - Processing file /opt/airflow/dags/load_cb_courses.py for tasks to queue
[2026-02-26T17:33:31.410+0000] {logging_mixin.py:188} INFO - [2026-02-26T17:33:31.410+0000] {dagbag.py:545} INFO - Filling up the DagBag from /opt/airflow/dags/load_cb_courses.py
[2026-02-26T17:33:31.986+0000] {processor.py:840} INFO - DAG(s) 'load_cb_courses' retrieved from /opt/airflow/dags/load_cb_courses.py
[2026-02-26T17:33:32.036+0000] {logging_mixin.py:188} INFO - [2026-02-26T17:33:32.035+0000] {dag.py:3089} INFO - Sync 1 DAGs
[2026-02-26T17:33:32.073+0000] {logging_mixin.py:188} INFO - [2026-02-26T17:33:32.073+0000] {dag.py:3947} INFO - Setting next_dagrun for load_cb_courses to 2026-02-26 00:00:00+00:00, run_after=2026-02-27 00:00:00+00:00
[2026-02-26T17:33:32.105+0000] {processor.py:183} INFO - Processing /opt/airflow/dags/load_cb_courses.py took 0.709 seconds
[2026-02-26T17:34:02.592+0000] {processor.py:161} INFO - Started process (PID=5118) to work on /opt/airflow/dags/load_cb_courses.py
[2026-02-26T17:34:02.594+0000] {processor.py:830} INFO - Processing file /opt/airflow/dags/load_cb_courses.py for tasks to queue
[2026-02-26T17:34:02.597+0000] {logging_mixin.py:188} INFO - [2026-02-26T17:34:02.596+0000] {dagbag.py:545} INFO - Filling up the DagBag from /opt/airflow/dags/load_cb_courses.py
[2026-02-26T17:34:03.051+0000] {processor.py:840} INFO - DAG(s) 'load_cb_courses' retrieved from /opt/airflow/dags/load_cb_courses.py
[2026-02-26T17:34:03.086+0000] {logging_mixin.py:188} INFO - [2026-02-26T17:34:03.085+0000] {dag.py:3089} INFO - Sync 1 DAGs
[2026-02-26T17:34:03.116+0000] {logging_mixin.py:188} INFO - [2026-02-26T17:34:03.116+0000] {dag.py:3947} INFO - Setting next_dagrun for load_cb_courses to 2026-02-26 00:00:00+00:00, run_after=2026-02-27 00:00:00+00:00
[2026-02-26T17:34:03.145+0000] {processor.py:183} INFO - Processing /opt/airflow/dags/load_cb_courses.py took 0.559 seconds
[2026-02-26T17:34:33.544+0000] {processor.py:161} INFO - Started process (PID=5208) to work on /opt/airflow/dags/load_cb_courses.py
[2026-02-26T17:34:33.546+0000] {processor.py:830} INFO - Processing file /opt/airflow/dags/load_cb_courses.py for tasks to queue
[2026-02-26T17:34:33.548+0000] {logging_mixin.py:188} INFO - [2026-02-26T17:34:33.548+0000] {dagbag.py:545} INFO - Filling up the DagBag from /opt/airflow/dags/load_cb_courses.py
[2026-02-26T17:34:33.899+0000] {processor.py:840} INFO - DAG(s) 'load_cb_courses' retrieved from /opt/airflow/dags/load_cb_courses.py
[2026-02-26T17:34:33.925+0000] {logging_mixin.py:188} INFO - [2026-02-26T17:34:33.925+0000] {dag.py:3089} INFO - Sync 1 DAGs
[2026-02-26T17:34:33.947+0000] {logging_mixin.py:188} INFO - [2026-02-26T17:34:33.947+0000] {dag.py:3947} INFO - Setting next_dagrun for load_cb_courses to 2026-02-26 00:00:00+00:00, run_after=2026-02-27 00:00:00+00:00
[2026-02-26T17:34:33.969+0000] {processor.py:183} INFO - Processing /opt/airflow/dags/load_cb_courses.py took 0.432 seconds
[2026-02-26T17:35:04.385+0000] {processor.py:161} INFO - Started process (PID=5233) to work on /opt/airflow/dags/load_cb_courses.py
[2026-02-26T17:35:04.386+0000] {processor.py:830} INFO - Processing file /opt/airflow/dags/load_cb_courses.py for tasks to queue
[2026-02-26T17:35:04.389+0000] {logging_mixin.py:188} INFO - [2026-02-26T17:35:04.388+0000] {dagbag.py:545} INFO - Filling up the DagBag from /opt/airflow/dags/load_cb_courses.py
[2026-02-26T17:35:04.797+0000] {processor.py:840} INFO - DAG(s) 'load_cb_courses' retrieved from /opt/airflow/dags/load_cb_courses.py
[2026-02-26T17:35:04.828+0000] {logging_mixin.py:188} INFO - [2026-02-26T17:35:04.827+0000] {dag.py:3089} INFO - Sync 1 DAGs
[2026-02-26T17:35:04.851+0000] {logging_mixin.py:188} INFO - [2026-02-26T17:35:04.851+0000] {dag.py:3947} INFO - Setting next_dagrun for load_cb_courses to 2026-02-26 00:00:00+00:00, run_after=2026-02-27 00:00:00+00:00
[2026-02-26T17:35:04.873+0000] {processor.py:183} INFO - Processing /opt/airflow/dags/load_cb_courses.py took 0.497 seconds
[2026-02-26T17:35:34.959+0000] {processor.py:161} INFO - Started process (PID=5274) to work on /opt/airflow/dags/load_cb_courses.py
[2026-02-26T17:35:34.961+0000] {processor.py:830} INFO - Processing file /opt/airflow/dags/load_cb_courses.py for tasks to queue
[2026-02-26T17:35:34.964+0000] {logging_mixin.py:188} INFO - [2026-02-26T17:35:34.963+0000] {dagbag.py:545} INFO - Filling up the DagBag from /opt/airflow/dags/load_cb_courses.py
[2026-02-26T17:35:35.300+0000] {processor.py:840} INFO - DAG(s) 'load_cb_courses' retrieved from /opt/airflow/dags/load_cb_courses.py
[2026-02-26T17:35:35.335+0000] {logging_mixin.py:188} INFO - [2026-02-26T17:35:35.334+0000] {dag.py:3089} INFO - Sync 1 DAGs
[2026-02-26T17:35:35.360+0000] {logging_mixin.py:188} INFO - [2026-02-26T17:35:35.360+0000] {dag.py:3947} INFO - Setting next_dagrun for load_cb_courses to 2026-02-26 00:00:00+00:00, run_after=2026-02-27 00:00:00+00:00
[2026-02-26T17:35:35.386+0000] {processor.py:183} INFO - Processing /opt/airflow/dags/load_cb_courses.py took 0.434 seconds
[2026-02-26T17:36:05.807+0000] {processor.py:161} INFO - Started process (PID=5314) to work on /opt/airflow/dags/load_cb_courses.py
[2026-02-26T17:36:05.814+0000] {processor.py:830} INFO - Processing file /opt/airflow/dags/load_cb_courses.py for tasks to queue
[2026-02-26T17:36:05.824+0000] {logging_mixin.py:188} INFO - [2026-02-26T17:36:05.823+0000] {dagbag.py:545} INFO - Filling up the DagBag from /opt/airflow/dags/load_cb_courses.py
[2026-02-26T17:36:07.761+0000] {processor.py:840} INFO - DAG(s) 'load_cb_courses' retrieved from /opt/airflow/dags/load_cb_courses.py
[2026-02-26T17:36:07.868+0000] {logging_mixin.py:188} INFO - [2026-02-26T17:36:07.867+0000] {dag.py:3089} INFO - Sync 1 DAGs
[2026-02-26T17:36:07.929+0000] {logging_mixin.py:188} INFO - [2026-02-26T17:36:07.928+0000] {dag.py:3947} INFO - Setting next_dagrun for load_cb_courses to 2026-02-26 00:00:00+00:00, run_after=2026-02-27 00:00:00+00:00
[2026-02-26T17:36:07.972+0000] {processor.py:183} INFO - Processing /opt/airflow/dags/load_cb_courses.py took 2.175 seconds
[2026-02-26T17:36:38.410+0000] {processor.py:161} INFO - Started process (PID=5394) to work on /opt/airflow/dags/load_cb_courses.py
[2026-02-26T17:36:38.411+0000] {processor.py:830} INFO - Processing file /opt/airflow/dags/load_cb_courses.py for tasks to queue
[2026-02-26T17:36:38.414+0000] {logging_mixin.py:188} INFO - [2026-02-26T17:36:38.413+0000] {dagbag.py:545} INFO - Filling up the DagBag from /opt/airflow/dags/load_cb_courses.py
[2026-02-26T17:36:38.812+0000] {processor.py:840} INFO - DAG(s) 'load_cb_courses' retrieved from /opt/airflow/dags/load_cb_courses.py
[2026-02-26T17:36:38.845+0000] {logging_mixin.py:188} INFO - [2026-02-26T17:36:38.844+0000] {dag.py:3089} INFO - Sync 1 DAGs
[2026-02-26T17:36:38.875+0000] {logging_mixin.py:188} INFO - [2026-02-26T17:36:38.875+0000] {dag.py:3947} INFO - Setting next_dagrun for load_cb_courses to 2026-02-26 00:00:00+00:00, run_after=2026-02-27 00:00:00+00:00
[2026-02-26T17:36:38.905+0000] {processor.py:183} INFO - Processing /opt/airflow/dags/load_cb_courses.py took 0.502 seconds
[2026-02-26T17:37:09.316+0000] {processor.py:161} INFO - Started process (PID=5420) to work on /opt/airflow/dags/load_cb_courses.py
[2026-02-26T17:37:09.317+0000] {processor.py:830} INFO - Processing file /opt/airflow/dags/load_cb_courses.py for tasks to queue
[2026-02-26T17:37:09.319+0000] {logging_mixin.py:188} INFO - [2026-02-26T17:37:09.319+0000] {dagbag.py:545} INFO - Filling up the DagBag from /opt/airflow/dags/load_cb_courses.py
[2026-02-26T17:37:09.699+0000] {processor.py:840} INFO - DAG(s) 'load_cb_courses' retrieved from /opt/airflow/dags/load_cb_courses.py
[2026-02-26T17:37:09.723+0000] {logging_mixin.py:188} INFO - [2026-02-26T17:37:09.722+0000] {dag.py:3089} INFO - Sync 1 DAGs
[2026-02-26T17:37:09.761+0000] {logging_mixin.py:188} INFO - [2026-02-26T17:37:09.760+0000] {dag.py:3947} INFO - Setting next_dagrun for load_cb_courses to 2026-02-26 00:00:00+00:00, run_after=2026-02-27 00:00:00+00:00
[2026-02-26T17:37:09.797+0000] {processor.py:183} INFO - Processing /opt/airflow/dags/load_cb_courses.py took 0.491 seconds
[2026-02-26T17:37:40.154+0000] {processor.py:161} INFO - Started process (PID=5455) to work on /opt/airflow/dags/load_cb_courses.py
[2026-02-26T17:37:40.155+0000] {processor.py:830} INFO - Processing file /opt/airflow/dags/load_cb_courses.py for tasks to queue
[2026-02-26T17:37:40.175+0000] {logging_mixin.py:188} INFO - [2026-02-26T17:37:40.175+0000] {dagbag.py:545} INFO - Filling up the DagBag from /opt/airflow/dags/load_cb_courses.py
[2026-02-26T17:37:40.657+0000] {processor.py:840} INFO - DAG(s) 'load_cb_courses' retrieved from /opt/airflow/dags/load_cb_courses.py
[2026-02-26T17:37:40.698+0000] {logging_mixin.py:188} INFO - [2026-02-26T17:37:40.698+0000] {dag.py:3089} INFO - Sync 1 DAGs
[2026-02-26T17:37:40.728+0000] {logging_mixin.py:188} INFO - [2026-02-26T17:37:40.728+0000] {dag.py:3947} INFO - Setting next_dagrun for load_cb_courses to 2026-02-26 00:00:00+00:00, run_after=2026-02-27 00:00:00+00:00
[2026-02-26T17:37:40.772+0000] {processor.py:183} INFO - Processing /opt/airflow/dags/load_cb_courses.py took 0.625 seconds
[2026-02-26T17:38:11.240+0000] {processor.py:161} INFO - Started process (PID=5481) to work on /opt/airflow/dags/load_cb_courses.py
[2026-02-26T17:38:11.241+0000] {processor.py:830} INFO - Processing file /opt/airflow/dags/load_cb_courses.py for tasks to queue
[2026-02-26T17:38:11.245+0000] {logging_mixin.py:188} INFO - [2026-02-26T17:38:11.244+0000] {dagbag.py:545} INFO - Filling up the DagBag from /opt/airflow/dags/load_cb_courses.py
[2026-02-26T17:38:11.752+0000] {processor.py:840} INFO - DAG(s) 'load_cb_courses' retrieved from /opt/airflow/dags/load_cb_courses.py
[2026-02-26T17:38:11.786+0000] {logging_mixin.py:188} INFO - [2026-02-26T17:38:11.785+0000] {dag.py:3089} INFO - Sync 1 DAGs
[2026-02-26T17:38:11.813+0000] {logging_mixin.py:188} INFO - [2026-02-26T17:38:11.813+0000] {dag.py:3947} INFO - Setting next_dagrun for load_cb_courses to 2026-02-26 00:00:00+00:00, run_after=2026-02-27 00:00:00+00:00
[2026-02-26T17:38:11.844+0000] {processor.py:183} INFO - Processing /opt/airflow/dags/load_cb_courses.py took 0.615 seconds
[2026-02-26T17:38:42.006+0000] {processor.py:161} INFO - Started process (PID=5511) to work on /opt/airflow/dags/load_cb_courses.py
[2026-02-26T17:38:42.008+0000] {processor.py:830} INFO - Processing file /opt/airflow/dags/load_cb_courses.py for tasks to queue
[2026-02-26T17:38:42.010+0000] {logging_mixin.py:188} INFO - [2026-02-26T17:38:42.010+0000] {dagbag.py:545} INFO - Filling up the DagBag from /opt/airflow/dags/load_cb_courses.py
[2026-02-26T17:38:42.381+0000] {processor.py:840} INFO - DAG(s) 'load_cb_courses' retrieved from /opt/airflow/dags/load_cb_courses.py
[2026-02-26T17:38:42.410+0000] {logging_mixin.py:188} INFO - [2026-02-26T17:38:42.409+0000] {dag.py:3089} INFO - Sync 1 DAGs
[2026-02-26T17:38:42.438+0000] {logging_mixin.py:188} INFO - [2026-02-26T17:38:42.437+0000] {dag.py:3947} INFO - Setting next_dagrun for load_cb_courses to 2026-02-26 00:00:00+00:00, run_after=2026-02-27 00:00:00+00:00
[2026-02-26T17:38:42.468+0000] {processor.py:183} INFO - Processing /opt/airflow/dags/load_cb_courses.py took 0.470 seconds
[2026-02-26T17:39:12.898+0000] {processor.py:161} INFO - Started process (PID=5608) to work on /opt/airflow/dags/load_cb_courses.py
[2026-02-26T17:39:12.899+0000] {processor.py:830} INFO - Processing file /opt/airflow/dags/load_cb_courses.py for tasks to queue
[2026-02-26T17:39:12.902+0000] {logging_mixin.py:188} INFO - [2026-02-26T17:39:12.902+0000] {dagbag.py:545} INFO - Filling up the DagBag from /opt/airflow/dags/load_cb_courses.py
[2026-02-26T17:39:13.287+0000] {processor.py:840} INFO - DAG(s) 'load_cb_courses' retrieved from /opt/airflow/dags/load_cb_courses.py
[2026-02-26T17:39:13.317+0000] {logging_mixin.py:188} INFO - [2026-02-26T17:39:13.316+0000] {dag.py:3089} INFO - Sync 1 DAGs
[2026-02-26T17:39:13.347+0000] {logging_mixin.py:188} INFO - [2026-02-26T17:39:13.347+0000] {dag.py:3947} INFO - Setting next_dagrun for load_cb_courses to 2026-02-26 00:00:00+00:00, run_after=2026-02-27 00:00:00+00:00
[2026-02-26T17:39:13.374+0000] {processor.py:183} INFO - Processing /opt/airflow/dags/load_cb_courses.py took 0.483 seconds
[2026-02-26T17:39:43.809+0000] {processor.py:161} INFO - Started process (PID=5634) to work on /opt/airflow/dags/load_cb_courses.py
[2026-02-26T17:39:43.811+0000] {processor.py:830} INFO - Processing file /opt/airflow/dags/load_cb_courses.py for tasks to queue
[2026-02-26T17:39:43.813+0000] {logging_mixin.py:188} INFO - [2026-02-26T17:39:43.813+0000] {dagbag.py:545} INFO - Filling up the DagBag from /opt/airflow/dags/load_cb_courses.py
[2026-02-26T17:39:44.184+0000] {processor.py:840} INFO - DAG(s) 'load_cb_courses' retrieved from /opt/airflow/dags/load_cb_courses.py
[2026-02-26T17:39:44.211+0000] {logging_mixin.py:188} INFO - [2026-02-26T17:39:44.211+0000] {dag.py:3089} INFO - Sync 1 DAGs
[2026-02-26T17:39:44.236+0000] {logging_mixin.py:188} INFO - [2026-02-26T17:39:44.235+0000] {dag.py:3947} INFO - Setting next_dagrun for load_cb_courses to 2026-02-26 00:00:00+00:00, run_after=2026-02-27 00:00:00+00:00
[2026-02-26T17:39:44.261+0000] {processor.py:183} INFO - Processing /opt/airflow/dags/load_cb_courses.py took 0.460 seconds
[2026-02-26T17:40:14.702+0000] {processor.py:161} INFO - Started process (PID=5667) to work on /opt/airflow/dags/load_cb_courses.py
[2026-02-26T17:40:14.704+0000] {processor.py:830} INFO - Processing file /opt/airflow/dags/load_cb_courses.py for tasks to queue
[2026-02-26T17:40:14.706+0000] {logging_mixin.py:188} INFO - [2026-02-26T17:40:14.706+0000] {dagbag.py:545} INFO - Filling up the DagBag from /opt/airflow/dags/load_cb_courses.py
[2026-02-26T17:40:15.055+0000] {processor.py:840} INFO - DAG(s) 'load_cb_courses' retrieved from /opt/airflow/dags/load_cb_courses.py
[2026-02-26T17:40:15.082+0000] {logging_mixin.py:188} INFO - [2026-02-26T17:40:15.082+0000] {dag.py:3089} INFO - Sync 1 DAGs
[2026-02-26T17:40:15.104+0000] {logging_mixin.py:188} INFO - [2026-02-26T17:40:15.104+0000] {dag.py:3947} INFO - Setting next_dagrun for load_cb_courses to 2026-02-26 00:00:00+00:00, run_after=2026-02-27 00:00:00+00:00
[2026-02-26T17:40:15.125+0000] {processor.py:183} INFO - Processing /opt/airflow/dags/load_cb_courses.py took 0.431 seconds
[2026-02-26T17:40:46.026+0000] {processor.py:161} INFO - Started process (PID=5699) to work on /opt/airflow/dags/load_cb_courses.py
[2026-02-26T17:40:46.027+0000] {processor.py:830} INFO - Processing file /opt/airflow/dags/load_cb_courses.py for tasks to queue
[2026-02-26T17:40:46.030+0000] {logging_mixin.py:188} INFO - [2026-02-26T17:40:46.030+0000] {dagbag.py:545} INFO - Filling up the DagBag from /opt/airflow/dags/load_cb_courses.py
[2026-02-26T17:40:46.378+0000] {processor.py:840} INFO - DAG(s) 'load_cb_courses' retrieved from /opt/airflow/dags/load_cb_courses.py
[2026-02-26T17:40:46.414+0000] {logging_mixin.py:188} INFO - [2026-02-26T17:40:46.413+0000] {dag.py:3089} INFO - Sync 1 DAGs
[2026-02-26T17:40:46.444+0000] {logging_mixin.py:188} INFO - [2026-02-26T17:40:46.444+0000] {dag.py:3947} INFO - Setting next_dagrun for load_cb_courses to 2026-02-26 00:00:00+00:00, run_after=2026-02-27 00:00:00+00:00
[2026-02-26T17:40:46.478+0000] {processor.py:183} INFO - Processing /opt/airflow/dags/load_cb_courses.py took 0.459 seconds
[2026-02-26T17:41:16.888+0000] {processor.py:161} INFO - Started process (PID=5796) to work on /opt/airflow/dags/load_cb_courses.py
[2026-02-26T17:41:16.890+0000] {processor.py:830} INFO - Processing file /opt/airflow/dags/load_cb_courses.py for tasks to queue
[2026-02-26T17:41:16.892+0000] {logging_mixin.py:188} INFO - [2026-02-26T17:41:16.892+0000] {dagbag.py:545} INFO - Filling up the DagBag from /opt/airflow/dags/load_cb_courses.py
[2026-02-26T17:41:17.272+0000] {processor.py:840} INFO - DAG(s) 'load_cb_courses' retrieved from /opt/airflow/dags/load_cb_courses.py
[2026-02-26T17:41:17.303+0000] {logging_mixin.py:188} INFO - [2026-02-26T17:41:17.303+0000] {dag.py:3089} INFO - Sync 1 DAGs
[2026-02-26T17:41:17.328+0000] {logging_mixin.py:188} INFO - [2026-02-26T17:41:17.328+0000] {dag.py:3947} INFO - Setting next_dagrun for load_cb_courses to 2026-02-26 00:00:00+00:00, run_after=2026-02-27 00:00:00+00:00
[2026-02-26T17:41:17.354+0000] {processor.py:183} INFO - Processing /opt/airflow/dags/load_cb_courses.py took 0.473 seconds
[2026-02-26T17:41:47.706+0000] {processor.py:161} INFO - Started process (PID=5821) to work on /opt/airflow/dags/load_cb_courses.py
[2026-02-26T17:41:47.708+0000] {processor.py:830} INFO - Processing file /opt/airflow/dags/load_cb_courses.py for tasks to queue
[2026-02-26T17:41:47.713+0000] {logging_mixin.py:188} INFO - [2026-02-26T17:41:47.712+0000] {dagbag.py:545} INFO - Filling up the DagBag from /opt/airflow/dags/load_cb_courses.py
[2026-02-26T17:41:48.081+0000] {processor.py:840} INFO - DAG(s) 'load_cb_courses' retrieved from /opt/airflow/dags/load_cb_courses.py
[2026-02-26T17:41:48.111+0000] {logging_mixin.py:188} INFO - [2026-02-26T17:41:48.110+0000] {dag.py:3089} INFO - Sync 1 DAGs
[2026-02-26T17:41:48.138+0000] {logging_mixin.py:188} INFO - [2026-02-26T17:41:48.138+0000] {dag.py:3947} INFO - Setting next_dagrun for load_cb_courses to 2026-02-26 00:00:00+00:00, run_after=2026-02-27 00:00:00+00:00
[2026-02-26T17:41:48.170+0000] {processor.py:183} INFO - Processing /opt/airflow/dags/load_cb_courses.py took 0.471 seconds
[2026-02-26T17:42:18.498+0000] {processor.py:161} INFO - Started process (PID=5854) to work on /opt/airflow/dags/load_cb_courses.py
[2026-02-26T17:42:18.500+0000] {processor.py:830} INFO - Processing file /opt/airflow/dags/load_cb_courses.py for tasks to queue
[2026-02-26T17:42:18.504+0000] {logging_mixin.py:188} INFO - [2026-02-26T17:42:18.503+0000] {dagbag.py:545} INFO - Filling up the DagBag from /opt/airflow/dags/load_cb_courses.py
[2026-02-26T17:42:18.986+0000] {processor.py:840} INFO - DAG(s) 'load_cb_courses' retrieved from /opt/airflow/dags/load_cb_courses.py
[2026-02-26T17:42:19.021+0000] {logging_mixin.py:188} INFO - [2026-02-26T17:42:19.021+0000] {dag.py:3089} INFO - Sync 1 DAGs
[2026-02-26T17:42:19.047+0000] {logging_mixin.py:188} INFO - [2026-02-26T17:42:19.047+0000] {dag.py:3947} INFO - Setting next_dagrun for load_cb_courses to 2026-02-26 00:00:00+00:00, run_after=2026-02-27 00:00:00+00:00
[2026-02-26T17:42:19.081+0000] {processor.py:183} INFO - Processing /opt/airflow/dags/load_cb_courses.py took 0.600 seconds
[2026-02-26T17:42:49.477+0000] {processor.py:161} INFO - Started process (PID=5880) to work on /opt/airflow/dags/load_cb_courses.py
[2026-02-26T17:42:49.479+0000] {processor.py:830} INFO - Processing file /opt/airflow/dags/load_cb_courses.py for tasks to queue
[2026-02-26T17:42:49.481+0000] {logging_mixin.py:188} INFO - [2026-02-26T17:42:49.481+0000] {dagbag.py:545} INFO - Filling up the DagBag from /opt/airflow/dags/load_cb_courses.py
[2026-02-26T17:42:49.837+0000] {processor.py:840} INFO - DAG(s) 'load_cb_courses' retrieved from /opt/airflow/dags/load_cb_courses.py
[2026-02-26T17:42:49.863+0000] {logging_mixin.py:188} INFO - [2026-02-26T17:42:49.863+0000] {dag.py:3089} INFO - Sync 1 DAGs
[2026-02-26T17:42:49.889+0000] {logging_mixin.py:188} INFO - [2026-02-26T17:42:49.889+0000] {dag.py:3947} INFO - Setting next_dagrun for load_cb_courses to 2026-02-26 00:00:00+00:00, run_after=2026-02-27 00:00:00+00:00
[2026-02-26T17:42:49.916+0000] {processor.py:183} INFO - Processing /opt/airflow/dags/load_cb_courses.py took 0.446 seconds
[2026-02-26T17:43:20.441+0000] {processor.py:161} INFO - Started process (PID=5904) to work on /opt/airflow/dags/load_cb_courses.py
[2026-02-26T17:43:20.442+0000] {processor.py:830} INFO - Processing file /opt/airflow/dags/load_cb_courses.py for tasks to queue
[2026-02-26T17:43:20.445+0000] {logging_mixin.py:188} INFO - [2026-02-26T17:43:20.444+0000] {dagbag.py:545} INFO - Filling up the DagBag from /opt/airflow/dags/load_cb_courses.py
[2026-02-26T17:43:20.758+0000] {processor.py:840} INFO - DAG(s) 'load_cb_courses' retrieved from /opt/airflow/dags/load_cb_courses.py
[2026-02-26T17:43:20.782+0000] {logging_mixin.py:188} INFO - [2026-02-26T17:43:20.781+0000] {dag.py:3089} INFO - Sync 1 DAGs
[2026-02-26T17:43:20.805+0000] {logging_mixin.py:188} INFO - [2026-02-26T17:43:20.805+0000] {dag.py:3947} INFO - Setting next_dagrun for load_cb_courses to 2026-02-26 00:00:00+00:00, run_after=2026-02-27 00:00:00+00:00
[2026-02-26T17:43:20.828+0000] {processor.py:183} INFO - Processing /opt/airflow/dags/load_cb_courses.py took 0.392 seconds
[2026-02-26T17:43:51.181+0000] {processor.py:161} INFO - Started process (PID=5937) to work on /opt/airflow/dags/load_cb_courses.py
[2026-02-26T17:43:51.183+0000] {processor.py:830} INFO - Processing file /opt/airflow/dags/load_cb_courses.py for tasks to queue
[2026-02-26T17:43:51.185+0000] {logging_mixin.py:188} INFO - [2026-02-26T17:43:51.185+0000] {dagbag.py:545} INFO - Filling up the DagBag from /opt/airflow/dags/load_cb_courses.py
[2026-02-26T17:43:51.547+0000] {processor.py:840} INFO - DAG(s) 'load_cb_courses' retrieved from /opt/airflow/dags/load_cb_courses.py
[2026-02-26T17:43:51.575+0000] {logging_mixin.py:188} INFO - [2026-02-26T17:43:51.574+0000] {dag.py:3089} INFO - Sync 1 DAGs
[2026-02-26T17:43:51.599+0000] {logging_mixin.py:188} INFO - [2026-02-26T17:43:51.598+0000] {dag.py:3947} INFO - Setting next_dagrun for load_cb_courses to 2026-02-26 00:00:00+00:00, run_after=2026-02-27 00:00:00+00:00
[2026-02-26T17:43:51.632+0000] {processor.py:183} INFO - Processing /opt/airflow/dags/load_cb_courses.py took 0.458 seconds
[2026-02-26T17:44:21.963+0000] {processor.py:161} INFO - Started process (PID=5962) to work on /opt/airflow/dags/load_cb_courses.py
[2026-02-26T17:44:21.964+0000] {processor.py:830} INFO - Processing file /opt/airflow/dags/load_cb_courses.py for tasks to queue
[2026-02-26T17:44:21.966+0000] {logging_mixin.py:188} INFO - [2026-02-26T17:44:21.966+0000] {dagbag.py:545} INFO - Filling up the DagBag from /opt/airflow/dags/load_cb_courses.py
[2026-02-26T17:44:22.274+0000] {processor.py:840} INFO - DAG(s) 'load_cb_courses' retrieved from /opt/airflow/dags/load_cb_courses.py
[2026-02-26T17:44:22.299+0000] {logging_mixin.py:188} INFO - [2026-02-26T17:44:22.299+0000] {dag.py:3089} INFO - Sync 1 DAGs
[2026-02-26T17:44:22.321+0000] {logging_mixin.py:188} INFO - [2026-02-26T17:44:22.320+0000] {dag.py:3947} INFO - Setting next_dagrun for load_cb_courses to 2026-02-26 00:00:00+00:00, run_after=2026-02-27 00:00:00+00:00
[2026-02-26T17:44:22.339+0000] {processor.py:183} INFO - Processing /opt/airflow/dags/load_cb_courses.py took 0.382 seconds
[2026-02-26T17:44:52.830+0000] {processor.py:161} INFO - Started process (PID=5996) to work on /opt/airflow/dags/load_cb_courses.py
[2026-02-26T17:44:52.831+0000] {processor.py:830} INFO - Processing file /opt/airflow/dags/load_cb_courses.py for tasks to queue
[2026-02-26T17:44:52.833+0000] {logging_mixin.py:188} INFO - [2026-02-26T17:44:52.833+0000] {dagbag.py:545} INFO - Filling up the DagBag from /opt/airflow/dags/load_cb_courses.py
[2026-02-26T17:44:53.212+0000] {processor.py:840} INFO - DAG(s) 'load_cb_courses' retrieved from /opt/airflow/dags/load_cb_courses.py
[2026-02-26T17:44:53.243+0000] {logging_mixin.py:188} INFO - [2026-02-26T17:44:53.243+0000] {dag.py:3089} INFO - Sync 1 DAGs
[2026-02-26T17:44:53.269+0000] {logging_mixin.py:188} INFO - [2026-02-26T17:44:53.269+0000] {dag.py:3947} INFO - Setting next_dagrun for load_cb_courses to 2026-02-26 00:00:00+00:00, run_after=2026-02-27 00:00:00+00:00
[2026-02-26T17:44:53.299+0000] {processor.py:183} INFO - Processing /opt/airflow/dags/load_cb_courses.py took 0.476 seconds
[2026-02-26T17:45:23.711+0000] {processor.py:161} INFO - Started process (PID=6022) to work on /opt/airflow/dags/load_cb_courses.py
[2026-02-26T17:45:23.713+0000] {processor.py:830} INFO - Processing file /opt/airflow/dags/load_cb_courses.py for tasks to queue
[2026-02-26T17:45:23.715+0000] {logging_mixin.py:188} INFO - [2026-02-26T17:45:23.715+0000] {dagbag.py:545} INFO - Filling up the DagBag from /opt/airflow/dags/load_cb_courses.py
[2026-02-26T17:45:24.041+0000] {processor.py:840} INFO - DAG(s) 'load_cb_courses' retrieved from /opt/airflow/dags/load_cb_courses.py
[2026-02-26T17:45:24.068+0000] {logging_mixin.py:188} INFO - [2026-02-26T17:45:24.068+0000] {dag.py:3089} INFO - Sync 1 DAGs
[2026-02-26T17:45:24.093+0000] {logging_mixin.py:188} INFO - [2026-02-26T17:45:24.093+0000] {dag.py:3947} INFO - Setting next_dagrun for load_cb_courses to 2026-02-26 00:00:00+00:00, run_after=2026-02-27 00:00:00+00:00
[2026-02-26T17:45:24.117+0000] {processor.py:183} INFO - Processing /opt/airflow/dags/load_cb_courses.py took 0.412 seconds
[2026-02-26T17:45:54.579+0000] {processor.py:161} INFO - Started process (PID=6055) to work on /opt/airflow/dags/load_cb_courses.py
[2026-02-26T17:45:54.580+0000] {processor.py:830} INFO - Processing file /opt/airflow/dags/load_cb_courses.py for tasks to queue
[2026-02-26T17:45:54.583+0000] {logging_mixin.py:188} INFO - [2026-02-26T17:45:54.582+0000] {dagbag.py:545} INFO - Filling up the DagBag from /opt/airflow/dags/load_cb_courses.py
[2026-02-26T17:45:54.961+0000] {processor.py:840} INFO - DAG(s) 'load_cb_courses' retrieved from /opt/airflow/dags/load_cb_courses.py
[2026-02-26T17:45:55.012+0000] {logging_mixin.py:188} INFO - [2026-02-26T17:45:55.012+0000] {dag.py:3089} INFO - Sync 1 DAGs
[2026-02-26T17:45:55.046+0000] {logging_mixin.py:188} INFO - [2026-02-26T17:45:55.045+0000] {dag.py:3947} INFO - Setting next_dagrun for load_cb_courses to 2026-02-26 00:00:00+00:00, run_after=2026-02-27 00:00:00+00:00
[2026-02-26T17:45:55.079+0000] {processor.py:183} INFO - Processing /opt/airflow/dags/load_cb_courses.py took 0.508 seconds
[2026-02-26T17:46:26.140+0000] {processor.py:161} INFO - Started process (PID=6081) to work on /opt/airflow/dags/load_cb_courses.py
[2026-02-26T17:46:26.150+0000] {processor.py:830} INFO - Processing file /opt/airflow/dags/load_cb_courses.py for tasks to queue
[2026-02-26T17:46:26.158+0000] {logging_mixin.py:188} INFO - [2026-02-26T17:46:26.158+0000] {dagbag.py:545} INFO - Filling up the DagBag from /opt/airflow/dags/load_cb_courses.py
[2026-02-26T17:46:26.503+0000] {processor.py:840} INFO - DAG(s) 'load_cb_courses' retrieved from /opt/airflow/dags/load_cb_courses.py
[2026-02-26T17:46:26.534+0000] {logging_mixin.py:188} INFO - [2026-02-26T17:46:26.533+0000] {dag.py:3089} INFO - Sync 1 DAGs
[2026-02-26T17:46:26.561+0000] {logging_mixin.py:188} INFO - [2026-02-26T17:46:26.561+0000] {dag.py:3947} INFO - Setting next_dagrun for load_cb_courses to 2026-02-26 00:00:00+00:00, run_after=2026-02-27 00:00:00+00:00
[2026-02-26T17:46:26.593+0000] {processor.py:183} INFO - Processing /opt/airflow/dags/load_cb_courses.py took 0.463 seconds
[2026-02-26T17:46:56.973+0000] {processor.py:161} INFO - Started process (PID=6107) to work on /opt/airflow/dags/load_cb_courses.py
[2026-02-26T17:46:56.975+0000] {processor.py:830} INFO - Processing file /opt/airflow/dags/load_cb_courses.py for tasks to queue
[2026-02-26T17:46:56.980+0000] {logging_mixin.py:188} INFO - [2026-02-26T17:46:56.979+0000] {dagbag.py:545} INFO - Filling up the DagBag from /opt/airflow/dags/load_cb_courses.py
[2026-02-26T17:46:57.332+0000] {processor.py:840} INFO - DAG(s) 'load_cb_courses' retrieved from /opt/airflow/dags/load_cb_courses.py
[2026-02-26T17:46:57.363+0000] {logging_mixin.py:188} INFO - [2026-02-26T17:46:57.362+0000] {dag.py:3089} INFO - Sync 1 DAGs
[2026-02-26T17:46:57.390+0000] {logging_mixin.py:188} INFO - [2026-02-26T17:46:57.389+0000] {dag.py:3947} INFO - Setting next_dagrun for load_cb_courses to 2026-02-26 00:00:00+00:00, run_after=2026-02-27 00:00:00+00:00
[2026-02-26T17:46:57.451+0000] {processor.py:183} INFO - Processing /opt/airflow/dags/load_cb_courses.py took 0.488 seconds
[2026-02-26T17:47:27.844+0000] {processor.py:161} INFO - Started process (PID=6148) to work on /opt/airflow/dags/load_cb_courses.py
[2026-02-26T17:47:27.845+0000] {processor.py:830} INFO - Processing file /opt/airflow/dags/load_cb_courses.py for tasks to queue
[2026-02-26T17:47:27.849+0000] {logging_mixin.py:188} INFO - [2026-02-26T17:47:27.848+0000] {dagbag.py:545} INFO - Filling up the DagBag from /opt/airflow/dags/load_cb_courses.py
[2026-02-26T17:47:28.219+0000] {processor.py:840} INFO - DAG(s) 'load_cb_courses' retrieved from /opt/airflow/dags/load_cb_courses.py
[2026-02-26T17:47:28.256+0000] {logging_mixin.py:188} INFO - [2026-02-26T17:47:28.256+0000] {dag.py:3089} INFO - Sync 1 DAGs
[2026-02-26T17:47:28.290+0000] {logging_mixin.py:188} INFO - [2026-02-26T17:47:28.290+0000] {dag.py:3947} INFO - Setting next_dagrun for load_cb_courses to 2026-02-26 00:00:00+00:00, run_after=2026-02-27 00:00:00+00:00
[2026-02-26T17:47:28.323+0000] {processor.py:183} INFO - Processing /opt/airflow/dags/load_cb_courses.py took 0.485 seconds
[2026-02-26T17:47:58.781+0000] {processor.py:161} INFO - Started process (PID=6173) to work on /opt/airflow/dags/load_cb_courses.py
[2026-02-26T17:47:58.784+0000] {processor.py:830} INFO - Processing file /opt/airflow/dags/load_cb_courses.py for tasks to queue
[2026-02-26T17:47:58.787+0000] {logging_mixin.py:188} INFO - [2026-02-26T17:47:58.786+0000] {dagbag.py:545} INFO - Filling up the DagBag from /opt/airflow/dags/load_cb_courses.py
[2026-02-26T17:47:59.165+0000] {processor.py:840} INFO - DAG(s) 'load_cb_courses' retrieved from /opt/airflow/dags/load_cb_courses.py
[2026-02-26T17:47:59.192+0000] {logging_mixin.py:188} INFO - [2026-02-26T17:47:59.192+0000] {dag.py:3089} INFO - Sync 1 DAGs
[2026-02-26T17:47:59.215+0000] {logging_mixin.py:188} INFO - [2026-02-26T17:47:59.214+0000] {dag.py:3947} INFO - Setting next_dagrun for load_cb_courses to 2026-02-26 00:00:00+00:00, run_after=2026-02-27 00:00:00+00:00
[2026-02-26T17:47:59.235+0000] {processor.py:183} INFO - Processing /opt/airflow/dags/load_cb_courses.py took 0.463 seconds
[2026-02-26T17:48:29.727+0000] {processor.py:161} INFO - Started process (PID=6206) to work on /opt/airflow/dags/load_cb_courses.py
[2026-02-26T17:48:29.729+0000] {processor.py:830} INFO - Processing file /opt/airflow/dags/load_cb_courses.py for tasks to queue
[2026-02-26T17:48:29.733+0000] {logging_mixin.py:188} INFO - [2026-02-26T17:48:29.733+0000] {dagbag.py:545} INFO - Filling up the DagBag from /opt/airflow/dags/load_cb_courses.py
[2026-02-26T17:48:30.166+0000] {processor.py:840} INFO - DAG(s) 'load_cb_courses' retrieved from /opt/airflow/dags/load_cb_courses.py
[2026-02-26T17:48:30.192+0000] {logging_mixin.py:188} INFO - [2026-02-26T17:48:30.191+0000] {dag.py:3089} INFO - Sync 1 DAGs
[2026-02-26T17:48:30.221+0000] {logging_mixin.py:188} INFO - [2026-02-26T17:48:30.220+0000] {dag.py:3947} INFO - Setting next_dagrun for load_cb_courses to 2026-02-26 00:00:00+00:00, run_after=2026-02-27 00:00:00+00:00
[2026-02-26T17:48:30.261+0000] {processor.py:183} INFO - Processing /opt/airflow/dags/load_cb_courses.py took 0.544 seconds
[2026-02-26T17:49:01.051+0000] {processor.py:161} INFO - Started process (PID=6297) to work on /opt/airflow/dags/load_cb_courses.py
[2026-02-26T17:49:01.053+0000] {processor.py:830} INFO - Processing file /opt/airflow/dags/load_cb_courses.py for tasks to queue
[2026-02-26T17:49:01.060+0000] {logging_mixin.py:188} INFO - [2026-02-26T17:49:01.058+0000] {dagbag.py:545} INFO - Filling up the DagBag from /opt/airflow/dags/load_cb_courses.py
[2026-02-26T17:49:01.431+0000] {processor.py:840} INFO - DAG(s) 'load_cb_courses' retrieved from /opt/airflow/dags/load_cb_courses.py
[2026-02-26T17:49:01.457+0000] {logging_mixin.py:188} INFO - [2026-02-26T17:49:01.457+0000] {dag.py:3089} INFO - Sync 1 DAGs
[2026-02-26T17:49:01.479+0000] {logging_mixin.py:188} INFO - [2026-02-26T17:49:01.479+0000] {dag.py:3947} INFO - Setting next_dagrun for load_cb_courses to 2026-02-26 00:00:00+00:00, run_after=2026-02-27 00:00:00+00:00
[2026-02-26T17:49:01.502+0000] {processor.py:183} INFO - Processing /opt/airflow/dags/load_cb_courses.py took 0.462 seconds
[2026-02-26T17:49:31.889+0000] {processor.py:161} INFO - Started process (PID=6323) to work on /opt/airflow/dags/load_cb_courses.py
[2026-02-26T17:49:31.890+0000] {processor.py:830} INFO - Processing file /opt/airflow/dags/load_cb_courses.py for tasks to queue
[2026-02-26T17:49:31.892+0000] {logging_mixin.py:188} INFO - [2026-02-26T17:49:31.892+0000] {dagbag.py:545} INFO - Filling up the DagBag from /opt/airflow/dags/load_cb_courses.py
[2026-02-26T17:49:32.224+0000] {processor.py:840} INFO - DAG(s) 'load_cb_courses' retrieved from /opt/airflow/dags/load_cb_courses.py
[2026-02-26T17:49:32.250+0000] {logging_mixin.py:188} INFO - [2026-02-26T17:49:32.250+0000] {dag.py:3089} INFO - Sync 1 DAGs
[2026-02-26T17:49:32.273+0000] {logging_mixin.py:188} INFO - [2026-02-26T17:49:32.273+0000] {dag.py:3947} INFO - Setting next_dagrun for load_cb_courses to 2026-02-26 00:00:00+00:00, run_after=2026-02-27 00:00:00+00:00
[2026-02-26T17:49:32.293+0000] {processor.py:183} INFO - Processing /opt/airflow/dags/load_cb_courses.py took 0.410 seconds
[2026-02-26T17:50:04.472+0000] {processor.py:161} INFO - Started process (PID=6355) to work on /opt/airflow/dags/load_cb_courses.py
[2026-02-26T17:50:04.474+0000] {processor.py:830} INFO - Processing file /opt/airflow/dags/load_cb_courses.py for tasks to queue
[2026-02-26T17:50:04.477+0000] {logging_mixin.py:188} INFO - [2026-02-26T17:50:04.476+0000] {dagbag.py:545} INFO - Filling up the DagBag from /opt/airflow/dags/load_cb_courses.py
[2026-02-26T17:50:04.842+0000] {processor.py:840} INFO - DAG(s) 'load_cb_courses' retrieved from /opt/airflow/dags/load_cb_courses.py
[2026-02-26T17:50:04.872+0000] {logging_mixin.py:188} INFO - [2026-02-26T17:50:04.872+0000] {dag.py:3089} INFO - Sync 1 DAGs
[2026-02-26T17:50:04.896+0000] {logging_mixin.py:188} INFO - [2026-02-26T17:50:04.896+0000] {dag.py:3947} INFO - Setting next_dagrun for load_cb_courses to 2026-02-26 00:00:00+00:00, run_after=2026-02-27 00:00:00+00:00
[2026-02-26T17:50:04.924+0000] {processor.py:183} INFO - Processing /opt/airflow/dags/load_cb_courses.py took 0.460 seconds
[2026-02-26T17:50:35.886+0000] {processor.py:161} INFO - Started process (PID=6434) to work on /opt/airflow/dags/load_cb_courses.py
[2026-02-26T17:50:35.888+0000] {processor.py:830} INFO - Processing file /opt/airflow/dags/load_cb_courses.py for tasks to queue
[2026-02-26T17:50:35.890+0000] {logging_mixin.py:188} INFO - [2026-02-26T17:50:35.890+0000] {dagbag.py:545} INFO - Filling up the DagBag from /opt/airflow/dags/load_cb_courses.py
[2026-02-26T17:50:36.216+0000] {processor.py:840} INFO - DAG(s) 'load_cb_courses' retrieved from /opt/airflow/dags/load_cb_courses.py
[2026-02-26T17:50:36.241+0000] {logging_mixin.py:188} INFO - [2026-02-26T17:50:36.240+0000] {dag.py:3089} INFO - Sync 1 DAGs
[2026-02-26T17:50:36.262+0000] {logging_mixin.py:188} INFO - [2026-02-26T17:50:36.262+0000] {dag.py:3947} INFO - Setting next_dagrun for load_cb_courses to 2026-02-26 00:00:00+00:00, run_after=2026-02-27 00:00:00+00:00
[2026-02-26T17:50:36.282+0000] {processor.py:183} INFO - Processing /opt/airflow/dags/load_cb_courses.py took 0.403 seconds
[2026-02-26T17:51:06.696+0000] {processor.py:161} INFO - Started process (PID=6465) to work on /opt/airflow/dags/load_cb_courses.py
[2026-02-26T17:51:06.698+0000] {processor.py:830} INFO - Processing file /opt/airflow/dags/load_cb_courses.py for tasks to queue
[2026-02-26T17:51:06.700+0000] {logging_mixin.py:188} INFO - [2026-02-26T17:51:06.700+0000] {dagbag.py:545} INFO - Filling up the DagBag from /opt/airflow/dags/load_cb_courses.py
[2026-02-26T17:51:07.032+0000] {processor.py:840} INFO - DAG(s) 'load_cb_courses' retrieved from /opt/airflow/dags/load_cb_courses.py
[2026-02-26T17:51:07.057+0000] {logging_mixin.py:188} INFO - [2026-02-26T17:51:07.057+0000] {dag.py:3089} INFO - Sync 1 DAGs
[2026-02-26T17:51:07.080+0000] {logging_mixin.py:188} INFO - [2026-02-26T17:51:07.079+0000] {dag.py:3947} INFO - Setting next_dagrun for load_cb_courses to 2026-02-26 00:00:00+00:00, run_after=2026-02-27 00:00:00+00:00
[2026-02-26T17:51:07.108+0000] {processor.py:183} INFO - Processing /opt/airflow/dags/load_cb_courses.py took 0.418 seconds
[2026-02-26T17:51:37.450+0000] {processor.py:161} INFO - Started process (PID=6492) to work on /opt/airflow/dags/load_cb_courses.py
[2026-02-26T17:51:37.452+0000] {processor.py:830} INFO - Processing file /opt/airflow/dags/load_cb_courses.py for tasks to queue
[2026-02-26T17:51:37.455+0000] {logging_mixin.py:188} INFO - [2026-02-26T17:51:37.454+0000] {dagbag.py:545} INFO - Filling up the DagBag from /opt/airflow/dags/load_cb_courses.py
[2026-02-26T17:51:37.831+0000] {processor.py:840} INFO - DAG(s) 'load_cb_courses' retrieved from /opt/airflow/dags/load_cb_courses.py
[2026-02-26T17:51:37.862+0000] {logging_mixin.py:188} INFO - [2026-02-26T17:51:37.861+0000] {dag.py:3089} INFO - Sync 1 DAGs
[2026-02-26T17:51:37.888+0000] {logging_mixin.py:188} INFO - [2026-02-26T17:51:37.888+0000] {dag.py:3947} INFO - Setting next_dagrun for load_cb_courses to 2026-02-26 00:00:00+00:00, run_after=2026-02-27 00:00:00+00:00
[2026-02-26T17:51:37.920+0000] {processor.py:183} INFO - Processing /opt/airflow/dags/load_cb_courses.py took 0.477 seconds
[2026-02-26T17:52:08.297+0000] {processor.py:161} INFO - Started process (PID=6524) to work on /opt/airflow/dags/load_cb_courses.py
[2026-02-26T17:52:08.300+0000] {processor.py:830} INFO - Processing file /opt/airflow/dags/load_cb_courses.py for tasks to queue
[2026-02-26T17:52:08.304+0000] {logging_mixin.py:188} INFO - [2026-02-26T17:52:08.303+0000] {dagbag.py:545} INFO - Filling up the DagBag from /opt/airflow/dags/load_cb_courses.py
[2026-02-26T17:52:08.707+0000] {processor.py:840} INFO - DAG(s) 'load_cb_courses' retrieved from /opt/airflow/dags/load_cb_courses.py
[2026-02-26T17:52:08.751+0000] {logging_mixin.py:188} INFO - [2026-02-26T17:52:08.751+0000] {dag.py:3089} INFO - Sync 1 DAGs
[2026-02-26T17:52:08.784+0000] {logging_mixin.py:188} INFO - [2026-02-26T17:52:08.784+0000] {dag.py:3947} INFO - Setting next_dagrun for load_cb_courses to 2026-02-26 00:00:00+00:00, run_after=2026-02-27 00:00:00+00:00
[2026-02-26T17:52:08.832+0000] {processor.py:183} INFO - Processing /opt/airflow/dags/load_cb_courses.py took 0.549 seconds
[2026-02-26T17:52:39.588+0000] {processor.py:161} INFO - Started process (PID=6555) to work on /opt/airflow/dags/load_cb_courses.py
[2026-02-26T17:52:39.591+0000] {processor.py:830} INFO - Processing file /opt/airflow/dags/load_cb_courses.py for tasks to queue
[2026-02-26T17:52:39.594+0000] {logging_mixin.py:188} INFO - [2026-02-26T17:52:39.593+0000] {dagbag.py:545} INFO - Filling up the DagBag from /opt/airflow/dags/load_cb_courses.py
[2026-02-26T17:52:39.933+0000] {processor.py:840} INFO - DAG(s) 'load_cb_courses' retrieved from /opt/airflow/dags/load_cb_courses.py
[2026-02-26T17:52:39.961+0000] {logging_mixin.py:188} INFO - [2026-02-26T17:52:39.960+0000] {dag.py:3089} INFO - Sync 1 DAGs
[2026-02-26T17:52:39.983+0000] {logging_mixin.py:188} INFO - [2026-02-26T17:52:39.983+0000] {dag.py:3947} INFO - Setting next_dagrun for load_cb_courses to 2026-02-26 00:00:00+00:00, run_after=2026-02-27 00:00:00+00:00
[2026-02-26T17:52:40.004+0000] {processor.py:183} INFO - Processing /opt/airflow/dags/load_cb_courses.py took 0.424 seconds
[2026-02-26T17:53:10.351+0000] {processor.py:161} INFO - Started process (PID=6580) to work on /opt/airflow/dags/load_cb_courses.py
[2026-02-26T17:53:10.353+0000] {processor.py:830} INFO - Processing file /opt/airflow/dags/load_cb_courses.py for tasks to queue
[2026-02-26T17:53:10.356+0000] {logging_mixin.py:188} INFO - [2026-02-26T17:53:10.355+0000] {dagbag.py:545} INFO - Filling up the DagBag from /opt/airflow/dags/load_cb_courses.py
[2026-02-26T17:53:10.733+0000] {processor.py:840} INFO - DAG(s) 'load_cb_courses' retrieved from /opt/airflow/dags/load_cb_courses.py
[2026-02-26T17:53:10.767+0000] {logging_mixin.py:188} INFO - [2026-02-26T17:53:10.766+0000] {dag.py:3089} INFO - Sync 1 DAGs
[2026-02-26T17:53:10.795+0000] {logging_mixin.py:188} INFO - [2026-02-26T17:53:10.795+0000] {dag.py:3947} INFO - Setting next_dagrun for load_cb_courses to 2026-02-26 00:00:00+00:00, run_after=2026-02-27 00:00:00+00:00
[2026-02-26T17:53:10.842+0000] {processor.py:183} INFO - Processing /opt/airflow/dags/load_cb_courses.py took 0.499 seconds
[2026-02-26T17:53:41.304+0000] {processor.py:161} INFO - Started process (PID=6612) to work on /opt/airflow/dags/load_cb_courses.py
[2026-02-26T17:53:41.306+0000] {processor.py:830} INFO - Processing file /opt/airflow/dags/load_cb_courses.py for tasks to queue
[2026-02-26T17:53:41.309+0000] {logging_mixin.py:188} INFO - [2026-02-26T17:53:41.308+0000] {dagbag.py:545} INFO - Filling up the DagBag from /opt/airflow/dags/load_cb_courses.py
[2026-02-26T17:53:41.649+0000] {processor.py:840} INFO - DAG(s) 'load_cb_courses' retrieved from /opt/airflow/dags/load_cb_courses.py
[2026-02-26T17:53:41.675+0000] {logging_mixin.py:188} INFO - [2026-02-26T17:53:41.674+0000] {dag.py:3089} INFO - Sync 1 DAGs
[2026-02-26T17:53:41.699+0000] {logging_mixin.py:188} INFO - [2026-02-26T17:53:41.698+0000] {dag.py:3947} INFO - Setting next_dagrun for load_cb_courses to 2026-02-26 00:00:00+00:00, run_after=2026-02-27 00:00:00+00:00
[2026-02-26T17:53:41.718+0000] {processor.py:183} INFO - Processing /opt/airflow/dags/load_cb_courses.py took 0.422 seconds
[2026-02-26T17:54:12.068+0000] {processor.py:161} INFO - Started process (PID=6644) to work on /opt/airflow/dags/load_cb_courses.py
[2026-02-26T17:54:12.070+0000] {processor.py:830} INFO - Processing file /opt/airflow/dags/load_cb_courses.py for tasks to queue
[2026-02-26T17:54:12.072+0000] {logging_mixin.py:188} INFO - [2026-02-26T17:54:12.071+0000] {dagbag.py:545} INFO - Filling up the DagBag from /opt/airflow/dags/load_cb_courses.py
[2026-02-26T17:54:12.424+0000] {processor.py:840} INFO - DAG(s) 'load_cb_courses' retrieved from /opt/airflow/dags/load_cb_courses.py
[2026-02-26T17:54:12.450+0000] {logging_mixin.py:188} INFO - [2026-02-26T17:54:12.450+0000] {dag.py:3089} INFO - Sync 1 DAGs
[2026-02-26T17:54:12.475+0000] {logging_mixin.py:188} INFO - [2026-02-26T17:54:12.475+0000] {dag.py:3947} INFO - Setting next_dagrun for load_cb_courses to 2026-02-26 00:00:00+00:00, run_after=2026-02-27 00:00:00+00:00
[2026-02-26T17:54:12.499+0000] {processor.py:183} INFO - Processing /opt/airflow/dags/load_cb_courses.py took 0.438 seconds
[2026-02-26T17:54:42.840+0000] {processor.py:161} INFO - Started process (PID=6677) to work on /opt/airflow/dags/load_cb_courses.py
[2026-02-26T17:54:42.841+0000] {processor.py:830} INFO - Processing file /opt/airflow/dags/load_cb_courses.py for tasks to queue
[2026-02-26T17:54:42.844+0000] {logging_mixin.py:188} INFO - [2026-02-26T17:54:42.843+0000] {dagbag.py:545} INFO - Filling up the DagBag from /opt/airflow/dags/load_cb_courses.py
[2026-02-26T17:54:43.198+0000] {processor.py:840} INFO - DAG(s) 'load_cb_courses' retrieved from /opt/airflow/dags/load_cb_courses.py
[2026-02-26T17:54:43.239+0000] {logging_mixin.py:188} INFO - [2026-02-26T17:54:43.238+0000] {dag.py:3089} INFO - Sync 1 DAGs
[2026-02-26T17:54:43.264+0000] {logging_mixin.py:188} INFO - [2026-02-26T17:54:43.264+0000] {dag.py:3947} INFO - Setting next_dagrun for load_cb_courses to 2026-02-26 00:00:00+00:00, run_after=2026-02-27 00:00:00+00:00
[2026-02-26T17:54:43.289+0000] {processor.py:183} INFO - Processing /opt/airflow/dags/load_cb_courses.py took 0.456 seconds
[2026-02-26T17:55:13.648+0000] {processor.py:161} INFO - Started process (PID=6704) to work on /opt/airflow/dags/load_cb_courses.py
[2026-02-26T17:55:13.650+0000] {processor.py:830} INFO - Processing file /opt/airflow/dags/load_cb_courses.py for tasks to queue
[2026-02-26T17:55:13.653+0000] {logging_mixin.py:188} INFO - [2026-02-26T17:55:13.652+0000] {dagbag.py:545} INFO - Filling up the DagBag from /opt/airflow/dags/load_cb_courses.py
[2026-02-26T17:55:14.034+0000] {processor.py:840} INFO - DAG(s) 'load_cb_courses' retrieved from /opt/airflow/dags/load_cb_courses.py
[2026-02-26T17:55:14.063+0000] {logging_mixin.py:188} INFO - [2026-02-26T17:55:14.062+0000] {dag.py:3089} INFO - Sync 1 DAGs
[2026-02-26T17:55:14.091+0000] {logging_mixin.py:188} INFO - [2026-02-26T17:55:14.091+0000] {dag.py:3947} INFO - Setting next_dagrun for load_cb_courses to 2026-02-26 00:00:00+00:00, run_after=2026-02-27 00:00:00+00:00
[2026-02-26T17:55:14.120+0000] {processor.py:183} INFO - Processing /opt/airflow/dags/load_cb_courses.py took 0.481 seconds
[2026-02-26T17:55:44.628+0000] {processor.py:161} INFO - Started process (PID=6856) to work on /opt/airflow/dags/load_cb_courses.py
[2026-02-26T17:55:44.631+0000] {processor.py:830} INFO - Processing file /opt/airflow/dags/load_cb_courses.py for tasks to queue
[2026-02-26T17:55:44.639+0000] {logging_mixin.py:188} INFO - [2026-02-26T17:55:44.639+0000] {dagbag.py:545} INFO - Filling up the DagBag from /opt/airflow/dags/load_cb_courses.py
[2026-02-26T17:55:46.969+0000] {processor.py:840} INFO - DAG(s) 'load_cb_courses' retrieved from /opt/airflow/dags/load_cb_courses.py
[2026-02-26T17:55:47.140+0000] {logging_mixin.py:188} INFO - [2026-02-26T17:55:47.139+0000] {dag.py:3089} INFO - Sync 1 DAGs
[2026-02-26T17:55:47.371+0000] {logging_mixin.py:188} INFO - [2026-02-26T17:55:47.370+0000] {dag.py:3947} INFO - Setting next_dagrun for load_cb_courses to 2026-02-26 00:00:00+00:00, run_after=2026-02-27 00:00:00+00:00
[2026-02-26T17:55:47.638+0000] {processor.py:183} INFO - Processing /opt/airflow/dags/load_cb_courses.py took 3.018 seconds
[2026-02-26T17:56:18.283+0000] {processor.py:161} INFO - Started process (PID=7260) to work on /opt/airflow/dags/load_cb_courses.py
[2026-02-26T17:56:18.301+0000] {processor.py:830} INFO - Processing file /opt/airflow/dags/load_cb_courses.py for tasks to queue
[2026-02-26T17:56:18.317+0000] {logging_mixin.py:188} INFO - [2026-02-26T17:56:18.317+0000] {dagbag.py:545} INFO - Filling up the DagBag from /opt/airflow/dags/load_cb_courses.py
[2026-02-26T17:56:20.966+0000] {processor.py:840} INFO - DAG(s) 'load_cb_courses' retrieved from /opt/airflow/dags/load_cb_courses.py
[2026-02-26T17:56:21.141+0000] {logging_mixin.py:188} INFO - [2026-02-26T17:56:21.141+0000] {dag.py:3089} INFO - Sync 1 DAGs
[2026-02-26T17:56:21.263+0000] {logging_mixin.py:188} INFO - [2026-02-26T17:56:21.263+0000] {dag.py:3947} INFO - Setting next_dagrun for load_cb_courses to 2026-02-26 00:00:00+00:00, run_after=2026-02-27 00:00:00+00:00
[2026-02-26T17:56:21.417+0000] {processor.py:183} INFO - Processing /opt/airflow/dags/load_cb_courses.py took 3.140 seconds
[2026-02-26T17:56:51.798+0000] {processor.py:161} INFO - Started process (PID=7494) to work on /opt/airflow/dags/load_cb_courses.py
[2026-02-26T17:56:51.803+0000] {processor.py:830} INFO - Processing file /opt/airflow/dags/load_cb_courses.py for tasks to queue
[2026-02-26T17:56:51.824+0000] {logging_mixin.py:188} INFO - [2026-02-26T17:56:51.824+0000] {dagbag.py:545} INFO - Filling up the DagBag from /opt/airflow/dags/load_cb_courses.py
[2026-02-26T17:56:52.442+0000] {processor.py:840} INFO - DAG(s) 'load_cb_courses' retrieved from /opt/airflow/dags/load_cb_courses.py
[2026-02-26T17:56:52.480+0000] {logging_mixin.py:188} INFO - [2026-02-26T17:56:52.479+0000] {dag.py:3089} INFO - Sync 1 DAGs
[2026-02-26T17:56:52.072+0000] {logging_mixin.py:188} INFO - [2026-02-26T17:56:52.072+0000] {dag.py:3947} INFO - Setting next_dagrun for load_cb_courses to 2026-02-26 00:00:00+00:00, run_after=2026-02-27 00:00:00+00:00
[2026-02-26T17:56:52.098+0000] {processor.py:183} INFO - Processing /opt/airflow/dags/load_cb_courses.py took 0.749 seconds
[2026-02-26T17:57:22.594+0000] {processor.py:161} INFO - Started process (PID=7522) to work on /opt/airflow/dags/load_cb_courses.py
[2026-02-26T17:57:22.595+0000] {processor.py:830} INFO - Processing file /opt/airflow/dags/load_cb_courses.py for tasks to queue
[2026-02-26T17:57:22.598+0000] {logging_mixin.py:188} INFO - [2026-02-26T17:57:22.597+0000] {dagbag.py:545} INFO - Filling up the DagBag from /opt/airflow/dags/load_cb_courses.py
[2026-02-26T17:57:23.097+0000] {processor.py:840} INFO - DAG(s) 'load_cb_courses' retrieved from /opt/airflow/dags/load_cb_courses.py
[2026-02-26T17:57:23.136+0000] {logging_mixin.py:188} INFO - [2026-02-26T17:57:23.135+0000] {dag.py:3089} INFO - Sync 1 DAGs
[2026-02-26T17:57:23.173+0000] {logging_mixin.py:188} INFO - [2026-02-26T17:57:23.172+0000] {dag.py:3947} INFO - Setting next_dagrun for load_cb_courses to 2026-02-26 00:00:00+00:00, run_after=2026-02-27 00:00:00+00:00
[2026-02-26T17:57:23.208+0000] {processor.py:183} INFO - Processing /opt/airflow/dags/load_cb_courses.py took 0.624 seconds
[2026-02-26T17:57:53.404+0000] {processor.py:161} INFO - Started process (PID=7548) to work on /opt/airflow/dags/load_cb_courses.py
[2026-02-26T17:57:53.421+0000] {processor.py:830} INFO - Processing file /opt/airflow/dags/load_cb_courses.py for tasks to queue
[2026-02-26T17:57:53.432+0000] {logging_mixin.py:188} INFO - [2026-02-26T17:57:53.431+0000] {dagbag.py:545} INFO - Filling up the DagBag from /opt/airflow/dags/load_cb_courses.py
[2026-02-26T17:57:54.371+0000] {processor.py:840} INFO - DAG(s) 'load_cb_courses' retrieved from /opt/airflow/dags/load_cb_courses.py
[2026-02-26T17:57:54.417+0000] {logging_mixin.py:188} INFO - [2026-02-26T17:57:54.416+0000] {dag.py:3089} INFO - Sync 1 DAGs
[2026-02-26T17:57:54.458+0000] {logging_mixin.py:188} INFO - [2026-02-26T17:57:54.458+0000] {dag.py:3947} INFO - Setting next_dagrun for load_cb_courses to 2026-02-26 00:00:00+00:00, run_after=2026-02-27 00:00:00+00:00
[2026-02-26T17:57:54.503+0000] {processor.py:183} INFO - Processing /opt/airflow/dags/load_cb_courses.py took 1.107 seconds
[2026-02-26T17:58:24.802+0000] {processor.py:161} INFO - Started process (PID=7580) to work on /opt/airflow/dags/load_cb_courses.py
[2026-02-26T17:58:24.805+0000] {processor.py:830} INFO - Processing file /opt/airflow/dags/load_cb_courses.py for tasks to queue
[2026-02-26T17:58:24.808+0000] {logging_mixin.py:188} INFO - [2026-02-26T17:58:24.808+0000] {dagbag.py:545} INFO - Filling up the DagBag from /opt/airflow/dags/load_cb_courses.py
[2026-02-26T17:58:25.347+0000] {processor.py:840} INFO - DAG(s) 'load_cb_courses' retrieved from /opt/airflow/dags/load_cb_courses.py
[2026-02-26T17:58:25.389+0000] {logging_mixin.py:188} INFO - [2026-02-26T17:58:25.388+0000] {dag.py:3089} INFO - Sync 1 DAGs
[2026-02-26T17:58:25.426+0000] {logging_mixin.py:188} INFO - [2026-02-26T17:58:25.426+0000] {dag.py:3947} INFO - Setting next_dagrun for load_cb_courses to 2026-02-26 00:00:00+00:00, run_after=2026-02-27 00:00:00+00:00
[2026-02-26T17:58:25.466+0000] {processor.py:183} INFO - Processing /opt/airflow/dags/load_cb_courses.py took 0.678 seconds
[2026-02-26T17:58:55.577+0000] {processor.py:161} INFO - Started process (PID=7606) to work on /opt/airflow/dags/load_cb_courses.py
[2026-02-26T17:58:55.578+0000] {processor.py:830} INFO - Processing file /opt/airflow/dags/load_cb_courses.py for tasks to queue
[2026-02-26T17:58:55.582+0000] {logging_mixin.py:188} INFO - [2026-02-26T17:58:55.581+0000] {dagbag.py:545} INFO - Filling up the DagBag from /opt/airflow/dags/load_cb_courses.py
[2026-02-26T17:58:55.955+0000] {processor.py:840} INFO - DAG(s) 'load_cb_courses' retrieved from /opt/airflow/dags/load_cb_courses.py
[2026-02-26T17:58:55.992+0000] {logging_mixin.py:188} INFO - [2026-02-26T17:58:55.991+0000] {dag.py:3089} INFO - Sync 1 DAGs
[2026-02-26T17:58:56.023+0000] {logging_mixin.py:188} INFO - [2026-02-26T17:58:56.023+0000] {dag.py:3947} INFO - Setting next_dagrun for load_cb_courses to 2026-02-26 00:00:00+00:00, run_after=2026-02-27 00:00:00+00:00
[2026-02-26T17:58:56.057+0000] {processor.py:183} INFO - Processing /opt/airflow/dags/load_cb_courses.py took 0.488 seconds
[2026-02-26T17:59:26.600+0000] {processor.py:161} INFO - Started process (PID=7632) to work on /opt/airflow/dags/load_cb_courses.py
[2026-02-26T17:59:26.601+0000] {processor.py:830} INFO - Processing file /opt/airflow/dags/load_cb_courses.py for tasks to queue
[2026-02-26T17:59:26.604+0000] {logging_mixin.py:188} INFO - [2026-02-26T17:59:26.603+0000] {dagbag.py:545} INFO - Filling up the DagBag from /opt/airflow/dags/load_cb_courses.py
[2026-02-26T17:59:26.964+0000] {processor.py:840} INFO - DAG(s) 'load_cb_courses' retrieved from /opt/airflow/dags/load_cb_courses.py
[2026-02-26T17:59:26.993+0000] {logging_mixin.py:188} INFO - [2026-02-26T17:59:26.993+0000] {dag.py:3089} INFO - Sync 1 DAGs
[2026-02-26T17:59:27.021+0000] {logging_mixin.py:188} INFO - [2026-02-26T17:59:27.021+0000] {dag.py:3947} INFO - Setting next_dagrun for load_cb_courses to 2026-02-26 00:00:00+00:00, run_after=2026-02-27 00:00:00+00:00
[2026-02-26T17:59:27.046+0000] {processor.py:183} INFO - Processing /opt/airflow/dags/load_cb_courses.py took 0.453 seconds
[2026-02-26T17:59:57.555+0000] {processor.py:161} INFO - Started process (PID=7664) to work on /opt/airflow/dags/load_cb_courses.py
[2026-02-26T17:59:57.556+0000] {processor.py:830} INFO - Processing file /opt/airflow/dags/load_cb_courses.py for tasks to queue
[2026-02-26T17:59:57.560+0000] {logging_mixin.py:188} INFO - [2026-02-26T17:59:57.559+0000] {dagbag.py:545} INFO - Filling up the DagBag from /opt/airflow/dags/load_cb_courses.py
[2026-02-26T17:59:57.937+0000] {processor.py:840} INFO - DAG(s) 'load_cb_courses' retrieved from /opt/airflow/dags/load_cb_courses.py
[2026-02-26T17:59:57.972+0000] {logging_mixin.py:188} INFO - [2026-02-26T17:59:57.971+0000] {dag.py:3089} INFO - Sync 1 DAGs
[2026-02-26T17:59:58.008+0000] {logging_mixin.py:188} INFO - [2026-02-26T17:59:58.007+0000] {dag.py:3947} INFO - Setting next_dagrun for load_cb_courses to 2026-02-26 00:00:00+00:00, run_after=2026-02-27 00:00:00+00:00
[2026-02-26T17:59:58.042+0000] {processor.py:183} INFO - Processing /opt/airflow/dags/load_cb_courses.py took 0.495 seconds
[2026-02-26T18:00:28.418+0000] {processor.py:161} INFO - Started process (PID=7690) to work on /opt/airflow/dags/load_cb_courses.py
[2026-02-26T18:00:28.420+0000] {processor.py:830} INFO - Processing file /opt/airflow/dags/load_cb_courses.py for tasks to queue
[2026-02-26T18:00:28.423+0000] {logging_mixin.py:188} INFO - [2026-02-26T18:00:28.423+0000] {dagbag.py:545} INFO - Filling up the DagBag from /opt/airflow/dags/load_cb_courses.py
[2026-02-26T18:00:28.763+0000] {processor.py:840} INFO - DAG(s) 'load_cb_courses' retrieved from /opt/airflow/dags/load_cb_courses.py
[2026-02-26T18:00:28.790+0000] {logging_mixin.py:188} INFO - [2026-02-26T18:00:28.789+0000] {dag.py:3089} INFO - Sync 1 DAGs
[2026-02-26T18:00:28.815+0000] {logging_mixin.py:188} INFO - [2026-02-26T18:00:28.814+0000] {dag.py:3947} INFO - Setting next_dagrun for load_cb_courses to 2026-02-26 00:00:00+00:00, run_after=2026-02-27 00:00:00+00:00
[2026-02-26T18:00:28.838+0000] {processor.py:183} INFO - Processing /opt/airflow/dags/load_cb_courses.py took 0.427 seconds
[2026-02-26T18:00:59.380+0000] {processor.py:161} INFO - Started process (PID=7718) to work on /opt/airflow/dags/load_cb_courses.py
[2026-02-26T18:00:59.382+0000] {processor.py:830} INFO - Processing file /opt/airflow/dags/load_cb_courses.py for tasks to queue
[2026-02-26T18:00:59.386+0000] {logging_mixin.py:188} INFO - [2026-02-26T18:00:59.386+0000] {dagbag.py:545} INFO - Filling up the DagBag from /opt/airflow/dags/load_cb_courses.py
[2026-02-26T18:00:59.740+0000] {processor.py:840} INFO - DAG(s) 'load_cb_courses' retrieved from /opt/airflow/dags/load_cb_courses.py
[2026-02-26T18:00:59.768+0000] {logging_mixin.py:188} INFO - [2026-02-26T18:00:59.768+0000] {dag.py:3089} INFO - Sync 1 DAGs
[2026-02-26T18:00:59.795+0000] {logging_mixin.py:188} INFO - [2026-02-26T18:00:59.794+0000] {dag.py:3947} INFO - Setting next_dagrun for load_cb_courses to 2026-02-26 00:00:00+00:00, run_after=2026-02-27 00:00:00+00:00
[2026-02-26T18:00:59.819+0000] {processor.py:183} INFO - Processing /opt/airflow/dags/load_cb_courses.py took 0.447 seconds
[2026-02-26T18:01:30.329+0000] {processor.py:161} INFO - Started process (PID=7752) to work on /opt/airflow/dags/load_cb_courses.py
[2026-02-26T18:01:30.331+0000] {processor.py:830} INFO - Processing file /opt/airflow/dags/load_cb_courses.py for tasks to queue
[2026-02-26T18:01:30.335+0000] {logging_mixin.py:188} INFO - [2026-02-26T18:01:30.335+0000] {dagbag.py:545} INFO - Filling up the DagBag from /opt/airflow/dags/load_cb_courses.py
[2026-02-26T18:01:30.858+0000] {processor.py:840} INFO - DAG(s) 'load_cb_courses' retrieved from /opt/airflow/dags/load_cb_courses.py
[2026-02-26T18:01:30.900+0000] {logging_mixin.py:188} INFO - [2026-02-26T18:01:30.899+0000] {dag.py:3089} INFO - Sync 1 DAGs
[2026-02-26T18:01:30.939+0000] {logging_mixin.py:188} INFO - [2026-02-26T18:01:30.939+0000] {dag.py:3947} INFO - Setting next_dagrun for load_cb_courses to 2026-02-26 00:00:00+00:00, run_after=2026-02-27 00:00:00+00:00
[2026-02-26T18:01:30.980+0000] {processor.py:183} INFO - Processing /opt/airflow/dags/load_cb_courses.py took 0.671 seconds
[2026-02-26T18:02:01.271+0000] {processor.py:161} INFO - Started process (PID=7778) to work on /opt/airflow/dags/load_cb_courses.py
[2026-02-26T18:02:01.273+0000] {processor.py:830} INFO - Processing file /opt/airflow/dags/load_cb_courses.py for tasks to queue
[2026-02-26T18:02:01.275+0000] {logging_mixin.py:188} INFO - [2026-02-26T18:02:01.275+0000] {dagbag.py:545} INFO - Filling up the DagBag from /opt/airflow/dags/load_cb_courses.py
[2026-02-26T18:02:01.696+0000] {processor.py:840} INFO - DAG(s) 'load_cb_courses' retrieved from /opt/airflow/dags/load_cb_courses.py
[2026-02-26T18:02:01.726+0000] {logging_mixin.py:188} INFO - [2026-02-26T18:02:01.725+0000] {dag.py:3089} INFO - Sync 1 DAGs
[2026-02-26T18:02:01.756+0000] {logging_mixin.py:188} INFO - [2026-02-26T18:02:01.756+0000] {dag.py:3947} INFO - Setting next_dagrun for load_cb_courses to 2026-02-26 00:00:00+00:00, run_after=2026-02-27 00:00:00+00:00
[2026-02-26T18:02:01.808+0000] {processor.py:183} INFO - Processing /opt/airflow/dags/load_cb_courses.py took 0.543 seconds
[2026-02-26T18:02:32.248+0000] {processor.py:161} INFO - Started process (PID=7804) to work on /opt/airflow/dags/load_cb_courses.py
[2026-02-26T18:02:32.250+0000] {processor.py:830} INFO - Processing file /opt/airflow/dags/load_cb_courses.py for tasks to queue
[2026-02-26T18:02:32.253+0000] {logging_mixin.py:188} INFO - [2026-02-26T18:02:32.252+0000] {dagbag.py:545} INFO - Filling up the DagBag from /opt/airflow/dags/load_cb_courses.py
[2026-02-26T18:02:32.806+0000] {processor.py:840} INFO - DAG(s) 'load_cb_courses' retrieved from /opt/airflow/dags/load_cb_courses.py
[2026-02-26T18:02:32.835+0000] {logging_mixin.py:188} INFO - [2026-02-26T18:02:32.834+0000] {dag.py:3089} INFO - Sync 1 DAGs
[2026-02-26T18:02:32.859+0000] {logging_mixin.py:188} INFO - [2026-02-26T18:02:32.859+0000] {dag.py:3947} INFO - Setting next_dagrun for load_cb_courses to 2026-02-26 00:00:00+00:00, run_after=2026-02-27 00:00:00+00:00
[2026-02-26T18:02:32.886+0000] {processor.py:183} INFO - Processing /opt/airflow/dags/load_cb_courses.py took 0.648 seconds
[2026-02-26T18:03:03.464+0000] {processor.py:161} INFO - Started process (PID=7836) to work on /opt/airflow/dags/load_cb_courses.py
[2026-02-26T18:03:03.468+0000] {processor.py:830} INFO - Processing file /opt/airflow/dags/load_cb_courses.py for tasks to queue
[2026-02-26T18:03:03.472+0000] {logging_mixin.py:188} INFO - [2026-02-26T18:03:03.472+0000] {dagbag.py:545} INFO - Filling up the DagBag from /opt/airflow/dags/load_cb_courses.py
[2026-02-26T18:03:04.229+0000] {processor.py:840} INFO - DAG(s) 'load_cb_courses' retrieved from /opt/airflow/dags/load_cb_courses.py
[2026-02-26T18:03:04.294+0000] {logging_mixin.py:188} INFO - [2026-02-26T18:03:04.294+0000] {dag.py:3089} INFO - Sync 1 DAGs
[2026-02-26T18:03:04.353+0000] {logging_mixin.py:188} INFO - [2026-02-26T18:03:04.353+0000] {dag.py:3947} INFO - Setting next_dagrun for load_cb_courses to 2026-02-26 00:00:00+00:00, run_after=2026-02-27 00:00:00+00:00
[2026-02-26T18:03:04.455+0000] {processor.py:183} INFO - Processing /opt/airflow/dags/load_cb_courses.py took 1.008 seconds
[2026-02-26T18:03:34.804+0000] {processor.py:161} INFO - Started process (PID=7862) to work on /opt/airflow/dags/load_cb_courses.py
[2026-02-26T18:03:34.806+0000] {processor.py:830} INFO - Processing file /opt/airflow/dags/load_cb_courses.py for tasks to queue
[2026-02-26T18:03:34.808+0000] {logging_mixin.py:188} INFO - [2026-02-26T18:03:34.808+0000] {dagbag.py:545} INFO - Filling up the DagBag from /opt/airflow/dags/load_cb_courses.py
[2026-02-26T18:03:35.161+0000] {processor.py:840} INFO - DAG(s) 'load_cb_courses' retrieved from /opt/airflow/dags/load_cb_courses.py
[2026-02-26T18:03:35.195+0000] {logging_mixin.py:188} INFO - [2026-02-26T18:03:35.195+0000] {dag.py:3089} INFO - Sync 1 DAGs
[2026-02-26T18:03:35.229+0000] {logging_mixin.py:188} INFO - [2026-02-26T18:03:35.229+0000] {dag.py:3947} INFO - Setting next_dagrun for load_cb_courses to 2026-02-26 00:00:00+00:00, run_after=2026-02-27 00:00:00+00:00
[2026-02-26T18:03:35.259+0000] {processor.py:183} INFO - Processing /opt/airflow/dags/load_cb_courses.py took 0.462 seconds
[2026-02-26T18:04:05.674+0000] {processor.py:161} INFO - Started process (PID=7888) to work on /opt/airflow/dags/load_cb_courses.py
[2026-02-26T18:04:05.676+0000] {processor.py:830} INFO - Processing file /opt/airflow/dags/load_cb_courses.py for tasks to queue
[2026-02-26T18:04:05.680+0000] {logging_mixin.py:188} INFO - [2026-02-26T18:04:05.679+0000] {dagbag.py:545} INFO - Filling up the DagBag from /opt/airflow/dags/load_cb_courses.py
[2026-02-26T18:04:06.104+0000] {processor.py:840} INFO - DAG(s) 'load_cb_courses' retrieved from /opt/airflow/dags/load_cb_courses.py
[2026-02-26T18:04:06.139+0000] {logging_mixin.py:188} INFO - [2026-02-26T18:04:06.138+0000] {dag.py:3089} INFO - Sync 1 DAGs
[2026-02-26T18:04:06.170+0000] {logging_mixin.py:188} INFO - [2026-02-26T18:04:06.170+0000] {dag.py:3947} INFO - Setting next_dagrun for load_cb_courses to 2026-02-26 00:00:00+00:00, run_after=2026-02-27 00:00:00+00:00
[2026-02-26T18:04:06.199+0000] {processor.py:183} INFO - Processing /opt/airflow/dags/load_cb_courses.py took 0.534 seconds
[2026-02-26T18:04:36.560+0000] {processor.py:161} INFO - Started process (PID=7922) to work on /opt/airflow/dags/load_cb_courses.py
[2026-02-26T18:04:36.562+0000] {processor.py:830} INFO - Processing file /opt/airflow/dags/load_cb_courses.py for tasks to queue
[2026-02-26T18:04:36.566+0000] {logging_mixin.py:188} INFO - [2026-02-26T18:04:36.565+0000] {dagbag.py:545} INFO - Filling up the DagBag from /opt/airflow/dags/load_cb_courses.py
[2026-02-26T18:04:36.971+0000] {processor.py:840} INFO - DAG(s) 'load_cb_courses' retrieved from /opt/airflow/dags/load_cb_courses.py
[2026-02-26T18:04:37.006+0000] {logging_mixin.py:188} INFO - [2026-02-26T18:04:37.005+0000] {dag.py:3089} INFO - Sync 1 DAGs
[2026-02-26T18:04:37.034+0000] {logging_mixin.py:188} INFO - [2026-02-26T18:04:37.034+0000] {dag.py:3947} INFO - Setting next_dagrun for load_cb_courses to 2026-02-26 00:00:00+00:00, run_after=2026-02-27 00:00:00+00:00
[2026-02-26T18:04:36.637+0000] {processor.py:183} INFO - Processing /opt/airflow/dags/load_cb_courses.py took 0.517 seconds
[2026-02-26T18:05:07.299+0000] {processor.py:161} INFO - Started process (PID=7948) to work on /opt/airflow/dags/load_cb_courses.py
[2026-02-26T18:05:07.301+0000] {processor.py:830} INFO - Processing file /opt/airflow/dags/load_cb_courses.py for tasks to queue
[2026-02-26T18:05:07.306+0000] {logging_mixin.py:188} INFO - [2026-02-26T18:05:07.305+0000] {dagbag.py:545} INFO - Filling up the DagBag from /opt/airflow/dags/load_cb_courses.py
[2026-02-26T18:05:07.718+0000] {processor.py:840} INFO - DAG(s) 'load_cb_courses' retrieved from /opt/airflow/dags/load_cb_courses.py
[2026-02-26T18:05:07.759+0000] {logging_mixin.py:188} INFO - [2026-02-26T18:05:07.758+0000] {dag.py:3089} INFO - Sync 1 DAGs
[2026-02-26T18:05:07.787+0000] {logging_mixin.py:188} INFO - [2026-02-26T18:05:07.786+0000] {dag.py:3947} INFO - Setting next_dagrun for load_cb_courses to 2026-02-26 00:00:00+00:00, run_after=2026-02-27 00:00:00+00:00
[2026-02-26T18:05:07.817+0000] {processor.py:183} INFO - Processing /opt/airflow/dags/load_cb_courses.py took 0.525 seconds
[2026-02-26T18:05:38.145+0000] {processor.py:161} INFO - Started process (PID=7980) to work on /opt/airflow/dags/load_cb_courses.py
[2026-02-26T18:05:38.147+0000] {processor.py:830} INFO - Processing file /opt/airflow/dags/load_cb_courses.py for tasks to queue
[2026-02-26T18:05:38.149+0000] {logging_mixin.py:188} INFO - [2026-02-26T18:05:38.149+0000] {dagbag.py:545} INFO - Filling up the DagBag from /opt/airflow/dags/load_cb_courses.py
[2026-02-26T18:05:38.485+0000] {processor.py:840} INFO - DAG(s) 'load_cb_courses' retrieved from /opt/airflow/dags/load_cb_courses.py
[2026-02-26T18:05:38.510+0000] {logging_mixin.py:188} INFO - [2026-02-26T18:05:38.510+0000] {dag.py:3089} INFO - Sync 1 DAGs
[2026-02-26T18:05:38.534+0000] {logging_mixin.py:188} INFO - [2026-02-26T18:05:38.534+0000] {dag.py:3947} INFO - Setting next_dagrun for load_cb_courses to 2026-02-26 00:00:00+00:00, run_after=2026-02-27 00:00:00+00:00
[2026-02-26T18:05:38.557+0000] {processor.py:183} INFO - Processing /opt/airflow/dags/load_cb_courses.py took 0.420 seconds
[2026-02-26T18:06:08.919+0000] {processor.py:161} INFO - Started process (PID=8006) to work on /opt/airflow/dags/load_cb_courses.py
[2026-02-26T18:06:08.921+0000] {processor.py:830} INFO - Processing file /opt/airflow/dags/load_cb_courses.py for tasks to queue
[2026-02-26T18:06:08.923+0000] {logging_mixin.py:188} INFO - [2026-02-26T18:06:08.923+0000] {dagbag.py:545} INFO - Filling up the DagBag from /opt/airflow/dags/load_cb_courses.py
[2026-02-26T18:06:09.238+0000] {processor.py:840} INFO - DAG(s) 'load_cb_courses' retrieved from /opt/airflow/dags/load_cb_courses.py
[2026-02-26T18:06:09.264+0000] {logging_mixin.py:188} INFO - [2026-02-26T18:06:09.263+0000] {dag.py:3089} INFO - Sync 1 DAGs
[2026-02-26T18:06:09.287+0000] {logging_mixin.py:188} INFO - [2026-02-26T18:06:09.287+0000] {dag.py:3947} INFO - Setting next_dagrun for load_cb_courses to 2026-02-26 00:00:00+00:00, run_after=2026-02-27 00:00:00+00:00
[2026-02-26T18:06:09.306+0000] {processor.py:183} INFO - Processing /opt/airflow/dags/load_cb_courses.py took 0.393 seconds
[2026-02-26T18:06:39.630+0000] {processor.py:161} INFO - Started process (PID=8038) to work on /opt/airflow/dags/load_cb_courses.py
[2026-02-26T18:06:39.632+0000] {processor.py:830} INFO - Processing file /opt/airflow/dags/load_cb_courses.py for tasks to queue
[2026-02-26T18:06:39.634+0000] {logging_mixin.py:188} INFO - [2026-02-26T18:06:39.633+0000] {dagbag.py:545} INFO - Filling up the DagBag from /opt/airflow/dags/load_cb_courses.py
[2026-02-26T18:06:39.939+0000] {processor.py:840} INFO - DAG(s) 'load_cb_courses' retrieved from /opt/airflow/dags/load_cb_courses.py
[2026-02-26T18:06:39.963+0000] {logging_mixin.py:188} INFO - [2026-02-26T18:06:39.963+0000] {dag.py:3089} INFO - Sync 1 DAGs
[2026-02-26T18:06:39.984+0000] {logging_mixin.py:188} INFO - [2026-02-26T18:06:39.984+0000] {dag.py:3947} INFO - Setting next_dagrun for load_cb_courses to 2026-02-26 00:00:00+00:00, run_after=2026-02-27 00:00:00+00:00
[2026-02-26T18:06:40.004+0000] {processor.py:183} INFO - Processing /opt/airflow/dags/load_cb_courses.py took 0.380 seconds
[2026-02-26T18:07:10.311+0000] {processor.py:161} INFO - Started process (PID=8064) to work on /opt/airflow/dags/load_cb_courses.py
[2026-02-26T18:07:10.313+0000] {processor.py:830} INFO - Processing file /opt/airflow/dags/load_cb_courses.py for tasks to queue
[2026-02-26T18:07:10.315+0000] {logging_mixin.py:188} INFO - [2026-02-26T18:07:10.315+0000] {dagbag.py:545} INFO - Filling up the DagBag from /opt/airflow/dags/load_cb_courses.py
[2026-02-26T18:07:10.630+0000] {processor.py:840} INFO - DAG(s) 'load_cb_courses' retrieved from /opt/airflow/dags/load_cb_courses.py
[2026-02-26T18:07:10.656+0000] {logging_mixin.py:188} INFO - [2026-02-26T18:07:10.655+0000] {dag.py:3089} INFO - Sync 1 DAGs
[2026-02-26T18:07:10.681+0000] {logging_mixin.py:188} INFO - [2026-02-26T18:07:10.680+0000] {dag.py:3947} INFO - Setting next_dagrun for load_cb_courses to 2026-02-26 00:00:00+00:00, run_after=2026-02-27 00:00:00+00:00
[2026-02-26T18:07:10.702+0000] {processor.py:183} INFO - Processing /opt/airflow/dags/load_cb_courses.py took 0.398 seconds
[2026-02-26T18:07:41.029+0000] {processor.py:161} INFO - Started process (PID=8096) to work on /opt/airflow/dags/load_cb_courses.py
[2026-02-26T18:07:41.031+0000] {processor.py:830} INFO - Processing file /opt/airflow/dags/load_cb_courses.py for tasks to queue
[2026-02-26T18:07:41.035+0000] {logging_mixin.py:188} INFO - [2026-02-26T18:07:41.034+0000] {dagbag.py:545} INFO - Filling up the DagBag from /opt/airflow/dags/load_cb_courses.py
[2026-02-26T18:07:41.442+0000] {processor.py:840} INFO - DAG(s) 'load_cb_courses' retrieved from /opt/airflow/dags/load_cb_courses.py
[2026-02-26T18:07:41.487+0000] {logging_mixin.py:188} INFO - [2026-02-26T18:07:41.486+0000] {dag.py:3089} INFO - Sync 1 DAGs
[2026-02-26T18:07:41.527+0000] {logging_mixin.py:188} INFO - [2026-02-26T18:07:41.527+0000] {dag.py:3947} INFO - Setting next_dagrun for load_cb_courses to 2026-02-26 00:00:00+00:00, run_after=2026-02-27 00:00:00+00:00
[2026-02-26T18:07:41.553+0000] {processor.py:183} INFO - Processing /opt/airflow/dags/load_cb_courses.py took 0.533 seconds
[2026-02-26T18:08:11.844+0000] {processor.py:161} INFO - Started process (PID=8123) to work on /opt/airflow/dags/load_cb_courses.py
[2026-02-26T18:08:11.846+0000] {processor.py:830} INFO - Processing file /opt/airflow/dags/load_cb_courses.py for tasks to queue
[2026-02-26T18:08:11.848+0000] {logging_mixin.py:188} INFO - [2026-02-26T18:08:11.848+0000] {dagbag.py:545} INFO - Filling up the DagBag from /opt/airflow/dags/load_cb_courses.py
[2026-02-26T18:08:12.157+0000] {processor.py:840} INFO - DAG(s) 'load_cb_courses' retrieved from /opt/airflow/dags/load_cb_courses.py
[2026-02-26T18:08:12.181+0000] {logging_mixin.py:188} INFO - [2026-02-26T18:08:12.180+0000] {dag.py:3089} INFO - Sync 1 DAGs
[2026-02-26T18:08:12.203+0000] {logging_mixin.py:188} INFO - [2026-02-26T18:08:12.203+0000] {dag.py:3947} INFO - Setting next_dagrun for load_cb_courses to 2026-02-26 00:00:00+00:00, run_after=2026-02-27 00:00:00+00:00
[2026-02-26T18:08:12.223+0000] {processor.py:183} INFO - Processing /opt/airflow/dags/load_cb_courses.py took 0.385 seconds
[2026-02-26T18:08:42.512+0000] {processor.py:161} INFO - Started process (PID=8148) to work on /opt/airflow/dags/load_cb_courses.py
[2026-02-26T18:08:42.513+0000] {processor.py:830} INFO - Processing file /opt/airflow/dags/load_cb_courses.py for tasks to queue
[2026-02-26T18:08:42.516+0000] {logging_mixin.py:188} INFO - [2026-02-26T18:08:42.515+0000] {dagbag.py:545} INFO - Filling up the DagBag from /opt/airflow/dags/load_cb_courses.py
[2026-02-26T18:08:42.862+0000] {processor.py:840} INFO - DAG(s) 'load_cb_courses' retrieved from /opt/airflow/dags/load_cb_courses.py
[2026-02-26T18:08:42.893+0000] {logging_mixin.py:188} INFO - [2026-02-26T18:08:42.892+0000] {dag.py:3089} INFO - Sync 1 DAGs
[2026-02-26T18:08:42.918+0000] {logging_mixin.py:188} INFO - [2026-02-26T18:08:42.917+0000] {dag.py:3947} INFO - Setting next_dagrun for load_cb_courses to 2026-02-26 00:00:00+00:00, run_after=2026-02-27 00:00:00+00:00
[2026-02-26T18:08:42.946+0000] {processor.py:183} INFO - Processing /opt/airflow/dags/load_cb_courses.py took 0.445 seconds
[2026-02-26T18:09:13.334+0000] {processor.py:161} INFO - Started process (PID=8182) to work on /opt/airflow/dags/load_cb_courses.py
[2026-02-26T18:09:13.335+0000] {processor.py:830} INFO - Processing file /opt/airflow/dags/load_cb_courses.py for tasks to queue
[2026-02-26T18:09:13.338+0000] {logging_mixin.py:188} INFO - [2026-02-26T18:09:13.337+0000] {dagbag.py:545} INFO - Filling up the DagBag from /opt/airflow/dags/load_cb_courses.py
[2026-02-26T18:09:13.652+0000] {processor.py:840} INFO - DAG(s) 'load_cb_courses' retrieved from /opt/airflow/dags/load_cb_courses.py
[2026-02-26T18:09:13.677+0000] {logging_mixin.py:188} INFO - [2026-02-26T18:09:13.676+0000] {dag.py:3089} INFO - Sync 1 DAGs
[2026-02-26T18:09:13.699+0000] {logging_mixin.py:188} INFO - [2026-02-26T18:09:13.699+0000] {dag.py:3947} INFO - Setting next_dagrun for load_cb_courses to 2026-02-26 00:00:00+00:00, run_after=2026-02-27 00:00:00+00:00
[2026-02-26T18:09:13.723+0000] {processor.py:183} INFO - Processing /opt/airflow/dags/load_cb_courses.py took 0.395 seconds
[2026-02-26T18:09:43.983+0000] {processor.py:161} INFO - Started process (PID=8208) to work on /opt/airflow/dags/load_cb_courses.py
[2026-02-26T18:09:43.985+0000] {processor.py:830} INFO - Processing file /opt/airflow/dags/load_cb_courses.py for tasks to queue
[2026-02-26T18:09:43.987+0000] {logging_mixin.py:188} INFO - [2026-02-26T18:09:43.986+0000] {dagbag.py:545} INFO - Filling up the DagBag from /opt/airflow/dags/load_cb_courses.py
[2026-02-26T18:09:44.328+0000] {processor.py:840} INFO - DAG(s) 'load_cb_courses' retrieved from /opt/airflow/dags/load_cb_courses.py
[2026-02-26T18:09:44.356+0000] {logging_mixin.py:188} INFO - [2026-02-26T18:09:44.356+0000] {dag.py:3089} INFO - Sync 1 DAGs
[2026-02-26T18:09:44.381+0000] {logging_mixin.py:188} INFO - [2026-02-26T18:09:44.380+0000] {dag.py:3947} INFO - Setting next_dagrun for load_cb_courses to 2026-02-26 00:00:00+00:00, run_after=2026-02-27 00:00:00+00:00
[2026-02-26T18:09:44.403+0000] {processor.py:183} INFO - Processing /opt/airflow/dags/load_cb_courses.py took 0.427 seconds
[2026-02-26T18:10:15.269+0000] {processor.py:161} INFO - Started process (PID=8242) to work on /opt/airflow/dags/load_cb_courses.py
[2026-02-26T18:10:15.271+0000] {processor.py:830} INFO - Processing file /opt/airflow/dags/load_cb_courses.py for tasks to queue
[2026-02-26T18:10:15.273+0000] {logging_mixin.py:188} INFO - [2026-02-26T18:10:15.273+0000] {dagbag.py:545} INFO - Filling up the DagBag from /opt/airflow/dags/load_cb_courses.py
[2026-02-26T18:10:15.596+0000] {processor.py:840} INFO - DAG(s) 'load_cb_courses' retrieved from /opt/airflow/dags/load_cb_courses.py
[2026-02-26T18:10:15.625+0000] {logging_mixin.py:188} INFO - [2026-02-26T18:10:15.624+0000] {dag.py:3089} INFO - Sync 1 DAGs
[2026-02-26T18:10:15.653+0000] {logging_mixin.py:188} INFO - [2026-02-26T18:10:15.652+0000] {dag.py:3947} INFO - Setting next_dagrun for load_cb_courses to 2026-02-26 00:00:00+00:00, run_after=2026-02-27 00:00:00+00:00
[2026-02-26T18:10:15.682+0000] {processor.py:183} INFO - Processing /opt/airflow/dags/load_cb_courses.py took 0.419 seconds
[2026-02-26T18:10:46.338+0000] {processor.py:161} INFO - Started process (PID=8268) to work on /opt/airflow/dags/load_cb_courses.py
[2026-02-26T18:10:46.340+0000] {processor.py:830} INFO - Processing file /opt/airflow/dags/load_cb_courses.py for tasks to queue
[2026-02-26T18:10:46.342+0000] {logging_mixin.py:188} INFO - [2026-02-26T18:10:46.342+0000] {dagbag.py:545} INFO - Filling up the DagBag from /opt/airflow/dags/load_cb_courses.py
[2026-02-26T18:10:46.662+0000] {processor.py:840} INFO - DAG(s) 'load_cb_courses' retrieved from /opt/airflow/dags/load_cb_courses.py
[2026-02-26T18:10:46.686+0000] {logging_mixin.py:188} INFO - [2026-02-26T18:10:46.685+0000] {dag.py:3089} INFO - Sync 1 DAGs
[2026-02-26T18:10:46.709+0000] {logging_mixin.py:188} INFO - [2026-02-26T18:10:46.709+0000] {dag.py:3947} INFO - Setting next_dagrun for load_cb_courses to 2026-02-26 00:00:00+00:00, run_after=2026-02-27 00:00:00+00:00
[2026-02-26T18:10:46.731+0000] {processor.py:183} INFO - Processing /opt/airflow/dags/load_cb_courses.py took 0.399 seconds
[2026-02-26T18:11:17.042+0000] {processor.py:161} INFO - Started process (PID=8301) to work on /opt/airflow/dags/load_cb_courses.py
[2026-02-26T18:11:17.043+0000] {processor.py:830} INFO - Processing file /opt/airflow/dags/load_cb_courses.py for tasks to queue
[2026-02-26T18:11:17.046+0000] {logging_mixin.py:188} INFO - [2026-02-26T18:11:17.045+0000] {dagbag.py:545} INFO - Filling up the DagBag from /opt/airflow/dags/load_cb_courses.py
[2026-02-26T18:11:17.353+0000] {processor.py:840} INFO - DAG(s) 'load_cb_courses' retrieved from /opt/airflow/dags/load_cb_courses.py
[2026-02-26T18:11:17.379+0000] {logging_mixin.py:188} INFO - [2026-02-26T18:11:17.378+0000] {dag.py:3089} INFO - Sync 1 DAGs
[2026-02-26T18:11:17.400+0000] {logging_mixin.py:188} INFO - [2026-02-26T18:11:17.400+0000] {dag.py:3947} INFO - Setting next_dagrun for load_cb_courses to 2026-02-26 00:00:00+00:00, run_after=2026-02-27 00:00:00+00:00
[2026-02-26T18:11:17.420+0000] {processor.py:183} INFO - Processing /opt/airflow/dags/load_cb_courses.py took 0.384 seconds
[2026-02-26T18:11:47.742+0000] {processor.py:161} INFO - Started process (PID=8327) to work on /opt/airflow/dags/load_cb_courses.py
[2026-02-26T18:11:47.743+0000] {processor.py:830} INFO - Processing file /opt/airflow/dags/load_cb_courses.py for tasks to queue
[2026-02-26T18:11:47.745+0000] {logging_mixin.py:188} INFO - [2026-02-26T18:11:47.745+0000] {dagbag.py:545} INFO - Filling up the DagBag from /opt/airflow/dags/load_cb_courses.py
[2026-02-26T18:11:48.075+0000] {processor.py:840} INFO - DAG(s) 'load_cb_courses' retrieved from /opt/airflow/dags/load_cb_courses.py
[2026-02-26T18:11:48.100+0000] {logging_mixin.py:188} INFO - [2026-02-26T18:11:48.100+0000] {dag.py:3089} INFO - Sync 1 DAGs
[2026-02-26T18:11:48.123+0000] {logging_mixin.py:188} INFO - [2026-02-26T18:11:48.123+0000] {dag.py:3947} INFO - Setting next_dagrun for load_cb_courses to 2026-02-26 00:00:00+00:00, run_after=2026-02-27 00:00:00+00:00
[2026-02-26T18:11:48.144+0000] {processor.py:183} INFO - Processing /opt/airflow/dags/load_cb_courses.py took 0.408 seconds
[2026-02-26T18:12:18.443+0000] {processor.py:161} INFO - Started process (PID=8360) to work on /opt/airflow/dags/load_cb_courses.py
[2026-02-26T18:12:18.444+0000] {processor.py:830} INFO - Processing file /opt/airflow/dags/load_cb_courses.py for tasks to queue
[2026-02-26T18:12:18.446+0000] {logging_mixin.py:188} INFO - [2026-02-26T18:12:18.446+0000] {dagbag.py:545} INFO - Filling up the DagBag from /opt/airflow/dags/load_cb_courses.py
[2026-02-26T18:12:18.751+0000] {processor.py:840} INFO - DAG(s) 'load_cb_courses' retrieved from /opt/airflow/dags/load_cb_courses.py
[2026-02-26T18:12:18.777+0000] {logging_mixin.py:188} INFO - [2026-02-26T18:12:18.777+0000] {dag.py:3089} INFO - Sync 1 DAGs
[2026-02-26T18:12:18.801+0000] {logging_mixin.py:188} INFO - [2026-02-26T18:12:18.801+0000] {dag.py:3947} INFO - Setting next_dagrun for load_cb_courses to 2026-02-26 00:00:00+00:00, run_after=2026-02-27 00:00:00+00:00
[2026-02-26T18:12:18.821+0000] {processor.py:183} INFO - Processing /opt/airflow/dags/load_cb_courses.py took 0.384 seconds
[2026-02-26T18:12:49.169+0000] {processor.py:161} INFO - Started process (PID=8386) to work on /opt/airflow/dags/load_cb_courses.py
[2026-02-26T18:12:49.171+0000] {processor.py:830} INFO - Processing file /opt/airflow/dags/load_cb_courses.py for tasks to queue
[2026-02-26T18:12:49.175+0000] {logging_mixin.py:188} INFO - [2026-02-26T18:12:49.174+0000] {dagbag.py:545} INFO - Filling up the DagBag from /opt/airflow/dags/load_cb_courses.py
[2026-02-26T18:12:49.661+0000] {processor.py:840} INFO - DAG(s) 'load_cb_courses' retrieved from /opt/airflow/dags/load_cb_courses.py
[2026-02-26T18:12:49.695+0000] {logging_mixin.py:188} INFO - [2026-02-26T18:12:49.694+0000] {dag.py:3089} INFO - Sync 1 DAGs
[2026-02-26T18:12:49.726+0000] {logging_mixin.py:188} INFO - [2026-02-26T18:12:49.726+0000] {dag.py:3947} INFO - Setting next_dagrun for load_cb_courses to 2026-02-26 00:00:00+00:00, run_after=2026-02-27 00:00:00+00:00
[2026-02-26T18:12:49.751+0000] {processor.py:183} INFO - Processing /opt/airflow/dags/load_cb_courses.py took 0.593 seconds
[2026-02-26T18:13:20.055+0000] {processor.py:161} INFO - Started process (PID=8419) to work on /opt/airflow/dags/load_cb_courses.py
[2026-02-26T18:13:20.057+0000] {processor.py:830} INFO - Processing file /opt/airflow/dags/load_cb_courses.py for tasks to queue
[2026-02-26T18:13:20.059+0000] {logging_mixin.py:188} INFO - [2026-02-26T18:13:20.059+0000] {dagbag.py:545} INFO - Filling up the DagBag from /opt/airflow/dags/load_cb_courses.py
[2026-02-26T18:13:20.382+0000] {processor.py:840} INFO - DAG(s) 'load_cb_courses' retrieved from /opt/airflow/dags/load_cb_courses.py
[2026-02-26T18:13:20.407+0000] {logging_mixin.py:188} INFO - [2026-02-26T18:13:20.407+0000] {dag.py:3089} INFO - Sync 1 DAGs
[2026-02-26T18:13:20.428+0000] {logging_mixin.py:188} INFO - [2026-02-26T18:13:20.428+0000] {dag.py:3947} INFO - Setting next_dagrun for load_cb_courses to 2026-02-26 00:00:00+00:00, run_after=2026-02-27 00:00:00+00:00
[2026-02-26T18:13:20.447+0000] {processor.py:183} INFO - Processing /opt/airflow/dags/load_cb_courses.py took 0.408 seconds
[2026-02-26T18:13:50.730+0000] {processor.py:161} INFO - Started process (PID=8445) to work on /opt/airflow/dags/load_cb_courses.py
[2026-02-26T18:13:50.732+0000] {processor.py:830} INFO - Processing file /opt/airflow/dags/load_cb_courses.py for tasks to queue
[2026-02-26T18:13:50.734+0000] {logging_mixin.py:188} INFO - [2026-02-26T18:13:50.733+0000] {dagbag.py:545} INFO - Filling up the DagBag from /opt/airflow/dags/load_cb_courses.py
[2026-02-26T18:13:51.043+0000] {processor.py:840} INFO - DAG(s) 'load_cb_courses' retrieved from /opt/airflow/dags/load_cb_courses.py
[2026-02-26T18:13:51.068+0000] {logging_mixin.py:188} INFO - [2026-02-26T18:13:51.067+0000] {dag.py:3089} INFO - Sync 1 DAGs
[2026-02-26T18:13:51.090+0000] {logging_mixin.py:188} INFO - [2026-02-26T18:13:51.090+0000] {dag.py:3947} INFO - Setting next_dagrun for load_cb_courses to 2026-02-26 00:00:00+00:00, run_after=2026-02-27 00:00:00+00:00
[2026-02-26T18:13:51.112+0000] {processor.py:183} INFO - Processing /opt/airflow/dags/load_cb_courses.py took 0.387 seconds
[2026-02-26T18:14:21.454+0000] {processor.py:161} INFO - Started process (PID=8478) to work on /opt/airflow/dags/load_cb_courses.py
[2026-02-26T18:14:21.456+0000] {processor.py:830} INFO - Processing file /opt/airflow/dags/load_cb_courses.py for tasks to queue
[2026-02-26T18:14:21.459+0000] {logging_mixin.py:188} INFO - [2026-02-26T18:14:21.458+0000] {dagbag.py:545} INFO - Filling up the DagBag from /opt/airflow/dags/load_cb_courses.py
[2026-02-26T18:14:22.069+0000] {processor.py:840} INFO - DAG(s) 'load_cb_courses' retrieved from /opt/airflow/dags/load_cb_courses.py
[2026-02-26T18:14:22.102+0000] {logging_mixin.py:188} INFO - [2026-02-26T18:14:22.101+0000] {dag.py:3089} INFO - Sync 1 DAGs
[2026-02-26T18:14:22.134+0000] {logging_mixin.py:188} INFO - [2026-02-26T18:14:22.134+0000] {dag.py:3947} INFO - Setting next_dagrun for load_cb_courses to 2026-02-26 00:00:00+00:00, run_after=2026-02-27 00:00:00+00:00
[2026-02-26T18:14:22.207+0000] {processor.py:183} INFO - Processing /opt/airflow/dags/load_cb_courses.py took 0.762 seconds
[2026-02-26T18:14:52.497+0000] {processor.py:161} INFO - Started process (PID=8504) to work on /opt/airflow/dags/load_cb_courses.py
[2026-02-26T18:14:52.499+0000] {processor.py:830} INFO - Processing file /opt/airflow/dags/load_cb_courses.py for tasks to queue
[2026-02-26T18:14:52.503+0000] {logging_mixin.py:188} INFO - [2026-02-26T18:14:52.502+0000] {dagbag.py:545} INFO - Filling up the DagBag from /opt/airflow/dags/load_cb_courses.py
[2026-02-26T18:14:52.997+0000] {processor.py:840} INFO - DAG(s) 'load_cb_courses' retrieved from /opt/airflow/dags/load_cb_courses.py
[2026-02-26T18:14:53.025+0000] {logging_mixin.py:188} INFO - [2026-02-26T18:14:53.025+0000] {dag.py:3089} INFO - Sync 1 DAGs
[2026-02-26T18:14:53.050+0000] {logging_mixin.py:188} INFO - [2026-02-26T18:14:53.050+0000] {dag.py:3947} INFO - Setting next_dagrun for load_cb_courses to 2026-02-26 00:00:00+00:00, run_after=2026-02-27 00:00:00+00:00
[2026-02-26T18:14:53.080+0000] {processor.py:183} INFO - Processing /opt/airflow/dags/load_cb_courses.py took 0.589 seconds
[2026-02-26T18:15:23.388+0000] {processor.py:161} INFO - Started process (PID=8538) to work on /opt/airflow/dags/load_cb_courses.py
[2026-02-26T18:15:23.390+0000] {processor.py:830} INFO - Processing file /opt/airflow/dags/load_cb_courses.py for tasks to queue
[2026-02-26T18:15:23.393+0000] {logging_mixin.py:188} INFO - [2026-02-26T18:15:23.392+0000] {dagbag.py:545} INFO - Filling up the DagBag from /opt/airflow/dags/load_cb_courses.py
[2026-02-26T18:15:23.734+0000] {processor.py:840} INFO - DAG(s) 'load_cb_courses' retrieved from /opt/airflow/dags/load_cb_courses.py
[2026-02-26T18:15:23.761+0000] {logging_mixin.py:188} INFO - [2026-02-26T18:15:23.760+0000] {dag.py:3089} INFO - Sync 1 DAGs
[2026-02-26T18:15:23.785+0000] {logging_mixin.py:188} INFO - [2026-02-26T18:15:23.785+0000] {dag.py:3947} INFO - Setting next_dagrun for load_cb_courses to 2026-02-26 00:00:00+00:00, run_after=2026-02-27 00:00:00+00:00
[2026-02-26T18:15:23.814+0000] {processor.py:183} INFO - Processing /opt/airflow/dags/load_cb_courses.py took 0.433 seconds
[2026-02-26T18:15:54.091+0000] {processor.py:161} INFO - Started process (PID=8564) to work on /opt/airflow/dags/load_cb_courses.py
[2026-02-26T18:15:54.092+0000] {processor.py:830} INFO - Processing file /opt/airflow/dags/load_cb_courses.py for tasks to queue
[2026-02-26T18:15:54.095+0000] {logging_mixin.py:188} INFO - [2026-02-26T18:15:54.095+0000] {dagbag.py:545} INFO - Filling up the DagBag from /opt/airflow/dags/load_cb_courses.py
[2026-02-26T18:15:54.467+0000] {processor.py:840} INFO - DAG(s) 'load_cb_courses' retrieved from /opt/airflow/dags/load_cb_courses.py
[2026-02-26T18:15:54.499+0000] {logging_mixin.py:188} INFO - [2026-02-26T18:15:54.498+0000] {dag.py:3089} INFO - Sync 1 DAGs
[2026-02-26T18:15:54.525+0000] {logging_mixin.py:188} INFO - [2026-02-26T18:15:54.525+0000] {dag.py:3947} INFO - Setting next_dagrun for load_cb_courses to 2026-02-26 00:00:00+00:00, run_after=2026-02-27 00:00:00+00:00
[2026-02-26T18:15:54.552+0000] {processor.py:183} INFO - Processing /opt/airflow/dags/load_cb_courses.py took 0.469 seconds
[2026-02-26T18:16:24.850+0000] {processor.py:161} INFO - Started process (PID=8596) to work on /opt/airflow/dags/load_cb_courses.py
[2026-02-26T18:16:24.852+0000] {processor.py:830} INFO - Processing file /opt/airflow/dags/load_cb_courses.py for tasks to queue
[2026-02-26T18:16:24.856+0000] {logging_mixin.py:188} INFO - [2026-02-26T18:16:24.855+0000] {dagbag.py:545} INFO - Filling up the DagBag from /opt/airflow/dags/load_cb_courses.py
[2026-02-26T18:16:25.209+0000] {processor.py:840} INFO - DAG(s) 'load_cb_courses' retrieved from /opt/airflow/dags/load_cb_courses.py
[2026-02-26T18:16:25.237+0000] {logging_mixin.py:188} INFO - [2026-02-26T18:16:25.237+0000] {dag.py:3089} INFO - Sync 1 DAGs
[2026-02-26T18:16:25.265+0000] {logging_mixin.py:188} INFO - [2026-02-26T18:16:25.265+0000] {dag.py:3947} INFO - Setting next_dagrun for load_cb_courses to 2026-02-26 00:00:00+00:00, run_after=2026-02-27 00:00:00+00:00
[2026-02-26T18:16:25.291+0000] {processor.py:183} INFO - Processing /opt/airflow/dags/load_cb_courses.py took 0.447 seconds
[2026-02-26T18:16:55.666+0000] {processor.py:161} INFO - Started process (PID=8622) to work on /opt/airflow/dags/load_cb_courses.py
[2026-02-26T18:16:55.668+0000] {processor.py:830} INFO - Processing file /opt/airflow/dags/load_cb_courses.py for tasks to queue
[2026-02-26T18:16:55.671+0000] {logging_mixin.py:188} INFO - [2026-02-26T18:16:55.670+0000] {dagbag.py:545} INFO - Filling up the DagBag from /opt/airflow/dags/load_cb_courses.py
[2026-02-26T18:16:55.998+0000] {processor.py:840} INFO - DAG(s) 'load_cb_courses' retrieved from /opt/airflow/dags/load_cb_courses.py
[2026-02-26T18:16:56.030+0000] {logging_mixin.py:188} INFO - [2026-02-26T18:16:56.030+0000] {dag.py:3089} INFO - Sync 1 DAGs
[2026-02-26T18:16:56.057+0000] {logging_mixin.py:188} INFO - [2026-02-26T18:16:56.056+0000] {dag.py:3947} INFO - Setting next_dagrun for load_cb_courses to 2026-02-26 00:00:00+00:00, run_after=2026-02-27 00:00:00+00:00
[2026-02-26T18:16:56.088+0000] {processor.py:183} INFO - Processing /opt/airflow/dags/load_cb_courses.py took 0.429 seconds
[2026-02-26T18:17:26.400+0000] {processor.py:161} INFO - Started process (PID=8650) to work on /opt/airflow/dags/load_cb_courses.py
[2026-02-26T18:17:26.402+0000] {processor.py:830} INFO - Processing file /opt/airflow/dags/load_cb_courses.py for tasks to queue
[2026-02-26T18:17:26.405+0000] {logging_mixin.py:188} INFO - [2026-02-26T18:17:26.404+0000] {dagbag.py:545} INFO - Filling up the DagBag from /opt/airflow/dags/load_cb_courses.py
[2026-02-26T18:17:26.738+0000] {processor.py:840} INFO - DAG(s) 'load_cb_courses' retrieved from /opt/airflow/dags/load_cb_courses.py
[2026-02-26T18:17:26.765+0000] {logging_mixin.py:188} INFO - [2026-02-26T18:17:26.764+0000] {dag.py:3089} INFO - Sync 1 DAGs
[2026-02-26T18:17:26.788+0000] {logging_mixin.py:188} INFO - [2026-02-26T18:17:26.788+0000] {dag.py:3947} INFO - Setting next_dagrun for load_cb_courses to 2026-02-26 00:00:00+00:00, run_after=2026-02-27 00:00:00+00:00
[2026-02-26T18:17:26.810+0000] {processor.py:183} INFO - Processing /opt/airflow/dags/load_cb_courses.py took 0.418 seconds
[2026-02-26T18:17:57.173+0000] {processor.py:161} INFO - Started process (PID=8682) to work on /opt/airflow/dags/load_cb_courses.py
[2026-02-26T18:17:57.174+0000] {processor.py:830} INFO - Processing file /opt/airflow/dags/load_cb_courses.py for tasks to queue
[2026-02-26T18:17:57.178+0000] {logging_mixin.py:188} INFO - [2026-02-26T18:17:57.178+0000] {dagbag.py:545} INFO - Filling up the DagBag from /opt/airflow/dags/load_cb_courses.py
[2026-02-26T18:17:57.682+0000] {processor.py:840} INFO - DAG(s) 'load_cb_courses' retrieved from /opt/airflow/dags/load_cb_courses.py
[2026-02-26T18:17:57.724+0000] {logging_mixin.py:188} INFO - [2026-02-26T18:17:57.723+0000] {dag.py:3089} INFO - Sync 1 DAGs
[2026-02-26T18:17:57.758+0000] {logging_mixin.py:188} INFO - [2026-02-26T18:17:57.758+0000] {dag.py:3947} INFO - Setting next_dagrun for load_cb_courses to 2026-02-26 00:00:00+00:00, run_after=2026-02-27 00:00:00+00:00
[2026-02-26T18:17:57.791+0000] {processor.py:183} INFO - Processing /opt/airflow/dags/load_cb_courses.py took 0.629 seconds
[2026-02-26T18:18:27.860+0000] {processor.py:161} INFO - Started process (PID=8708) to work on /opt/airflow/dags/load_cb_courses.py
[2026-02-26T18:18:27.861+0000] {processor.py:830} INFO - Processing file /opt/airflow/dags/load_cb_courses.py for tasks to queue
[2026-02-26T18:18:27.863+0000] {logging_mixin.py:188} INFO - [2026-02-26T18:18:27.863+0000] {dagbag.py:545} INFO - Filling up the DagBag from /opt/airflow/dags/load_cb_courses.py
[2026-02-26T18:18:28.184+0000] {processor.py:840} INFO - DAG(s) 'load_cb_courses' retrieved from /opt/airflow/dags/load_cb_courses.py
[2026-02-26T18:18:28.210+0000] {logging_mixin.py:188} INFO - [2026-02-26T18:18:28.210+0000] {dag.py:3089} INFO - Sync 1 DAGs
[2026-02-26T18:18:28.234+0000] {logging_mixin.py:188} INFO - [2026-02-26T18:18:28.234+0000] {dag.py:3947} INFO - Setting next_dagrun for load_cb_courses to 2026-02-26 00:00:00+00:00, run_after=2026-02-27 00:00:00+00:00
[2026-02-26T18:18:28.260+0000] {processor.py:183} INFO - Processing /opt/airflow/dags/load_cb_courses.py took 0.407 seconds
[2026-02-26T18:18:59.171+0000] {processor.py:161} INFO - Started process (PID=8741) to work on /opt/airflow/dags/load_cb_courses.py
[2026-02-26T18:18:59.173+0000] {processor.py:830} INFO - Processing file /opt/airflow/dags/load_cb_courses.py for tasks to queue
[2026-02-26T18:18:59.175+0000] {logging_mixin.py:188} INFO - [2026-02-26T18:18:59.175+0000] {dagbag.py:545} INFO - Filling up the DagBag from /opt/airflow/dags/load_cb_courses.py
[2026-02-26T18:18:59.540+0000] {processor.py:840} INFO - DAG(s) 'load_cb_courses' retrieved from /opt/airflow/dags/load_cb_courses.py
[2026-02-26T18:18:59.583+0000] {logging_mixin.py:188} INFO - [2026-02-26T18:18:59.582+0000] {dag.py:3089} INFO - Sync 1 DAGs
[2026-02-26T18:18:59.611+0000] {logging_mixin.py:188} INFO - [2026-02-26T18:18:59.611+0000] {dag.py:3947} INFO - Setting next_dagrun for load_cb_courses to 2026-02-26 00:00:00+00:00, run_after=2026-02-27 00:00:00+00:00
[2026-02-26T18:18:59.639+0000] {processor.py:183} INFO - Processing /opt/airflow/dags/load_cb_courses.py took 0.481 seconds
[2026-02-26T18:19:30.018+0000] {processor.py:161} INFO - Started process (PID=8767) to work on /opt/airflow/dags/load_cb_courses.py
[2026-02-26T18:19:30.020+0000] {processor.py:830} INFO - Processing file /opt/airflow/dags/load_cb_courses.py for tasks to queue
[2026-02-26T18:19:30.023+0000] {logging_mixin.py:188} INFO - [2026-02-26T18:19:30.023+0000] {dagbag.py:545} INFO - Filling up the DagBag from /opt/airflow/dags/load_cb_courses.py
[2026-02-26T18:19:30.457+0000] {processor.py:840} INFO - DAG(s) 'load_cb_courses' retrieved from /opt/airflow/dags/load_cb_courses.py
[2026-02-26T18:19:30.497+0000] {logging_mixin.py:188} INFO - [2026-02-26T18:19:30.497+0000] {dag.py:3089} INFO - Sync 1 DAGs
[2026-02-26T18:19:30.530+0000] {logging_mixin.py:188} INFO - [2026-02-26T18:19:30.529+0000] {dag.py:3947} INFO - Setting next_dagrun for load_cb_courses to 2026-02-26 00:00:00+00:00, run_after=2026-02-27 00:00:00+00:00
[2026-02-26T18:19:30.560+0000] {processor.py:183} INFO - Processing /opt/airflow/dags/load_cb_courses.py took 0.552 seconds
[2026-02-26T18:20:01.105+0000] {processor.py:161} INFO - Started process (PID=8793) to work on /opt/airflow/dags/load_cb_courses.py
[2026-02-26T18:20:01.107+0000] {processor.py:830} INFO - Processing file /opt/airflow/dags/load_cb_courses.py for tasks to queue
[2026-02-26T18:20:01.110+0000] {logging_mixin.py:188} INFO - [2026-02-26T18:20:01.110+0000] {dagbag.py:545} INFO - Filling up the DagBag from /opt/airflow/dags/load_cb_courses.py
[2026-02-26T18:20:01.576+0000] {processor.py:840} INFO - DAG(s) 'load_cb_courses' retrieved from /opt/airflow/dags/load_cb_courses.py
[2026-02-26T18:20:01.610+0000] {logging_mixin.py:188} INFO - [2026-02-26T18:20:01.609+0000] {dag.py:3089} INFO - Sync 1 DAGs
[2026-02-26T18:20:01.646+0000] {logging_mixin.py:188} INFO - [2026-02-26T18:20:01.646+0000] {dag.py:3947} INFO - Setting next_dagrun for load_cb_courses to 2026-02-26 00:00:00+00:00, run_after=2026-02-27 00:00:00+00:00
[2026-02-26T18:20:01.679+0000] {processor.py:183} INFO - Processing /opt/airflow/dags/load_cb_courses.py took 0.581 seconds
[2026-02-26T18:20:32.051+0000] {processor.py:161} INFO - Started process (PID=8826) to work on /opt/airflow/dags/load_cb_courses.py
[2026-02-26T18:20:32.053+0000] {processor.py:830} INFO - Processing file /opt/airflow/dags/load_cb_courses.py for tasks to queue
[2026-02-26T18:20:32.056+0000] {logging_mixin.py:188} INFO - [2026-02-26T18:20:32.056+0000] {dagbag.py:545} INFO - Filling up the DagBag from /opt/airflow/dags/load_cb_courses.py
[2026-02-26T18:20:32.505+0000] {processor.py:840} INFO - DAG(s) 'load_cb_courses' retrieved from /opt/airflow/dags/load_cb_courses.py
[2026-02-26T18:20:32.545+0000] {logging_mixin.py:188} INFO - [2026-02-26T18:20:32.544+0000] {dag.py:3089} INFO - Sync 1 DAGs
[2026-02-26T18:20:32.578+0000] {logging_mixin.py:188} INFO - [2026-02-26T18:20:32.577+0000] {dag.py:3947} INFO - Setting next_dagrun for load_cb_courses to 2026-02-26 00:00:00+00:00, run_after=2026-02-27 00:00:00+00:00
[2026-02-26T18:20:32.638+0000] {processor.py:183} INFO - Processing /opt/airflow/dags/load_cb_courses.py took 0.599 seconds
[2026-02-26T18:21:03.048+0000] {processor.py:161} INFO - Started process (PID=8852) to work on /opt/airflow/dags/load_cb_courses.py
[2026-02-26T18:21:03.050+0000] {processor.py:830} INFO - Processing file /opt/airflow/dags/load_cb_courses.py for tasks to queue
[2026-02-26T18:21:03.053+0000] {logging_mixin.py:188} INFO - [2026-02-26T18:21:03.052+0000] {dagbag.py:545} INFO - Filling up the DagBag from /opt/airflow/dags/load_cb_courses.py
[2026-02-26T18:21:02.418+0000] {processor.py:840} INFO - DAG(s) 'load_cb_courses' retrieved from /opt/airflow/dags/load_cb_courses.py
[2026-02-26T18:21:02.451+0000] {logging_mixin.py:188} INFO - [2026-02-26T18:21:02.450+0000] {dag.py:3089} INFO - Sync 1 DAGs
[2026-02-26T18:21:02.477+0000] {logging_mixin.py:188} INFO - [2026-02-26T18:21:02.476+0000] {dag.py:3947} INFO - Setting next_dagrun for load_cb_courses to 2026-02-26 00:00:00+00:00, run_after=2026-02-27 00:00:00+00:00
[2026-02-26T18:21:02.504+0000] {processor.py:183} INFO - Processing /opt/airflow/dags/load_cb_courses.py took 0.473 seconds
[2026-02-26T18:21:32.895+0000] {processor.py:161} INFO - Started process (PID=8878) to work on /opt/airflow/dags/load_cb_courses.py
[2026-02-26T18:21:32.897+0000] {processor.py:830} INFO - Processing file /opt/airflow/dags/load_cb_courses.py for tasks to queue
[2026-02-26T18:21:32.900+0000] {logging_mixin.py:188} INFO - [2026-02-26T18:21:32.899+0000] {dagbag.py:545} INFO - Filling up the DagBag from /opt/airflow/dags/load_cb_courses.py
[2026-02-26T18:21:33.299+0000] {processor.py:840} INFO - DAG(s) 'load_cb_courses' retrieved from /opt/airflow/dags/load_cb_courses.py
[2026-02-26T18:21:33.327+0000] {logging_mixin.py:188} INFO - [2026-02-26T18:21:33.326+0000] {dag.py:3089} INFO - Sync 1 DAGs
[2026-02-26T18:21:33.352+0000] {logging_mixin.py:188} INFO - [2026-02-26T18:21:33.351+0000] {dag.py:3947} INFO - Setting next_dagrun for load_cb_courses to 2026-02-26 00:00:00+00:00, run_after=2026-02-27 00:00:00+00:00
[2026-02-26T18:21:33.379+0000] {processor.py:183} INFO - Processing /opt/airflow/dags/load_cb_courses.py took 0.491 seconds
[2026-02-26T18:22:03.511+0000] {processor.py:161} INFO - Started process (PID=8910) to work on /opt/airflow/dags/load_cb_courses.py
[2026-02-26T18:22:03.513+0000] {processor.py:830} INFO - Processing file /opt/airflow/dags/load_cb_courses.py for tasks to queue
[2026-02-26T18:22:03.517+0000] {logging_mixin.py:188} INFO - [2026-02-26T18:22:03.516+0000] {dagbag.py:545} INFO - Filling up the DagBag from /opt/airflow/dags/load_cb_courses.py
[2026-02-26T18:22:03.984+0000] {processor.py:840} INFO - DAG(s) 'load_cb_courses' retrieved from /opt/airflow/dags/load_cb_courses.py
[2026-02-26T18:22:04.018+0000] {logging_mixin.py:188} INFO - [2026-02-26T18:22:04.018+0000] {dag.py:3089} INFO - Sync 1 DAGs
[2026-02-26T18:22:04.048+0000] {logging_mixin.py:188} INFO - [2026-02-26T18:22:04.047+0000] {dag.py:3947} INFO - Setting next_dagrun for load_cb_courses to 2026-02-26 00:00:00+00:00, run_after=2026-02-27 00:00:00+00:00
[2026-02-26T18:22:04.076+0000] {processor.py:183} INFO - Processing /opt/airflow/dags/load_cb_courses.py took 0.573 seconds
[2026-02-26T18:22:34.878+0000] {processor.py:161} INFO - Started process (PID=8936) to work on /opt/airflow/dags/load_cb_courses.py
[2026-02-26T18:22:34.880+0000] {processor.py:830} INFO - Processing file /opt/airflow/dags/load_cb_courses.py for tasks to queue
[2026-02-26T18:22:34.883+0000] {logging_mixin.py:188} INFO - [2026-02-26T18:22:34.883+0000] {dagbag.py:545} INFO - Filling up the DagBag from /opt/airflow/dags/load_cb_courses.py
[2026-02-26T18:22:35.284+0000] {processor.py:840} INFO - DAG(s) 'load_cb_courses' retrieved from /opt/airflow/dags/load_cb_courses.py
[2026-02-26T18:22:35.322+0000] {logging_mixin.py:188} INFO - [2026-02-26T18:22:35.321+0000] {dag.py:3089} INFO - Sync 1 DAGs
[2026-02-26T18:22:35.357+0000] {logging_mixin.py:188} INFO - [2026-02-26T18:22:35.356+0000] {dag.py:3947} INFO - Setting next_dagrun for load_cb_courses to 2026-02-26 00:00:00+00:00, run_after=2026-02-27 00:00:00+00:00
[2026-02-26T18:22:35.411+0000] {processor.py:183} INFO - Processing /opt/airflow/dags/load_cb_courses.py took 0.542 seconds
[2026-02-26T18:23:05.851+0000] {processor.py:161} INFO - Started process (PID=8962) to work on /opt/airflow/dags/load_cb_courses.py
[2026-02-26T18:23:05.853+0000] {processor.py:830} INFO - Processing file /opt/airflow/dags/load_cb_courses.py for tasks to queue
[2026-02-26T18:23:05.856+0000] {logging_mixin.py:188} INFO - [2026-02-26T18:23:05.855+0000] {dagbag.py:545} INFO - Filling up the DagBag from /opt/airflow/dags/load_cb_courses.py
[2026-02-26T18:23:06.222+0000] {processor.py:840} INFO - DAG(s) 'load_cb_courses' retrieved from /opt/airflow/dags/load_cb_courses.py
[2026-02-26T18:23:06.252+0000] {logging_mixin.py:188} INFO - [2026-02-26T18:23:06.252+0000] {dag.py:3089} INFO - Sync 1 DAGs
[2026-02-26T18:23:06.285+0000] {logging_mixin.py:188} INFO - [2026-02-26T18:23:06.285+0000] {dag.py:3947} INFO - Setting next_dagrun for load_cb_courses to 2026-02-26 00:00:00+00:00, run_after=2026-02-27 00:00:00+00:00
[2026-02-26T18:23:06.313+0000] {processor.py:183} INFO - Processing /opt/airflow/dags/load_cb_courses.py took 0.470 seconds
[2026-02-26T18:23:36.724+0000] {processor.py:161} INFO - Started process (PID=8994) to work on /opt/airflow/dags/load_cb_courses.py
[2026-02-26T18:23:36.726+0000] {processor.py:830} INFO - Processing file /opt/airflow/dags/load_cb_courses.py for tasks to queue
[2026-02-26T18:23:36.730+0000] {logging_mixin.py:188} INFO - [2026-02-26T18:23:36.729+0000] {dagbag.py:545} INFO - Filling up the DagBag from /opt/airflow/dags/load_cb_courses.py
[2026-02-26T18:23:37.132+0000] {processor.py:840} INFO - DAG(s) 'load_cb_courses' retrieved from /opt/airflow/dags/load_cb_courses.py
[2026-02-26T18:23:37.161+0000] {logging_mixin.py:188} INFO - [2026-02-26T18:23:37.161+0000] {dag.py:3089} INFO - Sync 1 DAGs
[2026-02-26T18:23:37.191+0000] {logging_mixin.py:188} INFO - [2026-02-26T18:23:37.191+0000] {dag.py:3947} INFO - Setting next_dagrun for load_cb_courses to 2026-02-26 00:00:00+00:00, run_after=2026-02-27 00:00:00+00:00
[2026-02-26T18:23:37.219+0000] {processor.py:183} INFO - Processing /opt/airflow/dags/load_cb_courses.py took 0.503 seconds
[2026-02-26T18:24:07.541+0000] {processor.py:161} INFO - Started process (PID=9020) to work on /opt/airflow/dags/load_cb_courses.py
[2026-02-26T18:24:07.543+0000] {processor.py:830} INFO - Processing file /opt/airflow/dags/load_cb_courses.py for tasks to queue
[2026-02-26T18:24:07.545+0000] {logging_mixin.py:188} INFO - [2026-02-26T18:24:07.545+0000] {dagbag.py:545} INFO - Filling up the DagBag from /opt/airflow/dags/load_cb_courses.py
[2026-02-26T18:24:07.901+0000] {processor.py:840} INFO - DAG(s) 'load_cb_courses' retrieved from /opt/airflow/dags/load_cb_courses.py
[2026-02-26T18:24:07.932+0000] {logging_mixin.py:188} INFO - [2026-02-26T18:24:07.932+0000] {dag.py:3089} INFO - Sync 1 DAGs
[2026-02-26T18:24:07.959+0000] {logging_mixin.py:188} INFO - [2026-02-26T18:24:07.958+0000] {dag.py:3947} INFO - Setting next_dagrun for load_cb_courses to 2026-02-26 00:00:00+00:00, run_after=2026-02-27 00:00:00+00:00
[2026-02-26T18:24:07.982+0000] {processor.py:183} INFO - Processing /opt/airflow/dags/load_cb_courses.py took 0.447 seconds
[2026-02-26T18:24:38.848+0000] {processor.py:161} INFO - Started process (PID=9052) to work on /opt/airflow/dags/load_cb_courses.py
[2026-02-26T18:24:38.849+0000] {processor.py:830} INFO - Processing file /opt/airflow/dags/load_cb_courses.py for tasks to queue
[2026-02-26T18:24:38.852+0000] {logging_mixin.py:188} INFO - [2026-02-26T18:24:38.851+0000] {dagbag.py:545} INFO - Filling up the DagBag from /opt/airflow/dags/load_cb_courses.py
[2026-02-26T18:24:39.216+0000] {processor.py:840} INFO - DAG(s) 'load_cb_courses' retrieved from /opt/airflow/dags/load_cb_courses.py
[2026-02-26T18:24:39.256+0000] {logging_mixin.py:188} INFO - [2026-02-26T18:24:39.255+0000] {dag.py:3089} INFO - Sync 1 DAGs
[2026-02-26T18:24:39.287+0000] {logging_mixin.py:188} INFO - [2026-02-26T18:24:39.286+0000] {dag.py:3947} INFO - Setting next_dagrun for load_cb_courses to 2026-02-26 00:00:00+00:00, run_after=2026-02-27 00:00:00+00:00
[2026-02-26T18:24:39.317+0000] {processor.py:183} INFO - Processing /opt/airflow/dags/load_cb_courses.py took 0.476 seconds
[2026-02-26T18:25:09.778+0000] {processor.py:161} INFO - Started process (PID=9078) to work on /opt/airflow/dags/load_cb_courses.py
[2026-02-26T18:25:09.781+0000] {processor.py:830} INFO - Processing file /opt/airflow/dags/load_cb_courses.py for tasks to queue
[2026-02-26T18:25:09.785+0000] {logging_mixin.py:188} INFO - [2026-02-26T18:25:09.784+0000] {dagbag.py:545} INFO - Filling up the DagBag from /opt/airflow/dags/load_cb_courses.py
[2026-02-26T18:25:10.192+0000] {processor.py:840} INFO - DAG(s) 'load_cb_courses' retrieved from /opt/airflow/dags/load_cb_courses.py
[2026-02-26T18:25:10.223+0000] {logging_mixin.py:188} INFO - [2026-02-26T18:25:10.222+0000] {dag.py:3089} INFO - Sync 1 DAGs
[2026-02-26T18:25:10.253+0000] {logging_mixin.py:188} INFO - [2026-02-26T18:25:10.252+0000] {dag.py:3947} INFO - Setting next_dagrun for load_cb_courses to 2026-02-26 00:00:00+00:00, run_after=2026-02-27 00:00:00+00:00
[2026-02-26T18:25:10.284+0000] {processor.py:183} INFO - Processing /opt/airflow/dags/load_cb_courses.py took 0.520 seconds
[2026-02-26T18:25:40.629+0000] {processor.py:161} INFO - Started process (PID=9104) to work on /opt/airflow/dags/load_cb_courses.py
[2026-02-26T18:25:40.631+0000] {processor.py:830} INFO - Processing file /opt/airflow/dags/load_cb_courses.py for tasks to queue
[2026-02-26T18:25:40.635+0000] {logging_mixin.py:188} INFO - [2026-02-26T18:25:40.634+0000] {dagbag.py:545} INFO - Filling up the DagBag from /opt/airflow/dags/load_cb_courses.py
[2026-02-26T18:25:41.099+0000] {processor.py:840} INFO - DAG(s) 'load_cb_courses' retrieved from /opt/airflow/dags/load_cb_courses.py
[2026-02-26T18:25:41.137+0000] {logging_mixin.py:188} INFO - [2026-02-26T18:25:41.137+0000] {dag.py:3089} INFO - Sync 1 DAGs
[2026-02-26T18:25:41.170+0000] {logging_mixin.py:188} INFO - [2026-02-26T18:25:41.169+0000] {dag.py:3947} INFO - Setting next_dagrun for load_cb_courses to 2026-02-26 00:00:00+00:00, run_after=2026-02-27 00:00:00+00:00
[2026-02-26T18:25:41.200+0000] {processor.py:183} INFO - Processing /opt/airflow/dags/load_cb_courses.py took 0.580 seconds
[2026-02-26T18:26:11.618+0000] {processor.py:161} INFO - Started process (PID=9137) to work on /opt/airflow/dags/load_cb_courses.py
[2026-02-26T18:26:11.619+0000] {processor.py:830} INFO - Processing file /opt/airflow/dags/load_cb_courses.py for tasks to queue
[2026-02-26T18:26:11.623+0000] {logging_mixin.py:188} INFO - [2026-02-26T18:26:11.622+0000] {dagbag.py:545} INFO - Filling up the DagBag from /opt/airflow/dags/load_cb_courses.py
[2026-02-26T18:26:12.108+0000] {processor.py:840} INFO - DAG(s) 'load_cb_courses' retrieved from /opt/airflow/dags/load_cb_courses.py
[2026-02-26T18:26:12.145+0000] {logging_mixin.py:188} INFO - [2026-02-26T18:26:12.144+0000] {dag.py:3089} INFO - Sync 1 DAGs
[2026-02-26T18:26:12.182+0000] {logging_mixin.py:188} INFO - [2026-02-26T18:26:12.181+0000] {dag.py:3947} INFO - Setting next_dagrun for load_cb_courses to 2026-02-26 00:00:00+00:00, run_after=2026-02-27 00:00:00+00:00
[2026-02-26T18:26:12.218+0000] {processor.py:183} INFO - Processing /opt/airflow/dags/load_cb_courses.py took 0.608 seconds
[2026-02-26T18:26:42.562+0000] {processor.py:161} INFO - Started process (PID=9163) to work on /opt/airflow/dags/load_cb_courses.py
[2026-02-26T18:26:42.563+0000] {processor.py:830} INFO - Processing file /opt/airflow/dags/load_cb_courses.py for tasks to queue
[2026-02-26T18:26:42.566+0000] {logging_mixin.py:188} INFO - [2026-02-26T18:26:42.566+0000] {dagbag.py:545} INFO - Filling up the DagBag from /opt/airflow/dags/load_cb_courses.py
[2026-02-26T18:26:43.121+0000] {processor.py:840} INFO - DAG(s) 'load_cb_courses' retrieved from /opt/airflow/dags/load_cb_courses.py
[2026-02-26T18:26:43.151+0000] {logging_mixin.py:188} INFO - [2026-02-26T18:26:43.150+0000] {dag.py:3089} INFO - Sync 1 DAGs
[2026-02-26T18:26:43.181+0000] {logging_mixin.py:188} INFO - [2026-02-26T18:26:43.181+0000] {dag.py:3947} INFO - Setting next_dagrun for load_cb_courses to 2026-02-26 00:00:00+00:00, run_after=2026-02-27 00:00:00+00:00
[2026-02-26T18:26:43.210+0000] {processor.py:183} INFO - Processing /opt/airflow/dags/load_cb_courses.py took 0.655 seconds
[2026-02-26T18:27:13.718+0000] {processor.py:161} INFO - Started process (PID=9189) to work on /opt/airflow/dags/load_cb_courses.py
[2026-02-26T18:27:13.720+0000] {processor.py:830} INFO - Processing file /opt/airflow/dags/load_cb_courses.py for tasks to queue
[2026-02-26T18:27:13.722+0000] {logging_mixin.py:188} INFO - [2026-02-26T18:27:13.722+0000] {dagbag.py:545} INFO - Filling up the DagBag from /opt/airflow/dags/load_cb_courses.py
[2026-02-26T18:27:14.088+0000] {processor.py:840} INFO - DAG(s) 'load_cb_courses' retrieved from /opt/airflow/dags/load_cb_courses.py
[2026-02-26T18:27:14.115+0000] {logging_mixin.py:188} INFO - [2026-02-26T18:27:14.114+0000] {dag.py:3089} INFO - Sync 1 DAGs
[2026-02-26T18:27:14.139+0000] {logging_mixin.py:188} INFO - [2026-02-26T18:27:14.139+0000] {dag.py:3947} INFO - Setting next_dagrun for load_cb_courses to 2026-02-26 00:00:00+00:00, run_after=2026-02-27 00:00:00+00:00
[2026-02-26T18:27:14.169+0000] {processor.py:183} INFO - Processing /opt/airflow/dags/load_cb_courses.py took 0.459 seconds
[2026-02-26T18:27:44.615+0000] {processor.py:161} INFO - Started process (PID=9223) to work on /opt/airflow/dags/load_cb_courses.py
[2026-02-26T18:27:44.618+0000] {processor.py:830} INFO - Processing file /opt/airflow/dags/load_cb_courses.py for tasks to queue
[2026-02-26T18:27:44.621+0000] {logging_mixin.py:188} INFO - [2026-02-26T18:27:44.620+0000] {dagbag.py:545} INFO - Filling up the DagBag from /opt/airflow/dags/load_cb_courses.py
[2026-02-26T18:27:45.074+0000] {processor.py:840} INFO - DAG(s) 'load_cb_courses' retrieved from /opt/airflow/dags/load_cb_courses.py
[2026-02-26T18:27:45.132+0000] {logging_mixin.py:188} INFO - [2026-02-26T18:27:45.131+0000] {dag.py:3089} INFO - Sync 1 DAGs
[2026-02-26T18:27:45.165+0000] {logging_mixin.py:188} INFO - [2026-02-26T18:27:45.165+0000] {dag.py:3947} INFO - Setting next_dagrun for load_cb_courses to 2026-02-26 00:00:00+00:00, run_after=2026-02-27 00:00:00+00:00
[2026-02-26T18:27:45.200+0000] {processor.py:183} INFO - Processing /opt/airflow/dags/load_cb_courses.py took 0.594 seconds
[2026-02-26T18:28:15.626+0000] {processor.py:161} INFO - Started process (PID=9249) to work on /opt/airflow/dags/load_cb_courses.py
[2026-02-26T18:28:15.628+0000] {processor.py:830} INFO - Processing file /opt/airflow/dags/load_cb_courses.py for tasks to queue
[2026-02-26T18:28:15.631+0000] {logging_mixin.py:188} INFO - [2026-02-26T18:28:15.630+0000] {dagbag.py:545} INFO - Filling up the DagBag from /opt/airflow/dags/load_cb_courses.py
[2026-02-26T18:28:16.040+0000] {processor.py:840} INFO - DAG(s) 'load_cb_courses' retrieved from /opt/airflow/dags/load_cb_courses.py
[2026-02-26T18:28:16.071+0000] {logging_mixin.py:188} INFO - [2026-02-26T18:28:16.070+0000] {dag.py:3089} INFO - Sync 1 DAGs
[2026-02-26T18:28:16.100+0000] {logging_mixin.py:188} INFO - [2026-02-26T18:28:16.099+0000] {dag.py:3947} INFO - Setting next_dagrun for load_cb_courses to 2026-02-26 00:00:00+00:00, run_after=2026-02-27 00:00:00+00:00
[2026-02-26T18:28:16.133+0000] {processor.py:183} INFO - Processing /opt/airflow/dags/load_cb_courses.py took 0.514 seconds
[2026-02-26T18:28:46.244+0000] {processor.py:161} INFO - Started process (PID=9274) to work on /opt/airflow/dags/load_cb_courses.py
[2026-02-26T18:28:46.246+0000] {processor.py:830} INFO - Processing file /opt/airflow/dags/load_cb_courses.py for tasks to queue
[2026-02-26T18:28:46.250+0000] {logging_mixin.py:188} INFO - [2026-02-26T18:28:46.249+0000] {dagbag.py:545} INFO - Filling up the DagBag from /opt/airflow/dags/load_cb_courses.py
[2026-02-26T18:28:46.670+0000] {processor.py:840} INFO - DAG(s) 'load_cb_courses' retrieved from /opt/airflow/dags/load_cb_courses.py
[2026-02-26T18:28:46.700+0000] {logging_mixin.py:188} INFO - [2026-02-26T18:28:46.700+0000] {dag.py:3089} INFO - Sync 1 DAGs
[2026-02-26T18:28:46.727+0000] {logging_mixin.py:188} INFO - [2026-02-26T18:28:46.726+0000] {dag.py:3947} INFO - Setting next_dagrun for load_cb_courses to 2026-02-26 00:00:00+00:00, run_after=2026-02-27 00:00:00+00:00
[2026-02-26T18:28:46.756+0000] {processor.py:183} INFO - Processing /opt/airflow/dags/load_cb_courses.py took 0.521 seconds
[2026-02-26T18:29:17.252+0000] {processor.py:161} INFO - Started process (PID=9306) to work on /opt/airflow/dags/load_cb_courses.py
[2026-02-26T18:29:17.253+0000] {processor.py:830} INFO - Processing file /opt/airflow/dags/load_cb_courses.py for tasks to queue
[2026-02-26T18:29:17.257+0000] {logging_mixin.py:188} INFO - [2026-02-26T18:29:17.256+0000] {dagbag.py:545} INFO - Filling up the DagBag from /opt/airflow/dags/load_cb_courses.py
[2026-02-26T18:29:17.680+0000] {processor.py:840} INFO - DAG(s) 'load_cb_courses' retrieved from /opt/airflow/dags/load_cb_courses.py
[2026-02-26T18:29:17.710+0000] {logging_mixin.py:188} INFO - [2026-02-26T18:29:17.709+0000] {dag.py:3089} INFO - Sync 1 DAGs
[2026-02-26T18:29:17.740+0000] {logging_mixin.py:188} INFO - [2026-02-26T18:29:17.740+0000] {dag.py:3947} INFO - Setting next_dagrun for load_cb_courses to 2026-02-26 00:00:00+00:00, run_after=2026-02-27 00:00:00+00:00
[2026-02-26T18:29:17.775+0000] {processor.py:183} INFO - Processing /opt/airflow/dags/load_cb_courses.py took 0.532 seconds
[2026-02-26T18:29:48.275+0000] {processor.py:161} INFO - Started process (PID=9333) to work on /opt/airflow/dags/load_cb_courses.py
[2026-02-26T18:29:48.278+0000] {processor.py:830} INFO - Processing file /opt/airflow/dags/load_cb_courses.py for tasks to queue
[2026-02-26T18:29:48.280+0000] {logging_mixin.py:188} INFO - [2026-02-26T18:29:48.280+0000] {dagbag.py:545} INFO - Filling up the DagBag from /opt/airflow/dags/load_cb_courses.py
[2026-02-26T18:29:48.651+0000] {processor.py:840} INFO - DAG(s) 'load_cb_courses' retrieved from /opt/airflow/dags/load_cb_courses.py
[2026-02-26T18:29:48.680+0000] {logging_mixin.py:188} INFO - [2026-02-26T18:29:48.679+0000] {dag.py:3089} INFO - Sync 1 DAGs
[2026-02-26T18:29:48.705+0000] {logging_mixin.py:188} INFO - [2026-02-26T18:29:48.705+0000] {dag.py:3947} INFO - Setting next_dagrun for load_cb_courses to 2026-02-26 00:00:00+00:00, run_after=2026-02-27 00:00:00+00:00
[2026-02-26T18:29:48.730+0000] {processor.py:183} INFO - Processing /opt/airflow/dags/load_cb_courses.py took 0.464 seconds
[2026-02-26T18:30:19.083+0000] {processor.py:161} INFO - Started process (PID=9360) to work on /opt/airflow/dags/load_cb_courses.py
[2026-02-26T18:30:19.085+0000] {processor.py:830} INFO - Processing file /opt/airflow/dags/load_cb_courses.py for tasks to queue
[2026-02-26T18:30:19.089+0000] {logging_mixin.py:188} INFO - [2026-02-26T18:30:19.088+0000] {dagbag.py:545} INFO - Filling up the DagBag from /opt/airflow/dags/load_cb_courses.py
[2026-02-26T18:30:19.472+0000] {processor.py:840} INFO - DAG(s) 'load_cb_courses' retrieved from /opt/airflow/dags/load_cb_courses.py
[2026-02-26T18:30:19.502+0000] {logging_mixin.py:188} INFO - [2026-02-26T18:30:19.501+0000] {dag.py:3089} INFO - Sync 1 DAGs
[2026-02-26T18:30:19.542+0000] {logging_mixin.py:188} INFO - [2026-02-26T18:30:19.542+0000] {dag.py:3947} INFO - Setting next_dagrun for load_cb_courses to 2026-02-26 00:00:00+00:00, run_after=2026-02-27 00:00:00+00:00
[2026-02-26T18:30:19.574+0000] {processor.py:183} INFO - Processing /opt/airflow/dags/load_cb_courses.py took 0.498 seconds
[2026-02-26T18:30:50.022+0000] {processor.py:161} INFO - Started process (PID=9393) to work on /opt/airflow/dags/load_cb_courses.py
[2026-02-26T18:30:50.025+0000] {processor.py:830} INFO - Processing file /opt/airflow/dags/load_cb_courses.py for tasks to queue
[2026-02-26T18:30:50.028+0000] {logging_mixin.py:188} INFO - [2026-02-26T18:30:50.027+0000] {dagbag.py:545} INFO - Filling up the DagBag from /opt/airflow/dags/load_cb_courses.py
[2026-02-26T18:30:50.489+0000] {processor.py:840} INFO - DAG(s) 'load_cb_courses' retrieved from /opt/airflow/dags/load_cb_courses.py
[2026-02-26T18:30:50.516+0000] {logging_mixin.py:188} INFO - [2026-02-26T18:30:50.516+0000] {dag.py:3089} INFO - Sync 1 DAGs
[2026-02-26T18:30:50.548+0000] {logging_mixin.py:188} INFO - [2026-02-26T18:30:50.547+0000] {dag.py:3947} INFO - Setting next_dagrun for load_cb_courses to 2026-02-26 00:00:00+00:00, run_after=2026-02-27 00:00:00+00:00
[2026-02-26T18:30:50.583+0000] {processor.py:183} INFO - Processing /opt/airflow/dags/load_cb_courses.py took 0.573 seconds
[2026-02-26T18:31:21.178+0000] {processor.py:161} INFO - Started process (PID=9419) to work on /opt/airflow/dags/load_cb_courses.py
[2026-02-26T18:31:21.179+0000] {processor.py:830} INFO - Processing file /opt/airflow/dags/load_cb_courses.py for tasks to queue
[2026-02-26T18:31:21.182+0000] {logging_mixin.py:188} INFO - [2026-02-26T18:31:21.181+0000] {dagbag.py:545} INFO - Filling up the DagBag from /opt/airflow/dags/load_cb_courses.py
[2026-02-26T18:31:21.615+0000] {processor.py:840} INFO - DAG(s) 'load_cb_courses' retrieved from /opt/airflow/dags/load_cb_courses.py
[2026-02-26T18:31:21.653+0000] {logging_mixin.py:188} INFO - [2026-02-26T18:31:21.652+0000] {dag.py:3089} INFO - Sync 1 DAGs
[2026-02-26T18:31:21.687+0000] {logging_mixin.py:188} INFO - [2026-02-26T18:31:21.687+0000] {dag.py:3947} INFO - Setting next_dagrun for load_cb_courses to 2026-02-26 00:00:00+00:00, run_after=2026-02-27 00:00:00+00:00
[2026-02-26T18:31:21.723+0000] {processor.py:183} INFO - Processing /opt/airflow/dags/load_cb_courses.py took 0.554 seconds
[2026-02-26T18:31:51.878+0000] {processor.py:161} INFO - Started process (PID=9444) to work on /opt/airflow/dags/load_cb_courses.py
[2026-02-26T18:31:51.879+0000] {processor.py:830} INFO - Processing file /opt/airflow/dags/load_cb_courses.py for tasks to queue
[2026-02-26T18:31:51.884+0000] {logging_mixin.py:188} INFO - [2026-02-26T18:31:51.884+0000] {dagbag.py:545} INFO - Filling up the DagBag from /opt/airflow/dags/load_cb_courses.py
[2026-02-26T18:31:52.279+0000] {processor.py:840} INFO - DAG(s) 'load_cb_courses' retrieved from /opt/airflow/dags/load_cb_courses.py
[2026-02-26T18:31:52.314+0000] {logging_mixin.py:188} INFO - [2026-02-26T18:31:52.313+0000] {dag.py:3089} INFO - Sync 1 DAGs
[2026-02-26T18:31:52.344+0000] {logging_mixin.py:188} INFO - [2026-02-26T18:31:52.344+0000] {dag.py:3947} INFO - Setting next_dagrun for load_cb_courses to 2026-02-26 00:00:00+00:00, run_after=2026-02-27 00:00:00+00:00
[2026-02-26T18:31:52.381+0000] {processor.py:183} INFO - Processing /opt/airflow/dags/load_cb_courses.py took 0.515 seconds
