[2026-02-26T16:08:13.295+0000] {processor.py:161} INFO - Started process (PID=184) to work on /opt/airflow/dags/oltp_s3_dwh.py
[2026-02-26T16:08:13.297+0000] {processor.py:830} INFO - Processing file /opt/airflow/dags/oltp_s3_dwh.py for tasks to queue
[2026-02-26T16:08:13.301+0000] {logging_mixin.py:188} INFO - [2026-02-26T16:08:13.300+0000] {dagbag.py:545} INFO - Filling up the DagBag from /opt/airflow/dags/oltp_s3_dwh.py
[2026-02-26T16:08:14.078+0000] {processor.py:840} INFO - DAG(s) 'oltp_s3_dwh' retrieved from /opt/airflow/dags/oltp_s3_dwh.py
[2026-02-26T16:08:14.101+0000] {logging_mixin.py:188} INFO - [2026-02-26T16:08:14.100+0000] {dag.py:3089} INFO - Sync 1 DAGs
[2026-02-26T16:08:14.127+0000] {logging_mixin.py:188} INFO - [2026-02-26T16:08:14.127+0000] {dag.py:3947} INFO - Setting next_dagrun for oltp_s3_dwh to 2026-02-01 00:00:00+00:00, run_after=2026-03-01 00:00:00+00:00
[2026-02-26T16:08:14.214+0000] {processor.py:183} INFO - Processing /opt/airflow/dags/oltp_s3_dwh.py took 0.929 seconds
[2026-02-26T16:08:44.394+0000] {processor.py:161} INFO - Started process (PID=210) to work on /opt/airflow/dags/oltp_s3_dwh.py
[2026-02-26T16:08:44.396+0000] {processor.py:830} INFO - Processing file /opt/airflow/dags/oltp_s3_dwh.py for tasks to queue
[2026-02-26T16:08:44.400+0000] {logging_mixin.py:188} INFO - [2026-02-26T16:08:44.399+0000] {dagbag.py:545} INFO - Filling up the DagBag from /opt/airflow/dags/oltp_s3_dwh.py
[2026-02-26T16:08:44.899+0000] {processor.py:840} INFO - DAG(s) 'oltp_s3_dwh' retrieved from /opt/airflow/dags/oltp_s3_dwh.py
[2026-02-26T16:08:45.073+0000] {logging_mixin.py:188} INFO - [2026-02-26T16:08:45.072+0000] {dag.py:3089} INFO - Sync 1 DAGs
[2026-02-26T16:08:45.093+0000] {logging_mixin.py:188} INFO - [2026-02-26T16:08:45.092+0000] {dag.py:3947} INFO - Setting next_dagrun for oltp_s3_dwh to 2026-02-01 00:00:00+00:00, run_after=2026-03-01 00:00:00+00:00
[2026-02-26T16:08:45.117+0000] {processor.py:183} INFO - Processing /opt/airflow/dags/oltp_s3_dwh.py took 0.732 seconds
[2026-02-26T16:09:15.414+0000] {processor.py:161} INFO - Started process (PID=241) to work on /opt/airflow/dags/oltp_s3_dwh.py
[2026-02-26T16:09:15.415+0000] {processor.py:830} INFO - Processing file /opt/airflow/dags/oltp_s3_dwh.py for tasks to queue
[2026-02-26T16:09:15.418+0000] {logging_mixin.py:188} INFO - [2026-02-26T16:09:15.417+0000] {dagbag.py:545} INFO - Filling up the DagBag from /opt/airflow/dags/oltp_s3_dwh.py
[2026-02-26T16:09:16.072+0000] {processor.py:840} INFO - DAG(s) 'oltp_s3_dwh' retrieved from /opt/airflow/dags/oltp_s3_dwh.py
[2026-02-26T16:09:16.101+0000] {logging_mixin.py:188} INFO - [2026-02-26T16:09:16.101+0000] {dag.py:3089} INFO - Sync 1 DAGs
[2026-02-26T16:09:16.124+0000] {logging_mixin.py:188} INFO - [2026-02-26T16:09:16.124+0000] {dag.py:3947} INFO - Setting next_dagrun for oltp_s3_dwh to 2026-02-01 00:00:00+00:00, run_after=2026-03-01 00:00:00+00:00
[2026-02-26T16:09:16.149+0000] {processor.py:183} INFO - Processing /opt/airflow/dags/oltp_s3_dwh.py took 0.742 seconds
[2026-02-26T16:09:46.721+0000] {processor.py:161} INFO - Started process (PID=268) to work on /opt/airflow/dags/oltp_s3_dwh.py
[2026-02-26T16:09:46.723+0000] {processor.py:830} INFO - Processing file /opt/airflow/dags/oltp_s3_dwh.py for tasks to queue
[2026-02-26T16:09:46.725+0000] {logging_mixin.py:188} INFO - [2026-02-26T16:09:46.725+0000] {dagbag.py:545} INFO - Filling up the DagBag from /opt/airflow/dags/oltp_s3_dwh.py
[2026-02-26T16:09:47.270+0000] {processor.py:840} INFO - DAG(s) 'oltp_s3_dwh' retrieved from /opt/airflow/dags/oltp_s3_dwh.py
[2026-02-26T16:09:47.298+0000] {logging_mixin.py:188} INFO - [2026-02-26T16:09:47.297+0000] {dag.py:3089} INFO - Sync 1 DAGs
[2026-02-26T16:09:47.322+0000] {logging_mixin.py:188} INFO - [2026-02-26T16:09:47.322+0000] {dag.py:3947} INFO - Setting next_dagrun for oltp_s3_dwh to 2026-02-01 00:00:00+00:00, run_after=2026-03-01 00:00:00+00:00
[2026-02-26T16:09:47.350+0000] {processor.py:183} INFO - Processing /opt/airflow/dags/oltp_s3_dwh.py took 0.635 seconds
[2026-02-26T16:10:18.267+0000] {processor.py:161} INFO - Started process (PID=301) to work on /opt/airflow/dags/oltp_s3_dwh.py
[2026-02-26T16:10:18.269+0000] {processor.py:830} INFO - Processing file /opt/airflow/dags/oltp_s3_dwh.py for tasks to queue
[2026-02-26T16:10:18.275+0000] {logging_mixin.py:188} INFO - [2026-02-26T16:10:18.274+0000] {dagbag.py:545} INFO - Filling up the DagBag from /opt/airflow/dags/oltp_s3_dwh.py
[2026-02-26T16:10:18.914+0000] {processor.py:840} INFO - DAG(s) 'oltp_s3_dwh' retrieved from /opt/airflow/dags/oltp_s3_dwh.py
[2026-02-26T16:10:18.953+0000] {logging_mixin.py:188} INFO - [2026-02-26T16:10:18.953+0000] {dag.py:3089} INFO - Sync 1 DAGs
[2026-02-26T16:10:18.978+0000] {logging_mixin.py:188} INFO - [2026-02-26T16:10:18.978+0000] {dag.py:3947} INFO - Setting next_dagrun for oltp_s3_dwh to 2026-02-01 00:00:00+00:00, run_after=2026-03-01 00:00:00+00:00
[2026-02-26T16:10:19.002+0000] {processor.py:183} INFO - Processing /opt/airflow/dags/oltp_s3_dwh.py took 0.745 seconds
[2026-02-26T16:10:49.527+0000] {processor.py:161} INFO - Started process (PID=327) to work on /opt/airflow/dags/oltp_s3_dwh.py
[2026-02-26T16:10:49.528+0000] {processor.py:830} INFO - Processing file /opt/airflow/dags/oltp_s3_dwh.py for tasks to queue
[2026-02-26T16:10:49.532+0000] {logging_mixin.py:188} INFO - [2026-02-26T16:10:49.532+0000] {dagbag.py:545} INFO - Filling up the DagBag from /opt/airflow/dags/oltp_s3_dwh.py
[2026-02-26T16:10:50.029+0000] {processor.py:840} INFO - DAG(s) 'oltp_s3_dwh' retrieved from /opt/airflow/dags/oltp_s3_dwh.py
[2026-02-26T16:10:50.060+0000] {logging_mixin.py:188} INFO - [2026-02-26T16:10:50.060+0000] {dag.py:3089} INFO - Sync 1 DAGs
[2026-02-26T16:10:50.083+0000] {logging_mixin.py:188} INFO - [2026-02-26T16:10:50.082+0000] {dag.py:3947} INFO - Setting next_dagrun for oltp_s3_dwh to 2026-02-01 00:00:00+00:00, run_after=2026-03-01 00:00:00+00:00
[2026-02-26T16:10:50.112+0000] {processor.py:183} INFO - Processing /opt/airflow/dags/oltp_s3_dwh.py took 0.592 seconds
[2026-02-26T16:11:20.653+0000] {processor.py:161} INFO - Started process (PID=361) to work on /opt/airflow/dags/oltp_s3_dwh.py
[2026-02-26T16:11:20.655+0000] {processor.py:830} INFO - Processing file /opt/airflow/dags/oltp_s3_dwh.py for tasks to queue
[2026-02-26T16:11:20.661+0000] {logging_mixin.py:188} INFO - [2026-02-26T16:11:20.661+0000] {dagbag.py:545} INFO - Filling up the DagBag from /opt/airflow/dags/oltp_s3_dwh.py
[2026-02-26T16:11:21.320+0000] {processor.py:840} INFO - DAG(s) 'oltp_s3_dwh' retrieved from /opt/airflow/dags/oltp_s3_dwh.py
[2026-02-26T16:11:21.366+0000] {logging_mixin.py:188} INFO - [2026-02-26T16:11:21.365+0000] {dag.py:3089} INFO - Sync 1 DAGs
[2026-02-26T16:11:21.390+0000] {logging_mixin.py:188} INFO - [2026-02-26T16:11:21.390+0000] {dag.py:3947} INFO - Setting next_dagrun for oltp_s3_dwh to 2026-02-01 00:00:00+00:00, run_after=2026-03-01 00:00:00+00:00
[2026-02-26T16:11:21.414+0000] {processor.py:183} INFO - Processing /opt/airflow/dags/oltp_s3_dwh.py took 0.769 seconds
[2026-02-26T16:11:51.904+0000] {processor.py:161} INFO - Started process (PID=386) to work on /opt/airflow/dags/oltp_s3_dwh.py
[2026-02-26T16:11:51.906+0000] {processor.py:830} INFO - Processing file /opt/airflow/dags/oltp_s3_dwh.py for tasks to queue
[2026-02-26T16:11:51.908+0000] {logging_mixin.py:188} INFO - [2026-02-26T16:11:51.908+0000] {dagbag.py:545} INFO - Filling up the DagBag from /opt/airflow/dags/oltp_s3_dwh.py
[2026-02-26T16:11:52.385+0000] {processor.py:840} INFO - DAG(s) 'oltp_s3_dwh' retrieved from /opt/airflow/dags/oltp_s3_dwh.py
[2026-02-26T16:11:52.415+0000] {logging_mixin.py:188} INFO - [2026-02-26T16:11:52.414+0000] {dag.py:3089} INFO - Sync 1 DAGs
[2026-02-26T16:11:52.439+0000] {logging_mixin.py:188} INFO - [2026-02-26T16:11:52.438+0000] {dag.py:3947} INFO - Setting next_dagrun for oltp_s3_dwh to 2026-02-01 00:00:00+00:00, run_after=2026-03-01 00:00:00+00:00
[2026-02-26T16:11:52.460+0000] {processor.py:183} INFO - Processing /opt/airflow/dags/oltp_s3_dwh.py took 0.562 seconds
[2026-02-26T16:12:22.863+0000] {processor.py:161} INFO - Started process (PID=411) to work on /opt/airflow/dags/oltp_s3_dwh.py
[2026-02-26T16:12:22.865+0000] {processor.py:830} INFO - Processing file /opt/airflow/dags/oltp_s3_dwh.py for tasks to queue
[2026-02-26T16:12:22.867+0000] {logging_mixin.py:188} INFO - [2026-02-26T16:12:22.867+0000] {dagbag.py:545} INFO - Filling up the DagBag from /opt/airflow/dags/oltp_s3_dwh.py
[2026-02-26T16:12:23.543+0000] {processor.py:840} INFO - DAG(s) 'oltp_s3_dwh' retrieved from /opt/airflow/dags/oltp_s3_dwh.py
[2026-02-26T16:12:23.586+0000] {logging_mixin.py:188} INFO - [2026-02-26T16:12:23.585+0000] {dag.py:3089} INFO - Sync 1 DAGs
[2026-02-26T16:12:23.615+0000] {logging_mixin.py:188} INFO - [2026-02-26T16:12:23.615+0000] {dag.py:3947} INFO - Setting next_dagrun for oltp_s3_dwh to 2026-02-01 00:00:00+00:00, run_after=2026-03-01 00:00:00+00:00
[2026-02-26T16:12:23.662+0000] {processor.py:183} INFO - Processing /opt/airflow/dags/oltp_s3_dwh.py took 0.806 seconds
[2026-02-26T16:12:54.086+0000] {processor.py:161} INFO - Started process (PID=444) to work on /opt/airflow/dags/oltp_s3_dwh.py
[2026-02-26T16:12:54.087+0000] {processor.py:830} INFO - Processing file /opt/airflow/dags/oltp_s3_dwh.py for tasks to queue
[2026-02-26T16:12:54.090+0000] {logging_mixin.py:188} INFO - [2026-02-26T16:12:54.089+0000] {dagbag.py:545} INFO - Filling up the DagBag from /opt/airflow/dags/oltp_s3_dwh.py
[2026-02-26T16:12:54.554+0000] {processor.py:840} INFO - DAG(s) 'oltp_s3_dwh' retrieved from /opt/airflow/dags/oltp_s3_dwh.py
[2026-02-26T16:12:54.581+0000] {logging_mixin.py:188} INFO - [2026-02-26T16:12:54.580+0000] {dag.py:3089} INFO - Sync 1 DAGs
[2026-02-26T16:12:54.605+0000] {logging_mixin.py:188} INFO - [2026-02-26T16:12:54.604+0000] {dag.py:3947} INFO - Setting next_dagrun for oltp_s3_dwh to 2026-02-01 00:00:00+00:00, run_after=2026-03-01 00:00:00+00:00
[2026-02-26T16:12:54.627+0000] {processor.py:183} INFO - Processing /opt/airflow/dags/oltp_s3_dwh.py took 0.549 seconds
[2026-02-26T16:13:24.715+0000] {processor.py:161} INFO - Started process (PID=470) to work on /opt/airflow/dags/oltp_s3_dwh.py
[2026-02-26T16:13:24.717+0000] {processor.py:830} INFO - Processing file /opt/airflow/dags/oltp_s3_dwh.py for tasks to queue
[2026-02-26T16:13:24.719+0000] {logging_mixin.py:188} INFO - [2026-02-26T16:13:24.719+0000] {dagbag.py:545} INFO - Filling up the DagBag from /opt/airflow/dags/oltp_s3_dwh.py
[2026-02-26T16:13:25.270+0000] {processor.py:840} INFO - DAG(s) 'oltp_s3_dwh' retrieved from /opt/airflow/dags/oltp_s3_dwh.py
[2026-02-26T16:13:25.303+0000] {logging_mixin.py:188} INFO - [2026-02-26T16:13:25.303+0000] {dag.py:3089} INFO - Sync 1 DAGs
[2026-02-26T16:13:25.327+0000] {logging_mixin.py:188} INFO - [2026-02-26T16:13:25.327+0000] {dag.py:3947} INFO - Setting next_dagrun for oltp_s3_dwh to 2026-02-01 00:00:00+00:00, run_after=2026-03-01 00:00:00+00:00
[2026-02-26T16:13:25.353+0000] {processor.py:183} INFO - Processing /opt/airflow/dags/oltp_s3_dwh.py took 0.645 seconds
[2026-02-26T16:13:55.982+0000] {processor.py:161} INFO - Started process (PID=501) to work on /opt/airflow/dags/oltp_s3_dwh.py
[2026-02-26T16:13:55.984+0000] {processor.py:830} INFO - Processing file /opt/airflow/dags/oltp_s3_dwh.py for tasks to queue
[2026-02-26T16:13:55.987+0000] {logging_mixin.py:188} INFO - [2026-02-26T16:13:55.986+0000] {dagbag.py:545} INFO - Filling up the DagBag from /opt/airflow/dags/oltp_s3_dwh.py
[2026-02-26T16:13:56.543+0000] {processor.py:840} INFO - DAG(s) 'oltp_s3_dwh' retrieved from /opt/airflow/dags/oltp_s3_dwh.py
[2026-02-26T16:13:56.578+0000] {logging_mixin.py:188} INFO - [2026-02-26T16:13:56.578+0000] {dag.py:3089} INFO - Sync 1 DAGs
[2026-02-26T16:13:56.609+0000] {logging_mixin.py:188} INFO - [2026-02-26T16:13:56.608+0000] {dag.py:3947} INFO - Setting next_dagrun for oltp_s3_dwh to 2026-02-01 00:00:00+00:00, run_after=2026-03-01 00:00:00+00:00
[2026-02-26T16:13:56.671+0000] {processor.py:183} INFO - Processing /opt/airflow/dags/oltp_s3_dwh.py took 0.697 seconds
[2026-02-26T16:14:27.221+0000] {processor.py:161} INFO - Started process (PID=527) to work on /opt/airflow/dags/oltp_s3_dwh.py
[2026-02-26T16:14:27.222+0000] {processor.py:830} INFO - Processing file /opt/airflow/dags/oltp_s3_dwh.py for tasks to queue
[2026-02-26T16:14:27.226+0000] {logging_mixin.py:188} INFO - [2026-02-26T16:14:27.225+0000] {dagbag.py:545} INFO - Filling up the DagBag from /opt/airflow/dags/oltp_s3_dwh.py
[2026-02-26T16:14:27.735+0000] {processor.py:840} INFO - DAG(s) 'oltp_s3_dwh' retrieved from /opt/airflow/dags/oltp_s3_dwh.py
[2026-02-26T16:14:27.765+0000] {logging_mixin.py:188} INFO - [2026-02-26T16:14:27.763+0000] {dag.py:3089} INFO - Sync 1 DAGs
[2026-02-26T16:14:27.798+0000] {logging_mixin.py:188} INFO - [2026-02-26T16:14:27.798+0000] {dag.py:3947} INFO - Setting next_dagrun for oltp_s3_dwh to 2026-02-01 00:00:00+00:00, run_after=2026-03-01 00:00:00+00:00
[2026-02-26T16:14:27.826+0000] {processor.py:183} INFO - Processing /opt/airflow/dags/oltp_s3_dwh.py took 0.613 seconds
[2026-02-26T16:14:57.927+0000] {processor.py:161} INFO - Started process (PID=560) to work on /opt/airflow/dags/oltp_s3_dwh.py
[2026-02-26T16:14:57.928+0000] {processor.py:830} INFO - Processing file /opt/airflow/dags/oltp_s3_dwh.py for tasks to queue
[2026-02-26T16:14:57.930+0000] {logging_mixin.py:188} INFO - [2026-02-26T16:14:57.930+0000] {dagbag.py:545} INFO - Filling up the DagBag from /opt/airflow/dags/oltp_s3_dwh.py
[2026-02-26T16:14:58.391+0000] {processor.py:840} INFO - DAG(s) 'oltp_s3_dwh' retrieved from /opt/airflow/dags/oltp_s3_dwh.py
[2026-02-26T16:14:58.420+0000] {logging_mixin.py:188} INFO - [2026-02-26T16:14:58.420+0000] {dag.py:3089} INFO - Sync 1 DAGs
[2026-02-26T16:14:58.443+0000] {logging_mixin.py:188} INFO - [2026-02-26T16:14:58.443+0000] {dag.py:3947} INFO - Setting next_dagrun for oltp_s3_dwh to 2026-02-01 00:00:00+00:00, run_after=2026-03-01 00:00:00+00:00
[2026-02-26T16:14:58.466+0000] {processor.py:183} INFO - Processing /opt/airflow/dags/oltp_s3_dwh.py took 0.546 seconds
[2026-02-26T16:15:29.430+0000] {processor.py:161} INFO - Started process (PID=587) to work on /opt/airflow/dags/oltp_s3_dwh.py
[2026-02-26T16:15:29.431+0000] {processor.py:830} INFO - Processing file /opt/airflow/dags/oltp_s3_dwh.py for tasks to queue
[2026-02-26T16:15:29.433+0000] {logging_mixin.py:188} INFO - [2026-02-26T16:15:29.433+0000] {dagbag.py:545} INFO - Filling up the DagBag from /opt/airflow/dags/oltp_s3_dwh.py
[2026-02-26T16:15:29.995+0000] {processor.py:840} INFO - DAG(s) 'oltp_s3_dwh' retrieved from /opt/airflow/dags/oltp_s3_dwh.py
[2026-02-26T16:15:30.034+0000] {logging_mixin.py:188} INFO - [2026-02-26T16:15:30.034+0000] {dag.py:3089} INFO - Sync 1 DAGs
[2026-02-26T16:15:30.067+0000] {logging_mixin.py:188} INFO - [2026-02-26T16:15:30.067+0000] {dag.py:3947} INFO - Setting next_dagrun for oltp_s3_dwh to 2026-02-01 00:00:00+00:00, run_after=2026-03-01 00:00:00+00:00
[2026-02-26T16:15:30.110+0000] {processor.py:183} INFO - Processing /opt/airflow/dags/oltp_s3_dwh.py took 0.689 seconds
[2026-02-26T16:16:00.629+0000] {processor.py:161} INFO - Started process (PID=620) to work on /opt/airflow/dags/oltp_s3_dwh.py
[2026-02-26T16:16:00.630+0000] {processor.py:830} INFO - Processing file /opt/airflow/dags/oltp_s3_dwh.py for tasks to queue
[2026-02-26T16:16:00.632+0000] {logging_mixin.py:188} INFO - [2026-02-26T16:16:00.632+0000] {dagbag.py:545} INFO - Filling up the DagBag from /opt/airflow/dags/oltp_s3_dwh.py
[2026-02-26T16:16:01.108+0000] {processor.py:840} INFO - DAG(s) 'oltp_s3_dwh' retrieved from /opt/airflow/dags/oltp_s3_dwh.py
[2026-02-26T16:16:01.138+0000] {logging_mixin.py:188} INFO - [2026-02-26T16:16:01.137+0000] {dag.py:3089} INFO - Sync 1 DAGs
[2026-02-26T16:16:01.159+0000] {logging_mixin.py:188} INFO - [2026-02-26T16:16:01.159+0000] {dag.py:3947} INFO - Setting next_dagrun for oltp_s3_dwh to 2026-02-01 00:00:00+00:00, run_after=2026-03-01 00:00:00+00:00
[2026-02-26T16:16:01.188+0000] {processor.py:183} INFO - Processing /opt/airflow/dags/oltp_s3_dwh.py took 0.567 seconds
[2026-02-26T16:16:31.956+0000] {processor.py:161} INFO - Started process (PID=646) to work on /opt/airflow/dags/oltp_s3_dwh.py
[2026-02-26T16:16:31.957+0000] {processor.py:830} INFO - Processing file /opt/airflow/dags/oltp_s3_dwh.py for tasks to queue
[2026-02-26T16:16:31.960+0000] {logging_mixin.py:188} INFO - [2026-02-26T16:16:31.959+0000] {dagbag.py:545} INFO - Filling up the DagBag from /opt/airflow/dags/oltp_s3_dwh.py
[2026-02-26T16:16:32.545+0000] {processor.py:840} INFO - DAG(s) 'oltp_s3_dwh' retrieved from /opt/airflow/dags/oltp_s3_dwh.py
[2026-02-26T16:16:32.588+0000] {logging_mixin.py:188} INFO - [2026-02-26T16:16:32.587+0000] {dag.py:3089} INFO - Sync 1 DAGs
[2026-02-26T16:16:32.619+0000] {logging_mixin.py:188} INFO - [2026-02-26T16:16:32.618+0000] {dag.py:3947} INFO - Setting next_dagrun for oltp_s3_dwh to 2026-02-01 00:00:00+00:00, run_after=2026-03-01 00:00:00+00:00
[2026-02-26T16:16:32.657+0000] {processor.py:183} INFO - Processing /opt/airflow/dags/oltp_s3_dwh.py took 0.707 seconds
[2026-02-26T16:17:03.128+0000] {processor.py:161} INFO - Started process (PID=679) to work on /opt/airflow/dags/oltp_s3_dwh.py
[2026-02-26T16:17:03.130+0000] {processor.py:830} INFO - Processing file /opt/airflow/dags/oltp_s3_dwh.py for tasks to queue
[2026-02-26T16:17:03.132+0000] {logging_mixin.py:188} INFO - [2026-02-26T16:17:03.131+0000] {dagbag.py:545} INFO - Filling up the DagBag from /opt/airflow/dags/oltp_s3_dwh.py
[2026-02-26T16:17:03.599+0000] {processor.py:840} INFO - DAG(s) 'oltp_s3_dwh' retrieved from /opt/airflow/dags/oltp_s3_dwh.py
[2026-02-26T16:17:03.628+0000] {logging_mixin.py:188} INFO - [2026-02-26T16:17:03.627+0000] {dag.py:3089} INFO - Sync 1 DAGs
[2026-02-26T16:17:03.650+0000] {logging_mixin.py:188} INFO - [2026-02-26T16:17:03.650+0000] {dag.py:3947} INFO - Setting next_dagrun for oltp_s3_dwh to 2026-02-01 00:00:00+00:00, run_after=2026-03-01 00:00:00+00:00
[2026-02-26T16:17:03.674+0000] {processor.py:183} INFO - Processing /opt/airflow/dags/oltp_s3_dwh.py took 0.552 seconds
[2026-02-26T16:17:34.124+0000] {processor.py:161} INFO - Started process (PID=706) to work on /opt/airflow/dags/oltp_s3_dwh.py
[2026-02-26T16:17:34.125+0000] {processor.py:830} INFO - Processing file /opt/airflow/dags/oltp_s3_dwh.py for tasks to queue
[2026-02-26T16:17:34.129+0000] {logging_mixin.py:188} INFO - [2026-02-26T16:17:34.128+0000] {dagbag.py:545} INFO - Filling up the DagBag from /opt/airflow/dags/oltp_s3_dwh.py
[2026-02-26T16:17:34.720+0000] {processor.py:840} INFO - DAG(s) 'oltp_s3_dwh' retrieved from /opt/airflow/dags/oltp_s3_dwh.py
[2026-02-26T16:17:34.763+0000] {logging_mixin.py:188} INFO - [2026-02-26T16:17:34.762+0000] {dag.py:3089} INFO - Sync 1 DAGs
[2026-02-26T16:17:34.790+0000] {logging_mixin.py:188} INFO - [2026-02-26T16:17:34.790+0000] {dag.py:3947} INFO - Setting next_dagrun for oltp_s3_dwh to 2026-02-01 00:00:00+00:00, run_after=2026-03-01 00:00:00+00:00
[2026-02-26T16:17:34.821+0000] {processor.py:183} INFO - Processing /opt/airflow/dags/oltp_s3_dwh.py took 0.705 seconds
[2026-02-26T16:18:05.295+0000] {processor.py:161} INFO - Started process (PID=739) to work on /opt/airflow/dags/oltp_s3_dwh.py
[2026-02-26T16:18:05.296+0000] {processor.py:830} INFO - Processing file /opt/airflow/dags/oltp_s3_dwh.py for tasks to queue
[2026-02-26T16:18:05.298+0000] {logging_mixin.py:188} INFO - [2026-02-26T16:18:05.298+0000] {dagbag.py:545} INFO - Filling up the DagBag from /opt/airflow/dags/oltp_s3_dwh.py
[2026-02-26T16:18:05.762+0000] {processor.py:840} INFO - DAG(s) 'oltp_s3_dwh' retrieved from /opt/airflow/dags/oltp_s3_dwh.py
[2026-02-26T16:18:05.788+0000] {logging_mixin.py:188} INFO - [2026-02-26T16:18:05.787+0000] {dag.py:3089} INFO - Sync 1 DAGs
[2026-02-26T16:18:05.808+0000] {logging_mixin.py:188} INFO - [2026-02-26T16:18:05.807+0000] {dag.py:3947} INFO - Setting next_dagrun for oltp_s3_dwh to 2026-02-01 00:00:00+00:00, run_after=2026-03-01 00:00:00+00:00
[2026-02-26T16:18:05.835+0000] {processor.py:183} INFO - Processing /opt/airflow/dags/oltp_s3_dwh.py took 0.549 seconds
[2026-02-26T16:18:35.994+0000] {processor.py:161} INFO - Started process (PID=765) to work on /opt/airflow/dags/oltp_s3_dwh.py
[2026-02-26T16:18:35.995+0000] {processor.py:830} INFO - Processing file /opt/airflow/dags/oltp_s3_dwh.py for tasks to queue
[2026-02-26T16:18:35.998+0000] {logging_mixin.py:188} INFO - [2026-02-26T16:18:35.997+0000] {dagbag.py:545} INFO - Filling up the DagBag from /opt/airflow/dags/oltp_s3_dwh.py
[2026-02-26T16:18:36.783+0000] {processor.py:840} INFO - DAG(s) 'oltp_s3_dwh' retrieved from /opt/airflow/dags/oltp_s3_dwh.py
[2026-02-26T16:18:36.825+0000] {logging_mixin.py:188} INFO - [2026-02-26T16:18:36.824+0000] {dag.py:3089} INFO - Sync 1 DAGs
[2026-02-26T16:18:36.853+0000] {logging_mixin.py:188} INFO - [2026-02-26T16:18:36.852+0000] {dag.py:3947} INFO - Setting next_dagrun for oltp_s3_dwh to 2026-02-01 00:00:00+00:00, run_after=2026-03-01 00:00:00+00:00
[2026-02-26T16:18:36.885+0000] {processor.py:183} INFO - Processing /opt/airflow/dags/oltp_s3_dwh.py took 0.898 seconds
[2026-02-26T16:19:07.383+0000] {processor.py:161} INFO - Started process (PID=797) to work on /opt/airflow/dags/oltp_s3_dwh.py
[2026-02-26T16:19:07.384+0000] {processor.py:830} INFO - Processing file /opt/airflow/dags/oltp_s3_dwh.py for tasks to queue
[2026-02-26T16:19:07.387+0000] {logging_mixin.py:188} INFO - [2026-02-26T16:19:07.386+0000] {dagbag.py:545} INFO - Filling up the DagBag from /opt/airflow/dags/oltp_s3_dwh.py
[2026-02-26T16:19:07.878+0000] {processor.py:840} INFO - DAG(s) 'oltp_s3_dwh' retrieved from /opt/airflow/dags/oltp_s3_dwh.py
[2026-02-26T16:19:07.909+0000] {logging_mixin.py:188} INFO - [2026-02-26T16:19:07.909+0000] {dag.py:3089} INFO - Sync 1 DAGs
[2026-02-26T16:19:07.935+0000] {logging_mixin.py:188} INFO - [2026-02-26T16:19:07.934+0000] {dag.py:3947} INFO - Setting next_dagrun for oltp_s3_dwh to 2026-02-01 00:00:00+00:00, run_after=2026-03-01 00:00:00+00:00
[2026-02-26T16:19:07.961+0000] {processor.py:183} INFO - Processing /opt/airflow/dags/oltp_s3_dwh.py took 0.584 seconds
[2026-02-26T16:19:38.492+0000] {processor.py:161} INFO - Started process (PID=824) to work on /opt/airflow/dags/oltp_s3_dwh.py
[2026-02-26T16:19:38.494+0000] {processor.py:830} INFO - Processing file /opt/airflow/dags/oltp_s3_dwh.py for tasks to queue
[2026-02-26T16:19:38.498+0000] {logging_mixin.py:188} INFO - [2026-02-26T16:19:38.497+0000] {dagbag.py:545} INFO - Filling up the DagBag from /opt/airflow/dags/oltp_s3_dwh.py
[2026-02-26T16:19:39.115+0000] {processor.py:840} INFO - DAG(s) 'oltp_s3_dwh' retrieved from /opt/airflow/dags/oltp_s3_dwh.py
[2026-02-26T16:19:39.153+0000] {logging_mixin.py:188} INFO - [2026-02-26T16:19:39.153+0000] {dag.py:3089} INFO - Sync 1 DAGs
[2026-02-26T16:19:39.177+0000] {logging_mixin.py:188} INFO - [2026-02-26T16:19:39.177+0000] {dag.py:3947} INFO - Setting next_dagrun for oltp_s3_dwh to 2026-02-01 00:00:00+00:00, run_after=2026-03-01 00:00:00+00:00
[2026-02-26T16:19:39.210+0000] {processor.py:183} INFO - Processing /opt/airflow/dags/oltp_s3_dwh.py took 0.724 seconds
[2026-02-26T16:20:09.739+0000] {processor.py:161} INFO - Started process (PID=857) to work on /opt/airflow/dags/oltp_s3_dwh.py
[2026-02-26T16:20:09.740+0000] {processor.py:830} INFO - Processing file /opt/airflow/dags/oltp_s3_dwh.py for tasks to queue
[2026-02-26T16:20:09.743+0000] {logging_mixin.py:188} INFO - [2026-02-26T16:20:09.742+0000] {dagbag.py:545} INFO - Filling up the DagBag from /opt/airflow/dags/oltp_s3_dwh.py
[2026-02-26T16:20:10.230+0000] {processor.py:840} INFO - DAG(s) 'oltp_s3_dwh' retrieved from /opt/airflow/dags/oltp_s3_dwh.py
[2026-02-26T16:20:10.262+0000] {logging_mixin.py:188} INFO - [2026-02-26T16:20:10.262+0000] {dag.py:3089} INFO - Sync 1 DAGs
[2026-02-26T16:20:10.287+0000] {logging_mixin.py:188} INFO - [2026-02-26T16:20:10.286+0000] {dag.py:3947} INFO - Setting next_dagrun for oltp_s3_dwh to 2026-02-01 00:00:00+00:00, run_after=2026-03-01 00:00:00+00:00
[2026-02-26T16:20:10.309+0000] {processor.py:183} INFO - Processing /opt/airflow/dags/oltp_s3_dwh.py took 0.576 seconds
[2026-02-26T16:20:40.850+0000] {processor.py:161} INFO - Started process (PID=883) to work on /opt/airflow/dags/oltp_s3_dwh.py
[2026-02-26T16:20:40.852+0000] {processor.py:830} INFO - Processing file /opt/airflow/dags/oltp_s3_dwh.py for tasks to queue
[2026-02-26T16:20:40.854+0000] {logging_mixin.py:188} INFO - [2026-02-26T16:20:40.854+0000] {dagbag.py:545} INFO - Filling up the DagBag from /opt/airflow/dags/oltp_s3_dwh.py
[2026-02-26T16:20:41.441+0000] {processor.py:840} INFO - DAG(s) 'oltp_s3_dwh' retrieved from /opt/airflow/dags/oltp_s3_dwh.py
[2026-02-26T16:20:41.474+0000] {logging_mixin.py:188} INFO - [2026-02-26T16:20:41.474+0000] {dag.py:3089} INFO - Sync 1 DAGs
[2026-02-26T16:20:41.502+0000] {logging_mixin.py:188} INFO - [2026-02-26T16:20:41.502+0000] {dag.py:3947} INFO - Setting next_dagrun for oltp_s3_dwh to 2026-02-01 00:00:00+00:00, run_after=2026-03-01 00:00:00+00:00
[2026-02-26T16:20:41.534+0000] {processor.py:183} INFO - Processing /opt/airflow/dags/oltp_s3_dwh.py took 0.691 seconds
[2026-02-26T16:21:11.941+0000] {processor.py:161} INFO - Started process (PID=916) to work on /opt/airflow/dags/oltp_s3_dwh.py
[2026-02-26T16:21:11.943+0000] {processor.py:830} INFO - Processing file /opt/airflow/dags/oltp_s3_dwh.py for tasks to queue
[2026-02-26T16:21:11.945+0000] {logging_mixin.py:188} INFO - [2026-02-26T16:21:11.945+0000] {dagbag.py:545} INFO - Filling up the DagBag from /opt/airflow/dags/oltp_s3_dwh.py
[2026-02-26T16:21:12.424+0000] {processor.py:840} INFO - DAG(s) 'oltp_s3_dwh' retrieved from /opt/airflow/dags/oltp_s3_dwh.py
[2026-02-26T16:21:12.452+0000] {logging_mixin.py:188} INFO - [2026-02-26T16:21:12.451+0000] {dag.py:3089} INFO - Sync 1 DAGs
[2026-02-26T16:21:12.474+0000] {logging_mixin.py:188} INFO - [2026-02-26T16:21:12.474+0000] {dag.py:3947} INFO - Setting next_dagrun for oltp_s3_dwh to 2026-02-01 00:00:00+00:00, run_after=2026-03-01 00:00:00+00:00
[2026-02-26T16:21:12.500+0000] {processor.py:183} INFO - Processing /opt/airflow/dags/oltp_s3_dwh.py took 0.566 seconds
[2026-02-26T16:21:43.037+0000] {processor.py:161} INFO - Started process (PID=942) to work on /opt/airflow/dags/oltp_s3_dwh.py
[2026-02-26T16:21:43.039+0000] {processor.py:830} INFO - Processing file /opt/airflow/dags/oltp_s3_dwh.py for tasks to queue
[2026-02-26T16:21:43.044+0000] {logging_mixin.py:188} INFO - [2026-02-26T16:21:43.044+0000] {dagbag.py:545} INFO - Filling up the DagBag from /opt/airflow/dags/oltp_s3_dwh.py
[2026-02-26T16:21:43.637+0000] {processor.py:840} INFO - DAG(s) 'oltp_s3_dwh' retrieved from /opt/airflow/dags/oltp_s3_dwh.py
[2026-02-26T16:21:43.674+0000] {logging_mixin.py:188} INFO - [2026-02-26T16:21:43.673+0000] {dag.py:3089} INFO - Sync 1 DAGs
[2026-02-26T16:21:43.697+0000] {logging_mixin.py:188} INFO - [2026-02-26T16:21:43.697+0000] {dag.py:3947} INFO - Setting next_dagrun for oltp_s3_dwh to 2026-02-01 00:00:00+00:00, run_after=2026-03-01 00:00:00+00:00
[2026-02-26T16:21:43.729+0000] {processor.py:183} INFO - Processing /opt/airflow/dags/oltp_s3_dwh.py took 0.701 seconds
[2026-02-26T16:22:14.260+0000] {processor.py:161} INFO - Started process (PID=974) to work on /opt/airflow/dags/oltp_s3_dwh.py
[2026-02-26T16:22:14.261+0000] {processor.py:830} INFO - Processing file /opt/airflow/dags/oltp_s3_dwh.py for tasks to queue
[2026-02-26T16:22:14.263+0000] {logging_mixin.py:188} INFO - [2026-02-26T16:22:14.263+0000] {dagbag.py:545} INFO - Filling up the DagBag from /opt/airflow/dags/oltp_s3_dwh.py
[2026-02-26T16:22:14.751+0000] {processor.py:840} INFO - DAG(s) 'oltp_s3_dwh' retrieved from /opt/airflow/dags/oltp_s3_dwh.py
[2026-02-26T16:22:14.786+0000] {logging_mixin.py:188} INFO - [2026-02-26T16:22:14.785+0000] {dag.py:3089} INFO - Sync 1 DAGs
[2026-02-26T16:22:14.810+0000] {logging_mixin.py:188} INFO - [2026-02-26T16:22:14.810+0000] {dag.py:3947} INFO - Setting next_dagrun for oltp_s3_dwh to 2026-02-01 00:00:00+00:00, run_after=2026-03-01 00:00:00+00:00
[2026-02-26T16:22:14.836+0000] {processor.py:183} INFO - Processing /opt/airflow/dags/oltp_s3_dwh.py took 0.583 seconds
[2026-02-26T16:22:45.148+0000] {processor.py:161} INFO - Started process (PID=999) to work on /opt/airflow/dags/oltp_s3_dwh.py
[2026-02-26T16:22:45.150+0000] {processor.py:830} INFO - Processing file /opt/airflow/dags/oltp_s3_dwh.py for tasks to queue
[2026-02-26T16:22:45.153+0000] {logging_mixin.py:188} INFO - [2026-02-26T16:22:45.152+0000] {dagbag.py:545} INFO - Filling up the DagBag from /opt/airflow/dags/oltp_s3_dwh.py
[2026-02-26T16:22:45.705+0000] {processor.py:840} INFO - DAG(s) 'oltp_s3_dwh' retrieved from /opt/airflow/dags/oltp_s3_dwh.py
[2026-02-26T16:22:45.753+0000] {logging_mixin.py:188} INFO - [2026-02-26T16:22:45.753+0000] {dag.py:3089} INFO - Sync 1 DAGs
[2026-02-26T16:22:45.788+0000] {logging_mixin.py:188} INFO - [2026-02-26T16:22:45.787+0000] {dag.py:3947} INFO - Setting next_dagrun for oltp_s3_dwh to 2026-02-01 00:00:00+00:00, run_after=2026-03-01 00:00:00+00:00
[2026-02-26T16:22:45.819+0000] {processor.py:183} INFO - Processing /opt/airflow/dags/oltp_s3_dwh.py took 0.682 seconds
[2026-02-26T16:23:16.591+0000] {processor.py:161} INFO - Started process (PID=1032) to work on /opt/airflow/dags/oltp_s3_dwh.py
[2026-02-26T16:23:16.593+0000] {processor.py:830} INFO - Processing file /opt/airflow/dags/oltp_s3_dwh.py for tasks to queue
[2026-02-26T16:23:16.599+0000] {logging_mixin.py:188} INFO - [2026-02-26T16:23:16.597+0000] {dagbag.py:545} INFO - Filling up the DagBag from /opt/airflow/dags/oltp_s3_dwh.py
[2026-02-26T16:23:17.108+0000] {processor.py:840} INFO - DAG(s) 'oltp_s3_dwh' retrieved from /opt/airflow/dags/oltp_s3_dwh.py
[2026-02-26T16:23:17.135+0000] {logging_mixin.py:188} INFO - [2026-02-26T16:23:17.134+0000] {dag.py:3089} INFO - Sync 1 DAGs
[2026-02-26T16:23:17.161+0000] {logging_mixin.py:188} INFO - [2026-02-26T16:23:17.160+0000] {dag.py:3947} INFO - Setting next_dagrun for oltp_s3_dwh to 2026-02-01 00:00:00+00:00, run_after=2026-03-01 00:00:00+00:00
[2026-02-26T16:23:17.185+0000] {processor.py:183} INFO - Processing /opt/airflow/dags/oltp_s3_dwh.py took 0.610 seconds
[2026-02-26T16:23:47.722+0000] {processor.py:161} INFO - Started process (PID=1058) to work on /opt/airflow/dags/oltp_s3_dwh.py
[2026-02-26T16:23:47.724+0000] {processor.py:830} INFO - Processing file /opt/airflow/dags/oltp_s3_dwh.py for tasks to queue
[2026-02-26T16:23:47.728+0000] {logging_mixin.py:188} INFO - [2026-02-26T16:23:47.727+0000] {dagbag.py:545} INFO - Filling up the DagBag from /opt/airflow/dags/oltp_s3_dwh.py
[2026-02-26T16:23:48.261+0000] {processor.py:840} INFO - DAG(s) 'oltp_s3_dwh' retrieved from /opt/airflow/dags/oltp_s3_dwh.py
[2026-02-26T16:23:48.296+0000] {logging_mixin.py:188} INFO - [2026-02-26T16:23:48.296+0000] {dag.py:3089} INFO - Sync 1 DAGs
[2026-02-26T16:23:48.324+0000] {logging_mixin.py:188} INFO - [2026-02-26T16:23:48.324+0000] {dag.py:3947} INFO - Setting next_dagrun for oltp_s3_dwh to 2026-02-01 00:00:00+00:00, run_after=2026-03-01 00:00:00+00:00
[2026-02-26T16:23:48.365+0000] {processor.py:183} INFO - Processing /opt/airflow/dags/oltp_s3_dwh.py took 0.650 seconds
[2026-02-26T16:24:18.633+0000] {processor.py:161} INFO - Started process (PID=1091) to work on /opt/airflow/dags/oltp_s3_dwh.py
[2026-02-26T16:24:18.637+0000] {processor.py:830} INFO - Processing file /opt/airflow/dags/oltp_s3_dwh.py for tasks to queue
[2026-02-26T16:24:18.648+0000] {logging_mixin.py:188} INFO - [2026-02-26T16:24:18.648+0000] {dagbag.py:545} INFO - Filling up the DagBag from /opt/airflow/dags/oltp_s3_dwh.py
[2026-02-26T16:24:19.303+0000] {processor.py:840} INFO - DAG(s) 'oltp_s3_dwh' retrieved from /opt/airflow/dags/oltp_s3_dwh.py
[2026-02-26T16:24:19.336+0000] {logging_mixin.py:188} INFO - [2026-02-26T16:24:19.336+0000] {dag.py:3089} INFO - Sync 1 DAGs
[2026-02-26T16:24:19.360+0000] {logging_mixin.py:188} INFO - [2026-02-26T16:24:19.360+0000] {dag.py:3947} INFO - Setting next_dagrun for oltp_s3_dwh to 2026-02-01 00:00:00+00:00, run_after=2026-03-01 00:00:00+00:00
[2026-02-26T16:24:19.387+0000] {processor.py:183} INFO - Processing /opt/airflow/dags/oltp_s3_dwh.py took 0.763 seconds
[2026-02-26T16:24:49.897+0000] {processor.py:161} INFO - Started process (PID=1117) to work on /opt/airflow/dags/oltp_s3_dwh.py
[2026-02-26T16:24:49.898+0000] {processor.py:830} INFO - Processing file /opt/airflow/dags/oltp_s3_dwh.py for tasks to queue
[2026-02-26T16:24:49.900+0000] {logging_mixin.py:188} INFO - [2026-02-26T16:24:49.900+0000] {dagbag.py:545} INFO - Filling up the DagBag from /opt/airflow/dags/oltp_s3_dwh.py
[2026-02-26T16:24:50.463+0000] {processor.py:840} INFO - DAG(s) 'oltp_s3_dwh' retrieved from /opt/airflow/dags/oltp_s3_dwh.py
[2026-02-26T16:24:50.497+0000] {logging_mixin.py:188} INFO - [2026-02-26T16:24:50.496+0000] {dag.py:3089} INFO - Sync 1 DAGs
[2026-02-26T16:24:50.523+0000] {logging_mixin.py:188} INFO - [2026-02-26T16:24:50.523+0000] {dag.py:3947} INFO - Setting next_dagrun for oltp_s3_dwh to 2026-02-01 00:00:00+00:00, run_after=2026-03-01 00:00:00+00:00
[2026-02-26T16:24:50.550+0000] {processor.py:183} INFO - Processing /opt/airflow/dags/oltp_s3_dwh.py took 0.662 seconds
[2026-02-26T16:25:21.089+0000] {processor.py:161} INFO - Started process (PID=1152) to work on /opt/airflow/dags/oltp_s3_dwh.py
[2026-02-26T16:25:21.091+0000] {processor.py:830} INFO - Processing file /opt/airflow/dags/oltp_s3_dwh.py for tasks to queue
[2026-02-26T16:25:21.093+0000] {logging_mixin.py:188} INFO - [2026-02-26T16:25:21.093+0000] {dagbag.py:545} INFO - Filling up the DagBag from /opt/airflow/dags/oltp_s3_dwh.py
[2026-02-26T16:25:21.640+0000] {processor.py:840} INFO - DAG(s) 'oltp_s3_dwh' retrieved from /opt/airflow/dags/oltp_s3_dwh.py
[2026-02-26T16:25:21.671+0000] {logging_mixin.py:188} INFO - [2026-02-26T16:25:21.670+0000] {dag.py:3089} INFO - Sync 1 DAGs
[2026-02-26T16:25:21.697+0000] {logging_mixin.py:188} INFO - [2026-02-26T16:25:21.696+0000] {dag.py:3947} INFO - Setting next_dagrun for oltp_s3_dwh to 2026-02-01 00:00:00+00:00, run_after=2026-03-01 00:00:00+00:00
[2026-02-26T16:25:21.723+0000] {processor.py:183} INFO - Processing /opt/airflow/dags/oltp_s3_dwh.py took 0.641 seconds
[2026-02-26T16:25:52.240+0000] {processor.py:161} INFO - Started process (PID=1178) to work on /opt/airflow/dags/oltp_s3_dwh.py
[2026-02-26T16:25:52.241+0000] {processor.py:830} INFO - Processing file /opt/airflow/dags/oltp_s3_dwh.py for tasks to queue
[2026-02-26T16:25:52.244+0000] {logging_mixin.py:188} INFO - [2026-02-26T16:25:52.244+0000] {dagbag.py:545} INFO - Filling up the DagBag from /opt/airflow/dags/oltp_s3_dwh.py
[2026-02-26T16:25:52.794+0000] {processor.py:840} INFO - DAG(s) 'oltp_s3_dwh' retrieved from /opt/airflow/dags/oltp_s3_dwh.py
[2026-02-26T16:25:52.827+0000] {logging_mixin.py:188} INFO - [2026-02-26T16:25:52.826+0000] {dag.py:3089} INFO - Sync 1 DAGs
[2026-02-26T16:25:52.860+0000] {logging_mixin.py:188} INFO - [2026-02-26T16:25:52.860+0000] {dag.py:3947} INFO - Setting next_dagrun for oltp_s3_dwh to 2026-02-01 00:00:00+00:00, run_after=2026-03-01 00:00:00+00:00
[2026-02-26T16:25:52.895+0000] {processor.py:183} INFO - Processing /opt/airflow/dags/oltp_s3_dwh.py took 0.664 seconds
[2026-02-26T16:26:23.427+0000] {processor.py:161} INFO - Started process (PID=1211) to work on /opt/airflow/dags/oltp_s3_dwh.py
[2026-02-26T16:26:23.430+0000] {processor.py:830} INFO - Processing file /opt/airflow/dags/oltp_s3_dwh.py for tasks to queue
[2026-02-26T16:26:23.434+0000] {logging_mixin.py:188} INFO - [2026-02-26T16:26:23.434+0000] {dagbag.py:545} INFO - Filling up the DagBag from /opt/airflow/dags/oltp_s3_dwh.py
[2026-02-26T16:26:24.099+0000] {processor.py:840} INFO - DAG(s) 'oltp_s3_dwh' retrieved from /opt/airflow/dags/oltp_s3_dwh.py
[2026-02-26T16:26:24.139+0000] {logging_mixin.py:188} INFO - [2026-02-26T16:26:24.138+0000] {dag.py:3089} INFO - Sync 1 DAGs
[2026-02-26T16:26:24.189+0000] {logging_mixin.py:188} INFO - [2026-02-26T16:26:24.189+0000] {dag.py:3947} INFO - Setting next_dagrun for oltp_s3_dwh to 2026-02-01 00:00:00+00:00, run_after=2026-03-01 00:00:00+00:00
[2026-02-26T16:26:24.235+0000] {processor.py:183} INFO - Processing /opt/airflow/dags/oltp_s3_dwh.py took 0.828 seconds
[2026-02-26T16:26:54.858+0000] {processor.py:161} INFO - Started process (PID=1237) to work on /opt/airflow/dags/oltp_s3_dwh.py
[2026-02-26T16:26:54.859+0000] {processor.py:830} INFO - Processing file /opt/airflow/dags/oltp_s3_dwh.py for tasks to queue
[2026-02-26T16:26:54.863+0000] {logging_mixin.py:188} INFO - [2026-02-26T16:26:54.862+0000] {dagbag.py:545} INFO - Filling up the DagBag from /opt/airflow/dags/oltp_s3_dwh.py
[2026-02-26T16:26:55.415+0000] {processor.py:840} INFO - DAG(s) 'oltp_s3_dwh' retrieved from /opt/airflow/dags/oltp_s3_dwh.py
[2026-02-26T16:26:55.458+0000] {logging_mixin.py:188} INFO - [2026-02-26T16:26:55.457+0000] {dag.py:3089} INFO - Sync 1 DAGs
[2026-02-26T16:26:55.486+0000] {logging_mixin.py:188} INFO - [2026-02-26T16:26:55.485+0000] {dag.py:3947} INFO - Setting next_dagrun for oltp_s3_dwh to 2026-02-01 00:00:00+00:00, run_after=2026-03-01 00:00:00+00:00
[2026-02-26T16:26:55.524+0000] {processor.py:183} INFO - Processing /opt/airflow/dags/oltp_s3_dwh.py took 0.673 seconds
[2026-02-26T16:27:25.982+0000] {processor.py:161} INFO - Started process (PID=1270) to work on /opt/airflow/dags/oltp_s3_dwh.py
[2026-02-26T16:27:25.983+0000] {processor.py:830} INFO - Processing file /opt/airflow/dags/oltp_s3_dwh.py for tasks to queue
[2026-02-26T16:27:25.987+0000] {logging_mixin.py:188} INFO - [2026-02-26T16:27:25.986+0000] {dagbag.py:545} INFO - Filling up the DagBag from /opt/airflow/dags/oltp_s3_dwh.py
[2026-02-26T16:27:26.504+0000] {processor.py:840} INFO - DAG(s) 'oltp_s3_dwh' retrieved from /opt/airflow/dags/oltp_s3_dwh.py
[2026-02-26T16:27:26.532+0000] {logging_mixin.py:188} INFO - [2026-02-26T16:27:26.531+0000] {dag.py:3089} INFO - Sync 1 DAGs
[2026-02-26T16:27:26.556+0000] {logging_mixin.py:188} INFO - [2026-02-26T16:27:26.555+0000] {dag.py:3947} INFO - Setting next_dagrun for oltp_s3_dwh to 2026-02-01 00:00:00+00:00, run_after=2026-03-01 00:00:00+00:00
[2026-02-26T16:27:26.582+0000] {processor.py:183} INFO - Processing /opt/airflow/dags/oltp_s3_dwh.py took 0.609 seconds
[2026-02-26T16:27:57.103+0000] {processor.py:161} INFO - Started process (PID=1297) to work on /opt/airflow/dags/oltp_s3_dwh.py
[2026-02-26T16:27:57.105+0000] {processor.py:830} INFO - Processing file /opt/airflow/dags/oltp_s3_dwh.py for tasks to queue
[2026-02-26T16:27:57.110+0000] {logging_mixin.py:188} INFO - [2026-02-26T16:27:57.109+0000] {dagbag.py:545} INFO - Filling up the DagBag from /opt/airflow/dags/oltp_s3_dwh.py
[2026-02-26T16:27:57.659+0000] {processor.py:840} INFO - DAG(s) 'oltp_s3_dwh' retrieved from /opt/airflow/dags/oltp_s3_dwh.py
[2026-02-26T16:27:57.687+0000] {logging_mixin.py:188} INFO - [2026-02-26T16:27:57.686+0000] {dag.py:3089} INFO - Sync 1 DAGs
[2026-02-26T16:27:57.708+0000] {logging_mixin.py:188} INFO - [2026-02-26T16:27:57.708+0000] {dag.py:3947} INFO - Setting next_dagrun for oltp_s3_dwh to 2026-02-01 00:00:00+00:00, run_after=2026-03-01 00:00:00+00:00
[2026-02-26T16:27:57.731+0000] {processor.py:183} INFO - Processing /opt/airflow/dags/oltp_s3_dwh.py took 0.637 seconds
[2026-02-26T16:28:27.948+0000] {processor.py:161} INFO - Started process (PID=1331) to work on /opt/airflow/dags/oltp_s3_dwh.py
[2026-02-26T16:28:27.949+0000] {processor.py:830} INFO - Processing file /opt/airflow/dags/oltp_s3_dwh.py for tasks to queue
[2026-02-26T16:28:27.952+0000] {logging_mixin.py:188} INFO - [2026-02-26T16:28:27.952+0000] {dagbag.py:545} INFO - Filling up the DagBag from /opt/airflow/dags/oltp_s3_dwh.py
[2026-02-26T16:28:28.484+0000] {processor.py:840} INFO - DAG(s) 'oltp_s3_dwh' retrieved from /opt/airflow/dags/oltp_s3_dwh.py
[2026-02-26T16:28:28.516+0000] {logging_mixin.py:188} INFO - [2026-02-26T16:28:28.516+0000] {dag.py:3089} INFO - Sync 1 DAGs
[2026-02-26T16:28:28.545+0000] {logging_mixin.py:188} INFO - [2026-02-26T16:28:28.545+0000] {dag.py:3947} INFO - Setting next_dagrun for oltp_s3_dwh to 2026-02-01 00:00:00+00:00, run_after=2026-03-01 00:00:00+00:00
[2026-02-26T16:28:28.579+0000] {processor.py:183} INFO - Processing /opt/airflow/dags/oltp_s3_dwh.py took 0.639 seconds
[2026-02-26T16:28:58.855+0000] {processor.py:161} INFO - Started process (PID=1356) to work on /opt/airflow/dags/oltp_s3_dwh.py
[2026-02-26T16:28:58.856+0000] {processor.py:830} INFO - Processing file /opt/airflow/dags/oltp_s3_dwh.py for tasks to queue
[2026-02-26T16:28:58.859+0000] {logging_mixin.py:188} INFO - [2026-02-26T16:28:58.859+0000] {dagbag.py:545} INFO - Filling up the DagBag from /opt/airflow/dags/oltp_s3_dwh.py
[2026-02-26T16:28:59.320+0000] {processor.py:840} INFO - DAG(s) 'oltp_s3_dwh' retrieved from /opt/airflow/dags/oltp_s3_dwh.py
[2026-02-26T16:28:59.362+0000] {logging_mixin.py:188} INFO - [2026-02-26T16:28:59.362+0000] {dag.py:3089} INFO - Sync 1 DAGs
[2026-02-26T16:28:59.394+0000] {logging_mixin.py:188} INFO - [2026-02-26T16:28:59.394+0000] {dag.py:3947} INFO - Setting next_dagrun for oltp_s3_dwh to 2026-02-01 00:00:00+00:00, run_after=2026-03-01 00:00:00+00:00
[2026-02-26T16:28:59.429+0000] {processor.py:183} INFO - Processing /opt/airflow/dags/oltp_s3_dwh.py took 0.580 seconds
[2026-02-26T16:29:29.519+0000] {processor.py:161} INFO - Started process (PID=1389) to work on /opt/airflow/dags/oltp_s3_dwh.py
[2026-02-26T16:29:29.522+0000] {processor.py:830} INFO - Processing file /opt/airflow/dags/oltp_s3_dwh.py for tasks to queue
[2026-02-26T16:29:29.526+0000] {logging_mixin.py:188} INFO - [2026-02-26T16:29:29.525+0000] {dagbag.py:545} INFO - Filling up the DagBag from /opt/airflow/dags/oltp_s3_dwh.py
[2026-02-26T16:29:30.063+0000] {processor.py:840} INFO - DAG(s) 'oltp_s3_dwh' retrieved from /opt/airflow/dags/oltp_s3_dwh.py
[2026-02-26T16:29:30.105+0000] {logging_mixin.py:188} INFO - [2026-02-26T16:29:30.105+0000] {dag.py:3089} INFO - Sync 1 DAGs
[2026-02-26T16:29:30.142+0000] {logging_mixin.py:188} INFO - [2026-02-26T16:29:30.142+0000] {dag.py:3947} INFO - Setting next_dagrun for oltp_s3_dwh to 2026-02-01 00:00:00+00:00, run_after=2026-03-01 00:00:00+00:00
[2026-02-26T16:29:30.178+0000] {processor.py:183} INFO - Processing /opt/airflow/dags/oltp_s3_dwh.py took 0.671 seconds
[2026-02-26T16:30:00.694+0000] {processor.py:161} INFO - Started process (PID=1415) to work on /opt/airflow/dags/oltp_s3_dwh.py
[2026-02-26T16:30:00.696+0000] {processor.py:830} INFO - Processing file /opt/airflow/dags/oltp_s3_dwh.py for tasks to queue
[2026-02-26T16:30:00.698+0000] {logging_mixin.py:188} INFO - [2026-02-26T16:30:00.698+0000] {dagbag.py:545} INFO - Filling up the DagBag from /opt/airflow/dags/oltp_s3_dwh.py
[2026-02-26T16:30:01.177+0000] {processor.py:840} INFO - DAG(s) 'oltp_s3_dwh' retrieved from /opt/airflow/dags/oltp_s3_dwh.py
[2026-02-26T16:30:01.206+0000] {logging_mixin.py:188} INFO - [2026-02-26T16:30:01.206+0000] {dag.py:3089} INFO - Sync 1 DAGs
[2026-02-26T16:30:01.229+0000] {logging_mixin.py:188} INFO - [2026-02-26T16:30:01.229+0000] {dag.py:3947} INFO - Setting next_dagrun for oltp_s3_dwh to 2026-02-01 00:00:00+00:00, run_after=2026-03-01 00:00:00+00:00
[2026-02-26T16:30:01.250+0000] {processor.py:183} INFO - Processing /opt/airflow/dags/oltp_s3_dwh.py took 0.562 seconds
[2026-02-26T16:30:31.623+0000] {processor.py:161} INFO - Started process (PID=1448) to work on /opt/airflow/dags/oltp_s3_dwh.py
[2026-02-26T16:30:31.624+0000] {processor.py:830} INFO - Processing file /opt/airflow/dags/oltp_s3_dwh.py for tasks to queue
[2026-02-26T16:30:31.626+0000] {logging_mixin.py:188} INFO - [2026-02-26T16:30:31.626+0000] {dagbag.py:545} INFO - Filling up the DagBag from /opt/airflow/dags/oltp_s3_dwh.py
[2026-02-26T16:30:32.193+0000] {processor.py:840} INFO - DAG(s) 'oltp_s3_dwh' retrieved from /opt/airflow/dags/oltp_s3_dwh.py
[2026-02-26T16:30:32.237+0000] {logging_mixin.py:188} INFO - [2026-02-26T16:30:32.236+0000] {dag.py:3089} INFO - Sync 1 DAGs
[2026-02-26T16:30:32.274+0000] {logging_mixin.py:188} INFO - [2026-02-26T16:30:32.274+0000] {dag.py:3947} INFO - Setting next_dagrun for oltp_s3_dwh to 2026-02-01 00:00:00+00:00, run_after=2026-03-01 00:00:00+00:00
[2026-02-26T16:30:32.306+0000] {processor.py:183} INFO - Processing /opt/airflow/dags/oltp_s3_dwh.py took 0.691 seconds
[2026-02-26T16:31:02.448+0000] {processor.py:161} INFO - Started process (PID=1474) to work on /opt/airflow/dags/oltp_s3_dwh.py
[2026-02-26T16:31:02.449+0000] {processor.py:830} INFO - Processing file /opt/airflow/dags/oltp_s3_dwh.py for tasks to queue
[2026-02-26T16:31:02.452+0000] {logging_mixin.py:188} INFO - [2026-02-26T16:31:02.451+0000] {dagbag.py:545} INFO - Filling up the DagBag from /opt/airflow/dags/oltp_s3_dwh.py
[2026-02-26T16:31:02.115+0000] {processor.py:840} INFO - DAG(s) 'oltp_s3_dwh' retrieved from /opt/airflow/dags/oltp_s3_dwh.py
[2026-02-26T16:31:02.144+0000] {logging_mixin.py:188} INFO - [2026-02-26T16:31:02.143+0000] {dag.py:3089} INFO - Sync 1 DAGs
[2026-02-26T16:31:02.166+0000] {logging_mixin.py:188} INFO - [2026-02-26T16:31:02.166+0000] {dag.py:3947} INFO - Setting next_dagrun for oltp_s3_dwh to 2026-02-01 00:00:00+00:00, run_after=2026-03-01 00:00:00+00:00
[2026-02-26T16:31:02.192+0000] {processor.py:183} INFO - Processing /opt/airflow/dags/oltp_s3_dwh.py took 0.589 seconds
[2026-02-26T16:31:32.770+0000] {processor.py:161} INFO - Started process (PID=1501) to work on /opt/airflow/dags/oltp_s3_dwh.py
[2026-02-26T16:31:32.772+0000] {processor.py:830} INFO - Processing file /opt/airflow/dags/oltp_s3_dwh.py for tasks to queue
[2026-02-26T16:31:32.774+0000] {logging_mixin.py:188} INFO - [2026-02-26T16:31:32.773+0000] {dagbag.py:545} INFO - Filling up the DagBag from /opt/airflow/dags/oltp_s3_dwh.py
[2026-02-26T16:31:33.239+0000] {processor.py:840} INFO - DAG(s) 'oltp_s3_dwh' retrieved from /opt/airflow/dags/oltp_s3_dwh.py
[2026-02-26T16:31:33.265+0000] {logging_mixin.py:188} INFO - [2026-02-26T16:31:33.264+0000] {dag.py:3089} INFO - Sync 1 DAGs
[2026-02-26T16:31:33.291+0000] {logging_mixin.py:188} INFO - [2026-02-26T16:31:33.290+0000] {dag.py:3947} INFO - Setting next_dagrun for oltp_s3_dwh to 2026-02-01 00:00:00+00:00, run_after=2026-03-01 00:00:00+00:00
[2026-02-26T16:31:33.317+0000] {processor.py:183} INFO - Processing /opt/airflow/dags/oltp_s3_dwh.py took 0.552 seconds
[2026-02-26T16:32:03.809+0000] {processor.py:161} INFO - Started process (PID=1535) to work on /opt/airflow/dags/oltp_s3_dwh.py
[2026-02-26T16:32:03.810+0000] {processor.py:830} INFO - Processing file /opt/airflow/dags/oltp_s3_dwh.py for tasks to queue
[2026-02-26T16:32:03.813+0000] {logging_mixin.py:188} INFO - [2026-02-26T16:32:03.812+0000] {dagbag.py:545} INFO - Filling up the DagBag from /opt/airflow/dags/oltp_s3_dwh.py
[2026-02-26T16:32:04.272+0000] {processor.py:840} INFO - DAG(s) 'oltp_s3_dwh' retrieved from /opt/airflow/dags/oltp_s3_dwh.py
[2026-02-26T16:32:04.300+0000] {logging_mixin.py:188} INFO - [2026-02-26T16:32:04.300+0000] {dag.py:3089} INFO - Sync 1 DAGs
[2026-02-26T16:32:04.324+0000] {logging_mixin.py:188} INFO - [2026-02-26T16:32:04.324+0000] {dag.py:3947} INFO - Setting next_dagrun for oltp_s3_dwh to 2026-02-01 00:00:00+00:00, run_after=2026-03-01 00:00:00+00:00
[2026-02-26T16:32:04.351+0000] {processor.py:183} INFO - Processing /opt/airflow/dags/oltp_s3_dwh.py took 0.549 seconds
[2026-02-26T16:32:34.957+0000] {processor.py:161} INFO - Started process (PID=1560) to work on /opt/airflow/dags/oltp_s3_dwh.py
[2026-02-26T16:32:34.958+0000] {processor.py:830} INFO - Processing file /opt/airflow/dags/oltp_s3_dwh.py for tasks to queue
[2026-02-26T16:32:34.961+0000] {logging_mixin.py:188} INFO - [2026-02-26T16:32:34.960+0000] {dagbag.py:545} INFO - Filling up the DagBag from /opt/airflow/dags/oltp_s3_dwh.py
[2026-02-26T16:32:35.453+0000] {processor.py:840} INFO - DAG(s) 'oltp_s3_dwh' retrieved from /opt/airflow/dags/oltp_s3_dwh.py
[2026-02-26T16:32:35.480+0000] {logging_mixin.py:188} INFO - [2026-02-26T16:32:35.479+0000] {dag.py:3089} INFO - Sync 1 DAGs
[2026-02-26T16:32:35.504+0000] {logging_mixin.py:188} INFO - [2026-02-26T16:32:35.504+0000] {dag.py:3947} INFO - Setting next_dagrun for oltp_s3_dwh to 2026-02-01 00:00:00+00:00, run_after=2026-03-01 00:00:00+00:00
[2026-02-26T16:32:35.530+0000] {processor.py:183} INFO - Processing /opt/airflow/dags/oltp_s3_dwh.py took 0.582 seconds
[2026-02-26T16:33:05.965+0000] {processor.py:161} INFO - Started process (PID=1592) to work on /opt/airflow/dags/oltp_s3_dwh.py
[2026-02-26T16:33:05.966+0000] {processor.py:830} INFO - Processing file /opt/airflow/dags/oltp_s3_dwh.py for tasks to queue
[2026-02-26T16:33:05.969+0000] {logging_mixin.py:188} INFO - [2026-02-26T16:33:05.968+0000] {dagbag.py:545} INFO - Filling up the DagBag from /opt/airflow/dags/oltp_s3_dwh.py
[2026-02-26T16:33:06.431+0000] {processor.py:840} INFO - DAG(s) 'oltp_s3_dwh' retrieved from /opt/airflow/dags/oltp_s3_dwh.py
[2026-02-26T16:33:06.458+0000] {logging_mixin.py:188} INFO - [2026-02-26T16:33:06.458+0000] {dag.py:3089} INFO - Sync 1 DAGs
[2026-02-26T16:33:06.479+0000] {logging_mixin.py:188} INFO - [2026-02-26T16:33:06.479+0000] {dag.py:3947} INFO - Setting next_dagrun for oltp_s3_dwh to 2026-02-01 00:00:00+00:00, run_after=2026-03-01 00:00:00+00:00
[2026-02-26T16:33:06.504+0000] {processor.py:183} INFO - Processing /opt/airflow/dags/oltp_s3_dwh.py took 0.546 seconds
[2026-02-26T16:33:36.997+0000] {processor.py:161} INFO - Started process (PID=1619) to work on /opt/airflow/dags/oltp_s3_dwh.py
[2026-02-26T16:33:37.000+0000] {processor.py:830} INFO - Processing file /opt/airflow/dags/oltp_s3_dwh.py for tasks to queue
[2026-02-26T16:33:37.003+0000] {logging_mixin.py:188} INFO - [2026-02-26T16:33:37.002+0000] {dagbag.py:545} INFO - Filling up the DagBag from /opt/airflow/dags/oltp_s3_dwh.py
[2026-02-26T16:33:37.552+0000] {processor.py:840} INFO - DAG(s) 'oltp_s3_dwh' retrieved from /opt/airflow/dags/oltp_s3_dwh.py
[2026-02-26T16:33:37.579+0000] {logging_mixin.py:188} INFO - [2026-02-26T16:33:37.578+0000] {dag.py:3089} INFO - Sync 1 DAGs
[2026-02-26T16:33:37.601+0000] {logging_mixin.py:188} INFO - [2026-02-26T16:33:37.601+0000] {dag.py:3947} INFO - Setting next_dagrun for oltp_s3_dwh to 2026-02-01 00:00:00+00:00, run_after=2026-03-01 00:00:00+00:00
[2026-02-26T16:33:37.626+0000] {processor.py:183} INFO - Processing /opt/airflow/dags/oltp_s3_dwh.py took 0.636 seconds
[2026-02-26T16:34:08.424+0000] {processor.py:161} INFO - Started process (PID=1653) to work on /opt/airflow/dags/oltp_s3_dwh.py
[2026-02-26T16:34:08.427+0000] {processor.py:830} INFO - Processing file /opt/airflow/dags/oltp_s3_dwh.py for tasks to queue
[2026-02-26T16:34:08.430+0000] {logging_mixin.py:188} INFO - [2026-02-26T16:34:08.429+0000] {dagbag.py:545} INFO - Filling up the DagBag from /opt/airflow/dags/oltp_s3_dwh.py
[2026-02-26T16:34:08.901+0000] {processor.py:840} INFO - DAG(s) 'oltp_s3_dwh' retrieved from /opt/airflow/dags/oltp_s3_dwh.py
[2026-02-26T16:34:08.930+0000] {logging_mixin.py:188} INFO - [2026-02-26T16:34:08.930+0000] {dag.py:3089} INFO - Sync 1 DAGs
[2026-02-26T16:34:08.952+0000] {logging_mixin.py:188} INFO - [2026-02-26T16:34:08.951+0000] {dag.py:3947} INFO - Setting next_dagrun for oltp_s3_dwh to 2026-02-01 00:00:00+00:00, run_after=2026-03-01 00:00:00+00:00
[2026-02-26T16:34:08.976+0000] {processor.py:183} INFO - Processing /opt/airflow/dags/oltp_s3_dwh.py took 0.559 seconds
[2026-02-26T16:34:39.480+0000] {processor.py:161} INFO - Started process (PID=1679) to work on /opt/airflow/dags/oltp_s3_dwh.py
[2026-02-26T16:34:39.481+0000] {processor.py:830} INFO - Processing file /opt/airflow/dags/oltp_s3_dwh.py for tasks to queue
[2026-02-26T16:34:39.483+0000] {logging_mixin.py:188} INFO - [2026-02-26T16:34:39.483+0000] {dagbag.py:545} INFO - Filling up the DagBag from /opt/airflow/dags/oltp_s3_dwh.py
[2026-02-26T16:34:39.982+0000] {processor.py:840} INFO - DAG(s) 'oltp_s3_dwh' retrieved from /opt/airflow/dags/oltp_s3_dwh.py
[2026-02-26T16:34:40.009+0000] {logging_mixin.py:188} INFO - [2026-02-26T16:34:40.008+0000] {dag.py:3089} INFO - Sync 1 DAGs
[2026-02-26T16:34:40.029+0000] {logging_mixin.py:188} INFO - [2026-02-26T16:34:40.029+0000] {dag.py:3947} INFO - Setting next_dagrun for oltp_s3_dwh to 2026-02-01 00:00:00+00:00, run_after=2026-03-01 00:00:00+00:00
[2026-02-26T16:34:40.051+0000] {processor.py:183} INFO - Processing /opt/airflow/dags/oltp_s3_dwh.py took 0.577 seconds
[2026-02-26T16:35:10.537+0000] {processor.py:161} INFO - Started process (PID=1713) to work on /opt/airflow/dags/oltp_s3_dwh.py
[2026-02-26T16:35:10.538+0000] {processor.py:830} INFO - Processing file /opt/airflow/dags/oltp_s3_dwh.py for tasks to queue
[2026-02-26T16:35:10.543+0000] {logging_mixin.py:188} INFO - [2026-02-26T16:35:10.542+0000] {dagbag.py:545} INFO - Filling up the DagBag from /opt/airflow/dags/oltp_s3_dwh.py
[2026-02-26T16:35:11.161+0000] {processor.py:840} INFO - DAG(s) 'oltp_s3_dwh' retrieved from /opt/airflow/dags/oltp_s3_dwh.py
[2026-02-26T16:35:11.188+0000] {logging_mixin.py:188} INFO - [2026-02-26T16:35:11.187+0000] {dag.py:3089} INFO - Sync 1 DAGs
[2026-02-26T16:35:11.214+0000] {logging_mixin.py:188} INFO - [2026-02-26T16:35:11.214+0000] {dag.py:3947} INFO - Setting next_dagrun for oltp_s3_dwh to 2026-02-01 00:00:00+00:00, run_after=2026-03-01 00:00:00+00:00
[2026-02-26T16:35:11.239+0000] {processor.py:183} INFO - Processing /opt/airflow/dags/oltp_s3_dwh.py took 0.711 seconds
[2026-02-26T16:35:41.828+0000] {processor.py:161} INFO - Started process (PID=1739) to work on /opt/airflow/dags/oltp_s3_dwh.py
[2026-02-26T16:35:41.829+0000] {processor.py:830} INFO - Processing file /opt/airflow/dags/oltp_s3_dwh.py for tasks to queue
[2026-02-26T16:35:41.831+0000] {logging_mixin.py:188} INFO - [2026-02-26T16:35:41.831+0000] {dagbag.py:545} INFO - Filling up the DagBag from /opt/airflow/dags/oltp_s3_dwh.py
[2026-02-26T16:35:42.283+0000] {processor.py:840} INFO - DAG(s) 'oltp_s3_dwh' retrieved from /opt/airflow/dags/oltp_s3_dwh.py
[2026-02-26T16:35:42.312+0000] {logging_mixin.py:188} INFO - [2026-02-26T16:35:42.311+0000] {dag.py:3089} INFO - Sync 1 DAGs
[2026-02-26T16:35:42.336+0000] {logging_mixin.py:188} INFO - [2026-02-26T16:35:42.335+0000] {dag.py:3947} INFO - Setting next_dagrun for oltp_s3_dwh to 2026-02-01 00:00:00+00:00, run_after=2026-03-01 00:00:00+00:00
[2026-02-26T16:35:42.358+0000] {processor.py:183} INFO - Processing /opt/airflow/dags/oltp_s3_dwh.py took 0.537 seconds
[2026-02-26T16:36:12.817+0000] {processor.py:161} INFO - Started process (PID=1771) to work on /opt/airflow/dags/oltp_s3_dwh.py
[2026-02-26T16:36:12.818+0000] {processor.py:830} INFO - Processing file /opt/airflow/dags/oltp_s3_dwh.py for tasks to queue
[2026-02-26T16:36:12.820+0000] {logging_mixin.py:188} INFO - [2026-02-26T16:36:12.820+0000] {dagbag.py:545} INFO - Filling up the DagBag from /opt/airflow/dags/oltp_s3_dwh.py
[2026-02-26T16:36:13.320+0000] {processor.py:840} INFO - DAG(s) 'oltp_s3_dwh' retrieved from /opt/airflow/dags/oltp_s3_dwh.py
[2026-02-26T16:36:13.353+0000] {logging_mixin.py:188} INFO - [2026-02-26T16:36:13.353+0000] {dag.py:3089} INFO - Sync 1 DAGs
[2026-02-26T16:36:13.374+0000] {logging_mixin.py:188} INFO - [2026-02-26T16:36:13.374+0000] {dag.py:3947} INFO - Setting next_dagrun for oltp_s3_dwh to 2026-02-01 00:00:00+00:00, run_after=2026-03-01 00:00:00+00:00
[2026-02-26T16:36:13.397+0000] {processor.py:183} INFO - Processing /opt/airflow/dags/oltp_s3_dwh.py took 0.586 seconds
[2026-02-26T16:36:43.868+0000] {processor.py:161} INFO - Started process (PID=1796) to work on /opt/airflow/dags/oltp_s3_dwh.py
[2026-02-26T16:36:43.870+0000] {processor.py:830} INFO - Processing file /opt/airflow/dags/oltp_s3_dwh.py for tasks to queue
[2026-02-26T16:36:43.872+0000] {logging_mixin.py:188} INFO - [2026-02-26T16:36:43.872+0000] {dagbag.py:545} INFO - Filling up the DagBag from /opt/airflow/dags/oltp_s3_dwh.py
[2026-02-26T16:36:44.322+0000] {processor.py:840} INFO - DAG(s) 'oltp_s3_dwh' retrieved from /opt/airflow/dags/oltp_s3_dwh.py
[2026-02-26T16:36:44.349+0000] {logging_mixin.py:188} INFO - [2026-02-26T16:36:44.348+0000] {dag.py:3089} INFO - Sync 1 DAGs
[2026-02-26T16:36:44.371+0000] {logging_mixin.py:188} INFO - [2026-02-26T16:36:44.370+0000] {dag.py:3947} INFO - Setting next_dagrun for oltp_s3_dwh to 2026-02-01 00:00:00+00:00, run_after=2026-03-01 00:00:00+00:00
[2026-02-26T16:36:44.393+0000] {processor.py:183} INFO - Processing /opt/airflow/dags/oltp_s3_dwh.py took 0.532 seconds
[2026-02-26T16:37:14.907+0000] {processor.py:161} INFO - Started process (PID=1829) to work on /opt/airflow/dags/oltp_s3_dwh.py
[2026-02-26T16:37:14.909+0000] {processor.py:830} INFO - Processing file /opt/airflow/dags/oltp_s3_dwh.py for tasks to queue
[2026-02-26T16:37:14.915+0000] {logging_mixin.py:188} INFO - [2026-02-26T16:37:14.914+0000] {dagbag.py:545} INFO - Filling up the DagBag from /opt/airflow/dags/oltp_s3_dwh.py
[2026-02-26T16:37:15.560+0000] {processor.py:840} INFO - DAG(s) 'oltp_s3_dwh' retrieved from /opt/airflow/dags/oltp_s3_dwh.py
[2026-02-26T16:37:15.603+0000] {logging_mixin.py:188} INFO - [2026-02-26T16:37:15.603+0000] {dag.py:3089} INFO - Sync 1 DAGs
[2026-02-26T16:37:15.647+0000] {logging_mixin.py:188} INFO - [2026-02-26T16:37:15.646+0000] {dag.py:3947} INFO - Setting next_dagrun for oltp_s3_dwh to 2026-02-01 00:00:00+00:00, run_after=2026-03-01 00:00:00+00:00
[2026-02-26T16:37:15.684+0000] {processor.py:183} INFO - Processing /opt/airflow/dags/oltp_s3_dwh.py took 0.786 seconds
[2026-02-26T16:37:45.871+0000] {processor.py:161} INFO - Started process (PID=1854) to work on /opt/airflow/dags/oltp_s3_dwh.py
[2026-02-26T16:37:45.873+0000] {processor.py:830} INFO - Processing file /opt/airflow/dags/oltp_s3_dwh.py for tasks to queue
[2026-02-26T16:37:45.875+0000] {logging_mixin.py:188} INFO - [2026-02-26T16:37:45.875+0000] {dagbag.py:545} INFO - Filling up the DagBag from /opt/airflow/dags/oltp_s3_dwh.py
[2026-02-26T16:37:46.372+0000] {processor.py:840} INFO - DAG(s) 'oltp_s3_dwh' retrieved from /opt/airflow/dags/oltp_s3_dwh.py
[2026-02-26T16:37:46.403+0000] {logging_mixin.py:188} INFO - [2026-02-26T16:37:46.403+0000] {dag.py:3089} INFO - Sync 1 DAGs
[2026-02-26T16:37:46.428+0000] {logging_mixin.py:188} INFO - [2026-02-26T16:37:46.427+0000] {dag.py:3947} INFO - Setting next_dagrun for oltp_s3_dwh to 2026-02-01 00:00:00+00:00, run_after=2026-03-01 00:00:00+00:00
[2026-02-26T16:37:46.452+0000] {processor.py:183} INFO - Processing /opt/airflow/dags/oltp_s3_dwh.py took 0.587 seconds
[2026-02-26T16:38:16.794+0000] {processor.py:161} INFO - Started process (PID=1887) to work on /opt/airflow/dags/oltp_s3_dwh.py
[2026-02-26T16:38:16.796+0000] {processor.py:830} INFO - Processing file /opt/airflow/dags/oltp_s3_dwh.py for tasks to queue
[2026-02-26T16:38:16.798+0000] {logging_mixin.py:188} INFO - [2026-02-26T16:38:16.797+0000] {dagbag.py:545} INFO - Filling up the DagBag from /opt/airflow/dags/oltp_s3_dwh.py
[2026-02-26T16:38:17.370+0000] {processor.py:840} INFO - DAG(s) 'oltp_s3_dwh' retrieved from /opt/airflow/dags/oltp_s3_dwh.py
[2026-02-26T16:38:17.408+0000] {logging_mixin.py:188} INFO - [2026-02-26T16:38:17.407+0000] {dag.py:3089} INFO - Sync 1 DAGs
[2026-02-26T16:38:17.440+0000] {logging_mixin.py:188} INFO - [2026-02-26T16:38:17.440+0000] {dag.py:3947} INFO - Setting next_dagrun for oltp_s3_dwh to 2026-02-01 00:00:00+00:00, run_after=2026-03-01 00:00:00+00:00
[2026-02-26T16:38:17.479+0000] {processor.py:183} INFO - Processing /opt/airflow/dags/oltp_s3_dwh.py took 0.695 seconds
[2026-02-26T16:38:48.229+0000] {processor.py:161} INFO - Started process (PID=1913) to work on /opt/airflow/dags/oltp_s3_dwh.py
[2026-02-26T16:38:48.231+0000] {processor.py:830} INFO - Processing file /opt/airflow/dags/oltp_s3_dwh.py for tasks to queue
[2026-02-26T16:38:48.234+0000] {logging_mixin.py:188} INFO - [2026-02-26T16:38:48.233+0000] {dagbag.py:545} INFO - Filling up the DagBag from /opt/airflow/dags/oltp_s3_dwh.py
[2026-02-26T16:38:48.734+0000] {processor.py:840} INFO - DAG(s) 'oltp_s3_dwh' retrieved from /opt/airflow/dags/oltp_s3_dwh.py
[2026-02-26T16:38:48.765+0000] {logging_mixin.py:188} INFO - [2026-02-26T16:38:48.765+0000] {dag.py:3089} INFO - Sync 1 DAGs
[2026-02-26T16:38:48.792+0000] {logging_mixin.py:188} INFO - [2026-02-26T16:38:48.791+0000] {dag.py:3947} INFO - Setting next_dagrun for oltp_s3_dwh to 2026-02-01 00:00:00+00:00, run_after=2026-03-01 00:00:00+00:00
[2026-02-26T16:38:48.818+0000] {processor.py:183} INFO - Processing /opt/airflow/dags/oltp_s3_dwh.py took 0.596 seconds
[2026-02-26T16:39:19.513+0000] {processor.py:161} INFO - Started process (PID=1946) to work on /opt/airflow/dags/oltp_s3_dwh.py
[2026-02-26T16:39:19.514+0000] {processor.py:830} INFO - Processing file /opt/airflow/dags/oltp_s3_dwh.py for tasks to queue
[2026-02-26T16:39:19.516+0000] {logging_mixin.py:188} INFO - [2026-02-26T16:39:19.516+0000] {dagbag.py:545} INFO - Filling up the DagBag from /opt/airflow/dags/oltp_s3_dwh.py
[2026-02-26T16:39:20.052+0000] {processor.py:840} INFO - DAG(s) 'oltp_s3_dwh' retrieved from /opt/airflow/dags/oltp_s3_dwh.py
[2026-02-26T16:39:20.085+0000] {logging_mixin.py:188} INFO - [2026-02-26T16:39:20.084+0000] {dag.py:3089} INFO - Sync 1 DAGs
[2026-02-26T16:39:20.113+0000] {logging_mixin.py:188} INFO - [2026-02-26T16:39:20.113+0000] {dag.py:3947} INFO - Setting next_dagrun for oltp_s3_dwh to 2026-02-01 00:00:00+00:00, run_after=2026-03-01 00:00:00+00:00
[2026-02-26T16:39:20.149+0000] {processor.py:183} INFO - Processing /opt/airflow/dags/oltp_s3_dwh.py took 0.643 seconds
[2026-02-26T16:39:50.386+0000] {processor.py:161} INFO - Started process (PID=1971) to work on /opt/airflow/dags/oltp_s3_dwh.py
[2026-02-26T16:39:50.388+0000] {processor.py:830} INFO - Processing file /opt/airflow/dags/oltp_s3_dwh.py for tasks to queue
[2026-02-26T16:39:50.391+0000] {logging_mixin.py:188} INFO - [2026-02-26T16:39:50.390+0000] {dagbag.py:545} INFO - Filling up the DagBag from /opt/airflow/dags/oltp_s3_dwh.py
[2026-02-26T16:39:50.902+0000] {processor.py:840} INFO - DAG(s) 'oltp_s3_dwh' retrieved from /opt/airflow/dags/oltp_s3_dwh.py
[2026-02-26T16:39:50.933+0000] {logging_mixin.py:188} INFO - [2026-02-26T16:39:50.933+0000] {dag.py:3089} INFO - Sync 1 DAGs
[2026-02-26T16:39:50.960+0000] {logging_mixin.py:188} INFO - [2026-02-26T16:39:50.960+0000] {dag.py:3947} INFO - Setting next_dagrun for oltp_s3_dwh to 2026-02-01 00:00:00+00:00, run_after=2026-03-01 00:00:00+00:00
[2026-02-26T16:39:50.984+0000] {processor.py:183} INFO - Processing /opt/airflow/dags/oltp_s3_dwh.py took 0.607 seconds
[2026-02-26T16:40:21.476+0000] {processor.py:161} INFO - Started process (PID=2005) to work on /opt/airflow/dags/oltp_s3_dwh.py
[2026-02-26T16:40:21.477+0000] {processor.py:830} INFO - Processing file /opt/airflow/dags/oltp_s3_dwh.py for tasks to queue
[2026-02-26T16:40:21.480+0000] {logging_mixin.py:188} INFO - [2026-02-26T16:40:21.480+0000] {dagbag.py:545} INFO - Filling up the DagBag from /opt/airflow/dags/oltp_s3_dwh.py
[2026-02-26T16:40:22.028+0000] {processor.py:840} INFO - DAG(s) 'oltp_s3_dwh' retrieved from /opt/airflow/dags/oltp_s3_dwh.py
[2026-02-26T16:40:22.066+0000] {logging_mixin.py:188} INFO - [2026-02-26T16:40:22.065+0000] {dag.py:3089} INFO - Sync 1 DAGs
[2026-02-26T16:40:22.095+0000] {logging_mixin.py:188} INFO - [2026-02-26T16:40:22.094+0000] {dag.py:3947} INFO - Setting next_dagrun for oltp_s3_dwh to 2026-02-01 00:00:00+00:00, run_after=2026-03-01 00:00:00+00:00
[2026-02-26T16:40:22.123+0000] {processor.py:183} INFO - Processing /opt/airflow/dags/oltp_s3_dwh.py took 0.656 seconds
[2026-02-26T16:40:52.608+0000] {processor.py:161} INFO - Started process (PID=2031) to work on /opt/airflow/dags/oltp_s3_dwh.py
[2026-02-26T16:40:52.609+0000] {processor.py:830} INFO - Processing file /opt/airflow/dags/oltp_s3_dwh.py for tasks to queue
[2026-02-26T16:40:52.612+0000] {logging_mixin.py:188} INFO - [2026-02-26T16:40:52.611+0000] {dagbag.py:545} INFO - Filling up the DagBag from /opt/airflow/dags/oltp_s3_dwh.py
[2026-02-26T16:40:53.083+0000] {processor.py:840} INFO - DAG(s) 'oltp_s3_dwh' retrieved from /opt/airflow/dags/oltp_s3_dwh.py
[2026-02-26T16:40:53.112+0000] {logging_mixin.py:188} INFO - [2026-02-26T16:40:53.111+0000] {dag.py:3089} INFO - Sync 1 DAGs
[2026-02-26T16:40:53.136+0000] {logging_mixin.py:188} INFO - [2026-02-26T16:40:53.136+0000] {dag.py:3947} INFO - Setting next_dagrun for oltp_s3_dwh to 2026-02-01 00:00:00+00:00, run_after=2026-03-01 00:00:00+00:00
[2026-02-26T16:40:53.163+0000] {processor.py:183} INFO - Processing /opt/airflow/dags/oltp_s3_dwh.py took 0.561 seconds
[2026-02-26T16:41:23.722+0000] {processor.py:161} INFO - Started process (PID=2063) to work on /opt/airflow/dags/oltp_s3_dwh.py
[2026-02-26T16:41:23.723+0000] {processor.py:830} INFO - Processing file /opt/airflow/dags/oltp_s3_dwh.py for tasks to queue
[2026-02-26T16:41:23.728+0000] {logging_mixin.py:188} INFO - [2026-02-26T16:41:23.727+0000] {dagbag.py:545} INFO - Filling up the DagBag from /opt/airflow/dags/oltp_s3_dwh.py
[2026-02-26T16:41:24.274+0000] {processor.py:840} INFO - DAG(s) 'oltp_s3_dwh' retrieved from /opt/airflow/dags/oltp_s3_dwh.py
[2026-02-26T16:41:24.298+0000] {logging_mixin.py:188} INFO - [2026-02-26T16:41:24.297+0000] {dag.py:3089} INFO - Sync 1 DAGs
[2026-02-26T16:41:24.331+0000] {logging_mixin.py:188} INFO - [2026-02-26T16:41:24.331+0000] {dag.py:3947} INFO - Setting next_dagrun for oltp_s3_dwh to 2026-02-01 00:00:00+00:00, run_after=2026-03-01 00:00:00+00:00
[2026-02-26T16:41:24.364+0000] {processor.py:183} INFO - Processing /opt/airflow/dags/oltp_s3_dwh.py took 0.650 seconds
[2026-02-26T16:41:54.510+0000] {processor.py:161} INFO - Started process (PID=2090) to work on /opt/airflow/dags/oltp_s3_dwh.py
[2026-02-26T16:41:54.511+0000] {processor.py:830} INFO - Processing file /opt/airflow/dags/oltp_s3_dwh.py for tasks to queue
[2026-02-26T16:41:54.514+0000] {logging_mixin.py:188} INFO - [2026-02-26T16:41:54.513+0000] {dagbag.py:545} INFO - Filling up the DagBag from /opt/airflow/dags/oltp_s3_dwh.py
[2026-02-26T16:41:54.972+0000] {processor.py:840} INFO - DAG(s) 'oltp_s3_dwh' retrieved from /opt/airflow/dags/oltp_s3_dwh.py
[2026-02-26T16:41:55.005+0000] {logging_mixin.py:188} INFO - [2026-02-26T16:41:55.004+0000] {dag.py:3089} INFO - Sync 1 DAGs
[2026-02-26T16:41:55.031+0000] {logging_mixin.py:188} INFO - [2026-02-26T16:41:55.030+0000] {dag.py:3947} INFO - Setting next_dagrun for oltp_s3_dwh to 2026-02-01 00:00:00+00:00, run_after=2026-03-01 00:00:00+00:00
[2026-02-26T16:41:55.057+0000] {processor.py:183} INFO - Processing /opt/airflow/dags/oltp_s3_dwh.py took 0.553 seconds
[2026-02-26T16:42:25.714+0000] {processor.py:161} INFO - Started process (PID=2123) to work on /opt/airflow/dags/oltp_s3_dwh.py
[2026-02-26T16:42:25.716+0000] {processor.py:830} INFO - Processing file /opt/airflow/dags/oltp_s3_dwh.py for tasks to queue
[2026-02-26T16:42:25.719+0000] {logging_mixin.py:188} INFO - [2026-02-26T16:42:25.719+0000] {dagbag.py:545} INFO - Filling up the DagBag from /opt/airflow/dags/oltp_s3_dwh.py
[2026-02-26T16:42:26.336+0000] {processor.py:840} INFO - DAG(s) 'oltp_s3_dwh' retrieved from /opt/airflow/dags/oltp_s3_dwh.py
[2026-02-26T16:42:26.376+0000] {logging_mixin.py:188} INFO - [2026-02-26T16:42:26.375+0000] {dag.py:3089} INFO - Sync 1 DAGs
[2026-02-26T16:42:26.400+0000] {logging_mixin.py:188} INFO - [2026-02-26T16:42:26.400+0000] {dag.py:3947} INFO - Setting next_dagrun for oltp_s3_dwh to 2026-02-01 00:00:00+00:00, run_after=2026-03-01 00:00:00+00:00
[2026-02-26T16:42:26.428+0000] {processor.py:183} INFO - Processing /opt/airflow/dags/oltp_s3_dwh.py took 0.720 seconds
[2026-02-26T16:42:56.890+0000] {processor.py:161} INFO - Started process (PID=2148) to work on /opt/airflow/dags/oltp_s3_dwh.py
[2026-02-26T16:42:56.892+0000] {processor.py:830} INFO - Processing file /opt/airflow/dags/oltp_s3_dwh.py for tasks to queue
[2026-02-26T16:42:56.894+0000] {logging_mixin.py:188} INFO - [2026-02-26T16:42:56.894+0000] {dagbag.py:545} INFO - Filling up the DagBag from /opt/airflow/dags/oltp_s3_dwh.py
[2026-02-26T16:42:57.389+0000] {processor.py:840} INFO - DAG(s) 'oltp_s3_dwh' retrieved from /opt/airflow/dags/oltp_s3_dwh.py
[2026-02-26T16:42:57.417+0000] {logging_mixin.py:188} INFO - [2026-02-26T16:42:57.417+0000] {dag.py:3089} INFO - Sync 1 DAGs
[2026-02-26T16:42:57.441+0000] {logging_mixin.py:188} INFO - [2026-02-26T16:42:57.441+0000] {dag.py:3947} INFO - Setting next_dagrun for oltp_s3_dwh to 2026-02-01 00:00:00+00:00, run_after=2026-03-01 00:00:00+00:00
[2026-02-26T16:42:57.470+0000] {processor.py:183} INFO - Processing /opt/airflow/dags/oltp_s3_dwh.py took 0.587 seconds
[2026-02-26T16:43:28.046+0000] {processor.py:161} INFO - Started process (PID=2181) to work on /opt/airflow/dags/oltp_s3_dwh.py
[2026-02-26T16:43:28.047+0000] {processor.py:830} INFO - Processing file /opt/airflow/dags/oltp_s3_dwh.py for tasks to queue
[2026-02-26T16:43:28.051+0000] {logging_mixin.py:188} INFO - [2026-02-26T16:43:28.050+0000] {dagbag.py:545} INFO - Filling up the DagBag from /opt/airflow/dags/oltp_s3_dwh.py
[2026-02-26T16:43:28.590+0000] {processor.py:840} INFO - DAG(s) 'oltp_s3_dwh' retrieved from /opt/airflow/dags/oltp_s3_dwh.py
[2026-02-26T16:43:28.629+0000] {logging_mixin.py:188} INFO - [2026-02-26T16:43:28.628+0000] {dag.py:3089} INFO - Sync 1 DAGs
[2026-02-26T16:43:28.659+0000] {logging_mixin.py:188} INFO - [2026-02-26T16:43:28.659+0000] {dag.py:3947} INFO - Setting next_dagrun for oltp_s3_dwh to 2026-02-01 00:00:00+00:00, run_after=2026-03-01 00:00:00+00:00
[2026-02-26T16:43:28.687+0000] {processor.py:183} INFO - Processing /opt/airflow/dags/oltp_s3_dwh.py took 0.649 seconds
[2026-02-26T16:43:59.195+0000] {processor.py:161} INFO - Started process (PID=2207) to work on /opt/airflow/dags/oltp_s3_dwh.py
[2026-02-26T16:43:59.197+0000] {processor.py:830} INFO - Processing file /opt/airflow/dags/oltp_s3_dwh.py for tasks to queue
[2026-02-26T16:43:59.199+0000] {logging_mixin.py:188} INFO - [2026-02-26T16:43:59.199+0000] {dagbag.py:545} INFO - Filling up the DagBag from /opt/airflow/dags/oltp_s3_dwh.py
[2026-02-26T16:43:59.683+0000] {processor.py:840} INFO - DAG(s) 'oltp_s3_dwh' retrieved from /opt/airflow/dags/oltp_s3_dwh.py
[2026-02-26T16:43:59.709+0000] {logging_mixin.py:188} INFO - [2026-02-26T16:43:59.709+0000] {dag.py:3089} INFO - Sync 1 DAGs
[2026-02-26T16:43:59.730+0000] {logging_mixin.py:188} INFO - [2026-02-26T16:43:59.730+0000] {dag.py:3947} INFO - Setting next_dagrun for oltp_s3_dwh to 2026-02-01 00:00:00+00:00, run_after=2026-03-01 00:00:00+00:00
[2026-02-26T16:43:59.755+0000] {processor.py:183} INFO - Processing /opt/airflow/dags/oltp_s3_dwh.py took 0.568 seconds
[2026-02-26T16:44:30.266+0000] {processor.py:161} INFO - Started process (PID=2240) to work on /opt/airflow/dags/oltp_s3_dwh.py
[2026-02-26T16:44:30.267+0000] {processor.py:830} INFO - Processing file /opt/airflow/dags/oltp_s3_dwh.py for tasks to queue
[2026-02-26T16:44:30.269+0000] {logging_mixin.py:188} INFO - [2026-02-26T16:44:30.269+0000] {dagbag.py:545} INFO - Filling up the DagBag from /opt/airflow/dags/oltp_s3_dwh.py
[2026-02-26T16:44:30.810+0000] {processor.py:840} INFO - DAG(s) 'oltp_s3_dwh' retrieved from /opt/airflow/dags/oltp_s3_dwh.py
[2026-02-26T16:44:30.847+0000] {logging_mixin.py:188} INFO - [2026-02-26T16:44:30.846+0000] {dag.py:3089} INFO - Sync 1 DAGs
[2026-02-26T16:44:30.872+0000] {logging_mixin.py:188} INFO - [2026-02-26T16:44:30.872+0000] {dag.py:3947} INFO - Setting next_dagrun for oltp_s3_dwh to 2026-02-01 00:00:00+00:00, run_after=2026-03-01 00:00:00+00:00
[2026-02-26T16:44:30.898+0000] {processor.py:183} INFO - Processing /opt/airflow/dags/oltp_s3_dwh.py took 0.638 seconds
[2026-02-26T16:45:01.037+0000] {processor.py:161} INFO - Started process (PID=2266) to work on /opt/airflow/dags/oltp_s3_dwh.py
[2026-02-26T16:45:01.039+0000] {processor.py:830} INFO - Processing file /opt/airflow/dags/oltp_s3_dwh.py for tasks to queue
[2026-02-26T16:45:01.041+0000] {logging_mixin.py:188} INFO - [2026-02-26T16:45:01.041+0000] {dagbag.py:545} INFO - Filling up the DagBag from /opt/airflow/dags/oltp_s3_dwh.py
[2026-02-26T16:45:01.518+0000] {processor.py:840} INFO - DAG(s) 'oltp_s3_dwh' retrieved from /opt/airflow/dags/oltp_s3_dwh.py
[2026-02-26T16:45:01.544+0000] {logging_mixin.py:188} INFO - [2026-02-26T16:45:01.543+0000] {dag.py:3089} INFO - Sync 1 DAGs
[2026-02-26T16:45:01.565+0000] {logging_mixin.py:188} INFO - [2026-02-26T16:45:01.565+0000] {dag.py:3947} INFO - Setting next_dagrun for oltp_s3_dwh to 2026-02-01 00:00:00+00:00, run_after=2026-03-01 00:00:00+00:00
[2026-02-26T16:45:01.587+0000] {processor.py:183} INFO - Processing /opt/airflow/dags/oltp_s3_dwh.py took 0.556 seconds
[2026-02-26T16:45:31.899+0000] {processor.py:161} INFO - Started process (PID=2292) to work on /opt/airflow/dags/oltp_s3_dwh.py
[2026-02-26T16:45:31.901+0000] {processor.py:830} INFO - Processing file /opt/airflow/dags/oltp_s3_dwh.py for tasks to queue
[2026-02-26T16:45:31.903+0000] {logging_mixin.py:188} INFO - [2026-02-26T16:45:31.903+0000] {dagbag.py:545} INFO - Filling up the DagBag from /opt/airflow/dags/oltp_s3_dwh.py
[2026-02-26T16:45:32.464+0000] {processor.py:840} INFO - DAG(s) 'oltp_s3_dwh' retrieved from /opt/airflow/dags/oltp_s3_dwh.py
[2026-02-26T16:45:32.511+0000] {logging_mixin.py:188} INFO - [2026-02-26T16:45:32.511+0000] {dag.py:3089} INFO - Sync 1 DAGs
[2026-02-26T16:45:32.549+0000] {logging_mixin.py:188} INFO - [2026-02-26T16:45:32.548+0000] {dag.py:3947} INFO - Setting next_dagrun for oltp_s3_dwh to 2026-02-01 00:00:00+00:00, run_after=2026-03-01 00:00:00+00:00
[2026-02-26T16:45:32.677+0000] {processor.py:183} INFO - Processing /opt/airflow/dags/oltp_s3_dwh.py took 0.785 seconds
[2026-02-26T16:46:03.134+0000] {processor.py:161} INFO - Started process (PID=2324) to work on /opt/airflow/dags/oltp_s3_dwh.py
[2026-02-26T16:46:03.136+0000] {processor.py:830} INFO - Processing file /opt/airflow/dags/oltp_s3_dwh.py for tasks to queue
[2026-02-26T16:46:03.138+0000] {logging_mixin.py:188} INFO - [2026-02-26T16:46:03.138+0000] {dagbag.py:545} INFO - Filling up the DagBag from /opt/airflow/dags/oltp_s3_dwh.py
[2026-02-26T16:46:03.614+0000] {processor.py:840} INFO - DAG(s) 'oltp_s3_dwh' retrieved from /opt/airflow/dags/oltp_s3_dwh.py
[2026-02-26T16:46:03.646+0000] {logging_mixin.py:188} INFO - [2026-02-26T16:46:03.645+0000] {dag.py:3089} INFO - Sync 1 DAGs
[2026-02-26T16:46:03.669+0000] {logging_mixin.py:188} INFO - [2026-02-26T16:46:03.669+0000] {dag.py:3947} INFO - Setting next_dagrun for oltp_s3_dwh to 2026-02-01 00:00:00+00:00, run_after=2026-03-01 00:00:00+00:00
[2026-02-26T16:46:03.694+0000] {processor.py:183} INFO - Processing /opt/airflow/dags/oltp_s3_dwh.py took 0.566 seconds
[2026-02-26T16:46:35.206+0000] {processor.py:161} INFO - Started process (PID=2358) to work on /opt/airflow/dags/oltp_s3_dwh.py
[2026-02-26T16:46:35.207+0000] {processor.py:830} INFO - Processing file /opt/airflow/dags/oltp_s3_dwh.py for tasks to queue
[2026-02-26T16:46:35.209+0000] {logging_mixin.py:188} INFO - [2026-02-26T16:46:35.209+0000] {dagbag.py:545} INFO - Filling up the DagBag from /opt/airflow/dags/oltp_s3_dwh.py
[2026-02-26T16:46:34.908+0000] {processor.py:840} INFO - DAG(s) 'oltp_s3_dwh' retrieved from /opt/airflow/dags/oltp_s3_dwh.py
[2026-02-26T16:46:34.940+0000] {logging_mixin.py:188} INFO - [2026-02-26T16:46:34.940+0000] {dag.py:3089} INFO - Sync 1 DAGs
[2026-02-26T16:46:34.966+0000] {logging_mixin.py:188} INFO - [2026-02-26T16:46:34.965+0000] {dag.py:3947} INFO - Setting next_dagrun for oltp_s3_dwh to 2026-02-01 00:00:00+00:00, run_after=2026-03-01 00:00:00+00:00
[2026-02-26T16:46:35.002+0000] {processor.py:183} INFO - Processing /opt/airflow/dags/oltp_s3_dwh.py took 0.672 seconds
[2026-02-26T16:47:05.430+0000] {processor.py:161} INFO - Started process (PID=2384) to work on /opt/airflow/dags/oltp_s3_dwh.py
[2026-02-26T16:47:05.432+0000] {processor.py:830} INFO - Processing file /opt/airflow/dags/oltp_s3_dwh.py for tasks to queue
[2026-02-26T16:47:05.435+0000] {logging_mixin.py:188} INFO - [2026-02-26T16:47:05.435+0000] {dagbag.py:545} INFO - Filling up the DagBag from /opt/airflow/dags/oltp_s3_dwh.py
[2026-02-26T16:47:06.023+0000] {processor.py:840} INFO - DAG(s) 'oltp_s3_dwh' retrieved from /opt/airflow/dags/oltp_s3_dwh.py
[2026-02-26T16:47:06.067+0000] {logging_mixin.py:188} INFO - [2026-02-26T16:47:06.067+0000] {dag.py:3089} INFO - Sync 1 DAGs
[2026-02-26T16:47:06.097+0000] {logging_mixin.py:188} INFO - [2026-02-26T16:47:06.097+0000] {dag.py:3947} INFO - Setting next_dagrun for oltp_s3_dwh to 2026-02-01 00:00:00+00:00, run_after=2026-03-01 00:00:00+00:00
[2026-02-26T16:47:06.126+0000] {processor.py:183} INFO - Processing /opt/airflow/dags/oltp_s3_dwh.py took 0.702 seconds
[2026-02-26T16:47:36.547+0000] {processor.py:161} INFO - Started process (PID=2417) to work on /opt/airflow/dags/oltp_s3_dwh.py
[2026-02-26T16:47:36.548+0000] {processor.py:830} INFO - Processing file /opt/airflow/dags/oltp_s3_dwh.py for tasks to queue
[2026-02-26T16:47:36.550+0000] {logging_mixin.py:188} INFO - [2026-02-26T16:47:36.550+0000] {dagbag.py:545} INFO - Filling up the DagBag from /opt/airflow/dags/oltp_s3_dwh.py
[2026-02-26T16:47:37.119+0000] {processor.py:840} INFO - DAG(s) 'oltp_s3_dwh' retrieved from /opt/airflow/dags/oltp_s3_dwh.py
[2026-02-26T16:47:37.154+0000] {logging_mixin.py:188} INFO - [2026-02-26T16:47:37.153+0000] {dag.py:3089} INFO - Sync 1 DAGs
[2026-02-26T16:47:37.182+0000] {logging_mixin.py:188} INFO - [2026-02-26T16:47:37.182+0000] {dag.py:3947} INFO - Setting next_dagrun for oltp_s3_dwh to 2026-02-01 00:00:00+00:00, run_after=2026-03-01 00:00:00+00:00
[2026-02-26T16:47:37.205+0000] {processor.py:183} INFO - Processing /opt/airflow/dags/oltp_s3_dwh.py took 0.665 seconds
[2026-02-26T16:48:07.672+0000] {processor.py:161} INFO - Started process (PID=2443) to work on /opt/airflow/dags/oltp_s3_dwh.py
[2026-02-26T16:48:07.681+0000] {processor.py:830} INFO - Processing file /opt/airflow/dags/oltp_s3_dwh.py for tasks to queue
[2026-02-26T16:48:07.685+0000] {logging_mixin.py:188} INFO - [2026-02-26T16:48:07.684+0000] {dagbag.py:545} INFO - Filling up the DagBag from /opt/airflow/dags/oltp_s3_dwh.py
[2026-02-26T16:48:08.455+0000] {processor.py:840} INFO - DAG(s) 'oltp_s3_dwh' retrieved from /opt/airflow/dags/oltp_s3_dwh.py
[2026-02-26T16:48:08.491+0000] {logging_mixin.py:188} INFO - [2026-02-26T16:48:08.491+0000] {dag.py:3089} INFO - Sync 1 DAGs
[2026-02-26T16:48:08.531+0000] {logging_mixin.py:188} INFO - [2026-02-26T16:48:08.530+0000] {dag.py:3947} INFO - Setting next_dagrun for oltp_s3_dwh to 2026-02-01 00:00:00+00:00, run_after=2026-03-01 00:00:00+00:00
[2026-02-26T16:48:08.558+0000] {processor.py:183} INFO - Processing /opt/airflow/dags/oltp_s3_dwh.py took 0.900 seconds
[2026-02-26T16:48:39.373+0000] {processor.py:161} INFO - Started process (PID=2476) to work on /opt/airflow/dags/oltp_s3_dwh.py
[2026-02-26T16:48:39.375+0000] {processor.py:830} INFO - Processing file /opt/airflow/dags/oltp_s3_dwh.py for tasks to queue
[2026-02-26T16:48:39.378+0000] {logging_mixin.py:188} INFO - [2026-02-26T16:48:39.377+0000] {dagbag.py:545} INFO - Filling up the DagBag from /opt/airflow/dags/oltp_s3_dwh.py
[2026-02-26T16:48:40.011+0000] {processor.py:840} INFO - DAG(s) 'oltp_s3_dwh' retrieved from /opt/airflow/dags/oltp_s3_dwh.py
[2026-02-26T16:48:40.055+0000] {logging_mixin.py:188} INFO - [2026-02-26T16:48:40.054+0000] {dag.py:3089} INFO - Sync 1 DAGs
[2026-02-26T16:48:40.082+0000] {logging_mixin.py:188} INFO - [2026-02-26T16:48:40.082+0000] {dag.py:3947} INFO - Setting next_dagrun for oltp_s3_dwh to 2026-02-01 00:00:00+00:00, run_after=2026-03-01 00:00:00+00:00
[2026-02-26T16:48:40.110+0000] {processor.py:183} INFO - Processing /opt/airflow/dags/oltp_s3_dwh.py took 0.743 seconds
[2026-02-26T16:49:10.617+0000] {processor.py:161} INFO - Started process (PID=2502) to work on /opt/airflow/dags/oltp_s3_dwh.py
[2026-02-26T16:49:10.621+0000] {processor.py:830} INFO - Processing file /opt/airflow/dags/oltp_s3_dwh.py for tasks to queue
[2026-02-26T16:49:10.633+0000] {logging_mixin.py:188} INFO - [2026-02-26T16:49:10.630+0000] {dagbag.py:545} INFO - Filling up the DagBag from /opt/airflow/dags/oltp_s3_dwh.py
[2026-02-26T16:49:11.339+0000] {processor.py:840} INFO - DAG(s) 'oltp_s3_dwh' retrieved from /opt/airflow/dags/oltp_s3_dwh.py
[2026-02-26T16:49:11.389+0000] {logging_mixin.py:188} INFO - [2026-02-26T16:49:11.387+0000] {dag.py:3089} INFO - Sync 1 DAGs
[2026-02-26T16:49:11.421+0000] {logging_mixin.py:188} INFO - [2026-02-26T16:49:11.420+0000] {dag.py:3947} INFO - Setting next_dagrun for oltp_s3_dwh to 2026-02-01 00:00:00+00:00, run_after=2026-03-01 00:00:00+00:00
[2026-02-26T16:49:11.454+0000] {processor.py:183} INFO - Processing /opt/airflow/dags/oltp_s3_dwh.py took 0.863 seconds
[2026-02-26T16:49:41.922+0000] {processor.py:161} INFO - Started process (PID=2537) to work on /opt/airflow/dags/oltp_s3_dwh.py
[2026-02-26T16:49:41.923+0000] {processor.py:830} INFO - Processing file /opt/airflow/dags/oltp_s3_dwh.py for tasks to queue
[2026-02-26T16:49:41.925+0000] {logging_mixin.py:188} INFO - [2026-02-26T16:49:41.925+0000] {dagbag.py:545} INFO - Filling up the DagBag from /opt/airflow/dags/oltp_s3_dwh.py
[2026-02-26T16:49:42.491+0000] {processor.py:840} INFO - DAG(s) 'oltp_s3_dwh' retrieved from /opt/airflow/dags/oltp_s3_dwh.py
[2026-02-26T16:49:42.533+0000] {logging_mixin.py:188} INFO - [2026-02-26T16:49:42.532+0000] {dag.py:3089} INFO - Sync 1 DAGs
[2026-02-26T16:49:42.564+0000] {logging_mixin.py:188} INFO - [2026-02-26T16:49:42.564+0000] {dag.py:3947} INFO - Setting next_dagrun for oltp_s3_dwh to 2026-02-01 00:00:00+00:00, run_after=2026-03-01 00:00:00+00:00
[2026-02-26T16:49:42.592+0000] {processor.py:183} INFO - Processing /opt/airflow/dags/oltp_s3_dwh.py took 0.676 seconds
[2026-02-26T16:50:13.051+0000] {processor.py:161} INFO - Started process (PID=2564) to work on /opt/airflow/dags/oltp_s3_dwh.py
[2026-02-26T16:50:13.052+0000] {processor.py:830} INFO - Processing file /opt/airflow/dags/oltp_s3_dwh.py for tasks to queue
[2026-02-26T16:50:13.055+0000] {logging_mixin.py:188} INFO - [2026-02-26T16:50:13.054+0000] {dagbag.py:545} INFO - Filling up the DagBag from /opt/airflow/dags/oltp_s3_dwh.py
[2026-02-26T16:50:13.577+0000] {processor.py:840} INFO - DAG(s) 'oltp_s3_dwh' retrieved from /opt/airflow/dags/oltp_s3_dwh.py
[2026-02-26T16:50:13.620+0000] {logging_mixin.py:188} INFO - [2026-02-26T16:50:13.619+0000] {dag.py:3089} INFO - Sync 1 DAGs
[2026-02-26T16:50:13.649+0000] {logging_mixin.py:188} INFO - [2026-02-26T16:50:13.649+0000] {dag.py:3947} INFO - Setting next_dagrun for oltp_s3_dwh to 2026-02-01 00:00:00+00:00, run_after=2026-03-01 00:00:00+00:00
[2026-02-26T16:50:13.692+0000] {processor.py:183} INFO - Processing /opt/airflow/dags/oltp_s3_dwh.py took 0.648 seconds
[2026-02-26T16:50:44.108+0000] {processor.py:161} INFO - Started process (PID=2597) to work on /opt/airflow/dags/oltp_s3_dwh.py
[2026-02-26T16:50:44.109+0000] {processor.py:830} INFO - Processing file /opt/airflow/dags/oltp_s3_dwh.py for tasks to queue
[2026-02-26T16:50:44.112+0000] {logging_mixin.py:188} INFO - [2026-02-26T16:50:44.112+0000] {dagbag.py:545} INFO - Filling up the DagBag from /opt/airflow/dags/oltp_s3_dwh.py
[2026-02-26T16:50:44.653+0000] {processor.py:840} INFO - DAG(s) 'oltp_s3_dwh' retrieved from /opt/airflow/dags/oltp_s3_dwh.py
[2026-02-26T16:50:44.688+0000] {logging_mixin.py:188} INFO - [2026-02-26T16:50:44.688+0000] {dag.py:3089} INFO - Sync 1 DAGs
[2026-02-26T16:50:44.718+0000] {logging_mixin.py:188} INFO - [2026-02-26T16:50:44.717+0000] {dag.py:3947} INFO - Setting next_dagrun for oltp_s3_dwh to 2026-02-01 00:00:00+00:00, run_after=2026-03-01 00:00:00+00:00
[2026-02-26T16:50:44.746+0000] {processor.py:183} INFO - Processing /opt/airflow/dags/oltp_s3_dwh.py took 0.645 seconds
[2026-02-26T16:51:14.850+0000] {processor.py:161} INFO - Started process (PID=2622) to work on /opt/airflow/dags/oltp_s3_dwh.py
[2026-02-26T16:51:14.852+0000] {processor.py:830} INFO - Processing file /opt/airflow/dags/oltp_s3_dwh.py for tasks to queue
[2026-02-26T16:51:14.854+0000] {logging_mixin.py:188} INFO - [2026-02-26T16:51:14.854+0000] {dagbag.py:545} INFO - Filling up the DagBag from /opt/airflow/dags/oltp_s3_dwh.py
[2026-02-26T16:51:15.459+0000] {processor.py:840} INFO - DAG(s) 'oltp_s3_dwh' retrieved from /opt/airflow/dags/oltp_s3_dwh.py
[2026-02-26T16:51:15.504+0000] {logging_mixin.py:188} INFO - [2026-02-26T16:51:15.503+0000] {dag.py:3089} INFO - Sync 1 DAGs
[2026-02-26T16:51:15.530+0000] {logging_mixin.py:188} INFO - [2026-02-26T16:51:15.529+0000] {dag.py:3947} INFO - Setting next_dagrun for oltp_s3_dwh to 2026-02-01 00:00:00+00:00, run_after=2026-03-01 00:00:00+00:00
[2026-02-26T16:51:15.577+0000] {processor.py:183} INFO - Processing /opt/airflow/dags/oltp_s3_dwh.py took 0.733 seconds
[2026-02-26T16:51:46.342+0000] {processor.py:161} INFO - Started process (PID=2655) to work on /opt/airflow/dags/oltp_s3_dwh.py
[2026-02-26T16:51:46.343+0000] {processor.py:830} INFO - Processing file /opt/airflow/dags/oltp_s3_dwh.py for tasks to queue
[2026-02-26T16:51:46.345+0000] {logging_mixin.py:188} INFO - [2026-02-26T16:51:46.345+0000] {dagbag.py:545} INFO - Filling up the DagBag from /opt/airflow/dags/oltp_s3_dwh.py
[2026-02-26T16:51:46.984+0000] {processor.py:840} INFO - DAG(s) 'oltp_s3_dwh' retrieved from /opt/airflow/dags/oltp_s3_dwh.py
[2026-02-26T16:51:47.019+0000] {logging_mixin.py:188} INFO - [2026-02-26T16:51:47.018+0000] {dag.py:3089} INFO - Sync 1 DAGs
[2026-02-26T16:51:47.052+0000] {logging_mixin.py:188} INFO - [2026-02-26T16:51:47.051+0000] {dag.py:3947} INFO - Setting next_dagrun for oltp_s3_dwh to 2026-02-01 00:00:00+00:00, run_after=2026-03-01 00:00:00+00:00
[2026-02-26T16:51:47.084+0000] {processor.py:183} INFO - Processing /opt/airflow/dags/oltp_s3_dwh.py took 0.748 seconds
[2026-02-26T16:52:17.516+0000] {processor.py:161} INFO - Started process (PID=2682) to work on /opt/airflow/dags/oltp_s3_dwh.py
[2026-02-26T16:52:17.519+0000] {processor.py:830} INFO - Processing file /opt/airflow/dags/oltp_s3_dwh.py for tasks to queue
[2026-02-26T16:52:17.522+0000] {logging_mixin.py:188} INFO - [2026-02-26T16:52:17.521+0000] {dagbag.py:545} INFO - Filling up the DagBag from /opt/airflow/dags/oltp_s3_dwh.py
[2026-02-26T16:52:17.989+0000] {processor.py:840} INFO - DAG(s) 'oltp_s3_dwh' retrieved from /opt/airflow/dags/oltp_s3_dwh.py
[2026-02-26T16:52:18.017+0000] {logging_mixin.py:188} INFO - [2026-02-26T16:52:18.017+0000] {dag.py:3089} INFO - Sync 1 DAGs
[2026-02-26T16:52:18.040+0000] {logging_mixin.py:188} INFO - [2026-02-26T16:52:18.040+0000] {dag.py:3947} INFO - Setting next_dagrun for oltp_s3_dwh to 2026-02-01 00:00:00+00:00, run_after=2026-03-01 00:00:00+00:00
[2026-02-26T16:52:18.064+0000] {processor.py:183} INFO - Processing /opt/airflow/dags/oltp_s3_dwh.py took 0.554 seconds
[2026-02-26T16:52:48.508+0000] {processor.py:161} INFO - Started process (PID=2716) to work on /opt/airflow/dags/oltp_s3_dwh.py
[2026-02-26T16:52:48.509+0000] {processor.py:830} INFO - Processing file /opt/airflow/dags/oltp_s3_dwh.py for tasks to queue
[2026-02-26T16:52:48.513+0000] {logging_mixin.py:188} INFO - [2026-02-26T16:52:48.512+0000] {dagbag.py:545} INFO - Filling up the DagBag from /opt/airflow/dags/oltp_s3_dwh.py
[2026-02-26T16:52:49.119+0000] {processor.py:840} INFO - DAG(s) 'oltp_s3_dwh' retrieved from /opt/airflow/dags/oltp_s3_dwh.py
[2026-02-26T16:52:49.157+0000] {logging_mixin.py:188} INFO - [2026-02-26T16:52:49.157+0000] {dag.py:3089} INFO - Sync 1 DAGs
[2026-02-26T16:52:49.185+0000] {logging_mixin.py:188} INFO - [2026-02-26T16:52:49.185+0000] {dag.py:3947} INFO - Setting next_dagrun for oltp_s3_dwh to 2026-02-01 00:00:00+00:00, run_after=2026-03-01 00:00:00+00:00
[2026-02-26T16:52:49.242+0000] {processor.py:183} INFO - Processing /opt/airflow/dags/oltp_s3_dwh.py took 0.743 seconds
[2026-02-26T16:53:19.966+0000] {processor.py:161} INFO - Started process (PID=2742) to work on /opt/airflow/dags/oltp_s3_dwh.py
[2026-02-26T16:53:19.968+0000] {processor.py:830} INFO - Processing file /opt/airflow/dags/oltp_s3_dwh.py for tasks to queue
[2026-02-26T16:53:19.970+0000] {logging_mixin.py:188} INFO - [2026-02-26T16:53:19.970+0000] {dagbag.py:545} INFO - Filling up the DagBag from /opt/airflow/dags/oltp_s3_dwh.py
[2026-02-26T16:53:20.470+0000] {processor.py:840} INFO - DAG(s) 'oltp_s3_dwh' retrieved from /opt/airflow/dags/oltp_s3_dwh.py
[2026-02-26T16:53:20.498+0000] {logging_mixin.py:188} INFO - [2026-02-26T16:53:20.498+0000] {dag.py:3089} INFO - Sync 1 DAGs
[2026-02-26T16:53:20.520+0000] {logging_mixin.py:188} INFO - [2026-02-26T16:53:20.520+0000] {dag.py:3947} INFO - Setting next_dagrun for oltp_s3_dwh to 2026-02-01 00:00:00+00:00, run_after=2026-03-01 00:00:00+00:00
[2026-02-26T16:53:20.545+0000] {processor.py:183} INFO - Processing /opt/airflow/dags/oltp_s3_dwh.py took 0.585 seconds
[2026-02-26T16:53:51.001+0000] {processor.py:161} INFO - Started process (PID=2768) to work on /opt/airflow/dags/oltp_s3_dwh.py
[2026-02-26T16:53:51.003+0000] {processor.py:830} INFO - Processing file /opt/airflow/dags/oltp_s3_dwh.py for tasks to queue
[2026-02-26T16:53:51.010+0000] {logging_mixin.py:188} INFO - [2026-02-26T16:53:51.009+0000] {dagbag.py:545} INFO - Filling up the DagBag from /opt/airflow/dags/oltp_s3_dwh.py
[2026-02-26T16:53:51.578+0000] {processor.py:840} INFO - DAG(s) 'oltp_s3_dwh' retrieved from /opt/airflow/dags/oltp_s3_dwh.py
[2026-02-26T16:53:51.609+0000] {logging_mixin.py:188} INFO - [2026-02-26T16:53:51.608+0000] {dag.py:3089} INFO - Sync 1 DAGs
[2026-02-26T16:53:51.637+0000] {logging_mixin.py:188} INFO - [2026-02-26T16:53:51.637+0000] {dag.py:3947} INFO - Setting next_dagrun for oltp_s3_dwh to 2026-02-01 00:00:00+00:00, run_after=2026-03-01 00:00:00+00:00
[2026-02-26T16:53:51.667+0000] {processor.py:183} INFO - Processing /opt/airflow/dags/oltp_s3_dwh.py took 0.673 seconds
[2026-02-26T16:54:21.833+0000] {processor.py:161} INFO - Started process (PID=2800) to work on /opt/airflow/dags/oltp_s3_dwh.py
[2026-02-26T16:54:21.834+0000] {processor.py:830} INFO - Processing file /opt/airflow/dags/oltp_s3_dwh.py for tasks to queue
[2026-02-26T16:54:21.836+0000] {logging_mixin.py:188} INFO - [2026-02-26T16:54:21.836+0000] {dagbag.py:545} INFO - Filling up the DagBag from /opt/airflow/dags/oltp_s3_dwh.py
[2026-02-26T16:54:22.292+0000] {processor.py:840} INFO - DAG(s) 'oltp_s3_dwh' retrieved from /opt/airflow/dags/oltp_s3_dwh.py
[2026-02-26T16:54:22.322+0000] {logging_mixin.py:188} INFO - [2026-02-26T16:54:22.321+0000] {dag.py:3089} INFO - Sync 1 DAGs
[2026-02-26T16:54:22.348+0000] {logging_mixin.py:188} INFO - [2026-02-26T16:54:22.348+0000] {dag.py:3947} INFO - Setting next_dagrun for oltp_s3_dwh to 2026-02-01 00:00:00+00:00, run_after=2026-03-01 00:00:00+00:00
[2026-02-26T16:54:22.373+0000] {processor.py:183} INFO - Processing /opt/airflow/dags/oltp_s3_dwh.py took 0.547 seconds
[2026-02-26T16:54:52.859+0000] {processor.py:161} INFO - Started process (PID=2827) to work on /opt/airflow/dags/oltp_s3_dwh.py
[2026-02-26T16:54:52.861+0000] {processor.py:830} INFO - Processing file /opt/airflow/dags/oltp_s3_dwh.py for tasks to queue
[2026-02-26T16:54:52.863+0000] {logging_mixin.py:188} INFO - [2026-02-26T16:54:52.863+0000] {dagbag.py:545} INFO - Filling up the DagBag from /opt/airflow/dags/oltp_s3_dwh.py
[2026-02-26T16:54:53.320+0000] {processor.py:840} INFO - DAG(s) 'oltp_s3_dwh' retrieved from /opt/airflow/dags/oltp_s3_dwh.py
[2026-02-26T16:54:53.349+0000] {logging_mixin.py:188} INFO - [2026-02-26T16:54:53.348+0000] {dag.py:3089} INFO - Sync 1 DAGs
[2026-02-26T16:54:53.369+0000] {logging_mixin.py:188} INFO - [2026-02-26T16:54:53.369+0000] {dag.py:3947} INFO - Setting next_dagrun for oltp_s3_dwh to 2026-02-01 00:00:00+00:00, run_after=2026-03-01 00:00:00+00:00
[2026-02-26T16:54:53.392+0000] {processor.py:183} INFO - Processing /opt/airflow/dags/oltp_s3_dwh.py took 0.540 seconds
[2026-02-26T16:55:23.887+0000] {processor.py:161} INFO - Started process (PID=2860) to work on /opt/airflow/dags/oltp_s3_dwh.py
[2026-02-26T16:55:23.889+0000] {processor.py:830} INFO - Processing file /opt/airflow/dags/oltp_s3_dwh.py for tasks to queue
[2026-02-26T16:55:23.891+0000] {logging_mixin.py:188} INFO - [2026-02-26T16:55:23.891+0000] {dagbag.py:545} INFO - Filling up the DagBag from /opt/airflow/dags/oltp_s3_dwh.py
[2026-02-26T16:55:24.338+0000] {processor.py:840} INFO - DAG(s) 'oltp_s3_dwh' retrieved from /opt/airflow/dags/oltp_s3_dwh.py
[2026-02-26T16:55:24.364+0000] {logging_mixin.py:188} INFO - [2026-02-26T16:55:24.364+0000] {dag.py:3089} INFO - Sync 1 DAGs
[2026-02-26T16:55:24.388+0000] {logging_mixin.py:188} INFO - [2026-02-26T16:55:24.387+0000] {dag.py:3947} INFO - Setting next_dagrun for oltp_s3_dwh to 2026-02-01 00:00:00+00:00, run_after=2026-03-01 00:00:00+00:00
[2026-02-26T16:55:24.411+0000] {processor.py:183} INFO - Processing /opt/airflow/dags/oltp_s3_dwh.py took 0.530 seconds
[2026-02-26T16:55:55.209+0000] {processor.py:161} INFO - Started process (PID=2886) to work on /opt/airflow/dags/oltp_s3_dwh.py
[2026-02-26T16:55:55.210+0000] {processor.py:830} INFO - Processing file /opt/airflow/dags/oltp_s3_dwh.py for tasks to queue
[2026-02-26T16:55:55.212+0000] {logging_mixin.py:188} INFO - [2026-02-26T16:55:55.212+0000] {dagbag.py:545} INFO - Filling up the DagBag from /opt/airflow/dags/oltp_s3_dwh.py
[2026-02-26T16:55:55.765+0000] {processor.py:840} INFO - DAG(s) 'oltp_s3_dwh' retrieved from /opt/airflow/dags/oltp_s3_dwh.py
[2026-02-26T16:55:55.799+0000] {logging_mixin.py:188} INFO - [2026-02-26T16:55:55.798+0000] {dag.py:3089} INFO - Sync 1 DAGs
[2026-02-26T16:55:55.827+0000] {logging_mixin.py:188} INFO - [2026-02-26T16:55:55.826+0000] {dag.py:3947} INFO - Setting next_dagrun for oltp_s3_dwh to 2026-02-01 00:00:00+00:00, run_after=2026-03-01 00:00:00+00:00
[2026-02-26T16:55:55.857+0000] {processor.py:183} INFO - Processing /opt/airflow/dags/oltp_s3_dwh.py took 0.654 seconds
[2026-02-26T16:56:26.312+0000] {processor.py:161} INFO - Started process (PID=2918) to work on /opt/airflow/dags/oltp_s3_dwh.py
[2026-02-26T16:56:26.314+0000] {processor.py:830} INFO - Processing file /opt/airflow/dags/oltp_s3_dwh.py for tasks to queue
[2026-02-26T16:56:26.316+0000] {logging_mixin.py:188} INFO - [2026-02-26T16:56:26.316+0000] {dagbag.py:545} INFO - Filling up the DagBag from /opt/airflow/dags/oltp_s3_dwh.py
[2026-02-26T16:56:26.771+0000] {processor.py:840} INFO - DAG(s) 'oltp_s3_dwh' retrieved from /opt/airflow/dags/oltp_s3_dwh.py
[2026-02-26T16:56:26.811+0000] {logging_mixin.py:188} INFO - [2026-02-26T16:56:26.810+0000] {dag.py:3089} INFO - Sync 1 DAGs
[2026-02-26T16:56:26.839+0000] {logging_mixin.py:188} INFO - [2026-02-26T16:56:26.838+0000] {dag.py:3947} INFO - Setting next_dagrun for oltp_s3_dwh to 2026-02-01 00:00:00+00:00, run_after=2026-03-01 00:00:00+00:00
[2026-02-26T16:56:26.872+0000] {processor.py:183} INFO - Processing /opt/airflow/dags/oltp_s3_dwh.py took 0.566 seconds
[2026-02-26T16:56:57.334+0000] {processor.py:161} INFO - Started process (PID=2944) to work on /opt/airflow/dags/oltp_s3_dwh.py
[2026-02-26T16:56:57.335+0000] {processor.py:830} INFO - Processing file /opt/airflow/dags/oltp_s3_dwh.py for tasks to queue
[2026-02-26T16:56:57.337+0000] {logging_mixin.py:188} INFO - [2026-02-26T16:56:57.337+0000] {dagbag.py:545} INFO - Filling up the DagBag from /opt/airflow/dags/oltp_s3_dwh.py
[2026-02-26T16:56:57.799+0000] {processor.py:840} INFO - DAG(s) 'oltp_s3_dwh' retrieved from /opt/airflow/dags/oltp_s3_dwh.py
[2026-02-26T16:56:57.827+0000] {logging_mixin.py:188} INFO - [2026-02-26T16:56:57.826+0000] {dag.py:3089} INFO - Sync 1 DAGs
[2026-02-26T16:56:57.848+0000] {logging_mixin.py:188} INFO - [2026-02-26T16:56:57.848+0000] {dag.py:3947} INFO - Setting next_dagrun for oltp_s3_dwh to 2026-02-01 00:00:00+00:00, run_after=2026-03-01 00:00:00+00:00
[2026-02-26T16:56:57.869+0000] {processor.py:183} INFO - Processing /opt/airflow/dags/oltp_s3_dwh.py took 0.541 seconds
[2026-02-26T16:57:28.131+0000] {processor.py:161} INFO - Started process (PID=2977) to work on /opt/airflow/dags/oltp_s3_dwh.py
[2026-02-26T16:57:28.132+0000] {processor.py:830} INFO - Processing file /opt/airflow/dags/oltp_s3_dwh.py for tasks to queue
[2026-02-26T16:57:28.134+0000] {logging_mixin.py:188} INFO - [2026-02-26T16:57:28.133+0000] {dagbag.py:545} INFO - Filling up the DagBag from /opt/airflow/dags/oltp_s3_dwh.py
[2026-02-26T16:57:28.765+0000] {processor.py:840} INFO - DAG(s) 'oltp_s3_dwh' retrieved from /opt/airflow/dags/oltp_s3_dwh.py
[2026-02-26T16:57:28.794+0000] {logging_mixin.py:188} INFO - [2026-02-26T16:57:28.794+0000] {dag.py:3089} INFO - Sync 1 DAGs
[2026-02-26T16:57:28.816+0000] {logging_mixin.py:188} INFO - [2026-02-26T16:57:28.816+0000] {dag.py:3947} INFO - Setting next_dagrun for oltp_s3_dwh to 2026-02-01 00:00:00+00:00, run_after=2026-03-01 00:00:00+00:00
[2026-02-26T16:57:28.841+0000] {processor.py:183} INFO - Processing /opt/airflow/dags/oltp_s3_dwh.py took 0.717 seconds
[2026-02-26T16:57:59.275+0000] {processor.py:161} INFO - Started process (PID=3003) to work on /opt/airflow/dags/oltp_s3_dwh.py
[2026-02-26T16:57:59.276+0000] {processor.py:830} INFO - Processing file /opt/airflow/dags/oltp_s3_dwh.py for tasks to queue
[2026-02-26T16:57:59.278+0000] {logging_mixin.py:188} INFO - [2026-02-26T16:57:59.278+0000] {dagbag.py:545} INFO - Filling up the DagBag from /opt/airflow/dags/oltp_s3_dwh.py
[2026-02-26T16:57:59.743+0000] {processor.py:840} INFO - DAG(s) 'oltp_s3_dwh' retrieved from /opt/airflow/dags/oltp_s3_dwh.py
[2026-02-26T16:57:59.769+0000] {logging_mixin.py:188} INFO - [2026-02-26T16:57:59.769+0000] {dag.py:3089} INFO - Sync 1 DAGs
[2026-02-26T16:57:59.795+0000] {logging_mixin.py:188} INFO - [2026-02-26T16:57:59.794+0000] {dag.py:3947} INFO - Setting next_dagrun for oltp_s3_dwh to 2026-02-01 00:00:00+00:00, run_after=2026-03-01 00:00:00+00:00
[2026-02-26T16:57:59.817+0000] {processor.py:183} INFO - Processing /opt/airflow/dags/oltp_s3_dwh.py took 0.548 seconds
[2026-02-26T16:58:30.327+0000] {processor.py:161} INFO - Started process (PID=3036) to work on /opt/airflow/dags/oltp_s3_dwh.py
[2026-02-26T16:58:30.329+0000] {processor.py:830} INFO - Processing file /opt/airflow/dags/oltp_s3_dwh.py for tasks to queue
[2026-02-26T16:58:30.334+0000] {logging_mixin.py:188} INFO - [2026-02-26T16:58:30.334+0000] {dagbag.py:545} INFO - Filling up the DagBag from /opt/airflow/dags/oltp_s3_dwh.py
[2026-02-26T16:58:30.878+0000] {processor.py:840} INFO - DAG(s) 'oltp_s3_dwh' retrieved from /opt/airflow/dags/oltp_s3_dwh.py
[2026-02-26T16:58:30.906+0000] {logging_mixin.py:188} INFO - [2026-02-26T16:58:30.905+0000] {dag.py:3089} INFO - Sync 1 DAGs
[2026-02-26T16:58:30.929+0000] {logging_mixin.py:188} INFO - [2026-02-26T16:58:30.929+0000] {dag.py:3947} INFO - Setting next_dagrun for oltp_s3_dwh to 2026-02-01 00:00:00+00:00, run_after=2026-03-01 00:00:00+00:00
[2026-02-26T16:58:30.952+0000] {processor.py:183} INFO - Processing /opt/airflow/dags/oltp_s3_dwh.py took 0.632 seconds
[2026-02-26T16:59:01.455+0000] {processor.py:161} INFO - Started process (PID=3062) to work on /opt/airflow/dags/oltp_s3_dwh.py
[2026-02-26T16:59:01.457+0000] {processor.py:830} INFO - Processing file /opt/airflow/dags/oltp_s3_dwh.py for tasks to queue
[2026-02-26T16:59:01.459+0000] {logging_mixin.py:188} INFO - [2026-02-26T16:59:01.459+0000] {dagbag.py:545} INFO - Filling up the DagBag from /opt/airflow/dags/oltp_s3_dwh.py
[2026-02-26T16:59:01.911+0000] {processor.py:840} INFO - DAG(s) 'oltp_s3_dwh' retrieved from /opt/airflow/dags/oltp_s3_dwh.py
[2026-02-26T16:59:01.939+0000] {logging_mixin.py:188} INFO - [2026-02-26T16:59:01.938+0000] {dag.py:3089} INFO - Sync 1 DAGs
[2026-02-26T16:59:01.960+0000] {logging_mixin.py:188} INFO - [2026-02-26T16:59:01.960+0000] {dag.py:3947} INFO - Setting next_dagrun for oltp_s3_dwh to 2026-02-01 00:00:00+00:00, run_after=2026-03-01 00:00:00+00:00
[2026-02-26T16:59:01.985+0000] {processor.py:183} INFO - Processing /opt/airflow/dags/oltp_s3_dwh.py took 0.536 seconds
[2026-02-26T16:59:32.158+0000] {processor.py:161} INFO - Started process (PID=3095) to work on /opt/airflow/dags/oltp_s3_dwh.py
[2026-02-26T16:59:32.160+0000] {processor.py:830} INFO - Processing file /opt/airflow/dags/oltp_s3_dwh.py for tasks to queue
[2026-02-26T16:59:32.163+0000] {logging_mixin.py:188} INFO - [2026-02-26T16:59:32.162+0000] {dagbag.py:545} INFO - Filling up the DagBag from /opt/airflow/dags/oltp_s3_dwh.py
[2026-02-26T16:59:32.547+0000] {processor.py:840} INFO - DAG(s) 'oltp_s3_dwh' retrieved from /opt/airflow/dags/oltp_s3_dwh.py
[2026-02-26T16:59:32.588+0000] {logging_mixin.py:188} INFO - [2026-02-26T16:59:32.588+0000] {dag.py:3089} INFO - Sync 1 DAGs
[2026-02-26T16:59:32.621+0000] {logging_mixin.py:188} INFO - [2026-02-26T16:59:32.621+0000] {dag.py:3947} INFO - Setting next_dagrun for oltp_s3_dwh to 2026-02-01 00:00:00+00:00, run_after=2026-03-01 00:00:00+00:00
[2026-02-26T16:59:32.654+0000] {processor.py:183} INFO - Processing /opt/airflow/dags/oltp_s3_dwh.py took 0.506 seconds
[2026-02-26T17:00:03.197+0000] {processor.py:161} INFO - Started process (PID=3119) to work on /opt/airflow/dags/oltp_s3_dwh.py
[2026-02-26T17:00:03.199+0000] {processor.py:830} INFO - Processing file /opt/airflow/dags/oltp_s3_dwh.py for tasks to queue
[2026-02-26T17:00:03.201+0000] {logging_mixin.py:188} INFO - [2026-02-26T17:00:03.200+0000] {dagbag.py:545} INFO - Filling up the DagBag from /opt/airflow/dags/oltp_s3_dwh.py
[2026-02-26T17:00:03.513+0000] {processor.py:840} INFO - DAG(s) 'oltp_s3_dwh' retrieved from /opt/airflow/dags/oltp_s3_dwh.py
[2026-02-26T17:00:03.537+0000] {logging_mixin.py:188} INFO - [2026-02-26T17:00:03.537+0000] {dag.py:3089} INFO - Sync 1 DAGs
[2026-02-26T17:00:03.561+0000] {logging_mixin.py:188} INFO - [2026-02-26T17:00:03.560+0000] {dag.py:3947} INFO - Setting next_dagrun for oltp_s3_dwh to 2026-02-01 00:00:00+00:00, run_after=2026-03-01 00:00:00+00:00
[2026-02-26T17:00:03.584+0000] {processor.py:183} INFO - Processing /opt/airflow/dags/oltp_s3_dwh.py took 0.393 seconds
[2026-02-26T17:00:34.018+0000] {processor.py:161} INFO - Started process (PID=3152) to work on /opt/airflow/dags/oltp_s3_dwh.py
[2026-02-26T17:00:34.019+0000] {processor.py:830} INFO - Processing file /opt/airflow/dags/oltp_s3_dwh.py for tasks to queue
[2026-02-26T17:00:34.022+0000] {logging_mixin.py:188} INFO - [2026-02-26T17:00:34.021+0000] {dagbag.py:545} INFO - Filling up the DagBag from /opt/airflow/dags/oltp_s3_dwh.py
[2026-02-26T17:00:34.413+0000] {processor.py:840} INFO - DAG(s) 'oltp_s3_dwh' retrieved from /opt/airflow/dags/oltp_s3_dwh.py
[2026-02-26T17:00:34.450+0000] {logging_mixin.py:188} INFO - [2026-02-26T17:00:34.449+0000] {dag.py:3089} INFO - Sync 1 DAGs
[2026-02-26T17:00:34.485+0000] {logging_mixin.py:188} INFO - [2026-02-26T17:00:34.484+0000] {dag.py:3947} INFO - Setting next_dagrun for oltp_s3_dwh to 2026-02-01 00:00:00+00:00, run_after=2026-03-01 00:00:00+00:00
[2026-02-26T17:00:34.511+0000] {processor.py:183} INFO - Processing /opt/airflow/dags/oltp_s3_dwh.py took 0.502 seconds
[2026-02-26T17:01:04.953+0000] {processor.py:161} INFO - Started process (PID=3178) to work on /opt/airflow/dags/oltp_s3_dwh.py
[2026-02-26T17:01:04.954+0000] {processor.py:830} INFO - Processing file /opt/airflow/dags/oltp_s3_dwh.py for tasks to queue
[2026-02-26T17:01:04.957+0000] {logging_mixin.py:188} INFO - [2026-02-26T17:01:04.956+0000] {dagbag.py:545} INFO - Filling up the DagBag from /opt/airflow/dags/oltp_s3_dwh.py
[2026-02-26T17:01:05.287+0000] {processor.py:840} INFO - DAG(s) 'oltp_s3_dwh' retrieved from /opt/airflow/dags/oltp_s3_dwh.py
[2026-02-26T17:01:05.323+0000] {logging_mixin.py:188} INFO - [2026-02-26T17:01:05.322+0000] {dag.py:3089} INFO - Sync 1 DAGs
[2026-02-26T17:01:05.350+0000] {logging_mixin.py:188} INFO - [2026-02-26T17:01:05.350+0000] {dag.py:3947} INFO - Setting next_dagrun for oltp_s3_dwh to 2026-02-01 00:00:00+00:00, run_after=2026-03-01 00:00:00+00:00
[2026-02-26T17:01:05.378+0000] {processor.py:183} INFO - Processing /opt/airflow/dags/oltp_s3_dwh.py took 0.432 seconds
[2026-02-26T17:01:36.009+0000] {processor.py:161} INFO - Started process (PID=3211) to work on /opt/airflow/dags/oltp_s3_dwh.py
[2026-02-26T17:01:36.010+0000] {processor.py:830} INFO - Processing file /opt/airflow/dags/oltp_s3_dwh.py for tasks to queue
[2026-02-26T17:01:36.012+0000] {logging_mixin.py:188} INFO - [2026-02-26T17:01:36.012+0000] {dagbag.py:545} INFO - Filling up the DagBag from /opt/airflow/dags/oltp_s3_dwh.py
[2026-02-26T17:01:36.360+0000] {processor.py:840} INFO - DAG(s) 'oltp_s3_dwh' retrieved from /opt/airflow/dags/oltp_s3_dwh.py
[2026-02-26T17:01:36.393+0000] {logging_mixin.py:188} INFO - [2026-02-26T17:01:36.392+0000] {dag.py:3089} INFO - Sync 1 DAGs
[2026-02-26T17:01:36.424+0000] {logging_mixin.py:188} INFO - [2026-02-26T17:01:36.424+0000] {dag.py:3947} INFO - Setting next_dagrun for oltp_s3_dwh to 2026-02-01 00:00:00+00:00, run_after=2026-03-01 00:00:00+00:00
[2026-02-26T17:01:36.456+0000] {processor.py:183} INFO - Processing /opt/airflow/dags/oltp_s3_dwh.py took 0.454 seconds
[2026-02-26T17:02:07.164+0000] {processor.py:161} INFO - Started process (PID=3237) to work on /opt/airflow/dags/oltp_s3_dwh.py
[2026-02-26T17:02:07.166+0000] {processor.py:830} INFO - Processing file /opt/airflow/dags/oltp_s3_dwh.py for tasks to queue
[2026-02-26T17:02:07.169+0000] {logging_mixin.py:188} INFO - [2026-02-26T17:02:07.169+0000] {dagbag.py:545} INFO - Filling up the DagBag from /opt/airflow/dags/oltp_s3_dwh.py
[2026-02-26T17:02:06.620+0000] {processor.py:840} INFO - DAG(s) 'oltp_s3_dwh' retrieved from /opt/airflow/dags/oltp_s3_dwh.py
[2026-02-26T17:02:06.655+0000] {logging_mixin.py:188} INFO - [2026-02-26T17:02:06.654+0000] {dag.py:3089} INFO - Sync 1 DAGs
[2026-02-26T17:02:06.678+0000] {logging_mixin.py:188} INFO - [2026-02-26T17:02:06.678+0000] {dag.py:3947} INFO - Setting next_dagrun for oltp_s3_dwh to 2026-02-01 00:00:00+00:00, run_after=2026-03-01 00:00:00+00:00
[2026-02-26T17:02:06.705+0000] {processor.py:183} INFO - Processing /opt/airflow/dags/oltp_s3_dwh.py took 0.436 seconds
[2026-02-26T17:02:36.864+0000] {processor.py:161} INFO - Started process (PID=3271) to work on /opt/airflow/dags/oltp_s3_dwh.py
[2026-02-26T17:02:36.865+0000] {processor.py:830} INFO - Processing file /opt/airflow/dags/oltp_s3_dwh.py for tasks to queue
[2026-02-26T17:02:36.868+0000] {logging_mixin.py:188} INFO - [2026-02-26T17:02:36.867+0000] {dagbag.py:545} INFO - Filling up the DagBag from /opt/airflow/dags/oltp_s3_dwh.py
[2026-02-26T17:02:37.256+0000] {processor.py:840} INFO - DAG(s) 'oltp_s3_dwh' retrieved from /opt/airflow/dags/oltp_s3_dwh.py
[2026-02-26T17:02:37.300+0000] {logging_mixin.py:188} INFO - [2026-02-26T17:02:37.299+0000] {dag.py:3089} INFO - Sync 1 DAGs
[2026-02-26T17:02:37.328+0000] {logging_mixin.py:188} INFO - [2026-02-26T17:02:37.328+0000] {dag.py:3947} INFO - Setting next_dagrun for oltp_s3_dwh to 2026-02-01 00:00:00+00:00, run_after=2026-03-01 00:00:00+00:00
[2026-02-26T17:02:37.365+0000] {processor.py:183} INFO - Processing /opt/airflow/dags/oltp_s3_dwh.py took 0.514 seconds
[2026-02-26T17:03:07.768+0000] {processor.py:161} INFO - Started process (PID=3297) to work on /opt/airflow/dags/oltp_s3_dwh.py
[2026-02-26T17:03:07.769+0000] {processor.py:830} INFO - Processing file /opt/airflow/dags/oltp_s3_dwh.py for tasks to queue
[2026-02-26T17:03:07.771+0000] {logging_mixin.py:188} INFO - [2026-02-26T17:03:07.771+0000] {dagbag.py:545} INFO - Filling up the DagBag from /opt/airflow/dags/oltp_s3_dwh.py
[2026-02-26T17:03:08.096+0000] {processor.py:840} INFO - DAG(s) 'oltp_s3_dwh' retrieved from /opt/airflow/dags/oltp_s3_dwh.py
[2026-02-26T17:03:08.124+0000] {logging_mixin.py:188} INFO - [2026-02-26T17:03:08.124+0000] {dag.py:3089} INFO - Sync 1 DAGs
[2026-02-26T17:03:08.147+0000] {logging_mixin.py:188} INFO - [2026-02-26T17:03:08.146+0000] {dag.py:3947} INFO - Setting next_dagrun for oltp_s3_dwh to 2026-02-01 00:00:00+00:00, run_after=2026-03-01 00:00:00+00:00
[2026-02-26T17:03:08.174+0000] {processor.py:183} INFO - Processing /opt/airflow/dags/oltp_s3_dwh.py took 0.413 seconds
[2026-02-26T17:03:38.929+0000] {processor.py:161} INFO - Started process (PID=3330) to work on /opt/airflow/dags/oltp_s3_dwh.py
[2026-02-26T17:03:38.930+0000] {processor.py:830} INFO - Processing file /opt/airflow/dags/oltp_s3_dwh.py for tasks to queue
[2026-02-26T17:03:38.932+0000] {logging_mixin.py:188} INFO - [2026-02-26T17:03:38.932+0000] {dagbag.py:545} INFO - Filling up the DagBag from /opt/airflow/dags/oltp_s3_dwh.py
[2026-02-26T17:03:39.322+0000] {processor.py:840} INFO - DAG(s) 'oltp_s3_dwh' retrieved from /opt/airflow/dags/oltp_s3_dwh.py
[2026-02-26T17:03:39.364+0000] {logging_mixin.py:188} INFO - [2026-02-26T17:03:39.364+0000] {dag.py:3089} INFO - Sync 1 DAGs
[2026-02-26T17:03:39.393+0000] {logging_mixin.py:188} INFO - [2026-02-26T17:03:39.393+0000] {dag.py:3947} INFO - Setting next_dagrun for oltp_s3_dwh to 2026-02-01 00:00:00+00:00, run_after=2026-03-01 00:00:00+00:00
[2026-02-26T17:03:39.474+0000] {processor.py:183} INFO - Processing /opt/airflow/dags/oltp_s3_dwh.py took 0.552 seconds
[2026-02-26T17:04:09.569+0000] {processor.py:161} INFO - Started process (PID=3356) to work on /opt/airflow/dags/oltp_s3_dwh.py
[2026-02-26T17:04:09.570+0000] {processor.py:830} INFO - Processing file /opt/airflow/dags/oltp_s3_dwh.py for tasks to queue
[2026-02-26T17:04:09.572+0000] {logging_mixin.py:188} INFO - [2026-02-26T17:04:09.572+0000] {dagbag.py:545} INFO - Filling up the DagBag from /opt/airflow/dags/oltp_s3_dwh.py
[2026-02-26T17:04:09.902+0000] {processor.py:840} INFO - DAG(s) 'oltp_s3_dwh' retrieved from /opt/airflow/dags/oltp_s3_dwh.py
[2026-02-26T17:04:09.929+0000] {logging_mixin.py:188} INFO - [2026-02-26T17:04:09.929+0000] {dag.py:3089} INFO - Sync 1 DAGs
[2026-02-26T17:04:09.956+0000] {logging_mixin.py:188} INFO - [2026-02-26T17:04:09.956+0000] {dag.py:3947} INFO - Setting next_dagrun for oltp_s3_dwh to 2026-02-01 00:00:00+00:00, run_after=2026-03-01 00:00:00+00:00
[2026-02-26T17:04:09.989+0000] {processor.py:183} INFO - Processing /opt/airflow/dags/oltp_s3_dwh.py took 0.429 seconds
[2026-02-26T17:04:40.370+0000] {processor.py:161} INFO - Started process (PID=3382) to work on /opt/airflow/dags/oltp_s3_dwh.py
[2026-02-26T17:04:40.372+0000] {processor.py:830} INFO - Processing file /opt/airflow/dags/oltp_s3_dwh.py for tasks to queue
[2026-02-26T17:04:40.374+0000] {logging_mixin.py:188} INFO - [2026-02-26T17:04:40.374+0000] {dagbag.py:545} INFO - Filling up the DagBag from /opt/airflow/dags/oltp_s3_dwh.py
[2026-02-26T17:04:40.708+0000] {processor.py:840} INFO - DAG(s) 'oltp_s3_dwh' retrieved from /opt/airflow/dags/oltp_s3_dwh.py
[2026-02-26T17:04:40.747+0000] {logging_mixin.py:188} INFO - [2026-02-26T17:04:40.746+0000] {dag.py:3089} INFO - Sync 1 DAGs
[2026-02-26T17:04:40.773+0000] {logging_mixin.py:188} INFO - [2026-02-26T17:04:40.773+0000] {dag.py:3947} INFO - Setting next_dagrun for oltp_s3_dwh to 2026-02-01 00:00:00+00:00, run_after=2026-03-01 00:00:00+00:00
[2026-02-26T17:04:40.802+0000] {processor.py:183} INFO - Processing /opt/airflow/dags/oltp_s3_dwh.py took 0.438 seconds
[2026-02-26T17:05:11.178+0000] {processor.py:161} INFO - Started process (PID=3415) to work on /opt/airflow/dags/oltp_s3_dwh.py
[2026-02-26T17:05:11.180+0000] {processor.py:830} INFO - Processing file /opt/airflow/dags/oltp_s3_dwh.py for tasks to queue
[2026-02-26T17:05:11.183+0000] {logging_mixin.py:188} INFO - [2026-02-26T17:05:11.182+0000] {dagbag.py:545} INFO - Filling up the DagBag from /opt/airflow/dags/oltp_s3_dwh.py
[2026-02-26T17:05:11.539+0000] {processor.py:840} INFO - DAG(s) 'oltp_s3_dwh' retrieved from /opt/airflow/dags/oltp_s3_dwh.py
[2026-02-26T17:05:11.567+0000] {logging_mixin.py:188} INFO - [2026-02-26T17:05:11.566+0000] {dag.py:3089} INFO - Sync 1 DAGs
[2026-02-26T17:05:11.591+0000] {logging_mixin.py:188} INFO - [2026-02-26T17:05:11.591+0000] {dag.py:3947} INFO - Setting next_dagrun for oltp_s3_dwh to 2026-02-01 00:00:00+00:00, run_after=2026-03-01 00:00:00+00:00
[2026-02-26T17:05:11.618+0000] {processor.py:183} INFO - Processing /opt/airflow/dags/oltp_s3_dwh.py took 0.446 seconds
[2026-02-26T17:05:42.047+0000] {processor.py:161} INFO - Started process (PID=3441) to work on /opt/airflow/dags/oltp_s3_dwh.py
[2026-02-26T17:05:42.049+0000] {processor.py:830} INFO - Processing file /opt/airflow/dags/oltp_s3_dwh.py for tasks to queue
[2026-02-26T17:05:42.051+0000] {logging_mixin.py:188} INFO - [2026-02-26T17:05:42.050+0000] {dagbag.py:545} INFO - Filling up the DagBag from /opt/airflow/dags/oltp_s3_dwh.py
[2026-02-26T17:05:42.369+0000] {processor.py:840} INFO - DAG(s) 'oltp_s3_dwh' retrieved from /opt/airflow/dags/oltp_s3_dwh.py
[2026-02-26T17:05:42.396+0000] {logging_mixin.py:188} INFO - [2026-02-26T17:05:42.395+0000] {dag.py:3089} INFO - Sync 1 DAGs
[2026-02-26T17:05:42.420+0000] {logging_mixin.py:188} INFO - [2026-02-26T17:05:42.419+0000] {dag.py:3947} INFO - Setting next_dagrun for oltp_s3_dwh to 2026-02-01 00:00:00+00:00, run_after=2026-03-01 00:00:00+00:00
[2026-02-26T17:05:42.520+0000] {processor.py:183} INFO - Processing /opt/airflow/dags/oltp_s3_dwh.py took 0.479 seconds
[2026-02-26T17:06:12.980+0000] {processor.py:161} INFO - Started process (PID=3473) to work on /opt/airflow/dags/oltp_s3_dwh.py
[2026-02-26T17:06:12.982+0000] {processor.py:830} INFO - Processing file /opt/airflow/dags/oltp_s3_dwh.py for tasks to queue
[2026-02-26T17:06:12.985+0000] {logging_mixin.py:188} INFO - [2026-02-26T17:06:12.984+0000] {dagbag.py:545} INFO - Filling up the DagBag from /opt/airflow/dags/oltp_s3_dwh.py
[2026-02-26T17:06:13.310+0000] {processor.py:840} INFO - DAG(s) 'oltp_s3_dwh' retrieved from /opt/airflow/dags/oltp_s3_dwh.py
[2026-02-26T17:06:13.336+0000] {logging_mixin.py:188} INFO - [2026-02-26T17:06:13.336+0000] {dag.py:3089} INFO - Sync 1 DAGs
[2026-02-26T17:06:13.363+0000] {logging_mixin.py:188} INFO - [2026-02-26T17:06:13.363+0000] {dag.py:3947} INFO - Setting next_dagrun for oltp_s3_dwh to 2026-02-01 00:00:00+00:00, run_after=2026-03-01 00:00:00+00:00
[2026-02-26T17:06:13.387+0000] {processor.py:183} INFO - Processing /opt/airflow/dags/oltp_s3_dwh.py took 0.413 seconds
[2026-02-26T17:06:43.891+0000] {processor.py:161} INFO - Started process (PID=3500) to work on /opt/airflow/dags/oltp_s3_dwh.py
[2026-02-26T17:06:43.893+0000] {processor.py:830} INFO - Processing file /opt/airflow/dags/oltp_s3_dwh.py for tasks to queue
[2026-02-26T17:06:43.895+0000] {logging_mixin.py:188} INFO - [2026-02-26T17:06:43.895+0000] {dagbag.py:545} INFO - Filling up the DagBag from /opt/airflow/dags/oltp_s3_dwh.py
[2026-02-26T17:06:44.249+0000] {processor.py:840} INFO - DAG(s) 'oltp_s3_dwh' retrieved from /opt/airflow/dags/oltp_s3_dwh.py
[2026-02-26T17:06:44.280+0000] {logging_mixin.py:188} INFO - [2026-02-26T17:06:44.280+0000] {dag.py:3089} INFO - Sync 1 DAGs
[2026-02-26T17:06:44.307+0000] {logging_mixin.py:188} INFO - [2026-02-26T17:06:44.307+0000] {dag.py:3947} INFO - Setting next_dagrun for oltp_s3_dwh to 2026-02-01 00:00:00+00:00, run_after=2026-03-01 00:00:00+00:00
[2026-02-26T17:06:44.336+0000] {processor.py:183} INFO - Processing /opt/airflow/dags/oltp_s3_dwh.py took 0.453 seconds
[2026-02-26T17:07:14.773+0000] {processor.py:161} INFO - Started process (PID=3533) to work on /opt/airflow/dags/oltp_s3_dwh.py
[2026-02-26T17:07:14.775+0000] {processor.py:830} INFO - Processing file /opt/airflow/dags/oltp_s3_dwh.py for tasks to queue
[2026-02-26T17:07:14.777+0000] {logging_mixin.py:188} INFO - [2026-02-26T17:07:14.777+0000] {dagbag.py:545} INFO - Filling up the DagBag from /opt/airflow/dags/oltp_s3_dwh.py
[2026-02-26T17:07:15.098+0000] {processor.py:840} INFO - DAG(s) 'oltp_s3_dwh' retrieved from /opt/airflow/dags/oltp_s3_dwh.py
[2026-02-26T17:07:15.132+0000] {logging_mixin.py:188} INFO - [2026-02-26T17:07:15.132+0000] {dag.py:3089} INFO - Sync 1 DAGs
[2026-02-26T17:07:15.158+0000] {logging_mixin.py:188} INFO - [2026-02-26T17:07:15.158+0000] {dag.py:3947} INFO - Setting next_dagrun for oltp_s3_dwh to 2026-02-01 00:00:00+00:00, run_after=2026-03-01 00:00:00+00:00
[2026-02-26T17:07:15.185+0000] {processor.py:183} INFO - Processing /opt/airflow/dags/oltp_s3_dwh.py took 0.418 seconds
[2026-02-26T17:07:45.536+0000] {processor.py:161} INFO - Started process (PID=3560) to work on /opt/airflow/dags/oltp_s3_dwh.py
[2026-02-26T17:07:45.538+0000] {processor.py:830} INFO - Processing file /opt/airflow/dags/oltp_s3_dwh.py for tasks to queue
[2026-02-26T17:07:45.540+0000] {logging_mixin.py:188} INFO - [2026-02-26T17:07:45.540+0000] {dagbag.py:545} INFO - Filling up the DagBag from /opt/airflow/dags/oltp_s3_dwh.py
[2026-02-26T17:07:45.860+0000] {processor.py:840} INFO - DAG(s) 'oltp_s3_dwh' retrieved from /opt/airflow/dags/oltp_s3_dwh.py
[2026-02-26T17:07:45.886+0000] {logging_mixin.py:188} INFO - [2026-02-26T17:07:45.885+0000] {dag.py:3089} INFO - Sync 1 DAGs
[2026-02-26T17:07:45.912+0000] {logging_mixin.py:188} INFO - [2026-02-26T17:07:45.911+0000] {dag.py:3947} INFO - Setting next_dagrun for oltp_s3_dwh to 2026-02-01 00:00:00+00:00, run_after=2026-03-01 00:00:00+00:00
[2026-02-26T17:07:45.939+0000] {processor.py:183} INFO - Processing /opt/airflow/dags/oltp_s3_dwh.py took 0.410 seconds
[2026-02-26T17:08:16.969+0000] {processor.py:161} INFO - Started process (PID=3594) to work on /opt/airflow/dags/oltp_s3_dwh.py
[2026-02-26T17:08:16.971+0000] {processor.py:830} INFO - Processing file /opt/airflow/dags/oltp_s3_dwh.py for tasks to queue
[2026-02-26T17:08:16.973+0000] {logging_mixin.py:188} INFO - [2026-02-26T17:08:16.973+0000] {dagbag.py:545} INFO - Filling up the DagBag from /opt/airflow/dags/oltp_s3_dwh.py
[2026-02-26T17:08:17.301+0000] {processor.py:840} INFO - DAG(s) 'oltp_s3_dwh' retrieved from /opt/airflow/dags/oltp_s3_dwh.py
[2026-02-26T17:08:17.328+0000] {logging_mixin.py:188} INFO - [2026-02-26T17:08:17.327+0000] {dag.py:3089} INFO - Sync 1 DAGs
[2026-02-26T17:08:17.352+0000] {logging_mixin.py:188} INFO - [2026-02-26T17:08:17.352+0000] {dag.py:3947} INFO - Setting next_dagrun for oltp_s3_dwh to 2026-02-01 00:00:00+00:00, run_after=2026-03-01 00:00:00+00:00
[2026-02-26T17:08:17.377+0000] {processor.py:183} INFO - Processing /opt/airflow/dags/oltp_s3_dwh.py took 0.416 seconds
[2026-02-26T17:08:47.814+0000] {processor.py:161} INFO - Started process (PID=3619) to work on /opt/airflow/dags/oltp_s3_dwh.py
[2026-02-26T17:08:47.816+0000] {processor.py:830} INFO - Processing file /opt/airflow/dags/oltp_s3_dwh.py for tasks to queue
[2026-02-26T17:08:47.818+0000] {logging_mixin.py:188} INFO - [2026-02-26T17:08:47.818+0000] {dagbag.py:545} INFO - Filling up the DagBag from /opt/airflow/dags/oltp_s3_dwh.py
[2026-02-26T17:08:48.138+0000] {processor.py:840} INFO - DAG(s) 'oltp_s3_dwh' retrieved from /opt/airflow/dags/oltp_s3_dwh.py
[2026-02-26T17:08:48.167+0000] {logging_mixin.py:188} INFO - [2026-02-26T17:08:48.167+0000] {dag.py:3089} INFO - Sync 1 DAGs
[2026-02-26T17:08:48.189+0000] {logging_mixin.py:188} INFO - [2026-02-26T17:08:48.189+0000] {dag.py:3947} INFO - Setting next_dagrun for oltp_s3_dwh to 2026-02-01 00:00:00+00:00, run_after=2026-03-01 00:00:00+00:00
[2026-02-26T17:08:48.214+0000] {processor.py:183} INFO - Processing /opt/airflow/dags/oltp_s3_dwh.py took 0.406 seconds
[2026-02-26T17:09:18.703+0000] {processor.py:161} INFO - Started process (PID=3652) to work on /opt/airflow/dags/oltp_s3_dwh.py
[2026-02-26T17:09:18.705+0000] {processor.py:830} INFO - Processing file /opt/airflow/dags/oltp_s3_dwh.py for tasks to queue
[2026-02-26T17:09:18.707+0000] {logging_mixin.py:188} INFO - [2026-02-26T17:09:18.707+0000] {dagbag.py:545} INFO - Filling up the DagBag from /opt/airflow/dags/oltp_s3_dwh.py
[2026-02-26T17:09:19.048+0000] {processor.py:840} INFO - DAG(s) 'oltp_s3_dwh' retrieved from /opt/airflow/dags/oltp_s3_dwh.py
[2026-02-26T17:09:19.078+0000] {logging_mixin.py:188} INFO - [2026-02-26T17:09:19.077+0000] {dag.py:3089} INFO - Sync 1 DAGs
[2026-02-26T17:09:19.105+0000] {logging_mixin.py:188} INFO - [2026-02-26T17:09:19.104+0000] {dag.py:3947} INFO - Setting next_dagrun for oltp_s3_dwh to 2026-02-01 00:00:00+00:00, run_after=2026-03-01 00:00:00+00:00
[2026-02-26T17:09:19.139+0000] {processor.py:183} INFO - Processing /opt/airflow/dags/oltp_s3_dwh.py took 0.447 seconds
[2026-02-26T17:09:49.613+0000] {processor.py:161} INFO - Started process (PID=3677) to work on /opt/airflow/dags/oltp_s3_dwh.py
[2026-02-26T17:09:49.614+0000] {processor.py:830} INFO - Processing file /opt/airflow/dags/oltp_s3_dwh.py for tasks to queue
[2026-02-26T17:09:49.616+0000] {logging_mixin.py:188} INFO - [2026-02-26T17:09:49.616+0000] {dagbag.py:545} INFO - Filling up the DagBag from /opt/airflow/dags/oltp_s3_dwh.py
[2026-02-26T17:09:49.940+0000] {processor.py:840} INFO - DAG(s) 'oltp_s3_dwh' retrieved from /opt/airflow/dags/oltp_s3_dwh.py
[2026-02-26T17:09:49.969+0000] {logging_mixin.py:188} INFO - [2026-02-26T17:09:49.969+0000] {dag.py:3089} INFO - Sync 1 DAGs
[2026-02-26T17:09:49.993+0000] {logging_mixin.py:188} INFO - [2026-02-26T17:09:49.992+0000] {dag.py:3947} INFO - Setting next_dagrun for oltp_s3_dwh to 2026-02-01 00:00:00+00:00, run_after=2026-03-01 00:00:00+00:00
[2026-02-26T17:09:50.021+0000] {processor.py:183} INFO - Processing /opt/airflow/dags/oltp_s3_dwh.py took 0.415 seconds
[2026-02-26T17:10:20.502+0000] {processor.py:161} INFO - Started process (PID=3711) to work on /opt/airflow/dags/oltp_s3_dwh.py
[2026-02-26T17:10:20.503+0000] {processor.py:830} INFO - Processing file /opt/airflow/dags/oltp_s3_dwh.py for tasks to queue
[2026-02-26T17:10:20.505+0000] {logging_mixin.py:188} INFO - [2026-02-26T17:10:20.505+0000] {dagbag.py:545} INFO - Filling up the DagBag from /opt/airflow/dags/oltp_s3_dwh.py
[2026-02-26T17:10:21.290+0000] {processor.py:840} INFO - DAG(s) 'oltp_s3_dwh' retrieved from /opt/airflow/dags/oltp_s3_dwh.py
[2026-02-26T17:10:21.336+0000] {logging_mixin.py:188} INFO - [2026-02-26T17:10:21.336+0000] {dag.py:3089} INFO - Sync 1 DAGs
[2026-02-26T17:10:21.454+0000] {logging_mixin.py:188} INFO - [2026-02-26T17:10:21.453+0000] {dag.py:3947} INFO - Setting next_dagrun for oltp_s3_dwh to 2026-02-01 00:00:00+00:00, run_after=2026-03-01 00:00:00+00:00
[2026-02-26T17:10:21.579+0000] {processor.py:183} INFO - Processing /opt/airflow/dags/oltp_s3_dwh.py took 1.085 seconds
[2026-02-26T17:10:52.121+0000] {processor.py:161} INFO - Started process (PID=3737) to work on /opt/airflow/dags/oltp_s3_dwh.py
[2026-02-26T17:10:52.123+0000] {processor.py:830} INFO - Processing file /opt/airflow/dags/oltp_s3_dwh.py for tasks to queue
[2026-02-26T17:10:52.125+0000] {logging_mixin.py:188} INFO - [2026-02-26T17:10:52.125+0000] {dagbag.py:545} INFO - Filling up the DagBag from /opt/airflow/dags/oltp_s3_dwh.py
[2026-02-26T17:10:52.451+0000] {processor.py:840} INFO - DAG(s) 'oltp_s3_dwh' retrieved from /opt/airflow/dags/oltp_s3_dwh.py
[2026-02-26T17:10:52.486+0000] {logging_mixin.py:188} INFO - [2026-02-26T17:10:52.485+0000] {dag.py:3089} INFO - Sync 1 DAGs
[2026-02-26T17:10:52.507+0000] {logging_mixin.py:188} INFO - [2026-02-26T17:10:52.507+0000] {dag.py:3947} INFO - Setting next_dagrun for oltp_s3_dwh to 2026-02-01 00:00:00+00:00, run_after=2026-03-01 00:00:00+00:00
[2026-02-26T17:10:52.531+0000] {processor.py:183} INFO - Processing /opt/airflow/dags/oltp_s3_dwh.py took 0.418 seconds
[2026-02-26T17:11:22.594+0000] {processor.py:161} INFO - Started process (PID=3770) to work on /opt/airflow/dags/oltp_s3_dwh.py
[2026-02-26T17:11:22.595+0000] {processor.py:830} INFO - Processing file /opt/airflow/dags/oltp_s3_dwh.py for tasks to queue
[2026-02-26T17:11:22.597+0000] {logging_mixin.py:188} INFO - [2026-02-26T17:11:22.597+0000] {dagbag.py:545} INFO - Filling up the DagBag from /opt/airflow/dags/oltp_s3_dwh.py
[2026-02-26T17:11:22.958+0000] {processor.py:840} INFO - DAG(s) 'oltp_s3_dwh' retrieved from /opt/airflow/dags/oltp_s3_dwh.py
[2026-02-26T17:11:22.993+0000] {logging_mixin.py:188} INFO - [2026-02-26T17:11:22.992+0000] {dag.py:3089} INFO - Sync 1 DAGs
[2026-02-26T17:11:23.020+0000] {logging_mixin.py:188} INFO - [2026-02-26T17:11:23.020+0000] {dag.py:3947} INFO - Setting next_dagrun for oltp_s3_dwh to 2026-02-01 00:00:00+00:00, run_after=2026-03-01 00:00:00+00:00
[2026-02-26T17:11:23.059+0000] {processor.py:183} INFO - Processing /opt/airflow/dags/oltp_s3_dwh.py took 0.472 seconds
[2026-02-26T17:11:53.264+0000] {processor.py:161} INFO - Started process (PID=3795) to work on /opt/airflow/dags/oltp_s3_dwh.py
[2026-02-26T17:11:53.265+0000] {processor.py:830} INFO - Processing file /opt/airflow/dags/oltp_s3_dwh.py for tasks to queue
[2026-02-26T17:11:53.268+0000] {logging_mixin.py:188} INFO - [2026-02-26T17:11:53.267+0000] {dagbag.py:545} INFO - Filling up the DagBag from /opt/airflow/dags/oltp_s3_dwh.py
[2026-02-26T17:11:53.581+0000] {processor.py:840} INFO - DAG(s) 'oltp_s3_dwh' retrieved from /opt/airflow/dags/oltp_s3_dwh.py
[2026-02-26T17:11:53.614+0000] {logging_mixin.py:188} INFO - [2026-02-26T17:11:53.613+0000] {dag.py:3089} INFO - Sync 1 DAGs
[2026-02-26T17:11:53.640+0000] {logging_mixin.py:188} INFO - [2026-02-26T17:11:53.640+0000] {dag.py:3947} INFO - Setting next_dagrun for oltp_s3_dwh to 2026-02-01 00:00:00+00:00, run_after=2026-03-01 00:00:00+00:00
[2026-02-26T17:11:53.669+0000] {processor.py:183} INFO - Processing /opt/airflow/dags/oltp_s3_dwh.py took 0.411 seconds
[2026-02-26T17:12:24.140+0000] {processor.py:161} INFO - Started process (PID=3828) to work on /opt/airflow/dags/oltp_s3_dwh.py
[2026-02-26T17:12:24.142+0000] {processor.py:830} INFO - Processing file /opt/airflow/dags/oltp_s3_dwh.py for tasks to queue
[2026-02-26T17:12:24.144+0000] {logging_mixin.py:188} INFO - [2026-02-26T17:12:24.144+0000] {dagbag.py:545} INFO - Filling up the DagBag from /opt/airflow/dags/oltp_s3_dwh.py
[2026-02-26T17:12:24.483+0000] {processor.py:840} INFO - DAG(s) 'oltp_s3_dwh' retrieved from /opt/airflow/dags/oltp_s3_dwh.py
[2026-02-26T17:12:24.526+0000] {logging_mixin.py:188} INFO - [2026-02-26T17:12:24.526+0000] {dag.py:3089} INFO - Sync 1 DAGs
[2026-02-26T17:12:24.564+0000] {logging_mixin.py:188} INFO - [2026-02-26T17:12:24.564+0000] {dag.py:3947} INFO - Setting next_dagrun for oltp_s3_dwh to 2026-02-01 00:00:00+00:00, run_after=2026-03-01 00:00:00+00:00
[2026-02-26T17:12:24.598+0000] {processor.py:183} INFO - Processing /opt/airflow/dags/oltp_s3_dwh.py took 0.465 seconds
[2026-02-26T17:12:55.030+0000] {processor.py:161} INFO - Started process (PID=3855) to work on /opt/airflow/dags/oltp_s3_dwh.py
[2026-02-26T17:12:55.031+0000] {processor.py:830} INFO - Processing file /opt/airflow/dags/oltp_s3_dwh.py for tasks to queue
[2026-02-26T17:12:55.034+0000] {logging_mixin.py:188} INFO - [2026-02-26T17:12:55.033+0000] {dagbag.py:545} INFO - Filling up the DagBag from /opt/airflow/dags/oltp_s3_dwh.py
[2026-02-26T17:12:55.343+0000] {processor.py:840} INFO - DAG(s) 'oltp_s3_dwh' retrieved from /opt/airflow/dags/oltp_s3_dwh.py
[2026-02-26T17:12:55.377+0000] {logging_mixin.py:188} INFO - [2026-02-26T17:12:55.376+0000] {dag.py:3089} INFO - Sync 1 DAGs
[2026-02-26T17:12:55.403+0000] {logging_mixin.py:188} INFO - [2026-02-26T17:12:55.403+0000] {dag.py:3947} INFO - Setting next_dagrun for oltp_s3_dwh to 2026-02-01 00:00:00+00:00, run_after=2026-03-01 00:00:00+00:00
[2026-02-26T17:12:55.429+0000] {processor.py:183} INFO - Processing /opt/airflow/dags/oltp_s3_dwh.py took 0.406 seconds
[2026-02-26T17:13:25.616+0000] {processor.py:161} INFO - Started process (PID=3888) to work on /opt/airflow/dags/oltp_s3_dwh.py
[2026-02-26T17:13:25.618+0000] {processor.py:830} INFO - Processing file /opt/airflow/dags/oltp_s3_dwh.py for tasks to queue
[2026-02-26T17:13:25.623+0000] {logging_mixin.py:188} INFO - [2026-02-26T17:13:25.622+0000] {dagbag.py:545} INFO - Filling up the DagBag from /opt/airflow/dags/oltp_s3_dwh.py
[2026-02-26T17:13:26.042+0000] {processor.py:840} INFO - DAG(s) 'oltp_s3_dwh' retrieved from /opt/airflow/dags/oltp_s3_dwh.py
[2026-02-26T17:13:26.085+0000] {logging_mixin.py:188} INFO - [2026-02-26T17:13:26.084+0000] {dag.py:3089} INFO - Sync 1 DAGs
[2026-02-26T17:13:26.121+0000] {logging_mixin.py:188} INFO - [2026-02-26T17:13:26.121+0000] {dag.py:3947} INFO - Setting next_dagrun for oltp_s3_dwh to 2026-02-01 00:00:00+00:00, run_after=2026-03-01 00:00:00+00:00
[2026-02-26T17:13:26.152+0000] {processor.py:183} INFO - Processing /opt/airflow/dags/oltp_s3_dwh.py took 0.547 seconds
[2026-02-26T17:13:56.549+0000] {processor.py:161} INFO - Started process (PID=3918) to work on /opt/airflow/dags/oltp_s3_dwh.py
[2026-02-26T17:13:56.551+0000] {processor.py:830} INFO - Processing file /opt/airflow/dags/oltp_s3_dwh.py for tasks to queue
[2026-02-26T17:13:56.553+0000] {logging_mixin.py:188} INFO - [2026-02-26T17:13:56.553+0000] {dagbag.py:545} INFO - Filling up the DagBag from /opt/airflow/dags/oltp_s3_dwh.py
[2026-02-26T17:13:56.882+0000] {processor.py:840} INFO - DAG(s) 'oltp_s3_dwh' retrieved from /opt/airflow/dags/oltp_s3_dwh.py
[2026-02-26T17:13:56.912+0000] {logging_mixin.py:188} INFO - [2026-02-26T17:13:56.911+0000] {dag.py:3089} INFO - Sync 1 DAGs
[2026-02-26T17:13:56.936+0000] {logging_mixin.py:188} INFO - [2026-02-26T17:13:56.935+0000] {dag.py:3947} INFO - Setting next_dagrun for oltp_s3_dwh to 2026-02-01 00:00:00+00:00, run_after=2026-03-01 00:00:00+00:00
[2026-02-26T17:13:56.964+0000] {processor.py:183} INFO - Processing /opt/airflow/dags/oltp_s3_dwh.py took 0.421 seconds
[2026-02-26T17:14:27.170+0000] {processor.py:161} INFO - Started process (PID=3946) to work on /opt/airflow/dags/oltp_s3_dwh.py
[2026-02-26T17:14:27.172+0000] {processor.py:830} INFO - Processing file /opt/airflow/dags/oltp_s3_dwh.py for tasks to queue
[2026-02-26T17:14:27.176+0000] {logging_mixin.py:188} INFO - [2026-02-26T17:14:27.175+0000] {dagbag.py:545} INFO - Filling up the DagBag from /opt/airflow/dags/oltp_s3_dwh.py
[2026-02-26T17:14:27.552+0000] {processor.py:840} INFO - DAG(s) 'oltp_s3_dwh' retrieved from /opt/airflow/dags/oltp_s3_dwh.py
[2026-02-26T17:14:27.583+0000] {logging_mixin.py:188} INFO - [2026-02-26T17:14:27.582+0000] {dag.py:3089} INFO - Sync 1 DAGs
[2026-02-26T17:14:27.610+0000] {logging_mixin.py:188} INFO - [2026-02-26T17:14:27.609+0000] {dag.py:3947} INFO - Setting next_dagrun for oltp_s3_dwh to 2026-02-01 00:00:00+00:00, run_after=2026-03-01 00:00:00+00:00
[2026-02-26T17:14:27.660+0000] {processor.py:183} INFO - Processing /opt/airflow/dags/oltp_s3_dwh.py took 0.496 seconds
[2026-02-26T17:14:57.757+0000] {processor.py:161} INFO - Started process (PID=3973) to work on /opt/airflow/dags/oltp_s3_dwh.py
[2026-02-26T17:14:57.758+0000] {processor.py:830} INFO - Processing file /opt/airflow/dags/oltp_s3_dwh.py for tasks to queue
[2026-02-26T17:14:57.761+0000] {logging_mixin.py:188} INFO - [2026-02-26T17:14:57.761+0000] {dagbag.py:545} INFO - Filling up the DagBag from /opt/airflow/dags/oltp_s3_dwh.py
[2026-02-26T17:14:58.081+0000] {processor.py:840} INFO - DAG(s) 'oltp_s3_dwh' retrieved from /opt/airflow/dags/oltp_s3_dwh.py
[2026-02-26T17:14:58.113+0000] {logging_mixin.py:188} INFO - [2026-02-26T17:14:58.113+0000] {dag.py:3089} INFO - Sync 1 DAGs
[2026-02-26T17:14:58.137+0000] {logging_mixin.py:188} INFO - [2026-02-26T17:14:58.137+0000] {dag.py:3947} INFO - Setting next_dagrun for oltp_s3_dwh to 2026-02-01 00:00:00+00:00, run_after=2026-03-01 00:00:00+00:00
[2026-02-26T17:14:58.164+0000] {processor.py:183} INFO - Processing /opt/airflow/dags/oltp_s3_dwh.py took 0.413 seconds
[2026-02-26T17:15:28.431+0000] {processor.py:161} INFO - Started process (PID=3999) to work on /opt/airflow/dags/oltp_s3_dwh.py
[2026-02-26T17:15:28.433+0000] {processor.py:830} INFO - Processing file /opt/airflow/dags/oltp_s3_dwh.py for tasks to queue
[2026-02-26T17:15:28.436+0000] {logging_mixin.py:188} INFO - [2026-02-26T17:15:28.435+0000] {dagbag.py:545} INFO - Filling up the DagBag from /opt/airflow/dags/oltp_s3_dwh.py
[2026-02-26T17:15:28.784+0000] {processor.py:840} INFO - DAG(s) 'oltp_s3_dwh' retrieved from /opt/airflow/dags/oltp_s3_dwh.py
[2026-02-26T17:15:28.814+0000] {logging_mixin.py:188} INFO - [2026-02-26T17:15:28.813+0000] {dag.py:3089} INFO - Sync 1 DAGs
[2026-02-26T17:15:28.838+0000] {logging_mixin.py:188} INFO - [2026-02-26T17:15:28.838+0000] {dag.py:3947} INFO - Setting next_dagrun for oltp_s3_dwh to 2026-02-01 00:00:00+00:00, run_after=2026-03-01 00:00:00+00:00
[2026-02-26T17:15:28.866+0000] {processor.py:183} INFO - Processing /opt/airflow/dags/oltp_s3_dwh.py took 0.443 seconds
[2026-02-26T17:15:58.994+0000] {processor.py:161} INFO - Started process (PID=4033) to work on /opt/airflow/dags/oltp_s3_dwh.py
[2026-02-26T17:15:58.995+0000] {processor.py:830} INFO - Processing file /opt/airflow/dags/oltp_s3_dwh.py for tasks to queue
[2026-02-26T17:15:58.998+0000] {logging_mixin.py:188} INFO - [2026-02-26T17:15:58.997+0000] {dagbag.py:545} INFO - Filling up the DagBag from /opt/airflow/dags/oltp_s3_dwh.py
[2026-02-26T17:15:59.435+0000] {processor.py:840} INFO - DAG(s) 'oltp_s3_dwh' retrieved from /opt/airflow/dags/oltp_s3_dwh.py
[2026-02-26T17:15:59.508+0000] {logging_mixin.py:188} INFO - [2026-02-26T17:15:59.505+0000] {dag.py:3089} INFO - Sync 1 DAGs
[2026-02-26T17:15:59.562+0000] {logging_mixin.py:188} INFO - [2026-02-26T17:15:59.561+0000] {dag.py:3947} INFO - Setting next_dagrun for oltp_s3_dwh to 2026-02-01 00:00:00+00:00, run_after=2026-03-01 00:00:00+00:00
[2026-02-26T17:15:59.599+0000] {processor.py:183} INFO - Processing /opt/airflow/dags/oltp_s3_dwh.py took 0.613 seconds
[2026-02-26T17:16:30.085+0000] {processor.py:161} INFO - Started process (PID=4060) to work on /opt/airflow/dags/oltp_s3_dwh.py
[2026-02-26T17:16:30.087+0000] {processor.py:830} INFO - Processing file /opt/airflow/dags/oltp_s3_dwh.py for tasks to queue
[2026-02-26T17:16:30.091+0000] {logging_mixin.py:188} INFO - [2026-02-26T17:16:30.090+0000] {dagbag.py:545} INFO - Filling up the DagBag from /opt/airflow/dags/oltp_s3_dwh.py
[2026-02-26T17:16:30.414+0000] {processor.py:840} INFO - DAG(s) 'oltp_s3_dwh' retrieved from /opt/airflow/dags/oltp_s3_dwh.py
[2026-02-26T17:16:30.446+0000] {logging_mixin.py:188} INFO - [2026-02-26T17:16:30.445+0000] {dag.py:3089} INFO - Sync 1 DAGs
[2026-02-26T17:16:30.472+0000] {logging_mixin.py:188} INFO - [2026-02-26T17:16:30.471+0000] {dag.py:3947} INFO - Setting next_dagrun for oltp_s3_dwh to 2026-02-01 00:00:00+00:00, run_after=2026-03-01 00:00:00+00:00
[2026-02-26T17:16:30.494+0000] {processor.py:183} INFO - Processing /opt/airflow/dags/oltp_s3_dwh.py took 0.416 seconds
[2026-02-26T17:17:01.064+0000] {processor.py:161} INFO - Started process (PID=4092) to work on /opt/airflow/dags/oltp_s3_dwh.py
[2026-02-26T17:17:01.065+0000] {processor.py:830} INFO - Processing file /opt/airflow/dags/oltp_s3_dwh.py for tasks to queue
[2026-02-26T17:17:01.068+0000] {logging_mixin.py:188} INFO - [2026-02-26T17:17:01.067+0000] {dagbag.py:545} INFO - Filling up the DagBag from /opt/airflow/dags/oltp_s3_dwh.py
[2026-02-26T17:17:01.394+0000] {processor.py:840} INFO - DAG(s) 'oltp_s3_dwh' retrieved from /opt/airflow/dags/oltp_s3_dwh.py
[2026-02-26T17:17:01.426+0000] {logging_mixin.py:188} INFO - [2026-02-26T17:17:01.426+0000] {dag.py:3089} INFO - Sync 1 DAGs
[2026-02-26T17:17:01.449+0000] {logging_mixin.py:188} INFO - [2026-02-26T17:17:01.448+0000] {dag.py:3947} INFO - Setting next_dagrun for oltp_s3_dwh to 2026-02-01 00:00:00+00:00, run_after=2026-03-01 00:00:00+00:00
[2026-02-26T17:17:01.475+0000] {processor.py:183} INFO - Processing /opt/airflow/dags/oltp_s3_dwh.py took 0.418 seconds
[2026-02-26T17:17:31.556+0000] {processor.py:161} INFO - Started process (PID=4117) to work on /opt/airflow/dags/oltp_s3_dwh.py
[2026-02-26T17:17:31.558+0000] {processor.py:830} INFO - Processing file /opt/airflow/dags/oltp_s3_dwh.py for tasks to queue
[2026-02-26T17:17:31.560+0000] {logging_mixin.py:188} INFO - [2026-02-26T17:17:31.560+0000] {dagbag.py:545} INFO - Filling up the DagBag from /opt/airflow/dags/oltp_s3_dwh.py
[2026-02-26T17:17:31.916+0000] {processor.py:840} INFO - DAG(s) 'oltp_s3_dwh' retrieved from /opt/airflow/dags/oltp_s3_dwh.py
[2026-02-26T17:17:31.946+0000] {logging_mixin.py:188} INFO - [2026-02-26T17:17:31.946+0000] {dag.py:3089} INFO - Sync 1 DAGs
[2026-02-26T17:17:31.970+0000] {logging_mixin.py:188} INFO - [2026-02-26T17:17:31.970+0000] {dag.py:3947} INFO - Setting next_dagrun for oltp_s3_dwh to 2026-02-01 00:00:00+00:00, run_after=2026-03-01 00:00:00+00:00
[2026-02-26T17:17:31.997+0000] {processor.py:183} INFO - Processing /opt/airflow/dags/oltp_s3_dwh.py took 0.447 seconds
[2026-02-26T17:18:02.420+0000] {processor.py:161} INFO - Started process (PID=4150) to work on /opt/airflow/dags/oltp_s3_dwh.py
[2026-02-26T17:18:02.421+0000] {processor.py:830} INFO - Processing file /opt/airflow/dags/oltp_s3_dwh.py for tasks to queue
[2026-02-26T17:18:02.425+0000] {logging_mixin.py:188} INFO - [2026-02-26T17:18:02.424+0000] {dagbag.py:545} INFO - Filling up the DagBag from /opt/airflow/dags/oltp_s3_dwh.py
[2026-02-26T17:18:02.876+0000] {processor.py:840} INFO - DAG(s) 'oltp_s3_dwh' retrieved from /opt/airflow/dags/oltp_s3_dwh.py
[2026-02-26T17:18:02.922+0000] {logging_mixin.py:188} INFO - [2026-02-26T17:18:02.922+0000] {dag.py:3089} INFO - Sync 1 DAGs
[2026-02-26T17:18:02.953+0000] {logging_mixin.py:188} INFO - [2026-02-26T17:18:02.953+0000] {dag.py:3947} INFO - Setting next_dagrun for oltp_s3_dwh to 2026-02-01 00:00:00+00:00, run_after=2026-03-01 00:00:00+00:00
[2026-02-26T17:18:02.986+0000] {processor.py:183} INFO - Processing /opt/airflow/dags/oltp_s3_dwh.py took 0.577 seconds
[2026-02-26T17:18:33.474+0000] {processor.py:161} INFO - Started process (PID=4175) to work on /opt/airflow/dags/oltp_s3_dwh.py
[2026-02-26T17:18:33.476+0000] {processor.py:830} INFO - Processing file /opt/airflow/dags/oltp_s3_dwh.py for tasks to queue
[2026-02-26T17:18:33.478+0000] {logging_mixin.py:188} INFO - [2026-02-26T17:18:33.478+0000] {dagbag.py:545} INFO - Filling up the DagBag from /opt/airflow/dags/oltp_s3_dwh.py
[2026-02-26T17:18:33.819+0000] {processor.py:840} INFO - DAG(s) 'oltp_s3_dwh' retrieved from /opt/airflow/dags/oltp_s3_dwh.py
[2026-02-26T17:18:33.849+0000] {logging_mixin.py:188} INFO - [2026-02-26T17:18:33.848+0000] {dag.py:3089} INFO - Sync 1 DAGs
[2026-02-26T17:18:33.874+0000] {logging_mixin.py:188} INFO - [2026-02-26T17:18:33.874+0000] {dag.py:3947} INFO - Setting next_dagrun for oltp_s3_dwh to 2026-02-01 00:00:00+00:00, run_after=2026-03-01 00:00:00+00:00
[2026-02-26T17:18:33.897+0000] {processor.py:183} INFO - Processing /opt/airflow/dags/oltp_s3_dwh.py took 0.431 seconds
[2026-02-26T17:19:04.350+0000] {processor.py:161} INFO - Started process (PID=4207) to work on /opt/airflow/dags/oltp_s3_dwh.py
[2026-02-26T17:19:04.352+0000] {processor.py:830} INFO - Processing file /opt/airflow/dags/oltp_s3_dwh.py for tasks to queue
[2026-02-26T17:19:04.357+0000] {logging_mixin.py:188} INFO - [2026-02-26T17:19:04.355+0000] {dagbag.py:545} INFO - Filling up the DagBag from /opt/airflow/dags/oltp_s3_dwh.py
[2026-02-26T17:19:04.800+0000] {processor.py:840} INFO - DAG(s) 'oltp_s3_dwh' retrieved from /opt/airflow/dags/oltp_s3_dwh.py
[2026-02-26T17:19:04.856+0000] {logging_mixin.py:188} INFO - [2026-02-26T17:19:04.855+0000] {dag.py:3089} INFO - Sync 1 DAGs
[2026-02-26T17:19:04.893+0000] {logging_mixin.py:188} INFO - [2026-02-26T17:19:04.892+0000] {dag.py:3947} INFO - Setting next_dagrun for oltp_s3_dwh to 2026-02-01 00:00:00+00:00, run_after=2026-03-01 00:00:00+00:00
[2026-02-26T17:19:04.931+0000] {processor.py:183} INFO - Processing /opt/airflow/dags/oltp_s3_dwh.py took 0.587 seconds
[2026-02-26T17:19:36.276+0000] {processor.py:161} INFO - Started process (PID=4232) to work on /opt/airflow/dags/oltp_s3_dwh.py
[2026-02-26T17:19:36.287+0000] {processor.py:830} INFO - Processing file /opt/airflow/dags/oltp_s3_dwh.py for tasks to queue
[2026-02-26T17:19:36.291+0000] {logging_mixin.py:188} INFO - [2026-02-26T17:19:36.291+0000] {dagbag.py:545} INFO - Filling up the DagBag from /opt/airflow/dags/oltp_s3_dwh.py
[2026-02-26T17:19:36.606+0000] {processor.py:840} INFO - DAG(s) 'oltp_s3_dwh' retrieved from /opt/airflow/dags/oltp_s3_dwh.py
[2026-02-26T17:19:36.640+0000] {logging_mixin.py:188} INFO - [2026-02-26T17:19:36.640+0000] {dag.py:3089} INFO - Sync 1 DAGs
[2026-02-26T17:19:36.674+0000] {logging_mixin.py:188} INFO - [2026-02-26T17:19:36.673+0000] {dag.py:3947} INFO - Setting next_dagrun for oltp_s3_dwh to 2026-02-01 00:00:00+00:00, run_after=2026-03-01 00:00:00+00:00
[2026-02-26T17:19:36.704+0000] {processor.py:183} INFO - Processing /opt/airflow/dags/oltp_s3_dwh.py took 0.435 seconds
[2026-02-26T17:20:07.107+0000] {processor.py:161} INFO - Started process (PID=4265) to work on /opt/airflow/dags/oltp_s3_dwh.py
[2026-02-26T17:20:07.109+0000] {processor.py:830} INFO - Processing file /opt/airflow/dags/oltp_s3_dwh.py for tasks to queue
[2026-02-26T17:20:07.112+0000] {logging_mixin.py:188} INFO - [2026-02-26T17:20:07.111+0000] {dagbag.py:545} INFO - Filling up the DagBag from /opt/airflow/dags/oltp_s3_dwh.py
[2026-02-26T17:20:07.518+0000] {processor.py:840} INFO - DAG(s) 'oltp_s3_dwh' retrieved from /opt/airflow/dags/oltp_s3_dwh.py
[2026-02-26T17:20:07.551+0000] {logging_mixin.py:188} INFO - [2026-02-26T17:20:07.550+0000] {dag.py:3089} INFO - Sync 1 DAGs
[2026-02-26T17:20:07.584+0000] {logging_mixin.py:188} INFO - [2026-02-26T17:20:07.584+0000] {dag.py:3947} INFO - Setting next_dagrun for oltp_s3_dwh to 2026-02-01 00:00:00+00:00, run_after=2026-03-01 00:00:00+00:00
[2026-02-26T17:20:07.619+0000] {processor.py:183} INFO - Processing /opt/airflow/dags/oltp_s3_dwh.py took 0.521 seconds
[2026-02-26T17:20:38.457+0000] {processor.py:161} INFO - Started process (PID=4292) to work on /opt/airflow/dags/oltp_s3_dwh.py
[2026-02-26T17:20:38.458+0000] {processor.py:830} INFO - Processing file /opt/airflow/dags/oltp_s3_dwh.py for tasks to queue
[2026-02-26T17:20:38.460+0000] {logging_mixin.py:188} INFO - [2026-02-26T17:20:38.460+0000] {dagbag.py:545} INFO - Filling up the DagBag from /opt/airflow/dags/oltp_s3_dwh.py
[2026-02-26T17:20:38.787+0000] {processor.py:840} INFO - DAG(s) 'oltp_s3_dwh' retrieved from /opt/airflow/dags/oltp_s3_dwh.py
[2026-02-26T17:20:38.818+0000] {logging_mixin.py:188} INFO - [2026-02-26T17:20:38.818+0000] {dag.py:3089} INFO - Sync 1 DAGs
[2026-02-26T17:20:38.841+0000] {logging_mixin.py:188} INFO - [2026-02-26T17:20:38.841+0000] {dag.py:3947} INFO - Setting next_dagrun for oltp_s3_dwh to 2026-02-01 00:00:00+00:00, run_after=2026-03-01 00:00:00+00:00
[2026-02-26T17:20:38.862+0000] {processor.py:183} INFO - Processing /opt/airflow/dags/oltp_s3_dwh.py took 0.413 seconds
[2026-02-26T17:21:09.581+0000] {processor.py:161} INFO - Started process (PID=4325) to work on /opt/airflow/dags/oltp_s3_dwh.py
[2026-02-26T17:21:09.583+0000] {processor.py:830} INFO - Processing file /opt/airflow/dags/oltp_s3_dwh.py for tasks to queue
[2026-02-26T17:21:09.595+0000] {logging_mixin.py:188} INFO - [2026-02-26T17:21:09.593+0000] {dagbag.py:545} INFO - Filling up the DagBag from /opt/airflow/dags/oltp_s3_dwh.py
[2026-02-26T17:21:10.053+0000] {processor.py:840} INFO - DAG(s) 'oltp_s3_dwh' retrieved from /opt/airflow/dags/oltp_s3_dwh.py
[2026-02-26T17:21:10.094+0000] {logging_mixin.py:188} INFO - [2026-02-26T17:21:10.094+0000] {dag.py:3089} INFO - Sync 1 DAGs
[2026-02-26T17:21:10.127+0000] {logging_mixin.py:188} INFO - [2026-02-26T17:21:10.127+0000] {dag.py:3947} INFO - Setting next_dagrun for oltp_s3_dwh to 2026-02-01 00:00:00+00:00, run_after=2026-03-01 00:00:00+00:00
[2026-02-26T17:21:10.163+0000] {processor.py:183} INFO - Processing /opt/airflow/dags/oltp_s3_dwh.py took 0.603 seconds
[2026-02-26T17:21:40.788+0000] {processor.py:161} INFO - Started process (PID=4351) to work on /opt/airflow/dags/oltp_s3_dwh.py
[2026-02-26T17:21:40.789+0000] {processor.py:830} INFO - Processing file /opt/airflow/dags/oltp_s3_dwh.py for tasks to queue
[2026-02-26T17:21:40.792+0000] {logging_mixin.py:188} INFO - [2026-02-26T17:21:40.791+0000] {dagbag.py:545} INFO - Filling up the DagBag from /opt/airflow/dags/oltp_s3_dwh.py
[2026-02-26T17:21:41.138+0000] {processor.py:840} INFO - DAG(s) 'oltp_s3_dwh' retrieved from /opt/airflow/dags/oltp_s3_dwh.py
[2026-02-26T17:21:41.172+0000] {logging_mixin.py:188} INFO - [2026-02-26T17:21:41.171+0000] {dag.py:3089} INFO - Sync 1 DAGs
[2026-02-26T17:21:41.199+0000] {logging_mixin.py:188} INFO - [2026-02-26T17:21:41.198+0000] {dag.py:3947} INFO - Setting next_dagrun for oltp_s3_dwh to 2026-02-01 00:00:00+00:00, run_after=2026-03-01 00:00:00+00:00
[2026-02-26T17:21:41.224+0000] {processor.py:183} INFO - Processing /opt/airflow/dags/oltp_s3_dwh.py took 0.443 seconds
[2026-02-26T17:22:11.417+0000] {processor.py:161} INFO - Started process (PID=4377) to work on /opt/airflow/dags/oltp_s3_dwh.py
[2026-02-26T17:22:11.418+0000] {processor.py:830} INFO - Processing file /opt/airflow/dags/oltp_s3_dwh.py for tasks to queue
[2026-02-26T17:22:11.422+0000] {logging_mixin.py:188} INFO - [2026-02-26T17:22:11.421+0000] {dagbag.py:545} INFO - Filling up the DagBag from /opt/airflow/dags/oltp_s3_dwh.py
[2026-02-26T17:22:11.856+0000] {processor.py:840} INFO - DAG(s) 'oltp_s3_dwh' retrieved from /opt/airflow/dags/oltp_s3_dwh.py
[2026-02-26T17:22:11.892+0000] {logging_mixin.py:188} INFO - [2026-02-26T17:22:11.892+0000] {dag.py:3089} INFO - Sync 1 DAGs
[2026-02-26T17:22:11.930+0000] {logging_mixin.py:188} INFO - [2026-02-26T17:22:11.930+0000] {dag.py:3947} INFO - Setting next_dagrun for oltp_s3_dwh to 2026-02-01 00:00:00+00:00, run_after=2026-03-01 00:00:00+00:00
[2026-02-26T17:22:11.976+0000] {processor.py:183} INFO - Processing /opt/airflow/dags/oltp_s3_dwh.py took 0.569 seconds
[2026-02-26T17:22:42.417+0000] {processor.py:161} INFO - Started process (PID=4408) to work on /opt/airflow/dags/oltp_s3_dwh.py
[2026-02-26T17:22:42.419+0000] {processor.py:830} INFO - Processing file /opt/airflow/dags/oltp_s3_dwh.py for tasks to queue
[2026-02-26T17:22:42.422+0000] {logging_mixin.py:188} INFO - [2026-02-26T17:22:42.421+0000] {dagbag.py:545} INFO - Filling up the DagBag from /opt/airflow/dags/oltp_s3_dwh.py
[2026-02-26T17:22:42.796+0000] {processor.py:840} INFO - DAG(s) 'oltp_s3_dwh' retrieved from /opt/airflow/dags/oltp_s3_dwh.py
[2026-02-26T17:22:42.836+0000] {logging_mixin.py:188} INFO - [2026-02-26T17:22:42.835+0000] {dag.py:3089} INFO - Sync 1 DAGs
[2026-02-26T17:22:42.863+0000] {logging_mixin.py:188} INFO - [2026-02-26T17:22:42.862+0000] {dag.py:3947} INFO - Setting next_dagrun for oltp_s3_dwh to 2026-02-01 00:00:00+00:00, run_after=2026-03-01 00:00:00+00:00
[2026-02-26T17:22:42.891+0000] {processor.py:183} INFO - Processing /opt/airflow/dags/oltp_s3_dwh.py took 0.481 seconds
[2026-02-26T17:23:13.328+0000] {processor.py:161} INFO - Started process (PID=4434) to work on /opt/airflow/dags/oltp_s3_dwh.py
[2026-02-26T17:23:13.330+0000] {processor.py:830} INFO - Processing file /opt/airflow/dags/oltp_s3_dwh.py for tasks to queue
[2026-02-26T17:23:13.333+0000] {logging_mixin.py:188} INFO - [2026-02-26T17:23:13.332+0000] {dagbag.py:545} INFO - Filling up the DagBag from /opt/airflow/dags/oltp_s3_dwh.py
[2026-02-26T17:23:13.740+0000] {processor.py:840} INFO - DAG(s) 'oltp_s3_dwh' retrieved from /opt/airflow/dags/oltp_s3_dwh.py
[2026-02-26T17:23:13.773+0000] {logging_mixin.py:188} INFO - [2026-02-26T17:23:13.773+0000] {dag.py:3089} INFO - Sync 1 DAGs
[2026-02-26T17:23:13.804+0000] {logging_mixin.py:188} INFO - [2026-02-26T17:23:13.804+0000] {dag.py:3947} INFO - Setting next_dagrun for oltp_s3_dwh to 2026-02-01 00:00:00+00:00, run_after=2026-03-01 00:00:00+00:00
[2026-02-26T17:23:13.832+0000] {processor.py:183} INFO - Processing /opt/airflow/dags/oltp_s3_dwh.py took 0.511 seconds
[2026-02-26T17:23:44.445+0000] {processor.py:161} INFO - Started process (PID=4466) to work on /opt/airflow/dags/oltp_s3_dwh.py
[2026-02-26T17:23:44.446+0000] {processor.py:830} INFO - Processing file /opt/airflow/dags/oltp_s3_dwh.py for tasks to queue
[2026-02-26T17:23:44.450+0000] {logging_mixin.py:188} INFO - [2026-02-26T17:23:44.449+0000] {dagbag.py:545} INFO - Filling up the DagBag from /opt/airflow/dags/oltp_s3_dwh.py
[2026-02-26T17:23:44.784+0000] {processor.py:840} INFO - DAG(s) 'oltp_s3_dwh' retrieved from /opt/airflow/dags/oltp_s3_dwh.py
[2026-02-26T17:23:44.818+0000] {logging_mixin.py:188} INFO - [2026-02-26T17:23:44.818+0000] {dag.py:3089} INFO - Sync 1 DAGs
[2026-02-26T17:23:44.843+0000] {logging_mixin.py:188} INFO - [2026-02-26T17:23:44.843+0000] {dag.py:3947} INFO - Setting next_dagrun for oltp_s3_dwh to 2026-02-01 00:00:00+00:00, run_after=2026-03-01 00:00:00+00:00
[2026-02-26T17:23:44.866+0000] {processor.py:183} INFO - Processing /opt/airflow/dags/oltp_s3_dwh.py took 0.428 seconds
[2026-02-26T17:24:15.318+0000] {processor.py:161} INFO - Started process (PID=4492) to work on /opt/airflow/dags/oltp_s3_dwh.py
[2026-02-26T17:24:15.320+0000] {processor.py:830} INFO - Processing file /opt/airflow/dags/oltp_s3_dwh.py for tasks to queue
[2026-02-26T17:24:15.322+0000] {logging_mixin.py:188} INFO - [2026-02-26T17:24:15.322+0000] {dagbag.py:545} INFO - Filling up the DagBag from /opt/airflow/dags/oltp_s3_dwh.py
[2026-02-26T17:24:15.655+0000] {processor.py:840} INFO - DAG(s) 'oltp_s3_dwh' retrieved from /opt/airflow/dags/oltp_s3_dwh.py
[2026-02-26T17:24:15.688+0000] {logging_mixin.py:188} INFO - [2026-02-26T17:24:15.688+0000] {dag.py:3089} INFO - Sync 1 DAGs
[2026-02-26T17:24:15.711+0000] {logging_mixin.py:188} INFO - [2026-02-26T17:24:15.711+0000] {dag.py:3947} INFO - Setting next_dagrun for oltp_s3_dwh to 2026-02-01 00:00:00+00:00, run_after=2026-03-01 00:00:00+00:00
[2026-02-26T17:24:15.739+0000] {processor.py:183} INFO - Processing /opt/airflow/dags/oltp_s3_dwh.py took 0.428 seconds
[2026-02-26T17:24:46.262+0000] {processor.py:161} INFO - Started process (PID=4526) to work on /opt/airflow/dags/oltp_s3_dwh.py
[2026-02-26T17:24:46.264+0000] {processor.py:830} INFO - Processing file /opt/airflow/dags/oltp_s3_dwh.py for tasks to queue
[2026-02-26T17:24:46.266+0000] {logging_mixin.py:188} INFO - [2026-02-26T17:24:46.266+0000] {dagbag.py:545} INFO - Filling up the DagBag from /opt/airflow/dags/oltp_s3_dwh.py
[2026-02-26T17:24:46.651+0000] {processor.py:840} INFO - DAG(s) 'oltp_s3_dwh' retrieved from /opt/airflow/dags/oltp_s3_dwh.py
[2026-02-26T17:24:46.703+0000] {logging_mixin.py:188} INFO - [2026-02-26T17:24:46.703+0000] {dag.py:3089} INFO - Sync 1 DAGs
[2026-02-26T17:24:46.736+0000] {logging_mixin.py:188} INFO - [2026-02-26T17:24:46.735+0000] {dag.py:3947} INFO - Setting next_dagrun for oltp_s3_dwh to 2026-02-01 00:00:00+00:00, run_after=2026-03-01 00:00:00+00:00
[2026-02-26T17:24:46.774+0000] {processor.py:183} INFO - Processing /opt/airflow/dags/oltp_s3_dwh.py took 0.518 seconds
[2026-02-26T17:25:17.161+0000] {processor.py:161} INFO - Started process (PID=4552) to work on /opt/airflow/dags/oltp_s3_dwh.py
[2026-02-26T17:25:17.162+0000] {processor.py:830} INFO - Processing file /opt/airflow/dags/oltp_s3_dwh.py for tasks to queue
[2026-02-26T17:25:17.164+0000] {logging_mixin.py:188} INFO - [2026-02-26T17:25:17.164+0000] {dagbag.py:545} INFO - Filling up the DagBag from /opt/airflow/dags/oltp_s3_dwh.py
[2026-02-26T17:25:17.524+0000] {processor.py:840} INFO - DAG(s) 'oltp_s3_dwh' retrieved from /opt/airflow/dags/oltp_s3_dwh.py
[2026-02-26T17:25:17.558+0000] {logging_mixin.py:188} INFO - [2026-02-26T17:25:17.557+0000] {dag.py:3089} INFO - Sync 1 DAGs
[2026-02-26T17:25:17.582+0000] {logging_mixin.py:188} INFO - [2026-02-26T17:25:17.582+0000] {dag.py:3947} INFO - Setting next_dagrun for oltp_s3_dwh to 2026-02-01 00:00:00+00:00, run_after=2026-03-01 00:00:00+00:00
[2026-02-26T17:25:17.609+0000] {processor.py:183} INFO - Processing /opt/airflow/dags/oltp_s3_dwh.py took 0.455 seconds
[2026-02-26T17:25:48.018+0000] {processor.py:161} INFO - Started process (PID=4584) to work on /opt/airflow/dags/oltp_s3_dwh.py
[2026-02-26T17:25:48.020+0000] {processor.py:830} INFO - Processing file /opt/airflow/dags/oltp_s3_dwh.py for tasks to queue
[2026-02-26T17:25:48.022+0000] {logging_mixin.py:188} INFO - [2026-02-26T17:25:48.021+0000] {dagbag.py:545} INFO - Filling up the DagBag from /opt/airflow/dags/oltp_s3_dwh.py
[2026-02-26T17:25:48.427+0000] {processor.py:840} INFO - DAG(s) 'oltp_s3_dwh' retrieved from /opt/airflow/dags/oltp_s3_dwh.py
[2026-02-26T17:25:48.458+0000] {logging_mixin.py:188} INFO - [2026-02-26T17:25:48.457+0000] {dag.py:3089} INFO - Sync 1 DAGs
[2026-02-26T17:25:48.485+0000] {logging_mixin.py:188} INFO - [2026-02-26T17:25:48.485+0000] {dag.py:3947} INFO - Setting next_dagrun for oltp_s3_dwh to 2026-02-01 00:00:00+00:00, run_after=2026-03-01 00:00:00+00:00
[2026-02-26T17:25:48.515+0000] {processor.py:183} INFO - Processing /opt/airflow/dags/oltp_s3_dwh.py took 0.504 seconds
[2026-02-26T17:26:18.978+0000] {processor.py:161} INFO - Started process (PID=4609) to work on /opt/airflow/dags/oltp_s3_dwh.py
[2026-02-26T17:26:18.980+0000] {processor.py:830} INFO - Processing file /opt/airflow/dags/oltp_s3_dwh.py for tasks to queue
[2026-02-26T17:26:18.982+0000] {logging_mixin.py:188} INFO - [2026-02-26T17:26:18.982+0000] {dagbag.py:545} INFO - Filling up the DagBag from /opt/airflow/dags/oltp_s3_dwh.py
[2026-02-26T17:26:19.337+0000] {processor.py:840} INFO - DAG(s) 'oltp_s3_dwh' retrieved from /opt/airflow/dags/oltp_s3_dwh.py
[2026-02-26T17:26:19.369+0000] {logging_mixin.py:188} INFO - [2026-02-26T17:26:19.368+0000] {dag.py:3089} INFO - Sync 1 DAGs
[2026-02-26T17:26:19.392+0000] {logging_mixin.py:188} INFO - [2026-02-26T17:26:19.392+0000] {dag.py:3947} INFO - Setting next_dagrun for oltp_s3_dwh to 2026-02-01 00:00:00+00:00, run_after=2026-03-01 00:00:00+00:00
[2026-02-26T17:26:19.417+0000] {processor.py:183} INFO - Processing /opt/airflow/dags/oltp_s3_dwh.py took 0.446 seconds
[2026-02-26T17:26:49.817+0000] {processor.py:161} INFO - Started process (PID=4635) to work on /opt/airflow/dags/oltp_s3_dwh.py
[2026-02-26T17:26:49.818+0000] {processor.py:830} INFO - Processing file /opt/airflow/dags/oltp_s3_dwh.py for tasks to queue
[2026-02-26T17:26:49.821+0000] {logging_mixin.py:188} INFO - [2026-02-26T17:26:49.821+0000] {dagbag.py:545} INFO - Filling up the DagBag from /opt/airflow/dags/oltp_s3_dwh.py
[2026-02-26T17:26:50.182+0000] {processor.py:840} INFO - DAG(s) 'oltp_s3_dwh' retrieved from /opt/airflow/dags/oltp_s3_dwh.py
[2026-02-26T17:26:50.252+0000] {logging_mixin.py:188} INFO - [2026-02-26T17:26:50.252+0000] {dag.py:3089} INFO - Sync 1 DAGs
[2026-02-26T17:26:50.299+0000] {logging_mixin.py:188} INFO - [2026-02-26T17:26:50.299+0000] {dag.py:3947} INFO - Setting next_dagrun for oltp_s3_dwh to 2026-02-01 00:00:00+00:00, run_after=2026-03-01 00:00:00+00:00
[2026-02-26T17:26:50.345+0000] {processor.py:183} INFO - Processing /opt/airflow/dags/oltp_s3_dwh.py took 0.535 seconds
[2026-02-26T17:27:20.848+0000] {processor.py:161} INFO - Started process (PID=4669) to work on /opt/airflow/dags/oltp_s3_dwh.py
[2026-02-26T17:27:20.850+0000] {processor.py:830} INFO - Processing file /opt/airflow/dags/oltp_s3_dwh.py for tasks to queue
[2026-02-26T17:27:20.853+0000] {logging_mixin.py:188} INFO - [2026-02-26T17:27:20.852+0000] {dagbag.py:545} INFO - Filling up the DagBag from /opt/airflow/dags/oltp_s3_dwh.py
[2026-02-26T17:27:21.183+0000] {processor.py:840} INFO - DAG(s) 'oltp_s3_dwh' retrieved from /opt/airflow/dags/oltp_s3_dwh.py
[2026-02-26T17:27:21.216+0000] {logging_mixin.py:188} INFO - [2026-02-26T17:27:21.215+0000] {dag.py:3089} INFO - Sync 1 DAGs
[2026-02-26T17:27:21.241+0000] {logging_mixin.py:188} INFO - [2026-02-26T17:27:21.241+0000] {dag.py:3947} INFO - Setting next_dagrun for oltp_s3_dwh to 2026-02-01 00:00:00+00:00, run_after=2026-03-01 00:00:00+00:00
[2026-02-26T17:27:21.284+0000] {processor.py:183} INFO - Processing /opt/airflow/dags/oltp_s3_dwh.py took 0.442 seconds
[2026-02-26T17:27:51.678+0000] {processor.py:161} INFO - Started process (PID=4695) to work on /opt/airflow/dags/oltp_s3_dwh.py
[2026-02-26T17:27:51.680+0000] {processor.py:830} INFO - Processing file /opt/airflow/dags/oltp_s3_dwh.py for tasks to queue
[2026-02-26T17:27:51.682+0000] {logging_mixin.py:188} INFO - [2026-02-26T17:27:51.682+0000] {dagbag.py:545} INFO - Filling up the DagBag from /opt/airflow/dags/oltp_s3_dwh.py
[2026-02-26T17:27:52.032+0000] {processor.py:840} INFO - DAG(s) 'oltp_s3_dwh' retrieved from /opt/airflow/dags/oltp_s3_dwh.py
[2026-02-26T17:27:52.064+0000] {logging_mixin.py:188} INFO - [2026-02-26T17:27:52.063+0000] {dag.py:3089} INFO - Sync 1 DAGs
[2026-02-26T17:27:52.089+0000] {logging_mixin.py:188} INFO - [2026-02-26T17:27:52.088+0000] {dag.py:3947} INFO - Setting next_dagrun for oltp_s3_dwh to 2026-02-01 00:00:00+00:00, run_after=2026-03-01 00:00:00+00:00
[2026-02-26T17:27:52.119+0000] {processor.py:183} INFO - Processing /opt/airflow/dags/oltp_s3_dwh.py took 0.448 seconds
[2026-02-26T17:28:22.595+0000] {processor.py:161} INFO - Started process (PID=4729) to work on /opt/airflow/dags/oltp_s3_dwh.py
[2026-02-26T17:28:22.596+0000] {processor.py:830} INFO - Processing file /opt/airflow/dags/oltp_s3_dwh.py for tasks to queue
[2026-02-26T17:28:22.598+0000] {logging_mixin.py:188} INFO - [2026-02-26T17:28:22.598+0000] {dagbag.py:545} INFO - Filling up the DagBag from /opt/airflow/dags/oltp_s3_dwh.py
[2026-02-26T17:28:22.939+0000] {processor.py:840} INFO - DAG(s) 'oltp_s3_dwh' retrieved from /opt/airflow/dags/oltp_s3_dwh.py
[2026-02-26T17:28:22.990+0000] {logging_mixin.py:188} INFO - [2026-02-26T17:28:22.986+0000] {dag.py:3089} INFO - Sync 1 DAGs
[2026-02-26T17:28:23.082+0000] {logging_mixin.py:188} INFO - [2026-02-26T17:28:23.082+0000] {dag.py:3947} INFO - Setting next_dagrun for oltp_s3_dwh to 2026-02-01 00:00:00+00:00, run_after=2026-03-01 00:00:00+00:00
[2026-02-26T17:28:23.214+0000] {processor.py:183} INFO - Processing /opt/airflow/dags/oltp_s3_dwh.py took 0.625 seconds
[2026-02-26T17:28:43.624+0000] {processor.py:161} INFO - Started process (PID=4748) to work on /opt/airflow/dags/oltp_s3_dwh.py
[2026-02-26T17:28:43.626+0000] {processor.py:830} INFO - Processing file /opt/airflow/dags/oltp_s3_dwh.py for tasks to queue
[2026-02-26T17:28:43.628+0000] {logging_mixin.py:188} INFO - [2026-02-26T17:28:43.628+0000] {dagbag.py:545} INFO - Filling up the DagBag from /opt/airflow/dags/oltp_s3_dwh.py
[2026-02-26T17:28:44.008+0000] {processor.py:840} INFO - DAG(s) 'oltp_s3_dwh' retrieved from /opt/airflow/dags/oltp_s3_dwh.py
[2026-02-26T17:28:44.155+0000] {logging_mixin.py:188} INFO - [2026-02-26T17:28:44.154+0000] {dag.py:3089} INFO - Sync 1 DAGs
[2026-02-26T17:28:44.180+0000] {logging_mixin.py:188} INFO - [2026-02-26T17:28:44.180+0000] {dag.py:3947} INFO - Setting next_dagrun for oltp_s3_dwh to 2026-02-01 00:00:00+00:00, run_after=2026-03-01 00:00:00+00:00
[2026-02-26T17:28:44.221+0000] {processor.py:183} INFO - Processing /opt/airflow/dags/oltp_s3_dwh.py took 0.604 seconds
[2026-02-26T17:29:14.304+0000] {processor.py:161} INFO - Started process (PID=4780) to work on /opt/airflow/dags/oltp_s3_dwh.py
[2026-02-26T17:29:14.306+0000] {processor.py:830} INFO - Processing file /opt/airflow/dags/oltp_s3_dwh.py for tasks to queue
[2026-02-26T17:29:14.309+0000] {logging_mixin.py:188} INFO - [2026-02-26T17:29:14.308+0000] {dagbag.py:545} INFO - Filling up the DagBag from /opt/airflow/dags/oltp_s3_dwh.py
[2026-02-26T17:29:14.674+0000] {processor.py:840} INFO - DAG(s) 'oltp_s3_dwh' retrieved from /opt/airflow/dags/oltp_s3_dwh.py
[2026-02-26T17:29:14.710+0000] {logging_mixin.py:188} INFO - [2026-02-26T17:29:14.708+0000] {dag.py:3089} INFO - Sync 1 DAGs
[2026-02-26T17:29:14.736+0000] {logging_mixin.py:188} INFO - [2026-02-26T17:29:14.736+0000] {dag.py:3947} INFO - Setting next_dagrun for oltp_s3_dwh to 2026-02-01 00:00:00+00:00, run_after=2026-03-01 00:00:00+00:00
[2026-02-26T17:29:14.766+0000] {processor.py:183} INFO - Processing /opt/airflow/dags/oltp_s3_dwh.py took 0.468 seconds
[2026-02-26T17:29:45.361+0000] {processor.py:161} INFO - Started process (PID=4829) to work on /opt/airflow/dags/oltp_s3_dwh.py
[2026-02-26T17:29:45.377+0000] {processor.py:830} INFO - Processing file /opt/airflow/dags/oltp_s3_dwh.py for tasks to queue
[2026-02-26T17:29:45.382+0000] {logging_mixin.py:188} INFO - [2026-02-26T17:29:45.382+0000] {dagbag.py:545} INFO - Filling up the DagBag from /opt/airflow/dags/oltp_s3_dwh.py
[2026-02-26T17:29:46.878+0000] {processor.py:840} INFO - DAG(s) 'oltp_s3_dwh' retrieved from /opt/airflow/dags/oltp_s3_dwh.py
[2026-02-26T17:29:46.925+0000] {logging_mixin.py:188} INFO - [2026-02-26T17:29:46.924+0000] {dag.py:3089} INFO - Sync 1 DAGs
[2026-02-26T17:29:46.962+0000] {logging_mixin.py:188} INFO - [2026-02-26T17:29:46.961+0000] {dag.py:3947} INFO - Setting next_dagrun for oltp_s3_dwh to 2026-02-01 00:00:00+00:00, run_after=2026-03-01 00:00:00+00:00
[2026-02-26T17:29:47.019+0000] {processor.py:183} INFO - Processing /opt/airflow/dags/oltp_s3_dwh.py took 2.609 seconds
[2026-02-26T17:30:17.456+0000] {processor.py:161} INFO - Started process (PID=4903) to work on /opt/airflow/dags/oltp_s3_dwh.py
[2026-02-26T17:30:17.457+0000] {processor.py:830} INFO - Processing file /opt/airflow/dags/oltp_s3_dwh.py for tasks to queue
[2026-02-26T17:30:17.460+0000] {logging_mixin.py:188} INFO - [2026-02-26T17:30:17.460+0000] {dagbag.py:545} INFO - Filling up the DagBag from /opt/airflow/dags/oltp_s3_dwh.py
[2026-02-26T17:30:17.769+0000] {processor.py:840} INFO - DAG(s) 'oltp_s3_dwh' retrieved from /opt/airflow/dags/oltp_s3_dwh.py
[2026-02-26T17:30:17.799+0000] {logging_mixin.py:188} INFO - [2026-02-26T17:30:17.799+0000] {dag.py:3089} INFO - Sync 1 DAGs
[2026-02-26T17:30:17.823+0000] {logging_mixin.py:188} INFO - [2026-02-26T17:30:17.823+0000] {dag.py:3947} INFO - Setting next_dagrun for oltp_s3_dwh to 2026-02-01 00:00:00+00:00, run_after=2026-03-01 00:00:00+00:00
[2026-02-26T17:30:17.843+0000] {processor.py:183} INFO - Processing /opt/airflow/dags/oltp_s3_dwh.py took 0.394 seconds
[2026-02-26T17:30:48.300+0000] {processor.py:161} INFO - Started process (PID=4929) to work on /opt/airflow/dags/oltp_s3_dwh.py
[2026-02-26T17:30:48.302+0000] {processor.py:830} INFO - Processing file /opt/airflow/dags/oltp_s3_dwh.py for tasks to queue
[2026-02-26T17:30:48.306+0000] {logging_mixin.py:188} INFO - [2026-02-26T17:30:48.305+0000] {dagbag.py:545} INFO - Filling up the DagBag from /opt/airflow/dags/oltp_s3_dwh.py
[2026-02-26T17:30:48.708+0000] {processor.py:840} INFO - DAG(s) 'oltp_s3_dwh' retrieved from /opt/airflow/dags/oltp_s3_dwh.py
[2026-02-26T17:30:48.749+0000] {logging_mixin.py:188} INFO - [2026-02-26T17:30:48.749+0000] {dag.py:3089} INFO - Sync 1 DAGs
[2026-02-26T17:30:48.781+0000] {logging_mixin.py:188} INFO - [2026-02-26T17:30:48.781+0000] {dag.py:3947} INFO - Setting next_dagrun for oltp_s3_dwh to 2026-02-01 00:00:00+00:00, run_after=2026-03-01 00:00:00+00:00
[2026-02-26T17:30:48.809+0000] {processor.py:183} INFO - Processing /opt/airflow/dags/oltp_s3_dwh.py took 0.519 seconds
[2026-02-26T17:31:19.484+0000] {processor.py:161} INFO - Started process (PID=4960) to work on /opt/airflow/dags/oltp_s3_dwh.py
[2026-02-26T17:31:19.485+0000] {processor.py:830} INFO - Processing file /opt/airflow/dags/oltp_s3_dwh.py for tasks to queue
[2026-02-26T17:31:19.488+0000] {logging_mixin.py:188} INFO - [2026-02-26T17:31:19.488+0000] {dagbag.py:545} INFO - Filling up the DagBag from /opt/airflow/dags/oltp_s3_dwh.py
[2026-02-26T17:31:19.938+0000] {processor.py:840} INFO - DAG(s) 'oltp_s3_dwh' retrieved from /opt/airflow/dags/oltp_s3_dwh.py
[2026-02-26T17:31:20.048+0000] {logging_mixin.py:188} INFO - [2026-02-26T17:31:20.046+0000] {dag.py:3089} INFO - Sync 1 DAGs
[2026-02-26T17:31:20.080+0000] {logging_mixin.py:188} INFO - [2026-02-26T17:31:20.080+0000] {dag.py:3947} INFO - Setting next_dagrun for oltp_s3_dwh to 2026-02-01 00:00:00+00:00, run_after=2026-03-01 00:00:00+00:00
[2026-02-26T17:31:20.108+0000] {processor.py:183} INFO - Processing /opt/airflow/dags/oltp_s3_dwh.py took 0.631 seconds
[2026-02-26T17:31:50.528+0000] {processor.py:161} INFO - Started process (PID=4986) to work on /opt/airflow/dags/oltp_s3_dwh.py
[2026-02-26T17:31:50.530+0000] {processor.py:830} INFO - Processing file /opt/airflow/dags/oltp_s3_dwh.py for tasks to queue
[2026-02-26T17:31:50.532+0000] {logging_mixin.py:188} INFO - [2026-02-26T17:31:50.531+0000] {dagbag.py:545} INFO - Filling up the DagBag from /opt/airflow/dags/oltp_s3_dwh.py
[2026-02-26T17:31:50.876+0000] {processor.py:840} INFO - DAG(s) 'oltp_s3_dwh' retrieved from /opt/airflow/dags/oltp_s3_dwh.py
[2026-02-26T17:31:50.914+0000] {logging_mixin.py:188} INFO - [2026-02-26T17:31:50.913+0000] {dag.py:3089} INFO - Sync 1 DAGs
[2026-02-26T17:31:50.941+0000] {logging_mixin.py:188} INFO - [2026-02-26T17:31:50.941+0000] {dag.py:3947} INFO - Setting next_dagrun for oltp_s3_dwh to 2026-02-01 00:00:00+00:00, run_after=2026-03-01 00:00:00+00:00
[2026-02-26T17:31:50.972+0000] {processor.py:183} INFO - Processing /opt/airflow/dags/oltp_s3_dwh.py took 0.450 seconds
[2026-02-26T17:32:21.373+0000] {processor.py:161} INFO - Started process (PID=5019) to work on /opt/airflow/dags/oltp_s3_dwh.py
[2026-02-26T17:32:21.375+0000] {processor.py:830} INFO - Processing file /opt/airflow/dags/oltp_s3_dwh.py for tasks to queue
[2026-02-26T17:32:21.378+0000] {logging_mixin.py:188} INFO - [2026-02-26T17:32:21.378+0000] {dagbag.py:545} INFO - Filling up the DagBag from /opt/airflow/dags/oltp_s3_dwh.py
[2026-02-26T17:32:21.728+0000] {processor.py:840} INFO - DAG(s) 'oltp_s3_dwh' retrieved from /opt/airflow/dags/oltp_s3_dwh.py
[2026-02-26T17:32:21.762+0000] {logging_mixin.py:188} INFO - [2026-02-26T17:32:21.762+0000] {dag.py:3089} INFO - Sync 1 DAGs
[2026-02-26T17:32:21.787+0000] {logging_mixin.py:188} INFO - [2026-02-26T17:32:21.786+0000] {dag.py:3947} INFO - Setting next_dagrun for oltp_s3_dwh to 2026-02-01 00:00:00+00:00, run_after=2026-03-01 00:00:00+00:00
[2026-02-26T17:32:21.814+0000] {processor.py:183} INFO - Processing /opt/airflow/dags/oltp_s3_dwh.py took 0.449 seconds
[2026-02-26T17:32:52.201+0000] {processor.py:161} INFO - Started process (PID=5046) to work on /opt/airflow/dags/oltp_s3_dwh.py
[2026-02-26T17:32:52.203+0000] {processor.py:830} INFO - Processing file /opt/airflow/dags/oltp_s3_dwh.py for tasks to queue
[2026-02-26T17:32:52.207+0000] {logging_mixin.py:188} INFO - [2026-02-26T17:32:52.207+0000] {dagbag.py:545} INFO - Filling up the DagBag from /opt/airflow/dags/oltp_s3_dwh.py
[2026-02-26T17:32:52.567+0000] {processor.py:840} INFO - DAG(s) 'oltp_s3_dwh' retrieved from /opt/airflow/dags/oltp_s3_dwh.py
[2026-02-26T17:32:52.599+0000] {logging_mixin.py:188} INFO - [2026-02-26T17:32:52.598+0000] {dag.py:3089} INFO - Sync 1 DAGs
[2026-02-26T17:32:52.624+0000] {logging_mixin.py:188} INFO - [2026-02-26T17:32:52.624+0000] {dag.py:3947} INFO - Setting next_dagrun for oltp_s3_dwh to 2026-02-01 00:00:00+00:00, run_after=2026-03-01 00:00:00+00:00
[2026-02-26T17:32:52.652+0000] {processor.py:183} INFO - Processing /opt/airflow/dags/oltp_s3_dwh.py took 0.458 seconds
[2026-02-26T17:33:23.150+0000] {processor.py:161} INFO - Started process (PID=5072) to work on /opt/airflow/dags/oltp_s3_dwh.py
[2026-02-26T17:33:23.152+0000] {processor.py:830} INFO - Processing file /opt/airflow/dags/oltp_s3_dwh.py for tasks to queue
[2026-02-26T17:33:23.154+0000] {logging_mixin.py:188} INFO - [2026-02-26T17:33:23.153+0000] {dagbag.py:545} INFO - Filling up the DagBag from /opt/airflow/dags/oltp_s3_dwh.py
[2026-02-26T17:33:23.532+0000] {processor.py:840} INFO - DAG(s) 'oltp_s3_dwh' retrieved from /opt/airflow/dags/oltp_s3_dwh.py
[2026-02-26T17:33:23.574+0000] {logging_mixin.py:188} INFO - [2026-02-26T17:33:23.572+0000] {dag.py:3089} INFO - Sync 1 DAGs
[2026-02-26T17:33:23.602+0000] {logging_mixin.py:188} INFO - [2026-02-26T17:33:23.602+0000] {dag.py:3947} INFO - Setting next_dagrun for oltp_s3_dwh to 2026-02-01 00:00:00+00:00, run_after=2026-03-01 00:00:00+00:00
[2026-02-26T17:33:23.632+0000] {processor.py:183} INFO - Processing /opt/airflow/dags/oltp_s3_dwh.py took 0.488 seconds
[2026-02-26T17:33:54.167+0000] {processor.py:161} INFO - Started process (PID=5105) to work on /opt/airflow/dags/oltp_s3_dwh.py
[2026-02-26T17:33:54.169+0000] {processor.py:830} INFO - Processing file /opt/airflow/dags/oltp_s3_dwh.py for tasks to queue
[2026-02-26T17:33:54.171+0000] {logging_mixin.py:188} INFO - [2026-02-26T17:33:54.171+0000] {dagbag.py:545} INFO - Filling up the DagBag from /opt/airflow/dags/oltp_s3_dwh.py
[2026-02-26T17:33:54.524+0000] {processor.py:840} INFO - DAG(s) 'oltp_s3_dwh' retrieved from /opt/airflow/dags/oltp_s3_dwh.py
[2026-02-26T17:33:54.553+0000] {logging_mixin.py:188} INFO - [2026-02-26T17:33:54.552+0000] {dag.py:3089} INFO - Sync 1 DAGs
[2026-02-26T17:33:54.576+0000] {logging_mixin.py:188} INFO - [2026-02-26T17:33:54.575+0000] {dag.py:3947} INFO - Setting next_dagrun for oltp_s3_dwh to 2026-02-01 00:00:00+00:00, run_after=2026-03-01 00:00:00+00:00
[2026-02-26T17:33:54.595+0000] {processor.py:183} INFO - Processing /opt/airflow/dags/oltp_s3_dwh.py took 0.435 seconds
[2026-02-26T17:34:25.002+0000] {processor.py:161} INFO - Started process (PID=5195) to work on /opt/airflow/dags/oltp_s3_dwh.py
[2026-02-26T17:34:25.004+0000] {processor.py:830} INFO - Processing file /opt/airflow/dags/oltp_s3_dwh.py for tasks to queue
[2026-02-26T17:34:25.007+0000] {logging_mixin.py:188} INFO - [2026-02-26T17:34:25.006+0000] {dagbag.py:545} INFO - Filling up the DagBag from /opt/airflow/dags/oltp_s3_dwh.py
[2026-02-26T17:34:25.368+0000] {processor.py:840} INFO - DAG(s) 'oltp_s3_dwh' retrieved from /opt/airflow/dags/oltp_s3_dwh.py
[2026-02-26T17:34:25.410+0000] {logging_mixin.py:188} INFO - [2026-02-26T17:34:25.409+0000] {dag.py:3089} INFO - Sync 1 DAGs
[2026-02-26T17:34:25.437+0000] {logging_mixin.py:188} INFO - [2026-02-26T17:34:25.436+0000] {dag.py:3947} INFO - Setting next_dagrun for oltp_s3_dwh to 2026-02-01 00:00:00+00:00, run_after=2026-03-01 00:00:00+00:00
[2026-02-26T17:34:25.468+0000] {processor.py:183} INFO - Processing /opt/airflow/dags/oltp_s3_dwh.py took 0.472 seconds
[2026-02-26T17:34:55.847+0000] {processor.py:161} INFO - Started process (PID=5227) to work on /opt/airflow/dags/oltp_s3_dwh.py
[2026-02-26T17:34:55.849+0000] {processor.py:830} INFO - Processing file /opt/airflow/dags/oltp_s3_dwh.py for tasks to queue
[2026-02-26T17:34:55.854+0000] {logging_mixin.py:188} INFO - [2026-02-26T17:34:55.854+0000] {dagbag.py:545} INFO - Filling up the DagBag from /opt/airflow/dags/oltp_s3_dwh.py
[2026-02-26T17:34:56.284+0000] {processor.py:840} INFO - DAG(s) 'oltp_s3_dwh' retrieved from /opt/airflow/dags/oltp_s3_dwh.py
[2026-02-26T17:34:56.328+0000] {logging_mixin.py:188} INFO - [2026-02-26T17:34:56.327+0000] {dag.py:3089} INFO - Sync 1 DAGs
[2026-02-26T17:34:56.358+0000] {logging_mixin.py:188} INFO - [2026-02-26T17:34:56.357+0000] {dag.py:3947} INFO - Setting next_dagrun for oltp_s3_dwh to 2026-02-01 00:00:00+00:00, run_after=2026-03-01 00:00:00+00:00
[2026-02-26T17:34:56.387+0000] {processor.py:183} INFO - Processing /opt/airflow/dags/oltp_s3_dwh.py took 0.550 seconds
[2026-02-26T17:35:26.914+0000] {processor.py:161} INFO - Started process (PID=5254) to work on /opt/airflow/dags/oltp_s3_dwh.py
[2026-02-26T17:35:26.915+0000] {processor.py:830} INFO - Processing file /opt/airflow/dags/oltp_s3_dwh.py for tasks to queue
[2026-02-26T17:35:26.918+0000] {logging_mixin.py:188} INFO - [2026-02-26T17:35:26.917+0000] {dagbag.py:545} INFO - Filling up the DagBag from /opt/airflow/dags/oltp_s3_dwh.py
[2026-02-26T17:35:27.276+0000] {processor.py:840} INFO - DAG(s) 'oltp_s3_dwh' retrieved from /opt/airflow/dags/oltp_s3_dwh.py
[2026-02-26T17:35:27.321+0000] {logging_mixin.py:188} INFO - [2026-02-26T17:35:27.319+0000] {dag.py:3089} INFO - Sync 1 DAGs
[2026-02-26T17:35:27.354+0000] {logging_mixin.py:188} INFO - [2026-02-26T17:35:27.354+0000] {dag.py:3947} INFO - Setting next_dagrun for oltp_s3_dwh to 2026-02-01 00:00:00+00:00, run_after=2026-03-01 00:00:00+00:00
[2026-02-26T17:35:27.385+0000] {processor.py:183} INFO - Processing /opt/airflow/dags/oltp_s3_dwh.py took 0.479 seconds
[2026-02-26T17:35:34.403+0000] {processor.py:161} INFO - Started process (PID=5268) to work on /opt/airflow/dags/oltp_s3_dwh.py
[2026-02-26T17:35:34.404+0000] {processor.py:830} INFO - Processing file /opt/airflow/dags/oltp_s3_dwh.py for tasks to queue
[2026-02-26T17:35:34.407+0000] {logging_mixin.py:188} INFO - [2026-02-26T17:35:34.406+0000] {dagbag.py:545} INFO - Filling up the DagBag from /opt/airflow/dags/oltp_s3_dwh.py
[2026-02-26T17:35:34.788+0000] {processor.py:840} INFO - DAG(s) 'oltp_s3_dwh' retrieved from /opt/airflow/dags/oltp_s3_dwh.py
[2026-02-26T17:35:34.820+0000] {logging_mixin.py:188} INFO - [2026-02-26T17:35:34.820+0000] {dag.py:3089} INFO - Sync 1 DAGs
[2026-02-26T17:35:34.844+0000] {logging_mixin.py:188} INFO - [2026-02-26T17:35:34.844+0000] {dag.py:3947} INFO - Setting next_dagrun for oltp_s3_dwh to 2026-02-01 00:00:00+00:00, run_after=2026-03-01 00:00:00+00:00
[2026-02-26T17:35:34.883+0000] {processor.py:183} INFO - Processing /opt/airflow/dags/oltp_s3_dwh.py took 0.498 seconds
[2026-02-26T17:36:05.375+0000] {processor.py:161} INFO - Started process (PID=5307) to work on /opt/airflow/dags/oltp_s3_dwh.py
[2026-02-26T17:36:05.384+0000] {processor.py:830} INFO - Processing file /opt/airflow/dags/oltp_s3_dwh.py for tasks to queue
[2026-02-26T17:36:05.397+0000] {logging_mixin.py:188} INFO - [2026-02-26T17:36:05.397+0000] {dagbag.py:545} INFO - Filling up the DagBag from /opt/airflow/dags/oltp_s3_dwh.py
[2026-02-26T17:36:07.250+0000] {processor.py:840} INFO - DAG(s) 'oltp_s3_dwh' retrieved from /opt/airflow/dags/oltp_s3_dwh.py
[2026-02-26T17:36:07.465+0000] {logging_mixin.py:188} INFO - [2026-02-26T17:36:07.461+0000] {dag.py:3089} INFO - Sync 1 DAGs
[2026-02-26T17:36:07.592+0000] {logging_mixin.py:188} INFO - [2026-02-26T17:36:07.592+0000] {dag.py:3947} INFO - Setting next_dagrun for oltp_s3_dwh to 2026-02-01 00:00:00+00:00, run_after=2026-03-01 00:00:00+00:00
[2026-02-26T17:36:07.697+0000] {processor.py:183} INFO - Processing /opt/airflow/dags/oltp_s3_dwh.py took 2.392 seconds
[2026-02-26T17:36:38.399+0000] {processor.py:161} INFO - Started process (PID=5391) to work on /opt/airflow/dags/oltp_s3_dwh.py
[2026-02-26T17:36:38.400+0000] {processor.py:830} INFO - Processing file /opt/airflow/dags/oltp_s3_dwh.py for tasks to queue
[2026-02-26T17:36:38.403+0000] {logging_mixin.py:188} INFO - [2026-02-26T17:36:38.402+0000] {dagbag.py:545} INFO - Filling up the DagBag from /opt/airflow/dags/oltp_s3_dwh.py
[2026-02-26T17:36:38.798+0000] {processor.py:840} INFO - DAG(s) 'oltp_s3_dwh' retrieved from /opt/airflow/dags/oltp_s3_dwh.py
[2026-02-26T17:36:38.836+0000] {logging_mixin.py:188} INFO - [2026-02-26T17:36:38.836+0000] {dag.py:3089} INFO - Sync 1 DAGs
[2026-02-26T17:36:38.866+0000] {logging_mixin.py:188} INFO - [2026-02-26T17:36:38.865+0000] {dag.py:3947} INFO - Setting next_dagrun for oltp_s3_dwh to 2026-02-01 00:00:00+00:00, run_after=2026-03-01 00:00:00+00:00
[2026-02-26T17:36:38.900+0000] {processor.py:183} INFO - Processing /opt/airflow/dags/oltp_s3_dwh.py took 0.508 seconds
[2026-02-26T17:37:09.300+0000] {processor.py:161} INFO - Started process (PID=5417) to work on /opt/airflow/dags/oltp_s3_dwh.py
[2026-02-26T17:37:09.301+0000] {processor.py:830} INFO - Processing file /opt/airflow/dags/oltp_s3_dwh.py for tasks to queue
[2026-02-26T17:37:09.304+0000] {logging_mixin.py:188} INFO - [2026-02-26T17:37:09.303+0000] {dagbag.py:545} INFO - Filling up the DagBag from /opt/airflow/dags/oltp_s3_dwh.py
[2026-02-26T17:37:09.679+0000] {processor.py:840} INFO - DAG(s) 'oltp_s3_dwh' retrieved from /opt/airflow/dags/oltp_s3_dwh.py
[2026-02-26T17:37:09.728+0000] {logging_mixin.py:188} INFO - [2026-02-26T17:37:09.727+0000] {dag.py:3089} INFO - Sync 1 DAGs
[2026-02-26T17:37:09.762+0000] {logging_mixin.py:188} INFO - [2026-02-26T17:37:09.762+0000] {dag.py:3947} INFO - Setting next_dagrun for oltp_s3_dwh to 2026-02-01 00:00:00+00:00, run_after=2026-03-01 00:00:00+00:00
[2026-02-26T17:37:09.795+0000] {processor.py:183} INFO - Processing /opt/airflow/dags/oltp_s3_dwh.py took 0.502 seconds
[2026-02-26T17:37:40.127+0000] {processor.py:161} INFO - Started process (PID=5452) to work on /opt/airflow/dags/oltp_s3_dwh.py
[2026-02-26T17:37:40.129+0000] {processor.py:830} INFO - Processing file /opt/airflow/dags/oltp_s3_dwh.py for tasks to queue
[2026-02-26T17:37:40.138+0000] {logging_mixin.py:188} INFO - [2026-02-26T17:37:40.137+0000] {dagbag.py:545} INFO - Filling up the DagBag from /opt/airflow/dags/oltp_s3_dwh.py
[2026-02-26T17:37:40.661+0000] {processor.py:840} INFO - DAG(s) 'oltp_s3_dwh' retrieved from /opt/airflow/dags/oltp_s3_dwh.py
[2026-02-26T17:37:40.698+0000] {logging_mixin.py:188} INFO - [2026-02-26T17:37:40.697+0000] {dag.py:3089} INFO - Sync 1 DAGs
[2026-02-26T17:37:40.726+0000] {logging_mixin.py:188} INFO - [2026-02-26T17:37:40.726+0000] {dag.py:3947} INFO - Setting next_dagrun for oltp_s3_dwh to 2026-02-01 00:00:00+00:00, run_after=2026-03-01 00:00:00+00:00
[2026-02-26T17:37:40.756+0000] {processor.py:183} INFO - Processing /opt/airflow/dags/oltp_s3_dwh.py took 0.641 seconds
[2026-02-26T17:38:11.200+0000] {processor.py:161} INFO - Started process (PID=5478) to work on /opt/airflow/dags/oltp_s3_dwh.py
[2026-02-26T17:38:11.207+0000] {processor.py:830} INFO - Processing file /opt/airflow/dags/oltp_s3_dwh.py for tasks to queue
[2026-02-26T17:38:11.221+0000] {logging_mixin.py:188} INFO - [2026-02-26T17:38:11.218+0000] {dagbag.py:545} INFO - Filling up the DagBag from /opt/airflow/dags/oltp_s3_dwh.py
[2026-02-26T17:38:11.738+0000] {processor.py:840} INFO - DAG(s) 'oltp_s3_dwh' retrieved from /opt/airflow/dags/oltp_s3_dwh.py
[2026-02-26T17:38:11.785+0000] {logging_mixin.py:188} INFO - [2026-02-26T17:38:11.784+0000] {dag.py:3089} INFO - Sync 1 DAGs
[2026-02-26T17:38:11.815+0000] {logging_mixin.py:188} INFO - [2026-02-26T17:38:11.815+0000] {dag.py:3947} INFO - Setting next_dagrun for oltp_s3_dwh to 2026-02-01 00:00:00+00:00, run_after=2026-03-01 00:00:00+00:00
[2026-02-26T17:38:11.847+0000] {processor.py:183} INFO - Processing /opt/airflow/dags/oltp_s3_dwh.py took 0.658 seconds
[2026-02-26T17:38:23.006+0000] {processor.py:161} INFO - Started process (PID=5498) to work on /opt/airflow/dags/oltp_s3_dwh.py
[2026-02-26T17:38:23.007+0000] {processor.py:830} INFO - Processing file /opt/airflow/dags/oltp_s3_dwh.py for tasks to queue
[2026-02-26T17:38:23.010+0000] {logging_mixin.py:188} INFO - [2026-02-26T17:38:23.010+0000] {dagbag.py:545} INFO - Filling up the DagBag from /opt/airflow/dags/oltp_s3_dwh.py
[2026-02-26T17:38:23.542+0000] {processor.py:840} INFO - DAG(s) 'oltp_s3_dwh' retrieved from /opt/airflow/dags/oltp_s3_dwh.py
[2026-02-26T17:38:23.578+0000] {logging_mixin.py:188} INFO - [2026-02-26T17:38:23.577+0000] {dag.py:3089} INFO - Sync 1 DAGs
[2026-02-26T17:38:23.604+0000] {logging_mixin.py:188} INFO - [2026-02-26T17:38:23.603+0000] {dag.py:3947} INFO - Setting next_dagrun for oltp_s3_dwh to 2026-02-01 00:00:00+00:00, run_after=2026-03-01 00:00:00+00:00
[2026-02-26T17:38:23.639+0000] {processor.py:183} INFO - Processing /opt/airflow/dags/oltp_s3_dwh.py took 0.640 seconds
[2026-02-26T17:38:54.109+0000] {processor.py:161} INFO - Started process (PID=5524) to work on /opt/airflow/dags/oltp_s3_dwh.py
[2026-02-26T17:38:54.110+0000] {processor.py:830} INFO - Processing file /opt/airflow/dags/oltp_s3_dwh.py for tasks to queue
[2026-02-26T17:38:54.113+0000] {logging_mixin.py:188} INFO - [2026-02-26T17:38:54.112+0000] {dagbag.py:545} INFO - Filling up the DagBag from /opt/airflow/dags/oltp_s3_dwh.py
[2026-02-26T17:38:54.454+0000] {processor.py:840} INFO - DAG(s) 'oltp_s3_dwh' retrieved from /opt/airflow/dags/oltp_s3_dwh.py
[2026-02-26T17:38:54.489+0000] {logging_mixin.py:188} INFO - [2026-02-26T17:38:54.488+0000] {dag.py:3089} INFO - Sync 1 DAGs
[2026-02-26T17:38:54.514+0000] {logging_mixin.py:188} INFO - [2026-02-26T17:38:54.514+0000] {dag.py:3947} INFO - Setting next_dagrun for oltp_s3_dwh to 2026-02-01 00:00:00+00:00, run_after=2026-03-01 00:00:00+00:00
[2026-02-26T17:38:54.538+0000] {processor.py:183} INFO - Processing /opt/airflow/dags/oltp_s3_dwh.py took 0.436 seconds
[2026-02-26T17:39:25.490+0000] {processor.py:161} INFO - Started process (PID=5621) to work on /opt/airflow/dags/oltp_s3_dwh.py
[2026-02-26T17:39:25.491+0000] {processor.py:830} INFO - Processing file /opt/airflow/dags/oltp_s3_dwh.py for tasks to queue
[2026-02-26T17:39:25.494+0000] {logging_mixin.py:188} INFO - [2026-02-26T17:39:25.493+0000] {dagbag.py:545} INFO - Filling up the DagBag from /opt/airflow/dags/oltp_s3_dwh.py
[2026-02-26T17:39:25.857+0000] {processor.py:840} INFO - DAG(s) 'oltp_s3_dwh' retrieved from /opt/airflow/dags/oltp_s3_dwh.py
[2026-02-26T17:39:25.888+0000] {logging_mixin.py:188} INFO - [2026-02-26T17:39:25.886+0000] {dag.py:3089} INFO - Sync 1 DAGs
[2026-02-26T17:39:25.911+0000] {logging_mixin.py:188} INFO - [2026-02-26T17:39:25.911+0000] {dag.py:3947} INFO - Setting next_dagrun for oltp_s3_dwh to 2026-02-01 00:00:00+00:00, run_after=2026-03-01 00:00:00+00:00
[2026-02-26T17:39:25.935+0000] {processor.py:183} INFO - Processing /opt/airflow/dags/oltp_s3_dwh.py took 0.452 seconds
[2026-02-26T17:39:56.385+0000] {processor.py:161} INFO - Started process (PID=5647) to work on /opt/airflow/dags/oltp_s3_dwh.py
[2026-02-26T17:39:56.386+0000] {processor.py:830} INFO - Processing file /opt/airflow/dags/oltp_s3_dwh.py for tasks to queue
[2026-02-26T17:39:56.390+0000] {logging_mixin.py:188} INFO - [2026-02-26T17:39:56.389+0000] {dagbag.py:545} INFO - Filling up the DagBag from /opt/airflow/dags/oltp_s3_dwh.py
[2026-02-26T17:39:56.754+0000] {processor.py:840} INFO - DAG(s) 'oltp_s3_dwh' retrieved from /opt/airflow/dags/oltp_s3_dwh.py
[2026-02-26T17:39:56.790+0000] {logging_mixin.py:188} INFO - [2026-02-26T17:39:56.790+0000] {dag.py:3089} INFO - Sync 1 DAGs
[2026-02-26T17:39:56.815+0000] {logging_mixin.py:188} INFO - [2026-02-26T17:39:56.815+0000] {dag.py:3947} INFO - Setting next_dagrun for oltp_s3_dwh to 2026-02-01 00:00:00+00:00, run_after=2026-03-01 00:00:00+00:00
[2026-02-26T17:39:56.845+0000] {processor.py:183} INFO - Processing /opt/airflow/dags/oltp_s3_dwh.py took 0.467 seconds
[2026-02-26T17:40:27.284+0000] {processor.py:161} INFO - Started process (PID=5680) to work on /opt/airflow/dags/oltp_s3_dwh.py
[2026-02-26T17:40:27.286+0000] {processor.py:830} INFO - Processing file /opt/airflow/dags/oltp_s3_dwh.py for tasks to queue
[2026-02-26T17:40:27.288+0000] {logging_mixin.py:188} INFO - [2026-02-26T17:40:27.288+0000] {dagbag.py:545} INFO - Filling up the DagBag from /opt/airflow/dags/oltp_s3_dwh.py
[2026-02-26T17:40:27.629+0000] {processor.py:840} INFO - DAG(s) 'oltp_s3_dwh' retrieved from /opt/airflow/dags/oltp_s3_dwh.py
[2026-02-26T17:40:27.660+0000] {logging_mixin.py:188} INFO - [2026-02-26T17:40:27.659+0000] {dag.py:3089} INFO - Sync 1 DAGs
[2026-02-26T17:40:27.683+0000] {logging_mixin.py:188} INFO - [2026-02-26T17:40:27.683+0000] {dag.py:3947} INFO - Setting next_dagrun for oltp_s3_dwh to 2026-02-01 00:00:00+00:00, run_after=2026-03-01 00:00:00+00:00
[2026-02-26T17:40:27.707+0000] {processor.py:183} INFO - Processing /opt/airflow/dags/oltp_s3_dwh.py took 0.429 seconds
[2026-02-26T17:40:35.389+0000] {processor.py:161} INFO - Started process (PID=5686) to work on /opt/airflow/dags/oltp_s3_dwh.py
[2026-02-26T17:40:35.390+0000] {processor.py:830} INFO - Processing file /opt/airflow/dags/oltp_s3_dwh.py for tasks to queue
[2026-02-26T17:40:35.392+0000] {logging_mixin.py:188} INFO - [2026-02-26T17:40:35.392+0000] {dagbag.py:545} INFO - Filling up the DagBag from /opt/airflow/dags/oltp_s3_dwh.py
[2026-02-26T17:40:35.724+0000] {processor.py:840} INFO - DAG(s) 'oltp_s3_dwh' retrieved from /opt/airflow/dags/oltp_s3_dwh.py
[2026-02-26T17:40:35.756+0000] {logging_mixin.py:188} INFO - [2026-02-26T17:40:35.755+0000] {dag.py:3089} INFO - Sync 1 DAGs
[2026-02-26T17:40:35.779+0000] {logging_mixin.py:188} INFO - [2026-02-26T17:40:35.779+0000] {dag.py:3947} INFO - Setting next_dagrun for oltp_s3_dwh to 2026-02-01 00:00:00+00:00, run_after=2026-03-01 00:00:00+00:00
[2026-02-26T17:40:35.809+0000] {processor.py:183} INFO - Processing /opt/airflow/dags/oltp_s3_dwh.py took 0.427 seconds
[2026-02-26T17:41:06.335+0000] {processor.py:161} INFO - Started process (PID=5783) to work on /opt/airflow/dags/oltp_s3_dwh.py
[2026-02-26T17:41:06.337+0000] {processor.py:830} INFO - Processing file /opt/airflow/dags/oltp_s3_dwh.py for tasks to queue
[2026-02-26T17:41:06.340+0000] {logging_mixin.py:188} INFO - [2026-02-26T17:41:06.339+0000] {dagbag.py:545} INFO - Filling up the DagBag from /opt/airflow/dags/oltp_s3_dwh.py
[2026-02-26T17:41:06.696+0000] {processor.py:840} INFO - DAG(s) 'oltp_s3_dwh' retrieved from /opt/airflow/dags/oltp_s3_dwh.py
[2026-02-26T17:41:06.728+0000] {logging_mixin.py:188} INFO - [2026-02-26T17:41:06.727+0000] {dag.py:3089} INFO - Sync 1 DAGs
[2026-02-26T17:41:06.752+0000] {logging_mixin.py:188} INFO - [2026-02-26T17:41:06.752+0000] {dag.py:3947} INFO - Setting next_dagrun for oltp_s3_dwh to 2026-02-01 00:00:00+00:00, run_after=2026-03-01 00:00:00+00:00
[2026-02-26T17:41:06.773+0000] {processor.py:183} INFO - Processing /opt/airflow/dags/oltp_s3_dwh.py took 0.445 seconds
[2026-02-26T17:41:37.120+0000] {processor.py:161} INFO - Started process (PID=5808) to work on /opt/airflow/dags/oltp_s3_dwh.py
[2026-02-26T17:41:37.121+0000] {processor.py:830} INFO - Processing file /opt/airflow/dags/oltp_s3_dwh.py for tasks to queue
[2026-02-26T17:41:37.124+0000] {logging_mixin.py:188} INFO - [2026-02-26T17:41:37.124+0000] {dagbag.py:545} INFO - Filling up the DagBag from /opt/airflow/dags/oltp_s3_dwh.py
[2026-02-26T17:41:37.457+0000] {processor.py:840} INFO - DAG(s) 'oltp_s3_dwh' retrieved from /opt/airflow/dags/oltp_s3_dwh.py
[2026-02-26T17:41:37.507+0000] {logging_mixin.py:188} INFO - [2026-02-26T17:41:37.506+0000] {dag.py:3089} INFO - Sync 1 DAGs
[2026-02-26T17:41:37.535+0000] {logging_mixin.py:188} INFO - [2026-02-26T17:41:37.535+0000] {dag.py:3947} INFO - Setting next_dagrun for oltp_s3_dwh to 2026-02-01 00:00:00+00:00, run_after=2026-03-01 00:00:00+00:00
[2026-02-26T17:41:37.571+0000] {processor.py:183} INFO - Processing /opt/airflow/dags/oltp_s3_dwh.py took 0.458 seconds
[2026-02-26T17:42:07.951+0000] {processor.py:161} INFO - Started process (PID=5841) to work on /opt/airflow/dags/oltp_s3_dwh.py
[2026-02-26T17:42:07.953+0000] {processor.py:830} INFO - Processing file /opt/airflow/dags/oltp_s3_dwh.py for tasks to queue
[2026-02-26T17:42:07.955+0000] {logging_mixin.py:188} INFO - [2026-02-26T17:42:07.955+0000] {dagbag.py:545} INFO - Filling up the DagBag from /opt/airflow/dags/oltp_s3_dwh.py
[2026-02-26T17:42:08.271+0000] {processor.py:840} INFO - DAG(s) 'oltp_s3_dwh' retrieved from /opt/airflow/dags/oltp_s3_dwh.py
[2026-02-26T17:42:08.300+0000] {logging_mixin.py:188} INFO - [2026-02-26T17:42:08.299+0000] {dag.py:3089} INFO - Sync 1 DAGs
[2026-02-26T17:42:08.321+0000] {logging_mixin.py:188} INFO - [2026-02-26T17:42:08.321+0000] {dag.py:3947} INFO - Setting next_dagrun for oltp_s3_dwh to 2026-02-01 00:00:00+00:00, run_after=2026-03-01 00:00:00+00:00
[2026-02-26T17:42:08.340+0000] {processor.py:183} INFO - Processing /opt/airflow/dags/oltp_s3_dwh.py took 0.396 seconds
[2026-02-26T17:42:39.295+0000] {processor.py:161} INFO - Started process (PID=5867) to work on /opt/airflow/dags/oltp_s3_dwh.py
[2026-02-26T17:42:39.297+0000] {processor.py:830} INFO - Processing file /opt/airflow/dags/oltp_s3_dwh.py for tasks to queue
[2026-02-26T17:42:39.301+0000] {logging_mixin.py:188} INFO - [2026-02-26T17:42:39.300+0000] {dagbag.py:545} INFO - Filling up the DagBag from /opt/airflow/dags/oltp_s3_dwh.py
[2026-02-26T17:42:39.746+0000] {processor.py:840} INFO - DAG(s) 'oltp_s3_dwh' retrieved from /opt/airflow/dags/oltp_s3_dwh.py
[2026-02-26T17:42:39.791+0000] {logging_mixin.py:188} INFO - [2026-02-26T17:42:39.790+0000] {dag.py:3089} INFO - Sync 1 DAGs
[2026-02-26T17:42:39.820+0000] {logging_mixin.py:188} INFO - [2026-02-26T17:42:39.820+0000] {dag.py:3947} INFO - Setting next_dagrun for oltp_s3_dwh to 2026-02-01 00:00:00+00:00, run_after=2026-03-01 00:00:00+00:00
[2026-02-26T17:42:39.861+0000] {processor.py:183} INFO - Processing /opt/airflow/dags/oltp_s3_dwh.py took 0.574 seconds
[2026-02-26T17:43:10.249+0000] {processor.py:161} INFO - Started process (PID=5898) to work on /opt/airflow/dags/oltp_s3_dwh.py
[2026-02-26T17:43:10.252+0000] {processor.py:830} INFO - Processing file /opt/airflow/dags/oltp_s3_dwh.py for tasks to queue
[2026-02-26T17:43:10.256+0000] {logging_mixin.py:188} INFO - [2026-02-26T17:43:10.255+0000] {dagbag.py:545} INFO - Filling up the DagBag from /opt/airflow/dags/oltp_s3_dwh.py
[2026-02-26T17:43:11.045+0000] {processor.py:840} INFO - DAG(s) 'oltp_s3_dwh' retrieved from /opt/airflow/dags/oltp_s3_dwh.py
[2026-02-26T17:43:11.129+0000] {logging_mixin.py:188} INFO - [2026-02-26T17:43:11.127+0000] {dag.py:3089} INFO - Sync 1 DAGs
[2026-02-26T17:43:11.193+0000] {logging_mixin.py:188} INFO - [2026-02-26T17:43:11.192+0000] {dag.py:3947} INFO - Setting next_dagrun for oltp_s3_dwh to 2026-02-01 00:00:00+00:00, run_after=2026-03-01 00:00:00+00:00
[2026-02-26T17:43:11.271+0000] {processor.py:183} INFO - Processing /opt/airflow/dags/oltp_s3_dwh.py took 1.031 seconds
[2026-02-26T17:43:41.717+0000] {processor.py:161} INFO - Started process (PID=5924) to work on /opt/airflow/dags/oltp_s3_dwh.py
[2026-02-26T17:43:41.719+0000] {processor.py:830} INFO - Processing file /opt/airflow/dags/oltp_s3_dwh.py for tasks to queue
[2026-02-26T17:43:41.722+0000] {logging_mixin.py:188} INFO - [2026-02-26T17:43:41.722+0000] {dagbag.py:545} INFO - Filling up the DagBag from /opt/airflow/dags/oltp_s3_dwh.py
[2026-02-26T17:43:42.042+0000] {processor.py:840} INFO - DAG(s) 'oltp_s3_dwh' retrieved from /opt/airflow/dags/oltp_s3_dwh.py
[2026-02-26T17:43:42.081+0000] {logging_mixin.py:188} INFO - [2026-02-26T17:43:42.081+0000] {dag.py:3089} INFO - Sync 1 DAGs
[2026-02-26T17:43:42.107+0000] {logging_mixin.py:188} INFO - [2026-02-26T17:43:42.106+0000] {dag.py:3947} INFO - Setting next_dagrun for oltp_s3_dwh to 2026-02-01 00:00:00+00:00, run_after=2026-03-01 00:00:00+00:00
[2026-02-26T17:43:42.238+0000] {processor.py:183} INFO - Processing /opt/airflow/dags/oltp_s3_dwh.py took 0.528 seconds
[2026-02-26T17:44:12.640+0000] {processor.py:161} INFO - Started process (PID=5956) to work on /opt/airflow/dags/oltp_s3_dwh.py
[2026-02-26T17:44:12.641+0000] {processor.py:830} INFO - Processing file /opt/airflow/dags/oltp_s3_dwh.py for tasks to queue
[2026-02-26T17:44:12.644+0000] {logging_mixin.py:188} INFO - [2026-02-26T17:44:12.643+0000] {dagbag.py:545} INFO - Filling up the DagBag from /opt/airflow/dags/oltp_s3_dwh.py
[2026-02-26T17:44:13.043+0000] {processor.py:840} INFO - DAG(s) 'oltp_s3_dwh' retrieved from /opt/airflow/dags/oltp_s3_dwh.py
[2026-02-26T17:44:13.080+0000] {logging_mixin.py:188} INFO - [2026-02-26T17:44:13.079+0000] {dag.py:3089} INFO - Sync 1 DAGs
[2026-02-26T17:44:13.104+0000] {logging_mixin.py:188} INFO - [2026-02-26T17:44:13.104+0000] {dag.py:3947} INFO - Setting next_dagrun for oltp_s3_dwh to 2026-02-01 00:00:00+00:00, run_after=2026-03-01 00:00:00+00:00
[2026-02-26T17:44:13.137+0000] {processor.py:183} INFO - Processing /opt/airflow/dags/oltp_s3_dwh.py took 0.504 seconds
[2026-02-26T17:44:43.671+0000] {processor.py:161} INFO - Started process (PID=5983) to work on /opt/airflow/dags/oltp_s3_dwh.py
[2026-02-26T17:44:43.672+0000] {processor.py:830} INFO - Processing file /opt/airflow/dags/oltp_s3_dwh.py for tasks to queue
[2026-02-26T17:44:43.675+0000] {logging_mixin.py:188} INFO - [2026-02-26T17:44:43.674+0000] {dagbag.py:545} INFO - Filling up the DagBag from /opt/airflow/dags/oltp_s3_dwh.py
[2026-02-26T17:44:44.062+0000] {processor.py:840} INFO - DAG(s) 'oltp_s3_dwh' retrieved from /opt/airflow/dags/oltp_s3_dwh.py
[2026-02-26T17:44:44.098+0000] {logging_mixin.py:188} INFO - [2026-02-26T17:44:44.097+0000] {dag.py:3089} INFO - Sync 1 DAGs
[2026-02-26T17:44:44.125+0000] {logging_mixin.py:188} INFO - [2026-02-26T17:44:44.124+0000] {dag.py:3947} INFO - Setting next_dagrun for oltp_s3_dwh to 2026-02-01 00:00:00+00:00, run_after=2026-03-01 00:00:00+00:00
[2026-02-26T17:44:44.155+0000] {processor.py:183} INFO - Processing /opt/airflow/dags/oltp_s3_dwh.py took 0.492 seconds
[2026-02-26T17:45:14.561+0000] {processor.py:161} INFO - Started process (PID=6009) to work on /opt/airflow/dags/oltp_s3_dwh.py
[2026-02-26T17:45:14.563+0000] {processor.py:830} INFO - Processing file /opt/airflow/dags/oltp_s3_dwh.py for tasks to queue
[2026-02-26T17:45:14.566+0000] {logging_mixin.py:188} INFO - [2026-02-26T17:45:14.565+0000] {dagbag.py:545} INFO - Filling up the DagBag from /opt/airflow/dags/oltp_s3_dwh.py
[2026-02-26T17:45:14.903+0000] {processor.py:840} INFO - DAG(s) 'oltp_s3_dwh' retrieved from /opt/airflow/dags/oltp_s3_dwh.py
[2026-02-26T17:45:14.941+0000] {logging_mixin.py:188} INFO - [2026-02-26T17:45:14.940+0000] {dag.py:3089} INFO - Sync 1 DAGs
[2026-02-26T17:45:14.971+0000] {logging_mixin.py:188} INFO - [2026-02-26T17:45:14.971+0000] {dag.py:3947} INFO - Setting next_dagrun for oltp_s3_dwh to 2026-02-01 00:00:00+00:00, run_after=2026-03-01 00:00:00+00:00
[2026-02-26T17:45:15.007+0000] {processor.py:183} INFO - Processing /opt/airflow/dags/oltp_s3_dwh.py took 0.453 seconds
[2026-02-26T17:45:45.472+0000] {processor.py:161} INFO - Started process (PID=6042) to work on /opt/airflow/dags/oltp_s3_dwh.py
[2026-02-26T17:45:45.474+0000] {processor.py:830} INFO - Processing file /opt/airflow/dags/oltp_s3_dwh.py for tasks to queue
[2026-02-26T17:45:45.477+0000] {logging_mixin.py:188} INFO - [2026-02-26T17:45:45.477+0000] {dagbag.py:545} INFO - Filling up the DagBag from /opt/airflow/dags/oltp_s3_dwh.py
[2026-02-26T17:45:45.819+0000] {processor.py:840} INFO - DAG(s) 'oltp_s3_dwh' retrieved from /opt/airflow/dags/oltp_s3_dwh.py
[2026-02-26T17:45:45.851+0000] {logging_mixin.py:188} INFO - [2026-02-26T17:45:45.851+0000] {dag.py:3089} INFO - Sync 1 DAGs
[2026-02-26T17:45:45.877+0000] {logging_mixin.py:188} INFO - [2026-02-26T17:45:45.876+0000] {dag.py:3947} INFO - Setting next_dagrun for oltp_s3_dwh to 2026-02-01 00:00:00+00:00, run_after=2026-03-01 00:00:00+00:00
[2026-02-26T17:45:45.906+0000] {processor.py:183} INFO - Processing /opt/airflow/dags/oltp_s3_dwh.py took 0.441 seconds
[2026-02-26T17:46:16.511+0000] {processor.py:161} INFO - Started process (PID=6068) to work on /opt/airflow/dags/oltp_s3_dwh.py
[2026-02-26T17:46:16.512+0000] {processor.py:830} INFO - Processing file /opt/airflow/dags/oltp_s3_dwh.py for tasks to queue
[2026-02-26T17:46:16.515+0000] {logging_mixin.py:188} INFO - [2026-02-26T17:46:16.515+0000] {dagbag.py:545} INFO - Filling up the DagBag from /opt/airflow/dags/oltp_s3_dwh.py
[2026-02-26T17:46:16.872+0000] {processor.py:840} INFO - DAG(s) 'oltp_s3_dwh' retrieved from /opt/airflow/dags/oltp_s3_dwh.py
[2026-02-26T17:46:16.900+0000] {logging_mixin.py:188} INFO - [2026-02-26T17:46:16.899+0000] {dag.py:3089} INFO - Sync 1 DAGs
[2026-02-26T17:46:16.922+0000] {logging_mixin.py:188} INFO - [2026-02-26T17:46:16.922+0000] {dag.py:3947} INFO - Setting next_dagrun for oltp_s3_dwh to 2026-02-01 00:00:00+00:00, run_after=2026-03-01 00:00:00+00:00
[2026-02-26T17:46:16.941+0000] {processor.py:183} INFO - Processing /opt/airflow/dags/oltp_s3_dwh.py took 0.443 seconds
[2026-02-26T17:46:47.398+0000] {processor.py:161} INFO - Started process (PID=6101) to work on /opt/airflow/dags/oltp_s3_dwh.py
[2026-02-26T17:46:47.400+0000] {processor.py:830} INFO - Processing file /opt/airflow/dags/oltp_s3_dwh.py for tasks to queue
[2026-02-26T17:46:47.403+0000] {logging_mixin.py:188} INFO - [2026-02-26T17:46:47.403+0000] {dagbag.py:545} INFO - Filling up the DagBag from /opt/airflow/dags/oltp_s3_dwh.py
[2026-02-26T17:46:47.751+0000] {processor.py:840} INFO - DAG(s) 'oltp_s3_dwh' retrieved from /opt/airflow/dags/oltp_s3_dwh.py
[2026-02-26T17:46:47.783+0000] {logging_mixin.py:188} INFO - [2026-02-26T17:46:47.782+0000] {dag.py:3089} INFO - Sync 1 DAGs
[2026-02-26T17:46:47.806+0000] {logging_mixin.py:188} INFO - [2026-02-26T17:46:47.806+0000] {dag.py:3947} INFO - Setting next_dagrun for oltp_s3_dwh to 2026-02-01 00:00:00+00:00, run_after=2026-03-01 00:00:00+00:00
[2026-02-26T17:46:47.833+0000] {processor.py:183} INFO - Processing /opt/airflow/dags/oltp_s3_dwh.py took 0.443 seconds
[2026-02-26T17:47:02.020+0000] {processor.py:161} INFO - Started process (PID=6119) to work on /opt/airflow/dags/oltp_s3_dwh.py
[2026-02-26T17:47:02.022+0000] {processor.py:830} INFO - Processing file /opt/airflow/dags/oltp_s3_dwh.py for tasks to queue
[2026-02-26T17:47:02.026+0000] {logging_mixin.py:188} INFO - [2026-02-26T17:47:02.025+0000] {dagbag.py:545} INFO - Filling up the DagBag from /opt/airflow/dags/oltp_s3_dwh.py
[2026-02-26T17:47:02.407+0000] {processor.py:840} INFO - DAG(s) 'oltp_s3_dwh' retrieved from /opt/airflow/dags/oltp_s3_dwh.py
[2026-02-26T17:47:02.440+0000] {logging_mixin.py:188} INFO - [2026-02-26T17:47:02.439+0000] {dag.py:3089} INFO - Sync 1 DAGs
[2026-02-26T17:47:02.469+0000] {logging_mixin.py:188} INFO - [2026-02-26T17:47:02.468+0000] {dag.py:3947} INFO - Setting next_dagrun for oltp_s3_dwh to 2026-02-01 00:00:00+00:00, run_after=2026-03-01 00:00:00+00:00
[2026-02-26T17:47:02.502+0000] {processor.py:183} INFO - Processing /opt/airflow/dags/oltp_s3_dwh.py took 0.489 seconds
[2026-02-26T17:47:33.591+0000] {processor.py:161} INFO - Started process (PID=6154) to work on /opt/airflow/dags/oltp_s3_dwh.py
[2026-02-26T17:47:33.606+0000] {processor.py:830} INFO - Processing file /opt/airflow/dags/oltp_s3_dwh.py for tasks to queue
[2026-02-26T17:47:33.618+0000] {logging_mixin.py:188} INFO - [2026-02-26T17:47:33.618+0000] {dagbag.py:545} INFO - Filling up the DagBag from /opt/airflow/dags/oltp_s3_dwh.py
[2026-02-26T17:47:34.101+0000] {processor.py:840} INFO - DAG(s) 'oltp_s3_dwh' retrieved from /opt/airflow/dags/oltp_s3_dwh.py
[2026-02-26T17:47:34.152+0000] {logging_mixin.py:188} INFO - [2026-02-26T17:47:34.149+0000] {dag.py:3089} INFO - Sync 1 DAGs
[2026-02-26T17:47:34.190+0000] {logging_mixin.py:188} INFO - [2026-02-26T17:47:34.190+0000] {dag.py:3947} INFO - Setting next_dagrun for oltp_s3_dwh to 2026-02-01 00:00:00+00:00, run_after=2026-03-01 00:00:00+00:00
[2026-02-26T17:47:34.227+0000] {processor.py:183} INFO - Processing /opt/airflow/dags/oltp_s3_dwh.py took 0.643 seconds
[2026-02-26T17:48:04.386+0000] {processor.py:161} INFO - Started process (PID=6186) to work on /opt/airflow/dags/oltp_s3_dwh.py
[2026-02-26T17:48:04.388+0000] {processor.py:830} INFO - Processing file /opt/airflow/dags/oltp_s3_dwh.py for tasks to queue
[2026-02-26T17:48:04.391+0000] {logging_mixin.py:188} INFO - [2026-02-26T17:48:04.391+0000] {dagbag.py:545} INFO - Filling up the DagBag from /opt/airflow/dags/oltp_s3_dwh.py
[2026-02-26T17:48:04.752+0000] {processor.py:840} INFO - DAG(s) 'oltp_s3_dwh' retrieved from /opt/airflow/dags/oltp_s3_dwh.py
[2026-02-26T17:48:04.783+0000] {logging_mixin.py:188} INFO - [2026-02-26T17:48:04.782+0000] {dag.py:3089} INFO - Sync 1 DAGs
[2026-02-26T17:48:04.810+0000] {logging_mixin.py:188} INFO - [2026-02-26T17:48:04.809+0000] {dag.py:3947} INFO - Setting next_dagrun for oltp_s3_dwh to 2026-02-01 00:00:00+00:00, run_after=2026-03-01 00:00:00+00:00
[2026-02-26T17:48:04.835+0000] {processor.py:183} INFO - Processing /opt/airflow/dags/oltp_s3_dwh.py took 0.455 seconds
[2026-02-26T17:48:35.199+0000] {processor.py:161} INFO - Started process (PID=6212) to work on /opt/airflow/dags/oltp_s3_dwh.py
[2026-02-26T17:48:35.201+0000] {processor.py:830} INFO - Processing file /opt/airflow/dags/oltp_s3_dwh.py for tasks to queue
[2026-02-26T17:48:35.203+0000] {logging_mixin.py:188} INFO - [2026-02-26T17:48:35.202+0000] {dagbag.py:545} INFO - Filling up the DagBag from /opt/airflow/dags/oltp_s3_dwh.py
[2026-02-26T17:48:35.511+0000] {processor.py:840} INFO - DAG(s) 'oltp_s3_dwh' retrieved from /opt/airflow/dags/oltp_s3_dwh.py
[2026-02-26T17:48:35.541+0000] {logging_mixin.py:188} INFO - [2026-02-26T17:48:35.541+0000] {dag.py:3089} INFO - Sync 1 DAGs
[2026-02-26T17:48:35.565+0000] {logging_mixin.py:188} INFO - [2026-02-26T17:48:35.564+0000] {dag.py:3947} INFO - Setting next_dagrun for oltp_s3_dwh to 2026-02-01 00:00:00+00:00, run_after=2026-03-01 00:00:00+00:00
[2026-02-26T17:48:35.583+0000] {processor.py:183} INFO - Processing /opt/airflow/dags/oltp_s3_dwh.py took 0.390 seconds
[2026-02-26T17:49:05.633+0000] {processor.py:161} INFO - Started process (PID=6303) to work on /opt/airflow/dags/oltp_s3_dwh.py
[2026-02-26T17:49:05.634+0000] {processor.py:830} INFO - Processing file /opt/airflow/dags/oltp_s3_dwh.py for tasks to queue
[2026-02-26T17:49:05.636+0000] {logging_mixin.py:188} INFO - [2026-02-26T17:49:05.636+0000] {dagbag.py:545} INFO - Filling up the DagBag from /opt/airflow/dags/oltp_s3_dwh.py
[2026-02-26T17:49:05.948+0000] {processor.py:840} INFO - DAG(s) 'oltp_s3_dwh' retrieved from /opt/airflow/dags/oltp_s3_dwh.py
[2026-02-26T17:49:05.978+0000] {logging_mixin.py:188} INFO - [2026-02-26T17:49:05.978+0000] {dag.py:3089} INFO - Sync 1 DAGs
[2026-02-26T17:49:06.001+0000] {logging_mixin.py:188} INFO - [2026-02-26T17:49:06.001+0000] {dag.py:3947} INFO - Setting next_dagrun for oltp_s3_dwh to 2026-02-01 00:00:00+00:00, run_after=2026-03-01 00:00:00+00:00
[2026-02-26T17:49:06.022+0000] {processor.py:183} INFO - Processing /opt/airflow/dags/oltp_s3_dwh.py took 0.395 seconds
[2026-02-26T17:49:36.401+0000] {processor.py:161} INFO - Started process (PID=6335) to work on /opt/airflow/dags/oltp_s3_dwh.py
[2026-02-26T17:49:36.403+0000] {processor.py:830} INFO - Processing file /opt/airflow/dags/oltp_s3_dwh.py for tasks to queue
[2026-02-26T17:49:36.406+0000] {logging_mixin.py:188} INFO - [2026-02-26T17:49:36.405+0000] {dagbag.py:545} INFO - Filling up the DagBag from /opt/airflow/dags/oltp_s3_dwh.py
[2026-02-26T17:49:36.845+0000] {processor.py:840} INFO - DAG(s) 'oltp_s3_dwh' retrieved from /opt/airflow/dags/oltp_s3_dwh.py
[2026-02-26T17:49:36.889+0000] {logging_mixin.py:188} INFO - [2026-02-26T17:49:36.887+0000] {dag.py:3089} INFO - Sync 1 DAGs
[2026-02-26T17:49:36.512+0000] {logging_mixin.py:188} INFO - [2026-02-26T17:49:36.511+0000] {dag.py:3947} INFO - Setting next_dagrun for oltp_s3_dwh to 2026-02-01 00:00:00+00:00, run_after=2026-03-01 00:00:00+00:00
[2026-02-26T17:49:36.541+0000] {processor.py:183} INFO - Processing /opt/airflow/dags/oltp_s3_dwh.py took 0.558 seconds
[2026-02-26T17:50:07.039+0000] {processor.py:161} INFO - Started process (PID=6361) to work on /opt/airflow/dags/oltp_s3_dwh.py
[2026-02-26T17:50:07.040+0000] {processor.py:830} INFO - Processing file /opt/airflow/dags/oltp_s3_dwh.py for tasks to queue
[2026-02-26T17:50:07.043+0000] {logging_mixin.py:188} INFO - [2026-02-26T17:50:07.043+0000] {dagbag.py:545} INFO - Filling up the DagBag from /opt/airflow/dags/oltp_s3_dwh.py
[2026-02-26T17:50:07.400+0000] {processor.py:840} INFO - DAG(s) 'oltp_s3_dwh' retrieved from /opt/airflow/dags/oltp_s3_dwh.py
[2026-02-26T17:50:07.437+0000] {logging_mixin.py:188} INFO - [2026-02-26T17:50:07.436+0000] {dag.py:3089} INFO - Sync 1 DAGs
[2026-02-26T17:50:07.465+0000] {logging_mixin.py:188} INFO - [2026-02-26T17:50:07.465+0000] {dag.py:3947} INFO - Setting next_dagrun for oltp_s3_dwh to 2026-02-01 00:00:00+00:00, run_after=2026-03-01 00:00:00+00:00
[2026-02-26T17:50:07.495+0000] {processor.py:183} INFO - Processing /opt/airflow/dags/oltp_s3_dwh.py took 0.463 seconds
[2026-02-26T17:50:37.979+0000] {processor.py:161} INFO - Started process (PID=6440) to work on /opt/airflow/dags/oltp_s3_dwh.py
[2026-02-26T17:50:37.980+0000] {processor.py:830} INFO - Processing file /opt/airflow/dags/oltp_s3_dwh.py for tasks to queue
[2026-02-26T17:50:37.983+0000] {logging_mixin.py:188} INFO - [2026-02-26T17:50:37.983+0000] {dagbag.py:545} INFO - Filling up the DagBag from /opt/airflow/dags/oltp_s3_dwh.py
[2026-02-26T17:50:38.317+0000] {processor.py:840} INFO - DAG(s) 'oltp_s3_dwh' retrieved from /opt/airflow/dags/oltp_s3_dwh.py
[2026-02-26T17:50:38.360+0000] {logging_mixin.py:188} INFO - [2026-02-26T17:50:38.359+0000] {dag.py:3089} INFO - Sync 1 DAGs
[2026-02-26T17:50:38.400+0000] {logging_mixin.py:188} INFO - [2026-02-26T17:50:38.400+0000] {dag.py:3947} INFO - Setting next_dagrun for oltp_s3_dwh to 2026-02-01 00:00:00+00:00, run_after=2026-03-01 00:00:00+00:00
[2026-02-26T17:50:38.439+0000] {processor.py:183} INFO - Processing /opt/airflow/dags/oltp_s3_dwh.py took 0.468 seconds
[2026-02-26T17:51:08.878+0000] {processor.py:161} INFO - Started process (PID=6471) to work on /opt/airflow/dags/oltp_s3_dwh.py
[2026-02-26T17:51:08.880+0000] {processor.py:830} INFO - Processing file /opt/airflow/dags/oltp_s3_dwh.py for tasks to queue
[2026-02-26T17:51:08.882+0000] {logging_mixin.py:188} INFO - [2026-02-26T17:51:08.882+0000] {dagbag.py:545} INFO - Filling up the DagBag from /opt/airflow/dags/oltp_s3_dwh.py
[2026-02-26T17:51:09.218+0000] {processor.py:840} INFO - DAG(s) 'oltp_s3_dwh' retrieved from /opt/airflow/dags/oltp_s3_dwh.py
[2026-02-26T17:51:09.253+0000] {logging_mixin.py:188} INFO - [2026-02-26T17:51:09.252+0000] {dag.py:3089} INFO - Sync 1 DAGs
[2026-02-26T17:51:09.278+0000] {logging_mixin.py:188} INFO - [2026-02-26T17:51:09.278+0000] {dag.py:3947} INFO - Setting next_dagrun for oltp_s3_dwh to 2026-02-01 00:00:00+00:00, run_after=2026-03-01 00:00:00+00:00
[2026-02-26T17:51:09.304+0000] {processor.py:183} INFO - Processing /opt/airflow/dags/oltp_s3_dwh.py took 0.432 seconds
[2026-02-26T17:51:39.675+0000] {processor.py:161} INFO - Started process (PID=6498) to work on /opt/airflow/dags/oltp_s3_dwh.py
[2026-02-26T17:51:39.677+0000] {processor.py:830} INFO - Processing file /opt/airflow/dags/oltp_s3_dwh.py for tasks to queue
[2026-02-26T17:51:39.680+0000] {logging_mixin.py:188} INFO - [2026-02-26T17:51:39.679+0000] {dagbag.py:545} INFO - Filling up the DagBag from /opt/airflow/dags/oltp_s3_dwh.py
[2026-02-26T17:51:40.038+0000] {processor.py:840} INFO - DAG(s) 'oltp_s3_dwh' retrieved from /opt/airflow/dags/oltp_s3_dwh.py
[2026-02-26T17:51:40.072+0000] {logging_mixin.py:188} INFO - [2026-02-26T17:51:40.071+0000] {dag.py:3089} INFO - Sync 1 DAGs
[2026-02-26T17:51:40.097+0000] {logging_mixin.py:188} INFO - [2026-02-26T17:51:40.097+0000] {dag.py:3947} INFO - Setting next_dagrun for oltp_s3_dwh to 2026-02-01 00:00:00+00:00, run_after=2026-03-01 00:00:00+00:00
[2026-02-26T17:51:40.153+0000] {processor.py:183} INFO - Processing /opt/airflow/dags/oltp_s3_dwh.py took 0.486 seconds
[2026-02-26T17:52:10.479+0000] {processor.py:161} INFO - Started process (PID=6530) to work on /opt/airflow/dags/oltp_s3_dwh.py
[2026-02-26T17:52:10.481+0000] {processor.py:830} INFO - Processing file /opt/airflow/dags/oltp_s3_dwh.py for tasks to queue
[2026-02-26T17:52:10.485+0000] {logging_mixin.py:188} INFO - [2026-02-26T17:52:10.484+0000] {dagbag.py:545} INFO - Filling up the DagBag from /opt/airflow/dags/oltp_s3_dwh.py
[2026-02-26T17:52:11.027+0000] {processor.py:840} INFO - DAG(s) 'oltp_s3_dwh' retrieved from /opt/airflow/dags/oltp_s3_dwh.py
[2026-02-26T17:52:11.080+0000] {logging_mixin.py:188} INFO - [2026-02-26T17:52:11.079+0000] {dag.py:3089} INFO - Sync 1 DAGs
[2026-02-26T17:52:11.105+0000] {logging_mixin.py:188} INFO - [2026-02-26T17:52:11.105+0000] {dag.py:3947} INFO - Setting next_dagrun for oltp_s3_dwh to 2026-02-01 00:00:00+00:00, run_after=2026-03-01 00:00:00+00:00
[2026-02-26T17:52:11.151+0000] {processor.py:183} INFO - Processing /opt/airflow/dags/oltp_s3_dwh.py took 0.680 seconds
[2026-02-26T17:52:14.958+0000] {processor.py:161} INFO - Started process (PID=6536) to work on /opt/airflow/dags/oltp_s3_dwh.py
[2026-02-26T17:52:14.959+0000] {processor.py:830} INFO - Processing file /opt/airflow/dags/oltp_s3_dwh.py for tasks to queue
[2026-02-26T17:52:14.962+0000] {logging_mixin.py:188} INFO - [2026-02-26T17:52:14.962+0000] {dagbag.py:545} INFO - Filling up the DagBag from /opt/airflow/dags/oltp_s3_dwh.py
[2026-02-26T17:52:15.323+0000] {processor.py:840} INFO - DAG(s) 'oltp_s3_dwh' retrieved from /opt/airflow/dags/oltp_s3_dwh.py
[2026-02-26T17:52:15.354+0000] {logging_mixin.py:188} INFO - [2026-02-26T17:52:15.353+0000] {dag.py:3089} INFO - Sync 1 DAGs
[2026-02-26T17:52:15.377+0000] {logging_mixin.py:188} INFO - [2026-02-26T17:52:15.376+0000] {dag.py:3947} INFO - Setting next_dagrun for oltp_s3_dwh to 2026-02-01 00:00:00+00:00, run_after=2026-03-01 00:00:00+00:00
[2026-02-26T17:52:15.404+0000] {processor.py:183} INFO - Processing /opt/airflow/dags/oltp_s3_dwh.py took 0.453 seconds
[2026-02-26T17:52:45.828+0000] {processor.py:161} INFO - Started process (PID=6561) to work on /opt/airflow/dags/oltp_s3_dwh.py
[2026-02-26T17:52:45.830+0000] {processor.py:830} INFO - Processing file /opt/airflow/dags/oltp_s3_dwh.py for tasks to queue
[2026-02-26T17:52:45.834+0000] {logging_mixin.py:188} INFO - [2026-02-26T17:52:45.833+0000] {dagbag.py:545} INFO - Filling up the DagBag from /opt/airflow/dags/oltp_s3_dwh.py
[2026-02-26T17:52:46.240+0000] {processor.py:840} INFO - DAG(s) 'oltp_s3_dwh' retrieved from /opt/airflow/dags/oltp_s3_dwh.py
[2026-02-26T17:52:46.278+0000] {logging_mixin.py:188} INFO - [2026-02-26T17:52:46.277+0000] {dag.py:3089} INFO - Sync 1 DAGs
[2026-02-26T17:52:46.308+0000] {logging_mixin.py:188} INFO - [2026-02-26T17:52:46.308+0000] {dag.py:3947} INFO - Setting next_dagrun for oltp_s3_dwh to 2026-02-01 00:00:00+00:00, run_after=2026-03-01 00:00:00+00:00
[2026-02-26T17:52:46.342+0000] {processor.py:183} INFO - Processing /opt/airflow/dags/oltp_s3_dwh.py took 0.524 seconds
[2026-02-26T17:53:16.743+0000] {processor.py:161} INFO - Started process (PID=6592) to work on /opt/airflow/dags/oltp_s3_dwh.py
[2026-02-26T17:53:16.744+0000] {processor.py:830} INFO - Processing file /opt/airflow/dags/oltp_s3_dwh.py for tasks to queue
[2026-02-26T17:53:16.746+0000] {logging_mixin.py:188} INFO - [2026-02-26T17:53:16.746+0000] {dagbag.py:545} INFO - Filling up the DagBag from /opt/airflow/dags/oltp_s3_dwh.py
[2026-02-26T17:53:17.070+0000] {processor.py:840} INFO - DAG(s) 'oltp_s3_dwh' retrieved from /opt/airflow/dags/oltp_s3_dwh.py
[2026-02-26T17:53:17.099+0000] {logging_mixin.py:188} INFO - [2026-02-26T17:53:17.098+0000] {dag.py:3089} INFO - Sync 1 DAGs
[2026-02-26T17:53:17.121+0000] {logging_mixin.py:188} INFO - [2026-02-26T17:53:17.121+0000] {dag.py:3947} INFO - Setting next_dagrun for oltp_s3_dwh to 2026-02-01 00:00:00+00:00, run_after=2026-03-01 00:00:00+00:00
[2026-02-26T17:53:17.144+0000] {processor.py:183} INFO - Processing /opt/airflow/dags/oltp_s3_dwh.py took 0.407 seconds
[2026-02-26T17:53:47.480+0000] {processor.py:161} INFO - Started process (PID=6618) to work on /opt/airflow/dags/oltp_s3_dwh.py
[2026-02-26T17:53:47.482+0000] {processor.py:830} INFO - Processing file /opt/airflow/dags/oltp_s3_dwh.py for tasks to queue
[2026-02-26T17:53:47.485+0000] {logging_mixin.py:188} INFO - [2026-02-26T17:53:47.484+0000] {dagbag.py:545} INFO - Filling up the DagBag from /opt/airflow/dags/oltp_s3_dwh.py
[2026-02-26T17:53:47.842+0000] {processor.py:840} INFO - DAG(s) 'oltp_s3_dwh' retrieved from /opt/airflow/dags/oltp_s3_dwh.py
[2026-02-26T17:53:47.881+0000] {logging_mixin.py:188} INFO - [2026-02-26T17:53:47.880+0000] {dag.py:3089} INFO - Sync 1 DAGs
[2026-02-26T17:53:47.915+0000] {logging_mixin.py:188} INFO - [2026-02-26T17:53:47.914+0000] {dag.py:3947} INFO - Setting next_dagrun for oltp_s3_dwh to 2026-02-01 00:00:00+00:00, run_after=2026-03-01 00:00:00+00:00
[2026-02-26T17:53:47.943+0000] {processor.py:183} INFO - Processing /opt/airflow/dags/oltp_s3_dwh.py took 0.471 seconds
[2026-02-26T17:54:18.357+0000] {processor.py:161} INFO - Started process (PID=6657) to work on /opt/airflow/dags/oltp_s3_dwh.py
[2026-02-26T17:54:18.358+0000] {processor.py:830} INFO - Processing file /opt/airflow/dags/oltp_s3_dwh.py for tasks to queue
[2026-02-26T17:54:18.361+0000] {logging_mixin.py:188} INFO - [2026-02-26T17:54:18.361+0000] {dagbag.py:545} INFO - Filling up the DagBag from /opt/airflow/dags/oltp_s3_dwh.py
[2026-02-26T17:54:18.733+0000] {processor.py:840} INFO - DAG(s) 'oltp_s3_dwh' retrieved from /opt/airflow/dags/oltp_s3_dwh.py
[2026-02-26T17:54:18.771+0000] {logging_mixin.py:188} INFO - [2026-02-26T17:54:18.770+0000] {dag.py:3089} INFO - Sync 1 DAGs
[2026-02-26T17:54:18.798+0000] {logging_mixin.py:188} INFO - [2026-02-26T17:54:18.798+0000] {dag.py:3947} INFO - Setting next_dagrun for oltp_s3_dwh to 2026-02-01 00:00:00+00:00, run_after=2026-03-01 00:00:00+00:00
[2026-02-26T17:54:18.829+0000] {processor.py:183} INFO - Processing /opt/airflow/dags/oltp_s3_dwh.py took 0.479 seconds
[2026-02-26T17:54:49.322+0000] {processor.py:161} INFO - Started process (PID=6683) to work on /opt/airflow/dags/oltp_s3_dwh.py
[2026-02-26T17:54:49.323+0000] {processor.py:830} INFO - Processing file /opt/airflow/dags/oltp_s3_dwh.py for tasks to queue
[2026-02-26T17:54:49.326+0000] {logging_mixin.py:188} INFO - [2026-02-26T17:54:49.325+0000] {dagbag.py:545} INFO - Filling up the DagBag from /opt/airflow/dags/oltp_s3_dwh.py
[2026-02-26T17:54:49.716+0000] {processor.py:840} INFO - DAG(s) 'oltp_s3_dwh' retrieved from /opt/airflow/dags/oltp_s3_dwh.py
[2026-02-26T17:54:49.751+0000] {logging_mixin.py:188} INFO - [2026-02-26T17:54:49.750+0000] {dag.py:3089} INFO - Sync 1 DAGs
[2026-02-26T17:54:49.775+0000] {logging_mixin.py:188} INFO - [2026-02-26T17:54:49.774+0000] {dag.py:3947} INFO - Setting next_dagrun for oltp_s3_dwh to 2026-02-01 00:00:00+00:00, run_after=2026-03-01 00:00:00+00:00
[2026-02-26T17:54:49.809+0000] {processor.py:183} INFO - Processing /opt/airflow/dags/oltp_s3_dwh.py took 0.496 seconds
[2026-02-26T17:55:20.175+0000] {processor.py:161} INFO - Started process (PID=6717) to work on /opt/airflow/dags/oltp_s3_dwh.py
[2026-02-26T17:55:20.178+0000] {processor.py:830} INFO - Processing file /opt/airflow/dags/oltp_s3_dwh.py for tasks to queue
[2026-02-26T17:55:20.183+0000] {logging_mixin.py:188} INFO - [2026-02-26T17:55:20.182+0000] {dagbag.py:545} INFO - Filling up the DagBag from /opt/airflow/dags/oltp_s3_dwh.py
[2026-02-26T17:55:20.511+0000] {processor.py:840} INFO - DAG(s) 'oltp_s3_dwh' retrieved from /opt/airflow/dags/oltp_s3_dwh.py
[2026-02-26T17:55:20.545+0000] {logging_mixin.py:188} INFO - [2026-02-26T17:55:20.544+0000] {dag.py:3089} INFO - Sync 1 DAGs
[2026-02-26T17:55:20.572+0000] {logging_mixin.py:188} INFO - [2026-02-26T17:55:20.572+0000] {dag.py:3947} INFO - Setting next_dagrun for oltp_s3_dwh to 2026-02-01 00:00:00+00:00, run_after=2026-03-01 00:00:00+00:00
[2026-02-26T17:55:20.603+0000] {processor.py:183} INFO - Processing /opt/airflow/dags/oltp_s3_dwh.py took 0.441 seconds
[2026-02-26T17:55:50.831+0000] {processor.py:161} INFO - Started process (PID=6931) to work on /opt/airflow/dags/oltp_s3_dwh.py
[2026-02-26T17:55:50.867+0000] {processor.py:830} INFO - Processing file /opt/airflow/dags/oltp_s3_dwh.py for tasks to queue
[2026-02-26T17:55:50.881+0000] {logging_mixin.py:188} INFO - [2026-02-26T17:55:50.881+0000] {dagbag.py:545} INFO - Filling up the DagBag from /opt/airflow/dags/oltp_s3_dwh.py
[2026-02-26T17:55:53.081+0000] {processor.py:840} INFO - DAG(s) 'oltp_s3_dwh' retrieved from /opt/airflow/dags/oltp_s3_dwh.py
[2026-02-26T17:55:53.350+0000] {logging_mixin.py:188} INFO - [2026-02-26T17:55:53.349+0000] {dag.py:3089} INFO - Sync 1 DAGs
[2026-02-26T17:55:53.753+0000] {processor.py:183} INFO - Processing /opt/airflow/dags/oltp_s3_dwh.py took 2.928 seconds
[2026-02-26T17:56:24.728+0000] {processor.py:161} INFO - Started process (PID=7339) to work on /opt/airflow/dags/oltp_s3_dwh.py
[2026-02-26T17:56:24.773+0000] {processor.py:830} INFO - Processing file /opt/airflow/dags/oltp_s3_dwh.py for tasks to queue
[2026-02-26T17:56:24.793+0000] {logging_mixin.py:188} INFO - [2026-02-26T17:56:24.784+0000] {dagbag.py:545} INFO - Filling up the DagBag from /opt/airflow/dags/oltp_s3_dwh.py
[2026-02-26T17:56:27.773+0000] {processor.py:840} INFO - DAG(s) 'oltp_s3_dwh' retrieved from /opt/airflow/dags/oltp_s3_dwh.py
[2026-02-26T17:56:27.898+0000] {logging_mixin.py:188} INFO - [2026-02-26T17:56:27.896+0000] {dag.py:3089} INFO - Sync 1 DAGs
[2026-02-26T17:56:28.301+0000] {processor.py:183} INFO - Processing /opt/airflow/dags/oltp_s3_dwh.py took 3.581 seconds
[2026-02-26T17:56:58.709+0000] {processor.py:161} INFO - Started process (PID=7500) to work on /opt/airflow/dags/oltp_s3_dwh.py
[2026-02-26T17:56:58.711+0000] {processor.py:830} INFO - Processing file /opt/airflow/dags/oltp_s3_dwh.py for tasks to queue
[2026-02-26T17:56:58.713+0000] {logging_mixin.py:188} INFO - [2026-02-26T17:56:58.713+0000] {dagbag.py:545} INFO - Filling up the DagBag from /opt/airflow/dags/oltp_s3_dwh.py
[2026-02-26T17:56:59.116+0000] {processor.py:840} INFO - DAG(s) 'oltp_s3_dwh' retrieved from /opt/airflow/dags/oltp_s3_dwh.py
[2026-02-26T17:56:59.155+0000] {logging_mixin.py:188} INFO - [2026-02-26T17:56:59.154+0000] {dag.py:3089} INFO - Sync 1 DAGs
[2026-02-26T17:56:59.183+0000] {logging_mixin.py:188} INFO - [2026-02-26T17:56:59.183+0000] {dag.py:3947} INFO - Setting next_dagrun for oltp_s3_dwh to 2026-02-01 00:00:00+00:00, run_after=2026-03-01 00:00:00+00:00
[2026-02-26T17:56:59.211+0000] {processor.py:183} INFO - Processing /opt/airflow/dags/oltp_s3_dwh.py took 0.509 seconds
[2026-02-26T17:57:29.359+0000] {processor.py:161} INFO - Started process (PID=7535) to work on /opt/airflow/dags/oltp_s3_dwh.py
[2026-02-26T17:57:29.361+0000] {processor.py:830} INFO - Processing file /opt/airflow/dags/oltp_s3_dwh.py for tasks to queue
[2026-02-26T17:57:29.364+0000] {logging_mixin.py:188} INFO - [2026-02-26T17:57:29.364+0000] {dagbag.py:545} INFO - Filling up the DagBag from /opt/airflow/dags/oltp_s3_dwh.py
[2026-02-26T17:57:29.870+0000] {processor.py:840} INFO - DAG(s) 'oltp_s3_dwh' retrieved from /opt/airflow/dags/oltp_s3_dwh.py
[2026-02-26T17:57:29.923+0000] {logging_mixin.py:188} INFO - [2026-02-26T17:57:29.922+0000] {dag.py:3089} INFO - Sync 1 DAGs
[2026-02-26T17:57:29.960+0000] {logging_mixin.py:188} INFO - [2026-02-26T17:57:29.960+0000] {dag.py:3947} INFO - Setting next_dagrun for oltp_s3_dwh to 2026-02-01 00:00:00+00:00, run_after=2026-03-01 00:00:00+00:00
[2026-02-26T17:57:29.998+0000] {processor.py:183} INFO - Processing /opt/airflow/dags/oltp_s3_dwh.py took 0.650 seconds
[2026-02-26T17:58:00.506+0000] {processor.py:161} INFO - Started process (PID=7561) to work on /opt/airflow/dags/oltp_s3_dwh.py
[2026-02-26T17:58:00.508+0000] {processor.py:830} INFO - Processing file /opt/airflow/dags/oltp_s3_dwh.py for tasks to queue
[2026-02-26T17:58:00.511+0000] {logging_mixin.py:188} INFO - [2026-02-26T17:58:00.510+0000] {dagbag.py:545} INFO - Filling up the DagBag from /opt/airflow/dags/oltp_s3_dwh.py
[2026-02-26T17:58:00.987+0000] {processor.py:840} INFO - DAG(s) 'oltp_s3_dwh' retrieved from /opt/airflow/dags/oltp_s3_dwh.py
[2026-02-26T17:58:01.054+0000] {logging_mixin.py:188} INFO - [2026-02-26T17:58:01.053+0000] {dag.py:3089} INFO - Sync 1 DAGs
[2026-02-26T17:58:01.131+0000] {logging_mixin.py:188} INFO - [2026-02-26T17:58:01.131+0000] {dag.py:3947} INFO - Setting next_dagrun for oltp_s3_dwh to 2026-02-01 00:00:00+00:00, run_after=2026-03-01 00:00:00+00:00
[2026-02-26T17:58:01.195+0000] {processor.py:183} INFO - Processing /opt/airflow/dags/oltp_s3_dwh.py took 0.697 seconds
[2026-02-26T17:58:31.637+0000] {processor.py:161} INFO - Started process (PID=7586) to work on /opt/airflow/dags/oltp_s3_dwh.py
[2026-02-26T17:58:31.640+0000] {processor.py:830} INFO - Processing file /opt/airflow/dags/oltp_s3_dwh.py for tasks to queue
[2026-02-26T17:58:31.644+0000] {logging_mixin.py:188} INFO - [2026-02-26T17:58:31.643+0000] {dagbag.py:545} INFO - Filling up the DagBag from /opt/airflow/dags/oltp_s3_dwh.py
[2026-02-26T17:58:32.094+0000] {processor.py:840} INFO - DAG(s) 'oltp_s3_dwh' retrieved from /opt/airflow/dags/oltp_s3_dwh.py
[2026-02-26T17:58:32.139+0000] {logging_mixin.py:188} INFO - [2026-02-26T17:58:32.138+0000] {dag.py:3089} INFO - Sync 1 DAGs
[2026-02-26T17:58:32.176+0000] {logging_mixin.py:188} INFO - [2026-02-26T17:58:32.176+0000] {dag.py:3947} INFO - Setting next_dagrun for oltp_s3_dwh to 2026-02-01 00:00:00+00:00, run_after=2026-03-01 00:00:00+00:00
[2026-02-26T17:58:32.214+0000] {processor.py:183} INFO - Processing /opt/airflow/dags/oltp_s3_dwh.py took 0.589 seconds
[2026-02-26T17:59:02.657+0000] {processor.py:161} INFO - Started process (PID=7612) to work on /opt/airflow/dags/oltp_s3_dwh.py
[2026-02-26T17:59:02.659+0000] {processor.py:830} INFO - Processing file /opt/airflow/dags/oltp_s3_dwh.py for tasks to queue
[2026-02-26T17:59:02.661+0000] {logging_mixin.py:188} INFO - [2026-02-26T17:59:02.661+0000] {dagbag.py:545} INFO - Filling up the DagBag from /opt/airflow/dags/oltp_s3_dwh.py
[2026-02-26T17:59:03.148+0000] {processor.py:840} INFO - DAG(s) 'oltp_s3_dwh' retrieved from /opt/airflow/dags/oltp_s3_dwh.py
[2026-02-26T17:59:03.189+0000] {logging_mixin.py:188} INFO - [2026-02-26T17:59:03.187+0000] {dag.py:3089} INFO - Sync 1 DAGs
[2026-02-26T17:59:03.220+0000] {logging_mixin.py:188} INFO - [2026-02-26T17:59:03.220+0000] {dag.py:3947} INFO - Setting next_dagrun for oltp_s3_dwh to 2026-02-01 00:00:00+00:00, run_after=2026-03-01 00:00:00+00:00
[2026-02-26T17:59:03.261+0000] {processor.py:183} INFO - Processing /opt/airflow/dags/oltp_s3_dwh.py took 0.611 seconds
[2026-02-26T17:59:33.717+0000] {processor.py:161} INFO - Started process (PID=7644) to work on /opt/airflow/dags/oltp_s3_dwh.py
[2026-02-26T17:59:33.720+0000] {processor.py:830} INFO - Processing file /opt/airflow/dags/oltp_s3_dwh.py for tasks to queue
[2026-02-26T17:59:33.724+0000] {logging_mixin.py:188} INFO - [2026-02-26T17:59:33.723+0000] {dagbag.py:545} INFO - Filling up the DagBag from /opt/airflow/dags/oltp_s3_dwh.py
[2026-02-26T17:59:34.144+0000] {processor.py:840} INFO - DAG(s) 'oltp_s3_dwh' retrieved from /opt/airflow/dags/oltp_s3_dwh.py
[2026-02-26T17:59:34.186+0000] {logging_mixin.py:188} INFO - [2026-02-26T17:59:34.185+0000] {dag.py:3089} INFO - Sync 1 DAGs
[2026-02-26T17:59:34.227+0000] {logging_mixin.py:188} INFO - [2026-02-26T17:59:34.226+0000] {dag.py:3947} INFO - Setting next_dagrun for oltp_s3_dwh to 2026-02-01 00:00:00+00:00, run_after=2026-03-01 00:00:00+00:00
[2026-02-26T17:59:34.333+0000] {processor.py:183} INFO - Processing /opt/airflow/dags/oltp_s3_dwh.py took 0.628 seconds
[2026-02-26T18:00:04.689+0000] {processor.py:161} INFO - Started process (PID=7670) to work on /opt/airflow/dags/oltp_s3_dwh.py
[2026-02-26T18:00:04.691+0000] {processor.py:830} INFO - Processing file /opt/airflow/dags/oltp_s3_dwh.py for tasks to queue
[2026-02-26T18:00:04.694+0000] {logging_mixin.py:188} INFO - [2026-02-26T18:00:04.694+0000] {dagbag.py:545} INFO - Filling up the DagBag from /opt/airflow/dags/oltp_s3_dwh.py
[2026-02-26T18:00:05.103+0000] {processor.py:840} INFO - DAG(s) 'oltp_s3_dwh' retrieved from /opt/airflow/dags/oltp_s3_dwh.py
[2026-02-26T18:00:05.146+0000] {logging_mixin.py:188} INFO - [2026-02-26T18:00:05.145+0000] {dag.py:3089} INFO - Sync 1 DAGs
[2026-02-26T18:00:05.173+0000] {logging_mixin.py:188} INFO - [2026-02-26T18:00:05.173+0000] {dag.py:3947} INFO - Setting next_dagrun for oltp_s3_dwh to 2026-02-01 00:00:00+00:00, run_after=2026-03-01 00:00:00+00:00
[2026-02-26T18:00:05.199+0000] {processor.py:183} INFO - Processing /opt/airflow/dags/oltp_s3_dwh.py took 0.518 seconds
[2026-02-26T18:00:35.602+0000] {processor.py:161} INFO - Started process (PID=7696) to work on /opt/airflow/dags/oltp_s3_dwh.py
[2026-02-26T18:00:35.604+0000] {processor.py:830} INFO - Processing file /opt/airflow/dags/oltp_s3_dwh.py for tasks to queue
[2026-02-26T18:00:35.606+0000] {logging_mixin.py:188} INFO - [2026-02-26T18:00:35.606+0000] {dagbag.py:545} INFO - Filling up the DagBag from /opt/airflow/dags/oltp_s3_dwh.py
[2026-02-26T18:00:36.036+0000] {processor.py:840} INFO - DAG(s) 'oltp_s3_dwh' retrieved from /opt/airflow/dags/oltp_s3_dwh.py
[2026-02-26T18:00:36.071+0000] {logging_mixin.py:188} INFO - [2026-02-26T18:00:36.070+0000] {dag.py:3089} INFO - Sync 1 DAGs
[2026-02-26T18:00:36.104+0000] {logging_mixin.py:188} INFO - [2026-02-26T18:00:36.104+0000] {dag.py:3947} INFO - Setting next_dagrun for oltp_s3_dwh to 2026-02-01 00:00:00+00:00, run_after=2026-03-01 00:00:00+00:00
[2026-02-26T18:00:36.139+0000] {processor.py:183} INFO - Processing /opt/airflow/dags/oltp_s3_dwh.py took 0.544 seconds
[2026-02-26T18:01:06.634+0000] {processor.py:161} INFO - Started process (PID=7731) to work on /opt/airflow/dags/oltp_s3_dwh.py
[2026-02-26T18:01:06.635+0000] {processor.py:830} INFO - Processing file /opt/airflow/dags/oltp_s3_dwh.py for tasks to queue
[2026-02-26T18:01:06.638+0000] {logging_mixin.py:188} INFO - [2026-02-26T18:01:06.638+0000] {dagbag.py:545} INFO - Filling up the DagBag from /opt/airflow/dags/oltp_s3_dwh.py
[2026-02-26T18:01:06.999+0000] {processor.py:840} INFO - DAG(s) 'oltp_s3_dwh' retrieved from /opt/airflow/dags/oltp_s3_dwh.py
[2026-02-26T18:01:07.028+0000] {logging_mixin.py:188} INFO - [2026-02-26T18:01:07.028+0000] {dag.py:3089} INFO - Sync 1 DAGs
[2026-02-26T18:01:07.052+0000] {logging_mixin.py:188} INFO - [2026-02-26T18:01:07.052+0000] {dag.py:3947} INFO - Setting next_dagrun for oltp_s3_dwh to 2026-02-01 00:00:00+00:00, run_after=2026-03-01 00:00:00+00:00
[2026-02-26T18:01:07.080+0000] {processor.py:183} INFO - Processing /opt/airflow/dags/oltp_s3_dwh.py took 0.452 seconds
[2026-02-26T18:01:37.479+0000] {processor.py:161} INFO - Started process (PID=7758) to work on /opt/airflow/dags/oltp_s3_dwh.py
[2026-02-26T18:01:37.481+0000] {processor.py:830} INFO - Processing file /opt/airflow/dags/oltp_s3_dwh.py for tasks to queue
[2026-02-26T18:01:37.485+0000] {logging_mixin.py:188} INFO - [2026-02-26T18:01:37.484+0000] {dagbag.py:545} INFO - Filling up the DagBag from /opt/airflow/dags/oltp_s3_dwh.py
[2026-02-26T18:01:37.836+0000] {processor.py:840} INFO - DAG(s) 'oltp_s3_dwh' retrieved from /opt/airflow/dags/oltp_s3_dwh.py
[2026-02-26T18:01:37.870+0000] {logging_mixin.py:188} INFO - [2026-02-26T18:01:37.870+0000] {dag.py:3089} INFO - Sync 1 DAGs
[2026-02-26T18:01:37.897+0000] {logging_mixin.py:188} INFO - [2026-02-26T18:01:37.896+0000] {dag.py:3947} INFO - Setting next_dagrun for oltp_s3_dwh to 2026-02-01 00:00:00+00:00, run_after=2026-03-01 00:00:00+00:00
[2026-02-26T18:01:37.923+0000] {processor.py:183} INFO - Processing /opt/airflow/dags/oltp_s3_dwh.py took 0.452 seconds
[2026-02-26T18:02:08.827+0000] {processor.py:161} INFO - Started process (PID=7791) to work on /opt/airflow/dags/oltp_s3_dwh.py
[2026-02-26T18:02:08.829+0000] {processor.py:830} INFO - Processing file /opt/airflow/dags/oltp_s3_dwh.py for tasks to queue
[2026-02-26T18:02:08.832+0000] {logging_mixin.py:188} INFO - [2026-02-26T18:02:08.831+0000] {dagbag.py:545} INFO - Filling up the DagBag from /opt/airflow/dags/oltp_s3_dwh.py
[2026-02-26T18:02:09.267+0000] {processor.py:840} INFO - DAG(s) 'oltp_s3_dwh' retrieved from /opt/airflow/dags/oltp_s3_dwh.py
[2026-02-26T18:02:09.317+0000] {logging_mixin.py:188} INFO - [2026-02-26T18:02:09.317+0000] {dag.py:3089} INFO - Sync 1 DAGs
[2026-02-26T18:02:09.351+0000] {logging_mixin.py:188} INFO - [2026-02-26T18:02:09.351+0000] {dag.py:3947} INFO - Setting next_dagrun for oltp_s3_dwh to 2026-02-01 00:00:00+00:00, run_after=2026-03-01 00:00:00+00:00
[2026-02-26T18:02:09.382+0000] {processor.py:183} INFO - Processing /opt/airflow/dags/oltp_s3_dwh.py took 0.564 seconds
[2026-02-26T18:02:39.755+0000] {processor.py:161} INFO - Started process (PID=7817) to work on /opt/airflow/dags/oltp_s3_dwh.py
[2026-02-26T18:02:39.757+0000] {processor.py:830} INFO - Processing file /opt/airflow/dags/oltp_s3_dwh.py for tasks to queue
[2026-02-26T18:02:39.760+0000] {logging_mixin.py:188} INFO - [2026-02-26T18:02:39.760+0000] {dagbag.py:545} INFO - Filling up the DagBag from /opt/airflow/dags/oltp_s3_dwh.py
[2026-02-26T18:02:40.119+0000] {processor.py:840} INFO - DAG(s) 'oltp_s3_dwh' retrieved from /opt/airflow/dags/oltp_s3_dwh.py
[2026-02-26T18:02:40.154+0000] {logging_mixin.py:188} INFO - [2026-02-26T18:02:40.153+0000] {dag.py:3089} INFO - Sync 1 DAGs
[2026-02-26T18:02:40.182+0000] {logging_mixin.py:188} INFO - [2026-02-26T18:02:40.182+0000] {dag.py:3947} INFO - Setting next_dagrun for oltp_s3_dwh to 2026-02-01 00:00:00+00:00, run_after=2026-03-01 00:00:00+00:00
[2026-02-26T18:02:40.209+0000] {processor.py:183} INFO - Processing /opt/airflow/dags/oltp_s3_dwh.py took 0.461 seconds
[2026-02-26T18:03:10.775+0000] {processor.py:161} INFO - Started process (PID=7842) to work on /opt/airflow/dags/oltp_s3_dwh.py
[2026-02-26T18:03:10.777+0000] {processor.py:830} INFO - Processing file /opt/airflow/dags/oltp_s3_dwh.py for tasks to queue
[2026-02-26T18:03:10.781+0000] {logging_mixin.py:188} INFO - [2026-02-26T18:03:10.781+0000] {dagbag.py:545} INFO - Filling up the DagBag from /opt/airflow/dags/oltp_s3_dwh.py
[2026-02-26T18:03:11.309+0000] {processor.py:840} INFO - DAG(s) 'oltp_s3_dwh' retrieved from /opt/airflow/dags/oltp_s3_dwh.py
[2026-02-26T18:03:11.376+0000] {logging_mixin.py:188} INFO - [2026-02-26T18:03:11.375+0000] {dag.py:3089} INFO - Sync 1 DAGs
[2026-02-26T18:03:11.405+0000] {logging_mixin.py:188} INFO - [2026-02-26T18:03:11.405+0000] {dag.py:3947} INFO - Setting next_dagrun for oltp_s3_dwh to 2026-02-01 00:00:00+00:00, run_after=2026-03-01 00:00:00+00:00
[2026-02-26T18:03:11.431+0000] {processor.py:183} INFO - Processing /opt/airflow/dags/oltp_s3_dwh.py took 0.667 seconds
[2026-02-26T18:03:42.207+0000] {processor.py:161} INFO - Started process (PID=7875) to work on /opt/airflow/dags/oltp_s3_dwh.py
[2026-02-26T18:03:42.208+0000] {processor.py:830} INFO - Processing file /opt/airflow/dags/oltp_s3_dwh.py for tasks to queue
[2026-02-26T18:03:42.211+0000] {logging_mixin.py:188} INFO - [2026-02-26T18:03:42.211+0000] {dagbag.py:545} INFO - Filling up the DagBag from /opt/airflow/dags/oltp_s3_dwh.py
[2026-02-26T18:03:42.575+0000] {processor.py:840} INFO - DAG(s) 'oltp_s3_dwh' retrieved from /opt/airflow/dags/oltp_s3_dwh.py
[2026-02-26T18:03:42.613+0000] {logging_mixin.py:188} INFO - [2026-02-26T18:03:42.612+0000] {dag.py:3089} INFO - Sync 1 DAGs
[2026-02-26T18:03:42.639+0000] {logging_mixin.py:188} INFO - [2026-02-26T18:03:42.639+0000] {dag.py:3947} INFO - Setting next_dagrun for oltp_s3_dwh to 2026-02-01 00:00:00+00:00, run_after=2026-03-01 00:00:00+00:00
[2026-02-26T18:03:42.661+0000] {processor.py:183} INFO - Processing /opt/airflow/dags/oltp_s3_dwh.py took 0.462 seconds
[2026-02-26T18:04:13.150+0000] {processor.py:161} INFO - Started process (PID=7901) to work on /opt/airflow/dags/oltp_s3_dwh.py
[2026-02-26T18:04:13.152+0000] {processor.py:830} INFO - Processing file /opt/airflow/dags/oltp_s3_dwh.py for tasks to queue
[2026-02-26T18:04:13.211+0000] {logging_mixin.py:188} INFO - [2026-02-26T18:04:13.210+0000] {dagbag.py:545} INFO - Filling up the DagBag from /opt/airflow/dags/oltp_s3_dwh.py
[2026-02-26T18:04:13.735+0000] {processor.py:840} INFO - DAG(s) 'oltp_s3_dwh' retrieved from /opt/airflow/dags/oltp_s3_dwh.py
[2026-02-26T18:04:13.784+0000] {logging_mixin.py:188} INFO - [2026-02-26T18:04:13.783+0000] {dag.py:3089} INFO - Sync 1 DAGs
[2026-02-26T18:04:13.811+0000] {logging_mixin.py:188} INFO - [2026-02-26T18:04:13.811+0000] {dag.py:3947} INFO - Setting next_dagrun for oltp_s3_dwh to 2026-02-01 00:00:00+00:00, run_after=2026-03-01 00:00:00+00:00
[2026-02-26T18:04:13.837+0000] {processor.py:183} INFO - Processing /opt/airflow/dags/oltp_s3_dwh.py took 0.699 seconds
[2026-02-26T18:04:44.242+0000] {processor.py:161} INFO - Started process (PID=7935) to work on /opt/airflow/dags/oltp_s3_dwh.py
[2026-02-26T18:04:44.244+0000] {processor.py:830} INFO - Processing file /opt/airflow/dags/oltp_s3_dwh.py for tasks to queue
[2026-02-26T18:04:44.247+0000] {logging_mixin.py:188} INFO - [2026-02-26T18:04:44.246+0000] {dagbag.py:545} INFO - Filling up the DagBag from /opt/airflow/dags/oltp_s3_dwh.py
[2026-02-26T18:04:44.719+0000] {processor.py:840} INFO - DAG(s) 'oltp_s3_dwh' retrieved from /opt/airflow/dags/oltp_s3_dwh.py
[2026-02-26T18:04:44.766+0000] {logging_mixin.py:188} INFO - [2026-02-26T18:04:44.765+0000] {dag.py:3089} INFO - Sync 1 DAGs
[2026-02-26T18:04:44.824+0000] {logging_mixin.py:188} INFO - [2026-02-26T18:04:44.824+0000] {dag.py:3947} INFO - Setting next_dagrun for oltp_s3_dwh to 2026-02-01 00:00:00+00:00, run_after=2026-03-01 00:00:00+00:00
[2026-02-26T18:04:44.879+0000] {processor.py:183} INFO - Processing /opt/airflow/dags/oltp_s3_dwh.py took 0.645 seconds
[2026-02-26T18:05:14.935+0000] {processor.py:161} INFO - Started process (PID=7961) to work on /opt/airflow/dags/oltp_s3_dwh.py
[2026-02-26T18:05:14.936+0000] {processor.py:830} INFO - Processing file /opt/airflow/dags/oltp_s3_dwh.py for tasks to queue
[2026-02-26T18:05:14.939+0000] {logging_mixin.py:188} INFO - [2026-02-26T18:05:14.938+0000] {dagbag.py:545} INFO - Filling up the DagBag from /opt/airflow/dags/oltp_s3_dwh.py
[2026-02-26T18:05:15.245+0000] {processor.py:840} INFO - DAG(s) 'oltp_s3_dwh' retrieved from /opt/airflow/dags/oltp_s3_dwh.py
[2026-02-26T18:05:15.273+0000] {logging_mixin.py:188} INFO - [2026-02-26T18:05:15.272+0000] {dag.py:3089} INFO - Sync 1 DAGs
[2026-02-26T18:05:15.294+0000] {logging_mixin.py:188} INFO - [2026-02-26T18:05:15.294+0000] {dag.py:3947} INFO - Setting next_dagrun for oltp_s3_dwh to 2026-02-01 00:00:00+00:00, run_after=2026-03-01 00:00:00+00:00
[2026-02-26T18:05:15.314+0000] {processor.py:183} INFO - Processing /opt/airflow/dags/oltp_s3_dwh.py took 0.384 seconds
[2026-02-26T18:05:45.668+0000] {processor.py:161} INFO - Started process (PID=7986) to work on /opt/airflow/dags/oltp_s3_dwh.py
[2026-02-26T18:05:45.670+0000] {processor.py:830} INFO - Processing file /opt/airflow/dags/oltp_s3_dwh.py for tasks to queue
[2026-02-26T18:05:45.674+0000] {logging_mixin.py:188} INFO - [2026-02-26T18:05:45.673+0000] {dagbag.py:545} INFO - Filling up the DagBag from /opt/airflow/dags/oltp_s3_dwh.py
[2026-02-26T18:05:46.010+0000] {processor.py:840} INFO - DAG(s) 'oltp_s3_dwh' retrieved from /opt/airflow/dags/oltp_s3_dwh.py
[2026-02-26T18:05:46.044+0000] {logging_mixin.py:188} INFO - [2026-02-26T18:05:46.043+0000] {dag.py:3089} INFO - Sync 1 DAGs
[2026-02-26T18:05:46.074+0000] {logging_mixin.py:188} INFO - [2026-02-26T18:05:46.073+0000] {dag.py:3947} INFO - Setting next_dagrun for oltp_s3_dwh to 2026-02-01 00:00:00+00:00, run_after=2026-03-01 00:00:00+00:00
[2026-02-26T18:05:46.104+0000] {processor.py:183} INFO - Processing /opt/airflow/dags/oltp_s3_dwh.py took 0.442 seconds
[2026-02-26T18:06:16.413+0000] {processor.py:161} INFO - Started process (PID=8018) to work on /opt/airflow/dags/oltp_s3_dwh.py
[2026-02-26T18:06:16.415+0000] {processor.py:830} INFO - Processing file /opt/airflow/dags/oltp_s3_dwh.py for tasks to queue
[2026-02-26T18:06:16.417+0000] {logging_mixin.py:188} INFO - [2026-02-26T18:06:16.417+0000] {dagbag.py:545} INFO - Filling up the DagBag from /opt/airflow/dags/oltp_s3_dwh.py
[2026-02-26T18:06:16.732+0000] {processor.py:840} INFO - DAG(s) 'oltp_s3_dwh' retrieved from /opt/airflow/dags/oltp_s3_dwh.py
[2026-02-26T18:06:16.762+0000] {logging_mixin.py:188} INFO - [2026-02-26T18:06:16.761+0000] {dag.py:3089} INFO - Sync 1 DAGs
[2026-02-26T18:06:16.789+0000] {logging_mixin.py:188} INFO - [2026-02-26T18:06:16.789+0000] {dag.py:3947} INFO - Setting next_dagrun for oltp_s3_dwh to 2026-02-01 00:00:00+00:00, run_after=2026-03-01 00:00:00+00:00
[2026-02-26T18:06:16.812+0000] {processor.py:183} INFO - Processing /opt/airflow/dags/oltp_s3_dwh.py took 0.405 seconds
[2026-02-26T18:06:47.112+0000] {processor.py:161} INFO - Started process (PID=8044) to work on /opt/airflow/dags/oltp_s3_dwh.py
[2026-02-26T18:06:47.114+0000] {processor.py:830} INFO - Processing file /opt/airflow/dags/oltp_s3_dwh.py for tasks to queue
[2026-02-26T18:06:47.116+0000] {logging_mixin.py:188} INFO - [2026-02-26T18:06:47.116+0000] {dagbag.py:545} INFO - Filling up the DagBag from /opt/airflow/dags/oltp_s3_dwh.py
[2026-02-26T18:06:47.527+0000] {processor.py:840} INFO - DAG(s) 'oltp_s3_dwh' retrieved from /opt/airflow/dags/oltp_s3_dwh.py
[2026-02-26T18:06:47.575+0000] {logging_mixin.py:188} INFO - [2026-02-26T18:06:47.574+0000] {dag.py:3089} INFO - Sync 1 DAGs
[2026-02-26T18:06:47.611+0000] {logging_mixin.py:188} INFO - [2026-02-26T18:06:47.611+0000] {dag.py:3947} INFO - Setting next_dagrun for oltp_s3_dwh to 2026-02-01 00:00:00+00:00, run_after=2026-03-01 00:00:00+00:00
[2026-02-26T18:06:47.652+0000] {processor.py:183} INFO - Processing /opt/airflow/dags/oltp_s3_dwh.py took 0.546 seconds
[2026-02-26T18:07:17.803+0000] {processor.py:161} INFO - Started process (PID=8077) to work on /opt/airflow/dags/oltp_s3_dwh.py
[2026-02-26T18:07:17.805+0000] {processor.py:830} INFO - Processing file /opt/airflow/dags/oltp_s3_dwh.py for tasks to queue
[2026-02-26T18:07:17.807+0000] {logging_mixin.py:188} INFO - [2026-02-26T18:07:17.806+0000] {dagbag.py:545} INFO - Filling up the DagBag from /opt/airflow/dags/oltp_s3_dwh.py
[2026-02-26T18:07:18.117+0000] {processor.py:840} INFO - DAG(s) 'oltp_s3_dwh' retrieved from /opt/airflow/dags/oltp_s3_dwh.py
[2026-02-26T18:07:18.148+0000] {logging_mixin.py:188} INFO - [2026-02-26T18:07:18.147+0000] {dag.py:3089} INFO - Sync 1 DAGs
[2026-02-26T18:07:18.171+0000] {logging_mixin.py:188} INFO - [2026-02-26T18:07:18.170+0000] {dag.py:3947} INFO - Setting next_dagrun for oltp_s3_dwh to 2026-02-01 00:00:00+00:00, run_after=2026-03-01 00:00:00+00:00
[2026-02-26T18:07:18.192+0000] {processor.py:183} INFO - Processing /opt/airflow/dags/oltp_s3_dwh.py took 0.394 seconds
[2026-02-26T18:07:48.487+0000] {processor.py:161} INFO - Started process (PID=8102) to work on /opt/airflow/dags/oltp_s3_dwh.py
[2026-02-26T18:07:48.489+0000] {processor.py:830} INFO - Processing file /opt/airflow/dags/oltp_s3_dwh.py for tasks to queue
[2026-02-26T18:07:48.491+0000] {logging_mixin.py:188} INFO - [2026-02-26T18:07:48.491+0000] {dagbag.py:545} INFO - Filling up the DagBag from /opt/airflow/dags/oltp_s3_dwh.py
[2026-02-26T18:07:48.813+0000] {processor.py:840} INFO - DAG(s) 'oltp_s3_dwh' retrieved from /opt/airflow/dags/oltp_s3_dwh.py
[2026-02-26T18:07:48.841+0000] {logging_mixin.py:188} INFO - [2026-02-26T18:07:48.841+0000] {dag.py:3089} INFO - Sync 1 DAGs
[2026-02-26T18:07:48.865+0000] {logging_mixin.py:188} INFO - [2026-02-26T18:07:48.865+0000] {dag.py:3947} INFO - Setting next_dagrun for oltp_s3_dwh to 2026-02-01 00:00:00+00:00, run_after=2026-03-01 00:00:00+00:00
[2026-02-26T18:07:48.887+0000] {processor.py:183} INFO - Processing /opt/airflow/dags/oltp_s3_dwh.py took 0.406 seconds
[2026-02-26T18:08:19.274+0000] {processor.py:161} INFO - Started process (PID=8135) to work on /opt/airflow/dags/oltp_s3_dwh.py
[2026-02-26T18:08:19.276+0000] {processor.py:830} INFO - Processing file /opt/airflow/dags/oltp_s3_dwh.py for tasks to queue
[2026-02-26T18:08:19.279+0000] {logging_mixin.py:188} INFO - [2026-02-26T18:08:19.279+0000] {dagbag.py:545} INFO - Filling up the DagBag from /opt/airflow/dags/oltp_s3_dwh.py
[2026-02-26T18:08:19.648+0000] {processor.py:840} INFO - DAG(s) 'oltp_s3_dwh' retrieved from /opt/airflow/dags/oltp_s3_dwh.py
[2026-02-26T18:08:19.690+0000] {logging_mixin.py:188} INFO - [2026-02-26T18:08:19.690+0000] {dag.py:3089} INFO - Sync 1 DAGs
[2026-02-26T18:08:19.717+0000] {logging_mixin.py:188} INFO - [2026-02-26T18:08:19.717+0000] {dag.py:3947} INFO - Setting next_dagrun for oltp_s3_dwh to 2026-02-01 00:00:00+00:00, run_after=2026-03-01 00:00:00+00:00
[2026-02-26T18:08:19.748+0000] {processor.py:183} INFO - Processing /opt/airflow/dags/oltp_s3_dwh.py took 0.481 seconds
[2026-02-26T18:08:50.060+0000] {processor.py:161} INFO - Started process (PID=8162) to work on /opt/airflow/dags/oltp_s3_dwh.py
[2026-02-26T18:08:50.061+0000] {processor.py:830} INFO - Processing file /opt/airflow/dags/oltp_s3_dwh.py for tasks to queue
[2026-02-26T18:08:50.063+0000] {logging_mixin.py:188} INFO - [2026-02-26T18:08:50.063+0000] {dagbag.py:545} INFO - Filling up the DagBag from /opt/airflow/dags/oltp_s3_dwh.py
[2026-02-26T18:08:50.367+0000] {processor.py:840} INFO - DAG(s) 'oltp_s3_dwh' retrieved from /opt/airflow/dags/oltp_s3_dwh.py
[2026-02-26T18:08:50.396+0000] {logging_mixin.py:188} INFO - [2026-02-26T18:08:50.395+0000] {dag.py:3089} INFO - Sync 1 DAGs
[2026-02-26T18:08:50.418+0000] {logging_mixin.py:188} INFO - [2026-02-26T18:08:50.417+0000] {dag.py:3947} INFO - Setting next_dagrun for oltp_s3_dwh to 2026-02-01 00:00:00+00:00, run_after=2026-03-01 00:00:00+00:00
[2026-02-26T18:08:50.440+0000] {processor.py:183} INFO - Processing /opt/airflow/dags/oltp_s3_dwh.py took 0.386 seconds
[2026-02-26T18:09:20.808+0000] {processor.py:161} INFO - Started process (PID=8196) to work on /opt/airflow/dags/oltp_s3_dwh.py
[2026-02-26T18:09:20.810+0000] {processor.py:830} INFO - Processing file /opt/airflow/dags/oltp_s3_dwh.py for tasks to queue
[2026-02-26T18:09:20.813+0000] {logging_mixin.py:188} INFO - [2026-02-26T18:09:20.812+0000] {dagbag.py:545} INFO - Filling up the DagBag from /opt/airflow/dags/oltp_s3_dwh.py
[2026-02-26T18:09:21.146+0000] {processor.py:840} INFO - DAG(s) 'oltp_s3_dwh' retrieved from /opt/airflow/dags/oltp_s3_dwh.py
[2026-02-26T18:09:21.182+0000] {logging_mixin.py:188} INFO - [2026-02-26T18:09:21.181+0000] {dag.py:3089} INFO - Sync 1 DAGs
[2026-02-26T18:09:21.208+0000] {logging_mixin.py:188} INFO - [2026-02-26T18:09:21.208+0000] {dag.py:3947} INFO - Setting next_dagrun for oltp_s3_dwh to 2026-02-01 00:00:00+00:00, run_after=2026-03-01 00:00:00+00:00
[2026-02-26T18:09:21.235+0000] {processor.py:183} INFO - Processing /opt/airflow/dags/oltp_s3_dwh.py took 0.434 seconds
[2026-02-26T18:09:51.530+0000] {processor.py:161} INFO - Started process (PID=8222) to work on /opt/airflow/dags/oltp_s3_dwh.py
[2026-02-26T18:09:51.533+0000] {processor.py:830} INFO - Processing file /opt/airflow/dags/oltp_s3_dwh.py for tasks to queue
[2026-02-26T18:09:51.536+0000] {logging_mixin.py:188} INFO - [2026-02-26T18:09:51.536+0000] {dagbag.py:545} INFO - Filling up the DagBag from /opt/airflow/dags/oltp_s3_dwh.py
[2026-02-26T18:09:51.886+0000] {processor.py:840} INFO - DAG(s) 'oltp_s3_dwh' retrieved from /opt/airflow/dags/oltp_s3_dwh.py
[2026-02-26T18:09:51.929+0000] {logging_mixin.py:188} INFO - [2026-02-26T18:09:51.928+0000] {dag.py:3089} INFO - Sync 1 DAGs
[2026-02-26T18:09:51.965+0000] {logging_mixin.py:188} INFO - [2026-02-26T18:09:51.965+0000] {dag.py:3947} INFO - Setting next_dagrun for oltp_s3_dwh to 2026-02-01 00:00:00+00:00, run_after=2026-03-01 00:00:00+00:00
[2026-02-26T18:09:51.998+0000] {processor.py:183} INFO - Processing /opt/airflow/dags/oltp_s3_dwh.py took 0.477 seconds
[2026-02-26T18:10:22.333+0000] {processor.py:161} INFO - Started process (PID=8248) to work on /opt/airflow/dags/oltp_s3_dwh.py
[2026-02-26T18:10:22.335+0000] {processor.py:830} INFO - Processing file /opt/airflow/dags/oltp_s3_dwh.py for tasks to queue
[2026-02-26T18:10:22.337+0000] {logging_mixin.py:188} INFO - [2026-02-26T18:10:22.337+0000] {dagbag.py:545} INFO - Filling up the DagBag from /opt/airflow/dags/oltp_s3_dwh.py
[2026-02-26T18:10:22.663+0000] {processor.py:840} INFO - DAG(s) 'oltp_s3_dwh' retrieved from /opt/airflow/dags/oltp_s3_dwh.py
[2026-02-26T18:10:22.694+0000] {logging_mixin.py:188} INFO - [2026-02-26T18:10:22.694+0000] {dag.py:3089} INFO - Sync 1 DAGs
[2026-02-26T18:10:22.716+0000] {logging_mixin.py:188} INFO - [2026-02-26T18:10:22.716+0000] {dag.py:3947} INFO - Setting next_dagrun for oltp_s3_dwh to 2026-02-01 00:00:00+00:00, run_after=2026-03-01 00:00:00+00:00
[2026-02-26T18:10:22.743+0000] {processor.py:183} INFO - Processing /opt/airflow/dags/oltp_s3_dwh.py took 0.419 seconds
[2026-02-26T18:10:52.823+0000] {processor.py:161} INFO - Started process (PID=8281) to work on /opt/airflow/dags/oltp_s3_dwh.py
[2026-02-26T18:10:52.824+0000] {processor.py:830} INFO - Processing file /opt/airflow/dags/oltp_s3_dwh.py for tasks to queue
[2026-02-26T18:10:52.827+0000] {logging_mixin.py:188} INFO - [2026-02-26T18:10:52.826+0000] {dagbag.py:545} INFO - Filling up the DagBag from /opt/airflow/dags/oltp_s3_dwh.py
[2026-02-26T18:10:53.154+0000] {processor.py:840} INFO - DAG(s) 'oltp_s3_dwh' retrieved from /opt/airflow/dags/oltp_s3_dwh.py
[2026-02-26T18:10:53.183+0000] {logging_mixin.py:188} INFO - [2026-02-26T18:10:53.182+0000] {dag.py:3089} INFO - Sync 1 DAGs
[2026-02-26T18:10:53.205+0000] {logging_mixin.py:188} INFO - [2026-02-26T18:10:53.204+0000] {dag.py:3947} INFO - Setting next_dagrun for oltp_s3_dwh to 2026-02-01 00:00:00+00:00, run_after=2026-03-01 00:00:00+00:00
[2026-02-26T18:10:53.223+0000] {processor.py:183} INFO - Processing /opt/airflow/dags/oltp_s3_dwh.py took 0.406 seconds
[2026-02-26T18:11:23.553+0000] {processor.py:161} INFO - Started process (PID=8307) to work on /opt/airflow/dags/oltp_s3_dwh.py
[2026-02-26T18:11:23.555+0000] {processor.py:830} INFO - Processing file /opt/airflow/dags/oltp_s3_dwh.py for tasks to queue
[2026-02-26T18:11:23.557+0000] {logging_mixin.py:188} INFO - [2026-02-26T18:11:23.557+0000] {dagbag.py:545} INFO - Filling up the DagBag from /opt/airflow/dags/oltp_s3_dwh.py
[2026-02-26T18:11:23.909+0000] {processor.py:840} INFO - DAG(s) 'oltp_s3_dwh' retrieved from /opt/airflow/dags/oltp_s3_dwh.py
[2026-02-26T18:11:23.940+0000] {logging_mixin.py:188} INFO - [2026-02-26T18:11:23.940+0000] {dag.py:3089} INFO - Sync 1 DAGs
[2026-02-26T18:11:23.965+0000] {logging_mixin.py:188} INFO - [2026-02-26T18:11:23.965+0000] {dag.py:3947} INFO - Setting next_dagrun for oltp_s3_dwh to 2026-02-01 00:00:00+00:00, run_after=2026-03-01 00:00:00+00:00
[2026-02-26T18:11:23.991+0000] {processor.py:183} INFO - Processing /opt/airflow/dags/oltp_s3_dwh.py took 0.445 seconds
[2026-02-26T18:11:54.272+0000] {processor.py:161} INFO - Started process (PID=8340) to work on /opt/airflow/dags/oltp_s3_dwh.py
[2026-02-26T18:11:54.273+0000] {processor.py:830} INFO - Processing file /opt/airflow/dags/oltp_s3_dwh.py for tasks to queue
[2026-02-26T18:11:54.275+0000] {logging_mixin.py:188} INFO - [2026-02-26T18:11:54.275+0000] {dagbag.py:545} INFO - Filling up the DagBag from /opt/airflow/dags/oltp_s3_dwh.py
[2026-02-26T18:11:54.608+0000] {processor.py:840} INFO - DAG(s) 'oltp_s3_dwh' retrieved from /opt/airflow/dags/oltp_s3_dwh.py
[2026-02-26T18:11:54.640+0000] {logging_mixin.py:188} INFO - [2026-02-26T18:11:54.639+0000] {dag.py:3089} INFO - Sync 1 DAGs
[2026-02-26T18:11:54.663+0000] {logging_mixin.py:188} INFO - [2026-02-26T18:11:54.663+0000] {dag.py:3947} INFO - Setting next_dagrun for oltp_s3_dwh to 2026-02-01 00:00:00+00:00, run_after=2026-03-01 00:00:00+00:00
[2026-02-26T18:11:54.685+0000] {processor.py:183} INFO - Processing /opt/airflow/dags/oltp_s3_dwh.py took 0.420 seconds
[2026-02-26T18:12:24.943+0000] {processor.py:161} INFO - Started process (PID=8366) to work on /opt/airflow/dags/oltp_s3_dwh.py
[2026-02-26T18:12:24.947+0000] {processor.py:830} INFO - Processing file /opt/airflow/dags/oltp_s3_dwh.py for tasks to queue
[2026-02-26T18:12:24.953+0000] {logging_mixin.py:188} INFO - [2026-02-26T18:12:24.952+0000] {dagbag.py:545} INFO - Filling up the DagBag from /opt/airflow/dags/oltp_s3_dwh.py
[2026-02-26T18:12:25.270+0000] {processor.py:840} INFO - DAG(s) 'oltp_s3_dwh' retrieved from /opt/airflow/dags/oltp_s3_dwh.py
[2026-02-26T18:12:25.299+0000] {logging_mixin.py:188} INFO - [2026-02-26T18:12:25.298+0000] {dag.py:3089} INFO - Sync 1 DAGs
[2026-02-26T18:12:25.320+0000] {logging_mixin.py:188} INFO - [2026-02-26T18:12:25.320+0000] {dag.py:3947} INFO - Setting next_dagrun for oltp_s3_dwh to 2026-02-01 00:00:00+00:00, run_after=2026-03-01 00:00:00+00:00
[2026-02-26T18:12:25.340+0000] {processor.py:183} INFO - Processing /opt/airflow/dags/oltp_s3_dwh.py took 0.419 seconds
[2026-02-26T18:12:55.703+0000] {processor.py:161} INFO - Started process (PID=8399) to work on /opt/airflow/dags/oltp_s3_dwh.py
[2026-02-26T18:12:55.704+0000] {processor.py:830} INFO - Processing file /opt/airflow/dags/oltp_s3_dwh.py for tasks to queue
[2026-02-26T18:12:55.706+0000] {logging_mixin.py:188} INFO - [2026-02-26T18:12:55.705+0000] {dagbag.py:545} INFO - Filling up the DagBag from /opt/airflow/dags/oltp_s3_dwh.py
[2026-02-26T18:12:56.037+0000] {processor.py:840} INFO - DAG(s) 'oltp_s3_dwh' retrieved from /opt/airflow/dags/oltp_s3_dwh.py
[2026-02-26T18:12:56.066+0000] {logging_mixin.py:188} INFO - [2026-02-26T18:12:56.066+0000] {dag.py:3089} INFO - Sync 1 DAGs
[2026-02-26T18:12:56.089+0000] {logging_mixin.py:188} INFO - [2026-02-26T18:12:56.089+0000] {dag.py:3947} INFO - Setting next_dagrun for oltp_s3_dwh to 2026-02-01 00:00:00+00:00, run_after=2026-03-01 00:00:00+00:00
[2026-02-26T18:12:56.112+0000] {processor.py:183} INFO - Processing /opt/airflow/dags/oltp_s3_dwh.py took 0.418 seconds
[2026-02-26T18:13:26.439+0000] {processor.py:161} INFO - Started process (PID=8425) to work on /opt/airflow/dags/oltp_s3_dwh.py
[2026-02-26T18:13:26.441+0000] {processor.py:830} INFO - Processing file /opt/airflow/dags/oltp_s3_dwh.py for tasks to queue
[2026-02-26T18:13:26.443+0000] {logging_mixin.py:188} INFO - [2026-02-26T18:13:26.443+0000] {dagbag.py:545} INFO - Filling up the DagBag from /opt/airflow/dags/oltp_s3_dwh.py
[2026-02-26T18:13:26.747+0000] {processor.py:840} INFO - DAG(s) 'oltp_s3_dwh' retrieved from /opt/airflow/dags/oltp_s3_dwh.py
[2026-02-26T18:13:26.778+0000] {logging_mixin.py:188} INFO - [2026-02-26T18:13:26.777+0000] {dag.py:3089} INFO - Sync 1 DAGs
[2026-02-26T18:13:26.800+0000] {logging_mixin.py:188} INFO - [2026-02-26T18:13:26.799+0000] {dag.py:3947} INFO - Setting next_dagrun for oltp_s3_dwh to 2026-02-01 00:00:00+00:00, run_after=2026-03-01 00:00:00+00:00
[2026-02-26T18:13:26.820+0000] {processor.py:183} INFO - Processing /opt/airflow/dags/oltp_s3_dwh.py took 0.387 seconds
[2026-02-26T18:13:57.088+0000] {processor.py:161} INFO - Started process (PID=8458) to work on /opt/airflow/dags/oltp_s3_dwh.py
[2026-02-26T18:13:57.089+0000] {processor.py:830} INFO - Processing file /opt/airflow/dags/oltp_s3_dwh.py for tasks to queue
[2026-02-26T18:13:57.092+0000] {logging_mixin.py:188} INFO - [2026-02-26T18:13:57.091+0000] {dagbag.py:545} INFO - Filling up the DagBag from /opt/airflow/dags/oltp_s3_dwh.py
[2026-02-26T18:13:57.399+0000] {processor.py:840} INFO - DAG(s) 'oltp_s3_dwh' retrieved from /opt/airflow/dags/oltp_s3_dwh.py
[2026-02-26T18:13:57.429+0000] {logging_mixin.py:188} INFO - [2026-02-26T18:13:57.428+0000] {dag.py:3089} INFO - Sync 1 DAGs
[2026-02-26T18:13:57.451+0000] {logging_mixin.py:188} INFO - [2026-02-26T18:13:57.451+0000] {dag.py:3947} INFO - Setting next_dagrun for oltp_s3_dwh to 2026-02-01 00:00:00+00:00, run_after=2026-03-01 00:00:00+00:00
[2026-02-26T18:13:57.470+0000] {processor.py:183} INFO - Processing /opt/airflow/dags/oltp_s3_dwh.py took 0.389 seconds
[2026-02-26T18:14:27.779+0000] {processor.py:161} INFO - Started process (PID=8484) to work on /opt/airflow/dags/oltp_s3_dwh.py
[2026-02-26T18:14:27.781+0000] {processor.py:830} INFO - Processing file /opt/airflow/dags/oltp_s3_dwh.py for tasks to queue
[2026-02-26T18:14:27.784+0000] {logging_mixin.py:188} INFO - [2026-02-26T18:14:27.783+0000] {dagbag.py:545} INFO - Filling up the DagBag from /opt/airflow/dags/oltp_s3_dwh.py
[2026-02-26T18:14:28.147+0000] {processor.py:840} INFO - DAG(s) 'oltp_s3_dwh' retrieved from /opt/airflow/dags/oltp_s3_dwh.py
[2026-02-26T18:14:28.184+0000] {logging_mixin.py:188} INFO - [2026-02-26T18:14:28.183+0000] {dag.py:3089} INFO - Sync 1 DAGs
[2026-02-26T18:14:28.208+0000] {logging_mixin.py:188} INFO - [2026-02-26T18:14:28.208+0000] {dag.py:3947} INFO - Setting next_dagrun for oltp_s3_dwh to 2026-02-01 00:00:00+00:00, run_after=2026-03-01 00:00:00+00:00
[2026-02-26T18:14:28.233+0000] {processor.py:183} INFO - Processing /opt/airflow/dags/oltp_s3_dwh.py took 0.463 seconds
[2026-02-26T18:14:59.005+0000] {processor.py:161} INFO - Started process (PID=8518) to work on /opt/airflow/dags/oltp_s3_dwh.py
[2026-02-26T18:14:59.007+0000] {processor.py:830} INFO - Processing file /opt/airflow/dags/oltp_s3_dwh.py for tasks to queue
[2026-02-26T18:14:59.010+0000] {logging_mixin.py:188} INFO - [2026-02-26T18:14:59.009+0000] {dagbag.py:545} INFO - Filling up the DagBag from /opt/airflow/dags/oltp_s3_dwh.py
[2026-02-26T18:14:59.359+0000] {processor.py:840} INFO - DAG(s) 'oltp_s3_dwh' retrieved from /opt/airflow/dags/oltp_s3_dwh.py
[2026-02-26T18:14:59.395+0000] {logging_mixin.py:188} INFO - [2026-02-26T18:14:59.394+0000] {dag.py:3089} INFO - Sync 1 DAGs
[2026-02-26T18:14:59.421+0000] {logging_mixin.py:188} INFO - [2026-02-26T18:14:59.421+0000] {dag.py:3947} INFO - Setting next_dagrun for oltp_s3_dwh to 2026-02-01 00:00:00+00:00, run_after=2026-03-01 00:00:00+00:00
[2026-02-26T18:14:59.450+0000] {processor.py:183} INFO - Processing /opt/airflow/dags/oltp_s3_dwh.py took 0.452 seconds
[2026-02-26T18:15:29.781+0000] {processor.py:161} INFO - Started process (PID=8544) to work on /opt/airflow/dags/oltp_s3_dwh.py
[2026-02-26T18:15:29.783+0000] {processor.py:830} INFO - Processing file /opt/airflow/dags/oltp_s3_dwh.py for tasks to queue
[2026-02-26T18:15:29.787+0000] {logging_mixin.py:188} INFO - [2026-02-26T18:15:29.786+0000] {dagbag.py:545} INFO - Filling up the DagBag from /opt/airflow/dags/oltp_s3_dwh.py
[2026-02-26T18:15:30.122+0000] {processor.py:840} INFO - DAG(s) 'oltp_s3_dwh' retrieved from /opt/airflow/dags/oltp_s3_dwh.py
[2026-02-26T18:15:30.158+0000] {logging_mixin.py:188} INFO - [2026-02-26T18:15:30.157+0000] {dag.py:3089} INFO - Sync 1 DAGs
[2026-02-26T18:15:30.185+0000] {logging_mixin.py:188} INFO - [2026-02-26T18:15:30.185+0000] {dag.py:3947} INFO - Setting next_dagrun for oltp_s3_dwh to 2026-02-01 00:00:00+00:00, run_after=2026-03-01 00:00:00+00:00
[2026-02-26T18:15:30.218+0000] {processor.py:183} INFO - Processing /opt/airflow/dags/oltp_s3_dwh.py took 0.443 seconds
[2026-02-26T18:16:00.481+0000] {processor.py:161} INFO - Started process (PID=8577) to work on /opt/airflow/dags/oltp_s3_dwh.py
[2026-02-26T18:16:00.483+0000] {processor.py:830} INFO - Processing file /opt/airflow/dags/oltp_s3_dwh.py for tasks to queue
[2026-02-26T18:16:00.486+0000] {logging_mixin.py:188} INFO - [2026-02-26T18:16:00.485+0000] {dagbag.py:545} INFO - Filling up the DagBag from /opt/airflow/dags/oltp_s3_dwh.py
[2026-02-26T18:16:00.815+0000] {processor.py:840} INFO - DAG(s) 'oltp_s3_dwh' retrieved from /opt/airflow/dags/oltp_s3_dwh.py
[2026-02-26T18:16:00.850+0000] {logging_mixin.py:188} INFO - [2026-02-26T18:16:00.850+0000] {dag.py:3089} INFO - Sync 1 DAGs
[2026-02-26T18:16:00.878+0000] {logging_mixin.py:188} INFO - [2026-02-26T18:16:00.877+0000] {dag.py:3947} INFO - Setting next_dagrun for oltp_s3_dwh to 2026-02-01 00:00:00+00:00, run_after=2026-03-01 00:00:00+00:00
[2026-02-26T18:16:00.909+0000] {processor.py:183} INFO - Processing /opt/airflow/dags/oltp_s3_dwh.py took 0.435 seconds
[2026-02-26T18:16:31.185+0000] {processor.py:161} INFO - Started process (PID=8602) to work on /opt/airflow/dags/oltp_s3_dwh.py
[2026-02-26T18:16:31.187+0000] {processor.py:830} INFO - Processing file /opt/airflow/dags/oltp_s3_dwh.py for tasks to queue
[2026-02-26T18:16:31.190+0000] {logging_mixin.py:188} INFO - [2026-02-26T18:16:31.190+0000] {dagbag.py:545} INFO - Filling up the DagBag from /opt/airflow/dags/oltp_s3_dwh.py
[2026-02-26T18:16:31.532+0000] {processor.py:840} INFO - DAG(s) 'oltp_s3_dwh' retrieved from /opt/airflow/dags/oltp_s3_dwh.py
[2026-02-26T18:16:31.567+0000] {logging_mixin.py:188} INFO - [2026-02-26T18:16:31.567+0000] {dag.py:3089} INFO - Sync 1 DAGs
[2026-02-26T18:16:31.593+0000] {logging_mixin.py:188} INFO - [2026-02-26T18:16:31.593+0000] {dag.py:3947} INFO - Setting next_dagrun for oltp_s3_dwh to 2026-02-01 00:00:00+00:00, run_after=2026-03-01 00:00:00+00:00
[2026-02-26T18:16:31.623+0000] {processor.py:183} INFO - Processing /opt/airflow/dags/oltp_s3_dwh.py took 0.445 seconds
[2026-02-26T18:17:01.941+0000] {processor.py:161} INFO - Started process (PID=8628) to work on /opt/airflow/dags/oltp_s3_dwh.py
[2026-02-26T18:17:01.942+0000] {processor.py:830} INFO - Processing file /opt/airflow/dags/oltp_s3_dwh.py for tasks to queue
[2026-02-26T18:17:01.944+0000] {logging_mixin.py:188} INFO - [2026-02-26T18:17:01.943+0000] {dagbag.py:545} INFO - Filling up the DagBag from /opt/airflow/dags/oltp_s3_dwh.py
[2026-02-26T18:17:02.311+0000] {processor.py:840} INFO - DAG(s) 'oltp_s3_dwh' retrieved from /opt/airflow/dags/oltp_s3_dwh.py
[2026-02-26T18:17:02.351+0000] {logging_mixin.py:188} INFO - [2026-02-26T18:17:02.351+0000] {dag.py:3089} INFO - Sync 1 DAGs
[2026-02-26T18:17:02.382+0000] {logging_mixin.py:188} INFO - [2026-02-26T18:17:02.382+0000] {dag.py:3947} INFO - Setting next_dagrun for oltp_s3_dwh to 2026-02-01 00:00:00+00:00, run_after=2026-03-01 00:00:00+00:00
[2026-02-26T18:17:02.412+0000] {processor.py:183} INFO - Processing /opt/airflow/dags/oltp_s3_dwh.py took 0.477 seconds
[2026-02-26T18:17:32.856+0000] {processor.py:161} INFO - Started process (PID=8662) to work on /opt/airflow/dags/oltp_s3_dwh.py
[2026-02-26T18:17:32.857+0000] {processor.py:830} INFO - Processing file /opt/airflow/dags/oltp_s3_dwh.py for tasks to queue
[2026-02-26T18:17:32.859+0000] {logging_mixin.py:188} INFO - [2026-02-26T18:17:32.859+0000] {dagbag.py:545} INFO - Filling up the DagBag from /opt/airflow/dags/oltp_s3_dwh.py
[2026-02-26T18:17:33.205+0000] {processor.py:840} INFO - DAG(s) 'oltp_s3_dwh' retrieved from /opt/airflow/dags/oltp_s3_dwh.py
[2026-02-26T18:17:33.237+0000] {logging_mixin.py:188} INFO - [2026-02-26T18:17:33.236+0000] {dag.py:3089} INFO - Sync 1 DAGs
[2026-02-26T18:17:33.262+0000] {logging_mixin.py:188} INFO - [2026-02-26T18:17:33.261+0000] {dag.py:3947} INFO - Setting next_dagrun for oltp_s3_dwh to 2026-02-01 00:00:00+00:00, run_after=2026-03-01 00:00:00+00:00
[2026-02-26T18:17:33.296+0000] {processor.py:183} INFO - Processing /opt/airflow/dags/oltp_s3_dwh.py took 0.447 seconds
[2026-02-26T18:18:03.690+0000] {processor.py:161} INFO - Started process (PID=8688) to work on /opt/airflow/dags/oltp_s3_dwh.py
[2026-02-26T18:18:03.692+0000] {processor.py:830} INFO - Processing file /opt/airflow/dags/oltp_s3_dwh.py for tasks to queue
[2026-02-26T18:18:03.694+0000] {logging_mixin.py:188} INFO - [2026-02-26T18:18:03.694+0000] {dagbag.py:545} INFO - Filling up the DagBag from /opt/airflow/dags/oltp_s3_dwh.py
[2026-02-26T18:18:04.136+0000] {processor.py:840} INFO - DAG(s) 'oltp_s3_dwh' retrieved from /opt/airflow/dags/oltp_s3_dwh.py
[2026-02-26T18:18:04.178+0000] {logging_mixin.py:188} INFO - [2026-02-26T18:18:04.177+0000] {dag.py:3089} INFO - Sync 1 DAGs
[2026-02-26T18:18:04.212+0000] {logging_mixin.py:188} INFO - [2026-02-26T18:18:04.211+0000] {dag.py:3947} INFO - Setting next_dagrun for oltp_s3_dwh to 2026-02-01 00:00:00+00:00, run_after=2026-03-01 00:00:00+00:00
[2026-02-26T18:18:04.247+0000] {processor.py:183} INFO - Processing /opt/airflow/dags/oltp_s3_dwh.py took 0.563 seconds
[2026-02-26T18:18:34.384+0000] {processor.py:161} INFO - Started process (PID=8721) to work on /opt/airflow/dags/oltp_s3_dwh.py
[2026-02-26T18:18:34.386+0000] {processor.py:830} INFO - Processing file /opt/airflow/dags/oltp_s3_dwh.py for tasks to queue
[2026-02-26T18:18:34.390+0000] {logging_mixin.py:188} INFO - [2026-02-26T18:18:34.389+0000] {dagbag.py:545} INFO - Filling up the DagBag from /opt/airflow/dags/oltp_s3_dwh.py
[2026-02-26T18:18:34.786+0000] {processor.py:840} INFO - DAG(s) 'oltp_s3_dwh' retrieved from /opt/airflow/dags/oltp_s3_dwh.py
[2026-02-26T18:18:34.847+0000] {logging_mixin.py:188} INFO - [2026-02-26T18:18:34.846+0000] {dag.py:3089} INFO - Sync 1 DAGs
[2026-02-26T18:18:34.874+0000] {logging_mixin.py:188} INFO - [2026-02-26T18:18:34.874+0000] {dag.py:3947} INFO - Setting next_dagrun for oltp_s3_dwh to 2026-02-01 00:00:00+00:00, run_after=2026-03-01 00:00:00+00:00
[2026-02-26T18:18:34.907+0000] {processor.py:183} INFO - Processing /opt/airflow/dags/oltp_s3_dwh.py took 0.531 seconds
[2026-02-26T18:19:05.237+0000] {processor.py:161} INFO - Started process (PID=8747) to work on /opt/airflow/dags/oltp_s3_dwh.py
[2026-02-26T18:19:05.239+0000] {processor.py:830} INFO - Processing file /opt/airflow/dags/oltp_s3_dwh.py for tasks to queue
[2026-02-26T18:19:05.242+0000] {logging_mixin.py:188} INFO - [2026-02-26T18:19:05.242+0000] {dagbag.py:545} INFO - Filling up the DagBag from /opt/airflow/dags/oltp_s3_dwh.py
[2026-02-26T18:19:05.614+0000] {processor.py:840} INFO - DAG(s) 'oltp_s3_dwh' retrieved from /opt/airflow/dags/oltp_s3_dwh.py
[2026-02-26T18:19:05.664+0000] {logging_mixin.py:188} INFO - [2026-02-26T18:19:05.663+0000] {dag.py:3089} INFO - Sync 1 DAGs
[2026-02-26T18:19:05.700+0000] {logging_mixin.py:188} INFO - [2026-02-26T18:19:05.700+0000] {dag.py:3947} INFO - Setting next_dagrun for oltp_s3_dwh to 2026-02-01 00:00:00+00:00, run_after=2026-03-01 00:00:00+00:00
[2026-02-26T18:19:05.743+0000] {processor.py:183} INFO - Processing /opt/airflow/dags/oltp_s3_dwh.py took 0.515 seconds
[2026-02-26T18:19:36.230+0000] {processor.py:161} INFO - Started process (PID=8773) to work on /opt/airflow/dags/oltp_s3_dwh.py
[2026-02-26T18:19:36.232+0000] {processor.py:830} INFO - Processing file /opt/airflow/dags/oltp_s3_dwh.py for tasks to queue
[2026-02-26T18:19:36.236+0000] {logging_mixin.py:188} INFO - [2026-02-26T18:19:36.235+0000] {dagbag.py:545} INFO - Filling up the DagBag from /opt/airflow/dags/oltp_s3_dwh.py
[2026-02-26T18:19:35.647+0000] {processor.py:840} INFO - DAG(s) 'oltp_s3_dwh' retrieved from /opt/airflow/dags/oltp_s3_dwh.py
[2026-02-26T18:19:35.684+0000] {logging_mixin.py:188} INFO - [2026-02-26T18:19:35.683+0000] {dag.py:3089} INFO - Sync 1 DAGs
[2026-02-26T18:19:35.712+0000] {logging_mixin.py:188} INFO - [2026-02-26T18:19:35.712+0000] {dag.py:3947} INFO - Setting next_dagrun for oltp_s3_dwh to 2026-02-01 00:00:00+00:00, run_after=2026-03-01 00:00:00+00:00
[2026-02-26T18:19:35.747+0000] {processor.py:183} INFO - Processing /opt/airflow/dags/oltp_s3_dwh.py took 0.551 seconds
[2026-02-26T18:20:06.571+0000] {processor.py:161} INFO - Started process (PID=8806) to work on /opt/airflow/dags/oltp_s3_dwh.py
[2026-02-26T18:20:06.573+0000] {processor.py:830} INFO - Processing file /opt/airflow/dags/oltp_s3_dwh.py for tasks to queue
[2026-02-26T18:20:06.577+0000] {logging_mixin.py:188} INFO - [2026-02-26T18:20:06.576+0000] {dagbag.py:545} INFO - Filling up the DagBag from /opt/airflow/dags/oltp_s3_dwh.py
[2026-02-26T18:20:06.966+0000] {processor.py:840} INFO - DAG(s) 'oltp_s3_dwh' retrieved from /opt/airflow/dags/oltp_s3_dwh.py
[2026-02-26T18:20:07.002+0000] {logging_mixin.py:188} INFO - [2026-02-26T18:20:07.001+0000] {dag.py:3089} INFO - Sync 1 DAGs
[2026-02-26T18:20:07.034+0000] {logging_mixin.py:188} INFO - [2026-02-26T18:20:07.033+0000] {dag.py:3947} INFO - Setting next_dagrun for oltp_s3_dwh to 2026-02-01 00:00:00+00:00, run_after=2026-03-01 00:00:00+00:00
[2026-02-26T18:20:07.062+0000] {processor.py:183} INFO - Processing /opt/airflow/dags/oltp_s3_dwh.py took 0.499 seconds
[2026-02-26T18:20:37.477+0000] {processor.py:161} INFO - Started process (PID=8832) to work on /opt/airflow/dags/oltp_s3_dwh.py
[2026-02-26T18:20:37.479+0000] {processor.py:830} INFO - Processing file /opt/airflow/dags/oltp_s3_dwh.py for tasks to queue
[2026-02-26T18:20:37.485+0000] {logging_mixin.py:188} INFO - [2026-02-26T18:20:37.484+0000] {dagbag.py:545} INFO - Filling up the DagBag from /opt/airflow/dags/oltp_s3_dwh.py
[2026-02-26T18:20:37.853+0000] {processor.py:840} INFO - DAG(s) 'oltp_s3_dwh' retrieved from /opt/airflow/dags/oltp_s3_dwh.py
[2026-02-26T18:20:37.886+0000] {logging_mixin.py:188} INFO - [2026-02-26T18:20:37.886+0000] {dag.py:3089} INFO - Sync 1 DAGs
[2026-02-26T18:20:37.909+0000] {logging_mixin.py:188} INFO - [2026-02-26T18:20:37.908+0000] {dag.py:3947} INFO - Setting next_dagrun for oltp_s3_dwh to 2026-02-01 00:00:00+00:00, run_after=2026-03-01 00:00:00+00:00
[2026-02-26T18:20:37.938+0000] {processor.py:183} INFO - Processing /opt/airflow/dags/oltp_s3_dwh.py took 0.467 seconds
[2026-02-26T18:21:08.720+0000] {processor.py:161} INFO - Started process (PID=8864) to work on /opt/airflow/dags/oltp_s3_dwh.py
[2026-02-26T18:21:08.729+0000] {processor.py:830} INFO - Processing file /opt/airflow/dags/oltp_s3_dwh.py for tasks to queue
[2026-02-26T18:21:08.744+0000] {logging_mixin.py:188} INFO - [2026-02-26T18:21:08.743+0000] {dagbag.py:545} INFO - Filling up the DagBag from /opt/airflow/dags/oltp_s3_dwh.py
[2026-02-26T18:21:09.141+0000] {processor.py:840} INFO - DAG(s) 'oltp_s3_dwh' retrieved from /opt/airflow/dags/oltp_s3_dwh.py
[2026-02-26T18:21:09.196+0000] {logging_mixin.py:188} INFO - [2026-02-26T18:21:09.195+0000] {dag.py:3089} INFO - Sync 1 DAGs
[2026-02-26T18:21:09.235+0000] {logging_mixin.py:188} INFO - [2026-02-26T18:21:09.235+0000] {dag.py:3947} INFO - Setting next_dagrun for oltp_s3_dwh to 2026-02-01 00:00:00+00:00, run_after=2026-03-01 00:00:00+00:00
[2026-02-26T18:21:09.266+0000] {processor.py:183} INFO - Processing /opt/airflow/dags/oltp_s3_dwh.py took 0.555 seconds
[2026-02-26T18:21:40.300+0000] {processor.py:161} INFO - Started process (PID=8890) to work on /opt/airflow/dags/oltp_s3_dwh.py
[2026-02-26T18:21:40.302+0000] {processor.py:830} INFO - Processing file /opt/airflow/dags/oltp_s3_dwh.py for tasks to queue
[2026-02-26T18:21:40.307+0000] {logging_mixin.py:188} INFO - [2026-02-26T18:21:40.306+0000] {dagbag.py:545} INFO - Filling up the DagBag from /opt/airflow/dags/oltp_s3_dwh.py
[2026-02-26T18:21:40.847+0000] {processor.py:840} INFO - DAG(s) 'oltp_s3_dwh' retrieved from /opt/airflow/dags/oltp_s3_dwh.py
[2026-02-26T18:21:40.898+0000] {logging_mixin.py:188} INFO - [2026-02-26T18:21:40.897+0000] {dag.py:3089} INFO - Sync 1 DAGs
[2026-02-26T18:21:40.934+0000] {logging_mixin.py:188} INFO - [2026-02-26T18:21:40.933+0000] {dag.py:3947} INFO - Setting next_dagrun for oltp_s3_dwh to 2026-02-01 00:00:00+00:00, run_after=2026-03-01 00:00:00+00:00
[2026-02-26T18:21:40.985+0000] {processor.py:183} INFO - Processing /opt/airflow/dags/oltp_s3_dwh.py took 0.693 seconds
[2026-02-26T18:22:11.271+0000] {processor.py:161} INFO - Started process (PID=8916) to work on /opt/airflow/dags/oltp_s3_dwh.py
[2026-02-26T18:22:11.274+0000] {processor.py:830} INFO - Processing file /opt/airflow/dags/oltp_s3_dwh.py for tasks to queue
[2026-02-26T18:22:11.280+0000] {logging_mixin.py:188} INFO - [2026-02-26T18:22:11.279+0000] {dagbag.py:545} INFO - Filling up the DagBag from /opt/airflow/dags/oltp_s3_dwh.py
[2026-02-26T18:22:11.719+0000] {processor.py:840} INFO - DAG(s) 'oltp_s3_dwh' retrieved from /opt/airflow/dags/oltp_s3_dwh.py
[2026-02-26T18:22:11.754+0000] {logging_mixin.py:188} INFO - [2026-02-26T18:22:11.754+0000] {dag.py:3089} INFO - Sync 1 DAGs
[2026-02-26T18:22:11.779+0000] {logging_mixin.py:188} INFO - [2026-02-26T18:22:11.778+0000] {dag.py:3947} INFO - Setting next_dagrun for oltp_s3_dwh to 2026-02-01 00:00:00+00:00, run_after=2026-03-01 00:00:00+00:00
[2026-02-26T18:22:11.808+0000] {processor.py:183} INFO - Processing /opt/airflow/dags/oltp_s3_dwh.py took 0.546 seconds
[2026-02-26T18:22:42.230+0000] {processor.py:161} INFO - Started process (PID=8949) to work on /opt/airflow/dags/oltp_s3_dwh.py
[2026-02-26T18:22:42.232+0000] {processor.py:830} INFO - Processing file /opt/airflow/dags/oltp_s3_dwh.py for tasks to queue
[2026-02-26T18:22:42.238+0000] {logging_mixin.py:188} INFO - [2026-02-26T18:22:42.238+0000] {dagbag.py:545} INFO - Filling up the DagBag from /opt/airflow/dags/oltp_s3_dwh.py
[2026-02-26T18:22:42.836+0000] {processor.py:840} INFO - DAG(s) 'oltp_s3_dwh' retrieved from /opt/airflow/dags/oltp_s3_dwh.py
[2026-02-26T18:22:42.882+0000] {logging_mixin.py:188} INFO - [2026-02-26T18:22:42.881+0000] {dag.py:3089} INFO - Sync 1 DAGs
[2026-02-26T18:22:42.913+0000] {logging_mixin.py:188} INFO - [2026-02-26T18:22:42.912+0000] {dag.py:3947} INFO - Setting next_dagrun for oltp_s3_dwh to 2026-02-01 00:00:00+00:00, run_after=2026-03-01 00:00:00+00:00
[2026-02-26T18:22:42.942+0000] {processor.py:183} INFO - Processing /opt/airflow/dags/oltp_s3_dwh.py took 0.732 seconds
[2026-02-26T18:23:13.334+0000] {processor.py:161} INFO - Started process (PID=8975) to work on /opt/airflow/dags/oltp_s3_dwh.py
[2026-02-26T18:23:13.336+0000] {processor.py:830} INFO - Processing file /opt/airflow/dags/oltp_s3_dwh.py for tasks to queue
[2026-02-26T18:23:13.339+0000] {logging_mixin.py:188} INFO - [2026-02-26T18:23:13.338+0000] {dagbag.py:545} INFO - Filling up the DagBag from /opt/airflow/dags/oltp_s3_dwh.py
[2026-02-26T18:23:13.746+0000] {processor.py:840} INFO - DAG(s) 'oltp_s3_dwh' retrieved from /opt/airflow/dags/oltp_s3_dwh.py
[2026-02-26T18:23:13.789+0000] {logging_mixin.py:188} INFO - [2026-02-26T18:23:13.788+0000] {dag.py:3089} INFO - Sync 1 DAGs
[2026-02-26T18:23:13.820+0000] {logging_mixin.py:188} INFO - [2026-02-26T18:23:13.819+0000] {dag.py:3947} INFO - Setting next_dagrun for oltp_s3_dwh to 2026-02-01 00:00:00+00:00, run_after=2026-03-01 00:00:00+00:00
[2026-02-26T18:23:13.847+0000] {processor.py:183} INFO - Processing /opt/airflow/dags/oltp_s3_dwh.py took 0.522 seconds
[2026-02-26T18:23:44.252+0000] {processor.py:161} INFO - Started process (PID=9000) to work on /opt/airflow/dags/oltp_s3_dwh.py
[2026-02-26T18:23:44.254+0000] {processor.py:830} INFO - Processing file /opt/airflow/dags/oltp_s3_dwh.py for tasks to queue
[2026-02-26T18:23:44.256+0000] {logging_mixin.py:188} INFO - [2026-02-26T18:23:44.256+0000] {dagbag.py:545} INFO - Filling up the DagBag from /opt/airflow/dags/oltp_s3_dwh.py
[2026-02-26T18:23:44.685+0000] {processor.py:840} INFO - DAG(s) 'oltp_s3_dwh' retrieved from /opt/airflow/dags/oltp_s3_dwh.py
[2026-02-26T18:23:44.723+0000] {logging_mixin.py:188} INFO - [2026-02-26T18:23:44.722+0000] {dag.py:3089} INFO - Sync 1 DAGs
[2026-02-26T18:23:44.753+0000] {logging_mixin.py:188} INFO - [2026-02-26T18:23:44.753+0000] {dag.py:3947} INFO - Setting next_dagrun for oltp_s3_dwh to 2026-02-01 00:00:00+00:00, run_after=2026-03-01 00:00:00+00:00
[2026-02-26T18:23:44.788+0000] {processor.py:183} INFO - Processing /opt/airflow/dags/oltp_s3_dwh.py took 0.543 seconds
[2026-02-26T18:24:15.116+0000] {processor.py:161} INFO - Started process (PID=9033) to work on /opt/airflow/dags/oltp_s3_dwh.py
[2026-02-26T18:24:15.117+0000] {processor.py:830} INFO - Processing file /opt/airflow/dags/oltp_s3_dwh.py for tasks to queue
[2026-02-26T18:24:15.120+0000] {logging_mixin.py:188} INFO - [2026-02-26T18:24:15.120+0000] {dagbag.py:545} INFO - Filling up the DagBag from /opt/airflow/dags/oltp_s3_dwh.py
[2026-02-26T18:24:15.552+0000] {processor.py:840} INFO - DAG(s) 'oltp_s3_dwh' retrieved from /opt/airflow/dags/oltp_s3_dwh.py
[2026-02-26T18:24:15.589+0000] {logging_mixin.py:188} INFO - [2026-02-26T18:24:15.588+0000] {dag.py:3089} INFO - Sync 1 DAGs
[2026-02-26T18:24:15.621+0000] {logging_mixin.py:188} INFO - [2026-02-26T18:24:15.621+0000] {dag.py:3947} INFO - Setting next_dagrun for oltp_s3_dwh to 2026-02-01 00:00:00+00:00, run_after=2026-03-01 00:00:00+00:00
[2026-02-26T18:24:15.652+0000] {processor.py:183} INFO - Processing /opt/airflow/dags/oltp_s3_dwh.py took 0.545 seconds
[2026-02-26T18:24:45.993+0000] {processor.py:161} INFO - Started process (PID=9058) to work on /opt/airflow/dags/oltp_s3_dwh.py
[2026-02-26T18:24:45.995+0000] {processor.py:830} INFO - Processing file /opt/airflow/dags/oltp_s3_dwh.py for tasks to queue
[2026-02-26T18:24:45.997+0000] {logging_mixin.py:188} INFO - [2026-02-26T18:24:45.997+0000] {dagbag.py:545} INFO - Filling up the DagBag from /opt/airflow/dags/oltp_s3_dwh.py
[2026-02-26T18:24:46.360+0000] {processor.py:840} INFO - DAG(s) 'oltp_s3_dwh' retrieved from /opt/airflow/dags/oltp_s3_dwh.py
[2026-02-26T18:24:46.398+0000] {logging_mixin.py:188} INFO - [2026-02-26T18:24:46.397+0000] {dag.py:3089} INFO - Sync 1 DAGs
[2026-02-26T18:24:46.424+0000] {logging_mixin.py:188} INFO - [2026-02-26T18:24:46.424+0000] {dag.py:3947} INFO - Setting next_dagrun for oltp_s3_dwh to 2026-02-01 00:00:00+00:00, run_after=2026-03-01 00:00:00+00:00
[2026-02-26T18:24:46.450+0000] {processor.py:183} INFO - Processing /opt/airflow/dags/oltp_s3_dwh.py took 0.466 seconds
[2026-02-26T18:25:16.854+0000] {processor.py:161} INFO - Started process (PID=9084) to work on /opt/airflow/dags/oltp_s3_dwh.py
[2026-02-26T18:25:16.856+0000] {processor.py:830} INFO - Processing file /opt/airflow/dags/oltp_s3_dwh.py for tasks to queue
[2026-02-26T18:25:16.859+0000] {logging_mixin.py:188} INFO - [2026-02-26T18:25:16.858+0000] {dagbag.py:545} INFO - Filling up the DagBag from /opt/airflow/dags/oltp_s3_dwh.py
[2026-02-26T18:25:17.243+0000] {processor.py:840} INFO - DAG(s) 'oltp_s3_dwh' retrieved from /opt/airflow/dags/oltp_s3_dwh.py
[2026-02-26T18:25:17.290+0000] {logging_mixin.py:188} INFO - [2026-02-26T18:25:17.289+0000] {dag.py:3089} INFO - Sync 1 DAGs
[2026-02-26T18:25:17.318+0000] {logging_mixin.py:188} INFO - [2026-02-26T18:25:17.318+0000] {dag.py:3947} INFO - Setting next_dagrun for oltp_s3_dwh to 2026-02-01 00:00:00+00:00, run_after=2026-03-01 00:00:00+00:00
[2026-02-26T18:25:17.347+0000] {processor.py:183} INFO - Processing /opt/airflow/dags/oltp_s3_dwh.py took 0.499 seconds
[2026-02-26T18:25:48.153+0000] {processor.py:161} INFO - Started process (PID=9117) to work on /opt/airflow/dags/oltp_s3_dwh.py
[2026-02-26T18:25:48.154+0000] {processor.py:830} INFO - Processing file /opt/airflow/dags/oltp_s3_dwh.py for tasks to queue
[2026-02-26T18:25:48.158+0000] {logging_mixin.py:188} INFO - [2026-02-26T18:25:48.157+0000] {dagbag.py:545} INFO - Filling up the DagBag from /opt/airflow/dags/oltp_s3_dwh.py
[2026-02-26T18:25:48.543+0000] {processor.py:840} INFO - DAG(s) 'oltp_s3_dwh' retrieved from /opt/airflow/dags/oltp_s3_dwh.py
[2026-02-26T18:25:48.581+0000] {logging_mixin.py:188} INFO - [2026-02-26T18:25:48.581+0000] {dag.py:3089} INFO - Sync 1 DAGs
[2026-02-26T18:25:48.609+0000] {logging_mixin.py:188} INFO - [2026-02-26T18:25:48.609+0000] {dag.py:3947} INFO - Setting next_dagrun for oltp_s3_dwh to 2026-02-01 00:00:00+00:00, run_after=2026-03-01 00:00:00+00:00
[2026-02-26T18:25:48.643+0000] {processor.py:183} INFO - Processing /opt/airflow/dags/oltp_s3_dwh.py took 0.500 seconds
[2026-02-26T18:26:18.972+0000] {processor.py:161} INFO - Started process (PID=9143) to work on /opt/airflow/dags/oltp_s3_dwh.py
[2026-02-26T18:26:18.974+0000] {processor.py:830} INFO - Processing file /opt/airflow/dags/oltp_s3_dwh.py for tasks to queue
[2026-02-26T18:26:18.976+0000] {logging_mixin.py:188} INFO - [2026-02-26T18:26:18.976+0000] {dagbag.py:545} INFO - Filling up the DagBag from /opt/airflow/dags/oltp_s3_dwh.py
[2026-02-26T18:26:19.371+0000] {processor.py:840} INFO - DAG(s) 'oltp_s3_dwh' retrieved from /opt/airflow/dags/oltp_s3_dwh.py
[2026-02-26T18:26:19.410+0000] {logging_mixin.py:188} INFO - [2026-02-26T18:26:19.409+0000] {dag.py:3089} INFO - Sync 1 DAGs
[2026-02-26T18:26:19.444+0000] {logging_mixin.py:188} INFO - [2026-02-26T18:26:19.444+0000] {dag.py:3947} INFO - Setting next_dagrun for oltp_s3_dwh to 2026-02-01 00:00:00+00:00, run_after=2026-03-01 00:00:00+00:00
[2026-02-26T18:26:19.473+0000] {processor.py:183} INFO - Processing /opt/airflow/dags/oltp_s3_dwh.py took 0.508 seconds
[2026-02-26T18:26:49.819+0000] {processor.py:161} INFO - Started process (PID=9169) to work on /opt/airflow/dags/oltp_s3_dwh.py
[2026-02-26T18:26:49.821+0000] {processor.py:830} INFO - Processing file /opt/airflow/dags/oltp_s3_dwh.py for tasks to queue
[2026-02-26T18:26:49.824+0000] {logging_mixin.py:188} INFO - [2026-02-26T18:26:49.824+0000] {dagbag.py:545} INFO - Filling up the DagBag from /opt/airflow/dags/oltp_s3_dwh.py
[2026-02-26T18:26:50.208+0000] {processor.py:840} INFO - DAG(s) 'oltp_s3_dwh' retrieved from /opt/airflow/dags/oltp_s3_dwh.py
[2026-02-26T18:26:50.251+0000] {logging_mixin.py:188} INFO - [2026-02-26T18:26:50.250+0000] {dag.py:3089} INFO - Sync 1 DAGs
[2026-02-26T18:26:50.276+0000] {logging_mixin.py:188} INFO - [2026-02-26T18:26:50.276+0000] {dag.py:3947} INFO - Setting next_dagrun for oltp_s3_dwh to 2026-02-01 00:00:00+00:00, run_after=2026-03-01 00:00:00+00:00
[2026-02-26T18:26:50.306+0000] {processor.py:183} INFO - Processing /opt/airflow/dags/oltp_s3_dwh.py took 0.494 seconds
[2026-02-26T18:27:20.827+0000] {processor.py:161} INFO - Started process (PID=9202) to work on /opt/airflow/dags/oltp_s3_dwh.py
[2026-02-26T18:27:20.828+0000] {processor.py:830} INFO - Processing file /opt/airflow/dags/oltp_s3_dwh.py for tasks to queue
[2026-02-26T18:27:20.831+0000] {logging_mixin.py:188} INFO - [2026-02-26T18:27:20.831+0000] {dagbag.py:545} INFO - Filling up the DagBag from /opt/airflow/dags/oltp_s3_dwh.py
[2026-02-26T18:27:21.243+0000] {processor.py:840} INFO - DAG(s) 'oltp_s3_dwh' retrieved from /opt/airflow/dags/oltp_s3_dwh.py
[2026-02-26T18:27:21.279+0000] {logging_mixin.py:188} INFO - [2026-02-26T18:27:21.277+0000] {dag.py:3089} INFO - Sync 1 DAGs
[2026-02-26T18:27:21.306+0000] {logging_mixin.py:188} INFO - [2026-02-26T18:27:21.306+0000] {dag.py:3947} INFO - Setting next_dagrun for oltp_s3_dwh to 2026-02-01 00:00:00+00:00, run_after=2026-03-01 00:00:00+00:00
[2026-02-26T18:27:21.336+0000] {processor.py:183} INFO - Processing /opt/airflow/dags/oltp_s3_dwh.py took 0.516 seconds
[2026-02-26T18:27:51.702+0000] {processor.py:161} INFO - Started process (PID=9229) to work on /opt/airflow/dags/oltp_s3_dwh.py
[2026-02-26T18:27:51.704+0000] {processor.py:830} INFO - Processing file /opt/airflow/dags/oltp_s3_dwh.py for tasks to queue
[2026-02-26T18:27:51.706+0000] {logging_mixin.py:188} INFO - [2026-02-26T18:27:51.706+0000] {dagbag.py:545} INFO - Filling up the DagBag from /opt/airflow/dags/oltp_s3_dwh.py
[2026-02-26T18:27:52.095+0000] {processor.py:840} INFO - DAG(s) 'oltp_s3_dwh' retrieved from /opt/airflow/dags/oltp_s3_dwh.py
[2026-02-26T18:27:52.140+0000] {logging_mixin.py:188} INFO - [2026-02-26T18:27:52.139+0000] {dag.py:3089} INFO - Sync 1 DAGs
[2026-02-26T18:27:52.173+0000] {logging_mixin.py:188} INFO - [2026-02-26T18:27:52.173+0000] {dag.py:3947} INFO - Setting next_dagrun for oltp_s3_dwh to 2026-02-01 00:00:00+00:00, run_after=2026-03-01 00:00:00+00:00
[2026-02-26T18:27:52.213+0000] {processor.py:183} INFO - Processing /opt/airflow/dags/oltp_s3_dwh.py took 0.518 seconds
[2026-02-26T18:28:23.140+0000] {processor.py:161} INFO - Started process (PID=9262) to work on /opt/airflow/dags/oltp_s3_dwh.py
[2026-02-26T18:28:23.142+0000] {processor.py:830} INFO - Processing file /opt/airflow/dags/oltp_s3_dwh.py for tasks to queue
[2026-02-26T18:28:23.146+0000] {logging_mixin.py:188} INFO - [2026-02-26T18:28:23.146+0000] {dagbag.py:545} INFO - Filling up the DagBag from /opt/airflow/dags/oltp_s3_dwh.py
[2026-02-26T18:28:23.625+0000] {processor.py:840} INFO - DAG(s) 'oltp_s3_dwh' retrieved from /opt/airflow/dags/oltp_s3_dwh.py
[2026-02-26T18:28:23.673+0000] {logging_mixin.py:188} INFO - [2026-02-26T18:28:23.671+0000] {dag.py:3089} INFO - Sync 1 DAGs
[2026-02-26T18:28:23.714+0000] {logging_mixin.py:188} INFO - [2026-02-26T18:28:23.713+0000] {dag.py:3947} INFO - Setting next_dagrun for oltp_s3_dwh to 2026-02-01 00:00:00+00:00, run_after=2026-03-01 00:00:00+00:00
[2026-02-26T18:28:23.775+0000] {processor.py:183} INFO - Processing /opt/airflow/dags/oltp_s3_dwh.py took 0.642 seconds
[2026-02-26T18:28:54.460+0000] {processor.py:161} INFO - Started process (PID=9286) to work on /opt/airflow/dags/oltp_s3_dwh.py
[2026-02-26T18:28:54.469+0000] {processor.py:830} INFO - Processing file /opt/airflow/dags/oltp_s3_dwh.py for tasks to queue
[2026-02-26T18:28:54.481+0000] {logging_mixin.py:188} INFO - [2026-02-26T18:28:54.480+0000] {dagbag.py:545} INFO - Filling up the DagBag from /opt/airflow/dags/oltp_s3_dwh.py
[2026-02-26T18:28:54.930+0000] {processor.py:840} INFO - DAG(s) 'oltp_s3_dwh' retrieved from /opt/airflow/dags/oltp_s3_dwh.py
[2026-02-26T18:28:54.974+0000] {logging_mixin.py:188} INFO - [2026-02-26T18:28:54.973+0000] {dag.py:3089} INFO - Sync 1 DAGs
[2026-02-26T18:28:55.004+0000] {logging_mixin.py:188} INFO - [2026-02-26T18:28:55.003+0000] {dag.py:3947} INFO - Setting next_dagrun for oltp_s3_dwh to 2026-02-01 00:00:00+00:00, run_after=2026-03-01 00:00:00+00:00
[2026-02-26T18:28:55.032+0000] {processor.py:183} INFO - Processing /opt/airflow/dags/oltp_s3_dwh.py took 0.582 seconds
[2026-02-26T18:29:25.716+0000] {processor.py:161} INFO - Started process (PID=9312) to work on /opt/airflow/dags/oltp_s3_dwh.py
[2026-02-26T18:29:25.718+0000] {processor.py:830} INFO - Processing file /opt/airflow/dags/oltp_s3_dwh.py for tasks to queue
[2026-02-26T18:29:25.721+0000] {logging_mixin.py:188} INFO - [2026-02-26T18:29:25.721+0000] {dagbag.py:545} INFO - Filling up the DagBag from /opt/airflow/dags/oltp_s3_dwh.py
[2026-02-26T18:29:26.154+0000] {processor.py:840} INFO - DAG(s) 'oltp_s3_dwh' retrieved from /opt/airflow/dags/oltp_s3_dwh.py
[2026-02-26T18:29:26.201+0000] {logging_mixin.py:188} INFO - [2026-02-26T18:29:26.200+0000] {dag.py:3089} INFO - Sync 1 DAGs
[2026-02-26T18:29:26.231+0000] {logging_mixin.py:188} INFO - [2026-02-26T18:29:26.230+0000] {dag.py:3947} INFO - Setting next_dagrun for oltp_s3_dwh to 2026-02-01 00:00:00+00:00, run_after=2026-03-01 00:00:00+00:00
[2026-02-26T18:29:26.271+0000] {processor.py:183} INFO - Processing /opt/airflow/dags/oltp_s3_dwh.py took 0.564 seconds
[2026-02-26T18:29:56.709+0000] {processor.py:161} INFO - Started process (PID=9347) to work on /opt/airflow/dags/oltp_s3_dwh.py
[2026-02-26T18:29:56.711+0000] {processor.py:830} INFO - Processing file /opt/airflow/dags/oltp_s3_dwh.py for tasks to queue
[2026-02-26T18:29:56.715+0000] {logging_mixin.py:188} INFO - [2026-02-26T18:29:56.715+0000] {dagbag.py:545} INFO - Filling up the DagBag from /opt/airflow/dags/oltp_s3_dwh.py
[2026-02-26T18:29:57.180+0000] {processor.py:840} INFO - DAG(s) 'oltp_s3_dwh' retrieved from /opt/airflow/dags/oltp_s3_dwh.py
[2026-02-26T18:29:57.243+0000] {logging_mixin.py:188} INFO - [2026-02-26T18:29:57.242+0000] {dag.py:3089} INFO - Sync 1 DAGs
[2026-02-26T18:29:57.272+0000] {logging_mixin.py:188} INFO - [2026-02-26T18:29:57.271+0000] {dag.py:3947} INFO - Setting next_dagrun for oltp_s3_dwh to 2026-02-01 00:00:00+00:00, run_after=2026-03-01 00:00:00+00:00
[2026-02-26T18:29:57.303+0000] {processor.py:183} INFO - Processing /opt/airflow/dags/oltp_s3_dwh.py took 0.604 seconds
[2026-02-26T18:30:27.676+0000] {processor.py:161} INFO - Started process (PID=9373) to work on /opt/airflow/dags/oltp_s3_dwh.py
[2026-02-26T18:30:27.678+0000] {processor.py:830} INFO - Processing file /opt/airflow/dags/oltp_s3_dwh.py for tasks to queue
[2026-02-26T18:30:27.683+0000] {logging_mixin.py:188} INFO - [2026-02-26T18:30:27.682+0000] {dagbag.py:545} INFO - Filling up the DagBag from /opt/airflow/dags/oltp_s3_dwh.py
[2026-02-26T18:30:28.107+0000] {processor.py:840} INFO - DAG(s) 'oltp_s3_dwh' retrieved from /opt/airflow/dags/oltp_s3_dwh.py
[2026-02-26T18:30:28.152+0000] {logging_mixin.py:188} INFO - [2026-02-26T18:30:28.151+0000] {dag.py:3089} INFO - Sync 1 DAGs
[2026-02-26T18:30:28.184+0000] {logging_mixin.py:188} INFO - [2026-02-26T18:30:28.183+0000] {dag.py:3947} INFO - Setting next_dagrun for oltp_s3_dwh to 2026-02-01 00:00:00+00:00, run_after=2026-03-01 00:00:00+00:00
[2026-02-26T18:30:28.219+0000] {processor.py:183} INFO - Processing /opt/airflow/dags/oltp_s3_dwh.py took 0.551 seconds
[2026-02-26T18:30:58.673+0000] {processor.py:161} INFO - Started process (PID=9399) to work on /opt/airflow/dags/oltp_s3_dwh.py
[2026-02-26T18:30:58.679+0000] {processor.py:830} INFO - Processing file /opt/airflow/dags/oltp_s3_dwh.py for tasks to queue
[2026-02-26T18:30:58.683+0000] {logging_mixin.py:188} INFO - [2026-02-26T18:30:58.683+0000] {dagbag.py:545} INFO - Filling up the DagBag from /opt/airflow/dags/oltp_s3_dwh.py
[2026-02-26T18:30:59.207+0000] {processor.py:840} INFO - DAG(s) 'oltp_s3_dwh' retrieved from /opt/airflow/dags/oltp_s3_dwh.py
[2026-02-26T18:30:59.255+0000] {logging_mixin.py:188} INFO - [2026-02-26T18:30:59.255+0000] {dag.py:3089} INFO - Sync 1 DAGs
[2026-02-26T18:30:59.288+0000] {logging_mixin.py:188} INFO - [2026-02-26T18:30:59.288+0000] {dag.py:3947} INFO - Setting next_dagrun for oltp_s3_dwh to 2026-02-01 00:00:00+00:00, run_after=2026-03-01 00:00:00+00:00
[2026-02-26T18:30:59.326+0000] {processor.py:183} INFO - Processing /opt/airflow/dags/oltp_s3_dwh.py took 0.665 seconds
[2026-02-26T18:31:29.897+0000] {processor.py:161} INFO - Started process (PID=9432) to work on /opt/airflow/dags/oltp_s3_dwh.py
[2026-02-26T18:31:29.899+0000] {processor.py:830} INFO - Processing file /opt/airflow/dags/oltp_s3_dwh.py for tasks to queue
[2026-02-26T18:31:29.902+0000] {logging_mixin.py:188} INFO - [2026-02-26T18:31:29.901+0000] {dagbag.py:545} INFO - Filling up the DagBag from /opt/airflow/dags/oltp_s3_dwh.py
[2026-02-26T18:31:30.338+0000] {processor.py:840} INFO - DAG(s) 'oltp_s3_dwh' retrieved from /opt/airflow/dags/oltp_s3_dwh.py
[2026-02-26T18:31:30.375+0000] {logging_mixin.py:188} INFO - [2026-02-26T18:31:30.374+0000] {dag.py:3089} INFO - Sync 1 DAGs
[2026-02-26T18:31:30.410+0000] {logging_mixin.py:188} INFO - [2026-02-26T18:31:30.410+0000] {dag.py:3947} INFO - Setting next_dagrun for oltp_s3_dwh to 2026-02-01 00:00:00+00:00, run_after=2026-03-01 00:00:00+00:00
[2026-02-26T18:31:30.443+0000] {processor.py:183} INFO - Processing /opt/airflow/dags/oltp_s3_dwh.py took 0.552 seconds
[2026-02-26T18:32:00.638+0000] {processor.py:161} INFO - Started process (PID=9457) to work on /opt/airflow/dags/oltp_s3_dwh.py
[2026-02-26T18:32:00.640+0000] {processor.py:830} INFO - Processing file /opt/airflow/dags/oltp_s3_dwh.py for tasks to queue
[2026-02-26T18:32:00.643+0000] {logging_mixin.py:188} INFO - [2026-02-26T18:32:00.642+0000] {dagbag.py:545} INFO - Filling up the DagBag from /opt/airflow/dags/oltp_s3_dwh.py
[2026-02-26T18:32:01.106+0000] {processor.py:840} INFO - DAG(s) 'oltp_s3_dwh' retrieved from /opt/airflow/dags/oltp_s3_dwh.py
[2026-02-26T18:32:01.146+0000] {logging_mixin.py:188} INFO - [2026-02-26T18:32:01.145+0000] {dag.py:3089} INFO - Sync 1 DAGs
[2026-02-26T18:32:01.190+0000] {logging_mixin.py:188} INFO - [2026-02-26T18:32:01.189+0000] {dag.py:3947} INFO - Setting next_dagrun for oltp_s3_dwh to 2026-02-01 00:00:00+00:00, run_after=2026-03-01 00:00:00+00:00
[2026-02-26T18:32:01.226+0000] {processor.py:183} INFO - Processing /opt/airflow/dags/oltp_s3_dwh.py took 0.595 seconds
