[2026-02-26T10:59:38.459+0000] {processor.py:161} INFO - Started process (PID=184) to work on /opt/airflow/dags/oltp_s3_dwh_dict.py
[2026-02-26T10:59:38.461+0000] {processor.py:830} INFO - Processing file /opt/airflow/dags/oltp_s3_dwh_dict.py for tasks to queue
[2026-02-26T10:59:38.465+0000] {logging_mixin.py:188} INFO - [2026-02-26T10:59:38.465+0000] {dagbag.py:545} INFO - Filling up the DagBag from /opt/airflow/dags/oltp_s3_dwh_dict.py
[2026-02-26T10:59:39.387+0000] {processor.py:840} INFO - DAG(s) 'oltp_s3_dwh' retrieved from /opt/airflow/dags/oltp_s3_dwh_dict.py
[2026-02-26T10:59:39.404+0000] {logging_mixin.py:188} INFO - [2026-02-26T10:59:39.403+0000] {dag.py:3089} INFO - Sync 1 DAGs
[2026-02-26T10:59:39.433+0000] {logging_mixin.py:188} INFO - [2026-02-26T10:59:39.433+0000] {dag.py:3947} INFO - Setting next_dagrun for oltp_s3_dwh to 2026-02-01 00:00:00+00:00, run_after=2026-03-01 00:00:00+00:00
[2026-02-26T10:59:39.454+0000] {processor.py:183} INFO - Processing /opt/airflow/dags/oltp_s3_dwh_dict.py took 1.012 seconds
[2026-02-26T11:00:09.689+0000] {processor.py:161} INFO - Started process (PID=216) to work on /opt/airflow/dags/oltp_s3_dwh_dict.py
[2026-02-26T11:00:09.691+0000] {processor.py:830} INFO - Processing file /opt/airflow/dags/oltp_s3_dwh_dict.py for tasks to queue
[2026-02-26T11:00:09.694+0000] {logging_mixin.py:188} INFO - [2026-02-26T11:00:09.694+0000] {dagbag.py:545} INFO - Filling up the DagBag from /opt/airflow/dags/oltp_s3_dwh_dict.py
[2026-02-26T11:00:10.388+0000] {processor.py:840} INFO - DAG(s) 'oltp_s3_dwh' retrieved from /opt/airflow/dags/oltp_s3_dwh_dict.py
[2026-02-26T11:00:10.605+0000] {logging_mixin.py:188} INFO - [2026-02-26T11:00:10.605+0000] {dag.py:3089} INFO - Sync 1 DAGs
[2026-02-26T11:00:10.630+0000] {logging_mixin.py:188} INFO - [2026-02-26T11:00:10.630+0000] {dag.py:3947} INFO - Setting next_dagrun for oltp_s3_dwh to 2026-02-01 00:00:00+00:00, run_after=2026-03-01 00:00:00+00:00
[2026-02-26T11:00:10.660+0000] {processor.py:183} INFO - Processing /opt/airflow/dags/oltp_s3_dwh_dict.py took 0.980 seconds
[2026-02-26T11:00:41.367+0000] {processor.py:161} INFO - Started process (PID=249) to work on /opt/airflow/dags/oltp_s3_dwh_dict.py
[2026-02-26T11:00:41.371+0000] {processor.py:830} INFO - Processing file /opt/airflow/dags/oltp_s3_dwh_dict.py for tasks to queue
[2026-02-26T11:00:41.378+0000] {logging_mixin.py:188} INFO - [2026-02-26T11:00:41.377+0000] {dagbag.py:545} INFO - Filling up the DagBag from /opt/airflow/dags/oltp_s3_dwh_dict.py
[2026-02-26T11:00:42.274+0000] {processor.py:840} INFO - DAG(s) 'oltp_s3_dwh' retrieved from /opt/airflow/dags/oltp_s3_dwh_dict.py
[2026-02-26T11:00:42.313+0000] {logging_mixin.py:188} INFO - [2026-02-26T11:00:42.312+0000] {dag.py:3089} INFO - Sync 1 DAGs
[2026-02-26T11:00:42.348+0000] {logging_mixin.py:188} INFO - [2026-02-26T11:00:42.348+0000] {dag.py:3947} INFO - Setting next_dagrun for oltp_s3_dwh to 2026-02-01 00:00:00+00:00, run_after=2026-03-01 00:00:00+00:00
[2026-02-26T11:00:42.381+0000] {processor.py:183} INFO - Processing /opt/airflow/dags/oltp_s3_dwh_dict.py took 1.031 seconds
[2026-02-26T11:01:12.851+0000] {processor.py:161} INFO - Started process (PID=275) to work on /opt/airflow/dags/oltp_s3_dwh_dict.py
[2026-02-26T11:01:12.853+0000] {processor.py:830} INFO - Processing file /opt/airflow/dags/oltp_s3_dwh_dict.py for tasks to queue
[2026-02-26T11:01:12.856+0000] {logging_mixin.py:188} INFO - [2026-02-26T11:01:12.856+0000] {dagbag.py:545} INFO - Filling up the DagBag from /opt/airflow/dags/oltp_s3_dwh_dict.py
[2026-02-26T11:01:13.427+0000] {processor.py:840} INFO - DAG(s) 'oltp_s3_dwh' retrieved from /opt/airflow/dags/oltp_s3_dwh_dict.py
[2026-02-26T11:01:13.458+0000] {logging_mixin.py:188} INFO - [2026-02-26T11:01:13.457+0000] {dag.py:3089} INFO - Sync 1 DAGs
[2026-02-26T11:01:13.487+0000] {logging_mixin.py:188} INFO - [2026-02-26T11:01:13.486+0000] {dag.py:3947} INFO - Setting next_dagrun for oltp_s3_dwh to 2026-02-01 00:00:00+00:00, run_after=2026-03-01 00:00:00+00:00
[2026-02-26T11:01:13.511+0000] {processor.py:183} INFO - Processing /opt/airflow/dags/oltp_s3_dwh_dict.py took 0.668 seconds
[2026-02-26T11:01:43.745+0000] {processor.py:161} INFO - Started process (PID=300) to work on /opt/airflow/dags/oltp_s3_dwh_dict.py
[2026-02-26T11:01:43.747+0000] {processor.py:830} INFO - Processing file /opt/airflow/dags/oltp_s3_dwh_dict.py for tasks to queue
[2026-02-26T11:01:43.749+0000] {logging_mixin.py:188} INFO - [2026-02-26T11:01:43.749+0000] {dagbag.py:545} INFO - Filling up the DagBag from /opt/airflow/dags/oltp_s3_dwh_dict.py
[2026-02-26T11:01:44.288+0000] {processor.py:840} INFO - DAG(s) 'oltp_s3_dwh' retrieved from /opt/airflow/dags/oltp_s3_dwh_dict.py
[2026-02-26T11:01:44.315+0000] {logging_mixin.py:188} INFO - [2026-02-26T11:01:44.314+0000] {dag.py:3089} INFO - Sync 1 DAGs
[2026-02-26T11:01:44.337+0000] {logging_mixin.py:188} INFO - [2026-02-26T11:01:44.337+0000] {dag.py:3947} INFO - Setting next_dagrun for oltp_s3_dwh to 2026-02-01 00:00:00+00:00, run_after=2026-03-01 00:00:00+00:00
[2026-02-26T11:01:44.365+0000] {processor.py:183} INFO - Processing /opt/airflow/dags/oltp_s3_dwh_dict.py took 0.627 seconds
[2026-02-26T11:02:14.499+0000] {processor.py:161} INFO - Started process (PID=325) to work on /opt/airflow/dags/oltp_s3_dwh_dict.py
[2026-02-26T11:02:14.501+0000] {processor.py:830} INFO - Processing file /opt/airflow/dags/oltp_s3_dwh_dict.py for tasks to queue
[2026-02-26T11:02:14.504+0000] {logging_mixin.py:188} INFO - [2026-02-26T11:02:14.504+0000] {dagbag.py:545} INFO - Filling up the DagBag from /opt/airflow/dags/oltp_s3_dwh_dict.py
[2026-02-26T11:02:15.351+0000] {processor.py:840} INFO - DAG(s) 'oltp_s3_dwh' retrieved from /opt/airflow/dags/oltp_s3_dwh_dict.py
[2026-02-26T11:02:15.396+0000] {logging_mixin.py:188} INFO - [2026-02-26T11:02:15.395+0000] {dag.py:3089} INFO - Sync 1 DAGs
[2026-02-26T11:02:15.424+0000] {logging_mixin.py:188} INFO - [2026-02-26T11:02:15.424+0000] {dag.py:3947} INFO - Setting next_dagrun for oltp_s3_dwh to 2026-02-01 00:00:00+00:00, run_after=2026-03-01 00:00:00+00:00
[2026-02-26T11:02:15.451+0000] {processor.py:183} INFO - Processing /opt/airflow/dags/oltp_s3_dwh_dict.py took 0.959 seconds
[2026-02-26T11:02:45.720+0000] {processor.py:161} INFO - Started process (PID=357) to work on /opt/airflow/dags/oltp_s3_dwh_dict.py
[2026-02-26T11:02:45.722+0000] {processor.py:830} INFO - Processing file /opt/airflow/dags/oltp_s3_dwh_dict.py for tasks to queue
[2026-02-26T11:02:45.725+0000] {logging_mixin.py:188} INFO - [2026-02-26T11:02:45.725+0000] {dagbag.py:545} INFO - Filling up the DagBag from /opt/airflow/dags/oltp_s3_dwh_dict.py
[2026-02-26T11:02:46.224+0000] {processor.py:840} INFO - DAG(s) 'oltp_s3_dwh' retrieved from /opt/airflow/dags/oltp_s3_dwh_dict.py
[2026-02-26T11:02:46.252+0000] {logging_mixin.py:188} INFO - [2026-02-26T11:02:46.251+0000] {dag.py:3089} INFO - Sync 1 DAGs
[2026-02-26T11:02:46.273+0000] {logging_mixin.py:188} INFO - [2026-02-26T11:02:46.273+0000] {dag.py:3947} INFO - Setting next_dagrun for oltp_s3_dwh to 2026-02-01 00:00:00+00:00, run_after=2026-03-01 00:00:00+00:00
[2026-02-26T11:02:46.297+0000] {processor.py:183} INFO - Processing /opt/airflow/dags/oltp_s3_dwh_dict.py took 0.585 seconds
[2026-02-26T11:03:16.714+0000] {processor.py:161} INFO - Started process (PID=383) to work on /opt/airflow/dags/oltp_s3_dwh_dict.py
[2026-02-26T11:03:16.716+0000] {processor.py:830} INFO - Processing file /opt/airflow/dags/oltp_s3_dwh_dict.py for tasks to queue
[2026-02-26T11:03:16.718+0000] {logging_mixin.py:188} INFO - [2026-02-26T11:03:16.718+0000] {dagbag.py:545} INFO - Filling up the DagBag from /opt/airflow/dags/oltp_s3_dwh_dict.py
[2026-02-26T11:03:17.191+0000] {processor.py:840} INFO - DAG(s) 'oltp_s3_dwh' retrieved from /opt/airflow/dags/oltp_s3_dwh_dict.py
[2026-02-26T11:03:17.216+0000] {logging_mixin.py:188} INFO - [2026-02-26T11:03:17.215+0000] {dag.py:3089} INFO - Sync 1 DAGs
[2026-02-26T11:03:17.238+0000] {logging_mixin.py:188} INFO - [2026-02-26T11:03:17.238+0000] {dag.py:3947} INFO - Setting next_dagrun for oltp_s3_dwh to 2026-02-01 00:00:00+00:00, run_after=2026-03-01 00:00:00+00:00
[2026-02-26T11:03:17.263+0000] {processor.py:183} INFO - Processing /opt/airflow/dags/oltp_s3_dwh_dict.py took 0.556 seconds
[2026-02-26T11:03:47.548+0000] {processor.py:161} INFO - Started process (PID=416) to work on /opt/airflow/dags/oltp_s3_dwh_dict.py
[2026-02-26T11:03:47.550+0000] {processor.py:830} INFO - Processing file /opt/airflow/dags/oltp_s3_dwh_dict.py for tasks to queue
[2026-02-26T11:03:47.553+0000] {logging_mixin.py:188} INFO - [2026-02-26T11:03:47.553+0000] {dagbag.py:545} INFO - Filling up the DagBag from /opt/airflow/dags/oltp_s3_dwh_dict.py
[2026-02-26T11:03:48.137+0000] {processor.py:840} INFO - DAG(s) 'oltp_s3_dwh' retrieved from /opt/airflow/dags/oltp_s3_dwh_dict.py
[2026-02-26T11:03:48.170+0000] {logging_mixin.py:188} INFO - [2026-02-26T11:03:48.170+0000] {dag.py:3089} INFO - Sync 1 DAGs
[2026-02-26T11:03:48.193+0000] {logging_mixin.py:188} INFO - [2026-02-26T11:03:48.193+0000] {dag.py:3947} INFO - Setting next_dagrun for oltp_s3_dwh to 2026-02-01 00:00:00+00:00, run_after=2026-03-01 00:00:00+00:00
[2026-02-26T11:03:48.219+0000] {processor.py:183} INFO - Processing /opt/airflow/dags/oltp_s3_dwh_dict.py took 0.677 seconds
[2026-02-26T11:04:18.634+0000] {processor.py:161} INFO - Started process (PID=442) to work on /opt/airflow/dags/oltp_s3_dwh_dict.py
[2026-02-26T11:04:18.635+0000] {processor.py:830} INFO - Processing file /opt/airflow/dags/oltp_s3_dwh_dict.py for tasks to queue
[2026-02-26T11:04:18.638+0000] {logging_mixin.py:188} INFO - [2026-02-26T11:04:18.638+0000] {dagbag.py:545} INFO - Filling up the DagBag from /opt/airflow/dags/oltp_s3_dwh_dict.py
[2026-02-26T11:04:19.085+0000] {processor.py:840} INFO - DAG(s) 'oltp_s3_dwh' retrieved from /opt/airflow/dags/oltp_s3_dwh_dict.py
[2026-02-26T11:04:19.105+0000] {logging_mixin.py:188} INFO - [2026-02-26T11:04:19.105+0000] {dag.py:3089} INFO - Sync 1 DAGs
[2026-02-26T11:04:19.125+0000] {logging_mixin.py:188} INFO - [2026-02-26T11:04:19.125+0000] {dag.py:3947} INFO - Setting next_dagrun for oltp_s3_dwh to 2026-02-01 00:00:00+00:00, run_after=2026-03-01 00:00:00+00:00
[2026-02-26T11:04:19.144+0000] {processor.py:183} INFO - Processing /opt/airflow/dags/oltp_s3_dwh_dict.py took 0.521 seconds
[2026-02-26T11:04:49.412+0000] {processor.py:161} INFO - Started process (PID=467) to work on /opt/airflow/dags/oltp_s3_dwh_dict.py
[2026-02-26T11:04:49.414+0000] {processor.py:830} INFO - Processing file /opt/airflow/dags/oltp_s3_dwh_dict.py for tasks to queue
[2026-02-26T11:04:49.416+0000] {logging_mixin.py:188} INFO - [2026-02-26T11:04:49.416+0000] {dagbag.py:545} INFO - Filling up the DagBag from /opt/airflow/dags/oltp_s3_dwh_dict.py
[2026-02-26T11:04:49.902+0000] {processor.py:840} INFO - DAG(s) 'oltp_s3_dwh' retrieved from /opt/airflow/dags/oltp_s3_dwh_dict.py
[2026-02-26T11:04:49.929+0000] {logging_mixin.py:188} INFO - [2026-02-26T11:04:49.928+0000] {dag.py:3089} INFO - Sync 1 DAGs
[2026-02-26T11:04:49.952+0000] {logging_mixin.py:188} INFO - [2026-02-26T11:04:49.952+0000] {dag.py:3947} INFO - Setting next_dagrun for oltp_s3_dwh to 2026-02-01 00:00:00+00:00, run_after=2026-03-01 00:00:00+00:00
[2026-02-26T11:04:49.983+0000] {processor.py:183} INFO - Processing /opt/airflow/dags/oltp_s3_dwh_dict.py took 0.578 seconds
[2026-02-26T11:05:20.259+0000] {processor.py:161} INFO - Started process (PID=501) to work on /opt/airflow/dags/oltp_s3_dwh_dict.py
[2026-02-26T11:05:20.260+0000] {processor.py:830} INFO - Processing file /opt/airflow/dags/oltp_s3_dwh_dict.py for tasks to queue
[2026-02-26T11:05:20.262+0000] {logging_mixin.py:188} INFO - [2026-02-26T11:05:20.262+0000] {dagbag.py:545} INFO - Filling up the DagBag from /opt/airflow/dags/oltp_s3_dwh_dict.py
[2026-02-26T11:05:20.753+0000] {processor.py:840} INFO - DAG(s) 'oltp_s3_dwh' retrieved from /opt/airflow/dags/oltp_s3_dwh_dict.py
[2026-02-26T11:05:20.777+0000] {logging_mixin.py:188} INFO - [2026-02-26T11:05:20.776+0000] {dag.py:3089} INFO - Sync 1 DAGs
[2026-02-26T11:05:20.798+0000] {logging_mixin.py:188} INFO - [2026-02-26T11:05:20.797+0000] {dag.py:3947} INFO - Setting next_dagrun for oltp_s3_dwh to 2026-02-01 00:00:00+00:00, run_after=2026-03-01 00:00:00+00:00
[2026-02-26T11:05:20.818+0000] {processor.py:183} INFO - Processing /opt/airflow/dags/oltp_s3_dwh_dict.py took 0.565 seconds
[2026-02-26T11:05:51.061+0000] {processor.py:161} INFO - Started process (PID=527) to work on /opt/airflow/dags/oltp_s3_dwh_dict.py
[2026-02-26T11:05:51.064+0000] {processor.py:830} INFO - Processing file /opt/airflow/dags/oltp_s3_dwh_dict.py for tasks to queue
[2026-02-26T11:05:51.067+0000] {logging_mixin.py:188} INFO - [2026-02-26T11:05:51.066+0000] {dagbag.py:545} INFO - Filling up the DagBag from /opt/airflow/dags/oltp_s3_dwh_dict.py
[2026-02-26T11:05:51.591+0000] {processor.py:840} INFO - DAG(s) 'oltp_s3_dwh' retrieved from /opt/airflow/dags/oltp_s3_dwh_dict.py
[2026-02-26T11:05:51.620+0000] {logging_mixin.py:188} INFO - [2026-02-26T11:05:51.620+0000] {dag.py:3089} INFO - Sync 1 DAGs
[2026-02-26T11:05:51.642+0000] {logging_mixin.py:188} INFO - [2026-02-26T11:05:51.642+0000] {dag.py:3947} INFO - Setting next_dagrun for oltp_s3_dwh to 2026-02-01 00:00:00+00:00, run_after=2026-03-01 00:00:00+00:00
[2026-02-26T11:05:51.668+0000] {processor.py:183} INFO - Processing /opt/airflow/dags/oltp_s3_dwh_dict.py took 0.614 seconds
[2026-02-26T11:06:21.962+0000] {processor.py:161} INFO - Started process (PID=560) to work on /opt/airflow/dags/oltp_s3_dwh_dict.py
[2026-02-26T11:06:21.963+0000] {processor.py:830} INFO - Processing file /opt/airflow/dags/oltp_s3_dwh_dict.py for tasks to queue
[2026-02-26T11:06:21.965+0000] {logging_mixin.py:188} INFO - [2026-02-26T11:06:21.965+0000] {dagbag.py:545} INFO - Filling up the DagBag from /opt/airflow/dags/oltp_s3_dwh_dict.py
[2026-02-26T11:06:22.496+0000] {processor.py:840} INFO - DAG(s) 'oltp_s3_dwh' retrieved from /opt/airflow/dags/oltp_s3_dwh_dict.py
[2026-02-26T11:06:22.526+0000] {logging_mixin.py:188} INFO - [2026-02-26T11:06:22.526+0000] {dag.py:3089} INFO - Sync 1 DAGs
[2026-02-26T11:06:22.548+0000] {logging_mixin.py:188} INFO - [2026-02-26T11:06:22.547+0000] {dag.py:3947} INFO - Setting next_dagrun for oltp_s3_dwh to 2026-02-01 00:00:00+00:00, run_after=2026-03-01 00:00:00+00:00
[2026-02-26T11:06:22.580+0000] {processor.py:183} INFO - Processing /opt/airflow/dags/oltp_s3_dwh_dict.py took 0.625 seconds
[2026-02-26T11:06:52.990+0000] {processor.py:161} INFO - Started process (PID=587) to work on /opt/airflow/dags/oltp_s3_dwh_dict.py
[2026-02-26T11:06:52.991+0000] {processor.py:830} INFO - Processing file /opt/airflow/dags/oltp_s3_dwh_dict.py for tasks to queue
[2026-02-26T11:06:52.993+0000] {logging_mixin.py:188} INFO - [2026-02-26T11:06:52.993+0000] {dagbag.py:545} INFO - Filling up the DagBag from /opt/airflow/dags/oltp_s3_dwh_dict.py
[2026-02-26T11:06:53.465+0000] {processor.py:840} INFO - DAG(s) 'oltp_s3_dwh' retrieved from /opt/airflow/dags/oltp_s3_dwh_dict.py
[2026-02-26T11:06:53.489+0000] {logging_mixin.py:188} INFO - [2026-02-26T11:06:53.488+0000] {dag.py:3089} INFO - Sync 1 DAGs
[2026-02-26T11:06:53.511+0000] {logging_mixin.py:188} INFO - [2026-02-26T11:06:53.511+0000] {dag.py:3947} INFO - Setting next_dagrun for oltp_s3_dwh to 2026-02-01 00:00:00+00:00, run_after=2026-03-01 00:00:00+00:00
[2026-02-26T11:06:53.533+0000] {processor.py:183} INFO - Processing /opt/airflow/dags/oltp_s3_dwh_dict.py took 0.549 seconds
[2026-02-26T11:07:23.799+0000] {processor.py:161} INFO - Started process (PID=613) to work on /opt/airflow/dags/oltp_s3_dwh_dict.py
[2026-02-26T11:07:23.801+0000] {processor.py:830} INFO - Processing file /opt/airflow/dags/oltp_s3_dwh_dict.py for tasks to queue
[2026-02-26T11:07:23.806+0000] {logging_mixin.py:188} INFO - [2026-02-26T11:07:23.806+0000] {dagbag.py:545} INFO - Filling up the DagBag from /opt/airflow/dags/oltp_s3_dwh_dict.py
[2026-02-26T11:07:24.577+0000] {processor.py:840} INFO - DAG(s) 'oltp_s3_dwh' retrieved from /opt/airflow/dags/oltp_s3_dwh_dict.py
[2026-02-26T11:07:24.603+0000] {logging_mixin.py:188} INFO - [2026-02-26T11:07:24.602+0000] {dag.py:3089} INFO - Sync 1 DAGs
[2026-02-26T11:07:24.626+0000] {logging_mixin.py:188} INFO - [2026-02-26T11:07:24.626+0000] {dag.py:3947} INFO - Setting next_dagrun for oltp_s3_dwh to 2026-02-01 00:00:00+00:00, run_after=2026-03-01 00:00:00+00:00
[2026-02-26T11:07:24.649+0000] {processor.py:183} INFO - Processing /opt/airflow/dags/oltp_s3_dwh_dict.py took 0.864 seconds
[2026-02-26T11:07:54.858+0000] {processor.py:161} INFO - Started process (PID=646) to work on /opt/airflow/dags/oltp_s3_dwh_dict.py
[2026-02-26T11:07:54.859+0000] {processor.py:830} INFO - Processing file /opt/airflow/dags/oltp_s3_dwh_dict.py for tasks to queue
[2026-02-26T11:07:54.861+0000] {logging_mixin.py:188} INFO - [2026-02-26T11:07:54.860+0000] {dagbag.py:545} INFO - Filling up the DagBag from /opt/airflow/dags/oltp_s3_dwh_dict.py
[2026-02-26T11:07:55.296+0000] {processor.py:840} INFO - DAG(s) 'oltp_s3_dwh' retrieved from /opt/airflow/dags/oltp_s3_dwh_dict.py
[2026-02-26T11:07:55.318+0000] {logging_mixin.py:188} INFO - [2026-02-26T11:07:55.317+0000] {dag.py:3089} INFO - Sync 1 DAGs
[2026-02-26T11:07:55.339+0000] {logging_mixin.py:188} INFO - [2026-02-26T11:07:55.338+0000] {dag.py:3947} INFO - Setting next_dagrun for oltp_s3_dwh to 2026-02-01 00:00:00+00:00, run_after=2026-03-01 00:00:00+00:00
[2026-02-26T11:07:55.360+0000] {processor.py:183} INFO - Processing /opt/airflow/dags/oltp_s3_dwh_dict.py took 0.507 seconds
[2026-02-26T11:08:25.668+0000] {processor.py:161} INFO - Started process (PID=671) to work on /opt/airflow/dags/oltp_s3_dwh_dict.py
[2026-02-26T11:08:25.670+0000] {processor.py:830} INFO - Processing file /opt/airflow/dags/oltp_s3_dwh_dict.py for tasks to queue
[2026-02-26T11:08:25.674+0000] {logging_mixin.py:188} INFO - [2026-02-26T11:08:25.673+0000] {dagbag.py:545} INFO - Filling up the DagBag from /opt/airflow/dags/oltp_s3_dwh_dict.py
[2026-02-26T11:08:26.261+0000] {processor.py:840} INFO - DAG(s) 'oltp_s3_dwh' retrieved from /opt/airflow/dags/oltp_s3_dwh_dict.py
[2026-02-26T11:08:26.287+0000] {logging_mixin.py:188} INFO - [2026-02-26T11:08:26.286+0000] {dag.py:3089} INFO - Sync 1 DAGs
[2026-02-26T11:08:26.308+0000] {logging_mixin.py:188} INFO - [2026-02-26T11:08:26.308+0000] {dag.py:3947} INFO - Setting next_dagrun for oltp_s3_dwh to 2026-02-01 00:00:00+00:00, run_after=2026-03-01 00:00:00+00:00
[2026-02-26T11:08:26.333+0000] {processor.py:183} INFO - Processing /opt/airflow/dags/oltp_s3_dwh_dict.py took 0.681 seconds
[2026-02-26T11:08:57.018+0000] {processor.py:161} INFO - Started process (PID=705) to work on /opt/airflow/dags/oltp_s3_dwh_dict.py
[2026-02-26T11:08:57.021+0000] {processor.py:830} INFO - Processing file /opt/airflow/dags/oltp_s3_dwh_dict.py for tasks to queue
[2026-02-26T11:08:57.023+0000] {logging_mixin.py:188} INFO - [2026-02-26T11:08:57.023+0000] {dagbag.py:545} INFO - Filling up the DagBag from /opt/airflow/dags/oltp_s3_dwh_dict.py
[2026-02-26T11:08:57.482+0000] {processor.py:840} INFO - DAG(s) 'oltp_s3_dwh' retrieved from /opt/airflow/dags/oltp_s3_dwh_dict.py
[2026-02-26T11:08:57.507+0000] {logging_mixin.py:188} INFO - [2026-02-26T11:08:57.506+0000] {dag.py:3089} INFO - Sync 1 DAGs
[2026-02-26T11:08:57.528+0000] {logging_mixin.py:188} INFO - [2026-02-26T11:08:57.528+0000] {dag.py:3947} INFO - Setting next_dagrun for oltp_s3_dwh to 2026-02-01 00:00:00+00:00, run_after=2026-03-01 00:00:00+00:00
[2026-02-26T11:08:57.559+0000] {processor.py:183} INFO - Processing /opt/airflow/dags/oltp_s3_dwh_dict.py took 0.546 seconds
[2026-02-26T11:09:27.822+0000] {processor.py:161} INFO - Started process (PID=730) to work on /opt/airflow/dags/oltp_s3_dwh_dict.py
[2026-02-26T11:09:27.825+0000] {processor.py:830} INFO - Processing file /opt/airflow/dags/oltp_s3_dwh_dict.py for tasks to queue
[2026-02-26T11:09:27.827+0000] {logging_mixin.py:188} INFO - [2026-02-26T11:09:27.827+0000] {dagbag.py:545} INFO - Filling up the DagBag from /opt/airflow/dags/oltp_s3_dwh_dict.py
[2026-02-26T11:09:28.264+0000] {processor.py:840} INFO - DAG(s) 'oltp_s3_dwh' retrieved from /opt/airflow/dags/oltp_s3_dwh_dict.py
[2026-02-26T11:09:28.284+0000] {logging_mixin.py:188} INFO - [2026-02-26T11:09:28.284+0000] {dag.py:3089} INFO - Sync 1 DAGs
[2026-02-26T11:09:28.304+0000] {logging_mixin.py:188} INFO - [2026-02-26T11:09:28.304+0000] {dag.py:3947} INFO - Setting next_dagrun for oltp_s3_dwh to 2026-02-01 00:00:00+00:00, run_after=2026-03-01 00:00:00+00:00
[2026-02-26T11:09:28.326+0000] {processor.py:183} INFO - Processing /opt/airflow/dags/oltp_s3_dwh_dict.py took 0.514 seconds
[2026-02-26T11:09:58.419+0000] {processor.py:161} INFO - Started process (PID=756) to work on /opt/airflow/dags/oltp_s3_dwh_dict.py
[2026-02-26T11:09:58.420+0000] {processor.py:830} INFO - Processing file /opt/airflow/dags/oltp_s3_dwh_dict.py for tasks to queue
[2026-02-26T11:09:58.422+0000] {logging_mixin.py:188} INFO - [2026-02-26T11:09:58.421+0000] {dagbag.py:545} INFO - Filling up the DagBag from /opt/airflow/dags/oltp_s3_dwh_dict.py
[2026-02-26T11:09:59.060+0000] {processor.py:840} INFO - DAG(s) 'oltp_s3_dwh' retrieved from /opt/airflow/dags/oltp_s3_dwh_dict.py
[2026-02-26T11:09:59.082+0000] {logging_mixin.py:188} INFO - [2026-02-26T11:09:59.081+0000] {dag.py:3089} INFO - Sync 1 DAGs
[2026-02-26T11:09:59.105+0000] {logging_mixin.py:188} INFO - [2026-02-26T11:09:59.105+0000] {dag.py:3947} INFO - Setting next_dagrun for oltp_s3_dwh to 2026-02-01 00:00:00+00:00, run_after=2026-03-01 00:00:00+00:00
[2026-02-26T11:09:59.130+0000] {processor.py:183} INFO - Processing /opt/airflow/dags/oltp_s3_dwh_dict.py took 0.718 seconds
[2026-02-26T11:10:29.340+0000] {processor.py:161} INFO - Started process (PID=789) to work on /opt/airflow/dags/oltp_s3_dwh_dict.py
[2026-02-26T11:10:29.341+0000] {processor.py:830} INFO - Processing file /opt/airflow/dags/oltp_s3_dwh_dict.py for tasks to queue
[2026-02-26T11:10:29.344+0000] {logging_mixin.py:188} INFO - [2026-02-26T11:10:29.343+0000] {dagbag.py:545} INFO - Filling up the DagBag from /opt/airflow/dags/oltp_s3_dwh_dict.py
[2026-02-26T11:10:29.818+0000] {processor.py:840} INFO - DAG(s) 'oltp_s3_dwh' retrieved from /opt/airflow/dags/oltp_s3_dwh_dict.py
[2026-02-26T11:10:29.837+0000] {logging_mixin.py:188} INFO - [2026-02-26T11:10:29.837+0000] {dag.py:3089} INFO - Sync 1 DAGs
[2026-02-26T11:10:29.860+0000] {logging_mixin.py:188} INFO - [2026-02-26T11:10:29.860+0000] {dag.py:3947} INFO - Setting next_dagrun for oltp_s3_dwh to 2026-02-01 00:00:00+00:00, run_after=2026-03-01 00:00:00+00:00
[2026-02-26T11:10:29.878+0000] {processor.py:183} INFO - Processing /opt/airflow/dags/oltp_s3_dwh_dict.py took 0.544 seconds
[2026-02-26T11:11:00.226+0000] {processor.py:161} INFO - Started process (PID=816) to work on /opt/airflow/dags/oltp_s3_dwh_dict.py
[2026-02-26T11:11:00.228+0000] {processor.py:830} INFO - Processing file /opt/airflow/dags/oltp_s3_dwh_dict.py for tasks to queue
[2026-02-26T11:11:00.231+0000] {logging_mixin.py:188} INFO - [2026-02-26T11:11:00.230+0000] {dagbag.py:545} INFO - Filling up the DagBag from /opt/airflow/dags/oltp_s3_dwh_dict.py
[2026-02-26T11:11:00.711+0000] {processor.py:840} INFO - DAG(s) 'oltp_s3_dwh' retrieved from /opt/airflow/dags/oltp_s3_dwh_dict.py
[2026-02-26T11:11:00.731+0000] {logging_mixin.py:188} INFO - [2026-02-26T11:11:00.731+0000] {dag.py:3089} INFO - Sync 1 DAGs
[2026-02-26T11:11:00.750+0000] {logging_mixin.py:188} INFO - [2026-02-26T11:11:00.750+0000] {dag.py:3947} INFO - Setting next_dagrun for oltp_s3_dwh to 2026-02-01 00:00:00+00:00, run_after=2026-03-01 00:00:00+00:00
[2026-02-26T11:11:00.768+0000] {processor.py:183} INFO - Processing /opt/airflow/dags/oltp_s3_dwh_dict.py took 0.548 seconds
[2026-02-26T11:11:31.115+0000] {processor.py:161} INFO - Started process (PID=850) to work on /opt/airflow/dags/oltp_s3_dwh_dict.py
[2026-02-26T11:11:31.117+0000] {processor.py:830} INFO - Processing file /opt/airflow/dags/oltp_s3_dwh_dict.py for tasks to queue
[2026-02-26T11:11:31.119+0000] {logging_mixin.py:188} INFO - [2026-02-26T11:11:31.119+0000] {dagbag.py:545} INFO - Filling up the DagBag from /opt/airflow/dags/oltp_s3_dwh_dict.py
[2026-02-26T11:11:31.673+0000] {processor.py:840} INFO - DAG(s) 'oltp_s3_dwh' retrieved from /opt/airflow/dags/oltp_s3_dwh_dict.py
[2026-02-26T11:11:31.703+0000] {logging_mixin.py:188} INFO - [2026-02-26T11:11:31.702+0000] {dag.py:3089} INFO - Sync 1 DAGs
[2026-02-26T11:11:31.732+0000] {logging_mixin.py:188} INFO - [2026-02-26T11:11:31.732+0000] {dag.py:3947} INFO - Setting next_dagrun for oltp_s3_dwh to 2026-02-01 00:00:00+00:00, run_after=2026-03-01 00:00:00+00:00
[2026-02-26T11:11:31.759+0000] {processor.py:183} INFO - Processing /opt/airflow/dags/oltp_s3_dwh_dict.py took 0.655 seconds
[2026-02-26T11:12:02.165+0000] {processor.py:161} INFO - Started process (PID=875) to work on /opt/airflow/dags/oltp_s3_dwh_dict.py
[2026-02-26T11:12:02.166+0000] {processor.py:830} INFO - Processing file /opt/airflow/dags/oltp_s3_dwh_dict.py for tasks to queue
[2026-02-26T11:12:02.169+0000] {logging_mixin.py:188} INFO - [2026-02-26T11:12:02.168+0000] {dagbag.py:545} INFO - Filling up the DagBag from /opt/airflow/dags/oltp_s3_dwh_dict.py
[2026-02-26T11:12:02.654+0000] {processor.py:840} INFO - DAG(s) 'oltp_s3_dwh' retrieved from /opt/airflow/dags/oltp_s3_dwh_dict.py
[2026-02-26T11:12:02.682+0000] {logging_mixin.py:188} INFO - [2026-02-26T11:12:02.682+0000] {dag.py:3089} INFO - Sync 1 DAGs
[2026-02-26T11:12:02.707+0000] {logging_mixin.py:188} INFO - [2026-02-26T11:12:02.706+0000] {dag.py:3947} INFO - Setting next_dagrun for oltp_s3_dwh to 2026-02-01 00:00:00+00:00, run_after=2026-03-01 00:00:00+00:00
[2026-02-26T11:12:02.729+0000] {processor.py:183} INFO - Processing /opt/airflow/dags/oltp_s3_dwh_dict.py took 0.573 seconds
[2026-02-26T11:12:33.198+0000] {processor.py:161} INFO - Started process (PID=902) to work on /opt/airflow/dags/oltp_s3_dwh_dict.py
[2026-02-26T11:12:33.200+0000] {processor.py:830} INFO - Processing file /opt/airflow/dags/oltp_s3_dwh_dict.py for tasks to queue
[2026-02-26T11:12:33.204+0000] {logging_mixin.py:188} INFO - [2026-02-26T11:12:33.203+0000] {dagbag.py:545} INFO - Filling up the DagBag from /opt/airflow/dags/oltp_s3_dwh_dict.py
[2026-02-26T11:12:33.703+0000] {processor.py:840} INFO - DAG(s) 'oltp_s3_dwh' retrieved from /opt/airflow/dags/oltp_s3_dwh_dict.py
[2026-02-26T11:12:33.755+0000] {logging_mixin.py:188} INFO - [2026-02-26T11:12:33.755+0000] {dag.py:3089} INFO - Sync 1 DAGs
[2026-02-26T11:12:33.777+0000] {logging_mixin.py:188} INFO - [2026-02-26T11:12:33.776+0000] {dag.py:3947} INFO - Setting next_dagrun for oltp_s3_dwh to 2026-02-01 00:00:00+00:00, run_after=2026-03-01 00:00:00+00:00
[2026-02-26T11:12:33.799+0000] {processor.py:183} INFO - Processing /opt/airflow/dags/oltp_s3_dwh_dict.py took 0.613 seconds
[2026-02-26T11:13:04.220+0000] {processor.py:161} INFO - Started process (PID=935) to work on /opt/airflow/dags/oltp_s3_dwh_dict.py
[2026-02-26T11:13:04.222+0000] {processor.py:830} INFO - Processing file /opt/airflow/dags/oltp_s3_dwh_dict.py for tasks to queue
[2026-02-26T11:13:04.225+0000] {logging_mixin.py:188} INFO - [2026-02-26T11:13:04.224+0000] {dagbag.py:545} INFO - Filling up the DagBag from /opt/airflow/dags/oltp_s3_dwh_dict.py
[2026-02-26T11:13:04.711+0000] {processor.py:840} INFO - DAG(s) 'oltp_s3_dwh' retrieved from /opt/airflow/dags/oltp_s3_dwh_dict.py
[2026-02-26T11:13:04.735+0000] {logging_mixin.py:188} INFO - [2026-02-26T11:13:04.734+0000] {dag.py:3089} INFO - Sync 1 DAGs
[2026-02-26T11:13:04.755+0000] {logging_mixin.py:188} INFO - [2026-02-26T11:13:04.755+0000] {dag.py:3947} INFO - Setting next_dagrun for oltp_s3_dwh to 2026-02-01 00:00:00+00:00, run_after=2026-03-01 00:00:00+00:00
[2026-02-26T11:13:04.780+0000] {processor.py:183} INFO - Processing /opt/airflow/dags/oltp_s3_dwh_dict.py took 0.568 seconds
[2026-02-26T11:13:35.174+0000] {processor.py:161} INFO - Started process (PID=962) to work on /opt/airflow/dags/oltp_s3_dwh_dict.py
[2026-02-26T11:13:35.176+0000] {processor.py:830} INFO - Processing file /opt/airflow/dags/oltp_s3_dwh_dict.py for tasks to queue
[2026-02-26T11:13:35.179+0000] {logging_mixin.py:188} INFO - [2026-02-26T11:13:35.178+0000] {dagbag.py:545} INFO - Filling up the DagBag from /opt/airflow/dags/oltp_s3_dwh_dict.py
[2026-02-26T11:13:35.647+0000] {processor.py:840} INFO - DAG(s) 'oltp_s3_dwh' retrieved from /opt/airflow/dags/oltp_s3_dwh_dict.py
[2026-02-26T11:13:35.669+0000] {logging_mixin.py:188} INFO - [2026-02-26T11:13:35.669+0000] {dag.py:3089} INFO - Sync 1 DAGs
[2026-02-26T11:13:35.690+0000] {logging_mixin.py:188} INFO - [2026-02-26T11:13:35.690+0000] {dag.py:3947} INFO - Setting next_dagrun for oltp_s3_dwh to 2026-02-01 00:00:00+00:00, run_after=2026-03-01 00:00:00+00:00
[2026-02-26T11:13:35.711+0000] {processor.py:183} INFO - Processing /opt/airflow/dags/oltp_s3_dwh_dict.py took 0.544 seconds
[2026-02-26T11:14:06.177+0000] {processor.py:161} INFO - Started process (PID=997) to work on /opt/airflow/dags/oltp_s3_dwh_dict.py
[2026-02-26T11:14:06.179+0000] {processor.py:830} INFO - Processing file /opt/airflow/dags/oltp_s3_dwh_dict.py for tasks to queue
[2026-02-26T11:14:06.182+0000] {logging_mixin.py:188} INFO - [2026-02-26T11:14:06.181+0000] {dagbag.py:545} INFO - Filling up the DagBag from /opt/airflow/dags/oltp_s3_dwh_dict.py
[2026-02-26T11:14:06.684+0000] {processor.py:840} INFO - DAG(s) 'oltp_s3_dwh' retrieved from /opt/airflow/dags/oltp_s3_dwh_dict.py
[2026-02-26T11:14:06.711+0000] {logging_mixin.py:188} INFO - [2026-02-26T11:14:06.711+0000] {dag.py:3089} INFO - Sync 1 DAGs
[2026-02-26T11:14:06.735+0000] {logging_mixin.py:188} INFO - [2026-02-26T11:14:06.734+0000] {dag.py:3947} INFO - Setting next_dagrun for oltp_s3_dwh to 2026-02-01 00:00:00+00:00, run_after=2026-03-01 00:00:00+00:00
[2026-02-26T11:14:06.757+0000] {processor.py:183} INFO - Processing /opt/airflow/dags/oltp_s3_dwh_dict.py took 0.588 seconds
[2026-02-26T11:14:37.060+0000] {processor.py:161} INFO - Started process (PID=1022) to work on /opt/airflow/dags/oltp_s3_dwh_dict.py
[2026-02-26T11:14:37.061+0000] {processor.py:830} INFO - Processing file /opt/airflow/dags/oltp_s3_dwh_dict.py for tasks to queue
[2026-02-26T11:14:37.063+0000] {logging_mixin.py:188} INFO - [2026-02-26T11:14:37.063+0000] {dagbag.py:545} INFO - Filling up the DagBag from /opt/airflow/dags/oltp_s3_dwh_dict.py
[2026-02-26T11:14:37.504+0000] {processor.py:840} INFO - DAG(s) 'oltp_s3_dwh' retrieved from /opt/airflow/dags/oltp_s3_dwh_dict.py
[2026-02-26T11:14:37.526+0000] {logging_mixin.py:188} INFO - [2026-02-26T11:14:37.525+0000] {dag.py:3089} INFO - Sync 1 DAGs
[2026-02-26T11:14:37.545+0000] {logging_mixin.py:188} INFO - [2026-02-26T11:14:37.545+0000] {dag.py:3947} INFO - Setting next_dagrun for oltp_s3_dwh to 2026-02-01 00:00:00+00:00, run_after=2026-03-01 00:00:00+00:00
[2026-02-26T11:14:37.564+0000] {processor.py:183} INFO - Processing /opt/airflow/dags/oltp_s3_dwh_dict.py took 0.509 seconds
[2026-02-26T11:15:07.971+0000] {processor.py:161} INFO - Started process (PID=1048) to work on /opt/airflow/dags/oltp_s3_dwh_dict.py
[2026-02-26T11:15:07.972+0000] {processor.py:830} INFO - Processing file /opt/airflow/dags/oltp_s3_dwh_dict.py for tasks to queue
[2026-02-26T11:15:07.974+0000] {logging_mixin.py:188} INFO - [2026-02-26T11:15:07.974+0000] {dagbag.py:545} INFO - Filling up the DagBag from /opt/airflow/dags/oltp_s3_dwh_dict.py
[2026-02-26T11:15:08.428+0000] {processor.py:840} INFO - DAG(s) 'oltp_s3_dwh' retrieved from /opt/airflow/dags/oltp_s3_dwh_dict.py
[2026-02-26T11:15:08.449+0000] {logging_mixin.py:188} INFO - [2026-02-26T11:15:08.449+0000] {dag.py:3089} INFO - Sync 1 DAGs
[2026-02-26T11:15:08.469+0000] {logging_mixin.py:188} INFO - [2026-02-26T11:15:08.468+0000] {dag.py:3947} INFO - Setting next_dagrun for oltp_s3_dwh to 2026-02-01 00:00:00+00:00, run_after=2026-03-01 00:00:00+00:00
[2026-02-26T11:15:08.487+0000] {processor.py:183} INFO - Processing /opt/airflow/dags/oltp_s3_dwh_dict.py took 0.525 seconds
[2026-02-26T11:15:38.680+0000] {processor.py:161} INFO - Started process (PID=1080) to work on /opt/airflow/dags/oltp_s3_dwh_dict.py
[2026-02-26T11:15:38.682+0000] {processor.py:830} INFO - Processing file /opt/airflow/dags/oltp_s3_dwh_dict.py for tasks to queue
[2026-02-26T11:15:38.684+0000] {logging_mixin.py:188} INFO - [2026-02-26T11:15:38.684+0000] {dagbag.py:545} INFO - Filling up the DagBag from /opt/airflow/dags/oltp_s3_dwh_dict.py
[2026-02-26T11:15:39.427+0000] {processor.py:840} INFO - DAG(s) 'oltp_s3_dwh' retrieved from /opt/airflow/dags/oltp_s3_dwh_dict.py
[2026-02-26T11:15:39.455+0000] {logging_mixin.py:188} INFO - [2026-02-26T11:15:39.454+0000] {dag.py:3089} INFO - Sync 1 DAGs
[2026-02-26T11:15:39.477+0000] {logging_mixin.py:188} INFO - [2026-02-26T11:15:39.476+0000] {dag.py:3947} INFO - Setting next_dagrun for oltp_s3_dwh to 2026-02-01 00:00:00+00:00, run_after=2026-03-01 00:00:00+00:00
[2026-02-26T11:15:39.495+0000] {processor.py:183} INFO - Processing /opt/airflow/dags/oltp_s3_dwh_dict.py took 0.821 seconds
[2026-02-26T11:16:09.786+0000] {processor.py:161} INFO - Started process (PID=1106) to work on /opt/airflow/dags/oltp_s3_dwh_dict.py
[2026-02-26T11:16:09.787+0000] {processor.py:830} INFO - Processing file /opt/airflow/dags/oltp_s3_dwh_dict.py for tasks to queue
[2026-02-26T11:16:09.789+0000] {logging_mixin.py:188} INFO - [2026-02-26T11:16:09.789+0000] {dagbag.py:545} INFO - Filling up the DagBag from /opt/airflow/dags/oltp_s3_dwh_dict.py
[2026-02-26T11:16:10.251+0000] {processor.py:840} INFO - DAG(s) 'oltp_s3_dwh' retrieved from /opt/airflow/dags/oltp_s3_dwh_dict.py
[2026-02-26T11:16:10.275+0000] {logging_mixin.py:188} INFO - [2026-02-26T11:16:10.274+0000] {dag.py:3089} INFO - Sync 1 DAGs
[2026-02-26T11:16:10.296+0000] {logging_mixin.py:188} INFO - [2026-02-26T11:16:10.295+0000] {dag.py:3947} INFO - Setting next_dagrun for oltp_s3_dwh to 2026-02-01 00:00:00+00:00, run_after=2026-03-01 00:00:00+00:00
[2026-02-26T11:16:10.314+0000] {processor.py:183} INFO - Processing /opt/airflow/dags/oltp_s3_dwh_dict.py took 0.535 seconds
[2026-02-26T11:16:40.555+0000] {processor.py:161} INFO - Started process (PID=1138) to work on /opt/airflow/dags/oltp_s3_dwh_dict.py
[2026-02-26T11:16:40.556+0000] {processor.py:830} INFO - Processing file /opt/airflow/dags/oltp_s3_dwh_dict.py for tasks to queue
[2026-02-26T11:16:40.558+0000] {logging_mixin.py:188} INFO - [2026-02-26T11:16:40.558+0000] {dagbag.py:545} INFO - Filling up the DagBag from /opt/airflow/dags/oltp_s3_dwh_dict.py
[2026-02-26T11:16:41.071+0000] {processor.py:840} INFO - DAG(s) 'oltp_s3_dwh' retrieved from /opt/airflow/dags/oltp_s3_dwh_dict.py
[2026-02-26T11:16:41.094+0000] {logging_mixin.py:188} INFO - [2026-02-26T11:16:41.094+0000] {dag.py:3089} INFO - Sync 1 DAGs
[2026-02-26T11:16:41.114+0000] {logging_mixin.py:188} INFO - [2026-02-26T11:16:41.113+0000] {dag.py:3947} INFO - Setting next_dagrun for oltp_s3_dwh to 2026-02-01 00:00:00+00:00, run_after=2026-03-01 00:00:00+00:00
[2026-02-26T11:16:41.133+0000] {processor.py:183} INFO - Processing /opt/airflow/dags/oltp_s3_dwh_dict.py took 0.585 seconds
[2026-02-26T11:17:11.467+0000] {processor.py:161} INFO - Started process (PID=1165) to work on /opt/airflow/dags/oltp_s3_dwh_dict.py
[2026-02-26T11:17:11.469+0000] {processor.py:830} INFO - Processing file /opt/airflow/dags/oltp_s3_dwh_dict.py for tasks to queue
[2026-02-26T11:17:11.471+0000] {logging_mixin.py:188} INFO - [2026-02-26T11:17:11.471+0000] {dagbag.py:545} INFO - Filling up the DagBag from /opt/airflow/dags/oltp_s3_dwh_dict.py
[2026-02-26T11:17:11.852+0000] {processor.py:840} INFO - DAG(s) 'oltp_s3_dwh' retrieved from /opt/airflow/dags/oltp_s3_dwh_dict.py
[2026-02-26T11:17:11.874+0000] {logging_mixin.py:188} INFO - [2026-02-26T11:17:11.874+0000] {dag.py:3089} INFO - Sync 1 DAGs
[2026-02-26T11:17:11.896+0000] {logging_mixin.py:188} INFO - [2026-02-26T11:17:11.896+0000] {dag.py:3947} INFO - Setting next_dagrun for oltp_s3_dwh to 2026-02-01 00:00:00+00:00, run_after=2026-03-01 00:00:00+00:00
[2026-02-26T11:17:11.915+0000] {processor.py:183} INFO - Processing /opt/airflow/dags/oltp_s3_dwh_dict.py took 0.543 seconds
[2026-02-26T11:17:42.085+0000] {processor.py:161} INFO - Started process (PID=1199) to work on /opt/airflow/dags/oltp_s3_dwh_dict.py
[2026-02-26T11:17:42.087+0000] {processor.py:830} INFO - Processing file /opt/airflow/dags/oltp_s3_dwh_dict.py for tasks to queue
[2026-02-26T11:17:42.090+0000] {logging_mixin.py:188} INFO - [2026-02-26T11:17:42.089+0000] {dagbag.py:545} INFO - Filling up the DagBag from /opt/airflow/dags/oltp_s3_dwh_dict.py
[2026-02-26T11:17:42.527+0000] {processor.py:840} INFO - DAG(s) 'oltp_s3_dwh' retrieved from /opt/airflow/dags/oltp_s3_dwh_dict.py
[2026-02-26T11:17:42.551+0000] {logging_mixin.py:188} INFO - [2026-02-26T11:17:42.550+0000] {dag.py:3089} INFO - Sync 1 DAGs
[2026-02-26T11:17:42.570+0000] {logging_mixin.py:188} INFO - [2026-02-26T11:17:42.570+0000] {dag.py:3947} INFO - Setting next_dagrun for oltp_s3_dwh to 2026-02-01 00:00:00+00:00, run_after=2026-03-01 00:00:00+00:00
[2026-02-26T11:17:42.592+0000] {processor.py:183} INFO - Processing /opt/airflow/dags/oltp_s3_dwh_dict.py took 0.512 seconds
[2026-02-26T11:18:12.806+0000] {processor.py:161} INFO - Started process (PID=1225) to work on /opt/airflow/dags/oltp_s3_dwh_dict.py
[2026-02-26T11:18:12.807+0000] {processor.py:830} INFO - Processing file /opt/airflow/dags/oltp_s3_dwh_dict.py for tasks to queue
[2026-02-26T11:18:12.809+0000] {logging_mixin.py:188} INFO - [2026-02-26T11:18:12.809+0000] {dagbag.py:545} INFO - Filling up the DagBag from /opt/airflow/dags/oltp_s3_dwh_dict.py
[2026-02-26T11:18:13.240+0000] {processor.py:840} INFO - DAG(s) 'oltp_s3_dwh' retrieved from /opt/airflow/dags/oltp_s3_dwh_dict.py
[2026-02-26T11:18:13.261+0000] {logging_mixin.py:188} INFO - [2026-02-26T11:18:13.260+0000] {dag.py:3089} INFO - Sync 1 DAGs
[2026-02-26T11:18:13.280+0000] {logging_mixin.py:188} INFO - [2026-02-26T11:18:13.280+0000] {dag.py:3947} INFO - Setting next_dagrun for oltp_s3_dwh to 2026-02-01 00:00:00+00:00, run_after=2026-03-01 00:00:00+00:00
[2026-02-26T11:18:13.299+0000] {processor.py:183} INFO - Processing /opt/airflow/dags/oltp_s3_dwh_dict.py took 0.498 seconds
[2026-02-26T11:18:43.666+0000] {processor.py:161} INFO - Started process (PID=1252) to work on /opt/airflow/dags/oltp_s3_dwh_dict.py
[2026-02-26T11:18:43.667+0000] {processor.py:830} INFO - Processing file /opt/airflow/dags/oltp_s3_dwh_dict.py for tasks to queue
[2026-02-26T11:18:43.669+0000] {logging_mixin.py:188} INFO - [2026-02-26T11:18:43.669+0000] {dagbag.py:545} INFO - Filling up the DagBag from /opt/airflow/dags/oltp_s3_dwh_dict.py
[2026-02-26T11:18:44.126+0000] {processor.py:840} INFO - DAG(s) 'oltp_s3_dwh' retrieved from /opt/airflow/dags/oltp_s3_dwh_dict.py
[2026-02-26T11:18:44.151+0000] {logging_mixin.py:188} INFO - [2026-02-26T11:18:44.151+0000] {dag.py:3089} INFO - Sync 1 DAGs
[2026-02-26T11:18:44.172+0000] {logging_mixin.py:188} INFO - [2026-02-26T11:18:44.172+0000] {dag.py:3947} INFO - Setting next_dagrun for oltp_s3_dwh to 2026-02-01 00:00:00+00:00, run_after=2026-03-01 00:00:00+00:00
[2026-02-26T11:18:44.195+0000] {processor.py:183} INFO - Processing /opt/airflow/dags/oltp_s3_dwh_dict.py took 0.535 seconds
[2026-02-26T11:19:14.468+0000] {processor.py:161} INFO - Started process (PID=1285) to work on /opt/airflow/dags/oltp_s3_dwh_dict.py
[2026-02-26T11:19:14.470+0000] {processor.py:830} INFO - Processing file /opt/airflow/dags/oltp_s3_dwh_dict.py for tasks to queue
[2026-02-26T11:19:14.472+0000] {logging_mixin.py:188} INFO - [2026-02-26T11:19:14.471+0000] {dagbag.py:545} INFO - Filling up the DagBag from /opt/airflow/dags/oltp_s3_dwh_dict.py
[2026-02-26T11:19:14.934+0000] {processor.py:840} INFO - DAG(s) 'oltp_s3_dwh' retrieved from /opt/airflow/dags/oltp_s3_dwh_dict.py
[2026-02-26T11:19:14.961+0000] {logging_mixin.py:188} INFO - [2026-02-26T11:19:14.961+0000] {dag.py:3089} INFO - Sync 1 DAGs
[2026-02-26T11:19:14.983+0000] {logging_mixin.py:188} INFO - [2026-02-26T11:19:14.983+0000] {dag.py:3947} INFO - Setting next_dagrun for oltp_s3_dwh to 2026-02-01 00:00:00+00:00, run_after=2026-03-01 00:00:00+00:00
[2026-02-26T11:19:15.003+0000] {processor.py:183} INFO - Processing /opt/airflow/dags/oltp_s3_dwh_dict.py took 0.541 seconds
[2026-02-26T11:19:45.544+0000] {processor.py:161} INFO - Started process (PID=1311) to work on /opt/airflow/dags/oltp_s3_dwh_dict.py
[2026-02-26T11:19:45.546+0000] {processor.py:830} INFO - Processing file /opt/airflow/dags/oltp_s3_dwh_dict.py for tasks to queue
[2026-02-26T11:19:45.549+0000] {logging_mixin.py:188} INFO - [2026-02-26T11:19:45.548+0000] {dagbag.py:545} INFO - Filling up the DagBag from /opt/airflow/dags/oltp_s3_dwh_dict.py
[2026-02-26T11:19:46.047+0000] {processor.py:840} INFO - DAG(s) 'oltp_s3_dwh' retrieved from /opt/airflow/dags/oltp_s3_dwh_dict.py
[2026-02-26T11:19:46.070+0000] {logging_mixin.py:188} INFO - [2026-02-26T11:19:46.070+0000] {dag.py:3089} INFO - Sync 1 DAGs
[2026-02-26T11:19:46.091+0000] {logging_mixin.py:188} INFO - [2026-02-26T11:19:46.091+0000] {dag.py:3947} INFO - Setting next_dagrun for oltp_s3_dwh to 2026-02-01 00:00:00+00:00, run_after=2026-03-01 00:00:00+00:00
[2026-02-26T11:19:46.113+0000] {processor.py:183} INFO - Processing /opt/airflow/dags/oltp_s3_dwh_dict.py took 0.581 seconds
[2026-02-26T11:20:16.357+0000] {processor.py:161} INFO - Started process (PID=1344) to work on /opt/airflow/dags/oltp_s3_dwh_dict.py
[2026-02-26T11:20:16.359+0000] {processor.py:830} INFO - Processing file /opt/airflow/dags/oltp_s3_dwh_dict.py for tasks to queue
[2026-02-26T11:20:16.362+0000] {logging_mixin.py:188} INFO - [2026-02-26T11:20:16.362+0000] {dagbag.py:545} INFO - Filling up the DagBag from /opt/airflow/dags/oltp_s3_dwh_dict.py
[2026-02-26T11:20:16.886+0000] {processor.py:840} INFO - DAG(s) 'oltp_s3_dwh' retrieved from /opt/airflow/dags/oltp_s3_dwh_dict.py
[2026-02-26T11:20:16.916+0000] {logging_mixin.py:188} INFO - [2026-02-26T11:20:16.915+0000] {dag.py:3089} INFO - Sync 1 DAGs
[2026-02-26T11:20:16.938+0000] {logging_mixin.py:188} INFO - [2026-02-26T11:20:16.938+0000] {dag.py:3947} INFO - Setting next_dagrun for oltp_s3_dwh to 2026-02-01 00:00:00+00:00, run_after=2026-03-01 00:00:00+00:00
[2026-02-26T11:20:16.962+0000] {processor.py:183} INFO - Processing /opt/airflow/dags/oltp_s3_dwh_dict.py took 0.612 seconds
[2026-02-26T11:20:47.172+0000] {processor.py:161} INFO - Started process (PID=1370) to work on /opt/airflow/dags/oltp_s3_dwh_dict.py
[2026-02-26T11:20:47.173+0000] {processor.py:830} INFO - Processing file /opt/airflow/dags/oltp_s3_dwh_dict.py for tasks to queue
[2026-02-26T11:20:47.175+0000] {logging_mixin.py:188} INFO - [2026-02-26T11:20:47.175+0000] {dagbag.py:545} INFO - Filling up the DagBag from /opt/airflow/dags/oltp_s3_dwh_dict.py
[2026-02-26T11:20:47.669+0000] {processor.py:840} INFO - DAG(s) 'oltp_s3_dwh' retrieved from /opt/airflow/dags/oltp_s3_dwh_dict.py
[2026-02-26T11:20:47.691+0000] {logging_mixin.py:188} INFO - [2026-02-26T11:20:47.691+0000] {dag.py:3089} INFO - Sync 1 DAGs
[2026-02-26T11:20:47.711+0000] {logging_mixin.py:188} INFO - [2026-02-26T11:20:47.711+0000] {dag.py:3947} INFO - Setting next_dagrun for oltp_s3_dwh to 2026-02-01 00:00:00+00:00, run_after=2026-03-01 00:00:00+00:00
[2026-02-26T11:20:47.733+0000] {processor.py:183} INFO - Processing /opt/airflow/dags/oltp_s3_dwh_dict.py took 0.567 seconds
[2026-02-26T11:21:18.434+0000] {processor.py:161} INFO - Started process (PID=1395) to work on /opt/airflow/dags/oltp_s3_dwh_dict.py
[2026-02-26T11:21:18.435+0000] {processor.py:830} INFO - Processing file /opt/airflow/dags/oltp_s3_dwh_dict.py for tasks to queue
[2026-02-26T11:21:18.437+0000] {logging_mixin.py:188} INFO - [2026-02-26T11:21:18.437+0000] {dagbag.py:545} INFO - Filling up the DagBag from /opt/airflow/dags/oltp_s3_dwh_dict.py
[2026-02-26T11:21:18.924+0000] {processor.py:840} INFO - DAG(s) 'oltp_s3_dwh' retrieved from /opt/airflow/dags/oltp_s3_dwh_dict.py
[2026-02-26T11:21:18.952+0000] {logging_mixin.py:188} INFO - [2026-02-26T11:21:18.952+0000] {dag.py:3089} INFO - Sync 1 DAGs
[2026-02-26T11:21:18.977+0000] {logging_mixin.py:188} INFO - [2026-02-26T11:21:18.977+0000] {dag.py:3947} INFO - Setting next_dagrun for oltp_s3_dwh to 2026-02-01 00:00:00+00:00, run_after=2026-03-01 00:00:00+00:00
[2026-02-26T11:21:19.005+0000] {processor.py:183} INFO - Processing /opt/airflow/dags/oltp_s3_dwh_dict.py took 0.579 seconds
[2026-02-26T11:21:49.294+0000] {processor.py:161} INFO - Started process (PID=1428) to work on /opt/airflow/dags/oltp_s3_dwh_dict.py
[2026-02-26T11:21:49.297+0000] {processor.py:830} INFO - Processing file /opt/airflow/dags/oltp_s3_dwh_dict.py for tasks to queue
[2026-02-26T11:21:49.307+0000] {logging_mixin.py:188} INFO - [2026-02-26T11:21:49.305+0000] {dagbag.py:545} INFO - Filling up the DagBag from /opt/airflow/dags/oltp_s3_dwh_dict.py
[2026-02-26T11:21:50.042+0000] {processor.py:840} INFO - DAG(s) 'oltp_s3_dwh' retrieved from /opt/airflow/dags/oltp_s3_dwh_dict.py
[2026-02-26T11:21:50.069+0000] {logging_mixin.py:188} INFO - [2026-02-26T11:21:50.068+0000] {dag.py:3089} INFO - Sync 1 DAGs
[2026-02-26T11:21:50.090+0000] {logging_mixin.py:188} INFO - [2026-02-26T11:21:50.090+0000] {dag.py:3947} INFO - Setting next_dagrun for oltp_s3_dwh to 2026-02-01 00:00:00+00:00, run_after=2026-03-01 00:00:00+00:00
[2026-02-26T11:21:50.114+0000] {processor.py:183} INFO - Processing /opt/airflow/dags/oltp_s3_dwh_dict.py took 0.842 seconds
[2026-02-26T11:22:20.613+0000] {processor.py:161} INFO - Started process (PID=1455) to work on /opt/airflow/dags/oltp_s3_dwh_dict.py
[2026-02-26T11:22:20.614+0000] {processor.py:830} INFO - Processing file /opt/airflow/dags/oltp_s3_dwh_dict.py for tasks to queue
[2026-02-26T11:22:20.617+0000] {logging_mixin.py:188} INFO - [2026-02-26T11:22:20.616+0000] {dagbag.py:545} INFO - Filling up the DagBag from /opt/airflow/dags/oltp_s3_dwh_dict.py
[2026-02-26T11:22:21.125+0000] {processor.py:840} INFO - DAG(s) 'oltp_s3_dwh' retrieved from /opt/airflow/dags/oltp_s3_dwh_dict.py
[2026-02-26T11:22:21.149+0000] {logging_mixin.py:188} INFO - [2026-02-26T11:22:21.149+0000] {dag.py:3089} INFO - Sync 1 DAGs
[2026-02-26T11:22:21.169+0000] {logging_mixin.py:188} INFO - [2026-02-26T11:22:21.169+0000] {dag.py:3947} INFO - Setting next_dagrun for oltp_s3_dwh to 2026-02-01 00:00:00+00:00, run_after=2026-03-01 00:00:00+00:00
[2026-02-26T11:22:21.192+0000] {processor.py:183} INFO - Processing /opt/airflow/dags/oltp_s3_dwh_dict.py took 0.585 seconds
[2026-02-26T11:22:51.446+0000] {processor.py:161} INFO - Started process (PID=1486) to work on /opt/airflow/dags/oltp_s3_dwh_dict.py
[2026-02-26T11:22:51.447+0000] {processor.py:830} INFO - Processing file /opt/airflow/dags/oltp_s3_dwh_dict.py for tasks to queue
[2026-02-26T11:22:51.450+0000] {logging_mixin.py:188} INFO - [2026-02-26T11:22:51.449+0000] {dagbag.py:545} INFO - Filling up the DagBag from /opt/airflow/dags/oltp_s3_dwh_dict.py
[2026-02-26T11:22:52.005+0000] {processor.py:840} INFO - DAG(s) 'oltp_s3_dwh' retrieved from /opt/airflow/dags/oltp_s3_dwh_dict.py
[2026-02-26T11:22:52.040+0000] {logging_mixin.py:188} INFO - [2026-02-26T11:22:52.040+0000] {dag.py:3089} INFO - Sync 1 DAGs
[2026-02-26T11:22:52.073+0000] {logging_mixin.py:188} INFO - [2026-02-26T11:22:52.071+0000] {dag.py:3947} INFO - Setting next_dagrun for oltp_s3_dwh to 2026-02-01 00:00:00+00:00, run_after=2026-03-01 00:00:00+00:00
[2026-02-26T11:22:52.102+0000] {processor.py:183} INFO - Processing /opt/airflow/dags/oltp_s3_dwh_dict.py took 0.662 seconds
[2026-02-26T11:23:22.498+0000] {processor.py:161} INFO - Started process (PID=1512) to work on /opt/airflow/dags/oltp_s3_dwh_dict.py
[2026-02-26T11:23:22.500+0000] {processor.py:830} INFO - Processing file /opt/airflow/dags/oltp_s3_dwh_dict.py for tasks to queue
[2026-02-26T11:23:22.504+0000] {logging_mixin.py:188} INFO - [2026-02-26T11:23:22.503+0000] {dagbag.py:545} INFO - Filling up the DagBag from /opt/airflow/dags/oltp_s3_dwh_dict.py
[2026-02-26T11:23:23.002+0000] {processor.py:840} INFO - DAG(s) 'oltp_s3_dwh' retrieved from /opt/airflow/dags/oltp_s3_dwh_dict.py
[2026-02-26T11:23:23.027+0000] {logging_mixin.py:188} INFO - [2026-02-26T11:23:23.026+0000] {dag.py:3089} INFO - Sync 1 DAGs
[2026-02-26T11:23:23.051+0000] {logging_mixin.py:188} INFO - [2026-02-26T11:23:23.051+0000] {dag.py:3947} INFO - Setting next_dagrun for oltp_s3_dwh to 2026-02-01 00:00:00+00:00, run_after=2026-03-01 00:00:00+00:00
[2026-02-26T11:23:23.076+0000] {processor.py:183} INFO - Processing /opt/airflow/dags/oltp_s3_dwh_dict.py took 0.588 seconds
[2026-02-26T11:23:53.299+0000] {processor.py:161} INFO - Started process (PID=1537) to work on /opt/airflow/dags/oltp_s3_dwh_dict.py
[2026-02-26T11:23:53.300+0000] {processor.py:830} INFO - Processing file /opt/airflow/dags/oltp_s3_dwh_dict.py for tasks to queue
[2026-02-26T11:23:53.302+0000] {logging_mixin.py:188} INFO - [2026-02-26T11:23:53.301+0000] {dagbag.py:545} INFO - Filling up the DagBag from /opt/airflow/dags/oltp_s3_dwh_dict.py
[2026-02-26T11:23:53.808+0000] {processor.py:840} INFO - DAG(s) 'oltp_s3_dwh' retrieved from /opt/airflow/dags/oltp_s3_dwh_dict.py
[2026-02-26T11:23:53.831+0000] {logging_mixin.py:188} INFO - [2026-02-26T11:23:53.830+0000] {dag.py:3089} INFO - Sync 1 DAGs
[2026-02-26T11:23:53.851+0000] {logging_mixin.py:188} INFO - [2026-02-26T11:23:53.850+0000] {dag.py:3947} INFO - Setting next_dagrun for oltp_s3_dwh to 2026-02-01 00:00:00+00:00, run_after=2026-03-01 00:00:00+00:00
[2026-02-26T11:23:53.872+0000] {processor.py:183} INFO - Processing /opt/airflow/dags/oltp_s3_dwh_dict.py took 0.580 seconds
[2026-02-26T11:24:24.210+0000] {processor.py:161} INFO - Started process (PID=1571) to work on /opt/airflow/dags/oltp_s3_dwh_dict.py
[2026-02-26T11:24:24.212+0000] {processor.py:830} INFO - Processing file /opt/airflow/dags/oltp_s3_dwh_dict.py for tasks to queue
[2026-02-26T11:24:24.214+0000] {logging_mixin.py:188} INFO - [2026-02-26T11:24:24.214+0000] {dagbag.py:545} INFO - Filling up the DagBag from /opt/airflow/dags/oltp_s3_dwh_dict.py
[2026-02-26T11:24:24.701+0000] {processor.py:840} INFO - DAG(s) 'oltp_s3_dwh' retrieved from /opt/airflow/dags/oltp_s3_dwh_dict.py
[2026-02-26T11:24:24.722+0000] {logging_mixin.py:188} INFO - [2026-02-26T11:24:24.722+0000] {dag.py:3089} INFO - Sync 1 DAGs
[2026-02-26T11:24:24.746+0000] {logging_mixin.py:188} INFO - [2026-02-26T11:24:24.746+0000] {dag.py:3947} INFO - Setting next_dagrun for oltp_s3_dwh to 2026-02-01 00:00:00+00:00, run_after=2026-03-01 00:00:00+00:00
[2026-02-26T11:24:24.769+0000] {processor.py:183} INFO - Processing /opt/airflow/dags/oltp_s3_dwh_dict.py took 0.564 seconds
[2026-02-26T11:24:54.887+0000] {processor.py:161} INFO - Started process (PID=1598) to work on /opt/airflow/dags/oltp_s3_dwh_dict.py
[2026-02-26T11:24:54.888+0000] {processor.py:830} INFO - Processing file /opt/airflow/dags/oltp_s3_dwh_dict.py for tasks to queue
[2026-02-26T11:24:54.890+0000] {logging_mixin.py:188} INFO - [2026-02-26T11:24:54.890+0000] {dagbag.py:545} INFO - Filling up the DagBag from /opt/airflow/dags/oltp_s3_dwh_dict.py
[2026-02-26T11:24:55.371+0000] {processor.py:840} INFO - DAG(s) 'oltp_s3_dwh' retrieved from /opt/airflow/dags/oltp_s3_dwh_dict.py
[2026-02-26T11:24:55.392+0000] {logging_mixin.py:188} INFO - [2026-02-26T11:24:55.391+0000] {dag.py:3089} INFO - Sync 1 DAGs
[2026-02-26T11:24:55.414+0000] {logging_mixin.py:188} INFO - [2026-02-26T11:24:55.414+0000] {dag.py:3947} INFO - Setting next_dagrun for oltp_s3_dwh to 2026-02-01 00:00:00+00:00, run_after=2026-03-01 00:00:00+00:00
[2026-02-26T11:24:55.437+0000] {processor.py:183} INFO - Processing /opt/airflow/dags/oltp_s3_dwh_dict.py took 0.557 seconds
[2026-02-26T11:25:25.653+0000] {processor.py:161} INFO - Started process (PID=1623) to work on /opt/airflow/dags/oltp_s3_dwh_dict.py
[2026-02-26T11:25:25.654+0000] {processor.py:830} INFO - Processing file /opt/airflow/dags/oltp_s3_dwh_dict.py for tasks to queue
[2026-02-26T11:25:25.657+0000] {logging_mixin.py:188} INFO - [2026-02-26T11:25:25.656+0000] {dagbag.py:545} INFO - Filling up the DagBag from /opt/airflow/dags/oltp_s3_dwh_dict.py
[2026-02-26T11:25:26.228+0000] {processor.py:840} INFO - DAG(s) 'oltp_s3_dwh' retrieved from /opt/airflow/dags/oltp_s3_dwh_dict.py
[2026-02-26T11:25:26.262+0000] {logging_mixin.py:188} INFO - [2026-02-26T11:25:26.262+0000] {dag.py:3089} INFO - Sync 1 DAGs
[2026-02-26T11:25:26.291+0000] {logging_mixin.py:188} INFO - [2026-02-26T11:25:26.290+0000] {dag.py:3947} INFO - Setting next_dagrun for oltp_s3_dwh to 2026-02-01 00:00:00+00:00, run_after=2026-03-01 00:00:00+00:00
[2026-02-26T11:25:26.316+0000] {processor.py:183} INFO - Processing /opt/airflow/dags/oltp_s3_dwh_dict.py took 0.669 seconds
[2026-02-26T11:25:56.530+0000] {processor.py:161} INFO - Started process (PID=1657) to work on /opt/airflow/dags/oltp_s3_dwh_dict.py
[2026-02-26T11:25:56.531+0000] {processor.py:830} INFO - Processing file /opt/airflow/dags/oltp_s3_dwh_dict.py for tasks to queue
[2026-02-26T11:25:56.533+0000] {logging_mixin.py:188} INFO - [2026-02-26T11:25:56.533+0000] {dagbag.py:545} INFO - Filling up the DagBag from /opt/airflow/dags/oltp_s3_dwh_dict.py
[2026-02-26T11:25:56.971+0000] {processor.py:840} INFO - DAG(s) 'oltp_s3_dwh' retrieved from /opt/airflow/dags/oltp_s3_dwh_dict.py
[2026-02-26T11:25:56.993+0000] {logging_mixin.py:188} INFO - [2026-02-26T11:25:56.992+0000] {dag.py:3089} INFO - Sync 1 DAGs
[2026-02-26T11:25:57.014+0000] {logging_mixin.py:188} INFO - [2026-02-26T11:25:57.013+0000] {dag.py:3947} INFO - Setting next_dagrun for oltp_s3_dwh to 2026-02-01 00:00:00+00:00, run_after=2026-03-01 00:00:00+00:00
[2026-02-26T11:25:57.035+0000] {processor.py:183} INFO - Processing /opt/airflow/dags/oltp_s3_dwh_dict.py took 0.511 seconds
[2026-02-26T11:26:27.216+0000] {processor.py:161} INFO - Started process (PID=1682) to work on /opt/airflow/dags/oltp_s3_dwh_dict.py
[2026-02-26T11:26:27.218+0000] {processor.py:830} INFO - Processing file /opt/airflow/dags/oltp_s3_dwh_dict.py for tasks to queue
[2026-02-26T11:26:27.220+0000] {logging_mixin.py:188} INFO - [2026-02-26T11:26:27.219+0000] {dagbag.py:545} INFO - Filling up the DagBag from /opt/airflow/dags/oltp_s3_dwh_dict.py
[2026-02-26T11:26:27.704+0000] {processor.py:840} INFO - DAG(s) 'oltp_s3_dwh' retrieved from /opt/airflow/dags/oltp_s3_dwh_dict.py
[2026-02-26T11:26:27.727+0000] {logging_mixin.py:188} INFO - [2026-02-26T11:26:27.726+0000] {dag.py:3089} INFO - Sync 1 DAGs
[2026-02-26T11:26:27.746+0000] {logging_mixin.py:188} INFO - [2026-02-26T11:26:27.746+0000] {dag.py:3947} INFO - Setting next_dagrun for oltp_s3_dwh to 2026-02-01 00:00:00+00:00, run_after=2026-03-01 00:00:00+00:00
[2026-02-26T11:26:27.767+0000] {processor.py:183} INFO - Processing /opt/airflow/dags/oltp_s3_dwh_dict.py took 0.558 seconds
[2026-02-26T11:26:57.857+0000] {processor.py:161} INFO - Started process (PID=1708) to work on /opt/airflow/dags/oltp_s3_dwh_dict.py
[2026-02-26T11:26:57.859+0000] {processor.py:830} INFO - Processing file /opt/airflow/dags/oltp_s3_dwh_dict.py for tasks to queue
[2026-02-26T11:26:57.861+0000] {logging_mixin.py:188} INFO - [2026-02-26T11:26:57.861+0000] {dagbag.py:545} INFO - Filling up the DagBag from /opt/airflow/dags/oltp_s3_dwh_dict.py
[2026-02-26T11:26:58.321+0000] {processor.py:840} INFO - DAG(s) 'oltp_s3_dwh' retrieved from /opt/airflow/dags/oltp_s3_dwh_dict.py
[2026-02-26T11:26:58.343+0000] {logging_mixin.py:188} INFO - [2026-02-26T11:26:58.343+0000] {dag.py:3089} INFO - Sync 1 DAGs
[2026-02-26T11:26:58.366+0000] {logging_mixin.py:188} INFO - [2026-02-26T11:26:58.366+0000] {dag.py:3947} INFO - Setting next_dagrun for oltp_s3_dwh to 2026-02-01 00:00:00+00:00, run_after=2026-03-01 00:00:00+00:00
[2026-02-26T11:26:58.392+0000] {processor.py:183} INFO - Processing /opt/airflow/dags/oltp_s3_dwh_dict.py took 0.541 seconds
[2026-02-26T11:27:28.593+0000] {processor.py:161} INFO - Started process (PID=1740) to work on /opt/airflow/dags/oltp_s3_dwh_dict.py
[2026-02-26T11:27:28.595+0000] {processor.py:830} INFO - Processing file /opt/airflow/dags/oltp_s3_dwh_dict.py for tasks to queue
[2026-02-26T11:27:28.597+0000] {logging_mixin.py:188} INFO - [2026-02-26T11:27:28.597+0000] {dagbag.py:545} INFO - Filling up the DagBag from /opt/airflow/dags/oltp_s3_dwh_dict.py
[2026-02-26T11:27:29.094+0000] {processor.py:840} INFO - DAG(s) 'oltp_s3_dwh' retrieved from /opt/airflow/dags/oltp_s3_dwh_dict.py
[2026-02-26T11:27:29.119+0000] {logging_mixin.py:188} INFO - [2026-02-26T11:27:29.119+0000] {dag.py:3089} INFO - Sync 1 DAGs
[2026-02-26T11:27:29.143+0000] {logging_mixin.py:188} INFO - [2026-02-26T11:27:29.143+0000] {dag.py:3947} INFO - Setting next_dagrun for oltp_s3_dwh to 2026-02-01 00:00:00+00:00, run_after=2026-03-01 00:00:00+00:00
[2026-02-26T11:27:29.165+0000] {processor.py:183} INFO - Processing /opt/airflow/dags/oltp_s3_dwh_dict.py took 0.579 seconds
[2026-02-26T11:27:59.284+0000] {processor.py:161} INFO - Started process (PID=1766) to work on /opt/airflow/dags/oltp_s3_dwh_dict.py
[2026-02-26T11:27:59.285+0000] {processor.py:830} INFO - Processing file /opt/airflow/dags/oltp_s3_dwh_dict.py for tasks to queue
[2026-02-26T11:27:59.288+0000] {logging_mixin.py:188} INFO - [2026-02-26T11:27:59.288+0000] {dagbag.py:545} INFO - Filling up the DagBag from /opt/airflow/dags/oltp_s3_dwh_dict.py
[2026-02-26T11:27:59.997+0000] {processor.py:840} INFO - DAG(s) 'oltp_s3_dwh' retrieved from /opt/airflow/dags/oltp_s3_dwh_dict.py
[2026-02-26T11:28:00.020+0000] {logging_mixin.py:188} INFO - [2026-02-26T11:28:00.020+0000] {dag.py:3089} INFO - Sync 1 DAGs
[2026-02-26T11:28:00.041+0000] {logging_mixin.py:188} INFO - [2026-02-26T11:28:00.041+0000] {dag.py:3947} INFO - Setting next_dagrun for oltp_s3_dwh to 2026-02-01 00:00:00+00:00, run_after=2026-03-01 00:00:00+00:00
[2026-02-26T11:28:00.063+0000] {processor.py:183} INFO - Processing /opt/airflow/dags/oltp_s3_dwh_dict.py took 0.786 seconds
[2026-02-26T11:28:30.207+0000] {processor.py:161} INFO - Started process (PID=1798) to work on /opt/airflow/dags/oltp_s3_dwh_dict.py
[2026-02-26T11:28:30.208+0000] {processor.py:830} INFO - Processing file /opt/airflow/dags/oltp_s3_dwh_dict.py for tasks to queue
[2026-02-26T11:28:30.210+0000] {logging_mixin.py:188} INFO - [2026-02-26T11:28:30.210+0000] {dagbag.py:545} INFO - Filling up the DagBag from /opt/airflow/dags/oltp_s3_dwh_dict.py
[2026-02-26T11:28:30.787+0000] {processor.py:840} INFO - DAG(s) 'oltp_s3_dwh' retrieved from /opt/airflow/dags/oltp_s3_dwh_dict.py
[2026-02-26T11:28:30.820+0000] {logging_mixin.py:188} INFO - [2026-02-26T11:28:30.820+0000] {dag.py:3089} INFO - Sync 1 DAGs
[2026-02-26T11:28:30.848+0000] {logging_mixin.py:188} INFO - [2026-02-26T11:28:30.848+0000] {dag.py:3947} INFO - Setting next_dagrun for oltp_s3_dwh to 2026-02-01 00:00:00+00:00, run_after=2026-03-01 00:00:00+00:00
[2026-02-26T11:28:30.876+0000] {processor.py:183} INFO - Processing /opt/airflow/dags/oltp_s3_dwh_dict.py took 0.680 seconds
[2026-02-26T11:29:01.116+0000] {processor.py:161} INFO - Started process (PID=1824) to work on /opt/airflow/dags/oltp_s3_dwh_dict.py
[2026-02-26T11:29:01.117+0000] {processor.py:830} INFO - Processing file /opt/airflow/dags/oltp_s3_dwh_dict.py for tasks to queue
[2026-02-26T11:29:01.120+0000] {logging_mixin.py:188} INFO - [2026-02-26T11:29:01.119+0000] {dagbag.py:545} INFO - Filling up the DagBag from /opt/airflow/dags/oltp_s3_dwh_dict.py
[2026-02-26T11:29:01.620+0000] {processor.py:840} INFO - DAG(s) 'oltp_s3_dwh' retrieved from /opt/airflow/dags/oltp_s3_dwh_dict.py
[2026-02-26T11:29:01.648+0000] {logging_mixin.py:188} INFO - [2026-02-26T11:29:01.647+0000] {dag.py:3089} INFO - Sync 1 DAGs
[2026-02-26T11:29:01.671+0000] {logging_mixin.py:188} INFO - [2026-02-26T11:29:01.670+0000] {dag.py:3947} INFO - Setting next_dagrun for oltp_s3_dwh to 2026-02-01 00:00:00+00:00, run_after=2026-03-01 00:00:00+00:00
[2026-02-26T11:29:01.701+0000] {processor.py:183} INFO - Processing /opt/airflow/dags/oltp_s3_dwh_dict.py took 0.595 seconds
[2026-02-26T11:29:32.048+0000] {processor.py:161} INFO - Started process (PID=1850) to work on /opt/airflow/dags/oltp_s3_dwh_dict.py
[2026-02-26T11:29:32.049+0000] {processor.py:830} INFO - Processing file /opt/airflow/dags/oltp_s3_dwh_dict.py for tasks to queue
[2026-02-26T11:29:32.051+0000] {logging_mixin.py:188} INFO - [2026-02-26T11:29:32.051+0000] {dagbag.py:545} INFO - Filling up the DagBag from /opt/airflow/dags/oltp_s3_dwh_dict.py
[2026-02-26T11:29:32.648+0000] {processor.py:840} INFO - DAG(s) 'oltp_s3_dwh' retrieved from /opt/airflow/dags/oltp_s3_dwh_dict.py
[2026-02-26T11:29:32.681+0000] {logging_mixin.py:188} INFO - [2026-02-26T11:29:32.680+0000] {dag.py:3089} INFO - Sync 1 DAGs
[2026-02-26T11:29:32.710+0000] {logging_mixin.py:188} INFO - [2026-02-26T11:29:32.709+0000] {dag.py:3947} INFO - Setting next_dagrun for oltp_s3_dwh to 2026-02-01 00:00:00+00:00, run_after=2026-03-01 00:00:00+00:00
[2026-02-26T11:29:32.740+0000] {processor.py:183} INFO - Processing /opt/airflow/dags/oltp_s3_dwh_dict.py took 0.699 seconds
[2026-02-26T11:30:03.197+0000] {processor.py:161} INFO - Started process (PID=1883) to work on /opt/airflow/dags/oltp_s3_dwh_dict.py
[2026-02-26T11:30:03.199+0000] {processor.py:830} INFO - Processing file /opt/airflow/dags/oltp_s3_dwh_dict.py for tasks to queue
[2026-02-26T11:30:03.204+0000] {logging_mixin.py:188} INFO - [2026-02-26T11:30:03.203+0000] {dagbag.py:545} INFO - Filling up the DagBag from /opt/airflow/dags/oltp_s3_dwh_dict.py
[2026-02-26T11:30:03.734+0000] {processor.py:840} INFO - DAG(s) 'oltp_s3_dwh' retrieved from /opt/airflow/dags/oltp_s3_dwh_dict.py
[2026-02-26T11:30:03.760+0000] {logging_mixin.py:188} INFO - [2026-02-26T11:30:03.760+0000] {dag.py:3089} INFO - Sync 1 DAGs
[2026-02-26T11:30:03.785+0000] {logging_mixin.py:188} INFO - [2026-02-26T11:30:03.785+0000] {dag.py:3947} INFO - Setting next_dagrun for oltp_s3_dwh to 2026-02-01 00:00:00+00:00, run_after=2026-03-01 00:00:00+00:00
[2026-02-26T11:30:03.815+0000] {processor.py:183} INFO - Processing /opt/airflow/dags/oltp_s3_dwh_dict.py took 0.628 seconds
[2026-02-26T11:30:34.045+0000] {processor.py:161} INFO - Started process (PID=1911) to work on /opt/airflow/dags/oltp_s3_dwh_dict.py
[2026-02-26T11:30:34.046+0000] {processor.py:830} INFO - Processing file /opt/airflow/dags/oltp_s3_dwh_dict.py for tasks to queue
[2026-02-26T11:30:34.048+0000] {logging_mixin.py:188} INFO - [2026-02-26T11:30:34.048+0000] {dagbag.py:545} INFO - Filling up the DagBag from /opt/airflow/dags/oltp_s3_dwh_dict.py
[2026-02-26T11:30:34.507+0000] {processor.py:840} INFO - DAG(s) 'oltp_s3_dwh' retrieved from /opt/airflow/dags/oltp_s3_dwh_dict.py
[2026-02-26T11:30:34.544+0000] {logging_mixin.py:188} INFO - [2026-02-26T11:30:34.544+0000] {dag.py:3089} INFO - Sync 1 DAGs
[2026-02-26T11:30:34.568+0000] {logging_mixin.py:188} INFO - [2026-02-26T11:30:34.567+0000] {dag.py:3947} INFO - Setting next_dagrun for oltp_s3_dwh to 2026-02-01 00:00:00+00:00, run_after=2026-03-01 00:00:00+00:00
[2026-02-26T11:30:34.593+0000] {processor.py:183} INFO - Processing /opt/airflow/dags/oltp_s3_dwh_dict.py took 0.554 seconds
[2026-02-26T11:31:05.278+0000] {processor.py:161} INFO - Started process (PID=1945) to work on /opt/airflow/dags/oltp_s3_dwh_dict.py
[2026-02-26T11:31:05.280+0000] {processor.py:830} INFO - Processing file /opt/airflow/dags/oltp_s3_dwh_dict.py for tasks to queue
[2026-02-26T11:31:05.284+0000] {logging_mixin.py:188} INFO - [2026-02-26T11:31:05.283+0000] {dagbag.py:545} INFO - Filling up the DagBag from /opt/airflow/dags/oltp_s3_dwh_dict.py
[2026-02-26T11:31:05.995+0000] {processor.py:840} INFO - DAG(s) 'oltp_s3_dwh' retrieved from /opt/airflow/dags/oltp_s3_dwh_dict.py
[2026-02-26T11:31:06.035+0000] {logging_mixin.py:188} INFO - [2026-02-26T11:31:06.034+0000] {dag.py:3089} INFO - Sync 1 DAGs
[2026-02-26T11:31:06.063+0000] {logging_mixin.py:188} INFO - [2026-02-26T11:31:06.062+0000] {dag.py:3947} INFO - Setting next_dagrun for oltp_s3_dwh to 2026-02-01 00:00:00+00:00, run_after=2026-03-01 00:00:00+00:00
[2026-02-26T11:31:06.093+0000] {processor.py:183} INFO - Processing /opt/airflow/dags/oltp_s3_dwh_dict.py took 0.828 seconds
[2026-02-26T11:31:36.341+0000] {processor.py:161} INFO - Started process (PID=1971) to work on /opt/airflow/dags/oltp_s3_dwh_dict.py
[2026-02-26T11:31:36.343+0000] {processor.py:830} INFO - Processing file /opt/airflow/dags/oltp_s3_dwh_dict.py for tasks to queue
[2026-02-26T11:31:36.348+0000] {logging_mixin.py:188} INFO - [2026-02-26T11:31:36.347+0000] {dagbag.py:545} INFO - Filling up the DagBag from /opt/airflow/dags/oltp_s3_dwh_dict.py
[2026-02-26T11:31:36.864+0000] {processor.py:840} INFO - DAG(s) 'oltp_s3_dwh' retrieved from /opt/airflow/dags/oltp_s3_dwh_dict.py
[2026-02-26T11:31:36.887+0000] {logging_mixin.py:188} INFO - [2026-02-26T11:31:36.886+0000] {dag.py:3089} INFO - Sync 1 DAGs
[2026-02-26T11:31:36.910+0000] {logging_mixin.py:188} INFO - [2026-02-26T11:31:36.909+0000] {dag.py:3947} INFO - Setting next_dagrun for oltp_s3_dwh to 2026-02-01 00:00:00+00:00, run_after=2026-03-01 00:00:00+00:00
[2026-02-26T11:31:36.940+0000] {processor.py:183} INFO - Processing /opt/airflow/dags/oltp_s3_dwh_dict.py took 0.612 seconds
[2026-02-26T11:32:07.311+0000] {processor.py:161} INFO - Started process (PID=1997) to work on /opt/airflow/dags/oltp_s3_dwh_dict.py
[2026-02-26T11:32:07.312+0000] {processor.py:830} INFO - Processing file /opt/airflow/dags/oltp_s3_dwh_dict.py for tasks to queue
[2026-02-26T11:32:07.314+0000] {logging_mixin.py:188} INFO - [2026-02-26T11:32:07.314+0000] {dagbag.py:545} INFO - Filling up the DagBag from /opt/airflow/dags/oltp_s3_dwh_dict.py
[2026-02-26T11:32:07.751+0000] {processor.py:840} INFO - DAG(s) 'oltp_s3_dwh' retrieved from /opt/airflow/dags/oltp_s3_dwh_dict.py
[2026-02-26T11:32:07.772+0000] {logging_mixin.py:188} INFO - [2026-02-26T11:32:07.771+0000] {dag.py:3089} INFO - Sync 1 DAGs
[2026-02-26T11:32:07.792+0000] {logging_mixin.py:188} INFO - [2026-02-26T11:32:07.791+0000] {dag.py:3947} INFO - Setting next_dagrun for oltp_s3_dwh to 2026-02-01 00:00:00+00:00, run_after=2026-03-01 00:00:00+00:00
[2026-02-26T11:32:07.813+0000] {processor.py:183} INFO - Processing /opt/airflow/dags/oltp_s3_dwh_dict.py took 0.507 seconds
[2026-02-26T11:32:38.100+0000] {processor.py:161} INFO - Started process (PID=2030) to work on /opt/airflow/dags/oltp_s3_dwh_dict.py
[2026-02-26T11:32:38.102+0000] {processor.py:830} INFO - Processing file /opt/airflow/dags/oltp_s3_dwh_dict.py for tasks to queue
[2026-02-26T11:32:38.105+0000] {logging_mixin.py:188} INFO - [2026-02-26T11:32:38.104+0000] {dagbag.py:545} INFO - Filling up the DagBag from /opt/airflow/dags/oltp_s3_dwh_dict.py
[2026-02-26T11:32:38.665+0000] {processor.py:840} INFO - DAG(s) 'oltp_s3_dwh' retrieved from /opt/airflow/dags/oltp_s3_dwh_dict.py
[2026-02-26T11:32:38.697+0000] {logging_mixin.py:188} INFO - [2026-02-26T11:32:38.696+0000] {dag.py:3089} INFO - Sync 1 DAGs
[2026-02-26T11:32:38.731+0000] {logging_mixin.py:188} INFO - [2026-02-26T11:32:38.731+0000] {dag.py:3947} INFO - Setting next_dagrun for oltp_s3_dwh to 2026-02-01 00:00:00+00:00, run_after=2026-03-01 00:00:00+00:00
[2026-02-26T11:32:38.759+0000] {processor.py:183} INFO - Processing /opt/airflow/dags/oltp_s3_dwh_dict.py took 0.666 seconds
[2026-02-26T11:33:09.001+0000] {processor.py:161} INFO - Started process (PID=2057) to work on /opt/airflow/dags/oltp_s3_dwh_dict.py
[2026-02-26T11:33:09.003+0000] {processor.py:830} INFO - Processing file /opt/airflow/dags/oltp_s3_dwh_dict.py for tasks to queue
[2026-02-26T11:33:09.005+0000] {logging_mixin.py:188} INFO - [2026-02-26T11:33:09.005+0000] {dagbag.py:545} INFO - Filling up the DagBag from /opt/airflow/dags/oltp_s3_dwh_dict.py
[2026-02-26T11:33:09.474+0000] {processor.py:840} INFO - DAG(s) 'oltp_s3_dwh' retrieved from /opt/airflow/dags/oltp_s3_dwh_dict.py
[2026-02-26T11:33:09.501+0000] {logging_mixin.py:188} INFO - [2026-02-26T11:33:09.500+0000] {dag.py:3089} INFO - Sync 1 DAGs
[2026-02-26T11:33:09.526+0000] {logging_mixin.py:188} INFO - [2026-02-26T11:33:09.526+0000] {dag.py:3947} INFO - Setting next_dagrun for oltp_s3_dwh to 2026-02-01 00:00:00+00:00, run_after=2026-03-01 00:00:00+00:00
[2026-02-26T11:33:09.550+0000] {processor.py:183} INFO - Processing /opt/airflow/dags/oltp_s3_dwh_dict.py took 0.555 seconds
[2026-02-26T11:33:39.824+0000] {processor.py:161} INFO - Started process (PID=2084) to work on /opt/airflow/dags/oltp_s3_dwh_dict.py
[2026-02-26T11:33:39.826+0000] {processor.py:830} INFO - Processing file /opt/airflow/dags/oltp_s3_dwh_dict.py for tasks to queue
[2026-02-26T11:33:39.828+0000] {logging_mixin.py:188} INFO - [2026-02-26T11:33:39.828+0000] {dagbag.py:545} INFO - Filling up the DagBag from /opt/airflow/dags/oltp_s3_dwh_dict.py
[2026-02-26T11:33:40.424+0000] {processor.py:840} INFO - DAG(s) 'oltp_s3_dwh' retrieved from /opt/airflow/dags/oltp_s3_dwh_dict.py
[2026-02-26T11:33:40.447+0000] {logging_mixin.py:188} INFO - [2026-02-26T11:33:40.447+0000] {dag.py:3089} INFO - Sync 1 DAGs
[2026-02-26T11:33:40.467+0000] {logging_mixin.py:188} INFO - [2026-02-26T11:33:40.466+0000] {dag.py:3947} INFO - Setting next_dagrun for oltp_s3_dwh to 2026-02-01 00:00:00+00:00, run_after=2026-03-01 00:00:00+00:00
[2026-02-26T11:33:40.486+0000] {processor.py:183} INFO - Processing /opt/airflow/dags/oltp_s3_dwh_dict.py took 0.668 seconds
[2026-02-26T11:34:10.821+0000] {processor.py:161} INFO - Started process (PID=2117) to work on /opt/airflow/dags/oltp_s3_dwh_dict.py
[2026-02-26T11:34:10.822+0000] {processor.py:830} INFO - Processing file /opt/airflow/dags/oltp_s3_dwh_dict.py for tasks to queue
[2026-02-26T11:34:10.824+0000] {logging_mixin.py:188} INFO - [2026-02-26T11:34:10.824+0000] {dagbag.py:545} INFO - Filling up the DagBag from /opt/airflow/dags/oltp_s3_dwh_dict.py
[2026-02-26T11:34:11.292+0000] {processor.py:840} INFO - DAG(s) 'oltp_s3_dwh' retrieved from /opt/airflow/dags/oltp_s3_dwh_dict.py
[2026-02-26T11:34:11.313+0000] {logging_mixin.py:188} INFO - [2026-02-26T11:34:11.312+0000] {dag.py:3089} INFO - Sync 1 DAGs
[2026-02-26T11:34:11.332+0000] {logging_mixin.py:188} INFO - [2026-02-26T11:34:11.331+0000] {dag.py:3947} INFO - Setting next_dagrun for oltp_s3_dwh to 2026-02-01 00:00:00+00:00, run_after=2026-03-01 00:00:00+00:00
[2026-02-26T11:34:11.354+0000] {processor.py:183} INFO - Processing /opt/airflow/dags/oltp_s3_dwh_dict.py took 0.539 seconds
[2026-02-26T11:34:41.559+0000] {processor.py:161} INFO - Started process (PID=2143) to work on /opt/airflow/dags/oltp_s3_dwh_dict.py
[2026-02-26T11:34:41.561+0000] {processor.py:830} INFO - Processing file /opt/airflow/dags/oltp_s3_dwh_dict.py for tasks to queue
[2026-02-26T11:34:41.564+0000] {logging_mixin.py:188} INFO - [2026-02-26T11:34:41.563+0000] {dagbag.py:545} INFO - Filling up the DagBag from /opt/airflow/dags/oltp_s3_dwh_dict.py
[2026-02-26T11:34:42.093+0000] {processor.py:840} INFO - DAG(s) 'oltp_s3_dwh' retrieved from /opt/airflow/dags/oltp_s3_dwh_dict.py
[2026-02-26T11:34:42.120+0000] {logging_mixin.py:188} INFO - [2026-02-26T11:34:42.119+0000] {dag.py:3089} INFO - Sync 1 DAGs
[2026-02-26T11:34:42.145+0000] {logging_mixin.py:188} INFO - [2026-02-26T11:34:42.145+0000] {dag.py:3947} INFO - Setting next_dagrun for oltp_s3_dwh to 2026-02-01 00:00:00+00:00, run_after=2026-03-01 00:00:00+00:00
[2026-02-26T11:34:42.168+0000] {processor.py:183} INFO - Processing /opt/airflow/dags/oltp_s3_dwh_dict.py took 0.616 seconds
[2026-02-26T11:35:12.553+0000] {processor.py:161} INFO - Started process (PID=2169) to work on /opt/airflow/dags/oltp_s3_dwh_dict.py
[2026-02-26T11:35:12.555+0000] {processor.py:830} INFO - Processing file /opt/airflow/dags/oltp_s3_dwh_dict.py for tasks to queue
[2026-02-26T11:35:12.557+0000] {logging_mixin.py:188} INFO - [2026-02-26T11:35:12.557+0000] {dagbag.py:545} INFO - Filling up the DagBag from /opt/airflow/dags/oltp_s3_dwh_dict.py
[2026-02-26T11:35:13.134+0000] {processor.py:840} INFO - DAG(s) 'oltp_s3_dwh' retrieved from /opt/airflow/dags/oltp_s3_dwh_dict.py
[2026-02-26T11:35:13.161+0000] {logging_mixin.py:188} INFO - [2026-02-26T11:35:13.160+0000] {dag.py:3089} INFO - Sync 1 DAGs
[2026-02-26T11:35:13.186+0000] {logging_mixin.py:188} INFO - [2026-02-26T11:35:13.186+0000] {dag.py:3947} INFO - Setting next_dagrun for oltp_s3_dwh to 2026-02-01 00:00:00+00:00, run_after=2026-03-01 00:00:00+00:00
[2026-02-26T11:35:13.220+0000] {processor.py:183} INFO - Processing /opt/airflow/dags/oltp_s3_dwh_dict.py took 0.674 seconds
[2026-02-26T11:35:43.401+0000] {processor.py:161} INFO - Started process (PID=2202) to work on /opt/airflow/dags/oltp_s3_dwh_dict.py
[2026-02-26T11:35:43.403+0000] {processor.py:830} INFO - Processing file /opt/airflow/dags/oltp_s3_dwh_dict.py for tasks to queue
[2026-02-26T11:35:43.405+0000] {logging_mixin.py:188} INFO - [2026-02-26T11:35:43.405+0000] {dagbag.py:545} INFO - Filling up the DagBag from /opt/airflow/dags/oltp_s3_dwh_dict.py
[2026-02-26T11:35:43.863+0000] {processor.py:840} INFO - DAG(s) 'oltp_s3_dwh' retrieved from /opt/airflow/dags/oltp_s3_dwh_dict.py
[2026-02-26T11:35:43.891+0000] {logging_mixin.py:188} INFO - [2026-02-26T11:35:43.890+0000] {dag.py:3089} INFO - Sync 1 DAGs
[2026-02-26T11:35:43.916+0000] {logging_mixin.py:188} INFO - [2026-02-26T11:35:43.915+0000] {dag.py:3947} INFO - Setting next_dagrun for oltp_s3_dwh to 2026-02-01 00:00:00+00:00, run_after=2026-03-01 00:00:00+00:00
[2026-02-26T11:35:43.941+0000] {processor.py:183} INFO - Processing /opt/airflow/dags/oltp_s3_dwh_dict.py took 0.546 seconds
[2026-02-26T11:36:14.302+0000] {processor.py:161} INFO - Started process (PID=2229) to work on /opt/airflow/dags/oltp_s3_dwh_dict.py
[2026-02-26T11:36:14.303+0000] {processor.py:830} INFO - Processing file /opt/airflow/dags/oltp_s3_dwh_dict.py for tasks to queue
[2026-02-26T11:36:14.305+0000] {logging_mixin.py:188} INFO - [2026-02-26T11:36:14.304+0000] {dagbag.py:545} INFO - Filling up the DagBag from /opt/airflow/dags/oltp_s3_dwh_dict.py
[2026-02-26T11:36:14.731+0000] {processor.py:840} INFO - DAG(s) 'oltp_s3_dwh' retrieved from /opt/airflow/dags/oltp_s3_dwh_dict.py
[2026-02-26T11:36:14.752+0000] {logging_mixin.py:188} INFO - [2026-02-26T11:36:14.751+0000] {dag.py:3089} INFO - Sync 1 DAGs
[2026-02-26T11:36:14.770+0000] {logging_mixin.py:188} INFO - [2026-02-26T11:36:14.770+0000] {dag.py:3947} INFO - Setting next_dagrun for oltp_s3_dwh to 2026-02-01 00:00:00+00:00, run_after=2026-03-01 00:00:00+00:00
[2026-02-26T11:36:14.788+0000] {processor.py:183} INFO - Processing /opt/airflow/dags/oltp_s3_dwh_dict.py took 0.493 seconds
[2026-02-26T11:36:45.089+0000] {processor.py:161} INFO - Started process (PID=2261) to work on /opt/airflow/dags/oltp_s3_dwh_dict.py
[2026-02-26T11:36:45.092+0000] {processor.py:830} INFO - Processing file /opt/airflow/dags/oltp_s3_dwh_dict.py for tasks to queue
[2026-02-26T11:36:45.094+0000] {logging_mixin.py:188} INFO - [2026-02-26T11:36:45.094+0000] {dagbag.py:545} INFO - Filling up the DagBag from /opt/airflow/dags/oltp_s3_dwh_dict.py
[2026-02-26T11:36:45.567+0000] {processor.py:840} INFO - DAG(s) 'oltp_s3_dwh' retrieved from /opt/airflow/dags/oltp_s3_dwh_dict.py
[2026-02-26T11:36:45.593+0000] {logging_mixin.py:188} INFO - [2026-02-26T11:36:45.593+0000] {dag.py:3089} INFO - Sync 1 DAGs
[2026-02-26T11:36:45.617+0000] {logging_mixin.py:188} INFO - [2026-02-26T11:36:45.617+0000] {dag.py:3947} INFO - Setting next_dagrun for oltp_s3_dwh to 2026-02-01 00:00:00+00:00, run_after=2026-03-01 00:00:00+00:00
[2026-02-26T11:36:45.643+0000] {processor.py:183} INFO - Processing /opt/airflow/dags/oltp_s3_dwh_dict.py took 0.562 seconds
[2026-02-26T11:37:15.944+0000] {processor.py:161} INFO - Started process (PID=2287) to work on /opt/airflow/dags/oltp_s3_dwh_dict.py
[2026-02-26T11:37:15.945+0000] {processor.py:830} INFO - Processing file /opt/airflow/dags/oltp_s3_dwh_dict.py for tasks to queue
[2026-02-26T11:37:15.947+0000] {logging_mixin.py:188} INFO - [2026-02-26T11:37:15.947+0000] {dagbag.py:545} INFO - Filling up the DagBag from /opt/airflow/dags/oltp_s3_dwh_dict.py
[2026-02-26T11:37:16.391+0000] {processor.py:840} INFO - DAG(s) 'oltp_s3_dwh' retrieved from /opt/airflow/dags/oltp_s3_dwh_dict.py
[2026-02-26T11:37:16.412+0000] {logging_mixin.py:188} INFO - [2026-02-26T11:37:16.411+0000] {dag.py:3089} INFO - Sync 1 DAGs
[2026-02-26T11:37:16.431+0000] {logging_mixin.py:188} INFO - [2026-02-26T11:37:16.430+0000] {dag.py:3947} INFO - Setting next_dagrun for oltp_s3_dwh to 2026-02-01 00:00:00+00:00, run_after=2026-03-01 00:00:00+00:00
[2026-02-26T11:37:16.454+0000] {processor.py:183} INFO - Processing /opt/airflow/dags/oltp_s3_dwh_dict.py took 0.516 seconds
[2026-02-26T11:37:46.675+0000] {processor.py:161} INFO - Started process (PID=2311) to work on /opt/airflow/dags/oltp_s3_dwh_dict.py
[2026-02-26T11:37:46.678+0000] {processor.py:830} INFO - Processing file /opt/airflow/dags/oltp_s3_dwh_dict.py for tasks to queue
[2026-02-26T11:37:46.681+0000] {logging_mixin.py:188} INFO - [2026-02-26T11:37:46.681+0000] {dagbag.py:545} INFO - Filling up the DagBag from /opt/airflow/dags/oltp_s3_dwh_dict.py
[2026-02-26T11:37:47.230+0000] {processor.py:840} INFO - DAG(s) 'oltp_s3_dwh' retrieved from /opt/airflow/dags/oltp_s3_dwh_dict.py
[2026-02-26T11:37:47.258+0000] {logging_mixin.py:188} INFO - [2026-02-26T11:37:47.258+0000] {dag.py:3089} INFO - Sync 1 DAGs
[2026-02-26T11:37:47.281+0000] {logging_mixin.py:188} INFO - [2026-02-26T11:37:47.281+0000] {dag.py:3947} INFO - Setting next_dagrun for oltp_s3_dwh to 2026-02-01 00:00:00+00:00, run_after=2026-03-01 00:00:00+00:00
[2026-02-26T11:37:47.311+0000] {processor.py:183} INFO - Processing /opt/airflow/dags/oltp_s3_dwh_dict.py took 0.646 seconds
[2026-02-26T11:38:17.541+0000] {processor.py:161} INFO - Started process (PID=2344) to work on /opt/airflow/dags/oltp_s3_dwh_dict.py
[2026-02-26T11:38:17.543+0000] {processor.py:830} INFO - Processing file /opt/airflow/dags/oltp_s3_dwh_dict.py for tasks to queue
[2026-02-26T11:38:17.545+0000] {logging_mixin.py:188} INFO - [2026-02-26T11:38:17.545+0000] {dagbag.py:545} INFO - Filling up the DagBag from /opt/airflow/dags/oltp_s3_dwh_dict.py
[2026-02-26T11:38:17.975+0000] {processor.py:840} INFO - DAG(s) 'oltp_s3_dwh' retrieved from /opt/airflow/dags/oltp_s3_dwh_dict.py
[2026-02-26T11:38:17.996+0000] {logging_mixin.py:188} INFO - [2026-02-26T11:38:17.996+0000] {dag.py:3089} INFO - Sync 1 DAGs
[2026-02-26T11:38:18.017+0000] {logging_mixin.py:188} INFO - [2026-02-26T11:38:18.017+0000] {dag.py:3947} INFO - Setting next_dagrun for oltp_s3_dwh to 2026-02-01 00:00:00+00:00, run_after=2026-03-01 00:00:00+00:00
[2026-02-26T11:38:18.036+0000] {processor.py:183} INFO - Processing /opt/airflow/dags/oltp_s3_dwh_dict.py took 0.501 seconds
[2026-02-26T11:38:48.671+0000] {processor.py:161} INFO - Started process (PID=2372) to work on /opt/airflow/dags/oltp_s3_dwh_dict.py
[2026-02-26T11:38:48.673+0000] {processor.py:830} INFO - Processing file /opt/airflow/dags/oltp_s3_dwh_dict.py for tasks to queue
[2026-02-26T11:38:48.676+0000] {logging_mixin.py:188} INFO - [2026-02-26T11:38:48.675+0000] {dagbag.py:545} INFO - Filling up the DagBag from /opt/airflow/dags/oltp_s3_dwh_dict.py
[2026-02-26T11:38:49.179+0000] {processor.py:840} INFO - DAG(s) 'oltp_s3_dwh' retrieved from /opt/airflow/dags/oltp_s3_dwh_dict.py
[2026-02-26T11:38:49.201+0000] {logging_mixin.py:188} INFO - [2026-02-26T11:38:49.201+0000] {dag.py:3089} INFO - Sync 1 DAGs
[2026-02-26T11:38:49.223+0000] {logging_mixin.py:188} INFO - [2026-02-26T11:38:49.222+0000] {dag.py:3947} INFO - Setting next_dagrun for oltp_s3_dwh to 2026-02-01 00:00:00+00:00, run_after=2026-03-01 00:00:00+00:00
[2026-02-26T11:38:49.245+0000] {processor.py:183} INFO - Processing /opt/airflow/dags/oltp_s3_dwh_dict.py took 0.585 seconds
[2026-02-26T11:39:19.451+0000] {processor.py:161} INFO - Started process (PID=2406) to work on /opt/airflow/dags/oltp_s3_dwh_dict.py
[2026-02-26T11:39:19.452+0000] {processor.py:830} INFO - Processing file /opt/airflow/dags/oltp_s3_dwh_dict.py for tasks to queue
[2026-02-26T11:39:19.454+0000] {logging_mixin.py:188} INFO - [2026-02-26T11:39:19.454+0000] {dagbag.py:545} INFO - Filling up the DagBag from /opt/airflow/dags/oltp_s3_dwh_dict.py
[2026-02-26T11:39:19.948+0000] {processor.py:840} INFO - DAG(s) 'oltp_s3_dwh' retrieved from /opt/airflow/dags/oltp_s3_dwh_dict.py
[2026-02-26T11:39:19.980+0000] {logging_mixin.py:188} INFO - [2026-02-26T11:39:19.980+0000] {dag.py:3089} INFO - Sync 1 DAGs
[2026-02-26T11:39:20.002+0000] {logging_mixin.py:188} INFO - [2026-02-26T11:39:20.002+0000] {dag.py:3947} INFO - Setting next_dagrun for oltp_s3_dwh to 2026-02-01 00:00:00+00:00, run_after=2026-03-01 00:00:00+00:00
[2026-02-26T11:39:20.023+0000] {processor.py:183} INFO - Processing /opt/airflow/dags/oltp_s3_dwh_dict.py took 0.578 seconds
[2026-02-26T11:39:50.624+0000] {processor.py:161} INFO - Started process (PID=2432) to work on /opt/airflow/dags/oltp_s3_dwh_dict.py
[2026-02-26T11:39:50.626+0000] {processor.py:830} INFO - Processing file /opt/airflow/dags/oltp_s3_dwh_dict.py for tasks to queue
[2026-02-26T11:39:50.629+0000] {logging_mixin.py:188} INFO - [2026-02-26T11:39:50.628+0000] {dagbag.py:545} INFO - Filling up the DagBag from /opt/airflow/dags/oltp_s3_dwh_dict.py
[2026-02-26T11:39:51.110+0000] {processor.py:840} INFO - DAG(s) 'oltp_s3_dwh' retrieved from /opt/airflow/dags/oltp_s3_dwh_dict.py
[2026-02-26T11:39:51.132+0000] {logging_mixin.py:188} INFO - [2026-02-26T11:39:51.131+0000] {dag.py:3089} INFO - Sync 1 DAGs
[2026-02-26T11:39:51.151+0000] {logging_mixin.py:188} INFO - [2026-02-26T11:39:51.151+0000] {dag.py:3947} INFO - Setting next_dagrun for oltp_s3_dwh to 2026-02-01 00:00:00+00:00, run_after=2026-03-01 00:00:00+00:00
[2026-02-26T11:39:51.172+0000] {processor.py:183} INFO - Processing /opt/airflow/dags/oltp_s3_dwh_dict.py took 0.555 seconds
[2026-02-26T11:40:21.476+0000] {processor.py:161} INFO - Started process (PID=2465) to work on /opt/airflow/dags/oltp_s3_dwh_dict.py
[2026-02-26T11:40:21.490+0000] {processor.py:830} INFO - Processing file /opt/airflow/dags/oltp_s3_dwh_dict.py for tasks to queue
[2026-02-26T11:40:21.500+0000] {logging_mixin.py:188} INFO - [2026-02-26T11:40:21.500+0000] {dagbag.py:545} INFO - Filling up the DagBag from /opt/airflow/dags/oltp_s3_dwh_dict.py
[2026-02-26T11:40:22.054+0000] {processor.py:840} INFO - DAG(s) 'oltp_s3_dwh' retrieved from /opt/airflow/dags/oltp_s3_dwh_dict.py
[2026-02-26T11:40:22.075+0000] {logging_mixin.py:188} INFO - [2026-02-26T11:40:22.075+0000] {dag.py:3089} INFO - Sync 1 DAGs
[2026-02-26T11:40:22.097+0000] {logging_mixin.py:188} INFO - [2026-02-26T11:40:22.097+0000] {dag.py:3947} INFO - Setting next_dagrun for oltp_s3_dwh to 2026-02-01 00:00:00+00:00, run_after=2026-03-01 00:00:00+00:00
[2026-02-26T11:40:22.121+0000] {processor.py:183} INFO - Processing /opt/airflow/dags/oltp_s3_dwh_dict.py took 0.653 seconds
[2026-02-26T11:40:52.379+0000] {processor.py:161} INFO - Started process (PID=2491) to work on /opt/airflow/dags/oltp_s3_dwh_dict.py
[2026-02-26T11:40:52.380+0000] {processor.py:830} INFO - Processing file /opt/airflow/dags/oltp_s3_dwh_dict.py for tasks to queue
[2026-02-26T11:40:52.382+0000] {logging_mixin.py:188} INFO - [2026-02-26T11:40:52.382+0000] {dagbag.py:545} INFO - Filling up the DagBag from /opt/airflow/dags/oltp_s3_dwh_dict.py
[2026-02-26T11:40:52.839+0000] {processor.py:840} INFO - DAG(s) 'oltp_s3_dwh' retrieved from /opt/airflow/dags/oltp_s3_dwh_dict.py
[2026-02-26T11:40:52.860+0000] {logging_mixin.py:188} INFO - [2026-02-26T11:40:52.860+0000] {dag.py:3089} INFO - Sync 1 DAGs
[2026-02-26T11:40:52.880+0000] {logging_mixin.py:188} INFO - [2026-02-26T11:40:52.880+0000] {dag.py:3947} INFO - Setting next_dagrun for oltp_s3_dwh to 2026-02-01 00:00:00+00:00, run_after=2026-03-01 00:00:00+00:00
[2026-02-26T11:40:52.904+0000] {processor.py:183} INFO - Processing /opt/airflow/dags/oltp_s3_dwh_dict.py took 0.531 seconds
[2026-02-26T11:41:23.108+0000] {processor.py:161} INFO - Started process (PID=2517) to work on /opt/airflow/dags/oltp_s3_dwh_dict.py
[2026-02-26T11:41:23.110+0000] {processor.py:830} INFO - Processing file /opt/airflow/dags/oltp_s3_dwh_dict.py for tasks to queue
[2026-02-26T11:41:23.112+0000] {logging_mixin.py:188} INFO - [2026-02-26T11:41:23.112+0000] {dagbag.py:545} INFO - Filling up the DagBag from /opt/airflow/dags/oltp_s3_dwh_dict.py
[2026-02-26T11:41:23.605+0000] {processor.py:840} INFO - DAG(s) 'oltp_s3_dwh' retrieved from /opt/airflow/dags/oltp_s3_dwh_dict.py
[2026-02-26T11:41:23.631+0000] {logging_mixin.py:188} INFO - [2026-02-26T11:41:23.630+0000] {dag.py:3089} INFO - Sync 1 DAGs
[2026-02-26T11:41:23.655+0000] {logging_mixin.py:188} INFO - [2026-02-26T11:41:23.655+0000] {dag.py:3947} INFO - Setting next_dagrun for oltp_s3_dwh to 2026-02-01 00:00:00+00:00, run_after=2026-03-01 00:00:00+00:00
[2026-02-26T11:41:23.679+0000] {processor.py:183} INFO - Processing /opt/airflow/dags/oltp_s3_dwh_dict.py took 0.577 seconds
[2026-02-26T11:41:54.076+0000] {processor.py:161} INFO - Started process (PID=2550) to work on /opt/airflow/dags/oltp_s3_dwh_dict.py
[2026-02-26T11:41:54.077+0000] {processor.py:830} INFO - Processing file /opt/airflow/dags/oltp_s3_dwh_dict.py for tasks to queue
[2026-02-26T11:41:54.079+0000] {logging_mixin.py:188} INFO - [2026-02-26T11:41:54.078+0000] {dagbag.py:545} INFO - Filling up the DagBag from /opt/airflow/dags/oltp_s3_dwh_dict.py
[2026-02-26T11:41:54.512+0000] {processor.py:840} INFO - DAG(s) 'oltp_s3_dwh' retrieved from /opt/airflow/dags/oltp_s3_dwh_dict.py
[2026-02-26T11:41:54.533+0000] {logging_mixin.py:188} INFO - [2026-02-26T11:41:54.533+0000] {dag.py:3089} INFO - Sync 1 DAGs
[2026-02-26T11:41:54.551+0000] {logging_mixin.py:188} INFO - [2026-02-26T11:41:54.551+0000] {dag.py:3947} INFO - Setting next_dagrun for oltp_s3_dwh to 2026-02-01 00:00:00+00:00, run_after=2026-03-01 00:00:00+00:00
[2026-02-26T11:41:54.572+0000] {processor.py:183} INFO - Processing /opt/airflow/dags/oltp_s3_dwh_dict.py took 0.502 seconds
[2026-02-26T11:42:24.831+0000] {processor.py:161} INFO - Started process (PID=2574) to work on /opt/airflow/dags/oltp_s3_dwh_dict.py
[2026-02-26T11:42:24.832+0000] {processor.py:830} INFO - Processing file /opt/airflow/dags/oltp_s3_dwh_dict.py for tasks to queue
[2026-02-26T11:42:24.834+0000] {logging_mixin.py:188} INFO - [2026-02-26T11:42:24.834+0000] {dagbag.py:545} INFO - Filling up the DagBag from /opt/airflow/dags/oltp_s3_dwh_dict.py
[2026-02-26T11:42:25.271+0000] {processor.py:840} INFO - DAG(s) 'oltp_s3_dwh' retrieved from /opt/airflow/dags/oltp_s3_dwh_dict.py
[2026-02-26T11:42:25.293+0000] {logging_mixin.py:188} INFO - [2026-02-26T11:42:25.292+0000] {dag.py:3089} INFO - Sync 1 DAGs
[2026-02-26T11:42:25.311+0000] {logging_mixin.py:188} INFO - [2026-02-26T11:42:25.311+0000] {dag.py:3947} INFO - Setting next_dagrun for oltp_s3_dwh to 2026-02-01 00:00:00+00:00, run_after=2026-03-01 00:00:00+00:00
[2026-02-26T11:42:25.331+0000] {processor.py:183} INFO - Processing /opt/airflow/dags/oltp_s3_dwh_dict.py took 0.505 seconds
[2026-02-26T11:42:55.759+0000] {processor.py:161} INFO - Started process (PID=2606) to work on /opt/airflow/dags/oltp_s3_dwh_dict.py
[2026-02-26T11:42:55.760+0000] {processor.py:830} INFO - Processing file /opt/airflow/dags/oltp_s3_dwh_dict.py for tasks to queue
[2026-02-26T11:42:55.763+0000] {logging_mixin.py:188} INFO - [2026-02-26T11:42:55.763+0000] {dagbag.py:545} INFO - Filling up the DagBag from /opt/airflow/dags/oltp_s3_dwh_dict.py
[2026-02-26T11:42:56.303+0000] {processor.py:840} INFO - DAG(s) 'oltp_s3_dwh' retrieved from /opt/airflow/dags/oltp_s3_dwh_dict.py
[2026-02-26T11:42:56.331+0000] {logging_mixin.py:188} INFO - [2026-02-26T11:42:56.330+0000] {dag.py:3089} INFO - Sync 1 DAGs
[2026-02-26T11:42:56.359+0000] {logging_mixin.py:188} INFO - [2026-02-26T11:42:56.359+0000] {dag.py:3947} INFO - Setting next_dagrun for oltp_s3_dwh to 2026-02-01 00:00:00+00:00, run_after=2026-03-01 00:00:00+00:00
[2026-02-26T11:42:56.385+0000] {processor.py:183} INFO - Processing /opt/airflow/dags/oltp_s3_dwh_dict.py took 0.632 seconds
[2026-02-26T11:43:10.599+0000] {processor.py:161} INFO - Started process (PID=2625) to work on /opt/airflow/dags/oltp_s3_dwh_dict.py
[2026-02-26T11:43:10.621+0000] {processor.py:830} INFO - Processing file /opt/airflow/dags/oltp_s3_dwh_dict.py for tasks to queue
[2026-02-26T11:43:10.631+0000] {logging_mixin.py:188} INFO - [2026-02-26T11:43:10.631+0000] {dagbag.py:545} INFO - Filling up the DagBag from /opt/airflow/dags/oltp_s3_dwh_dict.py
[2026-02-26T11:43:11.370+0000] {processor.py:840} INFO - DAG(s) 'oltp_s3_dwh' retrieved from /opt/airflow/dags/oltp_s3_dwh_dict.py
[2026-02-26T11:43:11.400+0000] {logging_mixin.py:188} INFO - [2026-02-26T11:43:11.399+0000] {dag.py:3089} INFO - Sync 1 DAGs
[2026-02-26T11:43:11.425+0000] {logging_mixin.py:188} INFO - [2026-02-26T11:43:11.424+0000] {dag.py:3947} INFO - Setting next_dagrun for oltp_s3_dwh to 2026-02-01 00:00:00+00:00, run_after=2026-03-01 00:00:00+00:00
[2026-02-26T11:43:11.460+0000] {processor.py:183} INFO - Processing /opt/airflow/dags/oltp_s3_dwh_dict.py took 0.878 seconds
[2026-02-26T11:43:41.772+0000] {processor.py:161} INFO - Started process (PID=2651) to work on /opt/airflow/dags/oltp_s3_dwh_dict.py
[2026-02-26T11:43:41.774+0000] {processor.py:830} INFO - Processing file /opt/airflow/dags/oltp_s3_dwh_dict.py for tasks to queue
[2026-02-26T11:43:41.776+0000] {logging_mixin.py:188} INFO - [2026-02-26T11:43:41.776+0000] {dagbag.py:545} INFO - Filling up the DagBag from /opt/airflow/dags/oltp_s3_dwh_dict.py
[2026-02-26T11:43:42.216+0000] {processor.py:840} INFO - DAG(s) 'oltp_s3_dwh' retrieved from /opt/airflow/dags/oltp_s3_dwh_dict.py
[2026-02-26T11:43:42.237+0000] {logging_mixin.py:188} INFO - [2026-02-26T11:43:42.237+0000] {dag.py:3089} INFO - Sync 1 DAGs
[2026-02-26T11:43:42.258+0000] {logging_mixin.py:188} INFO - [2026-02-26T11:43:42.257+0000] {dag.py:3947} INFO - Setting next_dagrun for oltp_s3_dwh to 2026-02-01 00:00:00+00:00, run_after=2026-03-01 00:00:00+00:00
[2026-02-26T11:43:42.283+0000] {processor.py:183} INFO - Processing /opt/airflow/dags/oltp_s3_dwh_dict.py took 0.519 seconds
[2026-02-26T11:44:12.970+0000] {processor.py:161} INFO - Started process (PID=2677) to work on /opt/airflow/dags/oltp_s3_dwh_dict.py
[2026-02-26T11:44:12.971+0000] {processor.py:830} INFO - Processing file /opt/airflow/dags/oltp_s3_dwh_dict.py for tasks to queue
[2026-02-26T11:44:12.974+0000] {logging_mixin.py:188} INFO - [2026-02-26T11:44:12.973+0000] {dagbag.py:545} INFO - Filling up the DagBag from /opt/airflow/dags/oltp_s3_dwh_dict.py
[2026-02-26T11:44:13.532+0000] {processor.py:840} INFO - DAG(s) 'oltp_s3_dwh' retrieved from /opt/airflow/dags/oltp_s3_dwh_dict.py
[2026-02-26T11:44:13.565+0000] {logging_mixin.py:188} INFO - [2026-02-26T11:44:13.564+0000] {dag.py:3089} INFO - Sync 1 DAGs
[2026-02-26T11:44:13.597+0000] {logging_mixin.py:188} INFO - [2026-02-26T11:44:13.596+0000] {dag.py:3947} INFO - Setting next_dagrun for oltp_s3_dwh to 2026-02-01 00:00:00+00:00, run_after=2026-03-01 00:00:00+00:00
[2026-02-26T11:44:13.627+0000] {processor.py:183} INFO - Processing /opt/airflow/dags/oltp_s3_dwh_dict.py took 0.664 seconds
[2026-02-26T11:44:15.203+0000] {processor.py:161} INFO - Started process (PID=2690) to work on /opt/airflow/dags/oltp_s3_dwh_dict.py
[2026-02-26T11:44:15.204+0000] {processor.py:830} INFO - Processing file /opt/airflow/dags/oltp_s3_dwh_dict.py for tasks to queue
[2026-02-26T11:44:15.208+0000] {logging_mixin.py:188} INFO - [2026-02-26T11:44:15.207+0000] {dagbag.py:545} INFO - Filling up the DagBag from /opt/airflow/dags/oltp_s3_dwh_dict.py
[2026-02-26T11:44:15.773+0000] {processor.py:840} INFO - DAG(s) 'oltp_s3_dwh' retrieved from /opt/airflow/dags/oltp_s3_dwh_dict.py
[2026-02-26T11:44:15.796+0000] {logging_mixin.py:188} INFO - [2026-02-26T11:44:15.795+0000] {dag.py:3089} INFO - Sync 1 DAGs
[2026-02-26T11:44:15.830+0000] {logging_mixin.py:188} INFO - [2026-02-26T11:44:15.829+0000] {dag.py:3947} INFO - Setting next_dagrun for oltp_s3_dwh to 2026-02-01 00:00:00+00:00, run_after=2026-03-01 00:00:00+00:00
[2026-02-26T11:44:15.868+0000] {processor.py:183} INFO - Processing /opt/airflow/dags/oltp_s3_dwh_dict.py took 0.673 seconds
[2026-02-26T11:44:46.103+0000] {processor.py:161} INFO - Started process (PID=2716) to work on /opt/airflow/dags/oltp_s3_dwh_dict.py
[2026-02-26T11:44:46.104+0000] {processor.py:830} INFO - Processing file /opt/airflow/dags/oltp_s3_dwh_dict.py for tasks to queue
[2026-02-26T11:44:46.106+0000] {logging_mixin.py:188} INFO - [2026-02-26T11:44:46.106+0000] {dagbag.py:545} INFO - Filling up the DagBag from /opt/airflow/dags/oltp_s3_dwh_dict.py
[2026-02-26T11:44:46.596+0000] {processor.py:840} INFO - DAG(s) 'oltp_s3_dwh' retrieved from /opt/airflow/dags/oltp_s3_dwh_dict.py
[2026-02-26T11:44:46.619+0000] {logging_mixin.py:188} INFO - [2026-02-26T11:44:46.618+0000] {dag.py:3089} INFO - Sync 1 DAGs
[2026-02-26T11:44:46.638+0000] {logging_mixin.py:188} INFO - [2026-02-26T11:44:46.638+0000] {dag.py:3947} INFO - Setting next_dagrun for oltp_s3_dwh to 2026-02-01 00:00:00+00:00, run_after=2026-03-01 00:00:00+00:00
[2026-02-26T11:44:46.664+0000] {processor.py:183} INFO - Processing /opt/airflow/dags/oltp_s3_dwh_dict.py took 0.567 seconds
[2026-02-26T11:45:17.004+0000] {processor.py:161} INFO - Started process (PID=2743) to work on /opt/airflow/dags/oltp_s3_dwh_dict.py
[2026-02-26T11:45:17.006+0000] {processor.py:830} INFO - Processing file /opt/airflow/dags/oltp_s3_dwh_dict.py for tasks to queue
[2026-02-26T11:45:17.008+0000] {logging_mixin.py:188} INFO - [2026-02-26T11:45:17.008+0000] {dagbag.py:545} INFO - Filling up the DagBag from /opt/airflow/dags/oltp_s3_dwh_dict.py
[2026-02-26T11:45:17.504+0000] {processor.py:840} INFO - DAG(s) 'oltp_s3_dwh' retrieved from /opt/airflow/dags/oltp_s3_dwh_dict.py
[2026-02-26T11:45:17.526+0000] {logging_mixin.py:188} INFO - [2026-02-26T11:45:17.525+0000] {dag.py:3089} INFO - Sync 1 DAGs
[2026-02-26T11:45:17.547+0000] {logging_mixin.py:188} INFO - [2026-02-26T11:45:17.546+0000] {dag.py:3947} INFO - Setting next_dagrun for oltp_s3_dwh to 2026-02-01 00:00:00+00:00, run_after=2026-03-01 00:00:00+00:00
[2026-02-26T11:45:17.572+0000] {processor.py:183} INFO - Processing /opt/airflow/dags/oltp_s3_dwh_dict.py took 0.578 seconds
[2026-02-26T11:45:47.851+0000] {processor.py:161} INFO - Started process (PID=2776) to work on /opt/airflow/dags/oltp_s3_dwh_dict.py
[2026-02-26T11:45:47.852+0000] {processor.py:830} INFO - Processing file /opt/airflow/dags/oltp_s3_dwh_dict.py for tasks to queue
[2026-02-26T11:45:47.855+0000] {logging_mixin.py:188} INFO - [2026-02-26T11:45:47.854+0000] {dagbag.py:545} INFO - Filling up the DagBag from /opt/airflow/dags/oltp_s3_dwh_dict.py
[2026-02-26T11:45:48.335+0000] {processor.py:840} INFO - DAG(s) 'oltp_s3_dwh' retrieved from /opt/airflow/dags/oltp_s3_dwh_dict.py
[2026-02-26T11:45:48.355+0000] {logging_mixin.py:188} INFO - [2026-02-26T11:45:48.355+0000] {dag.py:3089} INFO - Sync 1 DAGs
[2026-02-26T11:45:48.375+0000] {logging_mixin.py:188} INFO - [2026-02-26T11:45:48.374+0000] {dag.py:3947} INFO - Setting next_dagrun for oltp_s3_dwh to 2026-02-01 00:00:00+00:00, run_after=2026-03-01 00:00:00+00:00
[2026-02-26T11:45:48.398+0000] {processor.py:183} INFO - Processing /opt/airflow/dags/oltp_s3_dwh_dict.py took 0.553 seconds
[2026-02-26T11:46:14.626+0000] {processor.py:161} INFO - Started process (PID=2801) to work on /opt/airflow/dags/oltp_s3_dwh_dict.py
[2026-02-26T11:46:14.627+0000] {processor.py:830} INFO - Processing file /opt/airflow/dags/oltp_s3_dwh_dict.py for tasks to queue
[2026-02-26T11:46:14.629+0000] {logging_mixin.py:188} INFO - [2026-02-26T11:46:14.629+0000] {dagbag.py:545} INFO - Filling up the DagBag from /opt/airflow/dags/oltp_s3_dwh_dict.py
[2026-02-26T11:46:15.287+0000] {logging_mixin.py:188} INFO - [2026-02-26T11:46:15.275+0000] {dagbag.py:355} ERROR - Failed to import: /opt/airflow/dags/oltp_s3_dwh_dict.py
Traceback (most recent call last):
  File "/home/airflow/.local/lib/python3.12/site-packages/airflow/models/dagbag.py", line 351, in parse
    loader.exec_module(new_module)
  File "<frozen importlib._bootstrap_external>", line 995, in exec_module
  File "<frozen importlib._bootstrap>", line 488, in _call_with_frames_removed
  File "/opt/airflow/dags/oltp_s3_dwh_dict.py", line 67, in <module>
    start = EmptyOperator(task_id = 'start')
            ^^^^^^^^^^^^^^^^^^^^^^^^^^^^^^^^
  File "/home/airflow/.local/lib/python3.12/site-packages/airflow/models/baseoperator.py", line 485, in apply_defaults
    result = func(self, **kwargs, default_args=default_args)
             ^^^^^^^^^^^^^^^^^^^^^^^^^^^^^^^^^^^^^^^^^^^^^^^
  File "/home/airflow/.local/lib/python3.12/site-packages/airflow/models/baseoperator.py", line 485, in apply_defaults
    result = func(self, **kwargs, default_args=default_args)
             ^^^^^^^^^^^^^^^^^^^^^^^^^^^^^^^^^^^^^^^^^^^^^^^
  File "/home/airflow/.local/lib/python3.12/site-packages/airflow/models/baseoperator.py", line 900, in __init__
    task_group.add(self)
  File "/home/airflow/.local/lib/python3.12/site-packages/airflow/utils/task_group.py", line 232, in add
    raise DuplicateTaskIdFound(f"{node_type} id '{key}' has already been added to the DAG")
airflow.exceptions.DuplicateTaskIdFound: Task id 'start' has already been added to the DAG
[2026-02-26T11:46:15.288+0000] {processor.py:842} WARNING - No viable dags retrieved from /opt/airflow/dags/oltp_s3_dwh_dict.py
[2026-02-26T11:46:15.310+0000] {processor.py:183} INFO - Processing /opt/airflow/dags/oltp_s3_dwh_dict.py took 0.693 seconds
[2026-02-26T11:46:44.578+0000] {processor.py:161} INFO - Started process (PID=2827) to work on /opt/airflow/dags/oltp_s3_dwh_dict.py
[2026-02-26T11:46:44.579+0000] {processor.py:830} INFO - Processing file /opt/airflow/dags/oltp_s3_dwh_dict.py for tasks to queue
[2026-02-26T11:46:44.582+0000] {logging_mixin.py:188} INFO - [2026-02-26T11:46:44.582+0000] {dagbag.py:545} INFO - Filling up the DagBag from /opt/airflow/dags/oltp_s3_dwh_dict.py
[2026-02-26T11:46:45.060+0000] {logging_mixin.py:188} INFO - [2026-02-26T11:46:45.052+0000] {dagbag.py:355} ERROR - Failed to import: /opt/airflow/dags/oltp_s3_dwh_dict.py
Traceback (most recent call last):
  File "/home/airflow/.local/lib/python3.12/site-packages/airflow/models/dagbag.py", line 351, in parse
    loader.exec_module(new_module)
  File "<frozen importlib._bootstrap_external>", line 995, in exec_module
  File "<frozen importlib._bootstrap>", line 488, in _call_with_frames_removed
  File "/opt/airflow/dags/oltp_s3_dwh_dict.py", line 67, in <module>
    start = EmptyOperator(task_id = 'start')
            ^^^^^^^^^^^^^^^^^^^^^^^^^^^^^^^^
  File "/home/airflow/.local/lib/python3.12/site-packages/airflow/models/baseoperator.py", line 485, in apply_defaults
    result = func(self, **kwargs, default_args=default_args)
             ^^^^^^^^^^^^^^^^^^^^^^^^^^^^^^^^^^^^^^^^^^^^^^^
  File "/home/airflow/.local/lib/python3.12/site-packages/airflow/models/baseoperator.py", line 485, in apply_defaults
    result = func(self, **kwargs, default_args=default_args)
             ^^^^^^^^^^^^^^^^^^^^^^^^^^^^^^^^^^^^^^^^^^^^^^^
  File "/home/airflow/.local/lib/python3.12/site-packages/airflow/models/baseoperator.py", line 900, in __init__
    task_group.add(self)
  File "/home/airflow/.local/lib/python3.12/site-packages/airflow/utils/task_group.py", line 232, in add
    raise DuplicateTaskIdFound(f"{node_type} id '{key}' has already been added to the DAG")
airflow.exceptions.DuplicateTaskIdFound: Task id 'start' has already been added to the DAG
[2026-02-26T11:46:45.061+0000] {processor.py:842} WARNING - No viable dags retrieved from /opt/airflow/dags/oltp_s3_dwh_dict.py
[2026-02-26T11:46:45.078+0000] {processor.py:183} INFO - Processing /opt/airflow/dags/oltp_s3_dwh_dict.py took 0.506 seconds
[2026-02-26T11:47:01.021+0000] {processor.py:161} INFO - Started process (PID=2840) to work on /opt/airflow/dags/oltp_s3_dwh_dict.py
[2026-02-26T11:47:01.022+0000] {processor.py:830} INFO - Processing file /opt/airflow/dags/oltp_s3_dwh_dict.py for tasks to queue
[2026-02-26T11:47:01.024+0000] {logging_mixin.py:188} INFO - [2026-02-26T11:47:01.024+0000] {dagbag.py:545} INFO - Filling up the DagBag from /opt/airflow/dags/oltp_s3_dwh_dict.py
[2026-02-26T11:47:01.520+0000] {processor.py:840} INFO - DAG(s) 'oltp_s3_dwh' retrieved from /opt/airflow/dags/oltp_s3_dwh_dict.py
[2026-02-26T11:47:01.619+0000] {logging_mixin.py:188} INFO - [2026-02-26T11:47:01.618+0000] {dag.py:3089} INFO - Sync 1 DAGs
[2026-02-26T11:47:01.637+0000] {logging_mixin.py:188} INFO - [2026-02-26T11:47:01.637+0000] {dag.py:3947} INFO - Setting next_dagrun for oltp_s3_dwh to 2026-02-01 00:00:00+00:00, run_after=2026-03-01 00:00:00+00:00
[2026-02-26T11:47:01.674+0000] {processor.py:183} INFO - Processing /opt/airflow/dags/oltp_s3_dwh_dict.py took 0.663 seconds
[2026-02-26T11:47:31.994+0000] {processor.py:161} INFO - Started process (PID=2873) to work on /opt/airflow/dags/oltp_s3_dwh_dict.py
[2026-02-26T11:47:31.996+0000] {processor.py:830} INFO - Processing file /opt/airflow/dags/oltp_s3_dwh_dict.py for tasks to queue
[2026-02-26T11:47:31.997+0000] {logging_mixin.py:188} INFO - [2026-02-26T11:47:31.996+0000] {dagbag.py:545} INFO - Filling up the DagBag from /opt/airflow/dags/oltp_s3_dwh_dict.py
[2026-02-26T11:47:32.471+0000] {processor.py:840} INFO - DAG(s) 'oltp_s3_dwh' retrieved from /opt/airflow/dags/oltp_s3_dwh_dict.py
[2026-02-26T11:47:32.492+0000] {logging_mixin.py:188} INFO - [2026-02-26T11:47:32.492+0000] {dag.py:3089} INFO - Sync 1 DAGs
[2026-02-26T11:47:32.512+0000] {logging_mixin.py:188} INFO - [2026-02-26T11:47:32.512+0000] {dag.py:3947} INFO - Setting next_dagrun for oltp_s3_dwh to 2026-02-01 00:00:00+00:00, run_after=2026-03-01 00:00:00+00:00
[2026-02-26T11:47:32.536+0000] {processor.py:183} INFO - Processing /opt/airflow/dags/oltp_s3_dwh_dict.py took 0.549 seconds
[2026-02-26T11:48:02.721+0000] {processor.py:161} INFO - Started process (PID=2899) to work on /opt/airflow/dags/oltp_s3_dwh_dict.py
[2026-02-26T11:48:02.723+0000] {processor.py:830} INFO - Processing file /opt/airflow/dags/oltp_s3_dwh_dict.py for tasks to queue
[2026-02-26T11:48:02.724+0000] {logging_mixin.py:188} INFO - [2026-02-26T11:48:02.724+0000] {dagbag.py:545} INFO - Filling up the DagBag from /opt/airflow/dags/oltp_s3_dwh_dict.py
[2026-02-26T11:48:03.213+0000] {processor.py:840} INFO - DAG(s) 'oltp_s3_dwh' retrieved from /opt/airflow/dags/oltp_s3_dwh_dict.py
[2026-02-26T11:48:03.242+0000] {logging_mixin.py:188} INFO - [2026-02-26T11:48:03.241+0000] {dag.py:3089} INFO - Sync 1 DAGs
[2026-02-26T11:48:03.264+0000] {logging_mixin.py:188} INFO - [2026-02-26T11:48:03.264+0000] {dag.py:3947} INFO - Setting next_dagrun for oltp_s3_dwh to 2026-02-01 00:00:00+00:00, run_after=2026-03-01 00:00:00+00:00
[2026-02-26T11:48:03.287+0000] {processor.py:183} INFO - Processing /opt/airflow/dags/oltp_s3_dwh_dict.py took 0.572 seconds
[2026-02-26T11:48:33.517+0000] {processor.py:161} INFO - Started process (PID=2931) to work on /opt/airflow/dags/oltp_s3_dwh_dict.py
[2026-02-26T11:48:33.519+0000] {processor.py:830} INFO - Processing file /opt/airflow/dags/oltp_s3_dwh_dict.py for tasks to queue
[2026-02-26T11:48:33.521+0000] {logging_mixin.py:188} INFO - [2026-02-26T11:48:33.520+0000] {dagbag.py:545} INFO - Filling up the DagBag from /opt/airflow/dags/oltp_s3_dwh_dict.py
[2026-02-26T11:48:34.071+0000] {processor.py:840} INFO - DAG(s) 'oltp_s3_dwh' retrieved from /opt/airflow/dags/oltp_s3_dwh_dict.py
[2026-02-26T11:48:34.096+0000] {logging_mixin.py:188} INFO - [2026-02-26T11:48:34.096+0000] {dag.py:3089} INFO - Sync 1 DAGs
[2026-02-26T11:48:34.117+0000] {logging_mixin.py:188} INFO - [2026-02-26T11:48:34.117+0000] {dag.py:3947} INFO - Setting next_dagrun for oltp_s3_dwh to 2026-02-01 00:00:00+00:00, run_after=2026-03-01 00:00:00+00:00
[2026-02-26T11:48:34.139+0000] {processor.py:183} INFO - Processing /opt/airflow/dags/oltp_s3_dwh_dict.py took 0.629 seconds
[2026-02-26T11:49:04.314+0000] {processor.py:161} INFO - Started process (PID=2957) to work on /opt/airflow/dags/oltp_s3_dwh_dict.py
[2026-02-26T11:49:04.315+0000] {processor.py:830} INFO - Processing file /opt/airflow/dags/oltp_s3_dwh_dict.py for tasks to queue
[2026-02-26T11:49:04.316+0000] {logging_mixin.py:188} INFO - [2026-02-26T11:49:04.315+0000] {dagbag.py:545} INFO - Filling up the DagBag from /opt/airflow/dags/oltp_s3_dwh_dict.py
[2026-02-26T11:49:04.770+0000] {processor.py:840} INFO - DAG(s) 'oltp_s3_dwh' retrieved from /opt/airflow/dags/oltp_s3_dwh_dict.py
[2026-02-26T11:49:04.793+0000] {logging_mixin.py:188} INFO - [2026-02-26T11:49:04.793+0000] {dag.py:3089} INFO - Sync 1 DAGs
[2026-02-26T11:49:04.817+0000] {logging_mixin.py:188} INFO - [2026-02-26T11:49:04.816+0000] {dag.py:3947} INFO - Setting next_dagrun for oltp_s3_dwh to 2026-02-01 00:00:00+00:00, run_after=2026-03-01 00:00:00+00:00
[2026-02-26T11:49:04.842+0000] {processor.py:183} INFO - Processing /opt/airflow/dags/oltp_s3_dwh_dict.py took 0.535 seconds
[2026-02-26T11:49:35.127+0000] {processor.py:161} INFO - Started process (PID=2983) to work on /opt/airflow/dags/oltp_s3_dwh_dict.py
[2026-02-26T11:49:35.129+0000] {processor.py:830} INFO - Processing file /opt/airflow/dags/oltp_s3_dwh_dict.py for tasks to queue
[2026-02-26T11:49:35.130+0000] {logging_mixin.py:188} INFO - [2026-02-26T11:49:35.130+0000] {dagbag.py:545} INFO - Filling up the DagBag from /opt/airflow/dags/oltp_s3_dwh_dict.py
[2026-02-26T11:49:35.758+0000] {processor.py:840} INFO - DAG(s) 'oltp_s3_dwh' retrieved from /opt/airflow/dags/oltp_s3_dwh_dict.py
[2026-02-26T11:49:35.787+0000] {logging_mixin.py:188} INFO - [2026-02-26T11:49:35.786+0000] {dag.py:3089} INFO - Sync 1 DAGs
[2026-02-26T11:49:35.812+0000] {logging_mixin.py:188} INFO - [2026-02-26T11:49:35.812+0000] {dag.py:3947} INFO - Setting next_dagrun for oltp_s3_dwh to 2026-02-01 00:00:00+00:00, run_after=2026-03-01 00:00:00+00:00
[2026-02-26T11:49:35.837+0000] {processor.py:183} INFO - Processing /opt/airflow/dags/oltp_s3_dwh_dict.py took 0.716 seconds
[2026-02-26T11:50:06.033+0000] {processor.py:161} INFO - Started process (PID=3015) to work on /opt/airflow/dags/oltp_s3_dwh_dict.py
[2026-02-26T11:50:06.035+0000] {processor.py:830} INFO - Processing file /opt/airflow/dags/oltp_s3_dwh_dict.py for tasks to queue
[2026-02-26T11:50:06.039+0000] {logging_mixin.py:188} INFO - [2026-02-26T11:50:06.038+0000] {dagbag.py:545} INFO - Filling up the DagBag from /opt/airflow/dags/oltp_s3_dwh_dict.py
[2026-02-26T11:50:06.660+0000] {processor.py:840} INFO - DAG(s) 'oltp_s3_dwh' retrieved from /opt/airflow/dags/oltp_s3_dwh_dict.py
[2026-02-26T11:50:06.696+0000] {logging_mixin.py:188} INFO - [2026-02-26T11:50:06.696+0000] {dag.py:3089} INFO - Sync 1 DAGs
[2026-02-26T11:50:06.726+0000] {logging_mixin.py:188} INFO - [2026-02-26T11:50:06.726+0000] {dag.py:3947} INFO - Setting next_dagrun for oltp_s3_dwh to 2026-02-01 00:00:00+00:00, run_after=2026-03-01 00:00:00+00:00
[2026-02-26T11:50:06.756+0000] {processor.py:183} INFO - Processing /opt/airflow/dags/oltp_s3_dwh_dict.py took 0.731 seconds
[2026-02-26T11:50:37.523+0000] {processor.py:161} INFO - Started process (PID=3040) to work on /opt/airflow/dags/oltp_s3_dwh_dict.py
[2026-02-26T11:50:37.525+0000] {processor.py:830} INFO - Processing file /opt/airflow/dags/oltp_s3_dwh_dict.py for tasks to queue
[2026-02-26T11:50:37.528+0000] {logging_mixin.py:188} INFO - [2026-02-26T11:50:37.527+0000] {dagbag.py:545} INFO - Filling up the DagBag from /opt/airflow/dags/oltp_s3_dwh_dict.py
[2026-02-26T11:50:38.013+0000] {processor.py:840} INFO - DAG(s) 'oltp_s3_dwh' retrieved from /opt/airflow/dags/oltp_s3_dwh_dict.py
[2026-02-26T11:50:38.127+0000] {logging_mixin.py:188} INFO - [2026-02-26T11:50:38.127+0000] {dag.py:3089} INFO - Sync 1 DAGs
[2026-02-26T11:50:38.140+0000] {logging_mixin.py:188} INFO - [2026-02-26T11:50:38.140+0000] {dag.py:3111} INFO - Creating ORM DAG for oltp_s3_dwh
[2026-02-26T11:50:38.152+0000] {logging_mixin.py:188} INFO - [2026-02-26T11:50:38.152+0000] {dag.py:3947} INFO - Setting next_dagrun for oltp_s3_dwh to 2025-01-01 00:00:00+00:00, run_after=2025-02-01 00:00:00+00:00
[2026-02-26T11:50:38.181+0000] {processor.py:183} INFO - Processing /opt/airflow/dags/oltp_s3_dwh_dict.py took 0.665 seconds
[2026-02-26T11:51:08.542+0000] {processor.py:161} INFO - Started process (PID=3163) to work on /opt/airflow/dags/oltp_s3_dwh_dict.py
[2026-02-26T11:51:08.555+0000] {processor.py:830} INFO - Processing file /opt/airflow/dags/oltp_s3_dwh_dict.py for tasks to queue
[2026-02-26T11:51:08.561+0000] {logging_mixin.py:188} INFO - [2026-02-26T11:51:08.561+0000] {dagbag.py:545} INFO - Filling up the DagBag from /opt/airflow/dags/oltp_s3_dwh_dict.py
[2026-02-26T11:51:09.685+0000] {processor.py:840} INFO - DAG(s) 'oltp_s3_dwh' retrieved from /opt/airflow/dags/oltp_s3_dwh_dict.py
[2026-02-26T11:51:09.729+0000] {logging_mixin.py:188} INFO - [2026-02-26T11:51:09.729+0000] {dag.py:3089} INFO - Sync 1 DAGs
[2026-02-26T11:51:09.788+0000] {processor.py:183} INFO - Processing /opt/airflow/dags/oltp_s3_dwh_dict.py took 1.257 seconds
[2026-02-26T11:51:40.059+0000] {processor.py:161} INFO - Started process (PID=3282) to work on /opt/airflow/dags/oltp_s3_dwh_dict.py
[2026-02-26T11:51:40.060+0000] {processor.py:830} INFO - Processing file /opt/airflow/dags/oltp_s3_dwh_dict.py for tasks to queue
[2026-02-26T11:51:40.061+0000] {logging_mixin.py:188} INFO - [2026-02-26T11:51:40.061+0000] {dagbag.py:545} INFO - Filling up the DagBag from /opt/airflow/dags/oltp_s3_dwh_dict.py
[2026-02-26T11:51:40.507+0000] {processor.py:840} INFO - DAG(s) 'oltp_s3_dwh' retrieved from /opt/airflow/dags/oltp_s3_dwh_dict.py
[2026-02-26T11:51:40.533+0000] {logging_mixin.py:188} INFO - [2026-02-26T11:51:40.532+0000] {dag.py:3089} INFO - Sync 1 DAGs
[2026-02-26T11:51:40.556+0000] {logging_mixin.py:188} INFO - [2026-02-26T11:51:40.555+0000] {dag.py:3947} INFO - Setting next_dagrun for oltp_s3_dwh to 2026-02-01 00:00:00+00:00, run_after=2026-03-01 00:00:00+00:00
[2026-02-26T11:51:40.582+0000] {processor.py:183} INFO - Processing /opt/airflow/dags/oltp_s3_dwh_dict.py took 0.531 seconds
[2026-02-26T11:52:10.774+0000] {processor.py:161} INFO - Started process (PID=3308) to work on /opt/airflow/dags/oltp_s3_dwh_dict.py
[2026-02-26T11:52:10.776+0000] {processor.py:830} INFO - Processing file /opt/airflow/dags/oltp_s3_dwh_dict.py for tasks to queue
[2026-02-26T11:52:10.779+0000] {logging_mixin.py:188} INFO - [2026-02-26T11:52:10.778+0000] {dagbag.py:545} INFO - Filling up the DagBag from /opt/airflow/dags/oltp_s3_dwh_dict.py
[2026-02-26T11:52:11.380+0000] {processor.py:840} INFO - DAG(s) 'oltp_s3_dwh' retrieved from /opt/airflow/dags/oltp_s3_dwh_dict.py
[2026-02-26T11:52:11.412+0000] {logging_mixin.py:188} INFO - [2026-02-26T11:52:11.412+0000] {dag.py:3089} INFO - Sync 1 DAGs
[2026-02-26T11:52:11.434+0000] {logging_mixin.py:188} INFO - [2026-02-26T11:52:11.434+0000] {dag.py:3947} INFO - Setting next_dagrun for oltp_s3_dwh to 2026-02-01 00:00:00+00:00, run_after=2026-03-01 00:00:00+00:00
[2026-02-26T11:52:11.456+0000] {processor.py:183} INFO - Processing /opt/airflow/dags/oltp_s3_dwh_dict.py took 0.692 seconds
[2026-02-26T11:52:41.784+0000] {processor.py:161} INFO - Started process (PID=3342) to work on /opt/airflow/dags/oltp_s3_dwh_dict.py
[2026-02-26T11:52:41.786+0000] {processor.py:830} INFO - Processing file /opt/airflow/dags/oltp_s3_dwh_dict.py for tasks to queue
[2026-02-26T11:52:41.787+0000] {logging_mixin.py:188} INFO - [2026-02-26T11:52:41.786+0000] {dagbag.py:545} INFO - Filling up the DagBag from /opt/airflow/dags/oltp_s3_dwh_dict.py
[2026-02-26T11:52:42.255+0000] {processor.py:840} INFO - DAG(s) 'oltp_s3_dwh' retrieved from /opt/airflow/dags/oltp_s3_dwh_dict.py
[2026-02-26T11:52:42.297+0000] {logging_mixin.py:188} INFO - [2026-02-26T11:52:42.297+0000] {dag.py:3089} INFO - Sync 1 DAGs
[2026-02-26T11:52:42.324+0000] {logging_mixin.py:188} INFO - [2026-02-26T11:52:42.324+0000] {dag.py:3947} INFO - Setting next_dagrun for oltp_s3_dwh to 2026-02-01 00:00:00+00:00, run_after=2026-03-01 00:00:00+00:00
[2026-02-26T11:52:42.346+0000] {processor.py:183} INFO - Processing /opt/airflow/dags/oltp_s3_dwh_dict.py took 0.568 seconds
[2026-02-26T11:53:12.625+0000] {processor.py:161} INFO - Started process (PID=3369) to work on /opt/airflow/dags/oltp_s3_dwh_dict.py
[2026-02-26T11:53:12.626+0000] {processor.py:830} INFO - Processing file /opt/airflow/dags/oltp_s3_dwh_dict.py for tasks to queue
[2026-02-26T11:53:12.627+0000] {logging_mixin.py:188} INFO - [2026-02-26T11:53:12.627+0000] {dagbag.py:545} INFO - Filling up the DagBag from /opt/airflow/dags/oltp_s3_dwh_dict.py
[2026-02-26T11:53:13.081+0000] {processor.py:840} INFO - DAG(s) 'oltp_s3_dwh' retrieved from /opt/airflow/dags/oltp_s3_dwh_dict.py
[2026-02-26T11:53:13.104+0000] {logging_mixin.py:188} INFO - [2026-02-26T11:53:13.104+0000] {dag.py:3089} INFO - Sync 1 DAGs
[2026-02-26T11:53:13.124+0000] {logging_mixin.py:188} INFO - [2026-02-26T11:53:13.124+0000] {dag.py:3947} INFO - Setting next_dagrun for oltp_s3_dwh to 2026-02-01 00:00:00+00:00, run_after=2026-03-01 00:00:00+00:00
[2026-02-26T11:53:13.145+0000] {processor.py:183} INFO - Processing /opt/airflow/dags/oltp_s3_dwh_dict.py took 0.526 seconds
[2026-02-26T11:53:43.419+0000] {processor.py:161} INFO - Started process (PID=3394) to work on /opt/airflow/dags/oltp_s3_dwh_dict.py
[2026-02-26T11:53:43.421+0000] {processor.py:830} INFO - Processing file /opt/airflow/dags/oltp_s3_dwh_dict.py for tasks to queue
[2026-02-26T11:53:43.425+0000] {logging_mixin.py:188} INFO - [2026-02-26T11:53:43.424+0000] {dagbag.py:545} INFO - Filling up the DagBag from /opt/airflow/dags/oltp_s3_dwh_dict.py
[2026-02-26T11:53:43.932+0000] {processor.py:840} INFO - DAG(s) 'oltp_s3_dwh' retrieved from /opt/airflow/dags/oltp_s3_dwh_dict.py
[2026-02-26T11:53:43.956+0000] {logging_mixin.py:188} INFO - [2026-02-26T11:53:43.956+0000] {dag.py:3089} INFO - Sync 1 DAGs
[2026-02-26T11:53:43.976+0000] {logging_mixin.py:188} INFO - [2026-02-26T11:53:43.976+0000] {dag.py:3947} INFO - Setting next_dagrun for oltp_s3_dwh to 2026-02-01 00:00:00+00:00, run_after=2026-03-01 00:00:00+00:00
[2026-02-26T11:53:43.997+0000] {processor.py:183} INFO - Processing /opt/airflow/dags/oltp_s3_dwh_dict.py took 0.593 seconds
[2026-02-26T11:54:14.174+0000] {processor.py:161} INFO - Started process (PID=3428) to work on /opt/airflow/dags/oltp_s3_dwh_dict.py
[2026-02-26T11:54:14.175+0000] {processor.py:830} INFO - Processing file /opt/airflow/dags/oltp_s3_dwh_dict.py for tasks to queue
[2026-02-26T11:54:14.176+0000] {logging_mixin.py:188} INFO - [2026-02-26T11:54:14.176+0000] {dagbag.py:545} INFO - Filling up the DagBag from /opt/airflow/dags/oltp_s3_dwh_dict.py
[2026-02-26T11:54:14.623+0000] {processor.py:840} INFO - DAG(s) 'oltp_s3_dwh' retrieved from /opt/airflow/dags/oltp_s3_dwh_dict.py
[2026-02-26T11:54:14.650+0000] {logging_mixin.py:188} INFO - [2026-02-26T11:54:14.650+0000] {dag.py:3089} INFO - Sync 1 DAGs
[2026-02-26T11:54:14.673+0000] {logging_mixin.py:188} INFO - [2026-02-26T11:54:14.673+0000] {dag.py:3947} INFO - Setting next_dagrun for oltp_s3_dwh to 2026-02-01 00:00:00+00:00, run_after=2026-03-01 00:00:00+00:00
[2026-02-26T11:54:14.697+0000] {processor.py:183} INFO - Processing /opt/airflow/dags/oltp_s3_dwh_dict.py took 0.529 seconds
[2026-02-26T11:54:45.093+0000] {processor.py:161} INFO - Started process (PID=3454) to work on /opt/airflow/dags/oltp_s3_dwh_dict.py
[2026-02-26T11:54:45.094+0000] {processor.py:830} INFO - Processing file /opt/airflow/dags/oltp_s3_dwh_dict.py for tasks to queue
[2026-02-26T11:54:45.095+0000] {logging_mixin.py:188} INFO - [2026-02-26T11:54:45.095+0000] {dagbag.py:545} INFO - Filling up the DagBag from /opt/airflow/dags/oltp_s3_dwh_dict.py
[2026-02-26T11:54:45.546+0000] {processor.py:840} INFO - DAG(s) 'oltp_s3_dwh' retrieved from /opt/airflow/dags/oltp_s3_dwh_dict.py
[2026-02-26T11:54:45.567+0000] {logging_mixin.py:188} INFO - [2026-02-26T11:54:45.567+0000] {dag.py:3089} INFO - Sync 1 DAGs
[2026-02-26T11:54:45.586+0000] {logging_mixin.py:188} INFO - [2026-02-26T11:54:45.586+0000] {dag.py:3947} INFO - Setting next_dagrun for oltp_s3_dwh to 2026-02-01 00:00:00+00:00, run_after=2026-03-01 00:00:00+00:00
[2026-02-26T11:54:45.607+0000] {processor.py:183} INFO - Processing /opt/airflow/dags/oltp_s3_dwh_dict.py took 0.522 seconds
[2026-02-26T11:55:15.840+0000] {processor.py:161} INFO - Started process (PID=3488) to work on /opt/airflow/dags/oltp_s3_dwh_dict.py
[2026-02-26T11:55:15.841+0000] {processor.py:830} INFO - Processing file /opt/airflow/dags/oltp_s3_dwh_dict.py for tasks to queue
[2026-02-26T11:55:15.842+0000] {logging_mixin.py:188} INFO - [2026-02-26T11:55:15.842+0000] {dagbag.py:545} INFO - Filling up the DagBag from /opt/airflow/dags/oltp_s3_dwh_dict.py
[2026-02-26T11:55:16.304+0000] {processor.py:840} INFO - DAG(s) 'oltp_s3_dwh' retrieved from /opt/airflow/dags/oltp_s3_dwh_dict.py
[2026-02-26T11:55:16.330+0000] {logging_mixin.py:188} INFO - [2026-02-26T11:55:16.330+0000] {dag.py:3089} INFO - Sync 1 DAGs
[2026-02-26T11:55:16.354+0000] {logging_mixin.py:188} INFO - [2026-02-26T11:55:16.354+0000] {dag.py:3947} INFO - Setting next_dagrun for oltp_s3_dwh to 2026-02-01 00:00:00+00:00, run_after=2026-03-01 00:00:00+00:00
[2026-02-26T11:55:16.377+0000] {processor.py:183} INFO - Processing /opt/airflow/dags/oltp_s3_dwh_dict.py took 0.544 seconds
[2026-02-26T11:55:46.582+0000] {processor.py:161} INFO - Started process (PID=3515) to work on /opt/airflow/dags/oltp_s3_dwh_dict.py
[2026-02-26T11:55:46.583+0000] {processor.py:830} INFO - Processing file /opt/airflow/dags/oltp_s3_dwh_dict.py for tasks to queue
[2026-02-26T11:55:46.585+0000] {logging_mixin.py:188} INFO - [2026-02-26T11:55:46.584+0000] {dagbag.py:545} INFO - Filling up the DagBag from /opt/airflow/dags/oltp_s3_dwh_dict.py
[2026-02-26T11:55:47.055+0000] {processor.py:840} INFO - DAG(s) 'oltp_s3_dwh' retrieved from /opt/airflow/dags/oltp_s3_dwh_dict.py
[2026-02-26T11:55:47.084+0000] {logging_mixin.py:188} INFO - [2026-02-26T11:55:47.084+0000] {dag.py:3089} INFO - Sync 1 DAGs
[2026-02-26T11:55:47.109+0000] {logging_mixin.py:188} INFO - [2026-02-26T11:55:47.109+0000] {dag.py:3947} INFO - Setting next_dagrun for oltp_s3_dwh to 2026-02-01 00:00:00+00:00, run_after=2026-03-01 00:00:00+00:00
[2026-02-26T11:55:47.131+0000] {processor.py:183} INFO - Processing /opt/airflow/dags/oltp_s3_dwh_dict.py took 0.556 seconds
[2026-02-26T11:56:17.330+0000] {processor.py:161} INFO - Started process (PID=3540) to work on /opt/airflow/dags/oltp_s3_dwh_dict.py
[2026-02-26T11:56:17.331+0000] {processor.py:830} INFO - Processing file /opt/airflow/dags/oltp_s3_dwh_dict.py for tasks to queue
[2026-02-26T11:56:17.332+0000] {logging_mixin.py:188} INFO - [2026-02-26T11:56:17.332+0000] {dagbag.py:545} INFO - Filling up the DagBag from /opt/airflow/dags/oltp_s3_dwh_dict.py
[2026-02-26T11:56:17.777+0000] {processor.py:840} INFO - DAG(s) 'oltp_s3_dwh' retrieved from /opt/airflow/dags/oltp_s3_dwh_dict.py
[2026-02-26T11:56:17.799+0000] {logging_mixin.py:188} INFO - [2026-02-26T11:56:17.799+0000] {dag.py:3089} INFO - Sync 1 DAGs
[2026-02-26T11:56:17.817+0000] {logging_mixin.py:188} INFO - [2026-02-26T11:56:17.817+0000] {dag.py:3947} INFO - Setting next_dagrun for oltp_s3_dwh to 2026-02-01 00:00:00+00:00, run_after=2026-03-01 00:00:00+00:00
[2026-02-26T11:56:17.836+0000] {processor.py:183} INFO - Processing /opt/airflow/dags/oltp_s3_dwh_dict.py took 0.512 seconds
[2026-02-26T11:56:48.112+0000] {processor.py:161} INFO - Started process (PID=3573) to work on /opt/airflow/dags/oltp_s3_dwh_dict.py
[2026-02-26T11:56:48.114+0000] {processor.py:830} INFO - Processing file /opt/airflow/dags/oltp_s3_dwh_dict.py for tasks to queue
[2026-02-26T11:56:48.117+0000] {logging_mixin.py:188} INFO - [2026-02-26T11:56:48.117+0000] {dagbag.py:545} INFO - Filling up the DagBag from /opt/airflow/dags/oltp_s3_dwh_dict.py
[2026-02-26T11:56:48.640+0000] {processor.py:840} INFO - DAG(s) 'oltp_s3_dwh' retrieved from /opt/airflow/dags/oltp_s3_dwh_dict.py
[2026-02-26T11:56:48.666+0000] {logging_mixin.py:188} INFO - [2026-02-26T11:56:48.666+0000] {dag.py:3089} INFO - Sync 1 DAGs
[2026-02-26T11:56:48.687+0000] {logging_mixin.py:188} INFO - [2026-02-26T11:56:48.687+0000] {dag.py:3947} INFO - Setting next_dagrun for oltp_s3_dwh to 2026-02-01 00:00:00+00:00, run_after=2026-03-01 00:00:00+00:00
[2026-02-26T11:56:48.713+0000] {processor.py:183} INFO - Processing /opt/airflow/dags/oltp_s3_dwh_dict.py took 0.619 seconds
[2026-02-26T11:57:18.945+0000] {processor.py:161} INFO - Started process (PID=3599) to work on /opt/airflow/dags/oltp_s3_dwh_dict.py
[2026-02-26T11:57:18.946+0000] {processor.py:830} INFO - Processing file /opt/airflow/dags/oltp_s3_dwh_dict.py for tasks to queue
[2026-02-26T11:57:18.947+0000] {logging_mixin.py:188} INFO - [2026-02-26T11:57:18.946+0000] {dagbag.py:545} INFO - Filling up the DagBag from /opt/airflow/dags/oltp_s3_dwh_dict.py
[2026-02-26T11:57:19.386+0000] {processor.py:840} INFO - DAG(s) 'oltp_s3_dwh' retrieved from /opt/airflow/dags/oltp_s3_dwh_dict.py
[2026-02-26T11:57:19.407+0000] {logging_mixin.py:188} INFO - [2026-02-26T11:57:19.406+0000] {dag.py:3089} INFO - Sync 1 DAGs
[2026-02-26T11:57:19.426+0000] {logging_mixin.py:188} INFO - [2026-02-26T11:57:19.426+0000] {dag.py:3947} INFO - Setting next_dagrun for oltp_s3_dwh to 2026-02-01 00:00:00+00:00, run_after=2026-03-01 00:00:00+00:00
[2026-02-26T11:57:19.447+0000] {processor.py:183} INFO - Processing /opt/airflow/dags/oltp_s3_dwh_dict.py took 0.508 seconds
[2026-02-26T11:57:49.615+0000] {processor.py:161} INFO - Started process (PID=3632) to work on /opt/airflow/dags/oltp_s3_dwh_dict.py
[2026-02-26T11:57:49.617+0000] {processor.py:830} INFO - Processing file /opt/airflow/dags/oltp_s3_dwh_dict.py for tasks to queue
[2026-02-26T11:57:49.618+0000] {logging_mixin.py:188} INFO - [2026-02-26T11:57:49.618+0000] {dagbag.py:545} INFO - Filling up the DagBag from /opt/airflow/dags/oltp_s3_dwh_dict.py
[2026-02-26T11:57:50.082+0000] {processor.py:840} INFO - DAG(s) 'oltp_s3_dwh' retrieved from /opt/airflow/dags/oltp_s3_dwh_dict.py
[2026-02-26T11:57:50.105+0000] {logging_mixin.py:188} INFO - [2026-02-26T11:57:50.104+0000] {dag.py:3089} INFO - Sync 1 DAGs
[2026-02-26T11:57:50.131+0000] {logging_mixin.py:188} INFO - [2026-02-26T11:57:50.131+0000] {dag.py:3947} INFO - Setting next_dagrun for oltp_s3_dwh to 2026-02-01 00:00:00+00:00, run_after=2026-03-01 00:00:00+00:00
[2026-02-26T11:57:50.157+0000] {processor.py:183} INFO - Processing /opt/airflow/dags/oltp_s3_dwh_dict.py took 0.548 seconds
[2026-02-26T11:58:20.356+0000] {processor.py:161} INFO - Started process (PID=3658) to work on /opt/airflow/dags/oltp_s3_dwh_dict.py
[2026-02-26T11:58:20.357+0000] {processor.py:830} INFO - Processing file /opt/airflow/dags/oltp_s3_dwh_dict.py for tasks to queue
[2026-02-26T11:58:20.359+0000] {logging_mixin.py:188} INFO - [2026-02-26T11:58:20.358+0000] {dagbag.py:545} INFO - Filling up the DagBag from /opt/airflow/dags/oltp_s3_dwh_dict.py
[2026-02-26T11:58:20.833+0000] {processor.py:840} INFO - DAG(s) 'oltp_s3_dwh' retrieved from /opt/airflow/dags/oltp_s3_dwh_dict.py
[2026-02-26T11:58:20.853+0000] {logging_mixin.py:188} INFO - [2026-02-26T11:58:20.853+0000] {dag.py:3089} INFO - Sync 1 DAGs
[2026-02-26T11:58:20.873+0000] {logging_mixin.py:188} INFO - [2026-02-26T11:58:20.873+0000] {dag.py:3947} INFO - Setting next_dagrun for oltp_s3_dwh to 2026-02-01 00:00:00+00:00, run_after=2026-03-01 00:00:00+00:00
[2026-02-26T11:58:20.891+0000] {processor.py:183} INFO - Processing /opt/airflow/dags/oltp_s3_dwh_dict.py took 0.543 seconds
[2026-02-26T11:58:51.064+0000] {processor.py:161} INFO - Started process (PID=3685) to work on /opt/airflow/dags/oltp_s3_dwh_dict.py
[2026-02-26T11:58:51.066+0000] {processor.py:830} INFO - Processing file /opt/airflow/dags/oltp_s3_dwh_dict.py for tasks to queue
[2026-02-26T11:58:51.070+0000] {logging_mixin.py:188} INFO - [2026-02-26T11:58:51.070+0000] {dagbag.py:545} INFO - Filling up the DagBag from /opt/airflow/dags/oltp_s3_dwh_dict.py
[2026-02-26T11:58:51.714+0000] {processor.py:840} INFO - DAG(s) 'oltp_s3_dwh' retrieved from /opt/airflow/dags/oltp_s3_dwh_dict.py
[2026-02-26T11:58:51.736+0000] {logging_mixin.py:188} INFO - [2026-02-26T11:58:51.736+0000] {dag.py:3089} INFO - Sync 1 DAGs
[2026-02-26T11:58:51.755+0000] {logging_mixin.py:188} INFO - [2026-02-26T11:58:51.755+0000] {dag.py:3947} INFO - Setting next_dagrun for oltp_s3_dwh to 2026-02-01 00:00:00+00:00, run_after=2026-03-01 00:00:00+00:00
[2026-02-26T11:58:51.779+0000] {processor.py:183} INFO - Processing /opt/airflow/dags/oltp_s3_dwh_dict.py took 0.720 seconds
[2026-02-26T11:59:21.975+0000] {processor.py:161} INFO - Started process (PID=3718) to work on /opt/airflow/dags/oltp_s3_dwh_dict.py
[2026-02-26T11:59:21.976+0000] {processor.py:830} INFO - Processing file /opt/airflow/dags/oltp_s3_dwh_dict.py for tasks to queue
[2026-02-26T11:59:21.978+0000] {logging_mixin.py:188} INFO - [2026-02-26T11:59:21.977+0000] {dagbag.py:545} INFO - Filling up the DagBag from /opt/airflow/dags/oltp_s3_dwh_dict.py
[2026-02-26T11:59:22.441+0000] {processor.py:840} INFO - DAG(s) 'oltp_s3_dwh' retrieved from /opt/airflow/dags/oltp_s3_dwh_dict.py
[2026-02-26T11:59:22.464+0000] {logging_mixin.py:188} INFO - [2026-02-26T11:59:22.464+0000] {dag.py:3089} INFO - Sync 1 DAGs
[2026-02-26T11:59:22.487+0000] {logging_mixin.py:188} INFO - [2026-02-26T11:59:22.486+0000] {dag.py:3947} INFO - Setting next_dagrun for oltp_s3_dwh to 2026-02-01 00:00:00+00:00, run_after=2026-03-01 00:00:00+00:00
[2026-02-26T11:59:22.512+0000] {processor.py:183} INFO - Processing /opt/airflow/dags/oltp_s3_dwh_dict.py took 0.544 seconds
[2026-02-26T11:59:52.782+0000] {processor.py:161} INFO - Started process (PID=3744) to work on /opt/airflow/dags/oltp_s3_dwh_dict.py
[2026-02-26T11:59:52.785+0000] {processor.py:830} INFO - Processing file /opt/airflow/dags/oltp_s3_dwh_dict.py for tasks to queue
[2026-02-26T11:59:52.787+0000] {logging_mixin.py:188} INFO - [2026-02-26T11:59:52.786+0000] {dagbag.py:545} INFO - Filling up the DagBag from /opt/airflow/dags/oltp_s3_dwh_dict.py
[2026-02-26T11:59:53.487+0000] {processor.py:840} INFO - DAG(s) 'oltp_s3_dwh' retrieved from /opt/airflow/dags/oltp_s3_dwh_dict.py
[2026-02-26T11:59:53.527+0000] {logging_mixin.py:188} INFO - [2026-02-26T11:59:53.527+0000] {dag.py:3089} INFO - Sync 1 DAGs
[2026-02-26T11:59:53.552+0000] {logging_mixin.py:188} INFO - [2026-02-26T11:59:53.552+0000] {dag.py:3947} INFO - Setting next_dagrun for oltp_s3_dwh to 2026-02-01 00:00:00+00:00, run_after=2026-03-01 00:00:00+00:00
[2026-02-26T11:59:53.577+0000] {processor.py:183} INFO - Processing /opt/airflow/dags/oltp_s3_dwh_dict.py took 0.814 seconds
[2026-02-26T12:00:15.742+0000] {processor.py:161} INFO - Started process (PID=3770) to work on /opt/airflow/dags/oltp_s3_dwh_dict.py
[2026-02-26T12:00:15.744+0000] {processor.py:830} INFO - Processing file /opt/airflow/dags/oltp_s3_dwh_dict.py for tasks to queue
[2026-02-26T12:00:15.745+0000] {logging_mixin.py:188} INFO - [2026-02-26T12:00:15.745+0000] {dagbag.py:545} INFO - Filling up the DagBag from /opt/airflow/dags/oltp_s3_dwh_dict.py
[2026-02-26T12:00:16.286+0000] {processor.py:840} INFO - DAG(s) 'oltp_s3_dwh' retrieved from /opt/airflow/dags/oltp_s3_dwh_dict.py
[2026-02-26T12:00:16.319+0000] {logging_mixin.py:188} INFO - [2026-02-26T12:00:16.319+0000] {dag.py:3089} INFO - Sync 1 DAGs
[2026-02-26T12:00:16.346+0000] {logging_mixin.py:188} INFO - [2026-02-26T12:00:16.345+0000] {dag.py:3947} INFO - Setting next_dagrun for oltp_s3_dwh to 2026-02-01 00:00:00+00:00, run_after=2026-03-01 00:00:00+00:00
[2026-02-26T12:00:16.380+0000] {processor.py:183} INFO - Processing /opt/airflow/dags/oltp_s3_dwh_dict.py took 0.643 seconds
[2026-02-26T12:00:38.631+0000] {processor.py:161} INFO - Started process (PID=3796) to work on /opt/airflow/dags/oltp_s3_dwh_dict.py
[2026-02-26T12:00:38.633+0000] {processor.py:830} INFO - Processing file /opt/airflow/dags/oltp_s3_dwh_dict.py for tasks to queue
[2026-02-26T12:00:38.634+0000] {logging_mixin.py:188} INFO - [2026-02-26T12:00:38.634+0000] {dagbag.py:545} INFO - Filling up the DagBag from /opt/airflow/dags/oltp_s3_dwh_dict.py
[2026-02-26T12:00:39.136+0000] {logging_mixin.py:188} INFO - [2026-02-26T12:00:39.130+0000] {dagbag.py:355} ERROR - Failed to import: /opt/airflow/dags/oltp_s3_dwh_dict.py
Traceback (most recent call last):
  File "/home/airflow/.local/lib/python3.12/site-packages/airflow/models/dagbag.py", line 351, in parse
    loader.exec_module(new_module)
  File "<frozen importlib._bootstrap_external>", line 995, in exec_module
  File "<frozen importlib._bootstrap>", line 488, in _call_with_frames_removed
  File "/opt/airflow/dags/oltp_s3_dwh_dict.py", line 67, in <module>
    for table_name, column_date in tables:
        ^^^^^^^^^^^^^^^^^^^^^^^
ValueError: not enough values to unpack (expected 2, got 0)
[2026-02-26T12:00:39.138+0000] {processor.py:842} WARNING - No viable dags retrieved from /opt/airflow/dags/oltp_s3_dwh_dict.py
[2026-02-26T12:00:39.159+0000] {processor.py:183} INFO - Processing /opt/airflow/dags/oltp_s3_dwh_dict.py took 0.536 seconds
[2026-02-26T12:00:46.297+0000] {processor.py:161} INFO - Started process (PID=3802) to work on /opt/airflow/dags/oltp_s3_dwh_dict.py
[2026-02-26T12:00:46.298+0000] {processor.py:830} INFO - Processing file /opt/airflow/dags/oltp_s3_dwh_dict.py for tasks to queue
[2026-02-26T12:00:46.300+0000] {logging_mixin.py:188} INFO - [2026-02-26T12:00:46.300+0000] {dagbag.py:545} INFO - Filling up the DagBag from /opt/airflow/dags/oltp_s3_dwh_dict.py
[2026-02-26T12:00:46.936+0000] {logging_mixin.py:188} INFO - [2026-02-26T12:00:46.928+0000] {dagbag.py:355} ERROR - Failed to import: /opt/airflow/dags/oltp_s3_dwh_dict.py
Traceback (most recent call last):
  File "/home/airflow/.local/lib/python3.12/site-packages/airflow/models/dagbag.py", line 351, in parse
    loader.exec_module(new_module)
  File "<frozen importlib._bootstrap_external>", line 995, in exec_module
  File "<frozen importlib._bootstrap>", line 488, in _call_with_frames_removed
  File "/opt/airflow/dags/oltp_s3_dwh_dict.py", line 67, in <module>
    for table_name, column_date in tables:
        ^^^^^^^^^^^^^^^^^^^^^^^
ValueError: not enough values to unpack (expected 2, got 1)
[2026-02-26T12:00:46.939+0000] {processor.py:842} WARNING - No viable dags retrieved from /opt/airflow/dags/oltp_s3_dwh_dict.py
[2026-02-26T12:00:46.962+0000] {processor.py:183} INFO - Processing /opt/airflow/dags/oltp_s3_dwh_dict.py took 0.671 seconds
[2026-02-26T12:00:56.897+0000] {processor.py:161} INFO - Started process (PID=3820) to work on /opt/airflow/dags/oltp_s3_dwh_dict.py
[2026-02-26T12:00:56.899+0000] {processor.py:830} INFO - Processing file /opt/airflow/dags/oltp_s3_dwh_dict.py for tasks to queue
[2026-02-26T12:00:56.900+0000] {logging_mixin.py:188} INFO - [2026-02-26T12:00:56.900+0000] {dagbag.py:545} INFO - Filling up the DagBag from /opt/airflow/dags/oltp_s3_dwh_dict.py
[2026-02-26T12:00:57.432+0000] {processor.py:840} INFO - DAG(s) 'oltp_s3_dwh' retrieved from /opt/airflow/dags/oltp_s3_dwh_dict.py
[2026-02-26T12:00:57.530+0000] {logging_mixin.py:188} INFO - [2026-02-26T12:00:57.530+0000] {dag.py:3089} INFO - Sync 1 DAGs
[2026-02-26T12:00:57.549+0000] {logging_mixin.py:188} INFO - [2026-02-26T12:00:57.549+0000] {dag.py:3947} INFO - Setting next_dagrun for oltp_s3_dwh to 2026-02-01 00:00:00+00:00, run_after=2026-03-01 00:00:00+00:00
[2026-02-26T12:00:57.576+0000] {processor.py:183} INFO - Processing /opt/airflow/dags/oltp_s3_dwh_dict.py took 0.685 seconds
[2026-02-26T12:01:03.715+0000] {processor.py:161} INFO - Started process (PID=3833) to work on /opt/airflow/dags/oltp_s3_dwh_dict.py
[2026-02-26T12:01:03.717+0000] {processor.py:830} INFO - Processing file /opt/airflow/dags/oltp_s3_dwh_dict.py for tasks to queue
[2026-02-26T12:01:03.719+0000] {logging_mixin.py:188} INFO - [2026-02-26T12:01:03.718+0000] {dagbag.py:545} INFO - Filling up the DagBag from /opt/airflow/dags/oltp_s3_dwh_dict.py
[2026-02-26T12:01:04.191+0000] {processor.py:840} INFO - DAG(s) 'oltp_s3_dwh' retrieved from /opt/airflow/dags/oltp_s3_dwh_dict.py
[2026-02-26T12:01:04.204+0000] {logging_mixin.py:188} INFO - [2026-02-26T12:01:04.204+0000] {dag.py:3089} INFO - Sync 1 DAGs
[2026-02-26T12:01:04.229+0000] {logging_mixin.py:188} INFO - [2026-02-26T12:01:04.228+0000] {dag.py:3947} INFO - Setting next_dagrun for oltp_s3_dwh to 2026-02-01 00:00:00+00:00, run_after=2026-03-01 00:00:00+00:00
[2026-02-26T12:01:04.263+0000] {processor.py:183} INFO - Processing /opt/airflow/dags/oltp_s3_dwh_dict.py took 0.654 seconds
[2026-02-26T12:01:09.387+0000] {processor.py:161} INFO - Started process (PID=3839) to work on /opt/airflow/dags/oltp_s3_dwh_dict.py
[2026-02-26T12:01:09.388+0000] {processor.py:830} INFO - Processing file /opt/airflow/dags/oltp_s3_dwh_dict.py for tasks to queue
[2026-02-26T12:01:09.389+0000] {logging_mixin.py:188} INFO - [2026-02-26T12:01:09.389+0000] {dagbag.py:545} INFO - Filling up the DagBag from /opt/airflow/dags/oltp_s3_dwh_dict.py
[2026-02-26T12:01:10.021+0000] {processor.py:840} INFO - DAG(s) 'oltp_s3_dwh' retrieved from /opt/airflow/dags/oltp_s3_dwh_dict.py
[2026-02-26T12:01:10.033+0000] {logging_mixin.py:188} INFO - [2026-02-26T12:01:10.033+0000] {dag.py:3089} INFO - Sync 1 DAGs
[2026-02-26T12:01:10.054+0000] {logging_mixin.py:188} INFO - [2026-02-26T12:01:10.054+0000] {dag.py:3947} INFO - Setting next_dagrun for oltp_s3_dwh to 2026-02-01 00:00:00+00:00, run_after=2026-03-01 00:00:00+00:00
[2026-02-26T12:01:10.082+0000] {processor.py:183} INFO - Processing /opt/airflow/dags/oltp_s3_dwh_dict.py took 0.702 seconds
[2026-02-26T12:01:18.239+0000] {processor.py:161} INFO - Started process (PID=3852) to work on /opt/airflow/dags/oltp_s3_dwh_dict.py
[2026-02-26T12:01:18.240+0000] {processor.py:830} INFO - Processing file /opt/airflow/dags/oltp_s3_dwh_dict.py for tasks to queue
[2026-02-26T12:01:18.242+0000] {logging_mixin.py:188} INFO - [2026-02-26T12:01:18.241+0000] {dagbag.py:545} INFO - Filling up the DagBag from /opt/airflow/dags/oltp_s3_dwh_dict.py
[2026-02-26T12:01:18.269+0000] {logging_mixin.py:188} INFO - [2026-02-26T12:01:18.268+0000] {dagbag.py:355} ERROR - Failed to import: /opt/airflow/dags/oltp_s3_dwh_dict.py
Traceback (most recent call last):
  File "/home/airflow/.local/lib/python3.12/site-packages/airflow/models/dagbag.py", line 351, in parse
    loader.exec_module(new_module)
  File "<frozen importlib._bootstrap_external>", line 991, in exec_module
  File "<frozen importlib._bootstrap_external>", line 1129, in get_code
  File "<frozen importlib._bootstrap_external>", line 1059, in source_to_code
  File "<frozen importlib._bootstrap>", line 488, in _call_with_frames_removed
  File "/opt/airflow/dags/oltp_s3_dwh_dict.py", line 67
    ('users'm )
     ^^^^^^^^
SyntaxError: invalid syntax. Perhaps you forgot a comma?
[2026-02-26T12:01:18.270+0000] {processor.py:842} WARNING - No viable dags retrieved from /opt/airflow/dags/oltp_s3_dwh_dict.py
[2026-02-26T12:01:18.296+0000] {processor.py:183} INFO - Processing /opt/airflow/dags/oltp_s3_dwh_dict.py took 0.065 seconds
[2026-02-26T12:01:20.876+0000] {processor.py:161} INFO - Started process (PID=3857) to work on /opt/airflow/dags/oltp_s3_dwh_dict.py
[2026-02-26T12:01:20.878+0000] {processor.py:830} INFO - Processing file /opt/airflow/dags/oltp_s3_dwh_dict.py for tasks to queue
[2026-02-26T12:01:20.879+0000] {logging_mixin.py:188} INFO - [2026-02-26T12:01:20.879+0000] {dagbag.py:545} INFO - Filling up the DagBag from /opt/airflow/dags/oltp_s3_dwh_dict.py
[2026-02-26T12:01:21.407+0000] {processor.py:840} INFO - DAG(s) 'oltp_s3_dwh' retrieved from /opt/airflow/dags/oltp_s3_dwh_dict.py
[2026-02-26T12:01:21.429+0000] {logging_mixin.py:188} INFO - [2026-02-26T12:01:21.427+0000] {dag.py:3089} INFO - Sync 1 DAGs
[2026-02-26T12:01:21.465+0000] {logging_mixin.py:188} INFO - [2026-02-26T12:01:21.465+0000] {dag.py:3947} INFO - Setting next_dagrun for oltp_s3_dwh to 2026-02-01 00:00:00+00:00, run_after=2026-03-01 00:00:00+00:00
[2026-02-26T12:01:21.508+0000] {processor.py:183} INFO - Processing /opt/airflow/dags/oltp_s3_dwh_dict.py took 0.640 seconds
[2026-02-26T12:01:26.642+0000] {processor.py:161} INFO - Started process (PID=3869) to work on /opt/airflow/dags/oltp_s3_dwh_dict.py
[2026-02-26T12:01:26.643+0000] {processor.py:830} INFO - Processing file /opt/airflow/dags/oltp_s3_dwh_dict.py for tasks to queue
[2026-02-26T12:01:26.645+0000] {logging_mixin.py:188} INFO - [2026-02-26T12:01:26.644+0000] {dagbag.py:545} INFO - Filling up the DagBag from /opt/airflow/dags/oltp_s3_dwh_dict.py
[2026-02-26T12:01:27.207+0000] {processor.py:840} INFO - DAG(s) 'oltp_s3_dwh' retrieved from /opt/airflow/dags/oltp_s3_dwh_dict.py
[2026-02-26T12:01:27.218+0000] {logging_mixin.py:188} INFO - [2026-02-26T12:01:27.217+0000] {dag.py:3089} INFO - Sync 1 DAGs
[2026-02-26T12:01:27.238+0000] {logging_mixin.py:188} INFO - [2026-02-26T12:01:27.238+0000] {dag.py:3947} INFO - Setting next_dagrun for oltp_s3_dwh to 2026-02-01 00:00:00+00:00, run_after=2026-03-01 00:00:00+00:00
[2026-02-26T12:01:27.270+0000] {processor.py:183} INFO - Processing /opt/airflow/dags/oltp_s3_dwh_dict.py took 0.637 seconds
[2026-02-26T12:01:35.285+0000] {processor.py:161} INFO - Started process (PID=3882) to work on /opt/airflow/dags/oltp_s3_dwh_dict.py
[2026-02-26T12:01:35.287+0000] {processor.py:830} INFO - Processing file /opt/airflow/dags/oltp_s3_dwh_dict.py for tasks to queue
[2026-02-26T12:01:35.289+0000] {logging_mixin.py:188} INFO - [2026-02-26T12:01:35.288+0000] {dagbag.py:545} INFO - Filling up the DagBag from /opt/airflow/dags/oltp_s3_dwh_dict.py
[2026-02-26T12:01:35.776+0000] {processor.py:840} INFO - DAG(s) 'oltp_s3_dwh' retrieved from /opt/airflow/dags/oltp_s3_dwh_dict.py
[2026-02-26T12:01:35.890+0000] {logging_mixin.py:188} INFO - [2026-02-26T12:01:35.890+0000] {dag.py:3089} INFO - Sync 1 DAGs
[2026-02-26T12:01:35.909+0000] {logging_mixin.py:188} INFO - [2026-02-26T12:01:35.909+0000] {dag.py:3947} INFO - Setting next_dagrun for oltp_s3_dwh to 2026-02-01 00:00:00+00:00, run_after=2026-03-01 00:00:00+00:00
[2026-02-26T12:01:35.938+0000] {processor.py:183} INFO - Processing /opt/airflow/dags/oltp_s3_dwh_dict.py took 0.660 seconds
[2026-02-26T12:01:56.092+0000] {processor.py:161} INFO - Started process (PID=3902) to work on /opt/airflow/dags/oltp_s3_dwh_dict.py
[2026-02-26T12:01:56.093+0000] {processor.py:830} INFO - Processing file /opt/airflow/dags/oltp_s3_dwh_dict.py for tasks to queue
[2026-02-26T12:01:56.095+0000] {logging_mixin.py:188} INFO - [2026-02-26T12:01:56.094+0000] {dagbag.py:545} INFO - Filling up the DagBag from /opt/airflow/dags/oltp_s3_dwh_dict.py
[2026-02-26T12:01:56.602+0000] {processor.py:840} INFO - DAG(s) 'oltp_s3_dwh' retrieved from /opt/airflow/dags/oltp_s3_dwh_dict.py
[2026-02-26T12:01:56.614+0000] {logging_mixin.py:188} INFO - [2026-02-26T12:01:56.614+0000] {dag.py:3089} INFO - Sync 1 DAGs
[2026-02-26T12:01:56.634+0000] {logging_mixin.py:188} INFO - [2026-02-26T12:01:56.633+0000] {dag.py:3947} INFO - Setting next_dagrun for oltp_s3_dwh to 2026-02-01 00:00:00+00:00, run_after=2026-03-01 00:00:00+00:00
[2026-02-26T12:01:56.660+0000] {processor.py:183} INFO - Processing /opt/airflow/dags/oltp_s3_dwh_dict.py took 0.576 seconds
[2026-02-26T12:02:27.299+0000] {processor.py:161} INFO - Started process (PID=3928) to work on /opt/airflow/dags/oltp_s3_dwh_dict.py
[2026-02-26T12:02:27.301+0000] {processor.py:830} INFO - Processing file /opt/airflow/dags/oltp_s3_dwh_dict.py for tasks to queue
[2026-02-26T12:02:27.302+0000] {logging_mixin.py:188} INFO - [2026-02-26T12:02:27.302+0000] {dagbag.py:545} INFO - Filling up the DagBag from /opt/airflow/dags/oltp_s3_dwh_dict.py
[2026-02-26T12:02:27.770+0000] {processor.py:840} INFO - DAG(s) 'oltp_s3_dwh' retrieved from /opt/airflow/dags/oltp_s3_dwh_dict.py
[2026-02-26T12:02:27.868+0000] {logging_mixin.py:188} INFO - [2026-02-26T12:02:27.867+0000] {dag.py:3089} INFO - Sync 1 DAGs
[2026-02-26T12:02:27.887+0000] {logging_mixin.py:188} INFO - [2026-02-26T12:02:27.887+0000] {dag.py:3947} INFO - Setting next_dagrun for oltp_s3_dwh to 2026-02-01 00:00:00+00:00, run_after=2026-03-01 00:00:00+00:00
[2026-02-26T12:02:27.912+0000] {processor.py:183} INFO - Processing /opt/airflow/dags/oltp_s3_dwh_dict.py took 0.619 seconds
[2026-02-26T12:02:58.158+0000] {processor.py:161} INFO - Started process (PID=4008) to work on /opt/airflow/dags/oltp_s3_dwh_dict.py
[2026-02-26T12:02:58.161+0000] {processor.py:830} INFO - Processing file /opt/airflow/dags/oltp_s3_dwh_dict.py for tasks to queue
[2026-02-26T12:02:58.162+0000] {logging_mixin.py:188} INFO - [2026-02-26T12:02:58.162+0000] {dagbag.py:545} INFO - Filling up the DagBag from /opt/airflow/dags/oltp_s3_dwh_dict.py
[2026-02-26T12:02:58.683+0000] {processor.py:840} INFO - DAG(s) 'oltp_s3_dwh' retrieved from /opt/airflow/dags/oltp_s3_dwh_dict.py
[2026-02-26T12:02:58.711+0000] {logging_mixin.py:188} INFO - [2026-02-26T12:02:58.710+0000] {dag.py:3089} INFO - Sync 1 DAGs
[2026-02-26T12:02:58.733+0000] {logging_mixin.py:188} INFO - [2026-02-26T12:02:58.733+0000] {dag.py:3947} INFO - Setting next_dagrun for oltp_s3_dwh to 2026-02-01 00:00:00+00:00, run_after=2026-03-01 00:00:00+00:00
[2026-02-26T12:02:58.754+0000] {processor.py:183} INFO - Processing /opt/airflow/dags/oltp_s3_dwh_dict.py took 0.603 seconds
[2026-02-26T12:03:29.064+0000] {processor.py:161} INFO - Started process (PID=4096) to work on /opt/airflow/dags/oltp_s3_dwh_dict.py
[2026-02-26T12:03:29.068+0000] {processor.py:830} INFO - Processing file /opt/airflow/dags/oltp_s3_dwh_dict.py for tasks to queue
[2026-02-26T12:03:29.071+0000] {logging_mixin.py:188} INFO - [2026-02-26T12:03:29.070+0000] {dagbag.py:545} INFO - Filling up the DagBag from /opt/airflow/dags/oltp_s3_dwh_dict.py
[2026-02-26T12:03:30.186+0000] {processor.py:840} INFO - DAG(s) 'oltp_s3_dwh' retrieved from /opt/airflow/dags/oltp_s3_dwh_dict.py
[2026-02-26T12:03:30.258+0000] {logging_mixin.py:188} INFO - [2026-02-26T12:03:30.257+0000] {dag.py:3089} INFO - Sync 1 DAGs
[2026-02-26T12:03:30.287+0000] {logging_mixin.py:188} INFO - [2026-02-26T12:03:30.287+0000] {dag.py:3947} INFO - Setting next_dagrun for oltp_s3_dwh to 2026-02-01 00:00:00+00:00, run_after=2026-03-01 00:00:00+00:00
[2026-02-26T12:03:30.311+0000] {processor.py:183} INFO - Processing /opt/airflow/dags/oltp_s3_dwh_dict.py took 1.265 seconds
[2026-02-26T12:04:00.718+0000] {processor.py:161} INFO - Started process (PID=4129) to work on /opt/airflow/dags/oltp_s3_dwh_dict.py
[2026-02-26T12:04:00.721+0000] {processor.py:830} INFO - Processing file /opt/airflow/dags/oltp_s3_dwh_dict.py for tasks to queue
[2026-02-26T12:04:00.724+0000] {logging_mixin.py:188} INFO - [2026-02-26T12:04:00.723+0000] {dagbag.py:545} INFO - Filling up the DagBag from /opt/airflow/dags/oltp_s3_dwh_dict.py
[2026-02-26T12:04:01.318+0000] {processor.py:840} INFO - DAG(s) 'oltp_s3_dwh' retrieved from /opt/airflow/dags/oltp_s3_dwh_dict.py
[2026-02-26T12:04:01.353+0000] {logging_mixin.py:188} INFO - [2026-02-26T12:04:01.352+0000] {dag.py:3089} INFO - Sync 1 DAGs
[2026-02-26T12:04:01.377+0000] {logging_mixin.py:188} INFO - [2026-02-26T12:04:01.377+0000] {dag.py:3947} INFO - Setting next_dagrun for oltp_s3_dwh to 2026-02-01 00:00:00+00:00, run_after=2026-03-01 00:00:00+00:00
[2026-02-26T12:04:01.403+0000] {processor.py:183} INFO - Processing /opt/airflow/dags/oltp_s3_dwh_dict.py took 0.701 seconds
[2026-02-26T12:04:31.658+0000] {processor.py:161} INFO - Started process (PID=4155) to work on /opt/airflow/dags/oltp_s3_dwh_dict.py
[2026-02-26T12:04:31.660+0000] {processor.py:830} INFO - Processing file /opt/airflow/dags/oltp_s3_dwh_dict.py for tasks to queue
[2026-02-26T12:04:31.662+0000] {logging_mixin.py:188} INFO - [2026-02-26T12:04:31.661+0000] {dagbag.py:545} INFO - Filling up the DagBag from /opt/airflow/dags/oltp_s3_dwh_dict.py
[2026-02-26T12:04:32.375+0000] {processor.py:840} INFO - DAG(s) 'oltp_s3_dwh' retrieved from /opt/airflow/dags/oltp_s3_dwh_dict.py
[2026-02-26T12:04:32.408+0000] {logging_mixin.py:188} INFO - [2026-02-26T12:04:32.408+0000] {dag.py:3089} INFO - Sync 1 DAGs
[2026-02-26T12:04:32.444+0000] {logging_mixin.py:188} INFO - [2026-02-26T12:04:32.444+0000] {dag.py:3947} INFO - Setting next_dagrun for oltp_s3_dwh to 2026-02-01 00:00:00+00:00, run_after=2026-03-01 00:00:00+00:00
[2026-02-26T12:04:32.485+0000] {processor.py:183} INFO - Processing /opt/airflow/dags/oltp_s3_dwh_dict.py took 0.836 seconds
[2026-02-26T12:05:02.750+0000] {processor.py:161} INFO - Started process (PID=4217) to work on /opt/airflow/dags/oltp_s3_dwh_dict.py
[2026-02-26T12:05:02.751+0000] {processor.py:830} INFO - Processing file /opt/airflow/dags/oltp_s3_dwh_dict.py for tasks to queue
[2026-02-26T12:05:02.753+0000] {logging_mixin.py:188} INFO - [2026-02-26T12:05:02.752+0000] {dagbag.py:545} INFO - Filling up the DagBag from /opt/airflow/dags/oltp_s3_dwh_dict.py
[2026-02-26T12:05:03.156+0000] {processor.py:840} INFO - DAG(s) 'oltp_s3_dwh' retrieved from /opt/airflow/dags/oltp_s3_dwh_dict.py
[2026-02-26T12:05:03.187+0000] {logging_mixin.py:188} INFO - [2026-02-26T12:05:03.187+0000] {dag.py:3089} INFO - Sync 1 DAGs
[2026-02-26T12:05:03.208+0000] {logging_mixin.py:188} INFO - [2026-02-26T12:05:03.208+0000] {dag.py:3947} INFO - Setting next_dagrun for oltp_s3_dwh to 2026-02-01 00:00:00+00:00, run_after=2026-03-01 00:00:00+00:00
[2026-02-26T12:05:03.238+0000] {processor.py:183} INFO - Processing /opt/airflow/dags/oltp_s3_dwh_dict.py took 0.598 seconds
[2026-02-26T12:05:33.467+0000] {processor.py:161} INFO - Started process (PID=4271) to work on /opt/airflow/dags/oltp_s3_dwh_dict.py
[2026-02-26T12:05:33.478+0000] {processor.py:830} INFO - Processing file /opt/airflow/dags/oltp_s3_dwh_dict.py for tasks to queue
[2026-02-26T12:05:33.481+0000] {logging_mixin.py:188} INFO - [2026-02-26T12:05:33.480+0000] {dagbag.py:545} INFO - Filling up the DagBag from /opt/airflow/dags/oltp_s3_dwh_dict.py
[2026-02-26T12:05:34.006+0000] {processor.py:840} INFO - DAG(s) 'oltp_s3_dwh' retrieved from /opt/airflow/dags/oltp_s3_dwh_dict.py
[2026-02-26T12:05:34.037+0000] {logging_mixin.py:188} INFO - [2026-02-26T12:05:34.037+0000] {dag.py:3089} INFO - Sync 1 DAGs
[2026-02-26T12:05:34.060+0000] {logging_mixin.py:188} INFO - [2026-02-26T12:05:34.060+0000] {dag.py:3947} INFO - Setting next_dagrun for oltp_s3_dwh to 2026-02-01 00:00:00+00:00, run_after=2026-03-01 00:00:00+00:00
[2026-02-26T12:05:34.080+0000] {processor.py:183} INFO - Processing /opt/airflow/dags/oltp_s3_dwh_dict.py took 0.620 seconds
[2026-02-26T12:06:04.430+0000] {processor.py:161} INFO - Started process (PID=4296) to work on /opt/airflow/dags/oltp_s3_dwh_dict.py
[2026-02-26T12:06:04.432+0000] {processor.py:830} INFO - Processing file /opt/airflow/dags/oltp_s3_dwh_dict.py for tasks to queue
[2026-02-26T12:06:04.433+0000] {logging_mixin.py:188} INFO - [2026-02-26T12:06:04.433+0000] {dagbag.py:545} INFO - Filling up the DagBag from /opt/airflow/dags/oltp_s3_dwh_dict.py
[2026-02-26T12:06:04.948+0000] {processor.py:840} INFO - DAG(s) 'oltp_s3_dwh' retrieved from /opt/airflow/dags/oltp_s3_dwh_dict.py
[2026-02-26T12:06:04.974+0000] {logging_mixin.py:188} INFO - [2026-02-26T12:06:04.974+0000] {dag.py:3089} INFO - Sync 1 DAGs
[2026-02-26T12:06:04.994+0000] {logging_mixin.py:188} INFO - [2026-02-26T12:06:04.994+0000] {dag.py:3947} INFO - Setting next_dagrun for oltp_s3_dwh to 2026-02-01 00:00:00+00:00, run_after=2026-03-01 00:00:00+00:00
[2026-02-26T12:06:05.017+0000] {processor.py:183} INFO - Processing /opt/airflow/dags/oltp_s3_dwh_dict.py took 0.598 seconds
[2026-02-26T12:06:13.227+0000] {processor.py:161} INFO - Started process (PID=4315) to work on /opt/airflow/dags/oltp_s3_dwh_dict.py
[2026-02-26T12:06:13.229+0000] {processor.py:830} INFO - Processing file /opt/airflow/dags/oltp_s3_dwh_dict.py for tasks to queue
[2026-02-26T12:06:13.230+0000] {logging_mixin.py:188} INFO - [2026-02-26T12:06:13.230+0000] {dagbag.py:545} INFO - Filling up the DagBag from /opt/airflow/dags/oltp_s3_dwh_dict.py
[2026-02-26T12:06:13.763+0000] {processor.py:840} INFO - DAG(s) 'oltp_s3_dwh' retrieved from /opt/airflow/dags/oltp_s3_dwh_dict.py
[2026-02-26T12:06:13.894+0000] {logging_mixin.py:188} INFO - [2026-02-26T12:06:13.894+0000] {dag.py:3089} INFO - Sync 1 DAGs
[2026-02-26T12:06:13.914+0000] {logging_mixin.py:188} INFO - [2026-02-26T12:06:13.913+0000] {dag.py:3947} INFO - Setting next_dagrun for oltp_s3_dwh to 2026-02-01 00:00:00+00:00, run_after=2026-03-01 00:00:00+00:00
[2026-02-26T12:06:13.949+0000] {processor.py:183} INFO - Processing /opt/airflow/dags/oltp_s3_dwh_dict.py took 0.729 seconds
[2026-02-26T12:06:44.375+0000] {processor.py:161} INFO - Started process (PID=4373) to work on /opt/airflow/dags/oltp_s3_dwh_dict.py
[2026-02-26T12:06:44.380+0000] {processor.py:830} INFO - Processing file /opt/airflow/dags/oltp_s3_dwh_dict.py for tasks to queue
[2026-02-26T12:06:44.384+0000] {logging_mixin.py:188} INFO - [2026-02-26T12:06:44.384+0000] {dagbag.py:545} INFO - Filling up the DagBag from /opt/airflow/dags/oltp_s3_dwh_dict.py
[2026-02-26T12:06:48.499+0000] {processor.py:840} INFO - DAG(s) 'oltp_s3_dwh' retrieved from /opt/airflow/dags/oltp_s3_dwh_dict.py
[2026-02-26T12:06:48.561+0000] {logging_mixin.py:188} INFO - [2026-02-26T12:06:48.561+0000] {dag.py:3089} INFO - Sync 1 DAGs
[2026-02-26T12:06:48.679+0000] {processor.py:183} INFO - Processing /opt/airflow/dags/oltp_s3_dwh_dict.py took 4.314 seconds
[2026-02-26T12:07:18.957+0000] {processor.py:161} INFO - Started process (PID=4777) to work on /opt/airflow/dags/oltp_s3_dwh_dict.py
[2026-02-26T12:07:18.981+0000] {processor.py:830} INFO - Processing file /opt/airflow/dags/oltp_s3_dwh_dict.py for tasks to queue
[2026-02-26T12:07:18.992+0000] {logging_mixin.py:188} INFO - [2026-02-26T12:07:18.991+0000] {dagbag.py:545} INFO - Filling up the DagBag from /opt/airflow/dags/oltp_s3_dwh_dict.py
[2026-02-26T12:07:22.393+0000] {processor.py:840} INFO - DAG(s) 'oltp_s3_dwh' retrieved from /opt/airflow/dags/oltp_s3_dwh_dict.py
[2026-02-26T12:07:22.516+0000] {logging_mixin.py:188} INFO - [2026-02-26T12:07:22.513+0000] {dag.py:3089} INFO - Sync 1 DAGs
[2026-02-26T12:07:22.919+0000] {processor.py:183} INFO - Processing /opt/airflow/dags/oltp_s3_dwh_dict.py took 3.970 seconds
[2026-02-26T12:07:53.206+0000] {processor.py:161} INFO - Started process (PID=5096) to work on /opt/airflow/dags/oltp_s3_dwh_dict.py
[2026-02-26T12:07:53.207+0000] {processor.py:830} INFO - Processing file /opt/airflow/dags/oltp_s3_dwh_dict.py for tasks to queue
[2026-02-26T12:07:53.209+0000] {logging_mixin.py:188} INFO - [2026-02-26T12:07:53.208+0000] {dagbag.py:545} INFO - Filling up the DagBag from /opt/airflow/dags/oltp_s3_dwh_dict.py
[2026-02-26T12:07:53.688+0000] {processor.py:840} INFO - DAG(s) 'oltp_s3_dwh' retrieved from /opt/airflow/dags/oltp_s3_dwh_dict.py
[2026-02-26T12:07:53.712+0000] {logging_mixin.py:188} INFO - [2026-02-26T12:07:53.711+0000] {dag.py:3089} INFO - Sync 1 DAGs
[2026-02-26T12:07:53.734+0000] {logging_mixin.py:188} INFO - [2026-02-26T12:07:53.734+0000] {dag.py:3947} INFO - Setting next_dagrun for oltp_s3_dwh to 2026-02-01 00:00:00+00:00, run_after=2026-03-01 00:00:00+00:00
[2026-02-26T12:07:53.756+0000] {processor.py:183} INFO - Processing /opt/airflow/dags/oltp_s3_dwh_dict.py took 0.557 seconds
[2026-02-26T12:08:23.959+0000] {processor.py:161} INFO - Started process (PID=5122) to work on /opt/airflow/dags/oltp_s3_dwh_dict.py
[2026-02-26T12:08:23.962+0000] {processor.py:830} INFO - Processing file /opt/airflow/dags/oltp_s3_dwh_dict.py for tasks to queue
[2026-02-26T12:08:23.964+0000] {logging_mixin.py:188} INFO - [2026-02-26T12:08:23.964+0000] {dagbag.py:545} INFO - Filling up the DagBag from /opt/airflow/dags/oltp_s3_dwh_dict.py
[2026-02-26T12:08:24.424+0000] {processor.py:840} INFO - DAG(s) 'oltp_s3_dwh' retrieved from /opt/airflow/dags/oltp_s3_dwh_dict.py
[2026-02-26T12:08:24.446+0000] {logging_mixin.py:188} INFO - [2026-02-26T12:08:24.446+0000] {dag.py:3089} INFO - Sync 1 DAGs
[2026-02-26T12:08:24.467+0000] {logging_mixin.py:188} INFO - [2026-02-26T12:08:24.467+0000] {dag.py:3947} INFO - Setting next_dagrun for oltp_s3_dwh to 2026-02-01 00:00:00+00:00, run_after=2026-03-01 00:00:00+00:00
[2026-02-26T12:08:24.490+0000] {processor.py:183} INFO - Processing /opt/airflow/dags/oltp_s3_dwh_dict.py took 0.547 seconds
[2026-02-26T12:08:54.686+0000] {processor.py:161} INFO - Started process (PID=5154) to work on /opt/airflow/dags/oltp_s3_dwh_dict.py
[2026-02-26T12:08:54.687+0000] {processor.py:830} INFO - Processing file /opt/airflow/dags/oltp_s3_dwh_dict.py for tasks to queue
[2026-02-26T12:08:54.688+0000] {logging_mixin.py:188} INFO - [2026-02-26T12:08:54.688+0000] {dagbag.py:545} INFO - Filling up the DagBag from /opt/airflow/dags/oltp_s3_dwh_dict.py
[2026-02-26T12:08:55.158+0000] {processor.py:840} INFO - DAG(s) 'oltp_s3_dwh' retrieved from /opt/airflow/dags/oltp_s3_dwh_dict.py
[2026-02-26T12:08:55.186+0000] {logging_mixin.py:188} INFO - [2026-02-26T12:08:55.186+0000] {dag.py:3089} INFO - Sync 1 DAGs
[2026-02-26T12:08:55.212+0000] {logging_mixin.py:188} INFO - [2026-02-26T12:08:55.211+0000] {dag.py:3947} INFO - Setting next_dagrun for oltp_s3_dwh to 2026-02-01 00:00:00+00:00, run_after=2026-03-01 00:00:00+00:00
[2026-02-26T12:08:55.234+0000] {processor.py:183} INFO - Processing /opt/airflow/dags/oltp_s3_dwh_dict.py took 0.555 seconds
[2026-02-26T12:09:25.390+0000] {processor.py:161} INFO - Started process (PID=5180) to work on /opt/airflow/dags/oltp_s3_dwh_dict.py
[2026-02-26T12:09:25.391+0000] {processor.py:830} INFO - Processing file /opt/airflow/dags/oltp_s3_dwh_dict.py for tasks to queue
[2026-02-26T12:09:25.393+0000] {logging_mixin.py:188} INFO - [2026-02-26T12:09:25.392+0000] {dagbag.py:545} INFO - Filling up the DagBag from /opt/airflow/dags/oltp_s3_dwh_dict.py
[2026-02-26T12:09:25.832+0000] {processor.py:840} INFO - DAG(s) 'oltp_s3_dwh' retrieved from /opt/airflow/dags/oltp_s3_dwh_dict.py
[2026-02-26T12:09:25.855+0000] {logging_mixin.py:188} INFO - [2026-02-26T12:09:25.854+0000] {dag.py:3089} INFO - Sync 1 DAGs
[2026-02-26T12:09:25.874+0000] {logging_mixin.py:188} INFO - [2026-02-26T12:09:25.874+0000] {dag.py:3947} INFO - Setting next_dagrun for oltp_s3_dwh to 2026-02-01 00:00:00+00:00, run_after=2026-03-01 00:00:00+00:00
[2026-02-26T12:09:25.895+0000] {processor.py:183} INFO - Processing /opt/airflow/dags/oltp_s3_dwh_dict.py took 0.511 seconds
[2026-02-26T12:09:56.085+0000] {processor.py:161} INFO - Started process (PID=5213) to work on /opt/airflow/dags/oltp_s3_dwh_dict.py
[2026-02-26T12:09:56.086+0000] {processor.py:830} INFO - Processing file /opt/airflow/dags/oltp_s3_dwh_dict.py for tasks to queue
[2026-02-26T12:09:56.088+0000] {logging_mixin.py:188} INFO - [2026-02-26T12:09:56.087+0000] {dagbag.py:545} INFO - Filling up the DagBag from /opt/airflow/dags/oltp_s3_dwh_dict.py
[2026-02-26T12:09:56.548+0000] {processor.py:840} INFO - DAG(s) 'oltp_s3_dwh' retrieved from /opt/airflow/dags/oltp_s3_dwh_dict.py
[2026-02-26T12:09:56.571+0000] {logging_mixin.py:188} INFO - [2026-02-26T12:09:56.571+0000] {dag.py:3089} INFO - Sync 1 DAGs
[2026-02-26T12:09:56.591+0000] {logging_mixin.py:188} INFO - [2026-02-26T12:09:56.591+0000] {dag.py:3947} INFO - Setting next_dagrun for oltp_s3_dwh to 2026-02-01 00:00:00+00:00, run_after=2026-03-01 00:00:00+00:00
[2026-02-26T12:09:56.614+0000] {processor.py:183} INFO - Processing /opt/airflow/dags/oltp_s3_dwh_dict.py took 0.536 seconds
[2026-02-26T12:10:26.781+0000] {processor.py:161} INFO - Started process (PID=5239) to work on /opt/airflow/dags/oltp_s3_dwh_dict.py
[2026-02-26T12:10:26.782+0000] {processor.py:830} INFO - Processing file /opt/airflow/dags/oltp_s3_dwh_dict.py for tasks to queue
[2026-02-26T12:10:26.784+0000] {logging_mixin.py:188} INFO - [2026-02-26T12:10:26.783+0000] {dagbag.py:545} INFO - Filling up the DagBag from /opt/airflow/dags/oltp_s3_dwh_dict.py
[2026-02-26T12:10:27.271+0000] {processor.py:840} INFO - DAG(s) 'oltp_s3_dwh' retrieved from /opt/airflow/dags/oltp_s3_dwh_dict.py
[2026-02-26T12:10:27.298+0000] {logging_mixin.py:188} INFO - [2026-02-26T12:10:27.297+0000] {dag.py:3089} INFO - Sync 1 DAGs
[2026-02-26T12:10:27.319+0000] {logging_mixin.py:188} INFO - [2026-02-26T12:10:27.319+0000] {dag.py:3947} INFO - Setting next_dagrun for oltp_s3_dwh to 2026-02-01 00:00:00+00:00, run_after=2026-03-01 00:00:00+00:00
[2026-02-26T12:10:27.339+0000] {processor.py:183} INFO - Processing /opt/airflow/dags/oltp_s3_dwh_dict.py took 0.564 seconds
[2026-02-26T12:10:57.511+0000] {processor.py:161} INFO - Started process (PID=5265) to work on /opt/airflow/dags/oltp_s3_dwh_dict.py
[2026-02-26T12:10:57.513+0000] {processor.py:830} INFO - Processing file /opt/airflow/dags/oltp_s3_dwh_dict.py for tasks to queue
[2026-02-26T12:10:57.515+0000] {logging_mixin.py:188} INFO - [2026-02-26T12:10:57.514+0000] {dagbag.py:545} INFO - Filling up the DagBag from /opt/airflow/dags/oltp_s3_dwh_dict.py
[2026-02-26T12:10:57.963+0000] {processor.py:840} INFO - DAG(s) 'oltp_s3_dwh' retrieved from /opt/airflow/dags/oltp_s3_dwh_dict.py
[2026-02-26T12:10:57.989+0000] {logging_mixin.py:188} INFO - [2026-02-26T12:10:57.989+0000] {dag.py:3089} INFO - Sync 1 DAGs
[2026-02-26T12:10:58.008+0000] {logging_mixin.py:188} INFO - [2026-02-26T12:10:58.008+0000] {dag.py:3947} INFO - Setting next_dagrun for oltp_s3_dwh to 2026-02-01 00:00:00+00:00, run_after=2026-03-01 00:00:00+00:00
[2026-02-26T12:10:58.030+0000] {processor.py:183} INFO - Processing /opt/airflow/dags/oltp_s3_dwh_dict.py took 0.529 seconds
[2026-02-26T12:11:28.185+0000] {processor.py:161} INFO - Started process (PID=5299) to work on /opt/airflow/dags/oltp_s3_dwh_dict.py
[2026-02-26T12:11:28.187+0000] {processor.py:830} INFO - Processing file /opt/airflow/dags/oltp_s3_dwh_dict.py for tasks to queue
[2026-02-26T12:11:28.189+0000] {logging_mixin.py:188} INFO - [2026-02-26T12:11:28.188+0000] {dagbag.py:545} INFO - Filling up the DagBag from /opt/airflow/dags/oltp_s3_dwh_dict.py
[2026-02-26T12:11:28.653+0000] {processor.py:840} INFO - DAG(s) 'oltp_s3_dwh' retrieved from /opt/airflow/dags/oltp_s3_dwh_dict.py
[2026-02-26T12:11:28.677+0000] {logging_mixin.py:188} INFO - [2026-02-26T12:11:28.676+0000] {dag.py:3089} INFO - Sync 1 DAGs
[2026-02-26T12:11:28.696+0000] {logging_mixin.py:188} INFO - [2026-02-26T12:11:28.695+0000] {dag.py:3947} INFO - Setting next_dagrun for oltp_s3_dwh to 2026-02-01 00:00:00+00:00, run_after=2026-03-01 00:00:00+00:00
[2026-02-26T12:11:28.714+0000] {processor.py:183} INFO - Processing /opt/airflow/dags/oltp_s3_dwh_dict.py took 0.536 seconds
[2026-02-26T12:11:58.933+0000] {processor.py:161} INFO - Started process (PID=5325) to work on /opt/airflow/dags/oltp_s3_dwh_dict.py
[2026-02-26T12:11:58.934+0000] {processor.py:830} INFO - Processing file /opt/airflow/dags/oltp_s3_dwh_dict.py for tasks to queue
[2026-02-26T12:11:58.936+0000] {logging_mixin.py:188} INFO - [2026-02-26T12:11:58.935+0000] {dagbag.py:545} INFO - Filling up the DagBag from /opt/airflow/dags/oltp_s3_dwh_dict.py
[2026-02-26T12:11:59.389+0000] {processor.py:840} INFO - DAG(s) 'oltp_s3_dwh' retrieved from /opt/airflow/dags/oltp_s3_dwh_dict.py
[2026-02-26T12:11:59.413+0000] {logging_mixin.py:188} INFO - [2026-02-26T12:11:59.412+0000] {dag.py:3089} INFO - Sync 1 DAGs
[2026-02-26T12:11:59.432+0000] {logging_mixin.py:188} INFO - [2026-02-26T12:11:59.432+0000] {dag.py:3947} INFO - Setting next_dagrun for oltp_s3_dwh to 2026-02-01 00:00:00+00:00, run_after=2026-03-01 00:00:00+00:00
[2026-02-26T12:11:59.452+0000] {processor.py:183} INFO - Processing /opt/airflow/dags/oltp_s3_dwh_dict.py took 0.525 seconds
[2026-02-26T12:12:29.640+0000] {processor.py:161} INFO - Started process (PID=5351) to work on /opt/airflow/dags/oltp_s3_dwh_dict.py
[2026-02-26T12:12:29.641+0000] {processor.py:830} INFO - Processing file /opt/airflow/dags/oltp_s3_dwh_dict.py for tasks to queue
[2026-02-26T12:12:29.643+0000] {logging_mixin.py:188} INFO - [2026-02-26T12:12:29.642+0000] {dagbag.py:545} INFO - Filling up the DagBag from /opt/airflow/dags/oltp_s3_dwh_dict.py
[2026-02-26T12:12:30.195+0000] {processor.py:840} INFO - DAG(s) 'oltp_s3_dwh' retrieved from /opt/airflow/dags/oltp_s3_dwh_dict.py
[2026-02-26T12:12:30.245+0000] {logging_mixin.py:188} INFO - [2026-02-26T12:12:30.244+0000] {dag.py:3089} INFO - Sync 1 DAGs
[2026-02-26T12:12:30.271+0000] {logging_mixin.py:188} INFO - [2026-02-26T12:12:30.270+0000] {dag.py:3947} INFO - Setting next_dagrun for oltp_s3_dwh to 2026-02-01 00:00:00+00:00, run_after=2026-03-01 00:00:00+00:00
[2026-02-26T12:12:30.294+0000] {processor.py:183} INFO - Processing /opt/airflow/dags/oltp_s3_dwh_dict.py took 0.661 seconds
[2026-02-26T12:13:00.645+0000] {processor.py:161} INFO - Started process (PID=5384) to work on /opt/airflow/dags/oltp_s3_dwh_dict.py
[2026-02-26T12:13:00.647+0000] {processor.py:830} INFO - Processing file /opt/airflow/dags/oltp_s3_dwh_dict.py for tasks to queue
[2026-02-26T12:13:00.648+0000] {logging_mixin.py:188} INFO - [2026-02-26T12:13:00.648+0000] {dagbag.py:545} INFO - Filling up the DagBag from /opt/airflow/dags/oltp_s3_dwh_dict.py
[2026-02-26T12:13:01.116+0000] {processor.py:840} INFO - DAG(s) 'oltp_s3_dwh' retrieved from /opt/airflow/dags/oltp_s3_dwh_dict.py
[2026-02-26T12:13:01.141+0000] {logging_mixin.py:188} INFO - [2026-02-26T12:13:01.140+0000] {dag.py:3089} INFO - Sync 1 DAGs
[2026-02-26T12:13:01.251+0000] {logging_mixin.py:188} INFO - [2026-02-26T12:13:01.251+0000] {dag.py:3947} INFO - Setting next_dagrun for oltp_s3_dwh to 2026-02-01 00:00:00+00:00, run_after=2026-03-01 00:00:00+00:00
[2026-02-26T12:13:01.277+0000] {processor.py:183} INFO - Processing /opt/airflow/dags/oltp_s3_dwh_dict.py took 0.550 seconds
[2026-02-26T12:13:31.442+0000] {processor.py:161} INFO - Started process (PID=5410) to work on /opt/airflow/dags/oltp_s3_dwh_dict.py
[2026-02-26T12:13:31.444+0000] {processor.py:830} INFO - Processing file /opt/airflow/dags/oltp_s3_dwh_dict.py for tasks to queue
[2026-02-26T12:13:31.445+0000] {logging_mixin.py:188} INFO - [2026-02-26T12:13:31.444+0000] {dagbag.py:545} INFO - Filling up the DagBag from /opt/airflow/dags/oltp_s3_dwh_dict.py
[2026-02-26T12:13:31.898+0000] {processor.py:840} INFO - DAG(s) 'oltp_s3_dwh' retrieved from /opt/airflow/dags/oltp_s3_dwh_dict.py
[2026-02-26T12:13:31.944+0000] {logging_mixin.py:188} INFO - [2026-02-26T12:13:31.944+0000] {dag.py:3089} INFO - Sync 1 DAGs
[2026-02-26T12:13:31.970+0000] {logging_mixin.py:188} INFO - [2026-02-26T12:13:31.970+0000] {dag.py:3947} INFO - Setting next_dagrun for oltp_s3_dwh to 2026-02-01 00:00:00+00:00, run_after=2026-03-01 00:00:00+00:00
[2026-02-26T12:13:31.999+0000] {processor.py:183} INFO - Processing /opt/airflow/dags/oltp_s3_dwh_dict.py took 0.563 seconds
[2026-02-26T12:14:02.248+0000] {processor.py:161} INFO - Started process (PID=5445) to work on /opt/airflow/dags/oltp_s3_dwh_dict.py
[2026-02-26T12:14:02.250+0000] {processor.py:830} INFO - Processing file /opt/airflow/dags/oltp_s3_dwh_dict.py for tasks to queue
[2026-02-26T12:14:02.252+0000] {logging_mixin.py:188} INFO - [2026-02-26T12:14:02.251+0000] {dagbag.py:545} INFO - Filling up the DagBag from /opt/airflow/dags/oltp_s3_dwh_dict.py
[2026-02-26T12:14:02.858+0000] {processor.py:840} INFO - DAG(s) 'oltp_s3_dwh' retrieved from /opt/airflow/dags/oltp_s3_dwh_dict.py
[2026-02-26T12:14:02.887+0000] {logging_mixin.py:188} INFO - [2026-02-26T12:14:02.886+0000] {dag.py:3089} INFO - Sync 1 DAGs
[2026-02-26T12:14:02.906+0000] {logging_mixin.py:188} INFO - [2026-02-26T12:14:02.906+0000] {dag.py:3947} INFO - Setting next_dagrun for oltp_s3_dwh to 2026-02-01 00:00:00+00:00, run_after=2026-03-01 00:00:00+00:00
[2026-02-26T12:14:02.927+0000] {processor.py:183} INFO - Processing /opt/airflow/dags/oltp_s3_dwh_dict.py took 0.687 seconds
[2026-02-26T12:14:33.219+0000] {processor.py:161} INFO - Started process (PID=5471) to work on /opt/airflow/dags/oltp_s3_dwh_dict.py
[2026-02-26T12:14:33.221+0000] {processor.py:830} INFO - Processing file /opt/airflow/dags/oltp_s3_dwh_dict.py for tasks to queue
[2026-02-26T12:14:33.222+0000] {logging_mixin.py:188} INFO - [2026-02-26T12:14:33.221+0000] {dagbag.py:545} INFO - Filling up the DagBag from /opt/airflow/dags/oltp_s3_dwh_dict.py
[2026-02-26T12:14:33.693+0000] {processor.py:840} INFO - DAG(s) 'oltp_s3_dwh' retrieved from /opt/airflow/dags/oltp_s3_dwh_dict.py
[2026-02-26T12:14:33.716+0000] {logging_mixin.py:188} INFO - [2026-02-26T12:14:33.715+0000] {dag.py:3089} INFO - Sync 1 DAGs
[2026-02-26T12:14:33.734+0000] {logging_mixin.py:188} INFO - [2026-02-26T12:14:33.734+0000] {dag.py:3947} INFO - Setting next_dagrun for oltp_s3_dwh to 2026-02-01 00:00:00+00:00, run_after=2026-03-01 00:00:00+00:00
[2026-02-26T12:14:33.754+0000] {processor.py:183} INFO - Processing /opt/airflow/dags/oltp_s3_dwh_dict.py took 0.541 seconds
[2026-02-26T12:15:03.991+0000] {processor.py:161} INFO - Started process (PID=5504) to work on /opt/airflow/dags/oltp_s3_dwh_dict.py
[2026-02-26T12:15:03.993+0000] {processor.py:830} INFO - Processing file /opt/airflow/dags/oltp_s3_dwh_dict.py for tasks to queue
[2026-02-26T12:15:03.994+0000] {logging_mixin.py:188} INFO - [2026-02-26T12:15:03.994+0000] {dagbag.py:545} INFO - Filling up the DagBag from /opt/airflow/dags/oltp_s3_dwh_dict.py
[2026-02-26T12:15:04.454+0000] {processor.py:840} INFO - DAG(s) 'oltp_s3_dwh' retrieved from /opt/airflow/dags/oltp_s3_dwh_dict.py
[2026-02-26T12:15:04.492+0000] {logging_mixin.py:188} INFO - [2026-02-26T12:15:04.491+0000] {dag.py:3089} INFO - Sync 1 DAGs
[2026-02-26T12:15:04.519+0000] {logging_mixin.py:188} INFO - [2026-02-26T12:15:04.518+0000] {dag.py:3947} INFO - Setting next_dagrun for oltp_s3_dwh to 2026-02-01 00:00:00+00:00, run_after=2026-03-01 00:00:00+00:00
[2026-02-26T12:15:04.541+0000] {processor.py:183} INFO - Processing /opt/airflow/dags/oltp_s3_dwh_dict.py took 0.555 seconds
[2026-02-26T12:15:34.726+0000] {processor.py:161} INFO - Started process (PID=5530) to work on /opt/airflow/dags/oltp_s3_dwh_dict.py
[2026-02-26T12:15:34.727+0000] {processor.py:830} INFO - Processing file /opt/airflow/dags/oltp_s3_dwh_dict.py for tasks to queue
[2026-02-26T12:15:34.728+0000] {logging_mixin.py:188} INFO - [2026-02-26T12:15:34.728+0000] {dagbag.py:545} INFO - Filling up the DagBag from /opt/airflow/dags/oltp_s3_dwh_dict.py
[2026-02-26T12:15:35.227+0000] {processor.py:840} INFO - DAG(s) 'oltp_s3_dwh' retrieved from /opt/airflow/dags/oltp_s3_dwh_dict.py
[2026-02-26T12:15:35.254+0000] {logging_mixin.py:188} INFO - [2026-02-26T12:15:35.253+0000] {dag.py:3089} INFO - Sync 1 DAGs
[2026-02-26T12:15:35.273+0000] {logging_mixin.py:188} INFO - [2026-02-26T12:15:35.273+0000] {dag.py:3947} INFO - Setting next_dagrun for oltp_s3_dwh to 2026-02-01 00:00:00+00:00, run_after=2026-03-01 00:00:00+00:00
[2026-02-26T12:15:35.315+0000] {processor.py:183} INFO - Processing /opt/airflow/dags/oltp_s3_dwh_dict.py took 0.595 seconds
[2026-02-26T12:16:05.498+0000] {processor.py:161} INFO - Started process (PID=5557) to work on /opt/airflow/dags/oltp_s3_dwh_dict.py
[2026-02-26T12:16:05.499+0000] {processor.py:830} INFO - Processing file /opt/airflow/dags/oltp_s3_dwh_dict.py for tasks to queue
[2026-02-26T12:16:05.500+0000] {logging_mixin.py:188} INFO - [2026-02-26T12:16:05.500+0000] {dagbag.py:545} INFO - Filling up the DagBag from /opt/airflow/dags/oltp_s3_dwh_dict.py
[2026-02-26T12:16:05.932+0000] {processor.py:840} INFO - DAG(s) 'oltp_s3_dwh' retrieved from /opt/airflow/dags/oltp_s3_dwh_dict.py
[2026-02-26T12:16:05.954+0000] {logging_mixin.py:188} INFO - [2026-02-26T12:16:05.953+0000] {dag.py:3089} INFO - Sync 1 DAGs
[2026-02-26T12:16:05.973+0000] {logging_mixin.py:188} INFO - [2026-02-26T12:16:05.973+0000] {dag.py:3947} INFO - Setting next_dagrun for oltp_s3_dwh to 2026-02-01 00:00:00+00:00, run_after=2026-03-01 00:00:00+00:00
[2026-02-26T12:16:05.995+0000] {processor.py:183} INFO - Processing /opt/airflow/dags/oltp_s3_dwh_dict.py took 0.503 seconds
[2026-02-26T12:16:36.228+0000] {processor.py:161} INFO - Started process (PID=5591) to work on /opt/airflow/dags/oltp_s3_dwh_dict.py
[2026-02-26T12:16:36.231+0000] {processor.py:830} INFO - Processing file /opt/airflow/dags/oltp_s3_dwh_dict.py for tasks to queue
[2026-02-26T12:16:36.233+0000] {logging_mixin.py:188} INFO - [2026-02-26T12:16:36.232+0000] {dagbag.py:545} INFO - Filling up the DagBag from /opt/airflow/dags/oltp_s3_dwh_dict.py
[2026-02-26T12:16:36.694+0000] {processor.py:840} INFO - DAG(s) 'oltp_s3_dwh' retrieved from /opt/airflow/dags/oltp_s3_dwh_dict.py
[2026-02-26T12:16:36.717+0000] {logging_mixin.py:188} INFO - [2026-02-26T12:16:36.716+0000] {dag.py:3089} INFO - Sync 1 DAGs
[2026-02-26T12:16:36.735+0000] {logging_mixin.py:188} INFO - [2026-02-26T12:16:36.735+0000] {dag.py:3947} INFO - Setting next_dagrun for oltp_s3_dwh to 2026-02-01 00:00:00+00:00, run_after=2026-03-01 00:00:00+00:00
[2026-02-26T12:16:36.760+0000] {processor.py:183} INFO - Processing /opt/airflow/dags/oltp_s3_dwh_dict.py took 0.545 seconds
[2026-02-26T12:17:06.976+0000] {processor.py:161} INFO - Started process (PID=5617) to work on /opt/airflow/dags/oltp_s3_dwh_dict.py
[2026-02-26T12:17:06.977+0000] {processor.py:830} INFO - Processing file /opt/airflow/dags/oltp_s3_dwh_dict.py for tasks to queue
[2026-02-26T12:17:06.978+0000] {logging_mixin.py:188} INFO - [2026-02-26T12:17:06.978+0000] {dagbag.py:545} INFO - Filling up the DagBag from /opt/airflow/dags/oltp_s3_dwh_dict.py
[2026-02-26T12:17:07.447+0000] {processor.py:840} INFO - DAG(s) 'oltp_s3_dwh' retrieved from /opt/airflow/dags/oltp_s3_dwh_dict.py
[2026-02-26T12:17:07.471+0000] {logging_mixin.py:188} INFO - [2026-02-26T12:17:07.471+0000] {dag.py:3089} INFO - Sync 1 DAGs
[2026-02-26T12:17:07.491+0000] {logging_mixin.py:188} INFO - [2026-02-26T12:17:07.491+0000] {dag.py:3947} INFO - Setting next_dagrun for oltp_s3_dwh to 2026-02-01 00:00:00+00:00, run_after=2026-03-01 00:00:00+00:00
[2026-02-26T12:17:07.512+0000] {processor.py:183} INFO - Processing /opt/airflow/dags/oltp_s3_dwh_dict.py took 0.544 seconds
[2026-02-26T12:17:37.742+0000] {processor.py:161} INFO - Started process (PID=5641) to work on /opt/airflow/dags/oltp_s3_dwh_dict.py
[2026-02-26T12:17:37.744+0000] {processor.py:830} INFO - Processing file /opt/airflow/dags/oltp_s3_dwh_dict.py for tasks to queue
[2026-02-26T12:17:37.745+0000] {logging_mixin.py:188} INFO - [2026-02-26T12:17:37.745+0000] {dagbag.py:545} INFO - Filling up the DagBag from /opt/airflow/dags/oltp_s3_dwh_dict.py
[2026-02-26T12:17:38.478+0000] {processor.py:840} INFO - DAG(s) 'oltp_s3_dwh' retrieved from /opt/airflow/dags/oltp_s3_dwh_dict.py
[2026-02-26T12:17:38.535+0000] {logging_mixin.py:188} INFO - [2026-02-26T12:17:38.534+0000] {dag.py:3089} INFO - Sync 1 DAGs
[2026-02-26T12:17:38.565+0000] {logging_mixin.py:188} INFO - [2026-02-26T12:17:38.564+0000] {dag.py:3947} INFO - Setting next_dagrun for oltp_s3_dwh to 2026-02-01 00:00:00+00:00, run_after=2026-03-01 00:00:00+00:00
[2026-02-26T12:17:38.605+0000] {processor.py:183} INFO - Processing /opt/airflow/dags/oltp_s3_dwh_dict.py took 0.871 seconds
[2026-02-26T12:18:08.828+0000] {processor.py:161} INFO - Started process (PID=5674) to work on /opt/airflow/dags/oltp_s3_dwh_dict.py
[2026-02-26T12:18:08.830+0000] {processor.py:830} INFO - Processing file /opt/airflow/dags/oltp_s3_dwh_dict.py for tasks to queue
[2026-02-26T12:18:08.831+0000] {logging_mixin.py:188} INFO - [2026-02-26T12:18:08.831+0000] {dagbag.py:545} INFO - Filling up the DagBag from /opt/airflow/dags/oltp_s3_dwh_dict.py
[2026-02-26T12:18:09.291+0000] {processor.py:840} INFO - DAG(s) 'oltp_s3_dwh' retrieved from /opt/airflow/dags/oltp_s3_dwh_dict.py
[2026-02-26T12:18:09.314+0000] {logging_mixin.py:188} INFO - [2026-02-26T12:18:09.313+0000] {dag.py:3089} INFO - Sync 1 DAGs
[2026-02-26T12:18:09.334+0000] {logging_mixin.py:188} INFO - [2026-02-26T12:18:09.334+0000] {dag.py:3947} INFO - Setting next_dagrun for oltp_s3_dwh to 2026-02-01 00:00:00+00:00, run_after=2026-03-01 00:00:00+00:00
[2026-02-26T12:18:09.354+0000] {processor.py:183} INFO - Processing /opt/airflow/dags/oltp_s3_dwh_dict.py took 0.533 seconds
[2026-02-26T12:18:39.544+0000] {processor.py:161} INFO - Started process (PID=5699) to work on /opt/airflow/dags/oltp_s3_dwh_dict.py
[2026-02-26T12:18:39.545+0000] {processor.py:830} INFO - Processing file /opt/airflow/dags/oltp_s3_dwh_dict.py for tasks to queue
[2026-02-26T12:18:39.547+0000] {logging_mixin.py:188} INFO - [2026-02-26T12:18:39.546+0000] {dagbag.py:545} INFO - Filling up the DagBag from /opt/airflow/dags/oltp_s3_dwh_dict.py
[2026-02-26T12:18:40.023+0000] {processor.py:840} INFO - DAG(s) 'oltp_s3_dwh' retrieved from /opt/airflow/dags/oltp_s3_dwh_dict.py
[2026-02-26T12:18:40.048+0000] {logging_mixin.py:188} INFO - [2026-02-26T12:18:40.048+0000] {dag.py:3089} INFO - Sync 1 DAGs
[2026-02-26T12:18:40.071+0000] {logging_mixin.py:188} INFO - [2026-02-26T12:18:40.070+0000] {dag.py:3947} INFO - Setting next_dagrun for oltp_s3_dwh to 2026-02-01 00:00:00+00:00, run_after=2026-03-01 00:00:00+00:00
[2026-02-26T12:18:40.096+0000] {processor.py:183} INFO - Processing /opt/airflow/dags/oltp_s3_dwh_dict.py took 0.560 seconds
[2026-02-26T12:19:10.300+0000] {processor.py:161} INFO - Started process (PID=5730) to work on /opt/airflow/dags/oltp_s3_dwh_dict.py
[2026-02-26T12:19:10.301+0000] {processor.py:830} INFO - Processing file /opt/airflow/dags/oltp_s3_dwh_dict.py for tasks to queue
[2026-02-26T12:19:10.303+0000] {logging_mixin.py:188} INFO - [2026-02-26T12:19:10.303+0000] {dagbag.py:545} INFO - Filling up the DagBag from /opt/airflow/dags/oltp_s3_dwh_dict.py
[2026-02-26T12:19:10.834+0000] {processor.py:840} INFO - DAG(s) 'oltp_s3_dwh' retrieved from /opt/airflow/dags/oltp_s3_dwh_dict.py
[2026-02-26T12:19:10.864+0000] {logging_mixin.py:188} INFO - [2026-02-26T12:19:10.864+0000] {dag.py:3089} INFO - Sync 1 DAGs
[2026-02-26T12:19:10.887+0000] {logging_mixin.py:188} INFO - [2026-02-26T12:19:10.887+0000] {dag.py:3947} INFO - Setting next_dagrun for oltp_s3_dwh to 2026-02-01 00:00:00+00:00, run_after=2026-03-01 00:00:00+00:00
[2026-02-26T12:19:10.913+0000] {processor.py:183} INFO - Processing /opt/airflow/dags/oltp_s3_dwh_dict.py took 0.620 seconds
[2026-02-26T12:19:41.150+0000] {processor.py:161} INFO - Started process (PID=5756) to work on /opt/airflow/dags/oltp_s3_dwh_dict.py
[2026-02-26T12:19:41.152+0000] {processor.py:830} INFO - Processing file /opt/airflow/dags/oltp_s3_dwh_dict.py for tasks to queue
[2026-02-26T12:19:41.153+0000] {logging_mixin.py:188} INFO - [2026-02-26T12:19:41.153+0000] {dagbag.py:545} INFO - Filling up the DagBag from /opt/airflow/dags/oltp_s3_dwh_dict.py
[2026-02-26T12:19:41.724+0000] {processor.py:840} INFO - DAG(s) 'oltp_s3_dwh' retrieved from /opt/airflow/dags/oltp_s3_dwh_dict.py
[2026-02-26T12:19:41.747+0000] {logging_mixin.py:188} INFO - [2026-02-26T12:19:41.747+0000] {dag.py:3089} INFO - Sync 1 DAGs
[2026-02-26T12:19:41.765+0000] {logging_mixin.py:188} INFO - [2026-02-26T12:19:41.765+0000] {dag.py:3947} INFO - Setting next_dagrun for oltp_s3_dwh to 2026-02-01 00:00:00+00:00, run_after=2026-03-01 00:00:00+00:00
[2026-02-26T12:19:41.785+0000] {processor.py:183} INFO - Processing /opt/airflow/dags/oltp_s3_dwh_dict.py took 0.642 seconds
[2026-02-26T12:20:12.000+0000] {processor.py:161} INFO - Started process (PID=5782) to work on /opt/airflow/dags/oltp_s3_dwh_dict.py
[2026-02-26T12:20:12.001+0000] {processor.py:830} INFO - Processing file /opt/airflow/dags/oltp_s3_dwh_dict.py for tasks to queue
[2026-02-26T12:20:12.002+0000] {logging_mixin.py:188} INFO - [2026-02-26T12:20:12.002+0000] {dagbag.py:545} INFO - Filling up the DagBag from /opt/airflow/dags/oltp_s3_dwh_dict.py
[2026-02-26T12:20:12.534+0000] {processor.py:840} INFO - DAG(s) 'oltp_s3_dwh' retrieved from /opt/airflow/dags/oltp_s3_dwh_dict.py
[2026-02-26T12:20:12.562+0000] {logging_mixin.py:188} INFO - [2026-02-26T12:20:12.561+0000] {dag.py:3089} INFO - Sync 1 DAGs
[2026-02-26T12:20:12.586+0000] {logging_mixin.py:188} INFO - [2026-02-26T12:20:12.586+0000] {dag.py:3947} INFO - Setting next_dagrun for oltp_s3_dwh to 2026-02-01 00:00:00+00:00, run_after=2026-03-01 00:00:00+00:00
[2026-02-26T12:20:12.607+0000] {processor.py:183} INFO - Processing /opt/airflow/dags/oltp_s3_dwh_dict.py took 0.613 seconds
[2026-02-26T12:20:42.775+0000] {processor.py:161} INFO - Started process (PID=5815) to work on /opt/airflow/dags/oltp_s3_dwh_dict.py
[2026-02-26T12:20:42.777+0000] {processor.py:830} INFO - Processing file /opt/airflow/dags/oltp_s3_dwh_dict.py for tasks to queue
[2026-02-26T12:20:42.778+0000] {logging_mixin.py:188} INFO - [2026-02-26T12:20:42.778+0000] {dagbag.py:545} INFO - Filling up the DagBag from /opt/airflow/dags/oltp_s3_dwh_dict.py
[2026-02-26T12:20:43.249+0000] {processor.py:840} INFO - DAG(s) 'oltp_s3_dwh' retrieved from /opt/airflow/dags/oltp_s3_dwh_dict.py
[2026-02-26T12:20:43.273+0000] {logging_mixin.py:188} INFO - [2026-02-26T12:20:43.273+0000] {dag.py:3089} INFO - Sync 1 DAGs
[2026-02-26T12:20:43.293+0000] {logging_mixin.py:188} INFO - [2026-02-26T12:20:43.293+0000] {dag.py:3947} INFO - Setting next_dagrun for oltp_s3_dwh to 2026-02-01 00:00:00+00:00, run_after=2026-03-01 00:00:00+00:00
[2026-02-26T12:20:43.319+0000] {processor.py:183} INFO - Processing /opt/airflow/dags/oltp_s3_dwh_dict.py took 0.551 seconds
[2026-02-26T12:21:13.614+0000] {processor.py:161} INFO - Started process (PID=5841) to work on /opt/airflow/dags/oltp_s3_dwh_dict.py
[2026-02-26T12:21:13.616+0000] {processor.py:830} INFO - Processing file /opt/airflow/dags/oltp_s3_dwh_dict.py for tasks to queue
[2026-02-26T12:21:13.618+0000] {logging_mixin.py:188} INFO - [2026-02-26T12:21:13.617+0000] {dagbag.py:545} INFO - Filling up the DagBag from /opt/airflow/dags/oltp_s3_dwh_dict.py
[2026-02-26T12:21:14.094+0000] {processor.py:840} INFO - DAG(s) 'oltp_s3_dwh' retrieved from /opt/airflow/dags/oltp_s3_dwh_dict.py
[2026-02-26T12:21:14.137+0000] {logging_mixin.py:188} INFO - [2026-02-26T12:21:14.136+0000] {dag.py:3089} INFO - Sync 1 DAGs
[2026-02-26T12:21:14.160+0000] {logging_mixin.py:188} INFO - [2026-02-26T12:21:14.160+0000] {dag.py:3947} INFO - Setting next_dagrun for oltp_s3_dwh to 2026-02-01 00:00:00+00:00, run_after=2026-03-01 00:00:00+00:00
[2026-02-26T12:21:14.184+0000] {processor.py:183} INFO - Processing /opt/airflow/dags/oltp_s3_dwh_dict.py took 0.576 seconds
[2026-02-26T12:21:16.185+0000] {processor.py:161} INFO - Started process (PID=5847) to work on /opt/airflow/dags/oltp_s3_dwh_dict.py
[2026-02-26T12:21:16.187+0000] {processor.py:830} INFO - Processing file /opt/airflow/dags/oltp_s3_dwh_dict.py for tasks to queue
[2026-02-26T12:21:16.188+0000] {logging_mixin.py:188} INFO - [2026-02-26T12:21:16.188+0000] {dagbag.py:545} INFO - Filling up the DagBag from /opt/airflow/dags/oltp_s3_dwh_dict.py
[2026-02-26T12:21:16.644+0000] {processor.py:840} INFO - DAG(s) 'oltp_s3_dwh' retrieved from /opt/airflow/dags/oltp_s3_dwh_dict.py
[2026-02-26T12:21:16.668+0000] {logging_mixin.py:188} INFO - [2026-02-26T12:21:16.667+0000] {dag.py:3089} INFO - Sync 1 DAGs
[2026-02-26T12:21:16.688+0000] {logging_mixin.py:188} INFO - [2026-02-26T12:21:16.688+0000] {dag.py:3947} INFO - Setting next_dagrun for oltp_s3_dwh to 2026-02-01 00:00:00+00:00, run_after=2026-03-01 00:00:00+00:00
[2026-02-26T12:21:16.712+0000] {processor.py:183} INFO - Processing /opt/airflow/dags/oltp_s3_dwh_dict.py took 0.533 seconds
[2026-02-26T12:21:33.860+0000] {processor.py:161} INFO - Started process (PID=5869) to work on /opt/airflow/dags/oltp_s3_dwh_dict.py
[2026-02-26T12:21:33.862+0000] {processor.py:830} INFO - Processing file /opt/airflow/dags/oltp_s3_dwh_dict.py for tasks to queue
[2026-02-26T12:21:33.863+0000] {logging_mixin.py:188} INFO - [2026-02-26T12:21:33.863+0000] {dagbag.py:545} INFO - Filling up the DagBag from /opt/airflow/dags/oltp_s3_dwh_dict.py
[2026-02-26T12:21:34.387+0000] {processor.py:840} INFO - DAG(s) 'oltp_s3_dwh' retrieved from /opt/airflow/dags/oltp_s3_dwh_dict.py
[2026-02-26T12:21:34.410+0000] {logging_mixin.py:188} INFO - [2026-02-26T12:21:34.410+0000] {dag.py:3089} INFO - Sync 1 DAGs
[2026-02-26T12:21:34.430+0000] {logging_mixin.py:188} INFO - [2026-02-26T12:21:34.429+0000] {dag.py:3947} INFO - Setting next_dagrun for oltp_s3_dwh to 2026-02-01 00:00:00+00:00, run_after=2026-03-01 00:00:00+00:00
[2026-02-26T12:21:34.455+0000] {processor.py:183} INFO - Processing /opt/airflow/dags/oltp_s3_dwh_dict.py took 0.602 seconds
[2026-02-26T12:22:04.629+0000] {processor.py:161} INFO - Started process (PID=5896) to work on /opt/airflow/dags/oltp_s3_dwh_dict.py
[2026-02-26T12:22:04.630+0000] {processor.py:830} INFO - Processing file /opt/airflow/dags/oltp_s3_dwh_dict.py for tasks to queue
[2026-02-26T12:22:04.631+0000] {logging_mixin.py:188} INFO - [2026-02-26T12:22:04.631+0000] {dagbag.py:545} INFO - Filling up the DagBag from /opt/airflow/dags/oltp_s3_dwh_dict.py
[2026-02-26T12:22:05.117+0000] {processor.py:840} INFO - DAG(s) 'oltp_s3_dwh' retrieved from /opt/airflow/dags/oltp_s3_dwh_dict.py
[2026-02-26T12:22:05.142+0000] {logging_mixin.py:188} INFO - [2026-02-26T12:22:05.142+0000] {dag.py:3089} INFO - Sync 1 DAGs
[2026-02-26T12:22:05.169+0000] {logging_mixin.py:188} INFO - [2026-02-26T12:22:05.169+0000] {dag.py:3947} INFO - Setting next_dagrun for oltp_s3_dwh to 2026-02-01 00:00:00+00:00, run_after=2026-03-01 00:00:00+00:00
[2026-02-26T12:22:05.192+0000] {processor.py:183} INFO - Processing /opt/airflow/dags/oltp_s3_dwh_dict.py took 0.570 seconds
[2026-02-26T12:22:24.497+0000] {processor.py:161} INFO - Started process (PID=5912) to work on /opt/airflow/dags/oltp_s3_dwh_dict.py
[2026-02-26T12:22:24.500+0000] {processor.py:830} INFO - Processing file /opt/airflow/dags/oltp_s3_dwh_dict.py for tasks to queue
[2026-02-26T12:22:24.501+0000] {logging_mixin.py:188} INFO - [2026-02-26T12:22:24.501+0000] {dagbag.py:545} INFO - Filling up the DagBag from /opt/airflow/dags/oltp_s3_dwh_dict.py
[2026-02-26T12:22:25.062+0000] {processor.py:840} INFO - DAG(s) 'oltp_s3_dwh' retrieved from /opt/airflow/dags/oltp_s3_dwh_dict.py
[2026-02-26T12:22:25.091+0000] {logging_mixin.py:188} INFO - [2026-02-26T12:22:25.091+0000] {dag.py:3089} INFO - Sync 1 DAGs
[2026-02-26T12:22:25.116+0000] {logging_mixin.py:188} INFO - [2026-02-26T12:22:25.116+0000] {dag.py:3947} INFO - Setting next_dagrun for oltp_s3_dwh to 2026-02-01 00:00:00+00:00, run_after=2026-03-01 00:00:00+00:00
[2026-02-26T12:22:25.148+0000] {processor.py:183} INFO - Processing /opt/airflow/dags/oltp_s3_dwh_dict.py took 0.659 seconds
[2026-02-26T12:22:39.311+0000] {processor.py:161} INFO - Started process (PID=5931) to work on /opt/airflow/dags/oltp_s3_dwh_dict.py
[2026-02-26T12:22:39.313+0000] {processor.py:830} INFO - Processing file /opt/airflow/dags/oltp_s3_dwh_dict.py for tasks to queue
[2026-02-26T12:22:39.314+0000] {logging_mixin.py:188} INFO - [2026-02-26T12:22:39.313+0000] {dagbag.py:545} INFO - Filling up the DagBag from /opt/airflow/dags/oltp_s3_dwh_dict.py
[2026-02-26T12:22:39.812+0000] {processor.py:840} INFO - DAG(s) 'oltp_s3_dwh' retrieved from /opt/airflow/dags/oltp_s3_dwh_dict.py
[2026-02-26T12:22:39.838+0000] {logging_mixin.py:188} INFO - [2026-02-26T12:22:39.838+0000] {dag.py:3089} INFO - Sync 1 DAGs
[2026-02-26T12:22:39.860+0000] {logging_mixin.py:188} INFO - [2026-02-26T12:22:39.860+0000] {dag.py:3947} INFO - Setting next_dagrun for oltp_s3_dwh to 2026-02-01 00:00:00+00:00, run_after=2026-03-01 00:00:00+00:00
[2026-02-26T12:22:39.893+0000] {processor.py:183} INFO - Processing /opt/airflow/dags/oltp_s3_dwh_dict.py took 0.589 seconds
[2026-02-26T12:23:10.096+0000] {processor.py:161} INFO - Started process (PID=5964) to work on /opt/airflow/dags/oltp_s3_dwh_dict.py
[2026-02-26T12:23:10.097+0000] {processor.py:830} INFO - Processing file /opt/airflow/dags/oltp_s3_dwh_dict.py for tasks to queue
[2026-02-26T12:23:10.098+0000] {logging_mixin.py:188} INFO - [2026-02-26T12:23:10.098+0000] {dagbag.py:545} INFO - Filling up the DagBag from /opt/airflow/dags/oltp_s3_dwh_dict.py
[2026-02-26T12:23:10.563+0000] {processor.py:840} INFO - DAG(s) 'oltp_s3_dwh' retrieved from /opt/airflow/dags/oltp_s3_dwh_dict.py
[2026-02-26T12:23:10.588+0000] {logging_mixin.py:188} INFO - [2026-02-26T12:23:10.587+0000] {dag.py:3089} INFO - Sync 1 DAGs
[2026-02-26T12:23:10.609+0000] {logging_mixin.py:188} INFO - [2026-02-26T12:23:10.609+0000] {dag.py:3947} INFO - Setting next_dagrun for oltp_s3_dwh to 2026-02-01 00:00:00+00:00, run_after=2026-03-01 00:00:00+00:00
[2026-02-26T12:23:10.631+0000] {processor.py:183} INFO - Processing /opt/airflow/dags/oltp_s3_dwh_dict.py took 0.542 seconds
[2026-02-26T12:23:40.926+0000] {processor.py:161} INFO - Started process (PID=5990) to work on /opt/airflow/dags/oltp_s3_dwh_dict.py
[2026-02-26T12:23:40.927+0000] {processor.py:830} INFO - Processing file /opt/airflow/dags/oltp_s3_dwh_dict.py for tasks to queue
[2026-02-26T12:23:40.928+0000] {logging_mixin.py:188} INFO - [2026-02-26T12:23:40.928+0000] {dagbag.py:545} INFO - Filling up the DagBag from /opt/airflow/dags/oltp_s3_dwh_dict.py
[2026-02-26T12:23:41.377+0000] {processor.py:840} INFO - DAG(s) 'oltp_s3_dwh' retrieved from /opt/airflow/dags/oltp_s3_dwh_dict.py
[2026-02-26T12:23:41.401+0000] {logging_mixin.py:188} INFO - [2026-02-26T12:23:41.401+0000] {dag.py:3089} INFO - Sync 1 DAGs
[2026-02-26T12:23:41.421+0000] {logging_mixin.py:188} INFO - [2026-02-26T12:23:41.421+0000] {dag.py:3947} INFO - Setting next_dagrun for oltp_s3_dwh to 2026-02-01 00:00:00+00:00, run_after=2026-03-01 00:00:00+00:00
[2026-02-26T12:23:41.443+0000] {processor.py:183} INFO - Processing /opt/airflow/dags/oltp_s3_dwh_dict.py took 0.523 seconds
[2026-02-26T12:24:11.663+0000] {processor.py:161} INFO - Started process (PID=6023) to work on /opt/airflow/dags/oltp_s3_dwh_dict.py
[2026-02-26T12:24:11.664+0000] {processor.py:830} INFO - Processing file /opt/airflow/dags/oltp_s3_dwh_dict.py for tasks to queue
[2026-02-26T12:24:11.665+0000] {logging_mixin.py:188} INFO - [2026-02-26T12:24:11.665+0000] {dagbag.py:545} INFO - Filling up the DagBag from /opt/airflow/dags/oltp_s3_dwh_dict.py
[2026-02-26T12:24:12.101+0000] {processor.py:840} INFO - DAG(s) 'oltp_s3_dwh' retrieved from /opt/airflow/dags/oltp_s3_dwh_dict.py
[2026-02-26T12:24:12.125+0000] {logging_mixin.py:188} INFO - [2026-02-26T12:24:12.125+0000] {dag.py:3089} INFO - Sync 1 DAGs
[2026-02-26T12:24:12.144+0000] {logging_mixin.py:188} INFO - [2026-02-26T12:24:12.144+0000] {dag.py:3947} INFO - Setting next_dagrun for oltp_s3_dwh to 2026-02-01 00:00:00+00:00, run_after=2026-03-01 00:00:00+00:00
[2026-02-26T12:24:12.164+0000] {processor.py:183} INFO - Processing /opt/airflow/dags/oltp_s3_dwh_dict.py took 0.507 seconds
[2026-02-26T12:24:42.338+0000] {processor.py:161} INFO - Started process (PID=6049) to work on /opt/airflow/dags/oltp_s3_dwh_dict.py
[2026-02-26T12:24:42.340+0000] {processor.py:830} INFO - Processing file /opt/airflow/dags/oltp_s3_dwh_dict.py for tasks to queue
[2026-02-26T12:24:42.341+0000] {logging_mixin.py:188} INFO - [2026-02-26T12:24:42.340+0000] {dagbag.py:545} INFO - Filling up the DagBag from /opt/airflow/dags/oltp_s3_dwh_dict.py
[2026-02-26T12:24:42.870+0000] {processor.py:840} INFO - DAG(s) 'oltp_s3_dwh' retrieved from /opt/airflow/dags/oltp_s3_dwh_dict.py
[2026-02-26T12:24:42.896+0000] {logging_mixin.py:188} INFO - [2026-02-26T12:24:42.895+0000] {dag.py:3089} INFO - Sync 1 DAGs
[2026-02-26T12:24:42.914+0000] {logging_mixin.py:188} INFO - [2026-02-26T12:24:42.914+0000] {dag.py:3947} INFO - Setting next_dagrun for oltp_s3_dwh to 2026-02-01 00:00:00+00:00, run_after=2026-03-01 00:00:00+00:00
[2026-02-26T12:24:42.937+0000] {processor.py:183} INFO - Processing /opt/airflow/dags/oltp_s3_dwh_dict.py took 0.605 seconds
[2026-02-26T12:25:13.395+0000] {processor.py:161} INFO - Started process (PID=6076) to work on /opt/airflow/dags/oltp_s3_dwh_dict.py
[2026-02-26T12:25:13.397+0000] {processor.py:830} INFO - Processing file /opt/airflow/dags/oltp_s3_dwh_dict.py for tasks to queue
[2026-02-26T12:25:13.398+0000] {logging_mixin.py:188} INFO - [2026-02-26T12:25:13.398+0000] {dagbag.py:545} INFO - Filling up the DagBag from /opt/airflow/dags/oltp_s3_dwh_dict.py
[2026-02-26T12:25:13.860+0000] {processor.py:840} INFO - DAG(s) 'oltp_s3_dwh' retrieved from /opt/airflow/dags/oltp_s3_dwh_dict.py
[2026-02-26T12:25:13.884+0000] {logging_mixin.py:188} INFO - [2026-02-26T12:25:13.884+0000] {dag.py:3089} INFO - Sync 1 DAGs
[2026-02-26T12:25:13.905+0000] {logging_mixin.py:188} INFO - [2026-02-26T12:25:13.905+0000] {dag.py:3947} INFO - Setting next_dagrun for oltp_s3_dwh to 2026-02-01 00:00:00+00:00, run_after=2026-03-01 00:00:00+00:00
[2026-02-26T12:25:13.925+0000] {processor.py:183} INFO - Processing /opt/airflow/dags/oltp_s3_dwh_dict.py took 0.536 seconds
[2026-02-26T12:25:44.104+0000] {processor.py:161} INFO - Started process (PID=6108) to work on /opt/airflow/dags/oltp_s3_dwh_dict.py
[2026-02-26T12:25:44.106+0000] {processor.py:830} INFO - Processing file /opt/airflow/dags/oltp_s3_dwh_dict.py for tasks to queue
[2026-02-26T12:25:44.107+0000] {logging_mixin.py:188} INFO - [2026-02-26T12:25:44.106+0000] {dagbag.py:545} INFO - Filling up the DagBag from /opt/airflow/dags/oltp_s3_dwh_dict.py
[2026-02-26T12:25:44.562+0000] {processor.py:840} INFO - DAG(s) 'oltp_s3_dwh' retrieved from /opt/airflow/dags/oltp_s3_dwh_dict.py
[2026-02-26T12:25:44.585+0000] {logging_mixin.py:188} INFO - [2026-02-26T12:25:44.584+0000] {dag.py:3089} INFO - Sync 1 DAGs
[2026-02-26T12:25:44.605+0000] {logging_mixin.py:188} INFO - [2026-02-26T12:25:44.605+0000] {dag.py:3947} INFO - Setting next_dagrun for oltp_s3_dwh to 2026-02-01 00:00:00+00:00, run_after=2026-03-01 00:00:00+00:00
[2026-02-26T12:25:44.627+0000] {processor.py:183} INFO - Processing /opt/airflow/dags/oltp_s3_dwh_dict.py took 0.529 seconds
[2026-02-26T12:26:15.006+0000] {processor.py:161} INFO - Started process (PID=6134) to work on /opt/airflow/dags/oltp_s3_dwh_dict.py
[2026-02-26T12:26:15.007+0000] {processor.py:830} INFO - Processing file /opt/airflow/dags/oltp_s3_dwh_dict.py for tasks to queue
[2026-02-26T12:26:15.009+0000] {logging_mixin.py:188} INFO - [2026-02-26T12:26:15.008+0000] {dagbag.py:545} INFO - Filling up the DagBag from /opt/airflow/dags/oltp_s3_dwh_dict.py
[2026-02-26T12:26:15.510+0000] {processor.py:840} INFO - DAG(s) 'oltp_s3_dwh' retrieved from /opt/airflow/dags/oltp_s3_dwh_dict.py
[2026-02-26T12:26:15.548+0000] {logging_mixin.py:188} INFO - [2026-02-26T12:26:15.548+0000] {dag.py:3089} INFO - Sync 1 DAGs
[2026-02-26T12:26:15.568+0000] {logging_mixin.py:188} INFO - [2026-02-26T12:26:15.568+0000] {dag.py:3947} INFO - Setting next_dagrun for oltp_s3_dwh to 2026-02-01 00:00:00+00:00, run_after=2026-03-01 00:00:00+00:00
[2026-02-26T12:26:15.590+0000] {processor.py:183} INFO - Processing /opt/airflow/dags/oltp_s3_dwh_dict.py took 0.591 seconds
[2026-02-26T12:26:46.208+0000] {processor.py:161} INFO - Started process (PID=6167) to work on /opt/airflow/dags/oltp_s3_dwh_dict.py
[2026-02-26T12:26:46.209+0000] {processor.py:830} INFO - Processing file /opt/airflow/dags/oltp_s3_dwh_dict.py for tasks to queue
[2026-02-26T12:26:46.211+0000] {logging_mixin.py:188} INFO - [2026-02-26T12:26:46.211+0000] {dagbag.py:545} INFO - Filling up the DagBag from /opt/airflow/dags/oltp_s3_dwh_dict.py
[2026-02-26T12:26:46.656+0000] {processor.py:840} INFO - DAG(s) 'oltp_s3_dwh' retrieved from /opt/airflow/dags/oltp_s3_dwh_dict.py
[2026-02-26T12:26:46.682+0000] {logging_mixin.py:188} INFO - [2026-02-26T12:26:46.681+0000] {dag.py:3089} INFO - Sync 1 DAGs
[2026-02-26T12:26:46.702+0000] {logging_mixin.py:188} INFO - [2026-02-26T12:26:46.702+0000] {dag.py:3947} INFO - Setting next_dagrun for oltp_s3_dwh to 2026-02-01 00:00:00+00:00, run_after=2026-03-01 00:00:00+00:00
[2026-02-26T12:26:46.726+0000] {processor.py:183} INFO - Processing /opt/airflow/dags/oltp_s3_dwh_dict.py took 0.525 seconds
[2026-02-26T12:27:16.970+0000] {processor.py:161} INFO - Started process (PID=6193) to work on /opt/airflow/dags/oltp_s3_dwh_dict.py
[2026-02-26T12:27:16.971+0000] {processor.py:830} INFO - Processing file /opt/airflow/dags/oltp_s3_dwh_dict.py for tasks to queue
[2026-02-26T12:27:16.973+0000] {logging_mixin.py:188} INFO - [2026-02-26T12:27:16.972+0000] {dagbag.py:545} INFO - Filling up the DagBag from /opt/airflow/dags/oltp_s3_dwh_dict.py
[2026-02-26T12:27:17.432+0000] {processor.py:840} INFO - DAG(s) 'oltp_s3_dwh' retrieved from /opt/airflow/dags/oltp_s3_dwh_dict.py
[2026-02-26T12:27:17.455+0000] {logging_mixin.py:188} INFO - [2026-02-26T12:27:17.454+0000] {dag.py:3089} INFO - Sync 1 DAGs
[2026-02-26T12:27:17.474+0000] {logging_mixin.py:188} INFO - [2026-02-26T12:27:17.473+0000] {dag.py:3947} INFO - Setting next_dagrun for oltp_s3_dwh to 2026-02-01 00:00:00+00:00, run_after=2026-03-01 00:00:00+00:00
[2026-02-26T12:27:17.492+0000] {processor.py:183} INFO - Processing /opt/airflow/dags/oltp_s3_dwh_dict.py took 0.529 seconds
[2026-02-26T12:27:48.074+0000] {processor.py:161} INFO - Started process (PID=6219) to work on /opt/airflow/dags/oltp_s3_dwh_dict.py
[2026-02-26T12:27:48.078+0000] {processor.py:830} INFO - Processing file /opt/airflow/dags/oltp_s3_dwh_dict.py for tasks to queue
[2026-02-26T12:27:48.081+0000] {logging_mixin.py:188} INFO - [2026-02-26T12:27:48.080+0000] {dagbag.py:545} INFO - Filling up the DagBag from /opt/airflow/dags/oltp_s3_dwh_dict.py
[2026-02-26T12:27:48.564+0000] {processor.py:840} INFO - DAG(s) 'oltp_s3_dwh' retrieved from /opt/airflow/dags/oltp_s3_dwh_dict.py
[2026-02-26T12:27:48.589+0000] {logging_mixin.py:188} INFO - [2026-02-26T12:27:48.588+0000] {dag.py:3089} INFO - Sync 1 DAGs
[2026-02-26T12:27:48.608+0000] {logging_mixin.py:188} INFO - [2026-02-26T12:27:48.608+0000] {dag.py:3947} INFO - Setting next_dagrun for oltp_s3_dwh to 2026-02-01 00:00:00+00:00, run_after=2026-03-01 00:00:00+00:00
[2026-02-26T12:27:48.628+0000] {processor.py:183} INFO - Processing /opt/airflow/dags/oltp_s3_dwh_dict.py took 0.562 seconds
[2026-02-26T12:28:18.823+0000] {processor.py:161} INFO - Started process (PID=6252) to work on /opt/airflow/dags/oltp_s3_dwh_dict.py
[2026-02-26T12:28:18.825+0000] {processor.py:830} INFO - Processing file /opt/airflow/dags/oltp_s3_dwh_dict.py for tasks to queue
[2026-02-26T12:28:18.826+0000] {logging_mixin.py:188} INFO - [2026-02-26T12:28:18.826+0000] {dagbag.py:545} INFO - Filling up the DagBag from /opt/airflow/dags/oltp_s3_dwh_dict.py
[2026-02-26T12:28:19.291+0000] {processor.py:840} INFO - DAG(s) 'oltp_s3_dwh' retrieved from /opt/airflow/dags/oltp_s3_dwh_dict.py
[2026-02-26T12:28:19.315+0000] {logging_mixin.py:188} INFO - [2026-02-26T12:28:19.314+0000] {dag.py:3089} INFO - Sync 1 DAGs
[2026-02-26T12:28:19.335+0000] {logging_mixin.py:188} INFO - [2026-02-26T12:28:19.334+0000] {dag.py:3947} INFO - Setting next_dagrun for oltp_s3_dwh to 2026-02-01 00:00:00+00:00, run_after=2026-03-01 00:00:00+00:00
[2026-02-26T12:28:19.356+0000] {processor.py:183} INFO - Processing /opt/airflow/dags/oltp_s3_dwh_dict.py took 0.538 seconds
[2026-02-26T12:28:49.495+0000] {processor.py:161} INFO - Started process (PID=6278) to work on /opt/airflow/dags/oltp_s3_dwh_dict.py
[2026-02-26T12:28:49.497+0000] {processor.py:830} INFO - Processing file /opt/airflow/dags/oltp_s3_dwh_dict.py for tasks to queue
[2026-02-26T12:28:49.498+0000] {logging_mixin.py:188} INFO - [2026-02-26T12:28:49.498+0000] {dagbag.py:545} INFO - Filling up the DagBag from /opt/airflow/dags/oltp_s3_dwh_dict.py
[2026-02-26T12:28:50.038+0000] {processor.py:840} INFO - DAG(s) 'oltp_s3_dwh' retrieved from /opt/airflow/dags/oltp_s3_dwh_dict.py
[2026-02-26T12:28:50.065+0000] {logging_mixin.py:188} INFO - [2026-02-26T12:28:50.065+0000] {dag.py:3089} INFO - Sync 1 DAGs
[2026-02-26T12:28:50.085+0000] {logging_mixin.py:188} INFO - [2026-02-26T12:28:50.084+0000] {dag.py:3947} INFO - Setting next_dagrun for oltp_s3_dwh to 2026-02-01 00:00:00+00:00, run_after=2026-03-01 00:00:00+00:00
[2026-02-26T12:28:50.106+0000] {processor.py:183} INFO - Processing /opt/airflow/dags/oltp_s3_dwh_dict.py took 0.617 seconds
[2026-02-26T12:29:20.343+0000] {processor.py:161} INFO - Started process (PID=6312) to work on /opt/airflow/dags/oltp_s3_dwh_dict.py
[2026-02-26T12:29:20.345+0000] {processor.py:830} INFO - Processing file /opt/airflow/dags/oltp_s3_dwh_dict.py for tasks to queue
[2026-02-26T12:29:20.346+0000] {logging_mixin.py:188} INFO - [2026-02-26T12:29:20.345+0000] {dagbag.py:545} INFO - Filling up the DagBag from /opt/airflow/dags/oltp_s3_dwh_dict.py
[2026-02-26T12:29:20.824+0000] {processor.py:840} INFO - DAG(s) 'oltp_s3_dwh' retrieved from /opt/airflow/dags/oltp_s3_dwh_dict.py
[2026-02-26T12:29:20.849+0000] {logging_mixin.py:188} INFO - [2026-02-26T12:29:20.849+0000] {dag.py:3089} INFO - Sync 1 DAGs
[2026-02-26T12:29:20.870+0000] {logging_mixin.py:188} INFO - [2026-02-26T12:29:20.870+0000] {dag.py:3947} INFO - Setting next_dagrun for oltp_s3_dwh to 2026-02-01 00:00:00+00:00, run_after=2026-03-01 00:00:00+00:00
[2026-02-26T12:29:20.897+0000] {processor.py:183} INFO - Processing /opt/airflow/dags/oltp_s3_dwh_dict.py took 0.560 seconds
[2026-02-26T12:29:51.121+0000] {processor.py:161} INFO - Started process (PID=6338) to work on /opt/airflow/dags/oltp_s3_dwh_dict.py
[2026-02-26T12:29:51.123+0000] {processor.py:830} INFO - Processing file /opt/airflow/dags/oltp_s3_dwh_dict.py for tasks to queue
[2026-02-26T12:29:51.124+0000] {logging_mixin.py:188} INFO - [2026-02-26T12:29:51.124+0000] {dagbag.py:545} INFO - Filling up the DagBag from /opt/airflow/dags/oltp_s3_dwh_dict.py
[2026-02-26T12:29:51.586+0000] {processor.py:840} INFO - DAG(s) 'oltp_s3_dwh' retrieved from /opt/airflow/dags/oltp_s3_dwh_dict.py
[2026-02-26T12:29:51.615+0000] {logging_mixin.py:188} INFO - [2026-02-26T12:29:51.614+0000] {dag.py:3089} INFO - Sync 1 DAGs
[2026-02-26T12:29:51.637+0000] {logging_mixin.py:188} INFO - [2026-02-26T12:29:51.637+0000] {dag.py:3947} INFO - Setting next_dagrun for oltp_s3_dwh to 2026-02-01 00:00:00+00:00, run_after=2026-03-01 00:00:00+00:00
[2026-02-26T12:29:51.657+0000] {processor.py:183} INFO - Processing /opt/airflow/dags/oltp_s3_dwh_dict.py took 0.542 seconds
[2026-02-26T12:30:22.395+0000] {processor.py:161} INFO - Started process (PID=6372) to work on /opt/airflow/dags/oltp_s3_dwh_dict.py
[2026-02-26T12:30:22.396+0000] {processor.py:830} INFO - Processing file /opt/airflow/dags/oltp_s3_dwh_dict.py for tasks to queue
[2026-02-26T12:30:22.397+0000] {logging_mixin.py:188} INFO - [2026-02-26T12:30:22.397+0000] {dagbag.py:545} INFO - Filling up the DagBag from /opt/airflow/dags/oltp_s3_dwh_dict.py
[2026-02-26T12:30:22.898+0000] {processor.py:840} INFO - DAG(s) 'oltp_s3_dwh' retrieved from /opt/airflow/dags/oltp_s3_dwh_dict.py
[2026-02-26T12:30:22.960+0000] {logging_mixin.py:188} INFO - [2026-02-26T12:30:22.960+0000] {dag.py:3089} INFO - Sync 1 DAGs
[2026-02-26T12:30:22.994+0000] {logging_mixin.py:188} INFO - [2026-02-26T12:30:22.993+0000] {dag.py:3947} INFO - Setting next_dagrun for oltp_s3_dwh to 2026-02-01 00:00:00+00:00, run_after=2026-03-01 00:00:00+00:00
[2026-02-26T12:30:23.045+0000] {processor.py:183} INFO - Processing /opt/airflow/dags/oltp_s3_dwh_dict.py took 0.656 seconds
[2026-02-26T12:30:53.815+0000] {processor.py:161} INFO - Started process (PID=6397) to work on /opt/airflow/dags/oltp_s3_dwh_dict.py
[2026-02-26T12:30:53.817+0000] {processor.py:830} INFO - Processing file /opt/airflow/dags/oltp_s3_dwh_dict.py for tasks to queue
[2026-02-26T12:30:53.819+0000] {logging_mixin.py:188} INFO - [2026-02-26T12:30:53.818+0000] {dagbag.py:545} INFO - Filling up the DagBag from /opt/airflow/dags/oltp_s3_dwh_dict.py
[2026-02-26T12:30:54.277+0000] {processor.py:840} INFO - DAG(s) 'oltp_s3_dwh' retrieved from /opt/airflow/dags/oltp_s3_dwh_dict.py
[2026-02-26T12:30:54.299+0000] {logging_mixin.py:188} INFO - [2026-02-26T12:30:54.299+0000] {dag.py:3089} INFO - Sync 1 DAGs
[2026-02-26T12:30:54.319+0000] {logging_mixin.py:188} INFO - [2026-02-26T12:30:54.319+0000] {dag.py:3947} INFO - Setting next_dagrun for oltp_s3_dwh to 2026-02-01 00:00:00+00:00, run_after=2026-03-01 00:00:00+00:00
[2026-02-26T12:30:54.340+0000] {processor.py:183} INFO - Processing /opt/airflow/dags/oltp_s3_dwh_dict.py took 0.531 seconds
[2026-02-26T12:31:24.655+0000] {processor.py:161} INFO - Started process (PID=6423) to work on /opt/airflow/dags/oltp_s3_dwh_dict.py
[2026-02-26T12:31:24.656+0000] {processor.py:830} INFO - Processing file /opt/airflow/dags/oltp_s3_dwh_dict.py for tasks to queue
[2026-02-26T12:31:24.658+0000] {logging_mixin.py:188} INFO - [2026-02-26T12:31:24.658+0000] {dagbag.py:545} INFO - Filling up the DagBag from /opt/airflow/dags/oltp_s3_dwh_dict.py
[2026-02-26T12:31:25.134+0000] {processor.py:840} INFO - DAG(s) 'oltp_s3_dwh' retrieved from /opt/airflow/dags/oltp_s3_dwh_dict.py
[2026-02-26T12:31:25.162+0000] {logging_mixin.py:188} INFO - [2026-02-26T12:31:25.161+0000] {dag.py:3089} INFO - Sync 1 DAGs
[2026-02-26T12:31:25.181+0000] {logging_mixin.py:188} INFO - [2026-02-26T12:31:25.181+0000] {dag.py:3947} INFO - Setting next_dagrun for oltp_s3_dwh to 2026-02-01 00:00:00+00:00, run_after=2026-03-01 00:00:00+00:00
[2026-02-26T12:31:25.202+0000] {processor.py:183} INFO - Processing /opt/airflow/dags/oltp_s3_dwh_dict.py took 0.554 seconds
[2026-02-26T12:31:55.392+0000] {processor.py:161} INFO - Started process (PID=6455) to work on /opt/airflow/dags/oltp_s3_dwh_dict.py
[2026-02-26T12:31:55.393+0000] {processor.py:830} INFO - Processing file /opt/airflow/dags/oltp_s3_dwh_dict.py for tasks to queue
[2026-02-26T12:31:55.395+0000] {logging_mixin.py:188} INFO - [2026-02-26T12:31:55.395+0000] {dagbag.py:545} INFO - Filling up the DagBag from /opt/airflow/dags/oltp_s3_dwh_dict.py
[2026-02-26T12:31:55.861+0000] {processor.py:840} INFO - DAG(s) 'oltp_s3_dwh' retrieved from /opt/airflow/dags/oltp_s3_dwh_dict.py
[2026-02-26T12:31:55.886+0000] {logging_mixin.py:188} INFO - [2026-02-26T12:31:55.885+0000] {dag.py:3089} INFO - Sync 1 DAGs
[2026-02-26T12:31:55.906+0000] {logging_mixin.py:188} INFO - [2026-02-26T12:31:55.906+0000] {dag.py:3947} INFO - Setting next_dagrun for oltp_s3_dwh to 2026-02-01 00:00:00+00:00, run_after=2026-03-01 00:00:00+00:00
[2026-02-26T12:31:55.939+0000] {processor.py:183} INFO - Processing /opt/airflow/dags/oltp_s3_dwh_dict.py took 0.553 seconds
[2026-02-26T12:32:26.292+0000] {processor.py:161} INFO - Started process (PID=6481) to work on /opt/airflow/dags/oltp_s3_dwh_dict.py
[2026-02-26T12:32:26.294+0000] {processor.py:830} INFO - Processing file /opt/airflow/dags/oltp_s3_dwh_dict.py for tasks to queue
[2026-02-26T12:32:26.296+0000] {logging_mixin.py:188} INFO - [2026-02-26T12:32:26.296+0000] {dagbag.py:545} INFO - Filling up the DagBag from /opt/airflow/dags/oltp_s3_dwh_dict.py
[2026-02-26T12:32:26.839+0000] {processor.py:840} INFO - DAG(s) 'oltp_s3_dwh' retrieved from /opt/airflow/dags/oltp_s3_dwh_dict.py
[2026-02-26T12:32:26.863+0000] {logging_mixin.py:188} INFO - [2026-02-26T12:32:26.862+0000] {dag.py:3089} INFO - Sync 1 DAGs
[2026-02-26T12:32:26.882+0000] {logging_mixin.py:188} INFO - [2026-02-26T12:32:26.882+0000] {dag.py:3947} INFO - Setting next_dagrun for oltp_s3_dwh to 2026-02-01 00:00:00+00:00, run_after=2026-03-01 00:00:00+00:00
[2026-02-26T12:32:26.902+0000] {processor.py:183} INFO - Processing /opt/airflow/dags/oltp_s3_dwh_dict.py took 0.617 seconds
[2026-02-26T12:32:57.161+0000] {processor.py:161} INFO - Started process (PID=6509) to work on /opt/airflow/dags/oltp_s3_dwh_dict.py
[2026-02-26T12:32:57.162+0000] {processor.py:830} INFO - Processing file /opt/airflow/dags/oltp_s3_dwh_dict.py for tasks to queue
[2026-02-26T12:32:57.163+0000] {logging_mixin.py:188} INFO - [2026-02-26T12:32:57.163+0000] {dagbag.py:545} INFO - Filling up the DagBag from /opt/airflow/dags/oltp_s3_dwh_dict.py
[2026-02-26T12:32:57.623+0000] {processor.py:840} INFO - DAG(s) 'oltp_s3_dwh' retrieved from /opt/airflow/dags/oltp_s3_dwh_dict.py
[2026-02-26T12:32:57.649+0000] {logging_mixin.py:188} INFO - [2026-02-26T12:32:57.649+0000] {dag.py:3089} INFO - Sync 1 DAGs
[2026-02-26T12:32:57.671+0000] {logging_mixin.py:188} INFO - [2026-02-26T12:32:57.670+0000] {dag.py:3947} INFO - Setting next_dagrun for oltp_s3_dwh to 2026-02-01 00:00:00+00:00, run_after=2026-03-01 00:00:00+00:00
[2026-02-26T12:32:57.692+0000] {processor.py:183} INFO - Processing /opt/airflow/dags/oltp_s3_dwh_dict.py took 0.538 seconds
[2026-02-26T12:33:28.487+0000] {processor.py:161} INFO - Started process (PID=6541) to work on /opt/airflow/dags/oltp_s3_dwh_dict.py
[2026-02-26T12:33:28.489+0000] {processor.py:830} INFO - Processing file /opt/airflow/dags/oltp_s3_dwh_dict.py for tasks to queue
[2026-02-26T12:33:28.490+0000] {logging_mixin.py:188} INFO - [2026-02-26T12:33:28.490+0000] {dagbag.py:545} INFO - Filling up the DagBag from /opt/airflow/dags/oltp_s3_dwh_dict.py
[2026-02-26T12:33:29.076+0000] {processor.py:840} INFO - DAG(s) 'oltp_s3_dwh' retrieved from /opt/airflow/dags/oltp_s3_dwh_dict.py
[2026-02-26T12:33:29.099+0000] {logging_mixin.py:188} INFO - [2026-02-26T12:33:29.099+0000] {dag.py:3089} INFO - Sync 1 DAGs
[2026-02-26T12:33:29.120+0000] {logging_mixin.py:188} INFO - [2026-02-26T12:33:29.119+0000] {dag.py:3947} INFO - Setting next_dagrun for oltp_s3_dwh to 2026-02-01 00:00:00+00:00, run_after=2026-03-01 00:00:00+00:00
[2026-02-26T12:33:29.138+0000] {processor.py:183} INFO - Processing /opt/airflow/dags/oltp_s3_dwh_dict.py took 0.661 seconds
[2026-02-26T12:33:59.357+0000] {processor.py:161} INFO - Started process (PID=6567) to work on /opt/airflow/dags/oltp_s3_dwh_dict.py
[2026-02-26T12:33:59.359+0000] {processor.py:830} INFO - Processing file /opt/airflow/dags/oltp_s3_dwh_dict.py for tasks to queue
[2026-02-26T12:33:59.360+0000] {logging_mixin.py:188} INFO - [2026-02-26T12:33:59.360+0000] {dagbag.py:545} INFO - Filling up the DagBag from /opt/airflow/dags/oltp_s3_dwh_dict.py
[2026-02-26T12:33:59.802+0000] {processor.py:840} INFO - DAG(s) 'oltp_s3_dwh' retrieved from /opt/airflow/dags/oltp_s3_dwh_dict.py
[2026-02-26T12:33:59.824+0000] {logging_mixin.py:188} INFO - [2026-02-26T12:33:59.824+0000] {dag.py:3089} INFO - Sync 1 DAGs
[2026-02-26T12:33:59.842+0000] {logging_mixin.py:188} INFO - [2026-02-26T12:33:59.842+0000] {dag.py:3947} INFO - Setting next_dagrun for oltp_s3_dwh to 2026-02-01 00:00:00+00:00, run_after=2026-03-01 00:00:00+00:00
[2026-02-26T12:33:59.863+0000] {processor.py:183} INFO - Processing /opt/airflow/dags/oltp_s3_dwh_dict.py took 0.513 seconds
[2026-02-26T12:34:30.079+0000] {processor.py:161} INFO - Started process (PID=6600) to work on /opt/airflow/dags/oltp_s3_dwh_dict.py
[2026-02-26T12:34:30.081+0000] {processor.py:830} INFO - Processing file /opt/airflow/dags/oltp_s3_dwh_dict.py for tasks to queue
[2026-02-26T12:34:30.082+0000] {logging_mixin.py:188} INFO - [2026-02-26T12:34:30.082+0000] {dagbag.py:545} INFO - Filling up the DagBag from /opt/airflow/dags/oltp_s3_dwh_dict.py
[2026-02-26T12:34:30.524+0000] {processor.py:840} INFO - DAG(s) 'oltp_s3_dwh' retrieved from /opt/airflow/dags/oltp_s3_dwh_dict.py
[2026-02-26T12:34:30.545+0000] {logging_mixin.py:188} INFO - [2026-02-26T12:34:30.545+0000] {dag.py:3089} INFO - Sync 1 DAGs
[2026-02-26T12:34:30.563+0000] {logging_mixin.py:188} INFO - [2026-02-26T12:34:30.563+0000] {dag.py:3947} INFO - Setting next_dagrun for oltp_s3_dwh to 2026-02-01 00:00:00+00:00, run_after=2026-03-01 00:00:00+00:00
[2026-02-26T12:34:30.584+0000] {processor.py:183} INFO - Processing /opt/airflow/dags/oltp_s3_dwh_dict.py took 0.511 seconds
[2026-02-26T12:35:00.780+0000] {processor.py:161} INFO - Started process (PID=6626) to work on /opt/airflow/dags/oltp_s3_dwh_dict.py
[2026-02-26T12:35:00.782+0000] {processor.py:830} INFO - Processing file /opt/airflow/dags/oltp_s3_dwh_dict.py for tasks to queue
[2026-02-26T12:35:00.783+0000] {logging_mixin.py:188} INFO - [2026-02-26T12:35:00.783+0000] {dagbag.py:545} INFO - Filling up the DagBag from /opt/airflow/dags/oltp_s3_dwh_dict.py
[2026-02-26T12:35:01.258+0000] {processor.py:840} INFO - DAG(s) 'oltp_s3_dwh' retrieved from /opt/airflow/dags/oltp_s3_dwh_dict.py
[2026-02-26T12:35:01.280+0000] {logging_mixin.py:188} INFO - [2026-02-26T12:35:01.280+0000] {dag.py:3089} INFO - Sync 1 DAGs
[2026-02-26T12:35:01.300+0000] {logging_mixin.py:188} INFO - [2026-02-26T12:35:01.300+0000] {dag.py:3947} INFO - Setting next_dagrun for oltp_s3_dwh to 2026-02-01 00:00:00+00:00, run_after=2026-03-01 00:00:00+00:00
[2026-02-26T12:35:01.322+0000] {processor.py:183} INFO - Processing /opt/airflow/dags/oltp_s3_dwh_dict.py took 0.548 seconds
[2026-02-26T12:35:31.463+0000] {processor.py:161} INFO - Started process (PID=6652) to work on /opt/airflow/dags/oltp_s3_dwh_dict.py
[2026-02-26T12:35:31.468+0000] {processor.py:830} INFO - Processing file /opt/airflow/dags/oltp_s3_dwh_dict.py for tasks to queue
[2026-02-26T12:35:31.470+0000] {logging_mixin.py:188} INFO - [2026-02-26T12:35:31.470+0000] {dagbag.py:545} INFO - Filling up the DagBag from /opt/airflow/dags/oltp_s3_dwh_dict.py
[2026-02-26T12:35:31.912+0000] {processor.py:840} INFO - DAG(s) 'oltp_s3_dwh' retrieved from /opt/airflow/dags/oltp_s3_dwh_dict.py
[2026-02-26T12:35:31.934+0000] {logging_mixin.py:188} INFO - [2026-02-26T12:35:31.934+0000] {dag.py:3089} INFO - Sync 1 DAGs
[2026-02-26T12:35:31.954+0000] {logging_mixin.py:188} INFO - [2026-02-26T12:35:31.954+0000] {dag.py:3947} INFO - Setting next_dagrun for oltp_s3_dwh to 2026-02-01 00:00:00+00:00, run_after=2026-03-01 00:00:00+00:00
[2026-02-26T12:35:31.977+0000] {processor.py:183} INFO - Processing /opt/airflow/dags/oltp_s3_dwh_dict.py took 0.523 seconds
[2026-02-26T12:36:02.151+0000] {processor.py:161} INFO - Started process (PID=6684) to work on /opt/airflow/dags/oltp_s3_dwh_dict.py
[2026-02-26T12:36:02.158+0000] {processor.py:830} INFO - Processing file /opt/airflow/dags/oltp_s3_dwh_dict.py for tasks to queue
[2026-02-26T12:36:02.159+0000] {logging_mixin.py:188} INFO - [2026-02-26T12:36:02.159+0000] {dagbag.py:545} INFO - Filling up the DagBag from /opt/airflow/dags/oltp_s3_dwh_dict.py
[2026-02-26T12:36:02.592+0000] {processor.py:840} INFO - DAG(s) 'oltp_s3_dwh' retrieved from /opt/airflow/dags/oltp_s3_dwh_dict.py
[2026-02-26T12:36:02.616+0000] {logging_mixin.py:188} INFO - [2026-02-26T12:36:02.615+0000] {dag.py:3089} INFO - Sync 1 DAGs
[2026-02-26T12:36:02.634+0000] {logging_mixin.py:188} INFO - [2026-02-26T12:36:02.634+0000] {dag.py:3947} INFO - Setting next_dagrun for oltp_s3_dwh to 2026-02-01 00:00:00+00:00, run_after=2026-03-01 00:00:00+00:00
[2026-02-26T12:36:02.654+0000] {processor.py:183} INFO - Processing /opt/airflow/dags/oltp_s3_dwh_dict.py took 0.508 seconds
[2026-02-26T12:36:33.326+0000] {processor.py:161} INFO - Started process (PID=6710) to work on /opt/airflow/dags/oltp_s3_dwh_dict.py
[2026-02-26T12:36:33.328+0000] {processor.py:830} INFO - Processing file /opt/airflow/dags/oltp_s3_dwh_dict.py for tasks to queue
[2026-02-26T12:36:33.330+0000] {logging_mixin.py:188} INFO - [2026-02-26T12:36:33.329+0000] {dagbag.py:545} INFO - Filling up the DagBag from /opt/airflow/dags/oltp_s3_dwh_dict.py
[2026-02-26T12:36:33.802+0000] {processor.py:840} INFO - DAG(s) 'oltp_s3_dwh' retrieved from /opt/airflow/dags/oltp_s3_dwh_dict.py
[2026-02-26T12:36:33.826+0000] {logging_mixin.py:188} INFO - [2026-02-26T12:36:33.826+0000] {dag.py:3089} INFO - Sync 1 DAGs
[2026-02-26T12:36:33.844+0000] {logging_mixin.py:188} INFO - [2026-02-26T12:36:33.844+0000] {dag.py:3947} INFO - Setting next_dagrun for oltp_s3_dwh to 2026-02-01 00:00:00+00:00, run_after=2026-03-01 00:00:00+00:00
[2026-02-26T12:36:33.864+0000] {processor.py:183} INFO - Processing /opt/airflow/dags/oltp_s3_dwh_dict.py took 0.547 seconds
[2026-02-26T12:37:04.058+0000] {processor.py:161} INFO - Started process (PID=6744) to work on /opt/airflow/dags/oltp_s3_dwh_dict.py
[2026-02-26T12:37:04.059+0000] {processor.py:830} INFO - Processing file /opt/airflow/dags/oltp_s3_dwh_dict.py for tasks to queue
[2026-02-26T12:37:04.061+0000] {logging_mixin.py:188} INFO - [2026-02-26T12:37:04.061+0000] {dagbag.py:545} INFO - Filling up the DagBag from /opt/airflow/dags/oltp_s3_dwh_dict.py
[2026-02-26T12:37:04.581+0000] {processor.py:840} INFO - DAG(s) 'oltp_s3_dwh' retrieved from /opt/airflow/dags/oltp_s3_dwh_dict.py
[2026-02-26T12:37:04.621+0000] {logging_mixin.py:188} INFO - [2026-02-26T12:37:04.620+0000] {dag.py:3089} INFO - Sync 1 DAGs
[2026-02-26T12:37:04.646+0000] {logging_mixin.py:188} INFO - [2026-02-26T12:37:04.646+0000] {dag.py:3947} INFO - Setting next_dagrun for oltp_s3_dwh to 2026-02-01 00:00:00+00:00, run_after=2026-03-01 00:00:00+00:00
[2026-02-26T12:37:04.672+0000] {processor.py:183} INFO - Processing /opt/airflow/dags/oltp_s3_dwh_dict.py took 0.621 seconds
[2026-02-26T12:37:34.861+0000] {processor.py:161} INFO - Started process (PID=6772) to work on /opt/airflow/dags/oltp_s3_dwh_dict.py
[2026-02-26T12:37:34.862+0000] {processor.py:830} INFO - Processing file /opt/airflow/dags/oltp_s3_dwh_dict.py for tasks to queue
[2026-02-26T12:37:34.863+0000] {logging_mixin.py:188} INFO - [2026-02-26T12:37:34.863+0000] {dagbag.py:545} INFO - Filling up the DagBag from /opt/airflow/dags/oltp_s3_dwh_dict.py
[2026-02-26T12:37:35.290+0000] {processor.py:840} INFO - DAG(s) 'oltp_s3_dwh' retrieved from /opt/airflow/dags/oltp_s3_dwh_dict.py
[2026-02-26T12:37:35.312+0000] {logging_mixin.py:188} INFO - [2026-02-26T12:37:35.312+0000] {dag.py:3089} INFO - Sync 1 DAGs
[2026-02-26T12:37:35.332+0000] {logging_mixin.py:188} INFO - [2026-02-26T12:37:35.331+0000] {dag.py:3947} INFO - Setting next_dagrun for oltp_s3_dwh to 2026-02-01 00:00:00+00:00, run_after=2026-03-01 00:00:00+00:00
[2026-02-26T12:37:35.355+0000] {processor.py:183} INFO - Processing /opt/airflow/dags/oltp_s3_dwh_dict.py took 0.499 seconds
[2026-02-26T12:38:05.550+0000] {processor.py:161} INFO - Started process (PID=6798) to work on /opt/airflow/dags/oltp_s3_dwh_dict.py
[2026-02-26T12:38:05.552+0000] {processor.py:830} INFO - Processing file /opt/airflow/dags/oltp_s3_dwh_dict.py for tasks to queue
[2026-02-26T12:38:05.553+0000] {logging_mixin.py:188} INFO - [2026-02-26T12:38:05.553+0000] {dagbag.py:545} INFO - Filling up the DagBag from /opt/airflow/dags/oltp_s3_dwh_dict.py
[2026-02-26T12:38:06.005+0000] {processor.py:840} INFO - DAG(s) 'oltp_s3_dwh' retrieved from /opt/airflow/dags/oltp_s3_dwh_dict.py
[2026-02-26T12:38:06.030+0000] {logging_mixin.py:188} INFO - [2026-02-26T12:38:06.030+0000] {dag.py:3089} INFO - Sync 1 DAGs
[2026-02-26T12:38:06.051+0000] {logging_mixin.py:188} INFO - [2026-02-26T12:38:06.050+0000] {dag.py:3947} INFO - Setting next_dagrun for oltp_s3_dwh to 2026-02-01 00:00:00+00:00, run_after=2026-03-01 00:00:00+00:00
[2026-02-26T12:38:06.074+0000] {processor.py:183} INFO - Processing /opt/airflow/dags/oltp_s3_dwh_dict.py took 0.530 seconds
[2026-02-26T12:38:36.282+0000] {processor.py:161} INFO - Started process (PID=6832) to work on /opt/airflow/dags/oltp_s3_dwh_dict.py
[2026-02-26T12:38:36.283+0000] {processor.py:830} INFO - Processing file /opt/airflow/dags/oltp_s3_dwh_dict.py for tasks to queue
[2026-02-26T12:38:36.285+0000] {logging_mixin.py:188} INFO - [2026-02-26T12:38:36.285+0000] {dagbag.py:545} INFO - Filling up the DagBag from /opt/airflow/dags/oltp_s3_dwh_dict.py
[2026-02-26T12:38:36.748+0000] {processor.py:840} INFO - DAG(s) 'oltp_s3_dwh' retrieved from /opt/airflow/dags/oltp_s3_dwh_dict.py
[2026-02-26T12:38:36.773+0000] {logging_mixin.py:188} INFO - [2026-02-26T12:38:36.773+0000] {dag.py:3089} INFO - Sync 1 DAGs
[2026-02-26T12:38:36.792+0000] {logging_mixin.py:188} INFO - [2026-02-26T12:38:36.792+0000] {dag.py:3947} INFO - Setting next_dagrun for oltp_s3_dwh to 2026-02-01 00:00:00+00:00, run_after=2026-03-01 00:00:00+00:00
[2026-02-26T12:38:36.816+0000] {processor.py:183} INFO - Processing /opt/airflow/dags/oltp_s3_dwh_dict.py took 0.540 seconds
[2026-02-26T12:39:07.073+0000] {processor.py:161} INFO - Started process (PID=6859) to work on /opt/airflow/dags/oltp_s3_dwh_dict.py
[2026-02-26T12:39:07.075+0000] {processor.py:830} INFO - Processing file /opt/airflow/dags/oltp_s3_dwh_dict.py for tasks to queue
[2026-02-26T12:39:07.077+0000] {logging_mixin.py:188} INFO - [2026-02-26T12:39:07.076+0000] {dagbag.py:545} INFO - Filling up the DagBag from /opt/airflow/dags/oltp_s3_dwh_dict.py
[2026-02-26T12:39:07.543+0000] {processor.py:840} INFO - DAG(s) 'oltp_s3_dwh' retrieved from /opt/airflow/dags/oltp_s3_dwh_dict.py
[2026-02-26T12:39:07.568+0000] {logging_mixin.py:188} INFO - [2026-02-26T12:39:07.568+0000] {dag.py:3089} INFO - Sync 1 DAGs
[2026-02-26T12:39:07.590+0000] {logging_mixin.py:188} INFO - [2026-02-26T12:39:07.590+0000] {dag.py:3947} INFO - Setting next_dagrun for oltp_s3_dwh to 2026-02-01 00:00:00+00:00, run_after=2026-03-01 00:00:00+00:00
[2026-02-26T12:39:07.614+0000] {processor.py:183} INFO - Processing /opt/airflow/dags/oltp_s3_dwh_dict.py took 0.549 seconds
[2026-02-26T12:39:37.772+0000] {processor.py:161} INFO - Started process (PID=6893) to work on /opt/airflow/dags/oltp_s3_dwh_dict.py
[2026-02-26T12:39:37.774+0000] {processor.py:830} INFO - Processing file /opt/airflow/dags/oltp_s3_dwh_dict.py for tasks to queue
[2026-02-26T12:39:37.775+0000] {logging_mixin.py:188} INFO - [2026-02-26T12:39:37.775+0000] {dagbag.py:545} INFO - Filling up the DagBag from /opt/airflow/dags/oltp_s3_dwh_dict.py
[2026-02-26T12:39:38.240+0000] {processor.py:840} INFO - DAG(s) 'oltp_s3_dwh' retrieved from /opt/airflow/dags/oltp_s3_dwh_dict.py
[2026-02-26T12:39:38.265+0000] {logging_mixin.py:188} INFO - [2026-02-26T12:39:38.264+0000] {dag.py:3089} INFO - Sync 1 DAGs
[2026-02-26T12:39:38.286+0000] {logging_mixin.py:188} INFO - [2026-02-26T12:39:38.286+0000] {dag.py:3947} INFO - Setting next_dagrun for oltp_s3_dwh to 2026-02-01 00:00:00+00:00, run_after=2026-03-01 00:00:00+00:00
[2026-02-26T12:39:38.307+0000] {processor.py:183} INFO - Processing /opt/airflow/dags/oltp_s3_dwh_dict.py took 0.542 seconds
[2026-02-26T12:40:01.325+0000] {processor.py:161} INFO - Started process (PID=6914) to work on /opt/airflow/dags/oltp_s3_dwh_dict.py
[2026-02-26T12:40:01.327+0000] {processor.py:830} INFO - Processing file /opt/airflow/dags/oltp_s3_dwh_dict.py for tasks to queue
[2026-02-26T12:40:01.328+0000] {logging_mixin.py:188} INFO - [2026-02-26T12:40:01.328+0000] {dagbag.py:545} INFO - Filling up the DagBag from /opt/airflow/dags/oltp_s3_dwh_dict.py
[2026-02-26T12:40:01.886+0000] {processor.py:840} INFO - DAG(s) 'oltp_s3_dwh' retrieved from /opt/airflow/dags/oltp_s3_dwh_dict.py
[2026-02-26T12:40:01.919+0000] {logging_mixin.py:188} INFO - [2026-02-26T12:40:01.919+0000] {dag.py:3089} INFO - Sync 1 DAGs
[2026-02-26T12:40:01.945+0000] {logging_mixin.py:188} INFO - [2026-02-26T12:40:01.945+0000] {dag.py:3947} INFO - Setting next_dagrun for oltp_s3_dwh to 2026-02-01 00:00:00+00:00, run_after=2026-03-01 00:00:00+00:00
[2026-02-26T12:40:01.979+0000] {processor.py:183} INFO - Processing /opt/airflow/dags/oltp_s3_dwh_dict.py took 0.661 seconds
[2026-02-26T12:40:32.128+0000] {processor.py:161} INFO - Started process (PID=6940) to work on /opt/airflow/dags/oltp_s3_dwh_dict.py
[2026-02-26T12:40:32.129+0000] {processor.py:830} INFO - Processing file /opt/airflow/dags/oltp_s3_dwh_dict.py for tasks to queue
[2026-02-26T12:40:32.131+0000] {logging_mixin.py:188} INFO - [2026-02-26T12:40:32.130+0000] {dagbag.py:545} INFO - Filling up the DagBag from /opt/airflow/dags/oltp_s3_dwh_dict.py
[2026-02-26T12:40:32.591+0000] {processor.py:840} INFO - DAG(s) 'oltp_s3_dwh' retrieved from /opt/airflow/dags/oltp_s3_dwh_dict.py
[2026-02-26T12:40:32.615+0000] {logging_mixin.py:188} INFO - [2026-02-26T12:40:32.614+0000] {dag.py:3089} INFO - Sync 1 DAGs
[2026-02-26T12:40:32.636+0000] {logging_mixin.py:188} INFO - [2026-02-26T12:40:32.635+0000] {dag.py:3947} INFO - Setting next_dagrun for oltp_s3_dwh to 2026-02-01 00:00:00+00:00, run_after=2026-03-01 00:00:00+00:00
[2026-02-26T12:40:32.659+0000] {processor.py:183} INFO - Processing /opt/airflow/dags/oltp_s3_dwh_dict.py took 0.537 seconds
[2026-02-26T12:41:02.828+0000] {processor.py:161} INFO - Started process (PID=6965) to work on /opt/airflow/dags/oltp_s3_dwh_dict.py
[2026-02-26T12:41:02.830+0000] {processor.py:830} INFO - Processing file /opt/airflow/dags/oltp_s3_dwh_dict.py for tasks to queue
[2026-02-26T12:41:02.831+0000] {logging_mixin.py:188} INFO - [2026-02-26T12:41:02.831+0000] {dagbag.py:545} INFO - Filling up the DagBag from /opt/airflow/dags/oltp_s3_dwh_dict.py
[2026-02-26T12:41:03.262+0000] {processor.py:840} INFO - DAG(s) 'oltp_s3_dwh' retrieved from /opt/airflow/dags/oltp_s3_dwh_dict.py
[2026-02-26T12:41:03.314+0000] {logging_mixin.py:188} INFO - [2026-02-26T12:41:03.313+0000] {dag.py:3089} INFO - Sync 1 DAGs
[2026-02-26T12:41:03.345+0000] {logging_mixin.py:188} INFO - [2026-02-26T12:41:03.345+0000] {dag.py:3947} INFO - Setting next_dagrun for oltp_s3_dwh to 2026-02-01 00:00:00+00:00, run_after=2026-03-01 00:00:00+00:00
[2026-02-26T12:41:03.372+0000] {processor.py:183} INFO - Processing /opt/airflow/dags/oltp_s3_dwh_dict.py took 0.549 seconds
[2026-02-26T12:41:33.632+0000] {processor.py:161} INFO - Started process (PID=6998) to work on /opt/airflow/dags/oltp_s3_dwh_dict.py
[2026-02-26T12:41:33.642+0000] {processor.py:830} INFO - Processing file /opt/airflow/dags/oltp_s3_dwh_dict.py for tasks to queue
[2026-02-26T12:41:33.647+0000] {logging_mixin.py:188} INFO - [2026-02-26T12:41:33.646+0000] {dagbag.py:545} INFO - Filling up the DagBag from /opt/airflow/dags/oltp_s3_dwh_dict.py
[2026-02-26T12:41:34.152+0000] {processor.py:840} INFO - DAG(s) 'oltp_s3_dwh' retrieved from /opt/airflow/dags/oltp_s3_dwh_dict.py
[2026-02-26T12:41:34.185+0000] {logging_mixin.py:188} INFO - [2026-02-26T12:41:34.184+0000] {dag.py:3089} INFO - Sync 1 DAGs
[2026-02-26T12:41:34.209+0000] {logging_mixin.py:188} INFO - [2026-02-26T12:41:34.209+0000] {dag.py:3947} INFO - Setting next_dagrun for oltp_s3_dwh to 2026-02-01 00:00:00+00:00, run_after=2026-03-01 00:00:00+00:00
[2026-02-26T12:41:34.236+0000] {processor.py:183} INFO - Processing /opt/airflow/dags/oltp_s3_dwh_dict.py took 0.620 seconds
[2026-02-26T12:42:04.437+0000] {processor.py:161} INFO - Started process (PID=7025) to work on /opt/airflow/dags/oltp_s3_dwh_dict.py
[2026-02-26T12:42:04.438+0000] {processor.py:830} INFO - Processing file /opt/airflow/dags/oltp_s3_dwh_dict.py for tasks to queue
[2026-02-26T12:42:04.440+0000] {logging_mixin.py:188} INFO - [2026-02-26T12:42:04.439+0000] {dagbag.py:545} INFO - Filling up the DagBag from /opt/airflow/dags/oltp_s3_dwh_dict.py
[2026-02-26T12:42:04.952+0000] {processor.py:840} INFO - DAG(s) 'oltp_s3_dwh' retrieved from /opt/airflow/dags/oltp_s3_dwh_dict.py
[2026-02-26T12:42:04.975+0000] {logging_mixin.py:188} INFO - [2026-02-26T12:42:04.974+0000] {dag.py:3089} INFO - Sync 1 DAGs
[2026-02-26T12:42:04.992+0000] {logging_mixin.py:188} INFO - [2026-02-26T12:42:04.992+0000] {dag.py:3947} INFO - Setting next_dagrun for oltp_s3_dwh to 2026-02-01 00:00:00+00:00, run_after=2026-03-01 00:00:00+00:00
[2026-02-26T12:42:05.011+0000] {processor.py:183} INFO - Processing /opt/airflow/dags/oltp_s3_dwh_dict.py took 0.580 seconds
[2026-02-26T12:42:35.199+0000] {processor.py:161} INFO - Started process (PID=7051) to work on /opt/airflow/dags/oltp_s3_dwh_dict.py
[2026-02-26T12:42:35.200+0000] {processor.py:830} INFO - Processing file /opt/airflow/dags/oltp_s3_dwh_dict.py for tasks to queue
[2026-02-26T12:42:35.202+0000] {logging_mixin.py:188} INFO - [2026-02-26T12:42:35.201+0000] {dagbag.py:545} INFO - Filling up the DagBag from /opt/airflow/dags/oltp_s3_dwh_dict.py
[2026-02-26T12:42:35.642+0000] {processor.py:840} INFO - DAG(s) 'oltp_s3_dwh' retrieved from /opt/airflow/dags/oltp_s3_dwh_dict.py
[2026-02-26T12:42:35.674+0000] {logging_mixin.py:188} INFO - [2026-02-26T12:42:35.673+0000] {dag.py:3089} INFO - Sync 1 DAGs
[2026-02-26T12:42:35.709+0000] {logging_mixin.py:188} INFO - [2026-02-26T12:42:35.709+0000] {dag.py:3947} INFO - Setting next_dagrun for oltp_s3_dwh to 2026-02-01 00:00:00+00:00, run_after=2026-03-01 00:00:00+00:00
[2026-02-26T12:42:35.734+0000] {processor.py:183} INFO - Processing /opt/airflow/dags/oltp_s3_dwh_dict.py took 0.541 seconds
[2026-02-26T12:43:05.921+0000] {processor.py:161} INFO - Started process (PID=7086) to work on /opt/airflow/dags/oltp_s3_dwh_dict.py
[2026-02-26T12:43:05.923+0000] {processor.py:830} INFO - Processing file /opt/airflow/dags/oltp_s3_dwh_dict.py for tasks to queue
[2026-02-26T12:43:05.924+0000] {logging_mixin.py:188} INFO - [2026-02-26T12:43:05.924+0000] {dagbag.py:545} INFO - Filling up the DagBag from /opt/airflow/dags/oltp_s3_dwh_dict.py
[2026-02-26T12:43:06.384+0000] {processor.py:840} INFO - DAG(s) 'oltp_s3_dwh' retrieved from /opt/airflow/dags/oltp_s3_dwh_dict.py
[2026-02-26T12:43:06.408+0000] {logging_mixin.py:188} INFO - [2026-02-26T12:43:06.407+0000] {dag.py:3089} INFO - Sync 1 DAGs
[2026-02-26T12:43:06.426+0000] {logging_mixin.py:188} INFO - [2026-02-26T12:43:06.426+0000] {dag.py:3947} INFO - Setting next_dagrun for oltp_s3_dwh to 2026-02-01 00:00:00+00:00, run_after=2026-03-01 00:00:00+00:00
[2026-02-26T12:43:06.448+0000] {processor.py:183} INFO - Processing /opt/airflow/dags/oltp_s3_dwh_dict.py took 0.535 seconds
[2026-02-26T12:43:36.646+0000] {processor.py:161} INFO - Started process (PID=7112) to work on /opt/airflow/dags/oltp_s3_dwh_dict.py
[2026-02-26T12:43:36.647+0000] {processor.py:830} INFO - Processing file /opt/airflow/dags/oltp_s3_dwh_dict.py for tasks to queue
[2026-02-26T12:43:36.648+0000] {logging_mixin.py:188} INFO - [2026-02-26T12:43:36.648+0000] {dagbag.py:545} INFO - Filling up the DagBag from /opt/airflow/dags/oltp_s3_dwh_dict.py
[2026-02-26T12:43:37.103+0000] {processor.py:840} INFO - DAG(s) 'oltp_s3_dwh' retrieved from /opt/airflow/dags/oltp_s3_dwh_dict.py
[2026-02-26T12:43:37.126+0000] {logging_mixin.py:188} INFO - [2026-02-26T12:43:37.126+0000] {dag.py:3089} INFO - Sync 1 DAGs
[2026-02-26T12:43:37.146+0000] {logging_mixin.py:188} INFO - [2026-02-26T12:43:37.146+0000] {dag.py:3947} INFO - Setting next_dagrun for oltp_s3_dwh to 2026-02-01 00:00:00+00:00, run_after=2026-03-01 00:00:00+00:00
[2026-02-26T12:43:37.166+0000] {processor.py:183} INFO - Processing /opt/airflow/dags/oltp_s3_dwh_dict.py took 0.527 seconds
[2026-02-26T12:44:07.366+0000] {processor.py:161} INFO - Started process (PID=7144) to work on /opt/airflow/dags/oltp_s3_dwh_dict.py
[2026-02-26T12:44:07.368+0000] {processor.py:830} INFO - Processing file /opt/airflow/dags/oltp_s3_dwh_dict.py for tasks to queue
[2026-02-26T12:44:07.369+0000] {logging_mixin.py:188} INFO - [2026-02-26T12:44:07.369+0000] {dagbag.py:545} INFO - Filling up the DagBag from /opt/airflow/dags/oltp_s3_dwh_dict.py
[2026-02-26T12:44:07.801+0000] {processor.py:840} INFO - DAG(s) 'oltp_s3_dwh' retrieved from /opt/airflow/dags/oltp_s3_dwh_dict.py
[2026-02-26T12:44:07.826+0000] {logging_mixin.py:188} INFO - [2026-02-26T12:44:07.825+0000] {dag.py:3089} INFO - Sync 1 DAGs
[2026-02-26T12:44:07.846+0000] {logging_mixin.py:188} INFO - [2026-02-26T12:44:07.846+0000] {dag.py:3947} INFO - Setting next_dagrun for oltp_s3_dwh to 2026-02-01 00:00:00+00:00, run_after=2026-03-01 00:00:00+00:00
[2026-02-26T12:44:07.866+0000] {processor.py:183} INFO - Processing /opt/airflow/dags/oltp_s3_dwh_dict.py took 0.507 seconds
[2026-02-26T12:44:38.051+0000] {processor.py:161} INFO - Started process (PID=7171) to work on /opt/airflow/dags/oltp_s3_dwh_dict.py
[2026-02-26T12:44:38.053+0000] {processor.py:830} INFO - Processing file /opt/airflow/dags/oltp_s3_dwh_dict.py for tasks to queue
[2026-02-26T12:44:38.055+0000] {logging_mixin.py:188} INFO - [2026-02-26T12:44:38.054+0000] {dagbag.py:545} INFO - Filling up the DagBag from /opt/airflow/dags/oltp_s3_dwh_dict.py
[2026-02-26T12:44:38.496+0000] {processor.py:840} INFO - DAG(s) 'oltp_s3_dwh' retrieved from /opt/airflow/dags/oltp_s3_dwh_dict.py
[2026-02-26T12:44:38.522+0000] {logging_mixin.py:188} INFO - [2026-02-26T12:44:38.521+0000] {dag.py:3089} INFO - Sync 1 DAGs
[2026-02-26T12:44:38.541+0000] {logging_mixin.py:188} INFO - [2026-02-26T12:44:38.541+0000] {dag.py:3947} INFO - Setting next_dagrun for oltp_s3_dwh to 2026-02-01 00:00:00+00:00, run_after=2026-03-01 00:00:00+00:00
[2026-02-26T12:44:38.568+0000] {processor.py:183} INFO - Processing /opt/airflow/dags/oltp_s3_dwh_dict.py took 0.525 seconds
[2026-02-26T12:45:08.797+0000] {processor.py:161} INFO - Started process (PID=7199) to work on /opt/airflow/dags/oltp_s3_dwh_dict.py
[2026-02-26T12:45:08.799+0000] {processor.py:830} INFO - Processing file /opt/airflow/dags/oltp_s3_dwh_dict.py for tasks to queue
[2026-02-26T12:45:08.800+0000] {logging_mixin.py:188} INFO - [2026-02-26T12:45:08.800+0000] {dagbag.py:545} INFO - Filling up the DagBag from /opt/airflow/dags/oltp_s3_dwh_dict.py
[2026-02-26T12:45:09.244+0000] {processor.py:840} INFO - DAG(s) 'oltp_s3_dwh' retrieved from /opt/airflow/dags/oltp_s3_dwh_dict.py
[2026-02-26T12:45:09.269+0000] {logging_mixin.py:188} INFO - [2026-02-26T12:45:09.269+0000] {dag.py:3089} INFO - Sync 1 DAGs
[2026-02-26T12:45:09.289+0000] {logging_mixin.py:188} INFO - [2026-02-26T12:45:09.289+0000] {dag.py:3947} INFO - Setting next_dagrun for oltp_s3_dwh to 2026-02-01 00:00:00+00:00, run_after=2026-03-01 00:00:00+00:00
[2026-02-26T12:45:09.312+0000] {processor.py:183} INFO - Processing /opt/airflow/dags/oltp_s3_dwh_dict.py took 0.521 seconds
[2026-02-26T12:45:39.469+0000] {processor.py:161} INFO - Started process (PID=7231) to work on /opt/airflow/dags/oltp_s3_dwh_dict.py
[2026-02-26T12:45:39.471+0000] {processor.py:830} INFO - Processing file /opt/airflow/dags/oltp_s3_dwh_dict.py for tasks to queue
[2026-02-26T12:45:39.473+0000] {logging_mixin.py:188} INFO - [2026-02-26T12:45:39.472+0000] {dagbag.py:545} INFO - Filling up the DagBag from /opt/airflow/dags/oltp_s3_dwh_dict.py
[2026-02-26T12:45:39.916+0000] {processor.py:840} INFO - DAG(s) 'oltp_s3_dwh' retrieved from /opt/airflow/dags/oltp_s3_dwh_dict.py
[2026-02-26T12:45:39.938+0000] {logging_mixin.py:188} INFO - [2026-02-26T12:45:39.938+0000] {dag.py:3089} INFO - Sync 1 DAGs
[2026-02-26T12:45:39.957+0000] {logging_mixin.py:188} INFO - [2026-02-26T12:45:39.957+0000] {dag.py:3947} INFO - Setting next_dagrun for oltp_s3_dwh to 2026-02-01 00:00:00+00:00, run_after=2026-03-01 00:00:00+00:00
[2026-02-26T12:45:39.979+0000] {processor.py:183} INFO - Processing /opt/airflow/dags/oltp_s3_dwh_dict.py took 0.518 seconds
[2026-02-26T12:46:10.216+0000] {processor.py:161} INFO - Started process (PID=7258) to work on /opt/airflow/dags/oltp_s3_dwh_dict.py
[2026-02-26T12:46:10.217+0000] {processor.py:830} INFO - Processing file /opt/airflow/dags/oltp_s3_dwh_dict.py for tasks to queue
[2026-02-26T12:46:10.219+0000] {logging_mixin.py:188} INFO - [2026-02-26T12:46:10.218+0000] {dagbag.py:545} INFO - Filling up the DagBag from /opt/airflow/dags/oltp_s3_dwh_dict.py
[2026-02-26T12:46:10.672+0000] {processor.py:840} INFO - DAG(s) 'oltp_s3_dwh' retrieved from /opt/airflow/dags/oltp_s3_dwh_dict.py
[2026-02-26T12:46:10.696+0000] {logging_mixin.py:188} INFO - [2026-02-26T12:46:10.695+0000] {dag.py:3089} INFO - Sync 1 DAGs
[2026-02-26T12:46:10.717+0000] {logging_mixin.py:188} INFO - [2026-02-26T12:46:10.717+0000] {dag.py:3947} INFO - Setting next_dagrun for oltp_s3_dwh to 2026-02-01 00:00:00+00:00, run_after=2026-03-01 00:00:00+00:00
[2026-02-26T12:46:10.737+0000] {processor.py:183} INFO - Processing /opt/airflow/dags/oltp_s3_dwh_dict.py took 0.529 seconds
[2026-02-26T12:46:40.932+0000] {processor.py:161} INFO - Started process (PID=7292) to work on /opt/airflow/dags/oltp_s3_dwh_dict.py
[2026-02-26T12:46:40.934+0000] {processor.py:830} INFO - Processing file /opt/airflow/dags/oltp_s3_dwh_dict.py for tasks to queue
[2026-02-26T12:46:40.935+0000] {logging_mixin.py:188} INFO - [2026-02-26T12:46:40.935+0000] {dagbag.py:545} INFO - Filling up the DagBag from /opt/airflow/dags/oltp_s3_dwh_dict.py
[2026-02-26T12:46:41.419+0000] {processor.py:840} INFO - DAG(s) 'oltp_s3_dwh' retrieved from /opt/airflow/dags/oltp_s3_dwh_dict.py
[2026-02-26T12:46:41.441+0000] {logging_mixin.py:188} INFO - [2026-02-26T12:46:41.441+0000] {dag.py:3089} INFO - Sync 1 DAGs
[2026-02-26T12:46:41.461+0000] {logging_mixin.py:188} INFO - [2026-02-26T12:46:41.460+0000] {dag.py:3947} INFO - Setting next_dagrun for oltp_s3_dwh to 2026-02-01 00:00:00+00:00, run_after=2026-03-01 00:00:00+00:00
[2026-02-26T12:46:41.478+0000] {processor.py:183} INFO - Processing /opt/airflow/dags/oltp_s3_dwh_dict.py took 0.553 seconds
[2026-02-26T12:47:11.644+0000] {processor.py:161} INFO - Started process (PID=7319) to work on /opt/airflow/dags/oltp_s3_dwh_dict.py
[2026-02-26T12:47:11.645+0000] {processor.py:830} INFO - Processing file /opt/airflow/dags/oltp_s3_dwh_dict.py for tasks to queue
[2026-02-26T12:47:11.647+0000] {logging_mixin.py:188} INFO - [2026-02-26T12:47:11.647+0000] {dagbag.py:545} INFO - Filling up the DagBag from /opt/airflow/dags/oltp_s3_dwh_dict.py
[2026-02-26T12:47:12.085+0000] {processor.py:840} INFO - DAG(s) 'oltp_s3_dwh' retrieved from /opt/airflow/dags/oltp_s3_dwh_dict.py
[2026-02-26T12:47:12.109+0000] {logging_mixin.py:188} INFO - [2026-02-26T12:47:12.108+0000] {dag.py:3089} INFO - Sync 1 DAGs
[2026-02-26T12:47:12.129+0000] {logging_mixin.py:188} INFO - [2026-02-26T12:47:12.128+0000] {dag.py:3947} INFO - Setting next_dagrun for oltp_s3_dwh to 2026-02-01 00:00:00+00:00, run_after=2026-03-01 00:00:00+00:00
[2026-02-26T12:47:12.154+0000] {processor.py:183} INFO - Processing /opt/airflow/dags/oltp_s3_dwh_dict.py took 0.516 seconds
[2026-02-26T12:47:42.336+0000] {processor.py:161} INFO - Started process (PID=7345) to work on /opt/airflow/dags/oltp_s3_dwh_dict.py
[2026-02-26T12:47:42.337+0000] {processor.py:830} INFO - Processing file /opt/airflow/dags/oltp_s3_dwh_dict.py for tasks to queue
[2026-02-26T12:47:42.339+0000] {logging_mixin.py:188} INFO - [2026-02-26T12:47:42.339+0000] {dagbag.py:545} INFO - Filling up the DagBag from /opt/airflow/dags/oltp_s3_dwh_dict.py
[2026-02-26T12:47:42.791+0000] {processor.py:840} INFO - DAG(s) 'oltp_s3_dwh' retrieved from /opt/airflow/dags/oltp_s3_dwh_dict.py
[2026-02-26T12:47:42.814+0000] {logging_mixin.py:188} INFO - [2026-02-26T12:47:42.814+0000] {dag.py:3089} INFO - Sync 1 DAGs
[2026-02-26T12:47:42.835+0000] {logging_mixin.py:188} INFO - [2026-02-26T12:47:42.834+0000] {dag.py:3947} INFO - Setting next_dagrun for oltp_s3_dwh to 2026-02-01 00:00:00+00:00, run_after=2026-03-01 00:00:00+00:00
[2026-02-26T12:47:42.857+0000] {processor.py:183} INFO - Processing /opt/airflow/dags/oltp_s3_dwh_dict.py took 0.530 seconds
[2026-02-26T12:48:13.026+0000] {processor.py:161} INFO - Started process (PID=7379) to work on /opt/airflow/dags/oltp_s3_dwh_dict.py
[2026-02-26T12:48:13.028+0000] {processor.py:830} INFO - Processing file /opt/airflow/dags/oltp_s3_dwh_dict.py for tasks to queue
[2026-02-26T12:48:13.029+0000] {logging_mixin.py:188} INFO - [2026-02-26T12:48:13.029+0000] {dagbag.py:545} INFO - Filling up the DagBag from /opt/airflow/dags/oltp_s3_dwh_dict.py
[2026-02-26T12:48:13.479+0000] {processor.py:840} INFO - DAG(s) 'oltp_s3_dwh' retrieved from /opt/airflow/dags/oltp_s3_dwh_dict.py
[2026-02-26T12:48:13.505+0000] {logging_mixin.py:188} INFO - [2026-02-26T12:48:13.504+0000] {dag.py:3089} INFO - Sync 1 DAGs
[2026-02-26T12:48:13.525+0000] {logging_mixin.py:188} INFO - [2026-02-26T12:48:13.524+0000] {dag.py:3947} INFO - Setting next_dagrun for oltp_s3_dwh to 2026-02-01 00:00:00+00:00, run_after=2026-03-01 00:00:00+00:00
[2026-02-26T12:48:13.550+0000] {processor.py:183} INFO - Processing /opt/airflow/dags/oltp_s3_dwh_dict.py took 0.530 seconds
[2026-02-26T12:48:43.790+0000] {processor.py:161} INFO - Started process (PID=7406) to work on /opt/airflow/dags/oltp_s3_dwh_dict.py
[2026-02-26T12:48:43.791+0000] {processor.py:830} INFO - Processing file /opt/airflow/dags/oltp_s3_dwh_dict.py for tasks to queue
[2026-02-26T12:48:43.793+0000] {logging_mixin.py:188} INFO - [2026-02-26T12:48:43.793+0000] {dagbag.py:545} INFO - Filling up the DagBag from /opt/airflow/dags/oltp_s3_dwh_dict.py
[2026-02-26T12:48:44.383+0000] {processor.py:840} INFO - DAG(s) 'oltp_s3_dwh' retrieved from /opt/airflow/dags/oltp_s3_dwh_dict.py
[2026-02-26T12:48:44.408+0000] {logging_mixin.py:188} INFO - [2026-02-26T12:48:44.407+0000] {dag.py:3089} INFO - Sync 1 DAGs
[2026-02-26T12:48:44.428+0000] {logging_mixin.py:188} INFO - [2026-02-26T12:48:44.428+0000] {dag.py:3947} INFO - Setting next_dagrun for oltp_s3_dwh to 2026-02-01 00:00:00+00:00, run_after=2026-03-01 00:00:00+00:00
[2026-02-26T12:48:44.449+0000] {processor.py:183} INFO - Processing /opt/airflow/dags/oltp_s3_dwh_dict.py took 0.675 seconds
[2026-02-26T12:49:14.610+0000] {processor.py:161} INFO - Started process (PID=7440) to work on /opt/airflow/dags/oltp_s3_dwh_dict.py
[2026-02-26T12:49:14.611+0000] {processor.py:830} INFO - Processing file /opt/airflow/dags/oltp_s3_dwh_dict.py for tasks to queue
[2026-02-26T12:49:14.613+0000] {logging_mixin.py:188} INFO - [2026-02-26T12:49:14.612+0000] {dagbag.py:545} INFO - Filling up the DagBag from /opt/airflow/dags/oltp_s3_dwh_dict.py
[2026-02-26T12:49:15.078+0000] {processor.py:840} INFO - DAG(s) 'oltp_s3_dwh' retrieved from /opt/airflow/dags/oltp_s3_dwh_dict.py
[2026-02-26T12:49:15.100+0000] {logging_mixin.py:188} INFO - [2026-02-26T12:49:15.099+0000] {dag.py:3089} INFO - Sync 1 DAGs
[2026-02-26T12:49:15.119+0000] {logging_mixin.py:188} INFO - [2026-02-26T12:49:15.119+0000] {dag.py:3947} INFO - Setting next_dagrun for oltp_s3_dwh to 2026-02-01 00:00:00+00:00, run_after=2026-03-01 00:00:00+00:00
[2026-02-26T12:49:15.140+0000] {processor.py:183} INFO - Processing /opt/airflow/dags/oltp_s3_dwh_dict.py took 0.537 seconds
[2026-02-26T12:49:45.332+0000] {processor.py:161} INFO - Started process (PID=7466) to work on /opt/airflow/dags/oltp_s3_dwh_dict.py
[2026-02-26T12:49:45.333+0000] {processor.py:830} INFO - Processing file /opt/airflow/dags/oltp_s3_dwh_dict.py for tasks to queue
[2026-02-26T12:49:45.334+0000] {logging_mixin.py:188} INFO - [2026-02-26T12:49:45.334+0000] {dagbag.py:545} INFO - Filling up the DagBag from /opt/airflow/dags/oltp_s3_dwh_dict.py
[2026-02-26T12:49:45.769+0000] {processor.py:840} INFO - DAG(s) 'oltp_s3_dwh' retrieved from /opt/airflow/dags/oltp_s3_dwh_dict.py
[2026-02-26T12:49:45.793+0000] {logging_mixin.py:188} INFO - [2026-02-26T12:49:45.792+0000] {dag.py:3089} INFO - Sync 1 DAGs
[2026-02-26T12:49:45.814+0000] {logging_mixin.py:188} INFO - [2026-02-26T12:49:45.814+0000] {dag.py:3947} INFO - Setting next_dagrun for oltp_s3_dwh to 2026-02-01 00:00:00+00:00, run_after=2026-03-01 00:00:00+00:00
[2026-02-26T12:49:45.835+0000] {processor.py:183} INFO - Processing /opt/airflow/dags/oltp_s3_dwh_dict.py took 0.509 seconds
[2026-02-26T12:50:16.000+0000] {processor.py:161} INFO - Started process (PID=7499) to work on /opt/airflow/dags/oltp_s3_dwh_dict.py
[2026-02-26T12:50:16.001+0000] {processor.py:830} INFO - Processing file /opt/airflow/dags/oltp_s3_dwh_dict.py for tasks to queue
[2026-02-26T12:50:16.002+0000] {logging_mixin.py:188} INFO - [2026-02-26T12:50:16.002+0000] {dagbag.py:545} INFO - Filling up the DagBag from /opt/airflow/dags/oltp_s3_dwh_dict.py
[2026-02-26T12:50:16.498+0000] {processor.py:840} INFO - DAG(s) 'oltp_s3_dwh' retrieved from /opt/airflow/dags/oltp_s3_dwh_dict.py
[2026-02-26T12:50:16.521+0000] {logging_mixin.py:188} INFO - [2026-02-26T12:50:16.520+0000] {dag.py:3089} INFO - Sync 1 DAGs
[2026-02-26T12:50:16.543+0000] {logging_mixin.py:188} INFO - [2026-02-26T12:50:16.542+0000] {dag.py:3947} INFO - Setting next_dagrun for oltp_s3_dwh to 2026-02-01 00:00:00+00:00, run_after=2026-03-01 00:00:00+00:00
[2026-02-26T12:50:16.561+0000] {processor.py:183} INFO - Processing /opt/airflow/dags/oltp_s3_dwh_dict.py took 0.567 seconds
[2026-02-26T12:50:46.722+0000] {processor.py:161} INFO - Started process (PID=7524) to work on /opt/airflow/dags/oltp_s3_dwh_dict.py
[2026-02-26T12:50:46.724+0000] {processor.py:830} INFO - Processing file /opt/airflow/dags/oltp_s3_dwh_dict.py for tasks to queue
[2026-02-26T12:50:46.725+0000] {logging_mixin.py:188} INFO - [2026-02-26T12:50:46.725+0000] {dagbag.py:545} INFO - Filling up the DagBag from /opt/airflow/dags/oltp_s3_dwh_dict.py
[2026-02-26T12:50:47.212+0000] {processor.py:840} INFO - DAG(s) 'oltp_s3_dwh' retrieved from /opt/airflow/dags/oltp_s3_dwh_dict.py
[2026-02-26T12:50:47.235+0000] {logging_mixin.py:188} INFO - [2026-02-26T12:50:47.235+0000] {dag.py:3089} INFO - Sync 1 DAGs
[2026-02-26T12:50:47.253+0000] {logging_mixin.py:188} INFO - [2026-02-26T12:50:47.253+0000] {dag.py:3947} INFO - Setting next_dagrun for oltp_s3_dwh to 2026-02-01 00:00:00+00:00, run_after=2026-03-01 00:00:00+00:00
[2026-02-26T12:50:47.276+0000] {processor.py:183} INFO - Processing /opt/airflow/dags/oltp_s3_dwh_dict.py took 0.560 seconds
[2026-02-26T12:51:17.509+0000] {processor.py:161} INFO - Started process (PID=7549) to work on /opt/airflow/dags/oltp_s3_dwh_dict.py
[2026-02-26T12:51:17.510+0000] {processor.py:830} INFO - Processing file /opt/airflow/dags/oltp_s3_dwh_dict.py for tasks to queue
[2026-02-26T12:51:17.511+0000] {logging_mixin.py:188} INFO - [2026-02-26T12:51:17.511+0000] {dagbag.py:545} INFO - Filling up the DagBag from /opt/airflow/dags/oltp_s3_dwh_dict.py
[2026-02-26T12:51:17.951+0000] {processor.py:840} INFO - DAG(s) 'oltp_s3_dwh' retrieved from /opt/airflow/dags/oltp_s3_dwh_dict.py
[2026-02-26T12:51:17.976+0000] {logging_mixin.py:188} INFO - [2026-02-26T12:51:17.975+0000] {dag.py:3089} INFO - Sync 1 DAGs
[2026-02-26T12:51:17.995+0000] {logging_mixin.py:188} INFO - [2026-02-26T12:51:17.994+0000] {dag.py:3947} INFO - Setting next_dagrun for oltp_s3_dwh to 2026-02-01 00:00:00+00:00, run_after=2026-03-01 00:00:00+00:00
[2026-02-26T12:51:18.017+0000] {processor.py:183} INFO - Processing /opt/airflow/dags/oltp_s3_dwh_dict.py took 0.515 seconds
[2026-02-26T12:51:48.179+0000] {processor.py:161} INFO - Started process (PID=7583) to work on /opt/airflow/dags/oltp_s3_dwh_dict.py
[2026-02-26T12:51:48.180+0000] {processor.py:830} INFO - Processing file /opt/airflow/dags/oltp_s3_dwh_dict.py for tasks to queue
[2026-02-26T12:51:48.182+0000] {logging_mixin.py:188} INFO - [2026-02-26T12:51:48.181+0000] {dagbag.py:545} INFO - Filling up the DagBag from /opt/airflow/dags/oltp_s3_dwh_dict.py
[2026-02-26T12:51:48.642+0000] {processor.py:840} INFO - DAG(s) 'oltp_s3_dwh' retrieved from /opt/airflow/dags/oltp_s3_dwh_dict.py
[2026-02-26T12:51:48.665+0000] {logging_mixin.py:188} INFO - [2026-02-26T12:51:48.665+0000] {dag.py:3089} INFO - Sync 1 DAGs
[2026-02-26T12:51:48.686+0000] {logging_mixin.py:188} INFO - [2026-02-26T12:51:48.686+0000] {dag.py:3947} INFO - Setting next_dagrun for oltp_s3_dwh to 2026-02-01 00:00:00+00:00, run_after=2026-03-01 00:00:00+00:00
[2026-02-26T12:51:48.707+0000] {processor.py:183} INFO - Processing /opt/airflow/dags/oltp_s3_dwh_dict.py took 0.535 seconds
[2026-02-26T12:52:18.873+0000] {processor.py:161} INFO - Started process (PID=7609) to work on /opt/airflow/dags/oltp_s3_dwh_dict.py
[2026-02-26T12:52:18.875+0000] {processor.py:830} INFO - Processing file /opt/airflow/dags/oltp_s3_dwh_dict.py for tasks to queue
[2026-02-26T12:52:18.876+0000] {logging_mixin.py:188} INFO - [2026-02-26T12:52:18.876+0000] {dagbag.py:545} INFO - Filling up the DagBag from /opt/airflow/dags/oltp_s3_dwh_dict.py
[2026-02-26T12:52:19.332+0000] {processor.py:840} INFO - DAG(s) 'oltp_s3_dwh' retrieved from /opt/airflow/dags/oltp_s3_dwh_dict.py
[2026-02-26T12:52:19.354+0000] {logging_mixin.py:188} INFO - [2026-02-26T12:52:19.353+0000] {dag.py:3089} INFO - Sync 1 DAGs
[2026-02-26T12:52:19.374+0000] {logging_mixin.py:188} INFO - [2026-02-26T12:52:19.373+0000] {dag.py:3947} INFO - Setting next_dagrun for oltp_s3_dwh to 2026-02-01 00:00:00+00:00, run_after=2026-03-01 00:00:00+00:00
[2026-02-26T12:52:19.395+0000] {processor.py:183} INFO - Processing /opt/airflow/dags/oltp_s3_dwh_dict.py took 0.529 seconds
[2026-02-26T12:52:49.651+0000] {processor.py:161} INFO - Started process (PID=7643) to work on /opt/airflow/dags/oltp_s3_dwh_dict.py
[2026-02-26T12:52:49.652+0000] {processor.py:830} INFO - Processing file /opt/airflow/dags/oltp_s3_dwh_dict.py for tasks to queue
[2026-02-26T12:52:49.654+0000] {logging_mixin.py:188} INFO - [2026-02-26T12:52:49.653+0000] {dagbag.py:545} INFO - Filling up the DagBag from /opt/airflow/dags/oltp_s3_dwh_dict.py
[2026-02-26T12:52:50.138+0000] {processor.py:840} INFO - DAG(s) 'oltp_s3_dwh' retrieved from /opt/airflow/dags/oltp_s3_dwh_dict.py
[2026-02-26T12:52:50.164+0000] {logging_mixin.py:188} INFO - [2026-02-26T12:52:50.163+0000] {dag.py:3089} INFO - Sync 1 DAGs
[2026-02-26T12:52:50.184+0000] {logging_mixin.py:188} INFO - [2026-02-26T12:52:50.184+0000] {dag.py:3947} INFO - Setting next_dagrun for oltp_s3_dwh to 2026-02-01 00:00:00+00:00, run_after=2026-03-01 00:00:00+00:00
[2026-02-26T12:52:50.206+0000] {processor.py:183} INFO - Processing /opt/airflow/dags/oltp_s3_dwh_dict.py took 0.562 seconds
[2026-02-26T12:53:20.377+0000] {processor.py:161} INFO - Started process (PID=7668) to work on /opt/airflow/dags/oltp_s3_dwh_dict.py
[2026-02-26T12:53:20.378+0000] {processor.py:830} INFO - Processing file /opt/airflow/dags/oltp_s3_dwh_dict.py for tasks to queue
[2026-02-26T12:53:20.380+0000] {logging_mixin.py:188} INFO - [2026-02-26T12:53:20.379+0000] {dagbag.py:545} INFO - Filling up the DagBag from /opt/airflow/dags/oltp_s3_dwh_dict.py
[2026-02-26T12:53:20.825+0000] {processor.py:840} INFO - DAG(s) 'oltp_s3_dwh' retrieved from /opt/airflow/dags/oltp_s3_dwh_dict.py
[2026-02-26T12:53:20.849+0000] {logging_mixin.py:188} INFO - [2026-02-26T12:53:20.848+0000] {dag.py:3089} INFO - Sync 1 DAGs
[2026-02-26T12:53:20.869+0000] {logging_mixin.py:188} INFO - [2026-02-26T12:53:20.869+0000] {dag.py:3947} INFO - Setting next_dagrun for oltp_s3_dwh to 2026-02-01 00:00:00+00:00, run_after=2026-03-01 00:00:00+00:00
[2026-02-26T12:53:20.891+0000] {processor.py:183} INFO - Processing /opt/airflow/dags/oltp_s3_dwh_dict.py took 0.521 seconds
[2026-02-26T12:53:51.206+0000] {processor.py:161} INFO - Started process (PID=7695) to work on /opt/airflow/dags/oltp_s3_dwh_dict.py
[2026-02-26T12:53:51.208+0000] {processor.py:830} INFO - Processing file /opt/airflow/dags/oltp_s3_dwh_dict.py for tasks to queue
[2026-02-26T12:53:51.210+0000] {logging_mixin.py:188} INFO - [2026-02-26T12:53:51.210+0000] {dagbag.py:545} INFO - Filling up the DagBag from /opt/airflow/dags/oltp_s3_dwh_dict.py
[2026-02-26T12:53:51.739+0000] {processor.py:840} INFO - DAG(s) 'oltp_s3_dwh' retrieved from /opt/airflow/dags/oltp_s3_dwh_dict.py
[2026-02-26T12:53:51.773+0000] {logging_mixin.py:188} INFO - [2026-02-26T12:53:51.773+0000] {dag.py:3089} INFO - Sync 1 DAGs
[2026-02-26T12:53:51.800+0000] {logging_mixin.py:188} INFO - [2026-02-26T12:53:51.799+0000] {dag.py:3947} INFO - Setting next_dagrun for oltp_s3_dwh to 2026-02-01 00:00:00+00:00, run_after=2026-03-01 00:00:00+00:00
[2026-02-26T12:53:51.835+0000] {processor.py:183} INFO - Processing /opt/airflow/dags/oltp_s3_dwh_dict.py took 0.751 seconds
[2026-02-26T12:54:22.120+0000] {processor.py:161} INFO - Started process (PID=7729) to work on /opt/airflow/dags/oltp_s3_dwh_dict.py
[2026-02-26T12:54:22.122+0000] {processor.py:830} INFO - Processing file /opt/airflow/dags/oltp_s3_dwh_dict.py for tasks to queue
[2026-02-26T12:54:22.123+0000] {logging_mixin.py:188} INFO - [2026-02-26T12:54:22.123+0000] {dagbag.py:545} INFO - Filling up the DagBag from /opt/airflow/dags/oltp_s3_dwh_dict.py
[2026-02-26T12:54:22.710+0000] {processor.py:840} INFO - DAG(s) 'oltp_s3_dwh' retrieved from /opt/airflow/dags/oltp_s3_dwh_dict.py
[2026-02-26T12:54:22.746+0000] {logging_mixin.py:188} INFO - [2026-02-26T12:54:22.745+0000] {dag.py:3089} INFO - Sync 1 DAGs
[2026-02-26T12:54:22.772+0000] {logging_mixin.py:188} INFO - [2026-02-26T12:54:22.772+0000] {dag.py:3947} INFO - Setting next_dagrun for oltp_s3_dwh to 2026-02-01 00:00:00+00:00, run_after=2026-03-01 00:00:00+00:00
[2026-02-26T12:54:22.798+0000] {processor.py:183} INFO - Processing /opt/airflow/dags/oltp_s3_dwh_dict.py took 0.684 seconds
[2026-02-26T12:54:53.094+0000] {processor.py:161} INFO - Started process (PID=7755) to work on /opt/airflow/dags/oltp_s3_dwh_dict.py
[2026-02-26T12:54:53.095+0000] {processor.py:830} INFO - Processing file /opt/airflow/dags/oltp_s3_dwh_dict.py for tasks to queue
[2026-02-26T12:54:53.097+0000] {logging_mixin.py:188} INFO - [2026-02-26T12:54:53.096+0000] {dagbag.py:545} INFO - Filling up the DagBag from /opt/airflow/dags/oltp_s3_dwh_dict.py
[2026-02-26T12:54:53.639+0000] {processor.py:840} INFO - DAG(s) 'oltp_s3_dwh' retrieved from /opt/airflow/dags/oltp_s3_dwh_dict.py
[2026-02-26T12:54:53.671+0000] {logging_mixin.py:188} INFO - [2026-02-26T12:54:53.671+0000] {dag.py:3089} INFO - Sync 1 DAGs
[2026-02-26T12:54:53.699+0000] {logging_mixin.py:188} INFO - [2026-02-26T12:54:53.698+0000] {dag.py:3947} INFO - Setting next_dagrun for oltp_s3_dwh to 2026-02-01 00:00:00+00:00, run_after=2026-03-01 00:00:00+00:00
[2026-02-26T12:54:53.724+0000] {processor.py:183} INFO - Processing /opt/airflow/dags/oltp_s3_dwh_dict.py took 0.637 seconds
[2026-02-26T12:55:23.953+0000] {processor.py:161} INFO - Started process (PID=7781) to work on /opt/airflow/dags/oltp_s3_dwh_dict.py
[2026-02-26T12:55:23.955+0000] {processor.py:830} INFO - Processing file /opt/airflow/dags/oltp_s3_dwh_dict.py for tasks to queue
[2026-02-26T12:55:23.957+0000] {logging_mixin.py:188} INFO - [2026-02-26T12:55:23.956+0000] {dagbag.py:545} INFO - Filling up the DagBag from /opt/airflow/dags/oltp_s3_dwh_dict.py
[2026-02-26T12:55:24.683+0000] {processor.py:840} INFO - DAG(s) 'oltp_s3_dwh' retrieved from /opt/airflow/dags/oltp_s3_dwh_dict.py
[2026-02-26T12:55:24.711+0000] {logging_mixin.py:188} INFO - [2026-02-26T12:55:24.711+0000] {dag.py:3089} INFO - Sync 1 DAGs
[2026-02-26T12:55:24.736+0000] {logging_mixin.py:188} INFO - [2026-02-26T12:55:24.735+0000] {dag.py:3947} INFO - Setting next_dagrun for oltp_s3_dwh to 2026-02-01 00:00:00+00:00, run_after=2026-03-01 00:00:00+00:00
[2026-02-26T12:55:24.758+0000] {processor.py:183} INFO - Processing /opt/airflow/dags/oltp_s3_dwh_dict.py took 0.812 seconds
[2026-02-26T12:55:54.920+0000] {processor.py:161} INFO - Started process (PID=7807) to work on /opt/airflow/dags/oltp_s3_dwh_dict.py
[2026-02-26T12:55:54.922+0000] {processor.py:830} INFO - Processing file /opt/airflow/dags/oltp_s3_dwh_dict.py for tasks to queue
[2026-02-26T12:55:54.924+0000] {logging_mixin.py:188} INFO - [2026-02-26T12:55:54.923+0000] {dagbag.py:545} INFO - Filling up the DagBag from /opt/airflow/dags/oltp_s3_dwh_dict.py
[2026-02-26T12:55:55.477+0000] {processor.py:840} INFO - DAG(s) 'oltp_s3_dwh' retrieved from /opt/airflow/dags/oltp_s3_dwh_dict.py
[2026-02-26T12:55:55.507+0000] {logging_mixin.py:188} INFO - [2026-02-26T12:55:55.507+0000] {dag.py:3089} INFO - Sync 1 DAGs
[2026-02-26T12:55:55.531+0000] {logging_mixin.py:188} INFO - [2026-02-26T12:55:55.531+0000] {dag.py:3947} INFO - Setting next_dagrun for oltp_s3_dwh to 2026-02-01 00:00:00+00:00, run_after=2026-03-01 00:00:00+00:00
[2026-02-26T12:55:55.557+0000] {processor.py:183} INFO - Processing /opt/airflow/dags/oltp_s3_dwh_dict.py took 0.644 seconds
[2026-02-26T12:56:25.848+0000] {processor.py:161} INFO - Started process (PID=7840) to work on /opt/airflow/dags/oltp_s3_dwh_dict.py
[2026-02-26T12:56:25.849+0000] {processor.py:830} INFO - Processing file /opt/airflow/dags/oltp_s3_dwh_dict.py for tasks to queue
[2026-02-26T12:56:25.851+0000] {logging_mixin.py:188} INFO - [2026-02-26T12:56:25.850+0000] {dagbag.py:545} INFO - Filling up the DagBag from /opt/airflow/dags/oltp_s3_dwh_dict.py
[2026-02-26T12:56:26.410+0000] {processor.py:840} INFO - DAG(s) 'oltp_s3_dwh' retrieved from /opt/airflow/dags/oltp_s3_dwh_dict.py
[2026-02-26T12:56:26.441+0000] {logging_mixin.py:188} INFO - [2026-02-26T12:56:26.440+0000] {dag.py:3089} INFO - Sync 1 DAGs
[2026-02-26T12:56:26.473+0000] {logging_mixin.py:188} INFO - [2026-02-26T12:56:26.472+0000] {dag.py:3947} INFO - Setting next_dagrun for oltp_s3_dwh to 2026-02-01 00:00:00+00:00, run_after=2026-03-01 00:00:00+00:00
[2026-02-26T12:56:26.509+0000] {processor.py:183} INFO - Processing /opt/airflow/dags/oltp_s3_dwh_dict.py took 0.668 seconds
[2026-02-26T12:56:56.711+0000] {processor.py:161} INFO - Started process (PID=7866) to work on /opt/airflow/dags/oltp_s3_dwh_dict.py
[2026-02-26T12:56:56.713+0000] {processor.py:830} INFO - Processing file /opt/airflow/dags/oltp_s3_dwh_dict.py for tasks to queue
[2026-02-26T12:56:56.715+0000] {logging_mixin.py:188} INFO - [2026-02-26T12:56:56.714+0000] {dagbag.py:545} INFO - Filling up the DagBag from /opt/airflow/dags/oltp_s3_dwh_dict.py
[2026-02-26T12:56:57.300+0000] {processor.py:840} INFO - DAG(s) 'oltp_s3_dwh' retrieved from /opt/airflow/dags/oltp_s3_dwh_dict.py
[2026-02-26T12:56:57.329+0000] {logging_mixin.py:188} INFO - [2026-02-26T12:56:57.328+0000] {dag.py:3089} INFO - Sync 1 DAGs
[2026-02-26T12:56:57.354+0000] {logging_mixin.py:188} INFO - [2026-02-26T12:56:57.353+0000] {dag.py:3947} INFO - Setting next_dagrun for oltp_s3_dwh to 2026-02-01 00:00:00+00:00, run_after=2026-03-01 00:00:00+00:00
[2026-02-26T12:56:57.382+0000] {processor.py:183} INFO - Processing /opt/airflow/dags/oltp_s3_dwh_dict.py took 0.681 seconds
[2026-02-26T12:57:27.662+0000] {processor.py:161} INFO - Started process (PID=7892) to work on /opt/airflow/dags/oltp_s3_dwh_dict.py
[2026-02-26T12:57:27.664+0000] {processor.py:830} INFO - Processing file /opt/airflow/dags/oltp_s3_dwh_dict.py for tasks to queue
[2026-02-26T12:57:27.666+0000] {logging_mixin.py:188} INFO - [2026-02-26T12:57:27.665+0000] {dagbag.py:545} INFO - Filling up the DagBag from /opt/airflow/dags/oltp_s3_dwh_dict.py
[2026-02-26T12:57:28.236+0000] {processor.py:840} INFO - DAG(s) 'oltp_s3_dwh' retrieved from /opt/airflow/dags/oltp_s3_dwh_dict.py
[2026-02-26T12:57:28.267+0000] {logging_mixin.py:188} INFO - [2026-02-26T12:57:28.267+0000] {dag.py:3089} INFO - Sync 1 DAGs
[2026-02-26T12:57:28.291+0000] {logging_mixin.py:188} INFO - [2026-02-26T12:57:28.291+0000] {dag.py:3947} INFO - Setting next_dagrun for oltp_s3_dwh to 2026-02-01 00:00:00+00:00, run_after=2026-03-01 00:00:00+00:00
[2026-02-26T12:57:28.320+0000] {processor.py:183} INFO - Processing /opt/airflow/dags/oltp_s3_dwh_dict.py took 0.665 seconds
[2026-02-26T12:57:58.599+0000] {processor.py:161} INFO - Started process (PID=7918) to work on /opt/airflow/dags/oltp_s3_dwh_dict.py
[2026-02-26T12:57:58.601+0000] {processor.py:830} INFO - Processing file /opt/airflow/dags/oltp_s3_dwh_dict.py for tasks to queue
[2026-02-26T12:57:58.603+0000] {logging_mixin.py:188} INFO - [2026-02-26T12:57:58.603+0000] {dagbag.py:545} INFO - Filling up the DagBag from /opt/airflow/dags/oltp_s3_dwh_dict.py
[2026-02-26T12:57:59.172+0000] {processor.py:840} INFO - DAG(s) 'oltp_s3_dwh' retrieved from /opt/airflow/dags/oltp_s3_dwh_dict.py
[2026-02-26T12:57:59.201+0000] {logging_mixin.py:188} INFO - [2026-02-26T12:57:59.200+0000] {dag.py:3089} INFO - Sync 1 DAGs
[2026-02-26T12:57:59.224+0000] {logging_mixin.py:188} INFO - [2026-02-26T12:57:59.224+0000] {dag.py:3947} INFO - Setting next_dagrun for oltp_s3_dwh to 2026-02-01 00:00:00+00:00, run_after=2026-03-01 00:00:00+00:00
[2026-02-26T12:57:59.250+0000] {processor.py:183} INFO - Processing /opt/airflow/dags/oltp_s3_dwh_dict.py took 0.658 seconds
[2026-02-26T12:58:29.733+0000] {processor.py:161} INFO - Started process (PID=7951) to work on /opt/airflow/dags/oltp_s3_dwh_dict.py
[2026-02-26T12:58:29.734+0000] {processor.py:830} INFO - Processing file /opt/airflow/dags/oltp_s3_dwh_dict.py for tasks to queue
[2026-02-26T12:58:29.736+0000] {logging_mixin.py:188} INFO - [2026-02-26T12:58:29.735+0000] {dagbag.py:545} INFO - Filling up the DagBag from /opt/airflow/dags/oltp_s3_dwh_dict.py
[2026-02-26T12:58:30.781+0000] {processor.py:840} INFO - DAG(s) 'oltp_s3_dwh' retrieved from /opt/airflow/dags/oltp_s3_dwh_dict.py
[2026-02-26T12:58:30.821+0000] {logging_mixin.py:188} INFO - [2026-02-26T12:58:30.820+0000] {dag.py:3089} INFO - Sync 1 DAGs
[2026-02-26T12:58:30.858+0000] {logging_mixin.py:188} INFO - [2026-02-26T12:58:30.858+0000] {dag.py:3947} INFO - Setting next_dagrun for oltp_s3_dwh to 2026-02-01 00:00:00+00:00, run_after=2026-03-01 00:00:00+00:00
[2026-02-26T12:58:30.895+0000] {processor.py:183} INFO - Processing /opt/airflow/dags/oltp_s3_dwh_dict.py took 1.174 seconds
[2026-02-26T12:59:01.137+0000] {processor.py:161} INFO - Started process (PID=7977) to work on /opt/airflow/dags/oltp_s3_dwh_dict.py
[2026-02-26T12:59:01.139+0000] {processor.py:830} INFO - Processing file /opt/airflow/dags/oltp_s3_dwh_dict.py for tasks to queue
[2026-02-26T12:59:01.140+0000] {logging_mixin.py:188} INFO - [2026-02-26T12:59:01.140+0000] {dagbag.py:545} INFO - Filling up the DagBag from /opt/airflow/dags/oltp_s3_dwh_dict.py
[2026-02-26T12:59:01.769+0000] {processor.py:840} INFO - DAG(s) 'oltp_s3_dwh' retrieved from /opt/airflow/dags/oltp_s3_dwh_dict.py
[2026-02-26T12:59:01.802+0000] {logging_mixin.py:188} INFO - [2026-02-26T12:59:01.801+0000] {dag.py:3089} INFO - Sync 1 DAGs
[2026-02-26T12:59:01.830+0000] {logging_mixin.py:188} INFO - [2026-02-26T12:59:01.829+0000] {dag.py:3947} INFO - Setting next_dagrun for oltp_s3_dwh to 2026-02-01 00:00:00+00:00, run_after=2026-03-01 00:00:00+00:00
[2026-02-26T12:59:01.859+0000] {processor.py:183} INFO - Processing /opt/airflow/dags/oltp_s3_dwh_dict.py took 0.729 seconds
[2026-02-26T12:59:32.144+0000] {processor.py:161} INFO - Started process (PID=8003) to work on /opt/airflow/dags/oltp_s3_dwh_dict.py
[2026-02-26T12:59:32.145+0000] {processor.py:830} INFO - Processing file /opt/airflow/dags/oltp_s3_dwh_dict.py for tasks to queue
[2026-02-26T12:59:32.147+0000] {logging_mixin.py:188} INFO - [2026-02-26T12:59:32.147+0000] {dagbag.py:545} INFO - Filling up the DagBag from /opt/airflow/dags/oltp_s3_dwh_dict.py
[2026-02-26T12:59:32.715+0000] {processor.py:840} INFO - DAG(s) 'oltp_s3_dwh' retrieved from /opt/airflow/dags/oltp_s3_dwh_dict.py
[2026-02-26T12:59:32.745+0000] {logging_mixin.py:188} INFO - [2026-02-26T12:59:32.744+0000] {dag.py:3089} INFO - Sync 1 DAGs
[2026-02-26T12:59:32.767+0000] {logging_mixin.py:188} INFO - [2026-02-26T12:59:32.766+0000] {dag.py:3947} INFO - Setting next_dagrun for oltp_s3_dwh to 2026-02-01 00:00:00+00:00, run_after=2026-03-01 00:00:00+00:00
[2026-02-26T12:59:32.790+0000] {processor.py:183} INFO - Processing /opt/airflow/dags/oltp_s3_dwh_dict.py took 0.654 seconds
[2026-02-26T13:00:03.048+0000] {processor.py:161} INFO - Started process (PID=8029) to work on /opt/airflow/dags/oltp_s3_dwh_dict.py
[2026-02-26T13:00:03.050+0000] {processor.py:830} INFO - Processing file /opt/airflow/dags/oltp_s3_dwh_dict.py for tasks to queue
[2026-02-26T13:00:03.052+0000] {logging_mixin.py:188} INFO - [2026-02-26T13:00:03.051+0000] {dagbag.py:545} INFO - Filling up the DagBag from /opt/airflow/dags/oltp_s3_dwh_dict.py
[2026-02-26T13:00:03.603+0000] {processor.py:840} INFO - DAG(s) 'oltp_s3_dwh' retrieved from /opt/airflow/dags/oltp_s3_dwh_dict.py
[2026-02-26T13:00:03.632+0000] {logging_mixin.py:188} INFO - [2026-02-26T13:00:03.631+0000] {dag.py:3089} INFO - Sync 1 DAGs
[2026-02-26T13:00:03.655+0000] {logging_mixin.py:188} INFO - [2026-02-26T13:00:03.654+0000] {dag.py:3947} INFO - Setting next_dagrun for oltp_s3_dwh to 2026-02-01 00:00:00+00:00, run_after=2026-03-01 00:00:00+00:00
[2026-02-26T13:00:03.684+0000] {processor.py:183} INFO - Processing /opt/airflow/dags/oltp_s3_dwh_dict.py took 0.643 seconds
[2026-02-26T13:00:33.878+0000] {processor.py:161} INFO - Started process (PID=8062) to work on /opt/airflow/dags/oltp_s3_dwh_dict.py
[2026-02-26T13:00:33.880+0000] {processor.py:830} INFO - Processing file /opt/airflow/dags/oltp_s3_dwh_dict.py for tasks to queue
[2026-02-26T13:00:33.882+0000] {logging_mixin.py:188} INFO - [2026-02-26T13:00:33.881+0000] {dagbag.py:545} INFO - Filling up the DagBag from /opt/airflow/dags/oltp_s3_dwh_dict.py
[2026-02-26T13:00:34.724+0000] {processor.py:840} INFO - DAG(s) 'oltp_s3_dwh' retrieved from /opt/airflow/dags/oltp_s3_dwh_dict.py
[2026-02-26T13:00:34.762+0000] {logging_mixin.py:188} INFO - [2026-02-26T13:00:34.761+0000] {dag.py:3089} INFO - Sync 1 DAGs
[2026-02-26T13:00:34.790+0000] {logging_mixin.py:188} INFO - [2026-02-26T13:00:34.790+0000] {dag.py:3947} INFO - Setting next_dagrun for oltp_s3_dwh to 2026-02-01 00:00:00+00:00, run_after=2026-03-01 00:00:00+00:00
[2026-02-26T13:00:34.812+0000] {processor.py:183} INFO - Processing /opt/airflow/dags/oltp_s3_dwh_dict.py took 0.944 seconds
[2026-02-26T13:01:05.071+0000] {processor.py:161} INFO - Started process (PID=8089) to work on /opt/airflow/dags/oltp_s3_dwh_dict.py
[2026-02-26T13:01:05.073+0000] {processor.py:830} INFO - Processing file /opt/airflow/dags/oltp_s3_dwh_dict.py for tasks to queue
[2026-02-26T13:01:05.074+0000] {logging_mixin.py:188} INFO - [2026-02-26T13:01:05.074+0000] {dagbag.py:545} INFO - Filling up the DagBag from /opt/airflow/dags/oltp_s3_dwh_dict.py
[2026-02-26T13:01:05.622+0000] {processor.py:840} INFO - DAG(s) 'oltp_s3_dwh' retrieved from /opt/airflow/dags/oltp_s3_dwh_dict.py
[2026-02-26T13:01:05.650+0000] {logging_mixin.py:188} INFO - [2026-02-26T13:01:05.649+0000] {dag.py:3089} INFO - Sync 1 DAGs
[2026-02-26T13:01:05.674+0000] {logging_mixin.py:188} INFO - [2026-02-26T13:01:05.674+0000] {dag.py:3947} INFO - Setting next_dagrun for oltp_s3_dwh to 2026-02-01 00:00:00+00:00, run_after=2026-03-01 00:00:00+00:00
[2026-02-26T13:01:05.702+0000] {processor.py:183} INFO - Processing /opt/airflow/dags/oltp_s3_dwh_dict.py took 0.639 seconds
[2026-02-26T13:01:35.905+0000] {processor.py:161} INFO - Started process (PID=8114) to work on /opt/airflow/dags/oltp_s3_dwh_dict.py
[2026-02-26T13:01:35.907+0000] {processor.py:830} INFO - Processing file /opt/airflow/dags/oltp_s3_dwh_dict.py for tasks to queue
[2026-02-26T13:01:35.908+0000] {logging_mixin.py:188} INFO - [2026-02-26T13:01:35.908+0000] {dagbag.py:545} INFO - Filling up the DagBag from /opt/airflow/dags/oltp_s3_dwh_dict.py
[2026-02-26T13:01:36.461+0000] {processor.py:840} INFO - DAG(s) 'oltp_s3_dwh' retrieved from /opt/airflow/dags/oltp_s3_dwh_dict.py
[2026-02-26T13:01:36.492+0000] {logging_mixin.py:188} INFO - [2026-02-26T13:01:36.491+0000] {dag.py:3089} INFO - Sync 1 DAGs
[2026-02-26T13:01:36.518+0000] {logging_mixin.py:188} INFO - [2026-02-26T13:01:36.518+0000] {dag.py:3947} INFO - Setting next_dagrun for oltp_s3_dwh to 2026-02-01 00:00:00+00:00, run_after=2026-03-01 00:00:00+00:00
[2026-02-26T13:01:36.543+0000] {processor.py:183} INFO - Processing /opt/airflow/dags/oltp_s3_dwh_dict.py took 0.646 seconds
[2026-02-26T13:02:06.769+0000] {processor.py:161} INFO - Started process (PID=8140) to work on /opt/airflow/dags/oltp_s3_dwh_dict.py
[2026-02-26T13:02:06.772+0000] {processor.py:830} INFO - Processing file /opt/airflow/dags/oltp_s3_dwh_dict.py for tasks to queue
[2026-02-26T13:02:06.774+0000] {logging_mixin.py:188} INFO - [2026-02-26T13:02:06.773+0000] {dagbag.py:545} INFO - Filling up the DagBag from /opt/airflow/dags/oltp_s3_dwh_dict.py
[2026-02-26T13:02:07.410+0000] {processor.py:840} INFO - DAG(s) 'oltp_s3_dwh' retrieved from /opt/airflow/dags/oltp_s3_dwh_dict.py
[2026-02-26T13:02:07.444+0000] {logging_mixin.py:188} INFO - [2026-02-26T13:02:07.444+0000] {dag.py:3089} INFO - Sync 1 DAGs
[2026-02-26T13:02:07.470+0000] {logging_mixin.py:188} INFO - [2026-02-26T13:02:07.469+0000] {dag.py:3947} INFO - Setting next_dagrun for oltp_s3_dwh to 2026-02-01 00:00:00+00:00, run_after=2026-03-01 00:00:00+00:00
[2026-02-26T13:02:07.500+0000] {processor.py:183} INFO - Processing /opt/airflow/dags/oltp_s3_dwh_dict.py took 0.740 seconds
[2026-02-26T13:02:37.743+0000] {processor.py:161} INFO - Started process (PID=8167) to work on /opt/airflow/dags/oltp_s3_dwh_dict.py
[2026-02-26T13:02:37.745+0000] {processor.py:830} INFO - Processing file /opt/airflow/dags/oltp_s3_dwh_dict.py for tasks to queue
[2026-02-26T13:02:37.746+0000] {logging_mixin.py:188} INFO - [2026-02-26T13:02:37.745+0000] {dagbag.py:545} INFO - Filling up the DagBag from /opt/airflow/dags/oltp_s3_dwh_dict.py
[2026-02-26T13:02:38.339+0000] {processor.py:840} INFO - DAG(s) 'oltp_s3_dwh' retrieved from /opt/airflow/dags/oltp_s3_dwh_dict.py
[2026-02-26T13:02:38.370+0000] {logging_mixin.py:188} INFO - [2026-02-26T13:02:38.370+0000] {dag.py:3089} INFO - Sync 1 DAGs
[2026-02-26T13:02:38.398+0000] {logging_mixin.py:188} INFO - [2026-02-26T13:02:38.398+0000] {dag.py:3947} INFO - Setting next_dagrun for oltp_s3_dwh to 2026-02-01 00:00:00+00:00, run_after=2026-03-01 00:00:00+00:00
[2026-02-26T13:02:38.424+0000] {processor.py:183} INFO - Processing /opt/airflow/dags/oltp_s3_dwh_dict.py took 0.689 seconds
[2026-02-26T13:03:08.617+0000] {processor.py:161} INFO - Started process (PID=8200) to work on /opt/airflow/dags/oltp_s3_dwh_dict.py
[2026-02-26T13:03:08.618+0000] {processor.py:830} INFO - Processing file /opt/airflow/dags/oltp_s3_dwh_dict.py for tasks to queue
[2026-02-26T13:03:08.620+0000] {logging_mixin.py:188} INFO - [2026-02-26T13:03:08.619+0000] {dagbag.py:545} INFO - Filling up the DagBag from /opt/airflow/dags/oltp_s3_dwh_dict.py
[2026-02-26T13:03:09.198+0000] {processor.py:840} INFO - DAG(s) 'oltp_s3_dwh' retrieved from /opt/airflow/dags/oltp_s3_dwh_dict.py
[2026-02-26T13:03:09.230+0000] {logging_mixin.py:188} INFO - [2026-02-26T13:03:09.229+0000] {dag.py:3089} INFO - Sync 1 DAGs
[2026-02-26T13:03:09.261+0000] {logging_mixin.py:188} INFO - [2026-02-26T13:03:09.261+0000] {dag.py:3947} INFO - Setting next_dagrun for oltp_s3_dwh to 2026-02-01 00:00:00+00:00, run_after=2026-03-01 00:00:00+00:00
[2026-02-26T13:03:09.289+0000] {processor.py:183} INFO - Processing /opt/airflow/dags/oltp_s3_dwh_dict.py took 0.680 seconds
[2026-02-26T13:03:39.550+0000] {processor.py:161} INFO - Started process (PID=8226) to work on /opt/airflow/dags/oltp_s3_dwh_dict.py
[2026-02-26T13:03:39.552+0000] {processor.py:830} INFO - Processing file /opt/airflow/dags/oltp_s3_dwh_dict.py for tasks to queue
[2026-02-26T13:03:39.553+0000] {logging_mixin.py:188} INFO - [2026-02-26T13:03:39.553+0000] {dagbag.py:545} INFO - Filling up the DagBag from /opt/airflow/dags/oltp_s3_dwh_dict.py
[2026-02-26T13:03:40.137+0000] {processor.py:840} INFO - DAG(s) 'oltp_s3_dwh' retrieved from /opt/airflow/dags/oltp_s3_dwh_dict.py
[2026-02-26T13:03:40.171+0000] {logging_mixin.py:188} INFO - [2026-02-26T13:03:40.170+0000] {dag.py:3089} INFO - Sync 1 DAGs
[2026-02-26T13:03:40.198+0000] {logging_mixin.py:188} INFO - [2026-02-26T13:03:40.198+0000] {dag.py:3947} INFO - Setting next_dagrun for oltp_s3_dwh to 2026-02-01 00:00:00+00:00, run_after=2026-03-01 00:00:00+00:00
[2026-02-26T13:03:40.228+0000] {processor.py:183} INFO - Processing /opt/airflow/dags/oltp_s3_dwh_dict.py took 0.687 seconds
[2026-02-26T13:04:10.530+0000] {processor.py:161} INFO - Started process (PID=8252) to work on /opt/airflow/dags/oltp_s3_dwh_dict.py
[2026-02-26T13:04:10.532+0000] {processor.py:830} INFO - Processing file /opt/airflow/dags/oltp_s3_dwh_dict.py for tasks to queue
[2026-02-26T13:04:10.534+0000] {logging_mixin.py:188} INFO - [2026-02-26T13:04:10.534+0000] {dagbag.py:545} INFO - Filling up the DagBag from /opt/airflow/dags/oltp_s3_dwh_dict.py
[2026-02-26T13:04:11.093+0000] {processor.py:840} INFO - DAG(s) 'oltp_s3_dwh' retrieved from /opt/airflow/dags/oltp_s3_dwh_dict.py
[2026-02-26T13:04:11.123+0000] {logging_mixin.py:188} INFO - [2026-02-26T13:04:11.122+0000] {dag.py:3089} INFO - Sync 1 DAGs
[2026-02-26T13:04:11.146+0000] {logging_mixin.py:188} INFO - [2026-02-26T13:04:11.146+0000] {dag.py:3947} INFO - Setting next_dagrun for oltp_s3_dwh to 2026-02-01 00:00:00+00:00, run_after=2026-03-01 00:00:00+00:00
[2026-02-26T13:04:11.177+0000] {processor.py:183} INFO - Processing /opt/airflow/dags/oltp_s3_dwh_dict.py took 0.655 seconds
[2026-02-26T13:04:41.437+0000] {processor.py:161} INFO - Started process (PID=8285) to work on /opt/airflow/dags/oltp_s3_dwh_dict.py
[2026-02-26T13:04:41.438+0000] {processor.py:830} INFO - Processing file /opt/airflow/dags/oltp_s3_dwh_dict.py for tasks to queue
[2026-02-26T13:04:41.439+0000] {logging_mixin.py:188} INFO - [2026-02-26T13:04:41.439+0000] {dagbag.py:545} INFO - Filling up the DagBag from /opt/airflow/dags/oltp_s3_dwh_dict.py
[2026-02-26T13:04:41.959+0000] {processor.py:840} INFO - DAG(s) 'oltp_s3_dwh' retrieved from /opt/airflow/dags/oltp_s3_dwh_dict.py
[2026-02-26T13:04:41.987+0000] {logging_mixin.py:188} INFO - [2026-02-26T13:04:41.986+0000] {dag.py:3089} INFO - Sync 1 DAGs
[2026-02-26T13:04:42.010+0000] {logging_mixin.py:188} INFO - [2026-02-26T13:04:42.010+0000] {dag.py:3947} INFO - Setting next_dagrun for oltp_s3_dwh to 2026-02-01 00:00:00+00:00, run_after=2026-03-01 00:00:00+00:00
[2026-02-26T13:04:42.040+0000] {processor.py:183} INFO - Processing /opt/airflow/dags/oltp_s3_dwh_dict.py took 0.610 seconds
[2026-02-26T13:05:12.215+0000] {processor.py:161} INFO - Started process (PID=8310) to work on /opt/airflow/dags/oltp_s3_dwh_dict.py
[2026-02-26T13:05:12.216+0000] {processor.py:830} INFO - Processing file /opt/airflow/dags/oltp_s3_dwh_dict.py for tasks to queue
[2026-02-26T13:05:12.218+0000] {logging_mixin.py:188} INFO - [2026-02-26T13:05:12.217+0000] {dagbag.py:545} INFO - Filling up the DagBag from /opt/airflow/dags/oltp_s3_dwh_dict.py
[2026-02-26T13:05:12.648+0000] {processor.py:840} INFO - DAG(s) 'oltp_s3_dwh' retrieved from /opt/airflow/dags/oltp_s3_dwh_dict.py
[2026-02-26T13:05:12.671+0000] {logging_mixin.py:188} INFO - [2026-02-26T13:05:12.671+0000] {dag.py:3089} INFO - Sync 1 DAGs
[2026-02-26T13:05:12.691+0000] {logging_mixin.py:188} INFO - [2026-02-26T13:05:12.691+0000] {dag.py:3947} INFO - Setting next_dagrun for oltp_s3_dwh to 2026-02-01 00:00:00+00:00, run_after=2026-03-01 00:00:00+00:00
[2026-02-26T13:05:12.711+0000] {processor.py:183} INFO - Processing /opt/airflow/dags/oltp_s3_dwh_dict.py took 0.503 seconds
[2026-02-26T13:05:42.948+0000] {processor.py:161} INFO - Started process (PID=8336) to work on /opt/airflow/dags/oltp_s3_dwh_dict.py
[2026-02-26T13:05:42.949+0000] {processor.py:830} INFO - Processing file /opt/airflow/dags/oltp_s3_dwh_dict.py for tasks to queue
[2026-02-26T13:05:42.951+0000] {logging_mixin.py:188} INFO - [2026-02-26T13:05:42.951+0000] {dagbag.py:545} INFO - Filling up the DagBag from /opt/airflow/dags/oltp_s3_dwh_dict.py
[2026-02-26T13:05:43.532+0000] {processor.py:840} INFO - DAG(s) 'oltp_s3_dwh' retrieved from /opt/airflow/dags/oltp_s3_dwh_dict.py
[2026-02-26T13:05:43.566+0000] {logging_mixin.py:188} INFO - [2026-02-26T13:05:43.565+0000] {dag.py:3089} INFO - Sync 1 DAGs
[2026-02-26T13:05:43.602+0000] {logging_mixin.py:188} INFO - [2026-02-26T13:05:43.602+0000] {dag.py:3947} INFO - Setting next_dagrun for oltp_s3_dwh to 2026-02-01 00:00:00+00:00, run_after=2026-03-01 00:00:00+00:00
[2026-02-26T13:05:43.730+0000] {processor.py:183} INFO - Processing /opt/airflow/dags/oltp_s3_dwh_dict.py took 0.791 seconds
[2026-02-26T13:06:13.930+0000] {processor.py:161} INFO - Started process (PID=8370) to work on /opt/airflow/dags/oltp_s3_dwh_dict.py
[2026-02-26T13:06:13.932+0000] {processor.py:830} INFO - Processing file /opt/airflow/dags/oltp_s3_dwh_dict.py for tasks to queue
[2026-02-26T13:06:13.933+0000] {logging_mixin.py:188} INFO - [2026-02-26T13:06:13.933+0000] {dagbag.py:545} INFO - Filling up the DagBag from /opt/airflow/dags/oltp_s3_dwh_dict.py
[2026-02-26T13:06:14.401+0000] {processor.py:840} INFO - DAG(s) 'oltp_s3_dwh' retrieved from /opt/airflow/dags/oltp_s3_dwh_dict.py
[2026-02-26T13:06:14.423+0000] {logging_mixin.py:188} INFO - [2026-02-26T13:06:14.423+0000] {dag.py:3089} INFO - Sync 1 DAGs
[2026-02-26T13:06:14.441+0000] {logging_mixin.py:188} INFO - [2026-02-26T13:06:14.441+0000] {dag.py:3947} INFO - Setting next_dagrun for oltp_s3_dwh to 2026-02-01 00:00:00+00:00, run_after=2026-03-01 00:00:00+00:00
[2026-02-26T13:06:14.463+0000] {processor.py:183} INFO - Processing /opt/airflow/dags/oltp_s3_dwh_dict.py took 0.542 seconds
[2026-02-26T13:06:44.861+0000] {processor.py:161} INFO - Started process (PID=8397) to work on /opt/airflow/dags/oltp_s3_dwh_dict.py
[2026-02-26T13:06:44.862+0000] {processor.py:830} INFO - Processing file /opt/airflow/dags/oltp_s3_dwh_dict.py for tasks to queue
[2026-02-26T13:06:44.864+0000] {logging_mixin.py:188} INFO - [2026-02-26T13:06:44.863+0000] {dagbag.py:545} INFO - Filling up the DagBag from /opt/airflow/dags/oltp_s3_dwh_dict.py
[2026-02-26T13:06:45.364+0000] {processor.py:840} INFO - DAG(s) 'oltp_s3_dwh' retrieved from /opt/airflow/dags/oltp_s3_dwh_dict.py
[2026-02-26T13:06:45.395+0000] {logging_mixin.py:188} INFO - [2026-02-26T13:06:45.394+0000] {dag.py:3089} INFO - Sync 1 DAGs
[2026-02-26T13:06:45.417+0000] {logging_mixin.py:188} INFO - [2026-02-26T13:06:45.416+0000] {dag.py:3947} INFO - Setting next_dagrun for oltp_s3_dwh to 2026-02-01 00:00:00+00:00, run_after=2026-03-01 00:00:00+00:00
[2026-02-26T13:06:45.444+0000] {processor.py:183} INFO - Processing /opt/airflow/dags/oltp_s3_dwh_dict.py took 0.594 seconds
[2026-02-26T13:07:15.791+0000] {processor.py:161} INFO - Started process (PID=8430) to work on /opt/airflow/dags/oltp_s3_dwh_dict.py
[2026-02-26T13:07:15.793+0000] {processor.py:830} INFO - Processing file /opt/airflow/dags/oltp_s3_dwh_dict.py for tasks to queue
[2026-02-26T13:07:15.795+0000] {logging_mixin.py:188} INFO - [2026-02-26T13:07:15.795+0000] {dagbag.py:545} INFO - Filling up the DagBag from /opt/airflow/dags/oltp_s3_dwh_dict.py
[2026-02-26T13:07:16.272+0000] {processor.py:840} INFO - DAG(s) 'oltp_s3_dwh' retrieved from /opt/airflow/dags/oltp_s3_dwh_dict.py
[2026-02-26T13:07:16.303+0000] {logging_mixin.py:188} INFO - [2026-02-26T13:07:16.303+0000] {dag.py:3089} INFO - Sync 1 DAGs
[2026-02-26T13:07:16.327+0000] {logging_mixin.py:188} INFO - [2026-02-26T13:07:16.326+0000] {dag.py:3947} INFO - Setting next_dagrun for oltp_s3_dwh to 2026-02-01 00:00:00+00:00, run_after=2026-03-01 00:00:00+00:00
[2026-02-26T13:07:16.361+0000] {processor.py:183} INFO - Processing /opt/airflow/dags/oltp_s3_dwh_dict.py took 0.577 seconds
[2026-02-26T13:07:46.532+0000] {processor.py:161} INFO - Started process (PID=8456) to work on /opt/airflow/dags/oltp_s3_dwh_dict.py
[2026-02-26T13:07:46.533+0000] {processor.py:830} INFO - Processing file /opt/airflow/dags/oltp_s3_dwh_dict.py for tasks to queue
[2026-02-26T13:07:46.535+0000] {logging_mixin.py:188} INFO - [2026-02-26T13:07:46.534+0000] {dagbag.py:545} INFO - Filling up the DagBag from /opt/airflow/dags/oltp_s3_dwh_dict.py
[2026-02-26T13:07:46.976+0000] {processor.py:840} INFO - DAG(s) 'oltp_s3_dwh' retrieved from /opt/airflow/dags/oltp_s3_dwh_dict.py
[2026-02-26T13:07:47.002+0000] {logging_mixin.py:188} INFO - [2026-02-26T13:07:47.002+0000] {dag.py:3089} INFO - Sync 1 DAGs
[2026-02-26T13:07:47.021+0000] {logging_mixin.py:188} INFO - [2026-02-26T13:07:47.021+0000] {dag.py:3947} INFO - Setting next_dagrun for oltp_s3_dwh to 2026-02-01 00:00:00+00:00, run_after=2026-03-01 00:00:00+00:00
[2026-02-26T13:07:47.045+0000] {processor.py:183} INFO - Processing /opt/airflow/dags/oltp_s3_dwh_dict.py took 0.519 seconds
[2026-02-26T13:08:17.228+0000] {processor.py:161} INFO - Started process (PID=8482) to work on /opt/airflow/dags/oltp_s3_dwh_dict.py
[2026-02-26T13:08:17.229+0000] {processor.py:830} INFO - Processing file /opt/airflow/dags/oltp_s3_dwh_dict.py for tasks to queue
[2026-02-26T13:08:17.231+0000] {logging_mixin.py:188} INFO - [2026-02-26T13:08:17.230+0000] {dagbag.py:545} INFO - Filling up the DagBag from /opt/airflow/dags/oltp_s3_dwh_dict.py
[2026-02-26T13:08:17.790+0000] {processor.py:840} INFO - DAG(s) 'oltp_s3_dwh' retrieved from /opt/airflow/dags/oltp_s3_dwh_dict.py
[2026-02-26T13:08:17.832+0000] {logging_mixin.py:188} INFO - [2026-02-26T13:08:17.831+0000] {dag.py:3089} INFO - Sync 1 DAGs
[2026-02-26T13:08:17.862+0000] {logging_mixin.py:188} INFO - [2026-02-26T13:08:17.861+0000] {dag.py:3947} INFO - Setting next_dagrun for oltp_s3_dwh to 2026-02-01 00:00:00+00:00, run_after=2026-03-01 00:00:00+00:00
[2026-02-26T13:08:17.910+0000] {processor.py:183} INFO - Processing /opt/airflow/dags/oltp_s3_dwh_dict.py took 0.690 seconds
[2026-02-26T13:08:48.008+0000] {processor.py:161} INFO - Started process (PID=8514) to work on /opt/airflow/dags/oltp_s3_dwh_dict.py
[2026-02-26T13:08:48.010+0000] {processor.py:830} INFO - Processing file /opt/airflow/dags/oltp_s3_dwh_dict.py for tasks to queue
[2026-02-26T13:08:48.011+0000] {logging_mixin.py:188} INFO - [2026-02-26T13:08:48.011+0000] {dagbag.py:545} INFO - Filling up the DagBag from /opt/airflow/dags/oltp_s3_dwh_dict.py
[2026-02-26T13:08:48.445+0000] {processor.py:840} INFO - DAG(s) 'oltp_s3_dwh' retrieved from /opt/airflow/dags/oltp_s3_dwh_dict.py
[2026-02-26T13:08:48.469+0000] {logging_mixin.py:188} INFO - [2026-02-26T13:08:48.469+0000] {dag.py:3089} INFO - Sync 1 DAGs
[2026-02-26T13:08:48.487+0000] {logging_mixin.py:188} INFO - [2026-02-26T13:08:48.487+0000] {dag.py:3947} INFO - Setting next_dagrun for oltp_s3_dwh to 2026-02-01 00:00:00+00:00, run_after=2026-03-01 00:00:00+00:00
[2026-02-26T13:08:48.505+0000] {processor.py:183} INFO - Processing /opt/airflow/dags/oltp_s3_dwh_dict.py took 0.503 seconds
[2026-02-26T13:09:18.750+0000] {processor.py:161} INFO - Started process (PID=8538) to work on /opt/airflow/dags/oltp_s3_dwh_dict.py
[2026-02-26T13:09:18.752+0000] {processor.py:830} INFO - Processing file /opt/airflow/dags/oltp_s3_dwh_dict.py for tasks to queue
[2026-02-26T13:09:18.753+0000] {logging_mixin.py:188} INFO - [2026-02-26T13:09:18.753+0000] {dagbag.py:545} INFO - Filling up the DagBag from /opt/airflow/dags/oltp_s3_dwh_dict.py
[2026-02-26T13:09:19.280+0000] {processor.py:840} INFO - DAG(s) 'oltp_s3_dwh' retrieved from /opt/airflow/dags/oltp_s3_dwh_dict.py
[2026-02-26T13:09:19.308+0000] {logging_mixin.py:188} INFO - [2026-02-26T13:09:19.307+0000] {dag.py:3089} INFO - Sync 1 DAGs
[2026-02-26T13:09:19.336+0000] {logging_mixin.py:188} INFO - [2026-02-26T13:09:19.335+0000] {dag.py:3947} INFO - Setting next_dagrun for oltp_s3_dwh to 2026-02-01 00:00:00+00:00, run_after=2026-03-01 00:00:00+00:00
[2026-02-26T13:09:19.366+0000] {processor.py:183} INFO - Processing /opt/airflow/dags/oltp_s3_dwh_dict.py took 0.624 seconds
[2026-02-26T13:09:49.922+0000] {processor.py:161} INFO - Started process (PID=8570) to work on /opt/airflow/dags/oltp_s3_dwh_dict.py
[2026-02-26T13:09:49.923+0000] {processor.py:830} INFO - Processing file /opt/airflow/dags/oltp_s3_dwh_dict.py for tasks to queue
[2026-02-26T13:09:49.925+0000] {logging_mixin.py:188} INFO - [2026-02-26T13:09:49.925+0000] {dagbag.py:545} INFO - Filling up the DagBag from /opt/airflow/dags/oltp_s3_dwh_dict.py
[2026-02-26T13:09:50.404+0000] {processor.py:840} INFO - DAG(s) 'oltp_s3_dwh' retrieved from /opt/airflow/dags/oltp_s3_dwh_dict.py
[2026-02-26T13:09:50.425+0000] {logging_mixin.py:188} INFO - [2026-02-26T13:09:50.425+0000] {dag.py:3089} INFO - Sync 1 DAGs
[2026-02-26T13:09:50.444+0000] {logging_mixin.py:188} INFO - [2026-02-26T13:09:50.443+0000] {dag.py:3947} INFO - Setting next_dagrun for oltp_s3_dwh to 2026-02-01 00:00:00+00:00, run_after=2026-03-01 00:00:00+00:00
[2026-02-26T13:09:50.462+0000] {processor.py:183} INFO - Processing /opt/airflow/dags/oltp_s3_dwh_dict.py took 0.546 seconds
[2026-02-26T13:10:21.067+0000] {processor.py:161} INFO - Started process (PID=8596) to work on /opt/airflow/dags/oltp_s3_dwh_dict.py
[2026-02-26T13:10:21.068+0000] {processor.py:830} INFO - Processing file /opt/airflow/dags/oltp_s3_dwh_dict.py for tasks to queue
[2026-02-26T13:10:21.070+0000] {logging_mixin.py:188} INFO - [2026-02-26T13:10:21.069+0000] {dagbag.py:545} INFO - Filling up the DagBag from /opt/airflow/dags/oltp_s3_dwh_dict.py
[2026-02-26T13:10:21.561+0000] {processor.py:840} INFO - DAG(s) 'oltp_s3_dwh' retrieved from /opt/airflow/dags/oltp_s3_dwh_dict.py
[2026-02-26T13:10:21.592+0000] {logging_mixin.py:188} INFO - [2026-02-26T13:10:21.591+0000] {dag.py:3089} INFO - Sync 1 DAGs
[2026-02-26T13:10:21.613+0000] {logging_mixin.py:188} INFO - [2026-02-26T13:10:21.613+0000] {dag.py:3947} INFO - Setting next_dagrun for oltp_s3_dwh to 2026-02-01 00:00:00+00:00, run_after=2026-03-01 00:00:00+00:00
[2026-02-26T13:10:21.635+0000] {processor.py:183} INFO - Processing /opt/airflow/dags/oltp_s3_dwh_dict.py took 0.574 seconds
[2026-02-26T13:10:51.818+0000] {processor.py:161} INFO - Started process (PID=8629) to work on /opt/airflow/dags/oltp_s3_dwh_dict.py
[2026-02-26T13:10:51.820+0000] {processor.py:830} INFO - Processing file /opt/airflow/dags/oltp_s3_dwh_dict.py for tasks to queue
[2026-02-26T13:10:51.821+0000] {logging_mixin.py:188} INFO - [2026-02-26T13:10:51.821+0000] {dagbag.py:545} INFO - Filling up the DagBag from /opt/airflow/dags/oltp_s3_dwh_dict.py
[2026-02-26T13:10:52.288+0000] {processor.py:840} INFO - DAG(s) 'oltp_s3_dwh' retrieved from /opt/airflow/dags/oltp_s3_dwh_dict.py
[2026-02-26T13:10:52.314+0000] {logging_mixin.py:188} INFO - [2026-02-26T13:10:52.313+0000] {dag.py:3089} INFO - Sync 1 DAGs
[2026-02-26T13:10:52.335+0000] {logging_mixin.py:188} INFO - [2026-02-26T13:10:52.335+0000] {dag.py:3947} INFO - Setting next_dagrun for oltp_s3_dwh to 2026-02-01 00:00:00+00:00, run_after=2026-03-01 00:00:00+00:00
[2026-02-26T13:10:52.363+0000] {processor.py:183} INFO - Processing /opt/airflow/dags/oltp_s3_dwh_dict.py took 0.552 seconds
[2026-02-26T13:11:22.709+0000] {processor.py:161} INFO - Started process (PID=8654) to work on /opt/airflow/dags/oltp_s3_dwh_dict.py
[2026-02-26T13:11:22.710+0000] {processor.py:830} INFO - Processing file /opt/airflow/dags/oltp_s3_dwh_dict.py for tasks to queue
[2026-02-26T13:11:22.711+0000] {logging_mixin.py:188} INFO - [2026-02-26T13:11:22.711+0000] {dagbag.py:545} INFO - Filling up the DagBag from /opt/airflow/dags/oltp_s3_dwh_dict.py
[2026-02-26T13:11:23.157+0000] {processor.py:840} INFO - DAG(s) 'oltp_s3_dwh' retrieved from /opt/airflow/dags/oltp_s3_dwh_dict.py
[2026-02-26T13:11:23.187+0000] {logging_mixin.py:188} INFO - [2026-02-26T13:11:23.187+0000] {dag.py:3089} INFO - Sync 1 DAGs
[2026-02-26T13:11:23.213+0000] {logging_mixin.py:188} INFO - [2026-02-26T13:11:23.212+0000] {dag.py:3947} INFO - Setting next_dagrun for oltp_s3_dwh to 2026-02-01 00:00:00+00:00, run_after=2026-03-01 00:00:00+00:00
[2026-02-26T13:11:23.244+0000] {processor.py:183} INFO - Processing /opt/airflow/dags/oltp_s3_dwh_dict.py took 0.541 seconds
[2026-02-26T13:11:53.841+0000] {processor.py:161} INFO - Started process (PID=8679) to work on /opt/airflow/dags/oltp_s3_dwh_dict.py
[2026-02-26T13:11:53.843+0000] {processor.py:830} INFO - Processing file /opt/airflow/dags/oltp_s3_dwh_dict.py for tasks to queue
[2026-02-26T13:11:53.844+0000] {logging_mixin.py:188} INFO - [2026-02-26T13:11:53.844+0000] {dagbag.py:545} INFO - Filling up the DagBag from /opt/airflow/dags/oltp_s3_dwh_dict.py
[2026-02-26T13:11:54.325+0000] {processor.py:840} INFO - DAG(s) 'oltp_s3_dwh' retrieved from /opt/airflow/dags/oltp_s3_dwh_dict.py
[2026-02-26T13:11:54.355+0000] {logging_mixin.py:188} INFO - [2026-02-26T13:11:54.355+0000] {dag.py:3089} INFO - Sync 1 DAGs
[2026-02-26T13:11:54.376+0000] {logging_mixin.py:188} INFO - [2026-02-26T13:11:54.376+0000] {dag.py:3947} INFO - Setting next_dagrun for oltp_s3_dwh to 2026-02-01 00:00:00+00:00, run_after=2026-03-01 00:00:00+00:00
[2026-02-26T13:11:54.396+0000] {processor.py:183} INFO - Processing /opt/airflow/dags/oltp_s3_dwh_dict.py took 0.565 seconds
[2026-02-26T13:12:24.575+0000] {processor.py:161} INFO - Started process (PID=8711) to work on /opt/airflow/dags/oltp_s3_dwh_dict.py
[2026-02-26T13:12:24.577+0000] {processor.py:830} INFO - Processing file /opt/airflow/dags/oltp_s3_dwh_dict.py for tasks to queue
[2026-02-26T13:12:24.578+0000] {logging_mixin.py:188} INFO - [2026-02-26T13:12:24.578+0000] {dagbag.py:545} INFO - Filling up the DagBag from /opt/airflow/dags/oltp_s3_dwh_dict.py
[2026-02-26T13:12:25.085+0000] {processor.py:840} INFO - DAG(s) 'oltp_s3_dwh' retrieved from /opt/airflow/dags/oltp_s3_dwh_dict.py
[2026-02-26T13:12:25.111+0000] {logging_mixin.py:188} INFO - [2026-02-26T13:12:25.111+0000] {dag.py:3089} INFO - Sync 1 DAGs
[2026-02-26T13:12:25.130+0000] {logging_mixin.py:188} INFO - [2026-02-26T13:12:25.130+0000] {dag.py:3947} INFO - Setting next_dagrun for oltp_s3_dwh to 2026-02-01 00:00:00+00:00, run_after=2026-03-01 00:00:00+00:00
[2026-02-26T13:12:25.189+0000] {processor.py:183} INFO - Processing /opt/airflow/dags/oltp_s3_dwh_dict.py took 0.619 seconds
[2026-02-26T13:12:55.546+0000] {processor.py:161} INFO - Started process (PID=8737) to work on /opt/airflow/dags/oltp_s3_dwh_dict.py
[2026-02-26T13:12:55.547+0000] {processor.py:830} INFO - Processing file /opt/airflow/dags/oltp_s3_dwh_dict.py for tasks to queue
[2026-02-26T13:12:55.548+0000] {logging_mixin.py:188} INFO - [2026-02-26T13:12:55.548+0000] {dagbag.py:545} INFO - Filling up the DagBag from /opt/airflow/dags/oltp_s3_dwh_dict.py
[2026-02-26T13:12:56.021+0000] {processor.py:840} INFO - DAG(s) 'oltp_s3_dwh' retrieved from /opt/airflow/dags/oltp_s3_dwh_dict.py
[2026-02-26T13:12:56.046+0000] {logging_mixin.py:188} INFO - [2026-02-26T13:12:56.045+0000] {dag.py:3089} INFO - Sync 1 DAGs
[2026-02-26T13:12:56.068+0000] {logging_mixin.py:188} INFO - [2026-02-26T13:12:56.067+0000] {dag.py:3947} INFO - Setting next_dagrun for oltp_s3_dwh to 2026-02-01 00:00:00+00:00, run_after=2026-03-01 00:00:00+00:00
[2026-02-26T13:12:56.090+0000] {processor.py:183} INFO - Processing /opt/airflow/dags/oltp_s3_dwh_dict.py took 0.550 seconds
[2026-02-26T13:13:26.275+0000] {processor.py:161} INFO - Started process (PID=8770) to work on /opt/airflow/dags/oltp_s3_dwh_dict.py
[2026-02-26T13:13:26.276+0000] {processor.py:830} INFO - Processing file /opt/airflow/dags/oltp_s3_dwh_dict.py for tasks to queue
[2026-02-26T13:13:26.278+0000] {logging_mixin.py:188} INFO - [2026-02-26T13:13:26.277+0000] {dagbag.py:545} INFO - Filling up the DagBag from /opt/airflow/dags/oltp_s3_dwh_dict.py
[2026-02-26T13:13:26.703+0000] {processor.py:840} INFO - DAG(s) 'oltp_s3_dwh' retrieved from /opt/airflow/dags/oltp_s3_dwh_dict.py
[2026-02-26T13:13:26.724+0000] {logging_mixin.py:188} INFO - [2026-02-26T13:13:26.723+0000] {dag.py:3089} INFO - Sync 1 DAGs
[2026-02-26T13:13:26.742+0000] {logging_mixin.py:188} INFO - [2026-02-26T13:13:26.741+0000] {dag.py:3947} INFO - Setting next_dagrun for oltp_s3_dwh to 2026-02-01 00:00:00+00:00, run_after=2026-03-01 00:00:00+00:00
[2026-02-26T13:13:26.759+0000] {processor.py:183} INFO - Processing /opt/airflow/dags/oltp_s3_dwh_dict.py took 0.493 seconds
[2026-02-26T13:13:56.911+0000] {processor.py:161} INFO - Started process (PID=8796) to work on /opt/airflow/dags/oltp_s3_dwh_dict.py
[2026-02-26T13:13:56.913+0000] {processor.py:830} INFO - Processing file /opt/airflow/dags/oltp_s3_dwh_dict.py for tasks to queue
[2026-02-26T13:13:56.914+0000] {logging_mixin.py:188} INFO - [2026-02-26T13:13:56.913+0000] {dagbag.py:545} INFO - Filling up the DagBag from /opt/airflow/dags/oltp_s3_dwh_dict.py
[2026-02-26T13:13:57.363+0000] {processor.py:840} INFO - DAG(s) 'oltp_s3_dwh' retrieved from /opt/airflow/dags/oltp_s3_dwh_dict.py
[2026-02-26T13:13:57.387+0000] {logging_mixin.py:188} INFO - [2026-02-26T13:13:57.386+0000] {dag.py:3089} INFO - Sync 1 DAGs
[2026-02-26T13:13:57.407+0000] {logging_mixin.py:188} INFO - [2026-02-26T13:13:57.407+0000] {dag.py:3947} INFO - Setting next_dagrun for oltp_s3_dwh to 2026-02-01 00:00:00+00:00, run_after=2026-03-01 00:00:00+00:00
[2026-02-26T13:13:57.426+0000] {processor.py:183} INFO - Processing /opt/airflow/dags/oltp_s3_dwh_dict.py took 0.521 seconds
[2026-02-26T13:14:27.781+0000] {processor.py:161} INFO - Started process (PID=8829) to work on /opt/airflow/dags/oltp_s3_dwh_dict.py
[2026-02-26T13:14:27.782+0000] {processor.py:830} INFO - Processing file /opt/airflow/dags/oltp_s3_dwh_dict.py for tasks to queue
[2026-02-26T13:14:27.785+0000] {logging_mixin.py:188} INFO - [2026-02-26T13:14:27.784+0000] {dagbag.py:545} INFO - Filling up the DagBag from /opt/airflow/dags/oltp_s3_dwh_dict.py
[2026-02-26T13:14:28.241+0000] {processor.py:840} INFO - DAG(s) 'oltp_s3_dwh' retrieved from /opt/airflow/dags/oltp_s3_dwh_dict.py
[2026-02-26T13:14:28.269+0000] {logging_mixin.py:188} INFO - [2026-02-26T13:14:28.268+0000] {dag.py:3089} INFO - Sync 1 DAGs
[2026-02-26T13:14:28.290+0000] {logging_mixin.py:188} INFO - [2026-02-26T13:14:28.289+0000] {dag.py:3947} INFO - Setting next_dagrun for oltp_s3_dwh to 2026-02-01 00:00:00+00:00, run_after=2026-03-01 00:00:00+00:00
[2026-02-26T13:14:28.314+0000] {processor.py:183} INFO - Processing /opt/airflow/dags/oltp_s3_dwh_dict.py took 0.539 seconds
[2026-02-26T13:14:58.579+0000] {processor.py:161} INFO - Started process (PID=8855) to work on /opt/airflow/dags/oltp_s3_dwh_dict.py
[2026-02-26T13:14:58.580+0000] {processor.py:830} INFO - Processing file /opt/airflow/dags/oltp_s3_dwh_dict.py for tasks to queue
[2026-02-26T13:14:58.582+0000] {logging_mixin.py:188} INFO - [2026-02-26T13:14:58.582+0000] {dagbag.py:545} INFO - Filling up the DagBag from /opt/airflow/dags/oltp_s3_dwh_dict.py
[2026-02-26T13:14:59.031+0000] {processor.py:840} INFO - DAG(s) 'oltp_s3_dwh' retrieved from /opt/airflow/dags/oltp_s3_dwh_dict.py
[2026-02-26T13:14:59.061+0000] {logging_mixin.py:188} INFO - [2026-02-26T13:14:59.061+0000] {dag.py:3089} INFO - Sync 1 DAGs
[2026-02-26T13:14:59.088+0000] {logging_mixin.py:188} INFO - [2026-02-26T13:14:59.088+0000] {dag.py:3947} INFO - Setting next_dagrun for oltp_s3_dwh to 2026-02-01 00:00:00+00:00, run_after=2026-03-01 00:00:00+00:00
[2026-02-26T13:14:59.117+0000] {processor.py:183} INFO - Processing /opt/airflow/dags/oltp_s3_dwh_dict.py took 0.546 seconds
[2026-02-26T13:15:29.366+0000] {processor.py:161} INFO - Started process (PID=8880) to work on /opt/airflow/dags/oltp_s3_dwh_dict.py
[2026-02-26T13:15:29.367+0000] {processor.py:830} INFO - Processing file /opt/airflow/dags/oltp_s3_dwh_dict.py for tasks to queue
[2026-02-26T13:15:29.368+0000] {logging_mixin.py:188} INFO - [2026-02-26T13:15:29.368+0000] {dagbag.py:545} INFO - Filling up the DagBag from /opt/airflow/dags/oltp_s3_dwh_dict.py
[2026-02-26T13:15:29.839+0000] {processor.py:840} INFO - DAG(s) 'oltp_s3_dwh' retrieved from /opt/airflow/dags/oltp_s3_dwh_dict.py
[2026-02-26T13:15:29.867+0000] {logging_mixin.py:188} INFO - [2026-02-26T13:15:29.866+0000] {dag.py:3089} INFO - Sync 1 DAGs
[2026-02-26T13:15:29.891+0000] {logging_mixin.py:188} INFO - [2026-02-26T13:15:29.891+0000] {dag.py:3947} INFO - Setting next_dagrun for oltp_s3_dwh to 2026-02-01 00:00:00+00:00, run_after=2026-03-01 00:00:00+00:00
[2026-02-26T13:15:29.918+0000] {processor.py:183} INFO - Processing /opt/airflow/dags/oltp_s3_dwh_dict.py took 0.558 seconds
[2026-02-26T13:16:00.103+0000] {processor.py:161} INFO - Started process (PID=8913) to work on /opt/airflow/dags/oltp_s3_dwh_dict.py
[2026-02-26T13:16:00.105+0000] {processor.py:830} INFO - Processing file /opt/airflow/dags/oltp_s3_dwh_dict.py for tasks to queue
[2026-02-26T13:16:00.106+0000] {logging_mixin.py:188} INFO - [2026-02-26T13:16:00.106+0000] {dagbag.py:545} INFO - Filling up the DagBag from /opt/airflow/dags/oltp_s3_dwh_dict.py
[2026-02-26T13:16:00.605+0000] {processor.py:840} INFO - DAG(s) 'oltp_s3_dwh' retrieved from /opt/airflow/dags/oltp_s3_dwh_dict.py
[2026-02-26T13:16:00.638+0000] {logging_mixin.py:188} INFO - [2026-02-26T13:16:00.637+0000] {dag.py:3089} INFO - Sync 1 DAGs
[2026-02-26T13:16:00.666+0000] {logging_mixin.py:188} INFO - [2026-02-26T13:16:00.666+0000] {dag.py:3947} INFO - Setting next_dagrun for oltp_s3_dwh to 2026-02-01 00:00:00+00:00, run_after=2026-03-01 00:00:00+00:00
[2026-02-26T13:16:00.700+0000] {processor.py:183} INFO - Processing /opt/airflow/dags/oltp_s3_dwh_dict.py took 0.603 seconds
[2026-02-26T13:16:30.893+0000] {processor.py:161} INFO - Started process (PID=8940) to work on /opt/airflow/dags/oltp_s3_dwh_dict.py
[2026-02-26T13:16:30.894+0000] {processor.py:830} INFO - Processing file /opt/airflow/dags/oltp_s3_dwh_dict.py for tasks to queue
[2026-02-26T13:16:30.895+0000] {logging_mixin.py:188} INFO - [2026-02-26T13:16:30.895+0000] {dagbag.py:545} INFO - Filling up the DagBag from /opt/airflow/dags/oltp_s3_dwh_dict.py
[2026-02-26T13:16:31.343+0000] {processor.py:840} INFO - DAG(s) 'oltp_s3_dwh' retrieved from /opt/airflow/dags/oltp_s3_dwh_dict.py
[2026-02-26T13:16:31.366+0000] {logging_mixin.py:188} INFO - [2026-02-26T13:16:31.365+0000] {dag.py:3089} INFO - Sync 1 DAGs
[2026-02-26T13:16:31.384+0000] {logging_mixin.py:188} INFO - [2026-02-26T13:16:31.383+0000] {dag.py:3947} INFO - Setting next_dagrun for oltp_s3_dwh to 2026-02-01 00:00:00+00:00, run_after=2026-03-01 00:00:00+00:00
[2026-02-26T13:16:31.400+0000] {processor.py:183} INFO - Processing /opt/airflow/dags/oltp_s3_dwh_dict.py took 0.514 seconds
[2026-02-26T13:17:01.610+0000] {processor.py:161} INFO - Started process (PID=8972) to work on /opt/airflow/dags/oltp_s3_dwh_dict.py
[2026-02-26T13:17:01.612+0000] {processor.py:830} INFO - Processing file /opt/airflow/dags/oltp_s3_dwh_dict.py for tasks to queue
[2026-02-26T13:17:01.614+0000] {logging_mixin.py:188} INFO - [2026-02-26T13:17:01.613+0000] {dagbag.py:545} INFO - Filling up the DagBag from /opt/airflow/dags/oltp_s3_dwh_dict.py
[2026-02-26T13:17:02.138+0000] {processor.py:840} INFO - DAG(s) 'oltp_s3_dwh' retrieved from /opt/airflow/dags/oltp_s3_dwh_dict.py
[2026-02-26T13:17:02.169+0000] {logging_mixin.py:188} INFO - [2026-02-26T13:17:02.169+0000] {dag.py:3089} INFO - Sync 1 DAGs
[2026-02-26T13:17:02.196+0000] {logging_mixin.py:188} INFO - [2026-02-26T13:17:02.196+0000] {dag.py:3947} INFO - Setting next_dagrun for oltp_s3_dwh to 2026-02-01 00:00:00+00:00, run_after=2026-03-01 00:00:00+00:00
[2026-02-26T13:17:02.228+0000] {processor.py:183} INFO - Processing /opt/airflow/dags/oltp_s3_dwh_dict.py took 0.624 seconds
[2026-02-26T13:17:32.622+0000] {processor.py:161} INFO - Started process (PID=8998) to work on /opt/airflow/dags/oltp_s3_dwh_dict.py
[2026-02-26T13:17:32.624+0000] {processor.py:830} INFO - Processing file /opt/airflow/dags/oltp_s3_dwh_dict.py for tasks to queue
[2026-02-26T13:17:32.625+0000] {logging_mixin.py:188} INFO - [2026-02-26T13:17:32.625+0000] {dagbag.py:545} INFO - Filling up the DagBag from /opt/airflow/dags/oltp_s3_dwh_dict.py
[2026-02-26T13:17:33.081+0000] {processor.py:840} INFO - DAG(s) 'oltp_s3_dwh' retrieved from /opt/airflow/dags/oltp_s3_dwh_dict.py
[2026-02-26T13:17:33.103+0000] {logging_mixin.py:188} INFO - [2026-02-26T13:17:33.103+0000] {dag.py:3089} INFO - Sync 1 DAGs
[2026-02-26T13:17:33.122+0000] {logging_mixin.py:188} INFO - [2026-02-26T13:17:33.122+0000] {dag.py:3947} INFO - Setting next_dagrun for oltp_s3_dwh to 2026-02-01 00:00:00+00:00, run_after=2026-03-01 00:00:00+00:00
[2026-02-26T13:17:33.148+0000] {processor.py:183} INFO - Processing /opt/airflow/dags/oltp_s3_dwh_dict.py took 0.533 seconds
[2026-02-26T13:18:03.997+0000] {processor.py:161} INFO - Started process (PID=9024) to work on /opt/airflow/dags/oltp_s3_dwh_dict.py
[2026-02-26T13:18:03.998+0000] {processor.py:830} INFO - Processing file /opt/airflow/dags/oltp_s3_dwh_dict.py for tasks to queue
[2026-02-26T13:18:04.000+0000] {logging_mixin.py:188} INFO - [2026-02-26T13:18:03.999+0000] {dagbag.py:545} INFO - Filling up the DagBag from /opt/airflow/dags/oltp_s3_dwh_dict.py
[2026-02-26T13:18:04.480+0000] {processor.py:840} INFO - DAG(s) 'oltp_s3_dwh' retrieved from /opt/airflow/dags/oltp_s3_dwh_dict.py
[2026-02-26T13:18:04.508+0000] {logging_mixin.py:188} INFO - [2026-02-26T13:18:04.508+0000] {dag.py:3089} INFO - Sync 1 DAGs
[2026-02-26T13:18:04.536+0000] {logging_mixin.py:188} INFO - [2026-02-26T13:18:04.535+0000] {dag.py:3947} INFO - Setting next_dagrun for oltp_s3_dwh to 2026-02-01 00:00:00+00:00, run_after=2026-03-01 00:00:00+00:00
[2026-02-26T13:18:04.564+0000] {processor.py:183} INFO - Processing /opt/airflow/dags/oltp_s3_dwh_dict.py took 0.573 seconds
[2026-02-26T13:18:34.792+0000] {processor.py:161} INFO - Started process (PID=9057) to work on /opt/airflow/dags/oltp_s3_dwh_dict.py
[2026-02-26T13:18:34.794+0000] {processor.py:830} INFO - Processing file /opt/airflow/dags/oltp_s3_dwh_dict.py for tasks to queue
[2026-02-26T13:18:34.797+0000] {logging_mixin.py:188} INFO - [2026-02-26T13:18:34.796+0000] {dagbag.py:545} INFO - Filling up the DagBag from /opt/airflow/dags/oltp_s3_dwh_dict.py
[2026-02-26T13:18:35.384+0000] {processor.py:840} INFO - DAG(s) 'oltp_s3_dwh' retrieved from /opt/airflow/dags/oltp_s3_dwh_dict.py
[2026-02-26T13:18:35.430+0000] {logging_mixin.py:188} INFO - [2026-02-26T13:18:35.429+0000] {dag.py:3089} INFO - Sync 1 DAGs
[2026-02-26T13:18:35.456+0000] {logging_mixin.py:188} INFO - [2026-02-26T13:18:35.455+0000] {dag.py:3947} INFO - Setting next_dagrun for oltp_s3_dwh to 2026-02-01 00:00:00+00:00, run_after=2026-03-01 00:00:00+00:00
[2026-02-26T13:18:35.479+0000] {processor.py:183} INFO - Processing /opt/airflow/dags/oltp_s3_dwh_dict.py took 0.695 seconds
[2026-02-26T13:19:05.635+0000] {processor.py:161} INFO - Started process (PID=9084) to work on /opt/airflow/dags/oltp_s3_dwh_dict.py
[2026-02-26T13:19:05.637+0000] {processor.py:830} INFO - Processing file /opt/airflow/dags/oltp_s3_dwh_dict.py for tasks to queue
[2026-02-26T13:19:05.639+0000] {logging_mixin.py:188} INFO - [2026-02-26T13:19:05.638+0000] {dagbag.py:545} INFO - Filling up the DagBag from /opt/airflow/dags/oltp_s3_dwh_dict.py
[2026-02-26T13:19:06.138+0000] {processor.py:840} INFO - DAG(s) 'oltp_s3_dwh' retrieved from /opt/airflow/dags/oltp_s3_dwh_dict.py
[2026-02-26T13:19:06.165+0000] {logging_mixin.py:188} INFO - [2026-02-26T13:19:06.165+0000] {dag.py:3089} INFO - Sync 1 DAGs
[2026-02-26T13:19:06.186+0000] {logging_mixin.py:188} INFO - [2026-02-26T13:19:06.186+0000] {dag.py:3947} INFO - Setting next_dagrun for oltp_s3_dwh to 2026-02-01 00:00:00+00:00, run_after=2026-03-01 00:00:00+00:00
[2026-02-26T13:19:06.209+0000] {processor.py:183} INFO - Processing /opt/airflow/dags/oltp_s3_dwh_dict.py took 0.581 seconds
[2026-02-26T13:19:36.346+0000] {processor.py:161} INFO - Started process (PID=9116) to work on /opt/airflow/dags/oltp_s3_dwh_dict.py
[2026-02-26T13:19:36.348+0000] {processor.py:830} INFO - Processing file /opt/airflow/dags/oltp_s3_dwh_dict.py for tasks to queue
[2026-02-26T13:19:36.350+0000] {logging_mixin.py:188} INFO - [2026-02-26T13:19:36.349+0000] {dagbag.py:545} INFO - Filling up the DagBag from /opt/airflow/dags/oltp_s3_dwh_dict.py
[2026-02-26T13:19:36.767+0000] {processor.py:840} INFO - DAG(s) 'oltp_s3_dwh' retrieved from /opt/airflow/dags/oltp_s3_dwh_dict.py
[2026-02-26T13:19:36.802+0000] {logging_mixin.py:188} INFO - [2026-02-26T13:19:36.802+0000] {dag.py:3089} INFO - Sync 1 DAGs
[2026-02-26T13:19:36.833+0000] {logging_mixin.py:188} INFO - [2026-02-26T13:19:36.832+0000] {dag.py:3947} INFO - Setting next_dagrun for oltp_s3_dwh to 2026-02-01 00:00:00+00:00, run_after=2026-03-01 00:00:00+00:00
[2026-02-26T13:19:36.872+0000] {processor.py:183} INFO - Processing /opt/airflow/dags/oltp_s3_dwh_dict.py took 0.534 seconds
[2026-02-26T13:20:07.113+0000] {processor.py:161} INFO - Started process (PID=9142) to work on /opt/airflow/dags/oltp_s3_dwh_dict.py
[2026-02-26T13:20:07.115+0000] {processor.py:830} INFO - Processing file /opt/airflow/dags/oltp_s3_dwh_dict.py for tasks to queue
[2026-02-26T13:20:07.117+0000] {logging_mixin.py:188} INFO - [2026-02-26T13:20:07.116+0000] {dagbag.py:545} INFO - Filling up the DagBag from /opt/airflow/dags/oltp_s3_dwh_dict.py
[2026-02-26T13:20:07.450+0000] {processor.py:840} INFO - DAG(s) 'oltp_s3_dwh' retrieved from /opt/airflow/dags/oltp_s3_dwh_dict.py
[2026-02-26T13:20:07.480+0000] {logging_mixin.py:188} INFO - [2026-02-26T13:20:07.479+0000] {dag.py:3089} INFO - Sync 1 DAGs
[2026-02-26T13:20:07.505+0000] {logging_mixin.py:188} INFO - [2026-02-26T13:20:07.505+0000] {dag.py:3947} INFO - Setting next_dagrun for oltp_s3_dwh to 2026-02-01 00:00:00+00:00, run_after=2026-03-01 00:00:00+00:00
[2026-02-26T13:20:07.529+0000] {processor.py:183} INFO - Processing /opt/airflow/dags/oltp_s3_dwh_dict.py took 0.422 seconds
[2026-02-26T13:20:37.716+0000] {processor.py:161} INFO - Started process (PID=9168) to work on /opt/airflow/dags/oltp_s3_dwh_dict.py
[2026-02-26T13:20:37.718+0000] {processor.py:830} INFO - Processing file /opt/airflow/dags/oltp_s3_dwh_dict.py for tasks to queue
[2026-02-26T13:20:37.719+0000] {logging_mixin.py:188} INFO - [2026-02-26T13:20:37.719+0000] {dagbag.py:545} INFO - Filling up the DagBag from /opt/airflow/dags/oltp_s3_dwh_dict.py
[2026-02-26T13:20:38.064+0000] {processor.py:840} INFO - DAG(s) 'oltp_s3_dwh' retrieved from /opt/airflow/dags/oltp_s3_dwh_dict.py
[2026-02-26T13:20:38.096+0000] {logging_mixin.py:188} INFO - [2026-02-26T13:20:38.095+0000] {dag.py:3089} INFO - Sync 1 DAGs
[2026-02-26T13:20:38.121+0000] {logging_mixin.py:188} INFO - [2026-02-26T13:20:38.120+0000] {dag.py:3947} INFO - Setting next_dagrun for oltp_s3_dwh to 2026-02-01 00:00:00+00:00, run_after=2026-03-01 00:00:00+00:00
[2026-02-26T13:20:38.147+0000] {processor.py:183} INFO - Processing /opt/airflow/dags/oltp_s3_dwh_dict.py took 0.437 seconds
[2026-02-26T13:21:08.545+0000] {processor.py:161} INFO - Started process (PID=9201) to work on /opt/airflow/dags/oltp_s3_dwh_dict.py
[2026-02-26T13:21:08.546+0000] {processor.py:830} INFO - Processing file /opt/airflow/dags/oltp_s3_dwh_dict.py for tasks to queue
[2026-02-26T13:21:08.547+0000] {logging_mixin.py:188} INFO - [2026-02-26T13:21:08.547+0000] {dagbag.py:545} INFO - Filling up the DagBag from /opt/airflow/dags/oltp_s3_dwh_dict.py
[2026-02-26T13:21:08.872+0000] {processor.py:840} INFO - DAG(s) 'oltp_s3_dwh' retrieved from /opt/airflow/dags/oltp_s3_dwh_dict.py
[2026-02-26T13:21:08.901+0000] {logging_mixin.py:188} INFO - [2026-02-26T13:21:08.900+0000] {dag.py:3089} INFO - Sync 1 DAGs
[2026-02-26T13:21:08.925+0000] {logging_mixin.py:188} INFO - [2026-02-26T13:21:08.925+0000] {dag.py:3947} INFO - Setting next_dagrun for oltp_s3_dwh to 2026-02-01 00:00:00+00:00, run_after=2026-03-01 00:00:00+00:00
[2026-02-26T13:21:08.950+0000] {processor.py:183} INFO - Processing /opt/airflow/dags/oltp_s3_dwh_dict.py took 0.411 seconds
[2026-02-26T13:21:39.159+0000] {processor.py:161} INFO - Started process (PID=9227) to work on /opt/airflow/dags/oltp_s3_dwh_dict.py
[2026-02-26T13:21:39.161+0000] {processor.py:830} INFO - Processing file /opt/airflow/dags/oltp_s3_dwh_dict.py for tasks to queue
[2026-02-26T13:21:39.162+0000] {logging_mixin.py:188} INFO - [2026-02-26T13:21:39.162+0000] {dagbag.py:545} INFO - Filling up the DagBag from /opt/airflow/dags/oltp_s3_dwh_dict.py
[2026-02-26T13:21:39.486+0000] {processor.py:840} INFO - DAG(s) 'oltp_s3_dwh' retrieved from /opt/airflow/dags/oltp_s3_dwh_dict.py
[2026-02-26T13:21:39.513+0000] {logging_mixin.py:188} INFO - [2026-02-26T13:21:39.512+0000] {dag.py:3089} INFO - Sync 1 DAGs
[2026-02-26T13:21:39.536+0000] {logging_mixin.py:188} INFO - [2026-02-26T13:21:39.535+0000] {dag.py:3947} INFO - Setting next_dagrun for oltp_s3_dwh to 2026-02-01 00:00:00+00:00, run_after=2026-03-01 00:00:00+00:00
[2026-02-26T13:21:39.556+0000] {processor.py:183} INFO - Processing /opt/airflow/dags/oltp_s3_dwh_dict.py took 0.404 seconds
[2026-02-26T13:22:09.761+0000] {processor.py:161} INFO - Started process (PID=9260) to work on /opt/airflow/dags/oltp_s3_dwh_dict.py
[2026-02-26T13:22:09.763+0000] {processor.py:830} INFO - Processing file /opt/airflow/dags/oltp_s3_dwh_dict.py for tasks to queue
[2026-02-26T13:22:09.765+0000] {logging_mixin.py:188} INFO - [2026-02-26T13:22:09.764+0000] {dagbag.py:545} INFO - Filling up the DagBag from /opt/airflow/dags/oltp_s3_dwh_dict.py
[2026-02-26T13:22:10.159+0000] {processor.py:840} INFO - DAG(s) 'oltp_s3_dwh' retrieved from /opt/airflow/dags/oltp_s3_dwh_dict.py
[2026-02-26T13:22:10.190+0000] {logging_mixin.py:188} INFO - [2026-02-26T13:22:10.189+0000] {dag.py:3089} INFO - Sync 1 DAGs
[2026-02-26T13:22:10.218+0000] {logging_mixin.py:188} INFO - [2026-02-26T13:22:10.218+0000] {dag.py:3947} INFO - Setting next_dagrun for oltp_s3_dwh to 2026-02-01 00:00:00+00:00, run_after=2026-03-01 00:00:00+00:00
[2026-02-26T13:22:10.255+0000] {processor.py:183} INFO - Processing /opt/airflow/dags/oltp_s3_dwh_dict.py took 0.502 seconds
[2026-02-26T13:22:40.636+0000] {processor.py:161} INFO - Started process (PID=9286) to work on /opt/airflow/dags/oltp_s3_dwh_dict.py
[2026-02-26T13:22:40.637+0000] {processor.py:830} INFO - Processing file /opt/airflow/dags/oltp_s3_dwh_dict.py for tasks to queue
[2026-02-26T13:22:40.639+0000] {logging_mixin.py:188} INFO - [2026-02-26T13:22:40.639+0000] {dagbag.py:545} INFO - Filling up the DagBag from /opt/airflow/dags/oltp_s3_dwh_dict.py
[2026-02-26T13:22:40.975+0000] {processor.py:840} INFO - DAG(s) 'oltp_s3_dwh' retrieved from /opt/airflow/dags/oltp_s3_dwh_dict.py
[2026-02-26T13:22:41.003+0000] {logging_mixin.py:188} INFO - [2026-02-26T13:22:41.002+0000] {dag.py:3089} INFO - Sync 1 DAGs
[2026-02-26T13:22:41.024+0000] {logging_mixin.py:188} INFO - [2026-02-26T13:22:41.024+0000] {dag.py:3947} INFO - Setting next_dagrun for oltp_s3_dwh to 2026-02-01 00:00:00+00:00, run_after=2026-03-01 00:00:00+00:00
[2026-02-26T13:22:41.046+0000] {processor.py:183} INFO - Processing /opt/airflow/dags/oltp_s3_dwh_dict.py took 0.416 seconds
[2026-02-26T13:23:11.362+0000] {processor.py:161} INFO - Started process (PID=9311) to work on /opt/airflow/dags/oltp_s3_dwh_dict.py
[2026-02-26T13:23:11.364+0000] {processor.py:830} INFO - Processing file /opt/airflow/dags/oltp_s3_dwh_dict.py for tasks to queue
[2026-02-26T13:23:11.365+0000] {logging_mixin.py:188} INFO - [2026-02-26T13:23:11.365+0000] {dagbag.py:545} INFO - Filling up the DagBag from /opt/airflow/dags/oltp_s3_dwh_dict.py
[2026-02-26T13:23:11.702+0000] {processor.py:840} INFO - DAG(s) 'oltp_s3_dwh' retrieved from /opt/airflow/dags/oltp_s3_dwh_dict.py
[2026-02-26T13:23:11.730+0000] {logging_mixin.py:188} INFO - [2026-02-26T13:23:11.730+0000] {dag.py:3089} INFO - Sync 1 DAGs
[2026-02-26T13:23:11.752+0000] {logging_mixin.py:188} INFO - [2026-02-26T13:23:11.752+0000] {dag.py:3947} INFO - Setting next_dagrun for oltp_s3_dwh to 2026-02-01 00:00:00+00:00, run_after=2026-03-01 00:00:00+00:00
[2026-02-26T13:23:11.777+0000] {processor.py:183} INFO - Processing /opt/airflow/dags/oltp_s3_dwh_dict.py took 0.422 seconds
[2026-02-26T13:23:41.996+0000] {processor.py:161} INFO - Started process (PID=9344) to work on /opt/airflow/dags/oltp_s3_dwh_dict.py
[2026-02-26T13:23:41.998+0000] {processor.py:830} INFO - Processing file /opt/airflow/dags/oltp_s3_dwh_dict.py for tasks to queue
[2026-02-26T13:23:42.000+0000] {logging_mixin.py:188} INFO - [2026-02-26T13:23:41.999+0000] {dagbag.py:545} INFO - Filling up the DagBag from /opt/airflow/dags/oltp_s3_dwh_dict.py
[2026-02-26T13:23:42.497+0000] {processor.py:840} INFO - DAG(s) 'oltp_s3_dwh' retrieved from /opt/airflow/dags/oltp_s3_dwh_dict.py
[2026-02-26T13:23:42.544+0000] {logging_mixin.py:188} INFO - [2026-02-26T13:23:42.543+0000] {dag.py:3089} INFO - Sync 1 DAGs
[2026-02-26T13:23:42.580+0000] {logging_mixin.py:188} INFO - [2026-02-26T13:23:42.580+0000] {dag.py:3947} INFO - Setting next_dagrun for oltp_s3_dwh to 2026-02-01 00:00:00+00:00, run_after=2026-03-01 00:00:00+00:00
[2026-02-26T13:23:42.674+0000] {processor.py:183} INFO - Processing /opt/airflow/dags/oltp_s3_dwh_dict.py took 0.689 seconds
[2026-02-26T13:24:12.924+0000] {processor.py:161} INFO - Started process (PID=9368) to work on /opt/airflow/dags/oltp_s3_dwh_dict.py
[2026-02-26T13:24:12.925+0000] {processor.py:830} INFO - Processing file /opt/airflow/dags/oltp_s3_dwh_dict.py for tasks to queue
[2026-02-26T13:24:12.927+0000] {logging_mixin.py:188} INFO - [2026-02-26T13:24:12.926+0000] {dagbag.py:545} INFO - Filling up the DagBag from /opt/airflow/dags/oltp_s3_dwh_dict.py
[2026-02-26T13:24:13.255+0000] {processor.py:840} INFO - DAG(s) 'oltp_s3_dwh' retrieved from /opt/airflow/dags/oltp_s3_dwh_dict.py
[2026-02-26T13:24:13.286+0000] {logging_mixin.py:188} INFO - [2026-02-26T13:24:13.286+0000] {dag.py:3089} INFO - Sync 1 DAGs
[2026-02-26T13:24:13.318+0000] {logging_mixin.py:188} INFO - [2026-02-26T13:24:13.318+0000] {dag.py:3947} INFO - Setting next_dagrun for oltp_s3_dwh to 2026-02-01 00:00:00+00:00, run_after=2026-03-01 00:00:00+00:00
[2026-02-26T13:24:13.344+0000] {processor.py:183} INFO - Processing /opt/airflow/dags/oltp_s3_dwh_dict.py took 0.426 seconds
[2026-02-26T13:24:43.541+0000] {processor.py:161} INFO - Started process (PID=9394) to work on /opt/airflow/dags/oltp_s3_dwh_dict.py
[2026-02-26T13:24:43.543+0000] {processor.py:830} INFO - Processing file /opt/airflow/dags/oltp_s3_dwh_dict.py for tasks to queue
[2026-02-26T13:24:43.544+0000] {logging_mixin.py:188} INFO - [2026-02-26T13:24:43.544+0000] {dagbag.py:545} INFO - Filling up the DagBag from /opt/airflow/dags/oltp_s3_dwh_dict.py
[2026-02-26T13:24:43.862+0000] {processor.py:840} INFO - DAG(s) 'oltp_s3_dwh' retrieved from /opt/airflow/dags/oltp_s3_dwh_dict.py
[2026-02-26T13:24:43.892+0000] {logging_mixin.py:188} INFO - [2026-02-26T13:24:43.892+0000] {dag.py:3089} INFO - Sync 1 DAGs
[2026-02-26T13:24:43.915+0000] {logging_mixin.py:188} INFO - [2026-02-26T13:24:43.914+0000] {dag.py:3947} INFO - Setting next_dagrun for oltp_s3_dwh to 2026-02-01 00:00:00+00:00, run_after=2026-03-01 00:00:00+00:00
[2026-02-26T13:24:43.938+0000] {processor.py:183} INFO - Processing /opt/airflow/dags/oltp_s3_dwh_dict.py took 0.403 seconds
[2026-02-26T13:25:14.093+0000] {processor.py:161} INFO - Started process (PID=9427) to work on /opt/airflow/dags/oltp_s3_dwh_dict.py
[2026-02-26T13:25:14.095+0000] {processor.py:830} INFO - Processing file /opt/airflow/dags/oltp_s3_dwh_dict.py for tasks to queue
[2026-02-26T13:25:14.097+0000] {logging_mixin.py:188} INFO - [2026-02-26T13:25:14.097+0000] {dagbag.py:545} INFO - Filling up the DagBag from /opt/airflow/dags/oltp_s3_dwh_dict.py
[2026-02-26T13:25:14.422+0000] {processor.py:840} INFO - DAG(s) 'oltp_s3_dwh' retrieved from /opt/airflow/dags/oltp_s3_dwh_dict.py
[2026-02-26T13:25:14.449+0000] {logging_mixin.py:188} INFO - [2026-02-26T13:25:14.449+0000] {dag.py:3089} INFO - Sync 1 DAGs
[2026-02-26T13:25:14.472+0000] {logging_mixin.py:188} INFO - [2026-02-26T13:25:14.472+0000] {dag.py:3947} INFO - Setting next_dagrun for oltp_s3_dwh to 2026-02-01 00:00:00+00:00, run_after=2026-03-01 00:00:00+00:00
[2026-02-26T13:25:14.498+0000] {processor.py:183} INFO - Processing /opt/airflow/dags/oltp_s3_dwh_dict.py took 0.411 seconds
[2026-02-26T13:25:44.779+0000] {processor.py:161} INFO - Started process (PID=9452) to work on /opt/airflow/dags/oltp_s3_dwh_dict.py
[2026-02-26T13:25:44.780+0000] {processor.py:830} INFO - Processing file /opt/airflow/dags/oltp_s3_dwh_dict.py for tasks to queue
[2026-02-26T13:25:44.781+0000] {logging_mixin.py:188} INFO - [2026-02-26T13:25:44.781+0000] {dagbag.py:545} INFO - Filling up the DagBag from /opt/airflow/dags/oltp_s3_dwh_dict.py
[2026-02-26T13:25:45.097+0000] {processor.py:840} INFO - DAG(s) 'oltp_s3_dwh' retrieved from /opt/airflow/dags/oltp_s3_dwh_dict.py
[2026-02-26T13:25:45.123+0000] {logging_mixin.py:188} INFO - [2026-02-26T13:25:45.123+0000] {dag.py:3089} INFO - Sync 1 DAGs
[2026-02-26T13:25:45.145+0000] {logging_mixin.py:188} INFO - [2026-02-26T13:25:45.145+0000] {dag.py:3947} INFO - Setting next_dagrun for oltp_s3_dwh to 2026-02-01 00:00:00+00:00, run_after=2026-03-01 00:00:00+00:00
[2026-02-26T13:25:45.170+0000] {processor.py:183} INFO - Processing /opt/airflow/dags/oltp_s3_dwh_dict.py took 0.397 seconds
[2026-02-26T13:26:15.440+0000] {processor.py:161} INFO - Started process (PID=9477) to work on /opt/airflow/dags/oltp_s3_dwh_dict.py
[2026-02-26T13:26:15.446+0000] {processor.py:830} INFO - Processing file /opt/airflow/dags/oltp_s3_dwh_dict.py for tasks to queue
[2026-02-26T13:26:15.454+0000] {logging_mixin.py:188} INFO - [2026-02-26T13:26:15.452+0000] {dagbag.py:545} INFO - Filling up the DagBag from /opt/airflow/dags/oltp_s3_dwh_dict.py
[2026-02-26T13:26:16.004+0000] {processor.py:840} INFO - DAG(s) 'oltp_s3_dwh' retrieved from /opt/airflow/dags/oltp_s3_dwh_dict.py
[2026-02-26T13:26:16.048+0000] {logging_mixin.py:188} INFO - [2026-02-26T13:26:16.047+0000] {dag.py:3089} INFO - Sync 1 DAGs
[2026-02-26T13:26:16.093+0000] {logging_mixin.py:188} INFO - [2026-02-26T13:26:16.092+0000] {dag.py:3947} INFO - Setting next_dagrun for oltp_s3_dwh to 2026-02-01 00:00:00+00:00, run_after=2026-03-01 00:00:00+00:00
[2026-02-26T13:26:16.123+0000] {processor.py:183} INFO - Processing /opt/airflow/dags/oltp_s3_dwh_dict.py took 0.692 seconds
[2026-02-26T13:26:46.634+0000] {processor.py:161} INFO - Started process (PID=9511) to work on /opt/airflow/dags/oltp_s3_dwh_dict.py
[2026-02-26T13:26:46.635+0000] {processor.py:830} INFO - Processing file /opt/airflow/dags/oltp_s3_dwh_dict.py for tasks to queue
[2026-02-26T13:26:46.637+0000] {logging_mixin.py:188} INFO - [2026-02-26T13:26:46.636+0000] {dagbag.py:545} INFO - Filling up the DagBag from /opt/airflow/dags/oltp_s3_dwh_dict.py
[2026-02-26T13:26:46.951+0000] {processor.py:840} INFO - DAG(s) 'oltp_s3_dwh' retrieved from /opt/airflow/dags/oltp_s3_dwh_dict.py
[2026-02-26T13:26:46.977+0000] {logging_mixin.py:188} INFO - [2026-02-26T13:26:46.977+0000] {dag.py:3089} INFO - Sync 1 DAGs
[2026-02-26T13:26:46.999+0000] {logging_mixin.py:188} INFO - [2026-02-26T13:26:46.999+0000] {dag.py:3947} INFO - Setting next_dagrun for oltp_s3_dwh to 2026-02-01 00:00:00+00:00, run_after=2026-03-01 00:00:00+00:00
[2026-02-26T13:26:47.019+0000] {processor.py:183} INFO - Processing /opt/airflow/dags/oltp_s3_dwh_dict.py took 0.392 seconds
[2026-02-26T13:27:17.133+0000] {processor.py:161} INFO - Started process (PID=9537) to work on /opt/airflow/dags/oltp_s3_dwh_dict.py
[2026-02-26T13:27:17.135+0000] {processor.py:830} INFO - Processing file /opt/airflow/dags/oltp_s3_dwh_dict.py for tasks to queue
[2026-02-26T13:27:17.136+0000] {logging_mixin.py:188} INFO - [2026-02-26T13:27:17.136+0000] {dagbag.py:545} INFO - Filling up the DagBag from /opt/airflow/dags/oltp_s3_dwh_dict.py
[2026-02-26T13:27:17.465+0000] {processor.py:840} INFO - DAG(s) 'oltp_s3_dwh' retrieved from /opt/airflow/dags/oltp_s3_dwh_dict.py
[2026-02-26T13:27:17.497+0000] {logging_mixin.py:188} INFO - [2026-02-26T13:27:17.497+0000] {dag.py:3089} INFO - Sync 1 DAGs
[2026-02-26T13:27:17.522+0000] {logging_mixin.py:188} INFO - [2026-02-26T13:27:17.521+0000] {dag.py:3947} INFO - Setting next_dagrun for oltp_s3_dwh to 2026-02-01 00:00:00+00:00, run_after=2026-03-01 00:00:00+00:00
[2026-02-26T13:27:17.547+0000] {processor.py:183} INFO - Processing /opt/airflow/dags/oltp_s3_dwh_dict.py took 0.421 seconds
[2026-02-26T13:27:47.759+0000] {processor.py:161} INFO - Started process (PID=9568) to work on /opt/airflow/dags/oltp_s3_dwh_dict.py
[2026-02-26T13:27:47.760+0000] {processor.py:830} INFO - Processing file /opt/airflow/dags/oltp_s3_dwh_dict.py for tasks to queue
[2026-02-26T13:27:47.761+0000] {logging_mixin.py:188} INFO - [2026-02-26T13:27:47.761+0000] {dagbag.py:545} INFO - Filling up the DagBag from /opt/airflow/dags/oltp_s3_dwh_dict.py
[2026-02-26T13:27:48.121+0000] {processor.py:840} INFO - DAG(s) 'oltp_s3_dwh' retrieved from /opt/airflow/dags/oltp_s3_dwh_dict.py
[2026-02-26T13:27:48.155+0000] {logging_mixin.py:188} INFO - [2026-02-26T13:27:48.154+0000] {dag.py:3089} INFO - Sync 1 DAGs
[2026-02-26T13:27:48.181+0000] {logging_mixin.py:188} INFO - [2026-02-26T13:27:48.180+0000] {dag.py:3947} INFO - Setting next_dagrun for oltp_s3_dwh to 2026-02-01 00:00:00+00:00, run_after=2026-03-01 00:00:00+00:00
[2026-02-26T13:27:48.207+0000] {processor.py:183} INFO - Processing /opt/airflow/dags/oltp_s3_dwh_dict.py took 0.456 seconds
[2026-02-26T13:28:18.484+0000] {processor.py:161} INFO - Started process (PID=9594) to work on /opt/airflow/dags/oltp_s3_dwh_dict.py
[2026-02-26T13:28:18.485+0000] {processor.py:830} INFO - Processing file /opt/airflow/dags/oltp_s3_dwh_dict.py for tasks to queue
[2026-02-26T13:28:18.487+0000] {logging_mixin.py:188} INFO - [2026-02-26T13:28:18.486+0000] {dagbag.py:545} INFO - Filling up the DagBag from /opt/airflow/dags/oltp_s3_dwh_dict.py
[2026-02-26T13:28:18.823+0000] {processor.py:840} INFO - DAG(s) 'oltp_s3_dwh' retrieved from /opt/airflow/dags/oltp_s3_dwh_dict.py
[2026-02-26T13:28:18.850+0000] {logging_mixin.py:188} INFO - [2026-02-26T13:28:18.850+0000] {dag.py:3089} INFO - Sync 1 DAGs
[2026-02-26T13:28:18.879+0000] {logging_mixin.py:188} INFO - [2026-02-26T13:28:18.878+0000] {dag.py:3947} INFO - Setting next_dagrun for oltp_s3_dwh to 2026-02-01 00:00:00+00:00, run_after=2026-03-01 00:00:00+00:00
[2026-02-26T13:28:18.910+0000] {processor.py:183} INFO - Processing /opt/airflow/dags/oltp_s3_dwh_dict.py took 0.435 seconds
[2026-02-26T13:28:49.089+0000] {processor.py:161} INFO - Started process (PID=9620) to work on /opt/airflow/dags/oltp_s3_dwh_dict.py
[2026-02-26T13:28:49.091+0000] {processor.py:830} INFO - Processing file /opt/airflow/dags/oltp_s3_dwh_dict.py for tasks to queue
[2026-02-26T13:28:49.093+0000] {logging_mixin.py:188} INFO - [2026-02-26T13:28:49.092+0000] {dagbag.py:545} INFO - Filling up the DagBag from /opt/airflow/dags/oltp_s3_dwh_dict.py
[2026-02-26T13:28:49.482+0000] {processor.py:840} INFO - DAG(s) 'oltp_s3_dwh' retrieved from /opt/airflow/dags/oltp_s3_dwh_dict.py
[2026-02-26T13:28:49.522+0000] {logging_mixin.py:188} INFO - [2026-02-26T13:28:49.522+0000] {dag.py:3089} INFO - Sync 1 DAGs
[2026-02-26T13:28:49.554+0000] {logging_mixin.py:188} INFO - [2026-02-26T13:28:49.554+0000] {dag.py:3947} INFO - Setting next_dagrun for oltp_s3_dwh to 2026-02-01 00:00:00+00:00, run_after=2026-03-01 00:00:00+00:00
[2026-02-26T13:28:49.586+0000] {processor.py:183} INFO - Processing /opt/airflow/dags/oltp_s3_dwh_dict.py took 0.506 seconds
[2026-02-26T13:29:19.888+0000] {processor.py:161} INFO - Started process (PID=9653) to work on /opt/airflow/dags/oltp_s3_dwh_dict.py
[2026-02-26T13:29:19.890+0000] {processor.py:830} INFO - Processing file /opt/airflow/dags/oltp_s3_dwh_dict.py for tasks to queue
[2026-02-26T13:29:19.891+0000] {logging_mixin.py:188} INFO - [2026-02-26T13:29:19.891+0000] {dagbag.py:545} INFO - Filling up the DagBag from /opt/airflow/dags/oltp_s3_dwh_dict.py
[2026-02-26T13:29:20.225+0000] {processor.py:840} INFO - DAG(s) 'oltp_s3_dwh' retrieved from /opt/airflow/dags/oltp_s3_dwh_dict.py
[2026-02-26T13:29:20.262+0000] {logging_mixin.py:188} INFO - [2026-02-26T13:29:20.262+0000] {dag.py:3089} INFO - Sync 1 DAGs
[2026-02-26T13:29:20.289+0000] {logging_mixin.py:188} INFO - [2026-02-26T13:29:20.288+0000] {dag.py:3947} INFO - Setting next_dagrun for oltp_s3_dwh to 2026-02-01 00:00:00+00:00, run_after=2026-03-01 00:00:00+00:00
[2026-02-26T13:29:20.316+0000] {processor.py:183} INFO - Processing /opt/airflow/dags/oltp_s3_dwh_dict.py took 0.435 seconds
[2026-02-26T13:29:50.699+0000] {processor.py:161} INFO - Started process (PID=9680) to work on /opt/airflow/dags/oltp_s3_dwh_dict.py
[2026-02-26T13:29:50.701+0000] {processor.py:830} INFO - Processing file /opt/airflow/dags/oltp_s3_dwh_dict.py for tasks to queue
[2026-02-26T13:29:50.702+0000] {logging_mixin.py:188} INFO - [2026-02-26T13:29:50.702+0000] {dagbag.py:545} INFO - Filling up the DagBag from /opt/airflow/dags/oltp_s3_dwh_dict.py
[2026-02-26T13:29:51.081+0000] {processor.py:840} INFO - DAG(s) 'oltp_s3_dwh' retrieved from /opt/airflow/dags/oltp_s3_dwh_dict.py
[2026-02-26T13:29:51.120+0000] {logging_mixin.py:188} INFO - [2026-02-26T13:29:51.119+0000] {dag.py:3089} INFO - Sync 1 DAGs
[2026-02-26T13:29:51.150+0000] {logging_mixin.py:188} INFO - [2026-02-26T13:29:51.150+0000] {dag.py:3947} INFO - Setting next_dagrun for oltp_s3_dwh to 2026-02-01 00:00:00+00:00, run_after=2026-03-01 00:00:00+00:00
[2026-02-26T13:29:51.181+0000] {processor.py:183} INFO - Processing /opt/airflow/dags/oltp_s3_dwh_dict.py took 0.487 seconds
[2026-02-26T13:30:21.342+0000] {processor.py:161} INFO - Started process (PID=9713) to work on /opt/airflow/dags/oltp_s3_dwh_dict.py
[2026-02-26T13:30:21.343+0000] {processor.py:830} INFO - Processing file /opt/airflow/dags/oltp_s3_dwh_dict.py for tasks to queue
[2026-02-26T13:30:21.344+0000] {logging_mixin.py:188} INFO - [2026-02-26T13:30:21.344+0000] {dagbag.py:545} INFO - Filling up the DagBag from /opt/airflow/dags/oltp_s3_dwh_dict.py
[2026-02-26T13:30:21.724+0000] {processor.py:840} INFO - DAG(s) 'oltp_s3_dwh' retrieved from /opt/airflow/dags/oltp_s3_dwh_dict.py
[2026-02-26T13:30:21.761+0000] {logging_mixin.py:188} INFO - [2026-02-26T13:30:21.761+0000] {dag.py:3089} INFO - Sync 1 DAGs
[2026-02-26T13:30:21.790+0000] {logging_mixin.py:188} INFO - [2026-02-26T13:30:21.789+0000] {dag.py:3947} INFO - Setting next_dagrun for oltp_s3_dwh to 2026-02-01 00:00:00+00:00, run_after=2026-03-01 00:00:00+00:00
[2026-02-26T13:30:21.818+0000] {processor.py:183} INFO - Processing /opt/airflow/dags/oltp_s3_dwh_dict.py took 0.486 seconds
[2026-02-26T13:30:52.168+0000] {processor.py:161} INFO - Started process (PID=9740) to work on /opt/airflow/dags/oltp_s3_dwh_dict.py
[2026-02-26T13:30:52.170+0000] {processor.py:830} INFO - Processing file /opt/airflow/dags/oltp_s3_dwh_dict.py for tasks to queue
[2026-02-26T13:30:52.171+0000] {logging_mixin.py:188} INFO - [2026-02-26T13:30:52.170+0000] {dagbag.py:545} INFO - Filling up the DagBag from /opt/airflow/dags/oltp_s3_dwh_dict.py
[2026-02-26T13:30:52.526+0000] {processor.py:840} INFO - DAG(s) 'oltp_s3_dwh' retrieved from /opt/airflow/dags/oltp_s3_dwh_dict.py
[2026-02-26T13:30:52.559+0000] {logging_mixin.py:188} INFO - [2026-02-26T13:30:52.559+0000] {dag.py:3089} INFO - Sync 1 DAGs
[2026-02-26T13:30:52.584+0000] {logging_mixin.py:188} INFO - [2026-02-26T13:30:52.584+0000] {dag.py:3947} INFO - Setting next_dagrun for oltp_s3_dwh to 2026-02-01 00:00:00+00:00, run_after=2026-03-01 00:00:00+00:00
[2026-02-26T13:30:52.614+0000] {processor.py:183} INFO - Processing /opt/airflow/dags/oltp_s3_dwh_dict.py took 0.452 seconds
[2026-02-26T13:31:22.938+0000] {processor.py:161} INFO - Started process (PID=9765) to work on /opt/airflow/dags/oltp_s3_dwh_dict.py
[2026-02-26T13:31:22.940+0000] {processor.py:830} INFO - Processing file /opt/airflow/dags/oltp_s3_dwh_dict.py for tasks to queue
[2026-02-26T13:31:22.941+0000] {logging_mixin.py:188} INFO - [2026-02-26T13:31:22.941+0000] {dagbag.py:545} INFO - Filling up the DagBag from /opt/airflow/dags/oltp_s3_dwh_dict.py
[2026-02-26T13:31:23.275+0000] {processor.py:840} INFO - DAG(s) 'oltp_s3_dwh' retrieved from /opt/airflow/dags/oltp_s3_dwh_dict.py
[2026-02-26T13:31:23.306+0000] {logging_mixin.py:188} INFO - [2026-02-26T13:31:23.305+0000] {dag.py:3089} INFO - Sync 1 DAGs
[2026-02-26T13:31:23.327+0000] {logging_mixin.py:188} INFO - [2026-02-26T13:31:23.326+0000] {dag.py:3947} INFO - Setting next_dagrun for oltp_s3_dwh to 2026-02-01 00:00:00+00:00, run_after=2026-03-01 00:00:00+00:00
[2026-02-26T13:31:23.351+0000] {processor.py:183} INFO - Processing /opt/airflow/dags/oltp_s3_dwh_dict.py took 0.423 seconds
[2026-02-26T13:31:53.496+0000] {processor.py:161} INFO - Started process (PID=9798) to work on /opt/airflow/dags/oltp_s3_dwh_dict.py
[2026-02-26T13:31:53.498+0000] {processor.py:830} INFO - Processing file /opt/airflow/dags/oltp_s3_dwh_dict.py for tasks to queue
[2026-02-26T13:31:53.499+0000] {logging_mixin.py:188} INFO - [2026-02-26T13:31:53.499+0000] {dagbag.py:545} INFO - Filling up the DagBag from /opt/airflow/dags/oltp_s3_dwh_dict.py
[2026-02-26T13:31:53.841+0000] {processor.py:840} INFO - DAG(s) 'oltp_s3_dwh' retrieved from /opt/airflow/dags/oltp_s3_dwh_dict.py
[2026-02-26T13:31:53.871+0000] {logging_mixin.py:188} INFO - [2026-02-26T13:31:53.870+0000] {dag.py:3089} INFO - Sync 1 DAGs
[2026-02-26T13:31:53.892+0000] {logging_mixin.py:188} INFO - [2026-02-26T13:31:53.892+0000] {dag.py:3947} INFO - Setting next_dagrun for oltp_s3_dwh to 2026-02-01 00:00:00+00:00, run_after=2026-03-01 00:00:00+00:00
[2026-02-26T13:31:53.919+0000] {processor.py:183} INFO - Processing /opt/airflow/dags/oltp_s3_dwh_dict.py took 0.430 seconds
[2026-02-26T13:32:24.131+0000] {processor.py:161} INFO - Started process (PID=9823) to work on /opt/airflow/dags/oltp_s3_dwh_dict.py
[2026-02-26T13:32:24.133+0000] {processor.py:830} INFO - Processing file /opt/airflow/dags/oltp_s3_dwh_dict.py for tasks to queue
[2026-02-26T13:32:24.134+0000] {logging_mixin.py:188} INFO - [2026-02-26T13:32:24.134+0000] {dagbag.py:545} INFO - Filling up the DagBag from /opt/airflow/dags/oltp_s3_dwh_dict.py
[2026-02-26T13:32:24.504+0000] {processor.py:840} INFO - DAG(s) 'oltp_s3_dwh' retrieved from /opt/airflow/dags/oltp_s3_dwh_dict.py
[2026-02-26T13:32:24.549+0000] {logging_mixin.py:188} INFO - [2026-02-26T13:32:24.548+0000] {dag.py:3089} INFO - Sync 1 DAGs
[2026-02-26T13:32:24.579+0000] {logging_mixin.py:188} INFO - [2026-02-26T13:32:24.578+0000] {dag.py:3947} INFO - Setting next_dagrun for oltp_s3_dwh to 2026-02-01 00:00:00+00:00, run_after=2026-03-01 00:00:00+00:00
[2026-02-26T13:32:24.618+0000] {processor.py:183} INFO - Processing /opt/airflow/dags/oltp_s3_dwh_dict.py took 0.495 seconds
[2026-02-26T13:32:54.917+0000] {processor.py:161} INFO - Started process (PID=9856) to work on /opt/airflow/dags/oltp_s3_dwh_dict.py
[2026-02-26T13:32:54.919+0000] {processor.py:830} INFO - Processing file /opt/airflow/dags/oltp_s3_dwh_dict.py for tasks to queue
[2026-02-26T13:32:54.920+0000] {logging_mixin.py:188} INFO - [2026-02-26T13:32:54.920+0000] {dagbag.py:545} INFO - Filling up the DagBag from /opt/airflow/dags/oltp_s3_dwh_dict.py
[2026-02-26T13:32:55.300+0000] {processor.py:840} INFO - DAG(s) 'oltp_s3_dwh' retrieved from /opt/airflow/dags/oltp_s3_dwh_dict.py
[2026-02-26T13:32:55.328+0000] {logging_mixin.py:188} INFO - [2026-02-26T13:32:55.327+0000] {dag.py:3089} INFO - Sync 1 DAGs
[2026-02-26T13:32:55.356+0000] {logging_mixin.py:188} INFO - [2026-02-26T13:32:55.356+0000] {dag.py:3947} INFO - Setting next_dagrun for oltp_s3_dwh to 2026-02-01 00:00:00+00:00, run_after=2026-03-01 00:00:00+00:00
[2026-02-26T13:32:55.396+0000] {processor.py:183} INFO - Processing /opt/airflow/dags/oltp_s3_dwh_dict.py took 0.486 seconds
[2026-02-26T13:33:25.559+0000] {processor.py:161} INFO - Started process (PID=9882) to work on /opt/airflow/dags/oltp_s3_dwh_dict.py
[2026-02-26T13:33:25.561+0000] {processor.py:830} INFO - Processing file /opt/airflow/dags/oltp_s3_dwh_dict.py for tasks to queue
[2026-02-26T13:33:25.562+0000] {logging_mixin.py:188} INFO - [2026-02-26T13:33:25.561+0000] {dagbag.py:545} INFO - Filling up the DagBag from /opt/airflow/dags/oltp_s3_dwh_dict.py
[2026-02-26T13:33:25.983+0000] {processor.py:840} INFO - DAG(s) 'oltp_s3_dwh' retrieved from /opt/airflow/dags/oltp_s3_dwh_dict.py
[2026-02-26T13:33:26.055+0000] {logging_mixin.py:188} INFO - [2026-02-26T13:33:26.054+0000] {dag.py:3089} INFO - Sync 1 DAGs
[2026-02-26T13:33:26.105+0000] {logging_mixin.py:188} INFO - [2026-02-26T13:33:26.105+0000] {dag.py:3947} INFO - Setting next_dagrun for oltp_s3_dwh to 2026-02-01 00:00:00+00:00, run_after=2026-03-01 00:00:00+00:00
[2026-02-26T13:33:26.139+0000] {processor.py:183} INFO - Processing /opt/airflow/dags/oltp_s3_dwh_dict.py took 0.586 seconds
[2026-02-26T13:33:56.459+0000] {processor.py:161} INFO - Started process (PID=9908) to work on /opt/airflow/dags/oltp_s3_dwh_dict.py
[2026-02-26T13:33:56.460+0000] {processor.py:830} INFO - Processing file /opt/airflow/dags/oltp_s3_dwh_dict.py for tasks to queue
[2026-02-26T13:33:56.461+0000] {logging_mixin.py:188} INFO - [2026-02-26T13:33:56.461+0000] {dagbag.py:545} INFO - Filling up the DagBag from /opt/airflow/dags/oltp_s3_dwh_dict.py
[2026-02-26T13:33:56.768+0000] {processor.py:840} INFO - DAG(s) 'oltp_s3_dwh' retrieved from /opt/airflow/dags/oltp_s3_dwh_dict.py
[2026-02-26T13:33:56.799+0000] {logging_mixin.py:188} INFO - [2026-02-26T13:33:56.799+0000] {dag.py:3089} INFO - Sync 1 DAGs
[2026-02-26T13:33:56.822+0000] {logging_mixin.py:188} INFO - [2026-02-26T13:33:56.822+0000] {dag.py:3947} INFO - Setting next_dagrun for oltp_s3_dwh to 2026-02-01 00:00:00+00:00, run_after=2026-03-01 00:00:00+00:00
[2026-02-26T13:33:56.846+0000] {processor.py:183} INFO - Processing /opt/airflow/dags/oltp_s3_dwh_dict.py took 0.395 seconds
[2026-02-26T13:34:27.015+0000] {processor.py:161} INFO - Started process (PID=9941) to work on /opt/airflow/dags/oltp_s3_dwh_dict.py
[2026-02-26T13:34:27.017+0000] {processor.py:830} INFO - Processing file /opt/airflow/dags/oltp_s3_dwh_dict.py for tasks to queue
[2026-02-26T13:34:27.019+0000] {logging_mixin.py:188} INFO - [2026-02-26T13:34:27.019+0000] {dagbag.py:545} INFO - Filling up the DagBag from /opt/airflow/dags/oltp_s3_dwh_dict.py
[2026-02-26T13:34:27.350+0000] {processor.py:840} INFO - DAG(s) 'oltp_s3_dwh' retrieved from /opt/airflow/dags/oltp_s3_dwh_dict.py
[2026-02-26T13:34:27.381+0000] {logging_mixin.py:188} INFO - [2026-02-26T13:34:27.380+0000] {dag.py:3089} INFO - Sync 1 DAGs
[2026-02-26T13:34:27.404+0000] {logging_mixin.py:188} INFO - [2026-02-26T13:34:27.404+0000] {dag.py:3947} INFO - Setting next_dagrun for oltp_s3_dwh to 2026-02-01 00:00:00+00:00, run_after=2026-03-01 00:00:00+00:00
[2026-02-26T13:34:27.430+0000] {processor.py:183} INFO - Processing /opt/airflow/dags/oltp_s3_dwh_dict.py took 0.421 seconds
[2026-02-26T13:34:58.264+0000] {processor.py:161} INFO - Started process (PID=9967) to work on /opt/airflow/dags/oltp_s3_dwh_dict.py
[2026-02-26T13:34:58.265+0000] {processor.py:830} INFO - Processing file /opt/airflow/dags/oltp_s3_dwh_dict.py for tasks to queue
[2026-02-26T13:34:58.266+0000] {logging_mixin.py:188} INFO - [2026-02-26T13:34:58.266+0000] {dagbag.py:545} INFO - Filling up the DagBag from /opt/airflow/dags/oltp_s3_dwh_dict.py
[2026-02-26T13:34:58.673+0000] {processor.py:840} INFO - DAG(s) 'oltp_s3_dwh' retrieved from /opt/airflow/dags/oltp_s3_dwh_dict.py
[2026-02-26T13:34:58.716+0000] {logging_mixin.py:188} INFO - [2026-02-26T13:34:58.715+0000] {dag.py:3089} INFO - Sync 1 DAGs
[2026-02-26T13:34:58.745+0000] {logging_mixin.py:188} INFO - [2026-02-26T13:34:58.745+0000] {dag.py:3947} INFO - Setting next_dagrun for oltp_s3_dwh to 2026-02-01 00:00:00+00:00, run_after=2026-03-01 00:00:00+00:00
[2026-02-26T13:34:58.770+0000] {processor.py:183} INFO - Processing /opt/airflow/dags/oltp_s3_dwh_dict.py took 0.513 seconds
[2026-02-26T13:35:28.953+0000] {processor.py:161} INFO - Started process (PID=10000) to work on /opt/airflow/dags/oltp_s3_dwh_dict.py
[2026-02-26T13:35:28.954+0000] {processor.py:830} INFO - Processing file /opt/airflow/dags/oltp_s3_dwh_dict.py for tasks to queue
[2026-02-26T13:35:28.956+0000] {logging_mixin.py:188} INFO - [2026-02-26T13:35:28.955+0000] {dagbag.py:545} INFO - Filling up the DagBag from /opt/airflow/dags/oltp_s3_dwh_dict.py
[2026-02-26T13:35:29.329+0000] {processor.py:840} INFO - DAG(s) 'oltp_s3_dwh' retrieved from /opt/airflow/dags/oltp_s3_dwh_dict.py
[2026-02-26T13:35:29.370+0000] {logging_mixin.py:188} INFO - [2026-02-26T13:35:29.370+0000] {dag.py:3089} INFO - Sync 1 DAGs
[2026-02-26T13:35:29.400+0000] {logging_mixin.py:188} INFO - [2026-02-26T13:35:29.400+0000] {dag.py:3947} INFO - Setting next_dagrun for oltp_s3_dwh to 2026-02-01 00:00:00+00:00, run_after=2026-03-01 00:00:00+00:00
[2026-02-26T13:35:29.427+0000] {processor.py:183} INFO - Processing /opt/airflow/dags/oltp_s3_dwh_dict.py took 0.483 seconds
[2026-02-26T13:35:59.623+0000] {processor.py:161} INFO - Started process (PID=10026) to work on /opt/airflow/dags/oltp_s3_dwh_dict.py
[2026-02-26T13:35:59.625+0000] {processor.py:830} INFO - Processing file /opt/airflow/dags/oltp_s3_dwh_dict.py for tasks to queue
[2026-02-26T13:35:59.626+0000] {logging_mixin.py:188} INFO - [2026-02-26T13:35:59.626+0000] {dagbag.py:545} INFO - Filling up the DagBag from /opt/airflow/dags/oltp_s3_dwh_dict.py
[2026-02-26T13:35:59.961+0000] {processor.py:840} INFO - DAG(s) 'oltp_s3_dwh' retrieved from /opt/airflow/dags/oltp_s3_dwh_dict.py
[2026-02-26T13:35:59.989+0000] {logging_mixin.py:188} INFO - [2026-02-26T13:35:59.988+0000] {dag.py:3089} INFO - Sync 1 DAGs
[2026-02-26T13:36:00.014+0000] {logging_mixin.py:188} INFO - [2026-02-26T13:36:00.014+0000] {dag.py:3947} INFO - Setting next_dagrun for oltp_s3_dwh to 2026-02-01 00:00:00+00:00, run_after=2026-03-01 00:00:00+00:00
[2026-02-26T13:36:00.044+0000] {processor.py:183} INFO - Processing /opt/airflow/dags/oltp_s3_dwh_dict.py took 0.428 seconds
[2026-02-26T13:36:30.281+0000] {processor.py:161} INFO - Started process (PID=10052) to work on /opt/airflow/dags/oltp_s3_dwh_dict.py
[2026-02-26T13:36:30.283+0000] {processor.py:830} INFO - Processing file /opt/airflow/dags/oltp_s3_dwh_dict.py for tasks to queue
[2026-02-26T13:36:30.285+0000] {logging_mixin.py:188} INFO - [2026-02-26T13:36:30.285+0000] {dagbag.py:545} INFO - Filling up the DagBag from /opt/airflow/dags/oltp_s3_dwh_dict.py
[2026-02-26T13:36:30.759+0000] {processor.py:840} INFO - DAG(s) 'oltp_s3_dwh' retrieved from /opt/airflow/dags/oltp_s3_dwh_dict.py
[2026-02-26T13:36:30.831+0000] {logging_mixin.py:188} INFO - [2026-02-26T13:36:30.830+0000] {dag.py:3089} INFO - Sync 1 DAGs
[2026-02-26T13:36:30.878+0000] {logging_mixin.py:188} INFO - [2026-02-26T13:36:30.877+0000] {dag.py:3947} INFO - Setting next_dagrun for oltp_s3_dwh to 2026-02-01 00:00:00+00:00, run_after=2026-03-01 00:00:00+00:00
[2026-02-26T13:36:30.912+0000] {processor.py:183} INFO - Processing /opt/airflow/dags/oltp_s3_dwh_dict.py took 0.638 seconds
[2026-02-26T13:37:01.080+0000] {processor.py:161} INFO - Started process (PID=10084) to work on /opt/airflow/dags/oltp_s3_dwh_dict.py
[2026-02-26T13:37:01.082+0000] {processor.py:830} INFO - Processing file /opt/airflow/dags/oltp_s3_dwh_dict.py for tasks to queue
[2026-02-26T13:37:01.083+0000] {logging_mixin.py:188} INFO - [2026-02-26T13:37:01.082+0000] {dagbag.py:545} INFO - Filling up the DagBag from /opt/airflow/dags/oltp_s3_dwh_dict.py
[2026-02-26T13:37:01.418+0000] {processor.py:840} INFO - DAG(s) 'oltp_s3_dwh' retrieved from /opt/airflow/dags/oltp_s3_dwh_dict.py
[2026-02-26T13:37:01.449+0000] {logging_mixin.py:188} INFO - [2026-02-26T13:37:01.448+0000] {dag.py:3089} INFO - Sync 1 DAGs
[2026-02-26T13:37:01.476+0000] {logging_mixin.py:188} INFO - [2026-02-26T13:37:01.476+0000] {dag.py:3947} INFO - Setting next_dagrun for oltp_s3_dwh to 2026-02-01 00:00:00+00:00, run_after=2026-03-01 00:00:00+00:00
[2026-02-26T13:37:01.499+0000] {processor.py:183} INFO - Processing /opt/airflow/dags/oltp_s3_dwh_dict.py took 0.427 seconds
[2026-02-26T13:37:31.669+0000] {processor.py:161} INFO - Started process (PID=10110) to work on /opt/airflow/dags/oltp_s3_dwh_dict.py
[2026-02-26T13:37:31.670+0000] {processor.py:830} INFO - Processing file /opt/airflow/dags/oltp_s3_dwh_dict.py for tasks to queue
[2026-02-26T13:37:31.683+0000] {logging_mixin.py:188} INFO - [2026-02-26T13:37:31.683+0000] {dagbag.py:545} INFO - Filling up the DagBag from /opt/airflow/dags/oltp_s3_dwh_dict.py
[2026-02-26T13:37:32.537+0000] {processor.py:840} INFO - DAG(s) 'oltp_s3_dwh' retrieved from /opt/airflow/dags/oltp_s3_dwh_dict.py
[2026-02-26T13:37:32.563+0000] {logging_mixin.py:188} INFO - [2026-02-26T13:37:32.563+0000] {dag.py:3089} INFO - Sync 1 DAGs
[2026-02-26T13:37:32.585+0000] {logging_mixin.py:188} INFO - [2026-02-26T13:37:32.585+0000] {dag.py:3947} INFO - Setting next_dagrun for oltp_s3_dwh to 2026-02-01 00:00:00+00:00, run_after=2026-03-01 00:00:00+00:00
[2026-02-26T13:37:32.606+0000] {processor.py:183} INFO - Processing /opt/airflow/dags/oltp_s3_dwh_dict.py took 0.943 seconds
