[2026-02-28T09:37:16.511+0000] {processor.py:161} INFO - Started process (PID=192) to work on /opt/airflow/dags/load_cb_courses.py
[2026-02-28T09:37:16.515+0000] {processor.py:830} INFO - Processing file /opt/airflow/dags/load_cb_courses.py for tasks to queue
[2026-02-28T09:37:16.518+0000] {logging_mixin.py:188} INFO - [2026-02-28T09:37:16.518+0000] {dagbag.py:545} INFO - Filling up the DagBag from /opt/airflow/dags/load_cb_courses.py
[2026-02-28T09:37:18.515+0000] {processor.py:840} INFO - DAG(s) 'load_cb_courses' retrieved from /opt/airflow/dags/load_cb_courses.py
[2026-02-28T09:37:18.730+0000] {logging_mixin.py:188} INFO - [2026-02-28T09:37:18.729+0000] {dag.py:3089} INFO - Sync 1 DAGs
[2026-02-28T09:37:19.035+0000] {logging_mixin.py:188} INFO - [2026-02-28T09:37:19.034+0000] {dag.py:3947} INFO - Setting next_dagrun for load_cb_courses to 2026-02-28 00:00:00+00:00, run_after=2026-03-01 00:00:00+00:00
[2026-02-28T09:37:19.347+0000] {processor.py:183} INFO - Processing /opt/airflow/dags/load_cb_courses.py took 2.854 seconds
[2026-02-28T09:37:50.417+0000] {processor.py:161} INFO - Started process (PID=232) to work on /opt/airflow/dags/load_cb_courses.py
[2026-02-28T09:37:50.422+0000] {processor.py:830} INFO - Processing file /opt/airflow/dags/load_cb_courses.py for tasks to queue
[2026-02-28T09:37:50.426+0000] {logging_mixin.py:188} INFO - [2026-02-28T09:37:50.426+0000] {dagbag.py:545} INFO - Filling up the DagBag from /opt/airflow/dags/load_cb_courses.py
[2026-02-28T09:37:51.376+0000] {processor.py:840} INFO - DAG(s) 'load_cb_courses' retrieved from /opt/airflow/dags/load_cb_courses.py
[2026-02-28T09:37:51.536+0000] {logging_mixin.py:188} INFO - [2026-02-28T09:37:51.535+0000] {dag.py:3089} INFO - Sync 1 DAGs
[2026-02-28T09:37:51.572+0000] {logging_mixin.py:188} INFO - [2026-02-28T09:37:51.572+0000] {dag.py:3947} INFO - Setting next_dagrun for load_cb_courses to 2026-02-28 00:00:00+00:00, run_after=2026-03-01 00:00:00+00:00
[2026-02-28T09:37:51.611+0000] {processor.py:183} INFO - Processing /opt/airflow/dags/load_cb_courses.py took 1.207 seconds
[2026-02-28T09:38:21.804+0000] {processor.py:161} INFO - Started process (PID=273) to work on /opt/airflow/dags/load_cb_courses.py
[2026-02-28T09:38:21.806+0000] {processor.py:830} INFO - Processing file /opt/airflow/dags/load_cb_courses.py for tasks to queue
[2026-02-28T09:38:21.809+0000] {logging_mixin.py:188} INFO - [2026-02-28T09:38:21.809+0000] {dagbag.py:545} INFO - Filling up the DagBag from /opt/airflow/dags/load_cb_courses.py
[2026-02-28T09:38:22.268+0000] {processor.py:840} INFO - DAG(s) 'load_cb_courses' retrieved from /opt/airflow/dags/load_cb_courses.py
[2026-02-28T09:38:22.287+0000] {logging_mixin.py:188} INFO - [2026-02-28T09:38:22.286+0000] {dag.py:3089} INFO - Sync 1 DAGs
[2026-02-28T09:38:22.306+0000] {logging_mixin.py:188} INFO - [2026-02-28T09:38:22.306+0000] {dag.py:3947} INFO - Setting next_dagrun for load_cb_courses to 2026-02-28 00:00:00+00:00, run_after=2026-03-01 00:00:00+00:00
[2026-02-28T09:38:22.325+0000] {processor.py:183} INFO - Processing /opt/airflow/dags/load_cb_courses.py took 0.527 seconds
[2026-02-28T09:38:52.842+0000] {processor.py:161} INFO - Started process (PID=304) to work on /opt/airflow/dags/load_cb_courses.py
[2026-02-28T09:38:52.843+0000] {processor.py:830} INFO - Processing file /opt/airflow/dags/load_cb_courses.py for tasks to queue
[2026-02-28T09:38:52.845+0000] {logging_mixin.py:188} INFO - [2026-02-28T09:38:52.844+0000] {dagbag.py:545} INFO - Filling up the DagBag from /opt/airflow/dags/load_cb_courses.py
[2026-02-28T09:38:53.251+0000] {processor.py:840} INFO - DAG(s) 'load_cb_courses' retrieved from /opt/airflow/dags/load_cb_courses.py
[2026-02-28T09:38:53.269+0000] {logging_mixin.py:188} INFO - [2026-02-28T09:38:53.268+0000] {dag.py:3089} INFO - Sync 1 DAGs
[2026-02-28T09:38:53.290+0000] {logging_mixin.py:188} INFO - [2026-02-28T09:38:53.290+0000] {dag.py:3947} INFO - Setting next_dagrun for load_cb_courses to 2026-02-28 00:00:00+00:00, run_after=2026-03-01 00:00:00+00:00
[2026-02-28T09:38:53.309+0000] {processor.py:183} INFO - Processing /opt/airflow/dags/load_cb_courses.py took 0.473 seconds
[2026-02-28T09:39:24.319+0000] {processor.py:161} INFO - Started process (PID=339) to work on /opt/airflow/dags/load_cb_courses.py
[2026-02-28T09:39:24.321+0000] {processor.py:830} INFO - Processing file /opt/airflow/dags/load_cb_courses.py for tasks to queue
[2026-02-28T09:39:24.334+0000] {logging_mixin.py:188} INFO - [2026-02-28T09:39:24.333+0000] {dagbag.py:545} INFO - Filling up the DagBag from /opt/airflow/dags/load_cb_courses.py
[2026-02-28T09:39:24.941+0000] {processor.py:840} INFO - DAG(s) 'load_cb_courses' retrieved from /opt/airflow/dags/load_cb_courses.py
[2026-02-28T09:39:24.967+0000] {logging_mixin.py:188} INFO - [2026-02-28T09:39:24.966+0000] {dag.py:3089} INFO - Sync 1 DAGs
[2026-02-28T09:39:24.992+0000] {logging_mixin.py:188} INFO - [2026-02-28T09:39:24.992+0000] {dag.py:3947} INFO - Setting next_dagrun for load_cb_courses to 2026-02-28 00:00:00+00:00, run_after=2026-03-01 00:00:00+00:00
[2026-02-28T09:39:25.027+0000] {processor.py:183} INFO - Processing /opt/airflow/dags/load_cb_courses.py took 0.720 seconds
[2026-02-28T09:39:55.326+0000] {processor.py:161} INFO - Started process (PID=372) to work on /opt/airflow/dags/load_cb_courses.py
[2026-02-28T09:39:55.327+0000] {processor.py:830} INFO - Processing file /opt/airflow/dags/load_cb_courses.py for tasks to queue
[2026-02-28T09:39:55.329+0000] {logging_mixin.py:188} INFO - [2026-02-28T09:39:55.329+0000] {dagbag.py:545} INFO - Filling up the DagBag from /opt/airflow/dags/load_cb_courses.py
[2026-02-28T09:39:55.756+0000] {processor.py:840} INFO - DAG(s) 'load_cb_courses' retrieved from /opt/airflow/dags/load_cb_courses.py
[2026-02-28T09:39:55.774+0000] {logging_mixin.py:188} INFO - [2026-02-28T09:39:55.774+0000] {dag.py:3089} INFO - Sync 1 DAGs
[2026-02-28T09:39:55.793+0000] {logging_mixin.py:188} INFO - [2026-02-28T09:39:55.793+0000] {dag.py:3947} INFO - Setting next_dagrun for load_cb_courses to 2026-02-28 00:00:00+00:00, run_after=2026-03-01 00:00:00+00:00
[2026-02-28T09:39:55.816+0000] {processor.py:183} INFO - Processing /opt/airflow/dags/load_cb_courses.py took 0.495 seconds
[2026-02-28T09:40:25.929+0000] {processor.py:161} INFO - Started process (PID=404) to work on /opt/airflow/dags/load_cb_courses.py
[2026-02-28T09:40:25.930+0000] {processor.py:830} INFO - Processing file /opt/airflow/dags/load_cb_courses.py for tasks to queue
[2026-02-28T09:40:25.932+0000] {logging_mixin.py:188} INFO - [2026-02-28T09:40:25.931+0000] {dagbag.py:545} INFO - Filling up the DagBag from /opt/airflow/dags/load_cb_courses.py
[2026-02-28T09:40:26.354+0000] {processor.py:840} INFO - DAG(s) 'load_cb_courses' retrieved from /opt/airflow/dags/load_cb_courses.py
[2026-02-28T09:40:26.373+0000] {logging_mixin.py:188} INFO - [2026-02-28T09:40:26.373+0000] {dag.py:3089} INFO - Sync 1 DAGs
[2026-02-28T09:40:26.391+0000] {logging_mixin.py:188} INFO - [2026-02-28T09:40:26.391+0000] {dag.py:3947} INFO - Setting next_dagrun for load_cb_courses to 2026-02-28 00:00:00+00:00, run_after=2026-03-01 00:00:00+00:00
[2026-02-28T09:40:26.421+0000] {processor.py:183} INFO - Processing /opt/airflow/dags/load_cb_courses.py took 0.498 seconds
[2026-02-28T09:40:56.608+0000] {processor.py:161} INFO - Started process (PID=443) to work on /opt/airflow/dags/load_cb_courses.py
[2026-02-28T09:40:56.609+0000] {processor.py:830} INFO - Processing file /opt/airflow/dags/load_cb_courses.py for tasks to queue
[2026-02-28T09:40:56.611+0000] {logging_mixin.py:188} INFO - [2026-02-28T09:40:56.611+0000] {dagbag.py:545} INFO - Filling up the DagBag from /opt/airflow/dags/load_cb_courses.py
[2026-02-28T09:40:57.075+0000] {processor.py:840} INFO - DAG(s) 'load_cb_courses' retrieved from /opt/airflow/dags/load_cb_courses.py
[2026-02-28T09:40:57.095+0000] {logging_mixin.py:188} INFO - [2026-02-28T09:40:57.095+0000] {dag.py:3089} INFO - Sync 1 DAGs
[2026-02-28T09:40:57.125+0000] {logging_mixin.py:188} INFO - [2026-02-28T09:40:57.124+0000] {dag.py:3947} INFO - Setting next_dagrun for load_cb_courses to 2026-02-28 00:00:00+00:00, run_after=2026-03-01 00:00:00+00:00
[2026-02-28T09:40:57.150+0000] {processor.py:183} INFO - Processing /opt/airflow/dags/load_cb_courses.py took 0.548 seconds
[2026-02-28T09:41:27.369+0000] {processor.py:161} INFO - Started process (PID=474) to work on /opt/airflow/dags/load_cb_courses.py
[2026-02-28T09:41:27.371+0000] {processor.py:830} INFO - Processing file /opt/airflow/dags/load_cb_courses.py for tasks to queue
[2026-02-28T09:41:27.373+0000] {logging_mixin.py:188} INFO - [2026-02-28T09:41:27.373+0000] {dagbag.py:545} INFO - Filling up the DagBag from /opt/airflow/dags/load_cb_courses.py
[2026-02-28T09:41:27.812+0000] {processor.py:840} INFO - DAG(s) 'load_cb_courses' retrieved from /opt/airflow/dags/load_cb_courses.py
[2026-02-28T09:41:27.831+0000] {logging_mixin.py:188} INFO - [2026-02-28T09:41:27.831+0000] {dag.py:3089} INFO - Sync 1 DAGs
[2026-02-28T09:41:27.850+0000] {logging_mixin.py:188} INFO - [2026-02-28T09:41:27.850+0000] {dag.py:3947} INFO - Setting next_dagrun for load_cb_courses to 2026-02-28 00:00:00+00:00, run_after=2026-03-01 00:00:00+00:00
[2026-02-28T09:41:27.873+0000] {processor.py:183} INFO - Processing /opt/airflow/dags/load_cb_courses.py took 0.510 seconds
[2026-02-28T09:41:58.257+0000] {processor.py:161} INFO - Started process (PID=505) to work on /opt/airflow/dags/load_cb_courses.py
[2026-02-28T09:41:58.258+0000] {processor.py:830} INFO - Processing file /opt/airflow/dags/load_cb_courses.py for tasks to queue
[2026-02-28T09:41:58.260+0000] {logging_mixin.py:188} INFO - [2026-02-28T09:41:58.260+0000] {dagbag.py:545} INFO - Filling up the DagBag from /opt/airflow/dags/load_cb_courses.py
[2026-02-28T09:41:58.832+0000] {processor.py:840} INFO - DAG(s) 'load_cb_courses' retrieved from /opt/airflow/dags/load_cb_courses.py
[2026-02-28T09:41:58.855+0000] {logging_mixin.py:188} INFO - [2026-02-28T09:41:58.854+0000] {dag.py:3089} INFO - Sync 1 DAGs
[2026-02-28T09:41:58.878+0000] {logging_mixin.py:188} INFO - [2026-02-28T09:41:58.878+0000] {dag.py:3947} INFO - Setting next_dagrun for load_cb_courses to 2026-02-28 00:00:00+00:00, run_after=2026-03-01 00:00:00+00:00
[2026-02-28T09:41:58.903+0000] {processor.py:183} INFO - Processing /opt/airflow/dags/load_cb_courses.py took 0.654 seconds
[2026-02-28T09:42:28.954+0000] {processor.py:161} INFO - Started process (PID=542) to work on /opt/airflow/dags/load_cb_courses.py
[2026-02-28T09:42:28.955+0000] {processor.py:830} INFO - Processing file /opt/airflow/dags/load_cb_courses.py for tasks to queue
[2026-02-28T09:42:28.957+0000] {logging_mixin.py:188} INFO - [2026-02-28T09:42:28.957+0000] {dagbag.py:545} INFO - Filling up the DagBag from /opt/airflow/dags/load_cb_courses.py
[2026-02-28T09:42:29.354+0000] {processor.py:840} INFO - DAG(s) 'load_cb_courses' retrieved from /opt/airflow/dags/load_cb_courses.py
[2026-02-28T09:42:29.373+0000] {logging_mixin.py:188} INFO - [2026-02-28T09:42:29.372+0000] {dag.py:3089} INFO - Sync 1 DAGs
[2026-02-28T09:42:29.397+0000] {logging_mixin.py:188} INFO - [2026-02-28T09:42:29.397+0000] {dag.py:3947} INFO - Setting next_dagrun for load_cb_courses to 2026-02-28 00:00:00+00:00, run_after=2026-03-01 00:00:00+00:00
[2026-02-28T09:42:29.418+0000] {processor.py:183} INFO - Processing /opt/airflow/dags/load_cb_courses.py took 0.469 seconds
[2026-02-28T09:42:59.533+0000] {processor.py:161} INFO - Started process (PID=573) to work on /opt/airflow/dags/load_cb_courses.py
[2026-02-28T09:42:59.534+0000] {processor.py:830} INFO - Processing file /opt/airflow/dags/load_cb_courses.py for tasks to queue
[2026-02-28T09:42:59.535+0000] {logging_mixin.py:188} INFO - [2026-02-28T09:42:59.535+0000] {dagbag.py:545} INFO - Filling up the DagBag from /opt/airflow/dags/load_cb_courses.py
[2026-02-28T09:42:59.953+0000] {processor.py:840} INFO - DAG(s) 'load_cb_courses' retrieved from /opt/airflow/dags/load_cb_courses.py
[2026-02-28T09:42:59.972+0000] {logging_mixin.py:188} INFO - [2026-02-28T09:42:59.972+0000] {dag.py:3089} INFO - Sync 1 DAGs
[2026-02-28T09:43:00.000+0000] {logging_mixin.py:188} INFO - [2026-02-28T09:43:00.000+0000] {dag.py:3947} INFO - Setting next_dagrun for load_cb_courses to 2026-02-28 00:00:00+00:00, run_after=2026-03-01 00:00:00+00:00
[2026-02-28T09:43:00.022+0000] {processor.py:183} INFO - Processing /opt/airflow/dags/load_cb_courses.py took 0.495 seconds
[2026-02-28T09:43:30.233+0000] {processor.py:161} INFO - Started process (PID=610) to work on /opt/airflow/dags/load_cb_courses.py
[2026-02-28T09:43:30.234+0000] {processor.py:830} INFO - Processing file /opt/airflow/dags/load_cb_courses.py for tasks to queue
[2026-02-28T09:43:30.236+0000] {logging_mixin.py:188} INFO - [2026-02-28T09:43:30.236+0000] {dagbag.py:545} INFO - Filling up the DagBag from /opt/airflow/dags/load_cb_courses.py
[2026-02-28T09:43:30.657+0000] {processor.py:840} INFO - DAG(s) 'load_cb_courses' retrieved from /opt/airflow/dags/load_cb_courses.py
[2026-02-28T09:43:30.677+0000] {logging_mixin.py:188} INFO - [2026-02-28T09:43:30.676+0000] {dag.py:3089} INFO - Sync 1 DAGs
[2026-02-28T09:43:30.696+0000] {logging_mixin.py:188} INFO - [2026-02-28T09:43:30.696+0000] {dag.py:3947} INFO - Setting next_dagrun for load_cb_courses to 2026-02-28 00:00:00+00:00, run_after=2026-03-01 00:00:00+00:00
[2026-02-28T09:43:30.717+0000] {processor.py:183} INFO - Processing /opt/airflow/dags/load_cb_courses.py took 0.489 seconds
[2026-02-28T09:44:00.792+0000] {processor.py:161} INFO - Started process (PID=640) to work on /opt/airflow/dags/load_cb_courses.py
[2026-02-28T09:44:00.793+0000] {processor.py:830} INFO - Processing file /opt/airflow/dags/load_cb_courses.py for tasks to queue
[2026-02-28T09:44:00.795+0000] {logging_mixin.py:188} INFO - [2026-02-28T09:44:00.795+0000] {dagbag.py:545} INFO - Filling up the DagBag from /opt/airflow/dags/load_cb_courses.py
[2026-02-28T09:44:01.336+0000] {processor.py:840} INFO - DAG(s) 'load_cb_courses' retrieved from /opt/airflow/dags/load_cb_courses.py
[2026-02-28T09:44:01.368+0000] {logging_mixin.py:188} INFO - [2026-02-28T09:44:01.367+0000] {dag.py:3089} INFO - Sync 1 DAGs
[2026-02-28T09:44:01.410+0000] {logging_mixin.py:188} INFO - [2026-02-28T09:44:01.409+0000] {dag.py:3947} INFO - Setting next_dagrun for load_cb_courses to 2026-02-28 00:00:00+00:00, run_after=2026-03-01 00:00:00+00:00
[2026-02-28T09:44:01.482+0000] {processor.py:183} INFO - Processing /opt/airflow/dags/load_cb_courses.py took 0.696 seconds
[2026-02-28T09:44:32.005+0000] {processor.py:161} INFO - Started process (PID=671) to work on /opt/airflow/dags/load_cb_courses.py
[2026-02-28T09:44:32.006+0000] {processor.py:830} INFO - Processing file /opt/airflow/dags/load_cb_courses.py for tasks to queue
[2026-02-28T09:44:32.009+0000] {logging_mixin.py:188} INFO - [2026-02-28T09:44:32.009+0000] {dagbag.py:545} INFO - Filling up the DagBag from /opt/airflow/dags/load_cb_courses.py
[2026-02-28T09:44:32.534+0000] {processor.py:840} INFO - DAG(s) 'load_cb_courses' retrieved from /opt/airflow/dags/load_cb_courses.py
[2026-02-28T09:44:32.559+0000] {logging_mixin.py:188} INFO - [2026-02-28T09:44:32.558+0000] {dag.py:3089} INFO - Sync 1 DAGs
[2026-02-28T09:44:32.583+0000] {logging_mixin.py:188} INFO - [2026-02-28T09:44:32.582+0000] {dag.py:3947} INFO - Setting next_dagrun for load_cb_courses to 2026-02-28 00:00:00+00:00, run_after=2026-03-01 00:00:00+00:00
[2026-02-28T09:44:32.613+0000] {processor.py:183} INFO - Processing /opt/airflow/dags/load_cb_courses.py took 0.615 seconds
[2026-02-28T09:45:03.151+0000] {processor.py:161} INFO - Started process (PID=709) to work on /opt/airflow/dags/load_cb_courses.py
[2026-02-28T09:45:03.152+0000] {processor.py:830} INFO - Processing file /opt/airflow/dags/load_cb_courses.py for tasks to queue
[2026-02-28T09:45:03.155+0000] {logging_mixin.py:188} INFO - [2026-02-28T09:45:03.155+0000] {dagbag.py:545} INFO - Filling up the DagBag from /opt/airflow/dags/load_cb_courses.py
[2026-02-28T09:45:03.612+0000] {processor.py:840} INFO - DAG(s) 'load_cb_courses' retrieved from /opt/airflow/dags/load_cb_courses.py
[2026-02-28T09:45:03.632+0000] {logging_mixin.py:188} INFO - [2026-02-28T09:45:03.631+0000] {dag.py:3089} INFO - Sync 1 DAGs
[2026-02-28T09:45:03.652+0000] {logging_mixin.py:188} INFO - [2026-02-28T09:45:03.651+0000] {dag.py:3947} INFO - Setting next_dagrun for load_cb_courses to 2026-02-28 00:00:00+00:00, run_after=2026-03-01 00:00:00+00:00
[2026-02-28T09:45:03.668+0000] {processor.py:183} INFO - Processing /opt/airflow/dags/load_cb_courses.py took 0.523 seconds
[2026-02-28T09:45:34.857+0000] {processor.py:161} INFO - Started process (PID=740) to work on /opt/airflow/dags/load_cb_courses.py
[2026-02-28T09:45:34.881+0000] {processor.py:830} INFO - Processing file /opt/airflow/dags/load_cb_courses.py for tasks to queue
[2026-02-28T09:45:34.897+0000] {logging_mixin.py:188} INFO - [2026-02-28T09:45:34.896+0000] {dagbag.py:545} INFO - Filling up the DagBag from /opt/airflow/dags/load_cb_courses.py
[2026-02-28T09:45:35.380+0000] {processor.py:840} INFO - DAG(s) 'load_cb_courses' retrieved from /opt/airflow/dags/load_cb_courses.py
[2026-02-28T09:45:35.400+0000] {logging_mixin.py:188} INFO - [2026-02-28T09:45:35.399+0000] {dag.py:3089} INFO - Sync 1 DAGs
[2026-02-28T09:45:35.418+0000] {logging_mixin.py:188} INFO - [2026-02-28T09:45:35.417+0000] {dag.py:3947} INFO - Setting next_dagrun for load_cb_courses to 2026-02-28 00:00:00+00:00, run_after=2026-03-01 00:00:00+00:00
[2026-02-28T09:45:35.439+0000] {processor.py:183} INFO - Processing /opt/airflow/dags/load_cb_courses.py took 0.588 seconds
[2026-02-28T09:46:05.948+0000] {processor.py:161} INFO - Started process (PID=769) to work on /opt/airflow/dags/load_cb_courses.py
[2026-02-28T09:46:05.951+0000] {processor.py:830} INFO - Processing file /opt/airflow/dags/load_cb_courses.py for tasks to queue
[2026-02-28T09:46:05.954+0000] {logging_mixin.py:188} INFO - [2026-02-28T09:46:05.953+0000] {dagbag.py:545} INFO - Filling up the DagBag from /opt/airflow/dags/load_cb_courses.py
[2026-02-28T09:46:06.513+0000] {processor.py:840} INFO - DAG(s) 'load_cb_courses' retrieved from /opt/airflow/dags/load_cb_courses.py
[2026-02-28T09:46:06.543+0000] {logging_mixin.py:188} INFO - [2026-02-28T09:46:06.542+0000] {dag.py:3089} INFO - Sync 1 DAGs
[2026-02-28T09:46:06.578+0000] {logging_mixin.py:188} INFO - [2026-02-28T09:46:06.578+0000] {dag.py:3947} INFO - Setting next_dagrun for load_cb_courses to 2026-02-28 00:00:00+00:00, run_after=2026-03-01 00:00:00+00:00
[2026-02-28T09:46:06.611+0000] {processor.py:183} INFO - Processing /opt/airflow/dags/load_cb_courses.py took 0.669 seconds
[2026-02-28T09:46:37.078+0000] {processor.py:161} INFO - Started process (PID=806) to work on /opt/airflow/dags/load_cb_courses.py
[2026-02-28T09:46:37.079+0000] {processor.py:830} INFO - Processing file /opt/airflow/dags/load_cb_courses.py for tasks to queue
[2026-02-28T09:46:37.081+0000] {logging_mixin.py:188} INFO - [2026-02-28T09:46:37.081+0000] {dagbag.py:545} INFO - Filling up the DagBag from /opt/airflow/dags/load_cb_courses.py
[2026-02-28T09:46:37.630+0000] {processor.py:840} INFO - DAG(s) 'load_cb_courses' retrieved from /opt/airflow/dags/load_cb_courses.py
[2026-02-28T09:46:37.651+0000] {logging_mixin.py:188} INFO - [2026-02-28T09:46:37.650+0000] {dag.py:3089} INFO - Sync 1 DAGs
[2026-02-28T09:46:37.669+0000] {logging_mixin.py:188} INFO - [2026-02-28T09:46:37.668+0000] {dag.py:3947} INFO - Setting next_dagrun for load_cb_courses to 2026-02-28 00:00:00+00:00, run_after=2026-03-01 00:00:00+00:00
[2026-02-28T09:46:37.690+0000] {processor.py:183} INFO - Processing /opt/airflow/dags/load_cb_courses.py took 0.618 seconds
[2026-02-28T09:47:08.528+0000] {processor.py:161} INFO - Started process (PID=837) to work on /opt/airflow/dags/load_cb_courses.py
[2026-02-28T09:47:08.533+0000] {processor.py:830} INFO - Processing file /opt/airflow/dags/load_cb_courses.py for tasks to queue
[2026-02-28T09:47:08.538+0000] {logging_mixin.py:188} INFO - [2026-02-28T09:47:08.537+0000] {dagbag.py:545} INFO - Filling up the DagBag from /opt/airflow/dags/load_cb_courses.py
[2026-02-28T09:47:09.167+0000] {processor.py:840} INFO - DAG(s) 'load_cb_courses' retrieved from /opt/airflow/dags/load_cb_courses.py
[2026-02-28T09:47:09.190+0000] {logging_mixin.py:188} INFO - [2026-02-28T09:47:09.190+0000] {dag.py:3089} INFO - Sync 1 DAGs
[2026-02-28T09:47:09.214+0000] {logging_mixin.py:188} INFO - [2026-02-28T09:47:09.214+0000] {dag.py:3947} INFO - Setting next_dagrun for load_cb_courses to 2026-02-28 00:00:00+00:00, run_after=2026-03-01 00:00:00+00:00
[2026-02-28T09:47:09.246+0000] {processor.py:183} INFO - Processing /opt/airflow/dags/load_cb_courses.py took 0.726 seconds
[2026-02-28T09:47:39.610+0000] {processor.py:161} INFO - Started process (PID=868) to work on /opt/airflow/dags/load_cb_courses.py
[2026-02-28T09:47:39.612+0000] {processor.py:830} INFO - Processing file /opt/airflow/dags/load_cb_courses.py for tasks to queue
[2026-02-28T09:47:39.614+0000] {logging_mixin.py:188} INFO - [2026-02-28T09:47:39.613+0000] {dagbag.py:545} INFO - Filling up the DagBag from /opt/airflow/dags/load_cb_courses.py
[2026-02-28T09:47:40.078+0000] {processor.py:840} INFO - DAG(s) 'load_cb_courses' retrieved from /opt/airflow/dags/load_cb_courses.py
[2026-02-28T09:47:40.101+0000] {logging_mixin.py:188} INFO - [2026-02-28T09:47:40.101+0000] {dag.py:3089} INFO - Sync 1 DAGs
[2026-02-28T09:47:40.123+0000] {logging_mixin.py:188} INFO - [2026-02-28T09:47:40.123+0000] {dag.py:3947} INFO - Setting next_dagrun for load_cb_courses to 2026-02-28 00:00:00+00:00, run_after=2026-03-01 00:00:00+00:00
[2026-02-28T09:47:40.149+0000] {processor.py:183} INFO - Processing /opt/airflow/dags/load_cb_courses.py took 0.544 seconds
[2026-02-28T09:48:10.351+0000] {processor.py:161} INFO - Started process (PID=907) to work on /opt/airflow/dags/load_cb_courses.py
[2026-02-28T09:48:10.352+0000] {processor.py:830} INFO - Processing file /opt/airflow/dags/load_cb_courses.py for tasks to queue
[2026-02-28T09:48:10.355+0000] {logging_mixin.py:188} INFO - [2026-02-28T09:48:10.355+0000] {dagbag.py:545} INFO - Filling up the DagBag from /opt/airflow/dags/load_cb_courses.py
[2026-02-28T09:48:10.816+0000] {processor.py:840} INFO - DAG(s) 'load_cb_courses' retrieved from /opt/airflow/dags/load_cb_courses.py
[2026-02-28T09:48:10.841+0000] {logging_mixin.py:188} INFO - [2026-02-28T09:48:10.841+0000] {dag.py:3089} INFO - Sync 1 DAGs
[2026-02-28T09:48:10.868+0000] {logging_mixin.py:188} INFO - [2026-02-28T09:48:10.868+0000] {dag.py:3947} INFO - Setting next_dagrun for load_cb_courses to 2026-02-28 00:00:00+00:00, run_after=2026-03-01 00:00:00+00:00
[2026-02-28T09:48:10.891+0000] {processor.py:183} INFO - Processing /opt/airflow/dags/load_cb_courses.py took 0.547 seconds
[2026-02-28T09:48:41.104+0000] {processor.py:161} INFO - Started process (PID=939) to work on /opt/airflow/dags/load_cb_courses.py
[2026-02-28T09:48:41.106+0000] {processor.py:830} INFO - Processing file /opt/airflow/dags/load_cb_courses.py for tasks to queue
[2026-02-28T09:48:41.108+0000] {logging_mixin.py:188} INFO - [2026-02-28T09:48:41.107+0000] {dagbag.py:545} INFO - Filling up the DagBag from /opt/airflow/dags/load_cb_courses.py
[2026-02-28T09:48:41.544+0000] {processor.py:840} INFO - DAG(s) 'load_cb_courses' retrieved from /opt/airflow/dags/load_cb_courses.py
[2026-02-28T09:48:41.563+0000] {logging_mixin.py:188} INFO - [2026-02-28T09:48:41.562+0000] {dag.py:3089} INFO - Sync 1 DAGs
[2026-02-28T09:48:41.581+0000] {logging_mixin.py:188} INFO - [2026-02-28T09:48:41.581+0000] {dag.py:3947} INFO - Setting next_dagrun for load_cb_courses to 2026-02-28 00:00:00+00:00, run_after=2026-03-01 00:00:00+00:00
[2026-02-28T09:48:41.601+0000] {processor.py:183} INFO - Processing /opt/airflow/dags/load_cb_courses.py took 0.503 seconds
[2026-02-28T09:49:11.849+0000] {processor.py:161} INFO - Started process (PID=970) to work on /opt/airflow/dags/load_cb_courses.py
[2026-02-28T09:49:11.850+0000] {processor.py:830} INFO - Processing file /opt/airflow/dags/load_cb_courses.py for tasks to queue
[2026-02-28T09:49:11.852+0000] {logging_mixin.py:188} INFO - [2026-02-28T09:49:11.852+0000] {dagbag.py:545} INFO - Filling up the DagBag from /opt/airflow/dags/load_cb_courses.py
[2026-02-28T09:49:12.316+0000] {processor.py:840} INFO - DAG(s) 'load_cb_courses' retrieved from /opt/airflow/dags/load_cb_courses.py
[2026-02-28T09:49:12.339+0000] {logging_mixin.py:188} INFO - [2026-02-28T09:49:12.339+0000] {dag.py:3089} INFO - Sync 1 DAGs
[2026-02-28T09:49:12.362+0000] {logging_mixin.py:188} INFO - [2026-02-28T09:49:12.362+0000] {dag.py:3947} INFO - Setting next_dagrun for load_cb_courses to 2026-02-28 00:00:00+00:00, run_after=2026-03-01 00:00:00+00:00
[2026-02-28T09:49:12.383+0000] {processor.py:183} INFO - Processing /opt/airflow/dags/load_cb_courses.py took 0.541 seconds
[2026-02-28T09:49:42.723+0000] {processor.py:161} INFO - Started process (PID=1005) to work on /opt/airflow/dags/load_cb_courses.py
[2026-02-28T09:49:42.729+0000] {processor.py:830} INFO - Processing file /opt/airflow/dags/load_cb_courses.py for tasks to queue
[2026-02-28T09:49:42.734+0000] {logging_mixin.py:188} INFO - [2026-02-28T09:49:42.734+0000] {dagbag.py:545} INFO - Filling up the DagBag from /opt/airflow/dags/load_cb_courses.py
[2026-02-28T09:49:43.249+0000] {processor.py:840} INFO - DAG(s) 'load_cb_courses' retrieved from /opt/airflow/dags/load_cb_courses.py
[2026-02-28T09:49:43.278+0000] {logging_mixin.py:188} INFO - [2026-02-28T09:49:43.277+0000] {dag.py:3089} INFO - Sync 1 DAGs
[2026-02-28T09:49:43.301+0000] {logging_mixin.py:188} INFO - [2026-02-28T09:49:43.300+0000] {dag.py:3947} INFO - Setting next_dagrun for load_cb_courses to 2026-02-28 00:00:00+00:00, run_after=2026-03-01 00:00:00+00:00
[2026-02-28T09:49:43.328+0000] {processor.py:183} INFO - Processing /opt/airflow/dags/load_cb_courses.py took 0.613 seconds
[2026-02-28T09:50:13.525+0000] {processor.py:161} INFO - Started process (PID=1036) to work on /opt/airflow/dags/load_cb_courses.py
[2026-02-28T09:50:13.526+0000] {processor.py:830} INFO - Processing file /opt/airflow/dags/load_cb_courses.py for tasks to queue
[2026-02-28T09:50:13.529+0000] {logging_mixin.py:188} INFO - [2026-02-28T09:50:13.528+0000] {dagbag.py:545} INFO - Filling up the DagBag from /opt/airflow/dags/load_cb_courses.py
[2026-02-28T09:50:14.055+0000] {processor.py:840} INFO - DAG(s) 'load_cb_courses' retrieved from /opt/airflow/dags/load_cb_courses.py
[2026-02-28T09:50:14.178+0000] {logging_mixin.py:188} INFO - [2026-02-28T09:50:14.177+0000] {dag.py:3089} INFO - Sync 1 DAGs
[2026-02-28T09:50:14.240+0000] {logging_mixin.py:188} INFO - [2026-02-28T09:50:14.233+0000] {dag.py:3947} INFO - Setting next_dagrun for load_cb_courses to 2026-02-28 00:00:00+00:00, run_after=2026-03-01 00:00:00+00:00
[2026-02-28T09:50:14.318+0000] {processor.py:183} INFO - Processing /opt/airflow/dags/load_cb_courses.py took 0.802 seconds
[2026-02-28T09:50:44.743+0000] {processor.py:161} INFO - Started process (PID=1067) to work on /opt/airflow/dags/load_cb_courses.py
[2026-02-28T09:50:44.744+0000] {processor.py:830} INFO - Processing file /opt/airflow/dags/load_cb_courses.py for tasks to queue
[2026-02-28T09:50:44.747+0000] {logging_mixin.py:188} INFO - [2026-02-28T09:50:44.746+0000] {dagbag.py:545} INFO - Filling up the DagBag from /opt/airflow/dags/load_cb_courses.py
[2026-02-28T09:50:45.168+0000] {processor.py:840} INFO - DAG(s) 'load_cb_courses' retrieved from /opt/airflow/dags/load_cb_courses.py
[2026-02-28T09:50:45.190+0000] {logging_mixin.py:188} INFO - [2026-02-28T09:50:45.190+0000] {dag.py:3089} INFO - Sync 1 DAGs
[2026-02-28T09:50:45.213+0000] {logging_mixin.py:188} INFO - [2026-02-28T09:50:45.212+0000] {dag.py:3947} INFO - Setting next_dagrun for load_cb_courses to 2026-02-28 00:00:00+00:00, run_after=2026-03-01 00:00:00+00:00
[2026-02-28T09:50:45.231+0000] {processor.py:183} INFO - Processing /opt/airflow/dags/load_cb_courses.py took 0.493 seconds
[2026-02-28T09:51:15.476+0000] {processor.py:161} INFO - Started process (PID=1106) to work on /opt/airflow/dags/load_cb_courses.py
[2026-02-28T09:51:15.478+0000] {processor.py:830} INFO - Processing file /opt/airflow/dags/load_cb_courses.py for tasks to queue
[2026-02-28T09:51:15.480+0000] {logging_mixin.py:188} INFO - [2026-02-28T09:51:15.480+0000] {dagbag.py:545} INFO - Filling up the DagBag from /opt/airflow/dags/load_cb_courses.py
[2026-02-28T09:51:16.111+0000] {processor.py:840} INFO - DAG(s) 'load_cb_courses' retrieved from /opt/airflow/dags/load_cb_courses.py
[2026-02-28T09:51:16.131+0000] {logging_mixin.py:188} INFO - [2026-02-28T09:51:16.130+0000] {dag.py:3089} INFO - Sync 1 DAGs
[2026-02-28T09:51:16.149+0000] {logging_mixin.py:188} INFO - [2026-02-28T09:51:16.149+0000] {dag.py:3947} INFO - Setting next_dagrun for load_cb_courses to 2026-02-28 00:00:00+00:00, run_after=2026-03-01 00:00:00+00:00
[2026-02-28T09:51:16.170+0000] {processor.py:183} INFO - Processing /opt/airflow/dags/load_cb_courses.py took 0.702 seconds
[2026-02-28T09:51:46.609+0000] {processor.py:161} INFO - Started process (PID=1137) to work on /opt/airflow/dags/load_cb_courses.py
[2026-02-28T09:51:46.611+0000] {processor.py:830} INFO - Processing file /opt/airflow/dags/load_cb_courses.py for tasks to queue
[2026-02-28T09:51:46.615+0000] {logging_mixin.py:188} INFO - [2026-02-28T09:51:46.615+0000] {dagbag.py:545} INFO - Filling up the DagBag from /opt/airflow/dags/load_cb_courses.py
[2026-02-28T09:51:47.098+0000] {processor.py:840} INFO - DAG(s) 'load_cb_courses' retrieved from /opt/airflow/dags/load_cb_courses.py
[2026-02-28T09:51:47.125+0000] {logging_mixin.py:188} INFO - [2026-02-28T09:51:47.125+0000] {dag.py:3089} INFO - Sync 1 DAGs
[2026-02-28T09:51:47.147+0000] {logging_mixin.py:188} INFO - [2026-02-28T09:51:47.147+0000] {dag.py:3947} INFO - Setting next_dagrun for load_cb_courses to 2026-02-28 00:00:00+00:00, run_after=2026-03-01 00:00:00+00:00
[2026-02-28T09:51:47.170+0000] {processor.py:183} INFO - Processing /opt/airflow/dags/load_cb_courses.py took 0.569 seconds
[2026-02-28T09:52:17.673+0000] {processor.py:161} INFO - Started process (PID=1174) to work on /opt/airflow/dags/load_cb_courses.py
[2026-02-28T09:52:17.674+0000] {processor.py:830} INFO - Processing file /opt/airflow/dags/load_cb_courses.py for tasks to queue
[2026-02-28T09:52:17.677+0000] {logging_mixin.py:188} INFO - [2026-02-28T09:52:17.676+0000] {dagbag.py:545} INFO - Filling up the DagBag from /opt/airflow/dags/load_cb_courses.py
[2026-02-28T09:52:18.115+0000] {processor.py:840} INFO - DAG(s) 'load_cb_courses' retrieved from /opt/airflow/dags/load_cb_courses.py
[2026-02-28T09:52:18.138+0000] {logging_mixin.py:188} INFO - [2026-02-28T09:52:18.138+0000] {dag.py:3089} INFO - Sync 1 DAGs
[2026-02-28T09:52:18.158+0000] {logging_mixin.py:188} INFO - [2026-02-28T09:52:18.158+0000] {dag.py:3947} INFO - Setting next_dagrun for load_cb_courses to 2026-02-28 00:00:00+00:00, run_after=2026-03-01 00:00:00+00:00
[2026-02-28T09:52:18.183+0000] {processor.py:183} INFO - Processing /opt/airflow/dags/load_cb_courses.py took 0.515 seconds
[2026-02-28T09:52:48.342+0000] {processor.py:161} INFO - Started process (PID=1205) to work on /opt/airflow/dags/load_cb_courses.py
[2026-02-28T09:52:48.343+0000] {processor.py:830} INFO - Processing file /opt/airflow/dags/load_cb_courses.py for tasks to queue
[2026-02-28T09:52:48.345+0000] {logging_mixin.py:188} INFO - [2026-02-28T09:52:48.345+0000] {dagbag.py:545} INFO - Filling up the DagBag from /opt/airflow/dags/load_cb_courses.py
[2026-02-28T09:52:48.865+0000] {processor.py:840} INFO - DAG(s) 'load_cb_courses' retrieved from /opt/airflow/dags/load_cb_courses.py
[2026-02-28T09:52:48.890+0000] {logging_mixin.py:188} INFO - [2026-02-28T09:52:48.889+0000] {dag.py:3089} INFO - Sync 1 DAGs
[2026-02-28T09:52:48.913+0000] {logging_mixin.py:188} INFO - [2026-02-28T09:52:48.912+0000] {dag.py:3947} INFO - Setting next_dagrun for load_cb_courses to 2026-02-28 00:00:00+00:00, run_after=2026-03-01 00:00:00+00:00
[2026-02-28T09:52:48.938+0000] {processor.py:183} INFO - Processing /opt/airflow/dags/load_cb_courses.py took 0.603 seconds
[2026-02-28T09:53:19.566+0000] {processor.py:161} INFO - Started process (PID=1237) to work on /opt/airflow/dags/load_cb_courses.py
[2026-02-28T09:53:19.568+0000] {processor.py:830} INFO - Processing file /opt/airflow/dags/load_cb_courses.py for tasks to queue
[2026-02-28T09:53:19.570+0000] {logging_mixin.py:188} INFO - [2026-02-28T09:53:19.570+0000] {dagbag.py:545} INFO - Filling up the DagBag from /opt/airflow/dags/load_cb_courses.py
[2026-02-28T09:53:20.055+0000] {processor.py:840} INFO - DAG(s) 'load_cb_courses' retrieved from /opt/airflow/dags/load_cb_courses.py
[2026-02-28T09:53:20.075+0000] {logging_mixin.py:188} INFO - [2026-02-28T09:53:20.075+0000] {dag.py:3089} INFO - Sync 1 DAGs
[2026-02-28T09:53:20.095+0000] {logging_mixin.py:188} INFO - [2026-02-28T09:53:20.095+0000] {dag.py:3947} INFO - Setting next_dagrun for load_cb_courses to 2026-02-28 00:00:00+00:00, run_after=2026-03-01 00:00:00+00:00
[2026-02-28T09:53:20.123+0000] {processor.py:183} INFO - Processing /opt/airflow/dags/load_cb_courses.py took 0.563 seconds
[2026-02-28T09:53:50.293+0000] {processor.py:161} INFO - Started process (PID=1275) to work on /opt/airflow/dags/load_cb_courses.py
[2026-02-28T09:53:50.294+0000] {processor.py:830} INFO - Processing file /opt/airflow/dags/load_cb_courses.py for tasks to queue
[2026-02-28T09:53:50.296+0000] {logging_mixin.py:188} INFO - [2026-02-28T09:53:50.295+0000] {dagbag.py:545} INFO - Filling up the DagBag from /opt/airflow/dags/load_cb_courses.py
[2026-02-28T09:53:50.852+0000] {processor.py:840} INFO - DAG(s) 'load_cb_courses' retrieved from /opt/airflow/dags/load_cb_courses.py
[2026-02-28T09:53:50.872+0000] {logging_mixin.py:188} INFO - [2026-02-28T09:53:50.872+0000] {dag.py:3089} INFO - Sync 1 DAGs
[2026-02-28T09:53:50.898+0000] {logging_mixin.py:188} INFO - [2026-02-28T09:53:50.897+0000] {dag.py:3947} INFO - Setting next_dagrun for load_cb_courses to 2026-02-28 00:00:00+00:00, run_after=2026-03-01 00:00:00+00:00
[2026-02-28T09:53:50.923+0000] {processor.py:183} INFO - Processing /opt/airflow/dags/load_cb_courses.py took 0.637 seconds
[2026-02-28T09:54:21.492+0000] {processor.py:161} INFO - Started process (PID=1306) to work on /opt/airflow/dags/load_cb_courses.py
[2026-02-28T09:54:21.493+0000] {processor.py:830} INFO - Processing file /opt/airflow/dags/load_cb_courses.py for tasks to queue
[2026-02-28T09:54:21.495+0000] {logging_mixin.py:188} INFO - [2026-02-28T09:54:21.495+0000] {dagbag.py:545} INFO - Filling up the DagBag from /opt/airflow/dags/load_cb_courses.py
[2026-02-28T09:54:21.993+0000] {processor.py:840} INFO - DAG(s) 'load_cb_courses' retrieved from /opt/airflow/dags/load_cb_courses.py
[2026-02-28T09:54:22.024+0000] {logging_mixin.py:188} INFO - [2026-02-28T09:54:22.024+0000] {dag.py:3089} INFO - Sync 1 DAGs
[2026-02-28T09:54:22.050+0000] {logging_mixin.py:188} INFO - [2026-02-28T09:54:22.049+0000] {dag.py:3947} INFO - Setting next_dagrun for load_cb_courses to 2026-02-28 00:00:00+00:00, run_after=2026-03-01 00:00:00+00:00
[2026-02-28T09:54:22.075+0000] {processor.py:183} INFO - Processing /opt/airflow/dags/load_cb_courses.py took 0.590 seconds
[2026-02-28T09:54:52.574+0000] {processor.py:161} INFO - Started process (PID=1338) to work on /opt/airflow/dags/load_cb_courses.py
[2026-02-28T09:54:52.576+0000] {processor.py:830} INFO - Processing file /opt/airflow/dags/load_cb_courses.py for tasks to queue
[2026-02-28T09:54:52.579+0000] {logging_mixin.py:188} INFO - [2026-02-28T09:54:52.578+0000] {dagbag.py:545} INFO - Filling up the DagBag from /opt/airflow/dags/load_cb_courses.py
[2026-02-28T09:54:53.164+0000] {processor.py:840} INFO - DAG(s) 'load_cb_courses' retrieved from /opt/airflow/dags/load_cb_courses.py
[2026-02-28T09:54:53.220+0000] {logging_mixin.py:188} INFO - [2026-02-28T09:54:53.219+0000] {dag.py:3089} INFO - Sync 1 DAGs
[2026-02-28T09:54:53.251+0000] {logging_mixin.py:188} INFO - [2026-02-28T09:54:53.250+0000] {dag.py:3947} INFO - Setting next_dagrun for load_cb_courses to 2026-02-28 00:00:00+00:00, run_after=2026-03-01 00:00:00+00:00
[2026-02-28T09:54:53.276+0000] {processor.py:183} INFO - Processing /opt/airflow/dags/load_cb_courses.py took 0.709 seconds
[2026-02-28T09:55:23.865+0000] {processor.py:161} INFO - Started process (PID=1376) to work on /opt/airflow/dags/load_cb_courses.py
[2026-02-28T09:55:23.866+0000] {processor.py:830} INFO - Processing file /opt/airflow/dags/load_cb_courses.py for tasks to queue
[2026-02-28T09:55:23.869+0000] {logging_mixin.py:188} INFO - [2026-02-28T09:55:23.869+0000] {dagbag.py:545} INFO - Filling up the DagBag from /opt/airflow/dags/load_cb_courses.py
[2026-02-28T09:55:24.371+0000] {processor.py:840} INFO - DAG(s) 'load_cb_courses' retrieved from /opt/airflow/dags/load_cb_courses.py
[2026-02-28T09:55:24.396+0000] {logging_mixin.py:188} INFO - [2026-02-28T09:55:24.395+0000] {dag.py:3089} INFO - Sync 1 DAGs
[2026-02-28T09:55:24.422+0000] {logging_mixin.py:188} INFO - [2026-02-28T09:55:24.421+0000] {dag.py:3947} INFO - Setting next_dagrun for load_cb_courses to 2026-02-28 00:00:00+00:00, run_after=2026-03-01 00:00:00+00:00
[2026-02-28T09:55:24.455+0000] {processor.py:183} INFO - Processing /opt/airflow/dags/load_cb_courses.py took 0.597 seconds
[2026-02-28T09:55:55.286+0000] {processor.py:161} INFO - Started process (PID=1407) to work on /opt/airflow/dags/load_cb_courses.py
[2026-02-28T09:55:55.287+0000] {processor.py:830} INFO - Processing file /opt/airflow/dags/load_cb_courses.py for tasks to queue
[2026-02-28T09:55:55.289+0000] {logging_mixin.py:188} INFO - [2026-02-28T09:55:55.289+0000] {dagbag.py:545} INFO - Filling up the DagBag from /opt/airflow/dags/load_cb_courses.py
[2026-02-28T09:55:55.753+0000] {processor.py:840} INFO - DAG(s) 'load_cb_courses' retrieved from /opt/airflow/dags/load_cb_courses.py
[2026-02-28T09:55:55.779+0000] {logging_mixin.py:188} INFO - [2026-02-28T09:55:55.779+0000] {dag.py:3089} INFO - Sync 1 DAGs
[2026-02-28T09:55:55.805+0000] {logging_mixin.py:188} INFO - [2026-02-28T09:55:55.805+0000] {dag.py:3947} INFO - Setting next_dagrun for load_cb_courses to 2026-02-28 00:00:00+00:00, run_after=2026-03-01 00:00:00+00:00
[2026-02-28T09:55:55.833+0000] {processor.py:183} INFO - Processing /opt/airflow/dags/load_cb_courses.py took 0.554 seconds
[2026-02-28T09:56:26.376+0000] {processor.py:161} INFO - Started process (PID=1438) to work on /opt/airflow/dags/load_cb_courses.py
[2026-02-28T09:56:26.377+0000] {processor.py:830} INFO - Processing file /opt/airflow/dags/load_cb_courses.py for tasks to queue
[2026-02-28T09:56:26.379+0000] {logging_mixin.py:188} INFO - [2026-02-28T09:56:26.379+0000] {dagbag.py:545} INFO - Filling up the DagBag from /opt/airflow/dags/load_cb_courses.py
[2026-02-28T09:56:26.865+0000] {processor.py:840} INFO - DAG(s) 'load_cb_courses' retrieved from /opt/airflow/dags/load_cb_courses.py
[2026-02-28T09:56:26.894+0000] {logging_mixin.py:188} INFO - [2026-02-28T09:56:26.893+0000] {dag.py:3089} INFO - Sync 1 DAGs
[2026-02-28T09:56:26.914+0000] {logging_mixin.py:188} INFO - [2026-02-28T09:56:26.914+0000] {dag.py:3947} INFO - Setting next_dagrun for load_cb_courses to 2026-02-28 00:00:00+00:00, run_after=2026-03-01 00:00:00+00:00
[2026-02-28T09:56:26.939+0000] {processor.py:183} INFO - Processing /opt/airflow/dags/load_cb_courses.py took 0.569 seconds
[2026-02-28T09:56:57.849+0000] {processor.py:161} INFO - Started process (PID=1478) to work on /opt/airflow/dags/load_cb_courses.py
[2026-02-28T09:56:57.851+0000] {processor.py:830} INFO - Processing file /opt/airflow/dags/load_cb_courses.py for tasks to queue
[2026-02-28T09:56:57.853+0000] {logging_mixin.py:188} INFO - [2026-02-28T09:56:57.853+0000] {dagbag.py:545} INFO - Filling up the DagBag from /opt/airflow/dags/load_cb_courses.py
[2026-02-28T09:56:58.413+0000] {processor.py:840} INFO - DAG(s) 'load_cb_courses' retrieved from /opt/airflow/dags/load_cb_courses.py
[2026-02-28T09:56:58.437+0000] {logging_mixin.py:188} INFO - [2026-02-28T09:56:58.436+0000] {dag.py:3089} INFO - Sync 1 DAGs
[2026-02-28T09:56:58.466+0000] {logging_mixin.py:188} INFO - [2026-02-28T09:56:58.465+0000] {dag.py:3947} INFO - Setting next_dagrun for load_cb_courses to 2026-02-28 00:00:00+00:00, run_after=2026-03-01 00:00:00+00:00
[2026-02-28T09:56:58.494+0000] {processor.py:183} INFO - Processing /opt/airflow/dags/load_cb_courses.py took 0.652 seconds
[2026-02-28T09:57:28.756+0000] {processor.py:161} INFO - Started process (PID=1509) to work on /opt/airflow/dags/load_cb_courses.py
[2026-02-28T09:57:28.757+0000] {processor.py:830} INFO - Processing file /opt/airflow/dags/load_cb_courses.py for tasks to queue
[2026-02-28T09:57:28.759+0000] {logging_mixin.py:188} INFO - [2026-02-28T09:57:28.758+0000] {dagbag.py:545} INFO - Filling up the DagBag from /opt/airflow/dags/load_cb_courses.py
[2026-02-28T09:57:29.166+0000] {processor.py:840} INFO - DAG(s) 'load_cb_courses' retrieved from /opt/airflow/dags/load_cb_courses.py
[2026-02-28T09:57:29.185+0000] {logging_mixin.py:188} INFO - [2026-02-28T09:57:29.184+0000] {dag.py:3089} INFO - Sync 1 DAGs
[2026-02-28T09:57:29.202+0000] {logging_mixin.py:188} INFO - [2026-02-28T09:57:29.202+0000] {dag.py:3947} INFO - Setting next_dagrun for load_cb_courses to 2026-02-28 00:00:00+00:00, run_after=2026-03-01 00:00:00+00:00
[2026-02-28T09:57:29.224+0000] {processor.py:183} INFO - Processing /opt/airflow/dags/load_cb_courses.py took 0.474 seconds
[2026-02-28T09:58:00.712+0000] {processor.py:161} INFO - Started process (PID=1614) to work on /opt/airflow/dags/load_cb_courses.py
[2026-02-28T09:58:00.725+0000] {processor.py:830} INFO - Processing file /opt/airflow/dags/load_cb_courses.py for tasks to queue
[2026-02-28T09:58:00.740+0000] {logging_mixin.py:188} INFO - [2026-02-28T09:58:00.739+0000] {dagbag.py:545} INFO - Filling up the DagBag from /opt/airflow/dags/load_cb_courses.py
[2026-02-28T09:58:01.536+0000] {processor.py:840} INFO - DAG(s) 'load_cb_courses' retrieved from /opt/airflow/dags/load_cb_courses.py
[2026-02-28T09:58:01.559+0000] {logging_mixin.py:188} INFO - [2026-02-28T09:58:01.558+0000] {dag.py:3089} INFO - Sync 1 DAGs
[2026-02-28T09:58:01.581+0000] {logging_mixin.py:188} INFO - [2026-02-28T09:58:01.581+0000] {dag.py:3947} INFO - Setting next_dagrun for load_cb_courses to 2026-02-28 00:00:00+00:00, run_after=2026-03-01 00:00:00+00:00
[2026-02-28T09:58:01.606+0000] {processor.py:183} INFO - Processing /opt/airflow/dags/load_cb_courses.py took 0.900 seconds
[2026-02-28T09:58:31.743+0000] {processor.py:161} INFO - Started process (PID=1654) to work on /opt/airflow/dags/load_cb_courses.py
[2026-02-28T09:58:31.745+0000] {processor.py:830} INFO - Processing file /opt/airflow/dags/load_cb_courses.py for tasks to queue
[2026-02-28T09:58:31.748+0000] {logging_mixin.py:188} INFO - [2026-02-28T09:58:31.747+0000] {dagbag.py:545} INFO - Filling up the DagBag from /opt/airflow/dags/load_cb_courses.py
[2026-02-28T09:58:32.176+0000] {processor.py:840} INFO - DAG(s) 'load_cb_courses' retrieved from /opt/airflow/dags/load_cb_courses.py
[2026-02-28T09:58:32.195+0000] {logging_mixin.py:188} INFO - [2026-02-28T09:58:32.194+0000] {dag.py:3089} INFO - Sync 1 DAGs
[2026-02-28T09:58:32.213+0000] {logging_mixin.py:188} INFO - [2026-02-28T09:58:32.212+0000] {dag.py:3947} INFO - Setting next_dagrun for load_cb_courses to 2026-02-28 00:00:00+00:00, run_after=2026-03-01 00:00:00+00:00
[2026-02-28T09:58:32.233+0000] {processor.py:183} INFO - Processing /opt/airflow/dags/load_cb_courses.py took 0.496 seconds
[2026-02-28T09:59:02.279+0000] {processor.py:161} INFO - Started process (PID=1684) to work on /opt/airflow/dags/load_cb_courses.py
[2026-02-28T09:59:02.280+0000] {processor.py:830} INFO - Processing file /opt/airflow/dags/load_cb_courses.py for tasks to queue
[2026-02-28T09:59:02.282+0000] {logging_mixin.py:188} INFO - [2026-02-28T09:59:02.282+0000] {dagbag.py:545} INFO - Filling up the DagBag from /opt/airflow/dags/load_cb_courses.py
[2026-02-28T09:59:02.696+0000] {processor.py:840} INFO - DAG(s) 'load_cb_courses' retrieved from /opt/airflow/dags/load_cb_courses.py
[2026-02-28T09:59:02.714+0000] {logging_mixin.py:188} INFO - [2026-02-28T09:59:02.714+0000] {dag.py:3089} INFO - Sync 1 DAGs
[2026-02-28T09:59:02.732+0000] {logging_mixin.py:188} INFO - [2026-02-28T09:59:02.731+0000] {dag.py:3947} INFO - Setting next_dagrun for load_cb_courses to 2026-02-28 00:00:00+00:00, run_after=2026-03-01 00:00:00+00:00
[2026-02-28T09:59:02.751+0000] {processor.py:183} INFO - Processing /opt/airflow/dags/load_cb_courses.py took 0.478 seconds
[2026-02-28T09:59:33.048+0000] {processor.py:161} INFO - Started process (PID=1715) to work on /opt/airflow/dags/load_cb_courses.py
[2026-02-28T09:59:33.049+0000] {processor.py:830} INFO - Processing file /opt/airflow/dags/load_cb_courses.py for tasks to queue
[2026-02-28T09:59:33.052+0000] {logging_mixin.py:188} INFO - [2026-02-28T09:59:33.051+0000] {dagbag.py:545} INFO - Filling up the DagBag from /opt/airflow/dags/load_cb_courses.py
[2026-02-28T09:59:33.520+0000] {processor.py:840} INFO - DAG(s) 'load_cb_courses' retrieved from /opt/airflow/dags/load_cb_courses.py
[2026-02-28T09:59:33.545+0000] {logging_mixin.py:188} INFO - [2026-02-28T09:59:33.545+0000] {dag.py:3089} INFO - Sync 1 DAGs
[2026-02-28T09:59:33.580+0000] {logging_mixin.py:188} INFO - [2026-02-28T09:59:33.579+0000] {dag.py:3947} INFO - Setting next_dagrun for load_cb_courses to 2026-02-28 00:00:00+00:00, run_after=2026-03-01 00:00:00+00:00
[2026-02-28T09:59:33.607+0000] {processor.py:183} INFO - Processing /opt/airflow/dags/load_cb_courses.py took 0.566 seconds
[2026-02-28T10:00:03.926+0000] {processor.py:161} INFO - Started process (PID=1753) to work on /opt/airflow/dags/load_cb_courses.py
[2026-02-28T10:00:03.927+0000] {processor.py:830} INFO - Processing file /opt/airflow/dags/load_cb_courses.py for tasks to queue
[2026-02-28T10:00:03.929+0000] {logging_mixin.py:188} INFO - [2026-02-28T10:00:03.929+0000] {dagbag.py:545} INFO - Filling up the DagBag from /opt/airflow/dags/load_cb_courses.py
[2026-02-28T10:00:04.418+0000] {processor.py:840} INFO - DAG(s) 'load_cb_courses' retrieved from /opt/airflow/dags/load_cb_courses.py
[2026-02-28T10:00:04.438+0000] {logging_mixin.py:188} INFO - [2026-02-28T10:00:04.438+0000] {dag.py:3089} INFO - Sync 1 DAGs
[2026-02-28T10:00:04.459+0000] {logging_mixin.py:188} INFO - [2026-02-28T10:00:04.458+0000] {dag.py:3947} INFO - Setting next_dagrun for load_cb_courses to 2026-02-28 00:00:00+00:00, run_after=2026-03-01 00:00:00+00:00
[2026-02-28T10:00:04.481+0000] {processor.py:183} INFO - Processing /opt/airflow/dags/load_cb_courses.py took 0.562 seconds
[2026-02-28T10:00:34.763+0000] {processor.py:161} INFO - Started process (PID=1784) to work on /opt/airflow/dags/load_cb_courses.py
[2026-02-28T10:00:34.764+0000] {processor.py:830} INFO - Processing file /opt/airflow/dags/load_cb_courses.py for tasks to queue
[2026-02-28T10:00:34.767+0000] {logging_mixin.py:188} INFO - [2026-02-28T10:00:34.767+0000] {dagbag.py:545} INFO - Filling up the DagBag from /opt/airflow/dags/load_cb_courses.py
[2026-02-28T10:00:35.327+0000] {processor.py:840} INFO - DAG(s) 'load_cb_courses' retrieved from /opt/airflow/dags/load_cb_courses.py
[2026-02-28T10:00:35.349+0000] {logging_mixin.py:188} INFO - [2026-02-28T10:00:35.348+0000] {dag.py:3089} INFO - Sync 1 DAGs
[2026-02-28T10:00:35.371+0000] {logging_mixin.py:188} INFO - [2026-02-28T10:00:35.371+0000] {dag.py:3947} INFO - Setting next_dagrun for load_cb_courses to 2026-02-28 00:00:00+00:00, run_after=2026-03-01 00:00:00+00:00
[2026-02-28T10:00:35.394+0000] {processor.py:183} INFO - Processing /opt/airflow/dags/load_cb_courses.py took 0.638 seconds
[2026-02-28T10:01:05.998+0000] {processor.py:161} INFO - Started process (PID=1905) to work on /opt/airflow/dags/load_cb_courses.py
[2026-02-28T10:01:06.001+0000] {processor.py:830} INFO - Processing file /opt/airflow/dags/load_cb_courses.py for tasks to queue
[2026-02-28T10:01:06.003+0000] {logging_mixin.py:188} INFO - [2026-02-28T10:01:06.003+0000] {dagbag.py:545} INFO - Filling up the DagBag from /opt/airflow/dags/load_cb_courses.py
[2026-02-28T10:01:06.552+0000] {processor.py:840} INFO - DAG(s) 'load_cb_courses' retrieved from /opt/airflow/dags/load_cb_courses.py
[2026-02-28T10:01:06.576+0000] {logging_mixin.py:188} INFO - [2026-02-28T10:01:06.575+0000] {dag.py:3089} INFO - Sync 1 DAGs
[2026-02-28T10:01:06.596+0000] {logging_mixin.py:188} INFO - [2026-02-28T10:01:06.596+0000] {dag.py:3947} INFO - Setting next_dagrun for load_cb_courses to 2026-02-28 00:00:00+00:00, run_after=2026-03-01 00:00:00+00:00
[2026-02-28T10:01:06.617+0000] {processor.py:183} INFO - Processing /opt/airflow/dags/load_cb_courses.py took 0.626 seconds
[2026-02-28T10:01:36.775+0000] {processor.py:161} INFO - Started process (PID=1937) to work on /opt/airflow/dags/load_cb_courses.py
[2026-02-28T10:01:36.776+0000] {processor.py:830} INFO - Processing file /opt/airflow/dags/load_cb_courses.py for tasks to queue
[2026-02-28T10:01:36.778+0000] {logging_mixin.py:188} INFO - [2026-02-28T10:01:36.778+0000] {dagbag.py:545} INFO - Filling up the DagBag from /opt/airflow/dags/load_cb_courses.py
[2026-02-28T10:01:37.252+0000] {processor.py:840} INFO - DAG(s) 'load_cb_courses' retrieved from /opt/airflow/dags/load_cb_courses.py
[2026-02-28T10:01:37.278+0000] {logging_mixin.py:188} INFO - [2026-02-28T10:01:37.277+0000] {dag.py:3089} INFO - Sync 1 DAGs
[2026-02-28T10:01:37.308+0000] {logging_mixin.py:188} INFO - [2026-02-28T10:01:37.308+0000] {dag.py:3947} INFO - Setting next_dagrun for load_cb_courses to 2026-02-28 00:00:00+00:00, run_after=2026-03-01 00:00:00+00:00
[2026-02-28T10:01:37.365+0000] {processor.py:183} INFO - Processing /opt/airflow/dags/load_cb_courses.py took 0.596 seconds
[2026-02-28T10:02:08.073+0000] {processor.py:161} INFO - Started process (PID=1968) to work on /opt/airflow/dags/load_cb_courses.py
[2026-02-28T10:02:08.074+0000] {processor.py:830} INFO - Processing file /opt/airflow/dags/load_cb_courses.py for tasks to queue
[2026-02-28T10:02:08.076+0000] {logging_mixin.py:188} INFO - [2026-02-28T10:02:08.076+0000] {dagbag.py:545} INFO - Filling up the DagBag from /opt/airflow/dags/load_cb_courses.py
[2026-02-28T10:02:08.545+0000] {processor.py:840} INFO - DAG(s) 'load_cb_courses' retrieved from /opt/airflow/dags/load_cb_courses.py
[2026-02-28T10:02:08.566+0000] {logging_mixin.py:188} INFO - [2026-02-28T10:02:08.566+0000] {dag.py:3089} INFO - Sync 1 DAGs
[2026-02-28T10:02:08.589+0000] {logging_mixin.py:188} INFO - [2026-02-28T10:02:08.589+0000] {dag.py:3947} INFO - Setting next_dagrun for load_cb_courses to 2026-02-28 00:00:00+00:00, run_after=2026-03-01 00:00:00+00:00
[2026-02-28T10:02:08.615+0000] {processor.py:183} INFO - Processing /opt/airflow/dags/load_cb_courses.py took 0.548 seconds
[2026-02-28T10:02:39.353+0000] {processor.py:161} INFO - Started process (PID=2006) to work on /opt/airflow/dags/load_cb_courses.py
[2026-02-28T10:02:39.354+0000] {processor.py:830} INFO - Processing file /opt/airflow/dags/load_cb_courses.py for tasks to queue
[2026-02-28T10:02:39.356+0000] {logging_mixin.py:188} INFO - [2026-02-28T10:02:39.355+0000] {dagbag.py:545} INFO - Filling up the DagBag from /opt/airflow/dags/load_cb_courses.py
[2026-02-28T10:02:39.793+0000] {processor.py:840} INFO - DAG(s) 'load_cb_courses' retrieved from /opt/airflow/dags/load_cb_courses.py
[2026-02-28T10:02:39.818+0000] {logging_mixin.py:188} INFO - [2026-02-28T10:02:39.818+0000] {dag.py:3089} INFO - Sync 1 DAGs
[2026-02-28T10:02:39.840+0000] {logging_mixin.py:188} INFO - [2026-02-28T10:02:39.839+0000] {dag.py:3947} INFO - Setting next_dagrun for load_cb_courses to 2026-02-28 00:00:00+00:00, run_after=2026-03-01 00:00:00+00:00
[2026-02-28T10:02:39.866+0000] {processor.py:183} INFO - Processing /opt/airflow/dags/load_cb_courses.py took 0.519 seconds
[2026-02-28T10:03:10.664+0000] {processor.py:161} INFO - Started process (PID=2038) to work on /opt/airflow/dags/load_cb_courses.py
[2026-02-28T10:03:10.665+0000] {processor.py:830} INFO - Processing file /opt/airflow/dags/load_cb_courses.py for tasks to queue
[2026-02-28T10:03:10.667+0000] {logging_mixin.py:188} INFO - [2026-02-28T10:03:10.667+0000] {dagbag.py:545} INFO - Filling up the DagBag from /opt/airflow/dags/load_cb_courses.py
[2026-02-28T10:03:11.089+0000] {processor.py:840} INFO - DAG(s) 'load_cb_courses' retrieved from /opt/airflow/dags/load_cb_courses.py
[2026-02-28T10:03:11.108+0000] {logging_mixin.py:188} INFO - [2026-02-28T10:03:11.108+0000] {dag.py:3089} INFO - Sync 1 DAGs
[2026-02-28T10:03:11.126+0000] {logging_mixin.py:188} INFO - [2026-02-28T10:03:11.126+0000] {dag.py:3947} INFO - Setting next_dagrun for load_cb_courses to 2026-02-28 00:00:00+00:00, run_after=2026-03-01 00:00:00+00:00
[2026-02-28T10:03:11.145+0000] {processor.py:183} INFO - Processing /opt/airflow/dags/load_cb_courses.py took 0.487 seconds
[2026-02-28T10:03:42.081+0000] {processor.py:161} INFO - Started process (PID=2068) to work on /opt/airflow/dags/load_cb_courses.py
[2026-02-28T10:03:42.082+0000] {processor.py:830} INFO - Processing file /opt/airflow/dags/load_cb_courses.py for tasks to queue
[2026-02-28T10:03:42.084+0000] {logging_mixin.py:188} INFO - [2026-02-28T10:03:42.084+0000] {dagbag.py:545} INFO - Filling up the DagBag from /opt/airflow/dags/load_cb_courses.py
[2026-02-28T10:03:42.497+0000] {processor.py:840} INFO - DAG(s) 'load_cb_courses' retrieved from /opt/airflow/dags/load_cb_courses.py
[2026-02-28T10:03:42.516+0000] {logging_mixin.py:188} INFO - [2026-02-28T10:03:42.516+0000] {dag.py:3089} INFO - Sync 1 DAGs
[2026-02-28T10:03:42.535+0000] {logging_mixin.py:188} INFO - [2026-02-28T10:03:42.534+0000] {dag.py:3947} INFO - Setting next_dagrun for load_cb_courses to 2026-02-28 00:00:00+00:00, run_after=2026-03-01 00:00:00+00:00
[2026-02-28T10:03:42.556+0000] {processor.py:183} INFO - Processing /opt/airflow/dags/load_cb_courses.py took 0.481 seconds
[2026-02-28T10:04:13.174+0000] {processor.py:161} INFO - Started process (PID=2106) to work on /opt/airflow/dags/load_cb_courses.py
[2026-02-28T10:04:13.175+0000] {processor.py:830} INFO - Processing file /opt/airflow/dags/load_cb_courses.py for tasks to queue
[2026-02-28T10:04:13.178+0000] {logging_mixin.py:188} INFO - [2026-02-28T10:04:13.178+0000] {dagbag.py:545} INFO - Filling up the DagBag from /opt/airflow/dags/load_cb_courses.py
[2026-02-28T10:04:13.597+0000] {processor.py:840} INFO - DAG(s) 'load_cb_courses' retrieved from /opt/airflow/dags/load_cb_courses.py
[2026-02-28T10:04:13.613+0000] {logging_mixin.py:188} INFO - [2026-02-28T10:04:13.613+0000] {dag.py:3089} INFO - Sync 1 DAGs
[2026-02-28T10:04:13.634+0000] {logging_mixin.py:188} INFO - [2026-02-28T10:04:13.633+0000] {dag.py:3947} INFO - Setting next_dagrun for load_cb_courses to 2026-02-28 00:00:00+00:00, run_after=2026-03-01 00:00:00+00:00
[2026-02-28T10:04:13.655+0000] {processor.py:183} INFO - Processing /opt/airflow/dags/load_cb_courses.py took 0.486 seconds
[2026-02-28T10:04:44.524+0000] {processor.py:161} INFO - Started process (PID=2137) to work on /opt/airflow/dags/load_cb_courses.py
[2026-02-28T10:04:44.525+0000] {processor.py:830} INFO - Processing file /opt/airflow/dags/load_cb_courses.py for tasks to queue
[2026-02-28T10:04:44.527+0000] {logging_mixin.py:188} INFO - [2026-02-28T10:04:44.526+0000] {dagbag.py:545} INFO - Filling up the DagBag from /opt/airflow/dags/load_cb_courses.py
[2026-02-28T10:04:44.962+0000] {processor.py:840} INFO - DAG(s) 'load_cb_courses' retrieved from /opt/airflow/dags/load_cb_courses.py
[2026-02-28T10:04:44.992+0000] {logging_mixin.py:188} INFO - [2026-02-28T10:04:44.991+0000] {dag.py:3089} INFO - Sync 1 DAGs
[2026-02-28T10:04:45.013+0000] {logging_mixin.py:188} INFO - [2026-02-28T10:04:45.012+0000] {dag.py:3947} INFO - Setting next_dagrun for load_cb_courses to 2026-02-28 00:00:00+00:00, run_after=2026-03-01 00:00:00+00:00
[2026-02-28T10:04:45.040+0000] {processor.py:183} INFO - Processing /opt/airflow/dags/load_cb_courses.py took 0.522 seconds
[2026-02-28T10:05:16.622+0000] {processor.py:161} INFO - Started process (PID=2174) to work on /opt/airflow/dags/load_cb_courses.py
[2026-02-28T10:05:16.624+0000] {processor.py:830} INFO - Processing file /opt/airflow/dags/load_cb_courses.py for tasks to queue
[2026-02-28T10:05:16.628+0000] {logging_mixin.py:188} INFO - [2026-02-28T10:05:16.627+0000] {dagbag.py:545} INFO - Filling up the DagBag from /opt/airflow/dags/load_cb_courses.py
[2026-02-28T10:05:17.079+0000] {processor.py:840} INFO - DAG(s) 'load_cb_courses' retrieved from /opt/airflow/dags/load_cb_courses.py
[2026-02-28T10:05:17.098+0000] {logging_mixin.py:188} INFO - [2026-02-28T10:05:17.097+0000] {dag.py:3089} INFO - Sync 1 DAGs
[2026-02-28T10:05:17.117+0000] {logging_mixin.py:188} INFO - [2026-02-28T10:05:17.116+0000] {dag.py:3947} INFO - Setting next_dagrun for load_cb_courses to 2026-02-28 00:00:00+00:00, run_after=2026-03-01 00:00:00+00:00
[2026-02-28T10:05:17.134+0000] {processor.py:183} INFO - Processing /opt/airflow/dags/load_cb_courses.py took 0.521 seconds
[2026-02-28T10:05:47.236+0000] {processor.py:161} INFO - Started process (PID=2206) to work on /opt/airflow/dags/load_cb_courses.py
[2026-02-28T10:05:47.240+0000] {processor.py:830} INFO - Processing file /opt/airflow/dags/load_cb_courses.py for tasks to queue
[2026-02-28T10:05:47.244+0000] {logging_mixin.py:188} INFO - [2026-02-28T10:05:47.244+0000] {dagbag.py:545} INFO - Filling up the DagBag from /opt/airflow/dags/load_cb_courses.py
[2026-02-28T10:05:47.739+0000] {processor.py:840} INFO - DAG(s) 'load_cb_courses' retrieved from /opt/airflow/dags/load_cb_courses.py
[2026-02-28T10:05:47.758+0000] {logging_mixin.py:188} INFO - [2026-02-28T10:05:47.758+0000] {dag.py:3089} INFO - Sync 1 DAGs
[2026-02-28T10:05:47.778+0000] {logging_mixin.py:188} INFO - [2026-02-28T10:05:47.777+0000] {dag.py:3947} INFO - Setting next_dagrun for load_cb_courses to 2026-02-28 00:00:00+00:00, run_after=2026-03-01 00:00:00+00:00
[2026-02-28T10:05:47.801+0000] {processor.py:183} INFO - Processing /opt/airflow/dags/load_cb_courses.py took 0.573 seconds
[2026-02-28T10:06:17.977+0000] {processor.py:161} INFO - Started process (PID=2244) to work on /opt/airflow/dags/load_cb_courses.py
[2026-02-28T10:06:17.978+0000] {processor.py:830} INFO - Processing file /opt/airflow/dags/load_cb_courses.py for tasks to queue
[2026-02-28T10:06:17.982+0000] {logging_mixin.py:188} INFO - [2026-02-28T10:06:17.981+0000] {dagbag.py:545} INFO - Filling up the DagBag from /opt/airflow/dags/load_cb_courses.py
[2026-02-28T10:06:18.437+0000] {processor.py:840} INFO - DAG(s) 'load_cb_courses' retrieved from /opt/airflow/dags/load_cb_courses.py
[2026-02-28T10:06:18.461+0000] {logging_mixin.py:188} INFO - [2026-02-28T10:06:18.461+0000] {dag.py:3089} INFO - Sync 1 DAGs
[2026-02-28T10:06:18.484+0000] {logging_mixin.py:188} INFO - [2026-02-28T10:06:18.484+0000] {dag.py:3947} INFO - Setting next_dagrun for load_cb_courses to 2026-02-28 00:00:00+00:00, run_after=2026-03-01 00:00:00+00:00
[2026-02-28T10:06:18.513+0000] {processor.py:183} INFO - Processing /opt/airflow/dags/load_cb_courses.py took 0.544 seconds
[2026-02-28T10:06:49.116+0000] {processor.py:161} INFO - Started process (PID=2275) to work on /opt/airflow/dags/load_cb_courses.py
[2026-02-28T10:06:49.117+0000] {processor.py:830} INFO - Processing file /opt/airflow/dags/load_cb_courses.py for tasks to queue
[2026-02-28T10:06:49.119+0000] {logging_mixin.py:188} INFO - [2026-02-28T10:06:49.119+0000] {dagbag.py:545} INFO - Filling up the DagBag from /opt/airflow/dags/load_cb_courses.py
[2026-02-28T10:06:49.888+0000] {processor.py:840} INFO - DAG(s) 'load_cb_courses' retrieved from /opt/airflow/dags/load_cb_courses.py
[2026-02-28T10:06:49.939+0000] {logging_mixin.py:188} INFO - [2026-02-28T10:06:49.938+0000] {dag.py:3089} INFO - Sync 1 DAGs
[2026-02-28T10:06:49.967+0000] {logging_mixin.py:188} INFO - [2026-02-28T10:06:49.967+0000] {dag.py:3947} INFO - Setting next_dagrun for load_cb_courses to 2026-02-28 00:00:00+00:00, run_after=2026-03-01 00:00:00+00:00
[2026-02-28T10:06:49.986+0000] {processor.py:183} INFO - Processing /opt/airflow/dags/load_cb_courses.py took 0.879 seconds
[2026-02-28T10:07:20.946+0000] {processor.py:161} INFO - Started process (PID=2306) to work on /opt/airflow/dags/load_cb_courses.py
[2026-02-28T10:07:20.948+0000] {processor.py:830} INFO - Processing file /opt/airflow/dags/load_cb_courses.py for tasks to queue
[2026-02-28T10:07:20.952+0000] {logging_mixin.py:188} INFO - [2026-02-28T10:07:20.952+0000] {dagbag.py:545} INFO - Filling up the DagBag from /opt/airflow/dags/load_cb_courses.py
[2026-02-28T10:07:21.450+0000] {processor.py:840} INFO - DAG(s) 'load_cb_courses' retrieved from /opt/airflow/dags/load_cb_courses.py
[2026-02-28T10:07:21.474+0000] {logging_mixin.py:188} INFO - [2026-02-28T10:07:21.473+0000] {dag.py:3089} INFO - Sync 1 DAGs
[2026-02-28T10:07:21.498+0000] {logging_mixin.py:188} INFO - [2026-02-28T10:07:21.498+0000] {dag.py:3947} INFO - Setting next_dagrun for load_cb_courses to 2026-02-28 00:00:00+00:00, run_after=2026-03-01 00:00:00+00:00
[2026-02-28T10:07:21.521+0000] {processor.py:183} INFO - Processing /opt/airflow/dags/load_cb_courses.py took 0.586 seconds
[2026-02-28T10:07:52.106+0000] {processor.py:161} INFO - Started process (PID=2344) to work on /opt/airflow/dags/load_cb_courses.py
[2026-02-28T10:07:52.107+0000] {processor.py:830} INFO - Processing file /opt/airflow/dags/load_cb_courses.py for tasks to queue
[2026-02-28T10:07:52.111+0000] {logging_mixin.py:188} INFO - [2026-02-28T10:07:52.110+0000] {dagbag.py:545} INFO - Filling up the DagBag from /opt/airflow/dags/load_cb_courses.py
[2026-02-28T10:07:52.561+0000] {processor.py:840} INFO - DAG(s) 'load_cb_courses' retrieved from /opt/airflow/dags/load_cb_courses.py
[2026-02-28T10:07:52.587+0000] {logging_mixin.py:188} INFO - [2026-02-28T10:07:52.587+0000] {dag.py:3089} INFO - Sync 1 DAGs
[2026-02-28T10:07:52.608+0000] {logging_mixin.py:188} INFO - [2026-02-28T10:07:52.608+0000] {dag.py:3947} INFO - Setting next_dagrun for load_cb_courses to 2026-02-28 00:00:00+00:00, run_after=2026-03-01 00:00:00+00:00
[2026-02-28T10:07:52.634+0000] {processor.py:183} INFO - Processing /opt/airflow/dags/load_cb_courses.py took 0.535 seconds
[2026-02-28T10:08:23.481+0000] {processor.py:161} INFO - Started process (PID=2375) to work on /opt/airflow/dags/load_cb_courses.py
[2026-02-28T10:08:23.482+0000] {processor.py:830} INFO - Processing file /opt/airflow/dags/load_cb_courses.py for tasks to queue
[2026-02-28T10:08:23.484+0000] {logging_mixin.py:188} INFO - [2026-02-28T10:08:23.484+0000] {dagbag.py:545} INFO - Filling up the DagBag from /opt/airflow/dags/load_cb_courses.py
[2026-02-28T10:08:23.907+0000] {processor.py:840} INFO - DAG(s) 'load_cb_courses' retrieved from /opt/airflow/dags/load_cb_courses.py
[2026-02-28T10:08:23.926+0000] {logging_mixin.py:188} INFO - [2026-02-28T10:08:23.925+0000] {dag.py:3089} INFO - Sync 1 DAGs
[2026-02-28T10:08:23.945+0000] {logging_mixin.py:188} INFO - [2026-02-28T10:08:23.944+0000] {dag.py:3947} INFO - Setting next_dagrun for load_cb_courses to 2026-02-28 00:00:00+00:00, run_after=2026-03-01 00:00:00+00:00
[2026-02-28T10:08:23.964+0000] {processor.py:183} INFO - Processing /opt/airflow/dags/load_cb_courses.py took 0.489 seconds
[2026-02-28T10:08:54.502+0000] {processor.py:161} INFO - Started process (PID=2413) to work on /opt/airflow/dags/load_cb_courses.py
[2026-02-28T10:08:54.503+0000] {processor.py:830} INFO - Processing file /opt/airflow/dags/load_cb_courses.py for tasks to queue
[2026-02-28T10:08:54.505+0000] {logging_mixin.py:188} INFO - [2026-02-28T10:08:54.505+0000] {dagbag.py:545} INFO - Filling up the DagBag from /opt/airflow/dags/load_cb_courses.py
[2026-02-28T10:08:54.964+0000] {processor.py:840} INFO - DAG(s) 'load_cb_courses' retrieved from /opt/airflow/dags/load_cb_courses.py
[2026-02-28T10:08:54.992+0000] {logging_mixin.py:188} INFO - [2026-02-28T10:08:54.992+0000] {dag.py:3089} INFO - Sync 1 DAGs
[2026-02-28T10:08:55.018+0000] {logging_mixin.py:188} INFO - [2026-02-28T10:08:55.018+0000] {dag.py:3947} INFO - Setting next_dagrun for load_cb_courses to 2026-02-28 00:00:00+00:00, run_after=2026-03-01 00:00:00+00:00
[2026-02-28T10:08:55.062+0000] {processor.py:183} INFO - Processing /opt/airflow/dags/load_cb_courses.py took 0.567 seconds
[2026-02-28T10:09:26.155+0000] {processor.py:161} INFO - Started process (PID=2444) to work on /opt/airflow/dags/load_cb_courses.py
[2026-02-28T10:09:26.157+0000] {processor.py:830} INFO - Processing file /opt/airflow/dags/load_cb_courses.py for tasks to queue
[2026-02-28T10:09:26.159+0000] {logging_mixin.py:188} INFO - [2026-02-28T10:09:26.158+0000] {dagbag.py:545} INFO - Filling up the DagBag from /opt/airflow/dags/load_cb_courses.py
[2026-02-28T10:09:26.611+0000] {processor.py:840} INFO - DAG(s) 'load_cb_courses' retrieved from /opt/airflow/dags/load_cb_courses.py
[2026-02-28T10:09:26.629+0000] {logging_mixin.py:188} INFO - [2026-02-28T10:09:26.629+0000] {dag.py:3089} INFO - Sync 1 DAGs
[2026-02-28T10:09:26.649+0000] {logging_mixin.py:188} INFO - [2026-02-28T10:09:26.649+0000] {dag.py:3947} INFO - Setting next_dagrun for load_cb_courses to 2026-02-28 00:00:00+00:00, run_after=2026-03-01 00:00:00+00:00
[2026-02-28T10:09:26.674+0000] {processor.py:183} INFO - Processing /opt/airflow/dags/load_cb_courses.py took 0.525 seconds
[2026-02-28T10:09:57.270+0000] {processor.py:161} INFO - Started process (PID=2482) to work on /opt/airflow/dags/load_cb_courses.py
[2026-02-28T10:09:57.272+0000] {processor.py:830} INFO - Processing file /opt/airflow/dags/load_cb_courses.py for tasks to queue
[2026-02-28T10:09:57.274+0000] {logging_mixin.py:188} INFO - [2026-02-28T10:09:57.274+0000] {dagbag.py:545} INFO - Filling up the DagBag from /opt/airflow/dags/load_cb_courses.py
[2026-02-28T10:09:57.837+0000] {processor.py:840} INFO - DAG(s) 'load_cb_courses' retrieved from /opt/airflow/dags/load_cb_courses.py
[2026-02-28T10:09:57.865+0000] {logging_mixin.py:188} INFO - [2026-02-28T10:09:57.864+0000] {dag.py:3089} INFO - Sync 1 DAGs
[2026-02-28T10:09:57.890+0000] {logging_mixin.py:188} INFO - [2026-02-28T10:09:57.890+0000] {dag.py:3947} INFO - Setting next_dagrun for load_cb_courses to 2026-02-28 00:00:00+00:00, run_after=2026-03-01 00:00:00+00:00
[2026-02-28T10:09:57.915+0000] {processor.py:183} INFO - Processing /opt/airflow/dags/load_cb_courses.py took 0.651 seconds
[2026-02-28T10:10:28.733+0000] {processor.py:161} INFO - Started process (PID=2519) to work on /opt/airflow/dags/load_cb_courses.py
[2026-02-28T10:10:28.734+0000] {processor.py:830} INFO - Processing file /opt/airflow/dags/load_cb_courses.py for tasks to queue
[2026-02-28T10:10:28.736+0000] {logging_mixin.py:188} INFO - [2026-02-28T10:10:28.735+0000] {dagbag.py:545} INFO - Filling up the DagBag from /opt/airflow/dags/load_cb_courses.py
[2026-02-28T10:10:29.194+0000] {processor.py:840} INFO - DAG(s) 'load_cb_courses' retrieved from /opt/airflow/dags/load_cb_courses.py
[2026-02-28T10:10:29.212+0000] {logging_mixin.py:188} INFO - [2026-02-28T10:10:29.212+0000] {dag.py:3089} INFO - Sync 1 DAGs
[2026-02-28T10:10:29.232+0000] {logging_mixin.py:188} INFO - [2026-02-28T10:10:29.232+0000] {dag.py:3947} INFO - Setting next_dagrun for load_cb_courses to 2026-02-28 00:00:00+00:00, run_after=2026-03-01 00:00:00+00:00
[2026-02-28T10:10:29.250+0000] {processor.py:183} INFO - Processing /opt/airflow/dags/load_cb_courses.py took 0.523 seconds
[2026-02-28T10:10:59.881+0000] {processor.py:161} INFO - Started process (PID=2550) to work on /opt/airflow/dags/load_cb_courses.py
[2026-02-28T10:10:59.882+0000] {processor.py:830} INFO - Processing file /opt/airflow/dags/load_cb_courses.py for tasks to queue
[2026-02-28T10:10:59.884+0000] {logging_mixin.py:188} INFO - [2026-02-28T10:10:59.884+0000] {dagbag.py:545} INFO - Filling up the DagBag from /opt/airflow/dags/load_cb_courses.py
[2026-02-28T10:11:00.347+0000] {processor.py:840} INFO - DAG(s) 'load_cb_courses' retrieved from /opt/airflow/dags/load_cb_courses.py
[2026-02-28T10:11:00.368+0000] {logging_mixin.py:188} INFO - [2026-02-28T10:11:00.368+0000] {dag.py:3089} INFO - Sync 1 DAGs
[2026-02-28T10:11:00.389+0000] {logging_mixin.py:188} INFO - [2026-02-28T10:11:00.389+0000] {dag.py:3947} INFO - Setting next_dagrun for load_cb_courses to 2026-02-28 00:00:00+00:00, run_after=2026-03-01 00:00:00+00:00
[2026-02-28T10:11:00.411+0000] {processor.py:183} INFO - Processing /opt/airflow/dags/load_cb_courses.py took 0.537 seconds
[2026-02-28T10:11:31.405+0000] {processor.py:161} INFO - Started process (PID=2589) to work on /opt/airflow/dags/load_cb_courses.py
[2026-02-28T10:11:31.413+0000] {processor.py:830} INFO - Processing file /opt/airflow/dags/load_cb_courses.py for tasks to queue
[2026-02-28T10:11:31.423+0000] {logging_mixin.py:188} INFO - [2026-02-28T10:11:31.422+0000] {dagbag.py:545} INFO - Filling up the DagBag from /opt/airflow/dags/load_cb_courses.py
[2026-02-28T10:11:32.026+0000] {processor.py:840} INFO - DAG(s) 'load_cb_courses' retrieved from /opt/airflow/dags/load_cb_courses.py
[2026-02-28T10:11:32.049+0000] {logging_mixin.py:188} INFO - [2026-02-28T10:11:32.049+0000] {dag.py:3089} INFO - Sync 1 DAGs
[2026-02-28T10:11:32.071+0000] {logging_mixin.py:188} INFO - [2026-02-28T10:11:32.071+0000] {dag.py:3947} INFO - Setting next_dagrun for load_cb_courses to 2026-02-28 00:00:00+00:00, run_after=2026-03-01 00:00:00+00:00
[2026-02-28T10:11:32.096+0000] {processor.py:183} INFO - Processing /opt/airflow/dags/load_cb_courses.py took 0.705 seconds
[2026-02-28T10:12:02.742+0000] {processor.py:161} INFO - Started process (PID=2621) to work on /opt/airflow/dags/load_cb_courses.py
[2026-02-28T10:12:02.744+0000] {processor.py:830} INFO - Processing file /opt/airflow/dags/load_cb_courses.py for tasks to queue
[2026-02-28T10:12:02.747+0000] {logging_mixin.py:188} INFO - [2026-02-28T10:12:02.746+0000] {dagbag.py:545} INFO - Filling up the DagBag from /opt/airflow/dags/load_cb_courses.py
[2026-02-28T10:12:03.233+0000] {processor.py:840} INFO - DAG(s) 'load_cb_courses' retrieved from /opt/airflow/dags/load_cb_courses.py
[2026-02-28T10:12:03.255+0000] {logging_mixin.py:188} INFO - [2026-02-28T10:12:03.255+0000] {dag.py:3089} INFO - Sync 1 DAGs
[2026-02-28T10:12:03.284+0000] {logging_mixin.py:188} INFO - [2026-02-28T10:12:03.283+0000] {dag.py:3947} INFO - Setting next_dagrun for load_cb_courses to 2026-02-28 00:00:00+00:00, run_after=2026-03-01 00:00:00+00:00
[2026-02-28T10:12:03.306+0000] {processor.py:183} INFO - Processing /opt/airflow/dags/load_cb_courses.py took 0.571 seconds
[2026-02-28T10:12:33.612+0000] {processor.py:161} INFO - Started process (PID=2735) to work on /opt/airflow/dags/load_cb_courses.py
[2026-02-28T10:12:33.614+0000] {processor.py:830} INFO - Processing file /opt/airflow/dags/load_cb_courses.py for tasks to queue
[2026-02-28T10:12:33.617+0000] {logging_mixin.py:188} INFO - [2026-02-28T10:12:33.616+0000] {dagbag.py:545} INFO - Filling up the DagBag from /opt/airflow/dags/load_cb_courses.py
[2026-02-28T10:12:34.090+0000] {processor.py:840} INFO - DAG(s) 'load_cb_courses' retrieved from /opt/airflow/dags/load_cb_courses.py
[2026-02-28T10:12:34.110+0000] {logging_mixin.py:188} INFO - [2026-02-28T10:12:34.110+0000] {dag.py:3089} INFO - Sync 1 DAGs
[2026-02-28T10:12:34.133+0000] {logging_mixin.py:188} INFO - [2026-02-28T10:12:34.133+0000] {dag.py:3947} INFO - Setting next_dagrun for load_cb_courses to 2026-02-28 00:00:00+00:00, run_after=2026-03-01 00:00:00+00:00
[2026-02-28T10:12:34.158+0000] {processor.py:183} INFO - Processing /opt/airflow/dags/load_cb_courses.py took 0.553 seconds
[2026-02-28T10:13:04.810+0000] {processor.py:161} INFO - Started process (PID=2766) to work on /opt/airflow/dags/load_cb_courses.py
[2026-02-28T10:13:04.813+0000] {processor.py:830} INFO - Processing file /opt/airflow/dags/load_cb_courses.py for tasks to queue
[2026-02-28T10:13:04.818+0000] {logging_mixin.py:188} INFO - [2026-02-28T10:13:04.817+0000] {dagbag.py:545} INFO - Filling up the DagBag from /opt/airflow/dags/load_cb_courses.py
[2026-02-28T10:13:05.328+0000] {processor.py:840} INFO - DAG(s) 'load_cb_courses' retrieved from /opt/airflow/dags/load_cb_courses.py
[2026-02-28T10:13:05.355+0000] {logging_mixin.py:188} INFO - [2026-02-28T10:13:05.355+0000] {dag.py:3089} INFO - Sync 1 DAGs
[2026-02-28T10:13:05.381+0000] {logging_mixin.py:188} INFO - [2026-02-28T10:13:05.381+0000] {dag.py:3947} INFO - Setting next_dagrun for load_cb_courses to 2026-02-28 00:00:00+00:00, run_after=2026-03-01 00:00:00+00:00
[2026-02-28T10:13:05.421+0000] {processor.py:183} INFO - Processing /opt/airflow/dags/load_cb_courses.py took 0.624 seconds
[2026-02-28T10:13:35.574+0000] {processor.py:161} INFO - Started process (PID=2796) to work on /opt/airflow/dags/load_cb_courses.py
[2026-02-28T10:13:35.575+0000] {processor.py:830} INFO - Processing file /opt/airflow/dags/load_cb_courses.py for tasks to queue
[2026-02-28T10:13:35.577+0000] {logging_mixin.py:188} INFO - [2026-02-28T10:13:35.577+0000] {dagbag.py:545} INFO - Filling up the DagBag from /opt/airflow/dags/load_cb_courses.py
[2026-02-28T10:13:36.122+0000] {processor.py:840} INFO - DAG(s) 'load_cb_courses' retrieved from /opt/airflow/dags/load_cb_courses.py
[2026-02-28T10:13:36.148+0000] {logging_mixin.py:188} INFO - [2026-02-28T10:13:36.148+0000] {dag.py:3089} INFO - Sync 1 DAGs
[2026-02-28T10:13:36.171+0000] {logging_mixin.py:188} INFO - [2026-02-28T10:13:36.170+0000] {dag.py:3947} INFO - Setting next_dagrun for load_cb_courses to 2026-02-28 00:00:00+00:00, run_after=2026-03-01 00:00:00+00:00
[2026-02-28T10:13:36.200+0000] {processor.py:183} INFO - Processing /opt/airflow/dags/load_cb_courses.py took 0.635 seconds
[2026-02-28T10:14:06.819+0000] {processor.py:161} INFO - Started process (PID=2834) to work on /opt/airflow/dags/load_cb_courses.py
[2026-02-28T10:14:06.821+0000] {processor.py:830} INFO - Processing file /opt/airflow/dags/load_cb_courses.py for tasks to queue
[2026-02-28T10:14:06.824+0000] {logging_mixin.py:188} INFO - [2026-02-28T10:14:06.823+0000] {dagbag.py:545} INFO - Filling up the DagBag from /opt/airflow/dags/load_cb_courses.py
[2026-02-28T10:14:07.415+0000] {processor.py:840} INFO - DAG(s) 'load_cb_courses' retrieved from /opt/airflow/dags/load_cb_courses.py
[2026-02-28T10:14:07.441+0000] {logging_mixin.py:188} INFO - [2026-02-28T10:14:07.441+0000] {dag.py:3089} INFO - Sync 1 DAGs
[2026-02-28T10:14:07.461+0000] {logging_mixin.py:188} INFO - [2026-02-28T10:14:07.460+0000] {dag.py:3947} INFO - Setting next_dagrun for load_cb_courses to 2026-02-28 00:00:00+00:00, run_after=2026-03-01 00:00:00+00:00
[2026-02-28T10:14:07.488+0000] {processor.py:183} INFO - Processing /opt/airflow/dags/load_cb_courses.py took 0.678 seconds
[2026-02-28T10:14:38.244+0000] {processor.py:161} INFO - Started process (PID=2865) to work on /opt/airflow/dags/load_cb_courses.py
[2026-02-28T10:14:38.246+0000] {processor.py:830} INFO - Processing file /opt/airflow/dags/load_cb_courses.py for tasks to queue
[2026-02-28T10:14:38.248+0000] {logging_mixin.py:188} INFO - [2026-02-28T10:14:38.247+0000] {dagbag.py:545} INFO - Filling up the DagBag from /opt/airflow/dags/load_cb_courses.py
[2026-02-28T10:14:38.704+0000] {processor.py:840} INFO - DAG(s) 'load_cb_courses' retrieved from /opt/airflow/dags/load_cb_courses.py
[2026-02-28T10:14:38.724+0000] {logging_mixin.py:188} INFO - [2026-02-28T10:14:38.724+0000] {dag.py:3089} INFO - Sync 1 DAGs
[2026-02-28T10:14:38.745+0000] {logging_mixin.py:188} INFO - [2026-02-28T10:14:38.745+0000] {dag.py:3947} INFO - Setting next_dagrun for load_cb_courses to 2026-02-28 00:00:00+00:00, run_after=2026-03-01 00:00:00+00:00
[2026-02-28T10:14:38.770+0000] {processor.py:183} INFO - Processing /opt/airflow/dags/load_cb_courses.py took 0.532 seconds
[2026-02-28T10:15:09.339+0000] {processor.py:161} INFO - Started process (PID=2896) to work on /opt/airflow/dags/load_cb_courses.py
[2026-02-28T10:15:09.340+0000] {processor.py:830} INFO - Processing file /opt/airflow/dags/load_cb_courses.py for tasks to queue
[2026-02-28T10:15:09.342+0000] {logging_mixin.py:188} INFO - [2026-02-28T10:15:09.342+0000] {dagbag.py:545} INFO - Filling up the DagBag from /opt/airflow/dags/load_cb_courses.py
[2026-02-28T10:15:09.921+0000] {processor.py:840} INFO - DAG(s) 'load_cb_courses' retrieved from /opt/airflow/dags/load_cb_courses.py
[2026-02-28T10:15:09.951+0000] {logging_mixin.py:188} INFO - [2026-02-28T10:15:09.951+0000] {dag.py:3089} INFO - Sync 1 DAGs
[2026-02-28T10:15:09.974+0000] {logging_mixin.py:188} INFO - [2026-02-28T10:15:09.973+0000] {dag.py:3947} INFO - Setting next_dagrun for load_cb_courses to 2026-02-28 00:00:00+00:00, run_after=2026-03-01 00:00:00+00:00
[2026-02-28T10:15:10.006+0000] {processor.py:183} INFO - Processing /opt/airflow/dags/load_cb_courses.py took 0.673 seconds
[2026-02-28T10:15:40.787+0000] {processor.py:161} INFO - Started process (PID=2935) to work on /opt/airflow/dags/load_cb_courses.py
[2026-02-28T10:15:40.788+0000] {processor.py:830} INFO - Processing file /opt/airflow/dags/load_cb_courses.py for tasks to queue
[2026-02-28T10:15:40.790+0000] {logging_mixin.py:188} INFO - [2026-02-28T10:15:40.790+0000] {dagbag.py:545} INFO - Filling up the DagBag from /opt/airflow/dags/load_cb_courses.py
[2026-02-28T10:15:41.205+0000] {processor.py:840} INFO - DAG(s) 'load_cb_courses' retrieved from /opt/airflow/dags/load_cb_courses.py
[2026-02-28T10:15:41.224+0000] {logging_mixin.py:188} INFO - [2026-02-28T10:15:41.223+0000] {dag.py:3089} INFO - Sync 1 DAGs
[2026-02-28T10:15:41.244+0000] {logging_mixin.py:188} INFO - [2026-02-28T10:15:41.243+0000] {dag.py:3947} INFO - Setting next_dagrun for load_cb_courses to 2026-02-28 00:00:00+00:00, run_after=2026-03-01 00:00:00+00:00
[2026-02-28T10:15:41.262+0000] {processor.py:183} INFO - Processing /opt/airflow/dags/load_cb_courses.py took 0.482 seconds
[2026-02-28T10:16:11.389+0000] {processor.py:161} INFO - Started process (PID=2966) to work on /opt/airflow/dags/load_cb_courses.py
[2026-02-28T10:16:11.390+0000] {processor.py:830} INFO - Processing file /opt/airflow/dags/load_cb_courses.py for tasks to queue
[2026-02-28T10:16:11.392+0000] {logging_mixin.py:188} INFO - [2026-02-28T10:16:11.392+0000] {dagbag.py:545} INFO - Filling up the DagBag from /opt/airflow/dags/load_cb_courses.py
[2026-02-28T10:16:11.851+0000] {processor.py:840} INFO - DAG(s) 'load_cb_courses' retrieved from /opt/airflow/dags/load_cb_courses.py
[2026-02-28T10:16:11.876+0000] {logging_mixin.py:188} INFO - [2026-02-28T10:16:11.875+0000] {dag.py:3089} INFO - Sync 1 DAGs
[2026-02-28T10:16:11.896+0000] {logging_mixin.py:188} INFO - [2026-02-28T10:16:11.896+0000] {dag.py:3947} INFO - Setting next_dagrun for load_cb_courses to 2026-02-28 00:00:00+00:00, run_after=2026-03-01 00:00:00+00:00
[2026-02-28T10:16:11.921+0000] {processor.py:183} INFO - Processing /opt/airflow/dags/load_cb_courses.py took 0.539 seconds
[2026-02-28T10:16:42.723+0000] {processor.py:161} INFO - Started process (PID=3083) to work on /opt/airflow/dags/load_cb_courses.py
[2026-02-28T10:16:42.725+0000] {processor.py:830} INFO - Processing file /opt/airflow/dags/load_cb_courses.py for tasks to queue
[2026-02-28T10:16:42.729+0000] {logging_mixin.py:188} INFO - [2026-02-28T10:16:42.728+0000] {dagbag.py:545} INFO - Filling up the DagBag from /opt/airflow/dags/load_cb_courses.py
[2026-02-28T10:16:43.186+0000] {processor.py:840} INFO - DAG(s) 'load_cb_courses' retrieved from /opt/airflow/dags/load_cb_courses.py
[2026-02-28T10:16:43.209+0000] {logging_mixin.py:188} INFO - [2026-02-28T10:16:43.209+0000] {dag.py:3089} INFO - Sync 1 DAGs
[2026-02-28T10:16:43.233+0000] {logging_mixin.py:188} INFO - [2026-02-28T10:16:43.232+0000] {dag.py:3947} INFO - Setting next_dagrun for load_cb_courses to 2026-02-28 00:00:00+00:00, run_after=2026-03-01 00:00:00+00:00
[2026-02-28T10:16:43.262+0000] {processor.py:183} INFO - Processing /opt/airflow/dags/load_cb_courses.py took 0.553 seconds
[2026-02-28T10:17:13.701+0000] {processor.py:161} INFO - Started process (PID=3121) to work on /opt/airflow/dags/load_cb_courses.py
[2026-02-28T10:17:13.702+0000] {processor.py:830} INFO - Processing file /opt/airflow/dags/load_cb_courses.py for tasks to queue
[2026-02-28T10:17:13.704+0000] {logging_mixin.py:188} INFO - [2026-02-28T10:17:13.704+0000] {dagbag.py:545} INFO - Filling up the DagBag from /opt/airflow/dags/load_cb_courses.py
[2026-02-28T10:17:14.160+0000] {processor.py:840} INFO - DAG(s) 'load_cb_courses' retrieved from /opt/airflow/dags/load_cb_courses.py
[2026-02-28T10:17:14.182+0000] {logging_mixin.py:188} INFO - [2026-02-28T10:17:14.182+0000] {dag.py:3089} INFO - Sync 1 DAGs
[2026-02-28T10:17:14.205+0000] {logging_mixin.py:188} INFO - [2026-02-28T10:17:14.204+0000] {dag.py:3947} INFO - Setting next_dagrun for load_cb_courses to 2026-02-28 00:00:00+00:00, run_after=2026-03-01 00:00:00+00:00
[2026-02-28T10:17:14.227+0000] {processor.py:183} INFO - Processing /opt/airflow/dags/load_cb_courses.py took 0.532 seconds
[2026-02-28T10:17:45.044+0000] {processor.py:161} INFO - Started process (PID=3153) to work on /opt/airflow/dags/load_cb_courses.py
[2026-02-28T10:17:45.046+0000] {processor.py:830} INFO - Processing file /opt/airflow/dags/load_cb_courses.py for tasks to queue
[2026-02-28T10:17:45.048+0000] {logging_mixin.py:188} INFO - [2026-02-28T10:17:45.048+0000] {dagbag.py:545} INFO - Filling up the DagBag from /opt/airflow/dags/load_cb_courses.py
[2026-02-28T10:17:45.534+0000] {processor.py:840} INFO - DAG(s) 'load_cb_courses' retrieved from /opt/airflow/dags/load_cb_courses.py
[2026-02-28T10:17:45.564+0000] {logging_mixin.py:188} INFO - [2026-02-28T10:17:45.563+0000] {dag.py:3089} INFO - Sync 1 DAGs
[2026-02-28T10:17:45.649+0000] {logging_mixin.py:188} INFO - [2026-02-28T10:17:45.648+0000] {dag.py:3947} INFO - Setting next_dagrun for load_cb_courses to 2026-02-28 00:00:00+00:00, run_after=2026-03-01 00:00:00+00:00
[2026-02-28T10:17:45.708+0000] {processor.py:183} INFO - Processing /opt/airflow/dags/load_cb_courses.py took 0.669 seconds
[2026-02-28T10:18:16.360+0000] {processor.py:161} INFO - Started process (PID=3190) to work on /opt/airflow/dags/load_cb_courses.py
[2026-02-28T10:18:16.361+0000] {processor.py:830} INFO - Processing file /opt/airflow/dags/load_cb_courses.py for tasks to queue
[2026-02-28T10:18:16.363+0000] {logging_mixin.py:188} INFO - [2026-02-28T10:18:16.363+0000] {dagbag.py:545} INFO - Filling up the DagBag from /opt/airflow/dags/load_cb_courses.py
[2026-02-28T10:18:16.915+0000] {processor.py:840} INFO - DAG(s) 'load_cb_courses' retrieved from /opt/airflow/dags/load_cb_courses.py
[2026-02-28T10:18:16.945+0000] {logging_mixin.py:188} INFO - [2026-02-28T10:18:16.944+0000] {dag.py:3089} INFO - Sync 1 DAGs
[2026-02-28T10:18:16.975+0000] {logging_mixin.py:188} INFO - [2026-02-28T10:18:16.975+0000] {dag.py:3947} INFO - Setting next_dagrun for load_cb_courses to 2026-02-28 00:00:00+00:00, run_after=2026-03-01 00:00:00+00:00
[2026-02-28T10:18:17.041+0000] {processor.py:183} INFO - Processing /opt/airflow/dags/load_cb_courses.py took 0.688 seconds
[2026-02-28T10:18:47.930+0000] {processor.py:161} INFO - Started process (PID=3221) to work on /opt/airflow/dags/load_cb_courses.py
[2026-02-28T10:18:47.931+0000] {processor.py:830} INFO - Processing file /opt/airflow/dags/load_cb_courses.py for tasks to queue
[2026-02-28T10:18:47.934+0000] {logging_mixin.py:188} INFO - [2026-02-28T10:18:47.933+0000] {dagbag.py:545} INFO - Filling up the DagBag from /opt/airflow/dags/load_cb_courses.py
[2026-02-28T10:18:48.402+0000] {processor.py:840} INFO - DAG(s) 'load_cb_courses' retrieved from /opt/airflow/dags/load_cb_courses.py
[2026-02-28T10:18:48.421+0000] {logging_mixin.py:188} INFO - [2026-02-28T10:18:48.421+0000] {dag.py:3089} INFO - Sync 1 DAGs
[2026-02-28T10:18:48.441+0000] {logging_mixin.py:188} INFO - [2026-02-28T10:18:48.441+0000] {dag.py:3947} INFO - Setting next_dagrun for load_cb_courses to 2026-02-28 00:00:00+00:00, run_after=2026-03-01 00:00:00+00:00
[2026-02-28T10:18:48.465+0000] {processor.py:183} INFO - Processing /opt/airflow/dags/load_cb_courses.py took 0.543 seconds
[2026-02-28T10:19:19.229+0000] {processor.py:161} INFO - Started process (PID=3253) to work on /opt/airflow/dags/load_cb_courses.py
[2026-02-28T10:19:19.230+0000] {processor.py:830} INFO - Processing file /opt/airflow/dags/load_cb_courses.py for tasks to queue
[2026-02-28T10:19:19.233+0000] {logging_mixin.py:188} INFO - [2026-02-28T10:19:19.232+0000] {dagbag.py:545} INFO - Filling up the DagBag from /opt/airflow/dags/load_cb_courses.py
[2026-02-28T10:19:19.695+0000] {processor.py:840} INFO - DAG(s) 'load_cb_courses' retrieved from /opt/airflow/dags/load_cb_courses.py
[2026-02-28T10:19:19.717+0000] {logging_mixin.py:188} INFO - [2026-02-28T10:19:19.717+0000] {dag.py:3089} INFO - Sync 1 DAGs
[2026-02-28T10:19:19.739+0000] {logging_mixin.py:188} INFO - [2026-02-28T10:19:19.739+0000] {dag.py:3947} INFO - Setting next_dagrun for load_cb_courses to 2026-02-28 00:00:00+00:00, run_after=2026-03-01 00:00:00+00:00
[2026-02-28T10:19:19.759+0000] {processor.py:183} INFO - Processing /opt/airflow/dags/load_cb_courses.py took 0.536 seconds
[2026-02-28T10:19:50.029+0000] {processor.py:161} INFO - Started process (PID=3291) to work on /opt/airflow/dags/load_cb_courses.py
[2026-02-28T10:19:50.031+0000] {processor.py:830} INFO - Processing file /opt/airflow/dags/load_cb_courses.py for tasks to queue
[2026-02-28T10:19:50.033+0000] {logging_mixin.py:188} INFO - [2026-02-28T10:19:50.033+0000] {dagbag.py:545} INFO - Filling up the DagBag from /opt/airflow/dags/load_cb_courses.py
[2026-02-28T10:19:50.552+0000] {processor.py:840} INFO - DAG(s) 'load_cb_courses' retrieved from /opt/airflow/dags/load_cb_courses.py
[2026-02-28T10:19:50.576+0000] {logging_mixin.py:188} INFO - [2026-02-28T10:19:50.576+0000] {dag.py:3089} INFO - Sync 1 DAGs
[2026-02-28T10:19:50.597+0000] {logging_mixin.py:188} INFO - [2026-02-28T10:19:50.597+0000] {dag.py:3947} INFO - Setting next_dagrun for load_cb_courses to 2026-02-28 00:00:00+00:00, run_after=2026-03-01 00:00:00+00:00
[2026-02-28T10:19:50.621+0000] {processor.py:183} INFO - Processing /opt/airflow/dags/load_cb_courses.py took 0.598 seconds
[2026-02-28T10:20:21.259+0000] {processor.py:161} INFO - Started process (PID=3323) to work on /opt/airflow/dags/load_cb_courses.py
[2026-02-28T10:20:21.260+0000] {processor.py:830} INFO - Processing file /opt/airflow/dags/load_cb_courses.py for tasks to queue
[2026-02-28T10:20:21.262+0000] {logging_mixin.py:188} INFO - [2026-02-28T10:20:21.262+0000] {dagbag.py:545} INFO - Filling up the DagBag from /opt/airflow/dags/load_cb_courses.py
[2026-02-28T10:20:21.711+0000] {processor.py:840} INFO - DAG(s) 'load_cb_courses' retrieved from /opt/airflow/dags/load_cb_courses.py
[2026-02-28T10:20:21.750+0000] {logging_mixin.py:188} INFO - [2026-02-28T10:20:21.749+0000] {dag.py:3089} INFO - Sync 1 DAGs
[2026-02-28T10:20:21.781+0000] {logging_mixin.py:188} INFO - [2026-02-28T10:20:21.781+0000] {dag.py:3947} INFO - Setting next_dagrun for load_cb_courses to 2026-02-28 00:00:00+00:00, run_after=2026-03-01 00:00:00+00:00
[2026-02-28T10:20:21.809+0000] {processor.py:183} INFO - Processing /opt/airflow/dags/load_cb_courses.py took 0.557 seconds
[2026-02-28T10:20:52.456+0000] {processor.py:161} INFO - Started process (PID=3355) to work on /opt/airflow/dags/load_cb_courses.py
[2026-02-28T10:20:52.457+0000] {processor.py:830} INFO - Processing file /opt/airflow/dags/load_cb_courses.py for tasks to queue
[2026-02-28T10:20:52.459+0000] {logging_mixin.py:188} INFO - [2026-02-28T10:20:52.459+0000] {dagbag.py:545} INFO - Filling up the DagBag from /opt/airflow/dags/load_cb_courses.py
[2026-02-28T10:20:52.881+0000] {processor.py:840} INFO - DAG(s) 'load_cb_courses' retrieved from /opt/airflow/dags/load_cb_courses.py
[2026-02-28T10:20:52.898+0000] {logging_mixin.py:188} INFO - [2026-02-28T10:20:52.898+0000] {dag.py:3089} INFO - Sync 1 DAGs
[2026-02-28T10:20:52.917+0000] {logging_mixin.py:188} INFO - [2026-02-28T10:20:52.917+0000] {dag.py:3947} INFO - Setting next_dagrun for load_cb_courses to 2026-02-28 00:00:00+00:00, run_after=2026-03-01 00:00:00+00:00
[2026-02-28T10:20:52.936+0000] {processor.py:183} INFO - Processing /opt/airflow/dags/load_cb_courses.py took 0.485 seconds
[2026-02-28T10:21:23.251+0000] {processor.py:161} INFO - Started process (PID=3393) to work on /opt/airflow/dags/load_cb_courses.py
[2026-02-28T10:21:23.252+0000] {processor.py:830} INFO - Processing file /opt/airflow/dags/load_cb_courses.py for tasks to queue
[2026-02-28T10:21:23.255+0000] {logging_mixin.py:188} INFO - [2026-02-28T10:21:23.254+0000] {dagbag.py:545} INFO - Filling up the DagBag from /opt/airflow/dags/load_cb_courses.py
[2026-02-28T10:21:23.906+0000] {processor.py:840} INFO - DAG(s) 'load_cb_courses' retrieved from /opt/airflow/dags/load_cb_courses.py
[2026-02-28T10:21:23.929+0000] {logging_mixin.py:188} INFO - [2026-02-28T10:21:23.928+0000] {dag.py:3089} INFO - Sync 1 DAGs
[2026-02-28T10:21:23.949+0000] {logging_mixin.py:188} INFO - [2026-02-28T10:21:23.949+0000] {dag.py:3947} INFO - Setting next_dagrun for load_cb_courses to 2026-02-28 00:00:00+00:00, run_after=2026-03-01 00:00:00+00:00
[2026-02-28T10:21:23.969+0000] {processor.py:183} INFO - Processing /opt/airflow/dags/load_cb_courses.py took 0.725 seconds
[2026-02-28T10:21:54.713+0000] {processor.py:161} INFO - Started process (PID=3427) to work on /opt/airflow/dags/load_cb_courses.py
[2026-02-28T10:21:54.714+0000] {processor.py:830} INFO - Processing file /opt/airflow/dags/load_cb_courses.py for tasks to queue
[2026-02-28T10:21:54.717+0000] {logging_mixin.py:188} INFO - [2026-02-28T10:21:54.716+0000] {dagbag.py:545} INFO - Filling up the DagBag from /opt/airflow/dags/load_cb_courses.py
[2026-02-28T10:21:55.205+0000] {processor.py:840} INFO - DAG(s) 'load_cb_courses' retrieved from /opt/airflow/dags/load_cb_courses.py
[2026-02-28T10:21:55.227+0000] {logging_mixin.py:188} INFO - [2026-02-28T10:21:55.227+0000] {dag.py:3089} INFO - Sync 1 DAGs
[2026-02-28T10:21:55.249+0000] {logging_mixin.py:188} INFO - [2026-02-28T10:21:55.249+0000] {dag.py:3947} INFO - Setting next_dagrun for load_cb_courses to 2026-02-28 00:00:00+00:00, run_after=2026-03-01 00:00:00+00:00
[2026-02-28T10:21:55.270+0000] {processor.py:183} INFO - Processing /opt/airflow/dags/load_cb_courses.py took 0.563 seconds
[2026-02-28T10:22:25.470+0000] {processor.py:161} INFO - Started process (PID=3534) to work on /opt/airflow/dags/load_cb_courses.py
[2026-02-28T10:22:25.471+0000] {processor.py:830} INFO - Processing file /opt/airflow/dags/load_cb_courses.py for tasks to queue
[2026-02-28T10:22:25.473+0000] {logging_mixin.py:188} INFO - [2026-02-28T10:22:25.473+0000] {dagbag.py:545} INFO - Filling up the DagBag from /opt/airflow/dags/load_cb_courses.py
[2026-02-28T10:22:25.944+0000] {processor.py:840} INFO - DAG(s) 'load_cb_courses' retrieved from /opt/airflow/dags/load_cb_courses.py
[2026-02-28T10:22:25.969+0000] {logging_mixin.py:188} INFO - [2026-02-28T10:22:25.968+0000] {dag.py:3089} INFO - Sync 1 DAGs
[2026-02-28T10:22:25.994+0000] {logging_mixin.py:188} INFO - [2026-02-28T10:22:25.994+0000] {dag.py:3947} INFO - Setting next_dagrun for load_cb_courses to 2026-02-28 00:00:00+00:00, run_after=2026-03-01 00:00:00+00:00
[2026-02-28T10:22:26.023+0000] {processor.py:183} INFO - Processing /opt/airflow/dags/load_cb_courses.py took 0.559 seconds
[2026-02-28T10:22:56.286+0000] {processor.py:161} INFO - Started process (PID=3572) to work on /opt/airflow/dags/load_cb_courses.py
[2026-02-28T10:22:56.288+0000] {processor.py:830} INFO - Processing file /opt/airflow/dags/load_cb_courses.py for tasks to queue
[2026-02-28T10:22:56.290+0000] {logging_mixin.py:188} INFO - [2026-02-28T10:22:56.290+0000] {dagbag.py:545} INFO - Filling up the DagBag from /opt/airflow/dags/load_cb_courses.py
[2026-02-28T10:22:56.890+0000] {processor.py:840} INFO - DAG(s) 'load_cb_courses' retrieved from /opt/airflow/dags/load_cb_courses.py
[2026-02-28T10:22:56.919+0000] {logging_mixin.py:188} INFO - [2026-02-28T10:22:56.919+0000] {dag.py:3089} INFO - Sync 1 DAGs
[2026-02-28T10:22:56.945+0000] {logging_mixin.py:188} INFO - [2026-02-28T10:22:56.945+0000] {dag.py:3947} INFO - Setting next_dagrun for load_cb_courses to 2026-02-28 00:00:00+00:00, run_after=2026-03-01 00:00:00+00:00
[2026-02-28T10:22:56.972+0000] {processor.py:183} INFO - Processing /opt/airflow/dags/load_cb_courses.py took 0.695 seconds
[2026-02-28T10:23:27.335+0000] {processor.py:161} INFO - Started process (PID=3604) to work on /opt/airflow/dags/load_cb_courses.py
[2026-02-28T10:23:27.337+0000] {processor.py:830} INFO - Processing file /opt/airflow/dags/load_cb_courses.py for tasks to queue
[2026-02-28T10:23:27.339+0000] {logging_mixin.py:188} INFO - [2026-02-28T10:23:27.339+0000] {dagbag.py:545} INFO - Filling up the DagBag from /opt/airflow/dags/load_cb_courses.py
[2026-02-28T10:23:27.766+0000] {processor.py:840} INFO - DAG(s) 'load_cb_courses' retrieved from /opt/airflow/dags/load_cb_courses.py
[2026-02-28T10:23:27.788+0000] {logging_mixin.py:188} INFO - [2026-02-28T10:23:27.787+0000] {dag.py:3089} INFO - Sync 1 DAGs
[2026-02-28T10:23:27.805+0000] {logging_mixin.py:188} INFO - [2026-02-28T10:23:27.805+0000] {dag.py:3947} INFO - Setting next_dagrun for load_cb_courses to 2026-02-28 00:00:00+00:00, run_after=2026-03-01 00:00:00+00:00
[2026-02-28T10:23:27.825+0000] {processor.py:183} INFO - Processing /opt/airflow/dags/load_cb_courses.py took 0.496 seconds
[2026-02-28T10:23:58.042+0000] {processor.py:161} INFO - Started process (PID=3721) to work on /opt/airflow/dags/load_cb_courses.py
[2026-02-28T10:23:58.044+0000] {processor.py:830} INFO - Processing file /opt/airflow/dags/load_cb_courses.py for tasks to queue
[2026-02-28T10:23:58.046+0000] {logging_mixin.py:188} INFO - [2026-02-28T10:23:58.046+0000] {dagbag.py:545} INFO - Filling up the DagBag from /opt/airflow/dags/load_cb_courses.py
[2026-02-28T10:23:58.487+0000] {processor.py:840} INFO - DAG(s) 'load_cb_courses' retrieved from /opt/airflow/dags/load_cb_courses.py
[2026-02-28T10:23:58.507+0000] {logging_mixin.py:188} INFO - [2026-02-28T10:23:58.506+0000] {dag.py:3089} INFO - Sync 1 DAGs
[2026-02-28T10:23:58.525+0000] {logging_mixin.py:188} INFO - [2026-02-28T10:23:58.525+0000] {dag.py:3947} INFO - Setting next_dagrun for load_cb_courses to 2026-02-28 00:00:00+00:00, run_after=2026-03-01 00:00:00+00:00
[2026-02-28T10:23:58.546+0000] {processor.py:183} INFO - Processing /opt/airflow/dags/load_cb_courses.py took 0.511 seconds
[2026-02-28T10:24:29.510+0000] {processor.py:161} INFO - Started process (PID=3751) to work on /opt/airflow/dags/load_cb_courses.py
[2026-02-28T10:24:29.511+0000] {processor.py:830} INFO - Processing file /opt/airflow/dags/load_cb_courses.py for tasks to queue
[2026-02-28T10:24:29.514+0000] {logging_mixin.py:188} INFO - [2026-02-28T10:24:29.513+0000] {dagbag.py:545} INFO - Filling up the DagBag from /opt/airflow/dags/load_cb_courses.py
[2026-02-28T10:24:29.937+0000] {processor.py:840} INFO - DAG(s) 'load_cb_courses' retrieved from /opt/airflow/dags/load_cb_courses.py
[2026-02-28T10:24:29.960+0000] {logging_mixin.py:188} INFO - [2026-02-28T10:24:29.959+0000] {dag.py:3089} INFO - Sync 1 DAGs
[2026-02-28T10:24:29.982+0000] {logging_mixin.py:188} INFO - [2026-02-28T10:24:29.982+0000] {dag.py:3947} INFO - Setting next_dagrun for load_cb_courses to 2026-02-28 00:00:00+00:00, run_after=2026-03-01 00:00:00+00:00
[2026-02-28T10:24:30.012+0000] {processor.py:183} INFO - Processing /opt/airflow/dags/load_cb_courses.py took 0.507 seconds
[2026-02-28T10:25:00.236+0000] {processor.py:161} INFO - Started process (PID=3787) to work on /opt/airflow/dags/load_cb_courses.py
[2026-02-28T10:25:00.238+0000] {processor.py:830} INFO - Processing file /opt/airflow/dags/load_cb_courses.py for tasks to queue
[2026-02-28T10:25:00.240+0000] {logging_mixin.py:188} INFO - [2026-02-28T10:25:00.240+0000] {dagbag.py:545} INFO - Filling up the DagBag from /opt/airflow/dags/load_cb_courses.py
[2026-02-28T10:25:00.869+0000] {processor.py:840} INFO - DAG(s) 'load_cb_courses' retrieved from /opt/airflow/dags/load_cb_courses.py
[2026-02-28T10:25:00.890+0000] {logging_mixin.py:188} INFO - [2026-02-28T10:25:00.890+0000] {dag.py:3089} INFO - Sync 1 DAGs
[2026-02-28T10:25:00.915+0000] {logging_mixin.py:188} INFO - [2026-02-28T10:25:00.915+0000] {dag.py:3947} INFO - Setting next_dagrun for load_cb_courses to 2026-02-28 00:00:00+00:00, run_after=2026-03-01 00:00:00+00:00
[2026-02-28T10:25:00.940+0000] {processor.py:183} INFO - Processing /opt/airflow/dags/load_cb_courses.py took 0.558 seconds
[2026-02-28T10:25:31.267+0000] {processor.py:161} INFO - Started process (PID=3818) to work on /opt/airflow/dags/load_cb_courses.py
[2026-02-28T10:25:31.268+0000] {processor.py:830} INFO - Processing file /opt/airflow/dags/load_cb_courses.py for tasks to queue
[2026-02-28T10:25:31.270+0000] {logging_mixin.py:188} INFO - [2026-02-28T10:25:31.270+0000] {dagbag.py:545} INFO - Filling up the DagBag from /opt/airflow/dags/load_cb_courses.py
[2026-02-28T10:25:31.703+0000] {processor.py:840} INFO - DAG(s) 'load_cb_courses' retrieved from /opt/airflow/dags/load_cb_courses.py
[2026-02-28T10:25:31.721+0000] {logging_mixin.py:188} INFO - [2026-02-28T10:25:31.720+0000] {dag.py:3089} INFO - Sync 1 DAGs
[2026-02-28T10:25:31.739+0000] {logging_mixin.py:188} INFO - [2026-02-28T10:25:31.739+0000] {dag.py:3947} INFO - Setting next_dagrun for load_cb_courses to 2026-02-28 00:00:00+00:00, run_after=2026-03-01 00:00:00+00:00
[2026-02-28T10:25:31.757+0000] {processor.py:183} INFO - Processing /opt/airflow/dags/load_cb_courses.py took 0.497 seconds
[2026-02-28T10:26:02.332+0000] {processor.py:161} INFO - Started process (PID=3857) to work on /opt/airflow/dags/load_cb_courses.py
[2026-02-28T10:26:02.334+0000] {processor.py:830} INFO - Processing file /opt/airflow/dags/load_cb_courses.py for tasks to queue
[2026-02-28T10:26:02.337+0000] {logging_mixin.py:188} INFO - [2026-02-28T10:26:02.336+0000] {dagbag.py:545} INFO - Filling up the DagBag from /opt/airflow/dags/load_cb_courses.py
[2026-02-28T10:26:02.812+0000] {processor.py:840} INFO - DAG(s) 'load_cb_courses' retrieved from /opt/airflow/dags/load_cb_courses.py
[2026-02-28T10:26:02.832+0000] {logging_mixin.py:188} INFO - [2026-02-28T10:26:02.832+0000] {dag.py:3089} INFO - Sync 1 DAGs
[2026-02-28T10:26:02.852+0000] {logging_mixin.py:188} INFO - [2026-02-28T10:26:02.852+0000] {dag.py:3947} INFO - Setting next_dagrun for load_cb_courses to 2026-02-28 00:00:00+00:00, run_after=2026-03-01 00:00:00+00:00
[2026-02-28T10:26:02.875+0000] {processor.py:183} INFO - Processing /opt/airflow/dags/load_cb_courses.py took 0.550 seconds
[2026-02-28T10:26:32.958+0000] {processor.py:161} INFO - Started process (PID=3888) to work on /opt/airflow/dags/load_cb_courses.py
[2026-02-28T10:26:32.960+0000] {processor.py:830} INFO - Processing file /opt/airflow/dags/load_cb_courses.py for tasks to queue
[2026-02-28T10:26:32.962+0000] {logging_mixin.py:188} INFO - [2026-02-28T10:26:32.962+0000] {dagbag.py:545} INFO - Filling up the DagBag from /opt/airflow/dags/load_cb_courses.py
[2026-02-28T10:26:33.416+0000] {processor.py:840} INFO - DAG(s) 'load_cb_courses' retrieved from /opt/airflow/dags/load_cb_courses.py
[2026-02-28T10:26:33.437+0000] {logging_mixin.py:188} INFO - [2026-02-28T10:26:33.437+0000] {dag.py:3089} INFO - Sync 1 DAGs
[2026-02-28T10:26:33.459+0000] {logging_mixin.py:188} INFO - [2026-02-28T10:26:33.458+0000] {dag.py:3947} INFO - Setting next_dagrun for load_cb_courses to 2026-02-28 00:00:00+00:00, run_after=2026-03-01 00:00:00+00:00
[2026-02-28T10:26:33.487+0000] {processor.py:183} INFO - Processing /opt/airflow/dags/load_cb_courses.py took 0.535 seconds
[2026-02-28T10:27:03.612+0000] {processor.py:161} INFO - Started process (PID=3919) to work on /opt/airflow/dags/load_cb_courses.py
[2026-02-28T10:27:03.613+0000] {processor.py:830} INFO - Processing file /opt/airflow/dags/load_cb_courses.py for tasks to queue
[2026-02-28T10:27:03.616+0000] {logging_mixin.py:188} INFO - [2026-02-28T10:27:03.615+0000] {dagbag.py:545} INFO - Filling up the DagBag from /opt/airflow/dags/load_cb_courses.py
[2026-02-28T10:27:04.095+0000] {processor.py:840} INFO - DAG(s) 'load_cb_courses' retrieved from /opt/airflow/dags/load_cb_courses.py
[2026-02-28T10:27:04.117+0000] {logging_mixin.py:188} INFO - [2026-02-28T10:27:04.116+0000] {dag.py:3089} INFO - Sync 1 DAGs
[2026-02-28T10:27:04.139+0000] {logging_mixin.py:188} INFO - [2026-02-28T10:27:04.138+0000] {dag.py:3947} INFO - Setting next_dagrun for load_cb_courses to 2026-02-28 00:00:00+00:00, run_after=2026-03-01 00:00:00+00:00
[2026-02-28T10:27:04.162+0000] {processor.py:183} INFO - Processing /opt/airflow/dags/load_cb_courses.py took 0.556 seconds
[2026-02-28T10:27:35.051+0000] {processor.py:161} INFO - Started process (PID=3958) to work on /opt/airflow/dags/load_cb_courses.py
[2026-02-28T10:27:35.052+0000] {processor.py:830} INFO - Processing file /opt/airflow/dags/load_cb_courses.py for tasks to queue
[2026-02-28T10:27:35.055+0000] {logging_mixin.py:188} INFO - [2026-02-28T10:27:35.054+0000] {dagbag.py:545} INFO - Filling up the DagBag from /opt/airflow/dags/load_cb_courses.py
[2026-02-28T10:27:35.493+0000] {processor.py:840} INFO - DAG(s) 'load_cb_courses' retrieved from /opt/airflow/dags/load_cb_courses.py
[2026-02-28T10:27:35.510+0000] {logging_mixin.py:188} INFO - [2026-02-28T10:27:35.510+0000] {dag.py:3089} INFO - Sync 1 DAGs
[2026-02-28T10:27:35.530+0000] {logging_mixin.py:188} INFO - [2026-02-28T10:27:35.530+0000] {dag.py:3947} INFO - Setting next_dagrun for load_cb_courses to 2026-02-28 00:00:00+00:00, run_after=2026-03-01 00:00:00+00:00
[2026-02-28T10:27:35.554+0000] {processor.py:183} INFO - Processing /opt/airflow/dags/load_cb_courses.py took 0.508 seconds
[2026-02-28T10:28:05.711+0000] {processor.py:161} INFO - Started process (PID=3989) to work on /opt/airflow/dags/load_cb_courses.py
[2026-02-28T10:28:05.712+0000] {processor.py:830} INFO - Processing file /opt/airflow/dags/load_cb_courses.py for tasks to queue
[2026-02-28T10:28:05.715+0000] {logging_mixin.py:188} INFO - [2026-02-28T10:28:05.714+0000] {dagbag.py:545} INFO - Filling up the DagBag from /opt/airflow/dags/load_cb_courses.py
[2026-02-28T10:28:06.235+0000] {processor.py:840} INFO - DAG(s) 'load_cb_courses' retrieved from /opt/airflow/dags/load_cb_courses.py
[2026-02-28T10:28:06.263+0000] {logging_mixin.py:188} INFO - [2026-02-28T10:28:06.263+0000] {dag.py:3089} INFO - Sync 1 DAGs
[2026-02-28T10:28:06.285+0000] {logging_mixin.py:188} INFO - [2026-02-28T10:28:06.285+0000] {dag.py:3947} INFO - Setting next_dagrun for load_cb_courses to 2026-02-28 00:00:00+00:00, run_after=2026-03-01 00:00:00+00:00
[2026-02-28T10:28:06.308+0000] {processor.py:183} INFO - Processing /opt/airflow/dags/load_cb_courses.py took 0.603 seconds
[2026-02-28T10:28:36.417+0000] {processor.py:161} INFO - Started process (PID=4021) to work on /opt/airflow/dags/load_cb_courses.py
[2026-02-28T10:28:36.419+0000] {processor.py:830} INFO - Processing file /opt/airflow/dags/load_cb_courses.py for tasks to queue
[2026-02-28T10:28:36.421+0000] {logging_mixin.py:188} INFO - [2026-02-28T10:28:36.421+0000] {dagbag.py:545} INFO - Filling up the DagBag from /opt/airflow/dags/load_cb_courses.py
[2026-02-28T10:28:36.879+0000] {processor.py:840} INFO - DAG(s) 'load_cb_courses' retrieved from /opt/airflow/dags/load_cb_courses.py
[2026-02-28T10:28:36.899+0000] {logging_mixin.py:188} INFO - [2026-02-28T10:28:36.898+0000] {dag.py:3089} INFO - Sync 1 DAGs
[2026-02-28T10:28:36.918+0000] {logging_mixin.py:188} INFO - [2026-02-28T10:28:36.918+0000] {dag.py:3947} INFO - Setting next_dagrun for load_cb_courses to 2026-02-28 00:00:00+00:00, run_after=2026-03-01 00:00:00+00:00
[2026-02-28T10:28:36.941+0000] {processor.py:183} INFO - Processing /opt/airflow/dags/load_cb_courses.py took 0.531 seconds
[2026-02-28T10:29:07.073+0000] {processor.py:161} INFO - Started process (PID=4060) to work on /opt/airflow/dags/load_cb_courses.py
[2026-02-28T10:29:07.074+0000] {processor.py:830} INFO - Processing file /opt/airflow/dags/load_cb_courses.py for tasks to queue
[2026-02-28T10:29:07.076+0000] {logging_mixin.py:188} INFO - [2026-02-28T10:29:07.076+0000] {dagbag.py:545} INFO - Filling up the DagBag from /opt/airflow/dags/load_cb_courses.py
[2026-02-28T10:29:07.533+0000] {processor.py:840} INFO - DAG(s) 'load_cb_courses' retrieved from /opt/airflow/dags/load_cb_courses.py
[2026-02-28T10:29:07.551+0000] {logging_mixin.py:188} INFO - [2026-02-28T10:29:07.551+0000] {dag.py:3089} INFO - Sync 1 DAGs
[2026-02-28T10:29:07.569+0000] {logging_mixin.py:188} INFO - [2026-02-28T10:29:07.569+0000] {dag.py:3947} INFO - Setting next_dagrun for load_cb_courses to 2026-02-28 00:00:00+00:00, run_after=2026-03-01 00:00:00+00:00
[2026-02-28T10:29:07.593+0000] {processor.py:183} INFO - Processing /opt/airflow/dags/load_cb_courses.py took 0.526 seconds
[2026-02-28T10:29:37.914+0000] {processor.py:161} INFO - Started process (PID=4091) to work on /opt/airflow/dags/load_cb_courses.py
[2026-02-28T10:29:37.916+0000] {processor.py:830} INFO - Processing file /opt/airflow/dags/load_cb_courses.py for tasks to queue
[2026-02-28T10:29:37.918+0000] {logging_mixin.py:188} INFO - [2026-02-28T10:29:37.917+0000] {dagbag.py:545} INFO - Filling up the DagBag from /opt/airflow/dags/load_cb_courses.py
[2026-02-28T10:29:38.335+0000] {processor.py:840} INFO - DAG(s) 'load_cb_courses' retrieved from /opt/airflow/dags/load_cb_courses.py
[2026-02-28T10:29:38.353+0000] {logging_mixin.py:188} INFO - [2026-02-28T10:29:38.353+0000] {dag.py:3089} INFO - Sync 1 DAGs
[2026-02-28T10:29:38.382+0000] {logging_mixin.py:188} INFO - [2026-02-28T10:29:38.382+0000] {dag.py:3947} INFO - Setting next_dagrun for load_cb_courses to 2026-02-28 00:00:00+00:00, run_after=2026-03-01 00:00:00+00:00
[2026-02-28T10:29:38.403+0000] {processor.py:183} INFO - Processing /opt/airflow/dags/load_cb_courses.py took 0.495 seconds
[2026-02-28T10:30:08.557+0000] {processor.py:161} INFO - Started process (PID=4122) to work on /opt/airflow/dags/load_cb_courses.py
[2026-02-28T10:30:08.559+0000] {processor.py:830} INFO - Processing file /opt/airflow/dags/load_cb_courses.py for tasks to queue
[2026-02-28T10:30:08.561+0000] {logging_mixin.py:188} INFO - [2026-02-28T10:30:08.561+0000] {dagbag.py:545} INFO - Filling up the DagBag from /opt/airflow/dags/load_cb_courses.py
[2026-02-28T10:30:09.018+0000] {processor.py:840} INFO - DAG(s) 'load_cb_courses' retrieved from /opt/airflow/dags/load_cb_courses.py
[2026-02-28T10:30:09.036+0000] {logging_mixin.py:188} INFO - [2026-02-28T10:30:09.036+0000] {dag.py:3089} INFO - Sync 1 DAGs
[2026-02-28T10:30:09.065+0000] {logging_mixin.py:188} INFO - [2026-02-28T10:30:09.065+0000] {dag.py:3947} INFO - Setting next_dagrun for load_cb_courses to 2026-02-28 00:00:00+00:00, run_after=2026-03-01 00:00:00+00:00
[2026-02-28T10:30:09.088+0000] {processor.py:183} INFO - Processing /opt/airflow/dags/load_cb_courses.py took 0.537 seconds
[2026-02-28T10:30:39.307+0000] {processor.py:161} INFO - Started process (PID=4160) to work on /opt/airflow/dags/load_cb_courses.py
[2026-02-28T10:30:39.309+0000] {processor.py:830} INFO - Processing file /opt/airflow/dags/load_cb_courses.py for tasks to queue
[2026-02-28T10:30:39.312+0000] {logging_mixin.py:188} INFO - [2026-02-28T10:30:39.311+0000] {dagbag.py:545} INFO - Filling up the DagBag from /opt/airflow/dags/load_cb_courses.py
[2026-02-28T10:30:39.820+0000] {processor.py:840} INFO - DAG(s) 'load_cb_courses' retrieved from /opt/airflow/dags/load_cb_courses.py
[2026-02-28T10:30:39.844+0000] {logging_mixin.py:188} INFO - [2026-02-28T10:30:39.843+0000] {dag.py:3089} INFO - Sync 1 DAGs
[2026-02-28T10:30:39.865+0000] {logging_mixin.py:188} INFO - [2026-02-28T10:30:39.865+0000] {dag.py:3947} INFO - Setting next_dagrun for load_cb_courses to 2026-02-28 00:00:00+00:00, run_after=2026-03-01 00:00:00+00:00
[2026-02-28T10:30:39.887+0000] {processor.py:183} INFO - Processing /opt/airflow/dags/load_cb_courses.py took 0.586 seconds
[2026-02-28T10:31:10.606+0000] {processor.py:161} INFO - Started process (PID=4197) to work on /opt/airflow/dags/load_cb_courses.py
[2026-02-28T10:31:10.607+0000] {processor.py:830} INFO - Processing file /opt/airflow/dags/load_cb_courses.py for tasks to queue
[2026-02-28T10:31:10.610+0000] {logging_mixin.py:188} INFO - [2026-02-28T10:31:10.610+0000] {dagbag.py:545} INFO - Filling up the DagBag from /opt/airflow/dags/load_cb_courses.py
[2026-02-28T10:31:11.170+0000] {processor.py:840} INFO - DAG(s) 'load_cb_courses' retrieved from /opt/airflow/dags/load_cb_courses.py
[2026-02-28T10:31:11.191+0000] {logging_mixin.py:188} INFO - [2026-02-28T10:31:11.191+0000] {dag.py:3089} INFO - Sync 1 DAGs
[2026-02-28T10:31:11.227+0000] {logging_mixin.py:188} INFO - [2026-02-28T10:31:11.227+0000] {dag.py:3947} INFO - Setting next_dagrun for load_cb_courses to 2026-02-28 00:00:00+00:00, run_after=2026-03-01 00:00:00+00:00
[2026-02-28T10:31:11.260+0000] {processor.py:183} INFO - Processing /opt/airflow/dags/load_cb_courses.py took 0.662 seconds
[2026-02-28T10:31:42.200+0000] {processor.py:161} INFO - Started process (PID=4314) to work on /opt/airflow/dags/load_cb_courses.py
[2026-02-28T10:31:42.201+0000] {processor.py:830} INFO - Processing file /opt/airflow/dags/load_cb_courses.py for tasks to queue
[2026-02-28T10:31:42.204+0000] {logging_mixin.py:188} INFO - [2026-02-28T10:31:42.204+0000] {dagbag.py:545} INFO - Filling up the DagBag from /opt/airflow/dags/load_cb_courses.py
[2026-02-28T10:31:42.652+0000] {processor.py:840} INFO - DAG(s) 'load_cb_courses' retrieved from /opt/airflow/dags/load_cb_courses.py
[2026-02-28T10:31:42.674+0000] {logging_mixin.py:188} INFO - [2026-02-28T10:31:42.674+0000] {dag.py:3089} INFO - Sync 1 DAGs
[2026-02-28T10:31:42.697+0000] {logging_mixin.py:188} INFO - [2026-02-28T10:31:42.696+0000] {dag.py:3947} INFO - Setting next_dagrun for load_cb_courses to 2026-02-28 00:00:00+00:00, run_after=2026-03-01 00:00:00+00:00
[2026-02-28T10:31:42.730+0000] {processor.py:183} INFO - Processing /opt/airflow/dags/load_cb_courses.py took 0.536 seconds
[2026-02-28T10:32:12.995+0000] {processor.py:161} INFO - Started process (PID=4352) to work on /opt/airflow/dags/load_cb_courses.py
[2026-02-28T10:32:12.997+0000] {processor.py:830} INFO - Processing file /opt/airflow/dags/load_cb_courses.py for tasks to queue
[2026-02-28T10:32:13.001+0000] {logging_mixin.py:188} INFO - [2026-02-28T10:32:13.001+0000] {dagbag.py:545} INFO - Filling up the DagBag from /opt/airflow/dags/load_cb_courses.py
[2026-02-28T10:32:13.450+0000] {processor.py:840} INFO - DAG(s) 'load_cb_courses' retrieved from /opt/airflow/dags/load_cb_courses.py
[2026-02-28T10:32:13.468+0000] {logging_mixin.py:188} INFO - [2026-02-28T10:32:13.468+0000] {dag.py:3089} INFO - Sync 1 DAGs
[2026-02-28T10:32:13.487+0000] {logging_mixin.py:188} INFO - [2026-02-28T10:32:13.487+0000] {dag.py:3947} INFO - Setting next_dagrun for load_cb_courses to 2026-02-28 00:00:00+00:00, run_after=2026-03-01 00:00:00+00:00
[2026-02-28T10:32:13.510+0000] {processor.py:183} INFO - Processing /opt/airflow/dags/load_cb_courses.py took 0.528 seconds
[2026-02-28T10:32:43.729+0000] {processor.py:161} INFO - Started process (PID=4385) to work on /opt/airflow/dags/load_cb_courses.py
[2026-02-28T10:32:43.730+0000] {processor.py:830} INFO - Processing file /opt/airflow/dags/load_cb_courses.py for tasks to queue
[2026-02-28T10:32:43.732+0000] {logging_mixin.py:188} INFO - [2026-02-28T10:32:43.732+0000] {dagbag.py:545} INFO - Filling up the DagBag from /opt/airflow/dags/load_cb_courses.py
[2026-02-28T10:32:44.194+0000] {processor.py:840} INFO - DAG(s) 'load_cb_courses' retrieved from /opt/airflow/dags/load_cb_courses.py
[2026-02-28T10:32:44.213+0000] {logging_mixin.py:188} INFO - [2026-02-28T10:32:44.213+0000] {dag.py:3089} INFO - Sync 1 DAGs
[2026-02-28T10:32:44.232+0000] {logging_mixin.py:188} INFO - [2026-02-28T10:32:44.232+0000] {dag.py:3947} INFO - Setting next_dagrun for load_cb_courses to 2026-02-28 00:00:00+00:00, run_after=2026-03-01 00:00:00+00:00
[2026-02-28T10:32:44.259+0000] {processor.py:183} INFO - Processing /opt/airflow/dags/load_cb_courses.py took 0.536 seconds
[2026-02-28T10:33:14.487+0000] {processor.py:161} INFO - Started process (PID=4416) to work on /opt/airflow/dags/load_cb_courses.py
[2026-02-28T10:33:14.488+0000] {processor.py:830} INFO - Processing file /opt/airflow/dags/load_cb_courses.py for tasks to queue
[2026-02-28T10:33:14.490+0000] {logging_mixin.py:188} INFO - [2026-02-28T10:33:14.490+0000] {dagbag.py:545} INFO - Filling up the DagBag from /opt/airflow/dags/load_cb_courses.py
[2026-02-28T10:33:14.942+0000] {processor.py:840} INFO - DAG(s) 'load_cb_courses' retrieved from /opt/airflow/dags/load_cb_courses.py
[2026-02-28T10:33:14.959+0000] {logging_mixin.py:188} INFO - [2026-02-28T10:33:14.958+0000] {dag.py:3089} INFO - Sync 1 DAGs
[2026-02-28T10:33:14.980+0000] {logging_mixin.py:188} INFO - [2026-02-28T10:33:14.980+0000] {dag.py:3947} INFO - Setting next_dagrun for load_cb_courses to 2026-02-28 00:00:00+00:00, run_after=2026-03-01 00:00:00+00:00
[2026-02-28T10:33:15.003+0000] {processor.py:183} INFO - Processing /opt/airflow/dags/load_cb_courses.py took 0.522 seconds
[2026-02-28T10:33:45.513+0000] {processor.py:161} INFO - Started process (PID=4455) to work on /opt/airflow/dags/load_cb_courses.py
[2026-02-28T10:33:45.514+0000] {processor.py:830} INFO - Processing file /opt/airflow/dags/load_cb_courses.py for tasks to queue
[2026-02-28T10:33:45.516+0000] {logging_mixin.py:188} INFO - [2026-02-28T10:33:45.516+0000] {dagbag.py:545} INFO - Filling up the DagBag from /opt/airflow/dags/load_cb_courses.py
[2026-02-28T10:33:46.027+0000] {processor.py:840} INFO - DAG(s) 'load_cb_courses' retrieved from /opt/airflow/dags/load_cb_courses.py
[2026-02-28T10:33:46.079+0000] {logging_mixin.py:188} INFO - [2026-02-28T10:33:46.078+0000] {dag.py:3089} INFO - Sync 1 DAGs
[2026-02-28T10:33:46.132+0000] {logging_mixin.py:188} INFO - [2026-02-28T10:33:46.131+0000] {dag.py:3947} INFO - Setting next_dagrun for load_cb_courses to 2026-02-28 00:00:00+00:00, run_after=2026-03-01 00:00:00+00:00
[2026-02-28T10:33:46.207+0000] {processor.py:183} INFO - Processing /opt/airflow/dags/load_cb_courses.py took 0.700 seconds
[2026-02-28T10:34:16.773+0000] {processor.py:161} INFO - Started process (PID=4486) to work on /opt/airflow/dags/load_cb_courses.py
[2026-02-28T10:34:16.774+0000] {processor.py:830} INFO - Processing file /opt/airflow/dags/load_cb_courses.py for tasks to queue
[2026-02-28T10:34:16.777+0000] {logging_mixin.py:188} INFO - [2026-02-28T10:34:16.776+0000] {dagbag.py:545} INFO - Filling up the DagBag from /opt/airflow/dags/load_cb_courses.py
[2026-02-28T10:34:17.286+0000] {processor.py:840} INFO - DAG(s) 'load_cb_courses' retrieved from /opt/airflow/dags/load_cb_courses.py
[2026-02-28T10:34:17.315+0000] {logging_mixin.py:188} INFO - [2026-02-28T10:34:17.314+0000] {dag.py:3089} INFO - Sync 1 DAGs
[2026-02-28T10:34:17.338+0000] {logging_mixin.py:188} INFO - [2026-02-28T10:34:17.337+0000] {dag.py:3947} INFO - Setting next_dagrun for load_cb_courses to 2026-02-28 00:00:00+00:00, run_after=2026-03-01 00:00:00+00:00
[2026-02-28T10:34:17.364+0000] {processor.py:183} INFO - Processing /opt/airflow/dags/load_cb_courses.py took 0.599 seconds
[2026-02-28T10:34:47.759+0000] {processor.py:161} INFO - Started process (PID=4548) to work on /opt/airflow/dags/load_cb_courses.py
[2026-02-28T10:34:47.761+0000] {processor.py:830} INFO - Processing file /opt/airflow/dags/load_cb_courses.py for tasks to queue
[2026-02-28T10:34:47.763+0000] {logging_mixin.py:188} INFO - [2026-02-28T10:34:47.762+0000] {dagbag.py:545} INFO - Filling up the DagBag from /opt/airflow/dags/load_cb_courses.py
[2026-02-28T10:34:48.231+0000] {processor.py:840} INFO - DAG(s) 'load_cb_courses' retrieved from /opt/airflow/dags/load_cb_courses.py
[2026-02-28T10:34:48.252+0000] {logging_mixin.py:188} INFO - [2026-02-28T10:34:48.251+0000] {dag.py:3089} INFO - Sync 1 DAGs
[2026-02-28T10:34:48.271+0000] {logging_mixin.py:188} INFO - [2026-02-28T10:34:48.271+0000] {dag.py:3947} INFO - Setting next_dagrun for load_cb_courses to 2026-02-28 00:00:00+00:00, run_after=2026-03-01 00:00:00+00:00
[2026-02-28T10:34:48.293+0000] {processor.py:183} INFO - Processing /opt/airflow/dags/load_cb_courses.py took 0.540 seconds
[2026-02-28T10:35:18.371+0000] {processor.py:161} INFO - Started process (PID=4585) to work on /opt/airflow/dags/load_cb_courses.py
[2026-02-28T10:35:18.373+0000] {processor.py:830} INFO - Processing file /opt/airflow/dags/load_cb_courses.py for tasks to queue
[2026-02-28T10:35:18.375+0000] {logging_mixin.py:188} INFO - [2026-02-28T10:35:18.374+0000] {dagbag.py:545} INFO - Filling up the DagBag from /opt/airflow/dags/load_cb_courses.py
[2026-02-28T10:35:18.925+0000] {processor.py:840} INFO - DAG(s) 'load_cb_courses' retrieved from /opt/airflow/dags/load_cb_courses.py
[2026-02-28T10:35:18.951+0000] {logging_mixin.py:188} INFO - [2026-02-28T10:35:18.951+0000] {dag.py:3089} INFO - Sync 1 DAGs
[2026-02-28T10:35:18.984+0000] {logging_mixin.py:188} INFO - [2026-02-28T10:35:18.984+0000] {dag.py:3947} INFO - Setting next_dagrun for load_cb_courses to 2026-02-28 00:00:00+00:00, run_after=2026-03-01 00:00:00+00:00
[2026-02-28T10:35:19.014+0000] {processor.py:183} INFO - Processing /opt/airflow/dags/load_cb_courses.py took 0.649 seconds
[2026-02-28T10:35:49.177+0000] {processor.py:161} INFO - Started process (PID=4702) to work on /opt/airflow/dags/load_cb_courses.py
[2026-02-28T10:35:49.178+0000] {processor.py:830} INFO - Processing file /opt/airflow/dags/load_cb_courses.py for tasks to queue
[2026-02-28T10:35:49.181+0000] {logging_mixin.py:188} INFO - [2026-02-28T10:35:49.180+0000] {dagbag.py:545} INFO - Filling up the DagBag from /opt/airflow/dags/load_cb_courses.py
[2026-02-28T10:35:49.772+0000] {processor.py:840} INFO - DAG(s) 'load_cb_courses' retrieved from /opt/airflow/dags/load_cb_courses.py
[2026-02-28T10:35:49.842+0000] {logging_mixin.py:188} INFO - [2026-02-28T10:35:49.841+0000] {dag.py:3089} INFO - Sync 1 DAGs
[2026-02-28T10:35:49.889+0000] {logging_mixin.py:188} INFO - [2026-02-28T10:35:49.889+0000] {dag.py:3947} INFO - Setting next_dagrun for load_cb_courses to 2026-02-28 00:00:00+00:00, run_after=2026-03-01 00:00:00+00:00
[2026-02-28T10:35:49.928+0000] {processor.py:183} INFO - Processing /opt/airflow/dags/load_cb_courses.py took 0.757 seconds
[2026-02-28T10:36:20.015+0000] {processor.py:161} INFO - Started process (PID=4733) to work on /opt/airflow/dags/load_cb_courses.py
[2026-02-28T10:36:20.016+0000] {processor.py:830} INFO - Processing file /opt/airflow/dags/load_cb_courses.py for tasks to queue
[2026-02-28T10:36:20.019+0000] {logging_mixin.py:188} INFO - [2026-02-28T10:36:20.018+0000] {dagbag.py:545} INFO - Filling up the DagBag from /opt/airflow/dags/load_cb_courses.py
[2026-02-28T10:36:20.472+0000] {processor.py:840} INFO - DAG(s) 'load_cb_courses' retrieved from /opt/airflow/dags/load_cb_courses.py
[2026-02-28T10:36:20.490+0000] {logging_mixin.py:188} INFO - [2026-02-28T10:36:20.490+0000] {dag.py:3089} INFO - Sync 1 DAGs
[2026-02-28T10:36:20.508+0000] {logging_mixin.py:188} INFO - [2026-02-28T10:36:20.507+0000] {dag.py:3947} INFO - Setting next_dagrun for load_cb_courses to 2026-02-28 00:00:00+00:00, run_after=2026-03-01 00:00:00+00:00
[2026-02-28T10:36:20.534+0000] {processor.py:183} INFO - Processing /opt/airflow/dags/load_cb_courses.py took 0.525 seconds
[2026-02-28T10:36:50.621+0000] {processor.py:161} INFO - Started process (PID=4770) to work on /opt/airflow/dags/load_cb_courses.py
[2026-02-28T10:36:50.622+0000] {processor.py:830} INFO - Processing file /opt/airflow/dags/load_cb_courses.py for tasks to queue
[2026-02-28T10:36:50.624+0000] {logging_mixin.py:188} INFO - [2026-02-28T10:36:50.624+0000] {dagbag.py:545} INFO - Filling up the DagBag from /opt/airflow/dags/load_cb_courses.py
[2026-02-28T10:36:51.057+0000] {processor.py:840} INFO - DAG(s) 'load_cb_courses' retrieved from /opt/airflow/dags/load_cb_courses.py
[2026-02-28T10:36:51.081+0000] {logging_mixin.py:188} INFO - [2026-02-28T10:36:51.080+0000] {dag.py:3089} INFO - Sync 1 DAGs
[2026-02-28T10:36:51.100+0000] {logging_mixin.py:188} INFO - [2026-02-28T10:36:51.100+0000] {dag.py:3947} INFO - Setting next_dagrun for load_cb_courses to 2026-02-28 00:00:00+00:00, run_after=2026-03-01 00:00:00+00:00
[2026-02-28T10:36:51.125+0000] {processor.py:183} INFO - Processing /opt/airflow/dags/load_cb_courses.py took 0.509 seconds
[2026-02-28T10:37:21.261+0000] {processor.py:161} INFO - Started process (PID=4801) to work on /opt/airflow/dags/load_cb_courses.py
[2026-02-28T10:37:21.262+0000] {processor.py:830} INFO - Processing file /opt/airflow/dags/load_cb_courses.py for tasks to queue
[2026-02-28T10:37:21.264+0000] {logging_mixin.py:188} INFO - [2026-02-28T10:37:21.264+0000] {dagbag.py:545} INFO - Filling up the DagBag from /opt/airflow/dags/load_cb_courses.py
[2026-02-28T10:37:21.675+0000] {processor.py:840} INFO - DAG(s) 'load_cb_courses' retrieved from /opt/airflow/dags/load_cb_courses.py
[2026-02-28T10:37:21.693+0000] {logging_mixin.py:188} INFO - [2026-02-28T10:37:21.693+0000] {dag.py:3089} INFO - Sync 1 DAGs
[2026-02-28T10:37:21.713+0000] {logging_mixin.py:188} INFO - [2026-02-28T10:37:21.712+0000] {dag.py:3947} INFO - Setting next_dagrun for load_cb_courses to 2026-02-28 00:00:00+00:00, run_after=2026-03-01 00:00:00+00:00
[2026-02-28T10:37:21.732+0000] {processor.py:183} INFO - Processing /opt/airflow/dags/load_cb_courses.py took 0.477 seconds
[2026-02-28T10:37:51.956+0000] {processor.py:161} INFO - Started process (PID=4831) to work on /opt/airflow/dags/load_cb_courses.py
[2026-02-28T10:37:51.957+0000] {processor.py:830} INFO - Processing file /opt/airflow/dags/load_cb_courses.py for tasks to queue
[2026-02-28T10:37:51.960+0000] {logging_mixin.py:188} INFO - [2026-02-28T10:37:51.959+0000] {dagbag.py:545} INFO - Filling up the DagBag from /opt/airflow/dags/load_cb_courses.py
[2026-02-28T10:37:52.358+0000] {processor.py:840} INFO - DAG(s) 'load_cb_courses' retrieved from /opt/airflow/dags/load_cb_courses.py
[2026-02-28T10:37:52.376+0000] {logging_mixin.py:188} INFO - [2026-02-28T10:37:52.375+0000] {dag.py:3089} INFO - Sync 1 DAGs
[2026-02-28T10:37:52.394+0000] {logging_mixin.py:188} INFO - [2026-02-28T10:37:52.394+0000] {dag.py:3947} INFO - Setting next_dagrun for load_cb_courses to 2026-02-28 00:00:00+00:00, run_after=2026-03-01 00:00:00+00:00
[2026-02-28T10:37:52.414+0000] {processor.py:183} INFO - Processing /opt/airflow/dags/load_cb_courses.py took 0.464 seconds
[2026-02-28T10:38:22.793+0000] {processor.py:161} INFO - Started process (PID=4868) to work on /opt/airflow/dags/load_cb_courses.py
[2026-02-28T10:38:22.794+0000] {processor.py:830} INFO - Processing file /opt/airflow/dags/load_cb_courses.py for tasks to queue
[2026-02-28T10:38:22.797+0000] {logging_mixin.py:188} INFO - [2026-02-28T10:38:22.796+0000] {dagbag.py:545} INFO - Filling up the DagBag from /opt/airflow/dags/load_cb_courses.py
[2026-02-28T10:38:23.277+0000] {processor.py:840} INFO - DAG(s) 'load_cb_courses' retrieved from /opt/airflow/dags/load_cb_courses.py
[2026-02-28T10:38:23.311+0000] {logging_mixin.py:188} INFO - [2026-02-28T10:38:23.310+0000] {dag.py:3089} INFO - Sync 1 DAGs
[2026-02-28T10:38:23.335+0000] {logging_mixin.py:188} INFO - [2026-02-28T10:38:23.335+0000] {dag.py:3947} INFO - Setting next_dagrun for load_cb_courses to 2026-02-28 00:00:00+00:00, run_after=2026-03-01 00:00:00+00:00
[2026-02-28T10:38:23.358+0000] {processor.py:183} INFO - Processing /opt/airflow/dags/load_cb_courses.py took 0.571 seconds
[2026-02-28T10:38:53.528+0000] {processor.py:161} INFO - Started process (PID=4900) to work on /opt/airflow/dags/load_cb_courses.py
[2026-02-28T10:38:53.529+0000] {processor.py:830} INFO - Processing file /opt/airflow/dags/load_cb_courses.py for tasks to queue
[2026-02-28T10:38:53.532+0000] {logging_mixin.py:188} INFO - [2026-02-28T10:38:53.531+0000] {dagbag.py:545} INFO - Filling up the DagBag from /opt/airflow/dags/load_cb_courses.py
[2026-02-28T10:38:53.940+0000] {processor.py:840} INFO - DAG(s) 'load_cb_courses' retrieved from /opt/airflow/dags/load_cb_courses.py
[2026-02-28T10:38:53.958+0000] {logging_mixin.py:188} INFO - [2026-02-28T10:38:53.957+0000] {dag.py:3089} INFO - Sync 1 DAGs
[2026-02-28T10:38:53.979+0000] {logging_mixin.py:188} INFO - [2026-02-28T10:38:53.979+0000] {dag.py:3947} INFO - Setting next_dagrun for load_cb_courses to 2026-02-28 00:00:00+00:00, run_after=2026-03-01 00:00:00+00:00
[2026-02-28T10:38:54.000+0000] {processor.py:183} INFO - Processing /opt/airflow/dags/load_cb_courses.py took 0.479 seconds
[2026-02-28T10:39:24.131+0000] {processor.py:161} INFO - Started process (PID=4932) to work on /opt/airflow/dags/load_cb_courses.py
[2026-02-28T10:39:24.133+0000] {processor.py:830} INFO - Processing file /opt/airflow/dags/load_cb_courses.py for tasks to queue
[2026-02-28T10:39:24.135+0000] {logging_mixin.py:188} INFO - [2026-02-28T10:39:24.134+0000] {dagbag.py:545} INFO - Filling up the DagBag from /opt/airflow/dags/load_cb_courses.py
[2026-02-28T10:39:24.557+0000] {processor.py:840} INFO - DAG(s) 'load_cb_courses' retrieved from /opt/airflow/dags/load_cb_courses.py
[2026-02-28T10:39:24.575+0000] {logging_mixin.py:188} INFO - [2026-02-28T10:39:24.574+0000] {dag.py:3089} INFO - Sync 1 DAGs
[2026-02-28T10:39:24.594+0000] {logging_mixin.py:188} INFO - [2026-02-28T10:39:24.594+0000] {dag.py:3947} INFO - Setting next_dagrun for load_cb_courses to 2026-02-28 00:00:00+00:00, run_after=2026-03-01 00:00:00+00:00
[2026-02-28T10:39:24.611+0000] {processor.py:183} INFO - Processing /opt/airflow/dags/load_cb_courses.py took 0.486 seconds
[2026-02-28T10:39:55.155+0000] {processor.py:161} INFO - Started process (PID=4971) to work on /opt/airflow/dags/load_cb_courses.py
[2026-02-28T10:39:55.158+0000] {processor.py:830} INFO - Processing file /opt/airflow/dags/load_cb_courses.py for tasks to queue
[2026-02-28T10:39:55.161+0000] {logging_mixin.py:188} INFO - [2026-02-28T10:39:55.160+0000] {dagbag.py:545} INFO - Filling up the DagBag from /opt/airflow/dags/load_cb_courses.py
[2026-02-28T10:39:55.730+0000] {processor.py:840} INFO - DAG(s) 'load_cb_courses' retrieved from /opt/airflow/dags/load_cb_courses.py
[2026-02-28T10:39:55.771+0000] {logging_mixin.py:188} INFO - [2026-02-28T10:39:55.770+0000] {dag.py:3089} INFO - Sync 1 DAGs
[2026-02-28T10:39:55.796+0000] {logging_mixin.py:188} INFO - [2026-02-28T10:39:55.795+0000] {dag.py:3947} INFO - Setting next_dagrun for load_cb_courses to 2026-02-28 00:00:00+00:00, run_after=2026-03-01 00:00:00+00:00
[2026-02-28T10:39:55.835+0000] {processor.py:183} INFO - Processing /opt/airflow/dags/load_cb_courses.py took 0.686 seconds
[2026-02-28T10:40:26.284+0000] {processor.py:161} INFO - Started process (PID=5002) to work on /opt/airflow/dags/load_cb_courses.py
[2026-02-28T10:40:26.285+0000] {processor.py:830} INFO - Processing file /opt/airflow/dags/load_cb_courses.py for tasks to queue
[2026-02-28T10:40:26.287+0000] {logging_mixin.py:188} INFO - [2026-02-28T10:40:26.286+0000] {dagbag.py:545} INFO - Filling up the DagBag from /opt/airflow/dags/load_cb_courses.py
[2026-02-28T10:40:26.768+0000] {processor.py:840} INFO - DAG(s) 'load_cb_courses' retrieved from /opt/airflow/dags/load_cb_courses.py
[2026-02-28T10:40:26.822+0000] {logging_mixin.py:188} INFO - [2026-02-28T10:40:26.820+0000] {dag.py:3089} INFO - Sync 1 DAGs
[2026-02-28T10:40:26.868+0000] {logging_mixin.py:188} INFO - [2026-02-28T10:40:26.868+0000] {dag.py:3947} INFO - Setting next_dagrun for load_cb_courses to 2026-02-28 00:00:00+00:00, run_after=2026-03-01 00:00:00+00:00
[2026-02-28T10:40:26.890+0000] {processor.py:183} INFO - Processing /opt/airflow/dags/load_cb_courses.py took 0.613 seconds
[2026-02-28T10:40:57.539+0000] {processor.py:161} INFO - Started process (PID=5040) to work on /opt/airflow/dags/load_cb_courses.py
[2026-02-28T10:40:57.540+0000] {processor.py:830} INFO - Processing file /opt/airflow/dags/load_cb_courses.py for tasks to queue
[2026-02-28T10:40:57.543+0000] {logging_mixin.py:188} INFO - [2026-02-28T10:40:57.542+0000] {dagbag.py:545} INFO - Filling up the DagBag from /opt/airflow/dags/load_cb_courses.py
[2026-02-28T10:40:58.105+0000] {processor.py:840} INFO - DAG(s) 'load_cb_courses' retrieved from /opt/airflow/dags/load_cb_courses.py
[2026-02-28T10:40:58.124+0000] {logging_mixin.py:188} INFO - [2026-02-28T10:40:58.123+0000] {dag.py:3089} INFO - Sync 1 DAGs
[2026-02-28T10:40:58.146+0000] {logging_mixin.py:188} INFO - [2026-02-28T10:40:58.146+0000] {dag.py:3947} INFO - Setting next_dagrun for load_cb_courses to 2026-02-28 00:00:00+00:00, run_after=2026-03-01 00:00:00+00:00
[2026-02-28T10:40:58.174+0000] {processor.py:183} INFO - Processing /opt/airflow/dags/load_cb_courses.py took 0.642 seconds
[2026-02-28T10:41:28.782+0000] {processor.py:161} INFO - Started process (PID=5071) to work on /opt/airflow/dags/load_cb_courses.py
[2026-02-28T10:41:28.783+0000] {processor.py:830} INFO - Processing file /opt/airflow/dags/load_cb_courses.py for tasks to queue
[2026-02-28T10:41:28.786+0000] {logging_mixin.py:188} INFO - [2026-02-28T10:41:28.785+0000] {dagbag.py:545} INFO - Filling up the DagBag from /opt/airflow/dags/load_cb_courses.py
[2026-02-28T10:41:29.270+0000] {processor.py:840} INFO - DAG(s) 'load_cb_courses' retrieved from /opt/airflow/dags/load_cb_courses.py
[2026-02-28T10:41:29.289+0000] {logging_mixin.py:188} INFO - [2026-02-28T10:41:29.289+0000] {dag.py:3089} INFO - Sync 1 DAGs
[2026-02-28T10:41:29.309+0000] {logging_mixin.py:188} INFO - [2026-02-28T10:41:29.309+0000] {dag.py:3947} INFO - Setting next_dagrun for load_cb_courses to 2026-02-28 00:00:00+00:00, run_after=2026-03-01 00:00:00+00:00
[2026-02-28T10:41:29.327+0000] {processor.py:183} INFO - Processing /opt/airflow/dags/load_cb_courses.py took 0.551 seconds
[2026-02-28T10:41:59.929+0000] {processor.py:161} INFO - Started process (PID=5102) to work on /opt/airflow/dags/load_cb_courses.py
[2026-02-28T10:41:59.931+0000] {processor.py:830} INFO - Processing file /opt/airflow/dags/load_cb_courses.py for tasks to queue
[2026-02-28T10:41:59.941+0000] {logging_mixin.py:188} INFO - [2026-02-28T10:41:59.940+0000] {dagbag.py:545} INFO - Filling up the DagBag from /opt/airflow/dags/load_cb_courses.py
[2026-02-28T10:42:00.442+0000] {processor.py:840} INFO - DAG(s) 'load_cb_courses' retrieved from /opt/airflow/dags/load_cb_courses.py
[2026-02-28T10:42:00.466+0000] {logging_mixin.py:188} INFO - [2026-02-28T10:42:00.465+0000] {dag.py:3089} INFO - Sync 1 DAGs
[2026-02-28T10:42:00.492+0000] {logging_mixin.py:188} INFO - [2026-02-28T10:42:00.491+0000] {dag.py:3947} INFO - Setting next_dagrun for load_cb_courses to 2026-02-28 00:00:00+00:00, run_after=2026-03-01 00:00:00+00:00
[2026-02-28T10:42:00.521+0000] {processor.py:183} INFO - Processing /opt/airflow/dags/load_cb_courses.py took 0.598 seconds
[2026-02-28T10:42:30.787+0000] {processor.py:161} INFO - Started process (PID=5140) to work on /opt/airflow/dags/load_cb_courses.py
[2026-02-28T10:42:30.788+0000] {processor.py:830} INFO - Processing file /opt/airflow/dags/load_cb_courses.py for tasks to queue
[2026-02-28T10:42:30.791+0000] {logging_mixin.py:188} INFO - [2026-02-28T10:42:30.790+0000] {dagbag.py:545} INFO - Filling up the DagBag from /opt/airflow/dags/load_cb_courses.py
[2026-02-28T10:42:31.237+0000] {processor.py:840} INFO - DAG(s) 'load_cb_courses' retrieved from /opt/airflow/dags/load_cb_courses.py
[2026-02-28T10:42:31.260+0000] {logging_mixin.py:188} INFO - [2026-02-28T10:42:31.259+0000] {dag.py:3089} INFO - Sync 1 DAGs
[2026-02-28T10:42:31.283+0000] {logging_mixin.py:188} INFO - [2026-02-28T10:42:31.282+0000] {dag.py:3947} INFO - Setting next_dagrun for load_cb_courses to 2026-02-28 00:00:00+00:00, run_after=2026-03-01 00:00:00+00:00
[2026-02-28T10:42:31.306+0000] {processor.py:183} INFO - Processing /opt/airflow/dags/load_cb_courses.py took 0.529 seconds
[2026-02-28T10:43:01.866+0000] {processor.py:161} INFO - Started process (PID=5171) to work on /opt/airflow/dags/load_cb_courses.py
[2026-02-28T10:43:01.867+0000] {processor.py:830} INFO - Processing file /opt/airflow/dags/load_cb_courses.py for tasks to queue
[2026-02-28T10:43:01.869+0000] {logging_mixin.py:188} INFO - [2026-02-28T10:43:01.869+0000] {dagbag.py:545} INFO - Filling up the DagBag from /opt/airflow/dags/load_cb_courses.py
[2026-02-28T10:43:02.310+0000] {processor.py:840} INFO - DAG(s) 'load_cb_courses' retrieved from /opt/airflow/dags/load_cb_courses.py
[2026-02-28T10:43:02.329+0000] {logging_mixin.py:188} INFO - [2026-02-28T10:43:02.329+0000] {dag.py:3089} INFO - Sync 1 DAGs
[2026-02-28T10:43:02.349+0000] {logging_mixin.py:188} INFO - [2026-02-28T10:43:02.349+0000] {dag.py:3947} INFO - Setting next_dagrun for load_cb_courses to 2026-02-28 00:00:00+00:00, run_after=2026-03-01 00:00:00+00:00
[2026-02-28T10:43:02.373+0000] {processor.py:183} INFO - Processing /opt/airflow/dags/load_cb_courses.py took 0.514 seconds
[2026-02-28T10:43:32.592+0000] {processor.py:161} INFO - Started process (PID=5202) to work on /opt/airflow/dags/load_cb_courses.py
[2026-02-28T10:43:32.594+0000] {processor.py:830} INFO - Processing file /opt/airflow/dags/load_cb_courses.py for tasks to queue
[2026-02-28T10:43:32.597+0000] {logging_mixin.py:188} INFO - [2026-02-28T10:43:32.597+0000] {dagbag.py:545} INFO - Filling up the DagBag from /opt/airflow/dags/load_cb_courses.py
[2026-02-28T10:43:33.095+0000] {processor.py:840} INFO - DAG(s) 'load_cb_courses' retrieved from /opt/airflow/dags/load_cb_courses.py
[2026-02-28T10:43:33.116+0000] {logging_mixin.py:188} INFO - [2026-02-28T10:43:33.115+0000] {dag.py:3089} INFO - Sync 1 DAGs
[2026-02-28T10:43:33.139+0000] {logging_mixin.py:188} INFO - [2026-02-28T10:43:33.139+0000] {dag.py:3947} INFO - Setting next_dagrun for load_cb_courses to 2026-02-28 00:00:00+00:00, run_after=2026-03-01 00:00:00+00:00
[2026-02-28T10:43:33.168+0000] {processor.py:183} INFO - Processing /opt/airflow/dags/load_cb_courses.py took 0.584 seconds
[2026-02-28T10:44:03.758+0000] {processor.py:161} INFO - Started process (PID=5241) to work on /opt/airflow/dags/load_cb_courses.py
[2026-02-28T10:44:03.761+0000] {processor.py:830} INFO - Processing file /opt/airflow/dags/load_cb_courses.py for tasks to queue
[2026-02-28T10:44:03.768+0000] {logging_mixin.py:188} INFO - [2026-02-28T10:44:03.766+0000] {dagbag.py:545} INFO - Filling up the DagBag from /opt/airflow/dags/load_cb_courses.py
[2026-02-28T10:44:04.303+0000] {processor.py:840} INFO - DAG(s) 'load_cb_courses' retrieved from /opt/airflow/dags/load_cb_courses.py
[2026-02-28T10:44:04.326+0000] {logging_mixin.py:188} INFO - [2026-02-28T10:44:04.325+0000] {dag.py:3089} INFO - Sync 1 DAGs
[2026-02-28T10:44:04.349+0000] {logging_mixin.py:188} INFO - [2026-02-28T10:44:04.349+0000] {dag.py:3947} INFO - Setting next_dagrun for load_cb_courses to 2026-02-28 00:00:00+00:00, run_after=2026-03-01 00:00:00+00:00
[2026-02-28T10:44:04.369+0000] {processor.py:183} INFO - Processing /opt/airflow/dags/load_cb_courses.py took 0.622 seconds
[2026-02-28T10:44:34.881+0000] {processor.py:161} INFO - Started process (PID=5272) to work on /opt/airflow/dags/load_cb_courses.py
[2026-02-28T10:44:34.883+0000] {processor.py:830} INFO - Processing file /opt/airflow/dags/load_cb_courses.py for tasks to queue
[2026-02-28T10:44:34.885+0000] {logging_mixin.py:188} INFO - [2026-02-28T10:44:34.885+0000] {dagbag.py:545} INFO - Filling up the DagBag from /opt/airflow/dags/load_cb_courses.py
[2026-02-28T10:44:35.330+0000] {processor.py:840} INFO - DAG(s) 'load_cb_courses' retrieved from /opt/airflow/dags/load_cb_courses.py
[2026-02-28T10:44:35.349+0000] {logging_mixin.py:188} INFO - [2026-02-28T10:44:35.349+0000] {dag.py:3089} INFO - Sync 1 DAGs
[2026-02-28T10:44:35.372+0000] {logging_mixin.py:188} INFO - [2026-02-28T10:44:35.372+0000] {dag.py:3947} INFO - Setting next_dagrun for load_cb_courses to 2026-02-28 00:00:00+00:00, run_after=2026-03-01 00:00:00+00:00
[2026-02-28T10:44:35.394+0000] {processor.py:183} INFO - Processing /opt/airflow/dags/load_cb_courses.py took 0.519 seconds
[2026-02-28T10:45:06.479+0000] {processor.py:161} INFO - Started process (PID=5309) to work on /opt/airflow/dags/load_cb_courses.py
[2026-02-28T10:45:06.481+0000] {processor.py:830} INFO - Processing file /opt/airflow/dags/load_cb_courses.py for tasks to queue
[2026-02-28T10:45:06.484+0000] {logging_mixin.py:188} INFO - [2026-02-28T10:45:06.483+0000] {dagbag.py:545} INFO - Filling up the DagBag from /opt/airflow/dags/load_cb_courses.py
[2026-02-28T10:45:07.163+0000] {processor.py:840} INFO - DAG(s) 'load_cb_courses' retrieved from /opt/airflow/dags/load_cb_courses.py
[2026-02-28T10:45:07.210+0000] {logging_mixin.py:188} INFO - [2026-02-28T10:45:07.210+0000] {dag.py:3089} INFO - Sync 1 DAGs
[2026-02-28T10:45:07.241+0000] {logging_mixin.py:188} INFO - [2026-02-28T10:45:07.241+0000] {dag.py:3947} INFO - Setting next_dagrun for load_cb_courses to 2026-02-28 00:00:00+00:00, run_after=2026-03-01 00:00:00+00:00
[2026-02-28T10:45:07.264+0000] {processor.py:183} INFO - Processing /opt/airflow/dags/load_cb_courses.py took 0.792 seconds
[2026-02-28T10:45:37.783+0000] {processor.py:161} INFO - Started process (PID=5340) to work on /opt/airflow/dags/load_cb_courses.py
[2026-02-28T10:45:37.785+0000] {processor.py:830} INFO - Processing file /opt/airflow/dags/load_cb_courses.py for tasks to queue
[2026-02-28T10:45:37.789+0000] {logging_mixin.py:188} INFO - [2026-02-28T10:45:37.789+0000] {dagbag.py:545} INFO - Filling up the DagBag from /opt/airflow/dags/load_cb_courses.py
[2026-02-28T10:45:38.276+0000] {processor.py:840} INFO - DAG(s) 'load_cb_courses' retrieved from /opt/airflow/dags/load_cb_courses.py
[2026-02-28T10:45:38.299+0000] {logging_mixin.py:188} INFO - [2026-02-28T10:45:38.298+0000] {dag.py:3089} INFO - Sync 1 DAGs
[2026-02-28T10:45:38.323+0000] {logging_mixin.py:188} INFO - [2026-02-28T10:45:38.323+0000] {dag.py:3947} INFO - Setting next_dagrun for load_cb_courses to 2026-02-28 00:00:00+00:00, run_after=2026-03-01 00:00:00+00:00
[2026-02-28T10:45:38.346+0000] {processor.py:183} INFO - Processing /opt/airflow/dags/load_cb_courses.py took 0.574 seconds
[2026-02-28T10:46:09.009+0000] {processor.py:161} INFO - Started process (PID=5371) to work on /opt/airflow/dags/load_cb_courses.py
[2026-02-28T10:46:09.013+0000] {processor.py:830} INFO - Processing file /opt/airflow/dags/load_cb_courses.py for tasks to queue
[2026-02-28T10:46:09.016+0000] {logging_mixin.py:188} INFO - [2026-02-28T10:46:09.015+0000] {dagbag.py:545} INFO - Filling up the DagBag from /opt/airflow/dags/load_cb_courses.py
[2026-02-28T10:46:09.569+0000] {processor.py:840} INFO - DAG(s) 'load_cb_courses' retrieved from /opt/airflow/dags/load_cb_courses.py
[2026-02-28T10:46:09.590+0000] {logging_mixin.py:188} INFO - [2026-02-28T10:46:09.589+0000] {dag.py:3089} INFO - Sync 1 DAGs
[2026-02-28T10:46:09.618+0000] {logging_mixin.py:188} INFO - [2026-02-28T10:46:09.618+0000] {dag.py:3947} INFO - Setting next_dagrun for load_cb_courses to 2026-02-28 00:00:00+00:00, run_after=2026-03-01 00:00:00+00:00
[2026-02-28T10:46:09.645+0000] {processor.py:183} INFO - Processing /opt/airflow/dags/load_cb_courses.py took 0.643 seconds
[2026-02-28T10:46:39.754+0000] {processor.py:161} INFO - Started process (PID=5409) to work on /opt/airflow/dags/load_cb_courses.py
[2026-02-28T10:46:39.756+0000] {processor.py:830} INFO - Processing file /opt/airflow/dags/load_cb_courses.py for tasks to queue
[2026-02-28T10:46:39.759+0000] {logging_mixin.py:188} INFO - [2026-02-28T10:46:39.758+0000] {dagbag.py:545} INFO - Filling up the DagBag from /opt/airflow/dags/load_cb_courses.py
[2026-02-28T10:46:40.221+0000] {processor.py:840} INFO - DAG(s) 'load_cb_courses' retrieved from /opt/airflow/dags/load_cb_courses.py
[2026-02-28T10:46:40.238+0000] {logging_mixin.py:188} INFO - [2026-02-28T10:46:40.238+0000] {dag.py:3089} INFO - Sync 1 DAGs
[2026-02-28T10:46:40.259+0000] {logging_mixin.py:188} INFO - [2026-02-28T10:46:40.258+0000] {dag.py:3947} INFO - Setting next_dagrun for load_cb_courses to 2026-02-28 00:00:00+00:00, run_after=2026-03-01 00:00:00+00:00
[2026-02-28T10:46:40.280+0000] {processor.py:183} INFO - Processing /opt/airflow/dags/load_cb_courses.py took 0.532 seconds
[2026-02-28T10:47:10.445+0000] {processor.py:161} INFO - Started process (PID=5440) to work on /opt/airflow/dags/load_cb_courses.py
[2026-02-28T10:47:10.447+0000] {processor.py:830} INFO - Processing file /opt/airflow/dags/load_cb_courses.py for tasks to queue
[2026-02-28T10:47:10.450+0000] {logging_mixin.py:188} INFO - [2026-02-28T10:47:10.450+0000] {dagbag.py:545} INFO - Filling up the DagBag from /opt/airflow/dags/load_cb_courses.py
[2026-02-28T10:47:10.933+0000] {processor.py:840} INFO - DAG(s) 'load_cb_courses' retrieved from /opt/airflow/dags/load_cb_courses.py
[2026-02-28T10:47:10.957+0000] {logging_mixin.py:188} INFO - [2026-02-28T10:47:10.956+0000] {dag.py:3089} INFO - Sync 1 DAGs
[2026-02-28T10:47:10.980+0000] {logging_mixin.py:188} INFO - [2026-02-28T10:47:10.980+0000] {dag.py:3947} INFO - Setting next_dagrun for load_cb_courses to 2026-02-28 00:00:00+00:00, run_after=2026-03-01 00:00:00+00:00
[2026-02-28T10:47:11.008+0000] {processor.py:183} INFO - Processing /opt/airflow/dags/load_cb_courses.py took 0.569 seconds
[2026-02-28T10:47:41.307+0000] {processor.py:161} INFO - Started process (PID=5478) to work on /opt/airflow/dags/load_cb_courses.py
[2026-02-28T10:47:41.309+0000] {processor.py:830} INFO - Processing file /opt/airflow/dags/load_cb_courses.py for tasks to queue
[2026-02-28T10:47:41.312+0000] {logging_mixin.py:188} INFO - [2026-02-28T10:47:41.311+0000] {dagbag.py:545} INFO - Filling up the DagBag from /opt/airflow/dags/load_cb_courses.py
[2026-02-28T10:47:41.949+0000] {processor.py:840} INFO - DAG(s) 'load_cb_courses' retrieved from /opt/airflow/dags/load_cb_courses.py
[2026-02-28T10:47:41.972+0000] {logging_mixin.py:188} INFO - [2026-02-28T10:47:41.971+0000] {dag.py:3089} INFO - Sync 1 DAGs
[2026-02-28T10:47:41.995+0000] {logging_mixin.py:188} INFO - [2026-02-28T10:47:41.994+0000] {dag.py:3947} INFO - Setting next_dagrun for load_cb_courses to 2026-02-28 00:00:00+00:00, run_after=2026-03-01 00:00:00+00:00
[2026-02-28T10:47:42.018+0000] {processor.py:183} INFO - Processing /opt/airflow/dags/load_cb_courses.py took 0.719 seconds
[2026-02-28T10:48:12.720+0000] {processor.py:161} INFO - Started process (PID=5509) to work on /opt/airflow/dags/load_cb_courses.py
[2026-02-28T10:48:12.722+0000] {processor.py:830} INFO - Processing file /opt/airflow/dags/load_cb_courses.py for tasks to queue
[2026-02-28T10:48:12.724+0000] {logging_mixin.py:188} INFO - [2026-02-28T10:48:12.724+0000] {dagbag.py:545} INFO - Filling up the DagBag from /opt/airflow/dags/load_cb_courses.py
[2026-02-28T10:48:13.228+0000] {processor.py:840} INFO - DAG(s) 'load_cb_courses' retrieved from /opt/airflow/dags/load_cb_courses.py
[2026-02-28T10:48:13.253+0000] {logging_mixin.py:188} INFO - [2026-02-28T10:48:13.253+0000] {dag.py:3089} INFO - Sync 1 DAGs
[2026-02-28T10:48:13.276+0000] {logging_mixin.py:188} INFO - [2026-02-28T10:48:13.276+0000] {dag.py:3947} INFO - Setting next_dagrun for load_cb_courses to 2026-02-28 00:00:00+00:00, run_after=2026-03-01 00:00:00+00:00
[2026-02-28T10:48:13.300+0000] {processor.py:183} INFO - Processing /opt/airflow/dags/load_cb_courses.py took 0.593 seconds
[2026-02-28T10:48:43.974+0000] {processor.py:161} INFO - Started process (PID=5540) to work on /opt/airflow/dags/load_cb_courses.py
[2026-02-28T10:48:43.975+0000] {processor.py:830} INFO - Processing file /opt/airflow/dags/load_cb_courses.py for tasks to queue
[2026-02-28T10:48:43.977+0000] {logging_mixin.py:188} INFO - [2026-02-28T10:48:43.977+0000] {dagbag.py:545} INFO - Filling up the DagBag from /opt/airflow/dags/load_cb_courses.py
[2026-02-28T10:48:44.538+0000] {processor.py:840} INFO - DAG(s) 'load_cb_courses' retrieved from /opt/airflow/dags/load_cb_courses.py
[2026-02-28T10:48:44.568+0000] {logging_mixin.py:188} INFO - [2026-02-28T10:48:44.567+0000] {dag.py:3089} INFO - Sync 1 DAGs
[2026-02-28T10:48:44.593+0000] {logging_mixin.py:188} INFO - [2026-02-28T10:48:44.593+0000] {dag.py:3947} INFO - Setting next_dagrun for load_cb_courses to 2026-02-28 00:00:00+00:00, run_after=2026-03-01 00:00:00+00:00
[2026-02-28T10:48:44.617+0000] {processor.py:183} INFO - Processing /opt/airflow/dags/load_cb_courses.py took 0.650 seconds
[2026-02-28T10:49:15.212+0000] {processor.py:161} INFO - Started process (PID=5579) to work on /opt/airflow/dags/load_cb_courses.py
[2026-02-28T10:49:15.213+0000] {processor.py:830} INFO - Processing file /opt/airflow/dags/load_cb_courses.py for tasks to queue
[2026-02-28T10:49:15.215+0000] {logging_mixin.py:188} INFO - [2026-02-28T10:49:15.215+0000] {dagbag.py:545} INFO - Filling up the DagBag from /opt/airflow/dags/load_cb_courses.py
[2026-02-28T10:49:15.642+0000] {processor.py:840} INFO - DAG(s) 'load_cb_courses' retrieved from /opt/airflow/dags/load_cb_courses.py
[2026-02-28T10:49:15.661+0000] {logging_mixin.py:188} INFO - [2026-02-28T10:49:15.660+0000] {dag.py:3089} INFO - Sync 1 DAGs
[2026-02-28T10:49:15.679+0000] {logging_mixin.py:188} INFO - [2026-02-28T10:49:15.679+0000] {dag.py:3947} INFO - Setting next_dagrun for load_cb_courses to 2026-02-28 00:00:00+00:00, run_after=2026-03-01 00:00:00+00:00
[2026-02-28T10:49:15.700+0000] {processor.py:183} INFO - Processing /opt/airflow/dags/load_cb_courses.py took 0.495 seconds
[2026-02-28T10:49:45.855+0000] {processor.py:161} INFO - Started process (PID=5610) to work on /opt/airflow/dags/load_cb_courses.py
[2026-02-28T10:49:45.856+0000] {processor.py:830} INFO - Processing file /opt/airflow/dags/load_cb_courses.py for tasks to queue
[2026-02-28T10:49:45.858+0000] {logging_mixin.py:188} INFO - [2026-02-28T10:49:45.858+0000] {dagbag.py:545} INFO - Filling up the DagBag from /opt/airflow/dags/load_cb_courses.py
[2026-02-28T10:49:46.282+0000] {processor.py:840} INFO - DAG(s) 'load_cb_courses' retrieved from /opt/airflow/dags/load_cb_courses.py
[2026-02-28T10:49:46.301+0000] {logging_mixin.py:188} INFO - [2026-02-28T10:49:46.301+0000] {dag.py:3089} INFO - Sync 1 DAGs
[2026-02-28T10:49:46.319+0000] {logging_mixin.py:188} INFO - [2026-02-28T10:49:46.319+0000] {dag.py:3947} INFO - Setting next_dagrun for load_cb_courses to 2026-02-28 00:00:00+00:00, run_after=2026-03-01 00:00:00+00:00
[2026-02-28T10:49:46.339+0000] {processor.py:183} INFO - Processing /opt/airflow/dags/load_cb_courses.py took 0.490 seconds
[2026-02-28T10:50:17.067+0000] {processor.py:161} INFO - Started process (PID=5654) to work on /opt/airflow/dags/load_cb_courses.py
[2026-02-28T10:50:17.068+0000] {processor.py:830} INFO - Processing file /opt/airflow/dags/load_cb_courses.py for tasks to queue
[2026-02-28T10:50:17.070+0000] {logging_mixin.py:188} INFO - [2026-02-28T10:50:17.070+0000] {dagbag.py:545} INFO - Filling up the DagBag from /opt/airflow/dags/load_cb_courses.py
[2026-02-28T10:50:17.727+0000] {processor.py:840} INFO - DAG(s) 'load_cb_courses' retrieved from /opt/airflow/dags/load_cb_courses.py
[2026-02-28T10:50:17.745+0000] {logging_mixin.py:188} INFO - [2026-02-28T10:50:17.744+0000] {dag.py:3089} INFO - Sync 1 DAGs
[2026-02-28T10:50:17.763+0000] {logging_mixin.py:188} INFO - [2026-02-28T10:50:17.763+0000] {dag.py:3947} INFO - Setting next_dagrun for load_cb_courses to 2026-02-28 00:00:00+00:00, run_after=2026-03-01 00:00:00+00:00
[2026-02-28T10:50:17.783+0000] {processor.py:183} INFO - Processing /opt/airflow/dags/load_cb_courses.py took 0.722 seconds
[2026-02-28T10:50:48.367+0000] {processor.py:161} INFO - Started process (PID=5685) to work on /opt/airflow/dags/load_cb_courses.py
[2026-02-28T10:50:48.368+0000] {processor.py:830} INFO - Processing file /opt/airflow/dags/load_cb_courses.py for tasks to queue
[2026-02-28T10:50:48.370+0000] {logging_mixin.py:188} INFO - [2026-02-28T10:50:48.369+0000] {dagbag.py:545} INFO - Filling up the DagBag from /opt/airflow/dags/load_cb_courses.py
[2026-02-28T10:50:48.807+0000] {processor.py:840} INFO - DAG(s) 'load_cb_courses' retrieved from /opt/airflow/dags/load_cb_courses.py
[2026-02-28T10:50:48.827+0000] {logging_mixin.py:188} INFO - [2026-02-28T10:50:48.827+0000] {dag.py:3089} INFO - Sync 1 DAGs
[2026-02-28T10:50:48.846+0000] {logging_mixin.py:188} INFO - [2026-02-28T10:50:48.846+0000] {dag.py:3947} INFO - Setting next_dagrun for load_cb_courses to 2026-02-28 00:00:00+00:00, run_after=2026-03-01 00:00:00+00:00
[2026-02-28T10:50:48.863+0000] {processor.py:183} INFO - Processing /opt/airflow/dags/load_cb_courses.py took 0.503 seconds
[2026-02-28T10:51:19.388+0000] {processor.py:161} INFO - Started process (PID=5716) to work on /opt/airflow/dags/load_cb_courses.py
[2026-02-28T10:51:19.390+0000] {processor.py:830} INFO - Processing file /opt/airflow/dags/load_cb_courses.py for tasks to queue
[2026-02-28T10:51:19.392+0000] {logging_mixin.py:188} INFO - [2026-02-28T10:51:19.392+0000] {dagbag.py:545} INFO - Filling up the DagBag from /opt/airflow/dags/load_cb_courses.py
[2026-02-28T10:51:19.995+0000] {processor.py:840} INFO - DAG(s) 'load_cb_courses' retrieved from /opt/airflow/dags/load_cb_courses.py
[2026-02-28T10:51:20.022+0000] {logging_mixin.py:188} INFO - [2026-02-28T10:51:20.022+0000] {dag.py:3089} INFO - Sync 1 DAGs
[2026-02-28T10:51:20.047+0000] {logging_mixin.py:188} INFO - [2026-02-28T10:51:20.047+0000] {dag.py:3947} INFO - Setting next_dagrun for load_cb_courses to 2026-02-28 00:00:00+00:00, run_after=2026-03-01 00:00:00+00:00
[2026-02-28T10:51:20.083+0000] {processor.py:183} INFO - Processing /opt/airflow/dags/load_cb_courses.py took 0.701 seconds
[2026-02-28T10:51:50.869+0000] {processor.py:161} INFO - Started process (PID=5755) to work on /opt/airflow/dags/load_cb_courses.py
[2026-02-28T10:51:50.870+0000] {processor.py:830} INFO - Processing file /opt/airflow/dags/load_cb_courses.py for tasks to queue
[2026-02-28T10:51:50.872+0000] {logging_mixin.py:188} INFO - [2026-02-28T10:51:50.872+0000] {dagbag.py:545} INFO - Filling up the DagBag from /opt/airflow/dags/load_cb_courses.py
[2026-02-28T10:51:51.289+0000] {processor.py:840} INFO - DAG(s) 'load_cb_courses' retrieved from /opt/airflow/dags/load_cb_courses.py
[2026-02-28T10:51:51.307+0000] {logging_mixin.py:188} INFO - [2026-02-28T10:51:51.307+0000] {dag.py:3089} INFO - Sync 1 DAGs
[2026-02-28T10:51:51.327+0000] {logging_mixin.py:188} INFO - [2026-02-28T10:51:51.327+0000] {dag.py:3947} INFO - Setting next_dagrun for load_cb_courses to 2026-02-28 00:00:00+00:00, run_after=2026-03-01 00:00:00+00:00
[2026-02-28T10:51:51.346+0000] {processor.py:183} INFO - Processing /opt/airflow/dags/load_cb_courses.py took 0.483 seconds
[2026-02-28T10:52:21.566+0000] {processor.py:161} INFO - Started process (PID=5786) to work on /opt/airflow/dags/load_cb_courses.py
[2026-02-28T10:52:21.567+0000] {processor.py:830} INFO - Processing file /opt/airflow/dags/load_cb_courses.py for tasks to queue
[2026-02-28T10:52:21.569+0000] {logging_mixin.py:188} INFO - [2026-02-28T10:52:21.569+0000] {dagbag.py:545} INFO - Filling up the DagBag from /opt/airflow/dags/load_cb_courses.py
[2026-02-28T10:52:21.996+0000] {processor.py:840} INFO - DAG(s) 'load_cb_courses' retrieved from /opt/airflow/dags/load_cb_courses.py
[2026-02-28T10:52:22.015+0000] {logging_mixin.py:188} INFO - [2026-02-28T10:52:22.014+0000] {dag.py:3089} INFO - Sync 1 DAGs
[2026-02-28T10:52:22.035+0000] {logging_mixin.py:188} INFO - [2026-02-28T10:52:22.034+0000] {dag.py:3947} INFO - Setting next_dagrun for load_cb_courses to 2026-02-28 00:00:00+00:00, run_after=2026-03-01 00:00:00+00:00
[2026-02-28T10:52:22.051+0000] {processor.py:183} INFO - Processing /opt/airflow/dags/load_cb_courses.py took 0.491 seconds
[2026-02-28T10:52:52.263+0000] {processor.py:161} INFO - Started process (PID=5817) to work on /opt/airflow/dags/load_cb_courses.py
[2026-02-28T10:52:52.264+0000] {processor.py:830} INFO - Processing file /opt/airflow/dags/load_cb_courses.py for tasks to queue
[2026-02-28T10:52:52.266+0000] {logging_mixin.py:188} INFO - [2026-02-28T10:52:52.266+0000] {dagbag.py:545} INFO - Filling up the DagBag from /opt/airflow/dags/load_cb_courses.py
[2026-02-28T10:52:52.723+0000] {processor.py:840} INFO - DAG(s) 'load_cb_courses' retrieved from /opt/airflow/dags/load_cb_courses.py
[2026-02-28T10:52:52.751+0000] {logging_mixin.py:188} INFO - [2026-02-28T10:52:52.750+0000] {dag.py:3089} INFO - Sync 1 DAGs
[2026-02-28T10:52:52.771+0000] {logging_mixin.py:188} INFO - [2026-02-28T10:52:52.771+0000] {dag.py:3947} INFO - Setting next_dagrun for load_cb_courses to 2026-02-28 00:00:00+00:00, run_after=2026-03-01 00:00:00+00:00
[2026-02-28T10:52:52.792+0000] {processor.py:183} INFO - Processing /opt/airflow/dags/load_cb_courses.py took 0.535 seconds
[2026-02-28T10:53:23.367+0000] {processor.py:161} INFO - Started process (PID=5856) to work on /opt/airflow/dags/load_cb_courses.py
[2026-02-28T10:53:23.368+0000] {processor.py:830} INFO - Processing file /opt/airflow/dags/load_cb_courses.py for tasks to queue
[2026-02-28T10:53:23.370+0000] {logging_mixin.py:188} INFO - [2026-02-28T10:53:23.370+0000] {dagbag.py:545} INFO - Filling up the DagBag from /opt/airflow/dags/load_cb_courses.py
[2026-02-28T10:53:23.843+0000] {processor.py:840} INFO - DAG(s) 'load_cb_courses' retrieved from /opt/airflow/dags/load_cb_courses.py
[2026-02-28T10:53:23.865+0000] {logging_mixin.py:188} INFO - [2026-02-28T10:53:23.864+0000] {dag.py:3089} INFO - Sync 1 DAGs
[2026-02-28T10:53:23.885+0000] {logging_mixin.py:188} INFO - [2026-02-28T10:53:23.885+0000] {dag.py:3947} INFO - Setting next_dagrun for load_cb_courses to 2026-02-28 00:00:00+00:00, run_after=2026-03-01 00:00:00+00:00
[2026-02-28T10:53:23.905+0000] {processor.py:183} INFO - Processing /opt/airflow/dags/load_cb_courses.py took 0.544 seconds
[2026-02-28T10:53:54.619+0000] {processor.py:161} INFO - Started process (PID=5886) to work on /opt/airflow/dags/load_cb_courses.py
[2026-02-28T10:53:54.620+0000] {processor.py:830} INFO - Processing file /opt/airflow/dags/load_cb_courses.py for tasks to queue
[2026-02-28T10:53:54.622+0000] {logging_mixin.py:188} INFO - [2026-02-28T10:53:54.622+0000] {dagbag.py:545} INFO - Filling up the DagBag from /opt/airflow/dags/load_cb_courses.py
[2026-02-28T10:53:55.061+0000] {processor.py:840} INFO - DAG(s) 'load_cb_courses' retrieved from /opt/airflow/dags/load_cb_courses.py
[2026-02-28T10:53:55.080+0000] {logging_mixin.py:188} INFO - [2026-02-28T10:53:55.080+0000] {dag.py:3089} INFO - Sync 1 DAGs
[2026-02-28T10:53:55.100+0000] {logging_mixin.py:188} INFO - [2026-02-28T10:53:55.099+0000] {dag.py:3947} INFO - Setting next_dagrun for load_cb_courses to 2026-02-28 00:00:00+00:00, run_after=2026-03-01 00:00:00+00:00
[2026-02-28T10:53:55.118+0000] {processor.py:183} INFO - Processing /opt/airflow/dags/load_cb_courses.py took 0.505 seconds
[2026-02-28T10:54:25.724+0000] {processor.py:161} INFO - Started process (PID=5924) to work on /opt/airflow/dags/load_cb_courses.py
[2026-02-28T10:54:25.725+0000] {processor.py:830} INFO - Processing file /opt/airflow/dags/load_cb_courses.py for tasks to queue
[2026-02-28T10:54:25.727+0000] {logging_mixin.py:188} INFO - [2026-02-28T10:54:25.727+0000] {dagbag.py:545} INFO - Filling up the DagBag from /opt/airflow/dags/load_cb_courses.py
[2026-02-28T10:54:26.142+0000] {processor.py:840} INFO - DAG(s) 'load_cb_courses' retrieved from /opt/airflow/dags/load_cb_courses.py
[2026-02-28T10:54:26.160+0000] {logging_mixin.py:188} INFO - [2026-02-28T10:54:26.159+0000] {dag.py:3089} INFO - Sync 1 DAGs
[2026-02-28T10:54:26.180+0000] {logging_mixin.py:188} INFO - [2026-02-28T10:54:26.180+0000] {dag.py:3947} INFO - Setting next_dagrun for load_cb_courses to 2026-02-28 00:00:00+00:00, run_after=2026-03-01 00:00:00+00:00
[2026-02-28T10:54:26.201+0000] {processor.py:183} INFO - Processing /opt/airflow/dags/load_cb_courses.py took 0.483 seconds
[2026-02-28T10:54:57.115+0000] {processor.py:161} INFO - Started process (PID=5956) to work on /opt/airflow/dags/load_cb_courses.py
[2026-02-28T10:54:57.116+0000] {processor.py:830} INFO - Processing file /opt/airflow/dags/load_cb_courses.py for tasks to queue
[2026-02-28T10:54:57.119+0000] {logging_mixin.py:188} INFO - [2026-02-28T10:54:57.119+0000] {dagbag.py:545} INFO - Filling up the DagBag from /opt/airflow/dags/load_cb_courses.py
[2026-02-28T10:54:57.728+0000] {processor.py:840} INFO - DAG(s) 'load_cb_courses' retrieved from /opt/airflow/dags/load_cb_courses.py
[2026-02-28T10:54:57.751+0000] {logging_mixin.py:188} INFO - [2026-02-28T10:54:57.750+0000] {dag.py:3089} INFO - Sync 1 DAGs
[2026-02-28T10:54:57.772+0000] {logging_mixin.py:188} INFO - [2026-02-28T10:54:57.772+0000] {dag.py:3947} INFO - Setting next_dagrun for load_cb_courses to 2026-02-28 00:00:00+00:00, run_after=2026-03-01 00:00:00+00:00
[2026-02-28T10:54:57.836+0000] {processor.py:183} INFO - Processing /opt/airflow/dags/load_cb_courses.py took 0.730 seconds
[2026-02-28T10:55:28.390+0000] {processor.py:161} INFO - Started process (PID=5994) to work on /opt/airflow/dags/load_cb_courses.py
[2026-02-28T10:55:28.392+0000] {processor.py:830} INFO - Processing file /opt/airflow/dags/load_cb_courses.py for tasks to queue
[2026-02-28T10:55:28.394+0000] {logging_mixin.py:188} INFO - [2026-02-28T10:55:28.394+0000] {dagbag.py:545} INFO - Filling up the DagBag from /opt/airflow/dags/load_cb_courses.py
[2026-02-28T10:55:28.875+0000] {processor.py:840} INFO - DAG(s) 'load_cb_courses' retrieved from /opt/airflow/dags/load_cb_courses.py
[2026-02-28T10:55:28.908+0000] {logging_mixin.py:188} INFO - [2026-02-28T10:55:28.907+0000] {dag.py:3089} INFO - Sync 1 DAGs
[2026-02-28T10:55:28.942+0000] {logging_mixin.py:188} INFO - [2026-02-28T10:55:28.942+0000] {dag.py:3947} INFO - Setting next_dagrun for load_cb_courses to 2026-02-28 00:00:00+00:00, run_after=2026-03-01 00:00:00+00:00
[2026-02-28T10:55:28.998+0000] {processor.py:183} INFO - Processing /opt/airflow/dags/load_cb_courses.py took 0.615 seconds
[2026-02-28T10:56:00.589+0000] {processor.py:161} INFO - Started process (PID=6025) to work on /opt/airflow/dags/load_cb_courses.py
[2026-02-28T10:56:00.597+0000] {processor.py:830} INFO - Processing file /opt/airflow/dags/load_cb_courses.py for tasks to queue
[2026-02-28T10:56:00.603+0000] {logging_mixin.py:188} INFO - [2026-02-28T10:56:00.602+0000] {dagbag.py:545} INFO - Filling up the DagBag from /opt/airflow/dags/load_cb_courses.py
[2026-02-28T10:56:01.293+0000] {processor.py:840} INFO - DAG(s) 'load_cb_courses' retrieved from /opt/airflow/dags/load_cb_courses.py
[2026-02-28T10:56:01.317+0000] {logging_mixin.py:188} INFO - [2026-02-28T10:56:01.317+0000] {dag.py:3089} INFO - Sync 1 DAGs
[2026-02-28T10:56:01.346+0000] {logging_mixin.py:188} INFO - [2026-02-28T10:56:01.346+0000] {dag.py:3947} INFO - Setting next_dagrun for load_cb_courses to 2026-02-28 00:00:00+00:00, run_after=2026-03-01 00:00:00+00:00
[2026-02-28T10:56:01.366+0000] {processor.py:183} INFO - Processing /opt/airflow/dags/load_cb_courses.py took 0.795 seconds
[2026-02-28T10:56:31.965+0000] {processor.py:161} INFO - Started process (PID=6064) to work on /opt/airflow/dags/load_cb_courses.py
[2026-02-28T10:56:31.966+0000] {processor.py:830} INFO - Processing file /opt/airflow/dags/load_cb_courses.py for tasks to queue
[2026-02-28T10:56:31.968+0000] {logging_mixin.py:188} INFO - [2026-02-28T10:56:31.968+0000] {dagbag.py:545} INFO - Filling up the DagBag from /opt/airflow/dags/load_cb_courses.py
[2026-02-28T10:56:32.413+0000] {processor.py:840} INFO - DAG(s) 'load_cb_courses' retrieved from /opt/airflow/dags/load_cb_courses.py
[2026-02-28T10:56:32.430+0000] {logging_mixin.py:188} INFO - [2026-02-28T10:56:32.430+0000] {dag.py:3089} INFO - Sync 1 DAGs
[2026-02-28T10:56:32.452+0000] {logging_mixin.py:188} INFO - [2026-02-28T10:56:32.451+0000] {dag.py:3947} INFO - Setting next_dagrun for load_cb_courses to 2026-02-28 00:00:00+00:00, run_after=2026-03-01 00:00:00+00:00
[2026-02-28T10:56:32.476+0000] {processor.py:183} INFO - Processing /opt/airflow/dags/load_cb_courses.py took 0.516 seconds
[2026-02-28T10:57:02.602+0000] {processor.py:161} INFO - Started process (PID=6095) to work on /opt/airflow/dags/load_cb_courses.py
[2026-02-28T10:57:02.603+0000] {processor.py:830} INFO - Processing file /opt/airflow/dags/load_cb_courses.py for tasks to queue
[2026-02-28T10:57:02.605+0000] {logging_mixin.py:188} INFO - [2026-02-28T10:57:02.605+0000] {dagbag.py:545} INFO - Filling up the DagBag from /opt/airflow/dags/load_cb_courses.py
[2026-02-28T10:57:03.023+0000] {processor.py:840} INFO - DAG(s) 'load_cb_courses' retrieved from /opt/airflow/dags/load_cb_courses.py
[2026-02-28T10:57:03.045+0000] {logging_mixin.py:188} INFO - [2026-02-28T10:57:03.044+0000] {dag.py:3089} INFO - Sync 1 DAGs
[2026-02-28T10:57:03.066+0000] {logging_mixin.py:188} INFO - [2026-02-28T10:57:03.066+0000] {dag.py:3947} INFO - Setting next_dagrun for load_cb_courses to 2026-02-28 00:00:00+00:00, run_after=2026-03-01 00:00:00+00:00
[2026-02-28T10:57:03.091+0000] {processor.py:183} INFO - Processing /opt/airflow/dags/load_cb_courses.py took 0.494 seconds
[2026-02-28T10:57:33.886+0000] {processor.py:161} INFO - Started process (PID=6126) to work on /opt/airflow/dags/load_cb_courses.py
[2026-02-28T10:57:33.887+0000] {processor.py:830} INFO - Processing file /opt/airflow/dags/load_cb_courses.py for tasks to queue
[2026-02-28T10:57:33.889+0000] {logging_mixin.py:188} INFO - [2026-02-28T10:57:33.888+0000] {dagbag.py:545} INFO - Filling up the DagBag from /opt/airflow/dags/load_cb_courses.py
[2026-02-28T10:57:34.290+0000] {processor.py:840} INFO - DAG(s) 'load_cb_courses' retrieved from /opt/airflow/dags/load_cb_courses.py
[2026-02-28T10:57:34.308+0000] {logging_mixin.py:188} INFO - [2026-02-28T10:57:34.307+0000] {dag.py:3089} INFO - Sync 1 DAGs
[2026-02-28T10:57:34.327+0000] {logging_mixin.py:188} INFO - [2026-02-28T10:57:34.327+0000] {dag.py:3947} INFO - Setting next_dagrun for load_cb_courses to 2026-02-28 00:00:00+00:00, run_after=2026-03-01 00:00:00+00:00
[2026-02-28T10:57:34.350+0000] {processor.py:183} INFO - Processing /opt/airflow/dags/load_cb_courses.py took 0.471 seconds
[2026-02-28T10:58:04.485+0000] {processor.py:161} INFO - Started process (PID=6164) to work on /opt/airflow/dags/load_cb_courses.py
[2026-02-28T10:58:04.486+0000] {processor.py:830} INFO - Processing file /opt/airflow/dags/load_cb_courses.py for tasks to queue
[2026-02-28T10:58:04.489+0000] {logging_mixin.py:188} INFO - [2026-02-28T10:58:04.489+0000] {dagbag.py:545} INFO - Filling up the DagBag from /opt/airflow/dags/load_cb_courses.py
[2026-02-28T10:58:04.891+0000] {processor.py:840} INFO - DAG(s) 'load_cb_courses' retrieved from /opt/airflow/dags/load_cb_courses.py
[2026-02-28T10:58:04.911+0000] {logging_mixin.py:188} INFO - [2026-02-28T10:58:04.910+0000] {dag.py:3089} INFO - Sync 1 DAGs
[2026-02-28T10:58:04.931+0000] {logging_mixin.py:188} INFO - [2026-02-28T10:58:04.931+0000] {dag.py:3947} INFO - Setting next_dagrun for load_cb_courses to 2026-02-28 00:00:00+00:00, run_after=2026-03-01 00:00:00+00:00
[2026-02-28T10:58:04.950+0000] {processor.py:183} INFO - Processing /opt/airflow/dags/load_cb_courses.py took 0.471 seconds
[2026-02-28T10:58:35.076+0000] {processor.py:161} INFO - Started process (PID=6195) to work on /opt/airflow/dags/load_cb_courses.py
[2026-02-28T10:58:35.077+0000] {processor.py:830} INFO - Processing file /opt/airflow/dags/load_cb_courses.py for tasks to queue
[2026-02-28T10:58:35.079+0000] {logging_mixin.py:188} INFO - [2026-02-28T10:58:35.079+0000] {dagbag.py:545} INFO - Filling up the DagBag from /opt/airflow/dags/load_cb_courses.py
[2026-02-28T10:58:35.488+0000] {processor.py:840} INFO - DAG(s) 'load_cb_courses' retrieved from /opt/airflow/dags/load_cb_courses.py
[2026-02-28T10:58:35.504+0000] {logging_mixin.py:188} INFO - [2026-02-28T10:58:35.504+0000] {dag.py:3089} INFO - Sync 1 DAGs
[2026-02-28T10:58:35.523+0000] {logging_mixin.py:188} INFO - [2026-02-28T10:58:35.523+0000] {dag.py:3947} INFO - Setting next_dagrun for load_cb_courses to 2026-02-28 00:00:00+00:00, run_after=2026-03-01 00:00:00+00:00
[2026-02-28T10:58:35.542+0000] {processor.py:183} INFO - Processing /opt/airflow/dags/load_cb_courses.py took 0.472 seconds
[2026-02-28T10:59:05.910+0000] {processor.py:161} INFO - Started process (PID=6235) to work on /opt/airflow/dags/load_cb_courses.py
[2026-02-28T10:59:05.911+0000] {processor.py:830} INFO - Processing file /opt/airflow/dags/load_cb_courses.py for tasks to queue
[2026-02-28T10:59:05.913+0000] {logging_mixin.py:188} INFO - [2026-02-28T10:59:05.913+0000] {dagbag.py:545} INFO - Filling up the DagBag from /opt/airflow/dags/load_cb_courses.py
[2026-02-28T10:59:06.353+0000] {processor.py:840} INFO - DAG(s) 'load_cb_courses' retrieved from /opt/airflow/dags/load_cb_courses.py
[2026-02-28T10:59:06.381+0000] {logging_mixin.py:188} INFO - [2026-02-28T10:59:06.380+0000] {dag.py:3089} INFO - Sync 1 DAGs
[2026-02-28T10:59:06.401+0000] {logging_mixin.py:188} INFO - [2026-02-28T10:59:06.401+0000] {dag.py:3947} INFO - Setting next_dagrun for load_cb_courses to 2026-02-28 00:00:00+00:00, run_after=2026-03-01 00:00:00+00:00
[2026-02-28T10:59:06.425+0000] {processor.py:183} INFO - Processing /opt/airflow/dags/load_cb_courses.py took 0.522 seconds
[2026-02-28T10:59:37.012+0000] {processor.py:161} INFO - Started process (PID=6266) to work on /opt/airflow/dags/load_cb_courses.py
[2026-02-28T10:59:37.013+0000] {processor.py:830} INFO - Processing file /opt/airflow/dags/load_cb_courses.py for tasks to queue
[2026-02-28T10:59:37.016+0000] {logging_mixin.py:188} INFO - [2026-02-28T10:59:37.015+0000] {dagbag.py:545} INFO - Filling up the DagBag from /opt/airflow/dags/load_cb_courses.py
[2026-02-28T10:59:37.450+0000] {processor.py:840} INFO - DAG(s) 'load_cb_courses' retrieved from /opt/airflow/dags/load_cb_courses.py
[2026-02-28T10:59:37.474+0000] {logging_mixin.py:188} INFO - [2026-02-28T10:59:37.474+0000] {dag.py:3089} INFO - Sync 1 DAGs
[2026-02-28T10:59:37.498+0000] {logging_mixin.py:188} INFO - [2026-02-28T10:59:37.498+0000] {dag.py:3947} INFO - Setting next_dagrun for load_cb_courses to 2026-02-28 00:00:00+00:00, run_after=2026-03-01 00:00:00+00:00
[2026-02-28T10:59:37.521+0000] {processor.py:183} INFO - Processing /opt/airflow/dags/load_cb_courses.py took 0.518 seconds
[2026-02-28T11:00:08.127+0000] {processor.py:161} INFO - Started process (PID=6298) to work on /opt/airflow/dags/load_cb_courses.py
[2026-02-28T11:00:08.128+0000] {processor.py:830} INFO - Processing file /opt/airflow/dags/load_cb_courses.py for tasks to queue
[2026-02-28T11:00:08.140+0000] {logging_mixin.py:188} INFO - [2026-02-28T11:00:08.139+0000] {dagbag.py:545} INFO - Filling up the DagBag from /opt/airflow/dags/load_cb_courses.py
[2026-02-28T11:00:08.618+0000] {processor.py:840} INFO - DAG(s) 'load_cb_courses' retrieved from /opt/airflow/dags/load_cb_courses.py
[2026-02-28T11:00:08.634+0000] {logging_mixin.py:188} INFO - [2026-02-28T11:00:08.634+0000] {dag.py:3089} INFO - Sync 1 DAGs
[2026-02-28T11:00:08.652+0000] {logging_mixin.py:188} INFO - [2026-02-28T11:00:08.652+0000] {dag.py:3947} INFO - Setting next_dagrun for load_cb_courses to 2026-02-28 00:00:00+00:00, run_after=2026-03-01 00:00:00+00:00
[2026-02-28T11:00:08.672+0000] {processor.py:183} INFO - Processing /opt/airflow/dags/load_cb_courses.py took 0.565 seconds
[2026-02-28T11:00:39.222+0000] {processor.py:161} INFO - Started process (PID=6336) to work on /opt/airflow/dags/load_cb_courses.py
[2026-02-28T11:00:39.223+0000] {processor.py:830} INFO - Processing file /opt/airflow/dags/load_cb_courses.py for tasks to queue
[2026-02-28T11:00:39.225+0000] {logging_mixin.py:188} INFO - [2026-02-28T11:00:39.225+0000] {dagbag.py:545} INFO - Filling up the DagBag from /opt/airflow/dags/load_cb_courses.py
[2026-02-28T11:00:39.630+0000] {processor.py:840} INFO - DAG(s) 'load_cb_courses' retrieved from /opt/airflow/dags/load_cb_courses.py
[2026-02-28T11:00:39.647+0000] {logging_mixin.py:188} INFO - [2026-02-28T11:00:39.647+0000] {dag.py:3089} INFO - Sync 1 DAGs
[2026-02-28T11:00:39.669+0000] {logging_mixin.py:188} INFO - [2026-02-28T11:00:39.668+0000] {dag.py:3947} INFO - Setting next_dagrun for load_cb_courses to 2026-02-28 00:00:00+00:00, run_after=2026-03-01 00:00:00+00:00
[2026-02-28T11:00:39.686+0000] {processor.py:183} INFO - Processing /opt/airflow/dags/load_cb_courses.py took 0.470 seconds
[2026-02-28T11:01:10.343+0000] {processor.py:161} INFO - Started process (PID=6367) to work on /opt/airflow/dags/load_cb_courses.py
[2026-02-28T11:01:10.345+0000] {processor.py:830} INFO - Processing file /opt/airflow/dags/load_cb_courses.py for tasks to queue
[2026-02-28T11:01:10.348+0000] {logging_mixin.py:188} INFO - [2026-02-28T11:01:10.348+0000] {dagbag.py:545} INFO - Filling up the DagBag from /opt/airflow/dags/load_cb_courses.py
[2026-02-28T11:01:10.808+0000] {processor.py:840} INFO - DAG(s) 'load_cb_courses' retrieved from /opt/airflow/dags/load_cb_courses.py
[2026-02-28T11:01:10.829+0000] {logging_mixin.py:188} INFO - [2026-02-28T11:01:10.829+0000] {dag.py:3089} INFO - Sync 1 DAGs
[2026-02-28T11:01:10.851+0000] {logging_mixin.py:188} INFO - [2026-02-28T11:01:10.851+0000] {dag.py:3947} INFO - Setting next_dagrun for load_cb_courses to 2026-02-28 00:00:00+00:00, run_after=2026-03-01 00:00:00+00:00
[2026-02-28T11:01:10.877+0000] {processor.py:183} INFO - Processing /opt/airflow/dags/load_cb_courses.py took 0.541 seconds
[2026-02-28T11:01:41.591+0000] {processor.py:161} INFO - Started process (PID=6406) to work on /opt/airflow/dags/load_cb_courses.py
[2026-02-28T11:01:41.593+0000] {processor.py:830} INFO - Processing file /opt/airflow/dags/load_cb_courses.py for tasks to queue
[2026-02-28T11:01:41.595+0000] {logging_mixin.py:188} INFO - [2026-02-28T11:01:41.595+0000] {dagbag.py:545} INFO - Filling up the DagBag from /opt/airflow/dags/load_cb_courses.py
[2026-02-28T11:01:42.112+0000] {processor.py:840} INFO - DAG(s) 'load_cb_courses' retrieved from /opt/airflow/dags/load_cb_courses.py
[2026-02-28T11:01:42.139+0000] {logging_mixin.py:188} INFO - [2026-02-28T11:01:42.139+0000] {dag.py:3089} INFO - Sync 1 DAGs
[2026-02-28T11:01:42.162+0000] {logging_mixin.py:188} INFO - [2026-02-28T11:01:42.162+0000] {dag.py:3947} INFO - Setting next_dagrun for load_cb_courses to 2026-02-28 00:00:00+00:00, run_after=2026-03-01 00:00:00+00:00
[2026-02-28T11:01:42.186+0000] {processor.py:183} INFO - Processing /opt/airflow/dags/load_cb_courses.py took 0.601 seconds
[2026-02-28T11:02:12.523+0000] {processor.py:161} INFO - Started process (PID=6437) to work on /opt/airflow/dags/load_cb_courses.py
[2026-02-28T11:02:12.525+0000] {processor.py:830} INFO - Processing file /opt/airflow/dags/load_cb_courses.py for tasks to queue
[2026-02-28T11:02:12.527+0000] {logging_mixin.py:188} INFO - [2026-02-28T11:02:12.527+0000] {dagbag.py:545} INFO - Filling up the DagBag from /opt/airflow/dags/load_cb_courses.py
[2026-02-28T11:02:13.035+0000] {processor.py:840} INFO - DAG(s) 'load_cb_courses' retrieved from /opt/airflow/dags/load_cb_courses.py
[2026-02-28T11:02:13.057+0000] {logging_mixin.py:188} INFO - [2026-02-28T11:02:13.057+0000] {dag.py:3089} INFO - Sync 1 DAGs
[2026-02-28T11:02:13.086+0000] {logging_mixin.py:188} INFO - [2026-02-28T11:02:13.086+0000] {dag.py:3947} INFO - Setting next_dagrun for load_cb_courses to 2026-02-28 00:00:00+00:00, run_after=2026-03-01 00:00:00+00:00
[2026-02-28T11:02:13.121+0000] {processor.py:183} INFO - Processing /opt/airflow/dags/load_cb_courses.py took 0.604 seconds
[2026-02-28T11:02:43.756+0000] {processor.py:161} INFO - Started process (PID=6475) to work on /opt/airflow/dags/load_cb_courses.py
[2026-02-28T11:02:43.758+0000] {processor.py:830} INFO - Processing file /opt/airflow/dags/load_cb_courses.py for tasks to queue
[2026-02-28T11:02:43.760+0000] {logging_mixin.py:188} INFO - [2026-02-28T11:02:43.759+0000] {dagbag.py:545} INFO - Filling up the DagBag from /opt/airflow/dags/load_cb_courses.py
[2026-02-28T11:02:44.228+0000] {processor.py:840} INFO - DAG(s) 'load_cb_courses' retrieved from /opt/airflow/dags/load_cb_courses.py
[2026-02-28T11:02:44.250+0000] {logging_mixin.py:188} INFO - [2026-02-28T11:02:44.250+0000] {dag.py:3089} INFO - Sync 1 DAGs
[2026-02-28T11:02:44.273+0000] {logging_mixin.py:188} INFO - [2026-02-28T11:02:44.272+0000] {dag.py:3947} INFO - Setting next_dagrun for load_cb_courses to 2026-02-28 00:00:00+00:00, run_after=2026-03-01 00:00:00+00:00
[2026-02-28T11:02:44.298+0000] {processor.py:183} INFO - Processing /opt/airflow/dags/load_cb_courses.py took 0.548 seconds
[2026-02-28T11:03:14.602+0000] {processor.py:161} INFO - Started process (PID=6506) to work on /opt/airflow/dags/load_cb_courses.py
[2026-02-28T11:03:14.604+0000] {processor.py:830} INFO - Processing file /opt/airflow/dags/load_cb_courses.py for tasks to queue
[2026-02-28T11:03:14.606+0000] {logging_mixin.py:188} INFO - [2026-02-28T11:03:14.605+0000] {dagbag.py:545} INFO - Filling up the DagBag from /opt/airflow/dags/load_cb_courses.py
[2026-02-28T11:03:15.310+0000] {processor.py:840} INFO - DAG(s) 'load_cb_courses' retrieved from /opt/airflow/dags/load_cb_courses.py
[2026-02-28T11:03:15.340+0000] {logging_mixin.py:188} INFO - [2026-02-28T11:03:15.339+0000] {dag.py:3089} INFO - Sync 1 DAGs
[2026-02-28T11:03:15.374+0000] {logging_mixin.py:188} INFO - [2026-02-28T11:03:15.374+0000] {dag.py:3947} INFO - Setting next_dagrun for load_cb_courses to 2026-02-28 00:00:00+00:00, run_after=2026-03-01 00:00:00+00:00
[2026-02-28T11:03:15.412+0000] {processor.py:183} INFO - Processing /opt/airflow/dags/load_cb_courses.py took 0.816 seconds
[2026-02-28T11:03:46.472+0000] {processor.py:161} INFO - Started process (PID=6537) to work on /opt/airflow/dags/load_cb_courses.py
[2026-02-28T11:03:46.473+0000] {processor.py:830} INFO - Processing file /opt/airflow/dags/load_cb_courses.py for tasks to queue
[2026-02-28T11:03:46.475+0000] {logging_mixin.py:188} INFO - [2026-02-28T11:03:46.475+0000] {dagbag.py:545} INFO - Filling up the DagBag from /opt/airflow/dags/load_cb_courses.py
[2026-02-28T11:03:46.961+0000] {processor.py:840} INFO - DAG(s) 'load_cb_courses' retrieved from /opt/airflow/dags/load_cb_courses.py
[2026-02-28T11:03:46.981+0000] {logging_mixin.py:188} INFO - [2026-02-28T11:03:46.981+0000] {dag.py:3089} INFO - Sync 1 DAGs
[2026-02-28T11:03:46.999+0000] {logging_mixin.py:188} INFO - [2026-02-28T11:03:46.999+0000] {dag.py:3947} INFO - Setting next_dagrun for load_cb_courses to 2026-02-28 00:00:00+00:00, run_after=2026-03-01 00:00:00+00:00
[2026-02-28T11:03:47.019+0000] {processor.py:183} INFO - Processing /opt/airflow/dags/load_cb_courses.py took 0.553 seconds
[2026-02-28T11:04:17.555+0000] {processor.py:161} INFO - Started process (PID=6577) to work on /opt/airflow/dags/load_cb_courses.py
[2026-02-28T11:04:17.556+0000] {processor.py:830} INFO - Processing file /opt/airflow/dags/load_cb_courses.py for tasks to queue
[2026-02-28T11:04:17.558+0000] {logging_mixin.py:188} INFO - [2026-02-28T11:04:17.558+0000] {dagbag.py:545} INFO - Filling up the DagBag from /opt/airflow/dags/load_cb_courses.py
[2026-02-28T11:04:18.008+0000] {processor.py:840} INFO - DAG(s) 'load_cb_courses' retrieved from /opt/airflow/dags/load_cb_courses.py
[2026-02-28T11:04:18.028+0000] {logging_mixin.py:188} INFO - [2026-02-28T11:04:18.027+0000] {dag.py:3089} INFO - Sync 1 DAGs
[2026-02-28T11:04:18.047+0000] {logging_mixin.py:188} INFO - [2026-02-28T11:04:18.046+0000] {dag.py:3947} INFO - Setting next_dagrun for load_cb_courses to 2026-02-28 00:00:00+00:00, run_after=2026-03-01 00:00:00+00:00
[2026-02-28T11:04:18.066+0000] {processor.py:183} INFO - Processing /opt/airflow/dags/load_cb_courses.py took 0.517 seconds
[2026-02-28T11:04:48.694+0000] {processor.py:161} INFO - Started process (PID=6608) to work on /opt/airflow/dags/load_cb_courses.py
[2026-02-28T11:04:48.696+0000] {processor.py:830} INFO - Processing file /opt/airflow/dags/load_cb_courses.py for tasks to queue
[2026-02-28T11:04:48.698+0000] {logging_mixin.py:188} INFO - [2026-02-28T11:04:48.697+0000] {dagbag.py:545} INFO - Filling up the DagBag from /opt/airflow/dags/load_cb_courses.py
[2026-02-28T11:04:49.166+0000] {processor.py:840} INFO - DAG(s) 'load_cb_courses' retrieved from /opt/airflow/dags/load_cb_courses.py
[2026-02-28T11:04:49.189+0000] {logging_mixin.py:188} INFO - [2026-02-28T11:04:49.189+0000] {dag.py:3089} INFO - Sync 1 DAGs
[2026-02-28T11:04:49.220+0000] {logging_mixin.py:188} INFO - [2026-02-28T11:04:49.220+0000] {dag.py:3947} INFO - Setting next_dagrun for load_cb_courses to 2026-02-28 00:00:00+00:00, run_after=2026-03-01 00:00:00+00:00
[2026-02-28T11:04:49.242+0000] {processor.py:183} INFO - Processing /opt/airflow/dags/load_cb_courses.py took 0.554 seconds
[2026-02-28T11:05:19.868+0000] {processor.py:161} INFO - Started process (PID=6646) to work on /opt/airflow/dags/load_cb_courses.py
[2026-02-28T11:05:19.870+0000] {processor.py:830} INFO - Processing file /opt/airflow/dags/load_cb_courses.py for tasks to queue
[2026-02-28T11:05:19.873+0000] {logging_mixin.py:188} INFO - [2026-02-28T11:05:19.872+0000] {dagbag.py:545} INFO - Filling up the DagBag from /opt/airflow/dags/load_cb_courses.py
[2026-02-28T11:05:20.357+0000] {processor.py:840} INFO - DAG(s) 'load_cb_courses' retrieved from /opt/airflow/dags/load_cb_courses.py
[2026-02-28T11:05:20.381+0000] {logging_mixin.py:188} INFO - [2026-02-28T11:05:20.381+0000] {dag.py:3089} INFO - Sync 1 DAGs
[2026-02-28T11:05:20.406+0000] {logging_mixin.py:188} INFO - [2026-02-28T11:05:20.406+0000] {dag.py:3947} INFO - Setting next_dagrun for load_cb_courses to 2026-02-28 00:00:00+00:00, run_after=2026-03-01 00:00:00+00:00
[2026-02-28T11:05:20.426+0000] {processor.py:183} INFO - Processing /opt/airflow/dags/load_cb_courses.py took 0.567 seconds
[2026-02-28T11:05:50.506+0000] {processor.py:161} INFO - Started process (PID=6677) to work on /opt/airflow/dags/load_cb_courses.py
[2026-02-28T11:05:50.507+0000] {processor.py:830} INFO - Processing file /opt/airflow/dags/load_cb_courses.py for tasks to queue
[2026-02-28T11:05:50.508+0000] {logging_mixin.py:188} INFO - [2026-02-28T11:05:50.508+0000] {dagbag.py:545} INFO - Filling up the DagBag from /opt/airflow/dags/load_cb_courses.py
[2026-02-28T11:05:50.967+0000] {processor.py:840} INFO - DAG(s) 'load_cb_courses' retrieved from /opt/airflow/dags/load_cb_courses.py
[2026-02-28T11:05:50.988+0000] {logging_mixin.py:188} INFO - [2026-02-28T11:05:50.987+0000] {dag.py:3089} INFO - Sync 1 DAGs
[2026-02-28T11:05:51.008+0000] {logging_mixin.py:188} INFO - [2026-02-28T11:05:51.008+0000] {dag.py:3947} INFO - Setting next_dagrun for load_cb_courses to 2026-02-28 00:00:00+00:00, run_after=2026-03-01 00:00:00+00:00
[2026-02-28T11:05:51.029+0000] {processor.py:183} INFO - Processing /opt/airflow/dags/load_cb_courses.py took 0.529 seconds
[2026-02-28T11:06:21.597+0000] {processor.py:161} INFO - Started process (PID=6708) to work on /opt/airflow/dags/load_cb_courses.py
[2026-02-28T11:06:21.599+0000] {processor.py:830} INFO - Processing file /opt/airflow/dags/load_cb_courses.py for tasks to queue
[2026-02-28T11:06:21.601+0000] {logging_mixin.py:188} INFO - [2026-02-28T11:06:21.600+0000] {dagbag.py:545} INFO - Filling up the DagBag from /opt/airflow/dags/load_cb_courses.py
[2026-02-28T11:06:22.019+0000] {processor.py:840} INFO - DAG(s) 'load_cb_courses' retrieved from /opt/airflow/dags/load_cb_courses.py
[2026-02-28T11:06:22.038+0000] {logging_mixin.py:188} INFO - [2026-02-28T11:06:22.037+0000] {dag.py:3089} INFO - Sync 1 DAGs
[2026-02-28T11:06:22.056+0000] {logging_mixin.py:188} INFO - [2026-02-28T11:06:22.056+0000] {dag.py:3947} INFO - Setting next_dagrun for load_cb_courses to 2026-02-28 00:00:00+00:00, run_after=2026-03-01 00:00:00+00:00
[2026-02-28T11:06:22.077+0000] {processor.py:183} INFO - Processing /opt/airflow/dags/load_cb_courses.py took 0.486 seconds
[2026-02-28T11:06:52.547+0000] {processor.py:161} INFO - Started process (PID=6746) to work on /opt/airflow/dags/load_cb_courses.py
[2026-02-28T11:06:52.548+0000] {processor.py:830} INFO - Processing file /opt/airflow/dags/load_cb_courses.py for tasks to queue
[2026-02-28T11:06:52.550+0000] {logging_mixin.py:188} INFO - [2026-02-28T11:06:52.549+0000] {dagbag.py:545} INFO - Filling up the DagBag from /opt/airflow/dags/load_cb_courses.py
[2026-02-28T11:06:53.062+0000] {processor.py:840} INFO - DAG(s) 'load_cb_courses' retrieved from /opt/airflow/dags/load_cb_courses.py
[2026-02-28T11:06:53.095+0000] {logging_mixin.py:188} INFO - [2026-02-28T11:06:53.094+0000] {dag.py:3089} INFO - Sync 1 DAGs
[2026-02-28T11:06:53.122+0000] {logging_mixin.py:188} INFO - [2026-02-28T11:06:53.122+0000] {dag.py:3947} INFO - Setting next_dagrun for load_cb_courses to 2026-02-28 00:00:00+00:00, run_after=2026-03-01 00:00:00+00:00
[2026-02-28T11:06:53.146+0000] {processor.py:183} INFO - Processing /opt/airflow/dags/load_cb_courses.py took 0.605 seconds
[2026-02-28T11:07:23.823+0000] {processor.py:161} INFO - Started process (PID=6777) to work on /opt/airflow/dags/load_cb_courses.py
[2026-02-28T11:07:23.824+0000] {processor.py:830} INFO - Processing file /opt/airflow/dags/load_cb_courses.py for tasks to queue
[2026-02-28T11:07:23.826+0000] {logging_mixin.py:188} INFO - [2026-02-28T11:07:23.825+0000] {dagbag.py:545} INFO - Filling up the DagBag from /opt/airflow/dags/load_cb_courses.py
[2026-02-28T11:07:24.309+0000] {processor.py:840} INFO - DAG(s) 'load_cb_courses' retrieved from /opt/airflow/dags/load_cb_courses.py
[2026-02-28T11:07:24.331+0000] {logging_mixin.py:188} INFO - [2026-02-28T11:07:24.331+0000] {dag.py:3089} INFO - Sync 1 DAGs
[2026-02-28T11:07:24.351+0000] {logging_mixin.py:188} INFO - [2026-02-28T11:07:24.351+0000] {dag.py:3947} INFO - Setting next_dagrun for load_cb_courses to 2026-02-28 00:00:00+00:00, run_after=2026-03-01 00:00:00+00:00
[2026-02-28T11:07:24.370+0000] {processor.py:183} INFO - Processing /opt/airflow/dags/load_cb_courses.py took 0.552 seconds
[2026-02-28T11:07:54.555+0000] {processor.py:161} INFO - Started process (PID=6814) to work on /opt/airflow/dags/load_cb_courses.py
[2026-02-28T11:07:54.556+0000] {processor.py:830} INFO - Processing file /opt/airflow/dags/load_cb_courses.py for tasks to queue
[2026-02-28T11:07:54.558+0000] {logging_mixin.py:188} INFO - [2026-02-28T11:07:54.558+0000] {dagbag.py:545} INFO - Filling up the DagBag from /opt/airflow/dags/load_cb_courses.py
[2026-02-28T11:07:55.070+0000] {processor.py:840} INFO - DAG(s) 'load_cb_courses' retrieved from /opt/airflow/dags/load_cb_courses.py
[2026-02-28T11:07:55.092+0000] {logging_mixin.py:188} INFO - [2026-02-28T11:07:55.092+0000] {dag.py:3089} INFO - Sync 1 DAGs
[2026-02-28T11:07:55.116+0000] {logging_mixin.py:188} INFO - [2026-02-28T11:07:55.115+0000] {dag.py:3947} INFO - Setting next_dagrun for load_cb_courses to 2026-02-28 00:00:00+00:00, run_after=2026-03-01 00:00:00+00:00
[2026-02-28T11:07:55.139+0000] {processor.py:183} INFO - Processing /opt/airflow/dags/load_cb_courses.py took 0.590 seconds
[2026-02-28T11:08:25.714+0000] {processor.py:161} INFO - Started process (PID=6844) to work on /opt/airflow/dags/load_cb_courses.py
[2026-02-28T11:08:25.716+0000] {processor.py:830} INFO - Processing file /opt/airflow/dags/load_cb_courses.py for tasks to queue
[2026-02-28T11:08:25.718+0000] {logging_mixin.py:188} INFO - [2026-02-28T11:08:25.717+0000] {dagbag.py:545} INFO - Filling up the DagBag from /opt/airflow/dags/load_cb_courses.py
[2026-02-28T11:08:26.151+0000] {processor.py:840} INFO - DAG(s) 'load_cb_courses' retrieved from /opt/airflow/dags/load_cb_courses.py
[2026-02-28T11:08:26.170+0000] {logging_mixin.py:188} INFO - [2026-02-28T11:08:26.169+0000] {dag.py:3089} INFO - Sync 1 DAGs
[2026-02-28T11:08:26.190+0000] {logging_mixin.py:188} INFO - [2026-02-28T11:08:26.190+0000] {dag.py:3947} INFO - Setting next_dagrun for load_cb_courses to 2026-02-28 00:00:00+00:00, run_after=2026-03-01 00:00:00+00:00
[2026-02-28T11:08:26.211+0000] {processor.py:183} INFO - Processing /opt/airflow/dags/load_cb_courses.py took 0.503 seconds
[2026-02-28T11:08:56.939+0000] {processor.py:161} INFO - Started process (PID=6882) to work on /opt/airflow/dags/load_cb_courses.py
[2026-02-28T11:08:56.940+0000] {processor.py:830} INFO - Processing file /opt/airflow/dags/load_cb_courses.py for tasks to queue
[2026-02-28T11:08:56.942+0000] {logging_mixin.py:188} INFO - [2026-02-28T11:08:56.942+0000] {dagbag.py:545} INFO - Filling up the DagBag from /opt/airflow/dags/load_cb_courses.py
[2026-02-28T11:08:57.388+0000] {processor.py:840} INFO - DAG(s) 'load_cb_courses' retrieved from /opt/airflow/dags/load_cb_courses.py
[2026-02-28T11:08:57.410+0000] {logging_mixin.py:188} INFO - [2026-02-28T11:08:57.409+0000] {dag.py:3089} INFO - Sync 1 DAGs
[2026-02-28T11:08:57.435+0000] {logging_mixin.py:188} INFO - [2026-02-28T11:08:57.435+0000] {dag.py:3947} INFO - Setting next_dagrun for load_cb_courses to 2026-02-28 00:00:00+00:00, run_after=2026-03-01 00:00:00+00:00
[2026-02-28T11:08:57.457+0000] {processor.py:183} INFO - Processing /opt/airflow/dags/load_cb_courses.py took 0.525 seconds
[2026-02-28T11:09:27.673+0000] {processor.py:161} INFO - Started process (PID=6913) to work on /opt/airflow/dags/load_cb_courses.py
[2026-02-28T11:09:27.674+0000] {processor.py:830} INFO - Processing file /opt/airflow/dags/load_cb_courses.py for tasks to queue
[2026-02-28T11:09:27.676+0000] {logging_mixin.py:188} INFO - [2026-02-28T11:09:27.675+0000] {dagbag.py:545} INFO - Filling up the DagBag from /opt/airflow/dags/load_cb_courses.py
[2026-02-28T11:09:28.145+0000] {processor.py:840} INFO - DAG(s) 'load_cb_courses' retrieved from /opt/airflow/dags/load_cb_courses.py
[2026-02-28T11:09:28.166+0000] {logging_mixin.py:188} INFO - [2026-02-28T11:09:28.165+0000] {dag.py:3089} INFO - Sync 1 DAGs
[2026-02-28T11:09:28.187+0000] {logging_mixin.py:188} INFO - [2026-02-28T11:09:28.186+0000] {dag.py:3947} INFO - Setting next_dagrun for load_cb_courses to 2026-02-28 00:00:00+00:00, run_after=2026-03-01 00:00:00+00:00
[2026-02-28T11:09:28.206+0000] {processor.py:183} INFO - Processing /opt/airflow/dags/load_cb_courses.py took 0.539 seconds
[2026-02-28T11:09:58.852+0000] {processor.py:161} INFO - Started process (PID=6944) to work on /opt/airflow/dags/load_cb_courses.py
[2026-02-28T11:09:58.853+0000] {processor.py:830} INFO - Processing file /opt/airflow/dags/load_cb_courses.py for tasks to queue
[2026-02-28T11:09:58.860+0000] {logging_mixin.py:188} INFO - [2026-02-28T11:09:58.859+0000] {dagbag.py:545} INFO - Filling up the DagBag from /opt/airflow/dags/load_cb_courses.py
[2026-02-28T11:09:59.327+0000] {processor.py:840} INFO - DAG(s) 'load_cb_courses' retrieved from /opt/airflow/dags/load_cb_courses.py
[2026-02-28T11:09:59.353+0000] {logging_mixin.py:188} INFO - [2026-02-28T11:09:59.352+0000] {dag.py:3089} INFO - Sync 1 DAGs
[2026-02-28T11:09:59.376+0000] {logging_mixin.py:188} INFO - [2026-02-28T11:09:59.376+0000] {dag.py:3947} INFO - Setting next_dagrun for load_cb_courses to 2026-02-28 00:00:00+00:00, run_after=2026-03-01 00:00:00+00:00
[2026-02-28T11:09:59.400+0000] {processor.py:183} INFO - Processing /opt/airflow/dags/load_cb_courses.py took 0.557 seconds
[2026-02-28T11:10:30.130+0000] {processor.py:161} INFO - Started process (PID=6982) to work on /opt/airflow/dags/load_cb_courses.py
[2026-02-28T11:10:30.131+0000] {processor.py:830} INFO - Processing file /opt/airflow/dags/load_cb_courses.py for tasks to queue
[2026-02-28T11:10:30.133+0000] {logging_mixin.py:188} INFO - [2026-02-28T11:10:30.133+0000] {dagbag.py:545} INFO - Filling up the DagBag from /opt/airflow/dags/load_cb_courses.py
[2026-02-28T11:10:30.581+0000] {processor.py:840} INFO - DAG(s) 'load_cb_courses' retrieved from /opt/airflow/dags/load_cb_courses.py
[2026-02-28T11:10:30.602+0000] {logging_mixin.py:188} INFO - [2026-02-28T11:10:30.601+0000] {dag.py:3089} INFO - Sync 1 DAGs
[2026-02-28T11:10:30.621+0000] {logging_mixin.py:188} INFO - [2026-02-28T11:10:30.620+0000] {dag.py:3947} INFO - Setting next_dagrun for load_cb_courses to 2026-02-28 00:00:00+00:00, run_after=2026-03-01 00:00:00+00:00
[2026-02-28T11:10:30.644+0000] {processor.py:183} INFO - Processing /opt/airflow/dags/load_cb_courses.py took 0.522 seconds
[2026-02-28T11:11:01.256+0000] {processor.py:161} INFO - Started process (PID=7013) to work on /opt/airflow/dags/load_cb_courses.py
[2026-02-28T11:11:01.258+0000] {processor.py:830} INFO - Processing file /opt/airflow/dags/load_cb_courses.py for tasks to queue
[2026-02-28T11:11:01.260+0000] {logging_mixin.py:188} INFO - [2026-02-28T11:11:01.260+0000] {dagbag.py:545} INFO - Filling up the DagBag from /opt/airflow/dags/load_cb_courses.py
[2026-02-28T11:11:01.779+0000] {processor.py:840} INFO - DAG(s) 'load_cb_courses' retrieved from /opt/airflow/dags/load_cb_courses.py
[2026-02-28T11:11:01.799+0000] {logging_mixin.py:188} INFO - [2026-02-28T11:11:01.799+0000] {dag.py:3089} INFO - Sync 1 DAGs
[2026-02-28T11:11:01.822+0000] {logging_mixin.py:188} INFO - [2026-02-28T11:11:01.822+0000] {dag.py:3947} INFO - Setting next_dagrun for load_cb_courses to 2026-02-28 00:00:00+00:00, run_after=2026-03-01 00:00:00+00:00
[2026-02-28T11:11:01.841+0000] {processor.py:183} INFO - Processing /opt/airflow/dags/load_cb_courses.py took 0.595 seconds
[2026-02-28T11:11:32.294+0000] {processor.py:161} INFO - Started process (PID=7050) to work on /opt/airflow/dags/load_cb_courses.py
[2026-02-28T11:11:32.295+0000] {processor.py:830} INFO - Processing file /opt/airflow/dags/load_cb_courses.py for tasks to queue
[2026-02-28T11:11:32.297+0000] {logging_mixin.py:188} INFO - [2026-02-28T11:11:32.297+0000] {dagbag.py:545} INFO - Filling up the DagBag from /opt/airflow/dags/load_cb_courses.py
[2026-02-28T11:11:32.842+0000] {processor.py:840} INFO - DAG(s) 'load_cb_courses' retrieved from /opt/airflow/dags/load_cb_courses.py
[2026-02-28T11:11:32.864+0000] {logging_mixin.py:188} INFO - [2026-02-28T11:11:32.863+0000] {dag.py:3089} INFO - Sync 1 DAGs
[2026-02-28T11:11:32.895+0000] {logging_mixin.py:188} INFO - [2026-02-28T11:11:32.894+0000] {dag.py:3947} INFO - Setting next_dagrun for load_cb_courses to 2026-02-28 00:00:00+00:00, run_after=2026-03-01 00:00:00+00:00
[2026-02-28T11:11:32.928+0000] {processor.py:183} INFO - Processing /opt/airflow/dags/load_cb_courses.py took 0.641 seconds
[2026-02-28T11:12:03.344+0000] {processor.py:161} INFO - Started process (PID=7081) to work on /opt/airflow/dags/load_cb_courses.py
[2026-02-28T11:12:03.345+0000] {processor.py:830} INFO - Processing file /opt/airflow/dags/load_cb_courses.py for tasks to queue
[2026-02-28T11:12:03.348+0000] {logging_mixin.py:188} INFO - [2026-02-28T11:12:03.347+0000] {dagbag.py:545} INFO - Filling up the DagBag from /opt/airflow/dags/load_cb_courses.py
[2026-02-28T11:12:03.756+0000] {processor.py:840} INFO - DAG(s) 'load_cb_courses' retrieved from /opt/airflow/dags/load_cb_courses.py
[2026-02-28T11:12:03.774+0000] {logging_mixin.py:188} INFO - [2026-02-28T11:12:03.773+0000] {dag.py:3089} INFO - Sync 1 DAGs
[2026-02-28T11:12:03.792+0000] {logging_mixin.py:188} INFO - [2026-02-28T11:12:03.792+0000] {dag.py:3947} INFO - Setting next_dagrun for load_cb_courses to 2026-02-28 00:00:00+00:00, run_after=2026-03-01 00:00:00+00:00
[2026-02-28T11:12:03.816+0000] {processor.py:183} INFO - Processing /opt/airflow/dags/load_cb_courses.py took 0.477 seconds
[2026-02-28T11:12:34.354+0000] {processor.py:161} INFO - Started process (PID=7111) to work on /opt/airflow/dags/load_cb_courses.py
[2026-02-28T11:12:34.355+0000] {processor.py:830} INFO - Processing file /opt/airflow/dags/load_cb_courses.py for tasks to queue
[2026-02-28T11:12:34.357+0000] {logging_mixin.py:188} INFO - [2026-02-28T11:12:34.357+0000] {dagbag.py:545} INFO - Filling up the DagBag from /opt/airflow/dags/load_cb_courses.py
[2026-02-28T11:12:34.779+0000] {processor.py:840} INFO - DAG(s) 'load_cb_courses' retrieved from /opt/airflow/dags/load_cb_courses.py
[2026-02-28T11:12:34.798+0000] {logging_mixin.py:188} INFO - [2026-02-28T11:12:34.797+0000] {dag.py:3089} INFO - Sync 1 DAGs
[2026-02-28T11:12:34.816+0000] {logging_mixin.py:188} INFO - [2026-02-28T11:12:34.816+0000] {dag.py:3947} INFO - Setting next_dagrun for load_cb_courses to 2026-02-28 00:00:00+00:00, run_after=2026-03-01 00:00:00+00:00
[2026-02-28T11:12:34.835+0000] {processor.py:183} INFO - Processing /opt/airflow/dags/load_cb_courses.py took 0.486 seconds
[2026-02-28T11:13:04.906+0000] {processor.py:161} INFO - Started process (PID=7149) to work on /opt/airflow/dags/load_cb_courses.py
[2026-02-28T11:13:04.908+0000] {processor.py:830} INFO - Processing file /opt/airflow/dags/load_cb_courses.py for tasks to queue
[2026-02-28T11:13:04.910+0000] {logging_mixin.py:188} INFO - [2026-02-28T11:13:04.909+0000] {dagbag.py:545} INFO - Filling up the DagBag from /opt/airflow/dags/load_cb_courses.py
[2026-02-28T11:13:05.353+0000] {processor.py:840} INFO - DAG(s) 'load_cb_courses' retrieved from /opt/airflow/dags/load_cb_courses.py
[2026-02-28T11:13:05.371+0000] {logging_mixin.py:188} INFO - [2026-02-28T11:13:05.371+0000] {dag.py:3089} INFO - Sync 1 DAGs
[2026-02-28T11:13:05.391+0000] {logging_mixin.py:188} INFO - [2026-02-28T11:13:05.390+0000] {dag.py:3947} INFO - Setting next_dagrun for load_cb_courses to 2026-02-28 00:00:00+00:00, run_after=2026-03-01 00:00:00+00:00
[2026-02-28T11:13:05.407+0000] {processor.py:183} INFO - Processing /opt/airflow/dags/load_cb_courses.py took 0.507 seconds
[2026-02-28T11:13:35.562+0000] {processor.py:161} INFO - Started process (PID=7180) to work on /opt/airflow/dags/load_cb_courses.py
[2026-02-28T11:13:35.563+0000] {processor.py:830} INFO - Processing file /opt/airflow/dags/load_cb_courses.py for tasks to queue
[2026-02-28T11:13:35.565+0000] {logging_mixin.py:188} INFO - [2026-02-28T11:13:35.565+0000] {dagbag.py:545} INFO - Filling up the DagBag from /opt/airflow/dags/load_cb_courses.py
[2026-02-28T11:13:35.971+0000] {processor.py:840} INFO - DAG(s) 'load_cb_courses' retrieved from /opt/airflow/dags/load_cb_courses.py
[2026-02-28T11:13:35.991+0000] {logging_mixin.py:188} INFO - [2026-02-28T11:13:35.991+0000] {dag.py:3089} INFO - Sync 1 DAGs
[2026-02-28T11:13:36.011+0000] {logging_mixin.py:188} INFO - [2026-02-28T11:13:36.010+0000] {dag.py:3947} INFO - Setting next_dagrun for load_cb_courses to 2026-02-28 00:00:00+00:00, run_after=2026-03-01 00:00:00+00:00
[2026-02-28T11:13:36.036+0000] {processor.py:183} INFO - Processing /opt/airflow/dags/load_cb_courses.py took 0.480 seconds
[2026-02-28T11:14:06.745+0000] {processor.py:161} INFO - Started process (PID=7218) to work on /opt/airflow/dags/load_cb_courses.py
[2026-02-28T11:14:06.746+0000] {processor.py:830} INFO - Processing file /opt/airflow/dags/load_cb_courses.py for tasks to queue
[2026-02-28T11:14:06.748+0000] {logging_mixin.py:188} INFO - [2026-02-28T11:14:06.748+0000] {dagbag.py:545} INFO - Filling up the DagBag from /opt/airflow/dags/load_cb_courses.py
[2026-02-28T11:14:07.121+0000] {processor.py:840} INFO - DAG(s) 'load_cb_courses' retrieved from /opt/airflow/dags/load_cb_courses.py
[2026-02-28T11:14:07.148+0000] {logging_mixin.py:188} INFO - [2026-02-28T11:14:07.147+0000] {dag.py:3089} INFO - Sync 1 DAGs
[2026-02-28T11:14:07.181+0000] {logging_mixin.py:188} INFO - [2026-02-28T11:14:07.181+0000] {dag.py:3947} INFO - Setting next_dagrun for load_cb_courses to 2026-02-28 00:00:00+00:00, run_after=2026-03-01 00:00:00+00:00
[2026-02-28T11:14:07.207+0000] {processor.py:183} INFO - Processing /opt/airflow/dags/load_cb_courses.py took 0.474 seconds
[2026-02-28T11:14:38.003+0000] {processor.py:161} INFO - Started process (PID=7249) to work on /opt/airflow/dags/load_cb_courses.py
[2026-02-28T11:14:38.004+0000] {processor.py:830} INFO - Processing file /opt/airflow/dags/load_cb_courses.py for tasks to queue
[2026-02-28T11:14:38.006+0000] {logging_mixin.py:188} INFO - [2026-02-28T11:14:38.006+0000] {dagbag.py:545} INFO - Filling up the DagBag from /opt/airflow/dags/load_cb_courses.py
[2026-02-28T11:14:38.284+0000] {processor.py:840} INFO - DAG(s) 'load_cb_courses' retrieved from /opt/airflow/dags/load_cb_courses.py
[2026-02-28T11:14:38.305+0000] {logging_mixin.py:188} INFO - [2026-02-28T11:14:38.304+0000] {dag.py:3089} INFO - Sync 1 DAGs
[2026-02-28T11:14:38.327+0000] {logging_mixin.py:188} INFO - [2026-02-28T11:14:38.327+0000] {dag.py:3947} INFO - Setting next_dagrun for load_cb_courses to 2026-02-28 00:00:00+00:00, run_after=2026-03-01 00:00:00+00:00
[2026-02-28T11:14:38.348+0000] {processor.py:183} INFO - Processing /opt/airflow/dags/load_cb_courses.py took 0.352 seconds
[2026-02-28T11:15:08.877+0000] {processor.py:161} INFO - Started process (PID=7280) to work on /opt/airflow/dags/load_cb_courses.py
[2026-02-28T11:15:08.879+0000] {processor.py:830} INFO - Processing file /opt/airflow/dags/load_cb_courses.py for tasks to queue
[2026-02-28T11:15:08.882+0000] {logging_mixin.py:188} INFO - [2026-02-28T11:15:08.881+0000] {dagbag.py:545} INFO - Filling up the DagBag from /opt/airflow/dags/load_cb_courses.py
[2026-02-28T11:15:09.297+0000] {processor.py:840} INFO - DAG(s) 'load_cb_courses' retrieved from /opt/airflow/dags/load_cb_courses.py
[2026-02-28T11:15:09.321+0000] {logging_mixin.py:188} INFO - [2026-02-28T11:15:09.320+0000] {dag.py:3089} INFO - Sync 1 DAGs
[2026-02-28T11:15:09.346+0000] {logging_mixin.py:188} INFO - [2026-02-28T11:15:09.345+0000] {dag.py:3947} INFO - Setting next_dagrun for load_cb_courses to 2026-02-28 00:00:00+00:00, run_after=2026-03-01 00:00:00+00:00
[2026-02-28T11:15:09.369+0000] {processor.py:183} INFO - Processing /opt/airflow/dags/load_cb_courses.py took 0.506 seconds
[2026-02-28T11:15:39.695+0000] {processor.py:161} INFO - Started process (PID=7318) to work on /opt/airflow/dags/load_cb_courses.py
[2026-02-28T11:15:39.696+0000] {processor.py:830} INFO - Processing file /opt/airflow/dags/load_cb_courses.py for tasks to queue
[2026-02-28T11:15:39.698+0000] {logging_mixin.py:188} INFO - [2026-02-28T11:15:39.697+0000] {dagbag.py:545} INFO - Filling up the DagBag from /opt/airflow/dags/load_cb_courses.py
[2026-02-28T11:15:39.987+0000] {processor.py:840} INFO - DAG(s) 'load_cb_courses' retrieved from /opt/airflow/dags/load_cb_courses.py
[2026-02-28T11:15:40.014+0000] {logging_mixin.py:188} INFO - [2026-02-28T11:15:40.013+0000] {dag.py:3089} INFO - Sync 1 DAGs
[2026-02-28T11:15:40.037+0000] {logging_mixin.py:188} INFO - [2026-02-28T11:15:40.037+0000] {dag.py:3947} INFO - Setting next_dagrun for load_cb_courses to 2026-02-28 00:00:00+00:00, run_after=2026-03-01 00:00:00+00:00
[2026-02-28T11:15:40.062+0000] {processor.py:183} INFO - Processing /opt/airflow/dags/load_cb_courses.py took 0.374 seconds
[2026-02-28T11:16:10.808+0000] {processor.py:161} INFO - Started process (PID=7349) to work on /opt/airflow/dags/load_cb_courses.py
[2026-02-28T11:16:10.810+0000] {processor.py:830} INFO - Processing file /opt/airflow/dags/load_cb_courses.py for tasks to queue
[2026-02-28T11:16:10.812+0000] {logging_mixin.py:188} INFO - [2026-02-28T11:16:10.812+0000] {dagbag.py:545} INFO - Filling up the DagBag from /opt/airflow/dags/load_cb_courses.py
[2026-02-28T11:16:11.167+0000] {processor.py:840} INFO - DAG(s) 'load_cb_courses' retrieved from /opt/airflow/dags/load_cb_courses.py
[2026-02-28T11:16:11.190+0000] {logging_mixin.py:188} INFO - [2026-02-28T11:16:11.190+0000] {dag.py:3089} INFO - Sync 1 DAGs
[2026-02-28T11:16:11.212+0000] {logging_mixin.py:188} INFO - [2026-02-28T11:16:11.212+0000] {dag.py:3947} INFO - Setting next_dagrun for load_cb_courses to 2026-02-28 00:00:00+00:00, run_after=2026-03-01 00:00:00+00:00
[2026-02-28T11:16:11.236+0000] {processor.py:183} INFO - Processing /opt/airflow/dags/load_cb_courses.py took 0.435 seconds
[2026-02-28T11:16:41.400+0000] {processor.py:161} INFO - Started process (PID=7387) to work on /opt/airflow/dags/load_cb_courses.py
[2026-02-28T11:16:41.401+0000] {processor.py:830} INFO - Processing file /opt/airflow/dags/load_cb_courses.py for tasks to queue
[2026-02-28T11:16:41.404+0000] {logging_mixin.py:188} INFO - [2026-02-28T11:16:41.403+0000] {dagbag.py:545} INFO - Filling up the DagBag from /opt/airflow/dags/load_cb_courses.py
[2026-02-28T11:16:41.771+0000] {processor.py:840} INFO - DAG(s) 'load_cb_courses' retrieved from /opt/airflow/dags/load_cb_courses.py
[2026-02-28T11:16:41.807+0000] {logging_mixin.py:188} INFO - [2026-02-28T11:16:41.806+0000] {dag.py:3089} INFO - Sync 1 DAGs
[2026-02-28T11:16:41.852+0000] {logging_mixin.py:188} INFO - [2026-02-28T11:16:41.851+0000] {dag.py:3947} INFO - Setting next_dagrun for load_cb_courses to 2026-02-28 00:00:00+00:00, run_after=2026-03-01 00:00:00+00:00
[2026-02-28T11:16:41.877+0000] {processor.py:183} INFO - Processing /opt/airflow/dags/load_cb_courses.py took 0.485 seconds
[2026-02-28T11:17:12.011+0000] {processor.py:161} INFO - Started process (PID=7418) to work on /opt/airflow/dags/load_cb_courses.py
[2026-02-28T11:17:12.012+0000] {processor.py:830} INFO - Processing file /opt/airflow/dags/load_cb_courses.py for tasks to queue
[2026-02-28T11:17:12.014+0000] {logging_mixin.py:188} INFO - [2026-02-28T11:17:12.014+0000] {dagbag.py:545} INFO - Filling up the DagBag from /opt/airflow/dags/load_cb_courses.py
[2026-02-28T11:17:12.302+0000] {processor.py:840} INFO - DAG(s) 'load_cb_courses' retrieved from /opt/airflow/dags/load_cb_courses.py
[2026-02-28T11:17:12.324+0000] {logging_mixin.py:188} INFO - [2026-02-28T11:17:12.324+0000] {dag.py:3089} INFO - Sync 1 DAGs
[2026-02-28T11:17:12.345+0000] {logging_mixin.py:188} INFO - [2026-02-28T11:17:12.345+0000] {dag.py:3947} INFO - Setting next_dagrun for load_cb_courses to 2026-02-28 00:00:00+00:00, run_after=2026-03-01 00:00:00+00:00
[2026-02-28T11:17:12.364+0000] {processor.py:183} INFO - Processing /opt/airflow/dags/load_cb_courses.py took 0.359 seconds
[2026-02-28T11:17:43.134+0000] {processor.py:161} INFO - Started process (PID=7448) to work on /opt/airflow/dags/load_cb_courses.py
[2026-02-28T11:17:43.135+0000] {processor.py:830} INFO - Processing file /opt/airflow/dags/load_cb_courses.py for tasks to queue
[2026-02-28T11:17:43.137+0000] {logging_mixin.py:188} INFO - [2026-02-28T11:17:43.137+0000] {dagbag.py:545} INFO - Filling up the DagBag from /opt/airflow/dags/load_cb_courses.py
[2026-02-28T11:17:43.498+0000] {processor.py:840} INFO - DAG(s) 'load_cb_courses' retrieved from /opt/airflow/dags/load_cb_courses.py
[2026-02-28T11:17:43.534+0000] {logging_mixin.py:188} INFO - [2026-02-28T11:17:43.533+0000] {dag.py:3089} INFO - Sync 1 DAGs
[2026-02-28T11:17:43.567+0000] {logging_mixin.py:188} INFO - [2026-02-28T11:17:43.567+0000] {dag.py:3947} INFO - Setting next_dagrun for load_cb_courses to 2026-02-28 00:00:00+00:00, run_after=2026-03-01 00:00:00+00:00
[2026-02-28T11:17:43.597+0000] {processor.py:183} INFO - Processing /opt/airflow/dags/load_cb_courses.py took 0.469 seconds
[2026-02-28T11:18:14.445+0000] {processor.py:161} INFO - Started process (PID=7487) to work on /opt/airflow/dags/load_cb_courses.py
[2026-02-28T11:18:14.446+0000] {processor.py:830} INFO - Processing file /opt/airflow/dags/load_cb_courses.py for tasks to queue
[2026-02-28T11:18:14.448+0000] {logging_mixin.py:188} INFO - [2026-02-28T11:18:14.448+0000] {dagbag.py:545} INFO - Filling up the DagBag from /opt/airflow/dags/load_cb_courses.py
[2026-02-28T11:18:14.729+0000] {processor.py:840} INFO - DAG(s) 'load_cb_courses' retrieved from /opt/airflow/dags/load_cb_courses.py
[2026-02-28T11:18:14.748+0000] {logging_mixin.py:188} INFO - [2026-02-28T11:18:14.748+0000] {dag.py:3089} INFO - Sync 1 DAGs
[2026-02-28T11:18:14.767+0000] {logging_mixin.py:188} INFO - [2026-02-28T11:18:14.767+0000] {dag.py:3947} INFO - Setting next_dagrun for load_cb_courses to 2026-02-28 00:00:00+00:00, run_after=2026-03-01 00:00:00+00:00
[2026-02-28T11:18:14.786+0000] {processor.py:183} INFO - Processing /opt/airflow/dags/load_cb_courses.py took 0.347 seconds
[2026-02-28T11:18:45.304+0000] {processor.py:161} INFO - Started process (PID=7518) to work on /opt/airflow/dags/load_cb_courses.py
[2026-02-28T11:18:45.305+0000] {processor.py:830} INFO - Processing file /opt/airflow/dags/load_cb_courses.py for tasks to queue
[2026-02-28T11:18:45.308+0000] {logging_mixin.py:188} INFO - [2026-02-28T11:18:45.307+0000] {dagbag.py:545} INFO - Filling up the DagBag from /opt/airflow/dags/load_cb_courses.py
[2026-02-28T11:18:45.589+0000] {processor.py:840} INFO - DAG(s) 'load_cb_courses' retrieved from /opt/airflow/dags/load_cb_courses.py
[2026-02-28T11:18:45.611+0000] {logging_mixin.py:188} INFO - [2026-02-28T11:18:45.610+0000] {dag.py:3089} INFO - Sync 1 DAGs
[2026-02-28T11:18:45.633+0000] {logging_mixin.py:188} INFO - [2026-02-28T11:18:45.633+0000] {dag.py:3947} INFO - Setting next_dagrun for load_cb_courses to 2026-02-28 00:00:00+00:00, run_after=2026-03-01 00:00:00+00:00
[2026-02-28T11:18:45.654+0000] {processor.py:183} INFO - Processing /opt/airflow/dags/load_cb_courses.py took 0.356 seconds
[2026-02-28T11:19:15.714+0000] {processor.py:161} INFO - Started process (PID=7552) to work on /opt/airflow/dags/load_cb_courses.py
[2026-02-28T11:19:15.716+0000] {processor.py:830} INFO - Processing file /opt/airflow/dags/load_cb_courses.py for tasks to queue
[2026-02-28T11:19:15.718+0000] {logging_mixin.py:188} INFO - [2026-02-28T11:19:15.718+0000] {dagbag.py:545} INFO - Filling up the DagBag from /opt/airflow/dags/load_cb_courses.py
[2026-02-28T11:19:16.025+0000] {processor.py:840} INFO - DAG(s) 'load_cb_courses' retrieved from /opt/airflow/dags/load_cb_courses.py
[2026-02-28T11:19:16.049+0000] {logging_mixin.py:188} INFO - [2026-02-28T11:19:16.049+0000] {dag.py:3089} INFO - Sync 1 DAGs
[2026-02-28T11:19:16.075+0000] {logging_mixin.py:188} INFO - [2026-02-28T11:19:16.075+0000] {dag.py:3947} INFO - Setting next_dagrun for load_cb_courses to 2026-02-28 00:00:00+00:00, run_after=2026-03-01 00:00:00+00:00
[2026-02-28T11:19:16.104+0000] {processor.py:183} INFO - Processing /opt/airflow/dags/load_cb_courses.py took 0.397 seconds
[2026-02-28T11:19:47.120+0000] {processor.py:161} INFO - Started process (PID=7586) to work on /opt/airflow/dags/load_cb_courses.py
[2026-02-28T11:19:47.122+0000] {processor.py:830} INFO - Processing file /opt/airflow/dags/load_cb_courses.py for tasks to queue
[2026-02-28T11:19:47.125+0000] {logging_mixin.py:188} INFO - [2026-02-28T11:19:47.125+0000] {dagbag.py:545} INFO - Filling up the DagBag from /opt/airflow/dags/load_cb_courses.py
[2026-02-28T11:19:47.448+0000] {processor.py:840} INFO - DAG(s) 'load_cb_courses' retrieved from /opt/airflow/dags/load_cb_courses.py
[2026-02-28T11:19:47.480+0000] {logging_mixin.py:188} INFO - [2026-02-28T11:19:47.480+0000] {dag.py:3089} INFO - Sync 1 DAGs
[2026-02-28T11:19:47.508+0000] {logging_mixin.py:188} INFO - [2026-02-28T11:19:47.507+0000] {dag.py:3947} INFO - Setting next_dagrun for load_cb_courses to 2026-02-28 00:00:00+00:00, run_after=2026-03-01 00:00:00+00:00
[2026-02-28T11:19:47.530+0000] {processor.py:183} INFO - Processing /opt/airflow/dags/load_cb_courses.py took 0.425 seconds
[2026-02-28T11:20:18.044+0000] {processor.py:161} INFO - Started process (PID=7617) to work on /opt/airflow/dags/load_cb_courses.py
[2026-02-28T11:20:18.045+0000] {processor.py:830} INFO - Processing file /opt/airflow/dags/load_cb_courses.py for tasks to queue
[2026-02-28T11:20:18.047+0000] {logging_mixin.py:188} INFO - [2026-02-28T11:20:18.047+0000] {dagbag.py:545} INFO - Filling up the DagBag from /opt/airflow/dags/load_cb_courses.py
[2026-02-28T11:20:18.551+0000] {processor.py:840} INFO - DAG(s) 'load_cb_courses' retrieved from /opt/airflow/dags/load_cb_courses.py
[2026-02-28T11:20:18.571+0000] {logging_mixin.py:188} INFO - [2026-02-28T11:20:18.571+0000] {dag.py:3089} INFO - Sync 1 DAGs
[2026-02-28T11:20:18.600+0000] {logging_mixin.py:188} INFO - [2026-02-28T11:20:18.599+0000] {dag.py:3947} INFO - Setting next_dagrun for load_cb_courses to 2026-02-28 00:00:00+00:00, run_after=2026-03-01 00:00:00+00:00
[2026-02-28T11:20:18.621+0000] {processor.py:183} INFO - Processing /opt/airflow/dags/load_cb_courses.py took 0.584 seconds
[2026-02-28T11:20:49.285+0000] {processor.py:161} INFO - Started process (PID=7655) to work on /opt/airflow/dags/load_cb_courses.py
[2026-02-28T11:20:49.286+0000] {processor.py:830} INFO - Processing file /opt/airflow/dags/load_cb_courses.py for tasks to queue
[2026-02-28T11:20:49.288+0000] {logging_mixin.py:188} INFO - [2026-02-28T11:20:49.288+0000] {dagbag.py:545} INFO - Filling up the DagBag from /opt/airflow/dags/load_cb_courses.py
[2026-02-28T11:20:49.584+0000] {processor.py:840} INFO - DAG(s) 'load_cb_courses' retrieved from /opt/airflow/dags/load_cb_courses.py
[2026-02-28T11:20:49.605+0000] {logging_mixin.py:188} INFO - [2026-02-28T11:20:49.604+0000] {dag.py:3089} INFO - Sync 1 DAGs
[2026-02-28T11:20:49.629+0000] {logging_mixin.py:188} INFO - [2026-02-28T11:20:49.628+0000] {dag.py:3947} INFO - Setting next_dagrun for load_cb_courses to 2026-02-28 00:00:00+00:00, run_after=2026-03-01 00:00:00+00:00
[2026-02-28T11:20:49.648+0000] {processor.py:183} INFO - Processing /opt/airflow/dags/load_cb_courses.py took 0.370 seconds
[2026-02-28T11:21:19.820+0000] {processor.py:161} INFO - Started process (PID=7687) to work on /opt/airflow/dags/load_cb_courses.py
[2026-02-28T11:21:19.822+0000] {processor.py:830} INFO - Processing file /opt/airflow/dags/load_cb_courses.py for tasks to queue
[2026-02-28T11:21:19.824+0000] {logging_mixin.py:188} INFO - [2026-02-28T11:21:19.824+0000] {dagbag.py:545} INFO - Filling up the DagBag from /opt/airflow/dags/load_cb_courses.py
[2026-02-28T11:21:20.133+0000] {processor.py:840} INFO - DAG(s) 'load_cb_courses' retrieved from /opt/airflow/dags/load_cb_courses.py
[2026-02-28T11:21:20.167+0000] {logging_mixin.py:188} INFO - [2026-02-28T11:21:20.166+0000] {dag.py:3089} INFO - Sync 1 DAGs
[2026-02-28T11:21:20.192+0000] {logging_mixin.py:188} INFO - [2026-02-28T11:21:20.191+0000] {dag.py:3947} INFO - Setting next_dagrun for load_cb_courses to 2026-02-28 00:00:00+00:00, run_after=2026-03-01 00:00:00+00:00
[2026-02-28T11:21:20.216+0000] {processor.py:183} INFO - Processing /opt/airflow/dags/load_cb_courses.py took 0.402 seconds
[2026-02-28T11:21:50.354+0000] {processor.py:161} INFO - Started process (PID=7726) to work on /opt/airflow/dags/load_cb_courses.py
[2026-02-28T11:21:50.362+0000] {processor.py:830} INFO - Processing file /opt/airflow/dags/load_cb_courses.py for tasks to queue
[2026-02-28T11:21:50.365+0000] {logging_mixin.py:188} INFO - [2026-02-28T11:21:50.364+0000] {dagbag.py:545} INFO - Filling up the DagBag from /opt/airflow/dags/load_cb_courses.py
[2026-02-28T11:21:50.813+0000] {processor.py:840} INFO - DAG(s) 'load_cb_courses' retrieved from /opt/airflow/dags/load_cb_courses.py
[2026-02-28T11:21:50.848+0000] {logging_mixin.py:188} INFO - [2026-02-28T11:21:50.847+0000] {dag.py:3089} INFO - Sync 1 DAGs
[2026-02-28T11:21:50.878+0000] {logging_mixin.py:188} INFO - [2026-02-28T11:21:50.877+0000] {dag.py:3947} INFO - Setting next_dagrun for load_cb_courses to 2026-02-28 00:00:00+00:00, run_after=2026-03-01 00:00:00+00:00
[2026-02-28T11:21:50.899+0000] {processor.py:183} INFO - Processing /opt/airflow/dags/load_cb_courses.py took 0.552 seconds
[2026-02-28T11:22:21.577+0000] {processor.py:161} INFO - Started process (PID=7757) to work on /opt/airflow/dags/load_cb_courses.py
[2026-02-28T11:22:21.578+0000] {processor.py:830} INFO - Processing file /opt/airflow/dags/load_cb_courses.py for tasks to queue
[2026-02-28T11:22:21.581+0000] {logging_mixin.py:188} INFO - [2026-02-28T11:22:21.580+0000] {dagbag.py:545} INFO - Filling up the DagBag from /opt/airflow/dags/load_cb_courses.py
[2026-02-28T11:22:21.899+0000] {processor.py:840} INFO - DAG(s) 'load_cb_courses' retrieved from /opt/airflow/dags/load_cb_courses.py
[2026-02-28T11:22:21.922+0000] {logging_mixin.py:188} INFO - [2026-02-28T11:22:21.921+0000] {dag.py:3089} INFO - Sync 1 DAGs
[2026-02-28T11:22:21.944+0000] {logging_mixin.py:188} INFO - [2026-02-28T11:22:21.943+0000] {dag.py:3947} INFO - Setting next_dagrun for load_cb_courses to 2026-02-28 00:00:00+00:00, run_after=2026-03-01 00:00:00+00:00
[2026-02-28T11:22:21.965+0000] {processor.py:183} INFO - Processing /opt/airflow/dags/load_cb_courses.py took 0.395 seconds
[2026-02-28T11:22:52.241+0000] {processor.py:161} INFO - Started process (PID=7788) to work on /opt/airflow/dags/load_cb_courses.py
[2026-02-28T11:22:52.243+0000] {processor.py:830} INFO - Processing file /opt/airflow/dags/load_cb_courses.py for tasks to queue
[2026-02-28T11:22:52.249+0000] {logging_mixin.py:188} INFO - [2026-02-28T11:22:52.248+0000] {dagbag.py:545} INFO - Filling up the DagBag from /opt/airflow/dags/load_cb_courses.py
[2026-02-28T11:22:52.657+0000] {processor.py:840} INFO - DAG(s) 'load_cb_courses' retrieved from /opt/airflow/dags/load_cb_courses.py
[2026-02-28T11:22:52.686+0000] {logging_mixin.py:188} INFO - [2026-02-28T11:22:52.685+0000] {dag.py:3089} INFO - Sync 1 DAGs
[2026-02-28T11:22:52.711+0000] {logging_mixin.py:188} INFO - [2026-02-28T11:22:52.711+0000] {dag.py:3947} INFO - Setting next_dagrun for load_cb_courses to 2026-02-28 00:00:00+00:00, run_after=2026-03-01 00:00:00+00:00
[2026-02-28T11:22:52.737+0000] {processor.py:183} INFO - Processing /opt/airflow/dags/load_cb_courses.py took 0.511 seconds
[2026-02-28T11:23:23.318+0000] {processor.py:161} INFO - Started process (PID=7826) to work on /opt/airflow/dags/load_cb_courses.py
[2026-02-28T11:23:23.319+0000] {processor.py:830} INFO - Processing file /opt/airflow/dags/load_cb_courses.py for tasks to queue
[2026-02-28T11:23:23.325+0000] {logging_mixin.py:188} INFO - [2026-02-28T11:23:23.324+0000] {dagbag.py:545} INFO - Filling up the DagBag from /opt/airflow/dags/load_cb_courses.py
[2026-02-28T11:23:23.667+0000] {processor.py:840} INFO - DAG(s) 'load_cb_courses' retrieved from /opt/airflow/dags/load_cb_courses.py
[2026-02-28T11:23:23.690+0000] {logging_mixin.py:188} INFO - [2026-02-28T11:23:23.690+0000] {dag.py:3089} INFO - Sync 1 DAGs
[2026-02-28T11:23:23.712+0000] {logging_mixin.py:188} INFO - [2026-02-28T11:23:23.712+0000] {dag.py:3947} INFO - Setting next_dagrun for load_cb_courses to 2026-02-28 00:00:00+00:00, run_after=2026-03-01 00:00:00+00:00
[2026-02-28T11:23:23.733+0000] {processor.py:183} INFO - Processing /opt/airflow/dags/load_cb_courses.py took 0.421 seconds
[2026-02-28T11:23:54.187+0000] {processor.py:161} INFO - Started process (PID=7857) to work on /opt/airflow/dags/load_cb_courses.py
[2026-02-28T11:23:54.189+0000] {processor.py:830} INFO - Processing file /opt/airflow/dags/load_cb_courses.py for tasks to queue
[2026-02-28T11:23:54.191+0000] {logging_mixin.py:188} INFO - [2026-02-28T11:23:54.191+0000] {dagbag.py:545} INFO - Filling up the DagBag from /opt/airflow/dags/load_cb_courses.py
[2026-02-28T11:23:54.527+0000] {processor.py:840} INFO - DAG(s) 'load_cb_courses' retrieved from /opt/airflow/dags/load_cb_courses.py
[2026-02-28T11:23:54.557+0000] {logging_mixin.py:188} INFO - [2026-02-28T11:23:54.557+0000] {dag.py:3089} INFO - Sync 1 DAGs
[2026-02-28T11:23:54.592+0000] {logging_mixin.py:188} INFO - [2026-02-28T11:23:54.592+0000] {dag.py:3947} INFO - Setting next_dagrun for load_cb_courses to 2026-02-28 00:00:00+00:00, run_after=2026-03-01 00:00:00+00:00
[2026-02-28T11:23:54.639+0000] {processor.py:183} INFO - Processing /opt/airflow/dags/load_cb_courses.py took 0.457 seconds
[2026-02-28T11:24:25.062+0000] {processor.py:161} INFO - Started process (PID=7896) to work on /opt/airflow/dags/load_cb_courses.py
[2026-02-28T11:24:25.063+0000] {processor.py:830} INFO - Processing file /opt/airflow/dags/load_cb_courses.py for tasks to queue
[2026-02-28T11:24:25.065+0000] {logging_mixin.py:188} INFO - [2026-02-28T11:24:25.065+0000] {dagbag.py:545} INFO - Filling up the DagBag from /opt/airflow/dags/load_cb_courses.py
[2026-02-28T11:24:25.426+0000] {processor.py:840} INFO - DAG(s) 'load_cb_courses' retrieved from /opt/airflow/dags/load_cb_courses.py
[2026-02-28T11:24:25.451+0000] {logging_mixin.py:188} INFO - [2026-02-28T11:24:25.450+0000] {dag.py:3089} INFO - Sync 1 DAGs
[2026-02-28T11:24:25.472+0000] {logging_mixin.py:188} INFO - [2026-02-28T11:24:25.471+0000] {dag.py:3947} INFO - Setting next_dagrun for load_cb_courses to 2026-02-28 00:00:00+00:00, run_after=2026-03-01 00:00:00+00:00
[2026-02-28T11:24:25.509+0000] {processor.py:183} INFO - Processing /opt/airflow/dags/load_cb_courses.py took 0.454 seconds
[2026-02-28T11:24:56.048+0000] {processor.py:161} INFO - Started process (PID=7926) to work on /opt/airflow/dags/load_cb_courses.py
[2026-02-28T11:24:56.050+0000] {processor.py:830} INFO - Processing file /opt/airflow/dags/load_cb_courses.py for tasks to queue
[2026-02-28T11:24:56.051+0000] {logging_mixin.py:188} INFO - [2026-02-28T11:24:56.051+0000] {dagbag.py:545} INFO - Filling up the DagBag from /opt/airflow/dags/load_cb_courses.py
[2026-02-28T11:24:56.331+0000] {processor.py:840} INFO - DAG(s) 'load_cb_courses' retrieved from /opt/airflow/dags/load_cb_courses.py
[2026-02-28T11:24:56.351+0000] {logging_mixin.py:188} INFO - [2026-02-28T11:24:56.351+0000] {dag.py:3089} INFO - Sync 1 DAGs
[2026-02-28T11:24:56.371+0000] {logging_mixin.py:188} INFO - [2026-02-28T11:24:56.371+0000] {dag.py:3947} INFO - Setting next_dagrun for load_cb_courses to 2026-02-28 00:00:00+00:00, run_after=2026-03-01 00:00:00+00:00
[2026-02-28T11:24:56.394+0000] {processor.py:183} INFO - Processing /opt/airflow/dags/load_cb_courses.py took 0.352 seconds
[2026-02-28T11:25:27.093+0000] {processor.py:161} INFO - Started process (PID=7957) to work on /opt/airflow/dags/load_cb_courses.py
[2026-02-28T11:25:27.094+0000] {processor.py:830} INFO - Processing file /opt/airflow/dags/load_cb_courses.py for tasks to queue
[2026-02-28T11:25:27.096+0000] {logging_mixin.py:188} INFO - [2026-02-28T11:25:27.095+0000] {dagbag.py:545} INFO - Filling up the DagBag from /opt/airflow/dags/load_cb_courses.py
[2026-02-28T11:25:27.396+0000] {processor.py:840} INFO - DAG(s) 'load_cb_courses' retrieved from /opt/airflow/dags/load_cb_courses.py
[2026-02-28T11:25:27.417+0000] {logging_mixin.py:188} INFO - [2026-02-28T11:25:27.417+0000] {dag.py:3089} INFO - Sync 1 DAGs
[2026-02-28T11:25:27.440+0000] {logging_mixin.py:188} INFO - [2026-02-28T11:25:27.440+0000] {dag.py:3947} INFO - Setting next_dagrun for load_cb_courses to 2026-02-28 00:00:00+00:00, run_after=2026-03-01 00:00:00+00:00
[2026-02-28T11:25:27.458+0000] {processor.py:183} INFO - Processing /opt/airflow/dags/load_cb_courses.py took 0.371 seconds
[2026-02-28T11:25:57.976+0000] {processor.py:161} INFO - Started process (PID=7996) to work on /opt/airflow/dags/load_cb_courses.py
[2026-02-28T11:25:57.977+0000] {processor.py:830} INFO - Processing file /opt/airflow/dags/load_cb_courses.py for tasks to queue
[2026-02-28T11:25:57.979+0000] {logging_mixin.py:188} INFO - [2026-02-28T11:25:57.978+0000] {dagbag.py:545} INFO - Filling up the DagBag from /opt/airflow/dags/load_cb_courses.py
[2026-02-28T11:25:58.262+0000] {processor.py:840} INFO - DAG(s) 'load_cb_courses' retrieved from /opt/airflow/dags/load_cb_courses.py
[2026-02-28T11:25:58.284+0000] {logging_mixin.py:188} INFO - [2026-02-28T11:25:58.284+0000] {dag.py:3089} INFO - Sync 1 DAGs
[2026-02-28T11:25:58.306+0000] {logging_mixin.py:188} INFO - [2026-02-28T11:25:58.306+0000] {dag.py:3947} INFO - Setting next_dagrun for load_cb_courses to 2026-02-28 00:00:00+00:00, run_after=2026-03-01 00:00:00+00:00
[2026-02-28T11:25:58.325+0000] {processor.py:183} INFO - Processing /opt/airflow/dags/load_cb_courses.py took 0.355 seconds
[2026-02-28T11:26:28.915+0000] {processor.py:161} INFO - Started process (PID=8027) to work on /opt/airflow/dags/load_cb_courses.py
[2026-02-28T11:26:28.916+0000] {processor.py:830} INFO - Processing file /opt/airflow/dags/load_cb_courses.py for tasks to queue
[2026-02-28T11:26:28.920+0000] {logging_mixin.py:188} INFO - [2026-02-28T11:26:28.919+0000] {dagbag.py:545} INFO - Filling up the DagBag from /opt/airflow/dags/load_cb_courses.py
[2026-02-28T11:26:29.278+0000] {processor.py:840} INFO - DAG(s) 'load_cb_courses' retrieved from /opt/airflow/dags/load_cb_courses.py
[2026-02-28T11:26:29.334+0000] {logging_mixin.py:188} INFO - [2026-02-28T11:26:29.333+0000] {dag.py:3089} INFO - Sync 1 DAGs
[2026-02-28T11:26:29.418+0000] {logging_mixin.py:188} INFO - [2026-02-28T11:26:29.418+0000] {dag.py:3947} INFO - Setting next_dagrun for load_cb_courses to 2026-02-28 00:00:00+00:00, run_after=2026-03-01 00:00:00+00:00
[2026-02-28T11:26:29.456+0000] {processor.py:183} INFO - Processing /opt/airflow/dags/load_cb_courses.py took 0.548 seconds
[2026-02-28T11:27:00.266+0000] {processor.py:161} INFO - Started process (PID=8064) to work on /opt/airflow/dags/load_cb_courses.py
[2026-02-28T11:27:00.268+0000] {processor.py:830} INFO - Processing file /opt/airflow/dags/load_cb_courses.py for tasks to queue
[2026-02-28T11:27:00.270+0000] {logging_mixin.py:188} INFO - [2026-02-28T11:27:00.269+0000] {dagbag.py:545} INFO - Filling up the DagBag from /opt/airflow/dags/load_cb_courses.py
[2026-02-28T11:27:00.624+0000] {processor.py:840} INFO - DAG(s) 'load_cb_courses' retrieved from /opt/airflow/dags/load_cb_courses.py
[2026-02-28T11:27:00.651+0000] {logging_mixin.py:188} INFO - [2026-02-28T11:27:00.650+0000] {dag.py:3089} INFO - Sync 1 DAGs
[2026-02-28T11:27:00.673+0000] {logging_mixin.py:188} INFO - [2026-02-28T11:27:00.672+0000] {dag.py:3947} INFO - Setting next_dagrun for load_cb_courses to 2026-02-28 00:00:00+00:00, run_after=2026-03-01 00:00:00+00:00
[2026-02-28T11:27:00.696+0000] {processor.py:183} INFO - Processing /opt/airflow/dags/load_cb_courses.py took 0.436 seconds
[2026-02-28T11:27:31.307+0000] {processor.py:161} INFO - Started process (PID=8096) to work on /opt/airflow/dags/load_cb_courses.py
[2026-02-28T11:27:31.308+0000] {processor.py:830} INFO - Processing file /opt/airflow/dags/load_cb_courses.py for tasks to queue
[2026-02-28T11:27:31.310+0000] {logging_mixin.py:188} INFO - [2026-02-28T11:27:31.310+0000] {dagbag.py:545} INFO - Filling up the DagBag from /opt/airflow/dags/load_cb_courses.py
[2026-02-28T11:27:31.618+0000] {processor.py:840} INFO - DAG(s) 'load_cb_courses' retrieved from /opt/airflow/dags/load_cb_courses.py
[2026-02-28T11:27:31.642+0000] {logging_mixin.py:188} INFO - [2026-02-28T11:27:31.642+0000] {dag.py:3089} INFO - Sync 1 DAGs
[2026-02-28T11:27:31.671+0000] {logging_mixin.py:188} INFO - [2026-02-28T11:27:31.670+0000] {dag.py:3947} INFO - Setting next_dagrun for load_cb_courses to 2026-02-28 00:00:00+00:00, run_after=2026-03-01 00:00:00+00:00
[2026-02-28T11:27:31.697+0000] {processor.py:183} INFO - Processing /opt/airflow/dags/load_cb_courses.py took 0.396 seconds
[2026-02-28T11:28:01.829+0000] {processor.py:161} INFO - Started process (PID=8127) to work on /opt/airflow/dags/load_cb_courses.py
[2026-02-28T11:28:01.830+0000] {processor.py:830} INFO - Processing file /opt/airflow/dags/load_cb_courses.py for tasks to queue
[2026-02-28T11:28:01.832+0000] {logging_mixin.py:188} INFO - [2026-02-28T11:28:01.832+0000] {dagbag.py:545} INFO - Filling up the DagBag from /opt/airflow/dags/load_cb_courses.py
[2026-02-28T11:28:02.146+0000] {processor.py:840} INFO - DAG(s) 'load_cb_courses' retrieved from /opt/airflow/dags/load_cb_courses.py
[2026-02-28T11:28:02.174+0000] {logging_mixin.py:188} INFO - [2026-02-28T11:28:02.173+0000] {dag.py:3089} INFO - Sync 1 DAGs
[2026-02-28T11:28:02.196+0000] {logging_mixin.py:188} INFO - [2026-02-28T11:28:02.196+0000] {dag.py:3947} INFO - Setting next_dagrun for load_cb_courses to 2026-02-28 00:00:00+00:00, run_after=2026-03-01 00:00:00+00:00
[2026-02-28T11:28:02.217+0000] {processor.py:183} INFO - Processing /opt/airflow/dags/load_cb_courses.py took 0.394 seconds
[2026-02-28T11:28:32.274+0000] {processor.py:161} INFO - Started process (PID=8162) to work on /opt/airflow/dags/load_cb_courses.py
[2026-02-28T11:28:32.276+0000] {processor.py:830} INFO - Processing file /opt/airflow/dags/load_cb_courses.py for tasks to queue
[2026-02-28T11:28:32.278+0000] {logging_mixin.py:188} INFO - [2026-02-28T11:28:32.278+0000] {dagbag.py:545} INFO - Filling up the DagBag from /opt/airflow/dags/load_cb_courses.py
[2026-02-28T11:28:32.603+0000] {processor.py:840} INFO - DAG(s) 'load_cb_courses' retrieved from /opt/airflow/dags/load_cb_courses.py
[2026-02-28T11:28:32.624+0000] {logging_mixin.py:188} INFO - [2026-02-28T11:28:32.624+0000] {dag.py:3089} INFO - Sync 1 DAGs
[2026-02-28T11:28:32.645+0000] {logging_mixin.py:188} INFO - [2026-02-28T11:28:32.645+0000] {dag.py:3947} INFO - Setting next_dagrun for load_cb_courses to 2026-02-28 00:00:00+00:00, run_after=2026-03-01 00:00:00+00:00
[2026-02-28T11:28:32.667+0000] {processor.py:183} INFO - Processing /opt/airflow/dags/load_cb_courses.py took 0.399 seconds
[2026-02-28T11:29:03.385+0000] {processor.py:161} INFO - Started process (PID=8197) to work on /opt/airflow/dags/load_cb_courses.py
[2026-02-28T11:29:03.387+0000] {processor.py:830} INFO - Processing file /opt/airflow/dags/load_cb_courses.py for tasks to queue
[2026-02-28T11:29:03.390+0000] {logging_mixin.py:188} INFO - [2026-02-28T11:29:03.389+0000] {dagbag.py:545} INFO - Filling up the DagBag from /opt/airflow/dags/load_cb_courses.py
[2026-02-28T11:29:03.708+0000] {processor.py:840} INFO - DAG(s) 'load_cb_courses' retrieved from /opt/airflow/dags/load_cb_courses.py
[2026-02-28T11:29:03.734+0000] {logging_mixin.py:188} INFO - [2026-02-28T11:29:03.733+0000] {dag.py:3089} INFO - Sync 1 DAGs
[2026-02-28T11:29:03.764+0000] {logging_mixin.py:188} INFO - [2026-02-28T11:29:03.763+0000] {dag.py:3947} INFO - Setting next_dagrun for load_cb_courses to 2026-02-28 00:00:00+00:00, run_after=2026-03-01 00:00:00+00:00
[2026-02-28T11:29:03.792+0000] {processor.py:183} INFO - Processing /opt/airflow/dags/load_cb_courses.py took 0.420 seconds
[2026-02-28T11:29:34.246+0000] {processor.py:161} INFO - Started process (PID=8235) to work on /opt/airflow/dags/load_cb_courses.py
[2026-02-28T11:29:34.247+0000] {processor.py:830} INFO - Processing file /opt/airflow/dags/load_cb_courses.py for tasks to queue
[2026-02-28T11:29:34.248+0000] {logging_mixin.py:188} INFO - [2026-02-28T11:29:34.248+0000] {dagbag.py:545} INFO - Filling up the DagBag from /opt/airflow/dags/load_cb_courses.py
[2026-02-28T11:29:34.662+0000] {processor.py:840} INFO - DAG(s) 'load_cb_courses' retrieved from /opt/airflow/dags/load_cb_courses.py
[2026-02-28T11:29:34.695+0000] {logging_mixin.py:188} INFO - [2026-02-28T11:29:34.695+0000] {dag.py:3089} INFO - Sync 1 DAGs
[2026-02-28T11:29:34.720+0000] {logging_mixin.py:188} INFO - [2026-02-28T11:29:34.720+0000] {dag.py:3947} INFO - Setting next_dagrun for load_cb_courses to 2026-02-28 00:00:00+00:00, run_after=2026-03-01 00:00:00+00:00
[2026-02-28T11:29:34.750+0000] {processor.py:183} INFO - Processing /opt/airflow/dags/load_cb_courses.py took 0.510 seconds
[2026-02-28T11:30:04.885+0000] {processor.py:161} INFO - Started process (PID=8267) to work on /opt/airflow/dags/load_cb_courses.py
[2026-02-28T11:30:04.886+0000] {processor.py:830} INFO - Processing file /opt/airflow/dags/load_cb_courses.py for tasks to queue
[2026-02-28T11:30:04.889+0000] {logging_mixin.py:188} INFO - [2026-02-28T11:30:04.888+0000] {dagbag.py:545} INFO - Filling up the DagBag from /opt/airflow/dags/load_cb_courses.py
[2026-02-28T11:30:05.204+0000] {processor.py:840} INFO - DAG(s) 'load_cb_courses' retrieved from /opt/airflow/dags/load_cb_courses.py
[2026-02-28T11:30:05.225+0000] {logging_mixin.py:188} INFO - [2026-02-28T11:30:05.225+0000] {dag.py:3089} INFO - Sync 1 DAGs
[2026-02-28T11:30:05.247+0000] {logging_mixin.py:188} INFO - [2026-02-28T11:30:05.247+0000] {dag.py:3947} INFO - Setting next_dagrun for load_cb_courses to 2026-02-28 00:00:00+00:00, run_after=2026-03-01 00:00:00+00:00
[2026-02-28T11:30:05.270+0000] {processor.py:183} INFO - Processing /opt/airflow/dags/load_cb_courses.py took 0.393 seconds
[2026-02-28T11:30:35.738+0000] {processor.py:161} INFO - Started process (PID=8298) to work on /opt/airflow/dags/load_cb_courses.py
[2026-02-28T11:30:35.739+0000] {processor.py:830} INFO - Processing file /opt/airflow/dags/load_cb_courses.py for tasks to queue
[2026-02-28T11:30:35.741+0000] {logging_mixin.py:188} INFO - [2026-02-28T11:30:35.741+0000] {dagbag.py:545} INFO - Filling up the DagBag from /opt/airflow/dags/load_cb_courses.py
[2026-02-28T11:30:36.031+0000] {processor.py:840} INFO - DAG(s) 'load_cb_courses' retrieved from /opt/airflow/dags/load_cb_courses.py
[2026-02-28T11:30:36.050+0000] {logging_mixin.py:188} INFO - [2026-02-28T11:30:36.049+0000] {dag.py:3089} INFO - Sync 1 DAGs
[2026-02-28T11:30:36.070+0000] {logging_mixin.py:188} INFO - [2026-02-28T11:30:36.069+0000] {dag.py:3947} INFO - Setting next_dagrun for load_cb_courses to 2026-02-28 00:00:00+00:00, run_after=2026-03-01 00:00:00+00:00
[2026-02-28T11:30:36.090+0000] {processor.py:183} INFO - Processing /opt/airflow/dags/load_cb_courses.py took 0.358 seconds
[2026-02-28T11:31:06.751+0000] {processor.py:161} INFO - Started process (PID=8335) to work on /opt/airflow/dags/load_cb_courses.py
[2026-02-28T11:31:06.752+0000] {processor.py:830} INFO - Processing file /opt/airflow/dags/load_cb_courses.py for tasks to queue
[2026-02-28T11:31:06.754+0000] {logging_mixin.py:188} INFO - [2026-02-28T11:31:06.753+0000] {dagbag.py:545} INFO - Filling up the DagBag from /opt/airflow/dags/load_cb_courses.py
[2026-02-28T11:31:07.075+0000] {processor.py:840} INFO - DAG(s) 'load_cb_courses' retrieved from /opt/airflow/dags/load_cb_courses.py
[2026-02-28T11:31:07.103+0000] {logging_mixin.py:188} INFO - [2026-02-28T11:31:07.103+0000] {dag.py:3089} INFO - Sync 1 DAGs
[2026-02-28T11:31:07.129+0000] {logging_mixin.py:188} INFO - [2026-02-28T11:31:07.128+0000] {dag.py:3947} INFO - Setting next_dagrun for load_cb_courses to 2026-02-28 00:00:00+00:00, run_after=2026-03-01 00:00:00+00:00
[2026-02-28T11:31:07.152+0000] {processor.py:183} INFO - Processing /opt/airflow/dags/load_cb_courses.py took 0.408 seconds
[2026-02-28T11:31:37.614+0000] {processor.py:161} INFO - Started process (PID=8366) to work on /opt/airflow/dags/load_cb_courses.py
[2026-02-28T11:31:37.615+0000] {processor.py:830} INFO - Processing file /opt/airflow/dags/load_cb_courses.py for tasks to queue
[2026-02-28T11:31:37.617+0000] {logging_mixin.py:188} INFO - [2026-02-28T11:31:37.617+0000] {dagbag.py:545} INFO - Filling up the DagBag from /opt/airflow/dags/load_cb_courses.py
[2026-02-28T11:31:37.893+0000] {processor.py:840} INFO - DAG(s) 'load_cb_courses' retrieved from /opt/airflow/dags/load_cb_courses.py
[2026-02-28T11:31:37.913+0000] {logging_mixin.py:188} INFO - [2026-02-28T11:31:37.912+0000] {dag.py:3089} INFO - Sync 1 DAGs
[2026-02-28T11:31:37.934+0000] {logging_mixin.py:188} INFO - [2026-02-28T11:31:37.934+0000] {dag.py:3947} INFO - Setting next_dagrun for load_cb_courses to 2026-02-28 00:00:00+00:00, run_after=2026-03-01 00:00:00+00:00
[2026-02-28T11:31:37.955+0000] {processor.py:183} INFO - Processing /opt/airflow/dags/load_cb_courses.py took 0.346 seconds
[2026-02-28T11:32:08.240+0000] {processor.py:161} INFO - Started process (PID=8404) to work on /opt/airflow/dags/load_cb_courses.py
[2026-02-28T11:32:08.241+0000] {processor.py:830} INFO - Processing file /opt/airflow/dags/load_cb_courses.py for tasks to queue
[2026-02-28T11:32:08.243+0000] {logging_mixin.py:188} INFO - [2026-02-28T11:32:08.243+0000] {dagbag.py:545} INFO - Filling up the DagBag from /opt/airflow/dags/load_cb_courses.py
[2026-02-28T11:32:08.539+0000] {processor.py:840} INFO - DAG(s) 'load_cb_courses' retrieved from /opt/airflow/dags/load_cb_courses.py
[2026-02-28T11:32:08.560+0000] {logging_mixin.py:188} INFO - [2026-02-28T11:32:08.560+0000] {dag.py:3089} INFO - Sync 1 DAGs
[2026-02-28T11:32:08.585+0000] {logging_mixin.py:188} INFO - [2026-02-28T11:32:08.584+0000] {dag.py:3947} INFO - Setting next_dagrun for load_cb_courses to 2026-02-28 00:00:00+00:00, run_after=2026-03-01 00:00:00+00:00
[2026-02-28T11:32:08.606+0000] {processor.py:183} INFO - Processing /opt/airflow/dags/load_cb_courses.py took 0.373 seconds
[2026-02-28T11:32:39.201+0000] {processor.py:161} INFO - Started process (PID=8436) to work on /opt/airflow/dags/load_cb_courses.py
[2026-02-28T11:32:39.203+0000] {processor.py:830} INFO - Processing file /opt/airflow/dags/load_cb_courses.py for tasks to queue
[2026-02-28T11:32:39.205+0000] {logging_mixin.py:188} INFO - [2026-02-28T11:32:39.205+0000] {dagbag.py:545} INFO - Filling up the DagBag from /opt/airflow/dags/load_cb_courses.py
[2026-02-28T11:32:39.480+0000] {processor.py:840} INFO - DAG(s) 'load_cb_courses' retrieved from /opt/airflow/dags/load_cb_courses.py
[2026-02-28T11:32:39.500+0000] {logging_mixin.py:188} INFO - [2026-02-28T11:32:39.500+0000] {dag.py:3089} INFO - Sync 1 DAGs
[2026-02-28T11:32:39.526+0000] {logging_mixin.py:188} INFO - [2026-02-28T11:32:39.525+0000] {dag.py:3947} INFO - Setting next_dagrun for load_cb_courses to 2026-02-28 00:00:00+00:00, run_after=2026-03-01 00:00:00+00:00
[2026-02-28T11:32:39.556+0000] {processor.py:183} INFO - Processing /opt/airflow/dags/load_cb_courses.py took 0.362 seconds
[2026-02-28T11:33:10.108+0000] {processor.py:161} INFO - Started process (PID=8467) to work on /opt/airflow/dags/load_cb_courses.py
[2026-02-28T11:33:10.109+0000] {processor.py:830} INFO - Processing file /opt/airflow/dags/load_cb_courses.py for tasks to queue
[2026-02-28T11:33:10.111+0000] {logging_mixin.py:188} INFO - [2026-02-28T11:33:10.111+0000] {dagbag.py:545} INFO - Filling up the DagBag from /opt/airflow/dags/load_cb_courses.py
[2026-02-28T11:33:10.394+0000] {processor.py:840} INFO - DAG(s) 'load_cb_courses' retrieved from /opt/airflow/dags/load_cb_courses.py
[2026-02-28T11:33:10.414+0000] {logging_mixin.py:188} INFO - [2026-02-28T11:33:10.414+0000] {dag.py:3089} INFO - Sync 1 DAGs
[2026-02-28T11:33:10.434+0000] {logging_mixin.py:188} INFO - [2026-02-28T11:33:10.434+0000] {dag.py:3947} INFO - Setting next_dagrun for load_cb_courses to 2026-02-28 00:00:00+00:00, run_after=2026-03-01 00:00:00+00:00
[2026-02-28T11:33:10.454+0000] {processor.py:183} INFO - Processing /opt/airflow/dags/load_cb_courses.py took 0.352 seconds
[2026-02-28T11:33:41.147+0000] {processor.py:161} INFO - Started process (PID=8505) to work on /opt/airflow/dags/load_cb_courses.py
[2026-02-28T11:33:41.149+0000] {processor.py:830} INFO - Processing file /opt/airflow/dags/load_cb_courses.py for tasks to queue
[2026-02-28T11:33:41.151+0000] {logging_mixin.py:188} INFO - [2026-02-28T11:33:41.150+0000] {dagbag.py:545} INFO - Filling up the DagBag from /opt/airflow/dags/load_cb_courses.py
[2026-02-28T11:33:41.475+0000] {processor.py:840} INFO - DAG(s) 'load_cb_courses' retrieved from /opt/airflow/dags/load_cb_courses.py
[2026-02-28T11:33:41.501+0000] {logging_mixin.py:188} INFO - [2026-02-28T11:33:41.500+0000] {dag.py:3089} INFO - Sync 1 DAGs
[2026-02-28T11:33:41.525+0000] {logging_mixin.py:188} INFO - [2026-02-28T11:33:41.525+0000] {dag.py:3947} INFO - Setting next_dagrun for load_cb_courses to 2026-02-28 00:00:00+00:00, run_after=2026-03-01 00:00:00+00:00
[2026-02-28T11:33:41.549+0000] {processor.py:183} INFO - Processing /opt/airflow/dags/load_cb_courses.py took 0.408 seconds
[2026-02-28T11:34:12.211+0000] {processor.py:161} INFO - Started process (PID=8536) to work on /opt/airflow/dags/load_cb_courses.py
[2026-02-28T11:34:12.212+0000] {processor.py:830} INFO - Processing file /opt/airflow/dags/load_cb_courses.py for tasks to queue
[2026-02-28T11:34:12.214+0000] {logging_mixin.py:188} INFO - [2026-02-28T11:34:12.214+0000] {dagbag.py:545} INFO - Filling up the DagBag from /opt/airflow/dags/load_cb_courses.py
[2026-02-28T11:34:12.513+0000] {processor.py:840} INFO - DAG(s) 'load_cb_courses' retrieved from /opt/airflow/dags/load_cb_courses.py
[2026-02-28T11:34:12.538+0000] {logging_mixin.py:188} INFO - [2026-02-28T11:34:12.537+0000] {dag.py:3089} INFO - Sync 1 DAGs
[2026-02-28T11:34:12.562+0000] {logging_mixin.py:188} INFO - [2026-02-28T11:34:12.562+0000] {dag.py:3947} INFO - Setting next_dagrun for load_cb_courses to 2026-02-28 00:00:00+00:00, run_after=2026-03-01 00:00:00+00:00
[2026-02-28T11:34:12.585+0000] {processor.py:183} INFO - Processing /opt/airflow/dags/load_cb_courses.py took 0.381 seconds
[2026-02-28T11:34:42.708+0000] {processor.py:161} INFO - Started process (PID=8574) to work on /opt/airflow/dags/load_cb_courses.py
[2026-02-28T11:34:42.709+0000] {processor.py:830} INFO - Processing file /opt/airflow/dags/load_cb_courses.py for tasks to queue
[2026-02-28T11:34:42.711+0000] {logging_mixin.py:188} INFO - [2026-02-28T11:34:42.711+0000] {dagbag.py:545} INFO - Filling up the DagBag from /opt/airflow/dags/load_cb_courses.py
[2026-02-28T11:34:43.097+0000] {processor.py:840} INFO - DAG(s) 'load_cb_courses' retrieved from /opt/airflow/dags/load_cb_courses.py
[2026-02-28T11:34:43.128+0000] {logging_mixin.py:188} INFO - [2026-02-28T11:34:43.127+0000] {dag.py:3089} INFO - Sync 1 DAGs
[2026-02-28T11:34:43.154+0000] {logging_mixin.py:188} INFO - [2026-02-28T11:34:43.154+0000] {dag.py:3947} INFO - Setting next_dagrun for load_cb_courses to 2026-02-28 00:00:00+00:00, run_after=2026-03-01 00:00:00+00:00
[2026-02-28T11:34:43.180+0000] {processor.py:183} INFO - Processing /opt/airflow/dags/load_cb_courses.py took 0.478 seconds
[2026-02-28T11:35:13.396+0000] {processor.py:161} INFO - Started process (PID=8606) to work on /opt/airflow/dags/load_cb_courses.py
[2026-02-28T11:35:13.397+0000] {processor.py:830} INFO - Processing file /opt/airflow/dags/load_cb_courses.py for tasks to queue
[2026-02-28T11:35:13.399+0000] {logging_mixin.py:188} INFO - [2026-02-28T11:35:13.399+0000] {dagbag.py:545} INFO - Filling up the DagBag from /opt/airflow/dags/load_cb_courses.py
[2026-02-28T11:35:13.677+0000] {processor.py:840} INFO - DAG(s) 'load_cb_courses' retrieved from /opt/airflow/dags/load_cb_courses.py
[2026-02-28T11:35:13.697+0000] {logging_mixin.py:188} INFO - [2026-02-28T11:35:13.697+0000] {dag.py:3089} INFO - Sync 1 DAGs
[2026-02-28T11:35:13.717+0000] {logging_mixin.py:188} INFO - [2026-02-28T11:35:13.717+0000] {dag.py:3947} INFO - Setting next_dagrun for load_cb_courses to 2026-02-28 00:00:00+00:00, run_after=2026-03-01 00:00:00+00:00
[2026-02-28T11:35:13.741+0000] {processor.py:183} INFO - Processing /opt/airflow/dags/load_cb_courses.py took 0.352 seconds
[2026-02-28T11:35:43.949+0000] {processor.py:161} INFO - Started process (PID=8637) to work on /opt/airflow/dags/load_cb_courses.py
[2026-02-28T11:35:43.950+0000] {processor.py:830} INFO - Processing file /opt/airflow/dags/load_cb_courses.py for tasks to queue
[2026-02-28T11:35:43.953+0000] {logging_mixin.py:188} INFO - [2026-02-28T11:35:43.952+0000] {dagbag.py:545} INFO - Filling up the DagBag from /opt/airflow/dags/load_cb_courses.py
[2026-02-28T11:35:44.239+0000] {processor.py:840} INFO - DAG(s) 'load_cb_courses' retrieved from /opt/airflow/dags/load_cb_courses.py
[2026-02-28T11:35:44.262+0000] {logging_mixin.py:188} INFO - [2026-02-28T11:35:44.261+0000] {dag.py:3089} INFO - Sync 1 DAGs
[2026-02-28T11:35:44.284+0000] {logging_mixin.py:188} INFO - [2026-02-28T11:35:44.284+0000] {dag.py:3947} INFO - Setting next_dagrun for load_cb_courses to 2026-02-28 00:00:00+00:00, run_after=2026-03-01 00:00:00+00:00
[2026-02-28T11:35:44.304+0000] {processor.py:183} INFO - Processing /opt/airflow/dags/load_cb_courses.py took 0.361 seconds
[2026-02-28T11:36:14.948+0000] {processor.py:161} INFO - Started process (PID=8676) to work on /opt/airflow/dags/load_cb_courses.py
[2026-02-28T11:36:14.950+0000] {processor.py:830} INFO - Processing file /opt/airflow/dags/load_cb_courses.py for tasks to queue
[2026-02-28T11:36:14.953+0000] {logging_mixin.py:188} INFO - [2026-02-28T11:36:14.953+0000] {dagbag.py:545} INFO - Filling up the DagBag from /opt/airflow/dags/load_cb_courses.py
[2026-02-28T11:36:15.266+0000] {processor.py:840} INFO - DAG(s) 'load_cb_courses' retrieved from /opt/airflow/dags/load_cb_courses.py
[2026-02-28T11:36:15.285+0000] {logging_mixin.py:188} INFO - [2026-02-28T11:36:15.285+0000] {dag.py:3089} INFO - Sync 1 DAGs
[2026-02-28T11:36:15.307+0000] {logging_mixin.py:188} INFO - [2026-02-28T11:36:15.307+0000] {dag.py:3947} INFO - Setting next_dagrun for load_cb_courses to 2026-02-28 00:00:00+00:00, run_after=2026-03-01 00:00:00+00:00
[2026-02-28T11:36:15.330+0000] {processor.py:183} INFO - Processing /opt/airflow/dags/load_cb_courses.py took 0.394 seconds
[2026-02-28T11:36:45.408+0000] {processor.py:161} INFO - Started process (PID=8707) to work on /opt/airflow/dags/load_cb_courses.py
[2026-02-28T11:36:45.409+0000] {processor.py:830} INFO - Processing file /opt/airflow/dags/load_cb_courses.py for tasks to queue
[2026-02-28T11:36:45.411+0000] {logging_mixin.py:188} INFO - [2026-02-28T11:36:45.411+0000] {dagbag.py:545} INFO - Filling up the DagBag from /opt/airflow/dags/load_cb_courses.py
[2026-02-28T11:36:45.704+0000] {processor.py:840} INFO - DAG(s) 'load_cb_courses' retrieved from /opt/airflow/dags/load_cb_courses.py
[2026-02-28T11:36:45.725+0000] {logging_mixin.py:188} INFO - [2026-02-28T11:36:45.724+0000] {dag.py:3089} INFO - Sync 1 DAGs
[2026-02-28T11:36:45.745+0000] {logging_mixin.py:188} INFO - [2026-02-28T11:36:45.745+0000] {dag.py:3947} INFO - Setting next_dagrun for load_cb_courses to 2026-02-28 00:00:00+00:00, run_after=2026-03-01 00:00:00+00:00
[2026-02-28T11:36:45.764+0000] {processor.py:183} INFO - Processing /opt/airflow/dags/load_cb_courses.py took 0.362 seconds
[2026-02-28T11:37:16.480+0000] {processor.py:161} INFO - Started process (PID=8745) to work on /opt/airflow/dags/load_cb_courses.py
[2026-02-28T11:37:16.482+0000] {processor.py:830} INFO - Processing file /opt/airflow/dags/load_cb_courses.py for tasks to queue
[2026-02-28T11:37:16.485+0000] {logging_mixin.py:188} INFO - [2026-02-28T11:37:16.484+0000] {dagbag.py:545} INFO - Filling up the DagBag from /opt/airflow/dags/load_cb_courses.py
[2026-02-28T11:37:16.851+0000] {processor.py:840} INFO - DAG(s) 'load_cb_courses' retrieved from /opt/airflow/dags/load_cb_courses.py
[2026-02-28T11:37:16.883+0000] {logging_mixin.py:188} INFO - [2026-02-28T11:37:16.882+0000] {dag.py:3089} INFO - Sync 1 DAGs
[2026-02-28T11:37:16.915+0000] {logging_mixin.py:188} INFO - [2026-02-28T11:37:16.914+0000] {dag.py:3947} INFO - Setting next_dagrun for load_cb_courses to 2026-02-28 00:00:00+00:00, run_after=2026-03-01 00:00:00+00:00
[2026-02-28T11:37:16.942+0000] {processor.py:183} INFO - Processing /opt/airflow/dags/load_cb_courses.py took 0.470 seconds
[2026-02-28T11:37:47.444+0000] {processor.py:161} INFO - Started process (PID=8776) to work on /opt/airflow/dags/load_cb_courses.py
[2026-02-28T11:37:47.446+0000] {processor.py:830} INFO - Processing file /opt/airflow/dags/load_cb_courses.py for tasks to queue
[2026-02-28T11:37:47.448+0000] {logging_mixin.py:188} INFO - [2026-02-28T11:37:47.448+0000] {dagbag.py:545} INFO - Filling up the DagBag from /opt/airflow/dags/load_cb_courses.py
[2026-02-28T11:37:47.745+0000] {processor.py:840} INFO - DAG(s) 'load_cb_courses' retrieved from /opt/airflow/dags/load_cb_courses.py
[2026-02-28T11:37:47.766+0000] {logging_mixin.py:188} INFO - [2026-02-28T11:37:47.765+0000] {dag.py:3089} INFO - Sync 1 DAGs
[2026-02-28T11:37:47.786+0000] {logging_mixin.py:188} INFO - [2026-02-28T11:37:47.786+0000] {dag.py:3947} INFO - Setting next_dagrun for load_cb_courses to 2026-02-28 00:00:00+00:00, run_after=2026-03-01 00:00:00+00:00
[2026-02-28T11:37:47.806+0000] {processor.py:183} INFO - Processing /opt/airflow/dags/load_cb_courses.py took 0.369 seconds
[2026-02-28T11:38:17.927+0000] {processor.py:161} INFO - Started process (PID=8807) to work on /opt/airflow/dags/load_cb_courses.py
[2026-02-28T11:38:17.928+0000] {processor.py:830} INFO - Processing file /opt/airflow/dags/load_cb_courses.py for tasks to queue
[2026-02-28T11:38:17.930+0000] {logging_mixin.py:188} INFO - [2026-02-28T11:38:17.929+0000] {dagbag.py:545} INFO - Filling up the DagBag from /opt/airflow/dags/load_cb_courses.py
[2026-02-28T11:38:18.207+0000] {processor.py:840} INFO - DAG(s) 'load_cb_courses' retrieved from /opt/airflow/dags/load_cb_courses.py
[2026-02-28T11:38:18.232+0000] {logging_mixin.py:188} INFO - [2026-02-28T11:38:18.232+0000] {dag.py:3089} INFO - Sync 1 DAGs
[2026-02-28T11:38:18.256+0000] {logging_mixin.py:188} INFO - [2026-02-28T11:38:18.255+0000] {dag.py:3947} INFO - Setting next_dagrun for load_cb_courses to 2026-02-28 00:00:00+00:00, run_after=2026-03-01 00:00:00+00:00
[2026-02-28T11:38:18.274+0000] {processor.py:183} INFO - Processing /opt/airflow/dags/load_cb_courses.py took 0.356 seconds
[2026-02-28T11:38:49.091+0000] {processor.py:161} INFO - Started process (PID=8845) to work on /opt/airflow/dags/load_cb_courses.py
[2026-02-28T11:38:49.092+0000] {processor.py:830} INFO - Processing file /opt/airflow/dags/load_cb_courses.py for tasks to queue
[2026-02-28T11:38:49.094+0000] {logging_mixin.py:188} INFO - [2026-02-28T11:38:49.094+0000] {dagbag.py:545} INFO - Filling up the DagBag from /opt/airflow/dags/load_cb_courses.py
[2026-02-28T11:38:49.429+0000] {processor.py:840} INFO - DAG(s) 'load_cb_courses' retrieved from /opt/airflow/dags/load_cb_courses.py
[2026-02-28T11:38:49.454+0000] {logging_mixin.py:188} INFO - [2026-02-28T11:38:49.454+0000] {dag.py:3089} INFO - Sync 1 DAGs
[2026-02-28T11:38:49.482+0000] {logging_mixin.py:188} INFO - [2026-02-28T11:38:49.481+0000] {dag.py:3947} INFO - Setting next_dagrun for load_cb_courses to 2026-02-28 00:00:00+00:00, run_after=2026-03-01 00:00:00+00:00
[2026-02-28T11:38:49.503+0000] {processor.py:183} INFO - Processing /opt/airflow/dags/load_cb_courses.py took 0.419 seconds
[2026-02-28T11:39:20.173+0000] {processor.py:161} INFO - Started process (PID=8882) to work on /opt/airflow/dags/load_cb_courses.py
[2026-02-28T11:39:20.174+0000] {processor.py:830} INFO - Processing file /opt/airflow/dags/load_cb_courses.py for tasks to queue
[2026-02-28T11:39:20.176+0000] {logging_mixin.py:188} INFO - [2026-02-28T11:39:20.176+0000] {dagbag.py:545} INFO - Filling up the DagBag from /opt/airflow/dags/load_cb_courses.py
[2026-02-28T11:39:20.455+0000] {processor.py:840} INFO - DAG(s) 'load_cb_courses' retrieved from /opt/airflow/dags/load_cb_courses.py
[2026-02-28T11:39:20.475+0000] {logging_mixin.py:188} INFO - [2026-02-28T11:39:20.475+0000] {dag.py:3089} INFO - Sync 1 DAGs
[2026-02-28T11:39:20.495+0000] {logging_mixin.py:188} INFO - [2026-02-28T11:39:20.495+0000] {dag.py:3947} INFO - Setting next_dagrun for load_cb_courses to 2026-02-28 00:00:00+00:00, run_after=2026-03-01 00:00:00+00:00
[2026-02-28T11:39:20.514+0000] {processor.py:183} INFO - Processing /opt/airflow/dags/load_cb_courses.py took 0.347 seconds
[2026-02-28T11:39:51.067+0000] {processor.py:161} INFO - Started process (PID=8920) to work on /opt/airflow/dags/load_cb_courses.py
[2026-02-28T11:39:51.069+0000] {processor.py:830} INFO - Processing file /opt/airflow/dags/load_cb_courses.py for tasks to queue
[2026-02-28T11:39:51.072+0000] {logging_mixin.py:188} INFO - [2026-02-28T11:39:51.071+0000] {dagbag.py:545} INFO - Filling up the DagBag from /opt/airflow/dags/load_cb_courses.py
[2026-02-28T11:39:51.401+0000] {processor.py:840} INFO - DAG(s) 'load_cb_courses' retrieved from /opt/airflow/dags/load_cb_courses.py
[2026-02-28T11:39:51.421+0000] {logging_mixin.py:188} INFO - [2026-02-28T11:39:51.421+0000] {dag.py:3089} INFO - Sync 1 DAGs
[2026-02-28T11:39:51.442+0000] {logging_mixin.py:188} INFO - [2026-02-28T11:39:51.442+0000] {dag.py:3947} INFO - Setting next_dagrun for load_cb_courses to 2026-02-28 00:00:00+00:00, run_after=2026-03-01 00:00:00+00:00
[2026-02-28T11:39:51.461+0000] {processor.py:183} INFO - Processing /opt/airflow/dags/load_cb_courses.py took 0.400 seconds
[2026-02-28T11:40:21.928+0000] {processor.py:161} INFO - Started process (PID=8951) to work on /opt/airflow/dags/load_cb_courses.py
[2026-02-28T11:40:21.929+0000] {processor.py:830} INFO - Processing file /opt/airflow/dags/load_cb_courses.py for tasks to queue
[2026-02-28T11:40:21.931+0000] {logging_mixin.py:188} INFO - [2026-02-28T11:40:21.931+0000] {dagbag.py:545} INFO - Filling up the DagBag from /opt/airflow/dags/load_cb_courses.py
[2026-02-28T11:40:22.253+0000] {processor.py:840} INFO - DAG(s) 'load_cb_courses' retrieved from /opt/airflow/dags/load_cb_courses.py
[2026-02-28T11:40:22.276+0000] {logging_mixin.py:188} INFO - [2026-02-28T11:40:22.275+0000] {dag.py:3089} INFO - Sync 1 DAGs
[2026-02-28T11:40:22.299+0000] {logging_mixin.py:188} INFO - [2026-02-28T11:40:22.299+0000] {dag.py:3947} INFO - Setting next_dagrun for load_cb_courses to 2026-02-28 00:00:00+00:00, run_after=2026-03-01 00:00:00+00:00
[2026-02-28T11:40:22.321+0000] {processor.py:183} INFO - Processing /opt/airflow/dags/load_cb_courses.py took 0.399 seconds
[2026-02-28T11:40:52.849+0000] {processor.py:161} INFO - Started process (PID=8984) to work on /opt/airflow/dags/load_cb_courses.py
[2026-02-28T11:40:52.850+0000] {processor.py:830} INFO - Processing file /opt/airflow/dags/load_cb_courses.py for tasks to queue
[2026-02-28T11:40:52.852+0000] {logging_mixin.py:188} INFO - [2026-02-28T11:40:52.852+0000] {dagbag.py:545} INFO - Filling up the DagBag from /opt/airflow/dags/load_cb_courses.py
[2026-02-28T11:40:53.168+0000] {processor.py:840} INFO - DAG(s) 'load_cb_courses' retrieved from /opt/airflow/dags/load_cb_courses.py
[2026-02-28T11:40:53.194+0000] {logging_mixin.py:188} INFO - [2026-02-28T11:40:53.194+0000] {dag.py:3089} INFO - Sync 1 DAGs
[2026-02-28T11:40:53.218+0000] {logging_mixin.py:188} INFO - [2026-02-28T11:40:53.218+0000] {dag.py:3947} INFO - Setting next_dagrun for load_cb_courses to 2026-02-28 00:00:00+00:00, run_after=2026-03-01 00:00:00+00:00
[2026-02-28T11:40:53.239+0000] {processor.py:183} INFO - Processing /opt/airflow/dags/load_cb_courses.py took 0.397 seconds
[2026-02-28T11:41:23.687+0000] {processor.py:161} INFO - Started process (PID=9019) to work on /opt/airflow/dags/load_cb_courses.py
[2026-02-28T11:41:23.688+0000] {processor.py:830} INFO - Processing file /opt/airflow/dags/load_cb_courses.py for tasks to queue
[2026-02-28T11:41:23.690+0000] {logging_mixin.py:188} INFO - [2026-02-28T11:41:23.690+0000] {dagbag.py:545} INFO - Filling up the DagBag from /opt/airflow/dags/load_cb_courses.py
[2026-02-28T11:41:24.104+0000] {processor.py:840} INFO - DAG(s) 'load_cb_courses' retrieved from /opt/airflow/dags/load_cb_courses.py
[2026-02-28T11:41:24.131+0000] {logging_mixin.py:188} INFO - [2026-02-28T11:41:24.130+0000] {dag.py:3089} INFO - Sync 1 DAGs
[2026-02-28T11:41:24.157+0000] {logging_mixin.py:188} INFO - [2026-02-28T11:41:24.157+0000] {dag.py:3947} INFO - Setting next_dagrun for load_cb_courses to 2026-02-28 00:00:00+00:00, run_after=2026-03-01 00:00:00+00:00
[2026-02-28T11:41:24.184+0000] {processor.py:183} INFO - Processing /opt/airflow/dags/load_cb_courses.py took 0.503 seconds
[2026-02-28T11:41:55.062+0000] {processor.py:161} INFO - Started process (PID=9050) to work on /opt/airflow/dags/load_cb_courses.py
[2026-02-28T11:41:55.064+0000] {processor.py:830} INFO - Processing file /opt/airflow/dags/load_cb_courses.py for tasks to queue
[2026-02-28T11:41:55.066+0000] {logging_mixin.py:188} INFO - [2026-02-28T11:41:55.065+0000] {dagbag.py:545} INFO - Filling up the DagBag from /opt/airflow/dags/load_cb_courses.py
[2026-02-28T11:41:55.384+0000] {processor.py:840} INFO - DAG(s) 'load_cb_courses' retrieved from /opt/airflow/dags/load_cb_courses.py
[2026-02-28T11:41:55.411+0000] {logging_mixin.py:188} INFO - [2026-02-28T11:41:55.411+0000] {dag.py:3089} INFO - Sync 1 DAGs
[2026-02-28T11:41:55.437+0000] {logging_mixin.py:188} INFO - [2026-02-28T11:41:55.437+0000] {dag.py:3947} INFO - Setting next_dagrun for load_cb_courses to 2026-02-28 00:00:00+00:00, run_after=2026-03-01 00:00:00+00:00
[2026-02-28T11:41:55.466+0000] {processor.py:183} INFO - Processing /opt/airflow/dags/load_cb_courses.py took 0.409 seconds
[2026-02-28T11:42:25.613+0000] {processor.py:161} INFO - Started process (PID=9088) to work on /opt/airflow/dags/load_cb_courses.py
[2026-02-28T11:42:25.614+0000] {processor.py:830} INFO - Processing file /opt/airflow/dags/load_cb_courses.py for tasks to queue
[2026-02-28T11:42:25.617+0000] {logging_mixin.py:188} INFO - [2026-02-28T11:42:25.617+0000] {dagbag.py:545} INFO - Filling up the DagBag from /opt/airflow/dags/load_cb_courses.py
[2026-02-28T11:42:25.933+0000] {processor.py:840} INFO - DAG(s) 'load_cb_courses' retrieved from /opt/airflow/dags/load_cb_courses.py
[2026-02-28T11:42:25.953+0000] {logging_mixin.py:188} INFO - [2026-02-28T11:42:25.953+0000] {dag.py:3089} INFO - Sync 1 DAGs
[2026-02-28T11:42:25.979+0000] {logging_mixin.py:188} INFO - [2026-02-28T11:42:25.979+0000] {dag.py:3947} INFO - Setting next_dagrun for load_cb_courses to 2026-02-28 00:00:00+00:00, run_after=2026-03-01 00:00:00+00:00
[2026-02-28T11:42:26.000+0000] {processor.py:183} INFO - Processing /opt/airflow/dags/load_cb_courses.py took 0.395 seconds
[2026-02-28T11:42:56.669+0000] {processor.py:161} INFO - Started process (PID=9121) to work on /opt/airflow/dags/load_cb_courses.py
[2026-02-28T11:42:56.671+0000] {processor.py:830} INFO - Processing file /opt/airflow/dags/load_cb_courses.py for tasks to queue
[2026-02-28T11:42:56.674+0000] {logging_mixin.py:188} INFO - [2026-02-28T11:42:56.673+0000] {dagbag.py:545} INFO - Filling up the DagBag from /opt/airflow/dags/load_cb_courses.py
[2026-02-28T11:42:57.026+0000] {processor.py:840} INFO - DAG(s) 'load_cb_courses' retrieved from /opt/airflow/dags/load_cb_courses.py
[2026-02-28T11:42:57.056+0000] {logging_mixin.py:188} INFO - [2026-02-28T11:42:57.056+0000] {dag.py:3089} INFO - Sync 1 DAGs
[2026-02-28T11:42:57.086+0000] {logging_mixin.py:188} INFO - [2026-02-28T11:42:57.086+0000] {dag.py:3947} INFO - Setting next_dagrun for load_cb_courses to 2026-02-28 00:00:00+00:00, run_after=2026-03-01 00:00:00+00:00
[2026-02-28T11:42:57.112+0000] {processor.py:183} INFO - Processing /opt/airflow/dags/load_cb_courses.py took 0.452 seconds
[2026-02-28T11:43:27.208+0000] {processor.py:161} INFO - Started process (PID=9153) to work on /opt/airflow/dags/load_cb_courses.py
[2026-02-28T11:43:27.209+0000] {processor.py:830} INFO - Processing file /opt/airflow/dags/load_cb_courses.py for tasks to queue
[2026-02-28T11:43:27.212+0000] {logging_mixin.py:188} INFO - [2026-02-28T11:43:27.211+0000] {dagbag.py:545} INFO - Filling up the DagBag from /opt/airflow/dags/load_cb_courses.py
[2026-02-28T11:43:27.518+0000] {processor.py:840} INFO - DAG(s) 'load_cb_courses' retrieved from /opt/airflow/dags/load_cb_courses.py
[2026-02-28T11:43:27.543+0000] {logging_mixin.py:188} INFO - [2026-02-28T11:43:27.542+0000] {dag.py:3089} INFO - Sync 1 DAGs
[2026-02-28T11:43:27.569+0000] {logging_mixin.py:188} INFO - [2026-02-28T11:43:27.569+0000] {dag.py:3947} INFO - Setting next_dagrun for load_cb_courses to 2026-02-28 00:00:00+00:00, run_after=2026-03-01 00:00:00+00:00
[2026-02-28T11:43:27.590+0000] {processor.py:183} INFO - Processing /opt/airflow/dags/load_cb_courses.py took 0.388 seconds
[2026-02-28T11:43:57.867+0000] {processor.py:161} INFO - Started process (PID=9191) to work on /opt/airflow/dags/load_cb_courses.py
[2026-02-28T11:43:57.868+0000] {processor.py:830} INFO - Processing file /opt/airflow/dags/load_cb_courses.py for tasks to queue
[2026-02-28T11:43:57.870+0000] {logging_mixin.py:188} INFO - [2026-02-28T11:43:57.870+0000] {dagbag.py:545} INFO - Filling up the DagBag from /opt/airflow/dags/load_cb_courses.py
[2026-02-28T11:43:58.196+0000] {processor.py:840} INFO - DAG(s) 'load_cb_courses' retrieved from /opt/airflow/dags/load_cb_courses.py
[2026-02-28T11:43:58.219+0000] {logging_mixin.py:188} INFO - [2026-02-28T11:43:58.218+0000] {dag.py:3089} INFO - Sync 1 DAGs
[2026-02-28T11:43:58.243+0000] {logging_mixin.py:188} INFO - [2026-02-28T11:43:58.242+0000] {dag.py:3947} INFO - Setting next_dagrun for load_cb_courses to 2026-02-28 00:00:00+00:00, run_after=2026-03-01 00:00:00+00:00
[2026-02-28T11:43:58.269+0000] {processor.py:183} INFO - Processing /opt/airflow/dags/load_cb_courses.py took 0.408 seconds
[2026-02-28T11:44:28.485+0000] {processor.py:161} INFO - Started process (PID=9224) to work on /opt/airflow/dags/load_cb_courses.py
[2026-02-28T11:44:28.487+0000] {processor.py:830} INFO - Processing file /opt/airflow/dags/load_cb_courses.py for tasks to queue
[2026-02-28T11:44:28.489+0000] {logging_mixin.py:188} INFO - [2026-02-28T11:44:28.489+0000] {dagbag.py:545} INFO - Filling up the DagBag from /opt/airflow/dags/load_cb_courses.py
[2026-02-28T11:44:28.909+0000] {processor.py:840} INFO - DAG(s) 'load_cb_courses' retrieved from /opt/airflow/dags/load_cb_courses.py
[2026-02-28T11:44:28.940+0000] {logging_mixin.py:188} INFO - [2026-02-28T11:44:28.939+0000] {dag.py:3089} INFO - Sync 1 DAGs
[2026-02-28T11:44:28.967+0000] {logging_mixin.py:188} INFO - [2026-02-28T11:44:28.966+0000] {dag.py:3947} INFO - Setting next_dagrun for load_cb_courses to 2026-02-28 00:00:00+00:00, run_after=2026-03-01 00:00:00+00:00
[2026-02-28T11:44:29.024+0000] {processor.py:183} INFO - Processing /opt/airflow/dags/load_cb_courses.py took 0.546 seconds
[2026-02-28T11:45:00.029+0000] {processor.py:161} INFO - Started process (PID=9268) to work on /opt/airflow/dags/load_cb_courses.py
[2026-02-28T11:45:00.030+0000] {processor.py:830} INFO - Processing file /opt/airflow/dags/load_cb_courses.py for tasks to queue
[2026-02-28T11:45:00.032+0000] {logging_mixin.py:188} INFO - [2026-02-28T11:45:00.032+0000] {dagbag.py:545} INFO - Filling up the DagBag from /opt/airflow/dags/load_cb_courses.py
[2026-02-28T11:45:00.391+0000] {processor.py:840} INFO - DAG(s) 'load_cb_courses' retrieved from /opt/airflow/dags/load_cb_courses.py
[2026-02-28T11:45:00.417+0000] {logging_mixin.py:188} INFO - [2026-02-28T11:45:00.416+0000] {dag.py:3089} INFO - Sync 1 DAGs
[2026-02-28T11:45:00.443+0000] {logging_mixin.py:188} INFO - [2026-02-28T11:45:00.443+0000] {dag.py:3947} INFO - Setting next_dagrun for load_cb_courses to 2026-02-28 00:00:00+00:00, run_after=2026-03-01 00:00:00+00:00
[2026-02-28T11:45:00.470+0000] {processor.py:183} INFO - Processing /opt/airflow/dags/load_cb_courses.py took 0.446 seconds
[2026-02-28T11:45:31.023+0000] {processor.py:161} INFO - Started process (PID=9299) to work on /opt/airflow/dags/load_cb_courses.py
[2026-02-28T11:45:31.025+0000] {processor.py:830} INFO - Processing file /opt/airflow/dags/load_cb_courses.py for tasks to queue
[2026-02-28T11:45:31.027+0000] {logging_mixin.py:188} INFO - [2026-02-28T11:45:31.026+0000] {dagbag.py:545} INFO - Filling up the DagBag from /opt/airflow/dags/load_cb_courses.py
[2026-02-28T11:45:31.367+0000] {processor.py:840} INFO - DAG(s) 'load_cb_courses' retrieved from /opt/airflow/dags/load_cb_courses.py
[2026-02-28T11:45:31.393+0000] {logging_mixin.py:188} INFO - [2026-02-28T11:45:31.392+0000] {dag.py:3089} INFO - Sync 1 DAGs
[2026-02-28T11:45:31.418+0000] {logging_mixin.py:188} INFO - [2026-02-28T11:45:31.418+0000] {dag.py:3947} INFO - Setting next_dagrun for load_cb_courses to 2026-02-28 00:00:00+00:00, run_after=2026-03-01 00:00:00+00:00
[2026-02-28T11:45:31.451+0000] {processor.py:183} INFO - Processing /opt/airflow/dags/load_cb_courses.py took 0.435 seconds
[2026-02-28T11:46:02.296+0000] {processor.py:161} INFO - Started process (PID=9330) to work on /opt/airflow/dags/load_cb_courses.py
[2026-02-28T11:46:02.297+0000] {processor.py:830} INFO - Processing file /opt/airflow/dags/load_cb_courses.py for tasks to queue
[2026-02-28T11:46:02.299+0000] {logging_mixin.py:188} INFO - [2026-02-28T11:46:02.299+0000] {dagbag.py:545} INFO - Filling up the DagBag from /opt/airflow/dags/load_cb_courses.py
[2026-02-28T11:46:02.627+0000] {processor.py:840} INFO - DAG(s) 'load_cb_courses' retrieved from /opt/airflow/dags/load_cb_courses.py
[2026-02-28T11:46:02.648+0000] {logging_mixin.py:188} INFO - [2026-02-28T11:46:02.648+0000] {dag.py:3089} INFO - Sync 1 DAGs
[2026-02-28T11:46:02.671+0000] {logging_mixin.py:188} INFO - [2026-02-28T11:46:02.671+0000] {dag.py:3947} INFO - Setting next_dagrun for load_cb_courses to 2026-02-28 00:00:00+00:00, run_after=2026-03-01 00:00:00+00:00
[2026-02-28T11:46:02.694+0000] {processor.py:183} INFO - Processing /opt/airflow/dags/load_cb_courses.py took 0.403 seconds
[2026-02-28T11:46:33.353+0000] {processor.py:161} INFO - Started process (PID=9368) to work on /opt/airflow/dags/load_cb_courses.py
[2026-02-28T11:46:33.355+0000] {processor.py:830} INFO - Processing file /opt/airflow/dags/load_cb_courses.py for tasks to queue
[2026-02-28T11:46:33.359+0000] {logging_mixin.py:188} INFO - [2026-02-28T11:46:33.358+0000] {dagbag.py:545} INFO - Filling up the DagBag from /opt/airflow/dags/load_cb_courses.py
[2026-02-28T11:46:33.735+0000] {processor.py:840} INFO - DAG(s) 'load_cb_courses' retrieved from /opt/airflow/dags/load_cb_courses.py
[2026-02-28T11:46:33.766+0000] {logging_mixin.py:188} INFO - [2026-02-28T11:46:33.765+0000] {dag.py:3089} INFO - Sync 1 DAGs
[2026-02-28T11:46:33.795+0000] {logging_mixin.py:188} INFO - [2026-02-28T11:46:33.794+0000] {dag.py:3947} INFO - Setting next_dagrun for load_cb_courses to 2026-02-28 00:00:00+00:00, run_after=2026-03-01 00:00:00+00:00
[2026-02-28T11:46:33.817+0000] {processor.py:183} INFO - Processing /opt/airflow/dags/load_cb_courses.py took 0.473 seconds
[2026-02-28T11:47:03.989+0000] {processor.py:161} INFO - Started process (PID=9400) to work on /opt/airflow/dags/load_cb_courses.py
[2026-02-28T11:47:03.990+0000] {processor.py:830} INFO - Processing file /opt/airflow/dags/load_cb_courses.py for tasks to queue
[2026-02-28T11:47:03.992+0000] {logging_mixin.py:188} INFO - [2026-02-28T11:47:03.991+0000] {dagbag.py:545} INFO - Filling up the DagBag from /opt/airflow/dags/load_cb_courses.py
[2026-02-28T11:47:04.321+0000] {processor.py:840} INFO - DAG(s) 'load_cb_courses' retrieved from /opt/airflow/dags/load_cb_courses.py
[2026-02-28T11:47:04.347+0000] {logging_mixin.py:188} INFO - [2026-02-28T11:47:04.346+0000] {dag.py:3089} INFO - Sync 1 DAGs
[2026-02-28T11:47:04.373+0000] {logging_mixin.py:188} INFO - [2026-02-28T11:47:04.372+0000] {dag.py:3947} INFO - Setting next_dagrun for load_cb_courses to 2026-02-28 00:00:00+00:00, run_after=2026-03-01 00:00:00+00:00
[2026-02-28T11:47:04.394+0000] {processor.py:183} INFO - Processing /opt/airflow/dags/load_cb_courses.py took 0.411 seconds
[2026-02-28T11:47:34.739+0000] {processor.py:161} INFO - Started process (PID=9518) to work on /opt/airflow/dags/load_cb_courses.py
[2026-02-28T11:47:34.740+0000] {processor.py:830} INFO - Processing file /opt/airflow/dags/load_cb_courses.py for tasks to queue
[2026-02-28T11:47:34.745+0000] {logging_mixin.py:188} INFO - [2026-02-28T11:47:34.745+0000] {dagbag.py:545} INFO - Filling up the DagBag from /opt/airflow/dags/load_cb_courses.py
[2026-02-28T11:47:35.084+0000] {processor.py:840} INFO - DAG(s) 'load_cb_courses' retrieved from /opt/airflow/dags/load_cb_courses.py
[2026-02-28T11:47:35.112+0000] {logging_mixin.py:188} INFO - [2026-02-28T11:47:35.112+0000] {dag.py:3089} INFO - Sync 1 DAGs
[2026-02-28T11:47:35.136+0000] {logging_mixin.py:188} INFO - [2026-02-28T11:47:35.136+0000] {dag.py:3947} INFO - Setting next_dagrun for load_cb_courses to 2026-02-28 00:00:00+00:00, run_after=2026-03-01 00:00:00+00:00
[2026-02-28T11:47:35.167+0000] {processor.py:183} INFO - Processing /opt/airflow/dags/load_cb_courses.py took 0.438 seconds
[2026-02-28T11:48:05.411+0000] {processor.py:161} INFO - Started process (PID=9548) to work on /opt/airflow/dags/load_cb_courses.py
[2026-02-28T11:48:05.412+0000] {processor.py:830} INFO - Processing file /opt/airflow/dags/load_cb_courses.py for tasks to queue
[2026-02-28T11:48:05.414+0000] {logging_mixin.py:188} INFO - [2026-02-28T11:48:05.414+0000] {dagbag.py:545} INFO - Filling up the DagBag from /opt/airflow/dags/load_cb_courses.py
[2026-02-28T11:48:05.702+0000] {processor.py:840} INFO - DAG(s) 'load_cb_courses' retrieved from /opt/airflow/dags/load_cb_courses.py
[2026-02-28T11:48:05.724+0000] {logging_mixin.py:188} INFO - [2026-02-28T11:48:05.723+0000] {dag.py:3089} INFO - Sync 1 DAGs
[2026-02-28T11:48:05.744+0000] {logging_mixin.py:188} INFO - [2026-02-28T11:48:05.744+0000] {dag.py:3947} INFO - Setting next_dagrun for load_cb_courses to 2026-02-28 00:00:00+00:00, run_after=2026-03-01 00:00:00+00:00
[2026-02-28T11:48:05.767+0000] {processor.py:183} INFO - Processing /opt/airflow/dags/load_cb_courses.py took 0.362 seconds
[2026-02-28T11:48:36.431+0000] {processor.py:161} INFO - Started process (PID=9586) to work on /opt/airflow/dags/load_cb_courses.py
[2026-02-28T11:48:36.433+0000] {processor.py:830} INFO - Processing file /opt/airflow/dags/load_cb_courses.py for tasks to queue
[2026-02-28T11:48:36.436+0000] {logging_mixin.py:188} INFO - [2026-02-28T11:48:36.435+0000] {dagbag.py:545} INFO - Filling up the DagBag from /opt/airflow/dags/load_cb_courses.py
[2026-02-28T11:48:36.819+0000] {processor.py:840} INFO - DAG(s) 'load_cb_courses' retrieved from /opt/airflow/dags/load_cb_courses.py
[2026-02-28T11:48:36.843+0000] {logging_mixin.py:188} INFO - [2026-02-28T11:48:36.842+0000] {dag.py:3089} INFO - Sync 1 DAGs
[2026-02-28T11:48:36.879+0000] {logging_mixin.py:188} INFO - [2026-02-28T11:48:36.879+0000] {dag.py:3947} INFO - Setting next_dagrun for load_cb_courses to 2026-02-28 00:00:00+00:00, run_after=2026-03-01 00:00:00+00:00
[2026-02-28T11:48:36.907+0000] {processor.py:183} INFO - Processing /opt/airflow/dags/load_cb_courses.py took 0.487 seconds
[2026-02-28T11:49:07.315+0000] {processor.py:161} INFO - Started process (PID=9616) to work on /opt/airflow/dags/load_cb_courses.py
[2026-02-28T11:49:07.317+0000] {processor.py:830} INFO - Processing file /opt/airflow/dags/load_cb_courses.py for tasks to queue
[2026-02-28T11:49:07.320+0000] {logging_mixin.py:188} INFO - [2026-02-28T11:49:07.320+0000] {dagbag.py:545} INFO - Filling up the DagBag from /opt/airflow/dags/load_cb_courses.py
[2026-02-28T11:49:07.649+0000] {processor.py:840} INFO - DAG(s) 'load_cb_courses' retrieved from /opt/airflow/dags/load_cb_courses.py
[2026-02-28T11:49:07.673+0000] {logging_mixin.py:188} INFO - [2026-02-28T11:49:07.672+0000] {dag.py:3089} INFO - Sync 1 DAGs
[2026-02-28T11:49:07.693+0000] {logging_mixin.py:188} INFO - [2026-02-28T11:49:07.692+0000] {dag.py:3947} INFO - Setting next_dagrun for load_cb_courses to 2026-02-28 00:00:00+00:00, run_after=2026-03-01 00:00:00+00:00
[2026-02-28T11:49:07.715+0000] {processor.py:183} INFO - Processing /opt/airflow/dags/load_cb_courses.py took 0.410 seconds
[2026-02-28T11:49:37.938+0000] {processor.py:161} INFO - Started process (PID=9743) to work on /opt/airflow/dags/load_cb_courses.py
[2026-02-28T11:49:37.940+0000] {processor.py:830} INFO - Processing file /opt/airflow/dags/load_cb_courses.py for tasks to queue
[2026-02-28T11:49:37.943+0000] {logging_mixin.py:188} INFO - [2026-02-28T11:49:37.942+0000] {dagbag.py:545} INFO - Filling up the DagBag from /opt/airflow/dags/load_cb_courses.py
[2026-02-28T11:49:38.273+0000] {processor.py:840} INFO - DAG(s) 'load_cb_courses' retrieved from /opt/airflow/dags/load_cb_courses.py
[2026-02-28T11:49:38.296+0000] {logging_mixin.py:188} INFO - [2026-02-28T11:49:38.296+0000] {dag.py:3089} INFO - Sync 1 DAGs
[2026-02-28T11:49:38.319+0000] {logging_mixin.py:188} INFO - [2026-02-28T11:49:38.318+0000] {dag.py:3947} INFO - Setting next_dagrun for load_cb_courses to 2026-02-28 00:00:00+00:00, run_after=2026-03-01 00:00:00+00:00
[2026-02-28T11:49:38.341+0000] {processor.py:183} INFO - Processing /opt/airflow/dags/load_cb_courses.py took 0.410 seconds
[2026-02-28T11:50:08.741+0000] {processor.py:161} INFO - Started process (PID=9773) to work on /opt/airflow/dags/load_cb_courses.py
[2026-02-28T11:50:08.742+0000] {processor.py:830} INFO - Processing file /opt/airflow/dags/load_cb_courses.py for tasks to queue
[2026-02-28T11:50:08.744+0000] {logging_mixin.py:188} INFO - [2026-02-28T11:50:08.743+0000] {dagbag.py:545} INFO - Filling up the DagBag from /opt/airflow/dags/load_cb_courses.py
[2026-02-28T11:50:09.041+0000] {processor.py:840} INFO - DAG(s) 'load_cb_courses' retrieved from /opt/airflow/dags/load_cb_courses.py
[2026-02-28T11:50:09.062+0000] {logging_mixin.py:188} INFO - [2026-02-28T11:50:09.062+0000] {dag.py:3089} INFO - Sync 1 DAGs
[2026-02-28T11:50:09.085+0000] {logging_mixin.py:188} INFO - [2026-02-28T11:50:09.085+0000] {dag.py:3947} INFO - Setting next_dagrun for load_cb_courses to 2026-02-28 00:00:00+00:00, run_after=2026-03-01 00:00:00+00:00
[2026-02-28T11:50:09.106+0000] {processor.py:183} INFO - Processing /opt/airflow/dags/load_cb_courses.py took 0.373 seconds
[2026-02-28T11:50:39.622+0000] {processor.py:161} INFO - Started process (PID=9813) to work on /opt/airflow/dags/load_cb_courses.py
[2026-02-28T11:50:39.624+0000] {processor.py:830} INFO - Processing file /opt/airflow/dags/load_cb_courses.py for tasks to queue
[2026-02-28T11:50:39.627+0000] {logging_mixin.py:188} INFO - [2026-02-28T11:50:39.627+0000] {dagbag.py:545} INFO - Filling up the DagBag from /opt/airflow/dags/load_cb_courses.py
[2026-02-28T11:50:40.005+0000] {processor.py:840} INFO - DAG(s) 'load_cb_courses' retrieved from /opt/airflow/dags/load_cb_courses.py
[2026-02-28T11:50:40.027+0000] {logging_mixin.py:188} INFO - [2026-02-28T11:50:40.026+0000] {dag.py:3089} INFO - Sync 1 DAGs
[2026-02-28T11:50:40.056+0000] {logging_mixin.py:188} INFO - [2026-02-28T11:50:40.055+0000] {dag.py:3947} INFO - Setting next_dagrun for load_cb_courses to 2026-02-28 00:00:00+00:00, run_after=2026-03-01 00:00:00+00:00
[2026-02-28T11:50:40.079+0000] {processor.py:183} INFO - Processing /opt/airflow/dags/load_cb_courses.py took 0.466 seconds
[2026-02-28T11:51:10.598+0000] {processor.py:161} INFO - Started process (PID=9870) to work on /opt/airflow/dags/load_cb_courses.py
[2026-02-28T11:51:10.600+0000] {processor.py:830} INFO - Processing file /opt/airflow/dags/load_cb_courses.py for tasks to queue
[2026-02-28T11:51:10.602+0000] {logging_mixin.py:188} INFO - [2026-02-28T11:51:10.602+0000] {dagbag.py:545} INFO - Filling up the DagBag from /opt/airflow/dags/load_cb_courses.py
[2026-02-28T11:51:10.965+0000] {processor.py:840} INFO - DAG(s) 'load_cb_courses' retrieved from /opt/airflow/dags/load_cb_courses.py
[2026-02-28T11:51:10.991+0000] {logging_mixin.py:188} INFO - [2026-02-28T11:51:10.990+0000] {dag.py:3089} INFO - Sync 1 DAGs
[2026-02-28T11:51:11.019+0000] {logging_mixin.py:188} INFO - [2026-02-28T11:51:11.019+0000] {dag.py:3947} INFO - Setting next_dagrun for load_cb_courses to 2026-02-28 00:00:00+00:00, run_after=2026-03-01 00:00:00+00:00
[2026-02-28T11:51:11.043+0000] {processor.py:183} INFO - Processing /opt/airflow/dags/load_cb_courses.py took 0.451 seconds
[2026-02-28T11:51:41.680+0000] {processor.py:161} INFO - Started process (PID=9902) to work on /opt/airflow/dags/load_cb_courses.py
[2026-02-28T11:51:41.682+0000] {processor.py:830} INFO - Processing file /opt/airflow/dags/load_cb_courses.py for tasks to queue
[2026-02-28T11:51:41.684+0000] {logging_mixin.py:188} INFO - [2026-02-28T11:51:41.683+0000] {dagbag.py:545} INFO - Filling up the DagBag from /opt/airflow/dags/load_cb_courses.py
[2026-02-28T11:51:41.983+0000] {processor.py:840} INFO - DAG(s) 'load_cb_courses' retrieved from /opt/airflow/dags/load_cb_courses.py
[2026-02-28T11:51:42.005+0000] {logging_mixin.py:188} INFO - [2026-02-28T11:51:42.005+0000] {dag.py:3089} INFO - Sync 1 DAGs
[2026-02-28T11:51:42.026+0000] {logging_mixin.py:188} INFO - [2026-02-28T11:51:42.026+0000] {dag.py:3947} INFO - Setting next_dagrun for load_cb_courses to 2026-02-28 00:00:00+00:00, run_after=2026-03-01 00:00:00+00:00
[2026-02-28T11:51:42.050+0000] {processor.py:183} INFO - Processing /opt/airflow/dags/load_cb_courses.py took 0.375 seconds
[2026-02-28T11:52:12.581+0000] {processor.py:161} INFO - Started process (PID=9941) to work on /opt/airflow/dags/load_cb_courses.py
[2026-02-28T11:52:12.582+0000] {processor.py:830} INFO - Processing file /opt/airflow/dags/load_cb_courses.py for tasks to queue
[2026-02-28T11:52:12.584+0000] {logging_mixin.py:188} INFO - [2026-02-28T11:52:12.584+0000] {dagbag.py:545} INFO - Filling up the DagBag from /opt/airflow/dags/load_cb_courses.py
[2026-02-28T11:52:12.916+0000] {processor.py:840} INFO - DAG(s) 'load_cb_courses' retrieved from /opt/airflow/dags/load_cb_courses.py
[2026-02-28T11:52:12.942+0000] {logging_mixin.py:188} INFO - [2026-02-28T11:52:12.941+0000] {dag.py:3089} INFO - Sync 1 DAGs
[2026-02-28T11:52:12.967+0000] {logging_mixin.py:188} INFO - [2026-02-28T11:52:12.967+0000] {dag.py:3947} INFO - Setting next_dagrun for load_cb_courses to 2026-02-28 00:00:00+00:00, run_after=2026-03-01 00:00:00+00:00
[2026-02-28T11:52:12.992+0000] {processor.py:183} INFO - Processing /opt/airflow/dags/load_cb_courses.py took 0.417 seconds
[2026-02-28T11:52:43.070+0000] {processor.py:161} INFO - Started process (PID=9972) to work on /opt/airflow/dags/load_cb_courses.py
[2026-02-28T11:52:43.072+0000] {processor.py:830} INFO - Processing file /opt/airflow/dags/load_cb_courses.py for tasks to queue
[2026-02-28T11:52:43.076+0000] {logging_mixin.py:188} INFO - [2026-02-28T11:52:43.075+0000] {dagbag.py:545} INFO - Filling up the DagBag from /opt/airflow/dags/load_cb_courses.py
[2026-02-28T11:52:43.415+0000] {processor.py:840} INFO - DAG(s) 'load_cb_courses' retrieved from /opt/airflow/dags/load_cb_courses.py
[2026-02-28T11:52:43.438+0000] {logging_mixin.py:188} INFO - [2026-02-28T11:52:43.437+0000] {dag.py:3089} INFO - Sync 1 DAGs
[2026-02-28T11:52:43.462+0000] {logging_mixin.py:188} INFO - [2026-02-28T11:52:43.462+0000] {dag.py:3947} INFO - Setting next_dagrun for load_cb_courses to 2026-02-28 00:00:00+00:00, run_after=2026-03-01 00:00:00+00:00
[2026-02-28T11:52:43.485+0000] {processor.py:183} INFO - Processing /opt/airflow/dags/load_cb_courses.py took 0.421 seconds
[2026-02-28T11:53:14.092+0000] {processor.py:161} INFO - Started process (PID=10002) to work on /opt/airflow/dags/load_cb_courses.py
[2026-02-28T11:53:14.093+0000] {processor.py:830} INFO - Processing file /opt/airflow/dags/load_cb_courses.py for tasks to queue
[2026-02-28T11:53:14.096+0000] {logging_mixin.py:188} INFO - [2026-02-28T11:53:14.095+0000] {dagbag.py:545} INFO - Filling up the DagBag from /opt/airflow/dags/load_cb_courses.py
[2026-02-28T11:53:14.384+0000] {processor.py:840} INFO - DAG(s) 'load_cb_courses' retrieved from /opt/airflow/dags/load_cb_courses.py
[2026-02-28T11:53:14.406+0000] {logging_mixin.py:188} INFO - [2026-02-28T11:53:14.406+0000] {dag.py:3089} INFO - Sync 1 DAGs
[2026-02-28T11:53:14.428+0000] {logging_mixin.py:188} INFO - [2026-02-28T11:53:14.427+0000] {dag.py:3947} INFO - Setting next_dagrun for load_cb_courses to 2026-02-28 00:00:00+00:00, run_after=2026-03-01 00:00:00+00:00
[2026-02-28T11:53:14.446+0000] {processor.py:183} INFO - Processing /opt/airflow/dags/load_cb_courses.py took 0.360 seconds
[2026-02-28T11:53:44.761+0000] {processor.py:161} INFO - Started process (PID=10040) to work on /opt/airflow/dags/load_cb_courses.py
[2026-02-28T11:53:44.764+0000] {processor.py:830} INFO - Processing file /opt/airflow/dags/load_cb_courses.py for tasks to queue
[2026-02-28T11:53:44.767+0000] {logging_mixin.py:188} INFO - [2026-02-28T11:53:44.767+0000] {dagbag.py:545} INFO - Filling up the DagBag from /opt/airflow/dags/load_cb_courses.py
[2026-02-28T11:53:45.060+0000] {processor.py:840} INFO - DAG(s) 'load_cb_courses' retrieved from /opt/airflow/dags/load_cb_courses.py
[2026-02-28T11:53:45.085+0000] {logging_mixin.py:188} INFO - [2026-02-28T11:53:45.084+0000] {dag.py:3089} INFO - Sync 1 DAGs
[2026-02-28T11:53:45.105+0000] {logging_mixin.py:188} INFO - [2026-02-28T11:53:45.105+0000] {dag.py:3947} INFO - Setting next_dagrun for load_cb_courses to 2026-02-28 00:00:00+00:00, run_after=2026-03-01 00:00:00+00:00
[2026-02-28T11:53:45.128+0000] {processor.py:183} INFO - Processing /opt/airflow/dags/load_cb_courses.py took 0.377 seconds
[2026-02-28T11:54:15.371+0000] {processor.py:161} INFO - Started process (PID=10071) to work on /opt/airflow/dags/load_cb_courses.py
[2026-02-28T11:54:15.372+0000] {processor.py:830} INFO - Processing file /opt/airflow/dags/load_cb_courses.py for tasks to queue
[2026-02-28T11:54:15.374+0000] {logging_mixin.py:188} INFO - [2026-02-28T11:54:15.374+0000] {dagbag.py:545} INFO - Filling up the DagBag from /opt/airflow/dags/load_cb_courses.py
[2026-02-28T11:54:15.654+0000] {processor.py:840} INFO - DAG(s) 'load_cb_courses' retrieved from /opt/airflow/dags/load_cb_courses.py
[2026-02-28T11:54:15.676+0000] {logging_mixin.py:188} INFO - [2026-02-28T11:54:15.676+0000] {dag.py:3089} INFO - Sync 1 DAGs
[2026-02-28T11:54:15.697+0000] {logging_mixin.py:188} INFO - [2026-02-28T11:54:15.697+0000] {dag.py:3947} INFO - Setting next_dagrun for load_cb_courses to 2026-02-28 00:00:00+00:00, run_after=2026-03-01 00:00:00+00:00
[2026-02-28T11:54:15.719+0000] {processor.py:183} INFO - Processing /opt/airflow/dags/load_cb_courses.py took 0.354 seconds
[2026-02-28T11:54:46.004+0000] {processor.py:161} INFO - Started process (PID=10109) to work on /opt/airflow/dags/load_cb_courses.py
[2026-02-28T11:54:46.005+0000] {processor.py:830} INFO - Processing file /opt/airflow/dags/load_cb_courses.py for tasks to queue
[2026-02-28T11:54:46.008+0000] {logging_mixin.py:188} INFO - [2026-02-28T11:54:46.007+0000] {dagbag.py:545} INFO - Filling up the DagBag from /opt/airflow/dags/load_cb_courses.py
[2026-02-28T11:54:46.345+0000] {processor.py:840} INFO - DAG(s) 'load_cb_courses' retrieved from /opt/airflow/dags/load_cb_courses.py
[2026-02-28T11:54:46.373+0000] {logging_mixin.py:188} INFO - [2026-02-28T11:54:46.372+0000] {dag.py:3089} INFO - Sync 1 DAGs
[2026-02-28T11:54:46.400+0000] {logging_mixin.py:188} INFO - [2026-02-28T11:54:46.400+0000] {dag.py:3947} INFO - Setting next_dagrun for load_cb_courses to 2026-02-28 00:00:00+00:00, run_after=2026-03-01 00:00:00+00:00
[2026-02-28T11:54:46.427+0000] {processor.py:183} INFO - Processing /opt/airflow/dags/load_cb_courses.py took 0.430 seconds
[2026-02-28T11:55:17.128+0000] {processor.py:161} INFO - Started process (PID=10140) to work on /opt/airflow/dags/load_cb_courses.py
[2026-02-28T11:55:17.129+0000] {processor.py:830} INFO - Processing file /opt/airflow/dags/load_cb_courses.py for tasks to queue
[2026-02-28T11:55:17.132+0000] {logging_mixin.py:188} INFO - [2026-02-28T11:55:17.132+0000] {dagbag.py:545} INFO - Filling up the DagBag from /opt/airflow/dags/load_cb_courses.py
[2026-02-28T11:55:17.448+0000] {processor.py:840} INFO - DAG(s) 'load_cb_courses' retrieved from /opt/airflow/dags/load_cb_courses.py
[2026-02-28T11:55:17.476+0000] {logging_mixin.py:188} INFO - [2026-02-28T11:55:17.476+0000] {dag.py:3089} INFO - Sync 1 DAGs
[2026-02-28T11:55:17.503+0000] {logging_mixin.py:188} INFO - [2026-02-28T11:55:17.502+0000] {dag.py:3947} INFO - Setting next_dagrun for load_cb_courses to 2026-02-28 00:00:00+00:00, run_after=2026-03-01 00:00:00+00:00
[2026-02-28T11:55:17.530+0000] {processor.py:183} INFO - Processing /opt/airflow/dags/load_cb_courses.py took 0.408 seconds
[2026-02-28T11:55:47.901+0000] {processor.py:161} INFO - Started process (PID=10171) to work on /opt/airflow/dags/load_cb_courses.py
[2026-02-28T11:55:47.903+0000] {processor.py:830} INFO - Processing file /opt/airflow/dags/load_cb_courses.py for tasks to queue
[2026-02-28T11:55:47.905+0000] {logging_mixin.py:188} INFO - [2026-02-28T11:55:47.905+0000] {dagbag.py:545} INFO - Filling up the DagBag from /opt/airflow/dags/load_cb_courses.py
[2026-02-28T11:55:48.204+0000] {processor.py:840} INFO - DAG(s) 'load_cb_courses' retrieved from /opt/airflow/dags/load_cb_courses.py
[2026-02-28T11:55:48.225+0000] {logging_mixin.py:188} INFO - [2026-02-28T11:55:48.225+0000] {dag.py:3089} INFO - Sync 1 DAGs
[2026-02-28T11:55:48.246+0000] {logging_mixin.py:188} INFO - [2026-02-28T11:55:48.246+0000] {dag.py:3947} INFO - Setting next_dagrun for load_cb_courses to 2026-02-28 00:00:00+00:00, run_after=2026-03-01 00:00:00+00:00
[2026-02-28T11:55:48.270+0000] {processor.py:183} INFO - Processing /opt/airflow/dags/load_cb_courses.py took 0.375 seconds
[2026-02-28T11:56:18.729+0000] {processor.py:161} INFO - Started process (PID=10209) to work on /opt/airflow/dags/load_cb_courses.py
[2026-02-28T11:56:18.730+0000] {processor.py:830} INFO - Processing file /opt/airflow/dags/load_cb_courses.py for tasks to queue
[2026-02-28T11:56:18.732+0000] {logging_mixin.py:188} INFO - [2026-02-28T11:56:18.732+0000] {dagbag.py:545} INFO - Filling up the DagBag from /opt/airflow/dags/load_cb_courses.py
[2026-02-28T11:56:19.026+0000] {processor.py:840} INFO - DAG(s) 'load_cb_courses' retrieved from /opt/airflow/dags/load_cb_courses.py
[2026-02-28T11:56:19.052+0000] {logging_mixin.py:188} INFO - [2026-02-28T11:56:19.052+0000] {dag.py:3089} INFO - Sync 1 DAGs
[2026-02-28T11:56:19.078+0000] {logging_mixin.py:188} INFO - [2026-02-28T11:56:19.077+0000] {dag.py:3947} INFO - Setting next_dagrun for load_cb_courses to 2026-02-28 00:00:00+00:00, run_after=2026-03-01 00:00:00+00:00
[2026-02-28T11:56:19.107+0000] {processor.py:183} INFO - Processing /opt/airflow/dags/load_cb_courses.py took 0.385 seconds
[2026-02-28T11:56:49.279+0000] {processor.py:161} INFO - Started process (PID=10240) to work on /opt/airflow/dags/load_cb_courses.py
[2026-02-28T11:56:49.280+0000] {processor.py:830} INFO - Processing file /opt/airflow/dags/load_cb_courses.py for tasks to queue
[2026-02-28T11:56:49.283+0000] {logging_mixin.py:188} INFO - [2026-02-28T11:56:49.282+0000] {dagbag.py:545} INFO - Filling up the DagBag from /opt/airflow/dags/load_cb_courses.py
[2026-02-28T11:56:49.614+0000] {processor.py:840} INFO - DAG(s) 'load_cb_courses' retrieved from /opt/airflow/dags/load_cb_courses.py
[2026-02-28T11:56:49.640+0000] {logging_mixin.py:188} INFO - [2026-02-28T11:56:49.639+0000] {dag.py:3089} INFO - Sync 1 DAGs
[2026-02-28T11:56:49.668+0000] {logging_mixin.py:188} INFO - [2026-02-28T11:56:49.667+0000] {dag.py:3947} INFO - Setting next_dagrun for load_cb_courses to 2026-02-28 00:00:00+00:00, run_after=2026-03-01 00:00:00+00:00
[2026-02-28T11:56:49.697+0000] {processor.py:183} INFO - Processing /opt/airflow/dags/load_cb_courses.py took 0.424 seconds
[2026-02-28T11:57:19.826+0000] {processor.py:161} INFO - Started process (PID=10278) to work on /opt/airflow/dags/load_cb_courses.py
[2026-02-28T11:57:19.827+0000] {processor.py:830} INFO - Processing file /opt/airflow/dags/load_cb_courses.py for tasks to queue
[2026-02-28T11:57:19.830+0000] {logging_mixin.py:188} INFO - [2026-02-28T11:57:19.829+0000] {dagbag.py:545} INFO - Filling up the DagBag from /opt/airflow/dags/load_cb_courses.py
[2026-02-28T11:57:20.119+0000] {processor.py:840} INFO - DAG(s) 'load_cb_courses' retrieved from /opt/airflow/dags/load_cb_courses.py
[2026-02-28T11:57:20.142+0000] {logging_mixin.py:188} INFO - [2026-02-28T11:57:20.141+0000] {dag.py:3089} INFO - Sync 1 DAGs
[2026-02-28T11:57:20.163+0000] {logging_mixin.py:188} INFO - [2026-02-28T11:57:20.163+0000] {dag.py:3947} INFO - Setting next_dagrun for load_cb_courses to 2026-02-28 00:00:00+00:00, run_after=2026-03-01 00:00:00+00:00
[2026-02-28T11:57:20.182+0000] {processor.py:183} INFO - Processing /opt/airflow/dags/load_cb_courses.py took 0.362 seconds
[2026-02-28T11:57:50.368+0000] {processor.py:161} INFO - Started process (PID=10309) to work on /opt/airflow/dags/load_cb_courses.py
[2026-02-28T11:57:50.371+0000] {processor.py:830} INFO - Processing file /opt/airflow/dags/load_cb_courses.py for tasks to queue
[2026-02-28T11:57:50.376+0000] {logging_mixin.py:188} INFO - [2026-02-28T11:57:50.375+0000] {dagbag.py:545} INFO - Filling up the DagBag from /opt/airflow/dags/load_cb_courses.py
[2026-02-28T11:57:50.771+0000] {processor.py:840} INFO - DAG(s) 'load_cb_courses' retrieved from /opt/airflow/dags/load_cb_courses.py
[2026-02-28T11:57:50.799+0000] {logging_mixin.py:188} INFO - [2026-02-28T11:57:50.798+0000] {dag.py:3089} INFO - Sync 1 DAGs
[2026-02-28T11:57:50.822+0000] {logging_mixin.py:188} INFO - [2026-02-28T11:57:50.822+0000] {dag.py:3947} INFO - Setting next_dagrun for load_cb_courses to 2026-02-28 00:00:00+00:00, run_after=2026-03-01 00:00:00+00:00
[2026-02-28T11:57:50.869+0000] {processor.py:183} INFO - Processing /opt/airflow/dags/load_cb_courses.py took 0.517 seconds
[2026-02-28T11:58:21.568+0000] {processor.py:161} INFO - Started process (PID=10339) to work on /opt/airflow/dags/load_cb_courses.py
[2026-02-28T11:58:21.569+0000] {processor.py:830} INFO - Processing file /opt/airflow/dags/load_cb_courses.py for tasks to queue
[2026-02-28T11:58:21.571+0000] {logging_mixin.py:188} INFO - [2026-02-28T11:58:21.571+0000] {dagbag.py:545} INFO - Filling up the DagBag from /opt/airflow/dags/load_cb_courses.py
[2026-02-28T11:58:21.855+0000] {processor.py:840} INFO - DAG(s) 'load_cb_courses' retrieved from /opt/airflow/dags/load_cb_courses.py
[2026-02-28T11:58:21.880+0000] {logging_mixin.py:188} INFO - [2026-02-28T11:58:21.880+0000] {dag.py:3089} INFO - Sync 1 DAGs
[2026-02-28T11:58:21.902+0000] {logging_mixin.py:188} INFO - [2026-02-28T11:58:21.901+0000] {dag.py:3947} INFO - Setting next_dagrun for load_cb_courses to 2026-02-28 00:00:00+00:00, run_after=2026-03-01 00:00:00+00:00
[2026-02-28T11:58:21.927+0000] {processor.py:183} INFO - Processing /opt/airflow/dags/load_cb_courses.py took 0.365 seconds
[2026-02-28T11:58:52.084+0000] {processor.py:161} INFO - Started process (PID=10376) to work on /opt/airflow/dags/load_cb_courses.py
[2026-02-28T11:58:52.085+0000] {processor.py:830} INFO - Processing file /opt/airflow/dags/load_cb_courses.py for tasks to queue
[2026-02-28T11:58:52.087+0000] {logging_mixin.py:188} INFO - [2026-02-28T11:58:52.087+0000] {dagbag.py:545} INFO - Filling up the DagBag from /opt/airflow/dags/load_cb_courses.py
[2026-02-28T11:58:52.378+0000] {processor.py:840} INFO - DAG(s) 'load_cb_courses' retrieved from /opt/airflow/dags/load_cb_courses.py
[2026-02-28T11:58:52.401+0000] {logging_mixin.py:188} INFO - [2026-02-28T11:58:52.400+0000] {dag.py:3089} INFO - Sync 1 DAGs
[2026-02-28T11:58:52.425+0000] {logging_mixin.py:188} INFO - [2026-02-28T11:58:52.425+0000] {dag.py:3947} INFO - Setting next_dagrun for load_cb_courses to 2026-02-28 00:00:00+00:00, run_after=2026-03-01 00:00:00+00:00
[2026-02-28T11:58:52.447+0000] {processor.py:183} INFO - Processing /opt/airflow/dags/load_cb_courses.py took 0.369 seconds
[2026-02-28T11:59:22.705+0000] {processor.py:161} INFO - Started process (PID=10408) to work on /opt/airflow/dags/load_cb_courses.py
[2026-02-28T11:59:22.706+0000] {processor.py:830} INFO - Processing file /opt/airflow/dags/load_cb_courses.py for tasks to queue
[2026-02-28T11:59:22.708+0000] {logging_mixin.py:188} INFO - [2026-02-28T11:59:22.708+0000] {dagbag.py:545} INFO - Filling up the DagBag from /opt/airflow/dags/load_cb_courses.py
[2026-02-28T11:59:23.017+0000] {processor.py:840} INFO - DAG(s) 'load_cb_courses' retrieved from /opt/airflow/dags/load_cb_courses.py
[2026-02-28T11:59:23.039+0000] {logging_mixin.py:188} INFO - [2026-02-28T11:59:23.039+0000] {dag.py:3089} INFO - Sync 1 DAGs
[2026-02-28T11:59:23.060+0000] {logging_mixin.py:188} INFO - [2026-02-28T11:59:23.060+0000] {dag.py:3947} INFO - Setting next_dagrun for load_cb_courses to 2026-02-28 00:00:00+00:00, run_after=2026-03-01 00:00:00+00:00
[2026-02-28T11:59:23.085+0000] {processor.py:183} INFO - Processing /opt/airflow/dags/load_cb_courses.py took 0.386 seconds
[2026-02-28T11:59:53.522+0000] {processor.py:161} INFO - Started process (PID=10446) to work on /opt/airflow/dags/load_cb_courses.py
[2026-02-28T11:59:53.524+0000] {processor.py:830} INFO - Processing file /opt/airflow/dags/load_cb_courses.py for tasks to queue
[2026-02-28T11:59:53.527+0000] {logging_mixin.py:188} INFO - [2026-02-28T11:59:53.527+0000] {dagbag.py:545} INFO - Filling up the DagBag from /opt/airflow/dags/load_cb_courses.py
[2026-02-28T11:59:53.843+0000] {processor.py:840} INFO - DAG(s) 'load_cb_courses' retrieved from /opt/airflow/dags/load_cb_courses.py
[2026-02-28T11:59:53.864+0000] {logging_mixin.py:188} INFO - [2026-02-28T11:59:53.864+0000] {dag.py:3089} INFO - Sync 1 DAGs
[2026-02-28T11:59:53.887+0000] {logging_mixin.py:188} INFO - [2026-02-28T11:59:53.886+0000] {dag.py:3947} INFO - Setting next_dagrun for load_cb_courses to 2026-02-28 00:00:00+00:00, run_after=2026-03-01 00:00:00+00:00
[2026-02-28T11:59:53.910+0000] {processor.py:183} INFO - Processing /opt/airflow/dags/load_cb_courses.py took 0.395 seconds
[2026-02-28T12:00:24.295+0000] {processor.py:161} INFO - Started process (PID=10477) to work on /opt/airflow/dags/load_cb_courses.py
[2026-02-28T12:00:24.296+0000] {processor.py:830} INFO - Processing file /opt/airflow/dags/load_cb_courses.py for tasks to queue
[2026-02-28T12:00:24.298+0000] {logging_mixin.py:188} INFO - [2026-02-28T12:00:24.298+0000] {dagbag.py:545} INFO - Filling up the DagBag from /opt/airflow/dags/load_cb_courses.py
[2026-02-28T12:00:24.583+0000] {processor.py:840} INFO - DAG(s) 'load_cb_courses' retrieved from /opt/airflow/dags/load_cb_courses.py
[2026-02-28T12:00:24.603+0000] {logging_mixin.py:188} INFO - [2026-02-28T12:00:24.603+0000] {dag.py:3089} INFO - Sync 1 DAGs
[2026-02-28T12:00:24.626+0000] {logging_mixin.py:188} INFO - [2026-02-28T12:00:24.626+0000] {dag.py:3947} INFO - Setting next_dagrun for load_cb_courses to 2026-02-28 00:00:00+00:00, run_after=2026-03-01 00:00:00+00:00
[2026-02-28T12:00:24.651+0000] {processor.py:183} INFO - Processing /opt/airflow/dags/load_cb_courses.py took 0.362 seconds
[2026-02-28T12:00:55.112+0000] {processor.py:161} INFO - Started process (PID=10508) to work on /opt/airflow/dags/load_cb_courses.py
[2026-02-28T12:00:55.113+0000] {processor.py:830} INFO - Processing file /opt/airflow/dags/load_cb_courses.py for tasks to queue
[2026-02-28T12:00:55.115+0000] {logging_mixin.py:188} INFO - [2026-02-28T12:00:55.114+0000] {dagbag.py:545} INFO - Filling up the DagBag from /opt/airflow/dags/load_cb_courses.py
[2026-02-28T12:00:55.402+0000] {processor.py:840} INFO - DAG(s) 'load_cb_courses' retrieved from /opt/airflow/dags/load_cb_courses.py
[2026-02-28T12:00:55.427+0000] {logging_mixin.py:188} INFO - [2026-02-28T12:00:55.426+0000] {dag.py:3089} INFO - Sync 1 DAGs
[2026-02-28T12:00:55.450+0000] {logging_mixin.py:188} INFO - [2026-02-28T12:00:55.450+0000] {dag.py:3947} INFO - Setting next_dagrun for load_cb_courses to 2026-02-28 00:00:00+00:00, run_after=2026-03-01 00:00:00+00:00
[2026-02-28T12:00:55.469+0000] {processor.py:183} INFO - Processing /opt/airflow/dags/load_cb_courses.py took 0.364 seconds
[2026-02-28T12:01:26.135+0000] {processor.py:161} INFO - Started process (PID=10546) to work on /opt/airflow/dags/load_cb_courses.py
[2026-02-28T12:01:26.136+0000] {processor.py:830} INFO - Processing file /opt/airflow/dags/load_cb_courses.py for tasks to queue
[2026-02-28T12:01:26.140+0000] {logging_mixin.py:188} INFO - [2026-02-28T12:01:26.139+0000] {dagbag.py:545} INFO - Filling up the DagBag from /opt/airflow/dags/load_cb_courses.py
[2026-02-28T12:01:26.476+0000] {processor.py:840} INFO - DAG(s) 'load_cb_courses' retrieved from /opt/airflow/dags/load_cb_courses.py
[2026-02-28T12:01:26.507+0000] {logging_mixin.py:188} INFO - [2026-02-28T12:01:26.506+0000] {dag.py:3089} INFO - Sync 1 DAGs
[2026-02-28T12:01:26.539+0000] {logging_mixin.py:188} INFO - [2026-02-28T12:01:26.539+0000] {dag.py:3947} INFO - Setting next_dagrun for load_cb_courses to 2026-02-28 00:00:00+00:00, run_after=2026-03-01 00:00:00+00:00
[2026-02-28T12:01:26.569+0000] {processor.py:183} INFO - Processing /opt/airflow/dags/load_cb_courses.py took 0.440 seconds
[2026-02-28T12:01:56.949+0000] {processor.py:161} INFO - Started process (PID=10576) to work on /opt/airflow/dags/load_cb_courses.py
[2026-02-28T12:01:56.951+0000] {processor.py:830} INFO - Processing file /opt/airflow/dags/load_cb_courses.py for tasks to queue
[2026-02-28T12:01:56.953+0000] {logging_mixin.py:188} INFO - [2026-02-28T12:01:56.952+0000] {dagbag.py:545} INFO - Filling up the DagBag from /opt/airflow/dags/load_cb_courses.py
[2026-02-28T12:01:57.266+0000] {processor.py:840} INFO - DAG(s) 'load_cb_courses' retrieved from /opt/airflow/dags/load_cb_courses.py
[2026-02-28T12:01:57.290+0000] {logging_mixin.py:188} INFO - [2026-02-28T12:01:57.289+0000] {dag.py:3089} INFO - Sync 1 DAGs
[2026-02-28T12:01:57.312+0000] {logging_mixin.py:188} INFO - [2026-02-28T12:01:57.311+0000] {dag.py:3947} INFO - Setting next_dagrun for load_cb_courses to 2026-02-28 00:00:00+00:00, run_after=2026-03-01 00:00:00+00:00
[2026-02-28T12:01:57.334+0000] {processor.py:183} INFO - Processing /opt/airflow/dags/load_cb_courses.py took 0.391 seconds
[2026-02-28T12:02:27.794+0000] {processor.py:161} INFO - Started process (PID=10607) to work on /opt/airflow/dags/load_cb_courses.py
[2026-02-28T12:02:27.795+0000] {processor.py:830} INFO - Processing file /opt/airflow/dags/load_cb_courses.py for tasks to queue
[2026-02-28T12:02:27.797+0000] {logging_mixin.py:188} INFO - [2026-02-28T12:02:27.797+0000] {dagbag.py:545} INFO - Filling up the DagBag from /opt/airflow/dags/load_cb_courses.py
[2026-02-28T12:02:28.086+0000] {processor.py:840} INFO - DAG(s) 'load_cb_courses' retrieved from /opt/airflow/dags/load_cb_courses.py
[2026-02-28T12:02:28.110+0000] {logging_mixin.py:188} INFO - [2026-02-28T12:02:28.110+0000] {dag.py:3089} INFO - Sync 1 DAGs
[2026-02-28T12:02:28.131+0000] {logging_mixin.py:188} INFO - [2026-02-28T12:02:28.131+0000] {dag.py:3947} INFO - Setting next_dagrun for load_cb_courses to 2026-02-28 00:00:00+00:00, run_after=2026-03-01 00:00:00+00:00
[2026-02-28T12:02:28.156+0000] {processor.py:183} INFO - Processing /opt/airflow/dags/load_cb_courses.py took 0.368 seconds
[2026-02-28T12:02:58.952+0000] {processor.py:161} INFO - Started process (PID=10645) to work on /opt/airflow/dags/load_cb_courses.py
[2026-02-28T12:02:58.953+0000] {processor.py:830} INFO - Processing file /opt/airflow/dags/load_cb_courses.py for tasks to queue
[2026-02-28T12:02:58.955+0000] {logging_mixin.py:188} INFO - [2026-02-28T12:02:58.955+0000] {dagbag.py:545} INFO - Filling up the DagBag from /opt/airflow/dags/load_cb_courses.py
[2026-02-28T12:02:59.235+0000] {processor.py:840} INFO - DAG(s) 'load_cb_courses' retrieved from /opt/airflow/dags/load_cb_courses.py
[2026-02-28T12:02:59.257+0000] {logging_mixin.py:188} INFO - [2026-02-28T12:02:59.257+0000] {dag.py:3089} INFO - Sync 1 DAGs
[2026-02-28T12:02:59.279+0000] {logging_mixin.py:188} INFO - [2026-02-28T12:02:59.279+0000] {dag.py:3947} INFO - Setting next_dagrun for load_cb_courses to 2026-02-28 00:00:00+00:00, run_after=2026-03-01 00:00:00+00:00
[2026-02-28T12:02:59.302+0000] {processor.py:183} INFO - Processing /opt/airflow/dags/load_cb_courses.py took 0.356 seconds
[2026-02-28T12:03:29.706+0000] {processor.py:161} INFO - Started process (PID=10676) to work on /opt/airflow/dags/load_cb_courses.py
[2026-02-28T12:03:29.707+0000] {processor.py:830} INFO - Processing file /opt/airflow/dags/load_cb_courses.py for tasks to queue
[2026-02-28T12:03:29.709+0000] {logging_mixin.py:188} INFO - [2026-02-28T12:03:29.709+0000] {dagbag.py:545} INFO - Filling up the DagBag from /opt/airflow/dags/load_cb_courses.py
[2026-02-28T12:03:29.995+0000] {processor.py:840} INFO - DAG(s) 'load_cb_courses' retrieved from /opt/airflow/dags/load_cb_courses.py
[2026-02-28T12:03:30.018+0000] {logging_mixin.py:188} INFO - [2026-02-28T12:03:30.017+0000] {dag.py:3089} INFO - Sync 1 DAGs
[2026-02-28T12:03:30.039+0000] {logging_mixin.py:188} INFO - [2026-02-28T12:03:30.039+0000] {dag.py:3947} INFO - Setting next_dagrun for load_cb_courses to 2026-02-28 00:00:00+00:00, run_after=2026-03-01 00:00:00+00:00
[2026-02-28T12:03:30.062+0000] {processor.py:183} INFO - Processing /opt/airflow/dags/load_cb_courses.py took 0.362 seconds
[2026-02-28T12:04:00.576+0000] {processor.py:161} INFO - Started process (PID=10713) to work on /opt/airflow/dags/load_cb_courses.py
[2026-02-28T12:04:00.577+0000] {processor.py:830} INFO - Processing file /opt/airflow/dags/load_cb_courses.py for tasks to queue
[2026-02-28T12:04:00.579+0000] {logging_mixin.py:188} INFO - [2026-02-28T12:04:00.579+0000] {dagbag.py:545} INFO - Filling up the DagBag from /opt/airflow/dags/load_cb_courses.py
[2026-02-28T12:04:00.872+0000] {processor.py:840} INFO - DAG(s) 'load_cb_courses' retrieved from /opt/airflow/dags/load_cb_courses.py
[2026-02-28T12:04:00.893+0000] {logging_mixin.py:188} INFO - [2026-02-28T12:04:00.893+0000] {dag.py:3089} INFO - Sync 1 DAGs
[2026-02-28T12:04:00.916+0000] {logging_mixin.py:188} INFO - [2026-02-28T12:04:00.915+0000] {dag.py:3947} INFO - Setting next_dagrun for load_cb_courses to 2026-02-28 00:00:00+00:00, run_after=2026-03-01 00:00:00+00:00
[2026-02-28T12:04:00.936+0000] {processor.py:183} INFO - Processing /opt/airflow/dags/load_cb_courses.py took 0.367 seconds
[2026-02-28T12:04:31.507+0000] {processor.py:161} INFO - Started process (PID=10744) to work on /opt/airflow/dags/load_cb_courses.py
[2026-02-28T12:04:31.508+0000] {processor.py:830} INFO - Processing file /opt/airflow/dags/load_cb_courses.py for tasks to queue
[2026-02-28T12:04:31.510+0000] {logging_mixin.py:188} INFO - [2026-02-28T12:04:31.510+0000] {dagbag.py:545} INFO - Filling up the DagBag from /opt/airflow/dags/load_cb_courses.py
[2026-02-28T12:04:31.800+0000] {processor.py:840} INFO - DAG(s) 'load_cb_courses' retrieved from /opt/airflow/dags/load_cb_courses.py
[2026-02-28T12:04:31.821+0000] {logging_mixin.py:188} INFO - [2026-02-28T12:04:31.821+0000] {dag.py:3089} INFO - Sync 1 DAGs
[2026-02-28T12:04:31.843+0000] {logging_mixin.py:188} INFO - [2026-02-28T12:04:31.842+0000] {dag.py:3947} INFO - Setting next_dagrun for load_cb_courses to 2026-02-28 00:00:00+00:00, run_after=2026-03-01 00:00:00+00:00
[2026-02-28T12:04:31.864+0000] {processor.py:183} INFO - Processing /opt/airflow/dags/load_cb_courses.py took 0.363 seconds
[2026-02-28T12:05:02.374+0000] {processor.py:161} INFO - Started process (PID=10775) to work on /opt/airflow/dags/load_cb_courses.py
[2026-02-28T12:05:02.375+0000] {processor.py:830} INFO - Processing file /opt/airflow/dags/load_cb_courses.py for tasks to queue
[2026-02-28T12:05:02.378+0000] {logging_mixin.py:188} INFO - [2026-02-28T12:05:02.377+0000] {dagbag.py:545} INFO - Filling up the DagBag from /opt/airflow/dags/load_cb_courses.py
[2026-02-28T12:05:02.924+0000] {processor.py:840} INFO - DAG(s) 'load_cb_courses' retrieved from /opt/airflow/dags/load_cb_courses.py
[2026-02-28T12:05:02.954+0000] {logging_mixin.py:188} INFO - [2026-02-28T12:05:02.953+0000] {dag.py:3089} INFO - Sync 1 DAGs
[2026-02-28T12:05:02.981+0000] {logging_mixin.py:188} INFO - [2026-02-28T12:05:02.980+0000] {dag.py:3947} INFO - Setting next_dagrun for load_cb_courses to 2026-02-28 00:00:00+00:00, run_after=2026-03-01 00:00:00+00:00
[2026-02-28T12:05:03.010+0000] {processor.py:183} INFO - Processing /opt/airflow/dags/load_cb_courses.py took 0.642 seconds
[2026-02-28T12:05:33.624+0000] {processor.py:161} INFO - Started process (PID=10812) to work on /opt/airflow/dags/load_cb_courses.py
[2026-02-28T12:05:33.625+0000] {processor.py:830} INFO - Processing file /opt/airflow/dags/load_cb_courses.py for tasks to queue
[2026-02-28T12:05:33.627+0000] {logging_mixin.py:188} INFO - [2026-02-28T12:05:33.627+0000] {dagbag.py:545} INFO - Filling up the DagBag from /opt/airflow/dags/load_cb_courses.py
[2026-02-28T12:05:33.926+0000] {processor.py:840} INFO - DAG(s) 'load_cb_courses' retrieved from /opt/airflow/dags/load_cb_courses.py
[2026-02-28T12:05:33.949+0000] {logging_mixin.py:188} INFO - [2026-02-28T12:05:33.948+0000] {dag.py:3089} INFO - Sync 1 DAGs
[2026-02-28T12:05:33.971+0000] {logging_mixin.py:188} INFO - [2026-02-28T12:05:33.971+0000] {dag.py:3947} INFO - Setting next_dagrun for load_cb_courses to 2026-02-28 00:00:00+00:00, run_after=2026-03-01 00:00:00+00:00
[2026-02-28T12:05:33.994+0000] {processor.py:183} INFO - Processing /opt/airflow/dags/load_cb_courses.py took 0.377 seconds
[2026-02-28T12:06:04.508+0000] {processor.py:161} INFO - Started process (PID=10845) to work on /opt/airflow/dags/load_cb_courses.py
[2026-02-28T12:06:04.510+0000] {processor.py:830} INFO - Processing file /opt/airflow/dags/load_cb_courses.py for tasks to queue
[2026-02-28T12:06:04.512+0000] {logging_mixin.py:188} INFO - [2026-02-28T12:06:04.511+0000] {dagbag.py:545} INFO - Filling up the DagBag from /opt/airflow/dags/load_cb_courses.py
[2026-02-28T12:06:04.798+0000] {processor.py:840} INFO - DAG(s) 'load_cb_courses' retrieved from /opt/airflow/dags/load_cb_courses.py
[2026-02-28T12:06:04.822+0000] {logging_mixin.py:188} INFO - [2026-02-28T12:06:04.821+0000] {dag.py:3089} INFO - Sync 1 DAGs
[2026-02-28T12:06:04.844+0000] {logging_mixin.py:188} INFO - [2026-02-28T12:06:04.844+0000] {dag.py:3947} INFO - Setting next_dagrun for load_cb_courses to 2026-02-28 00:00:00+00:00, run_after=2026-03-01 00:00:00+00:00
[2026-02-28T12:06:04.870+0000] {processor.py:183} INFO - Processing /opt/airflow/dags/load_cb_courses.py took 0.368 seconds
[2026-02-28T12:06:35.457+0000] {processor.py:161} INFO - Started process (PID=10885) to work on /opt/airflow/dags/load_cb_courses.py
[2026-02-28T12:06:35.459+0000] {processor.py:830} INFO - Processing file /opt/airflow/dags/load_cb_courses.py for tasks to queue
[2026-02-28T12:06:35.461+0000] {logging_mixin.py:188} INFO - [2026-02-28T12:06:35.461+0000] {dagbag.py:545} INFO - Filling up the DagBag from /opt/airflow/dags/load_cb_courses.py
[2026-02-28T12:06:35.763+0000] {processor.py:840} INFO - DAG(s) 'load_cb_courses' retrieved from /opt/airflow/dags/load_cb_courses.py
[2026-02-28T12:06:35.784+0000] {logging_mixin.py:188} INFO - [2026-02-28T12:06:35.784+0000] {dag.py:3089} INFO - Sync 1 DAGs
[2026-02-28T12:06:35.805+0000] {logging_mixin.py:188} INFO - [2026-02-28T12:06:35.805+0000] {dag.py:3947} INFO - Setting next_dagrun for load_cb_courses to 2026-02-28 00:00:00+00:00, run_after=2026-03-01 00:00:00+00:00
[2026-02-28T12:06:35.826+0000] {processor.py:183} INFO - Processing /opt/airflow/dags/load_cb_courses.py took 0.375 seconds
[2026-02-28T12:07:06.310+0000] {processor.py:161} INFO - Started process (PID=10917) to work on /opt/airflow/dags/load_cb_courses.py
[2026-02-28T12:07:06.311+0000] {processor.py:830} INFO - Processing file /opt/airflow/dags/load_cb_courses.py for tasks to queue
[2026-02-28T12:07:06.314+0000] {logging_mixin.py:188} INFO - [2026-02-28T12:07:06.313+0000] {dagbag.py:545} INFO - Filling up the DagBag from /opt/airflow/dags/load_cb_courses.py
[2026-02-28T12:07:06.609+0000] {processor.py:840} INFO - DAG(s) 'load_cb_courses' retrieved from /opt/airflow/dags/load_cb_courses.py
[2026-02-28T12:07:06.631+0000] {logging_mixin.py:188} INFO - [2026-02-28T12:07:06.631+0000] {dag.py:3089} INFO - Sync 1 DAGs
[2026-02-28T12:07:06.653+0000] {logging_mixin.py:188} INFO - [2026-02-28T12:07:06.653+0000] {dag.py:3947} INFO - Setting next_dagrun for load_cb_courses to 2026-02-28 00:00:00+00:00, run_after=2026-03-01 00:00:00+00:00
[2026-02-28T12:07:06.677+0000] {processor.py:183} INFO - Processing /opt/airflow/dags/load_cb_courses.py took 0.374 seconds
[2026-02-28T12:07:37.340+0000] {processor.py:161} INFO - Started process (PID=10956) to work on /opt/airflow/dags/load_cb_courses.py
[2026-02-28T12:07:37.341+0000] {processor.py:830} INFO - Processing file /opt/airflow/dags/load_cb_courses.py for tasks to queue
[2026-02-28T12:07:37.344+0000] {logging_mixin.py:188} INFO - [2026-02-28T12:07:37.343+0000] {dagbag.py:545} INFO - Filling up the DagBag from /opt/airflow/dags/load_cb_courses.py
[2026-02-28T12:07:37.628+0000] {processor.py:840} INFO - DAG(s) 'load_cb_courses' retrieved from /opt/airflow/dags/load_cb_courses.py
[2026-02-28T12:07:37.649+0000] {logging_mixin.py:188} INFO - [2026-02-28T12:07:37.648+0000] {dag.py:3089} INFO - Sync 1 DAGs
[2026-02-28T12:07:37.669+0000] {logging_mixin.py:188} INFO - [2026-02-28T12:07:37.668+0000] {dag.py:3947} INFO - Setting next_dagrun for load_cb_courses to 2026-02-28 00:00:00+00:00, run_after=2026-03-01 00:00:00+00:00
[2026-02-28T12:07:37.688+0000] {processor.py:183} INFO - Processing /opt/airflow/dags/load_cb_courses.py took 0.355 seconds
[2026-02-28T12:08:08.158+0000] {processor.py:161} INFO - Started process (PID=10987) to work on /opt/airflow/dags/load_cb_courses.py
[2026-02-28T12:08:08.159+0000] {processor.py:830} INFO - Processing file /opt/airflow/dags/load_cb_courses.py for tasks to queue
[2026-02-28T12:08:08.162+0000] {logging_mixin.py:188} INFO - [2026-02-28T12:08:08.161+0000] {dagbag.py:545} INFO - Filling up the DagBag from /opt/airflow/dags/load_cb_courses.py
[2026-02-28T12:08:08.452+0000] {processor.py:840} INFO - DAG(s) 'load_cb_courses' retrieved from /opt/airflow/dags/load_cb_courses.py
[2026-02-28T12:08:08.475+0000] {logging_mixin.py:188} INFO - [2026-02-28T12:08:08.475+0000] {dag.py:3089} INFO - Sync 1 DAGs
[2026-02-28T12:08:08.496+0000] {logging_mixin.py:188} INFO - [2026-02-28T12:08:08.495+0000] {dag.py:3947} INFO - Setting next_dagrun for load_cb_courses to 2026-02-28 00:00:00+00:00, run_after=2026-03-01 00:00:00+00:00
[2026-02-28T12:08:08.516+0000] {processor.py:183} INFO - Processing /opt/airflow/dags/load_cb_courses.py took 0.364 seconds
[2026-02-28T12:08:39.072+0000] {processor.py:161} INFO - Started process (PID=11018) to work on /opt/airflow/dags/load_cb_courses.py
[2026-02-28T12:08:39.073+0000] {processor.py:830} INFO - Processing file /opt/airflow/dags/load_cb_courses.py for tasks to queue
[2026-02-28T12:08:39.075+0000] {logging_mixin.py:188} INFO - [2026-02-28T12:08:39.075+0000] {dagbag.py:545} INFO - Filling up the DagBag from /opt/airflow/dags/load_cb_courses.py
[2026-02-28T12:08:39.378+0000] {processor.py:840} INFO - DAG(s) 'load_cb_courses' retrieved from /opt/airflow/dags/load_cb_courses.py
[2026-02-28T12:08:39.402+0000] {logging_mixin.py:188} INFO - [2026-02-28T12:08:39.401+0000] {dag.py:3089} INFO - Sync 1 DAGs
[2026-02-28T12:08:39.425+0000] {logging_mixin.py:188} INFO - [2026-02-28T12:08:39.425+0000] {dag.py:3947} INFO - Setting next_dagrun for load_cb_courses to 2026-02-28 00:00:00+00:00, run_after=2026-03-01 00:00:00+00:00
[2026-02-28T12:08:39.450+0000] {processor.py:183} INFO - Processing /opt/airflow/dags/load_cb_courses.py took 0.384 seconds
[2026-02-28T12:09:09.839+0000] {processor.py:161} INFO - Started process (PID=11057) to work on /opt/airflow/dags/load_cb_courses.py
[2026-02-28T12:09:09.840+0000] {processor.py:830} INFO - Processing file /opt/airflow/dags/load_cb_courses.py for tasks to queue
[2026-02-28T12:09:09.842+0000] {logging_mixin.py:188} INFO - [2026-02-28T12:09:09.842+0000] {dagbag.py:545} INFO - Filling up the DagBag from /opt/airflow/dags/load_cb_courses.py
[2026-02-28T12:09:10.132+0000] {processor.py:840} INFO - DAG(s) 'load_cb_courses' retrieved from /opt/airflow/dags/load_cb_courses.py
[2026-02-28T12:09:10.156+0000] {logging_mixin.py:188} INFO - [2026-02-28T12:09:10.155+0000] {dag.py:3089} INFO - Sync 1 DAGs
[2026-02-28T12:09:10.179+0000] {logging_mixin.py:188} INFO - [2026-02-28T12:09:10.179+0000] {dag.py:3947} INFO - Setting next_dagrun for load_cb_courses to 2026-02-28 00:00:00+00:00, run_after=2026-03-01 00:00:00+00:00
[2026-02-28T12:09:10.203+0000] {processor.py:183} INFO - Processing /opt/airflow/dags/load_cb_courses.py took 0.370 seconds
[2026-02-28T12:09:40.978+0000] {processor.py:161} INFO - Started process (PID=11086) to work on /opt/airflow/dags/load_cb_courses.py
[2026-02-28T12:09:40.979+0000] {processor.py:830} INFO - Processing file /opt/airflow/dags/load_cb_courses.py for tasks to queue
[2026-02-28T12:09:40.982+0000] {logging_mixin.py:188} INFO - [2026-02-28T12:09:40.982+0000] {dagbag.py:545} INFO - Filling up the DagBag from /opt/airflow/dags/load_cb_courses.py
[2026-02-28T12:09:41.283+0000] {processor.py:840} INFO - DAG(s) 'load_cb_courses' retrieved from /opt/airflow/dags/load_cb_courses.py
[2026-02-28T12:09:41.317+0000] {logging_mixin.py:188} INFO - [2026-02-28T12:09:41.316+0000] {dag.py:3089} INFO - Sync 1 DAGs
[2026-02-28T12:09:41.355+0000] {logging_mixin.py:188} INFO - [2026-02-28T12:09:41.354+0000] {dag.py:3947} INFO - Setting next_dagrun for load_cb_courses to 2026-02-28 00:00:00+00:00, run_after=2026-03-01 00:00:00+00:00
[2026-02-28T12:09:41.385+0000] {processor.py:183} INFO - Processing /opt/airflow/dags/load_cb_courses.py took 0.413 seconds
[2026-02-28T12:10:11.742+0000] {processor.py:161} INFO - Started process (PID=11124) to work on /opt/airflow/dags/load_cb_courses.py
[2026-02-28T12:10:11.743+0000] {processor.py:830} INFO - Processing file /opt/airflow/dags/load_cb_courses.py for tasks to queue
[2026-02-28T12:10:11.745+0000] {logging_mixin.py:188} INFO - [2026-02-28T12:10:11.745+0000] {dagbag.py:545} INFO - Filling up the DagBag from /opt/airflow/dags/load_cb_courses.py
[2026-02-28T12:10:12.049+0000] {processor.py:840} INFO - DAG(s) 'load_cb_courses' retrieved from /opt/airflow/dags/load_cb_courses.py
[2026-02-28T12:10:12.071+0000] {logging_mixin.py:188} INFO - [2026-02-28T12:10:12.070+0000] {dag.py:3089} INFO - Sync 1 DAGs
[2026-02-28T12:10:12.092+0000] {logging_mixin.py:188} INFO - [2026-02-28T12:10:12.092+0000] {dag.py:3947} INFO - Setting next_dagrun for load_cb_courses to 2026-02-28 00:00:00+00:00, run_after=2026-03-01 00:00:00+00:00
[2026-02-28T12:10:12.113+0000] {processor.py:183} INFO - Processing /opt/airflow/dags/load_cb_courses.py took 0.377 seconds
[2026-02-28T12:10:42.523+0000] {processor.py:161} INFO - Started process (PID=11156) to work on /opt/airflow/dags/load_cb_courses.py
[2026-02-28T12:10:42.524+0000] {processor.py:830} INFO - Processing file /opt/airflow/dags/load_cb_courses.py for tasks to queue
[2026-02-28T12:10:42.527+0000] {logging_mixin.py:188} INFO - [2026-02-28T12:10:42.526+0000] {dagbag.py:545} INFO - Filling up the DagBag from /opt/airflow/dags/load_cb_courses.py
[2026-02-28T12:10:42.809+0000] {processor.py:840} INFO - DAG(s) 'load_cb_courses' retrieved from /opt/airflow/dags/load_cb_courses.py
[2026-02-28T12:10:42.831+0000] {logging_mixin.py:188} INFO - [2026-02-28T12:10:42.831+0000] {dag.py:3089} INFO - Sync 1 DAGs
[2026-02-28T12:10:42.854+0000] {logging_mixin.py:188} INFO - [2026-02-28T12:10:42.854+0000] {dag.py:3947} INFO - Setting next_dagrun for load_cb_courses to 2026-02-28 00:00:00+00:00, run_after=2026-03-01 00:00:00+00:00
[2026-02-28T12:10:42.878+0000] {processor.py:183} INFO - Processing /opt/airflow/dags/load_cb_courses.py took 0.362 seconds
[2026-02-28T12:11:13.083+0000] {processor.py:161} INFO - Started process (PID=11186) to work on /opt/airflow/dags/load_cb_courses.py
[2026-02-28T12:11:13.084+0000] {processor.py:830} INFO - Processing file /opt/airflow/dags/load_cb_courses.py for tasks to queue
[2026-02-28T12:11:13.087+0000] {logging_mixin.py:188} INFO - [2026-02-28T12:11:13.086+0000] {dagbag.py:545} INFO - Filling up the DagBag from /opt/airflow/dags/load_cb_courses.py
[2026-02-28T12:11:13.371+0000] {processor.py:840} INFO - DAG(s) 'load_cb_courses' retrieved from /opt/airflow/dags/load_cb_courses.py
[2026-02-28T12:11:13.393+0000] {logging_mixin.py:188} INFO - [2026-02-28T12:11:13.392+0000] {dag.py:3089} INFO - Sync 1 DAGs
[2026-02-28T12:11:13.416+0000] {logging_mixin.py:188} INFO - [2026-02-28T12:11:13.416+0000] {dag.py:3947} INFO - Setting next_dagrun for load_cb_courses to 2026-02-28 00:00:00+00:00, run_after=2026-03-01 00:00:00+00:00
[2026-02-28T12:11:13.435+0000] {processor.py:183} INFO - Processing /opt/airflow/dags/load_cb_courses.py took 0.358 seconds
[2026-02-28T12:11:43.655+0000] {processor.py:161} INFO - Started process (PID=11224) to work on /opt/airflow/dags/load_cb_courses.py
[2026-02-28T12:11:43.657+0000] {processor.py:830} INFO - Processing file /opt/airflow/dags/load_cb_courses.py for tasks to queue
[2026-02-28T12:11:43.659+0000] {logging_mixin.py:188} INFO - [2026-02-28T12:11:43.659+0000] {dagbag.py:545} INFO - Filling up the DagBag from /opt/airflow/dags/load_cb_courses.py
[2026-02-28T12:11:43.947+0000] {processor.py:840} INFO - DAG(s) 'load_cb_courses' retrieved from /opt/airflow/dags/load_cb_courses.py
[2026-02-28T12:11:43.970+0000] {logging_mixin.py:188} INFO - [2026-02-28T12:11:43.970+0000] {dag.py:3089} INFO - Sync 1 DAGs
[2026-02-28T12:11:43.991+0000] {logging_mixin.py:188} INFO - [2026-02-28T12:11:43.991+0000] {dag.py:3947} INFO - Setting next_dagrun for load_cb_courses to 2026-02-28 00:00:00+00:00, run_after=2026-03-01 00:00:00+00:00
[2026-02-28T12:11:44.014+0000] {processor.py:183} INFO - Processing /opt/airflow/dags/load_cb_courses.py took 0.365 seconds
[2026-02-28T12:12:14.499+0000] {processor.py:161} INFO - Started process (PID=11255) to work on /opt/airflow/dags/load_cb_courses.py
[2026-02-28T12:12:14.500+0000] {processor.py:830} INFO - Processing file /opt/airflow/dags/load_cb_courses.py for tasks to queue
[2026-02-28T12:12:14.503+0000] {logging_mixin.py:188} INFO - [2026-02-28T12:12:14.502+0000] {dagbag.py:545} INFO - Filling up the DagBag from /opt/airflow/dags/load_cb_courses.py
[2026-02-28T12:12:14.811+0000] {processor.py:840} INFO - DAG(s) 'load_cb_courses' retrieved from /opt/airflow/dags/load_cb_courses.py
[2026-02-28T12:12:14.834+0000] {logging_mixin.py:188} INFO - [2026-02-28T12:12:14.834+0000] {dag.py:3089} INFO - Sync 1 DAGs
[2026-02-28T12:12:14.860+0000] {logging_mixin.py:188} INFO - [2026-02-28T12:12:14.860+0000] {dag.py:3947} INFO - Setting next_dagrun for load_cb_courses to 2026-02-28 00:00:00+00:00, run_after=2026-03-01 00:00:00+00:00
[2026-02-28T12:12:14.882+0000] {processor.py:183} INFO - Processing /opt/airflow/dags/load_cb_courses.py took 0.388 seconds
[2026-02-28T12:12:45.562+0000] {processor.py:161} INFO - Started process (PID=11293) to work on /opt/airflow/dags/load_cb_courses.py
[2026-02-28T12:12:45.564+0000] {processor.py:830} INFO - Processing file /opt/airflow/dags/load_cb_courses.py for tasks to queue
[2026-02-28T12:12:45.567+0000] {logging_mixin.py:188} INFO - [2026-02-28T12:12:45.567+0000] {dagbag.py:545} INFO - Filling up the DagBag from /opt/airflow/dags/load_cb_courses.py
[2026-02-28T12:12:45.903+0000] {processor.py:840} INFO - DAG(s) 'load_cb_courses' retrieved from /opt/airflow/dags/load_cb_courses.py
[2026-02-28T12:12:45.925+0000] {logging_mixin.py:188} INFO - [2026-02-28T12:12:45.924+0000] {dag.py:3089} INFO - Sync 1 DAGs
[2026-02-28T12:12:45.945+0000] {logging_mixin.py:188} INFO - [2026-02-28T12:12:45.944+0000] {dag.py:3947} INFO - Setting next_dagrun for load_cb_courses to 2026-02-28 00:00:00+00:00, run_after=2026-03-01 00:00:00+00:00
[2026-02-28T12:12:45.966+0000] {processor.py:183} INFO - Processing /opt/airflow/dags/load_cb_courses.py took 0.414 seconds
[2026-02-28T12:13:16.295+0000] {processor.py:161} INFO - Started process (PID=11324) to work on /opt/airflow/dags/load_cb_courses.py
[2026-02-28T12:13:16.297+0000] {processor.py:830} INFO - Processing file /opt/airflow/dags/load_cb_courses.py for tasks to queue
[2026-02-28T12:13:16.300+0000] {logging_mixin.py:188} INFO - [2026-02-28T12:13:16.300+0000] {dagbag.py:545} INFO - Filling up the DagBag from /opt/airflow/dags/load_cb_courses.py
[2026-02-28T12:13:16.605+0000] {processor.py:840} INFO - DAG(s) 'load_cb_courses' retrieved from /opt/airflow/dags/load_cb_courses.py
[2026-02-28T12:13:16.627+0000] {logging_mixin.py:188} INFO - [2026-02-28T12:13:16.626+0000] {dag.py:3089} INFO - Sync 1 DAGs
[2026-02-28T12:13:16.652+0000] {logging_mixin.py:188} INFO - [2026-02-28T12:13:16.652+0000] {dag.py:3947} INFO - Setting next_dagrun for load_cb_courses to 2026-02-28 00:00:00+00:00, run_after=2026-03-01 00:00:00+00:00
[2026-02-28T12:13:16.672+0000] {processor.py:183} INFO - Processing /opt/airflow/dags/load_cb_courses.py took 0.383 seconds
[2026-02-28T12:13:47.127+0000] {processor.py:161} INFO - Started process (PID=11362) to work on /opt/airflow/dags/load_cb_courses.py
[2026-02-28T12:13:47.128+0000] {processor.py:830} INFO - Processing file /opt/airflow/dags/load_cb_courses.py for tasks to queue
[2026-02-28T12:13:47.131+0000] {logging_mixin.py:188} INFO - [2026-02-28T12:13:47.130+0000] {dagbag.py:545} INFO - Filling up the DagBag from /opt/airflow/dags/load_cb_courses.py
[2026-02-28T12:13:47.413+0000] {processor.py:840} INFO - DAG(s) 'load_cb_courses' retrieved from /opt/airflow/dags/load_cb_courses.py
[2026-02-28T12:13:47.436+0000] {logging_mixin.py:188} INFO - [2026-02-28T12:13:47.436+0000] {dag.py:3089} INFO - Sync 1 DAGs
[2026-02-28T12:13:47.457+0000] {logging_mixin.py:188} INFO - [2026-02-28T12:13:47.457+0000] {dag.py:3947} INFO - Setting next_dagrun for load_cb_courses to 2026-02-28 00:00:00+00:00, run_after=2026-03-01 00:00:00+00:00
[2026-02-28T12:13:47.480+0000] {processor.py:183} INFO - Processing /opt/airflow/dags/load_cb_courses.py took 0.359 seconds
[2026-02-28T12:14:18.068+0000] {processor.py:161} INFO - Started process (PID=11393) to work on /opt/airflow/dags/load_cb_courses.py
[2026-02-28T12:14:18.073+0000] {processor.py:830} INFO - Processing file /opt/airflow/dags/load_cb_courses.py for tasks to queue
[2026-02-28T12:14:18.081+0000] {logging_mixin.py:188} INFO - [2026-02-28T12:14:18.081+0000] {dagbag.py:545} INFO - Filling up the DagBag from /opt/airflow/dags/load_cb_courses.py
[2026-02-28T12:14:18.390+0000] {processor.py:840} INFO - DAG(s) 'load_cb_courses' retrieved from /opt/airflow/dags/load_cb_courses.py
[2026-02-28T12:14:18.411+0000] {logging_mixin.py:188} INFO - [2026-02-28T12:14:18.410+0000] {dag.py:3089} INFO - Sync 1 DAGs
[2026-02-28T12:14:18.432+0000] {logging_mixin.py:188} INFO - [2026-02-28T12:14:18.431+0000] {dag.py:3947} INFO - Setting next_dagrun for load_cb_courses to 2026-02-28 00:00:00+00:00, run_after=2026-03-01 00:00:00+00:00
[2026-02-28T12:14:18.455+0000] {processor.py:183} INFO - Processing /opt/airflow/dags/load_cb_courses.py took 0.395 seconds
[2026-02-28T12:14:48.781+0000] {processor.py:161} INFO - Started process (PID=11425) to work on /opt/airflow/dags/load_cb_courses.py
[2026-02-28T12:14:48.783+0000] {processor.py:830} INFO - Processing file /opt/airflow/dags/load_cb_courses.py for tasks to queue
[2026-02-28T12:14:48.785+0000] {logging_mixin.py:188} INFO - [2026-02-28T12:14:48.785+0000] {dagbag.py:545} INFO - Filling up the DagBag from /opt/airflow/dags/load_cb_courses.py
[2026-02-28T12:14:49.065+0000] {processor.py:840} INFO - DAG(s) 'load_cb_courses' retrieved from /opt/airflow/dags/load_cb_courses.py
[2026-02-28T12:14:49.087+0000] {logging_mixin.py:188} INFO - [2026-02-28T12:14:49.087+0000] {dag.py:3089} INFO - Sync 1 DAGs
[2026-02-28T12:14:49.111+0000] {logging_mixin.py:188} INFO - [2026-02-28T12:14:49.111+0000] {dag.py:3947} INFO - Setting next_dagrun for load_cb_courses to 2026-02-28 00:00:00+00:00, run_after=2026-03-01 00:00:00+00:00
[2026-02-28T12:14:49.137+0000] {processor.py:183} INFO - Processing /opt/airflow/dags/load_cb_courses.py took 0.362 seconds
[2026-02-28T12:15:19.646+0000] {processor.py:161} INFO - Started process (PID=11463) to work on /opt/airflow/dags/load_cb_courses.py
[2026-02-28T12:15:19.647+0000] {processor.py:830} INFO - Processing file /opt/airflow/dags/load_cb_courses.py for tasks to queue
[2026-02-28T12:15:19.649+0000] {logging_mixin.py:188} INFO - [2026-02-28T12:15:19.649+0000] {dagbag.py:545} INFO - Filling up the DagBag from /opt/airflow/dags/load_cb_courses.py
[2026-02-28T12:15:19.926+0000] {processor.py:840} INFO - DAG(s) 'load_cb_courses' retrieved from /opt/airflow/dags/load_cb_courses.py
[2026-02-28T12:15:19.947+0000] {logging_mixin.py:188} INFO - [2026-02-28T12:15:19.947+0000] {dag.py:3089} INFO - Sync 1 DAGs
[2026-02-28T12:15:19.970+0000] {logging_mixin.py:188} INFO - [2026-02-28T12:15:19.970+0000] {dag.py:3947} INFO - Setting next_dagrun for load_cb_courses to 2026-02-28 00:00:00+00:00, run_after=2026-03-01 00:00:00+00:00
[2026-02-28T12:15:19.990+0000] {processor.py:183} INFO - Processing /opt/airflow/dags/load_cb_courses.py took 0.349 seconds
[2026-02-28T12:15:50.584+0000] {processor.py:161} INFO - Started process (PID=11495) to work on /opt/airflow/dags/load_cb_courses.py
[2026-02-28T12:15:50.586+0000] {processor.py:830} INFO - Processing file /opt/airflow/dags/load_cb_courses.py for tasks to queue
[2026-02-28T12:15:50.588+0000] {logging_mixin.py:188} INFO - [2026-02-28T12:15:50.588+0000] {dagbag.py:545} INFO - Filling up the DagBag from /opt/airflow/dags/load_cb_courses.py
[2026-02-28T12:15:50.900+0000] {processor.py:840} INFO - DAG(s) 'load_cb_courses' retrieved from /opt/airflow/dags/load_cb_courses.py
[2026-02-28T12:15:50.926+0000] {logging_mixin.py:188} INFO - [2026-02-28T12:15:50.925+0000] {dag.py:3089} INFO - Sync 1 DAGs
[2026-02-28T12:15:50.956+0000] {logging_mixin.py:188} INFO - [2026-02-28T12:15:50.955+0000] {dag.py:3947} INFO - Setting next_dagrun for load_cb_courses to 2026-02-28 00:00:00+00:00, run_after=2026-03-01 00:00:00+00:00
[2026-02-28T12:15:50.978+0000] {processor.py:183} INFO - Processing /opt/airflow/dags/load_cb_courses.py took 0.401 seconds
[2026-02-28T12:16:21.354+0000] {processor.py:161} INFO - Started process (PID=11535) to work on /opt/airflow/dags/load_cb_courses.py
[2026-02-28T12:16:21.356+0000] {processor.py:830} INFO - Processing file /opt/airflow/dags/load_cb_courses.py for tasks to queue
[2026-02-28T12:16:21.358+0000] {logging_mixin.py:188} INFO - [2026-02-28T12:16:21.357+0000] {dagbag.py:545} INFO - Filling up the DagBag from /opt/airflow/dags/load_cb_courses.py
[2026-02-28T12:16:21.684+0000] {processor.py:840} INFO - DAG(s) 'load_cb_courses' retrieved from /opt/airflow/dags/load_cb_courses.py
[2026-02-28T12:16:21.717+0000] {logging_mixin.py:188} INFO - [2026-02-28T12:16:21.715+0000] {dag.py:3089} INFO - Sync 1 DAGs
[2026-02-28T12:16:21.769+0000] {logging_mixin.py:188} INFO - [2026-02-28T12:16:21.769+0000] {dag.py:3947} INFO - Setting next_dagrun for load_cb_courses to 2026-02-28 00:00:00+00:00, run_after=2026-03-01 00:00:00+00:00
[2026-02-28T12:16:21.804+0000] {processor.py:183} INFO - Processing /opt/airflow/dags/load_cb_courses.py took 0.455 seconds
[2026-02-28T12:16:52.375+0000] {processor.py:161} INFO - Started process (PID=11566) to work on /opt/airflow/dags/load_cb_courses.py
[2026-02-28T12:16:52.376+0000] {processor.py:830} INFO - Processing file /opt/airflow/dags/load_cb_courses.py for tasks to queue
[2026-02-28T12:16:52.378+0000] {logging_mixin.py:188} INFO - [2026-02-28T12:16:52.378+0000] {dagbag.py:545} INFO - Filling up the DagBag from /opt/airflow/dags/load_cb_courses.py
[2026-02-28T12:16:52.679+0000] {processor.py:840} INFO - DAG(s) 'load_cb_courses' retrieved from /opt/airflow/dags/load_cb_courses.py
[2026-02-28T12:16:52.703+0000] {logging_mixin.py:188} INFO - [2026-02-28T12:16:52.702+0000] {dag.py:3089} INFO - Sync 1 DAGs
[2026-02-28T12:16:52.725+0000] {logging_mixin.py:188} INFO - [2026-02-28T12:16:52.725+0000] {dag.py:3947} INFO - Setting next_dagrun for load_cb_courses to 2026-02-28 00:00:00+00:00, run_after=2026-03-01 00:00:00+00:00
[2026-02-28T12:16:52.747+0000] {processor.py:183} INFO - Processing /opt/airflow/dags/load_cb_courses.py took 0.378 seconds
[2026-02-28T12:17:23.223+0000] {processor.py:161} INFO - Started process (PID=11597) to work on /opt/airflow/dags/load_cb_courses.py
[2026-02-28T12:17:23.225+0000] {processor.py:830} INFO - Processing file /opt/airflow/dags/load_cb_courses.py for tasks to queue
[2026-02-28T12:17:23.227+0000] {logging_mixin.py:188} INFO - [2026-02-28T12:17:23.227+0000] {dagbag.py:545} INFO - Filling up the DagBag from /opt/airflow/dags/load_cb_courses.py
[2026-02-28T12:17:23.528+0000] {processor.py:840} INFO - DAG(s) 'load_cb_courses' retrieved from /opt/airflow/dags/load_cb_courses.py
[2026-02-28T12:17:23.549+0000] {logging_mixin.py:188} INFO - [2026-02-28T12:17:23.549+0000] {dag.py:3089} INFO - Sync 1 DAGs
[2026-02-28T12:17:23.571+0000] {logging_mixin.py:188} INFO - [2026-02-28T12:17:23.571+0000] {dag.py:3947} INFO - Setting next_dagrun for load_cb_courses to 2026-02-28 00:00:00+00:00, run_after=2026-03-01 00:00:00+00:00
[2026-02-28T12:17:23.589+0000] {processor.py:183} INFO - Processing /opt/airflow/dags/load_cb_courses.py took 0.371 seconds
[2026-02-28T12:17:54.371+0000] {processor.py:161} INFO - Started process (PID=11635) to work on /opt/airflow/dags/load_cb_courses.py
[2026-02-28T12:17:54.372+0000] {processor.py:830} INFO - Processing file /opt/airflow/dags/load_cb_courses.py for tasks to queue
[2026-02-28T12:17:54.374+0000] {logging_mixin.py:188} INFO - [2026-02-28T12:17:54.374+0000] {dagbag.py:545} INFO - Filling up the DagBag from /opt/airflow/dags/load_cb_courses.py
[2026-02-28T12:17:54.677+0000] {processor.py:840} INFO - DAG(s) 'load_cb_courses' retrieved from /opt/airflow/dags/load_cb_courses.py
[2026-02-28T12:17:54.700+0000] {logging_mixin.py:188} INFO - [2026-02-28T12:17:54.699+0000] {dag.py:3089} INFO - Sync 1 DAGs
[2026-02-28T12:17:54.721+0000] {logging_mixin.py:188} INFO - [2026-02-28T12:17:54.721+0000] {dag.py:3947} INFO - Setting next_dagrun for load_cb_courses to 2026-02-28 00:00:00+00:00, run_after=2026-03-01 00:00:00+00:00
[2026-02-28T12:17:54.743+0000] {processor.py:183} INFO - Processing /opt/airflow/dags/load_cb_courses.py took 0.378 seconds
[2026-02-28T12:18:25.002+0000] {processor.py:161} INFO - Started process (PID=11667) to work on /opt/airflow/dags/load_cb_courses.py
[2026-02-28T12:18:25.003+0000] {processor.py:830} INFO - Processing file /opt/airflow/dags/load_cb_courses.py for tasks to queue
[2026-02-28T12:18:25.005+0000] {logging_mixin.py:188} INFO - [2026-02-28T12:18:25.005+0000] {dagbag.py:545} INFO - Filling up the DagBag from /opt/airflow/dags/load_cb_courses.py
[2026-02-28T12:18:25.285+0000] {processor.py:840} INFO - DAG(s) 'load_cb_courses' retrieved from /opt/airflow/dags/load_cb_courses.py
[2026-02-28T12:18:25.305+0000] {logging_mixin.py:188} INFO - [2026-02-28T12:18:25.304+0000] {dag.py:3089} INFO - Sync 1 DAGs
[2026-02-28T12:18:25.325+0000] {logging_mixin.py:188} INFO - [2026-02-28T12:18:25.325+0000] {dag.py:3947} INFO - Setting next_dagrun for load_cb_courses to 2026-02-28 00:00:00+00:00, run_after=2026-03-01 00:00:00+00:00
[2026-02-28T12:18:25.344+0000] {processor.py:183} INFO - Processing /opt/airflow/dags/load_cb_courses.py took 0.349 seconds
[2026-02-28T12:18:55.841+0000] {processor.py:161} INFO - Started process (PID=11705) to work on /opt/airflow/dags/load_cb_courses.py
[2026-02-28T12:18:55.844+0000] {processor.py:830} INFO - Processing file /opt/airflow/dags/load_cb_courses.py for tasks to queue
[2026-02-28T12:18:55.849+0000] {logging_mixin.py:188} INFO - [2026-02-28T12:18:55.848+0000] {dagbag.py:545} INFO - Filling up the DagBag from /opt/airflow/dags/load_cb_courses.py
[2026-02-28T12:18:56.173+0000] {processor.py:840} INFO - DAG(s) 'load_cb_courses' retrieved from /opt/airflow/dags/load_cb_courses.py
[2026-02-28T12:18:56.194+0000] {logging_mixin.py:188} INFO - [2026-02-28T12:18:56.193+0000] {dag.py:3089} INFO - Sync 1 DAGs
[2026-02-28T12:18:56.216+0000] {logging_mixin.py:188} INFO - [2026-02-28T12:18:56.216+0000] {dag.py:3947} INFO - Setting next_dagrun for load_cb_courses to 2026-02-28 00:00:00+00:00, run_after=2026-03-01 00:00:00+00:00
[2026-02-28T12:18:56.242+0000] {processor.py:183} INFO - Processing /opt/airflow/dags/load_cb_courses.py took 0.408 seconds
[2026-02-28T12:19:26.734+0000] {processor.py:161} INFO - Started process (PID=11736) to work on /opt/airflow/dags/load_cb_courses.py
[2026-02-28T12:19:26.735+0000] {processor.py:830} INFO - Processing file /opt/airflow/dags/load_cb_courses.py for tasks to queue
[2026-02-28T12:19:26.737+0000] {logging_mixin.py:188} INFO - [2026-02-28T12:19:26.737+0000] {dagbag.py:545} INFO - Filling up the DagBag from /opt/airflow/dags/load_cb_courses.py
[2026-02-28T12:19:27.028+0000] {processor.py:840} INFO - DAG(s) 'load_cb_courses' retrieved from /opt/airflow/dags/load_cb_courses.py
[2026-02-28T12:19:27.048+0000] {logging_mixin.py:188} INFO - [2026-02-28T12:19:27.047+0000] {dag.py:3089} INFO - Sync 1 DAGs
[2026-02-28T12:19:27.070+0000] {logging_mixin.py:188} INFO - [2026-02-28T12:19:27.070+0000] {dag.py:3947} INFO - Setting next_dagrun for load_cb_courses to 2026-02-28 00:00:00+00:00, run_after=2026-03-01 00:00:00+00:00
[2026-02-28T12:19:27.088+0000] {processor.py:183} INFO - Processing /opt/airflow/dags/load_cb_courses.py took 0.361 seconds
[2026-02-28T12:19:57.752+0000] {processor.py:161} INFO - Started process (PID=11767) to work on /opt/airflow/dags/load_cb_courses.py
[2026-02-28T12:19:57.754+0000] {processor.py:830} INFO - Processing file /opt/airflow/dags/load_cb_courses.py for tasks to queue
[2026-02-28T12:19:57.757+0000] {logging_mixin.py:188} INFO - [2026-02-28T12:19:57.756+0000] {dagbag.py:545} INFO - Filling up the DagBag from /opt/airflow/dags/load_cb_courses.py
[2026-02-28T12:19:58.079+0000] {processor.py:840} INFO - DAG(s) 'load_cb_courses' retrieved from /opt/airflow/dags/load_cb_courses.py
[2026-02-28T12:19:58.105+0000] {logging_mixin.py:188} INFO - [2026-02-28T12:19:58.105+0000] {dag.py:3089} INFO - Sync 1 DAGs
[2026-02-28T12:19:58.129+0000] {logging_mixin.py:188} INFO - [2026-02-28T12:19:58.129+0000] {dag.py:3947} INFO - Setting next_dagrun for load_cb_courses to 2026-02-28 00:00:00+00:00, run_after=2026-03-01 00:00:00+00:00
[2026-02-28T12:19:58.154+0000] {processor.py:183} INFO - Processing /opt/airflow/dags/load_cb_courses.py took 0.408 seconds
[2026-02-28T12:20:28.652+0000] {processor.py:161} INFO - Started process (PID=11804) to work on /opt/airflow/dags/load_cb_courses.py
[2026-02-28T12:20:28.653+0000] {processor.py:830} INFO - Processing file /opt/airflow/dags/load_cb_courses.py for tasks to queue
[2026-02-28T12:20:28.655+0000] {logging_mixin.py:188} INFO - [2026-02-28T12:20:28.655+0000] {dagbag.py:545} INFO - Filling up the DagBag from /opt/airflow/dags/load_cb_courses.py
[2026-02-28T12:20:28.952+0000] {processor.py:840} INFO - DAG(s) 'load_cb_courses' retrieved from /opt/airflow/dags/load_cb_courses.py
[2026-02-28T12:20:28.974+0000] {logging_mixin.py:188} INFO - [2026-02-28T12:20:28.973+0000] {dag.py:3089} INFO - Sync 1 DAGs
[2026-02-28T12:20:29.002+0000] {logging_mixin.py:188} INFO - [2026-02-28T12:20:29.002+0000] {dag.py:3947} INFO - Setting next_dagrun for load_cb_courses to 2026-02-28 00:00:00+00:00, run_after=2026-03-01 00:00:00+00:00
[2026-02-28T12:20:29.023+0000] {processor.py:183} INFO - Processing /opt/airflow/dags/load_cb_courses.py took 0.377 seconds
[2026-02-28T12:20:59.704+0000] {processor.py:161} INFO - Started process (PID=11835) to work on /opt/airflow/dags/load_cb_courses.py
[2026-02-28T12:20:59.707+0000] {processor.py:830} INFO - Processing file /opt/airflow/dags/load_cb_courses.py for tasks to queue
[2026-02-28T12:20:59.710+0000] {logging_mixin.py:188} INFO - [2026-02-28T12:20:59.709+0000] {dagbag.py:545} INFO - Filling up the DagBag from /opt/airflow/dags/load_cb_courses.py
[2026-02-28T12:21:00.033+0000] {processor.py:840} INFO - DAG(s) 'load_cb_courses' retrieved from /opt/airflow/dags/load_cb_courses.py
[2026-02-28T12:21:00.054+0000] {logging_mixin.py:188} INFO - [2026-02-28T12:21:00.054+0000] {dag.py:3089} INFO - Sync 1 DAGs
[2026-02-28T12:21:00.078+0000] {logging_mixin.py:188} INFO - [2026-02-28T12:21:00.078+0000] {dag.py:3947} INFO - Setting next_dagrun for load_cb_courses to 2026-02-28 00:00:00+00:00, run_after=2026-03-01 00:00:00+00:00
[2026-02-28T12:21:00.104+0000] {processor.py:183} INFO - Processing /opt/airflow/dags/load_cb_courses.py took 0.408 seconds
[2026-02-28T12:21:30.293+0000] {processor.py:161} INFO - Started process (PID=11874) to work on /opt/airflow/dags/load_cb_courses.py
[2026-02-28T12:21:30.294+0000] {processor.py:830} INFO - Processing file /opt/airflow/dags/load_cb_courses.py for tasks to queue
[2026-02-28T12:21:30.296+0000] {logging_mixin.py:188} INFO - [2026-02-28T12:21:30.296+0000] {dagbag.py:545} INFO - Filling up the DagBag from /opt/airflow/dags/load_cb_courses.py
[2026-02-28T12:21:30.595+0000] {processor.py:840} INFO - DAG(s) 'load_cb_courses' retrieved from /opt/airflow/dags/load_cb_courses.py
[2026-02-28T12:21:30.618+0000] {logging_mixin.py:188} INFO - [2026-02-28T12:21:30.618+0000] {dag.py:3089} INFO - Sync 1 DAGs
[2026-02-28T12:21:30.640+0000] {logging_mixin.py:188} INFO - [2026-02-28T12:21:30.640+0000] {dag.py:3947} INFO - Setting next_dagrun for load_cb_courses to 2026-02-28 00:00:00+00:00, run_after=2026-03-01 00:00:00+00:00
[2026-02-28T12:21:30.661+0000] {processor.py:183} INFO - Processing /opt/airflow/dags/load_cb_courses.py took 0.374 seconds
[2026-02-28T12:22:01.263+0000] {processor.py:161} INFO - Started process (PID=11905) to work on /opt/airflow/dags/load_cb_courses.py
[2026-02-28T12:22:01.265+0000] {processor.py:830} INFO - Processing file /opt/airflow/dags/load_cb_courses.py for tasks to queue
[2026-02-28T12:22:01.267+0000] {logging_mixin.py:188} INFO - [2026-02-28T12:22:01.266+0000] {dagbag.py:545} INFO - Filling up the DagBag from /opt/airflow/dags/load_cb_courses.py
[2026-02-28T12:22:01.581+0000] {processor.py:840} INFO - DAG(s) 'load_cb_courses' retrieved from /opt/airflow/dags/load_cb_courses.py
[2026-02-28T12:22:01.605+0000] {logging_mixin.py:188} INFO - [2026-02-28T12:22:01.604+0000] {dag.py:3089} INFO - Sync 1 DAGs
[2026-02-28T12:22:01.630+0000] {logging_mixin.py:188} INFO - [2026-02-28T12:22:01.629+0000] {dag.py:3947} INFO - Setting next_dagrun for load_cb_courses to 2026-02-28 00:00:00+00:00, run_after=2026-03-01 00:00:00+00:00
[2026-02-28T12:22:01.659+0000] {processor.py:183} INFO - Processing /opt/airflow/dags/load_cb_courses.py took 0.401 seconds
[2026-02-28T12:22:32.187+0000] {processor.py:161} INFO - Started process (PID=11944) to work on /opt/airflow/dags/load_cb_courses.py
[2026-02-28T12:22:32.189+0000] {processor.py:830} INFO - Processing file /opt/airflow/dags/load_cb_courses.py for tasks to queue
[2026-02-28T12:22:32.191+0000] {logging_mixin.py:188} INFO - [2026-02-28T12:22:32.191+0000] {dagbag.py:545} INFO - Filling up the DagBag from /opt/airflow/dags/load_cb_courses.py
[2026-02-28T12:22:32.483+0000] {processor.py:840} INFO - DAG(s) 'load_cb_courses' retrieved from /opt/airflow/dags/load_cb_courses.py
[2026-02-28T12:22:32.507+0000] {logging_mixin.py:188} INFO - [2026-02-28T12:22:32.506+0000] {dag.py:3089} INFO - Sync 1 DAGs
[2026-02-28T12:22:32.528+0000] {logging_mixin.py:188} INFO - [2026-02-28T12:22:32.528+0000] {dag.py:3947} INFO - Setting next_dagrun for load_cb_courses to 2026-02-28 00:00:00+00:00, run_after=2026-03-01 00:00:00+00:00
[2026-02-28T12:22:32.546+0000] {processor.py:183} INFO - Processing /opt/airflow/dags/load_cb_courses.py took 0.365 seconds
[2026-02-28T12:23:02.994+0000] {processor.py:161} INFO - Started process (PID=11975) to work on /opt/airflow/dags/load_cb_courses.py
[2026-02-28T12:23:02.995+0000] {processor.py:830} INFO - Processing file /opt/airflow/dags/load_cb_courses.py for tasks to queue
[2026-02-28T12:23:02.997+0000] {logging_mixin.py:188} INFO - [2026-02-28T12:23:02.996+0000] {dagbag.py:545} INFO - Filling up the DagBag from /opt/airflow/dags/load_cb_courses.py
[2026-02-28T12:23:03.518+0000] {processor.py:840} INFO - DAG(s) 'load_cb_courses' retrieved from /opt/airflow/dags/load_cb_courses.py
[2026-02-28T12:23:03.540+0000] {logging_mixin.py:188} INFO - [2026-02-28T12:23:03.539+0000] {dag.py:3089} INFO - Sync 1 DAGs
[2026-02-28T12:23:03.567+0000] {logging_mixin.py:188} INFO - [2026-02-28T12:23:03.567+0000] {dag.py:3947} INFO - Setting next_dagrun for load_cb_courses to 2026-02-28 00:00:00+00:00, run_after=2026-03-01 00:00:00+00:00
[2026-02-28T12:23:03.597+0000] {processor.py:183} INFO - Processing /opt/airflow/dags/load_cb_courses.py took 0.491 seconds
[2026-02-28T12:23:34.071+0000] {processor.py:161} INFO - Started process (PID=12006) to work on /opt/airflow/dags/load_cb_courses.py
[2026-02-28T12:23:34.073+0000] {processor.py:830} INFO - Processing file /opt/airflow/dags/load_cb_courses.py for tasks to queue
[2026-02-28T12:23:34.075+0000] {logging_mixin.py:188} INFO - [2026-02-28T12:23:34.075+0000] {dagbag.py:545} INFO - Filling up the DagBag from /opt/airflow/dags/load_cb_courses.py
[2026-02-28T12:23:34.385+0000] {processor.py:840} INFO - DAG(s) 'load_cb_courses' retrieved from /opt/airflow/dags/load_cb_courses.py
[2026-02-28T12:23:34.410+0000] {logging_mixin.py:188} INFO - [2026-02-28T12:23:34.409+0000] {dag.py:3089} INFO - Sync 1 DAGs
[2026-02-28T12:23:34.433+0000] {logging_mixin.py:188} INFO - [2026-02-28T12:23:34.432+0000] {dag.py:3947} INFO - Setting next_dagrun for load_cb_courses to 2026-02-28 00:00:00+00:00, run_after=2026-03-01 00:00:00+00:00
[2026-02-28T12:23:34.459+0000] {processor.py:183} INFO - Processing /opt/airflow/dags/load_cb_courses.py took 0.395 seconds
[2026-02-28T12:24:04.835+0000] {processor.py:161} INFO - Started process (PID=12045) to work on /opt/airflow/dags/load_cb_courses.py
[2026-02-28T12:24:04.836+0000] {processor.py:830} INFO - Processing file /opt/airflow/dags/load_cb_courses.py for tasks to queue
[2026-02-28T12:24:04.838+0000] {logging_mixin.py:188} INFO - [2026-02-28T12:24:04.838+0000] {dagbag.py:545} INFO - Filling up the DagBag from /opt/airflow/dags/load_cb_courses.py
[2026-02-28T12:24:05.157+0000] {processor.py:840} INFO - DAG(s) 'load_cb_courses' retrieved from /opt/airflow/dags/load_cb_courses.py
[2026-02-28T12:24:05.181+0000] {logging_mixin.py:188} INFO - [2026-02-28T12:24:05.181+0000] {dag.py:3089} INFO - Sync 1 DAGs
[2026-02-28T12:24:05.205+0000] {logging_mixin.py:188} INFO - [2026-02-28T12:24:05.204+0000] {dag.py:3947} INFO - Setting next_dagrun for load_cb_courses to 2026-02-28 00:00:00+00:00, run_after=2026-03-01 00:00:00+00:00
[2026-02-28T12:24:05.259+0000] {processor.py:183} INFO - Processing /opt/airflow/dags/load_cb_courses.py took 0.432 seconds
[2026-02-28T12:24:35.685+0000] {processor.py:161} INFO - Started process (PID=12073) to work on /opt/airflow/dags/load_cb_courses.py
[2026-02-28T12:24:35.686+0000] {processor.py:830} INFO - Processing file /opt/airflow/dags/load_cb_courses.py for tasks to queue
[2026-02-28T12:24:35.688+0000] {logging_mixin.py:188} INFO - [2026-02-28T12:24:35.687+0000] {dagbag.py:545} INFO - Filling up the DagBag from /opt/airflow/dags/load_cb_courses.py
[2026-02-28T12:24:35.976+0000] {processor.py:840} INFO - DAG(s) 'load_cb_courses' retrieved from /opt/airflow/dags/load_cb_courses.py
[2026-02-28T12:24:35.996+0000] {logging_mixin.py:188} INFO - [2026-02-28T12:24:35.995+0000] {dag.py:3089} INFO - Sync 1 DAGs
[2026-02-28T12:24:36.016+0000] {logging_mixin.py:188} INFO - [2026-02-28T12:24:36.016+0000] {dag.py:3947} INFO - Setting next_dagrun for load_cb_courses to 2026-02-28 00:00:00+00:00, run_after=2026-03-01 00:00:00+00:00
[2026-02-28T12:24:36.035+0000] {processor.py:183} INFO - Processing /opt/airflow/dags/load_cb_courses.py took 0.359 seconds
[2026-02-28T12:25:06.160+0000] {processor.py:161} INFO - Started process (PID=12111) to work on /opt/airflow/dags/load_cb_courses.py
[2026-02-28T12:25:06.161+0000] {processor.py:830} INFO - Processing file /opt/airflow/dags/load_cb_courses.py for tasks to queue
[2026-02-28T12:25:06.164+0000] {logging_mixin.py:188} INFO - [2026-02-28T12:25:06.163+0000] {dagbag.py:545} INFO - Filling up the DagBag from /opt/airflow/dags/load_cb_courses.py
[2026-02-28T12:25:06.579+0000] {processor.py:840} INFO - DAG(s) 'load_cb_courses' retrieved from /opt/airflow/dags/load_cb_courses.py
[2026-02-28T12:25:06.605+0000] {logging_mixin.py:188} INFO - [2026-02-28T12:25:06.605+0000] {dag.py:3089} INFO - Sync 1 DAGs
[2026-02-28T12:25:06.636+0000] {logging_mixin.py:188} INFO - [2026-02-28T12:25:06.636+0000] {dag.py:3947} INFO - Setting next_dagrun for load_cb_courses to 2026-02-28 00:00:00+00:00, run_after=2026-03-01 00:00:00+00:00
[2026-02-28T12:25:06.658+0000] {processor.py:183} INFO - Processing /opt/airflow/dags/load_cb_courses.py took 0.505 seconds
[2026-02-28T12:25:36.794+0000] {processor.py:161} INFO - Started process (PID=12142) to work on /opt/airflow/dags/load_cb_courses.py
[2026-02-28T12:25:36.795+0000] {processor.py:830} INFO - Processing file /opt/airflow/dags/load_cb_courses.py for tasks to queue
[2026-02-28T12:25:36.797+0000] {logging_mixin.py:188} INFO - [2026-02-28T12:25:36.797+0000] {dagbag.py:545} INFO - Filling up the DagBag from /opt/airflow/dags/load_cb_courses.py
[2026-02-28T12:25:37.083+0000] {processor.py:840} INFO - DAG(s) 'load_cb_courses' retrieved from /opt/airflow/dags/load_cb_courses.py
[2026-02-28T12:25:37.103+0000] {logging_mixin.py:188} INFO - [2026-02-28T12:25:37.102+0000] {dag.py:3089} INFO - Sync 1 DAGs
[2026-02-28T12:25:37.124+0000] {logging_mixin.py:188} INFO - [2026-02-28T12:25:37.124+0000] {dag.py:3947} INFO - Setting next_dagrun for load_cb_courses to 2026-02-28 00:00:00+00:00, run_after=2026-03-01 00:00:00+00:00
[2026-02-28T12:25:37.142+0000] {processor.py:183} INFO - Processing /opt/airflow/dags/load_cb_courses.py took 0.354 seconds
[2026-02-28T12:26:07.335+0000] {processor.py:161} INFO - Started process (PID=12172) to work on /opt/airflow/dags/load_cb_courses.py
[2026-02-28T12:26:07.337+0000] {processor.py:830} INFO - Processing file /opt/airflow/dags/load_cb_courses.py for tasks to queue
[2026-02-28T12:26:07.339+0000] {logging_mixin.py:188} INFO - [2026-02-28T12:26:07.338+0000] {dagbag.py:545} INFO - Filling up the DagBag from /opt/airflow/dags/load_cb_courses.py
[2026-02-28T12:26:07.625+0000] {processor.py:840} INFO - DAG(s) 'load_cb_courses' retrieved from /opt/airflow/dags/load_cb_courses.py
[2026-02-28T12:26:07.647+0000] {logging_mixin.py:188} INFO - [2026-02-28T12:26:07.647+0000] {dag.py:3089} INFO - Sync 1 DAGs
[2026-02-28T12:26:07.668+0000] {logging_mixin.py:188} INFO - [2026-02-28T12:26:07.668+0000] {dag.py:3947} INFO - Setting next_dagrun for load_cb_courses to 2026-02-28 00:00:00+00:00, run_after=2026-03-01 00:00:00+00:00
[2026-02-28T12:26:07.688+0000] {processor.py:183} INFO - Processing /opt/airflow/dags/load_cb_courses.py took 0.358 seconds
[2026-02-28T12:26:38.176+0000] {processor.py:161} INFO - Started process (PID=12211) to work on /opt/airflow/dags/load_cb_courses.py
[2026-02-28T12:26:38.178+0000] {processor.py:830} INFO - Processing file /opt/airflow/dags/load_cb_courses.py for tasks to queue
[2026-02-28T12:26:38.180+0000] {logging_mixin.py:188} INFO - [2026-02-28T12:26:38.180+0000] {dagbag.py:545} INFO - Filling up the DagBag from /opt/airflow/dags/load_cb_courses.py
[2026-02-28T12:26:38.457+0000] {processor.py:840} INFO - DAG(s) 'load_cb_courses' retrieved from /opt/airflow/dags/load_cb_courses.py
[2026-02-28T12:26:38.477+0000] {logging_mixin.py:188} INFO - [2026-02-28T12:26:38.477+0000] {dag.py:3089} INFO - Sync 1 DAGs
[2026-02-28T12:26:38.502+0000] {logging_mixin.py:188} INFO - [2026-02-28T12:26:38.502+0000] {dag.py:3947} INFO - Setting next_dagrun for load_cb_courses to 2026-02-28 00:00:00+00:00, run_after=2026-03-01 00:00:00+00:00
[2026-02-28T12:26:38.521+0000] {processor.py:183} INFO - Processing /opt/airflow/dags/load_cb_courses.py took 0.352 seconds
[2026-02-28T12:27:09.054+0000] {processor.py:161} INFO - Started process (PID=12242) to work on /opt/airflow/dags/load_cb_courses.py
[2026-02-28T12:27:09.059+0000] {processor.py:830} INFO - Processing file /opt/airflow/dags/load_cb_courses.py for tasks to queue
[2026-02-28T12:27:09.061+0000] {logging_mixin.py:188} INFO - [2026-02-28T12:27:09.061+0000] {dagbag.py:545} INFO - Filling up the DagBag from /opt/airflow/dags/load_cb_courses.py
[2026-02-28T12:27:09.340+0000] {processor.py:840} INFO - DAG(s) 'load_cb_courses' retrieved from /opt/airflow/dags/load_cb_courses.py
[2026-02-28T12:27:09.360+0000] {logging_mixin.py:188} INFO - [2026-02-28T12:27:09.360+0000] {dag.py:3089} INFO - Sync 1 DAGs
[2026-02-28T12:27:09.382+0000] {logging_mixin.py:188} INFO - [2026-02-28T12:27:09.381+0000] {dag.py:3947} INFO - Setting next_dagrun for load_cb_courses to 2026-02-28 00:00:00+00:00, run_after=2026-03-01 00:00:00+00:00
[2026-02-28T12:27:09.402+0000] {processor.py:183} INFO - Processing /opt/airflow/dags/load_cb_courses.py took 0.355 seconds
[2026-02-28T12:27:39.912+0000] {processor.py:161} INFO - Started process (PID=12280) to work on /opt/airflow/dags/load_cb_courses.py
[2026-02-28T12:27:39.914+0000] {processor.py:830} INFO - Processing file /opt/airflow/dags/load_cb_courses.py for tasks to queue
[2026-02-28T12:27:39.917+0000] {logging_mixin.py:188} INFO - [2026-02-28T12:27:39.916+0000] {dagbag.py:545} INFO - Filling up the DagBag from /opt/airflow/dags/load_cb_courses.py
[2026-02-28T12:27:40.281+0000] {processor.py:840} INFO - DAG(s) 'load_cb_courses' retrieved from /opt/airflow/dags/load_cb_courses.py
[2026-02-28T12:27:40.304+0000] {logging_mixin.py:188} INFO - [2026-02-28T12:27:40.303+0000] {dag.py:3089} INFO - Sync 1 DAGs
[2026-02-28T12:27:40.328+0000] {logging_mixin.py:188} INFO - [2026-02-28T12:27:40.328+0000] {dag.py:3947} INFO - Setting next_dagrun for load_cb_courses to 2026-02-28 00:00:00+00:00, run_after=2026-03-01 00:00:00+00:00
[2026-02-28T12:27:40.351+0000] {processor.py:183} INFO - Processing /opt/airflow/dags/load_cb_courses.py took 0.448 seconds
[2026-02-28T12:28:10.874+0000] {processor.py:161} INFO - Started process (PID=12311) to work on /opt/airflow/dags/load_cb_courses.py
[2026-02-28T12:28:10.877+0000] {processor.py:830} INFO - Processing file /opt/airflow/dags/load_cb_courses.py for tasks to queue
[2026-02-28T12:28:10.882+0000] {logging_mixin.py:188} INFO - [2026-02-28T12:28:10.882+0000] {dagbag.py:545} INFO - Filling up the DagBag from /opt/airflow/dags/load_cb_courses.py
[2026-02-28T12:28:11.186+0000] {processor.py:840} INFO - DAG(s) 'load_cb_courses' retrieved from /opt/airflow/dags/load_cb_courses.py
[2026-02-28T12:28:11.207+0000] {logging_mixin.py:188} INFO - [2026-02-28T12:28:11.206+0000] {dag.py:3089} INFO - Sync 1 DAGs
[2026-02-28T12:28:11.228+0000] {logging_mixin.py:188} INFO - [2026-02-28T12:28:11.227+0000] {dag.py:3947} INFO - Setting next_dagrun for load_cb_courses to 2026-02-28 00:00:00+00:00, run_after=2026-03-01 00:00:00+00:00
[2026-02-28T12:28:11.249+0000] {processor.py:183} INFO - Processing /opt/airflow/dags/load_cb_courses.py took 0.388 seconds
[2026-02-28T12:28:41.410+0000] {processor.py:161} INFO - Started process (PID=12342) to work on /opt/airflow/dags/load_cb_courses.py
[2026-02-28T12:28:41.411+0000] {processor.py:830} INFO - Processing file /opt/airflow/dags/load_cb_courses.py for tasks to queue
[2026-02-28T12:28:41.413+0000] {logging_mixin.py:188} INFO - [2026-02-28T12:28:41.413+0000] {dagbag.py:545} INFO - Filling up the DagBag from /opt/airflow/dags/load_cb_courses.py
[2026-02-28T12:28:41.693+0000] {processor.py:840} INFO - DAG(s) 'load_cb_courses' retrieved from /opt/airflow/dags/load_cb_courses.py
[2026-02-28T12:28:41.717+0000] {logging_mixin.py:188} INFO - [2026-02-28T12:28:41.716+0000] {dag.py:3089} INFO - Sync 1 DAGs
[2026-02-28T12:28:41.739+0000] {logging_mixin.py:188} INFO - [2026-02-28T12:28:41.739+0000] {dag.py:3947} INFO - Setting next_dagrun for load_cb_courses to 2026-02-28 00:00:00+00:00, run_after=2026-03-01 00:00:00+00:00
[2026-02-28T12:28:41.761+0000] {processor.py:183} INFO - Processing /opt/airflow/dags/load_cb_courses.py took 0.357 seconds
[2026-02-28T12:29:11.969+0000] {processor.py:161} INFO - Started process (PID=12381) to work on /opt/airflow/dags/load_cb_courses.py
[2026-02-28T12:29:11.970+0000] {processor.py:830} INFO - Processing file /opt/airflow/dags/load_cb_courses.py for tasks to queue
[2026-02-28T12:29:11.972+0000] {logging_mixin.py:188} INFO - [2026-02-28T12:29:11.972+0000] {dagbag.py:545} INFO - Filling up the DagBag from /opt/airflow/dags/load_cb_courses.py
[2026-02-28T12:29:12.316+0000] {processor.py:840} INFO - DAG(s) 'load_cb_courses' retrieved from /opt/airflow/dags/load_cb_courses.py
[2026-02-28T12:29:12.359+0000] {logging_mixin.py:188} INFO - [2026-02-28T12:29:12.359+0000] {dag.py:3089} INFO - Sync 1 DAGs
[2026-02-28T12:29:12.400+0000] {logging_mixin.py:188} INFO - [2026-02-28T12:29:12.399+0000] {dag.py:3947} INFO - Setting next_dagrun for load_cb_courses to 2026-02-28 00:00:00+00:00, run_after=2026-03-01 00:00:00+00:00
[2026-02-28T12:29:12.433+0000] {processor.py:183} INFO - Processing /opt/airflow/dags/load_cb_courses.py took 0.470 seconds
[2026-02-28T12:29:42.947+0000] {processor.py:161} INFO - Started process (PID=12412) to work on /opt/airflow/dags/load_cb_courses.py
[2026-02-28T12:29:42.948+0000] {processor.py:830} INFO - Processing file /opt/airflow/dags/load_cb_courses.py for tasks to queue
[2026-02-28T12:29:42.950+0000] {logging_mixin.py:188} INFO - [2026-02-28T12:29:42.950+0000] {dagbag.py:545} INFO - Filling up the DagBag from /opt/airflow/dags/load_cb_courses.py
[2026-02-28T12:29:43.227+0000] {processor.py:840} INFO - DAG(s) 'load_cb_courses' retrieved from /opt/airflow/dags/load_cb_courses.py
[2026-02-28T12:29:43.249+0000] {logging_mixin.py:188} INFO - [2026-02-28T12:29:43.249+0000] {dag.py:3089} INFO - Sync 1 DAGs
[2026-02-28T12:29:43.272+0000] {logging_mixin.py:188} INFO - [2026-02-28T12:29:43.271+0000] {dag.py:3947} INFO - Setting next_dagrun for load_cb_courses to 2026-02-28 00:00:00+00:00, run_after=2026-03-01 00:00:00+00:00
[2026-02-28T12:29:43.295+0000] {processor.py:183} INFO - Processing /opt/airflow/dags/load_cb_courses.py took 0.353 seconds
[2026-02-28T12:30:13.481+0000] {processor.py:161} INFO - Started process (PID=12450) to work on /opt/airflow/dags/load_cb_courses.py
[2026-02-28T12:30:13.482+0000] {processor.py:830} INFO - Processing file /opt/airflow/dags/load_cb_courses.py for tasks to queue
[2026-02-28T12:30:13.484+0000] {logging_mixin.py:188} INFO - [2026-02-28T12:30:13.484+0000] {dagbag.py:545} INFO - Filling up the DagBag from /opt/airflow/dags/load_cb_courses.py
[2026-02-28T12:30:13.794+0000] {processor.py:840} INFO - DAG(s) 'load_cb_courses' retrieved from /opt/airflow/dags/load_cb_courses.py
[2026-02-28T12:30:13.823+0000] {logging_mixin.py:188} INFO - [2026-02-28T12:30:13.822+0000] {dag.py:3089} INFO - Sync 1 DAGs
[2026-02-28T12:30:13.860+0000] {logging_mixin.py:188} INFO - [2026-02-28T12:30:13.860+0000] {dag.py:3947} INFO - Setting next_dagrun for load_cb_courses to 2026-02-28 00:00:00+00:00, run_after=2026-03-01 00:00:00+00:00
[2026-02-28T12:30:13.889+0000] {processor.py:183} INFO - Processing /opt/airflow/dags/load_cb_courses.py took 0.415 seconds
[2026-02-28T12:30:44.022+0000] {processor.py:161} INFO - Started process (PID=12481) to work on /opt/airflow/dags/load_cb_courses.py
[2026-02-28T12:30:44.023+0000] {processor.py:830} INFO - Processing file /opt/airflow/dags/load_cb_courses.py for tasks to queue
[2026-02-28T12:30:44.025+0000] {logging_mixin.py:188} INFO - [2026-02-28T12:30:44.025+0000] {dagbag.py:545} INFO - Filling up the DagBag from /opt/airflow/dags/load_cb_courses.py
[2026-02-28T12:30:44.311+0000] {processor.py:840} INFO - DAG(s) 'load_cb_courses' retrieved from /opt/airflow/dags/load_cb_courses.py
[2026-02-28T12:30:44.335+0000] {logging_mixin.py:188} INFO - [2026-02-28T12:30:44.335+0000] {dag.py:3089} INFO - Sync 1 DAGs
[2026-02-28T12:30:44.370+0000] {logging_mixin.py:188} INFO - [2026-02-28T12:30:44.370+0000] {dag.py:3947} INFO - Setting next_dagrun for load_cb_courses to 2026-02-28 00:00:00+00:00, run_after=2026-03-01 00:00:00+00:00
[2026-02-28T12:30:44.392+0000] {processor.py:183} INFO - Processing /opt/airflow/dags/load_cb_courses.py took 0.376 seconds
[2026-02-28T12:31:14.544+0000] {processor.py:161} INFO - Started process (PID=12512) to work on /opt/airflow/dags/load_cb_courses.py
[2026-02-28T12:31:14.545+0000] {processor.py:830} INFO - Processing file /opt/airflow/dags/load_cb_courses.py for tasks to queue
[2026-02-28T12:31:14.548+0000] {logging_mixin.py:188} INFO - [2026-02-28T12:31:14.547+0000] {dagbag.py:545} INFO - Filling up the DagBag from /opt/airflow/dags/load_cb_courses.py
[2026-02-28T12:31:14.876+0000] {processor.py:840} INFO - DAG(s) 'load_cb_courses' retrieved from /opt/airflow/dags/load_cb_courses.py
[2026-02-28T12:31:14.902+0000] {logging_mixin.py:188} INFO - [2026-02-28T12:31:14.902+0000] {dag.py:3089} INFO - Sync 1 DAGs
[2026-02-28T12:31:14.929+0000] {logging_mixin.py:188} INFO - [2026-02-28T12:31:14.929+0000] {dag.py:3947} INFO - Setting next_dagrun for load_cb_courses to 2026-02-28 00:00:00+00:00, run_after=2026-03-01 00:00:00+00:00
[2026-02-28T12:31:14.958+0000] {processor.py:183} INFO - Processing /opt/airflow/dags/load_cb_courses.py took 0.421 seconds
[2026-02-28T12:31:45.149+0000] {processor.py:161} INFO - Started process (PID=12550) to work on /opt/airflow/dags/load_cb_courses.py
[2026-02-28T12:31:45.151+0000] {processor.py:830} INFO - Processing file /opt/airflow/dags/load_cb_courses.py for tasks to queue
[2026-02-28T12:31:45.153+0000] {logging_mixin.py:188} INFO - [2026-02-28T12:31:45.152+0000] {dagbag.py:545} INFO - Filling up the DagBag from /opt/airflow/dags/load_cb_courses.py
[2026-02-28T12:31:45.446+0000] {processor.py:840} INFO - DAG(s) 'load_cb_courses' retrieved from /opt/airflow/dags/load_cb_courses.py
[2026-02-28T12:31:45.469+0000] {logging_mixin.py:188} INFO - [2026-02-28T12:31:45.468+0000] {dag.py:3089} INFO - Sync 1 DAGs
[2026-02-28T12:31:45.490+0000] {logging_mixin.py:188} INFO - [2026-02-28T12:31:45.489+0000] {dag.py:3947} INFO - Setting next_dagrun for load_cb_courses to 2026-02-28 00:00:00+00:00, run_after=2026-03-01 00:00:00+00:00
[2026-02-28T12:31:45.510+0000] {processor.py:183} INFO - Processing /opt/airflow/dags/load_cb_courses.py took 0.366 seconds
[2026-02-28T12:32:15.722+0000] {processor.py:161} INFO - Started process (PID=12580) to work on /opt/airflow/dags/load_cb_courses.py
[2026-02-28T12:32:15.723+0000] {processor.py:830} INFO - Processing file /opt/airflow/dags/load_cb_courses.py for tasks to queue
[2026-02-28T12:32:15.725+0000] {logging_mixin.py:188} INFO - [2026-02-28T12:32:15.725+0000] {dagbag.py:545} INFO - Filling up the DagBag from /opt/airflow/dags/load_cb_courses.py
[2026-02-28T12:32:16.033+0000] {processor.py:840} INFO - DAG(s) 'load_cb_courses' retrieved from /opt/airflow/dags/load_cb_courses.py
[2026-02-28T12:32:16.057+0000] {logging_mixin.py:188} INFO - [2026-02-28T12:32:16.056+0000] {dag.py:3089} INFO - Sync 1 DAGs
[2026-02-28T12:32:16.079+0000] {logging_mixin.py:188} INFO - [2026-02-28T12:32:16.078+0000] {dag.py:3947} INFO - Setting next_dagrun for load_cb_courses to 2026-02-28 00:00:00+00:00, run_after=2026-03-01 00:00:00+00:00
[2026-02-28T12:32:16.098+0000] {processor.py:183} INFO - Processing /opt/airflow/dags/load_cb_courses.py took 0.383 seconds
[2026-02-28T12:32:46.222+0000] {processor.py:161} INFO - Started process (PID=12618) to work on /opt/airflow/dags/load_cb_courses.py
[2026-02-28T12:32:46.223+0000] {processor.py:830} INFO - Processing file /opt/airflow/dags/load_cb_courses.py for tasks to queue
[2026-02-28T12:32:46.225+0000] {logging_mixin.py:188} INFO - [2026-02-28T12:32:46.225+0000] {dagbag.py:545} INFO - Filling up the DagBag from /opt/airflow/dags/load_cb_courses.py
[2026-02-28T12:32:46.532+0000] {processor.py:840} INFO - DAG(s) 'load_cb_courses' retrieved from /opt/airflow/dags/load_cb_courses.py
[2026-02-28T12:32:46.565+0000] {logging_mixin.py:188} INFO - [2026-02-28T12:32:46.565+0000] {dag.py:3089} INFO - Sync 1 DAGs
[2026-02-28T12:32:46.593+0000] {logging_mixin.py:188} INFO - [2026-02-28T12:32:46.592+0000] {dag.py:3947} INFO - Setting next_dagrun for load_cb_courses to 2026-02-28 00:00:00+00:00, run_after=2026-03-01 00:00:00+00:00
[2026-02-28T12:32:46.618+0000] {processor.py:183} INFO - Processing /opt/airflow/dags/load_cb_courses.py took 0.402 seconds
[2026-02-28T12:33:16.696+0000] {processor.py:161} INFO - Started process (PID=12649) to work on /opt/airflow/dags/load_cb_courses.py
[2026-02-28T12:33:16.698+0000] {processor.py:830} INFO - Processing file /opt/airflow/dags/load_cb_courses.py for tasks to queue
[2026-02-28T12:33:16.700+0000] {logging_mixin.py:188} INFO - [2026-02-28T12:33:16.700+0000] {dagbag.py:545} INFO - Filling up the DagBag from /opt/airflow/dags/load_cb_courses.py
[2026-02-28T12:33:16.986+0000] {processor.py:840} INFO - DAG(s) 'load_cb_courses' retrieved from /opt/airflow/dags/load_cb_courses.py
[2026-02-28T12:33:17.007+0000] {logging_mixin.py:188} INFO - [2026-02-28T12:33:17.007+0000] {dag.py:3089} INFO - Sync 1 DAGs
[2026-02-28T12:33:17.027+0000] {logging_mixin.py:188} INFO - [2026-02-28T12:33:17.027+0000] {dag.py:3947} INFO - Setting next_dagrun for load_cb_courses to 2026-02-28 00:00:00+00:00, run_after=2026-03-01 00:00:00+00:00
[2026-02-28T12:33:17.050+0000] {processor.py:183} INFO - Processing /opt/airflow/dags/load_cb_courses.py took 0.359 seconds
[2026-02-28T12:33:47.266+0000] {processor.py:161} INFO - Started process (PID=12679) to work on /opt/airflow/dags/load_cb_courses.py
[2026-02-28T12:33:47.268+0000] {processor.py:830} INFO - Processing file /opt/airflow/dags/load_cb_courses.py for tasks to queue
[2026-02-28T12:33:47.270+0000] {logging_mixin.py:188} INFO - [2026-02-28T12:33:47.269+0000] {dagbag.py:545} INFO - Filling up the DagBag from /opt/airflow/dags/load_cb_courses.py
[2026-02-28T12:33:47.593+0000] {processor.py:840} INFO - DAG(s) 'load_cb_courses' retrieved from /opt/airflow/dags/load_cb_courses.py
[2026-02-28T12:33:47.620+0000] {logging_mixin.py:188} INFO - [2026-02-28T12:33:47.619+0000] {dag.py:3089} INFO - Sync 1 DAGs
[2026-02-28T12:33:47.647+0000] {logging_mixin.py:188} INFO - [2026-02-28T12:33:47.646+0000] {dag.py:3947} INFO - Setting next_dagrun for load_cb_courses to 2026-02-28 00:00:00+00:00, run_after=2026-03-01 00:00:00+00:00
[2026-02-28T12:33:47.671+0000] {processor.py:183} INFO - Processing /opt/airflow/dags/load_cb_courses.py took 0.411 seconds
[2026-02-28T12:34:18.146+0000] {processor.py:161} INFO - Started process (PID=12717) to work on /opt/airflow/dags/load_cb_courses.py
[2026-02-28T12:34:18.148+0000] {processor.py:830} INFO - Processing file /opt/airflow/dags/load_cb_courses.py for tasks to queue
[2026-02-28T12:34:18.150+0000] {logging_mixin.py:188} INFO - [2026-02-28T12:34:18.150+0000] {dagbag.py:545} INFO - Filling up the DagBag from /opt/airflow/dags/load_cb_courses.py
[2026-02-28T12:34:18.436+0000] {processor.py:840} INFO - DAG(s) 'load_cb_courses' retrieved from /opt/airflow/dags/load_cb_courses.py
[2026-02-28T12:34:18.459+0000] {logging_mixin.py:188} INFO - [2026-02-28T12:34:18.459+0000] {dag.py:3089} INFO - Sync 1 DAGs
[2026-02-28T12:34:18.479+0000] {logging_mixin.py:188} INFO - [2026-02-28T12:34:18.479+0000] {dag.py:3947} INFO - Setting next_dagrun for load_cb_courses to 2026-02-28 00:00:00+00:00, run_after=2026-03-01 00:00:00+00:00
[2026-02-28T12:34:18.502+0000] {processor.py:183} INFO - Processing /opt/airflow/dags/load_cb_courses.py took 0.362 seconds
[2026-02-28T12:34:48.956+0000] {processor.py:161} INFO - Started process (PID=12748) to work on /opt/airflow/dags/load_cb_courses.py
[2026-02-28T12:34:48.957+0000] {processor.py:830} INFO - Processing file /opt/airflow/dags/load_cb_courses.py for tasks to queue
[2026-02-28T12:34:48.959+0000] {logging_mixin.py:188} INFO - [2026-02-28T12:34:48.958+0000] {dagbag.py:545} INFO - Filling up the DagBag from /opt/airflow/dags/load_cb_courses.py
[2026-02-28T12:34:49.376+0000] {processor.py:840} INFO - DAG(s) 'load_cb_courses' retrieved from /opt/airflow/dags/load_cb_courses.py
[2026-02-28T12:34:49.404+0000] {logging_mixin.py:188} INFO - [2026-02-28T12:34:49.403+0000] {dag.py:3089} INFO - Sync 1 DAGs
[2026-02-28T12:34:49.435+0000] {logging_mixin.py:188} INFO - [2026-02-28T12:34:49.434+0000] {dag.py:3947} INFO - Setting next_dagrun for load_cb_courses to 2026-02-28 00:00:00+00:00, run_after=2026-03-01 00:00:00+00:00
[2026-02-28T12:34:49.465+0000] {processor.py:183} INFO - Processing /opt/airflow/dags/load_cb_courses.py took 0.515 seconds
[2026-02-28T12:35:19.886+0000] {processor.py:161} INFO - Started process (PID=12785) to work on /opt/airflow/dags/load_cb_courses.py
[2026-02-28T12:35:19.887+0000] {processor.py:830} INFO - Processing file /opt/airflow/dags/load_cb_courses.py for tasks to queue
[2026-02-28T12:35:19.890+0000] {logging_mixin.py:188} INFO - [2026-02-28T12:35:19.889+0000] {dagbag.py:545} INFO - Filling up the DagBag from /opt/airflow/dags/load_cb_courses.py
[2026-02-28T12:35:20.191+0000] {processor.py:840} INFO - DAG(s) 'load_cb_courses' retrieved from /opt/airflow/dags/load_cb_courses.py
[2026-02-28T12:35:20.214+0000] {logging_mixin.py:188} INFO - [2026-02-28T12:35:20.214+0000] {dag.py:3089} INFO - Sync 1 DAGs
[2026-02-28T12:35:20.236+0000] {logging_mixin.py:188} INFO - [2026-02-28T12:35:20.236+0000] {dag.py:3947} INFO - Setting next_dagrun for load_cb_courses to 2026-02-28 00:00:00+00:00, run_after=2026-03-01 00:00:00+00:00
[2026-02-28T12:35:20.260+0000] {processor.py:183} INFO - Processing /opt/airflow/dags/load_cb_courses.py took 0.380 seconds
[2026-02-28T12:35:50.844+0000] {processor.py:161} INFO - Started process (PID=12816) to work on /opt/airflow/dags/load_cb_courses.py
[2026-02-28T12:35:50.846+0000] {processor.py:830} INFO - Processing file /opt/airflow/dags/load_cb_courses.py for tasks to queue
[2026-02-28T12:35:50.850+0000] {logging_mixin.py:188} INFO - [2026-02-28T12:35:50.849+0000] {dagbag.py:545} INFO - Filling up the DagBag from /opt/airflow/dags/load_cb_courses.py
[2026-02-28T12:35:51.209+0000] {processor.py:840} INFO - DAG(s) 'load_cb_courses' retrieved from /opt/airflow/dags/load_cb_courses.py
[2026-02-28T12:35:51.229+0000] {logging_mixin.py:188} INFO - [2026-02-28T12:35:51.229+0000] {dag.py:3089} INFO - Sync 1 DAGs
[2026-02-28T12:35:51.251+0000] {logging_mixin.py:188} INFO - [2026-02-28T12:35:51.251+0000] {dag.py:3947} INFO - Setting next_dagrun for load_cb_courses to 2026-02-28 00:00:00+00:00, run_after=2026-03-01 00:00:00+00:00
[2026-02-28T12:35:51.269+0000] {processor.py:183} INFO - Processing /opt/airflow/dags/load_cb_courses.py took 0.432 seconds
[2026-02-28T12:36:21.358+0000] {processor.py:161} INFO - Started process (PID=12848) to work on /opt/airflow/dags/load_cb_courses.py
[2026-02-28T12:36:21.360+0000] {processor.py:830} INFO - Processing file /opt/airflow/dags/load_cb_courses.py for tasks to queue
[2026-02-28T12:36:21.363+0000] {logging_mixin.py:188} INFO - [2026-02-28T12:36:21.362+0000] {dagbag.py:545} INFO - Filling up the DagBag from /opt/airflow/dags/load_cb_courses.py
[2026-02-28T12:36:21.645+0000] {processor.py:840} INFO - DAG(s) 'load_cb_courses' retrieved from /opt/airflow/dags/load_cb_courses.py
[2026-02-28T12:36:21.666+0000] {logging_mixin.py:188} INFO - [2026-02-28T12:36:21.665+0000] {dag.py:3089} INFO - Sync 1 DAGs
[2026-02-28T12:36:21.689+0000] {logging_mixin.py:188} INFO - [2026-02-28T12:36:21.688+0000] {dag.py:3947} INFO - Setting next_dagrun for load_cb_courses to 2026-02-28 00:00:00+00:00, run_after=2026-03-01 00:00:00+00:00
[2026-02-28T12:36:21.710+0000] {processor.py:183} INFO - Processing /opt/airflow/dags/load_cb_courses.py took 0.360 seconds
[2026-02-28T12:36:51.957+0000] {processor.py:161} INFO - Started process (PID=12887) to work on /opt/airflow/dags/load_cb_courses.py
[2026-02-28T12:36:51.958+0000] {processor.py:830} INFO - Processing file /opt/airflow/dags/load_cb_courses.py for tasks to queue
[2026-02-28T12:36:51.960+0000] {logging_mixin.py:188} INFO - [2026-02-28T12:36:51.959+0000] {dagbag.py:545} INFO - Filling up the DagBag from /opt/airflow/dags/load_cb_courses.py
[2026-02-28T12:36:52.233+0000] {processor.py:840} INFO - DAG(s) 'load_cb_courses' retrieved from /opt/airflow/dags/load_cb_courses.py
[2026-02-28T12:36:52.254+0000] {logging_mixin.py:188} INFO - [2026-02-28T12:36:52.254+0000] {dag.py:3089} INFO - Sync 1 DAGs
[2026-02-28T12:36:52.275+0000] {logging_mixin.py:188} INFO - [2026-02-28T12:36:52.275+0000] {dag.py:3947} INFO - Setting next_dagrun for load_cb_courses to 2026-02-28 00:00:00+00:00, run_after=2026-03-01 00:00:00+00:00
[2026-02-28T12:36:52.296+0000] {processor.py:183} INFO - Processing /opt/airflow/dags/load_cb_courses.py took 0.346 seconds
[2026-02-28T12:37:22.541+0000] {processor.py:161} INFO - Started process (PID=12918) to work on /opt/airflow/dags/load_cb_courses.py
[2026-02-28T12:37:22.542+0000] {processor.py:830} INFO - Processing file /opt/airflow/dags/load_cb_courses.py for tasks to queue
[2026-02-28T12:37:22.546+0000] {logging_mixin.py:188} INFO - [2026-02-28T12:37:22.545+0000] {dagbag.py:545} INFO - Filling up the DagBag from /opt/airflow/dags/load_cb_courses.py
[2026-02-28T12:37:23.067+0000] {processor.py:840} INFO - DAG(s) 'load_cb_courses' retrieved from /opt/airflow/dags/load_cb_courses.py
[2026-02-28T12:37:23.093+0000] {logging_mixin.py:188} INFO - [2026-02-28T12:37:23.092+0000] {dag.py:3089} INFO - Sync 1 DAGs
[2026-02-28T12:37:23.117+0000] {logging_mixin.py:188} INFO - [2026-02-28T12:37:23.117+0000] {dag.py:3947} INFO - Setting next_dagrun for load_cb_courses to 2026-02-28 00:00:00+00:00, run_after=2026-03-01 00:00:00+00:00
[2026-02-28T12:37:23.165+0000] {processor.py:183} INFO - Processing /opt/airflow/dags/load_cb_courses.py took 0.643 seconds
[2026-02-28T12:37:53.720+0000] {processor.py:161} INFO - Started process (PID=12956) to work on /opt/airflow/dags/load_cb_courses.py
[2026-02-28T12:37:53.722+0000] {processor.py:830} INFO - Processing file /opt/airflow/dags/load_cb_courses.py for tasks to queue
[2026-02-28T12:37:53.725+0000] {logging_mixin.py:188} INFO - [2026-02-28T12:37:53.725+0000] {dagbag.py:545} INFO - Filling up the DagBag from /opt/airflow/dags/load_cb_courses.py
[2026-02-28T12:37:54.031+0000] {processor.py:840} INFO - DAG(s) 'load_cb_courses' retrieved from /opt/airflow/dags/load_cb_courses.py
[2026-02-28T12:37:54.058+0000] {logging_mixin.py:188} INFO - [2026-02-28T12:37:54.058+0000] {dag.py:3089} INFO - Sync 1 DAGs
[2026-02-28T12:37:54.085+0000] {logging_mixin.py:188} INFO - [2026-02-28T12:37:54.085+0000] {dag.py:3947} INFO - Setting next_dagrun for load_cb_courses to 2026-02-28 00:00:00+00:00, run_after=2026-03-01 00:00:00+00:00
[2026-02-28T12:37:54.108+0000] {processor.py:183} INFO - Processing /opt/airflow/dags/load_cb_courses.py took 0.397 seconds
[2026-02-28T12:38:24.604+0000] {processor.py:161} INFO - Started process (PID=12987) to work on /opt/airflow/dags/load_cb_courses.py
[2026-02-28T12:38:24.605+0000] {processor.py:830} INFO - Processing file /opt/airflow/dags/load_cb_courses.py for tasks to queue
[2026-02-28T12:38:24.607+0000] {logging_mixin.py:188} INFO - [2026-02-28T12:38:24.607+0000] {dagbag.py:545} INFO - Filling up the DagBag from /opt/airflow/dags/load_cb_courses.py
[2026-02-28T12:38:24.922+0000] {processor.py:840} INFO - DAG(s) 'load_cb_courses' retrieved from /opt/airflow/dags/load_cb_courses.py
[2026-02-28T12:38:24.948+0000] {logging_mixin.py:188} INFO - [2026-02-28T12:38:24.948+0000] {dag.py:3089} INFO - Sync 1 DAGs
[2026-02-28T12:38:24.973+0000] {logging_mixin.py:188} INFO - [2026-02-28T12:38:24.972+0000] {dag.py:3947} INFO - Setting next_dagrun for load_cb_courses to 2026-02-28 00:00:00+00:00, run_after=2026-03-01 00:00:00+00:00
[2026-02-28T12:38:24.997+0000] {processor.py:183} INFO - Processing /opt/airflow/dags/load_cb_courses.py took 0.399 seconds
[2026-02-28T12:38:55.504+0000] {processor.py:161} INFO - Started process (PID=13018) to work on /opt/airflow/dags/load_cb_courses.py
[2026-02-28T12:38:55.505+0000] {processor.py:830} INFO - Processing file /opt/airflow/dags/load_cb_courses.py for tasks to queue
[2026-02-28T12:38:55.508+0000] {logging_mixin.py:188} INFO - [2026-02-28T12:38:55.507+0000] {dagbag.py:545} INFO - Filling up the DagBag from /opt/airflow/dags/load_cb_courses.py
[2026-02-28T12:38:55.855+0000] {processor.py:840} INFO - DAG(s) 'load_cb_courses' retrieved from /opt/airflow/dags/load_cb_courses.py
[2026-02-28T12:38:55.877+0000] {logging_mixin.py:188} INFO - [2026-02-28T12:38:55.876+0000] {dag.py:3089} INFO - Sync 1 DAGs
[2026-02-28T12:38:55.900+0000] {logging_mixin.py:188} INFO - [2026-02-28T12:38:55.900+0000] {dag.py:3947} INFO - Setting next_dagrun for load_cb_courses to 2026-02-28 00:00:00+00:00, run_after=2026-03-01 00:00:00+00:00
[2026-02-28T12:38:55.920+0000] {processor.py:183} INFO - Processing /opt/airflow/dags/load_cb_courses.py took 0.421 seconds
[2026-02-28T12:39:26.064+0000] {processor.py:161} INFO - Started process (PID=13056) to work on /opt/airflow/dags/load_cb_courses.py
[2026-02-28T12:39:26.065+0000] {processor.py:830} INFO - Processing file /opt/airflow/dags/load_cb_courses.py for tasks to queue
[2026-02-28T12:39:26.067+0000] {logging_mixin.py:188} INFO - [2026-02-28T12:39:26.067+0000] {dagbag.py:545} INFO - Filling up the DagBag from /opt/airflow/dags/load_cb_courses.py
[2026-02-28T12:39:26.343+0000] {processor.py:840} INFO - DAG(s) 'load_cb_courses' retrieved from /opt/airflow/dags/load_cb_courses.py
[2026-02-28T12:39:26.363+0000] {logging_mixin.py:188} INFO - [2026-02-28T12:39:26.362+0000] {dag.py:3089} INFO - Sync 1 DAGs
[2026-02-28T12:39:26.383+0000] {logging_mixin.py:188} INFO - [2026-02-28T12:39:26.383+0000] {dag.py:3947} INFO - Setting next_dagrun for load_cb_courses to 2026-02-28 00:00:00+00:00, run_after=2026-03-01 00:00:00+00:00
[2026-02-28T12:39:26.402+0000] {processor.py:183} INFO - Processing /opt/airflow/dags/load_cb_courses.py took 0.345 seconds
[2026-02-28T12:39:56.567+0000] {processor.py:161} INFO - Started process (PID=13088) to work on /opt/airflow/dags/load_cb_courses.py
[2026-02-28T12:39:56.568+0000] {processor.py:830} INFO - Processing file /opt/airflow/dags/load_cb_courses.py for tasks to queue
[2026-02-28T12:39:56.570+0000] {logging_mixin.py:188} INFO - [2026-02-28T12:39:56.569+0000] {dagbag.py:545} INFO - Filling up the DagBag from /opt/airflow/dags/load_cb_courses.py
[2026-02-28T12:39:56.850+0000] {processor.py:840} INFO - DAG(s) 'load_cb_courses' retrieved from /opt/airflow/dags/load_cb_courses.py
[2026-02-28T12:39:56.872+0000] {logging_mixin.py:188} INFO - [2026-02-28T12:39:56.871+0000] {dag.py:3089} INFO - Sync 1 DAGs
[2026-02-28T12:39:56.894+0000] {logging_mixin.py:188} INFO - [2026-02-28T12:39:56.894+0000] {dag.py:3947} INFO - Setting next_dagrun for load_cb_courses to 2026-02-28 00:00:00+00:00, run_after=2026-03-01 00:00:00+00:00
[2026-02-28T12:39:56.914+0000] {processor.py:183} INFO - Processing /opt/airflow/dags/load_cb_courses.py took 0.355 seconds
[2026-02-28T12:40:27.364+0000] {processor.py:161} INFO - Started process (PID=13126) to work on /opt/airflow/dags/load_cb_courses.py
[2026-02-28T12:40:27.366+0000] {processor.py:830} INFO - Processing file /opt/airflow/dags/load_cb_courses.py for tasks to queue
[2026-02-28T12:40:27.368+0000] {logging_mixin.py:188} INFO - [2026-02-28T12:40:27.368+0000] {dagbag.py:545} INFO - Filling up the DagBag from /opt/airflow/dags/load_cb_courses.py
[2026-02-28T12:40:27.716+0000] {processor.py:840} INFO - DAG(s) 'load_cb_courses' retrieved from /opt/airflow/dags/load_cb_courses.py
[2026-02-28T12:40:27.742+0000] {logging_mixin.py:188} INFO - [2026-02-28T12:40:27.741+0000] {dag.py:3089} INFO - Sync 1 DAGs
[2026-02-28T12:40:27.766+0000] {logging_mixin.py:188} INFO - [2026-02-28T12:40:27.766+0000] {dag.py:3947} INFO - Setting next_dagrun for load_cb_courses to 2026-02-28 00:00:00+00:00, run_after=2026-03-01 00:00:00+00:00
[2026-02-28T12:40:27.785+0000] {processor.py:183} INFO - Processing /opt/airflow/dags/load_cb_courses.py took 0.429 seconds
[2026-02-28T12:40:58.254+0000] {processor.py:161} INFO - Started process (PID=13157) to work on /opt/airflow/dags/load_cb_courses.py
[2026-02-28T12:40:58.255+0000] {processor.py:830} INFO - Processing file /opt/airflow/dags/load_cb_courses.py for tasks to queue
[2026-02-28T12:40:58.258+0000] {logging_mixin.py:188} INFO - [2026-02-28T12:40:58.257+0000] {dagbag.py:545} INFO - Filling up the DagBag from /opt/airflow/dags/load_cb_courses.py
[2026-02-28T12:40:58.582+0000] {processor.py:840} INFO - DAG(s) 'load_cb_courses' retrieved from /opt/airflow/dags/load_cb_courses.py
[2026-02-28T12:40:58.608+0000] {logging_mixin.py:188} INFO - [2026-02-28T12:40:58.608+0000] {dag.py:3089} INFO - Sync 1 DAGs
[2026-02-28T12:40:58.632+0000] {logging_mixin.py:188} INFO - [2026-02-28T12:40:58.631+0000] {dag.py:3947} INFO - Setting next_dagrun for load_cb_courses to 2026-02-28 00:00:00+00:00, run_after=2026-03-01 00:00:00+00:00
[2026-02-28T12:40:58.653+0000] {processor.py:183} INFO - Processing /opt/airflow/dags/load_cb_courses.py took 0.406 seconds
[2026-02-28T12:41:29.114+0000] {processor.py:161} INFO - Started process (PID=13195) to work on /opt/airflow/dags/load_cb_courses.py
[2026-02-28T12:41:29.116+0000] {processor.py:830} INFO - Processing file /opt/airflow/dags/load_cb_courses.py for tasks to queue
[2026-02-28T12:41:29.118+0000] {logging_mixin.py:188} INFO - [2026-02-28T12:41:29.118+0000] {dagbag.py:545} INFO - Filling up the DagBag from /opt/airflow/dags/load_cb_courses.py
[2026-02-28T12:41:29.426+0000] {processor.py:840} INFO - DAG(s) 'load_cb_courses' retrieved from /opt/airflow/dags/load_cb_courses.py
[2026-02-28T12:41:29.455+0000] {logging_mixin.py:188} INFO - [2026-02-28T12:41:29.455+0000] {dag.py:3089} INFO - Sync 1 DAGs
[2026-02-28T12:41:29.478+0000] {logging_mixin.py:188} INFO - [2026-02-28T12:41:29.477+0000] {dag.py:3947} INFO - Setting next_dagrun for load_cb_courses to 2026-02-28 00:00:00+00:00, run_after=2026-03-01 00:00:00+00:00
[2026-02-28T12:41:29.502+0000] {processor.py:183} INFO - Processing /opt/airflow/dags/load_cb_courses.py took 0.395 seconds
[2026-02-28T12:41:59.582+0000] {processor.py:161} INFO - Started process (PID=13226) to work on /opt/airflow/dags/load_cb_courses.py
[2026-02-28T12:41:59.584+0000] {processor.py:830} INFO - Processing file /opt/airflow/dags/load_cb_courses.py for tasks to queue
[2026-02-28T12:41:59.587+0000] {logging_mixin.py:188} INFO - [2026-02-28T12:41:59.586+0000] {dagbag.py:545} INFO - Filling up the DagBag from /opt/airflow/dags/load_cb_courses.py
[2026-02-28T12:41:59.889+0000] {processor.py:840} INFO - DAG(s) 'load_cb_courses' retrieved from /opt/airflow/dags/load_cb_courses.py
[2026-02-28T12:41:59.913+0000] {logging_mixin.py:188} INFO - [2026-02-28T12:41:59.913+0000] {dag.py:3089} INFO - Sync 1 DAGs
[2026-02-28T12:41:59.938+0000] {logging_mixin.py:188} INFO - [2026-02-28T12:41:59.938+0000] {dag.py:3947} INFO - Setting next_dagrun for load_cb_courses to 2026-02-28 00:00:00+00:00, run_after=2026-03-01 00:00:00+00:00
[2026-02-28T12:41:59.963+0000] {processor.py:183} INFO - Processing /opt/airflow/dags/load_cb_courses.py took 0.386 seconds
[2026-02-28T12:42:30.399+0000] {processor.py:161} INFO - Started process (PID=13259) to work on /opt/airflow/dags/load_cb_courses.py
[2026-02-28T12:42:30.400+0000] {processor.py:830} INFO - Processing file /opt/airflow/dags/load_cb_courses.py for tasks to queue
[2026-02-28T12:42:30.402+0000] {logging_mixin.py:188} INFO - [2026-02-28T12:42:30.401+0000] {dagbag.py:545} INFO - Filling up the DagBag from /opt/airflow/dags/load_cb_courses.py
[2026-02-28T12:42:30.677+0000] {processor.py:840} INFO - DAG(s) 'load_cb_courses' retrieved from /opt/airflow/dags/load_cb_courses.py
[2026-02-28T12:42:30.696+0000] {logging_mixin.py:188} INFO - [2026-02-28T12:42:30.696+0000] {dag.py:3089} INFO - Sync 1 DAGs
[2026-02-28T12:42:30.718+0000] {logging_mixin.py:188} INFO - [2026-02-28T12:42:30.718+0000] {dag.py:3947} INFO - Setting next_dagrun for load_cb_courses to 2026-02-28 00:00:00+00:00, run_after=2026-03-01 00:00:00+00:00
[2026-02-28T12:42:30.736+0000] {processor.py:183} INFO - Processing /opt/airflow/dags/load_cb_courses.py took 0.343 seconds
[2026-02-28T12:43:00.978+0000] {processor.py:161} INFO - Started process (PID=13296) to work on /opt/airflow/dags/load_cb_courses.py
[2026-02-28T12:43:00.979+0000] {processor.py:830} INFO - Processing file /opt/airflow/dags/load_cb_courses.py for tasks to queue
[2026-02-28T12:43:00.980+0000] {logging_mixin.py:188} INFO - [2026-02-28T12:43:00.980+0000] {dagbag.py:545} INFO - Filling up the DagBag from /opt/airflow/dags/load_cb_courses.py
[2026-02-28T12:43:01.258+0000] {processor.py:840} INFO - DAG(s) 'load_cb_courses' retrieved from /opt/airflow/dags/load_cb_courses.py
[2026-02-28T12:43:01.278+0000] {logging_mixin.py:188} INFO - [2026-02-28T12:43:01.277+0000] {dag.py:3089} INFO - Sync 1 DAGs
[2026-02-28T12:43:01.298+0000] {logging_mixin.py:188} INFO - [2026-02-28T12:43:01.297+0000] {dag.py:3947} INFO - Setting next_dagrun for load_cb_courses to 2026-02-28 00:00:00+00:00, run_after=2026-03-01 00:00:00+00:00
[2026-02-28T12:43:01.319+0000] {processor.py:183} INFO - Processing /opt/airflow/dags/load_cb_courses.py took 0.347 seconds
[2026-02-28T12:43:31.452+0000] {processor.py:161} INFO - Started process (PID=13327) to work on /opt/airflow/dags/load_cb_courses.py
[2026-02-28T12:43:31.453+0000] {processor.py:830} INFO - Processing file /opt/airflow/dags/load_cb_courses.py for tasks to queue
[2026-02-28T12:43:31.456+0000] {logging_mixin.py:188} INFO - [2026-02-28T12:43:31.455+0000] {dagbag.py:545} INFO - Filling up the DagBag from /opt/airflow/dags/load_cb_courses.py
[2026-02-28T12:43:31.747+0000] {processor.py:840} INFO - DAG(s) 'load_cb_courses' retrieved from /opt/airflow/dags/load_cb_courses.py
[2026-02-28T12:43:31.772+0000] {logging_mixin.py:188} INFO - [2026-02-28T12:43:31.772+0000] {dag.py:3089} INFO - Sync 1 DAGs
[2026-02-28T12:43:31.805+0000] {logging_mixin.py:188} INFO - [2026-02-28T12:43:31.804+0000] {dag.py:3947} INFO - Setting next_dagrun for load_cb_courses to 2026-02-28 00:00:00+00:00, run_after=2026-03-01 00:00:00+00:00
[2026-02-28T12:43:31.826+0000] {processor.py:183} INFO - Processing /opt/airflow/dags/load_cb_courses.py took 0.380 seconds
[2026-02-28T12:44:02.254+0000] {processor.py:161} INFO - Started process (PID=13364) to work on /opt/airflow/dags/load_cb_courses.py
[2026-02-28T12:44:02.255+0000] {processor.py:830} INFO - Processing file /opt/airflow/dags/load_cb_courses.py for tasks to queue
[2026-02-28T12:44:02.257+0000] {logging_mixin.py:188} INFO - [2026-02-28T12:44:02.257+0000] {dagbag.py:545} INFO - Filling up the DagBag from /opt/airflow/dags/load_cb_courses.py
[2026-02-28T12:44:02.559+0000] {processor.py:840} INFO - DAG(s) 'load_cb_courses' retrieved from /opt/airflow/dags/load_cb_courses.py
[2026-02-28T12:44:02.599+0000] {logging_mixin.py:188} INFO - [2026-02-28T12:44:02.598+0000] {dag.py:3089} INFO - Sync 1 DAGs
[2026-02-28T12:44:02.624+0000] {logging_mixin.py:188} INFO - [2026-02-28T12:44:02.623+0000] {dag.py:3947} INFO - Setting next_dagrun for load_cb_courses to 2026-02-28 00:00:00+00:00, run_after=2026-03-01 00:00:00+00:00
[2026-02-28T12:44:02.652+0000] {processor.py:183} INFO - Processing /opt/airflow/dags/load_cb_courses.py took 0.405 seconds
[2026-02-28T12:44:33.077+0000] {processor.py:161} INFO - Started process (PID=13395) to work on /opt/airflow/dags/load_cb_courses.py
[2026-02-28T12:44:33.079+0000] {processor.py:830} INFO - Processing file /opt/airflow/dags/load_cb_courses.py for tasks to queue
[2026-02-28T12:44:33.085+0000] {logging_mixin.py:188} INFO - [2026-02-28T12:44:33.083+0000] {dagbag.py:545} INFO - Filling up the DagBag from /opt/airflow/dags/load_cb_courses.py
[2026-02-28T12:44:33.385+0000] {processor.py:840} INFO - DAG(s) 'load_cb_courses' retrieved from /opt/airflow/dags/load_cb_courses.py
[2026-02-28T12:44:33.406+0000] {logging_mixin.py:188} INFO - [2026-02-28T12:44:33.406+0000] {dag.py:3089} INFO - Sync 1 DAGs
[2026-02-28T12:44:33.428+0000] {logging_mixin.py:188} INFO - [2026-02-28T12:44:33.428+0000] {dag.py:3947} INFO - Setting next_dagrun for load_cb_courses to 2026-02-28 00:00:00+00:00, run_after=2026-03-01 00:00:00+00:00
[2026-02-28T12:44:33.448+0000] {processor.py:183} INFO - Processing /opt/airflow/dags/load_cb_courses.py took 0.379 seconds
[2026-02-28T12:45:03.918+0000] {processor.py:161} INFO - Started process (PID=13426) to work on /opt/airflow/dags/load_cb_courses.py
[2026-02-28T12:45:03.920+0000] {processor.py:830} INFO - Processing file /opt/airflow/dags/load_cb_courses.py for tasks to queue
[2026-02-28T12:45:03.922+0000] {logging_mixin.py:188} INFO - [2026-02-28T12:45:03.921+0000] {dagbag.py:545} INFO - Filling up the DagBag from /opt/airflow/dags/load_cb_courses.py
[2026-02-28T12:45:04.257+0000] {processor.py:840} INFO - DAG(s) 'load_cb_courses' retrieved from /opt/airflow/dags/load_cb_courses.py
[2026-02-28T12:45:04.282+0000] {logging_mixin.py:188} INFO - [2026-02-28T12:45:04.282+0000] {dag.py:3089} INFO - Sync 1 DAGs
[2026-02-28T12:45:04.307+0000] {logging_mixin.py:188} INFO - [2026-02-28T12:45:04.307+0000] {dag.py:3947} INFO - Setting next_dagrun for load_cb_courses to 2026-02-28 00:00:00+00:00, run_after=2026-03-01 00:00:00+00:00
[2026-02-28T12:45:04.333+0000] {processor.py:183} INFO - Processing /opt/airflow/dags/load_cb_courses.py took 0.423 seconds
[2026-02-28T12:45:34.426+0000] {processor.py:161} INFO - Started process (PID=13465) to work on /opt/airflow/dags/load_cb_courses.py
[2026-02-28T12:45:34.427+0000] {processor.py:830} INFO - Processing file /opt/airflow/dags/load_cb_courses.py for tasks to queue
[2026-02-28T12:45:34.430+0000] {logging_mixin.py:188} INFO - [2026-02-28T12:45:34.429+0000] {dagbag.py:545} INFO - Filling up the DagBag from /opt/airflow/dags/load_cb_courses.py
[2026-02-28T12:45:34.885+0000] {processor.py:840} INFO - DAG(s) 'load_cb_courses' retrieved from /opt/airflow/dags/load_cb_courses.py
[2026-02-28T12:45:34.916+0000] {logging_mixin.py:188} INFO - [2026-02-28T12:45:34.916+0000] {dag.py:3089} INFO - Sync 1 DAGs
[2026-02-28T12:45:34.944+0000] {logging_mixin.py:188} INFO - [2026-02-28T12:45:34.943+0000] {dag.py:3947} INFO - Setting next_dagrun for load_cb_courses to 2026-02-28 00:00:00+00:00, run_after=2026-03-01 00:00:00+00:00
[2026-02-28T12:45:34.969+0000] {processor.py:183} INFO - Processing /opt/airflow/dags/load_cb_courses.py took 0.550 seconds
[2026-02-28T12:46:05.477+0000] {processor.py:161} INFO - Started process (PID=13496) to work on /opt/airflow/dags/load_cb_courses.py
[2026-02-28T12:46:05.479+0000] {processor.py:830} INFO - Processing file /opt/airflow/dags/load_cb_courses.py for tasks to queue
[2026-02-28T12:46:05.483+0000] {logging_mixin.py:188} INFO - [2026-02-28T12:46:05.482+0000] {dagbag.py:545} INFO - Filling up the DagBag from /opt/airflow/dags/load_cb_courses.py
[2026-02-28T12:46:05.845+0000] {processor.py:840} INFO - DAG(s) 'load_cb_courses' retrieved from /opt/airflow/dags/load_cb_courses.py
[2026-02-28T12:46:05.869+0000] {logging_mixin.py:188} INFO - [2026-02-28T12:46:05.869+0000] {dag.py:3089} INFO - Sync 1 DAGs
[2026-02-28T12:46:05.894+0000] {logging_mixin.py:188} INFO - [2026-02-28T12:46:05.894+0000] {dag.py:3947} INFO - Setting next_dagrun for load_cb_courses to 2026-02-28 00:00:00+00:00, run_after=2026-03-01 00:00:00+00:00
[2026-02-28T12:46:05.922+0000] {processor.py:183} INFO - Processing /opt/airflow/dags/load_cb_courses.py took 0.461 seconds
[2026-02-28T12:46:36.052+0000] {processor.py:161} INFO - Started process (PID=13534) to work on /opt/airflow/dags/load_cb_courses.py
[2026-02-28T12:46:36.053+0000] {processor.py:830} INFO - Processing file /opt/airflow/dags/load_cb_courses.py for tasks to queue
[2026-02-28T12:46:36.056+0000] {logging_mixin.py:188} INFO - [2026-02-28T12:46:36.055+0000] {dagbag.py:545} INFO - Filling up the DagBag from /opt/airflow/dags/load_cb_courses.py
[2026-02-28T12:46:36.363+0000] {processor.py:840} INFO - DAG(s) 'load_cb_courses' retrieved from /opt/airflow/dags/load_cb_courses.py
[2026-02-28T12:46:36.390+0000] {logging_mixin.py:188} INFO - [2026-02-28T12:46:36.390+0000] {dag.py:3089} INFO - Sync 1 DAGs
[2026-02-28T12:46:36.413+0000] {logging_mixin.py:188} INFO - [2026-02-28T12:46:36.412+0000] {dag.py:3947} INFO - Setting next_dagrun for load_cb_courses to 2026-02-28 00:00:00+00:00, run_after=2026-03-01 00:00:00+00:00
[2026-02-28T12:46:36.432+0000] {processor.py:183} INFO - Processing /opt/airflow/dags/load_cb_courses.py took 0.386 seconds
[2026-02-28T12:47:06.962+0000] {processor.py:161} INFO - Started process (PID=13566) to work on /opt/airflow/dags/load_cb_courses.py
[2026-02-28T12:47:06.964+0000] {processor.py:830} INFO - Processing file /opt/airflow/dags/load_cb_courses.py for tasks to queue
[2026-02-28T12:47:06.966+0000] {logging_mixin.py:188} INFO - [2026-02-28T12:47:06.965+0000] {dagbag.py:545} INFO - Filling up the DagBag from /opt/airflow/dags/load_cb_courses.py
[2026-02-28T12:47:07.349+0000] {processor.py:840} INFO - DAG(s) 'load_cb_courses' retrieved from /opt/airflow/dags/load_cb_courses.py
[2026-02-28T12:47:07.381+0000] {logging_mixin.py:188} INFO - [2026-02-28T12:47:07.381+0000] {dag.py:3089} INFO - Sync 1 DAGs
[2026-02-28T12:47:07.408+0000] {logging_mixin.py:188} INFO - [2026-02-28T12:47:07.408+0000] {dag.py:3947} INFO - Setting next_dagrun for load_cb_courses to 2026-02-28 00:00:00+00:00, run_after=2026-03-01 00:00:00+00:00
[2026-02-28T12:47:07.436+0000] {processor.py:183} INFO - Processing /opt/airflow/dags/load_cb_courses.py took 0.481 seconds
[2026-02-28T12:47:37.550+0000] {processor.py:161} INFO - Started process (PID=13598) to work on /opt/airflow/dags/load_cb_courses.py
[2026-02-28T12:47:37.551+0000] {processor.py:830} INFO - Processing file /opt/airflow/dags/load_cb_courses.py for tasks to queue
[2026-02-28T12:47:37.554+0000] {logging_mixin.py:188} INFO - [2026-02-28T12:47:37.554+0000] {dagbag.py:545} INFO - Filling up the DagBag from /opt/airflow/dags/load_cb_courses.py
[2026-02-28T12:47:37.862+0000] {processor.py:840} INFO - DAG(s) 'load_cb_courses' retrieved from /opt/airflow/dags/load_cb_courses.py
[2026-02-28T12:47:37.885+0000] {logging_mixin.py:188} INFO - [2026-02-28T12:47:37.885+0000] {dag.py:3089} INFO - Sync 1 DAGs
[2026-02-28T12:47:37.908+0000] {logging_mixin.py:188} INFO - [2026-02-28T12:47:37.907+0000] {dag.py:3947} INFO - Setting next_dagrun for load_cb_courses to 2026-02-28 00:00:00+00:00, run_after=2026-03-01 00:00:00+00:00
[2026-02-28T12:47:37.929+0000] {processor.py:183} INFO - Processing /opt/airflow/dags/load_cb_courses.py took 0.385 seconds
[2026-02-28T12:48:08.511+0000] {processor.py:161} INFO - Started process (PID=13636) to work on /opt/airflow/dags/load_cb_courses.py
[2026-02-28T12:48:08.513+0000] {processor.py:830} INFO - Processing file /opt/airflow/dags/load_cb_courses.py for tasks to queue
[2026-02-28T12:48:08.515+0000] {logging_mixin.py:188} INFO - [2026-02-28T12:48:08.515+0000] {dagbag.py:545} INFO - Filling up the DagBag from /opt/airflow/dags/load_cb_courses.py
[2026-02-28T12:48:08.976+0000] {processor.py:840} INFO - DAG(s) 'load_cb_courses' retrieved from /opt/airflow/dags/load_cb_courses.py
[2026-02-28T12:48:09.005+0000] {logging_mixin.py:188} INFO - [2026-02-28T12:48:09.005+0000] {dag.py:3089} INFO - Sync 1 DAGs
[2026-02-28T12:48:09.029+0000] {logging_mixin.py:188} INFO - [2026-02-28T12:48:09.029+0000] {dag.py:3947} INFO - Setting next_dagrun for load_cb_courses to 2026-02-28 00:00:00+00:00, run_after=2026-03-01 00:00:00+00:00
[2026-02-28T12:48:09.057+0000] {processor.py:183} INFO - Processing /opt/airflow/dags/load_cb_courses.py took 0.474 seconds
[2026-02-28T12:48:39.769+0000] {processor.py:161} INFO - Started process (PID=13668) to work on /opt/airflow/dags/load_cb_courses.py
[2026-02-28T12:48:39.771+0000] {processor.py:830} INFO - Processing file /opt/airflow/dags/load_cb_courses.py for tasks to queue
[2026-02-28T12:48:39.773+0000] {logging_mixin.py:188} INFO - [2026-02-28T12:48:39.773+0000] {dagbag.py:545} INFO - Filling up the DagBag from /opt/airflow/dags/load_cb_courses.py
[2026-02-28T12:48:40.321+0000] {processor.py:840} INFO - DAG(s) 'load_cb_courses' retrieved from /opt/airflow/dags/load_cb_courses.py
[2026-02-28T12:48:40.372+0000] {logging_mixin.py:188} INFO - [2026-02-28T12:48:40.371+0000] {dag.py:3089} INFO - Sync 1 DAGs
[2026-02-28T12:48:40.431+0000] {logging_mixin.py:188} INFO - [2026-02-28T12:48:40.430+0000] {dag.py:3947} INFO - Setting next_dagrun for load_cb_courses to 2026-02-28 00:00:00+00:00, run_after=2026-03-01 00:00:00+00:00
[2026-02-28T12:48:40.458+0000] {processor.py:183} INFO - Processing /opt/airflow/dags/load_cb_courses.py took 0.701 seconds
[2026-02-28T12:49:10.915+0000] {processor.py:161} INFO - Started process (PID=13706) to work on /opt/airflow/dags/load_cb_courses.py
[2026-02-28T12:49:10.919+0000] {processor.py:830} INFO - Processing file /opt/airflow/dags/load_cb_courses.py for tasks to queue
[2026-02-28T12:49:10.923+0000] {logging_mixin.py:188} INFO - [2026-02-28T12:49:10.923+0000] {dagbag.py:545} INFO - Filling up the DagBag from /opt/airflow/dags/load_cb_courses.py
[2026-02-28T12:49:11.373+0000] {processor.py:840} INFO - DAG(s) 'load_cb_courses' retrieved from /opt/airflow/dags/load_cb_courses.py
[2026-02-28T12:49:11.404+0000] {logging_mixin.py:188} INFO - [2026-02-28T12:49:11.403+0000] {dag.py:3089} INFO - Sync 1 DAGs
[2026-02-28T12:49:11.434+0000] {logging_mixin.py:188} INFO - [2026-02-28T12:49:11.434+0000] {dag.py:3947} INFO - Setting next_dagrun for load_cb_courses to 2026-02-28 00:00:00+00:00, run_after=2026-03-01 00:00:00+00:00
[2026-02-28T12:49:11.461+0000] {processor.py:183} INFO - Processing /opt/airflow/dags/load_cb_courses.py took 0.552 seconds
[2026-02-28T12:49:41.979+0000] {processor.py:161} INFO - Started process (PID=13738) to work on /opt/airflow/dags/load_cb_courses.py
[2026-02-28T12:49:41.980+0000] {processor.py:830} INFO - Processing file /opt/airflow/dags/load_cb_courses.py for tasks to queue
[2026-02-28T12:49:41.983+0000] {logging_mixin.py:188} INFO - [2026-02-28T12:49:41.982+0000] {dagbag.py:545} INFO - Filling up the DagBag from /opt/airflow/dags/load_cb_courses.py
[2026-02-28T12:49:42.312+0000] {processor.py:840} INFO - DAG(s) 'load_cb_courses' retrieved from /opt/airflow/dags/load_cb_courses.py
[2026-02-28T12:49:42.335+0000] {logging_mixin.py:188} INFO - [2026-02-28T12:49:42.335+0000] {dag.py:3089} INFO - Sync 1 DAGs
[2026-02-28T12:49:42.360+0000] {logging_mixin.py:188} INFO - [2026-02-28T12:49:42.360+0000] {dag.py:3947} INFO - Setting next_dagrun for load_cb_courses to 2026-02-28 00:00:00+00:00, run_after=2026-03-01 00:00:00+00:00
[2026-02-28T12:49:42.389+0000] {processor.py:183} INFO - Processing /opt/airflow/dags/load_cb_courses.py took 0.417 seconds
[2026-02-28T12:50:13.209+0000] {processor.py:161} INFO - Started process (PID=13769) to work on /opt/airflow/dags/load_cb_courses.py
[2026-02-28T12:50:13.215+0000] {processor.py:830} INFO - Processing file /opt/airflow/dags/load_cb_courses.py for tasks to queue
[2026-02-28T12:50:13.219+0000] {logging_mixin.py:188} INFO - [2026-02-28T12:50:13.219+0000] {dagbag.py:545} INFO - Filling up the DagBag from /opt/airflow/dags/load_cb_courses.py
[2026-02-28T12:50:13.767+0000] {processor.py:840} INFO - DAG(s) 'load_cb_courses' retrieved from /opt/airflow/dags/load_cb_courses.py
[2026-02-28T12:50:13.794+0000] {logging_mixin.py:188} INFO - [2026-02-28T12:50:13.793+0000] {dag.py:3089} INFO - Sync 1 DAGs
[2026-02-28T12:50:13.819+0000] {logging_mixin.py:188} INFO - [2026-02-28T12:50:13.819+0000] {dag.py:3947} INFO - Setting next_dagrun for load_cb_courses to 2026-02-28 00:00:00+00:00, run_after=2026-03-01 00:00:00+00:00
[2026-02-28T12:50:13.849+0000] {processor.py:183} INFO - Processing /opt/airflow/dags/load_cb_courses.py took 0.653 seconds
[2026-02-28T12:50:44.346+0000] {processor.py:161} INFO - Started process (PID=13800) to work on /opt/airflow/dags/load_cb_courses.py
[2026-02-28T12:50:44.347+0000] {processor.py:830} INFO - Processing file /opt/airflow/dags/load_cb_courses.py for tasks to queue
[2026-02-28T12:50:44.349+0000] {logging_mixin.py:188} INFO - [2026-02-28T12:50:44.349+0000] {dagbag.py:545} INFO - Filling up the DagBag from /opt/airflow/dags/load_cb_courses.py
[2026-02-28T12:50:44.648+0000] {processor.py:840} INFO - DAG(s) 'load_cb_courses' retrieved from /opt/airflow/dags/load_cb_courses.py
[2026-02-28T12:50:44.668+0000] {logging_mixin.py:188} INFO - [2026-02-28T12:50:44.668+0000] {dag.py:3089} INFO - Sync 1 DAGs
[2026-02-28T12:50:44.690+0000] {logging_mixin.py:188} INFO - [2026-02-28T12:50:44.690+0000] {dag.py:3947} INFO - Setting next_dagrun for load_cb_courses to 2026-02-28 00:00:00+00:00, run_after=2026-03-01 00:00:00+00:00
[2026-02-28T12:50:44.712+0000] {processor.py:183} INFO - Processing /opt/airflow/dags/load_cb_courses.py took 0.373 seconds
[2026-02-28T12:51:15.148+0000] {processor.py:161} INFO - Started process (PID=13838) to work on /opt/airflow/dags/load_cb_courses.py
[2026-02-28T12:51:15.150+0000] {processor.py:830} INFO - Processing file /opt/airflow/dags/load_cb_courses.py for tasks to queue
[2026-02-28T12:51:15.152+0000] {logging_mixin.py:188} INFO - [2026-02-28T12:51:15.152+0000] {dagbag.py:545} INFO - Filling up the DagBag from /opt/airflow/dags/load_cb_courses.py
[2026-02-28T12:51:15.475+0000] {processor.py:840} INFO - DAG(s) 'load_cb_courses' retrieved from /opt/airflow/dags/load_cb_courses.py
[2026-02-28T12:51:15.505+0000] {logging_mixin.py:188} INFO - [2026-02-28T12:51:15.505+0000] {dag.py:3089} INFO - Sync 1 DAGs
[2026-02-28T12:51:15.529+0000] {logging_mixin.py:188} INFO - [2026-02-28T12:51:15.529+0000] {dag.py:3947} INFO - Setting next_dagrun for load_cb_courses to 2026-02-28 00:00:00+00:00, run_after=2026-03-01 00:00:00+00:00
[2026-02-28T12:51:15.554+0000] {processor.py:183} INFO - Processing /opt/airflow/dags/load_cb_courses.py took 0.411 seconds
[2026-02-28T12:51:45.914+0000] {processor.py:161} INFO - Started process (PID=13869) to work on /opt/airflow/dags/load_cb_courses.py
[2026-02-28T12:51:45.916+0000] {processor.py:830} INFO - Processing file /opt/airflow/dags/load_cb_courses.py for tasks to queue
[2026-02-28T12:51:45.920+0000] {logging_mixin.py:188} INFO - [2026-02-28T12:51:45.919+0000] {dagbag.py:545} INFO - Filling up the DagBag from /opt/airflow/dags/load_cb_courses.py
[2026-02-28T12:51:46.286+0000] {processor.py:840} INFO - DAG(s) 'load_cb_courses' retrieved from /opt/airflow/dags/load_cb_courses.py
[2026-02-28T12:51:46.307+0000] {logging_mixin.py:188} INFO - [2026-02-28T12:51:46.306+0000] {dag.py:3089} INFO - Sync 1 DAGs
[2026-02-28T12:51:46.327+0000] {logging_mixin.py:188} INFO - [2026-02-28T12:51:46.326+0000] {dag.py:3947} INFO - Setting next_dagrun for load_cb_courses to 2026-02-28 00:00:00+00:00, run_after=2026-03-01 00:00:00+00:00
[2026-02-28T12:51:46.349+0000] {processor.py:183} INFO - Processing /opt/airflow/dags/load_cb_courses.py took 0.446 seconds
[2026-02-28T12:52:16.454+0000] {processor.py:161} INFO - Started process (PID=13907) to work on /opt/airflow/dags/load_cb_courses.py
[2026-02-28T12:52:16.455+0000] {processor.py:830} INFO - Processing file /opt/airflow/dags/load_cb_courses.py for tasks to queue
[2026-02-28T12:52:16.458+0000] {logging_mixin.py:188} INFO - [2026-02-28T12:52:16.457+0000] {dagbag.py:545} INFO - Filling up the DagBag from /opt/airflow/dags/load_cb_courses.py
[2026-02-28T12:52:16.833+0000] {processor.py:840} INFO - DAG(s) 'load_cb_courses' retrieved from /opt/airflow/dags/load_cb_courses.py
[2026-02-28T12:52:16.860+0000] {logging_mixin.py:188} INFO - [2026-02-28T12:52:16.859+0000] {dag.py:3089} INFO - Sync 1 DAGs
[2026-02-28T12:52:16.887+0000] {logging_mixin.py:188} INFO - [2026-02-28T12:52:16.887+0000] {dag.py:3947} INFO - Setting next_dagrun for load_cb_courses to 2026-02-28 00:00:00+00:00, run_after=2026-03-01 00:00:00+00:00
[2026-02-28T12:52:16.914+0000] {processor.py:183} INFO - Processing /opt/airflow/dags/load_cb_courses.py took 0.468 seconds
[2026-02-28T12:52:47.751+0000] {processor.py:161} INFO - Started process (PID=13938) to work on /opt/airflow/dags/load_cb_courses.py
[2026-02-28T12:52:47.752+0000] {processor.py:830} INFO - Processing file /opt/airflow/dags/load_cb_courses.py for tasks to queue
[2026-02-28T12:52:47.754+0000] {logging_mixin.py:188} INFO - [2026-02-28T12:52:47.754+0000] {dagbag.py:545} INFO - Filling up the DagBag from /opt/airflow/dags/load_cb_courses.py
[2026-02-28T12:52:48.053+0000] {processor.py:840} INFO - DAG(s) 'load_cb_courses' retrieved from /opt/airflow/dags/load_cb_courses.py
[2026-02-28T12:52:48.076+0000] {logging_mixin.py:188} INFO - [2026-02-28T12:52:48.075+0000] {dag.py:3089} INFO - Sync 1 DAGs
[2026-02-28T12:52:48.098+0000] {logging_mixin.py:188} INFO - [2026-02-28T12:52:48.098+0000] {dag.py:3947} INFO - Setting next_dagrun for load_cb_courses to 2026-02-28 00:00:00+00:00, run_after=2026-03-01 00:00:00+00:00
[2026-02-28T12:52:48.118+0000] {processor.py:183} INFO - Processing /opt/airflow/dags/load_cb_courses.py took 0.373 seconds
[2026-02-28T12:53:18.363+0000] {processor.py:161} INFO - Started process (PID=13970) to work on /opt/airflow/dags/load_cb_courses.py
[2026-02-28T12:53:18.364+0000] {processor.py:830} INFO - Processing file /opt/airflow/dags/load_cb_courses.py for tasks to queue
[2026-02-28T12:53:18.367+0000] {logging_mixin.py:188} INFO - [2026-02-28T12:53:18.366+0000] {dagbag.py:545} INFO - Filling up the DagBag from /opt/airflow/dags/load_cb_courses.py
[2026-02-28T12:53:18.699+0000] {processor.py:840} INFO - DAG(s) 'load_cb_courses' retrieved from /opt/airflow/dags/load_cb_courses.py
[2026-02-28T12:53:18.722+0000] {logging_mixin.py:188} INFO - [2026-02-28T12:53:18.721+0000] {dag.py:3089} INFO - Sync 1 DAGs
[2026-02-28T12:53:18.747+0000] {logging_mixin.py:188} INFO - [2026-02-28T12:53:18.747+0000] {dag.py:3947} INFO - Setting next_dagrun for load_cb_courses to 2026-02-28 00:00:00+00:00, run_after=2026-03-01 00:00:00+00:00
[2026-02-28T12:53:18.771+0000] {processor.py:183} INFO - Processing /opt/airflow/dags/load_cb_courses.py took 0.415 seconds
[2026-02-28T12:53:49.370+0000] {processor.py:161} INFO - Started process (PID=14007) to work on /opt/airflow/dags/load_cb_courses.py
[2026-02-28T12:53:49.372+0000] {processor.py:830} INFO - Processing file /opt/airflow/dags/load_cb_courses.py for tasks to queue
[2026-02-28T12:53:49.376+0000] {logging_mixin.py:188} INFO - [2026-02-28T12:53:49.375+0000] {dagbag.py:545} INFO - Filling up the DagBag from /opt/airflow/dags/load_cb_courses.py
[2026-02-28T12:53:49.774+0000] {processor.py:840} INFO - DAG(s) 'load_cb_courses' retrieved from /opt/airflow/dags/load_cb_courses.py
[2026-02-28T12:53:49.803+0000] {logging_mixin.py:188} INFO - [2026-02-28T12:53:49.803+0000] {dag.py:3089} INFO - Sync 1 DAGs
[2026-02-28T12:53:49.826+0000] {logging_mixin.py:188} INFO - [2026-02-28T12:53:49.826+0000] {dag.py:3947} INFO - Setting next_dagrun for load_cb_courses to 2026-02-28 00:00:00+00:00, run_after=2026-03-01 00:00:00+00:00
[2026-02-28T12:53:49.850+0000] {processor.py:183} INFO - Processing /opt/airflow/dags/load_cb_courses.py took 0.489 seconds
[2026-02-28T12:54:20.298+0000] {processor.py:161} INFO - Started process (PID=14039) to work on /opt/airflow/dags/load_cb_courses.py
[2026-02-28T12:54:20.299+0000] {processor.py:830} INFO - Processing file /opt/airflow/dags/load_cb_courses.py for tasks to queue
[2026-02-28T12:54:20.301+0000] {logging_mixin.py:188} INFO - [2026-02-28T12:54:20.301+0000] {dagbag.py:545} INFO - Filling up the DagBag from /opt/airflow/dags/load_cb_courses.py
[2026-02-28T12:54:20.599+0000] {processor.py:840} INFO - DAG(s) 'load_cb_courses' retrieved from /opt/airflow/dags/load_cb_courses.py
[2026-02-28T12:54:20.619+0000] {logging_mixin.py:188} INFO - [2026-02-28T12:54:20.618+0000] {dag.py:3089} INFO - Sync 1 DAGs
[2026-02-28T12:54:20.639+0000] {logging_mixin.py:188} INFO - [2026-02-28T12:54:20.639+0000] {dag.py:3947} INFO - Setting next_dagrun for load_cb_courses to 2026-02-28 00:00:00+00:00, run_after=2026-03-01 00:00:00+00:00
[2026-02-28T12:54:20.662+0000] {processor.py:183} INFO - Processing /opt/airflow/dags/load_cb_courses.py took 0.372 seconds
[2026-02-28T12:54:51.059+0000] {processor.py:161} INFO - Started process (PID=14070) to work on /opt/airflow/dags/load_cb_courses.py
[2026-02-28T12:54:51.060+0000] {processor.py:830} INFO - Processing file /opt/airflow/dags/load_cb_courses.py for tasks to queue
[2026-02-28T12:54:51.062+0000] {logging_mixin.py:188} INFO - [2026-02-28T12:54:51.062+0000] {dagbag.py:545} INFO - Filling up the DagBag from /opt/airflow/dags/load_cb_courses.py
[2026-02-28T12:54:51.423+0000] {processor.py:840} INFO - DAG(s) 'load_cb_courses' retrieved from /opt/airflow/dags/load_cb_courses.py
[2026-02-28T12:54:51.448+0000] {logging_mixin.py:188} INFO - [2026-02-28T12:54:51.448+0000] {dag.py:3089} INFO - Sync 1 DAGs
[2026-02-28T12:54:51.471+0000] {logging_mixin.py:188} INFO - [2026-02-28T12:54:51.471+0000] {dag.py:3947} INFO - Setting next_dagrun for load_cb_courses to 2026-02-28 00:00:00+00:00, run_after=2026-03-01 00:00:00+00:00
[2026-02-28T12:54:51.490+0000] {processor.py:183} INFO - Processing /opt/airflow/dags/load_cb_courses.py took 0.438 seconds
[2026-02-28T12:55:21.959+0000] {processor.py:161} INFO - Started process (PID=14108) to work on /opt/airflow/dags/load_cb_courses.py
[2026-02-28T12:55:21.961+0000] {processor.py:830} INFO - Processing file /opt/airflow/dags/load_cb_courses.py for tasks to queue
[2026-02-28T12:55:21.964+0000] {logging_mixin.py:188} INFO - [2026-02-28T12:55:21.963+0000] {dagbag.py:545} INFO - Filling up the DagBag from /opt/airflow/dags/load_cb_courses.py
[2026-02-28T12:55:22.242+0000] {processor.py:840} INFO - DAG(s) 'load_cb_courses' retrieved from /opt/airflow/dags/load_cb_courses.py
[2026-02-28T12:55:22.262+0000] {logging_mixin.py:188} INFO - [2026-02-28T12:55:22.262+0000] {dag.py:3089} INFO - Sync 1 DAGs
[2026-02-28T12:55:22.284+0000] {logging_mixin.py:188} INFO - [2026-02-28T12:55:22.284+0000] {dag.py:3947} INFO - Setting next_dagrun for load_cb_courses to 2026-02-28 00:00:00+00:00, run_after=2026-03-01 00:00:00+00:00
[2026-02-28T12:55:22.303+0000] {processor.py:183} INFO - Processing /opt/airflow/dags/load_cb_courses.py took 0.351 seconds
[2026-02-28T12:55:52.450+0000] {processor.py:161} INFO - Started process (PID=14140) to work on /opt/airflow/dags/load_cb_courses.py
[2026-02-28T12:55:52.451+0000] {processor.py:830} INFO - Processing file /opt/airflow/dags/load_cb_courses.py for tasks to queue
[2026-02-28T12:55:52.453+0000] {logging_mixin.py:188} INFO - [2026-02-28T12:55:52.453+0000] {dagbag.py:545} INFO - Filling up the DagBag from /opt/airflow/dags/load_cb_courses.py
[2026-02-28T12:55:52.738+0000] {processor.py:840} INFO - DAG(s) 'load_cb_courses' retrieved from /opt/airflow/dags/load_cb_courses.py
[2026-02-28T12:55:52.757+0000] {logging_mixin.py:188} INFO - [2026-02-28T12:55:52.757+0000] {dag.py:3089} INFO - Sync 1 DAGs
[2026-02-28T12:55:52.777+0000] {logging_mixin.py:188} INFO - [2026-02-28T12:55:52.777+0000] {dag.py:3947} INFO - Setting next_dagrun for load_cb_courses to 2026-02-28 00:00:00+00:00, run_after=2026-03-01 00:00:00+00:00
[2026-02-28T12:55:52.798+0000] {processor.py:183} INFO - Processing /opt/airflow/dags/load_cb_courses.py took 0.355 seconds
[2026-02-28T12:56:23.184+0000] {processor.py:161} INFO - Started process (PID=14179) to work on /opt/airflow/dags/load_cb_courses.py
[2026-02-28T12:56:23.185+0000] {processor.py:830} INFO - Processing file /opt/airflow/dags/load_cb_courses.py for tasks to queue
[2026-02-28T12:56:23.188+0000] {logging_mixin.py:188} INFO - [2026-02-28T12:56:23.188+0000] {dagbag.py:545} INFO - Filling up the DagBag from /opt/airflow/dags/load_cb_courses.py
[2026-02-28T12:56:23.623+0000] {processor.py:840} INFO - DAG(s) 'load_cb_courses' retrieved from /opt/airflow/dags/load_cb_courses.py
[2026-02-28T12:56:23.662+0000] {logging_mixin.py:188} INFO - [2026-02-28T12:56:23.661+0000] {dag.py:3089} INFO - Sync 1 DAGs
[2026-02-28T12:56:23.718+0000] {logging_mixin.py:188} INFO - [2026-02-28T12:56:23.718+0000] {dag.py:3947} INFO - Setting next_dagrun for load_cb_courses to 2026-02-28 00:00:00+00:00, run_after=2026-03-01 00:00:00+00:00
[2026-02-28T12:56:23.745+0000] {processor.py:183} INFO - Processing /opt/airflow/dags/load_cb_courses.py took 0.567 seconds
[2026-02-28T12:56:54.379+0000] {processor.py:161} INFO - Started process (PID=14210) to work on /opt/airflow/dags/load_cb_courses.py
[2026-02-28T12:56:54.380+0000] {processor.py:830} INFO - Processing file /opt/airflow/dags/load_cb_courses.py for tasks to queue
[2026-02-28T12:56:54.382+0000] {logging_mixin.py:188} INFO - [2026-02-28T12:56:54.382+0000] {dagbag.py:545} INFO - Filling up the DagBag from /opt/airflow/dags/load_cb_courses.py
[2026-02-28T12:56:54.666+0000] {processor.py:840} INFO - DAG(s) 'load_cb_courses' retrieved from /opt/airflow/dags/load_cb_courses.py
[2026-02-28T12:56:54.686+0000] {logging_mixin.py:188} INFO - [2026-02-28T12:56:54.685+0000] {dag.py:3089} INFO - Sync 1 DAGs
[2026-02-28T12:56:54.708+0000] {logging_mixin.py:188} INFO - [2026-02-28T12:56:54.707+0000] {dag.py:3947} INFO - Setting next_dagrun for load_cb_courses to 2026-02-28 00:00:00+00:00, run_after=2026-03-01 00:00:00+00:00
[2026-02-28T12:56:54.728+0000] {processor.py:183} INFO - Processing /opt/airflow/dags/load_cb_courses.py took 0.355 seconds
[2026-02-28T12:57:24.858+0000] {processor.py:161} INFO - Started process (PID=14242) to work on /opt/airflow/dags/load_cb_courses.py
[2026-02-28T12:57:24.860+0000] {processor.py:830} INFO - Processing file /opt/airflow/dags/load_cb_courses.py for tasks to queue
[2026-02-28T12:57:24.864+0000] {logging_mixin.py:188} INFO - [2026-02-28T12:57:24.863+0000] {dagbag.py:545} INFO - Filling up the DagBag from /opt/airflow/dags/load_cb_courses.py
[2026-02-28T12:57:25.179+0000] {processor.py:840} INFO - DAG(s) 'load_cb_courses' retrieved from /opt/airflow/dags/load_cb_courses.py
[2026-02-28T12:57:25.204+0000] {logging_mixin.py:188} INFO - [2026-02-28T12:57:25.203+0000] {dag.py:3089} INFO - Sync 1 DAGs
[2026-02-28T12:57:25.231+0000] {logging_mixin.py:188} INFO - [2026-02-28T12:57:25.231+0000] {dag.py:3947} INFO - Setting next_dagrun for load_cb_courses to 2026-02-28 00:00:00+00:00, run_after=2026-03-01 00:00:00+00:00
[2026-02-28T12:57:25.254+0000] {processor.py:183} INFO - Processing /opt/airflow/dags/load_cb_courses.py took 0.403 seconds
[2026-02-28T12:57:55.462+0000] {processor.py:161} INFO - Started process (PID=14278) to work on /opt/airflow/dags/load_cb_courses.py
[2026-02-28T12:57:55.463+0000] {processor.py:830} INFO - Processing file /opt/airflow/dags/load_cb_courses.py for tasks to queue
[2026-02-28T12:57:55.466+0000] {logging_mixin.py:188} INFO - [2026-02-28T12:57:55.465+0000] {dagbag.py:545} INFO - Filling up the DagBag from /opt/airflow/dags/load_cb_courses.py
[2026-02-28T12:57:55.800+0000] {processor.py:840} INFO - DAG(s) 'load_cb_courses' retrieved from /opt/airflow/dags/load_cb_courses.py
[2026-02-28T12:57:55.834+0000] {logging_mixin.py:188} INFO - [2026-02-28T12:57:55.834+0000] {dag.py:3089} INFO - Sync 1 DAGs
[2026-02-28T12:57:55.865+0000] {logging_mixin.py:188} INFO - [2026-02-28T12:57:55.865+0000] {dag.py:3947} INFO - Setting next_dagrun for load_cb_courses to 2026-02-28 00:00:00+00:00, run_after=2026-03-01 00:00:00+00:00
[2026-02-28T12:57:55.914+0000] {processor.py:183} INFO - Processing /opt/airflow/dags/load_cb_courses.py took 0.458 seconds
[2026-02-28T12:58:26.763+0000] {processor.py:161} INFO - Started process (PID=14310) to work on /opt/airflow/dags/load_cb_courses.py
[2026-02-28T12:58:26.764+0000] {processor.py:830} INFO - Processing file /opt/airflow/dags/load_cb_courses.py for tasks to queue
[2026-02-28T12:58:26.767+0000] {logging_mixin.py:188} INFO - [2026-02-28T12:58:26.766+0000] {dagbag.py:545} INFO - Filling up the DagBag from /opt/airflow/dags/load_cb_courses.py
[2026-02-28T12:58:27.118+0000] {processor.py:840} INFO - DAG(s) 'load_cb_courses' retrieved from /opt/airflow/dags/load_cb_courses.py
[2026-02-28T12:58:27.145+0000] {logging_mixin.py:188} INFO - [2026-02-28T12:58:27.145+0000] {dag.py:3089} INFO - Sync 1 DAGs
[2026-02-28T12:58:27.168+0000] {logging_mixin.py:188} INFO - [2026-02-28T12:58:27.168+0000] {dag.py:3947} INFO - Setting next_dagrun for load_cb_courses to 2026-02-28 00:00:00+00:00, run_after=2026-03-01 00:00:00+00:00
[2026-02-28T12:58:27.193+0000] {processor.py:183} INFO - Processing /opt/airflow/dags/load_cb_courses.py took 0.440 seconds
[2026-02-28T12:58:57.685+0000] {processor.py:161} INFO - Started process (PID=14349) to work on /opt/airflow/dags/load_cb_courses.py
[2026-02-28T12:58:57.686+0000] {processor.py:830} INFO - Processing file /opt/airflow/dags/load_cb_courses.py for tasks to queue
[2026-02-28T12:58:57.688+0000] {logging_mixin.py:188} INFO - [2026-02-28T12:58:57.688+0000] {dagbag.py:545} INFO - Filling up the DagBag from /opt/airflow/dags/load_cb_courses.py
[2026-02-28T12:58:57.994+0000] {processor.py:840} INFO - DAG(s) 'load_cb_courses' retrieved from /opt/airflow/dags/load_cb_courses.py
[2026-02-28T12:58:58.025+0000] {logging_mixin.py:188} INFO - [2026-02-28T12:58:58.025+0000] {dag.py:3089} INFO - Sync 1 DAGs
[2026-02-28T12:58:58.055+0000] {logging_mixin.py:188} INFO - [2026-02-28T12:58:58.055+0000] {dag.py:3947} INFO - Setting next_dagrun for load_cb_courses to 2026-02-28 00:00:00+00:00, run_after=2026-03-01 00:00:00+00:00
[2026-02-28T12:58:58.077+0000] {processor.py:183} INFO - Processing /opt/airflow/dags/load_cb_courses.py took 0.398 seconds
[2026-02-28T12:59:28.885+0000] {processor.py:161} INFO - Started process (PID=14380) to work on /opt/airflow/dags/load_cb_courses.py
[2026-02-28T12:59:28.886+0000] {processor.py:830} INFO - Processing file /opt/airflow/dags/load_cb_courses.py for tasks to queue
[2026-02-28T12:59:28.888+0000] {logging_mixin.py:188} INFO - [2026-02-28T12:59:28.888+0000] {dagbag.py:545} INFO - Filling up the DagBag from /opt/airflow/dags/load_cb_courses.py
[2026-02-28T12:59:29.185+0000] {processor.py:840} INFO - DAG(s) 'load_cb_courses' retrieved from /opt/airflow/dags/load_cb_courses.py
[2026-02-28T12:59:29.207+0000] {logging_mixin.py:188} INFO - [2026-02-28T12:59:29.207+0000] {dag.py:3089} INFO - Sync 1 DAGs
[2026-02-28T12:59:29.235+0000] {logging_mixin.py:188} INFO - [2026-02-28T12:59:29.235+0000] {dag.py:3947} INFO - Setting next_dagrun for load_cb_courses to 2026-02-28 00:00:00+00:00, run_after=2026-03-01 00:00:00+00:00
[2026-02-28T12:59:29.258+0000] {processor.py:183} INFO - Processing /opt/airflow/dags/load_cb_courses.py took 0.379 seconds
[2026-02-28T12:59:59.568+0000] {processor.py:161} INFO - Started process (PID=14411) to work on /opt/airflow/dags/load_cb_courses.py
[2026-02-28T12:59:59.569+0000] {processor.py:830} INFO - Processing file /opt/airflow/dags/load_cb_courses.py for tasks to queue
[2026-02-28T12:59:59.571+0000] {logging_mixin.py:188} INFO - [2026-02-28T12:59:59.571+0000] {dagbag.py:545} INFO - Filling up the DagBag from /opt/airflow/dags/load_cb_courses.py
[2026-02-28T12:59:59.874+0000] {processor.py:840} INFO - DAG(s) 'load_cb_courses' retrieved from /opt/airflow/dags/load_cb_courses.py
[2026-02-28T12:59:59.895+0000] {logging_mixin.py:188} INFO - [2026-02-28T12:59:59.895+0000] {dag.py:3089} INFO - Sync 1 DAGs
[2026-02-28T12:59:59.916+0000] {logging_mixin.py:188} INFO - [2026-02-28T12:59:59.916+0000] {dag.py:3947} INFO - Setting next_dagrun for load_cb_courses to 2026-02-28 00:00:00+00:00, run_after=2026-03-01 00:00:00+00:00
[2026-02-28T12:59:59.937+0000] {processor.py:183} INFO - Processing /opt/airflow/dags/load_cb_courses.py took 0.375 seconds
[2026-02-28T13:00:30.127+0000] {processor.py:161} INFO - Started process (PID=14451) to work on /opt/airflow/dags/load_cb_courses.py
[2026-02-28T13:00:30.128+0000] {processor.py:830} INFO - Processing file /opt/airflow/dags/load_cb_courses.py for tasks to queue
[2026-02-28T13:00:30.130+0000] {logging_mixin.py:188} INFO - [2026-02-28T13:00:30.130+0000] {dagbag.py:545} INFO - Filling up the DagBag from /opt/airflow/dags/load_cb_courses.py
[2026-02-28T13:00:30.421+0000] {processor.py:840} INFO - DAG(s) 'load_cb_courses' retrieved from /opt/airflow/dags/load_cb_courses.py
[2026-02-28T13:00:30.443+0000] {logging_mixin.py:188} INFO - [2026-02-28T13:00:30.443+0000] {dag.py:3089} INFO - Sync 1 DAGs
[2026-02-28T13:00:30.465+0000] {logging_mixin.py:188} INFO - [2026-02-28T13:00:30.465+0000] {dag.py:3947} INFO - Setting next_dagrun for load_cb_courses to 2026-02-28 00:00:00+00:00, run_after=2026-03-01 00:00:00+00:00
[2026-02-28T13:00:30.483+0000] {processor.py:183} INFO - Processing /opt/airflow/dags/load_cb_courses.py took 0.362 seconds
[2026-02-28T13:01:01.342+0000] {processor.py:161} INFO - Started process (PID=14482) to work on /opt/airflow/dags/load_cb_courses.py
[2026-02-28T13:01:01.344+0000] {processor.py:830} INFO - Processing file /opt/airflow/dags/load_cb_courses.py for tasks to queue
[2026-02-28T13:01:01.348+0000] {logging_mixin.py:188} INFO - [2026-02-28T13:01:01.347+0000] {dagbag.py:545} INFO - Filling up the DagBag from /opt/airflow/dags/load_cb_courses.py
[2026-02-28T13:01:01.753+0000] {processor.py:840} INFO - DAG(s) 'load_cb_courses' retrieved from /opt/airflow/dags/load_cb_courses.py
[2026-02-28T13:01:01.782+0000] {logging_mixin.py:188} INFO - [2026-02-28T13:01:01.782+0000] {dag.py:3089} INFO - Sync 1 DAGs
[2026-02-28T13:01:01.810+0000] {logging_mixin.py:188} INFO - [2026-02-28T13:01:01.809+0000] {dag.py:3947} INFO - Setting next_dagrun for load_cb_courses to 2026-02-28 00:00:00+00:00, run_after=2026-03-01 00:00:00+00:00
[2026-02-28T13:01:01.843+0000] {processor.py:183} INFO - Processing /opt/airflow/dags/load_cb_courses.py took 0.508 seconds
[2026-02-28T13:01:32.450+0000] {processor.py:161} INFO - Started process (PID=14521) to work on /opt/airflow/dags/load_cb_courses.py
[2026-02-28T13:01:32.451+0000] {processor.py:830} INFO - Processing file /opt/airflow/dags/load_cb_courses.py for tasks to queue
[2026-02-28T13:01:32.454+0000] {logging_mixin.py:188} INFO - [2026-02-28T13:01:32.454+0000] {dagbag.py:545} INFO - Filling up the DagBag from /opt/airflow/dags/load_cb_courses.py
[2026-02-28T13:01:32.776+0000] {processor.py:840} INFO - DAG(s) 'load_cb_courses' retrieved from /opt/airflow/dags/load_cb_courses.py
[2026-02-28T13:01:32.800+0000] {logging_mixin.py:188} INFO - [2026-02-28T13:01:32.800+0000] {dag.py:3089} INFO - Sync 1 DAGs
[2026-02-28T13:01:32.826+0000] {logging_mixin.py:188} INFO - [2026-02-28T13:01:32.826+0000] {dag.py:3947} INFO - Setting next_dagrun for load_cb_courses to 2026-02-28 00:00:00+00:00, run_after=2026-03-01 00:00:00+00:00
[2026-02-28T13:01:32.847+0000] {processor.py:183} INFO - Processing /opt/airflow/dags/load_cb_courses.py took 0.405 seconds
[2026-02-28T13:02:02.973+0000] {processor.py:161} INFO - Started process (PID=14551) to work on /opt/airflow/dags/load_cb_courses.py
[2026-02-28T13:02:02.974+0000] {processor.py:830} INFO - Processing file /opt/airflow/dags/load_cb_courses.py for tasks to queue
[2026-02-28T13:02:02.976+0000] {logging_mixin.py:188} INFO - [2026-02-28T13:02:02.976+0000] {dagbag.py:545} INFO - Filling up the DagBag from /opt/airflow/dags/load_cb_courses.py
[2026-02-28T13:02:03.257+0000] {processor.py:840} INFO - DAG(s) 'load_cb_courses' retrieved from /opt/airflow/dags/load_cb_courses.py
[2026-02-28T13:02:03.280+0000] {logging_mixin.py:188} INFO - [2026-02-28T13:02:03.280+0000] {dag.py:3089} INFO - Sync 1 DAGs
[2026-02-28T13:02:03.302+0000] {logging_mixin.py:188} INFO - [2026-02-28T13:02:03.301+0000] {dag.py:3947} INFO - Setting next_dagrun for load_cb_courses to 2026-02-28 00:00:00+00:00, run_after=2026-03-01 00:00:00+00:00
[2026-02-28T13:02:03.322+0000] {processor.py:183} INFO - Processing /opt/airflow/dags/load_cb_courses.py took 0.355 seconds
[2026-02-28T13:02:33.526+0000] {processor.py:161} INFO - Started process (PID=14581) to work on /opt/airflow/dags/load_cb_courses.py
[2026-02-28T13:02:33.527+0000] {processor.py:830} INFO - Processing file /opt/airflow/dags/load_cb_courses.py for tasks to queue
[2026-02-28T13:02:33.529+0000] {logging_mixin.py:188} INFO - [2026-02-28T13:02:33.529+0000] {dagbag.py:545} INFO - Filling up the DagBag from /opt/airflow/dags/load_cb_courses.py
[2026-02-28T13:02:34.014+0000] {processor.py:840} INFO - DAG(s) 'load_cb_courses' retrieved from /opt/airflow/dags/load_cb_courses.py
[2026-02-28T13:02:34.035+0000] {logging_mixin.py:188} INFO - [2026-02-28T13:02:34.035+0000] {dag.py:3089} INFO - Sync 1 DAGs
[2026-02-28T13:02:34.058+0000] {logging_mixin.py:188} INFO - [2026-02-28T13:02:34.058+0000] {dag.py:3947} INFO - Setting next_dagrun for load_cb_courses to 2026-02-28 00:00:00+00:00, run_after=2026-03-01 00:00:00+00:00
[2026-02-28T13:02:34.077+0000] {processor.py:183} INFO - Processing /opt/airflow/dags/load_cb_courses.py took 0.557 seconds
[2026-02-28T13:03:04.678+0000] {processor.py:161} INFO - Started process (PID=14619) to work on /opt/airflow/dags/load_cb_courses.py
[2026-02-28T13:03:04.679+0000] {processor.py:830} INFO - Processing file /opt/airflow/dags/load_cb_courses.py for tasks to queue
[2026-02-28T13:03:04.681+0000] {logging_mixin.py:188} INFO - [2026-02-28T13:03:04.681+0000] {dagbag.py:545} INFO - Filling up the DagBag from /opt/airflow/dags/load_cb_courses.py
[2026-02-28T13:03:05.027+0000] {processor.py:840} INFO - DAG(s) 'load_cb_courses' retrieved from /opt/airflow/dags/load_cb_courses.py
[2026-02-28T13:03:05.065+0000] {logging_mixin.py:188} INFO - [2026-02-28T13:03:05.064+0000] {dag.py:3089} INFO - Sync 1 DAGs
[2026-02-28T13:03:05.090+0000] {logging_mixin.py:188} INFO - [2026-02-28T13:03:05.090+0000] {dag.py:3947} INFO - Setting next_dagrun for load_cb_courses to 2026-02-28 00:00:00+00:00, run_after=2026-03-01 00:00:00+00:00
[2026-02-28T13:03:05.118+0000] {processor.py:183} INFO - Processing /opt/airflow/dags/load_cb_courses.py took 0.446 seconds
[2026-02-28T13:03:35.599+0000] {processor.py:161} INFO - Started process (PID=14651) to work on /opt/airflow/dags/load_cb_courses.py
[2026-02-28T13:03:35.600+0000] {processor.py:830} INFO - Processing file /opt/airflow/dags/load_cb_courses.py for tasks to queue
[2026-02-28T13:03:35.602+0000] {logging_mixin.py:188} INFO - [2026-02-28T13:03:35.602+0000] {dagbag.py:545} INFO - Filling up the DagBag from /opt/airflow/dags/load_cb_courses.py
[2026-02-28T13:03:35.951+0000] {processor.py:840} INFO - DAG(s) 'load_cb_courses' retrieved from /opt/airflow/dags/load_cb_courses.py
[2026-02-28T13:03:35.975+0000] {logging_mixin.py:188} INFO - [2026-02-28T13:03:35.974+0000] {dag.py:3089} INFO - Sync 1 DAGs
[2026-02-28T13:03:35.999+0000] {logging_mixin.py:188} INFO - [2026-02-28T13:03:35.999+0000] {dag.py:3947} INFO - Setting next_dagrun for load_cb_courses to 2026-02-28 00:00:00+00:00, run_after=2026-03-01 00:00:00+00:00
[2026-02-28T13:03:36.022+0000] {processor.py:183} INFO - Processing /opt/airflow/dags/load_cb_courses.py took 0.430 seconds
[2026-02-28T13:04:06.520+0000] {processor.py:161} INFO - Started process (PID=14683) to work on /opt/airflow/dags/load_cb_courses.py
[2026-02-28T13:04:06.522+0000] {processor.py:830} INFO - Processing file /opt/airflow/dags/load_cb_courses.py for tasks to queue
[2026-02-28T13:04:06.527+0000] {logging_mixin.py:188} INFO - [2026-02-28T13:04:06.527+0000] {dagbag.py:545} INFO - Filling up the DagBag from /opt/airflow/dags/load_cb_courses.py
[2026-02-28T13:04:06.929+0000] {processor.py:840} INFO - DAG(s) 'load_cb_courses' retrieved from /opt/airflow/dags/load_cb_courses.py
[2026-02-28T13:04:06.955+0000] {logging_mixin.py:188} INFO - [2026-02-28T13:04:06.954+0000] {dag.py:3089} INFO - Sync 1 DAGs
[2026-02-28T13:04:06.977+0000] {logging_mixin.py:188} INFO - [2026-02-28T13:04:06.977+0000] {dag.py:3947} INFO - Setting next_dagrun for load_cb_courses to 2026-02-28 00:00:00+00:00, run_after=2026-03-01 00:00:00+00:00
[2026-02-28T13:04:06.999+0000] {processor.py:183} INFO - Processing /opt/airflow/dags/load_cb_courses.py took 0.491 seconds
[2026-02-28T13:04:37.380+0000] {processor.py:161} INFO - Started process (PID=14721) to work on /opt/airflow/dags/load_cb_courses.py
[2026-02-28T13:04:37.382+0000] {processor.py:830} INFO - Processing file /opt/airflow/dags/load_cb_courses.py for tasks to queue
[2026-02-28T13:04:37.384+0000] {logging_mixin.py:188} INFO - [2026-02-28T13:04:37.384+0000] {dagbag.py:545} INFO - Filling up the DagBag from /opt/airflow/dags/load_cb_courses.py
[2026-02-28T13:04:37.685+0000] {processor.py:840} INFO - DAG(s) 'load_cb_courses' retrieved from /opt/airflow/dags/load_cb_courses.py
[2026-02-28T13:04:37.705+0000] {logging_mixin.py:188} INFO - [2026-02-28T13:04:37.705+0000] {dag.py:3089} INFO - Sync 1 DAGs
[2026-02-28T13:04:37.726+0000] {logging_mixin.py:188} INFO - [2026-02-28T13:04:37.726+0000] {dag.py:3947} INFO - Setting next_dagrun for load_cb_courses to 2026-02-28 00:00:00+00:00, run_after=2026-03-01 00:00:00+00:00
[2026-02-28T13:04:37.747+0000] {processor.py:183} INFO - Processing /opt/airflow/dags/load_cb_courses.py took 0.374 seconds
[2026-02-28T13:05:08.077+0000] {processor.py:161} INFO - Started process (PID=14753) to work on /opt/airflow/dags/load_cb_courses.py
[2026-02-28T13:05:08.078+0000] {processor.py:830} INFO - Processing file /opt/airflow/dags/load_cb_courses.py for tasks to queue
[2026-02-28T13:05:08.080+0000] {logging_mixin.py:188} INFO - [2026-02-28T13:05:08.080+0000] {dagbag.py:545} INFO - Filling up the DagBag from /opt/airflow/dags/load_cb_courses.py
[2026-02-28T13:05:08.376+0000] {processor.py:840} INFO - DAG(s) 'load_cb_courses' retrieved from /opt/airflow/dags/load_cb_courses.py
[2026-02-28T13:05:08.399+0000] {logging_mixin.py:188} INFO - [2026-02-28T13:05:08.399+0000] {dag.py:3089} INFO - Sync 1 DAGs
[2026-02-28T13:05:08.422+0000] {logging_mixin.py:188} INFO - [2026-02-28T13:05:08.421+0000] {dag.py:3947} INFO - Setting next_dagrun for load_cb_courses to 2026-02-28 00:00:00+00:00, run_after=2026-03-01 00:00:00+00:00
[2026-02-28T13:05:08.446+0000] {processor.py:183} INFO - Processing /opt/airflow/dags/load_cb_courses.py took 0.375 seconds
[2026-02-28T13:05:38.782+0000] {processor.py:161} INFO - Started process (PID=14784) to work on /opt/airflow/dags/load_cb_courses.py
[2026-02-28T13:05:38.784+0000] {processor.py:830} INFO - Processing file /opt/airflow/dags/load_cb_courses.py for tasks to queue
[2026-02-28T13:05:38.786+0000] {logging_mixin.py:188} INFO - [2026-02-28T13:05:38.785+0000] {dagbag.py:545} INFO - Filling up the DagBag from /opt/airflow/dags/load_cb_courses.py
[2026-02-28T13:05:39.072+0000] {processor.py:840} INFO - DAG(s) 'load_cb_courses' retrieved from /opt/airflow/dags/load_cb_courses.py
[2026-02-28T13:05:39.094+0000] {logging_mixin.py:188} INFO - [2026-02-28T13:05:39.093+0000] {dag.py:3089} INFO - Sync 1 DAGs
[2026-02-28T13:05:39.117+0000] {logging_mixin.py:188} INFO - [2026-02-28T13:05:39.116+0000] {dag.py:3947} INFO - Setting next_dagrun for load_cb_courses to 2026-02-28 00:00:00+00:00, run_after=2026-03-01 00:00:00+00:00
[2026-02-28T13:05:39.142+0000] {processor.py:183} INFO - Processing /opt/airflow/dags/load_cb_courses.py took 0.366 seconds
[2026-02-28T13:06:09.478+0000] {processor.py:161} INFO - Started process (PID=14821) to work on /opt/airflow/dags/load_cb_courses.py
[2026-02-28T13:06:09.479+0000] {processor.py:830} INFO - Processing file /opt/airflow/dags/load_cb_courses.py for tasks to queue
[2026-02-28T13:06:09.482+0000] {logging_mixin.py:188} INFO - [2026-02-28T13:06:09.481+0000] {dagbag.py:545} INFO - Filling up the DagBag from /opt/airflow/dags/load_cb_courses.py
[2026-02-28T13:06:09.816+0000] {processor.py:840} INFO - DAG(s) 'load_cb_courses' retrieved from /opt/airflow/dags/load_cb_courses.py
[2026-02-28T13:06:09.841+0000] {logging_mixin.py:188} INFO - [2026-02-28T13:06:09.840+0000] {dag.py:3089} INFO - Sync 1 DAGs
[2026-02-28T13:06:09.866+0000] {logging_mixin.py:188} INFO - [2026-02-28T13:06:09.865+0000] {dag.py:3947} INFO - Setting next_dagrun for load_cb_courses to 2026-02-28 00:00:00+00:00, run_after=2026-03-01 00:00:00+00:00
[2026-02-28T13:06:09.894+0000] {processor.py:183} INFO - Processing /opt/airflow/dags/load_cb_courses.py took 0.422 seconds
[2026-02-28T13:06:40.576+0000] {processor.py:161} INFO - Started process (PID=14852) to work on /opt/airflow/dags/load_cb_courses.py
[2026-02-28T13:06:40.578+0000] {processor.py:830} INFO - Processing file /opt/airflow/dags/load_cb_courses.py for tasks to queue
[2026-02-28T13:06:40.581+0000] {logging_mixin.py:188} INFO - [2026-02-28T13:06:40.580+0000] {dagbag.py:545} INFO - Filling up the DagBag from /opt/airflow/dags/load_cb_courses.py
[2026-02-28T13:06:40.899+0000] {processor.py:840} INFO - DAG(s) 'load_cb_courses' retrieved from /opt/airflow/dags/load_cb_courses.py
[2026-02-28T13:06:40.925+0000] {logging_mixin.py:188} INFO - [2026-02-28T13:06:40.925+0000] {dag.py:3089} INFO - Sync 1 DAGs
[2026-02-28T13:06:40.956+0000] {logging_mixin.py:188} INFO - [2026-02-28T13:06:40.955+0000] {dag.py:3947} INFO - Setting next_dagrun for load_cb_courses to 2026-02-28 00:00:00+00:00, run_after=2026-03-01 00:00:00+00:00
[2026-02-28T13:06:40.991+0000] {processor.py:183} INFO - Processing /opt/airflow/dags/load_cb_courses.py took 0.424 seconds
[2026-02-28T13:07:11.472+0000] {processor.py:161} INFO - Started process (PID=14890) to work on /opt/airflow/dags/load_cb_courses.py
[2026-02-28T13:07:11.473+0000] {processor.py:830} INFO - Processing file /opt/airflow/dags/load_cb_courses.py for tasks to queue
[2026-02-28T13:07:11.475+0000] {logging_mixin.py:188} INFO - [2026-02-28T13:07:11.475+0000] {dagbag.py:545} INFO - Filling up the DagBag from /opt/airflow/dags/load_cb_courses.py
[2026-02-28T13:07:11.912+0000] {processor.py:840} INFO - DAG(s) 'load_cb_courses' retrieved from /opt/airflow/dags/load_cb_courses.py
[2026-02-28T13:07:11.947+0000] {logging_mixin.py:188} INFO - [2026-02-28T13:07:11.946+0000] {dag.py:3089} INFO - Sync 1 DAGs
[2026-02-28T13:07:11.986+0000] {logging_mixin.py:188} INFO - [2026-02-28T13:07:11.985+0000] {dag.py:3947} INFO - Setting next_dagrun for load_cb_courses to 2026-02-28 00:00:00+00:00, run_after=2026-03-01 00:00:00+00:00
[2026-02-28T13:07:12.037+0000] {processor.py:183} INFO - Processing /opt/airflow/dags/load_cb_courses.py took 0.573 seconds
[2026-02-28T13:07:42.709+0000] {processor.py:161} INFO - Started process (PID=14921) to work on /opt/airflow/dags/load_cb_courses.py
[2026-02-28T13:07:42.710+0000] {processor.py:830} INFO - Processing file /opt/airflow/dags/load_cb_courses.py for tasks to queue
[2026-02-28T13:07:42.712+0000] {logging_mixin.py:188} INFO - [2026-02-28T13:07:42.712+0000] {dagbag.py:545} INFO - Filling up the DagBag from /opt/airflow/dags/load_cb_courses.py
[2026-02-28T13:07:43.054+0000] {processor.py:840} INFO - DAG(s) 'load_cb_courses' retrieved from /opt/airflow/dags/load_cb_courses.py
[2026-02-28T13:07:43.089+0000] {logging_mixin.py:188} INFO - [2026-02-28T13:07:43.088+0000] {dag.py:3089} INFO - Sync 1 DAGs
[2026-02-28T13:07:43.114+0000] {logging_mixin.py:188} INFO - [2026-02-28T13:07:43.114+0000] {dag.py:3947} INFO - Setting next_dagrun for load_cb_courses to 2026-02-28 00:00:00+00:00, run_after=2026-03-01 00:00:00+00:00
[2026-02-28T13:07:43.140+0000] {processor.py:183} INFO - Processing /opt/airflow/dags/load_cb_courses.py took 0.438 seconds
[2026-02-28T13:08:13.761+0000] {processor.py:161} INFO - Started process (PID=14951) to work on /opt/airflow/dags/load_cb_courses.py
[2026-02-28T13:08:13.763+0000] {processor.py:830} INFO - Processing file /opt/airflow/dags/load_cb_courses.py for tasks to queue
[2026-02-28T13:08:13.766+0000] {logging_mixin.py:188} INFO - [2026-02-28T13:08:13.766+0000] {dagbag.py:545} INFO - Filling up the DagBag from /opt/airflow/dags/load_cb_courses.py
[2026-02-28T13:08:14.215+0000] {processor.py:840} INFO - DAG(s) 'load_cb_courses' retrieved from /opt/airflow/dags/load_cb_courses.py
[2026-02-28T13:08:14.262+0000] {logging_mixin.py:188} INFO - [2026-02-28T13:08:14.256+0000] {dag.py:3089} INFO - Sync 1 DAGs
[2026-02-28T13:08:14.291+0000] {logging_mixin.py:188} INFO - [2026-02-28T13:08:14.291+0000] {dag.py:3947} INFO - Setting next_dagrun for load_cb_courses to 2026-02-28 00:00:00+00:00, run_after=2026-03-01 00:00:00+00:00
[2026-02-28T13:08:14.325+0000] {processor.py:183} INFO - Processing /opt/airflow/dags/load_cb_courses.py took 0.576 seconds
[2026-02-28T13:08:45.110+0000] {processor.py:161} INFO - Started process (PID=14988) to work on /opt/airflow/dags/load_cb_courses.py
[2026-02-28T13:08:45.112+0000] {processor.py:830} INFO - Processing file /opt/airflow/dags/load_cb_courses.py for tasks to queue
[2026-02-28T13:08:45.115+0000] {logging_mixin.py:188} INFO - [2026-02-28T13:08:45.114+0000] {dagbag.py:545} INFO - Filling up the DagBag from /opt/airflow/dags/load_cb_courses.py
[2026-02-28T13:08:45.454+0000] {processor.py:840} INFO - DAG(s) 'load_cb_courses' retrieved from /opt/airflow/dags/load_cb_courses.py
[2026-02-28T13:08:45.476+0000] {logging_mixin.py:188} INFO - [2026-02-28T13:08:45.475+0000] {dag.py:3089} INFO - Sync 1 DAGs
[2026-02-28T13:08:45.497+0000] {logging_mixin.py:188} INFO - [2026-02-28T13:08:45.497+0000] {dag.py:3947} INFO - Setting next_dagrun for load_cb_courses to 2026-02-28 00:00:00+00:00, run_after=2026-03-01 00:00:00+00:00
[2026-02-28T13:08:45.519+0000] {processor.py:183} INFO - Processing /opt/airflow/dags/load_cb_courses.py took 0.416 seconds
[2026-02-28T13:09:16.147+0000] {processor.py:161} INFO - Started process (PID=15019) to work on /opt/airflow/dags/load_cb_courses.py
[2026-02-28T13:09:16.149+0000] {processor.py:830} INFO - Processing file /opt/airflow/dags/load_cb_courses.py for tasks to queue
[2026-02-28T13:09:16.154+0000] {logging_mixin.py:188} INFO - [2026-02-28T13:09:16.153+0000] {dagbag.py:545} INFO - Filling up the DagBag from /opt/airflow/dags/load_cb_courses.py
[2026-02-28T13:09:16.510+0000] {processor.py:840} INFO - DAG(s) 'load_cb_courses' retrieved from /opt/airflow/dags/load_cb_courses.py
[2026-02-28T13:09:16.533+0000] {logging_mixin.py:188} INFO - [2026-02-28T13:09:16.532+0000] {dag.py:3089} INFO - Sync 1 DAGs
[2026-02-28T13:09:16.557+0000] {logging_mixin.py:188} INFO - [2026-02-28T13:09:16.556+0000] {dag.py:3947} INFO - Setting next_dagrun for load_cb_courses to 2026-02-28 00:00:00+00:00, run_after=2026-03-01 00:00:00+00:00
[2026-02-28T13:09:16.581+0000] {processor.py:183} INFO - Processing /opt/airflow/dags/load_cb_courses.py took 0.447 seconds
[2026-02-28T13:09:47.046+0000] {processor.py:161} INFO - Started process (PID=15049) to work on /opt/airflow/dags/load_cb_courses.py
[2026-02-28T13:09:47.048+0000] {processor.py:830} INFO - Processing file /opt/airflow/dags/load_cb_courses.py for tasks to queue
[2026-02-28T13:09:47.050+0000] {logging_mixin.py:188} INFO - [2026-02-28T13:09:47.049+0000] {dagbag.py:545} INFO - Filling up the DagBag from /opt/airflow/dags/load_cb_courses.py
[2026-02-28T13:09:47.350+0000] {processor.py:840} INFO - DAG(s) 'load_cb_courses' retrieved from /opt/airflow/dags/load_cb_courses.py
[2026-02-28T13:09:47.372+0000] {logging_mixin.py:188} INFO - [2026-02-28T13:09:47.371+0000] {dag.py:3089} INFO - Sync 1 DAGs
[2026-02-28T13:09:47.397+0000] {logging_mixin.py:188} INFO - [2026-02-28T13:09:47.397+0000] {dag.py:3947} INFO - Setting next_dagrun for load_cb_courses to 2026-02-28 00:00:00+00:00, run_after=2026-03-01 00:00:00+00:00
[2026-02-28T13:09:47.428+0000] {processor.py:183} INFO - Processing /opt/airflow/dags/load_cb_courses.py took 0.388 seconds
[2026-02-28T13:10:17.707+0000] {processor.py:161} INFO - Started process (PID=15086) to work on /opt/airflow/dags/load_cb_courses.py
[2026-02-28T13:10:17.708+0000] {processor.py:830} INFO - Processing file /opt/airflow/dags/load_cb_courses.py for tasks to queue
[2026-02-28T13:10:17.712+0000] {logging_mixin.py:188} INFO - [2026-02-28T13:10:17.711+0000] {dagbag.py:545} INFO - Filling up the DagBag from /opt/airflow/dags/load_cb_courses.py
[2026-02-28T13:10:18.073+0000] {processor.py:840} INFO - DAG(s) 'load_cb_courses' retrieved from /opt/airflow/dags/load_cb_courses.py
[2026-02-28T13:10:18.098+0000] {logging_mixin.py:188} INFO - [2026-02-28T13:10:18.098+0000] {dag.py:3089} INFO - Sync 1 DAGs
[2026-02-28T13:10:18.128+0000] {logging_mixin.py:188} INFO - [2026-02-28T13:10:18.128+0000] {dag.py:3947} INFO - Setting next_dagrun for load_cb_courses to 2026-02-28 00:00:00+00:00, run_after=2026-03-01 00:00:00+00:00
[2026-02-28T13:10:18.153+0000] {processor.py:183} INFO - Processing /opt/airflow/dags/load_cb_courses.py took 0.454 seconds
[2026-02-28T13:10:48.881+0000] {processor.py:161} INFO - Started process (PID=15117) to work on /opt/airflow/dags/load_cb_courses.py
[2026-02-28T13:10:48.882+0000] {processor.py:830} INFO - Processing file /opt/airflow/dags/load_cb_courses.py for tasks to queue
[2026-02-28T13:10:48.885+0000] {logging_mixin.py:188} INFO - [2026-02-28T13:10:48.884+0000] {dagbag.py:545} INFO - Filling up the DagBag from /opt/airflow/dags/load_cb_courses.py
[2026-02-28T13:10:49.187+0000] {processor.py:840} INFO - DAG(s) 'load_cb_courses' retrieved from /opt/airflow/dags/load_cb_courses.py
[2026-02-28T13:10:49.207+0000] {logging_mixin.py:188} INFO - [2026-02-28T13:10:49.207+0000] {dag.py:3089} INFO - Sync 1 DAGs
[2026-02-28T13:10:49.229+0000] {logging_mixin.py:188} INFO - [2026-02-28T13:10:49.229+0000] {dag.py:3947} INFO - Setting next_dagrun for load_cb_courses to 2026-02-28 00:00:00+00:00, run_after=2026-03-01 00:00:00+00:00
[2026-02-28T13:10:49.250+0000] {processor.py:183} INFO - Processing /opt/airflow/dags/load_cb_courses.py took 0.375 seconds
[2026-02-28T13:11:19.447+0000] {processor.py:161} INFO - Started process (PID=15155) to work on /opt/airflow/dags/load_cb_courses.py
[2026-02-28T13:11:19.448+0000] {processor.py:830} INFO - Processing file /opt/airflow/dags/load_cb_courses.py for tasks to queue
[2026-02-28T13:11:19.450+0000] {logging_mixin.py:188} INFO - [2026-02-28T13:11:19.450+0000] {dagbag.py:545} INFO - Filling up the DagBag from /opt/airflow/dags/load_cb_courses.py
[2026-02-28T13:11:19.785+0000] {processor.py:840} INFO - DAG(s) 'load_cb_courses' retrieved from /opt/airflow/dags/load_cb_courses.py
[2026-02-28T13:11:19.809+0000] {logging_mixin.py:188} INFO - [2026-02-28T13:11:19.808+0000] {dag.py:3089} INFO - Sync 1 DAGs
[2026-02-28T13:11:19.835+0000] {logging_mixin.py:188} INFO - [2026-02-28T13:11:19.835+0000] {dag.py:3947} INFO - Setting next_dagrun for load_cb_courses to 2026-02-28 00:00:00+00:00, run_after=2026-03-01 00:00:00+00:00
[2026-02-28T13:11:19.862+0000] {processor.py:183} INFO - Processing /opt/airflow/dags/load_cb_courses.py took 0.421 seconds
[2026-02-28T13:11:50.483+0000] {processor.py:161} INFO - Started process (PID=15186) to work on /opt/airflow/dags/load_cb_courses.py
[2026-02-28T13:11:50.484+0000] {processor.py:830} INFO - Processing file /opt/airflow/dags/load_cb_courses.py for tasks to queue
[2026-02-28T13:11:50.486+0000] {logging_mixin.py:188} INFO - [2026-02-28T13:11:50.485+0000] {dagbag.py:545} INFO - Filling up the DagBag from /opt/airflow/dags/load_cb_courses.py
[2026-02-28T13:11:50.780+0000] {processor.py:840} INFO - DAG(s) 'load_cb_courses' retrieved from /opt/airflow/dags/load_cb_courses.py
[2026-02-28T13:11:50.802+0000] {logging_mixin.py:188} INFO - [2026-02-28T13:11:50.802+0000] {dag.py:3089} INFO - Sync 1 DAGs
[2026-02-28T13:11:50.827+0000] {logging_mixin.py:188} INFO - [2026-02-28T13:11:50.826+0000] {dag.py:3947} INFO - Setting next_dagrun for load_cb_courses to 2026-02-28 00:00:00+00:00, run_after=2026-03-01 00:00:00+00:00
[2026-02-28T13:11:50.850+0000] {processor.py:183} INFO - Processing /opt/airflow/dags/load_cb_courses.py took 0.374 seconds
[2026-02-28T13:12:21.593+0000] {processor.py:161} INFO - Started process (PID=15217) to work on /opt/airflow/dags/load_cb_courses.py
[2026-02-28T13:12:21.594+0000] {processor.py:830} INFO - Processing file /opt/airflow/dags/load_cb_courses.py for tasks to queue
[2026-02-28T13:12:21.597+0000] {logging_mixin.py:188} INFO - [2026-02-28T13:12:21.596+0000] {dagbag.py:545} INFO - Filling up the DagBag from /opt/airflow/dags/load_cb_courses.py
[2026-02-28T13:12:21.891+0000] {processor.py:840} INFO - DAG(s) 'load_cb_courses' retrieved from /opt/airflow/dags/load_cb_courses.py
[2026-02-28T13:12:21.912+0000] {logging_mixin.py:188} INFO - [2026-02-28T13:12:21.912+0000] {dag.py:3089} INFO - Sync 1 DAGs
[2026-02-28T13:12:21.934+0000] {logging_mixin.py:188} INFO - [2026-02-28T13:12:21.934+0000] {dag.py:3947} INFO - Setting next_dagrun for load_cb_courses to 2026-02-28 00:00:00+00:00, run_after=2026-03-01 00:00:00+00:00
[2026-02-28T13:12:21.958+0000] {processor.py:183} INFO - Processing /opt/airflow/dags/load_cb_courses.py took 0.373 seconds
[2026-02-28T13:12:52.256+0000] {processor.py:161} INFO - Started process (PID=15255) to work on /opt/airflow/dags/load_cb_courses.py
[2026-02-28T13:12:52.258+0000] {processor.py:830} INFO - Processing file /opt/airflow/dags/load_cb_courses.py for tasks to queue
[2026-02-28T13:12:52.261+0000] {logging_mixin.py:188} INFO - [2026-02-28T13:12:52.260+0000] {dagbag.py:545} INFO - Filling up the DagBag from /opt/airflow/dags/load_cb_courses.py
[2026-02-28T13:12:52.638+0000] {processor.py:840} INFO - DAG(s) 'load_cb_courses' retrieved from /opt/airflow/dags/load_cb_courses.py
[2026-02-28T13:12:52.665+0000] {logging_mixin.py:188} INFO - [2026-02-28T13:12:52.664+0000] {dag.py:3089} INFO - Sync 1 DAGs
[2026-02-28T13:12:52.694+0000] {logging_mixin.py:188} INFO - [2026-02-28T13:12:52.694+0000] {dag.py:3947} INFO - Setting next_dagrun for load_cb_courses to 2026-02-28 00:00:00+00:00, run_after=2026-03-01 00:00:00+00:00
[2026-02-28T13:12:52.720+0000] {processor.py:183} INFO - Processing /opt/airflow/dags/load_cb_courses.py took 0.471 seconds
[2026-02-28T13:13:23.399+0000] {processor.py:161} INFO - Started process (PID=15286) to work on /opt/airflow/dags/load_cb_courses.py
[2026-02-28T13:13:23.400+0000] {processor.py:830} INFO - Processing file /opt/airflow/dags/load_cb_courses.py for tasks to queue
[2026-02-28T13:13:23.402+0000] {logging_mixin.py:188} INFO - [2026-02-28T13:13:23.402+0000] {dagbag.py:545} INFO - Filling up the DagBag from /opt/airflow/dags/load_cb_courses.py
[2026-02-28T13:13:23.696+0000] {processor.py:840} INFO - DAG(s) 'load_cb_courses' retrieved from /opt/airflow/dags/load_cb_courses.py
[2026-02-28T13:13:23.720+0000] {logging_mixin.py:188} INFO - [2026-02-28T13:13:23.720+0000] {dag.py:3089} INFO - Sync 1 DAGs
[2026-02-28T13:13:23.742+0000] {logging_mixin.py:188} INFO - [2026-02-28T13:13:23.742+0000] {dag.py:3947} INFO - Setting next_dagrun for load_cb_courses to 2026-02-28 00:00:00+00:00, run_after=2026-03-01 00:00:00+00:00
[2026-02-28T13:13:23.764+0000] {processor.py:183} INFO - Processing /opt/airflow/dags/load_cb_courses.py took 0.371 seconds
[2026-02-28T13:13:54.016+0000] {processor.py:161} INFO - Started process (PID=15316) to work on /opt/airflow/dags/load_cb_courses.py
[2026-02-28T13:13:54.017+0000] {processor.py:830} INFO - Processing file /opt/airflow/dags/load_cb_courses.py for tasks to queue
[2026-02-28T13:13:54.019+0000] {logging_mixin.py:188} INFO - [2026-02-28T13:13:54.018+0000] {dagbag.py:545} INFO - Filling up the DagBag from /opt/airflow/dags/load_cb_courses.py
[2026-02-28T13:13:54.456+0000] {processor.py:840} INFO - DAG(s) 'load_cb_courses' retrieved from /opt/airflow/dags/load_cb_courses.py
[2026-02-28T13:13:54.501+0000] {logging_mixin.py:188} INFO - [2026-02-28T13:13:54.500+0000] {dag.py:3089} INFO - Sync 1 DAGs
[2026-02-28T13:13:54.532+0000] {logging_mixin.py:188} INFO - [2026-02-28T13:13:54.531+0000] {dag.py:3947} INFO - Setting next_dagrun for load_cb_courses to 2026-02-28 00:00:00+00:00, run_after=2026-03-01 00:00:00+00:00
[2026-02-28T13:13:54.555+0000] {processor.py:183} INFO - Processing /opt/airflow/dags/load_cb_courses.py took 0.545 seconds
[2026-02-28T13:14:25.076+0000] {processor.py:161} INFO - Started process (PID=15354) to work on /opt/airflow/dags/load_cb_courses.py
[2026-02-28T13:14:25.077+0000] {processor.py:830} INFO - Processing file /opt/airflow/dags/load_cb_courses.py for tasks to queue
[2026-02-28T13:14:25.080+0000] {logging_mixin.py:188} INFO - [2026-02-28T13:14:25.080+0000] {dagbag.py:545} INFO - Filling up the DagBag from /opt/airflow/dags/load_cb_courses.py
[2026-02-28T13:14:25.379+0000] {processor.py:840} INFO - DAG(s) 'load_cb_courses' retrieved from /opt/airflow/dags/load_cb_courses.py
[2026-02-28T13:14:25.405+0000] {logging_mixin.py:188} INFO - [2026-02-28T13:14:25.404+0000] {dag.py:3089} INFO - Sync 1 DAGs
[2026-02-28T13:14:25.427+0000] {logging_mixin.py:188} INFO - [2026-02-28T13:14:25.427+0000] {dag.py:3947} INFO - Setting next_dagrun for load_cb_courses to 2026-02-28 00:00:00+00:00, run_after=2026-03-01 00:00:00+00:00
[2026-02-28T13:14:25.450+0000] {processor.py:183} INFO - Processing /opt/airflow/dags/load_cb_courses.py took 0.380 seconds
[2026-02-28T13:14:55.957+0000] {processor.py:161} INFO - Started process (PID=15384) to work on /opt/airflow/dags/load_cb_courses.py
[2026-02-28T13:14:55.960+0000] {processor.py:830} INFO - Processing file /opt/airflow/dags/load_cb_courses.py for tasks to queue
[2026-02-28T13:14:55.962+0000] {logging_mixin.py:188} INFO - [2026-02-28T13:14:55.962+0000] {dagbag.py:545} INFO - Filling up the DagBag from /opt/airflow/dags/load_cb_courses.py
[2026-02-28T13:14:56.279+0000] {processor.py:840} INFO - DAG(s) 'load_cb_courses' retrieved from /opt/airflow/dags/load_cb_courses.py
[2026-02-28T13:14:56.300+0000] {logging_mixin.py:188} INFO - [2026-02-28T13:14:56.300+0000] {dag.py:3089} INFO - Sync 1 DAGs
[2026-02-28T13:14:56.322+0000] {logging_mixin.py:188} INFO - [2026-02-28T13:14:56.322+0000] {dag.py:3947} INFO - Setting next_dagrun for load_cb_courses to 2026-02-28 00:00:00+00:00, run_after=2026-03-01 00:00:00+00:00
[2026-02-28T13:14:56.344+0000] {processor.py:183} INFO - Processing /opt/airflow/dags/load_cb_courses.py took 0.395 seconds
[2026-02-28T13:15:27.214+0000] {processor.py:161} INFO - Started process (PID=15422) to work on /opt/airflow/dags/load_cb_courses.py
[2026-02-28T13:15:27.216+0000] {processor.py:830} INFO - Processing file /opt/airflow/dags/load_cb_courses.py for tasks to queue
[2026-02-28T13:15:27.219+0000] {logging_mixin.py:188} INFO - [2026-02-28T13:15:27.218+0000] {dagbag.py:545} INFO - Filling up the DagBag from /opt/airflow/dags/load_cb_courses.py
[2026-02-28T13:15:27.594+0000] {processor.py:840} INFO - DAG(s) 'load_cb_courses' retrieved from /opt/airflow/dags/load_cb_courses.py
[2026-02-28T13:15:27.627+0000] {logging_mixin.py:188} INFO - [2026-02-28T13:15:27.627+0000] {dag.py:3089} INFO - Sync 1 DAGs
[2026-02-28T13:15:27.654+0000] {logging_mixin.py:188} INFO - [2026-02-28T13:15:27.654+0000] {dag.py:3947} INFO - Setting next_dagrun for load_cb_courses to 2026-02-28 00:00:00+00:00, run_after=2026-03-01 00:00:00+00:00
[2026-02-28T13:15:27.678+0000] {processor.py:183} INFO - Processing /opt/airflow/dags/load_cb_courses.py took 0.470 seconds
[2026-02-28T13:15:58.240+0000] {processor.py:161} INFO - Started process (PID=15453) to work on /opt/airflow/dags/load_cb_courses.py
[2026-02-28T13:15:58.241+0000] {processor.py:830} INFO - Processing file /opt/airflow/dags/load_cb_courses.py for tasks to queue
[2026-02-28T13:15:58.243+0000] {logging_mixin.py:188} INFO - [2026-02-28T13:15:58.243+0000] {dagbag.py:545} INFO - Filling up the DagBag from /opt/airflow/dags/load_cb_courses.py
[2026-02-28T13:15:58.548+0000] {processor.py:840} INFO - DAG(s) 'load_cb_courses' retrieved from /opt/airflow/dags/load_cb_courses.py
[2026-02-28T13:15:58.569+0000] {logging_mixin.py:188} INFO - [2026-02-28T13:15:58.568+0000] {dag.py:3089} INFO - Sync 1 DAGs
[2026-02-28T13:15:58.591+0000] {logging_mixin.py:188} INFO - [2026-02-28T13:15:58.591+0000] {dag.py:3947} INFO - Setting next_dagrun for load_cb_courses to 2026-02-28 00:00:00+00:00, run_after=2026-03-01 00:00:00+00:00
[2026-02-28T13:15:58.611+0000] {processor.py:183} INFO - Processing /opt/airflow/dags/load_cb_courses.py took 0.376 seconds
[2026-02-28T13:16:29.162+0000] {processor.py:161} INFO - Started process (PID=15483) to work on /opt/airflow/dags/load_cb_courses.py
[2026-02-28T13:16:29.163+0000] {processor.py:830} INFO - Processing file /opt/airflow/dags/load_cb_courses.py for tasks to queue
[2026-02-28T13:16:29.166+0000] {logging_mixin.py:188} INFO - [2026-02-28T13:16:29.165+0000] {dagbag.py:545} INFO - Filling up the DagBag from /opt/airflow/dags/load_cb_courses.py
[2026-02-28T13:16:29.467+0000] {processor.py:840} INFO - DAG(s) 'load_cb_courses' retrieved from /opt/airflow/dags/load_cb_courses.py
[2026-02-28T13:16:29.491+0000] {logging_mixin.py:188} INFO - [2026-02-28T13:16:29.491+0000] {dag.py:3089} INFO - Sync 1 DAGs
[2026-02-28T13:16:29.514+0000] {logging_mixin.py:188} INFO - [2026-02-28T13:16:29.514+0000] {dag.py:3947} INFO - Setting next_dagrun for load_cb_courses to 2026-02-28 00:00:00+00:00, run_after=2026-03-01 00:00:00+00:00
[2026-02-28T13:16:29.535+0000] {processor.py:183} INFO - Processing /opt/airflow/dags/load_cb_courses.py took 0.379 seconds
[2026-02-28T13:16:59.705+0000] {processor.py:161} INFO - Started process (PID=15523) to work on /opt/airflow/dags/load_cb_courses.py
[2026-02-28T13:16:59.707+0000] {processor.py:830} INFO - Processing file /opt/airflow/dags/load_cb_courses.py for tasks to queue
[2026-02-28T13:16:59.710+0000] {logging_mixin.py:188} INFO - [2026-02-28T13:16:59.710+0000] {dagbag.py:545} INFO - Filling up the DagBag from /opt/airflow/dags/load_cb_courses.py
[2026-02-28T13:17:00.080+0000] {processor.py:840} INFO - DAG(s) 'load_cb_courses' retrieved from /opt/airflow/dags/load_cb_courses.py
[2026-02-28T13:17:00.114+0000] {logging_mixin.py:188} INFO - [2026-02-28T13:17:00.114+0000] {dag.py:3089} INFO - Sync 1 DAGs
[2026-02-28T13:17:00.144+0000] {logging_mixin.py:188} INFO - [2026-02-28T13:17:00.144+0000] {dag.py:3947} INFO - Setting next_dagrun for load_cb_courses to 2026-02-28 00:00:00+00:00, run_after=2026-03-01 00:00:00+00:00
[2026-02-28T13:17:00.176+0000] {processor.py:183} INFO - Processing /opt/airflow/dags/load_cb_courses.py took 0.476 seconds
[2026-02-28T13:17:30.628+0000] {processor.py:161} INFO - Started process (PID=15555) to work on /opt/airflow/dags/load_cb_courses.py
[2026-02-28T13:17:30.629+0000] {processor.py:830} INFO - Processing file /opt/airflow/dags/load_cb_courses.py for tasks to queue
[2026-02-28T13:17:30.631+0000] {logging_mixin.py:188} INFO - [2026-02-28T13:17:30.631+0000] {dagbag.py:545} INFO - Filling up the DagBag from /opt/airflow/dags/load_cb_courses.py
[2026-02-28T13:17:30.936+0000] {processor.py:840} INFO - DAG(s) 'load_cb_courses' retrieved from /opt/airflow/dags/load_cb_courses.py
[2026-02-28T13:17:30.956+0000] {logging_mixin.py:188} INFO - [2026-02-28T13:17:30.956+0000] {dag.py:3089} INFO - Sync 1 DAGs
[2026-02-28T13:17:30.977+0000] {logging_mixin.py:188} INFO - [2026-02-28T13:17:30.977+0000] {dag.py:3947} INFO - Setting next_dagrun for load_cb_courses to 2026-02-28 00:00:00+00:00, run_after=2026-03-01 00:00:00+00:00
[2026-02-28T13:17:30.999+0000] {processor.py:183} INFO - Processing /opt/airflow/dags/load_cb_courses.py took 0.377 seconds
[2026-02-28T13:18:01.744+0000] {processor.py:161} INFO - Started process (PID=15586) to work on /opt/airflow/dags/load_cb_courses.py
[2026-02-28T13:18:01.746+0000] {processor.py:830} INFO - Processing file /opt/airflow/dags/load_cb_courses.py for tasks to queue
[2026-02-28T13:18:01.748+0000] {logging_mixin.py:188} INFO - [2026-02-28T13:18:01.748+0000] {dagbag.py:545} INFO - Filling up the DagBag from /opt/airflow/dags/load_cb_courses.py
[2026-02-28T13:18:02.112+0000] {processor.py:840} INFO - DAG(s) 'load_cb_courses' retrieved from /opt/airflow/dags/load_cb_courses.py
[2026-02-28T13:18:02.146+0000] {logging_mixin.py:188} INFO - [2026-02-28T13:18:02.145+0000] {dag.py:3089} INFO - Sync 1 DAGs
[2026-02-28T13:18:02.180+0000] {logging_mixin.py:188} INFO - [2026-02-28T13:18:02.179+0000] {dag.py:3947} INFO - Setting next_dagrun for load_cb_courses to 2026-02-28 00:00:00+00:00, run_after=2026-03-01 00:00:00+00:00
[2026-02-28T13:18:02.206+0000] {processor.py:183} INFO - Processing /opt/airflow/dags/load_cb_courses.py took 0.473 seconds
[2026-02-28T13:18:32.899+0000] {processor.py:161} INFO - Started process (PID=15624) to work on /opt/airflow/dags/load_cb_courses.py
[2026-02-28T13:18:32.901+0000] {processor.py:830} INFO - Processing file /opt/airflow/dags/load_cb_courses.py for tasks to queue
[2026-02-28T13:18:32.903+0000] {logging_mixin.py:188} INFO - [2026-02-28T13:18:32.903+0000] {dagbag.py:545} INFO - Filling up the DagBag from /opt/airflow/dags/load_cb_courses.py
[2026-02-28T13:18:33.204+0000] {processor.py:840} INFO - DAG(s) 'load_cb_courses' retrieved from /opt/airflow/dags/load_cb_courses.py
[2026-02-28T13:18:33.225+0000] {logging_mixin.py:188} INFO - [2026-02-28T13:18:33.224+0000] {dag.py:3089} INFO - Sync 1 DAGs
[2026-02-28T13:18:33.246+0000] {logging_mixin.py:188} INFO - [2026-02-28T13:18:33.246+0000] {dag.py:3947} INFO - Setting next_dagrun for load_cb_courses to 2026-02-28 00:00:00+00:00, run_after=2026-03-01 00:00:00+00:00
[2026-02-28T13:18:33.270+0000] {processor.py:183} INFO - Processing /opt/airflow/dags/load_cb_courses.py took 0.376 seconds
[2026-02-28T13:19:03.722+0000] {processor.py:161} INFO - Started process (PID=15655) to work on /opt/airflow/dags/load_cb_courses.py
[2026-02-28T13:19:03.723+0000] {processor.py:830} INFO - Processing file /opt/airflow/dags/load_cb_courses.py for tasks to queue
[2026-02-28T13:19:03.725+0000] {logging_mixin.py:188} INFO - [2026-02-28T13:19:03.725+0000] {dagbag.py:545} INFO - Filling up the DagBag from /opt/airflow/dags/load_cb_courses.py
[2026-02-28T13:19:04.031+0000] {processor.py:840} INFO - DAG(s) 'load_cb_courses' retrieved from /opt/airflow/dags/load_cb_courses.py
[2026-02-28T13:19:04.052+0000] {logging_mixin.py:188} INFO - [2026-02-28T13:19:04.052+0000] {dag.py:3089} INFO - Sync 1 DAGs
[2026-02-28T13:19:04.073+0000] {logging_mixin.py:188} INFO - [2026-02-28T13:19:04.073+0000] {dag.py:3947} INFO - Setting next_dagrun for load_cb_courses to 2026-02-28 00:00:00+00:00, run_after=2026-03-01 00:00:00+00:00
[2026-02-28T13:19:04.094+0000] {processor.py:183} INFO - Processing /opt/airflow/dags/load_cb_courses.py took 0.381 seconds
[2026-02-28T13:19:34.845+0000] {processor.py:161} INFO - Started process (PID=15693) to work on /opt/airflow/dags/load_cb_courses.py
[2026-02-28T13:19:34.846+0000] {processor.py:830} INFO - Processing file /opt/airflow/dags/load_cb_courses.py for tasks to queue
[2026-02-28T13:19:34.849+0000] {logging_mixin.py:188} INFO - [2026-02-28T13:19:34.849+0000] {dagbag.py:545} INFO - Filling up the DagBag from /opt/airflow/dags/load_cb_courses.py
[2026-02-28T13:19:35.241+0000] {processor.py:840} INFO - DAG(s) 'load_cb_courses' retrieved from /opt/airflow/dags/load_cb_courses.py
[2026-02-28T13:19:35.264+0000] {logging_mixin.py:188} INFO - [2026-02-28T13:19:35.264+0000] {dag.py:3089} INFO - Sync 1 DAGs
[2026-02-28T13:19:35.288+0000] {logging_mixin.py:188} INFO - [2026-02-28T13:19:35.288+0000] {dag.py:3947} INFO - Setting next_dagrun for load_cb_courses to 2026-02-28 00:00:00+00:00, run_after=2026-03-01 00:00:00+00:00
[2026-02-28T13:19:35.313+0000] {processor.py:183} INFO - Processing /opt/airflow/dags/load_cb_courses.py took 0.478 seconds
[2026-02-28T13:20:05.399+0000] {processor.py:161} INFO - Started process (PID=15723) to work on /opt/airflow/dags/load_cb_courses.py
[2026-02-28T13:20:05.400+0000] {processor.py:830} INFO - Processing file /opt/airflow/dags/load_cb_courses.py for tasks to queue
[2026-02-28T13:20:05.402+0000] {logging_mixin.py:188} INFO - [2026-02-28T13:20:05.402+0000] {dagbag.py:545} INFO - Filling up the DagBag from /opt/airflow/dags/load_cb_courses.py
[2026-02-28T13:20:05.704+0000] {processor.py:840} INFO - DAG(s) 'load_cb_courses' retrieved from /opt/airflow/dags/load_cb_courses.py
[2026-02-28T13:20:05.727+0000] {logging_mixin.py:188} INFO - [2026-02-28T13:20:05.726+0000] {dag.py:3089} INFO - Sync 1 DAGs
[2026-02-28T13:20:05.751+0000] {logging_mixin.py:188} INFO - [2026-02-28T13:20:05.751+0000] {dag.py:3947} INFO - Setting next_dagrun for load_cb_courses to 2026-02-28 00:00:00+00:00, run_after=2026-03-01 00:00:00+00:00
[2026-02-28T13:20:05.773+0000] {processor.py:183} INFO - Processing /opt/airflow/dags/load_cb_courses.py took 0.380 seconds
[2026-02-28T13:20:35.932+0000] {processor.py:161} INFO - Started process (PID=15754) to work on /opt/airflow/dags/load_cb_courses.py
[2026-02-28T13:20:35.933+0000] {processor.py:830} INFO - Processing file /opt/airflow/dags/load_cb_courses.py for tasks to queue
[2026-02-28T13:20:35.935+0000] {logging_mixin.py:188} INFO - [2026-02-28T13:20:35.934+0000] {dagbag.py:545} INFO - Filling up the DagBag from /opt/airflow/dags/load_cb_courses.py
[2026-02-28T13:20:36.264+0000] {processor.py:840} INFO - DAG(s) 'load_cb_courses' retrieved from /opt/airflow/dags/load_cb_courses.py
[2026-02-28T13:20:36.287+0000] {logging_mixin.py:188} INFO - [2026-02-28T13:20:36.287+0000] {dag.py:3089} INFO - Sync 1 DAGs
[2026-02-28T13:20:36.311+0000] {logging_mixin.py:188} INFO - [2026-02-28T13:20:36.311+0000] {dag.py:3947} INFO - Setting next_dagrun for load_cb_courses to 2026-02-28 00:00:00+00:00, run_after=2026-03-01 00:00:00+00:00
[2026-02-28T13:20:36.334+0000] {processor.py:183} INFO - Processing /opt/airflow/dags/load_cb_courses.py took 0.408 seconds
[2026-02-28T13:21:06.429+0000] {processor.py:161} INFO - Started process (PID=15793) to work on /opt/airflow/dags/load_cb_courses.py
[2026-02-28T13:21:06.430+0000] {processor.py:830} INFO - Processing file /opt/airflow/dags/load_cb_courses.py for tasks to queue
[2026-02-28T13:21:06.433+0000] {logging_mixin.py:188} INFO - [2026-02-28T13:21:06.432+0000] {dagbag.py:545} INFO - Filling up the DagBag from /opt/airflow/dags/load_cb_courses.py
[2026-02-28T13:21:06.753+0000] {processor.py:840} INFO - DAG(s) 'load_cb_courses' retrieved from /opt/airflow/dags/load_cb_courses.py
[2026-02-28T13:21:06.778+0000] {logging_mixin.py:188} INFO - [2026-02-28T13:21:06.778+0000] {dag.py:3089} INFO - Sync 1 DAGs
[2026-02-28T13:21:06.803+0000] {logging_mixin.py:188} INFO - [2026-02-28T13:21:06.803+0000] {dag.py:3947} INFO - Setting next_dagrun for load_cb_courses to 2026-02-28 00:00:00+00:00, run_after=2026-03-01 00:00:00+00:00
[2026-02-28T13:21:06.826+0000] {processor.py:183} INFO - Processing /opt/airflow/dags/load_cb_courses.py took 0.408 seconds
[2026-02-28T13:21:37.012+0000] {processor.py:161} INFO - Started process (PID=15823) to work on /opt/airflow/dags/load_cb_courses.py
[2026-02-28T13:21:37.014+0000] {processor.py:830} INFO - Processing file /opt/airflow/dags/load_cb_courses.py for tasks to queue
[2026-02-28T13:21:37.016+0000] {logging_mixin.py:188} INFO - [2026-02-28T13:21:37.016+0000] {dagbag.py:545} INFO - Filling up the DagBag from /opt/airflow/dags/load_cb_courses.py
[2026-02-28T13:21:37.413+0000] {processor.py:840} INFO - DAG(s) 'load_cb_courses' retrieved from /opt/airflow/dags/load_cb_courses.py
[2026-02-28T13:21:37.435+0000] {logging_mixin.py:188} INFO - [2026-02-28T13:21:37.435+0000] {dag.py:3089} INFO - Sync 1 DAGs
[2026-02-28T13:21:37.458+0000] {logging_mixin.py:188} INFO - [2026-02-28T13:21:37.457+0000] {dag.py:3947} INFO - Setting next_dagrun for load_cb_courses to 2026-02-28 00:00:00+00:00, run_after=2026-03-01 00:00:00+00:00
[2026-02-28T13:21:37.479+0000] {processor.py:183} INFO - Processing /opt/airflow/dags/load_cb_courses.py took 0.481 seconds
[2026-02-28T13:22:07.652+0000] {processor.py:161} INFO - Started process (PID=15854) to work on /opt/airflow/dags/load_cb_courses.py
[2026-02-28T13:22:07.653+0000] {processor.py:830} INFO - Processing file /opt/airflow/dags/load_cb_courses.py for tasks to queue
[2026-02-28T13:22:07.655+0000] {logging_mixin.py:188} INFO - [2026-02-28T13:22:07.655+0000] {dagbag.py:545} INFO - Filling up the DagBag from /opt/airflow/dags/load_cb_courses.py
[2026-02-28T13:22:07.953+0000] {processor.py:840} INFO - DAG(s) 'load_cb_courses' retrieved from /opt/airflow/dags/load_cb_courses.py
[2026-02-28T13:22:07.980+0000] {logging_mixin.py:188} INFO - [2026-02-28T13:22:07.980+0000] {dag.py:3089} INFO - Sync 1 DAGs
[2026-02-28T13:22:08.007+0000] {logging_mixin.py:188} INFO - [2026-02-28T13:22:08.007+0000] {dag.py:3947} INFO - Setting next_dagrun for load_cb_courses to 2026-02-28 00:00:00+00:00, run_after=2026-03-01 00:00:00+00:00
[2026-02-28T13:22:08.032+0000] {processor.py:183} INFO - Processing /opt/airflow/dags/load_cb_courses.py took 0.387 seconds
[2026-02-28T13:22:38.222+0000] {processor.py:161} INFO - Started process (PID=15892) to work on /opt/airflow/dags/load_cb_courses.py
[2026-02-28T13:22:38.223+0000] {processor.py:830} INFO - Processing file /opt/airflow/dags/load_cb_courses.py for tasks to queue
[2026-02-28T13:22:38.226+0000] {logging_mixin.py:188} INFO - [2026-02-28T13:22:38.225+0000] {dagbag.py:545} INFO - Filling up the DagBag from /opt/airflow/dags/load_cb_courses.py
[2026-02-28T13:22:38.515+0000] {processor.py:840} INFO - DAG(s) 'load_cb_courses' retrieved from /opt/airflow/dags/load_cb_courses.py
[2026-02-28T13:22:38.536+0000] {logging_mixin.py:188} INFO - [2026-02-28T13:22:38.536+0000] {dag.py:3089} INFO - Sync 1 DAGs
[2026-02-28T13:22:38.560+0000] {logging_mixin.py:188} INFO - [2026-02-28T13:22:38.559+0000] {dag.py:3947} INFO - Setting next_dagrun for load_cb_courses to 2026-02-28 00:00:00+00:00, run_after=2026-03-01 00:00:00+00:00
[2026-02-28T13:22:38.581+0000] {processor.py:183} INFO - Processing /opt/airflow/dags/load_cb_courses.py took 0.366 seconds
[2026-02-28T13:23:08.791+0000] {processor.py:161} INFO - Started process (PID=15923) to work on /opt/airflow/dags/load_cb_courses.py
[2026-02-28T13:23:08.792+0000] {processor.py:830} INFO - Processing file /opt/airflow/dags/load_cb_courses.py for tasks to queue
[2026-02-28T13:23:08.794+0000] {logging_mixin.py:188} INFO - [2026-02-28T13:23:08.794+0000] {dagbag.py:545} INFO - Filling up the DagBag from /opt/airflow/dags/load_cb_courses.py
[2026-02-28T13:23:09.145+0000] {processor.py:840} INFO - DAG(s) 'load_cb_courses' retrieved from /opt/airflow/dags/load_cb_courses.py
[2026-02-28T13:23:09.172+0000] {logging_mixin.py:188} INFO - [2026-02-28T13:23:09.171+0000] {dag.py:3089} INFO - Sync 1 DAGs
[2026-02-28T13:23:09.198+0000] {logging_mixin.py:188} INFO - [2026-02-28T13:23:09.198+0000] {dag.py:3947} INFO - Setting next_dagrun for load_cb_courses to 2026-02-28 00:00:00+00:00, run_after=2026-03-01 00:00:00+00:00
[2026-02-28T13:23:09.225+0000] {processor.py:183} INFO - Processing /opt/airflow/dags/load_cb_courses.py took 0.441 seconds
[2026-02-28T13:23:39.329+0000] {processor.py:161} INFO - Started process (PID=15954) to work on /opt/airflow/dags/load_cb_courses.py
[2026-02-28T13:23:39.330+0000] {processor.py:830} INFO - Processing file /opt/airflow/dags/load_cb_courses.py for tasks to queue
[2026-02-28T13:23:39.332+0000] {logging_mixin.py:188} INFO - [2026-02-28T13:23:39.332+0000] {dagbag.py:545} INFO - Filling up the DagBag from /opt/airflow/dags/load_cb_courses.py
[2026-02-28T13:23:39.636+0000] {processor.py:840} INFO - DAG(s) 'load_cb_courses' retrieved from /opt/airflow/dags/load_cb_courses.py
[2026-02-28T13:23:39.657+0000] {logging_mixin.py:188} INFO - [2026-02-28T13:23:39.656+0000] {dag.py:3089} INFO - Sync 1 DAGs
[2026-02-28T13:23:39.678+0000] {logging_mixin.py:188} INFO - [2026-02-28T13:23:39.678+0000] {dag.py:3947} INFO - Setting next_dagrun for load_cb_courses to 2026-02-28 00:00:00+00:00, run_after=2026-03-01 00:00:00+00:00
[2026-02-28T13:23:39.702+0000] {processor.py:183} INFO - Processing /opt/airflow/dags/load_cb_courses.py took 0.380 seconds
[2026-02-28T13:24:10.178+0000] {processor.py:161} INFO - Started process (PID=15995) to work on /opt/airflow/dags/load_cb_courses.py
[2026-02-28T13:24:10.179+0000] {processor.py:830} INFO - Processing file /opt/airflow/dags/load_cb_courses.py for tasks to queue
[2026-02-28T13:24:10.181+0000] {logging_mixin.py:188} INFO - [2026-02-28T13:24:10.181+0000] {dagbag.py:545} INFO - Filling up the DagBag from /opt/airflow/dags/load_cb_courses.py
[2026-02-28T13:24:10.478+0000] {processor.py:840} INFO - DAG(s) 'load_cb_courses' retrieved from /opt/airflow/dags/load_cb_courses.py
[2026-02-28T13:24:10.501+0000] {logging_mixin.py:188} INFO - [2026-02-28T13:24:10.501+0000] {dag.py:3089} INFO - Sync 1 DAGs
[2026-02-28T13:24:10.525+0000] {logging_mixin.py:188} INFO - [2026-02-28T13:24:10.524+0000] {dag.py:3947} INFO - Setting next_dagrun for load_cb_courses to 2026-02-28 00:00:00+00:00, run_after=2026-03-01 00:00:00+00:00
[2026-02-28T13:24:10.551+0000] {processor.py:183} INFO - Processing /opt/airflow/dags/load_cb_courses.py took 0.379 seconds
[2026-02-28T13:24:40.745+0000] {processor.py:161} INFO - Started process (PID=16024) to work on /opt/airflow/dags/load_cb_courses.py
[2026-02-28T13:24:40.746+0000] {processor.py:830} INFO - Processing file /opt/airflow/dags/load_cb_courses.py for tasks to queue
[2026-02-28T13:24:40.748+0000] {logging_mixin.py:188} INFO - [2026-02-28T13:24:40.748+0000] {dagbag.py:545} INFO - Filling up the DagBag from /opt/airflow/dags/load_cb_courses.py
[2026-02-28T13:24:41.066+0000] {processor.py:840} INFO - DAG(s) 'load_cb_courses' retrieved from /opt/airflow/dags/load_cb_courses.py
[2026-02-28T13:24:41.088+0000] {logging_mixin.py:188} INFO - [2026-02-28T13:24:41.088+0000] {dag.py:3089} INFO - Sync 1 DAGs
[2026-02-28T13:24:41.112+0000] {logging_mixin.py:188} INFO - [2026-02-28T13:24:41.111+0000] {dag.py:3947} INFO - Setting next_dagrun for load_cb_courses to 2026-02-28 00:00:00+00:00, run_after=2026-03-01 00:00:00+00:00
[2026-02-28T13:24:41.134+0000] {processor.py:183} INFO - Processing /opt/airflow/dags/load_cb_courses.py took 0.397 seconds
[2026-02-28T13:25:11.543+0000] {processor.py:161} INFO - Started process (PID=16060) to work on /opt/airflow/dags/load_cb_courses.py
[2026-02-28T13:25:11.545+0000] {processor.py:830} INFO - Processing file /opt/airflow/dags/load_cb_courses.py for tasks to queue
[2026-02-28T13:25:11.547+0000] {logging_mixin.py:188} INFO - [2026-02-28T13:25:11.547+0000] {dagbag.py:545} INFO - Filling up the DagBag from /opt/airflow/dags/load_cb_courses.py
[2026-02-28T13:25:11.883+0000] {processor.py:840} INFO - DAG(s) 'load_cb_courses' retrieved from /opt/airflow/dags/load_cb_courses.py
[2026-02-28T13:25:11.908+0000] {logging_mixin.py:188} INFO - [2026-02-28T13:25:11.907+0000] {dag.py:3089} INFO - Sync 1 DAGs
[2026-02-28T13:25:11.941+0000] {logging_mixin.py:188} INFO - [2026-02-28T13:25:11.941+0000] {dag.py:3947} INFO - Setting next_dagrun for load_cb_courses to 2026-02-28 00:00:00+00:00, run_after=2026-03-01 00:00:00+00:00
[2026-02-28T13:25:11.972+0000] {processor.py:183} INFO - Processing /opt/airflow/dags/load_cb_courses.py took 0.435 seconds
[2026-02-28T13:25:42.442+0000] {processor.py:161} INFO - Started process (PID=16091) to work on /opt/airflow/dags/load_cb_courses.py
[2026-02-28T13:25:42.443+0000] {processor.py:830} INFO - Processing file /opt/airflow/dags/load_cb_courses.py for tasks to queue
[2026-02-28T13:25:42.445+0000] {logging_mixin.py:188} INFO - [2026-02-28T13:25:42.445+0000] {dagbag.py:545} INFO - Filling up the DagBag from /opt/airflow/dags/load_cb_courses.py
[2026-02-28T13:25:42.744+0000] {processor.py:840} INFO - DAG(s) 'load_cb_courses' retrieved from /opt/airflow/dags/load_cb_courses.py
[2026-02-28T13:25:42.766+0000] {logging_mixin.py:188} INFO - [2026-02-28T13:25:42.766+0000] {dag.py:3089} INFO - Sync 1 DAGs
[2026-02-28T13:25:42.788+0000] {logging_mixin.py:188} INFO - [2026-02-28T13:25:42.787+0000] {dag.py:3947} INFO - Setting next_dagrun for load_cb_courses to 2026-02-28 00:00:00+00:00, run_after=2026-03-01 00:00:00+00:00
[2026-02-28T13:25:42.810+0000] {processor.py:183} INFO - Processing /opt/airflow/dags/load_cb_courses.py took 0.376 seconds
[2026-02-28T13:26:12.978+0000] {processor.py:161} INFO - Started process (PID=16122) to work on /opt/airflow/dags/load_cb_courses.py
[2026-02-28T13:26:12.979+0000] {processor.py:830} INFO - Processing file /opt/airflow/dags/load_cb_courses.py for tasks to queue
[2026-02-28T13:26:12.981+0000] {logging_mixin.py:188} INFO - [2026-02-28T13:26:12.980+0000] {dagbag.py:545} INFO - Filling up the DagBag from /opt/airflow/dags/load_cb_courses.py
[2026-02-28T13:26:13.273+0000] {processor.py:840} INFO - DAG(s) 'load_cb_courses' retrieved from /opt/airflow/dags/load_cb_courses.py
[2026-02-28T13:26:13.293+0000] {logging_mixin.py:188} INFO - [2026-02-28T13:26:13.293+0000] {dag.py:3089} INFO - Sync 1 DAGs
[2026-02-28T13:26:13.318+0000] {logging_mixin.py:188} INFO - [2026-02-28T13:26:13.318+0000] {dag.py:3947} INFO - Setting next_dagrun for load_cb_courses to 2026-02-28 00:00:00+00:00, run_after=2026-03-01 00:00:00+00:00
[2026-02-28T13:26:13.340+0000] {processor.py:183} INFO - Processing /opt/airflow/dags/load_cb_courses.py took 0.369 seconds
[2026-02-28T13:26:43.502+0000] {processor.py:161} INFO - Started process (PID=16160) to work on /opt/airflow/dags/load_cb_courses.py
[2026-02-28T13:26:43.503+0000] {processor.py:830} INFO - Processing file /opt/airflow/dags/load_cb_courses.py for tasks to queue
[2026-02-28T13:26:43.505+0000] {logging_mixin.py:188} INFO - [2026-02-28T13:26:43.505+0000] {dagbag.py:545} INFO - Filling up the DagBag from /opt/airflow/dags/load_cb_courses.py
[2026-02-28T13:26:43.880+0000] {processor.py:840} INFO - DAG(s) 'load_cb_courses' retrieved from /opt/airflow/dags/load_cb_courses.py
[2026-02-28T13:26:43.923+0000] {logging_mixin.py:188} INFO - [2026-02-28T13:26:43.923+0000] {dag.py:3089} INFO - Sync 1 DAGs
[2026-02-28T13:26:43.964+0000] {logging_mixin.py:188} INFO - [2026-02-28T13:26:43.964+0000] {dag.py:3947} INFO - Setting next_dagrun for load_cb_courses to 2026-02-28 00:00:00+00:00, run_after=2026-03-01 00:00:00+00:00
[2026-02-28T13:26:44.176+0000] {processor.py:183} INFO - Processing /opt/airflow/dags/load_cb_courses.py took 0.681 seconds
[2026-02-28T13:27:15.300+0000] {processor.py:161} INFO - Started process (PID=16194) to work on /opt/airflow/dags/load_cb_courses.py
[2026-02-28T13:27:15.302+0000] {processor.py:830} INFO - Processing file /opt/airflow/dags/load_cb_courses.py for tasks to queue
[2026-02-28T13:27:15.305+0000] {logging_mixin.py:188} INFO - [2026-02-28T13:27:15.304+0000] {dagbag.py:545} INFO - Filling up the DagBag from /opt/airflow/dags/load_cb_courses.py
[2026-02-28T13:27:15.628+0000] {processor.py:840} INFO - DAG(s) 'load_cb_courses' retrieved from /opt/airflow/dags/load_cb_courses.py
[2026-02-28T13:27:15.649+0000] {logging_mixin.py:188} INFO - [2026-02-28T13:27:15.649+0000] {dag.py:3089} INFO - Sync 1 DAGs
[2026-02-28T13:27:15.670+0000] {logging_mixin.py:188} INFO - [2026-02-28T13:27:15.670+0000] {dag.py:3947} INFO - Setting next_dagrun for load_cb_courses to 2026-02-28 00:00:00+00:00, run_after=2026-03-01 00:00:00+00:00
[2026-02-28T13:27:15.690+0000] {processor.py:183} INFO - Processing /opt/airflow/dags/load_cb_courses.py took 0.398 seconds
[2026-02-28T13:27:46.472+0000] {processor.py:161} INFO - Started process (PID=16232) to work on /opt/airflow/dags/load_cb_courses.py
[2026-02-28T13:27:46.473+0000] {processor.py:830} INFO - Processing file /opt/airflow/dags/load_cb_courses.py for tasks to queue
[2026-02-28T13:27:46.475+0000] {logging_mixin.py:188} INFO - [2026-02-28T13:27:46.475+0000] {dagbag.py:545} INFO - Filling up the DagBag from /opt/airflow/dags/load_cb_courses.py
[2026-02-28T13:27:46.809+0000] {processor.py:840} INFO - DAG(s) 'load_cb_courses' retrieved from /opt/airflow/dags/load_cb_courses.py
[2026-02-28T13:27:46.834+0000] {logging_mixin.py:188} INFO - [2026-02-28T13:27:46.834+0000] {dag.py:3089} INFO - Sync 1 DAGs
[2026-02-28T13:27:46.859+0000] {logging_mixin.py:188} INFO - [2026-02-28T13:27:46.858+0000] {dag.py:3947} INFO - Setting next_dagrun for load_cb_courses to 2026-02-28 00:00:00+00:00, run_after=2026-03-01 00:00:00+00:00
[2026-02-28T13:27:46.881+0000] {processor.py:183} INFO - Processing /opt/airflow/dags/load_cb_courses.py took 0.416 seconds
[2026-02-28T13:28:17.316+0000] {processor.py:161} INFO - Started process (PID=16264) to work on /opt/airflow/dags/load_cb_courses.py
[2026-02-28T13:28:17.317+0000] {processor.py:830} INFO - Processing file /opt/airflow/dags/load_cb_courses.py for tasks to queue
[2026-02-28T13:28:17.319+0000] {logging_mixin.py:188} INFO - [2026-02-28T13:28:17.319+0000] {dagbag.py:545} INFO - Filling up the DagBag from /opt/airflow/dags/load_cb_courses.py
[2026-02-28T13:28:17.648+0000] {processor.py:840} INFO - DAG(s) 'load_cb_courses' retrieved from /opt/airflow/dags/load_cb_courses.py
[2026-02-28T13:28:17.671+0000] {logging_mixin.py:188} INFO - [2026-02-28T13:28:17.670+0000] {dag.py:3089} INFO - Sync 1 DAGs
[2026-02-28T13:28:17.694+0000] {logging_mixin.py:188} INFO - [2026-02-28T13:28:17.694+0000] {dag.py:3947} INFO - Setting next_dagrun for load_cb_courses to 2026-02-28 00:00:00+00:00, run_after=2026-03-01 00:00:00+00:00
[2026-02-28T13:28:17.717+0000] {processor.py:183} INFO - Processing /opt/airflow/dags/load_cb_courses.py took 0.408 seconds
[2026-02-28T13:28:48.058+0000] {processor.py:161} INFO - Started process (PID=16296) to work on /opt/airflow/dags/load_cb_courses.py
[2026-02-28T13:28:48.060+0000] {processor.py:830} INFO - Processing file /opt/airflow/dags/load_cb_courses.py for tasks to queue
[2026-02-28T13:28:48.064+0000] {logging_mixin.py:188} INFO - [2026-02-28T13:28:48.063+0000] {dagbag.py:545} INFO - Filling up the DagBag from /opt/airflow/dags/load_cb_courses.py
[2026-02-28T13:28:48.456+0000] {processor.py:840} INFO - DAG(s) 'load_cb_courses' retrieved from /opt/airflow/dags/load_cb_courses.py
[2026-02-28T13:28:48.488+0000] {logging_mixin.py:188} INFO - [2026-02-28T13:28:48.487+0000] {dag.py:3089} INFO - Sync 1 DAGs
[2026-02-28T13:28:48.522+0000] {logging_mixin.py:188} INFO - [2026-02-28T13:28:48.521+0000] {dag.py:3947} INFO - Setting next_dagrun for load_cb_courses to 2026-02-28 00:00:00+00:00, run_after=2026-03-01 00:00:00+00:00
[2026-02-28T13:28:48.552+0000] {processor.py:183} INFO - Processing /opt/airflow/dags/load_cb_courses.py took 0.503 seconds
[2026-02-28T13:29:19.020+0000] {processor.py:161} INFO - Started process (PID=16331) to work on /opt/airflow/dags/load_cb_courses.py
[2026-02-28T13:29:19.022+0000] {processor.py:830} INFO - Processing file /opt/airflow/dags/load_cb_courses.py for tasks to queue
[2026-02-28T13:29:19.024+0000] {logging_mixin.py:188} INFO - [2026-02-28T13:29:19.023+0000] {dagbag.py:545} INFO - Filling up the DagBag from /opt/airflow/dags/load_cb_courses.py
[2026-02-28T13:29:19.364+0000] {processor.py:840} INFO - DAG(s) 'load_cb_courses' retrieved from /opt/airflow/dags/load_cb_courses.py
[2026-02-28T13:29:19.386+0000] {logging_mixin.py:188} INFO - [2026-02-28T13:29:19.385+0000] {dag.py:3089} INFO - Sync 1 DAGs
[2026-02-28T13:29:19.407+0000] {logging_mixin.py:188} INFO - [2026-02-28T13:29:19.407+0000] {dag.py:3947} INFO - Setting next_dagrun for load_cb_courses to 2026-02-28 00:00:00+00:00, run_after=2026-03-01 00:00:00+00:00
[2026-02-28T13:29:19.428+0000] {processor.py:183} INFO - Processing /opt/airflow/dags/load_cb_courses.py took 0.414 seconds
[2026-02-28T13:29:49.531+0000] {processor.py:161} INFO - Started process (PID=16362) to work on /opt/airflow/dags/load_cb_courses.py
[2026-02-28T13:29:49.532+0000] {processor.py:830} INFO - Processing file /opt/airflow/dags/load_cb_courses.py for tasks to queue
[2026-02-28T13:29:49.534+0000] {logging_mixin.py:188} INFO - [2026-02-28T13:29:49.534+0000] {dagbag.py:545} INFO - Filling up the DagBag from /opt/airflow/dags/load_cb_courses.py
[2026-02-28T13:29:49.848+0000] {processor.py:840} INFO - DAG(s) 'load_cb_courses' retrieved from /opt/airflow/dags/load_cb_courses.py
[2026-02-28T13:29:49.874+0000] {logging_mixin.py:188} INFO - [2026-02-28T13:29:49.873+0000] {dag.py:3089} INFO - Sync 1 DAGs
[2026-02-28T13:29:49.899+0000] {logging_mixin.py:188} INFO - [2026-02-28T13:29:49.899+0000] {dag.py:3947} INFO - Setting next_dagrun for load_cb_courses to 2026-02-28 00:00:00+00:00, run_after=2026-03-01 00:00:00+00:00
[2026-02-28T13:29:49.932+0000] {processor.py:183} INFO - Processing /opt/airflow/dags/load_cb_courses.py took 0.406 seconds
[2026-02-28T13:30:20.234+0000] {processor.py:161} INFO - Started process (PID=16393) to work on /opt/airflow/dags/load_cb_courses.py
[2026-02-28T13:30:20.236+0000] {processor.py:830} INFO - Processing file /opt/airflow/dags/load_cb_courses.py for tasks to queue
[2026-02-28T13:30:20.238+0000] {logging_mixin.py:188} INFO - [2026-02-28T13:30:20.238+0000] {dagbag.py:545} INFO - Filling up the DagBag from /opt/airflow/dags/load_cb_courses.py
[2026-02-28T13:30:20.591+0000] {processor.py:840} INFO - DAG(s) 'load_cb_courses' retrieved from /opt/airflow/dags/load_cb_courses.py
[2026-02-28T13:30:20.614+0000] {logging_mixin.py:188} INFO - [2026-02-28T13:30:20.613+0000] {dag.py:3089} INFO - Sync 1 DAGs
[2026-02-28T13:30:20.645+0000] {logging_mixin.py:188} INFO - [2026-02-28T13:30:20.645+0000] {dag.py:3947} INFO - Setting next_dagrun for load_cb_courses to 2026-02-28 00:00:00+00:00, run_after=2026-03-01 00:00:00+00:00
[2026-02-28T13:30:20.677+0000] {processor.py:183} INFO - Processing /opt/airflow/dags/load_cb_courses.py took 0.450 seconds
[2026-02-28T13:30:51.149+0000] {processor.py:161} INFO - Started process (PID=16432) to work on /opt/airflow/dags/load_cb_courses.py
[2026-02-28T13:30:51.153+0000] {processor.py:830} INFO - Processing file /opt/airflow/dags/load_cb_courses.py for tasks to queue
[2026-02-28T13:30:51.160+0000] {logging_mixin.py:188} INFO - [2026-02-28T13:30:51.159+0000] {dagbag.py:545} INFO - Filling up the DagBag from /opt/airflow/dags/load_cb_courses.py
[2026-02-28T13:30:51.619+0000] {processor.py:840} INFO - DAG(s) 'load_cb_courses' retrieved from /opt/airflow/dags/load_cb_courses.py
[2026-02-28T13:30:51.651+0000] {logging_mixin.py:188} INFO - [2026-02-28T13:30:51.651+0000] {dag.py:3089} INFO - Sync 1 DAGs
[2026-02-28T13:30:51.677+0000] {logging_mixin.py:188} INFO - [2026-02-28T13:30:51.676+0000] {dag.py:3947} INFO - Setting next_dagrun for load_cb_courses to 2026-02-28 00:00:00+00:00, run_after=2026-03-01 00:00:00+00:00
[2026-02-28T13:30:51.707+0000] {processor.py:183} INFO - Processing /opt/airflow/dags/load_cb_courses.py took 0.568 seconds
[2026-02-28T13:31:22.148+0000] {processor.py:161} INFO - Started process (PID=16462) to work on /opt/airflow/dags/load_cb_courses.py
[2026-02-28T13:31:22.149+0000] {processor.py:830} INFO - Processing file /opt/airflow/dags/load_cb_courses.py for tasks to queue
[2026-02-28T13:31:22.152+0000] {logging_mixin.py:188} INFO - [2026-02-28T13:31:22.151+0000] {dagbag.py:545} INFO - Filling up the DagBag from /opt/airflow/dags/load_cb_courses.py
[2026-02-28T13:31:22.469+0000] {processor.py:840} INFO - DAG(s) 'load_cb_courses' retrieved from /opt/airflow/dags/load_cb_courses.py
[2026-02-28T13:31:22.493+0000] {logging_mixin.py:188} INFO - [2026-02-28T13:31:22.492+0000] {dag.py:3089} INFO - Sync 1 DAGs
[2026-02-28T13:31:22.517+0000] {logging_mixin.py:188} INFO - [2026-02-28T13:31:22.516+0000] {dag.py:3947} INFO - Setting next_dagrun for load_cb_courses to 2026-02-28 00:00:00+00:00, run_after=2026-03-01 00:00:00+00:00
[2026-02-28T13:31:22.539+0000] {processor.py:183} INFO - Processing /opt/airflow/dags/load_cb_courses.py took 0.398 seconds
[2026-02-28T13:31:52.995+0000] {processor.py:161} INFO - Started process (PID=16501) to work on /opt/airflow/dags/load_cb_courses.py
[2026-02-28T13:31:52.997+0000] {processor.py:830} INFO - Processing file /opt/airflow/dags/load_cb_courses.py for tasks to queue
[2026-02-28T13:31:52.999+0000] {logging_mixin.py:188} INFO - [2026-02-28T13:31:52.998+0000] {dagbag.py:545} INFO - Filling up the DagBag from /opt/airflow/dags/load_cb_courses.py
[2026-02-28T13:31:53.335+0000] {processor.py:840} INFO - DAG(s) 'load_cb_courses' retrieved from /opt/airflow/dags/load_cb_courses.py
[2026-02-28T13:31:53.366+0000] {logging_mixin.py:188} INFO - [2026-02-28T13:31:53.365+0000] {dag.py:3089} INFO - Sync 1 DAGs
[2026-02-28T13:31:53.394+0000] {logging_mixin.py:188} INFO - [2026-02-28T13:31:53.394+0000] {dag.py:3947} INFO - Setting next_dagrun for load_cb_courses to 2026-02-28 00:00:00+00:00, run_after=2026-03-01 00:00:00+00:00
[2026-02-28T13:31:53.433+0000] {processor.py:183} INFO - Processing /opt/airflow/dags/load_cb_courses.py took 0.444 seconds
[2026-02-28T13:32:23.965+0000] {processor.py:161} INFO - Started process (PID=16531) to work on /opt/airflow/dags/load_cb_courses.py
[2026-02-28T13:32:23.966+0000] {processor.py:830} INFO - Processing file /opt/airflow/dags/load_cb_courses.py for tasks to queue
[2026-02-28T13:32:23.968+0000] {logging_mixin.py:188} INFO - [2026-02-28T13:32:23.967+0000] {dagbag.py:545} INFO - Filling up the DagBag from /opt/airflow/dags/load_cb_courses.py
[2026-02-28T13:32:24.286+0000] {processor.py:840} INFO - DAG(s) 'load_cb_courses' retrieved from /opt/airflow/dags/load_cb_courses.py
[2026-02-28T13:32:24.319+0000] {logging_mixin.py:188} INFO - [2026-02-28T13:32:24.319+0000] {dag.py:3089} INFO - Sync 1 DAGs
[2026-02-28T13:32:24.347+0000] {logging_mixin.py:188} INFO - [2026-02-28T13:32:24.347+0000] {dag.py:3947} INFO - Setting next_dagrun for load_cb_courses to 2026-02-28 00:00:00+00:00, run_after=2026-03-01 00:00:00+00:00
[2026-02-28T13:32:24.904+0000] {processor.py:183} INFO - Processing /opt/airflow/dags/load_cb_courses.py took 0.945 seconds
[2026-02-28T13:32:55.631+0000] {processor.py:161} INFO - Started process (PID=16563) to work on /opt/airflow/dags/load_cb_courses.py
[2026-02-28T13:32:55.633+0000] {processor.py:830} INFO - Processing file /opt/airflow/dags/load_cb_courses.py for tasks to queue
[2026-02-28T13:32:55.635+0000] {logging_mixin.py:188} INFO - [2026-02-28T13:32:55.635+0000] {dagbag.py:545} INFO - Filling up the DagBag from /opt/airflow/dags/load_cb_courses.py
[2026-02-28T13:32:55.941+0000] {processor.py:840} INFO - DAG(s) 'load_cb_courses' retrieved from /opt/airflow/dags/load_cb_courses.py
[2026-02-28T13:32:55.961+0000] {logging_mixin.py:188} INFO - [2026-02-28T13:32:55.961+0000] {dag.py:3089} INFO - Sync 1 DAGs
[2026-02-28T13:32:55.984+0000] {logging_mixin.py:188} INFO - [2026-02-28T13:32:55.984+0000] {dag.py:3947} INFO - Setting next_dagrun for load_cb_courses to 2026-02-28 00:00:00+00:00, run_after=2026-03-01 00:00:00+00:00
[2026-02-28T13:32:56.007+0000] {processor.py:183} INFO - Processing /opt/airflow/dags/load_cb_courses.py took 0.383 seconds
[2026-02-28T13:33:26.458+0000] {processor.py:161} INFO - Started process (PID=16602) to work on /opt/airflow/dags/load_cb_courses.py
[2026-02-28T13:33:26.459+0000] {processor.py:830} INFO - Processing file /opt/airflow/dags/load_cb_courses.py for tasks to queue
[2026-02-28T13:33:26.463+0000] {logging_mixin.py:188} INFO - [2026-02-28T13:33:26.462+0000] {dagbag.py:545} INFO - Filling up the DagBag from /opt/airflow/dags/load_cb_courses.py
[2026-02-28T13:33:26.860+0000] {processor.py:840} INFO - DAG(s) 'load_cb_courses' retrieved from /opt/airflow/dags/load_cb_courses.py
[2026-02-28T13:33:26.887+0000] {logging_mixin.py:188} INFO - [2026-02-28T13:33:26.887+0000] {dag.py:3089} INFO - Sync 1 DAGs
[2026-02-28T13:33:26.914+0000] {logging_mixin.py:188} INFO - [2026-02-28T13:33:26.913+0000] {dag.py:3947} INFO - Setting next_dagrun for load_cb_courses to 2026-02-28 00:00:00+00:00, run_after=2026-03-01 00:00:00+00:00
[2026-02-28T13:33:26.938+0000] {processor.py:183} INFO - Processing /opt/airflow/dags/load_cb_courses.py took 0.489 seconds
[2026-02-28T13:33:57.447+0000] {processor.py:161} INFO - Started process (PID=16633) to work on /opt/airflow/dags/load_cb_courses.py
[2026-02-28T13:33:57.448+0000] {processor.py:830} INFO - Processing file /opt/airflow/dags/load_cb_courses.py for tasks to queue
[2026-02-28T13:33:57.451+0000] {logging_mixin.py:188} INFO - [2026-02-28T13:33:57.450+0000] {dagbag.py:545} INFO - Filling up the DagBag from /opt/airflow/dags/load_cb_courses.py
[2026-02-28T13:33:57.788+0000] {processor.py:840} INFO - DAG(s) 'load_cb_courses' retrieved from /opt/airflow/dags/load_cb_courses.py
[2026-02-28T13:33:57.812+0000] {logging_mixin.py:188} INFO - [2026-02-28T13:33:57.812+0000] {dag.py:3089} INFO - Sync 1 DAGs
[2026-02-28T13:33:57.836+0000] {logging_mixin.py:188} INFO - [2026-02-28T13:33:57.836+0000] {dag.py:3947} INFO - Setting next_dagrun for load_cb_courses to 2026-02-28 00:00:00+00:00, run_after=2026-03-01 00:00:00+00:00
[2026-02-28T13:33:57.858+0000] {processor.py:183} INFO - Processing /opt/airflow/dags/load_cb_courses.py took 0.417 seconds
[2026-02-28T13:34:28.453+0000] {processor.py:161} INFO - Started process (PID=16672) to work on /opt/airflow/dags/load_cb_courses.py
[2026-02-28T13:34:28.454+0000] {processor.py:830} INFO - Processing file /opt/airflow/dags/load_cb_courses.py for tasks to queue
[2026-02-28T13:34:28.457+0000] {logging_mixin.py:188} INFO - [2026-02-28T13:34:28.456+0000] {dagbag.py:545} INFO - Filling up the DagBag from /opt/airflow/dags/load_cb_courses.py
[2026-02-28T13:34:28.776+0000] {processor.py:840} INFO - DAG(s) 'load_cb_courses' retrieved from /opt/airflow/dags/load_cb_courses.py
[2026-02-28T13:34:28.804+0000] {logging_mixin.py:188} INFO - [2026-02-28T13:34:28.803+0000] {dag.py:3089} INFO - Sync 1 DAGs
[2026-02-28T13:34:28.827+0000] {logging_mixin.py:188} INFO - [2026-02-28T13:34:28.827+0000] {dag.py:3947} INFO - Setting next_dagrun for load_cb_courses to 2026-02-28 00:00:00+00:00, run_after=2026-03-01 00:00:00+00:00
[2026-02-28T13:34:29.011+0000] {processor.py:183} INFO - Processing /opt/airflow/dags/load_cb_courses.py took 0.565 seconds
[2026-02-28T13:34:59.157+0000] {processor.py:161} INFO - Started process (PID=16703) to work on /opt/airflow/dags/load_cb_courses.py
[2026-02-28T13:34:59.158+0000] {processor.py:830} INFO - Processing file /opt/airflow/dags/load_cb_courses.py for tasks to queue
[2026-02-28T13:34:59.160+0000] {logging_mixin.py:188} INFO - [2026-02-28T13:34:59.160+0000] {dagbag.py:545} INFO - Filling up the DagBag from /opt/airflow/dags/load_cb_courses.py
[2026-02-28T13:34:59.512+0000] {processor.py:840} INFO - DAG(s) 'load_cb_courses' retrieved from /opt/airflow/dags/load_cb_courses.py
[2026-02-28T13:34:59.545+0000] {logging_mixin.py:188} INFO - [2026-02-28T13:34:59.545+0000] {dag.py:3089} INFO - Sync 1 DAGs
[2026-02-28T13:34:59.587+0000] {logging_mixin.py:188} INFO - [2026-02-28T13:34:59.586+0000] {dag.py:3947} INFO - Setting next_dagrun for load_cb_courses to 2026-02-28 00:00:00+00:00, run_after=2026-03-01 00:00:00+00:00
[2026-02-28T13:34:59.645+0000] {processor.py:183} INFO - Processing /opt/airflow/dags/load_cb_courses.py took 0.496 seconds
[2026-02-28T13:35:30.553+0000] {processor.py:161} INFO - Started process (PID=16734) to work on /opt/airflow/dags/load_cb_courses.py
[2026-02-28T13:35:30.554+0000] {processor.py:830} INFO - Processing file /opt/airflow/dags/load_cb_courses.py for tasks to queue
[2026-02-28T13:35:30.556+0000] {logging_mixin.py:188} INFO - [2026-02-28T13:35:30.556+0000] {dagbag.py:545} INFO - Filling up the DagBag from /opt/airflow/dags/load_cb_courses.py
[2026-02-28T13:35:30.858+0000] {processor.py:840} INFO - DAG(s) 'load_cb_courses' retrieved from /opt/airflow/dags/load_cb_courses.py
[2026-02-28T13:35:30.880+0000] {logging_mixin.py:188} INFO - [2026-02-28T13:35:30.880+0000] {dag.py:3089} INFO - Sync 1 DAGs
[2026-02-28T13:35:30.903+0000] {logging_mixin.py:188} INFO - [2026-02-28T13:35:30.902+0000] {dag.py:3947} INFO - Setting next_dagrun for load_cb_courses to 2026-02-28 00:00:00+00:00, run_after=2026-03-01 00:00:00+00:00
[2026-02-28T13:35:30.927+0000] {processor.py:183} INFO - Processing /opt/airflow/dags/load_cb_courses.py took 0.382 seconds
[2026-02-28T13:36:01.154+0000] {processor.py:161} INFO - Started process (PID=16773) to work on /opt/airflow/dags/load_cb_courses.py
[2026-02-28T13:36:01.156+0000] {processor.py:830} INFO - Processing file /opt/airflow/dags/load_cb_courses.py for tasks to queue
[2026-02-28T13:36:01.161+0000] {logging_mixin.py:188} INFO - [2026-02-28T13:36:01.160+0000] {dagbag.py:545} INFO - Filling up the DagBag from /opt/airflow/dags/load_cb_courses.py
[2026-02-28T13:36:01.535+0000] {processor.py:840} INFO - DAG(s) 'load_cb_courses' retrieved from /opt/airflow/dags/load_cb_courses.py
[2026-02-28T13:36:01.578+0000] {logging_mixin.py:188} INFO - [2026-02-28T13:36:01.578+0000] {dag.py:3089} INFO - Sync 1 DAGs
[2026-02-28T13:36:01.605+0000] {logging_mixin.py:188} INFO - [2026-02-28T13:36:01.605+0000] {dag.py:3947} INFO - Setting next_dagrun for load_cb_courses to 2026-02-28 00:00:00+00:00, run_after=2026-03-01 00:00:00+00:00
[2026-02-28T13:36:01.634+0000] {processor.py:183} INFO - Processing /opt/airflow/dags/load_cb_courses.py took 0.487 seconds
[2026-02-28T13:36:32.099+0000] {processor.py:161} INFO - Started process (PID=16804) to work on /opt/airflow/dags/load_cb_courses.py
[2026-02-28T13:36:32.101+0000] {processor.py:830} INFO - Processing file /opt/airflow/dags/load_cb_courses.py for tasks to queue
[2026-02-28T13:36:32.103+0000] {logging_mixin.py:188} INFO - [2026-02-28T13:36:32.103+0000] {dagbag.py:545} INFO - Filling up the DagBag from /opt/airflow/dags/load_cb_courses.py
[2026-02-28T13:36:32.406+0000] {processor.py:840} INFO - DAG(s) 'load_cb_courses' retrieved from /opt/airflow/dags/load_cb_courses.py
[2026-02-28T13:36:32.426+0000] {logging_mixin.py:188} INFO - [2026-02-28T13:36:32.425+0000] {dag.py:3089} INFO - Sync 1 DAGs
[2026-02-28T13:36:32.449+0000] {logging_mixin.py:188} INFO - [2026-02-28T13:36:32.449+0000] {dag.py:3947} INFO - Setting next_dagrun for load_cb_courses to 2026-02-28 00:00:00+00:00, run_after=2026-03-01 00:00:00+00:00
[2026-02-28T13:36:32.700+0000] {processor.py:183} INFO - Processing /opt/airflow/dags/load_cb_courses.py took 0.607 seconds
[2026-02-28T13:37:03.357+0000] {processor.py:161} INFO - Started process (PID=16835) to work on /opt/airflow/dags/load_cb_courses.py
[2026-02-28T13:37:03.359+0000] {processor.py:830} INFO - Processing file /opt/airflow/dags/load_cb_courses.py for tasks to queue
[2026-02-28T13:37:03.362+0000] {logging_mixin.py:188} INFO - [2026-02-28T13:37:03.361+0000] {dagbag.py:545} INFO - Filling up the DagBag from /opt/airflow/dags/load_cb_courses.py
[2026-02-28T13:37:03.686+0000] {processor.py:840} INFO - DAG(s) 'load_cb_courses' retrieved from /opt/airflow/dags/load_cb_courses.py
[2026-02-28T13:37:03.711+0000] {logging_mixin.py:188} INFO - [2026-02-28T13:37:03.711+0000] {dag.py:3089} INFO - Sync 1 DAGs
[2026-02-28T13:37:03.738+0000] {logging_mixin.py:188} INFO - [2026-02-28T13:37:03.737+0000] {dag.py:3947} INFO - Setting next_dagrun for load_cb_courses to 2026-02-28 00:00:00+00:00, run_after=2026-03-01 00:00:00+00:00
[2026-02-28T13:37:03.762+0000] {processor.py:183} INFO - Processing /opt/airflow/dags/load_cb_courses.py took 0.416 seconds
[2026-02-28T13:37:33.913+0000] {processor.py:161} INFO - Started process (PID=16874) to work on /opt/airflow/dags/load_cb_courses.py
[2026-02-28T13:37:33.914+0000] {processor.py:830} INFO - Processing file /opt/airflow/dags/load_cb_courses.py for tasks to queue
[2026-02-28T13:37:33.917+0000] {logging_mixin.py:188} INFO - [2026-02-28T13:37:33.917+0000] {dagbag.py:545} INFO - Filling up the DagBag from /opt/airflow/dags/load_cb_courses.py
[2026-02-28T13:37:34.223+0000] {processor.py:840} INFO - DAG(s) 'load_cb_courses' retrieved from /opt/airflow/dags/load_cb_courses.py
[2026-02-28T13:37:34.247+0000] {logging_mixin.py:188} INFO - [2026-02-28T13:37:34.247+0000] {dag.py:3089} INFO - Sync 1 DAGs
[2026-02-28T13:37:34.270+0000] {logging_mixin.py:188} INFO - [2026-02-28T13:37:34.269+0000] {dag.py:3947} INFO - Setting next_dagrun for load_cb_courses to 2026-02-28 00:00:00+00:00, run_after=2026-03-01 00:00:00+00:00
[2026-02-28T13:37:34.289+0000] {processor.py:183} INFO - Processing /opt/airflow/dags/load_cb_courses.py took 0.384 seconds
[2026-02-28T13:38:04.612+0000] {processor.py:161} INFO - Started process (PID=16905) to work on /opt/airflow/dags/load_cb_courses.py
[2026-02-28T13:38:04.613+0000] {processor.py:830} INFO - Processing file /opt/airflow/dags/load_cb_courses.py for tasks to queue
[2026-02-28T13:38:04.616+0000] {logging_mixin.py:188} INFO - [2026-02-28T13:38:04.615+0000] {dagbag.py:545} INFO - Filling up the DagBag from /opt/airflow/dags/load_cb_courses.py
[2026-02-28T13:38:04.921+0000] {processor.py:840} INFO - DAG(s) 'load_cb_courses' retrieved from /opt/airflow/dags/load_cb_courses.py
[2026-02-28T13:38:04.943+0000] {logging_mixin.py:188} INFO - [2026-02-28T13:38:04.942+0000] {dag.py:3089} INFO - Sync 1 DAGs
[2026-02-28T13:38:04.966+0000] {logging_mixin.py:188} INFO - [2026-02-28T13:38:04.966+0000] {dag.py:3947} INFO - Setting next_dagrun for load_cb_courses to 2026-02-28 00:00:00+00:00, run_after=2026-03-01 00:00:00+00:00
[2026-02-28T13:38:04.986+0000] {processor.py:183} INFO - Processing /opt/airflow/dags/load_cb_courses.py took 0.380 seconds
[2026-02-28T13:38:35.193+0000] {processor.py:161} INFO - Started process (PID=16937) to work on /opt/airflow/dags/load_cb_courses.py
[2026-02-28T13:38:35.195+0000] {processor.py:830} INFO - Processing file /opt/airflow/dags/load_cb_courses.py for tasks to queue
[2026-02-28T13:38:35.197+0000] {logging_mixin.py:188} INFO - [2026-02-28T13:38:35.196+0000] {dagbag.py:545} INFO - Filling up the DagBag from /opt/airflow/dags/load_cb_courses.py
[2026-02-28T13:38:35.523+0000] {processor.py:840} INFO - DAG(s) 'load_cb_courses' retrieved from /opt/airflow/dags/load_cb_courses.py
[2026-02-28T13:38:35.551+0000] {logging_mixin.py:188} INFO - [2026-02-28T13:38:35.551+0000] {dag.py:3089} INFO - Sync 1 DAGs
[2026-02-28T13:38:35.583+0000] {logging_mixin.py:188} INFO - [2026-02-28T13:38:35.583+0000] {dag.py:3947} INFO - Setting next_dagrun for load_cb_courses to 2026-02-28 00:00:00+00:00, run_after=2026-03-01 00:00:00+00:00
[2026-02-28T13:38:35.904+0000] {processor.py:183} INFO - Processing /opt/airflow/dags/load_cb_courses.py took 0.719 seconds
[2026-02-28T13:39:06.665+0000] {processor.py:161} INFO - Started process (PID=16974) to work on /opt/airflow/dags/load_cb_courses.py
[2026-02-28T13:39:06.666+0000] {processor.py:830} INFO - Processing file /opt/airflow/dags/load_cb_courses.py for tasks to queue
[2026-02-28T13:39:06.668+0000] {logging_mixin.py:188} INFO - [2026-02-28T13:39:06.668+0000] {dagbag.py:545} INFO - Filling up the DagBag from /opt/airflow/dags/load_cb_courses.py
[2026-02-28T13:39:06.983+0000] {processor.py:840} INFO - DAG(s) 'load_cb_courses' retrieved from /opt/airflow/dags/load_cb_courses.py
[2026-02-28T13:39:07.005+0000] {logging_mixin.py:188} INFO - [2026-02-28T13:39:07.004+0000] {dag.py:3089} INFO - Sync 1 DAGs
[2026-02-28T13:39:07.027+0000] {logging_mixin.py:188} INFO - [2026-02-28T13:39:07.027+0000] {dag.py:3947} INFO - Setting next_dagrun for load_cb_courses to 2026-02-28 00:00:00+00:00, run_after=2026-03-01 00:00:00+00:00
[2026-02-28T13:39:07.047+0000] {processor.py:183} INFO - Processing /opt/airflow/dags/load_cb_courses.py took 0.388 seconds
[2026-02-28T13:39:37.341+0000] {processor.py:161} INFO - Started process (PID=17005) to work on /opt/airflow/dags/load_cb_courses.py
[2026-02-28T13:39:37.343+0000] {processor.py:830} INFO - Processing file /opt/airflow/dags/load_cb_courses.py for tasks to queue
[2026-02-28T13:39:37.345+0000] {logging_mixin.py:188} INFO - [2026-02-28T13:39:37.345+0000] {dagbag.py:545} INFO - Filling up the DagBag from /opt/airflow/dags/load_cb_courses.py
[2026-02-28T13:39:37.662+0000] {processor.py:840} INFO - DAG(s) 'load_cb_courses' retrieved from /opt/airflow/dags/load_cb_courses.py
[2026-02-28T13:39:37.685+0000] {logging_mixin.py:188} INFO - [2026-02-28T13:39:37.684+0000] {dag.py:3089} INFO - Sync 1 DAGs
[2026-02-28T13:39:37.708+0000] {logging_mixin.py:188} INFO - [2026-02-28T13:39:37.708+0000] {dag.py:3947} INFO - Setting next_dagrun for load_cb_courses to 2026-02-28 00:00:00+00:00, run_after=2026-03-01 00:00:00+00:00
[2026-02-28T13:39:37.728+0000] {processor.py:183} INFO - Processing /opt/airflow/dags/load_cb_courses.py took 0.395 seconds
[2026-02-28T13:40:07.870+0000] {processor.py:161} INFO - Started process (PID=17043) to work on /opt/airflow/dags/load_cb_courses.py
[2026-02-28T13:40:07.893+0000] {processor.py:830} INFO - Processing file /opt/airflow/dags/load_cb_courses.py for tasks to queue
[2026-02-28T13:40:07.897+0000] {logging_mixin.py:188} INFO - [2026-02-28T13:40:07.896+0000] {dagbag.py:545} INFO - Filling up the DagBag from /opt/airflow/dags/load_cb_courses.py
[2026-02-28T13:40:08.282+0000] {processor.py:840} INFO - DAG(s) 'load_cb_courses' retrieved from /opt/airflow/dags/load_cb_courses.py
[2026-02-28T13:40:08.312+0000] {logging_mixin.py:188} INFO - [2026-02-28T13:40:08.311+0000] {dag.py:3089} INFO - Sync 1 DAGs
[2026-02-28T13:40:08.340+0000] {logging_mixin.py:188} INFO - [2026-02-28T13:40:08.339+0000] {dag.py:3947} INFO - Setting next_dagrun for load_cb_courses to 2026-02-28 00:00:00+00:00, run_after=2026-03-01 00:00:00+00:00
[2026-02-28T13:40:08.367+0000] {processor.py:183} INFO - Processing /opt/airflow/dags/load_cb_courses.py took 0.511 seconds
[2026-02-28T13:40:38.848+0000] {processor.py:161} INFO - Started process (PID=17074) to work on /opt/airflow/dags/load_cb_courses.py
[2026-02-28T13:40:38.849+0000] {processor.py:830} INFO - Processing file /opt/airflow/dags/load_cb_courses.py for tasks to queue
[2026-02-28T13:40:38.852+0000] {logging_mixin.py:188} INFO - [2026-02-28T13:40:38.851+0000] {dagbag.py:545} INFO - Filling up the DagBag from /opt/airflow/dags/load_cb_courses.py
[2026-02-28T13:40:39.164+0000] {processor.py:840} INFO - DAG(s) 'load_cb_courses' retrieved from /opt/airflow/dags/load_cb_courses.py
[2026-02-28T13:40:39.189+0000] {logging_mixin.py:188} INFO - [2026-02-28T13:40:39.189+0000] {dag.py:3089} INFO - Sync 1 DAGs
[2026-02-28T13:40:39.210+0000] {logging_mixin.py:188} INFO - [2026-02-28T13:40:39.210+0000] {dag.py:3947} INFO - Setting next_dagrun for load_cb_courses to 2026-02-28 00:00:00+00:00, run_after=2026-03-01 00:00:00+00:00
[2026-02-28T13:40:39.397+0000] {processor.py:183} INFO - Processing /opt/airflow/dags/load_cb_courses.py took 0.555 seconds
[2026-02-28T13:41:09.680+0000] {processor.py:161} INFO - Started process (PID=17105) to work on /opt/airflow/dags/load_cb_courses.py
[2026-02-28T13:41:09.683+0000] {processor.py:830} INFO - Processing file /opt/airflow/dags/load_cb_courses.py for tasks to queue
[2026-02-28T13:41:09.688+0000] {logging_mixin.py:188} INFO - [2026-02-28T13:41:09.687+0000] {dagbag.py:545} INFO - Filling up the DagBag from /opt/airflow/dags/load_cb_courses.py
[2026-02-28T13:41:10.046+0000] {processor.py:840} INFO - DAG(s) 'load_cb_courses' retrieved from /opt/airflow/dags/load_cb_courses.py
[2026-02-28T13:41:10.072+0000] {logging_mixin.py:188} INFO - [2026-02-28T13:41:10.071+0000] {dag.py:3089} INFO - Sync 1 DAGs
[2026-02-28T13:41:10.096+0000] {logging_mixin.py:188} INFO - [2026-02-28T13:41:10.096+0000] {dag.py:3947} INFO - Setting next_dagrun for load_cb_courses to 2026-02-28 00:00:00+00:00, run_after=2026-03-01 00:00:00+00:00
[2026-02-28T13:41:10.117+0000] {processor.py:183} INFO - Processing /opt/airflow/dags/load_cb_courses.py took 0.453 seconds
[2026-02-28T13:41:40.614+0000] {processor.py:161} INFO - Started process (PID=17143) to work on /opt/airflow/dags/load_cb_courses.py
[2026-02-28T13:41:40.615+0000] {processor.py:830} INFO - Processing file /opt/airflow/dags/load_cb_courses.py for tasks to queue
[2026-02-28T13:41:40.618+0000] {logging_mixin.py:188} INFO - [2026-02-28T13:41:40.618+0000] {dagbag.py:545} INFO - Filling up the DagBag from /opt/airflow/dags/load_cb_courses.py
[2026-02-28T13:41:40.945+0000] {processor.py:840} INFO - DAG(s) 'load_cb_courses' retrieved from /opt/airflow/dags/load_cb_courses.py
[2026-02-28T13:41:40.978+0000] {logging_mixin.py:188} INFO - [2026-02-28T13:41:40.978+0000] {dag.py:3089} INFO - Sync 1 DAGs
[2026-02-28T13:41:41.008+0000] {logging_mixin.py:188} INFO - [2026-02-28T13:41:41.008+0000] {dag.py:3947} INFO - Setting next_dagrun for load_cb_courses to 2026-02-28 00:00:00+00:00, run_after=2026-03-01 00:00:00+00:00
[2026-02-28T13:41:41.035+0000] {processor.py:183} INFO - Processing /opt/airflow/dags/load_cb_courses.py took 0.427 seconds
[2026-02-28T13:42:11.202+0000] {processor.py:161} INFO - Started process (PID=17173) to work on /opt/airflow/dags/load_cb_courses.py
[2026-02-28T13:42:11.205+0000] {processor.py:830} INFO - Processing file /opt/airflow/dags/load_cb_courses.py for tasks to queue
[2026-02-28T13:42:11.208+0000] {logging_mixin.py:188} INFO - [2026-02-28T13:42:11.207+0000] {dagbag.py:545} INFO - Filling up the DagBag from /opt/airflow/dags/load_cb_courses.py
[2026-02-28T13:42:11.510+0000] {processor.py:840} INFO - DAG(s) 'load_cb_courses' retrieved from /opt/airflow/dags/load_cb_courses.py
[2026-02-28T13:42:11.532+0000] {logging_mixin.py:188} INFO - [2026-02-28T13:42:11.532+0000] {dag.py:3089} INFO - Sync 1 DAGs
[2026-02-28T13:42:11.554+0000] {logging_mixin.py:188} INFO - [2026-02-28T13:42:11.554+0000] {dag.py:3947} INFO - Setting next_dagrun for load_cb_courses to 2026-02-28 00:00:00+00:00, run_after=2026-03-01 00:00:00+00:00
[2026-02-28T13:42:11.576+0000] {processor.py:183} INFO - Processing /opt/airflow/dags/load_cb_courses.py took 0.380 seconds
[2026-02-28T13:42:41.646+0000] {processor.py:161} INFO - Started process (PID=17201) to work on /opt/airflow/dags/load_cb_courses.py
[2026-02-28T13:42:41.648+0000] {processor.py:830} INFO - Processing file /opt/airflow/dags/load_cb_courses.py for tasks to queue
[2026-02-28T13:42:41.650+0000] {logging_mixin.py:188} INFO - [2026-02-28T13:42:41.650+0000] {dagbag.py:545} INFO - Filling up the DagBag from /opt/airflow/dags/load_cb_courses.py
[2026-02-28T13:42:41.964+0000] {processor.py:840} INFO - DAG(s) 'load_cb_courses' retrieved from /opt/airflow/dags/load_cb_courses.py
[2026-02-28T13:42:41.986+0000] {logging_mixin.py:188} INFO - [2026-02-28T13:42:41.985+0000] {dag.py:3089} INFO - Sync 1 DAGs
[2026-02-28T13:42:42.009+0000] {logging_mixin.py:188} INFO - [2026-02-28T13:42:42.009+0000] {dag.py:3947} INFO - Setting next_dagrun for load_cb_courses to 2026-02-28 00:00:00+00:00, run_after=2026-03-01 00:00:00+00:00
[2026-02-28T13:42:42.032+0000] {processor.py:183} INFO - Processing /opt/airflow/dags/load_cb_courses.py took 0.394 seconds
[2026-02-28T13:43:12.130+0000] {processor.py:161} INFO - Started process (PID=17239) to work on /opt/airflow/dags/load_cb_courses.py
[2026-02-28T13:43:12.131+0000] {processor.py:830} INFO - Processing file /opt/airflow/dags/load_cb_courses.py for tasks to queue
[2026-02-28T13:43:12.133+0000] {logging_mixin.py:188} INFO - [2026-02-28T13:43:12.133+0000] {dagbag.py:545} INFO - Filling up the DagBag from /opt/airflow/dags/load_cb_courses.py
[2026-02-28T13:43:12.429+0000] {processor.py:840} INFO - DAG(s) 'load_cb_courses' retrieved from /opt/airflow/dags/load_cb_courses.py
[2026-02-28T13:43:12.452+0000] {logging_mixin.py:188} INFO - [2026-02-28T13:43:12.452+0000] {dag.py:3089} INFO - Sync 1 DAGs
[2026-02-28T13:43:12.646+0000] {logging_mixin.py:188} INFO - [2026-02-28T13:43:12.646+0000] {dag.py:3947} INFO - Setting next_dagrun for load_cb_courses to 2026-02-28 00:00:00+00:00, run_after=2026-03-01 00:00:00+00:00
[2026-02-28T13:43:12.668+0000] {processor.py:183} INFO - Processing /opt/airflow/dags/load_cb_courses.py took 0.545 seconds
[2026-02-28T13:43:43.584+0000] {processor.py:161} INFO - Started process (PID=17270) to work on /opt/airflow/dags/load_cb_courses.py
[2026-02-28T13:43:43.589+0000] {processor.py:830} INFO - Processing file /opt/airflow/dags/load_cb_courses.py for tasks to queue
[2026-02-28T13:43:43.592+0000] {logging_mixin.py:188} INFO - [2026-02-28T13:43:43.592+0000] {dagbag.py:545} INFO - Filling up the DagBag from /opt/airflow/dags/load_cb_courses.py
[2026-02-28T13:43:44.046+0000] {processor.py:840} INFO - DAG(s) 'load_cb_courses' retrieved from /opt/airflow/dags/load_cb_courses.py
[2026-02-28T13:43:44.082+0000] {logging_mixin.py:188} INFO - [2026-02-28T13:43:44.081+0000] {dag.py:3089} INFO - Sync 1 DAGs
[2026-02-28T13:43:44.118+0000] {logging_mixin.py:188} INFO - [2026-02-28T13:43:44.117+0000] {dag.py:3947} INFO - Setting next_dagrun for load_cb_courses to 2026-02-28 00:00:00+00:00, run_after=2026-03-01 00:00:00+00:00
[2026-02-28T13:43:44.151+0000] {processor.py:183} INFO - Processing /opt/airflow/dags/load_cb_courses.py took 0.576 seconds
[2026-02-28T13:44:14.969+0000] {processor.py:161} INFO - Started process (PID=17304) to work on /opt/airflow/dags/load_cb_courses.py
[2026-02-28T13:44:14.972+0000] {processor.py:830} INFO - Processing file /opt/airflow/dags/load_cb_courses.py for tasks to queue
[2026-02-28T13:44:14.979+0000] {logging_mixin.py:188} INFO - [2026-02-28T13:44:14.978+0000] {dagbag.py:545} INFO - Filling up the DagBag from /opt/airflow/dags/load_cb_courses.py
[2026-02-28T13:44:15.514+0000] {processor.py:840} INFO - DAG(s) 'load_cb_courses' retrieved from /opt/airflow/dags/load_cb_courses.py
[2026-02-28T13:44:15.586+0000] {logging_mixin.py:188} INFO - [2026-02-28T13:44:15.585+0000] {dag.py:3089} INFO - Sync 1 DAGs
[2026-02-28T13:44:15.628+0000] {logging_mixin.py:188} INFO - [2026-02-28T13:44:15.628+0000] {dag.py:3947} INFO - Setting next_dagrun for load_cb_courses to 2026-02-28 00:00:00+00:00, run_after=2026-03-01 00:00:00+00:00
[2026-02-28T13:44:15.670+0000] {processor.py:183} INFO - Processing /opt/airflow/dags/load_cb_courses.py took 0.718 seconds
[2026-02-28T13:44:46.303+0000] {processor.py:161} INFO - Started process (PID=17343) to work on /opt/airflow/dags/load_cb_courses.py
[2026-02-28T13:44:46.317+0000] {processor.py:830} INFO - Processing file /opt/airflow/dags/load_cb_courses.py for tasks to queue
[2026-02-28T13:44:46.321+0000] {logging_mixin.py:188} INFO - [2026-02-28T13:44:46.319+0000] {dagbag.py:545} INFO - Filling up the DagBag from /opt/airflow/dags/load_cb_courses.py
[2026-02-28T13:44:46.795+0000] {processor.py:840} INFO - DAG(s) 'load_cb_courses' retrieved from /opt/airflow/dags/load_cb_courses.py
[2026-02-28T13:44:46.825+0000] {logging_mixin.py:188} INFO - [2026-02-28T13:44:46.825+0000] {dag.py:3089} INFO - Sync 1 DAGs
[2026-02-28T13:44:46.851+0000] {logging_mixin.py:188} INFO - [2026-02-28T13:44:46.851+0000] {dag.py:3947} INFO - Setting next_dagrun for load_cb_courses to 2026-02-28 00:00:00+00:00, run_after=2026-03-01 00:00:00+00:00
[2026-02-28T13:44:46.880+0000] {processor.py:183} INFO - Processing /opt/airflow/dags/load_cb_courses.py took 0.601 seconds
[2026-02-28T13:45:17.369+0000] {processor.py:161} INFO - Started process (PID=17373) to work on /opt/airflow/dags/load_cb_courses.py
[2026-02-28T13:45:17.371+0000] {processor.py:830} INFO - Processing file /opt/airflow/dags/load_cb_courses.py for tasks to queue
[2026-02-28T13:45:17.373+0000] {logging_mixin.py:188} INFO - [2026-02-28T13:45:17.373+0000] {dagbag.py:545} INFO - Filling up the DagBag from /opt/airflow/dags/load_cb_courses.py
[2026-02-28T13:45:17.757+0000] {processor.py:840} INFO - DAG(s) 'load_cb_courses' retrieved from /opt/airflow/dags/load_cb_courses.py
[2026-02-28T13:45:17.787+0000] {logging_mixin.py:188} INFO - [2026-02-28T13:45:17.786+0000] {dag.py:3089} INFO - Sync 1 DAGs
[2026-02-28T13:45:17.993+0000] {logging_mixin.py:188} INFO - [2026-02-28T13:45:17.993+0000] {dag.py:3947} INFO - Setting next_dagrun for load_cb_courses to 2026-02-28 00:00:00+00:00, run_after=2026-03-01 00:00:00+00:00
[2026-02-28T13:45:18.033+0000] {processor.py:183} INFO - Processing /opt/airflow/dags/load_cb_courses.py took 0.670 seconds
[2026-02-28T13:45:48.241+0000] {processor.py:161} INFO - Started process (PID=17404) to work on /opt/airflow/dags/load_cb_courses.py
[2026-02-28T13:45:48.243+0000] {processor.py:830} INFO - Processing file /opt/airflow/dags/load_cb_courses.py for tasks to queue
[2026-02-28T13:45:48.245+0000] {logging_mixin.py:188} INFO - [2026-02-28T13:45:48.245+0000] {dagbag.py:545} INFO - Filling up the DagBag from /opt/airflow/dags/load_cb_courses.py
[2026-02-28T13:45:48.733+0000] {processor.py:840} INFO - DAG(s) 'load_cb_courses' retrieved from /opt/airflow/dags/load_cb_courses.py
[2026-02-28T13:45:48.758+0000] {logging_mixin.py:188} INFO - [2026-02-28T13:45:48.757+0000] {dag.py:3089} INFO - Sync 1 DAGs
[2026-02-28T13:45:48.785+0000] {logging_mixin.py:188} INFO - [2026-02-28T13:45:48.784+0000] {dag.py:3947} INFO - Setting next_dagrun for load_cb_courses to 2026-02-28 00:00:00+00:00, run_after=2026-03-01 00:00:00+00:00
[2026-02-28T13:45:48.811+0000] {processor.py:183} INFO - Processing /opt/airflow/dags/load_cb_courses.py took 0.506 seconds
[2026-02-28T13:46:19.528+0000] {processor.py:161} INFO - Started process (PID=17434) to work on /opt/airflow/dags/load_cb_courses.py
[2026-02-28T13:46:19.530+0000] {processor.py:830} INFO - Processing file /opt/airflow/dags/load_cb_courses.py for tasks to queue
[2026-02-28T13:46:19.533+0000] {logging_mixin.py:188} INFO - [2026-02-28T13:46:19.533+0000] {dagbag.py:545} INFO - Filling up the DagBag from /opt/airflow/dags/load_cb_courses.py
[2026-02-28T13:46:20.035+0000] {processor.py:840} INFO - DAG(s) 'load_cb_courses' retrieved from /opt/airflow/dags/load_cb_courses.py
[2026-02-28T13:46:20.071+0000] {logging_mixin.py:188} INFO - [2026-02-28T13:46:20.070+0000] {dag.py:3089} INFO - Sync 1 DAGs
[2026-02-28T13:46:20.109+0000] {logging_mixin.py:188} INFO - [2026-02-28T13:46:20.108+0000] {dag.py:3947} INFO - Setting next_dagrun for load_cb_courses to 2026-02-28 00:00:00+00:00, run_after=2026-03-01 00:00:00+00:00
[2026-02-28T13:46:20.136+0000] {processor.py:183} INFO - Processing /opt/airflow/dags/load_cb_courses.py took 0.621 seconds
[2026-02-28T13:46:50.847+0000] {processor.py:161} INFO - Started process (PID=17477) to work on /opt/airflow/dags/load_cb_courses.py
[2026-02-28T13:46:50.849+0000] {processor.py:830} INFO - Processing file /opt/airflow/dags/load_cb_courses.py for tasks to queue
[2026-02-28T13:46:50.851+0000] {logging_mixin.py:188} INFO - [2026-02-28T13:46:50.851+0000] {dagbag.py:545} INFO - Filling up the DagBag from /opt/airflow/dags/load_cb_courses.py
[2026-02-28T13:46:51.203+0000] {processor.py:840} INFO - DAG(s) 'load_cb_courses' retrieved from /opt/airflow/dags/load_cb_courses.py
[2026-02-28T13:46:51.229+0000] {logging_mixin.py:188} INFO - [2026-02-28T13:46:51.228+0000] {dag.py:3089} INFO - Sync 1 DAGs
[2026-02-28T13:46:51.265+0000] {logging_mixin.py:188} INFO - [2026-02-28T13:46:51.264+0000] {dag.py:3947} INFO - Setting next_dagrun for load_cb_courses to 2026-02-28 00:00:00+00:00, run_after=2026-03-01 00:00:00+00:00
[2026-02-28T13:46:51.298+0000] {processor.py:183} INFO - Processing /opt/airflow/dags/load_cb_courses.py took 0.458 seconds
[2026-02-28T13:47:21.739+0000] {processor.py:161} INFO - Started process (PID=17507) to work on /opt/airflow/dags/load_cb_courses.py
[2026-02-28T13:47:21.740+0000] {processor.py:830} INFO - Processing file /opt/airflow/dags/load_cb_courses.py for tasks to queue
[2026-02-28T13:47:21.742+0000] {logging_mixin.py:188} INFO - [2026-02-28T13:47:21.742+0000] {dagbag.py:545} INFO - Filling up the DagBag from /opt/airflow/dags/load_cb_courses.py
[2026-02-28T13:47:22.077+0000] {processor.py:840} INFO - DAG(s) 'load_cb_courses' retrieved from /opt/airflow/dags/load_cb_courses.py
[2026-02-28T13:47:22.113+0000] {logging_mixin.py:188} INFO - [2026-02-28T13:47:22.112+0000] {dag.py:3089} INFO - Sync 1 DAGs
[2026-02-28T13:47:22.328+0000] {logging_mixin.py:188} INFO - [2026-02-28T13:47:22.328+0000] {dag.py:3947} INFO - Setting next_dagrun for load_cb_courses to 2026-02-28 00:00:00+00:00, run_after=2026-03-01 00:00:00+00:00
[2026-02-28T13:47:22.362+0000] {processor.py:183} INFO - Processing /opt/airflow/dags/load_cb_courses.py took 0.628 seconds
[2026-02-28T13:47:53.100+0000] {processor.py:161} INFO - Started process (PID=17538) to work on /opt/airflow/dags/load_cb_courses.py
[2026-02-28T13:47:53.102+0000] {processor.py:830} INFO - Processing file /opt/airflow/dags/load_cb_courses.py for tasks to queue
[2026-02-28T13:47:53.106+0000] {logging_mixin.py:188} INFO - [2026-02-28T13:47:53.105+0000] {dagbag.py:545} INFO - Filling up the DagBag from /opt/airflow/dags/load_cb_courses.py
[2026-02-28T13:47:53.569+0000] {processor.py:840} INFO - DAG(s) 'load_cb_courses' retrieved from /opt/airflow/dags/load_cb_courses.py
[2026-02-28T13:47:53.602+0000] {logging_mixin.py:188} INFO - [2026-02-28T13:47:53.602+0000] {dag.py:3089} INFO - Sync 1 DAGs
[2026-02-28T13:47:53.872+0000] {logging_mixin.py:188} INFO - [2026-02-28T13:47:53.872+0000] {dag.py:3947} INFO - Setting next_dagrun for load_cb_courses to 2026-02-28 00:00:00+00:00, run_after=2026-03-01 00:00:00+00:00
[2026-02-28T13:47:53.898+0000] {processor.py:183} INFO - Processing /opt/airflow/dags/load_cb_courses.py took 0.811 seconds
[2026-02-28T13:48:24.300+0000] {processor.py:161} INFO - Started process (PID=17580) to work on /opt/airflow/dags/load_cb_courses.py
[2026-02-28T13:48:24.302+0000] {processor.py:830} INFO - Processing file /opt/airflow/dags/load_cb_courses.py for tasks to queue
[2026-02-28T13:48:24.305+0000] {logging_mixin.py:188} INFO - [2026-02-28T13:48:24.305+0000] {dagbag.py:545} INFO - Filling up the DagBag from /opt/airflow/dags/load_cb_courses.py
[2026-02-28T13:48:24.727+0000] {processor.py:840} INFO - DAG(s) 'load_cb_courses' retrieved from /opt/airflow/dags/load_cb_courses.py
[2026-02-28T13:48:24.759+0000] {logging_mixin.py:188} INFO - [2026-02-28T13:48:24.758+0000] {dag.py:3089} INFO - Sync 1 DAGs
[2026-02-28T13:48:24.790+0000] {logging_mixin.py:188} INFO - [2026-02-28T13:48:24.790+0000] {dag.py:3947} INFO - Setting next_dagrun for load_cb_courses to 2026-02-28 00:00:00+00:00, run_after=2026-03-01 00:00:00+00:00
[2026-02-28T13:48:24.813+0000] {processor.py:183} INFO - Processing /opt/airflow/dags/load_cb_courses.py took 0.520 seconds
[2026-02-28T13:48:55.097+0000] {processor.py:161} INFO - Started process (PID=17607) to work on /opt/airflow/dags/load_cb_courses.py
[2026-02-28T13:48:55.098+0000] {processor.py:830} INFO - Processing file /opt/airflow/dags/load_cb_courses.py for tasks to queue
[2026-02-28T13:48:55.100+0000] {logging_mixin.py:188} INFO - [2026-02-28T13:48:55.100+0000] {dagbag.py:545} INFO - Filling up the DagBag from /opt/airflow/dags/load_cb_courses.py
[2026-02-28T13:48:55.443+0000] {processor.py:840} INFO - DAG(s) 'load_cb_courses' retrieved from /opt/airflow/dags/load_cb_courses.py
[2026-02-28T13:48:55.466+0000] {logging_mixin.py:188} INFO - [2026-02-28T13:48:55.466+0000] {dag.py:3089} INFO - Sync 1 DAGs
[2026-02-28T13:48:55.490+0000] {logging_mixin.py:188} INFO - [2026-02-28T13:48:55.489+0000] {dag.py:3947} INFO - Setting next_dagrun for load_cb_courses to 2026-02-28 00:00:00+00:00, run_after=2026-03-01 00:00:00+00:00
[2026-02-28T13:48:55.536+0000] {processor.py:183} INFO - Processing /opt/airflow/dags/load_cb_courses.py took 0.446 seconds
[2026-02-28T13:49:26.015+0000] {processor.py:161} INFO - Started process (PID=17638) to work on /opt/airflow/dags/load_cb_courses.py
[2026-02-28T13:49:26.017+0000] {processor.py:830} INFO - Processing file /opt/airflow/dags/load_cb_courses.py for tasks to queue
[2026-02-28T13:49:26.020+0000] {logging_mixin.py:188} INFO - [2026-02-28T13:49:26.019+0000] {dagbag.py:545} INFO - Filling up the DagBag from /opt/airflow/dags/load_cb_courses.py
[2026-02-28T13:49:26.385+0000] {processor.py:840} INFO - DAG(s) 'load_cb_courses' retrieved from /opt/airflow/dags/load_cb_courses.py
[2026-02-28T13:49:26.480+0000] {logging_mixin.py:188} INFO - [2026-02-28T13:49:26.479+0000] {dag.py:3089} INFO - Sync 1 DAGs
[2026-02-28T13:49:26.856+0000] {logging_mixin.py:188} INFO - [2026-02-28T13:49:26.856+0000] {dag.py:3947} INFO - Setting next_dagrun for load_cb_courses to 2026-02-28 00:00:00+00:00, run_after=2026-03-01 00:00:00+00:00
[2026-02-28T13:49:26.908+0000] {processor.py:183} INFO - Processing /opt/airflow/dags/load_cb_courses.py took 0.902 seconds
[2026-02-28T13:49:57.551+0000] {processor.py:161} INFO - Started process (PID=17676) to work on /opt/airflow/dags/load_cb_courses.py
[2026-02-28T13:49:57.553+0000] {processor.py:830} INFO - Processing file /opt/airflow/dags/load_cb_courses.py for tasks to queue
[2026-02-28T13:49:57.555+0000] {logging_mixin.py:188} INFO - [2026-02-28T13:49:57.555+0000] {dagbag.py:545} INFO - Filling up the DagBag from /opt/airflow/dags/load_cb_courses.py
[2026-02-28T13:49:57.939+0000] {processor.py:840} INFO - DAG(s) 'load_cb_courses' retrieved from /opt/airflow/dags/load_cb_courses.py
[2026-02-28T13:49:57.968+0000] {logging_mixin.py:188} INFO - [2026-02-28T13:49:57.967+0000] {dag.py:3089} INFO - Sync 1 DAGs
[2026-02-28T13:49:58.209+0000] {logging_mixin.py:188} INFO - [2026-02-28T13:49:58.208+0000] {dag.py:3947} INFO - Setting next_dagrun for load_cb_courses to 2026-02-28 00:00:00+00:00, run_after=2026-03-01 00:00:00+00:00
[2026-02-28T13:49:58.238+0000] {processor.py:183} INFO - Processing /opt/airflow/dags/load_cb_courses.py took 0.693 seconds
[2026-02-28T13:50:28.851+0000] {processor.py:161} INFO - Started process (PID=17707) to work on /opt/airflow/dags/load_cb_courses.py
[2026-02-28T13:50:28.853+0000] {processor.py:830} INFO - Processing file /opt/airflow/dags/load_cb_courses.py for tasks to queue
[2026-02-28T13:50:28.855+0000] {logging_mixin.py:188} INFO - [2026-02-28T13:50:28.855+0000] {dagbag.py:545} INFO - Filling up the DagBag from /opt/airflow/dags/load_cb_courses.py
[2026-02-28T13:50:29.460+0000] {processor.py:840} INFO - DAG(s) 'load_cb_courses' retrieved from /opt/airflow/dags/load_cb_courses.py
[2026-02-28T13:50:29.482+0000] {logging_mixin.py:188} INFO - [2026-02-28T13:50:29.481+0000] {dag.py:3089} INFO - Sync 1 DAGs
[2026-02-28T13:50:29.503+0000] {logging_mixin.py:188} INFO - [2026-02-28T13:50:29.503+0000] {dag.py:3947} INFO - Setting next_dagrun for load_cb_courses to 2026-02-28 00:00:00+00:00, run_after=2026-03-01 00:00:00+00:00
[2026-02-28T13:50:29.528+0000] {processor.py:183} INFO - Processing /opt/airflow/dags/load_cb_courses.py took 0.685 seconds
[2026-02-28T13:51:00.072+0000] {processor.py:161} INFO - Started process (PID=17738) to work on /opt/airflow/dags/load_cb_courses.py
[2026-02-28T13:51:00.074+0000] {processor.py:830} INFO - Processing file /opt/airflow/dags/load_cb_courses.py for tasks to queue
[2026-02-28T13:51:00.077+0000] {logging_mixin.py:188} INFO - [2026-02-28T13:51:00.077+0000] {dagbag.py:545} INFO - Filling up the DagBag from /opt/airflow/dags/load_cb_courses.py
[2026-02-28T13:51:00.457+0000] {processor.py:840} INFO - DAG(s) 'load_cb_courses' retrieved from /opt/airflow/dags/load_cb_courses.py
[2026-02-28T13:51:00.489+0000] {logging_mixin.py:188} INFO - [2026-02-28T13:51:00.488+0000] {dag.py:3089} INFO - Sync 1 DAGs
[2026-02-28T13:51:00.515+0000] {logging_mixin.py:188} INFO - [2026-02-28T13:51:00.514+0000] {dag.py:3947} INFO - Setting next_dagrun for load_cb_courses to 2026-02-28 00:00:00+00:00, run_after=2026-03-01 00:00:00+00:00
[2026-02-28T13:51:00.547+0000] {processor.py:183} INFO - Processing /opt/airflow/dags/load_cb_courses.py took 0.486 seconds
[2026-02-28T13:51:30.995+0000] {processor.py:161} INFO - Started process (PID=17776) to work on /opt/airflow/dags/load_cb_courses.py
[2026-02-28T13:51:30.997+0000] {processor.py:830} INFO - Processing file /opt/airflow/dags/load_cb_courses.py for tasks to queue
[2026-02-28T13:51:30.999+0000] {logging_mixin.py:188} INFO - [2026-02-28T13:51:30.998+0000] {dagbag.py:545} INFO - Filling up the DagBag from /opt/airflow/dags/load_cb_courses.py
[2026-02-28T13:51:31.580+0000] {processor.py:840} INFO - DAG(s) 'load_cb_courses' retrieved from /opt/airflow/dags/load_cb_courses.py
[2026-02-28T13:51:31.617+0000] {logging_mixin.py:188} INFO - [2026-02-28T13:51:31.617+0000] {dag.py:3089} INFO - Sync 1 DAGs
[2026-02-28T13:51:31.879+0000] {logging_mixin.py:188} INFO - [2026-02-28T13:51:31.879+0000] {dag.py:3947} INFO - Setting next_dagrun for load_cb_courses to 2026-02-28 00:00:00+00:00, run_after=2026-03-01 00:00:00+00:00
[2026-02-28T13:51:31.902+0000] {processor.py:183} INFO - Processing /opt/airflow/dags/load_cb_courses.py took 0.914 seconds
[2026-02-28T13:52:02.534+0000] {processor.py:161} INFO - Started process (PID=17807) to work on /opt/airflow/dags/load_cb_courses.py
[2026-02-28T13:52:02.535+0000] {processor.py:830} INFO - Processing file /opt/airflow/dags/load_cb_courses.py for tasks to queue
[2026-02-28T13:52:02.540+0000] {logging_mixin.py:188} INFO - [2026-02-28T13:52:02.540+0000] {dagbag.py:545} INFO - Filling up the DagBag from /opt/airflow/dags/load_cb_courses.py
[2026-02-28T13:52:03.091+0000] {processor.py:840} INFO - DAG(s) 'load_cb_courses' retrieved from /opt/airflow/dags/load_cb_courses.py
[2026-02-28T13:52:03.123+0000] {logging_mixin.py:188} INFO - [2026-02-28T13:52:03.122+0000] {dag.py:3089} INFO - Sync 1 DAGs
[2026-02-28T13:52:03.358+0000] {logging_mixin.py:188} INFO - [2026-02-28T13:52:03.357+0000] {dag.py:3947} INFO - Setting next_dagrun for load_cb_courses to 2026-02-28 00:00:00+00:00, run_after=2026-03-01 00:00:00+00:00
[2026-02-28T13:52:03.387+0000] {processor.py:183} INFO - Processing /opt/airflow/dags/load_cb_courses.py took 0.871 seconds
[2026-02-28T13:52:34.129+0000] {processor.py:161} INFO - Started process (PID=17838) to work on /opt/airflow/dags/load_cb_courses.py
[2026-02-28T13:52:34.131+0000] {processor.py:830} INFO - Processing file /opt/airflow/dags/load_cb_courses.py for tasks to queue
[2026-02-28T13:52:34.133+0000] {logging_mixin.py:188} INFO - [2026-02-28T13:52:34.132+0000] {dagbag.py:545} INFO - Filling up the DagBag from /opt/airflow/dags/load_cb_courses.py
[2026-02-28T13:52:34.684+0000] {processor.py:840} INFO - DAG(s) 'load_cb_courses' retrieved from /opt/airflow/dags/load_cb_courses.py
[2026-02-28T13:52:34.708+0000] {logging_mixin.py:188} INFO - [2026-02-28T13:52:34.708+0000] {dag.py:3089} INFO - Sync 1 DAGs
[2026-02-28T13:52:34.732+0000] {logging_mixin.py:188} INFO - [2026-02-28T13:52:34.731+0000] {dag.py:3947} INFO - Setting next_dagrun for load_cb_courses to 2026-02-28 00:00:00+00:00, run_after=2026-03-01 00:00:00+00:00
[2026-02-28T13:52:34.767+0000] {processor.py:183} INFO - Processing /opt/airflow/dags/load_cb_courses.py took 0.644 seconds
[2026-02-28T13:53:04.911+0000] {processor.py:161} INFO - Started process (PID=17869) to work on /opt/airflow/dags/load_cb_courses.py
[2026-02-28T13:53:04.912+0000] {processor.py:830} INFO - Processing file /opt/airflow/dags/load_cb_courses.py for tasks to queue
[2026-02-28T13:53:04.915+0000] {logging_mixin.py:188} INFO - [2026-02-28T13:53:04.914+0000] {dagbag.py:545} INFO - Filling up the DagBag from /opt/airflow/dags/load_cb_courses.py
[2026-02-28T13:53:05.428+0000] {processor.py:840} INFO - DAG(s) 'load_cb_courses' retrieved from /opt/airflow/dags/load_cb_courses.py
[2026-02-28T13:53:05.450+0000] {logging_mixin.py:188} INFO - [2026-02-28T13:53:05.449+0000] {dag.py:3089} INFO - Sync 1 DAGs
[2026-02-28T13:53:05.471+0000] {logging_mixin.py:188} INFO - [2026-02-28T13:53:05.470+0000] {dag.py:3947} INFO - Setting next_dagrun for load_cb_courses to 2026-02-28 00:00:00+00:00, run_after=2026-03-01 00:00:00+00:00
[2026-02-28T13:53:05.503+0000] {processor.py:183} INFO - Processing /opt/airflow/dags/load_cb_courses.py took 0.599 seconds
[2026-02-28T13:53:36.047+0000] {processor.py:161} INFO - Started process (PID=17908) to work on /opt/airflow/dags/load_cb_courses.py
[2026-02-28T13:53:36.048+0000] {processor.py:830} INFO - Processing file /opt/airflow/dags/load_cb_courses.py for tasks to queue
[2026-02-28T13:53:36.051+0000] {logging_mixin.py:188} INFO - [2026-02-28T13:53:36.051+0000] {dagbag.py:545} INFO - Filling up the DagBag from /opt/airflow/dags/load_cb_courses.py
[2026-02-28T13:53:36.550+0000] {processor.py:840} INFO - DAG(s) 'load_cb_courses' retrieved from /opt/airflow/dags/load_cb_courses.py
[2026-02-28T13:53:36.589+0000] {logging_mixin.py:188} INFO - [2026-02-28T13:53:36.589+0000] {dag.py:3089} INFO - Sync 1 DAGs
[2026-02-28T13:53:36.985+0000] {logging_mixin.py:188} INFO - [2026-02-28T13:53:36.984+0000] {dag.py:3947} INFO - Setting next_dagrun for load_cb_courses to 2026-02-28 00:00:00+00:00, run_after=2026-03-01 00:00:00+00:00
[2026-02-28T13:53:37.072+0000] {processor.py:183} INFO - Processing /opt/airflow/dags/load_cb_courses.py took 1.034 seconds
[2026-02-28T13:54:07.591+0000] {processor.py:161} INFO - Started process (PID=17938) to work on /opt/airflow/dags/load_cb_courses.py
[2026-02-28T13:54:07.592+0000] {processor.py:830} INFO - Processing file /opt/airflow/dags/load_cb_courses.py for tasks to queue
[2026-02-28T13:54:07.595+0000] {logging_mixin.py:188} INFO - [2026-02-28T13:54:07.595+0000] {dagbag.py:545} INFO - Filling up the DagBag from /opt/airflow/dags/load_cb_courses.py
[2026-02-28T13:54:07.948+0000] {processor.py:840} INFO - DAG(s) 'load_cb_courses' retrieved from /opt/airflow/dags/load_cb_courses.py
[2026-02-28T13:54:07.978+0000] {logging_mixin.py:188} INFO - [2026-02-28T13:54:07.977+0000] {dag.py:3089} INFO - Sync 1 DAGs
[2026-02-28T13:54:08.183+0000] {logging_mixin.py:188} INFO - [2026-02-28T13:54:08.183+0000] {dag.py:3947} INFO - Setting next_dagrun for load_cb_courses to 2026-02-28 00:00:00+00:00, run_after=2026-03-01 00:00:00+00:00
[2026-02-28T13:54:08.209+0000] {processor.py:183} INFO - Processing /opt/airflow/dags/load_cb_courses.py took 0.627 seconds
[2026-02-28T13:54:38.786+0000] {processor.py:161} INFO - Started process (PID=17968) to work on /opt/airflow/dags/load_cb_courses.py
[2026-02-28T13:54:38.790+0000] {processor.py:830} INFO - Processing file /opt/airflow/dags/load_cb_courses.py for tasks to queue
[2026-02-28T13:54:38.794+0000] {logging_mixin.py:188} INFO - [2026-02-28T13:54:38.793+0000] {dagbag.py:545} INFO - Filling up the DagBag from /opt/airflow/dags/load_cb_courses.py
[2026-02-28T13:54:39.374+0000] {processor.py:840} INFO - DAG(s) 'load_cb_courses' retrieved from /opt/airflow/dags/load_cb_courses.py
[2026-02-28T13:54:39.397+0000] {logging_mixin.py:188} INFO - [2026-02-28T13:54:39.397+0000] {dag.py:3089} INFO - Sync 1 DAGs
[2026-02-28T13:54:39.423+0000] {logging_mixin.py:188} INFO - [2026-02-28T13:54:39.423+0000] {dag.py:3947} INFO - Setting next_dagrun for load_cb_courses to 2026-02-28 00:00:00+00:00, run_after=2026-03-01 00:00:00+00:00
[2026-02-28T13:54:39.451+0000] {processor.py:183} INFO - Processing /opt/airflow/dags/load_cb_courses.py took 0.674 seconds
[2026-02-28T13:55:10.056+0000] {processor.py:161} INFO - Started process (PID=18005) to work on /opt/airflow/dags/load_cb_courses.py
[2026-02-28T13:55:10.058+0000] {processor.py:830} INFO - Processing file /opt/airflow/dags/load_cb_courses.py for tasks to queue
[2026-02-28T13:55:10.061+0000] {logging_mixin.py:188} INFO - [2026-02-28T13:55:10.060+0000] {dagbag.py:545} INFO - Filling up the DagBag from /opt/airflow/dags/load_cb_courses.py
[2026-02-28T13:55:10.626+0000] {processor.py:840} INFO - DAG(s) 'load_cb_courses' retrieved from /opt/airflow/dags/load_cb_courses.py
[2026-02-28T13:55:10.668+0000] {logging_mixin.py:188} INFO - [2026-02-28T13:55:10.667+0000] {dag.py:3089} INFO - Sync 1 DAGs
[2026-02-28T13:55:10.708+0000] {logging_mixin.py:188} INFO - [2026-02-28T13:55:10.707+0000] {dag.py:3947} INFO - Setting next_dagrun for load_cb_courses to 2026-02-28 00:00:00+00:00, run_after=2026-03-01 00:00:00+00:00
[2026-02-28T13:55:10.747+0000] {processor.py:183} INFO - Processing /opt/airflow/dags/load_cb_courses.py took 0.699 seconds
[2026-02-28T13:55:41.310+0000] {processor.py:161} INFO - Started process (PID=18036) to work on /opt/airflow/dags/load_cb_courses.py
[2026-02-28T13:55:41.312+0000] {processor.py:830} INFO - Processing file /opt/airflow/dags/load_cb_courses.py for tasks to queue
[2026-02-28T13:55:41.314+0000] {logging_mixin.py:188} INFO - [2026-02-28T13:55:41.314+0000] {dagbag.py:545} INFO - Filling up the DagBag from /opt/airflow/dags/load_cb_courses.py
[2026-02-28T13:55:41.852+0000] {processor.py:840} INFO - DAG(s) 'load_cb_courses' retrieved from /opt/airflow/dags/load_cb_courses.py
[2026-02-28T13:55:41.874+0000] {logging_mixin.py:188} INFO - [2026-02-28T13:55:41.874+0000] {dag.py:3089} INFO - Sync 1 DAGs
[2026-02-28T13:55:41.899+0000] {logging_mixin.py:188} INFO - [2026-02-28T13:55:41.898+0000] {dag.py:3947} INFO - Setting next_dagrun for load_cb_courses to 2026-02-28 00:00:00+00:00, run_after=2026-03-01 00:00:00+00:00
[2026-02-28T13:55:41.928+0000] {processor.py:183} INFO - Processing /opt/airflow/dags/load_cb_courses.py took 0.625 seconds
[2026-02-28T13:56:12.154+0000] {processor.py:161} INFO - Started process (PID=18067) to work on /opt/airflow/dags/load_cb_courses.py
[2026-02-28T13:56:12.155+0000] {processor.py:830} INFO - Processing file /opt/airflow/dags/load_cb_courses.py for tasks to queue
[2026-02-28T13:56:12.157+0000] {logging_mixin.py:188} INFO - [2026-02-28T13:56:12.157+0000] {dagbag.py:545} INFO - Filling up the DagBag from /opt/airflow/dags/load_cb_courses.py
[2026-02-28T13:56:12.730+0000] {processor.py:840} INFO - DAG(s) 'load_cb_courses' retrieved from /opt/airflow/dags/load_cb_courses.py
[2026-02-28T13:56:12.755+0000] {logging_mixin.py:188} INFO - [2026-02-28T13:56:12.755+0000] {dag.py:3089} INFO - Sync 1 DAGs
[2026-02-28T13:56:12.777+0000] {logging_mixin.py:188} INFO - [2026-02-28T13:56:12.777+0000] {dag.py:3947} INFO - Setting next_dagrun for load_cb_courses to 2026-02-28 00:00:00+00:00, run_after=2026-03-01 00:00:00+00:00
[2026-02-28T13:56:12.799+0000] {processor.py:183} INFO - Processing /opt/airflow/dags/load_cb_courses.py took 0.654 seconds
[2026-02-28T13:56:42.948+0000] {processor.py:161} INFO - Started process (PID=18099) to work on /opt/airflow/dags/load_cb_courses.py
[2026-02-28T13:56:42.950+0000] {processor.py:830} INFO - Processing file /opt/airflow/dags/load_cb_courses.py for tasks to queue
[2026-02-28T13:56:42.953+0000] {logging_mixin.py:188} INFO - [2026-02-28T13:56:42.952+0000] {dagbag.py:545} INFO - Filling up the DagBag from /opt/airflow/dags/load_cb_courses.py
[2026-02-28T13:56:43.632+0000] {processor.py:840} INFO - DAG(s) 'load_cb_courses' retrieved from /opt/airflow/dags/load_cb_courses.py
[2026-02-28T13:56:43.660+0000] {logging_mixin.py:188} INFO - [2026-02-28T13:56:43.660+0000] {dag.py:3089} INFO - Sync 1 DAGs
[2026-02-28T13:56:43.706+0000] {logging_mixin.py:188} INFO - [2026-02-28T13:56:43.706+0000] {dag.py:3947} INFO - Setting next_dagrun for load_cb_courses to 2026-02-28 00:00:00+00:00, run_after=2026-03-01 00:00:00+00:00
[2026-02-28T13:56:43.741+0000] {processor.py:183} INFO - Processing /opt/airflow/dags/load_cb_courses.py took 0.799 seconds
[2026-02-28T13:57:14.463+0000] {processor.py:161} INFO - Started process (PID=18137) to work on /opt/airflow/dags/load_cb_courses.py
[2026-02-28T13:57:14.466+0000] {processor.py:830} INFO - Processing file /opt/airflow/dags/load_cb_courses.py for tasks to queue
[2026-02-28T13:57:14.470+0000] {logging_mixin.py:188} INFO - [2026-02-28T13:57:14.469+0000] {dagbag.py:545} INFO - Filling up the DagBag from /opt/airflow/dags/load_cb_courses.py
[2026-02-28T13:57:15.209+0000] {processor.py:840} INFO - DAG(s) 'load_cb_courses' retrieved from /opt/airflow/dags/load_cb_courses.py
[2026-02-28T13:57:15.243+0000] {logging_mixin.py:188} INFO - [2026-02-28T13:57:15.242+0000] {dag.py:3089} INFO - Sync 1 DAGs
[2026-02-28T13:57:15.268+0000] {logging_mixin.py:188} INFO - [2026-02-28T13:57:15.267+0000] {dag.py:3947} INFO - Setting next_dagrun for load_cb_courses to 2026-02-28 00:00:00+00:00, run_after=2026-03-01 00:00:00+00:00
[2026-02-28T13:57:15.298+0000] {processor.py:183} INFO - Processing /opt/airflow/dags/load_cb_courses.py took 0.849 seconds
[2026-02-28T13:57:45.779+0000] {processor.py:161} INFO - Started process (PID=18168) to work on /opt/airflow/dags/load_cb_courses.py
[2026-02-28T13:57:45.780+0000] {processor.py:830} INFO - Processing file /opt/airflow/dags/load_cb_courses.py for tasks to queue
[2026-02-28T13:57:45.782+0000] {logging_mixin.py:188} INFO - [2026-02-28T13:57:45.782+0000] {dagbag.py:545} INFO - Filling up the DagBag from /opt/airflow/dags/load_cb_courses.py
[2026-02-28T13:57:46.343+0000] {processor.py:840} INFO - DAG(s) 'load_cb_courses' retrieved from /opt/airflow/dags/load_cb_courses.py
[2026-02-28T13:57:46.374+0000] {logging_mixin.py:188} INFO - [2026-02-28T13:57:46.374+0000] {dag.py:3089} INFO - Sync 1 DAGs
[2026-02-28T13:57:46.407+0000] {logging_mixin.py:188} INFO - [2026-02-28T13:57:46.407+0000] {dag.py:3947} INFO - Setting next_dagrun for load_cb_courses to 2026-02-28 00:00:00+00:00, run_after=2026-03-01 00:00:00+00:00
[2026-02-28T13:57:46.443+0000] {processor.py:183} INFO - Processing /opt/airflow/dags/load_cb_courses.py took 0.669 seconds
[2026-02-28T13:58:17.544+0000] {processor.py:161} INFO - Started process (PID=18198) to work on /opt/airflow/dags/load_cb_courses.py
[2026-02-28T13:58:17.553+0000] {processor.py:830} INFO - Processing file /opt/airflow/dags/load_cb_courses.py for tasks to queue
[2026-02-28T13:58:17.558+0000] {logging_mixin.py:188} INFO - [2026-02-28T13:58:17.557+0000] {dagbag.py:545} INFO - Filling up the DagBag from /opt/airflow/dags/load_cb_courses.py
[2026-02-28T13:58:18.273+0000] {processor.py:840} INFO - DAG(s) 'load_cb_courses' retrieved from /opt/airflow/dags/load_cb_courses.py
[2026-02-28T13:58:18.321+0000] {logging_mixin.py:188} INFO - [2026-02-28T13:58:18.321+0000] {dag.py:3089} INFO - Sync 1 DAGs
[2026-02-28T13:58:18.384+0000] {logging_mixin.py:188} INFO - [2026-02-28T13:58:18.384+0000] {dag.py:3947} INFO - Setting next_dagrun for load_cb_courses to 2026-02-28 00:00:00+00:00, run_after=2026-03-01 00:00:00+00:00
[2026-02-28T13:58:18.419+0000] {processor.py:183} INFO - Processing /opt/airflow/dags/load_cb_courses.py took 0.900 seconds
[2026-02-28T13:58:49.039+0000] {processor.py:161} INFO - Started process (PID=18236) to work on /opt/airflow/dags/load_cb_courses.py
[2026-02-28T13:58:49.041+0000] {processor.py:830} INFO - Processing file /opt/airflow/dags/load_cb_courses.py for tasks to queue
[2026-02-28T13:58:49.044+0000] {logging_mixin.py:188} INFO - [2026-02-28T13:58:49.043+0000] {dagbag.py:545} INFO - Filling up the DagBag from /opt/airflow/dags/load_cb_courses.py
[2026-02-28T13:58:49.648+0000] {processor.py:840} INFO - DAG(s) 'load_cb_courses' retrieved from /opt/airflow/dags/load_cb_courses.py
[2026-02-28T13:58:49.674+0000] {logging_mixin.py:188} INFO - [2026-02-28T13:58:49.673+0000] {dag.py:3089} INFO - Sync 1 DAGs
[2026-02-28T13:58:49.707+0000] {logging_mixin.py:188} INFO - [2026-02-28T13:58:49.706+0000] {dag.py:3947} INFO - Setting next_dagrun for load_cb_courses to 2026-02-28 00:00:00+00:00, run_after=2026-03-01 00:00:00+00:00
[2026-02-28T13:58:49.733+0000] {processor.py:183} INFO - Processing /opt/airflow/dags/load_cb_courses.py took 0.702 seconds
[2026-02-28T13:59:20.381+0000] {processor.py:161} INFO - Started process (PID=18268) to work on /opt/airflow/dags/load_cb_courses.py
[2026-02-28T13:59:20.382+0000] {processor.py:830} INFO - Processing file /opt/airflow/dags/load_cb_courses.py for tasks to queue
[2026-02-28T13:59:20.384+0000] {logging_mixin.py:188} INFO - [2026-02-28T13:59:20.384+0000] {dagbag.py:545} INFO - Filling up the DagBag from /opt/airflow/dags/load_cb_courses.py
[2026-02-28T13:59:21.002+0000] {processor.py:840} INFO - DAG(s) 'load_cb_courses' retrieved from /opt/airflow/dags/load_cb_courses.py
[2026-02-28T13:59:21.032+0000] {logging_mixin.py:188} INFO - [2026-02-28T13:59:21.031+0000] {dag.py:3089} INFO - Sync 1 DAGs
[2026-02-28T13:59:21.064+0000] {logging_mixin.py:188} INFO - [2026-02-28T13:59:21.063+0000] {dag.py:3947} INFO - Setting next_dagrun for load_cb_courses to 2026-02-28 00:00:00+00:00, run_after=2026-03-01 00:00:00+00:00
[2026-02-28T13:59:21.095+0000] {processor.py:183} INFO - Processing /opt/airflow/dags/load_cb_courses.py took 0.658 seconds
[2026-02-28T13:59:51.256+0000] {processor.py:161} INFO - Started process (PID=18299) to work on /opt/airflow/dags/load_cb_courses.py
[2026-02-28T13:59:51.258+0000] {processor.py:830} INFO - Processing file /opt/airflow/dags/load_cb_courses.py for tasks to queue
[2026-02-28T13:59:51.261+0000] {logging_mixin.py:188} INFO - [2026-02-28T13:59:51.260+0000] {dagbag.py:545} INFO - Filling up the DagBag from /opt/airflow/dags/load_cb_courses.py
[2026-02-28T13:59:52.218+0000] {processor.py:840} INFO - DAG(s) 'load_cb_courses' retrieved from /opt/airflow/dags/load_cb_courses.py
[2026-02-28T13:59:52.242+0000] {logging_mixin.py:188} INFO - [2026-02-28T13:59:52.242+0000] {dag.py:3089} INFO - Sync 1 DAGs
[2026-02-28T13:59:52.268+0000] {logging_mixin.py:188} INFO - [2026-02-28T13:59:52.267+0000] {dag.py:3947} INFO - Setting next_dagrun for load_cb_courses to 2026-02-28 00:00:00+00:00, run_after=2026-03-01 00:00:00+00:00
[2026-02-28T13:59:52.291+0000] {processor.py:183} INFO - Processing /opt/airflow/dags/load_cb_courses.py took 1.048 seconds
[2026-02-28T14:00:22.869+0000] {processor.py:161} INFO - Started process (PID=18330) to work on /opt/airflow/dags/load_cb_courses.py
[2026-02-28T14:00:22.870+0000] {processor.py:830} INFO - Processing file /opt/airflow/dags/load_cb_courses.py for tasks to queue
[2026-02-28T14:00:22.872+0000] {logging_mixin.py:188} INFO - [2026-02-28T14:00:22.872+0000] {dagbag.py:545} INFO - Filling up the DagBag from /opt/airflow/dags/load_cb_courses.py
[2026-02-28T14:00:23.380+0000] {processor.py:840} INFO - DAG(s) 'load_cb_courses' retrieved from /opt/airflow/dags/load_cb_courses.py
[2026-02-28T14:00:23.403+0000] {logging_mixin.py:188} INFO - [2026-02-28T14:00:23.402+0000] {dag.py:3089} INFO - Sync 1 DAGs
[2026-02-28T14:00:23.424+0000] {logging_mixin.py:188} INFO - [2026-02-28T14:00:23.424+0000] {dag.py:3947} INFO - Setting next_dagrun for load_cb_courses to 2026-02-28 00:00:00+00:00, run_after=2026-03-01 00:00:00+00:00
[2026-02-28T14:00:23.444+0000] {processor.py:183} INFO - Processing /opt/airflow/dags/load_cb_courses.py took 0.582 seconds
[2026-02-28T14:00:54.354+0000] {processor.py:161} INFO - Started process (PID=18368) to work on /opt/airflow/dags/load_cb_courses.py
[2026-02-28T14:00:54.356+0000] {processor.py:830} INFO - Processing file /opt/airflow/dags/load_cb_courses.py for tasks to queue
[2026-02-28T14:00:54.358+0000] {logging_mixin.py:188} INFO - [2026-02-28T14:00:54.357+0000] {dagbag.py:545} INFO - Filling up the DagBag from /opt/airflow/dags/load_cb_courses.py
[2026-02-28T14:00:55.012+0000] {processor.py:840} INFO - DAG(s) 'load_cb_courses' retrieved from /opt/airflow/dags/load_cb_courses.py
[2026-02-28T14:00:55.041+0000] {logging_mixin.py:188} INFO - [2026-02-28T14:00:55.040+0000] {dag.py:3089} INFO - Sync 1 DAGs
[2026-02-28T14:00:55.076+0000] {logging_mixin.py:188} INFO - [2026-02-28T14:00:55.076+0000] {dag.py:3947} INFO - Setting next_dagrun for load_cb_courses to 2026-02-28 00:00:00+00:00, run_after=2026-03-01 00:00:00+00:00
[2026-02-28T14:00:55.106+0000] {processor.py:183} INFO - Processing /opt/airflow/dags/load_cb_courses.py took 0.759 seconds
[2026-02-28T14:01:25.710+0000] {processor.py:161} INFO - Started process (PID=18399) to work on /opt/airflow/dags/load_cb_courses.py
[2026-02-28T14:01:25.712+0000] {processor.py:830} INFO - Processing file /opt/airflow/dags/load_cb_courses.py for tasks to queue
[2026-02-28T14:01:25.714+0000] {logging_mixin.py:188} INFO - [2026-02-28T14:01:25.714+0000] {dagbag.py:545} INFO - Filling up the DagBag from /opt/airflow/dags/load_cb_courses.py
[2026-02-28T14:01:26.259+0000] {processor.py:840} INFO - DAG(s) 'load_cb_courses' retrieved from /opt/airflow/dags/load_cb_courses.py
[2026-02-28T14:01:26.287+0000] {logging_mixin.py:188} INFO - [2026-02-28T14:01:26.286+0000] {dag.py:3089} INFO - Sync 1 DAGs
[2026-02-28T14:01:26.315+0000] {logging_mixin.py:188} INFO - [2026-02-28T14:01:26.315+0000] {dag.py:3947} INFO - Setting next_dagrun for load_cb_courses to 2026-02-28 00:00:00+00:00, run_after=2026-03-01 00:00:00+00:00
[2026-02-28T14:01:26.356+0000] {processor.py:183} INFO - Processing /opt/airflow/dags/load_cb_courses.py took 0.653 seconds
[2026-02-28T14:01:57.072+0000] {processor.py:161} INFO - Started process (PID=18428) to work on /opt/airflow/dags/load_cb_courses.py
[2026-02-28T14:01:57.074+0000] {processor.py:830} INFO - Processing file /opt/airflow/dags/load_cb_courses.py for tasks to queue
[2026-02-28T14:01:57.078+0000] {logging_mixin.py:188} INFO - [2026-02-28T14:01:57.077+0000] {dagbag.py:545} INFO - Filling up the DagBag from /opt/airflow/dags/load_cb_courses.py
[2026-02-28T14:01:57.814+0000] {processor.py:840} INFO - DAG(s) 'load_cb_courses' retrieved from /opt/airflow/dags/load_cb_courses.py
[2026-02-28T14:01:57.845+0000] {logging_mixin.py:188} INFO - [2026-02-28T14:01:57.844+0000] {dag.py:3089} INFO - Sync 1 DAGs
[2026-02-28T14:01:57.873+0000] {logging_mixin.py:188} INFO - [2026-02-28T14:01:57.872+0000] {dag.py:3947} INFO - Setting next_dagrun for load_cb_courses to 2026-02-28 00:00:00+00:00, run_after=2026-03-01 00:00:00+00:00
[2026-02-28T14:01:57.903+0000] {processor.py:183} INFO - Processing /opt/airflow/dags/load_cb_courses.py took 0.841 seconds
[2026-02-28T14:02:28.520+0000] {processor.py:161} INFO - Started process (PID=18458) to work on /opt/airflow/dags/load_cb_courses.py
[2026-02-28T14:02:28.521+0000] {processor.py:830} INFO - Processing file /opt/airflow/dags/load_cb_courses.py for tasks to queue
[2026-02-28T14:02:28.524+0000] {logging_mixin.py:188} INFO - [2026-02-28T14:02:28.523+0000] {dagbag.py:545} INFO - Filling up the DagBag from /opt/airflow/dags/load_cb_courses.py
[2026-02-28T14:02:29.160+0000] {processor.py:840} INFO - DAG(s) 'load_cb_courses' retrieved from /opt/airflow/dags/load_cb_courses.py
[2026-02-28T14:02:29.187+0000] {logging_mixin.py:188} INFO - [2026-02-28T14:02:29.186+0000] {dag.py:3089} INFO - Sync 1 DAGs
[2026-02-28T14:02:29.222+0000] {logging_mixin.py:188} INFO - [2026-02-28T14:02:29.222+0000] {dag.py:3947} INFO - Setting next_dagrun for load_cb_courses to 2026-02-28 00:00:00+00:00, run_after=2026-03-01 00:00:00+00:00
[2026-02-28T14:02:29.246+0000] {processor.py:183} INFO - Processing /opt/airflow/dags/load_cb_courses.py took 0.734 seconds
[2026-02-28T14:03:00.002+0000] {processor.py:161} INFO - Started process (PID=18498) to work on /opt/airflow/dags/load_cb_courses.py
[2026-02-28T14:03:00.003+0000] {processor.py:830} INFO - Processing file /opt/airflow/dags/load_cb_courses.py for tasks to queue
[2026-02-28T14:03:00.006+0000] {logging_mixin.py:188} INFO - [2026-02-28T14:03:00.006+0000] {dagbag.py:545} INFO - Filling up the DagBag from /opt/airflow/dags/load_cb_courses.py
[2026-02-28T14:03:00.714+0000] {processor.py:840} INFO - DAG(s) 'load_cb_courses' retrieved from /opt/airflow/dags/load_cb_courses.py
[2026-02-28T14:03:00.754+0000] {logging_mixin.py:188} INFO - [2026-02-28T14:03:00.753+0000] {dag.py:3089} INFO - Sync 1 DAGs
[2026-02-28T14:03:00.781+0000] {logging_mixin.py:188} INFO - [2026-02-28T14:03:00.781+0000] {dag.py:3947} INFO - Setting next_dagrun for load_cb_courses to 2026-02-28 00:00:00+00:00, run_after=2026-03-01 00:00:00+00:00
[2026-02-28T14:03:00.805+0000] {processor.py:183} INFO - Processing /opt/airflow/dags/load_cb_courses.py took 0.815 seconds
[2026-02-28T14:03:31.785+0000] {processor.py:161} INFO - Started process (PID=18529) to work on /opt/airflow/dags/load_cb_courses.py
[2026-02-28T14:03:31.786+0000] {processor.py:830} INFO - Processing file /opt/airflow/dags/load_cb_courses.py for tasks to queue
[2026-02-28T14:03:31.789+0000] {logging_mixin.py:188} INFO - [2026-02-28T14:03:31.789+0000] {dagbag.py:545} INFO - Filling up the DagBag from /opt/airflow/dags/load_cb_courses.py
[2026-02-28T14:03:32.405+0000] {processor.py:840} INFO - DAG(s) 'load_cb_courses' retrieved from /opt/airflow/dags/load_cb_courses.py
[2026-02-28T14:03:32.426+0000] {logging_mixin.py:188} INFO - [2026-02-28T14:03:32.425+0000] {dag.py:3089} INFO - Sync 1 DAGs
[2026-02-28T14:03:32.448+0000] {logging_mixin.py:188} INFO - [2026-02-28T14:03:32.448+0000] {dag.py:3947} INFO - Setting next_dagrun for load_cb_courses to 2026-02-28 00:00:00+00:00, run_after=2026-03-01 00:00:00+00:00
[2026-02-28T14:03:32.470+0000] {processor.py:183} INFO - Processing /opt/airflow/dags/load_cb_courses.py took 0.694 seconds
[2026-02-28T14:04:03.193+0000] {processor.py:161} INFO - Started process (PID=18560) to work on /opt/airflow/dags/load_cb_courses.py
[2026-02-28T14:04:03.197+0000] {processor.py:830} INFO - Processing file /opt/airflow/dags/load_cb_courses.py for tasks to queue
[2026-02-28T14:04:03.200+0000] {logging_mixin.py:188} INFO - [2026-02-28T14:04:03.199+0000] {dagbag.py:545} INFO - Filling up the DagBag from /opt/airflow/dags/load_cb_courses.py
[2026-02-28T14:04:03.971+0000] {processor.py:840} INFO - DAG(s) 'load_cb_courses' retrieved from /opt/airflow/dags/load_cb_courses.py
[2026-02-28T14:04:03.998+0000] {logging_mixin.py:188} INFO - [2026-02-28T14:04:03.997+0000] {dag.py:3089} INFO - Sync 1 DAGs
[2026-02-28T14:04:04.028+0000] {logging_mixin.py:188} INFO - [2026-02-28T14:04:04.028+0000] {dag.py:3947} INFO - Setting next_dagrun for load_cb_courses to 2026-02-28 00:00:00+00:00, run_after=2026-03-01 00:00:00+00:00
[2026-02-28T14:04:04.057+0000] {processor.py:183} INFO - Processing /opt/airflow/dags/load_cb_courses.py took 0.877 seconds
[2026-02-28T14:04:34.558+0000] {processor.py:161} INFO - Started process (PID=18591) to work on /opt/airflow/dags/load_cb_courses.py
[2026-02-28T14:04:34.559+0000] {processor.py:830} INFO - Processing file /opt/airflow/dags/load_cb_courses.py for tasks to queue
[2026-02-28T14:04:34.562+0000] {logging_mixin.py:188} INFO - [2026-02-28T14:04:34.562+0000] {dagbag.py:545} INFO - Filling up the DagBag from /opt/airflow/dags/load_cb_courses.py
[2026-02-28T14:04:35.257+0000] {processor.py:840} INFO - DAG(s) 'load_cb_courses' retrieved from /opt/airflow/dags/load_cb_courses.py
[2026-02-28T14:04:35.305+0000] {logging_mixin.py:188} INFO - [2026-02-28T14:04:35.304+0000] {dag.py:3089} INFO - Sync 1 DAGs
[2026-02-28T14:04:35.344+0000] {logging_mixin.py:188} INFO - [2026-02-28T14:04:35.343+0000] {dag.py:3947} INFO - Setting next_dagrun for load_cb_courses to 2026-02-28 00:00:00+00:00, run_after=2026-03-01 00:00:00+00:00
[2026-02-28T14:04:35.386+0000] {processor.py:183} INFO - Processing /opt/airflow/dags/load_cb_courses.py took 0.835 seconds
[2026-02-28T14:05:06.227+0000] {processor.py:161} INFO - Started process (PID=18629) to work on /opt/airflow/dags/load_cb_courses.py
[2026-02-28T14:05:06.228+0000] {processor.py:830} INFO - Processing file /opt/airflow/dags/load_cb_courses.py for tasks to queue
[2026-02-28T14:05:06.231+0000] {logging_mixin.py:188} INFO - [2026-02-28T14:05:06.230+0000] {dagbag.py:545} INFO - Filling up the DagBag from /opt/airflow/dags/load_cb_courses.py
[2026-02-28T14:05:06.765+0000] {processor.py:840} INFO - DAG(s) 'load_cb_courses' retrieved from /opt/airflow/dags/load_cb_courses.py
[2026-02-28T14:05:06.790+0000] {logging_mixin.py:188} INFO - [2026-02-28T14:05:06.790+0000] {dag.py:3089} INFO - Sync 1 DAGs
[2026-02-28T14:05:06.815+0000] {logging_mixin.py:188} INFO - [2026-02-28T14:05:06.815+0000] {dag.py:3947} INFO - Setting next_dagrun for load_cb_courses to 2026-02-28 00:00:00+00:00, run_after=2026-03-01 00:00:00+00:00
[2026-02-28T14:05:06.844+0000] {processor.py:183} INFO - Processing /opt/airflow/dags/load_cb_courses.py took 0.624 seconds
[2026-02-28T14:05:37.425+0000] {processor.py:161} INFO - Started process (PID=18659) to work on /opt/airflow/dags/load_cb_courses.py
[2026-02-28T14:05:37.426+0000] {processor.py:830} INFO - Processing file /opt/airflow/dags/load_cb_courses.py for tasks to queue
[2026-02-28T14:05:37.428+0000] {logging_mixin.py:188} INFO - [2026-02-28T14:05:37.428+0000] {dagbag.py:545} INFO - Filling up the DagBag from /opt/airflow/dags/load_cb_courses.py
[2026-02-28T14:05:38.257+0000] {processor.py:840} INFO - DAG(s) 'load_cb_courses' retrieved from /opt/airflow/dags/load_cb_courses.py
[2026-02-28T14:05:38.295+0000] {logging_mixin.py:188} INFO - [2026-02-28T14:05:38.294+0000] {dag.py:3089} INFO - Sync 1 DAGs
[2026-02-28T14:05:38.338+0000] {logging_mixin.py:188} INFO - [2026-02-28T14:05:38.338+0000] {dag.py:3947} INFO - Setting next_dagrun for load_cb_courses to 2026-02-28 00:00:00+00:00, run_after=2026-03-01 00:00:00+00:00
[2026-02-28T14:05:38.372+0000] {processor.py:183} INFO - Processing /opt/airflow/dags/load_cb_courses.py took 0.955 seconds
[2026-02-28T14:06:08.953+0000] {processor.py:161} INFO - Started process (PID=18691) to work on /opt/airflow/dags/load_cb_courses.py
[2026-02-28T14:06:08.954+0000] {processor.py:830} INFO - Processing file /opt/airflow/dags/load_cb_courses.py for tasks to queue
[2026-02-28T14:06:08.956+0000] {logging_mixin.py:188} INFO - [2026-02-28T14:06:08.956+0000] {dagbag.py:545} INFO - Filling up the DagBag from /opt/airflow/dags/load_cb_courses.py
[2026-02-28T14:06:09.444+0000] {processor.py:840} INFO - DAG(s) 'load_cb_courses' retrieved from /opt/airflow/dags/load_cb_courses.py
[2026-02-28T14:06:09.464+0000] {logging_mixin.py:188} INFO - [2026-02-28T14:06:09.464+0000] {dag.py:3089} INFO - Sync 1 DAGs
[2026-02-28T14:06:09.486+0000] {logging_mixin.py:188} INFO - [2026-02-28T14:06:09.486+0000] {dag.py:3947} INFO - Setting next_dagrun for load_cb_courses to 2026-02-28 00:00:00+00:00, run_after=2026-03-01 00:00:00+00:00
[2026-02-28T14:06:09.507+0000] {processor.py:183} INFO - Processing /opt/airflow/dags/load_cb_courses.py took 0.560 seconds
[2026-02-28T14:06:39.627+0000] {processor.py:161} INFO - Started process (PID=18721) to work on /opt/airflow/dags/load_cb_courses.py
[2026-02-28T14:06:39.628+0000] {processor.py:830} INFO - Processing file /opt/airflow/dags/load_cb_courses.py for tasks to queue
[2026-02-28T14:06:39.631+0000] {logging_mixin.py:188} INFO - [2026-02-28T14:06:39.630+0000] {dagbag.py:545} INFO - Filling up the DagBag from /opt/airflow/dags/load_cb_courses.py
[2026-02-28T14:06:40.174+0000] {processor.py:840} INFO - DAG(s) 'load_cb_courses' retrieved from /opt/airflow/dags/load_cb_courses.py
[2026-02-28T14:06:40.198+0000] {logging_mixin.py:188} INFO - [2026-02-28T14:06:40.198+0000] {dag.py:3089} INFO - Sync 1 DAGs
[2026-02-28T14:06:40.233+0000] {logging_mixin.py:188} INFO - [2026-02-28T14:06:40.233+0000] {dag.py:3947} INFO - Setting next_dagrun for load_cb_courses to 2026-02-28 00:00:00+00:00, run_after=2026-03-01 00:00:00+00:00
[2026-02-28T14:06:40.258+0000] {processor.py:183} INFO - Processing /opt/airflow/dags/load_cb_courses.py took 0.639 seconds
[2026-02-28T14:07:10.480+0000] {processor.py:161} INFO - Started process (PID=18760) to work on /opt/airflow/dags/load_cb_courses.py
[2026-02-28T14:07:10.481+0000] {processor.py:830} INFO - Processing file /opt/airflow/dags/load_cb_courses.py for tasks to queue
[2026-02-28T14:07:10.484+0000] {logging_mixin.py:188} INFO - [2026-02-28T14:07:10.484+0000] {dagbag.py:545} INFO - Filling up the DagBag from /opt/airflow/dags/load_cb_courses.py
[2026-02-28T14:07:11.337+0000] {processor.py:840} INFO - DAG(s) 'load_cb_courses' retrieved from /opt/airflow/dags/load_cb_courses.py
[2026-02-28T14:07:11.377+0000] {logging_mixin.py:188} INFO - [2026-02-28T14:07:11.376+0000] {dag.py:3089} INFO - Sync 1 DAGs
[2026-02-28T14:07:11.406+0000] {logging_mixin.py:188} INFO - [2026-02-28T14:07:11.405+0000] {dag.py:3947} INFO - Setting next_dagrun for load_cb_courses to 2026-02-28 00:00:00+00:00, run_after=2026-03-01 00:00:00+00:00
[2026-02-28T14:07:11.434+0000] {processor.py:183} INFO - Processing /opt/airflow/dags/load_cb_courses.py took 0.964 seconds
[2026-02-28T14:07:42.043+0000] {processor.py:161} INFO - Started process (PID=18790) to work on /opt/airflow/dags/load_cb_courses.py
[2026-02-28T14:07:42.050+0000] {processor.py:830} INFO - Processing file /opt/airflow/dags/load_cb_courses.py for tasks to queue
[2026-02-28T14:07:42.055+0000] {logging_mixin.py:188} INFO - [2026-02-28T14:07:42.054+0000] {dagbag.py:545} INFO - Filling up the DagBag from /opt/airflow/dags/load_cb_courses.py
[2026-02-28T14:07:42.667+0000] {processor.py:840} INFO - DAG(s) 'load_cb_courses' retrieved from /opt/airflow/dags/load_cb_courses.py
[2026-02-28T14:07:42.700+0000] {logging_mixin.py:188} INFO - [2026-02-28T14:07:42.700+0000] {dag.py:3089} INFO - Sync 1 DAGs
[2026-02-28T14:07:42.727+0000] {logging_mixin.py:188} INFO - [2026-02-28T14:07:42.727+0000] {dag.py:3947} INFO - Setting next_dagrun for load_cb_courses to 2026-02-28 00:00:00+00:00, run_after=2026-03-01 00:00:00+00:00
[2026-02-28T14:07:42.753+0000] {processor.py:183} INFO - Processing /opt/airflow/dags/load_cb_courses.py took 0.724 seconds
[2026-02-28T14:08:13.542+0000] {processor.py:161} INFO - Started process (PID=18827) to work on /opt/airflow/dags/load_cb_courses.py
[2026-02-28T14:08:13.544+0000] {processor.py:830} INFO - Processing file /opt/airflow/dags/load_cb_courses.py for tasks to queue
[2026-02-28T14:08:13.546+0000] {logging_mixin.py:188} INFO - [2026-02-28T14:08:13.546+0000] {dagbag.py:545} INFO - Filling up the DagBag from /opt/airflow/dags/load_cb_courses.py
[2026-02-28T14:08:14.099+0000] {processor.py:840} INFO - DAG(s) 'load_cb_courses' retrieved from /opt/airflow/dags/load_cb_courses.py
[2026-02-28T14:08:14.119+0000] {logging_mixin.py:188} INFO - [2026-02-28T14:08:14.118+0000] {dag.py:3089} INFO - Sync 1 DAGs
[2026-02-28T14:08:14.140+0000] {logging_mixin.py:188} INFO - [2026-02-28T14:08:14.139+0000] {dag.py:3947} INFO - Setting next_dagrun for load_cb_courses to 2026-02-28 00:00:00+00:00, run_after=2026-03-01 00:00:00+00:00
[2026-02-28T14:08:14.160+0000] {processor.py:183} INFO - Processing /opt/airflow/dags/load_cb_courses.py took 0.627 seconds
[2026-02-28T14:08:44.823+0000] {processor.py:161} INFO - Started process (PID=18857) to work on /opt/airflow/dags/load_cb_courses.py
[2026-02-28T14:08:44.827+0000] {processor.py:830} INFO - Processing file /opt/airflow/dags/load_cb_courses.py for tasks to queue
[2026-02-28T14:08:44.831+0000] {logging_mixin.py:188} INFO - [2026-02-28T14:08:44.831+0000] {dagbag.py:545} INFO - Filling up the DagBag from /opt/airflow/dags/load_cb_courses.py
[2026-02-28T14:08:45.505+0000] {processor.py:840} INFO - DAG(s) 'load_cb_courses' retrieved from /opt/airflow/dags/load_cb_courses.py
[2026-02-28T14:08:45.529+0000] {logging_mixin.py:188} INFO - [2026-02-28T14:08:45.528+0000] {dag.py:3089} INFO - Sync 1 DAGs
[2026-02-28T14:08:45.551+0000] {logging_mixin.py:188} INFO - [2026-02-28T14:08:45.551+0000] {dag.py:3947} INFO - Setting next_dagrun for load_cb_courses to 2026-02-28 00:00:00+00:00, run_after=2026-03-01 00:00:00+00:00
[2026-02-28T14:08:45.578+0000] {processor.py:183} INFO - Processing /opt/airflow/dags/load_cb_courses.py took 0.767 seconds
[2026-02-28T14:09:16.125+0000] {processor.py:161} INFO - Started process (PID=18894) to work on /opt/airflow/dags/load_cb_courses.py
[2026-02-28T14:09:16.126+0000] {processor.py:830} INFO - Processing file /opt/airflow/dags/load_cb_courses.py for tasks to queue
[2026-02-28T14:09:16.128+0000] {logging_mixin.py:188} INFO - [2026-02-28T14:09:16.128+0000] {dagbag.py:545} INFO - Filling up the DagBag from /opt/airflow/dags/load_cb_courses.py
[2026-02-28T14:09:16.775+0000] {processor.py:840} INFO - DAG(s) 'load_cb_courses' retrieved from /opt/airflow/dags/load_cb_courses.py
[2026-02-28T14:09:16.811+0000] {logging_mixin.py:188} INFO - [2026-02-28T14:09:16.810+0000] {dag.py:3089} INFO - Sync 1 DAGs
[2026-02-28T14:09:16.837+0000] {logging_mixin.py:188} INFO - [2026-02-28T14:09:16.837+0000] {dag.py:3947} INFO - Setting next_dagrun for load_cb_courses to 2026-02-28 00:00:00+00:00, run_after=2026-03-01 00:00:00+00:00
[2026-02-28T14:09:16.870+0000] {processor.py:183} INFO - Processing /opt/airflow/dags/load_cb_courses.py took 0.755 seconds
[2026-02-28T14:09:47.470+0000] {processor.py:161} INFO - Started process (PID=18924) to work on /opt/airflow/dags/load_cb_courses.py
[2026-02-28T14:09:47.472+0000] {processor.py:830} INFO - Processing file /opt/airflow/dags/load_cb_courses.py for tasks to queue
[2026-02-28T14:09:47.476+0000] {logging_mixin.py:188} INFO - [2026-02-28T14:09:47.475+0000] {dagbag.py:545} INFO - Filling up the DagBag from /opt/airflow/dags/load_cb_courses.py
[2026-02-28T14:09:48.452+0000] {processor.py:840} INFO - DAG(s) 'load_cb_courses' retrieved from /opt/airflow/dags/load_cb_courses.py
[2026-02-28T14:09:48.488+0000] {logging_mixin.py:188} INFO - [2026-02-28T14:09:48.487+0000] {dag.py:3089} INFO - Sync 1 DAGs
[2026-02-28T14:09:48.533+0000] {logging_mixin.py:188} INFO - [2026-02-28T14:09:48.533+0000] {dag.py:3947} INFO - Setting next_dagrun for load_cb_courses to 2026-02-28 00:00:00+00:00, run_after=2026-03-01 00:00:00+00:00
[2026-02-28T14:09:48.569+0000] {processor.py:183} INFO - Processing /opt/airflow/dags/load_cb_courses.py took 1.107 seconds
[2026-02-28T14:10:19.069+0000] {processor.py:161} INFO - Started process (PID=18955) to work on /opt/airflow/dags/load_cb_courses.py
[2026-02-28T14:10:19.071+0000] {processor.py:830} INFO - Processing file /opt/airflow/dags/load_cb_courses.py for tasks to queue
[2026-02-28T14:10:19.074+0000] {logging_mixin.py:188} INFO - [2026-02-28T14:10:19.074+0000] {dagbag.py:545} INFO - Filling up the DagBag from /opt/airflow/dags/load_cb_courses.py
[2026-02-28T14:10:19.832+0000] {processor.py:840} INFO - DAG(s) 'load_cb_courses' retrieved from /opt/airflow/dags/load_cb_courses.py
[2026-02-28T14:10:19.864+0000] {logging_mixin.py:188} INFO - [2026-02-28T14:10:19.863+0000] {dag.py:3089} INFO - Sync 1 DAGs
[2026-02-28T14:10:19.897+0000] {logging_mixin.py:188} INFO - [2026-02-28T14:10:19.896+0000] {dag.py:3947} INFO - Setting next_dagrun for load_cb_courses to 2026-02-28 00:00:00+00:00, run_after=2026-03-01 00:00:00+00:00
[2026-02-28T14:10:19.941+0000] {processor.py:183} INFO - Processing /opt/airflow/dags/load_cb_courses.py took 0.881 seconds
[2026-02-28T14:10:50.464+0000] {processor.py:161} INFO - Started process (PID=18994) to work on /opt/airflow/dags/load_cb_courses.py
[2026-02-28T14:10:50.465+0000] {processor.py:830} INFO - Processing file /opt/airflow/dags/load_cb_courses.py for tasks to queue
[2026-02-28T14:10:50.469+0000] {logging_mixin.py:188} INFO - [2026-02-28T14:10:50.468+0000] {dagbag.py:545} INFO - Filling up the DagBag from /opt/airflow/dags/load_cb_courses.py
[2026-02-28T14:10:51.013+0000] {processor.py:840} INFO - DAG(s) 'load_cb_courses' retrieved from /opt/airflow/dags/load_cb_courses.py
[2026-02-28T14:10:51.038+0000] {logging_mixin.py:188} INFO - [2026-02-28T14:10:51.038+0000] {dag.py:3089} INFO - Sync 1 DAGs
[2026-02-28T14:10:51.059+0000] {logging_mixin.py:188} INFO - [2026-02-28T14:10:51.059+0000] {dag.py:3947} INFO - Setting next_dagrun for load_cb_courses to 2026-02-28 00:00:00+00:00, run_after=2026-03-01 00:00:00+00:00
[2026-02-28T14:10:51.082+0000] {processor.py:183} INFO - Processing /opt/airflow/dags/load_cb_courses.py took 0.626 seconds
[2026-02-28T14:11:21.744+0000] {processor.py:161} INFO - Started process (PID=19025) to work on /opt/airflow/dags/load_cb_courses.py
[2026-02-28T14:11:21.746+0000] {processor.py:830} INFO - Processing file /opt/airflow/dags/load_cb_courses.py for tasks to queue
[2026-02-28T14:11:21.748+0000] {logging_mixin.py:188} INFO - [2026-02-28T14:11:21.748+0000] {dagbag.py:545} INFO - Filling up the DagBag from /opt/airflow/dags/load_cb_courses.py
[2026-02-28T14:11:22.363+0000] {processor.py:840} INFO - DAG(s) 'load_cb_courses' retrieved from /opt/airflow/dags/load_cb_courses.py
[2026-02-28T14:11:22.392+0000] {logging_mixin.py:188} INFO - [2026-02-28T14:11:22.391+0000] {dag.py:3089} INFO - Sync 1 DAGs
[2026-02-28T14:11:22.437+0000] {logging_mixin.py:188} INFO - [2026-02-28T14:11:22.436+0000] {dag.py:3947} INFO - Setting next_dagrun for load_cb_courses to 2026-02-28 00:00:00+00:00, run_after=2026-03-01 00:00:00+00:00
[2026-02-28T14:11:22.472+0000] {processor.py:183} INFO - Processing /opt/airflow/dags/load_cb_courses.py took 0.677 seconds
[2026-02-28T14:11:53.160+0000] {processor.py:161} INFO - Started process (PID=19056) to work on /opt/airflow/dags/load_cb_courses.py
[2026-02-28T14:11:53.163+0000] {processor.py:830} INFO - Processing file /opt/airflow/dags/load_cb_courses.py for tasks to queue
[2026-02-28T14:11:53.169+0000] {logging_mixin.py:188} INFO - [2026-02-28T14:11:53.168+0000] {dagbag.py:545} INFO - Filling up the DagBag from /opt/airflow/dags/load_cb_courses.py
[2026-02-28T14:11:53.818+0000] {processor.py:840} INFO - DAG(s) 'load_cb_courses' retrieved from /opt/airflow/dags/load_cb_courses.py
[2026-02-28T14:11:53.843+0000] {logging_mixin.py:188} INFO - [2026-02-28T14:11:53.842+0000] {dag.py:3089} INFO - Sync 1 DAGs
[2026-02-28T14:11:53.893+0000] {logging_mixin.py:188} INFO - [2026-02-28T14:11:53.893+0000] {dag.py:3947} INFO - Setting next_dagrun for load_cb_courses to 2026-02-28 00:00:00+00:00, run_after=2026-03-01 00:00:00+00:00
[2026-02-28T14:11:53.938+0000] {processor.py:183} INFO - Processing /opt/airflow/dags/load_cb_courses.py took 0.795 seconds
[2026-02-28T14:12:24.516+0000] {processor.py:161} INFO - Started process (PID=19087) to work on /opt/airflow/dags/load_cb_courses.py
[2026-02-28T14:12:24.518+0000] {processor.py:830} INFO - Processing file /opt/airflow/dags/load_cb_courses.py for tasks to queue
[2026-02-28T14:12:24.521+0000] {logging_mixin.py:188} INFO - [2026-02-28T14:12:24.521+0000] {dagbag.py:545} INFO - Filling up the DagBag from /opt/airflow/dags/load_cb_courses.py
[2026-02-28T14:12:25.164+0000] {processor.py:840} INFO - DAG(s) 'load_cb_courses' retrieved from /opt/airflow/dags/load_cb_courses.py
[2026-02-28T14:12:25.199+0000] {logging_mixin.py:188} INFO - [2026-02-28T14:12:25.199+0000] {dag.py:3089} INFO - Sync 1 DAGs
[2026-02-28T14:12:25.225+0000] {logging_mixin.py:188} INFO - [2026-02-28T14:12:25.224+0000] {dag.py:3947} INFO - Setting next_dagrun for load_cb_courses to 2026-02-28 00:00:00+00:00, run_after=2026-03-01 00:00:00+00:00
[2026-02-28T14:12:25.263+0000] {processor.py:183} INFO - Processing /opt/airflow/dags/load_cb_courses.py took 0.754 seconds
[2026-02-28T14:12:55.814+0000] {processor.py:161} INFO - Started process (PID=19125) to work on /opt/airflow/dags/load_cb_courses.py
[2026-02-28T14:12:55.816+0000] {processor.py:830} INFO - Processing file /opt/airflow/dags/load_cb_courses.py for tasks to queue
[2026-02-28T14:12:55.818+0000] {logging_mixin.py:188} INFO - [2026-02-28T14:12:55.817+0000] {dagbag.py:545} INFO - Filling up the DagBag from /opt/airflow/dags/load_cb_courses.py
[2026-02-28T14:12:56.292+0000] {processor.py:840} INFO - DAG(s) 'load_cb_courses' retrieved from /opt/airflow/dags/load_cb_courses.py
[2026-02-28T14:12:56.321+0000] {logging_mixin.py:188} INFO - [2026-02-28T14:12:56.321+0000] {dag.py:3089} INFO - Sync 1 DAGs
[2026-02-28T14:12:56.343+0000] {logging_mixin.py:188} INFO - [2026-02-28T14:12:56.343+0000] {dag.py:3947} INFO - Setting next_dagrun for load_cb_courses to 2026-02-28 00:00:00+00:00, run_after=2026-03-01 00:00:00+00:00
[2026-02-28T14:12:56.366+0000] {processor.py:183} INFO - Processing /opt/airflow/dags/load_cb_courses.py took 0.559 seconds
[2026-02-28T14:13:26.582+0000] {processor.py:161} INFO - Started process (PID=19157) to work on /opt/airflow/dags/load_cb_courses.py
[2026-02-28T14:13:26.584+0000] {processor.py:830} INFO - Processing file /opt/airflow/dags/load_cb_courses.py for tasks to queue
[2026-02-28T14:13:26.586+0000] {logging_mixin.py:188} INFO - [2026-02-28T14:13:26.585+0000] {dagbag.py:545} INFO - Filling up the DagBag from /opt/airflow/dags/load_cb_courses.py
[2026-02-28T14:13:27.128+0000] {processor.py:840} INFO - DAG(s) 'load_cb_courses' retrieved from /opt/airflow/dags/load_cb_courses.py
[2026-02-28T14:13:27.173+0000] {logging_mixin.py:188} INFO - [2026-02-28T14:13:27.173+0000] {dag.py:3089} INFO - Sync 1 DAGs
[2026-02-28T14:13:27.200+0000] {logging_mixin.py:188} INFO - [2026-02-28T14:13:27.199+0000] {dag.py:3947} INFO - Setting next_dagrun for load_cb_courses to 2026-02-28 00:00:00+00:00, run_after=2026-03-01 00:00:00+00:00
[2026-02-28T14:13:27.224+0000] {processor.py:183} INFO - Processing /opt/airflow/dags/load_cb_courses.py took 0.649 seconds
[2026-02-28T14:13:57.754+0000] {processor.py:161} INFO - Started process (PID=19188) to work on /opt/airflow/dags/load_cb_courses.py
[2026-02-28T14:13:57.755+0000] {processor.py:830} INFO - Processing file /opt/airflow/dags/load_cb_courses.py for tasks to queue
[2026-02-28T14:13:57.758+0000] {logging_mixin.py:188} INFO - [2026-02-28T14:13:57.758+0000] {dagbag.py:545} INFO - Filling up the DagBag from /opt/airflow/dags/load_cb_courses.py
[2026-02-28T14:13:58.570+0000] {processor.py:840} INFO - DAG(s) 'load_cb_courses' retrieved from /opt/airflow/dags/load_cb_courses.py
[2026-02-28T14:13:58.593+0000] {logging_mixin.py:188} INFO - [2026-02-28T14:13:58.592+0000] {dag.py:3089} INFO - Sync 1 DAGs
[2026-02-28T14:13:58.615+0000] {logging_mixin.py:188} INFO - [2026-02-28T14:13:58.615+0000] {dag.py:3947} INFO - Setting next_dagrun for load_cb_courses to 2026-02-28 00:00:00+00:00, run_after=2026-03-01 00:00:00+00:00
[2026-02-28T14:13:58.636+0000] {processor.py:183} INFO - Processing /opt/airflow/dags/load_cb_courses.py took 0.892 seconds
[2026-02-28T14:14:28.778+0000] {processor.py:161} INFO - Started process (PID=19227) to work on /opt/airflow/dags/load_cb_courses.py
[2026-02-28T14:14:28.780+0000] {processor.py:830} INFO - Processing file /opt/airflow/dags/load_cb_courses.py for tasks to queue
[2026-02-28T14:14:28.782+0000] {logging_mixin.py:188} INFO - [2026-02-28T14:14:28.782+0000] {dagbag.py:545} INFO - Filling up the DagBag from /opt/airflow/dags/load_cb_courses.py
[2026-02-28T14:14:29.388+0000] {processor.py:840} INFO - DAG(s) 'load_cb_courses' retrieved from /opt/airflow/dags/load_cb_courses.py
[2026-02-28T14:14:29.416+0000] {logging_mixin.py:188} INFO - [2026-02-28T14:14:29.416+0000] {dag.py:3089} INFO - Sync 1 DAGs
[2026-02-28T14:14:29.439+0000] {logging_mixin.py:188} INFO - [2026-02-28T14:14:29.439+0000] {dag.py:3947} INFO - Setting next_dagrun for load_cb_courses to 2026-02-28 00:00:00+00:00, run_after=2026-03-01 00:00:00+00:00
[2026-02-28T14:14:29.462+0000] {processor.py:183} INFO - Processing /opt/airflow/dags/load_cb_courses.py took 0.693 seconds
[2026-02-28T14:15:00.083+0000] {processor.py:161} INFO - Started process (PID=19258) to work on /opt/airflow/dags/load_cb_courses.py
[2026-02-28T14:15:00.085+0000] {processor.py:830} INFO - Processing file /opt/airflow/dags/load_cb_courses.py for tasks to queue
[2026-02-28T14:15:00.088+0000] {logging_mixin.py:188} INFO - [2026-02-28T14:15:00.087+0000] {dagbag.py:545} INFO - Filling up the DagBag from /opt/airflow/dags/load_cb_courses.py
[2026-02-28T14:15:00.682+0000] {processor.py:840} INFO - DAG(s) 'load_cb_courses' retrieved from /opt/airflow/dags/load_cb_courses.py
[2026-02-28T14:15:00.710+0000] {logging_mixin.py:188} INFO - [2026-02-28T14:15:00.710+0000] {dag.py:3089} INFO - Sync 1 DAGs
[2026-02-28T14:15:00.739+0000] {logging_mixin.py:188} INFO - [2026-02-28T14:15:00.738+0000] {dag.py:3947} INFO - Setting next_dagrun for load_cb_courses to 2026-02-28 00:00:00+00:00, run_after=2026-03-01 00:00:00+00:00
[2026-02-28T14:15:00.765+0000] {processor.py:183} INFO - Processing /opt/airflow/dags/load_cb_courses.py took 0.690 seconds
[2026-02-28T14:15:31.609+0000] {processor.py:161} INFO - Started process (PID=19289) to work on /opt/airflow/dags/load_cb_courses.py
[2026-02-28T14:15:31.611+0000] {processor.py:830} INFO - Processing file /opt/airflow/dags/load_cb_courses.py for tasks to queue
[2026-02-28T14:15:31.613+0000] {logging_mixin.py:188} INFO - [2026-02-28T14:15:31.613+0000] {dagbag.py:545} INFO - Filling up the DagBag from /opt/airflow/dags/load_cb_courses.py
[2026-02-28T14:15:32.172+0000] {processor.py:840} INFO - DAG(s) 'load_cb_courses' retrieved from /opt/airflow/dags/load_cb_courses.py
[2026-02-28T14:15:32.203+0000] {logging_mixin.py:188} INFO - [2026-02-28T14:15:32.203+0000] {dag.py:3089} INFO - Sync 1 DAGs
[2026-02-28T14:15:32.226+0000] {logging_mixin.py:188} INFO - [2026-02-28T14:15:32.226+0000] {dag.py:3947} INFO - Setting next_dagrun for load_cb_courses to 2026-02-28 00:00:00+00:00, run_after=2026-03-01 00:00:00+00:00
[2026-02-28T14:15:32.253+0000] {processor.py:183} INFO - Processing /opt/airflow/dags/load_cb_courses.py took 0.652 seconds
[2026-02-28T14:16:03.170+0000] {processor.py:161} INFO - Started process (PID=19321) to work on /opt/airflow/dags/load_cb_courses.py
[2026-02-28T14:16:03.171+0000] {processor.py:830} INFO - Processing file /opt/airflow/dags/load_cb_courses.py for tasks to queue
[2026-02-28T14:16:03.173+0000] {logging_mixin.py:188} INFO - [2026-02-28T14:16:03.173+0000] {dagbag.py:545} INFO - Filling up the DagBag from /opt/airflow/dags/load_cb_courses.py
[2026-02-28T14:16:03.886+0000] {processor.py:840} INFO - DAG(s) 'load_cb_courses' retrieved from /opt/airflow/dags/load_cb_courses.py
[2026-02-28T14:16:03.920+0000] {logging_mixin.py:188} INFO - [2026-02-28T14:16:03.919+0000] {dag.py:3089} INFO - Sync 1 DAGs
[2026-02-28T14:16:03.967+0000] {logging_mixin.py:188} INFO - [2026-02-28T14:16:03.967+0000] {dag.py:3947} INFO - Setting next_dagrun for load_cb_courses to 2026-02-28 00:00:00+00:00, run_after=2026-03-01 00:00:00+00:00
[2026-02-28T14:16:04.022+0000] {processor.py:183} INFO - Processing /opt/airflow/dags/load_cb_courses.py took 0.858 seconds
[2026-02-28T14:16:34.681+0000] {processor.py:161} INFO - Started process (PID=19359) to work on /opt/airflow/dags/load_cb_courses.py
[2026-02-28T14:16:34.683+0000] {processor.py:830} INFO - Processing file /opt/airflow/dags/load_cb_courses.py for tasks to queue
[2026-02-28T14:16:34.686+0000] {logging_mixin.py:188} INFO - [2026-02-28T14:16:34.686+0000] {dagbag.py:545} INFO - Filling up the DagBag from /opt/airflow/dags/load_cb_courses.py
[2026-02-28T14:16:35.277+0000] {processor.py:840} INFO - DAG(s) 'load_cb_courses' retrieved from /opt/airflow/dags/load_cb_courses.py
[2026-02-28T14:16:35.306+0000] {logging_mixin.py:188} INFO - [2026-02-28T14:16:35.306+0000] {dag.py:3089} INFO - Sync 1 DAGs
[2026-02-28T14:16:35.331+0000] {logging_mixin.py:188} INFO - [2026-02-28T14:16:35.331+0000] {dag.py:3947} INFO - Setting next_dagrun for load_cb_courses to 2026-02-28 00:00:00+00:00, run_after=2026-03-01 00:00:00+00:00
[2026-02-28T14:16:35.351+0000] {processor.py:183} INFO - Processing /opt/airflow/dags/load_cb_courses.py took 0.678 seconds
[2026-02-28T14:17:05.980+0000] {processor.py:161} INFO - Started process (PID=19391) to work on /opt/airflow/dags/load_cb_courses.py
[2026-02-28T14:17:05.982+0000] {processor.py:830} INFO - Processing file /opt/airflow/dags/load_cb_courses.py for tasks to queue
[2026-02-28T14:17:05.985+0000] {logging_mixin.py:188} INFO - [2026-02-28T14:17:05.984+0000] {dagbag.py:545} INFO - Filling up the DagBag from /opt/airflow/dags/load_cb_courses.py
[2026-02-28T14:17:06.672+0000] {processor.py:840} INFO - DAG(s) 'load_cb_courses' retrieved from /opt/airflow/dags/load_cb_courses.py
[2026-02-28T14:17:06.705+0000] {logging_mixin.py:188} INFO - [2026-02-28T14:17:06.704+0000] {dag.py:3089} INFO - Sync 1 DAGs
[2026-02-28T14:17:06.738+0000] {logging_mixin.py:188} INFO - [2026-02-28T14:17:06.738+0000] {dag.py:3947} INFO - Setting next_dagrun for load_cb_courses to 2026-02-28 00:00:00+00:00, run_after=2026-03-01 00:00:00+00:00
[2026-02-28T14:17:06.762+0000] {processor.py:183} INFO - Processing /opt/airflow/dags/load_cb_courses.py took 0.791 seconds
[2026-02-28T14:17:37.554+0000] {processor.py:161} INFO - Started process (PID=19422) to work on /opt/airflow/dags/load_cb_courses.py
[2026-02-28T14:17:37.555+0000] {processor.py:830} INFO - Processing file /opt/airflow/dags/load_cb_courses.py for tasks to queue
[2026-02-28T14:17:37.557+0000] {logging_mixin.py:188} INFO - [2026-02-28T14:17:37.557+0000] {dagbag.py:545} INFO - Filling up the DagBag from /opt/airflow/dags/load_cb_courses.py
[2026-02-28T14:17:38.189+0000] {processor.py:840} INFO - DAG(s) 'load_cb_courses' retrieved from /opt/airflow/dags/load_cb_courses.py
[2026-02-28T14:17:38.292+0000] {logging_mixin.py:188} INFO - [2026-02-28T14:17:38.290+0000] {dag.py:3089} INFO - Sync 1 DAGs
[2026-02-28T14:17:38.382+0000] {logging_mixin.py:188} INFO - [2026-02-28T14:17:38.382+0000] {dag.py:3947} INFO - Setting next_dagrun for load_cb_courses to 2026-02-28 00:00:00+00:00, run_after=2026-03-01 00:00:00+00:00
[2026-02-28T14:17:38.457+0000] {processor.py:183} INFO - Processing /opt/airflow/dags/load_cb_courses.py took 0.909 seconds
[2026-02-28T14:18:09.156+0000] {processor.py:161} INFO - Started process (PID=19459) to work on /opt/airflow/dags/load_cb_courses.py
[2026-02-28T14:18:09.158+0000] {processor.py:830} INFO - Processing file /opt/airflow/dags/load_cb_courses.py for tasks to queue
[2026-02-28T14:18:09.161+0000] {logging_mixin.py:188} INFO - [2026-02-28T14:18:09.160+0000] {dagbag.py:545} INFO - Filling up the DagBag from /opt/airflow/dags/load_cb_courses.py
[2026-02-28T14:18:09.737+0000] {processor.py:840} INFO - DAG(s) 'load_cb_courses' retrieved from /opt/airflow/dags/load_cb_courses.py
[2026-02-28T14:18:09.757+0000] {logging_mixin.py:188} INFO - [2026-02-28T14:18:09.756+0000] {dag.py:3089} INFO - Sync 1 DAGs
[2026-02-28T14:18:09.777+0000] {logging_mixin.py:188} INFO - [2026-02-28T14:18:09.777+0000] {dag.py:3947} INFO - Setting next_dagrun for load_cb_courses to 2026-02-28 00:00:00+00:00, run_after=2026-03-01 00:00:00+00:00
[2026-02-28T14:18:09.807+0000] {processor.py:183} INFO - Processing /opt/airflow/dags/load_cb_courses.py took 0.659 seconds
[2026-02-28T14:18:40.430+0000] {processor.py:161} INFO - Started process (PID=19489) to work on /opt/airflow/dags/load_cb_courses.py
[2026-02-28T14:18:40.432+0000] {processor.py:830} INFO - Processing file /opt/airflow/dags/load_cb_courses.py for tasks to queue
[2026-02-28T14:18:40.436+0000] {logging_mixin.py:188} INFO - [2026-02-28T14:18:40.435+0000] {dagbag.py:545} INFO - Filling up the DagBag from /opt/airflow/dags/load_cb_courses.py
[2026-02-28T14:18:41.162+0000] {processor.py:840} INFO - DAG(s) 'load_cb_courses' retrieved from /opt/airflow/dags/load_cb_courses.py
[2026-02-28T14:18:41.195+0000] {logging_mixin.py:188} INFO - [2026-02-28T14:18:41.194+0000] {dag.py:3089} INFO - Sync 1 DAGs
[2026-02-28T14:18:41.246+0000] {logging_mixin.py:188} INFO - [2026-02-28T14:18:41.246+0000] {dag.py:3947} INFO - Setting next_dagrun for load_cb_courses to 2026-02-28 00:00:00+00:00, run_after=2026-03-01 00:00:00+00:00
[2026-02-28T14:18:41.292+0000] {processor.py:183} INFO - Processing /opt/airflow/dags/load_cb_courses.py took 0.873 seconds
[2026-02-28T14:19:11.881+0000] {processor.py:161} INFO - Started process (PID=19520) to work on /opt/airflow/dags/load_cb_courses.py
[2026-02-28T14:19:11.882+0000] {processor.py:830} INFO - Processing file /opt/airflow/dags/load_cb_courses.py for tasks to queue
[2026-02-28T14:19:11.885+0000] {logging_mixin.py:188} INFO - [2026-02-28T14:19:11.884+0000] {dagbag.py:545} INFO - Filling up the DagBag from /opt/airflow/dags/load_cb_courses.py
[2026-02-28T14:19:12.358+0000] {processor.py:840} INFO - DAG(s) 'load_cb_courses' retrieved from /opt/airflow/dags/load_cb_courses.py
[2026-02-28T14:19:12.379+0000] {logging_mixin.py:188} INFO - [2026-02-28T14:19:12.378+0000] {dag.py:3089} INFO - Sync 1 DAGs
[2026-02-28T14:19:12.405+0000] {logging_mixin.py:188} INFO - [2026-02-28T14:19:12.404+0000] {dag.py:3947} INFO - Setting next_dagrun for load_cb_courses to 2026-02-28 00:00:00+00:00, run_after=2026-03-01 00:00:00+00:00
[2026-02-28T14:19:12.433+0000] {processor.py:183} INFO - Processing /opt/airflow/dags/load_cb_courses.py took 0.559 seconds
[2026-02-28T14:19:42.575+0000] {processor.py:161} INFO - Started process (PID=19558) to work on /opt/airflow/dags/load_cb_courses.py
[2026-02-28T14:19:42.579+0000] {processor.py:830} INFO - Processing file /opt/airflow/dags/load_cb_courses.py for tasks to queue
[2026-02-28T14:19:42.582+0000] {logging_mixin.py:188} INFO - [2026-02-28T14:19:42.581+0000] {dagbag.py:545} INFO - Filling up the DagBag from /opt/airflow/dags/load_cb_courses.py
[2026-02-28T14:19:43.160+0000] {processor.py:840} INFO - DAG(s) 'load_cb_courses' retrieved from /opt/airflow/dags/load_cb_courses.py
[2026-02-28T14:19:43.194+0000] {logging_mixin.py:188} INFO - [2026-02-28T14:19:43.193+0000] {dag.py:3089} INFO - Sync 1 DAGs
[2026-02-28T14:19:43.217+0000] {logging_mixin.py:188} INFO - [2026-02-28T14:19:43.217+0000] {dag.py:3947} INFO - Setting next_dagrun for load_cb_courses to 2026-02-28 00:00:00+00:00, run_after=2026-03-01 00:00:00+00:00
[2026-02-28T14:19:43.245+0000] {processor.py:183} INFO - Processing /opt/airflow/dags/load_cb_courses.py took 0.681 seconds
[2026-02-28T14:20:13.960+0000] {processor.py:161} INFO - Started process (PID=19589) to work on /opt/airflow/dags/load_cb_courses.py
[2026-02-28T14:20:13.961+0000] {processor.py:830} INFO - Processing file /opt/airflow/dags/load_cb_courses.py for tasks to queue
[2026-02-28T14:20:13.963+0000] {logging_mixin.py:188} INFO - [2026-02-28T14:20:13.963+0000] {dagbag.py:545} INFO - Filling up the DagBag from /opt/airflow/dags/load_cb_courses.py
[2026-02-28T14:20:14.520+0000] {processor.py:840} INFO - DAG(s) 'load_cb_courses' retrieved from /opt/airflow/dags/load_cb_courses.py
[2026-02-28T14:20:14.550+0000] {logging_mixin.py:188} INFO - [2026-02-28T14:20:14.550+0000] {dag.py:3089} INFO - Sync 1 DAGs
[2026-02-28T14:20:14.579+0000] {logging_mixin.py:188} INFO - [2026-02-28T14:20:14.579+0000] {dag.py:3947} INFO - Setting next_dagrun for load_cb_courses to 2026-02-28 00:00:00+00:00, run_after=2026-03-01 00:00:00+00:00
[2026-02-28T14:20:14.603+0000] {processor.py:183} INFO - Processing /opt/airflow/dags/load_cb_courses.py took 0.649 seconds
[2026-02-28T14:20:45.158+0000] {processor.py:161} INFO - Started process (PID=19619) to work on /opt/airflow/dags/load_cb_courses.py
[2026-02-28T14:20:45.159+0000] {processor.py:830} INFO - Processing file /opt/airflow/dags/load_cb_courses.py for tasks to queue
[2026-02-28T14:20:45.162+0000] {logging_mixin.py:188} INFO - [2026-02-28T14:20:45.161+0000] {dagbag.py:545} INFO - Filling up the DagBag from /opt/airflow/dags/load_cb_courses.py
[2026-02-28T14:20:45.862+0000] {processor.py:840} INFO - DAG(s) 'load_cb_courses' retrieved from /opt/airflow/dags/load_cb_courses.py
[2026-02-28T14:20:45.894+0000] {logging_mixin.py:188} INFO - [2026-02-28T14:20:45.894+0000] {dag.py:3089} INFO - Sync 1 DAGs
[2026-02-28T14:20:45.944+0000] {logging_mixin.py:188} INFO - [2026-02-28T14:20:45.943+0000] {dag.py:3947} INFO - Setting next_dagrun for load_cb_courses to 2026-02-28 00:00:00+00:00, run_after=2026-03-01 00:00:00+00:00
[2026-02-28T14:20:45.998+0000] {processor.py:183} INFO - Processing /opt/airflow/dags/load_cb_courses.py took 0.848 seconds
[2026-02-28T14:21:16.675+0000] {processor.py:161} INFO - Started process (PID=19650) to work on /opt/airflow/dags/load_cb_courses.py
[2026-02-28T14:21:16.677+0000] {processor.py:830} INFO - Processing file /opt/airflow/dags/load_cb_courses.py for tasks to queue
[2026-02-28T14:21:16.681+0000] {logging_mixin.py:188} INFO - [2026-02-28T14:21:16.680+0000] {dagbag.py:545} INFO - Filling up the DagBag from /opt/airflow/dags/load_cb_courses.py
[2026-02-28T14:21:17.470+0000] {processor.py:840} INFO - DAG(s) 'load_cb_courses' retrieved from /opt/airflow/dags/load_cb_courses.py
[2026-02-28T14:21:17.506+0000] {logging_mixin.py:188} INFO - [2026-02-28T14:21:17.503+0000] {dag.py:3089} INFO - Sync 1 DAGs
[2026-02-28T14:21:17.587+0000] {logging_mixin.py:188} INFO - [2026-02-28T14:21:17.586+0000] {dag.py:3947} INFO - Setting next_dagrun for load_cb_courses to 2026-02-28 00:00:00+00:00, run_after=2026-03-01 00:00:00+00:00
[2026-02-28T14:21:17.699+0000] {processor.py:183} INFO - Processing /opt/airflow/dags/load_cb_courses.py took 1.033 seconds
[2026-02-28T14:21:48.275+0000] {processor.py:161} INFO - Started process (PID=19689) to work on /opt/airflow/dags/load_cb_courses.py
[2026-02-28T14:21:48.279+0000] {processor.py:830} INFO - Processing file /opt/airflow/dags/load_cb_courses.py for tasks to queue
[2026-02-28T14:21:48.282+0000] {logging_mixin.py:188} INFO - [2026-02-28T14:21:48.282+0000] {dagbag.py:545} INFO - Filling up the DagBag from /opt/airflow/dags/load_cb_courses.py
[2026-02-28T14:21:49.080+0000] {processor.py:840} INFO - DAG(s) 'load_cb_courses' retrieved from /opt/airflow/dags/load_cb_courses.py
[2026-02-28T14:21:49.111+0000] {logging_mixin.py:188} INFO - [2026-02-28T14:21:49.111+0000] {dag.py:3089} INFO - Sync 1 DAGs
[2026-02-28T14:21:49.142+0000] {logging_mixin.py:188} INFO - [2026-02-28T14:21:49.141+0000] {dag.py:3947} INFO - Setting next_dagrun for load_cb_courses to 2026-02-28 00:00:00+00:00, run_after=2026-03-01 00:00:00+00:00
[2026-02-28T14:21:49.164+0000] {processor.py:183} INFO - Processing /opt/airflow/dags/load_cb_courses.py took 0.896 seconds
[2026-02-28T14:22:19.985+0000] {processor.py:161} INFO - Started process (PID=19719) to work on /opt/airflow/dags/load_cb_courses.py
[2026-02-28T14:22:19.987+0000] {processor.py:830} INFO - Processing file /opt/airflow/dags/load_cb_courses.py for tasks to queue
[2026-02-28T14:22:19.989+0000] {logging_mixin.py:188} INFO - [2026-02-28T14:22:19.989+0000] {dagbag.py:545} INFO - Filling up the DagBag from /opt/airflow/dags/load_cb_courses.py
[2026-02-28T14:22:20.692+0000] {processor.py:840} INFO - DAG(s) 'load_cb_courses' retrieved from /opt/airflow/dags/load_cb_courses.py
[2026-02-28T14:22:20.721+0000] {logging_mixin.py:188} INFO - [2026-02-28T14:22:20.720+0000] {dag.py:3089} INFO - Sync 1 DAGs
[2026-02-28T14:22:20.745+0000] {logging_mixin.py:188} INFO - [2026-02-28T14:22:20.744+0000] {dag.py:3947} INFO - Setting next_dagrun for load_cb_courses to 2026-02-28 00:00:00+00:00, run_after=2026-03-01 00:00:00+00:00
[2026-02-28T14:22:20.768+0000] {processor.py:183} INFO - Processing /opt/airflow/dags/load_cb_courses.py took 0.791 seconds
[2026-02-28T14:22:51.364+0000] {processor.py:161} INFO - Started process (PID=19751) to work on /opt/airflow/dags/load_cb_courses.py
[2026-02-28T14:22:51.366+0000] {processor.py:830} INFO - Processing file /opt/airflow/dags/load_cb_courses.py for tasks to queue
[2026-02-28T14:22:51.368+0000] {logging_mixin.py:188} INFO - [2026-02-28T14:22:51.368+0000] {dagbag.py:545} INFO - Filling up the DagBag from /opt/airflow/dags/load_cb_courses.py
[2026-02-28T14:22:51.987+0000] {processor.py:840} INFO - DAG(s) 'load_cb_courses' retrieved from /opt/airflow/dags/load_cb_courses.py
[2026-02-28T14:22:52.014+0000] {logging_mixin.py:188} INFO - [2026-02-28T14:22:52.013+0000] {dag.py:3089} INFO - Sync 1 DAGs
[2026-02-28T14:22:52.040+0000] {logging_mixin.py:188} INFO - [2026-02-28T14:22:52.040+0000] {dag.py:3947} INFO - Setting next_dagrun for load_cb_courses to 2026-02-28 00:00:00+00:00, run_after=2026-03-01 00:00:00+00:00
[2026-02-28T14:22:52.062+0000] {processor.py:183} INFO - Processing /opt/airflow/dags/load_cb_courses.py took 0.705 seconds
[2026-02-28T14:23:22.540+0000] {processor.py:161} INFO - Started process (PID=19790) to work on /opt/airflow/dags/load_cb_courses.py
[2026-02-28T14:23:22.541+0000] {processor.py:830} INFO - Processing file /opt/airflow/dags/load_cb_courses.py for tasks to queue
[2026-02-28T14:23:22.544+0000] {logging_mixin.py:188} INFO - [2026-02-28T14:23:22.543+0000] {dagbag.py:545} INFO - Filling up the DagBag from /opt/airflow/dags/load_cb_courses.py
[2026-02-28T14:23:23.115+0000] {processor.py:840} INFO - DAG(s) 'load_cb_courses' retrieved from /opt/airflow/dags/load_cb_courses.py
[2026-02-28T14:23:23.140+0000] {logging_mixin.py:188} INFO - [2026-02-28T14:23:23.139+0000] {dag.py:3089} INFO - Sync 1 DAGs
[2026-02-28T14:23:23.170+0000] {logging_mixin.py:188} INFO - [2026-02-28T14:23:23.170+0000] {dag.py:3947} INFO - Setting next_dagrun for load_cb_courses to 2026-02-28 00:00:00+00:00, run_after=2026-03-01 00:00:00+00:00
[2026-02-28T14:23:23.192+0000] {processor.py:183} INFO - Processing /opt/airflow/dags/load_cb_courses.py took 0.659 seconds
[2026-02-28T14:23:53.675+0000] {processor.py:161} INFO - Started process (PID=19820) to work on /opt/airflow/dags/load_cb_courses.py
[2026-02-28T14:23:53.677+0000] {processor.py:830} INFO - Processing file /opt/airflow/dags/load_cb_courses.py for tasks to queue
[2026-02-28T14:23:53.682+0000] {logging_mixin.py:188} INFO - [2026-02-28T14:23:53.680+0000] {dagbag.py:545} INFO - Filling up the DagBag from /opt/airflow/dags/load_cb_courses.py
[2026-02-28T14:23:54.309+0000] {processor.py:840} INFO - DAG(s) 'load_cb_courses' retrieved from /opt/airflow/dags/load_cb_courses.py
[2026-02-28T14:23:54.334+0000] {logging_mixin.py:188} INFO - [2026-02-28T14:23:54.333+0000] {dag.py:3089} INFO - Sync 1 DAGs
[2026-02-28T14:23:54.360+0000] {logging_mixin.py:188} INFO - [2026-02-28T14:23:54.360+0000] {dag.py:3947} INFO - Setting next_dagrun for load_cb_courses to 2026-02-28 00:00:00+00:00, run_after=2026-03-01 00:00:00+00:00
[2026-02-28T14:23:54.383+0000] {processor.py:183} INFO - Processing /opt/airflow/dags/load_cb_courses.py took 0.716 seconds
[2026-02-28T14:24:24.539+0000] {processor.py:161} INFO - Started process (PID=19853) to work on /opt/airflow/dags/load_cb_courses.py
[2026-02-28T14:24:24.542+0000] {processor.py:830} INFO - Processing file /opt/airflow/dags/load_cb_courses.py for tasks to queue
[2026-02-28T14:24:24.544+0000] {logging_mixin.py:188} INFO - [2026-02-28T14:24:24.544+0000] {dagbag.py:545} INFO - Filling up the DagBag from /opt/airflow/dags/load_cb_courses.py
[2026-02-28T14:24:25.046+0000] {processor.py:840} INFO - DAG(s) 'load_cb_courses' retrieved from /opt/airflow/dags/load_cb_courses.py
[2026-02-28T14:24:25.068+0000] {logging_mixin.py:188} INFO - [2026-02-28T14:24:25.068+0000] {dag.py:3089} INFO - Sync 1 DAGs
[2026-02-28T14:24:25.121+0000] {logging_mixin.py:188} INFO - [2026-02-28T14:24:25.121+0000] {dag.py:3947} INFO - Setting next_dagrun for load_cb_courses to 2026-02-28 00:00:00+00:00, run_after=2026-03-01 00:00:00+00:00
[2026-02-28T14:24:25.150+0000] {processor.py:183} INFO - Processing /opt/airflow/dags/load_cb_courses.py took 0.618 seconds
[2026-02-28T14:24:55.589+0000] {processor.py:161} INFO - Started process (PID=19884) to work on /opt/airflow/dags/load_cb_courses.py
[2026-02-28T14:24:55.590+0000] {processor.py:830} INFO - Processing file /opt/airflow/dags/load_cb_courses.py for tasks to queue
[2026-02-28T14:24:55.594+0000] {logging_mixin.py:188} INFO - [2026-02-28T14:24:55.594+0000] {dagbag.py:545} INFO - Filling up the DagBag from /opt/airflow/dags/load_cb_courses.py
[2026-02-28T14:24:56.245+0000] {processor.py:840} INFO - DAG(s) 'load_cb_courses' retrieved from /opt/airflow/dags/load_cb_courses.py
[2026-02-28T14:24:56.276+0000] {logging_mixin.py:188} INFO - [2026-02-28T14:24:56.276+0000] {dag.py:3089} INFO - Sync 1 DAGs
[2026-02-28T14:24:56.306+0000] {logging_mixin.py:188} INFO - [2026-02-28T14:24:56.305+0000] {dag.py:3947} INFO - Setting next_dagrun for load_cb_courses to 2026-02-28 00:00:00+00:00, run_after=2026-03-01 00:00:00+00:00
[2026-02-28T14:24:56.334+0000] {processor.py:183} INFO - Processing /opt/airflow/dags/load_cb_courses.py took 0.753 seconds
[2026-02-28T14:25:27.090+0000] {processor.py:161} INFO - Started process (PID=19921) to work on /opt/airflow/dags/load_cb_courses.py
[2026-02-28T14:25:27.092+0000] {processor.py:830} INFO - Processing file /opt/airflow/dags/load_cb_courses.py for tasks to queue
[2026-02-28T14:25:27.096+0000] {logging_mixin.py:188} INFO - [2026-02-28T14:25:27.096+0000] {dagbag.py:545} INFO - Filling up the DagBag from /opt/airflow/dags/load_cb_courses.py
[2026-02-28T14:25:27.802+0000] {processor.py:840} INFO - DAG(s) 'load_cb_courses' retrieved from /opt/airflow/dags/load_cb_courses.py
[2026-02-28T14:25:27.827+0000] {logging_mixin.py:188} INFO - [2026-02-28T14:25:27.826+0000] {dag.py:3089} INFO - Sync 1 DAGs
[2026-02-28T14:25:27.858+0000] {logging_mixin.py:188} INFO - [2026-02-28T14:25:27.858+0000] {dag.py:3947} INFO - Setting next_dagrun for load_cb_courses to 2026-02-28 00:00:00+00:00, run_after=2026-03-01 00:00:00+00:00
[2026-02-28T14:25:27.884+0000] {processor.py:183} INFO - Processing /opt/airflow/dags/load_cb_courses.py took 0.804 seconds
[2026-02-28T14:25:58.419+0000] {processor.py:161} INFO - Started process (PID=19952) to work on /opt/airflow/dags/load_cb_courses.py
[2026-02-28T14:25:58.420+0000] {processor.py:830} INFO - Processing file /opt/airflow/dags/load_cb_courses.py for tasks to queue
[2026-02-28T14:25:58.423+0000] {logging_mixin.py:188} INFO - [2026-02-28T14:25:58.423+0000] {dagbag.py:545} INFO - Filling up the DagBag from /opt/airflow/dags/load_cb_courses.py
[2026-02-28T14:25:59.281+0000] {processor.py:840} INFO - DAG(s) 'load_cb_courses' retrieved from /opt/airflow/dags/load_cb_courses.py
[2026-02-28T14:25:59.309+0000] {logging_mixin.py:188} INFO - [2026-02-28T14:25:59.308+0000] {dag.py:3089} INFO - Sync 1 DAGs
[2026-02-28T14:25:59.343+0000] {logging_mixin.py:188} INFO - [2026-02-28T14:25:59.343+0000] {dag.py:3947} INFO - Setting next_dagrun for load_cb_courses to 2026-02-28 00:00:00+00:00, run_after=2026-03-01 00:00:00+00:00
[2026-02-28T14:25:59.378+0000] {processor.py:183} INFO - Processing /opt/airflow/dags/load_cb_courses.py took 0.967 seconds
[2026-02-28T14:26:29.889+0000] {processor.py:161} INFO - Started process (PID=19983) to work on /opt/airflow/dags/load_cb_courses.py
[2026-02-28T14:26:29.890+0000] {processor.py:830} INFO - Processing file /opt/airflow/dags/load_cb_courses.py for tasks to queue
[2026-02-28T14:26:29.893+0000] {logging_mixin.py:188} INFO - [2026-02-28T14:26:29.892+0000] {dagbag.py:545} INFO - Filling up the DagBag from /opt/airflow/dags/load_cb_courses.py
[2026-02-28T14:26:30.381+0000] {processor.py:840} INFO - DAG(s) 'load_cb_courses' retrieved from /opt/airflow/dags/load_cb_courses.py
[2026-02-28T14:26:30.404+0000] {logging_mixin.py:188} INFO - [2026-02-28T14:26:30.404+0000] {dag.py:3089} INFO - Sync 1 DAGs
[2026-02-28T14:26:30.425+0000] {logging_mixin.py:188} INFO - [2026-02-28T14:26:30.425+0000] {dag.py:3947} INFO - Setting next_dagrun for load_cb_courses to 2026-02-28 00:00:00+00:00, run_after=2026-03-01 00:00:00+00:00
[2026-02-28T14:26:30.445+0000] {processor.py:183} INFO - Processing /opt/airflow/dags/load_cb_courses.py took 0.566 seconds
[2026-02-28T14:27:00.705+0000] {processor.py:161} INFO - Started process (PID=20014) to work on /opt/airflow/dags/load_cb_courses.py
[2026-02-28T14:27:00.707+0000] {processor.py:830} INFO - Processing file /opt/airflow/dags/load_cb_courses.py for tasks to queue
[2026-02-28T14:27:00.711+0000] {logging_mixin.py:188} INFO - [2026-02-28T14:27:00.710+0000] {dagbag.py:545} INFO - Filling up the DagBag from /opt/airflow/dags/load_cb_courses.py
[2026-02-28T14:27:01.272+0000] {processor.py:840} INFO - DAG(s) 'load_cb_courses' retrieved from /opt/airflow/dags/load_cb_courses.py
[2026-02-28T14:27:01.308+0000] {logging_mixin.py:188} INFO - [2026-02-28T14:27:01.308+0000] {dag.py:3089} INFO - Sync 1 DAGs
[2026-02-28T14:27:01.348+0000] {logging_mixin.py:188} INFO - [2026-02-28T14:27:01.347+0000] {dag.py:3947} INFO - Setting next_dagrun for load_cb_courses to 2026-02-28 00:00:00+00:00, run_after=2026-03-01 00:00:00+00:00
[2026-02-28T14:27:01.378+0000] {processor.py:183} INFO - Processing /opt/airflow/dags/load_cb_courses.py took 0.682 seconds
[2026-02-28T14:27:32.228+0000] {processor.py:161} INFO - Started process (PID=20059) to work on /opt/airflow/dags/load_cb_courses.py
[2026-02-28T14:27:32.229+0000] {processor.py:830} INFO - Processing file /opt/airflow/dags/load_cb_courses.py for tasks to queue
[2026-02-28T14:27:32.232+0000] {logging_mixin.py:188} INFO - [2026-02-28T14:27:32.231+0000] {dagbag.py:545} INFO - Filling up the DagBag from /opt/airflow/dags/load_cb_courses.py
[2026-02-28T14:27:32.912+0000] {processor.py:840} INFO - DAG(s) 'load_cb_courses' retrieved from /opt/airflow/dags/load_cb_courses.py
[2026-02-28T14:27:32.933+0000] {logging_mixin.py:188} INFO - [2026-02-28T14:27:32.932+0000] {dag.py:3089} INFO - Sync 1 DAGs
[2026-02-28T14:27:32.961+0000] {logging_mixin.py:188} INFO - [2026-02-28T14:27:32.961+0000] {dag.py:3947} INFO - Setting next_dagrun for load_cb_courses to 2026-02-28 00:00:00+00:00, run_after=2026-03-01 00:00:00+00:00
[2026-02-28T14:27:32.985+0000] {processor.py:183} INFO - Processing /opt/airflow/dags/load_cb_courses.py took 0.766 seconds
[2026-02-28T14:28:03.664+0000] {processor.py:161} INFO - Started process (PID=20090) to work on /opt/airflow/dags/load_cb_courses.py
[2026-02-28T14:28:03.665+0000] {processor.py:830} INFO - Processing file /opt/airflow/dags/load_cb_courses.py for tasks to queue
[2026-02-28T14:28:03.667+0000] {logging_mixin.py:188} INFO - [2026-02-28T14:28:03.667+0000] {dagbag.py:545} INFO - Filling up the DagBag from /opt/airflow/dags/load_cb_courses.py
[2026-02-28T14:28:04.222+0000] {processor.py:840} INFO - DAG(s) 'load_cb_courses' retrieved from /opt/airflow/dags/load_cb_courses.py
[2026-02-28T14:28:04.247+0000] {logging_mixin.py:188} INFO - [2026-02-28T14:28:04.247+0000] {dag.py:3089} INFO - Sync 1 DAGs
[2026-02-28T14:28:04.266+0000] {logging_mixin.py:188} INFO - [2026-02-28T14:28:04.266+0000] {dag.py:3947} INFO - Setting next_dagrun for load_cb_courses to 2026-02-28 00:00:00+00:00, run_after=2026-03-01 00:00:00+00:00
[2026-02-28T14:28:04.291+0000] {processor.py:183} INFO - Processing /opt/airflow/dags/load_cb_courses.py took 0.634 seconds
[2026-02-28T14:28:34.396+0000] {processor.py:161} INFO - Started process (PID=20121) to work on /opt/airflow/dags/load_cb_courses.py
[2026-02-28T14:28:34.398+0000] {processor.py:830} INFO - Processing file /opt/airflow/dags/load_cb_courses.py for tasks to queue
[2026-02-28T14:28:34.401+0000] {logging_mixin.py:188} INFO - [2026-02-28T14:28:34.401+0000] {dagbag.py:545} INFO - Filling up the DagBag from /opt/airflow/dags/load_cb_courses.py
[2026-02-28T14:28:35.063+0000] {processor.py:840} INFO - DAG(s) 'load_cb_courses' retrieved from /opt/airflow/dags/load_cb_courses.py
[2026-02-28T14:28:35.098+0000] {logging_mixin.py:188} INFO - [2026-02-28T14:28:35.098+0000] {dag.py:3089} INFO - Sync 1 DAGs
[2026-02-28T14:28:35.139+0000] {logging_mixin.py:188} INFO - [2026-02-28T14:28:35.139+0000] {dag.py:3947} INFO - Setting next_dagrun for load_cb_courses to 2026-02-28 00:00:00+00:00, run_after=2026-03-01 00:00:00+00:00
[2026-02-28T14:28:35.189+0000] {processor.py:183} INFO - Processing /opt/airflow/dags/load_cb_courses.py took 0.799 seconds
[2026-02-28T14:29:06.531+0000] {processor.py:161} INFO - Started process (PID=20158) to work on /opt/airflow/dags/load_cb_courses.py
[2026-02-28T14:29:06.533+0000] {processor.py:830} INFO - Processing file /opt/airflow/dags/load_cb_courses.py for tasks to queue
[2026-02-28T14:29:06.537+0000] {logging_mixin.py:188} INFO - [2026-02-28T14:29:06.536+0000] {dagbag.py:545} INFO - Filling up the DagBag from /opt/airflow/dags/load_cb_courses.py
[2026-02-28T14:29:07.401+0000] {processor.py:840} INFO - DAG(s) 'load_cb_courses' retrieved from /opt/airflow/dags/load_cb_courses.py
[2026-02-28T14:29:07.437+0000] {logging_mixin.py:188} INFO - [2026-02-28T14:29:07.436+0000] {dag.py:3089} INFO - Sync 1 DAGs
[2026-02-28T14:29:07.478+0000] {logging_mixin.py:188} INFO - [2026-02-28T14:29:07.478+0000] {dag.py:3947} INFO - Setting next_dagrun for load_cb_courses to 2026-02-28 00:00:00+00:00, run_after=2026-03-01 00:00:00+00:00
[2026-02-28T14:29:07.549+0000] {processor.py:183} INFO - Processing /opt/airflow/dags/load_cb_courses.py took 1.034 seconds
[2026-02-28T14:29:38.244+0000] {processor.py:161} INFO - Started process (PID=20189) to work on /opt/airflow/dags/load_cb_courses.py
[2026-02-28T14:29:38.246+0000] {processor.py:830} INFO - Processing file /opt/airflow/dags/load_cb_courses.py for tasks to queue
[2026-02-28T14:29:38.249+0000] {logging_mixin.py:188} INFO - [2026-02-28T14:29:38.248+0000] {dagbag.py:545} INFO - Filling up the DagBag from /opt/airflow/dags/load_cb_courses.py
[2026-02-28T14:29:39.188+0000] {processor.py:840} INFO - DAG(s) 'load_cb_courses' retrieved from /opt/airflow/dags/load_cb_courses.py
[2026-02-28T14:29:39.215+0000] {logging_mixin.py:188} INFO - [2026-02-28T14:29:39.214+0000] {dag.py:3089} INFO - Sync 1 DAGs
[2026-02-28T14:29:39.237+0000] {logging_mixin.py:188} INFO - [2026-02-28T14:29:39.236+0000] {dag.py:3947} INFO - Setting next_dagrun for load_cb_courses to 2026-02-28 00:00:00+00:00, run_after=2026-03-01 00:00:00+00:00
[2026-02-28T14:29:39.269+0000] {processor.py:183} INFO - Processing /opt/airflow/dags/load_cb_courses.py took 1.033 seconds
[2026-02-28T14:30:09.861+0000] {processor.py:161} INFO - Started process (PID=20220) to work on /opt/airflow/dags/load_cb_courses.py
[2026-02-28T14:30:09.862+0000] {processor.py:830} INFO - Processing file /opt/airflow/dags/load_cb_courses.py for tasks to queue
[2026-02-28T14:30:09.865+0000] {logging_mixin.py:188} INFO - [2026-02-28T14:30:09.864+0000] {dagbag.py:545} INFO - Filling up the DagBag from /opt/airflow/dags/load_cb_courses.py
[2026-02-28T14:30:10.392+0000] {processor.py:840} INFO - DAG(s) 'load_cb_courses' retrieved from /opt/airflow/dags/load_cb_courses.py
[2026-02-28T14:30:10.411+0000] {logging_mixin.py:188} INFO - [2026-02-28T14:30:10.410+0000] {dag.py:3089} INFO - Sync 1 DAGs
[2026-02-28T14:30:10.431+0000] {logging_mixin.py:188} INFO - [2026-02-28T14:30:10.430+0000] {dag.py:3947} INFO - Setting next_dagrun for load_cb_courses to 2026-02-28 00:00:00+00:00, run_after=2026-03-01 00:00:00+00:00
[2026-02-28T14:30:10.452+0000] {processor.py:183} INFO - Processing /opt/airflow/dags/load_cb_courses.py took 0.600 seconds
[2026-02-28T14:30:41.011+0000] {processor.py:161} INFO - Started process (PID=20251) to work on /opt/airflow/dags/load_cb_courses.py
[2026-02-28T14:30:41.013+0000] {processor.py:830} INFO - Processing file /opt/airflow/dags/load_cb_courses.py for tasks to queue
[2026-02-28T14:30:41.016+0000] {logging_mixin.py:188} INFO - [2026-02-28T14:30:41.016+0000] {dagbag.py:545} INFO - Filling up the DagBag from /opt/airflow/dags/load_cb_courses.py
[2026-02-28T14:30:41.558+0000] {processor.py:840} INFO - DAG(s) 'load_cb_courses' retrieved from /opt/airflow/dags/load_cb_courses.py
[2026-02-28T14:30:41.582+0000] {logging_mixin.py:188} INFO - [2026-02-28T14:30:41.581+0000] {dag.py:3089} INFO - Sync 1 DAGs
[2026-02-28T14:30:41.607+0000] {logging_mixin.py:188} INFO - [2026-02-28T14:30:41.607+0000] {dag.py:3947} INFO - Setting next_dagrun for load_cb_courses to 2026-02-28 00:00:00+00:00, run_after=2026-03-01 00:00:00+00:00
[2026-02-28T14:30:41.635+0000] {processor.py:183} INFO - Processing /opt/airflow/dags/load_cb_courses.py took 0.641 seconds
[2026-02-28T14:31:11.783+0000] {processor.py:161} INFO - Started process (PID=20289) to work on /opt/airflow/dags/load_cb_courses.py
[2026-02-28T14:31:11.784+0000] {processor.py:830} INFO - Processing file /opt/airflow/dags/load_cb_courses.py for tasks to queue
[2026-02-28T14:31:11.792+0000] {logging_mixin.py:188} INFO - [2026-02-28T14:31:11.788+0000] {dagbag.py:545} INFO - Filling up the DagBag from /opt/airflow/dags/load_cb_courses.py
[2026-02-28T14:31:12.497+0000] {processor.py:840} INFO - DAG(s) 'load_cb_courses' retrieved from /opt/airflow/dags/load_cb_courses.py
[2026-02-28T14:31:12.531+0000] {logging_mixin.py:188} INFO - [2026-02-28T14:31:12.530+0000] {dag.py:3089} INFO - Sync 1 DAGs
[2026-02-28T14:31:12.567+0000] {logging_mixin.py:188} INFO - [2026-02-28T14:31:12.566+0000] {dag.py:3947} INFO - Setting next_dagrun for load_cb_courses to 2026-02-28 00:00:00+00:00, run_after=2026-03-01 00:00:00+00:00
[2026-02-28T14:31:12.598+0000] {processor.py:183} INFO - Processing /opt/airflow/dags/load_cb_courses.py took 0.827 seconds
[2026-02-28T14:31:43.128+0000] {processor.py:161} INFO - Started process (PID=20320) to work on /opt/airflow/dags/load_cb_courses.py
[2026-02-28T14:31:43.129+0000] {processor.py:830} INFO - Processing file /opt/airflow/dags/load_cb_courses.py for tasks to queue
[2026-02-28T14:31:43.133+0000] {logging_mixin.py:188} INFO - [2026-02-28T14:31:43.132+0000] {dagbag.py:545} INFO - Filling up the DagBag from /opt/airflow/dags/load_cb_courses.py
[2026-02-28T14:31:43.802+0000] {processor.py:840} INFO - DAG(s) 'load_cb_courses' retrieved from /opt/airflow/dags/load_cb_courses.py
[2026-02-28T14:31:43.826+0000] {logging_mixin.py:188} INFO - [2026-02-28T14:31:43.826+0000] {dag.py:3089} INFO - Sync 1 DAGs
[2026-02-28T14:31:43.850+0000] {logging_mixin.py:188} INFO - [2026-02-28T14:31:43.849+0000] {dag.py:3947} INFO - Setting next_dagrun for load_cb_courses to 2026-02-28 00:00:00+00:00, run_after=2026-03-01 00:00:00+00:00
[2026-02-28T14:31:43.873+0000] {processor.py:183} INFO - Processing /opt/airflow/dags/load_cb_courses.py took 0.753 seconds
[2026-02-28T14:32:14.297+0000] {processor.py:161} INFO - Started process (PID=20351) to work on /opt/airflow/dags/load_cb_courses.py
[2026-02-28T14:32:14.299+0000] {processor.py:830} INFO - Processing file /opt/airflow/dags/load_cb_courses.py for tasks to queue
[2026-02-28T14:32:14.301+0000] {logging_mixin.py:188} INFO - [2026-02-28T14:32:14.301+0000] {dagbag.py:545} INFO - Filling up the DagBag from /opt/airflow/dags/load_cb_courses.py
[2026-02-28T14:32:14.878+0000] {processor.py:840} INFO - DAG(s) 'load_cb_courses' retrieved from /opt/airflow/dags/load_cb_courses.py
[2026-02-28T14:32:14.904+0000] {logging_mixin.py:188} INFO - [2026-02-28T14:32:14.904+0000] {dag.py:3089} INFO - Sync 1 DAGs
[2026-02-28T14:32:14.927+0000] {logging_mixin.py:188} INFO - [2026-02-28T14:32:14.927+0000] {dag.py:3947} INFO - Setting next_dagrun for load_cb_courses to 2026-02-28 00:00:00+00:00, run_after=2026-03-01 00:00:00+00:00
[2026-02-28T14:32:14.950+0000] {processor.py:183} INFO - Processing /opt/airflow/dags/load_cb_courses.py took 0.663 seconds
[2026-02-28T14:32:45.040+0000] {processor.py:161} INFO - Started process (PID=20382) to work on /opt/airflow/dags/load_cb_courses.py
[2026-02-28T14:32:45.042+0000] {processor.py:830} INFO - Processing file /opt/airflow/dags/load_cb_courses.py for tasks to queue
[2026-02-28T14:32:45.045+0000] {logging_mixin.py:188} INFO - [2026-02-28T14:32:45.045+0000] {dagbag.py:545} INFO - Filling up the DagBag from /opt/airflow/dags/load_cb_courses.py
[2026-02-28T14:32:45.586+0000] {processor.py:840} INFO - DAG(s) 'load_cb_courses' retrieved from /opt/airflow/dags/load_cb_courses.py
[2026-02-28T14:32:45.625+0000] {logging_mixin.py:188} INFO - [2026-02-28T14:32:45.621+0000] {dag.py:3089} INFO - Sync 1 DAGs
[2026-02-28T14:32:45.664+0000] {logging_mixin.py:188} INFO - [2026-02-28T14:32:45.663+0000] {dag.py:3947} INFO - Setting next_dagrun for load_cb_courses to 2026-02-28 00:00:00+00:00, run_after=2026-03-01 00:00:00+00:00
[2026-02-28T14:32:45.692+0000] {processor.py:183} INFO - Processing /opt/airflow/dags/load_cb_courses.py took 0.659 seconds
[2026-02-28T14:33:16.389+0000] {processor.py:161} INFO - Started process (PID=20417) to work on /opt/airflow/dags/load_cb_courses.py
[2026-02-28T14:33:16.391+0000] {processor.py:830} INFO - Processing file /opt/airflow/dags/load_cb_courses.py for tasks to queue
[2026-02-28T14:33:16.393+0000] {logging_mixin.py:188} INFO - [2026-02-28T14:33:16.393+0000] {dagbag.py:545} INFO - Filling up the DagBag from /opt/airflow/dags/load_cb_courses.py
[2026-02-28T14:33:17.211+0000] {processor.py:840} INFO - DAG(s) 'load_cb_courses' retrieved from /opt/airflow/dags/load_cb_courses.py
[2026-02-28T14:33:17.240+0000] {logging_mixin.py:188} INFO - [2026-02-28T14:33:17.240+0000] {dag.py:3089} INFO - Sync 1 DAGs
[2026-02-28T14:33:17.265+0000] {logging_mixin.py:188} INFO - [2026-02-28T14:33:17.265+0000] {dag.py:3947} INFO - Setting next_dagrun for load_cb_courses to 2026-02-28 00:00:00+00:00, run_after=2026-03-01 00:00:00+00:00
[2026-02-28T14:33:17.295+0000] {processor.py:183} INFO - Processing /opt/airflow/dags/load_cb_courses.py took 0.915 seconds
[2026-02-28T14:33:47.799+0000] {processor.py:161} INFO - Started process (PID=20449) to work on /opt/airflow/dags/load_cb_courses.py
[2026-02-28T14:33:47.800+0000] {processor.py:830} INFO - Processing file /opt/airflow/dags/load_cb_courses.py for tasks to queue
[2026-02-28T14:33:47.803+0000] {logging_mixin.py:188} INFO - [2026-02-28T14:33:47.803+0000] {dagbag.py:545} INFO - Filling up the DagBag from /opt/airflow/dags/load_cb_courses.py
[2026-02-28T14:33:48.423+0000] {processor.py:840} INFO - DAG(s) 'load_cb_courses' retrieved from /opt/airflow/dags/load_cb_courses.py
[2026-02-28T14:33:48.445+0000] {logging_mixin.py:188} INFO - [2026-02-28T14:33:48.445+0000] {dag.py:3089} INFO - Sync 1 DAGs
[2026-02-28T14:33:48.469+0000] {logging_mixin.py:188} INFO - [2026-02-28T14:33:48.469+0000] {dag.py:3947} INFO - Setting next_dagrun for load_cb_courses to 2026-02-28 00:00:00+00:00, run_after=2026-03-01 00:00:00+00:00
[2026-02-28T14:33:48.490+0000] {processor.py:183} INFO - Processing /opt/airflow/dags/load_cb_courses.py took 0.700 seconds
[2026-02-28T14:34:19.449+0000] {processor.py:161} INFO - Started process (PID=20480) to work on /opt/airflow/dags/load_cb_courses.py
[2026-02-28T14:34:19.450+0000] {processor.py:830} INFO - Processing file /opt/airflow/dags/load_cb_courses.py for tasks to queue
[2026-02-28T14:34:19.453+0000] {logging_mixin.py:188} INFO - [2026-02-28T14:34:19.453+0000] {dagbag.py:545} INFO - Filling up the DagBag from /opt/airflow/dags/load_cb_courses.py
[2026-02-28T14:34:20.142+0000] {processor.py:840} INFO - DAG(s) 'load_cb_courses' retrieved from /opt/airflow/dags/load_cb_courses.py
[2026-02-28T14:34:20.183+0000] {logging_mixin.py:188} INFO - [2026-02-28T14:34:20.182+0000] {dag.py:3089} INFO - Sync 1 DAGs
[2026-02-28T14:34:20.214+0000] {logging_mixin.py:188} INFO - [2026-02-28T14:34:20.213+0000] {dag.py:3947} INFO - Setting next_dagrun for load_cb_courses to 2026-02-28 00:00:00+00:00, run_after=2026-03-01 00:00:00+00:00
[2026-02-28T14:34:20.250+0000] {processor.py:183} INFO - Processing /opt/airflow/dags/load_cb_courses.py took 0.807 seconds
[2026-02-28T14:34:51.335+0000] {processor.py:161} INFO - Started process (PID=20518) to work on /opt/airflow/dags/load_cb_courses.py
[2026-02-28T14:34:51.337+0000] {processor.py:830} INFO - Processing file /opt/airflow/dags/load_cb_courses.py for tasks to queue
[2026-02-28T14:34:51.341+0000] {logging_mixin.py:188} INFO - [2026-02-28T14:34:51.340+0000] {dagbag.py:545} INFO - Filling up the DagBag from /opt/airflow/dags/load_cb_courses.py
[2026-02-28T14:34:52.755+0000] {processor.py:840} INFO - DAG(s) 'load_cb_courses' retrieved from /opt/airflow/dags/load_cb_courses.py
[2026-02-28T14:34:52.806+0000] {logging_mixin.py:188} INFO - [2026-02-28T14:34:52.805+0000] {dag.py:3089} INFO - Sync 1 DAGs
[2026-02-28T14:34:52.846+0000] {logging_mixin.py:188} INFO - [2026-02-28T14:34:52.846+0000] {dag.py:3947} INFO - Setting next_dagrun for load_cb_courses to 2026-02-28 00:00:00+00:00, run_after=2026-03-01 00:00:00+00:00
[2026-02-28T14:34:52.872+0000] {processor.py:183} INFO - Processing /opt/airflow/dags/load_cb_courses.py took 1.564 seconds
[2026-02-28T14:35:23.458+0000] {processor.py:161} INFO - Started process (PID=20549) to work on /opt/airflow/dags/load_cb_courses.py
[2026-02-28T14:35:23.459+0000] {processor.py:830} INFO - Processing file /opt/airflow/dags/load_cb_courses.py for tasks to queue
[2026-02-28T14:35:23.462+0000] {logging_mixin.py:188} INFO - [2026-02-28T14:35:23.461+0000] {dagbag.py:545} INFO - Filling up the DagBag from /opt/airflow/dags/load_cb_courses.py
[2026-02-28T14:35:24.112+0000] {processor.py:840} INFO - DAG(s) 'load_cb_courses' retrieved from /opt/airflow/dags/load_cb_courses.py
[2026-02-28T14:35:24.139+0000] {logging_mixin.py:188} INFO - [2026-02-28T14:35:24.138+0000] {dag.py:3089} INFO - Sync 1 DAGs
[2026-02-28T14:35:24.160+0000] {logging_mixin.py:188} INFO - [2026-02-28T14:35:24.160+0000] {dag.py:3947} INFO - Setting next_dagrun for load_cb_courses to 2026-02-28 00:00:00+00:00, run_after=2026-03-01 00:00:00+00:00
[2026-02-28T14:35:24.184+0000] {processor.py:183} INFO - Processing /opt/airflow/dags/load_cb_courses.py took 0.734 seconds
[2026-02-28T14:35:54.847+0000] {processor.py:161} INFO - Started process (PID=20580) to work on /opt/airflow/dags/load_cb_courses.py
[2026-02-28T14:35:54.849+0000] {processor.py:830} INFO - Processing file /opt/airflow/dags/load_cb_courses.py for tasks to queue
[2026-02-28T14:35:54.851+0000] {logging_mixin.py:188} INFO - [2026-02-28T14:35:54.851+0000] {dagbag.py:545} INFO - Filling up the DagBag from /opt/airflow/dags/load_cb_courses.py
[2026-02-28T14:35:55.403+0000] {processor.py:840} INFO - DAG(s) 'load_cb_courses' retrieved from /opt/airflow/dags/load_cb_courses.py
[2026-02-28T14:35:55.426+0000] {logging_mixin.py:188} INFO - [2026-02-28T14:35:55.426+0000] {dag.py:3089} INFO - Sync 1 DAGs
[2026-02-28T14:35:55.451+0000] {logging_mixin.py:188} INFO - [2026-02-28T14:35:55.450+0000] {dag.py:3947} INFO - Setting next_dagrun for load_cb_courses to 2026-02-28 00:00:00+00:00, run_after=2026-03-01 00:00:00+00:00
[2026-02-28T14:35:55.480+0000] {processor.py:183} INFO - Processing /opt/airflow/dags/load_cb_courses.py took 0.640 seconds
[2026-02-28T14:36:26.028+0000] {processor.py:161} INFO - Started process (PID=20611) to work on /opt/airflow/dags/load_cb_courses.py
[2026-02-28T14:36:26.030+0000] {processor.py:830} INFO - Processing file /opt/airflow/dags/load_cb_courses.py for tasks to queue
[2026-02-28T14:36:26.032+0000] {logging_mixin.py:188} INFO - [2026-02-28T14:36:26.032+0000] {dagbag.py:545} INFO - Filling up the DagBag from /opt/airflow/dags/load_cb_courses.py
[2026-02-28T14:36:26.618+0000] {processor.py:840} INFO - DAG(s) 'load_cb_courses' retrieved from /opt/airflow/dags/load_cb_courses.py
[2026-02-28T14:36:26.657+0000] {logging_mixin.py:188} INFO - [2026-02-28T14:36:26.656+0000] {dag.py:3089} INFO - Sync 1 DAGs
[2026-02-28T14:36:26.681+0000] {logging_mixin.py:188} INFO - [2026-02-28T14:36:26.681+0000] {dag.py:3947} INFO - Setting next_dagrun for load_cb_courses to 2026-02-28 00:00:00+00:00, run_after=2026-03-01 00:00:00+00:00
[2026-02-28T14:36:26.712+0000] {processor.py:183} INFO - Processing /opt/airflow/dags/load_cb_courses.py took 0.691 seconds
[2026-02-28T14:36:57.336+0000] {processor.py:161} INFO - Started process (PID=20649) to work on /opt/airflow/dags/load_cb_courses.py
[2026-02-28T14:36:57.338+0000] {processor.py:830} INFO - Processing file /opt/airflow/dags/load_cb_courses.py for tasks to queue
[2026-02-28T14:36:57.343+0000] {logging_mixin.py:188} INFO - [2026-02-28T14:36:57.342+0000] {dagbag.py:545} INFO - Filling up the DagBag from /opt/airflow/dags/load_cb_courses.py
[2026-02-28T14:36:57.987+0000] {processor.py:840} INFO - DAG(s) 'load_cb_courses' retrieved from /opt/airflow/dags/load_cb_courses.py
[2026-02-28T14:36:58.039+0000] {logging_mixin.py:188} INFO - [2026-02-28T14:36:58.038+0000] {dag.py:3089} INFO - Sync 1 DAGs
[2026-02-28T14:36:58.081+0000] {logging_mixin.py:188} INFO - [2026-02-28T14:36:58.080+0000] {dag.py:3947} INFO - Setting next_dagrun for load_cb_courses to 2026-02-28 00:00:00+00:00, run_after=2026-03-01 00:00:00+00:00
[2026-02-28T14:36:58.119+0000] {processor.py:183} INFO - Processing /opt/airflow/dags/load_cb_courses.py took 0.794 seconds
[2026-02-28T14:37:28.749+0000] {processor.py:161} INFO - Started process (PID=20680) to work on /opt/airflow/dags/load_cb_courses.py
[2026-02-28T14:37:28.752+0000] {processor.py:830} INFO - Processing file /opt/airflow/dags/load_cb_courses.py for tasks to queue
[2026-02-28T14:37:28.756+0000] {logging_mixin.py:188} INFO - [2026-02-28T14:37:28.756+0000] {dagbag.py:545} INFO - Filling up the DagBag from /opt/airflow/dags/load_cb_courses.py
[2026-02-28T14:37:29.407+0000] {processor.py:840} INFO - DAG(s) 'load_cb_courses' retrieved from /opt/airflow/dags/load_cb_courses.py
[2026-02-28T14:37:29.427+0000] {logging_mixin.py:188} INFO - [2026-02-28T14:37:29.427+0000] {dag.py:3089} INFO - Sync 1 DAGs
[2026-02-28T14:37:29.447+0000] {logging_mixin.py:188} INFO - [2026-02-28T14:37:29.447+0000] {dag.py:3947} INFO - Setting next_dagrun for load_cb_courses to 2026-02-28 00:00:00+00:00, run_after=2026-03-01 00:00:00+00:00
[2026-02-28T14:37:29.470+0000] {processor.py:183} INFO - Processing /opt/airflow/dags/load_cb_courses.py took 0.731 seconds
[2026-02-28T14:37:59.945+0000] {processor.py:161} INFO - Started process (PID=20711) to work on /opt/airflow/dags/load_cb_courses.py
[2026-02-28T14:37:59.946+0000] {processor.py:830} INFO - Processing file /opt/airflow/dags/load_cb_courses.py for tasks to queue
[2026-02-28T14:37:59.949+0000] {logging_mixin.py:188} INFO - [2026-02-28T14:37:59.948+0000] {dagbag.py:545} INFO - Filling up the DagBag from /opt/airflow/dags/load_cb_courses.py
[2026-02-28T14:38:00.541+0000] {processor.py:840} INFO - DAG(s) 'load_cb_courses' retrieved from /opt/airflow/dags/load_cb_courses.py
[2026-02-28T14:38:00.577+0000] {logging_mixin.py:188} INFO - [2026-02-28T14:38:00.576+0000] {dag.py:3089} INFO - Sync 1 DAGs
[2026-02-28T14:38:00.608+0000] {logging_mixin.py:188} INFO - [2026-02-28T14:38:00.607+0000] {dag.py:3947} INFO - Setting next_dagrun for load_cb_courses to 2026-02-28 00:00:00+00:00, run_after=2026-03-01 00:00:00+00:00
[2026-02-28T14:38:00.644+0000] {processor.py:183} INFO - Processing /opt/airflow/dags/load_cb_courses.py took 0.709 seconds
[2026-02-28T14:38:31.012+0000] {processor.py:161} INFO - Started process (PID=20743) to work on /opt/airflow/dags/load_cb_courses.py
[2026-02-28T14:38:31.014+0000] {processor.py:830} INFO - Processing file /opt/airflow/dags/load_cb_courses.py for tasks to queue
[2026-02-28T14:38:31.017+0000] {logging_mixin.py:188} INFO - [2026-02-28T14:38:31.016+0000] {dagbag.py:545} INFO - Filling up the DagBag from /opt/airflow/dags/load_cb_courses.py
[2026-02-28T14:38:31.812+0000] {processor.py:840} INFO - DAG(s) 'load_cb_courses' retrieved from /opt/airflow/dags/load_cb_courses.py
[2026-02-28T14:38:31.836+0000] {logging_mixin.py:188} INFO - [2026-02-28T14:38:31.835+0000] {dag.py:3089} INFO - Sync 1 DAGs
[2026-02-28T14:38:31.857+0000] {logging_mixin.py:188} INFO - [2026-02-28T14:38:31.857+0000] {dag.py:3947} INFO - Setting next_dagrun for load_cb_courses to 2026-02-28 00:00:00+00:00, run_after=2026-03-01 00:00:00+00:00
[2026-02-28T14:38:31.877+0000] {processor.py:183} INFO - Processing /opt/airflow/dags/load_cb_courses.py took 0.876 seconds
[2026-02-28T14:39:02.713+0000] {processor.py:161} INFO - Started process (PID=20774) to work on /opt/airflow/dags/load_cb_courses.py
[2026-02-28T14:39:02.715+0000] {processor.py:830} INFO - Processing file /opt/airflow/dags/load_cb_courses.py for tasks to queue
[2026-02-28T14:39:02.720+0000] {logging_mixin.py:188} INFO - [2026-02-28T14:39:02.718+0000] {dagbag.py:545} INFO - Filling up the DagBag from /opt/airflow/dags/load_cb_courses.py
[2026-02-28T14:39:03.984+0000] {processor.py:840} INFO - DAG(s) 'load_cb_courses' retrieved from /opt/airflow/dags/load_cb_courses.py
[2026-02-28T14:39:04.021+0000] {logging_mixin.py:188} INFO - [2026-02-28T14:39:04.020+0000] {dag.py:3089} INFO - Sync 1 DAGs
[2026-02-28T14:39:04.051+0000] {logging_mixin.py:188} INFO - [2026-02-28T14:39:04.051+0000] {dag.py:3947} INFO - Setting next_dagrun for load_cb_courses to 2026-02-28 00:00:00+00:00, run_after=2026-03-01 00:00:00+00:00
[2026-02-28T14:39:04.076+0000] {processor.py:183} INFO - Processing /opt/airflow/dags/load_cb_courses.py took 1.375 seconds
[2026-02-28T14:39:34.360+0000] {processor.py:161} INFO - Started process (PID=20813) to work on /opt/airflow/dags/load_cb_courses.py
[2026-02-28T14:39:34.361+0000] {processor.py:830} INFO - Processing file /opt/airflow/dags/load_cb_courses.py for tasks to queue
[2026-02-28T14:39:34.364+0000] {logging_mixin.py:188} INFO - [2026-02-28T14:39:34.364+0000] {dagbag.py:545} INFO - Filling up the DagBag from /opt/airflow/dags/load_cb_courses.py
[2026-02-28T14:39:34.959+0000] {processor.py:840} INFO - DAG(s) 'load_cb_courses' retrieved from /opt/airflow/dags/load_cb_courses.py
[2026-02-28T14:39:34.982+0000] {logging_mixin.py:188} INFO - [2026-02-28T14:39:34.982+0000] {dag.py:3089} INFO - Sync 1 DAGs
[2026-02-28T14:39:35.008+0000] {logging_mixin.py:188} INFO - [2026-02-28T14:39:35.008+0000] {dag.py:3947} INFO - Setting next_dagrun for load_cb_courses to 2026-02-28 00:00:00+00:00, run_after=2026-03-01 00:00:00+00:00
[2026-02-28T14:39:35.048+0000] {processor.py:183} INFO - Processing /opt/airflow/dags/load_cb_courses.py took 0.700 seconds
[2026-02-28T14:40:05.638+0000] {processor.py:161} INFO - Started process (PID=20844) to work on /opt/airflow/dags/load_cb_courses.py
[2026-02-28T14:40:05.639+0000] {processor.py:830} INFO - Processing file /opt/airflow/dags/load_cb_courses.py for tasks to queue
[2026-02-28T14:40:05.642+0000] {logging_mixin.py:188} INFO - [2026-02-28T14:40:05.642+0000] {dagbag.py:545} INFO - Filling up the DagBag from /opt/airflow/dags/load_cb_courses.py
[2026-02-28T14:40:06.277+0000] {processor.py:840} INFO - DAG(s) 'load_cb_courses' retrieved from /opt/airflow/dags/load_cb_courses.py
[2026-02-28T14:40:06.307+0000] {logging_mixin.py:188} INFO - [2026-02-28T14:40:06.306+0000] {dag.py:3089} INFO - Sync 1 DAGs
[2026-02-28T14:40:06.341+0000] {logging_mixin.py:188} INFO - [2026-02-28T14:40:06.341+0000] {dag.py:3947} INFO - Setting next_dagrun for load_cb_courses to 2026-02-28 00:00:00+00:00, run_after=2026-03-01 00:00:00+00:00
[2026-02-28T14:40:06.386+0000] {processor.py:183} INFO - Processing /opt/airflow/dags/load_cb_courses.py took 0.757 seconds
[2026-02-28T14:40:36.760+0000] {processor.py:161} INFO - Started process (PID=20875) to work on /opt/airflow/dags/load_cb_courses.py
[2026-02-28T14:40:36.761+0000] {processor.py:830} INFO - Processing file /opt/airflow/dags/load_cb_courses.py for tasks to queue
[2026-02-28T14:40:36.764+0000] {logging_mixin.py:188} INFO - [2026-02-28T14:40:36.764+0000] {dagbag.py:545} INFO - Filling up the DagBag from /opt/airflow/dags/load_cb_courses.py
[2026-02-28T14:40:37.583+0000] {processor.py:840} INFO - DAG(s) 'load_cb_courses' retrieved from /opt/airflow/dags/load_cb_courses.py
[2026-02-28T14:40:37.616+0000] {logging_mixin.py:188} INFO - [2026-02-28T14:40:37.615+0000] {dag.py:3089} INFO - Sync 1 DAGs
[2026-02-28T14:40:37.648+0000] {logging_mixin.py:188} INFO - [2026-02-28T14:40:37.647+0000] {dag.py:3947} INFO - Setting next_dagrun for load_cb_courses to 2026-02-28 00:00:00+00:00, run_after=2026-03-01 00:00:00+00:00
[2026-02-28T14:40:37.683+0000] {processor.py:183} INFO - Processing /opt/airflow/dags/load_cb_courses.py took 0.936 seconds
[2026-02-28T14:41:08.335+0000] {processor.py:161} INFO - Started process (PID=20905) to work on /opt/airflow/dags/load_cb_courses.py
[2026-02-28T14:41:08.337+0000] {processor.py:830} INFO - Processing file /opt/airflow/dags/load_cb_courses.py for tasks to queue
[2026-02-28T14:41:08.339+0000] {logging_mixin.py:188} INFO - [2026-02-28T14:41:08.339+0000] {dagbag.py:545} INFO - Filling up the DagBag from /opt/airflow/dags/load_cb_courses.py
[2026-02-28T14:41:09.649+0000] {processor.py:840} INFO - DAG(s) 'load_cb_courses' retrieved from /opt/airflow/dags/load_cb_courses.py
[2026-02-28T14:41:09.680+0000] {logging_mixin.py:188} INFO - [2026-02-28T14:41:09.679+0000] {dag.py:3089} INFO - Sync 1 DAGs
[2026-02-28T14:41:09.704+0000] {logging_mixin.py:188} INFO - [2026-02-28T14:41:09.703+0000] {dag.py:3947} INFO - Setting next_dagrun for load_cb_courses to 2026-02-28 00:00:00+00:00, run_after=2026-03-01 00:00:00+00:00
[2026-02-28T14:41:09.728+0000] {processor.py:183} INFO - Processing /opt/airflow/dags/load_cb_courses.py took 1.401 seconds
[2026-02-28T14:41:40.667+0000] {processor.py:161} INFO - Started process (PID=20936) to work on /opt/airflow/dags/load_cb_courses.py
[2026-02-28T14:41:40.669+0000] {processor.py:830} INFO - Processing file /opt/airflow/dags/load_cb_courses.py for tasks to queue
[2026-02-28T14:41:40.671+0000] {logging_mixin.py:188} INFO - [2026-02-28T14:41:40.671+0000] {dagbag.py:545} INFO - Filling up the DagBag from /opt/airflow/dags/load_cb_courses.py
[2026-02-28T14:41:41.773+0000] {processor.py:840} INFO - DAG(s) 'load_cb_courses' retrieved from /opt/airflow/dags/load_cb_courses.py
[2026-02-28T14:41:41.866+0000] {logging_mixin.py:188} INFO - [2026-02-28T14:41:41.865+0000] {dag.py:3089} INFO - Sync 1 DAGs
[2026-02-28T14:41:41.939+0000] {logging_mixin.py:188} INFO - [2026-02-28T14:41:41.939+0000] {dag.py:3947} INFO - Setting next_dagrun for load_cb_courses to 2026-02-28 00:00:00+00:00, run_after=2026-03-01 00:00:00+00:00
[2026-02-28T14:41:41.987+0000] {processor.py:183} INFO - Processing /opt/airflow/dags/load_cb_courses.py took 1.330 seconds
[2026-02-28T14:42:12.269+0000] {processor.py:161} INFO - Started process (PID=20973) to work on /opt/airflow/dags/load_cb_courses.py
[2026-02-28T14:42:12.271+0000] {processor.py:830} INFO - Processing file /opt/airflow/dags/load_cb_courses.py for tasks to queue
[2026-02-28T14:42:12.277+0000] {logging_mixin.py:188} INFO - [2026-02-28T14:42:12.275+0000] {dagbag.py:545} INFO - Filling up the DagBag from /opt/airflow/dags/load_cb_courses.py
[2026-02-28T14:42:13.087+0000] {processor.py:840} INFO - DAG(s) 'load_cb_courses' retrieved from /opt/airflow/dags/load_cb_courses.py
[2026-02-28T14:42:13.119+0000] {logging_mixin.py:188} INFO - [2026-02-28T14:42:13.118+0000] {dag.py:3089} INFO - Sync 1 DAGs
[2026-02-28T14:42:13.147+0000] {logging_mixin.py:188} INFO - [2026-02-28T14:42:13.147+0000] {dag.py:3947} INFO - Setting next_dagrun for load_cb_courses to 2026-02-28 00:00:00+00:00, run_after=2026-03-01 00:00:00+00:00
[2026-02-28T14:42:13.194+0000] {processor.py:183} INFO - Processing /opt/airflow/dags/load_cb_courses.py took 0.941 seconds
[2026-02-28T14:42:43.932+0000] {processor.py:161} INFO - Started process (PID=21003) to work on /opt/airflow/dags/load_cb_courses.py
[2026-02-28T14:42:43.934+0000] {processor.py:830} INFO - Processing file /opt/airflow/dags/load_cb_courses.py for tasks to queue
[2026-02-28T14:42:43.937+0000] {logging_mixin.py:188} INFO - [2026-02-28T14:42:43.936+0000] {dagbag.py:545} INFO - Filling up the DagBag from /opt/airflow/dags/load_cb_courses.py
[2026-02-28T14:42:44.597+0000] {processor.py:840} INFO - DAG(s) 'load_cb_courses' retrieved from /opt/airflow/dags/load_cb_courses.py
[2026-02-28T14:42:44.624+0000] {logging_mixin.py:188} INFO - [2026-02-28T14:42:44.624+0000] {dag.py:3089} INFO - Sync 1 DAGs
[2026-02-28T14:42:44.654+0000] {logging_mixin.py:188} INFO - [2026-02-28T14:42:44.653+0000] {dag.py:3947} INFO - Setting next_dagrun for load_cb_courses to 2026-02-28 00:00:00+00:00, run_after=2026-03-01 00:00:00+00:00
[2026-02-28T14:42:44.697+0000] {processor.py:183} INFO - Processing /opt/airflow/dags/load_cb_courses.py took 0.773 seconds
[2026-02-28T14:43:14.935+0000] {processor.py:161} INFO - Started process (PID=21035) to work on /opt/airflow/dags/load_cb_courses.py
[2026-02-28T14:43:14.936+0000] {processor.py:830} INFO - Processing file /opt/airflow/dags/load_cb_courses.py for tasks to queue
[2026-02-28T14:43:14.939+0000] {logging_mixin.py:188} INFO - [2026-02-28T14:43:14.939+0000] {dagbag.py:545} INFO - Filling up the DagBag from /opt/airflow/dags/load_cb_courses.py
[2026-02-28T14:43:15.453+0000] {processor.py:840} INFO - DAG(s) 'load_cb_courses' retrieved from /opt/airflow/dags/load_cb_courses.py
[2026-02-28T14:43:15.474+0000] {logging_mixin.py:188} INFO - [2026-02-28T14:43:15.473+0000] {dag.py:3089} INFO - Sync 1 DAGs
[2026-02-28T14:43:15.493+0000] {logging_mixin.py:188} INFO - [2026-02-28T14:43:15.493+0000] {dag.py:3947} INFO - Setting next_dagrun for load_cb_courses to 2026-02-28 00:00:00+00:00, run_after=2026-03-01 00:00:00+00:00
[2026-02-28T14:43:15.512+0000] {processor.py:183} INFO - Processing /opt/airflow/dags/load_cb_courses.py took 0.584 seconds
[2026-02-28T14:43:45.615+0000] {processor.py:161} INFO - Started process (PID=21065) to work on /opt/airflow/dags/load_cb_courses.py
[2026-02-28T14:43:45.616+0000] {processor.py:830} INFO - Processing file /opt/airflow/dags/load_cb_courses.py for tasks to queue
[2026-02-28T14:43:45.618+0000] {logging_mixin.py:188} INFO - [2026-02-28T14:43:45.617+0000] {dagbag.py:545} INFO - Filling up the DagBag from /opt/airflow/dags/load_cb_courses.py
[2026-02-28T14:43:46.184+0000] {processor.py:840} INFO - DAG(s) 'load_cb_courses' retrieved from /opt/airflow/dags/load_cb_courses.py
[2026-02-28T14:43:46.257+0000] {logging_mixin.py:188} INFO - [2026-02-28T14:43:46.256+0000] {dag.py:3089} INFO - Sync 1 DAGs
[2026-02-28T14:43:46.289+0000] {logging_mixin.py:188} INFO - [2026-02-28T14:43:46.289+0000] {dag.py:3947} INFO - Setting next_dagrun for load_cb_courses to 2026-02-28 00:00:00+00:00, run_after=2026-03-01 00:00:00+00:00
[2026-02-28T14:43:46.327+0000] {processor.py:183} INFO - Processing /opt/airflow/dags/load_cb_courses.py took 0.718 seconds
[2026-02-28T14:44:16.676+0000] {processor.py:161} INFO - Started process (PID=21103) to work on /opt/airflow/dags/load_cb_courses.py
[2026-02-28T14:44:16.678+0000] {processor.py:830} INFO - Processing file /opt/airflow/dags/load_cb_courses.py for tasks to queue
[2026-02-28T14:44:16.680+0000] {logging_mixin.py:188} INFO - [2026-02-28T14:44:16.680+0000] {dagbag.py:545} INFO - Filling up the DagBag from /opt/airflow/dags/load_cb_courses.py
[2026-02-28T14:44:17.181+0000] {processor.py:840} INFO - DAG(s) 'load_cb_courses' retrieved from /opt/airflow/dags/load_cb_courses.py
[2026-02-28T14:44:17.214+0000] {logging_mixin.py:188} INFO - [2026-02-28T14:44:17.214+0000] {dag.py:3089} INFO - Sync 1 DAGs
[2026-02-28T14:44:17.236+0000] {logging_mixin.py:188} INFO - [2026-02-28T14:44:17.235+0000] {dag.py:3947} INFO - Setting next_dagrun for load_cb_courses to 2026-02-28 00:00:00+00:00, run_after=2026-03-01 00:00:00+00:00
[2026-02-28T14:44:17.256+0000] {processor.py:183} INFO - Processing /opt/airflow/dags/load_cb_courses.py took 0.586 seconds
[2026-02-28T14:44:48.188+0000] {processor.py:161} INFO - Started process (PID=21134) to work on /opt/airflow/dags/load_cb_courses.py
[2026-02-28T14:44:48.190+0000] {processor.py:830} INFO - Processing file /opt/airflow/dags/load_cb_courses.py for tasks to queue
[2026-02-28T14:44:48.192+0000] {logging_mixin.py:188} INFO - [2026-02-28T14:44:48.191+0000] {dagbag.py:545} INFO - Filling up the DagBag from /opt/airflow/dags/load_cb_courses.py
[2026-02-28T14:44:48.646+0000] {processor.py:840} INFO - DAG(s) 'load_cb_courses' retrieved from /opt/airflow/dags/load_cb_courses.py
[2026-02-28T14:44:48.668+0000] {logging_mixin.py:188} INFO - [2026-02-28T14:44:48.668+0000] {dag.py:3089} INFO - Sync 1 DAGs
[2026-02-28T14:44:48.688+0000] {logging_mixin.py:188} INFO - [2026-02-28T14:44:48.687+0000] {dag.py:3947} INFO - Setting next_dagrun for load_cb_courses to 2026-02-28 00:00:00+00:00, run_after=2026-03-01 00:00:00+00:00
[2026-02-28T14:44:48.713+0000] {processor.py:183} INFO - Processing /opt/airflow/dags/load_cb_courses.py took 0.534 seconds
[2026-02-28T14:45:18.835+0000] {processor.py:161} INFO - Started process (PID=21166) to work on /opt/airflow/dags/load_cb_courses.py
[2026-02-28T14:45:18.840+0000] {processor.py:830} INFO - Processing file /opt/airflow/dags/load_cb_courses.py for tasks to queue
[2026-02-28T14:45:18.844+0000] {logging_mixin.py:188} INFO - [2026-02-28T14:45:18.843+0000] {dagbag.py:545} INFO - Filling up the DagBag from /opt/airflow/dags/load_cb_courses.py
[2026-02-28T14:45:19.390+0000] {processor.py:840} INFO - DAG(s) 'load_cb_courses' retrieved from /opt/airflow/dags/load_cb_courses.py
[2026-02-28T14:45:19.410+0000] {logging_mixin.py:188} INFO - [2026-02-28T14:45:19.409+0000] {dag.py:3089} INFO - Sync 1 DAGs
[2026-02-28T14:45:19.467+0000] {logging_mixin.py:188} INFO - [2026-02-28T14:45:19.466+0000] {dag.py:3947} INFO - Setting next_dagrun for load_cb_courses to 2026-02-28 00:00:00+00:00, run_after=2026-03-01 00:00:00+00:00
[2026-02-28T14:45:19.547+0000] {processor.py:183} INFO - Processing /opt/airflow/dags/load_cb_courses.py took 0.722 seconds
[2026-02-28T14:45:50.024+0000] {processor.py:161} INFO - Started process (PID=21205) to work on /opt/airflow/dags/load_cb_courses.py
[2026-02-28T14:45:50.026+0000] {processor.py:830} INFO - Processing file /opt/airflow/dags/load_cb_courses.py for tasks to queue
[2026-02-28T14:45:50.028+0000] {logging_mixin.py:188} INFO - [2026-02-28T14:45:50.028+0000] {dagbag.py:545} INFO - Filling up the DagBag from /opt/airflow/dags/load_cb_courses.py
[2026-02-28T14:45:50.475+0000] {processor.py:840} INFO - DAG(s) 'load_cb_courses' retrieved from /opt/airflow/dags/load_cb_courses.py
[2026-02-28T14:45:50.495+0000] {logging_mixin.py:188} INFO - [2026-02-28T14:45:50.494+0000] {dag.py:3089} INFO - Sync 1 DAGs
[2026-02-28T14:45:50.513+0000] {logging_mixin.py:188} INFO - [2026-02-28T14:45:50.513+0000] {dag.py:3947} INFO - Setting next_dagrun for load_cb_courses to 2026-02-28 00:00:00+00:00, run_after=2026-03-01 00:00:00+00:00
[2026-02-28T14:45:50.534+0000] {processor.py:183} INFO - Processing /opt/airflow/dags/load_cb_courses.py took 0.517 seconds
[2026-02-28T14:46:20.604+0000] {processor.py:161} INFO - Started process (PID=21232) to work on /opt/airflow/dags/load_cb_courses.py
[2026-02-28T14:46:20.605+0000] {processor.py:830} INFO - Processing file /opt/airflow/dags/load_cb_courses.py for tasks to queue
[2026-02-28T14:46:20.607+0000] {logging_mixin.py:188} INFO - [2026-02-28T14:46:20.607+0000] {dagbag.py:545} INFO - Filling up the DagBag from /opt/airflow/dags/load_cb_courses.py
[2026-02-28T14:46:21.230+0000] {processor.py:840} INFO - DAG(s) 'load_cb_courses' retrieved from /opt/airflow/dags/load_cb_courses.py
[2026-02-28T14:46:21.251+0000] {logging_mixin.py:188} INFO - [2026-02-28T14:46:21.250+0000] {dag.py:3089} INFO - Sync 1 DAGs
[2026-02-28T14:46:21.282+0000] {logging_mixin.py:188} INFO - [2026-02-28T14:46:21.281+0000] {dag.py:3947} INFO - Setting next_dagrun for load_cb_courses to 2026-02-28 00:00:00+00:00, run_after=2026-03-01 00:00:00+00:00
[2026-02-28T14:46:21.304+0000] {processor.py:183} INFO - Processing /opt/airflow/dags/load_cb_courses.py took 0.707 seconds
[2026-02-28T14:46:52.457+0000] {processor.py:161} INFO - Started process (PID=21275) to work on /opt/airflow/dags/load_cb_courses.py
[2026-02-28T14:46:52.459+0000] {processor.py:830} INFO - Processing file /opt/airflow/dags/load_cb_courses.py for tasks to queue
[2026-02-28T14:46:52.461+0000] {logging_mixin.py:188} INFO - [2026-02-28T14:46:52.461+0000] {dagbag.py:545} INFO - Filling up the DagBag from /opt/airflow/dags/load_cb_courses.py
[2026-02-28T14:46:52.949+0000] {processor.py:840} INFO - DAG(s) 'load_cb_courses' retrieved from /opt/airflow/dags/load_cb_courses.py
[2026-02-28T14:46:52.975+0000] {logging_mixin.py:188} INFO - [2026-02-28T14:46:52.975+0000] {dag.py:3089} INFO - Sync 1 DAGs
[2026-02-28T14:46:53.021+0000] {logging_mixin.py:188} INFO - [2026-02-28T14:46:53.021+0000] {dag.py:3947} INFO - Setting next_dagrun for load_cb_courses to 2026-02-28 00:00:00+00:00, run_after=2026-03-01 00:00:00+00:00
[2026-02-28T14:46:53.051+0000] {processor.py:183} INFO - Processing /opt/airflow/dags/load_cb_courses.py took 0.601 seconds
[2026-02-28T14:47:23.571+0000] {processor.py:161} INFO - Started process (PID=21306) to work on /opt/airflow/dags/load_cb_courses.py
[2026-02-28T14:47:23.572+0000] {processor.py:830} INFO - Processing file /opt/airflow/dags/load_cb_courses.py for tasks to queue
[2026-02-28T14:47:23.574+0000] {logging_mixin.py:188} INFO - [2026-02-28T14:47:23.574+0000] {dagbag.py:545} INFO - Filling up the DagBag from /opt/airflow/dags/load_cb_courses.py
[2026-02-28T14:47:24.027+0000] {processor.py:840} INFO - DAG(s) 'load_cb_courses' retrieved from /opt/airflow/dags/load_cb_courses.py
[2026-02-28T14:47:24.051+0000] {logging_mixin.py:188} INFO - [2026-02-28T14:47:24.050+0000] {dag.py:3089} INFO - Sync 1 DAGs
[2026-02-28T14:47:24.074+0000] {logging_mixin.py:188} INFO - [2026-02-28T14:47:24.073+0000] {dag.py:3947} INFO - Setting next_dagrun for load_cb_courses to 2026-02-28 00:00:00+00:00, run_after=2026-03-01 00:00:00+00:00
[2026-02-28T14:47:24.103+0000] {processor.py:183} INFO - Processing /opt/airflow/dags/load_cb_courses.py took 0.538 seconds
[2026-02-28T14:47:54.684+0000] {processor.py:161} INFO - Started process (PID=21336) to work on /opt/airflow/dags/load_cb_courses.py
[2026-02-28T14:47:54.686+0000] {processor.py:830} INFO - Processing file /opt/airflow/dags/load_cb_courses.py for tasks to queue
[2026-02-28T14:47:54.688+0000] {logging_mixin.py:188} INFO - [2026-02-28T14:47:54.688+0000] {dagbag.py:545} INFO - Filling up the DagBag from /opt/airflow/dags/load_cb_courses.py
[2026-02-28T14:47:55.244+0000] {processor.py:840} INFO - DAG(s) 'load_cb_courses' retrieved from /opt/airflow/dags/load_cb_courses.py
[2026-02-28T14:47:55.273+0000] {logging_mixin.py:188} INFO - [2026-02-28T14:47:55.272+0000] {dag.py:3089} INFO - Sync 1 DAGs
[2026-02-28T14:47:55.296+0000] {logging_mixin.py:188} INFO - [2026-02-28T14:47:55.295+0000] {dag.py:3947} INFO - Setting next_dagrun for load_cb_courses to 2026-02-28 00:00:00+00:00, run_after=2026-03-01 00:00:00+00:00
[2026-02-28T14:47:55.324+0000] {processor.py:183} INFO - Processing /opt/airflow/dags/load_cb_courses.py took 0.647 seconds
[2026-02-28T14:48:25.926+0000] {processor.py:161} INFO - Started process (PID=21375) to work on /opt/airflow/dags/load_cb_courses.py
[2026-02-28T14:48:25.927+0000] {processor.py:830} INFO - Processing file /opt/airflow/dags/load_cb_courses.py for tasks to queue
[2026-02-28T14:48:25.930+0000] {logging_mixin.py:188} INFO - [2026-02-28T14:48:25.929+0000] {dagbag.py:545} INFO - Filling up the DagBag from /opt/airflow/dags/load_cb_courses.py
[2026-02-28T14:48:26.398+0000] {processor.py:840} INFO - DAG(s) 'load_cb_courses' retrieved from /opt/airflow/dags/load_cb_courses.py
[2026-02-28T14:48:26.418+0000] {logging_mixin.py:188} INFO - [2026-02-28T14:48:26.418+0000] {dag.py:3089} INFO - Sync 1 DAGs
[2026-02-28T14:48:26.441+0000] {logging_mixin.py:188} INFO - [2026-02-28T14:48:26.441+0000] {dag.py:3947} INFO - Setting next_dagrun for load_cb_courses to 2026-02-28 00:00:00+00:00, run_after=2026-03-01 00:00:00+00:00
[2026-02-28T14:48:26.462+0000] {processor.py:183} INFO - Processing /opt/airflow/dags/load_cb_courses.py took 0.548 seconds
[2026-02-28T14:48:56.906+0000] {processor.py:161} INFO - Started process (PID=21406) to work on /opt/airflow/dags/load_cb_courses.py
[2026-02-28T14:48:56.907+0000] {processor.py:830} INFO - Processing file /opt/airflow/dags/load_cb_courses.py for tasks to queue
[2026-02-28T14:48:56.910+0000] {logging_mixin.py:188} INFO - [2026-02-28T14:48:56.909+0000] {dagbag.py:545} INFO - Filling up the DagBag from /opt/airflow/dags/load_cb_courses.py
[2026-02-28T14:48:57.404+0000] {processor.py:840} INFO - DAG(s) 'load_cb_courses' retrieved from /opt/airflow/dags/load_cb_courses.py
[2026-02-28T14:48:57.432+0000] {logging_mixin.py:188} INFO - [2026-02-28T14:48:57.432+0000] {dag.py:3089} INFO - Sync 1 DAGs
[2026-02-28T14:48:57.456+0000] {logging_mixin.py:188} INFO - [2026-02-28T14:48:57.455+0000] {dag.py:3947} INFO - Setting next_dagrun for load_cb_courses to 2026-02-28 00:00:00+00:00, run_after=2026-03-01 00:00:00+00:00
[2026-02-28T14:48:57.483+0000] {processor.py:183} INFO - Processing /opt/airflow/dags/load_cb_courses.py took 0.584 seconds
[2026-02-28T14:49:27.603+0000] {processor.py:161} INFO - Started process (PID=21437) to work on /opt/airflow/dags/load_cb_courses.py
[2026-02-28T14:49:27.604+0000] {processor.py:830} INFO - Processing file /opt/airflow/dags/load_cb_courses.py for tasks to queue
[2026-02-28T14:49:27.606+0000] {logging_mixin.py:188} INFO - [2026-02-28T14:49:27.606+0000] {dagbag.py:545} INFO - Filling up the DagBag from /opt/airflow/dags/load_cb_courses.py
[2026-02-28T14:49:28.107+0000] {processor.py:840} INFO - DAG(s) 'load_cb_courses' retrieved from /opt/airflow/dags/load_cb_courses.py
[2026-02-28T14:49:28.128+0000] {logging_mixin.py:188} INFO - [2026-02-28T14:49:28.128+0000] {dag.py:3089} INFO - Sync 1 DAGs
[2026-02-28T14:49:28.149+0000] {logging_mixin.py:188} INFO - [2026-02-28T14:49:28.149+0000] {dag.py:3947} INFO - Setting next_dagrun for load_cb_courses to 2026-02-28 00:00:00+00:00, run_after=2026-03-01 00:00:00+00:00
[2026-02-28T14:49:28.173+0000] {processor.py:183} INFO - Processing /opt/airflow/dags/load_cb_courses.py took 0.576 seconds
[2026-02-28T14:49:58.925+0000] {processor.py:161} INFO - Started process (PID=21475) to work on /opt/airflow/dags/load_cb_courses.py
[2026-02-28T14:49:58.928+0000] {processor.py:830} INFO - Processing file /opt/airflow/dags/load_cb_courses.py for tasks to queue
[2026-02-28T14:49:58.933+0000] {logging_mixin.py:188} INFO - [2026-02-28T14:49:58.933+0000] {dagbag.py:545} INFO - Filling up the DagBag from /opt/airflow/dags/load_cb_courses.py
[2026-02-28T14:49:59.393+0000] {processor.py:840} INFO - DAG(s) 'load_cb_courses' retrieved from /opt/airflow/dags/load_cb_courses.py
[2026-02-28T14:49:59.415+0000] {logging_mixin.py:188} INFO - [2026-02-28T14:49:59.415+0000] {dag.py:3089} INFO - Sync 1 DAGs
[2026-02-28T14:49:59.443+0000] {logging_mixin.py:188} INFO - [2026-02-28T14:49:59.443+0000] {dag.py:3947} INFO - Setting next_dagrun for load_cb_courses to 2026-02-28 00:00:00+00:00, run_after=2026-03-01 00:00:00+00:00
[2026-02-28T14:49:59.471+0000] {processor.py:183} INFO - Processing /opt/airflow/dags/load_cb_courses.py took 0.554 seconds
[2026-02-28T14:50:29.904+0000] {processor.py:161} INFO - Started process (PID=21506) to work on /opt/airflow/dags/load_cb_courses.py
[2026-02-28T14:50:29.905+0000] {processor.py:830} INFO - Processing file /opt/airflow/dags/load_cb_courses.py for tasks to queue
[2026-02-28T14:50:29.907+0000] {logging_mixin.py:188} INFO - [2026-02-28T14:50:29.907+0000] {dagbag.py:545} INFO - Filling up the DagBag from /opt/airflow/dags/load_cb_courses.py
[2026-02-28T14:50:30.342+0000] {processor.py:840} INFO - DAG(s) 'load_cb_courses' retrieved from /opt/airflow/dags/load_cb_courses.py
[2026-02-28T14:50:30.361+0000] {logging_mixin.py:188} INFO - [2026-02-28T14:50:30.360+0000] {dag.py:3089} INFO - Sync 1 DAGs
[2026-02-28T14:50:30.381+0000] {logging_mixin.py:188} INFO - [2026-02-28T14:50:30.381+0000] {dag.py:3947} INFO - Setting next_dagrun for load_cb_courses to 2026-02-28 00:00:00+00:00, run_after=2026-03-01 00:00:00+00:00
[2026-02-28T14:50:30.400+0000] {processor.py:183} INFO - Processing /opt/airflow/dags/load_cb_courses.py took 0.503 seconds
[2026-02-28T14:51:00.591+0000] {processor.py:161} INFO - Started process (PID=21544) to work on /opt/airflow/dags/load_cb_courses.py
[2026-02-28T14:51:00.592+0000] {processor.py:830} INFO - Processing file /opt/airflow/dags/load_cb_courses.py for tasks to queue
[2026-02-28T14:51:00.594+0000] {logging_mixin.py:188} INFO - [2026-02-28T14:51:00.594+0000] {dagbag.py:545} INFO - Filling up the DagBag from /opt/airflow/dags/load_cb_courses.py
[2026-02-28T14:51:01.115+0000] {processor.py:840} INFO - DAG(s) 'load_cb_courses' retrieved from /opt/airflow/dags/load_cb_courses.py
[2026-02-28T14:51:01.140+0000] {logging_mixin.py:188} INFO - [2026-02-28T14:51:01.139+0000] {dag.py:3089} INFO - Sync 1 DAGs
[2026-02-28T14:51:01.164+0000] {logging_mixin.py:188} INFO - [2026-02-28T14:51:01.164+0000] {dag.py:3947} INFO - Setting next_dagrun for load_cb_courses to 2026-02-28 00:00:00+00:00, run_after=2026-03-01 00:00:00+00:00
[2026-02-28T14:51:01.192+0000] {processor.py:183} INFO - Processing /opt/airflow/dags/load_cb_courses.py took 0.608 seconds
[2026-02-28T14:51:31.873+0000] {processor.py:161} INFO - Started process (PID=21581) to work on /opt/airflow/dags/load_cb_courses.py
[2026-02-28T14:51:31.875+0000] {processor.py:830} INFO - Processing file /opt/airflow/dags/load_cb_courses.py for tasks to queue
[2026-02-28T14:51:31.878+0000] {logging_mixin.py:188} INFO - [2026-02-28T14:51:31.878+0000] {dagbag.py:545} INFO - Filling up the DagBag from /opt/airflow/dags/load_cb_courses.py
[2026-02-28T14:51:32.399+0000] {processor.py:840} INFO - DAG(s) 'load_cb_courses' retrieved from /opt/airflow/dags/load_cb_courses.py
[2026-02-28T14:51:32.418+0000] {logging_mixin.py:188} INFO - [2026-02-28T14:51:32.417+0000] {dag.py:3089} INFO - Sync 1 DAGs
[2026-02-28T14:51:32.437+0000] {logging_mixin.py:188} INFO - [2026-02-28T14:51:32.437+0000] {dag.py:3947} INFO - Setting next_dagrun for load_cb_courses to 2026-02-28 00:00:00+00:00, run_after=2026-03-01 00:00:00+00:00
[2026-02-28T14:51:32.457+0000] {processor.py:183} INFO - Processing /opt/airflow/dags/load_cb_courses.py took 0.592 seconds
[2026-02-28T14:52:02.928+0000] {processor.py:161} INFO - Started process (PID=21611) to work on /opt/airflow/dags/load_cb_courses.py
[2026-02-28T14:52:02.930+0000] {processor.py:830} INFO - Processing file /opt/airflow/dags/load_cb_courses.py for tasks to queue
[2026-02-28T14:52:02.932+0000] {logging_mixin.py:188} INFO - [2026-02-28T14:52:02.931+0000] {dagbag.py:545} INFO - Filling up the DagBag from /opt/airflow/dags/load_cb_courses.py
[2026-02-28T14:52:03.359+0000] {processor.py:840} INFO - DAG(s) 'load_cb_courses' retrieved from /opt/airflow/dags/load_cb_courses.py
[2026-02-28T14:52:03.378+0000] {logging_mixin.py:188} INFO - [2026-02-28T14:52:03.377+0000] {dag.py:3089} INFO - Sync 1 DAGs
[2026-02-28T14:52:03.397+0000] {logging_mixin.py:188} INFO - [2026-02-28T14:52:03.396+0000] {dag.py:3947} INFO - Setting next_dagrun for load_cb_courses to 2026-02-28 00:00:00+00:00, run_after=2026-03-01 00:00:00+00:00
[2026-02-28T14:52:03.416+0000] {processor.py:183} INFO - Processing /opt/airflow/dags/load_cb_courses.py took 0.494 seconds
[2026-02-28T14:52:33.557+0000] {processor.py:161} INFO - Started process (PID=21651) to work on /opt/airflow/dags/load_cb_courses.py
[2026-02-28T14:52:33.558+0000] {processor.py:830} INFO - Processing file /opt/airflow/dags/load_cb_courses.py for tasks to queue
[2026-02-28T14:52:33.560+0000] {logging_mixin.py:188} INFO - [2026-02-28T14:52:33.560+0000] {dagbag.py:545} INFO - Filling up the DagBag from /opt/airflow/dags/load_cb_courses.py
[2026-02-28T14:52:34.031+0000] {processor.py:840} INFO - DAG(s) 'load_cb_courses' retrieved from /opt/airflow/dags/load_cb_courses.py
[2026-02-28T14:52:34.056+0000] {logging_mixin.py:188} INFO - [2026-02-28T14:52:34.056+0000] {dag.py:3089} INFO - Sync 1 DAGs
[2026-02-28T14:52:34.080+0000] {logging_mixin.py:188} INFO - [2026-02-28T14:52:34.080+0000] {dag.py:3947} INFO - Setting next_dagrun for load_cb_courses to 2026-02-28 00:00:00+00:00, run_after=2026-03-01 00:00:00+00:00
[2026-02-28T14:52:34.102+0000] {processor.py:183} INFO - Processing /opt/airflow/dags/load_cb_courses.py took 0.551 seconds
[2026-02-28T14:53:04.937+0000] {processor.py:161} INFO - Started process (PID=21682) to work on /opt/airflow/dags/load_cb_courses.py
[2026-02-28T14:53:04.938+0000] {processor.py:830} INFO - Processing file /opt/airflow/dags/load_cb_courses.py for tasks to queue
[2026-02-28T14:53:04.940+0000] {logging_mixin.py:188} INFO - [2026-02-28T14:53:04.940+0000] {dagbag.py:545} INFO - Filling up the DagBag from /opt/airflow/dags/load_cb_courses.py
[2026-02-28T14:53:05.389+0000] {processor.py:840} INFO - DAG(s) 'load_cb_courses' retrieved from /opt/airflow/dags/load_cb_courses.py
[2026-02-28T14:53:05.409+0000] {logging_mixin.py:188} INFO - [2026-02-28T14:53:05.409+0000] {dag.py:3089} INFO - Sync 1 DAGs
[2026-02-28T14:53:05.432+0000] {logging_mixin.py:188} INFO - [2026-02-28T14:53:05.432+0000] {dag.py:3947} INFO - Setting next_dagrun for load_cb_courses to 2026-02-28 00:00:00+00:00, run_after=2026-03-01 00:00:00+00:00
[2026-02-28T14:53:05.456+0000] {processor.py:183} INFO - Processing /opt/airflow/dags/load_cb_courses.py took 0.525 seconds
[2026-02-28T14:53:36.356+0000] {processor.py:161} INFO - Started process (PID=21720) to work on /opt/airflow/dags/load_cb_courses.py
[2026-02-28T14:53:36.357+0000] {processor.py:830} INFO - Processing file /opt/airflow/dags/load_cb_courses.py for tasks to queue
[2026-02-28T14:53:36.359+0000] {logging_mixin.py:188} INFO - [2026-02-28T14:53:36.359+0000] {dagbag.py:545} INFO - Filling up the DagBag from /opt/airflow/dags/load_cb_courses.py
[2026-02-28T14:53:36.844+0000] {processor.py:840} INFO - DAG(s) 'load_cb_courses' retrieved from /opt/airflow/dags/load_cb_courses.py
[2026-02-28T14:53:36.867+0000] {logging_mixin.py:188} INFO - [2026-02-28T14:53:36.867+0000] {dag.py:3089} INFO - Sync 1 DAGs
[2026-02-28T14:53:36.893+0000] {logging_mixin.py:188} INFO - [2026-02-28T14:53:36.892+0000] {dag.py:3947} INFO - Setting next_dagrun for load_cb_courses to 2026-02-28 00:00:00+00:00, run_after=2026-03-01 00:00:00+00:00
[2026-02-28T14:53:36.921+0000] {processor.py:183} INFO - Processing /opt/airflow/dags/load_cb_courses.py took 0.572 seconds
[2026-02-28T14:54:07.407+0000] {processor.py:161} INFO - Started process (PID=21751) to work on /opt/airflow/dags/load_cb_courses.py
[2026-02-28T14:54:07.409+0000] {processor.py:830} INFO - Processing file /opt/airflow/dags/load_cb_courses.py for tasks to queue
[2026-02-28T14:54:07.411+0000] {logging_mixin.py:188} INFO - [2026-02-28T14:54:07.410+0000] {dagbag.py:545} INFO - Filling up the DagBag from /opt/airflow/dags/load_cb_courses.py
[2026-02-28T14:54:07.950+0000] {processor.py:840} INFO - DAG(s) 'load_cb_courses' retrieved from /opt/airflow/dags/load_cb_courses.py
[2026-02-28T14:54:08.078+0000] {logging_mixin.py:188} INFO - [2026-02-28T14:54:08.077+0000] {dag.py:3089} INFO - Sync 1 DAGs
[2026-02-28T14:54:08.134+0000] {logging_mixin.py:188} INFO - [2026-02-28T14:54:08.133+0000] {dag.py:3947} INFO - Setting next_dagrun for load_cb_courses to 2026-02-28 00:00:00+00:00, run_after=2026-03-01 00:00:00+00:00
[2026-02-28T14:54:08.198+0000] {processor.py:183} INFO - Processing /opt/airflow/dags/load_cb_courses.py took 0.797 seconds
[2026-02-28T14:54:38.615+0000] {processor.py:161} INFO - Started process (PID=21782) to work on /opt/airflow/dags/load_cb_courses.py
[2026-02-28T14:54:38.616+0000] {processor.py:830} INFO - Processing file /opt/airflow/dags/load_cb_courses.py for tasks to queue
[2026-02-28T14:54:38.618+0000] {logging_mixin.py:188} INFO - [2026-02-28T14:54:38.618+0000] {dagbag.py:545} INFO - Filling up the DagBag from /opt/airflow/dags/load_cb_courses.py
[2026-02-28T14:54:39.084+0000] {processor.py:840} INFO - DAG(s) 'load_cb_courses' retrieved from /opt/airflow/dags/load_cb_courses.py
[2026-02-28T14:54:39.109+0000] {logging_mixin.py:188} INFO - [2026-02-28T14:54:39.108+0000] {dag.py:3089} INFO - Sync 1 DAGs
[2026-02-28T14:54:39.132+0000] {logging_mixin.py:188} INFO - [2026-02-28T14:54:39.132+0000] {dag.py:3947} INFO - Setting next_dagrun for load_cb_courses to 2026-02-28 00:00:00+00:00, run_after=2026-03-01 00:00:00+00:00
[2026-02-28T14:54:39.164+0000] {processor.py:183} INFO - Processing /opt/airflow/dags/load_cb_courses.py took 0.555 seconds
[2026-02-28T14:55:09.300+0000] {processor.py:161} INFO - Started process (PID=21820) to work on /opt/airflow/dags/load_cb_courses.py
[2026-02-28T14:55:09.301+0000] {processor.py:830} INFO - Processing file /opt/airflow/dags/load_cb_courses.py for tasks to queue
[2026-02-28T14:55:09.304+0000] {logging_mixin.py:188} INFO - [2026-02-28T14:55:09.303+0000] {dagbag.py:545} INFO - Filling up the DagBag from /opt/airflow/dags/load_cb_courses.py
[2026-02-28T14:55:09.827+0000] {processor.py:840} INFO - DAG(s) 'load_cb_courses' retrieved from /opt/airflow/dags/load_cb_courses.py
[2026-02-28T14:55:09.856+0000] {logging_mixin.py:188} INFO - [2026-02-28T14:55:09.855+0000] {dag.py:3089} INFO - Sync 1 DAGs
[2026-02-28T14:55:09.892+0000] {logging_mixin.py:188} INFO - [2026-02-28T14:55:09.891+0000] {dag.py:3947} INFO - Setting next_dagrun for load_cb_courses to 2026-02-28 00:00:00+00:00, run_after=2026-03-01 00:00:00+00:00
[2026-02-28T14:55:09.921+0000] {processor.py:183} INFO - Processing /opt/airflow/dags/load_cb_courses.py took 0.627 seconds
[2026-02-28T14:55:40.465+0000] {processor.py:161} INFO - Started process (PID=21852) to work on /opt/airflow/dags/load_cb_courses.py
[2026-02-28T14:55:40.467+0000] {processor.py:830} INFO - Processing file /opt/airflow/dags/load_cb_courses.py for tasks to queue
[2026-02-28T14:55:40.469+0000] {logging_mixin.py:188} INFO - [2026-02-28T14:55:40.468+0000] {dagbag.py:545} INFO - Filling up the DagBag from /opt/airflow/dags/load_cb_courses.py
[2026-02-28T14:55:40.927+0000] {processor.py:840} INFO - DAG(s) 'load_cb_courses' retrieved from /opt/airflow/dags/load_cb_courses.py
[2026-02-28T14:55:40.948+0000] {logging_mixin.py:188} INFO - [2026-02-28T14:55:40.947+0000] {dag.py:3089} INFO - Sync 1 DAGs
[2026-02-28T14:55:40.968+0000] {logging_mixin.py:188} INFO - [2026-02-28T14:55:40.967+0000] {dag.py:3947} INFO - Setting next_dagrun for load_cb_courses to 2026-02-28 00:00:00+00:00, run_after=2026-03-01 00:00:00+00:00
[2026-02-28T14:55:40.988+0000] {processor.py:183} INFO - Processing /opt/airflow/dags/load_cb_courses.py took 0.529 seconds
[2026-02-28T14:56:11.272+0000] {processor.py:161} INFO - Started process (PID=21891) to work on /opt/airflow/dags/load_cb_courses.py
[2026-02-28T14:56:11.274+0000] {processor.py:830} INFO - Processing file /opt/airflow/dags/load_cb_courses.py for tasks to queue
[2026-02-28T14:56:11.279+0000] {logging_mixin.py:188} INFO - [2026-02-28T14:56:11.277+0000] {dagbag.py:545} INFO - Filling up the DagBag from /opt/airflow/dags/load_cb_courses.py
[2026-02-28T14:56:11.885+0000] {processor.py:840} INFO - DAG(s) 'load_cb_courses' retrieved from /opt/airflow/dags/load_cb_courses.py
[2026-02-28T14:56:11.920+0000] {logging_mixin.py:188} INFO - [2026-02-28T14:56:11.920+0000] {dag.py:3089} INFO - Sync 1 DAGs
[2026-02-28T14:56:11.942+0000] {logging_mixin.py:188} INFO - [2026-02-28T14:56:11.942+0000] {dag.py:3947} INFO - Setting next_dagrun for load_cb_courses to 2026-02-28 00:00:00+00:00, run_after=2026-03-01 00:00:00+00:00
[2026-02-28T14:56:11.964+0000] {processor.py:183} INFO - Processing /opt/airflow/dags/load_cb_courses.py took 0.700 seconds
[2026-02-28T14:56:42.655+0000] {processor.py:161} INFO - Started process (PID=21922) to work on /opt/airflow/dags/load_cb_courses.py
[2026-02-28T14:56:42.658+0000] {processor.py:830} INFO - Processing file /opt/airflow/dags/load_cb_courses.py for tasks to queue
[2026-02-28T14:56:42.663+0000] {logging_mixin.py:188} INFO - [2026-02-28T14:56:42.662+0000] {dagbag.py:545} INFO - Filling up the DagBag from /opt/airflow/dags/load_cb_courses.py
[2026-02-28T14:56:43.200+0000] {processor.py:840} INFO - DAG(s) 'load_cb_courses' retrieved from /opt/airflow/dags/load_cb_courses.py
[2026-02-28T14:56:43.221+0000] {logging_mixin.py:188} INFO - [2026-02-28T14:56:43.221+0000] {dag.py:3089} INFO - Sync 1 DAGs
[2026-02-28T14:56:43.249+0000] {logging_mixin.py:188} INFO - [2026-02-28T14:56:43.249+0000] {dag.py:3947} INFO - Setting next_dagrun for load_cb_courses to 2026-02-28 00:00:00+00:00, run_after=2026-03-01 00:00:00+00:00
[2026-02-28T14:56:43.272+0000] {processor.py:183} INFO - Processing /opt/airflow/dags/load_cb_courses.py took 0.633 seconds
[2026-02-28T14:57:14.109+0000] {processor.py:161} INFO - Started process (PID=21953) to work on /opt/airflow/dags/load_cb_courses.py
[2026-02-28T14:57:14.111+0000] {processor.py:830} INFO - Processing file /opt/airflow/dags/load_cb_courses.py for tasks to queue
[2026-02-28T14:57:14.113+0000] {logging_mixin.py:188} INFO - [2026-02-28T14:57:14.112+0000] {dagbag.py:545} INFO - Filling up the DagBag from /opt/airflow/dags/load_cb_courses.py
[2026-02-28T14:57:14.544+0000] {processor.py:840} INFO - DAG(s) 'load_cb_courses' retrieved from /opt/airflow/dags/load_cb_courses.py
[2026-02-28T14:57:14.567+0000] {logging_mixin.py:188} INFO - [2026-02-28T14:57:14.567+0000] {dag.py:3089} INFO - Sync 1 DAGs
[2026-02-28T14:57:14.592+0000] {logging_mixin.py:188} INFO - [2026-02-28T14:57:14.592+0000] {dag.py:3947} INFO - Setting next_dagrun for load_cb_courses to 2026-02-28 00:00:00+00:00, run_after=2026-03-01 00:00:00+00:00
[2026-02-28T14:57:14.610+0000] {processor.py:183} INFO - Processing /opt/airflow/dags/load_cb_courses.py took 0.507 seconds
[2026-02-28T14:57:44.758+0000] {processor.py:161} INFO - Started process (PID=21991) to work on /opt/airflow/dags/load_cb_courses.py
[2026-02-28T14:57:44.767+0000] {processor.py:830} INFO - Processing file /opt/airflow/dags/load_cb_courses.py for tasks to queue
[2026-02-28T14:57:44.770+0000] {logging_mixin.py:188} INFO - [2026-02-28T14:57:44.769+0000] {dagbag.py:545} INFO - Filling up the DagBag from /opt/airflow/dags/load_cb_courses.py
[2026-02-28T14:57:45.206+0000] {processor.py:840} INFO - DAG(s) 'load_cb_courses' retrieved from /opt/airflow/dags/load_cb_courses.py
[2026-02-28T14:57:45.225+0000] {logging_mixin.py:188} INFO - [2026-02-28T14:57:45.224+0000] {dag.py:3089} INFO - Sync 1 DAGs
[2026-02-28T14:57:45.243+0000] {logging_mixin.py:188} INFO - [2026-02-28T14:57:45.243+0000] {dag.py:3947} INFO - Setting next_dagrun for load_cb_courses to 2026-02-28 00:00:00+00:00, run_after=2026-03-01 00:00:00+00:00
[2026-02-28T14:57:45.261+0000] {processor.py:183} INFO - Processing /opt/airflow/dags/load_cb_courses.py took 0.511 seconds
[2026-02-28T14:58:15.858+0000] {processor.py:161} INFO - Started process (PID=22022) to work on /opt/airflow/dags/load_cb_courses.py
[2026-02-28T14:58:15.860+0000] {processor.py:830} INFO - Processing file /opt/airflow/dags/load_cb_courses.py for tasks to queue
[2026-02-28T14:58:15.862+0000] {logging_mixin.py:188} INFO - [2026-02-28T14:58:15.862+0000] {dagbag.py:545} INFO - Filling up the DagBag from /opt/airflow/dags/load_cb_courses.py
[2026-02-28T14:58:16.306+0000] {processor.py:840} INFO - DAG(s) 'load_cb_courses' retrieved from /opt/airflow/dags/load_cb_courses.py
[2026-02-28T14:58:16.326+0000] {logging_mixin.py:188} INFO - [2026-02-28T14:58:16.326+0000] {dag.py:3089} INFO - Sync 1 DAGs
[2026-02-28T14:58:16.346+0000] {logging_mixin.py:188} INFO - [2026-02-28T14:58:16.346+0000] {dag.py:3947} INFO - Setting next_dagrun for load_cb_courses to 2026-02-28 00:00:00+00:00, run_after=2026-03-01 00:00:00+00:00
[2026-02-28T14:58:16.366+0000] {processor.py:183} INFO - Processing /opt/airflow/dags/load_cb_courses.py took 0.515 seconds
[2026-02-28T14:58:46.836+0000] {processor.py:161} INFO - Started process (PID=22060) to work on /opt/airflow/dags/load_cb_courses.py
[2026-02-28T14:58:46.837+0000] {processor.py:830} INFO - Processing file /opt/airflow/dags/load_cb_courses.py for tasks to queue
[2026-02-28T14:58:46.840+0000] {logging_mixin.py:188} INFO - [2026-02-28T14:58:46.840+0000] {dagbag.py:545} INFO - Filling up the DagBag from /opt/airflow/dags/load_cb_courses.py
[2026-02-28T14:58:47.393+0000] {processor.py:840} INFO - DAG(s) 'load_cb_courses' retrieved from /opt/airflow/dags/load_cb_courses.py
[2026-02-28T14:58:47.418+0000] {logging_mixin.py:188} INFO - [2026-02-28T14:58:47.418+0000] {dag.py:3089} INFO - Sync 1 DAGs
[2026-02-28T14:58:47.444+0000] {logging_mixin.py:188} INFO - [2026-02-28T14:58:47.444+0000] {dag.py:3947} INFO - Setting next_dagrun for load_cb_courses to 2026-02-28 00:00:00+00:00, run_after=2026-03-01 00:00:00+00:00
[2026-02-28T14:58:47.467+0000] {processor.py:183} INFO - Processing /opt/airflow/dags/load_cb_courses.py took 0.641 seconds
[2026-02-28T14:59:18.446+0000] {processor.py:161} INFO - Started process (PID=22091) to work on /opt/airflow/dags/load_cb_courses.py
[2026-02-28T14:59:18.447+0000] {processor.py:830} INFO - Processing file /opt/airflow/dags/load_cb_courses.py for tasks to queue
[2026-02-28T14:59:18.450+0000] {logging_mixin.py:188} INFO - [2026-02-28T14:59:18.449+0000] {dagbag.py:545} INFO - Filling up the DagBag from /opt/airflow/dags/load_cb_courses.py
[2026-02-28T14:59:18.924+0000] {processor.py:840} INFO - DAG(s) 'load_cb_courses' retrieved from /opt/airflow/dags/load_cb_courses.py
[2026-02-28T14:59:18.944+0000] {logging_mixin.py:188} INFO - [2026-02-28T14:59:18.944+0000] {dag.py:3089} INFO - Sync 1 DAGs
[2026-02-28T14:59:18.965+0000] {logging_mixin.py:188} INFO - [2026-02-28T14:59:18.964+0000] {dag.py:3947} INFO - Setting next_dagrun for load_cb_courses to 2026-02-28 00:00:00+00:00, run_after=2026-03-01 00:00:00+00:00
[2026-02-28T14:59:18.988+0000] {processor.py:183} INFO - Processing /opt/airflow/dags/load_cb_courses.py took 0.550 seconds
[2026-02-28T14:59:49.439+0000] {processor.py:161} INFO - Started process (PID=22122) to work on /opt/airflow/dags/load_cb_courses.py
[2026-02-28T14:59:49.441+0000] {processor.py:830} INFO - Processing file /opt/airflow/dags/load_cb_courses.py for tasks to queue
[2026-02-28T14:59:49.443+0000] {logging_mixin.py:188} INFO - [2026-02-28T14:59:49.443+0000] {dagbag.py:545} INFO - Filling up the DagBag from /opt/airflow/dags/load_cb_courses.py
[2026-02-28T14:59:49.967+0000] {processor.py:840} INFO - DAG(s) 'load_cb_courses' retrieved from /opt/airflow/dags/load_cb_courses.py
[2026-02-28T14:59:50.009+0000] {logging_mixin.py:188} INFO - [2026-02-28T14:59:50.008+0000] {dag.py:3089} INFO - Sync 1 DAGs
[2026-02-28T14:59:50.053+0000] {logging_mixin.py:188} INFO - [2026-02-28T14:59:50.052+0000] {dag.py:3947} INFO - Setting next_dagrun for load_cb_courses to 2026-02-28 00:00:00+00:00, run_after=2026-03-01 00:00:00+00:00
[2026-02-28T14:59:50.120+0000] {processor.py:183} INFO - Processing /opt/airflow/dags/load_cb_courses.py took 0.687 seconds
[2026-02-28T15:00:20.724+0000] {processor.py:161} INFO - Started process (PID=22160) to work on /opt/airflow/dags/load_cb_courses.py
[2026-02-28T15:00:20.725+0000] {processor.py:830} INFO - Processing file /opt/airflow/dags/load_cb_courses.py for tasks to queue
[2026-02-28T15:00:20.727+0000] {logging_mixin.py:188} INFO - [2026-02-28T15:00:20.727+0000] {dagbag.py:545} INFO - Filling up the DagBag from /opt/airflow/dags/load_cb_courses.py
[2026-02-28T15:00:21.227+0000] {processor.py:840} INFO - DAG(s) 'load_cb_courses' retrieved from /opt/airflow/dags/load_cb_courses.py
[2026-02-28T15:00:21.247+0000] {logging_mixin.py:188} INFO - [2026-02-28T15:00:21.247+0000] {dag.py:3089} INFO - Sync 1 DAGs
[2026-02-28T15:00:21.269+0000] {logging_mixin.py:188} INFO - [2026-02-28T15:00:21.269+0000] {dag.py:3947} INFO - Setting next_dagrun for load_cb_courses to 2026-02-28 00:00:00+00:00, run_after=2026-03-01 00:00:00+00:00
[2026-02-28T15:00:21.290+0000] {processor.py:183} INFO - Processing /opt/airflow/dags/load_cb_courses.py took 0.572 seconds
[2026-02-28T15:00:52.089+0000] {processor.py:161} INFO - Started process (PID=22190) to work on /opt/airflow/dags/load_cb_courses.py
[2026-02-28T15:00:52.092+0000] {processor.py:830} INFO - Processing file /opt/airflow/dags/load_cb_courses.py for tasks to queue
[2026-02-28T15:00:52.109+0000] {logging_mixin.py:188} INFO - [2026-02-28T15:00:52.106+0000] {dagbag.py:545} INFO - Filling up the DagBag from /opt/airflow/dags/load_cb_courses.py
[2026-02-28T15:00:52.707+0000] {processor.py:840} INFO - DAG(s) 'load_cb_courses' retrieved from /opt/airflow/dags/load_cb_courses.py
[2026-02-28T15:00:52.731+0000] {logging_mixin.py:188} INFO - [2026-02-28T15:00:52.730+0000] {dag.py:3089} INFO - Sync 1 DAGs
[2026-02-28T15:00:52.755+0000] {logging_mixin.py:188} INFO - [2026-02-28T15:00:52.755+0000] {dag.py:3947} INFO - Setting next_dagrun for load_cb_courses to 2026-02-28 00:00:00+00:00, run_after=2026-03-01 00:00:00+00:00
[2026-02-28T15:00:52.780+0000] {processor.py:183} INFO - Processing /opt/airflow/dags/load_cb_courses.py took 0.713 seconds
[2026-02-28T15:01:23.400+0000] {processor.py:161} INFO - Started process (PID=22228) to work on /opt/airflow/dags/load_cb_courses.py
[2026-02-28T15:01:23.410+0000] {processor.py:830} INFO - Processing file /opt/airflow/dags/load_cb_courses.py for tasks to queue
[2026-02-28T15:01:23.418+0000] {logging_mixin.py:188} INFO - [2026-02-28T15:01:23.418+0000] {dagbag.py:545} INFO - Filling up the DagBag from /opt/airflow/dags/load_cb_courses.py
[2026-02-28T15:01:24.375+0000] {processor.py:840} INFO - DAG(s) 'load_cb_courses' retrieved from /opt/airflow/dags/load_cb_courses.py
[2026-02-28T15:01:24.402+0000] {logging_mixin.py:188} INFO - [2026-02-28T15:01:24.401+0000] {dag.py:3089} INFO - Sync 1 DAGs
[2026-02-28T15:01:24.426+0000] {logging_mixin.py:188} INFO - [2026-02-28T15:01:24.425+0000] {dag.py:3947} INFO - Setting next_dagrun for load_cb_courses to 2026-02-28 00:00:00+00:00, run_after=2026-03-01 00:00:00+00:00
[2026-02-28T15:01:24.449+0000] {processor.py:183} INFO - Processing /opt/airflow/dags/load_cb_courses.py took 1.062 seconds
[2026-02-28T15:01:55.001+0000] {processor.py:161} INFO - Started process (PID=22259) to work on /opt/airflow/dags/load_cb_courses.py
[2026-02-28T15:01:55.002+0000] {processor.py:830} INFO - Processing file /opt/airflow/dags/load_cb_courses.py for tasks to queue
[2026-02-28T15:01:55.004+0000] {logging_mixin.py:188} INFO - [2026-02-28T15:01:55.004+0000] {dagbag.py:545} INFO - Filling up the DagBag from /opt/airflow/dags/load_cb_courses.py
[2026-02-28T15:01:55.441+0000] {processor.py:840} INFO - DAG(s) 'load_cb_courses' retrieved from /opt/airflow/dags/load_cb_courses.py
[2026-02-28T15:01:55.460+0000] {logging_mixin.py:188} INFO - [2026-02-28T15:01:55.459+0000] {dag.py:3089} INFO - Sync 1 DAGs
[2026-02-28T15:01:55.479+0000] {logging_mixin.py:188} INFO - [2026-02-28T15:01:55.479+0000] {dag.py:3947} INFO - Setting next_dagrun for load_cb_courses to 2026-02-28 00:00:00+00:00, run_after=2026-03-01 00:00:00+00:00
[2026-02-28T15:01:55.500+0000] {processor.py:183} INFO - Processing /opt/airflow/dags/load_cb_courses.py took 0.505 seconds
[2026-02-28T15:02:26.213+0000] {processor.py:161} INFO - Started process (PID=22297) to work on /opt/airflow/dags/load_cb_courses.py
[2026-02-28T15:02:26.216+0000] {processor.py:830} INFO - Processing file /opt/airflow/dags/load_cb_courses.py for tasks to queue
[2026-02-28T15:02:26.220+0000] {logging_mixin.py:188} INFO - [2026-02-28T15:02:26.219+0000] {dagbag.py:545} INFO - Filling up the DagBag from /opt/airflow/dags/load_cb_courses.py
[2026-02-28T15:02:26.794+0000] {processor.py:840} INFO - DAG(s) 'load_cb_courses' retrieved from /opt/airflow/dags/load_cb_courses.py
[2026-02-28T15:02:26.820+0000] {logging_mixin.py:188} INFO - [2026-02-28T15:02:26.819+0000] {dag.py:3089} INFO - Sync 1 DAGs
[2026-02-28T15:02:26.845+0000] {logging_mixin.py:188} INFO - [2026-02-28T15:02:26.845+0000] {dag.py:3947} INFO - Setting next_dagrun for load_cb_courses to 2026-02-28 00:00:00+00:00, run_after=2026-03-01 00:00:00+00:00
[2026-02-28T15:02:26.870+0000] {processor.py:183} INFO - Processing /opt/airflow/dags/load_cb_courses.py took 0.639 seconds
[2026-02-28T15:02:57.456+0000] {processor.py:161} INFO - Started process (PID=22327) to work on /opt/airflow/dags/load_cb_courses.py
[2026-02-28T15:02:57.458+0000] {processor.py:830} INFO - Processing file /opt/airflow/dags/load_cb_courses.py for tasks to queue
[2026-02-28T15:02:57.461+0000] {logging_mixin.py:188} INFO - [2026-02-28T15:02:57.460+0000] {dagbag.py:545} INFO - Filling up the DagBag from /opt/airflow/dags/load_cb_courses.py
[2026-02-28T15:02:57.992+0000] {processor.py:840} INFO - DAG(s) 'load_cb_courses' retrieved from /opt/airflow/dags/load_cb_courses.py
[2026-02-28T15:02:58.015+0000] {logging_mixin.py:188} INFO - [2026-02-28T15:02:58.015+0000] {dag.py:3089} INFO - Sync 1 DAGs
[2026-02-28T15:02:58.037+0000] {logging_mixin.py:188} INFO - [2026-02-28T15:02:58.037+0000] {dag.py:3947} INFO - Setting next_dagrun for load_cb_courses to 2026-02-28 00:00:00+00:00, run_after=2026-03-01 00:00:00+00:00
[2026-02-28T15:02:58.060+0000] {processor.py:183} INFO - Processing /opt/airflow/dags/load_cb_courses.py took 0.614 seconds
[2026-02-28T15:03:28.265+0000] {processor.py:161} INFO - Started process (PID=22357) to work on /opt/airflow/dags/load_cb_courses.py
[2026-02-28T15:03:28.267+0000] {processor.py:830} INFO - Processing file /opt/airflow/dags/load_cb_courses.py for tasks to queue
[2026-02-28T15:03:28.270+0000] {logging_mixin.py:188} INFO - [2026-02-28T15:03:28.269+0000] {dagbag.py:545} INFO - Filling up the DagBag from /opt/airflow/dags/load_cb_courses.py
[2026-02-28T15:03:28.874+0000] {processor.py:840} INFO - DAG(s) 'load_cb_courses' retrieved from /opt/airflow/dags/load_cb_courses.py
[2026-02-28T15:03:28.924+0000] {logging_mixin.py:188} INFO - [2026-02-28T15:03:28.924+0000] {dag.py:3089} INFO - Sync 1 DAGs
[2026-02-28T15:03:28.972+0000] {logging_mixin.py:188} INFO - [2026-02-28T15:03:28.972+0000] {dag.py:3947} INFO - Setting next_dagrun for load_cb_courses to 2026-02-28 00:00:00+00:00, run_after=2026-03-01 00:00:00+00:00
[2026-02-28T15:03:29.007+0000] {processor.py:183} INFO - Processing /opt/airflow/dags/load_cb_courses.py took 0.750 seconds
[2026-02-28T15:03:59.988+0000] {processor.py:161} INFO - Started process (PID=22394) to work on /opt/airflow/dags/load_cb_courses.py
[2026-02-28T15:03:59.989+0000] {processor.py:830} INFO - Processing file /opt/airflow/dags/load_cb_courses.py for tasks to queue
[2026-02-28T15:03:59.991+0000] {logging_mixin.py:188} INFO - [2026-02-28T15:03:59.991+0000] {dagbag.py:545} INFO - Filling up the DagBag from /opt/airflow/dags/load_cb_courses.py
[2026-02-28T15:04:00.751+0000] {processor.py:840} INFO - DAG(s) 'load_cb_courses' retrieved from /opt/airflow/dags/load_cb_courses.py
[2026-02-28T15:04:00.784+0000] {logging_mixin.py:188} INFO - [2026-02-28T15:04:00.783+0000] {dag.py:3089} INFO - Sync 1 DAGs
[2026-02-28T15:04:00.810+0000] {logging_mixin.py:188} INFO - [2026-02-28T15:04:00.810+0000] {dag.py:3947} INFO - Setting next_dagrun for load_cb_courses to 2026-02-28 00:00:00+00:00, run_after=2026-03-01 00:00:00+00:00
[2026-02-28T15:04:00.835+0000] {processor.py:183} INFO - Processing /opt/airflow/dags/load_cb_courses.py took 0.856 seconds
[2026-02-28T15:04:31.392+0000] {processor.py:161} INFO - Started process (PID=22424) to work on /opt/airflow/dags/load_cb_courses.py
[2026-02-28T15:04:31.393+0000] {processor.py:830} INFO - Processing file /opt/airflow/dags/load_cb_courses.py for tasks to queue
[2026-02-28T15:04:31.395+0000] {logging_mixin.py:188} INFO - [2026-02-28T15:04:31.395+0000] {dagbag.py:545} INFO - Filling up the DagBag from /opt/airflow/dags/load_cb_courses.py
[2026-02-28T15:04:31.836+0000] {processor.py:840} INFO - DAG(s) 'load_cb_courses' retrieved from /opt/airflow/dags/load_cb_courses.py
[2026-02-28T15:04:31.858+0000] {logging_mixin.py:188} INFO - [2026-02-28T15:04:31.857+0000] {dag.py:3089} INFO - Sync 1 DAGs
[2026-02-28T15:04:31.877+0000] {logging_mixin.py:188} INFO - [2026-02-28T15:04:31.877+0000] {dag.py:3947} INFO - Setting next_dagrun for load_cb_courses to 2026-02-28 00:00:00+00:00, run_after=2026-03-01 00:00:00+00:00
[2026-02-28T15:04:31.896+0000] {processor.py:183} INFO - Processing /opt/airflow/dags/load_cb_courses.py took 0.513 seconds
[2026-02-28T15:05:02.633+0000] {processor.py:161} INFO - Started process (PID=22456) to work on /opt/airflow/dags/load_cb_courses.py
[2026-02-28T15:05:02.635+0000] {processor.py:830} INFO - Processing file /opt/airflow/dags/load_cb_courses.py for tasks to queue
[2026-02-28T15:05:02.638+0000] {logging_mixin.py:188} INFO - [2026-02-28T15:05:02.637+0000] {dagbag.py:545} INFO - Filling up the DagBag from /opt/airflow/dags/load_cb_courses.py
[2026-02-28T15:05:03.135+0000] {processor.py:840} INFO - DAG(s) 'load_cb_courses' retrieved from /opt/airflow/dags/load_cb_courses.py
[2026-02-28T15:05:03.163+0000] {logging_mixin.py:188} INFO - [2026-02-28T15:05:03.163+0000] {dag.py:3089} INFO - Sync 1 DAGs
[2026-02-28T15:05:03.186+0000] {logging_mixin.py:188} INFO - [2026-02-28T15:05:03.186+0000] {dag.py:3947} INFO - Setting next_dagrun for load_cb_courses to 2026-02-28 00:00:00+00:00, run_after=2026-03-01 00:00:00+00:00
[2026-02-28T15:05:03.209+0000] {processor.py:183} INFO - Processing /opt/airflow/dags/load_cb_courses.py took 0.583 seconds
[2026-02-28T15:05:33.703+0000] {processor.py:161} INFO - Started process (PID=22494) to work on /opt/airflow/dags/load_cb_courses.py
[2026-02-28T15:05:33.705+0000] {processor.py:830} INFO - Processing file /opt/airflow/dags/load_cb_courses.py for tasks to queue
[2026-02-28T15:05:33.707+0000] {logging_mixin.py:188} INFO - [2026-02-28T15:05:33.707+0000] {dagbag.py:545} INFO - Filling up the DagBag from /opt/airflow/dags/load_cb_courses.py
[2026-02-28T15:05:34.291+0000] {processor.py:840} INFO - DAG(s) 'load_cb_courses' retrieved from /opt/airflow/dags/load_cb_courses.py
[2026-02-28T15:05:34.307+0000] {logging_mixin.py:188} INFO - [2026-02-28T15:05:34.307+0000] {dag.py:3089} INFO - Sync 1 DAGs
[2026-02-28T15:05:34.327+0000] {logging_mixin.py:188} INFO - [2026-02-28T15:05:34.326+0000] {dag.py:3947} INFO - Setting next_dagrun for load_cb_courses to 2026-02-28 00:00:00+00:00, run_after=2026-03-01 00:00:00+00:00
[2026-02-28T15:05:34.346+0000] {processor.py:183} INFO - Processing /opt/airflow/dags/load_cb_courses.py took 0.649 seconds
[2026-02-28T15:06:04.517+0000] {processor.py:161} INFO - Started process (PID=22525) to work on /opt/airflow/dags/load_cb_courses.py
[2026-02-28T15:06:04.518+0000] {processor.py:830} INFO - Processing file /opt/airflow/dags/load_cb_courses.py for tasks to queue
[2026-02-28T15:06:04.520+0000] {logging_mixin.py:188} INFO - [2026-02-28T15:06:04.520+0000] {dagbag.py:545} INFO - Filling up the DagBag from /opt/airflow/dags/load_cb_courses.py
[2026-02-28T15:06:04.982+0000] {processor.py:840} INFO - DAG(s) 'load_cb_courses' retrieved from /opt/airflow/dags/load_cb_courses.py
[2026-02-28T15:06:05.005+0000] {logging_mixin.py:188} INFO - [2026-02-28T15:06:05.004+0000] {dag.py:3089} INFO - Sync 1 DAGs
[2026-02-28T15:06:05.026+0000] {logging_mixin.py:188} INFO - [2026-02-28T15:06:05.026+0000] {dag.py:3947} INFO - Setting next_dagrun for load_cb_courses to 2026-02-28 00:00:00+00:00, run_after=2026-03-01 00:00:00+00:00
[2026-02-28T15:06:05.047+0000] {processor.py:183} INFO - Processing /opt/airflow/dags/load_cb_courses.py took 0.537 seconds
[2026-02-28T15:06:35.577+0000] {processor.py:161} INFO - Started process (PID=22556) to work on /opt/airflow/dags/load_cb_courses.py
[2026-02-28T15:06:35.578+0000] {processor.py:830} INFO - Processing file /opt/airflow/dags/load_cb_courses.py for tasks to queue
[2026-02-28T15:06:35.580+0000] {logging_mixin.py:188} INFO - [2026-02-28T15:06:35.580+0000] {dagbag.py:545} INFO - Filling up the DagBag from /opt/airflow/dags/load_cb_courses.py
[2026-02-28T15:06:36.062+0000] {processor.py:840} INFO - DAG(s) 'load_cb_courses' retrieved from /opt/airflow/dags/load_cb_courses.py
[2026-02-28T15:06:36.080+0000] {logging_mixin.py:188} INFO - [2026-02-28T15:06:36.079+0000] {dag.py:3089} INFO - Sync 1 DAGs
[2026-02-28T15:06:36.101+0000] {logging_mixin.py:188} INFO - [2026-02-28T15:06:36.100+0000] {dag.py:3947} INFO - Setting next_dagrun for load_cb_courses to 2026-02-28 00:00:00+00:00, run_after=2026-03-01 00:00:00+00:00
[2026-02-28T15:06:36.127+0000] {processor.py:183} INFO - Processing /opt/airflow/dags/load_cb_courses.py took 0.557 seconds
[2026-02-28T15:07:06.973+0000] {processor.py:161} INFO - Started process (PID=22594) to work on /opt/airflow/dags/load_cb_courses.py
[2026-02-28T15:07:06.976+0000] {processor.py:830} INFO - Processing file /opt/airflow/dags/load_cb_courses.py for tasks to queue
[2026-02-28T15:07:06.982+0000] {logging_mixin.py:188} INFO - [2026-02-28T15:07:06.981+0000] {dagbag.py:545} INFO - Filling up the DagBag from /opt/airflow/dags/load_cb_courses.py
[2026-02-28T15:07:07.453+0000] {processor.py:840} INFO - DAG(s) 'load_cb_courses' retrieved from /opt/airflow/dags/load_cb_courses.py
[2026-02-28T15:07:07.472+0000] {logging_mixin.py:188} INFO - [2026-02-28T15:07:07.472+0000] {dag.py:3089} INFO - Sync 1 DAGs
[2026-02-28T15:07:07.496+0000] {logging_mixin.py:188} INFO - [2026-02-28T15:07:07.496+0000] {dag.py:3947} INFO - Setting next_dagrun for load_cb_courses to 2026-02-28 00:00:00+00:00, run_after=2026-03-01 00:00:00+00:00
[2026-02-28T15:07:07.520+0000] {processor.py:183} INFO - Processing /opt/airflow/dags/load_cb_courses.py took 0.560 seconds
[2026-02-28T15:07:37.982+0000] {processor.py:161} INFO - Started process (PID=22624) to work on /opt/airflow/dags/load_cb_courses.py
[2026-02-28T15:07:37.984+0000] {processor.py:830} INFO - Processing file /opt/airflow/dags/load_cb_courses.py for tasks to queue
[2026-02-28T15:07:37.986+0000] {logging_mixin.py:188} INFO - [2026-02-28T15:07:37.985+0000] {dagbag.py:545} INFO - Filling up the DagBag from /opt/airflow/dags/load_cb_courses.py
[2026-02-28T15:07:38.491+0000] {processor.py:840} INFO - DAG(s) 'load_cb_courses' retrieved from /opt/airflow/dags/load_cb_courses.py
[2026-02-28T15:07:38.517+0000] {logging_mixin.py:188} INFO - [2026-02-28T15:07:38.516+0000] {dag.py:3089} INFO - Sync 1 DAGs
[2026-02-28T15:07:38.543+0000] {logging_mixin.py:188} INFO - [2026-02-28T15:07:38.543+0000] {dag.py:3947} INFO - Setting next_dagrun for load_cb_courses to 2026-02-28 00:00:00+00:00, run_after=2026-03-01 00:00:00+00:00
[2026-02-28T15:07:38.567+0000] {processor.py:183} INFO - Processing /opt/airflow/dags/load_cb_courses.py took 0.593 seconds
[2026-02-28T15:08:09.159+0000] {processor.py:161} INFO - Started process (PID=22661) to work on /opt/airflow/dags/load_cb_courses.py
[2026-02-28T15:08:09.160+0000] {processor.py:830} INFO - Processing file /opt/airflow/dags/load_cb_courses.py for tasks to queue
[2026-02-28T15:08:09.162+0000] {logging_mixin.py:188} INFO - [2026-02-28T15:08:09.162+0000] {dagbag.py:545} INFO - Filling up the DagBag from /opt/airflow/dags/load_cb_courses.py
[2026-02-28T15:08:11.333+0000] {processor.py:840} INFO - DAG(s) 'load_cb_courses' retrieved from /opt/airflow/dags/load_cb_courses.py
[2026-02-28T15:08:11.360+0000] {logging_mixin.py:188} INFO - [2026-02-28T15:08:11.359+0000] {dag.py:3089} INFO - Sync 1 DAGs
[2026-02-28T15:08:11.381+0000] {logging_mixin.py:188} INFO - [2026-02-28T15:08:11.380+0000] {dag.py:3947} INFO - Setting next_dagrun for load_cb_courses to 2026-02-28 00:00:00+00:00, run_after=2026-03-01 00:00:00+00:00
[2026-02-28T15:08:11.403+0000] {processor.py:183} INFO - Processing /opt/airflow/dags/load_cb_courses.py took 2.250 seconds
[2026-02-28T15:08:41.865+0000] {processor.py:161} INFO - Started process (PID=22691) to work on /opt/airflow/dags/load_cb_courses.py
[2026-02-28T15:08:41.872+0000] {processor.py:830} INFO - Processing file /opt/airflow/dags/load_cb_courses.py for tasks to queue
[2026-02-28T15:08:41.885+0000] {logging_mixin.py:188} INFO - [2026-02-28T15:08:41.884+0000] {dagbag.py:545} INFO - Filling up the DagBag from /opt/airflow/dags/load_cb_courses.py
[2026-02-28T15:08:42.524+0000] {processor.py:840} INFO - DAG(s) 'load_cb_courses' retrieved from /opt/airflow/dags/load_cb_courses.py
[2026-02-28T15:08:42.549+0000] {logging_mixin.py:188} INFO - [2026-02-28T15:08:42.549+0000] {dag.py:3089} INFO - Sync 1 DAGs
[2026-02-28T15:08:42.577+0000] {logging_mixin.py:188} INFO - [2026-02-28T15:08:42.577+0000] {dag.py:3947} INFO - Setting next_dagrun for load_cb_courses to 2026-02-28 00:00:00+00:00, run_after=2026-03-01 00:00:00+00:00
[2026-02-28T15:08:42.606+0000] {processor.py:183} INFO - Processing /opt/airflow/dags/load_cb_courses.py took 0.750 seconds
[2026-02-28T15:09:13.101+0000] {processor.py:161} INFO - Started process (PID=22723) to work on /opt/airflow/dags/load_cb_courses.py
[2026-02-28T15:09:13.102+0000] {processor.py:830} INFO - Processing file /opt/airflow/dags/load_cb_courses.py for tasks to queue
[2026-02-28T15:09:13.105+0000] {logging_mixin.py:188} INFO - [2026-02-28T15:09:13.104+0000] {dagbag.py:545} INFO - Filling up the DagBag from /opt/airflow/dags/load_cb_courses.py
[2026-02-28T15:09:13.618+0000] {processor.py:840} INFO - DAG(s) 'load_cb_courses' retrieved from /opt/airflow/dags/load_cb_courses.py
[2026-02-28T15:09:13.644+0000] {logging_mixin.py:188} INFO - [2026-02-28T15:09:13.643+0000] {dag.py:3089} INFO - Sync 1 DAGs
[2026-02-28T15:09:13.670+0000] {logging_mixin.py:188} INFO - [2026-02-28T15:09:13.670+0000] {dag.py:3947} INFO - Setting next_dagrun for load_cb_courses to 2026-02-28 00:00:00+00:00, run_after=2026-03-01 00:00:00+00:00
[2026-02-28T15:09:13.692+0000] {processor.py:183} INFO - Processing /opt/airflow/dags/load_cb_courses.py took 0.602 seconds
[2026-02-28T15:09:43.810+0000] {processor.py:161} INFO - Started process (PID=22761) to work on /opt/airflow/dags/load_cb_courses.py
[2026-02-28T15:09:43.812+0000] {processor.py:830} INFO - Processing file /opt/airflow/dags/load_cb_courses.py for tasks to queue
[2026-02-28T15:09:43.814+0000] {logging_mixin.py:188} INFO - [2026-02-28T15:09:43.814+0000] {dagbag.py:545} INFO - Filling up the DagBag from /opt/airflow/dags/load_cb_courses.py
[2026-02-28T15:09:44.357+0000] {processor.py:840} INFO - DAG(s) 'load_cb_courses' retrieved from /opt/airflow/dags/load_cb_courses.py
[2026-02-28T15:09:44.382+0000] {logging_mixin.py:188} INFO - [2026-02-28T15:09:44.381+0000] {dag.py:3089} INFO - Sync 1 DAGs
[2026-02-28T15:09:44.405+0000] {logging_mixin.py:188} INFO - [2026-02-28T15:09:44.405+0000] {dag.py:3947} INFO - Setting next_dagrun for load_cb_courses to 2026-02-28 00:00:00+00:00, run_after=2026-03-01 00:00:00+00:00
[2026-02-28T15:09:44.431+0000] {processor.py:183} INFO - Processing /opt/airflow/dags/load_cb_courses.py took 0.628 seconds
[2026-02-28T15:10:14.681+0000] {processor.py:161} INFO - Started process (PID=22792) to work on /opt/airflow/dags/load_cb_courses.py
[2026-02-28T15:10:14.682+0000] {processor.py:830} INFO - Processing file /opt/airflow/dags/load_cb_courses.py for tasks to queue
[2026-02-28T15:10:14.685+0000] {logging_mixin.py:188} INFO - [2026-02-28T15:10:14.685+0000] {dagbag.py:545} INFO - Filling up the DagBag from /opt/airflow/dags/load_cb_courses.py
[2026-02-28T15:10:15.176+0000] {processor.py:840} INFO - DAG(s) 'load_cb_courses' retrieved from /opt/airflow/dags/load_cb_courses.py
[2026-02-28T15:10:15.203+0000] {logging_mixin.py:188} INFO - [2026-02-28T15:10:15.202+0000] {dag.py:3089} INFO - Sync 1 DAGs
[2026-02-28T15:10:15.223+0000] {logging_mixin.py:188} INFO - [2026-02-28T15:10:15.223+0000] {dag.py:3947} INFO - Setting next_dagrun for load_cb_courses to 2026-02-28 00:00:00+00:00, run_after=2026-03-01 00:00:00+00:00
[2026-02-28T15:10:15.245+0000] {processor.py:183} INFO - Processing /opt/airflow/dags/load_cb_courses.py took 0.571 seconds
[2026-02-28T15:10:46.105+0000] {processor.py:161} INFO - Started process (PID=22823) to work on /opt/airflow/dags/load_cb_courses.py
[2026-02-28T15:10:46.117+0000] {processor.py:830} INFO - Processing file /opt/airflow/dags/load_cb_courses.py for tasks to queue
[2026-02-28T15:10:46.125+0000] {logging_mixin.py:188} INFO - [2026-02-28T15:10:46.124+0000] {dagbag.py:545} INFO - Filling up the DagBag from /opt/airflow/dags/load_cb_courses.py
[2026-02-28T15:10:47.052+0000] {processor.py:840} INFO - DAG(s) 'load_cb_courses' retrieved from /opt/airflow/dags/load_cb_courses.py
[2026-02-28T15:10:47.085+0000] {logging_mixin.py:188} INFO - [2026-02-28T15:10:47.084+0000] {dag.py:3089} INFO - Sync 1 DAGs
[2026-02-28T15:10:47.118+0000] {logging_mixin.py:188} INFO - [2026-02-28T15:10:47.118+0000] {dag.py:3947} INFO - Setting next_dagrun for load_cb_courses to 2026-02-28 00:00:00+00:00, run_after=2026-03-01 00:00:00+00:00
[2026-02-28T15:10:47.153+0000] {processor.py:183} INFO - Processing /opt/airflow/dags/load_cb_courses.py took 1.057 seconds
[2026-02-28T15:11:17.748+0000] {processor.py:161} INFO - Started process (PID=22862) to work on /opt/airflow/dags/load_cb_courses.py
[2026-02-28T15:11:17.749+0000] {processor.py:830} INFO - Processing file /opt/airflow/dags/load_cb_courses.py for tasks to queue
[2026-02-28T15:11:17.752+0000] {logging_mixin.py:188} INFO - [2026-02-28T15:11:17.751+0000] {dagbag.py:545} INFO - Filling up the DagBag from /opt/airflow/dags/load_cb_courses.py
[2026-02-28T15:11:18.242+0000] {processor.py:840} INFO - DAG(s) 'load_cb_courses' retrieved from /opt/airflow/dags/load_cb_courses.py
[2026-02-28T15:11:18.265+0000] {logging_mixin.py:188} INFO - [2026-02-28T15:11:18.265+0000] {dag.py:3089} INFO - Sync 1 DAGs
[2026-02-28T15:11:18.289+0000] {logging_mixin.py:188} INFO - [2026-02-28T15:11:18.289+0000] {dag.py:3947} INFO - Setting next_dagrun for load_cb_courses to 2026-02-28 00:00:00+00:00, run_after=2026-03-01 00:00:00+00:00
[2026-02-28T15:11:18.317+0000] {processor.py:183} INFO - Processing /opt/airflow/dags/load_cb_courses.py took 0.576 seconds
[2026-02-28T15:11:48.702+0000] {processor.py:161} INFO - Started process (PID=22893) to work on /opt/airflow/dags/load_cb_courses.py
[2026-02-28T15:11:48.704+0000] {processor.py:830} INFO - Processing file /opt/airflow/dags/load_cb_courses.py for tasks to queue
[2026-02-28T15:11:48.706+0000] {logging_mixin.py:188} INFO - [2026-02-28T15:11:48.706+0000] {dagbag.py:545} INFO - Filling up the DagBag from /opt/airflow/dags/load_cb_courses.py
[2026-02-28T15:11:49.386+0000] {processor.py:840} INFO - DAG(s) 'load_cb_courses' retrieved from /opt/airflow/dags/load_cb_courses.py
[2026-02-28T15:11:49.415+0000] {logging_mixin.py:188} INFO - [2026-02-28T15:11:49.415+0000] {dag.py:3089} INFO - Sync 1 DAGs
[2026-02-28T15:11:49.448+0000] {logging_mixin.py:188} INFO - [2026-02-28T15:11:49.448+0000] {dag.py:3947} INFO - Setting next_dagrun for load_cb_courses to 2026-02-28 00:00:00+00:00, run_after=2026-03-01 00:00:00+00:00
[2026-02-28T15:11:49.471+0000] {processor.py:183} INFO - Processing /opt/airflow/dags/load_cb_courses.py took 0.776 seconds
