[2026-02-28T09:37:16.390+0000] {processor.py:161} INFO - Started process (PID=189) to work on /opt/airflow/dags/oltp_s3_dwh.py
[2026-02-28T09:37:16.391+0000] {processor.py:830} INFO - Processing file /opt/airflow/dags/oltp_s3_dwh.py for tasks to queue
[2026-02-28T09:37:16.399+0000] {logging_mixin.py:188} INFO - [2026-02-28T09:37:16.394+0000] {dagbag.py:545} INFO - Filling up the DagBag from /opt/airflow/dags/oltp_s3_dwh.py
[2026-02-28T09:37:18.547+0000] {processor.py:840} INFO - DAG(s) 'oltp_s3_dwh' retrieved from /opt/airflow/dags/oltp_s3_dwh.py
[2026-02-28T09:37:18.905+0000] {logging_mixin.py:188} INFO - [2026-02-28T09:37:18.904+0000] {dag.py:3089} INFO - Sync 1 DAGs
[2026-02-28T09:37:19.075+0000] {logging_mixin.py:188} INFO - [2026-02-28T09:37:19.075+0000] {dag.py:3947} INFO - Setting next_dagrun for oltp_s3_dwh to 2026-02-01 00:00:00+00:00, run_after=2026-03-01 00:00:00+00:00
[2026-02-28T09:37:19.336+0000] {processor.py:183} INFO - Processing /opt/airflow/dags/oltp_s3_dwh.py took 2.948 seconds
[2026-02-28T09:37:49.610+0000] {processor.py:161} INFO - Started process (PID=228) to work on /opt/airflow/dags/oltp_s3_dwh.py
[2026-02-28T09:37:49.612+0000] {processor.py:830} INFO - Processing file /opt/airflow/dags/oltp_s3_dwh.py for tasks to queue
[2026-02-28T09:37:49.616+0000] {logging_mixin.py:188} INFO - [2026-02-28T09:37:49.614+0000] {dagbag.py:545} INFO - Filling up the DagBag from /opt/airflow/dags/oltp_s3_dwh.py
[2026-02-28T09:37:50.552+0000] {processor.py:840} INFO - DAG(s) 'oltp_s3_dwh' retrieved from /opt/airflow/dags/oltp_s3_dwh.py
[2026-02-28T09:37:50.761+0000] {logging_mixin.py:188} INFO - [2026-02-28T09:37:50.761+0000] {dag.py:3089} INFO - Sync 1 DAGs
[2026-02-28T09:37:50.819+0000] {logging_mixin.py:188} INFO - [2026-02-28T09:37:50.819+0000] {dag.py:3947} INFO - Setting next_dagrun for oltp_s3_dwh to 2026-02-01 00:00:00+00:00, run_after=2026-03-01 00:00:00+00:00
[2026-02-28T09:37:50.902+0000] {processor.py:183} INFO - Processing /opt/airflow/dags/oltp_s3_dwh.py took 1.300 seconds
[2026-02-28T09:38:21.140+0000] {processor.py:161} INFO - Started process (PID=267) to work on /opt/airflow/dags/oltp_s3_dwh.py
[2026-02-28T09:38:21.141+0000] {processor.py:830} INFO - Processing file /opt/airflow/dags/oltp_s3_dwh.py for tasks to queue
[2026-02-28T09:38:21.143+0000] {logging_mixin.py:188} INFO - [2026-02-28T09:38:21.143+0000] {dagbag.py:545} INFO - Filling up the DagBag from /opt/airflow/dags/oltp_s3_dwh.py
[2026-02-28T09:38:21.664+0000] {processor.py:840} INFO - DAG(s) 'oltp_s3_dwh' retrieved from /opt/airflow/dags/oltp_s3_dwh.py
[2026-02-28T09:38:21.694+0000] {logging_mixin.py:188} INFO - [2026-02-28T09:38:21.693+0000] {dag.py:3089} INFO - Sync 1 DAGs
[2026-02-28T09:38:21.717+0000] {logging_mixin.py:188} INFO - [2026-02-28T09:38:21.717+0000] {dag.py:3947} INFO - Setting next_dagrun for oltp_s3_dwh to 2026-02-01 00:00:00+00:00, run_after=2026-03-01 00:00:00+00:00
[2026-02-28T09:38:21.741+0000] {processor.py:183} INFO - Processing /opt/airflow/dags/oltp_s3_dwh.py took 0.608 seconds
[2026-02-28T09:38:51.831+0000] {processor.py:161} INFO - Started process (PID=298) to work on /opt/airflow/dags/oltp_s3_dwh.py
[2026-02-28T09:38:51.833+0000] {processor.py:830} INFO - Processing file /opt/airflow/dags/oltp_s3_dwh.py for tasks to queue
[2026-02-28T09:38:51.835+0000] {logging_mixin.py:188} INFO - [2026-02-28T09:38:51.835+0000] {dagbag.py:545} INFO - Filling up the DagBag from /opt/airflow/dags/oltp_s3_dwh.py
[2026-02-28T09:38:52.237+0000] {processor.py:840} INFO - DAG(s) 'oltp_s3_dwh' retrieved from /opt/airflow/dags/oltp_s3_dwh.py
[2026-02-28T09:38:52.261+0000] {logging_mixin.py:188} INFO - [2026-02-28T09:38:52.261+0000] {dag.py:3089} INFO - Sync 1 DAGs
[2026-02-28T09:38:52.280+0000] {logging_mixin.py:188} INFO - [2026-02-28T09:38:52.280+0000] {dag.py:3947} INFO - Setting next_dagrun for oltp_s3_dwh to 2026-02-01 00:00:00+00:00, run_after=2026-03-01 00:00:00+00:00
[2026-02-28T09:38:52.306+0000] {processor.py:183} INFO - Processing /opt/airflow/dags/oltp_s3_dwh.py took 0.480 seconds
[2026-02-28T09:39:23.392+0000] {processor.py:161} INFO - Started process (PID=328) to work on /opt/airflow/dags/oltp_s3_dwh.py
[2026-02-28T09:39:23.398+0000] {processor.py:830} INFO - Processing file /opt/airflow/dags/oltp_s3_dwh.py for tasks to queue
[2026-02-28T09:39:23.403+0000] {logging_mixin.py:188} INFO - [2026-02-28T09:39:23.402+0000] {dagbag.py:545} INFO - Filling up the DagBag from /opt/airflow/dags/oltp_s3_dwh.py
[2026-02-28T09:39:24.511+0000] {processor.py:840} INFO - DAG(s) 'oltp_s3_dwh' retrieved from /opt/airflow/dags/oltp_s3_dwh.py
[2026-02-28T09:39:24.588+0000] {logging_mixin.py:188} INFO - [2026-02-28T09:39:24.588+0000] {dag.py:3089} INFO - Sync 1 DAGs
[2026-02-28T09:39:24.634+0000] {logging_mixin.py:188} INFO - [2026-02-28T09:39:24.634+0000] {dag.py:3947} INFO - Setting next_dagrun for oltp_s3_dwh to 2026-02-01 00:00:00+00:00, run_after=2026-03-01 00:00:00+00:00
[2026-02-28T09:39:24.664+0000] {processor.py:183} INFO - Processing /opt/airflow/dags/oltp_s3_dwh.py took 1.279 seconds
[2026-02-28T09:39:54.791+0000] {processor.py:161} INFO - Started process (PID=366) to work on /opt/airflow/dags/oltp_s3_dwh.py
[2026-02-28T09:39:54.792+0000] {processor.py:830} INFO - Processing file /opt/airflow/dags/oltp_s3_dwh.py for tasks to queue
[2026-02-28T09:39:54.794+0000] {logging_mixin.py:188} INFO - [2026-02-28T09:39:54.794+0000] {dagbag.py:545} INFO - Filling up the DagBag from /opt/airflow/dags/oltp_s3_dwh.py
[2026-02-28T09:39:55.214+0000] {processor.py:840} INFO - DAG(s) 'oltp_s3_dwh' retrieved from /opt/airflow/dags/oltp_s3_dwh.py
[2026-02-28T09:39:55.236+0000] {logging_mixin.py:188} INFO - [2026-02-28T09:39:55.236+0000] {dag.py:3089} INFO - Sync 1 DAGs
[2026-02-28T09:39:55.254+0000] {logging_mixin.py:188} INFO - [2026-02-28T09:39:55.254+0000] {dag.py:3947} INFO - Setting next_dagrun for oltp_s3_dwh to 2026-02-01 00:00:00+00:00, run_after=2026-03-01 00:00:00+00:00
[2026-02-28T09:39:55.275+0000] {processor.py:183} INFO - Processing /opt/airflow/dags/oltp_s3_dwh.py took 0.490 seconds
[2026-02-28T09:40:25.386+0000] {processor.py:161} INFO - Started process (PID=398) to work on /opt/airflow/dags/oltp_s3_dwh.py
[2026-02-28T09:40:25.387+0000] {processor.py:830} INFO - Processing file /opt/airflow/dags/oltp_s3_dwh.py for tasks to queue
[2026-02-28T09:40:25.389+0000] {logging_mixin.py:188} INFO - [2026-02-28T09:40:25.389+0000] {dagbag.py:545} INFO - Filling up the DagBag from /opt/airflow/dags/oltp_s3_dwh.py
[2026-02-28T09:40:25.826+0000] {processor.py:840} INFO - DAG(s) 'oltp_s3_dwh' retrieved from /opt/airflow/dags/oltp_s3_dwh.py
[2026-02-28T09:40:25.848+0000] {logging_mixin.py:188} INFO - [2026-02-28T09:40:25.848+0000] {dag.py:3089} INFO - Sync 1 DAGs
[2026-02-28T09:40:25.866+0000] {logging_mixin.py:188} INFO - [2026-02-28T09:40:25.865+0000] {dag.py:3947} INFO - Setting next_dagrun for oltp_s3_dwh to 2026-02-01 00:00:00+00:00, run_after=2026-03-01 00:00:00+00:00
[2026-02-28T09:40:25.884+0000] {processor.py:183} INFO - Processing /opt/airflow/dags/oltp_s3_dwh.py took 0.504 seconds
[2026-02-28T09:40:55.970+0000] {processor.py:161} INFO - Started process (PID=437) to work on /opt/airflow/dags/oltp_s3_dwh.py
[2026-02-28T09:40:55.972+0000] {processor.py:830} INFO - Processing file /opt/airflow/dags/oltp_s3_dwh.py for tasks to queue
[2026-02-28T09:40:55.974+0000] {logging_mixin.py:188} INFO - [2026-02-28T09:40:55.974+0000] {dagbag.py:545} INFO - Filling up the DagBag from /opt/airflow/dags/oltp_s3_dwh.py
[2026-02-28T09:40:56.471+0000] {processor.py:840} INFO - DAG(s) 'oltp_s3_dwh' retrieved from /opt/airflow/dags/oltp_s3_dwh.py
[2026-02-28T09:40:56.499+0000] {logging_mixin.py:188} INFO - [2026-02-28T09:40:56.498+0000] {dag.py:3089} INFO - Sync 1 DAGs
[2026-02-28T09:40:56.524+0000] {logging_mixin.py:188} INFO - [2026-02-28T09:40:56.523+0000] {dag.py:3947} INFO - Setting next_dagrun for oltp_s3_dwh to 2026-02-01 00:00:00+00:00, run_after=2026-03-01 00:00:00+00:00
[2026-02-28T09:40:56.547+0000] {processor.py:183} INFO - Processing /opt/airflow/dags/oltp_s3_dwh.py took 0.584 seconds
[2026-02-28T09:41:26.748+0000] {processor.py:161} INFO - Started process (PID=468) to work on /opt/airflow/dags/oltp_s3_dwh.py
[2026-02-28T09:41:26.749+0000] {processor.py:830} INFO - Processing file /opt/airflow/dags/oltp_s3_dwh.py for tasks to queue
[2026-02-28T09:41:26.752+0000] {logging_mixin.py:188} INFO - [2026-02-28T09:41:26.751+0000] {dagbag.py:545} INFO - Filling up the DagBag from /opt/airflow/dags/oltp_s3_dwh.py
[2026-02-28T09:41:27.239+0000] {processor.py:840} INFO - DAG(s) 'oltp_s3_dwh' retrieved from /opt/airflow/dags/oltp_s3_dwh.py
[2026-02-28T09:41:27.266+0000] {logging_mixin.py:188} INFO - [2026-02-28T09:41:27.266+0000] {dag.py:3089} INFO - Sync 1 DAGs
[2026-02-28T09:41:27.285+0000] {logging_mixin.py:188} INFO - [2026-02-28T09:41:27.285+0000] {dag.py:3947} INFO - Setting next_dagrun for oltp_s3_dwh to 2026-02-01 00:00:00+00:00, run_after=2026-03-01 00:00:00+00:00
[2026-02-28T09:41:27.309+0000] {processor.py:183} INFO - Processing /opt/airflow/dags/oltp_s3_dwh.py took 0.568 seconds
[2026-02-28T09:41:57.626+0000] {processor.py:161} INFO - Started process (PID=499) to work on /opt/airflow/dags/oltp_s3_dwh.py
[2026-02-28T09:41:57.628+0000] {processor.py:830} INFO - Processing file /opt/airflow/dags/oltp_s3_dwh.py for tasks to queue
[2026-02-28T09:41:57.630+0000] {logging_mixin.py:188} INFO - [2026-02-28T09:41:57.630+0000] {dagbag.py:545} INFO - Filling up the DagBag from /opt/airflow/dags/oltp_s3_dwh.py
[2026-02-28T09:41:58.127+0000] {processor.py:840} INFO - DAG(s) 'oltp_s3_dwh' retrieved from /opt/airflow/dags/oltp_s3_dwh.py
[2026-02-28T09:41:58.152+0000] {logging_mixin.py:188} INFO - [2026-02-28T09:41:58.151+0000] {dag.py:3089} INFO - Sync 1 DAGs
[2026-02-28T09:41:58.174+0000] {logging_mixin.py:188} INFO - [2026-02-28T09:41:58.173+0000] {dag.py:3947} INFO - Setting next_dagrun for oltp_s3_dwh to 2026-02-01 00:00:00+00:00, run_after=2026-03-01 00:00:00+00:00
[2026-02-28T09:41:58.197+0000] {processor.py:183} INFO - Processing /opt/airflow/dags/oltp_s3_dwh.py took 0.577 seconds
[2026-02-28T09:42:28.342+0000] {processor.py:161} INFO - Started process (PID=536) to work on /opt/airflow/dags/oltp_s3_dwh.py
[2026-02-28T09:42:28.344+0000] {processor.py:830} INFO - Processing file /opt/airflow/dags/oltp_s3_dwh.py for tasks to queue
[2026-02-28T09:42:28.346+0000] {logging_mixin.py:188} INFO - [2026-02-28T09:42:28.345+0000] {dagbag.py:545} INFO - Filling up the DagBag from /opt/airflow/dags/oltp_s3_dwh.py
[2026-02-28T09:42:28.846+0000] {processor.py:840} INFO - DAG(s) 'oltp_s3_dwh' retrieved from /opt/airflow/dags/oltp_s3_dwh.py
[2026-02-28T09:42:28.870+0000] {logging_mixin.py:188} INFO - [2026-02-28T09:42:28.869+0000] {dag.py:3089} INFO - Sync 1 DAGs
[2026-02-28T09:42:28.888+0000] {logging_mixin.py:188} INFO - [2026-02-28T09:42:28.888+0000] {dag.py:3947} INFO - Setting next_dagrun for oltp_s3_dwh to 2026-02-01 00:00:00+00:00, run_after=2026-03-01 00:00:00+00:00
[2026-02-28T09:42:28.910+0000] {processor.py:183} INFO - Processing /opt/airflow/dags/oltp_s3_dwh.py took 0.574 seconds
[2026-02-28T09:42:58.989+0000] {processor.py:161} INFO - Started process (PID=567) to work on /opt/airflow/dags/oltp_s3_dwh.py
[2026-02-28T09:42:58.991+0000] {processor.py:830} INFO - Processing file /opt/airflow/dags/oltp_s3_dwh.py for tasks to queue
[2026-02-28T09:42:58.993+0000] {logging_mixin.py:188} INFO - [2026-02-28T09:42:58.993+0000] {dagbag.py:545} INFO - Filling up the DagBag from /opt/airflow/dags/oltp_s3_dwh.py
[2026-02-28T09:42:59.423+0000] {processor.py:840} INFO - DAG(s) 'oltp_s3_dwh' retrieved from /opt/airflow/dags/oltp_s3_dwh.py
[2026-02-28T09:42:59.445+0000] {logging_mixin.py:188} INFO - [2026-02-28T09:42:59.444+0000] {dag.py:3089} INFO - Sync 1 DAGs
[2026-02-28T09:42:59.469+0000] {logging_mixin.py:188} INFO - [2026-02-28T09:42:59.468+0000] {dag.py:3947} INFO - Setting next_dagrun for oltp_s3_dwh to 2026-02-01 00:00:00+00:00, run_after=2026-03-01 00:00:00+00:00
[2026-02-28T09:42:59.488+0000] {processor.py:183} INFO - Processing /opt/airflow/dags/oltp_s3_dwh.py took 0.505 seconds
[2026-02-28T09:43:29.638+0000] {processor.py:161} INFO - Started process (PID=604) to work on /opt/airflow/dags/oltp_s3_dwh.py
[2026-02-28T09:43:29.640+0000] {processor.py:830} INFO - Processing file /opt/airflow/dags/oltp_s3_dwh.py for tasks to queue
[2026-02-28T09:43:29.643+0000] {logging_mixin.py:188} INFO - [2026-02-28T09:43:29.642+0000] {dagbag.py:545} INFO - Filling up the DagBag from /opt/airflow/dags/oltp_s3_dwh.py
[2026-02-28T09:43:30.104+0000] {processor.py:840} INFO - DAG(s) 'oltp_s3_dwh' retrieved from /opt/airflow/dags/oltp_s3_dwh.py
[2026-02-28T09:43:30.129+0000] {logging_mixin.py:188} INFO - [2026-02-28T09:43:30.128+0000] {dag.py:3089} INFO - Sync 1 DAGs
[2026-02-28T09:43:30.151+0000] {logging_mixin.py:188} INFO - [2026-02-28T09:43:30.151+0000] {dag.py:3947} INFO - Setting next_dagrun for oltp_s3_dwh to 2026-02-01 00:00:00+00:00, run_after=2026-03-01 00:00:00+00:00
[2026-02-28T09:43:30.170+0000] {processor.py:183} INFO - Processing /opt/airflow/dags/oltp_s3_dwh.py took 0.540 seconds
[2026-02-28T09:44:00.255+0000] {processor.py:161} INFO - Started process (PID=634) to work on /opt/airflow/dags/oltp_s3_dwh.py
[2026-02-28T09:44:00.256+0000] {processor.py:830} INFO - Processing file /opt/airflow/dags/oltp_s3_dwh.py for tasks to queue
[2026-02-28T09:44:00.258+0000] {logging_mixin.py:188} INFO - [2026-02-28T09:44:00.258+0000] {dagbag.py:545} INFO - Filling up the DagBag from /opt/airflow/dags/oltp_s3_dwh.py
[2026-02-28T09:44:00.685+0000] {processor.py:840} INFO - DAG(s) 'oltp_s3_dwh' retrieved from /opt/airflow/dags/oltp_s3_dwh.py
[2026-02-28T09:44:00.708+0000] {logging_mixin.py:188} INFO - [2026-02-28T09:44:00.707+0000] {dag.py:3089} INFO - Sync 1 DAGs
[2026-02-28T09:44:00.726+0000] {logging_mixin.py:188} INFO - [2026-02-28T09:44:00.725+0000] {dag.py:3947} INFO - Setting next_dagrun for oltp_s3_dwh to 2026-02-01 00:00:00+00:00, run_after=2026-03-01 00:00:00+00:00
[2026-02-28T09:44:00.744+0000] {processor.py:183} INFO - Processing /opt/airflow/dags/oltp_s3_dwh.py took 0.495 seconds
[2026-02-28T09:44:30.910+0000] {processor.py:161} INFO - Started process (PID=665) to work on /opt/airflow/dags/oltp_s3_dwh.py
[2026-02-28T09:44:30.911+0000] {processor.py:830} INFO - Processing file /opt/airflow/dags/oltp_s3_dwh.py for tasks to queue
[2026-02-28T09:44:30.914+0000] {logging_mixin.py:188} INFO - [2026-02-28T09:44:30.913+0000] {dagbag.py:545} INFO - Filling up the DagBag from /opt/airflow/dags/oltp_s3_dwh.py
[2026-02-28T09:44:31.423+0000] {processor.py:840} INFO - DAG(s) 'oltp_s3_dwh' retrieved from /opt/airflow/dags/oltp_s3_dwh.py
[2026-02-28T09:44:31.452+0000] {logging_mixin.py:188} INFO - [2026-02-28T09:44:31.452+0000] {dag.py:3089} INFO - Sync 1 DAGs
[2026-02-28T09:44:31.475+0000] {logging_mixin.py:188} INFO - [2026-02-28T09:44:31.475+0000] {dag.py:3947} INFO - Setting next_dagrun for oltp_s3_dwh to 2026-02-01 00:00:00+00:00, run_after=2026-03-01 00:00:00+00:00
[2026-02-28T09:44:31.502+0000] {processor.py:183} INFO - Processing /opt/airflow/dags/oltp_s3_dwh.py took 0.600 seconds
[2026-02-28T09:45:01.878+0000] {processor.py:161} INFO - Started process (PID=703) to work on /opt/airflow/dags/oltp_s3_dwh.py
[2026-02-28T09:45:01.879+0000] {processor.py:830} INFO - Processing file /opt/airflow/dags/oltp_s3_dwh.py for tasks to queue
[2026-02-28T09:45:01.882+0000] {logging_mixin.py:188} INFO - [2026-02-28T09:45:01.881+0000] {dagbag.py:545} INFO - Filling up the DagBag from /opt/airflow/dags/oltp_s3_dwh.py
[2026-02-28T09:45:02.418+0000] {processor.py:840} INFO - DAG(s) 'oltp_s3_dwh' retrieved from /opt/airflow/dags/oltp_s3_dwh.py
[2026-02-28T09:45:02.445+0000] {logging_mixin.py:188} INFO - [2026-02-28T09:45:02.445+0000] {dag.py:3089} INFO - Sync 1 DAGs
[2026-02-28T09:45:02.469+0000] {logging_mixin.py:188} INFO - [2026-02-28T09:45:02.469+0000] {dag.py:3947} INFO - Setting next_dagrun for oltp_s3_dwh to 2026-02-01 00:00:00+00:00, run_after=2026-03-01 00:00:00+00:00
[2026-02-28T09:45:02.494+0000] {processor.py:183} INFO - Processing /opt/airflow/dags/oltp_s3_dwh.py took 0.623 seconds
[2026-02-28T09:45:32.778+0000] {processor.py:161} INFO - Started process (PID=734) to work on /opt/airflow/dags/oltp_s3_dwh.py
[2026-02-28T09:45:32.779+0000] {processor.py:830} INFO - Processing file /opt/airflow/dags/oltp_s3_dwh.py for tasks to queue
[2026-02-28T09:45:32.782+0000] {logging_mixin.py:188} INFO - [2026-02-28T09:45:32.782+0000] {dagbag.py:545} INFO - Filling up the DagBag from /opt/airflow/dags/oltp_s3_dwh.py
[2026-02-28T09:45:33.686+0000] {processor.py:840} INFO - DAG(s) 'oltp_s3_dwh' retrieved from /opt/airflow/dags/oltp_s3_dwh.py
[2026-02-28T09:45:33.751+0000] {logging_mixin.py:188} INFO - [2026-02-28T09:45:33.751+0000] {dag.py:3089} INFO - Sync 1 DAGs
[2026-02-28T09:45:33.807+0000] {logging_mixin.py:188} INFO - [2026-02-28T09:45:33.807+0000] {dag.py:3947} INFO - Setting next_dagrun for oltp_s3_dwh to 2026-02-01 00:00:00+00:00, run_after=2026-03-01 00:00:00+00:00
[2026-02-28T09:45:33.878+0000] {processor.py:183} INFO - Processing /opt/airflow/dags/oltp_s3_dwh.py took 1.107 seconds
[2026-02-28T09:46:04.804+0000] {processor.py:161} INFO - Started process (PID=763) to work on /opt/airflow/dags/oltp_s3_dwh.py
[2026-02-28T09:46:04.806+0000] {processor.py:830} INFO - Processing file /opt/airflow/dags/oltp_s3_dwh.py for tasks to queue
[2026-02-28T09:46:04.808+0000] {logging_mixin.py:188} INFO - [2026-02-28T09:46:04.808+0000] {dagbag.py:545} INFO - Filling up the DagBag from /opt/airflow/dags/oltp_s3_dwh.py
[2026-02-28T09:46:05.346+0000] {processor.py:840} INFO - DAG(s) 'oltp_s3_dwh' retrieved from /opt/airflow/dags/oltp_s3_dwh.py
[2026-02-28T09:46:05.372+0000] {logging_mixin.py:188} INFO - [2026-02-28T09:46:05.372+0000] {dag.py:3089} INFO - Sync 1 DAGs
[2026-02-28T09:46:05.397+0000] {logging_mixin.py:188} INFO - [2026-02-28T09:46:05.397+0000] {dag.py:3947} INFO - Setting next_dagrun for oltp_s3_dwh to 2026-02-01 00:00:00+00:00, run_after=2026-03-01 00:00:00+00:00
[2026-02-28T09:46:05.427+0000] {processor.py:183} INFO - Processing /opt/airflow/dags/oltp_s3_dwh.py took 0.630 seconds
[2026-02-28T09:46:36.297+0000] {processor.py:161} INFO - Started process (PID=800) to work on /opt/airflow/dags/oltp_s3_dwh.py
[2026-02-28T09:46:36.299+0000] {processor.py:830} INFO - Processing file /opt/airflow/dags/oltp_s3_dwh.py for tasks to queue
[2026-02-28T09:46:36.302+0000] {logging_mixin.py:188} INFO - [2026-02-28T09:46:36.301+0000] {dagbag.py:545} INFO - Filling up the DagBag from /opt/airflow/dags/oltp_s3_dwh.py
[2026-02-28T09:46:36.927+0000] {processor.py:840} INFO - DAG(s) 'oltp_s3_dwh' retrieved from /opt/airflow/dags/oltp_s3_dwh.py
[2026-02-28T09:46:36.960+0000] {logging_mixin.py:188} INFO - [2026-02-28T09:46:36.960+0000] {dag.py:3089} INFO - Sync 1 DAGs
[2026-02-28T09:46:36.989+0000] {logging_mixin.py:188} INFO - [2026-02-28T09:46:36.989+0000] {dag.py:3947} INFO - Setting next_dagrun for oltp_s3_dwh to 2026-02-01 00:00:00+00:00, run_after=2026-03-01 00:00:00+00:00
[2026-02-28T09:46:37.017+0000] {processor.py:183} INFO - Processing /opt/airflow/dags/oltp_s3_dwh.py took 0.727 seconds
[2026-02-28T09:47:07.397+0000] {processor.py:161} INFO - Started process (PID=831) to work on /opt/airflow/dags/oltp_s3_dwh.py
[2026-02-28T09:47:07.401+0000] {processor.py:830} INFO - Processing file /opt/airflow/dags/oltp_s3_dwh.py for tasks to queue
[2026-02-28T09:47:07.405+0000] {logging_mixin.py:188} INFO - [2026-02-28T09:47:07.405+0000] {dagbag.py:545} INFO - Filling up the DagBag from /opt/airflow/dags/oltp_s3_dwh.py
[2026-02-28T09:47:08.213+0000] {processor.py:840} INFO - DAG(s) 'oltp_s3_dwh' retrieved from /opt/airflow/dags/oltp_s3_dwh.py
[2026-02-28T09:47:08.241+0000] {logging_mixin.py:188} INFO - [2026-02-28T09:47:08.240+0000] {dag.py:3089} INFO - Sync 1 DAGs
[2026-02-28T09:47:08.264+0000] {logging_mixin.py:188} INFO - [2026-02-28T09:47:08.263+0000] {dag.py:3947} INFO - Setting next_dagrun for oltp_s3_dwh to 2026-02-01 00:00:00+00:00, run_after=2026-03-01 00:00:00+00:00
[2026-02-28T09:47:08.289+0000] {processor.py:183} INFO - Processing /opt/airflow/dags/oltp_s3_dwh.py took 0.898 seconds
[2026-02-28T09:47:38.946+0000] {processor.py:161} INFO - Started process (PID=862) to work on /opt/airflow/dags/oltp_s3_dwh.py
[2026-02-28T09:47:38.948+0000] {processor.py:830} INFO - Processing file /opt/airflow/dags/oltp_s3_dwh.py for tasks to queue
[2026-02-28T09:47:38.951+0000] {logging_mixin.py:188} INFO - [2026-02-28T09:47:38.950+0000] {dagbag.py:545} INFO - Filling up the DagBag from /opt/airflow/dags/oltp_s3_dwh.py
[2026-02-28T09:47:39.463+0000] {processor.py:840} INFO - DAG(s) 'oltp_s3_dwh' retrieved from /opt/airflow/dags/oltp_s3_dwh.py
[2026-02-28T09:47:39.508+0000] {logging_mixin.py:188} INFO - [2026-02-28T09:47:39.508+0000] {dag.py:3089} INFO - Sync 1 DAGs
[2026-02-28T09:47:39.529+0000] {logging_mixin.py:188} INFO - [2026-02-28T09:47:39.529+0000] {dag.py:3947} INFO - Setting next_dagrun for oltp_s3_dwh to 2026-02-01 00:00:00+00:00, run_after=2026-03-01 00:00:00+00:00
[2026-02-28T09:47:39.551+0000] {processor.py:183} INFO - Processing /opt/airflow/dags/oltp_s3_dwh.py took 0.611 seconds
[2026-02-28T09:48:09.731+0000] {processor.py:161} INFO - Started process (PID=901) to work on /opt/airflow/dags/oltp_s3_dwh.py
[2026-02-28T09:48:09.733+0000] {processor.py:830} INFO - Processing file /opt/airflow/dags/oltp_s3_dwh.py for tasks to queue
[2026-02-28T09:48:09.735+0000] {logging_mixin.py:188} INFO - [2026-02-28T09:48:09.735+0000] {dagbag.py:545} INFO - Filling up the DagBag from /opt/airflow/dags/oltp_s3_dwh.py
[2026-02-28T09:48:10.219+0000] {processor.py:840} INFO - DAG(s) 'oltp_s3_dwh' retrieved from /opt/airflow/dags/oltp_s3_dwh.py
[2026-02-28T09:48:10.245+0000] {logging_mixin.py:188} INFO - [2026-02-28T09:48:10.244+0000] {dag.py:3089} INFO - Sync 1 DAGs
[2026-02-28T09:48:10.266+0000] {logging_mixin.py:188} INFO - [2026-02-28T09:48:10.266+0000] {dag.py:3947} INFO - Setting next_dagrun for oltp_s3_dwh to 2026-02-01 00:00:00+00:00, run_after=2026-03-01 00:00:00+00:00
[2026-02-28T09:48:10.286+0000] {processor.py:183} INFO - Processing /opt/airflow/dags/oltp_s3_dwh.py took 0.560 seconds
[2026-02-28T09:48:40.517+0000] {processor.py:161} INFO - Started process (PID=933) to work on /opt/airflow/dags/oltp_s3_dwh.py
[2026-02-28T09:48:40.518+0000] {processor.py:830} INFO - Processing file /opt/airflow/dags/oltp_s3_dwh.py for tasks to queue
[2026-02-28T09:48:40.520+0000] {logging_mixin.py:188} INFO - [2026-02-28T09:48:40.520+0000] {dagbag.py:545} INFO - Filling up the DagBag from /opt/airflow/dags/oltp_s3_dwh.py
[2026-02-28T09:48:40.973+0000] {processor.py:840} INFO - DAG(s) 'oltp_s3_dwh' retrieved from /opt/airflow/dags/oltp_s3_dwh.py
[2026-02-28T09:48:41.000+0000] {logging_mixin.py:188} INFO - [2026-02-28T09:48:40.999+0000] {dag.py:3089} INFO - Sync 1 DAGs
[2026-02-28T09:48:41.022+0000] {logging_mixin.py:188} INFO - [2026-02-28T09:48:41.022+0000] {dag.py:3947} INFO - Setting next_dagrun for oltp_s3_dwh to 2026-02-01 00:00:00+00:00, run_after=2026-03-01 00:00:00+00:00
[2026-02-28T09:48:41.045+0000] {processor.py:183} INFO - Processing /opt/airflow/dags/oltp_s3_dwh.py took 0.534 seconds
[2026-02-28T09:49:11.214+0000] {processor.py:161} INFO - Started process (PID=964) to work on /opt/airflow/dags/oltp_s3_dwh.py
[2026-02-28T09:49:11.216+0000] {processor.py:830} INFO - Processing file /opt/airflow/dags/oltp_s3_dwh.py for tasks to queue
[2026-02-28T09:49:11.219+0000] {logging_mixin.py:188} INFO - [2026-02-28T09:49:11.218+0000] {dagbag.py:545} INFO - Filling up the DagBag from /opt/airflow/dags/oltp_s3_dwh.py
[2026-02-28T09:49:11.706+0000] {processor.py:840} INFO - DAG(s) 'oltp_s3_dwh' retrieved from /opt/airflow/dags/oltp_s3_dwh.py
[2026-02-28T09:49:11.734+0000] {logging_mixin.py:188} INFO - [2026-02-28T09:49:11.733+0000] {dag.py:3089} INFO - Sync 1 DAGs
[2026-02-28T09:49:11.760+0000] {logging_mixin.py:188} INFO - [2026-02-28T09:49:11.759+0000] {dag.py:3947} INFO - Setting next_dagrun for oltp_s3_dwh to 2026-02-01 00:00:00+00:00, run_after=2026-03-01 00:00:00+00:00
[2026-02-28T09:49:11.785+0000] {processor.py:183} INFO - Processing /opt/airflow/dags/oltp_s3_dwh.py took 0.578 seconds
[2026-02-28T09:49:42.728+0000] {processor.py:161} INFO - Started process (PID=1002) to work on /opt/airflow/dags/oltp_s3_dwh.py
[2026-02-28T09:49:42.731+0000] {processor.py:830} INFO - Processing file /opt/airflow/dags/oltp_s3_dwh.py for tasks to queue
[2026-02-28T09:49:42.736+0000] {logging_mixin.py:188} INFO - [2026-02-28T09:49:42.735+0000] {dagbag.py:545} INFO - Filling up the DagBag from /opt/airflow/dags/oltp_s3_dwh.py
[2026-02-28T09:49:43.259+0000] {processor.py:840} INFO - DAG(s) 'oltp_s3_dwh' retrieved from /opt/airflow/dags/oltp_s3_dwh.py
[2026-02-28T09:49:43.289+0000] {logging_mixin.py:188} INFO - [2026-02-28T09:49:43.288+0000] {dag.py:3089} INFO - Sync 1 DAGs
[2026-02-28T09:49:43.312+0000] {logging_mixin.py:188} INFO - [2026-02-28T09:49:43.312+0000] {dag.py:3947} INFO - Setting next_dagrun for oltp_s3_dwh to 2026-02-01 00:00:00+00:00, run_after=2026-03-01 00:00:00+00:00
[2026-02-28T09:49:43.334+0000] {processor.py:183} INFO - Processing /opt/airflow/dags/oltp_s3_dwh.py took 0.612 seconds
[2026-02-28T09:50:13.513+0000] {processor.py:161} INFO - Started process (PID=1033) to work on /opt/airflow/dags/oltp_s3_dwh.py
[2026-02-28T09:50:13.515+0000] {processor.py:830} INFO - Processing file /opt/airflow/dags/oltp_s3_dwh.py for tasks to queue
[2026-02-28T09:50:13.518+0000] {logging_mixin.py:188} INFO - [2026-02-28T09:50:13.517+0000] {dagbag.py:545} INFO - Filling up the DagBag from /opt/airflow/dags/oltp_s3_dwh.py
[2026-02-28T09:50:14.022+0000] {processor.py:840} INFO - DAG(s) 'oltp_s3_dwh' retrieved from /opt/airflow/dags/oltp_s3_dwh.py
[2026-02-28T09:50:14.073+0000] {logging_mixin.py:188} INFO - [2026-02-28T09:50:14.072+0000] {dag.py:3089} INFO - Sync 1 DAGs
[2026-02-28T09:50:14.132+0000] {logging_mixin.py:188} INFO - [2026-02-28T09:50:14.131+0000] {dag.py:3947} INFO - Setting next_dagrun for oltp_s3_dwh to 2026-02-01 00:00:00+00:00, run_after=2026-03-01 00:00:00+00:00
[2026-02-28T09:50:14.292+0000] {processor.py:183} INFO - Processing /opt/airflow/dags/oltp_s3_dwh.py took 0.790 seconds
[2026-02-28T09:50:44.738+0000] {processor.py:161} INFO - Started process (PID=1064) to work on /opt/airflow/dags/oltp_s3_dwh.py
[2026-02-28T09:50:44.739+0000] {processor.py:830} INFO - Processing file /opt/airflow/dags/oltp_s3_dwh.py for tasks to queue
[2026-02-28T09:50:44.742+0000] {logging_mixin.py:188} INFO - [2026-02-28T09:50:44.741+0000] {dagbag.py:545} INFO - Filling up the DagBag from /opt/airflow/dags/oltp_s3_dwh.py
[2026-02-28T09:50:45.170+0000] {processor.py:840} INFO - DAG(s) 'oltp_s3_dwh' retrieved from /opt/airflow/dags/oltp_s3_dwh.py
[2026-02-28T09:50:45.196+0000] {logging_mixin.py:188} INFO - [2026-02-28T09:50:45.195+0000] {dag.py:3089} INFO - Sync 1 DAGs
[2026-02-28T09:50:45.217+0000] {logging_mixin.py:188} INFO - [2026-02-28T09:50:45.217+0000] {dag.py:3947} INFO - Setting next_dagrun for oltp_s3_dwh to 2026-02-01 00:00:00+00:00, run_after=2026-03-01 00:00:00+00:00
[2026-02-28T09:50:45.236+0000] {processor.py:183} INFO - Processing /opt/airflow/dags/oltp_s3_dwh.py took 0.504 seconds
[2026-02-28T09:51:15.460+0000] {processor.py:161} INFO - Started process (PID=1103) to work on /opt/airflow/dags/oltp_s3_dwh.py
[2026-02-28T09:51:15.464+0000] {processor.py:830} INFO - Processing file /opt/airflow/dags/oltp_s3_dwh.py for tasks to queue
[2026-02-28T09:51:15.468+0000] {logging_mixin.py:188} INFO - [2026-02-28T09:51:15.468+0000] {dagbag.py:545} INFO - Filling up the DagBag from /opt/airflow/dags/oltp_s3_dwh.py
[2026-02-28T09:51:16.112+0000] {processor.py:840} INFO - DAG(s) 'oltp_s3_dwh' retrieved from /opt/airflow/dags/oltp_s3_dwh.py
[2026-02-28T09:51:16.135+0000] {logging_mixin.py:188} INFO - [2026-02-28T09:51:16.134+0000] {dag.py:3089} INFO - Sync 1 DAGs
[2026-02-28T09:51:16.155+0000] {logging_mixin.py:188} INFO - [2026-02-28T09:51:16.155+0000] {dag.py:3947} INFO - Setting next_dagrun for oltp_s3_dwh to 2026-02-01 00:00:00+00:00, run_after=2026-03-01 00:00:00+00:00
[2026-02-28T09:51:16.174+0000] {processor.py:183} INFO - Processing /opt/airflow/dags/oltp_s3_dwh.py took 0.725 seconds
[2026-02-28T09:51:46.590+0000] {processor.py:161} INFO - Started process (PID=1134) to work on /opt/airflow/dags/oltp_s3_dwh.py
[2026-02-28T09:51:46.592+0000] {processor.py:830} INFO - Processing file /opt/airflow/dags/oltp_s3_dwh.py for tasks to queue
[2026-02-28T09:51:46.594+0000] {logging_mixin.py:188} INFO - [2026-02-28T09:51:46.593+0000] {dagbag.py:545} INFO - Filling up the DagBag from /opt/airflow/dags/oltp_s3_dwh.py
[2026-02-28T09:51:47.077+0000] {processor.py:840} INFO - DAG(s) 'oltp_s3_dwh' retrieved from /opt/airflow/dags/oltp_s3_dwh.py
[2026-02-28T09:51:47.110+0000] {logging_mixin.py:188} INFO - [2026-02-28T09:51:47.110+0000] {dag.py:3089} INFO - Sync 1 DAGs
[2026-02-28T09:51:47.134+0000] {logging_mixin.py:188} INFO - [2026-02-28T09:51:47.133+0000] {dag.py:3947} INFO - Setting next_dagrun for oltp_s3_dwh to 2026-02-01 00:00:00+00:00, run_after=2026-03-01 00:00:00+00:00
[2026-02-28T09:51:47.157+0000] {processor.py:183} INFO - Processing /opt/airflow/dags/oltp_s3_dwh.py took 0.573 seconds
[2026-02-28T09:52:17.665+0000] {processor.py:161} INFO - Started process (PID=1171) to work on /opt/airflow/dags/oltp_s3_dwh.py
[2026-02-28T09:52:17.666+0000] {processor.py:830} INFO - Processing file /opt/airflow/dags/oltp_s3_dwh.py for tasks to queue
[2026-02-28T09:52:17.668+0000] {logging_mixin.py:188} INFO - [2026-02-28T09:52:17.668+0000] {dagbag.py:545} INFO - Filling up the DagBag from /opt/airflow/dags/oltp_s3_dwh.py
[2026-02-28T09:52:18.115+0000] {processor.py:840} INFO - DAG(s) 'oltp_s3_dwh' retrieved from /opt/airflow/dags/oltp_s3_dwh.py
[2026-02-28T09:52:18.137+0000] {logging_mixin.py:188} INFO - [2026-02-28T09:52:18.137+0000] {dag.py:3089} INFO - Sync 1 DAGs
[2026-02-28T09:52:18.157+0000] {logging_mixin.py:188} INFO - [2026-02-28T09:52:18.156+0000] {dag.py:3947} INFO - Setting next_dagrun for oltp_s3_dwh to 2026-02-01 00:00:00+00:00, run_after=2026-03-01 00:00:00+00:00
[2026-02-28T09:52:18.179+0000] {processor.py:183} INFO - Processing /opt/airflow/dags/oltp_s3_dwh.py took 0.520 seconds
[2026-02-28T09:52:48.333+0000] {processor.py:161} INFO - Started process (PID=1202) to work on /opt/airflow/dags/oltp_s3_dwh.py
[2026-02-28T09:52:48.334+0000] {processor.py:830} INFO - Processing file /opt/airflow/dags/oltp_s3_dwh.py for tasks to queue
[2026-02-28T09:52:48.336+0000] {logging_mixin.py:188} INFO - [2026-02-28T09:52:48.336+0000] {dagbag.py:545} INFO - Filling up the DagBag from /opt/airflow/dags/oltp_s3_dwh.py
[2026-02-28T09:52:48.870+0000] {processor.py:840} INFO - DAG(s) 'oltp_s3_dwh' retrieved from /opt/airflow/dags/oltp_s3_dwh.py
[2026-02-28T09:52:48.899+0000] {logging_mixin.py:188} INFO - [2026-02-28T09:52:48.899+0000] {dag.py:3089} INFO - Sync 1 DAGs
[2026-02-28T09:52:48.921+0000] {logging_mixin.py:188} INFO - [2026-02-28T09:52:48.921+0000] {dag.py:3947} INFO - Setting next_dagrun for oltp_s3_dwh to 2026-02-01 00:00:00+00:00, run_after=2026-03-01 00:00:00+00:00
[2026-02-28T09:52:48.946+0000] {processor.py:183} INFO - Processing /opt/airflow/dags/oltp_s3_dwh.py took 0.621 seconds
[2026-02-28T09:53:19.555+0000] {processor.py:161} INFO - Started process (PID=1234) to work on /opt/airflow/dags/oltp_s3_dwh.py
[2026-02-28T09:53:19.556+0000] {processor.py:830} INFO - Processing file /opt/airflow/dags/oltp_s3_dwh.py for tasks to queue
[2026-02-28T09:53:19.559+0000] {logging_mixin.py:188} INFO - [2026-02-28T09:53:19.559+0000] {dagbag.py:545} INFO - Filling up the DagBag from /opt/airflow/dags/oltp_s3_dwh.py
[2026-02-28T09:53:20.058+0000] {processor.py:840} INFO - DAG(s) 'oltp_s3_dwh' retrieved from /opt/airflow/dags/oltp_s3_dwh.py
[2026-02-28T09:53:20.080+0000] {logging_mixin.py:188} INFO - [2026-02-28T09:53:20.080+0000] {dag.py:3089} INFO - Sync 1 DAGs
[2026-02-28T09:53:20.100+0000] {logging_mixin.py:188} INFO - [2026-02-28T09:53:20.100+0000] {dag.py:3947} INFO - Setting next_dagrun for oltp_s3_dwh to 2026-02-01 00:00:00+00:00, run_after=2026-03-01 00:00:00+00:00
[2026-02-28T09:53:20.125+0000] {processor.py:183} INFO - Processing /opt/airflow/dags/oltp_s3_dwh.py took 0.576 seconds
[2026-02-28T09:53:50.285+0000] {processor.py:161} INFO - Started process (PID=1272) to work on /opt/airflow/dags/oltp_s3_dwh.py
[2026-02-28T09:53:50.286+0000] {processor.py:830} INFO - Processing file /opt/airflow/dags/oltp_s3_dwh.py for tasks to queue
[2026-02-28T09:53:50.289+0000] {logging_mixin.py:188} INFO - [2026-02-28T09:53:50.288+0000] {dagbag.py:545} INFO - Filling up the DagBag from /opt/airflow/dags/oltp_s3_dwh.py
[2026-02-28T09:53:50.837+0000] {processor.py:840} INFO - DAG(s) 'oltp_s3_dwh' retrieved from /opt/airflow/dags/oltp_s3_dwh.py
[2026-02-28T09:53:50.872+0000] {logging_mixin.py:188} INFO - [2026-02-28T09:53:50.871+0000] {dag.py:3089} INFO - Sync 1 DAGs
[2026-02-28T09:53:50.896+0000] {logging_mixin.py:188} INFO - [2026-02-28T09:53:50.895+0000] {dag.py:3947} INFO - Setting next_dagrun for oltp_s3_dwh to 2026-02-01 00:00:00+00:00, run_after=2026-03-01 00:00:00+00:00
[2026-02-28T09:53:50.924+0000] {processor.py:183} INFO - Processing /opt/airflow/dags/oltp_s3_dwh.py took 0.645 seconds
[2026-02-28T09:54:21.478+0000] {processor.py:161} INFO - Started process (PID=1303) to work on /opt/airflow/dags/oltp_s3_dwh.py
[2026-02-28T09:54:21.480+0000] {processor.py:830} INFO - Processing file /opt/airflow/dags/oltp_s3_dwh.py for tasks to queue
[2026-02-28T09:54:21.483+0000] {logging_mixin.py:188} INFO - [2026-02-28T09:54:21.482+0000] {dagbag.py:545} INFO - Filling up the DagBag from /opt/airflow/dags/oltp_s3_dwh.py
[2026-02-28T09:54:22.012+0000] {processor.py:840} INFO - DAG(s) 'oltp_s3_dwh' retrieved from /opt/airflow/dags/oltp_s3_dwh.py
[2026-02-28T09:54:22.049+0000] {logging_mixin.py:188} INFO - [2026-02-28T09:54:22.048+0000] {dag.py:3089} INFO - Sync 1 DAGs
[2026-02-28T09:54:22.070+0000] {logging_mixin.py:188} INFO - [2026-02-28T09:54:22.069+0000] {dag.py:3947} INFO - Setting next_dagrun for oltp_s3_dwh to 2026-02-01 00:00:00+00:00, run_after=2026-03-01 00:00:00+00:00
[2026-02-28T09:54:22.098+0000] {processor.py:183} INFO - Processing /opt/airflow/dags/oltp_s3_dwh.py took 0.627 seconds
[2026-02-28T09:54:52.566+0000] {processor.py:161} INFO - Started process (PID=1335) to work on /opt/airflow/dags/oltp_s3_dwh.py
[2026-02-28T09:54:52.567+0000] {processor.py:830} INFO - Processing file /opt/airflow/dags/oltp_s3_dwh.py for tasks to queue
[2026-02-28T09:54:52.570+0000] {logging_mixin.py:188} INFO - [2026-02-28T09:54:52.569+0000] {dagbag.py:545} INFO - Filling up the DagBag from /opt/airflow/dags/oltp_s3_dwh.py
[2026-02-28T09:54:53.206+0000] {processor.py:840} INFO - DAG(s) 'oltp_s3_dwh' retrieved from /opt/airflow/dags/oltp_s3_dwh.py
[2026-02-28T09:54:53.236+0000] {logging_mixin.py:188} INFO - [2026-02-28T09:54:53.236+0000] {dag.py:3089} INFO - Sync 1 DAGs
[2026-02-28T09:54:53.254+0000] {logging_mixin.py:188} INFO - [2026-02-28T09:54:53.254+0000] {dag.py:3947} INFO - Setting next_dagrun for oltp_s3_dwh to 2026-02-01 00:00:00+00:00, run_after=2026-03-01 00:00:00+00:00
[2026-02-28T09:54:53.281+0000] {processor.py:183} INFO - Processing /opt/airflow/dags/oltp_s3_dwh.py took 0.722 seconds
[2026-02-28T09:55:23.847+0000] {processor.py:161} INFO - Started process (PID=1373) to work on /opt/airflow/dags/oltp_s3_dwh.py
[2026-02-28T09:55:23.848+0000] {processor.py:830} INFO - Processing file /opt/airflow/dags/oltp_s3_dwh.py for tasks to queue
[2026-02-28T09:55:23.851+0000] {logging_mixin.py:188} INFO - [2026-02-28T09:55:23.850+0000] {dagbag.py:545} INFO - Filling up the DagBag from /opt/airflow/dags/oltp_s3_dwh.py
[2026-02-28T09:55:24.374+0000] {processor.py:840} INFO - DAG(s) 'oltp_s3_dwh' retrieved from /opt/airflow/dags/oltp_s3_dwh.py
[2026-02-28T09:55:24.400+0000] {logging_mixin.py:188} INFO - [2026-02-28T09:55:24.400+0000] {dag.py:3089} INFO - Sync 1 DAGs
[2026-02-28T09:55:24.423+0000] {logging_mixin.py:188} INFO - [2026-02-28T09:55:24.423+0000] {dag.py:3947} INFO - Setting next_dagrun for oltp_s3_dwh to 2026-02-01 00:00:00+00:00, run_after=2026-03-01 00:00:00+00:00
[2026-02-28T09:55:24.455+0000] {processor.py:183} INFO - Processing /opt/airflow/dags/oltp_s3_dwh.py took 0.614 seconds
[2026-02-28T09:55:55.279+0000] {processor.py:161} INFO - Started process (PID=1404) to work on /opt/airflow/dags/oltp_s3_dwh.py
[2026-02-28T09:55:55.280+0000] {processor.py:830} INFO - Processing file /opt/airflow/dags/oltp_s3_dwh.py for tasks to queue
[2026-02-28T09:55:55.283+0000] {logging_mixin.py:188} INFO - [2026-02-28T09:55:55.282+0000] {dagbag.py:545} INFO - Filling up the DagBag from /opt/airflow/dags/oltp_s3_dwh.py
[2026-02-28T09:55:55.746+0000] {processor.py:840} INFO - DAG(s) 'oltp_s3_dwh' retrieved from /opt/airflow/dags/oltp_s3_dwh.py
[2026-02-28T09:55:55.774+0000] {logging_mixin.py:188} INFO - [2026-02-28T09:55:55.773+0000] {dag.py:3089} INFO - Sync 1 DAGs
[2026-02-28T09:55:55.798+0000] {logging_mixin.py:188} INFO - [2026-02-28T09:55:55.798+0000] {dag.py:3947} INFO - Setting next_dagrun for oltp_s3_dwh to 2026-02-01 00:00:00+00:00, run_after=2026-03-01 00:00:00+00:00
[2026-02-28T09:55:55.824+0000] {processor.py:183} INFO - Processing /opt/airflow/dags/oltp_s3_dwh.py took 0.552 seconds
[2026-02-28T09:56:26.361+0000] {processor.py:161} INFO - Started process (PID=1435) to work on /opt/airflow/dags/oltp_s3_dwh.py
[2026-02-28T09:56:26.363+0000] {processor.py:830} INFO - Processing file /opt/airflow/dags/oltp_s3_dwh.py for tasks to queue
[2026-02-28T09:56:26.367+0000] {logging_mixin.py:188} INFO - [2026-02-28T09:56:26.367+0000] {dagbag.py:545} INFO - Filling up the DagBag from /opt/airflow/dags/oltp_s3_dwh.py
[2026-02-28T09:56:26.838+0000] {processor.py:840} INFO - DAG(s) 'oltp_s3_dwh' retrieved from /opt/airflow/dags/oltp_s3_dwh.py
[2026-02-28T09:56:26.871+0000] {logging_mixin.py:188} INFO - [2026-02-28T09:56:26.870+0000] {dag.py:3089} INFO - Sync 1 DAGs
[2026-02-28T09:56:26.893+0000] {logging_mixin.py:188} INFO - [2026-02-28T09:56:26.893+0000] {dag.py:3947} INFO - Setting next_dagrun for oltp_s3_dwh to 2026-02-01 00:00:00+00:00, run_after=2026-03-01 00:00:00+00:00
[2026-02-28T09:56:26.920+0000] {processor.py:183} INFO - Processing /opt/airflow/dags/oltp_s3_dwh.py took 0.566 seconds
[2026-02-28T09:56:57.007+0000] {processor.py:161} INFO - Started process (PID=1472) to work on /opt/airflow/dags/oltp_s3_dwh.py
[2026-02-28T09:56:57.009+0000] {processor.py:830} INFO - Processing file /opt/airflow/dags/oltp_s3_dwh.py for tasks to queue
[2026-02-28T09:56:57.012+0000] {logging_mixin.py:188} INFO - [2026-02-28T09:56:57.011+0000] {dagbag.py:545} INFO - Filling up the DagBag from /opt/airflow/dags/oltp_s3_dwh.py
[2026-02-28T09:56:57.632+0000] {processor.py:840} INFO - DAG(s) 'oltp_s3_dwh' retrieved from /opt/airflow/dags/oltp_s3_dwh.py
[2026-02-28T09:56:57.677+0000] {logging_mixin.py:188} INFO - [2026-02-28T09:56:57.676+0000] {dag.py:3089} INFO - Sync 1 DAGs
[2026-02-28T09:56:57.712+0000] {logging_mixin.py:188} INFO - [2026-02-28T09:56:57.711+0000] {dag.py:3947} INFO - Setting next_dagrun for oltp_s3_dwh to 2026-02-01 00:00:00+00:00, run_after=2026-03-01 00:00:00+00:00
[2026-02-28T09:56:57.767+0000] {processor.py:183} INFO - Processing /opt/airflow/dags/oltp_s3_dwh.py took 0.766 seconds
[2026-02-28T09:57:28.172+0000] {processor.py:161} INFO - Started process (PID=1503) to work on /opt/airflow/dags/oltp_s3_dwh.py
[2026-02-28T09:57:28.173+0000] {processor.py:830} INFO - Processing file /opt/airflow/dags/oltp_s3_dwh.py for tasks to queue
[2026-02-28T09:57:28.175+0000] {logging_mixin.py:188} INFO - [2026-02-28T09:57:28.175+0000] {dagbag.py:545} INFO - Filling up the DagBag from /opt/airflow/dags/oltp_s3_dwh.py
[2026-02-28T09:57:28.647+0000] {processor.py:840} INFO - DAG(s) 'oltp_s3_dwh' retrieved from /opt/airflow/dags/oltp_s3_dwh.py
[2026-02-28T09:57:28.674+0000] {logging_mixin.py:188} INFO - [2026-02-28T09:57:28.674+0000] {dag.py:3089} INFO - Sync 1 DAGs
[2026-02-28T09:57:28.693+0000] {logging_mixin.py:188} INFO - [2026-02-28T09:57:28.693+0000] {dag.py:3947} INFO - Setting next_dagrun for oltp_s3_dwh to 2026-02-01 00:00:00+00:00, run_after=2026-03-01 00:00:00+00:00
[2026-02-28T09:57:28.712+0000] {processor.py:183} INFO - Processing /opt/airflow/dags/oltp_s3_dwh.py took 0.546 seconds
[2026-02-28T09:57:59.112+0000] {processor.py:161} INFO - Started process (PID=1610) to work on /opt/airflow/dags/oltp_s3_dwh.py
[2026-02-28T09:57:59.114+0000] {processor.py:830} INFO - Processing file /opt/airflow/dags/oltp_s3_dwh.py for tasks to queue
[2026-02-28T09:57:59.116+0000] {logging_mixin.py:188} INFO - [2026-02-28T09:57:59.116+0000] {dagbag.py:545} INFO - Filling up the DagBag from /opt/airflow/dags/oltp_s3_dwh.py
[2026-02-28T09:58:00.073+0000] {processor.py:840} INFO - DAG(s) 'oltp_s3_dwh' retrieved from /opt/airflow/dags/oltp_s3_dwh.py
[2026-02-28T09:58:00.178+0000] {logging_mixin.py:188} INFO - [2026-02-28T09:58:00.177+0000] {dag.py:3089} INFO - Sync 1 DAGs
[2026-02-28T09:58:00.220+0000] {logging_mixin.py:188} INFO - [2026-02-28T09:58:00.219+0000] {dag.py:3947} INFO - Setting next_dagrun for oltp_s3_dwh to 2026-02-01 00:00:00+00:00, run_after=2026-03-01 00:00:00+00:00
[2026-02-28T09:58:00.514+0000] {processor.py:183} INFO - Processing /opt/airflow/dags/oltp_s3_dwh.py took 1.408 seconds
[2026-02-28T09:58:31.148+0000] {processor.py:161} INFO - Started process (PID=1648) to work on /opt/airflow/dags/oltp_s3_dwh.py
[2026-02-28T09:58:31.149+0000] {processor.py:830} INFO - Processing file /opt/airflow/dags/oltp_s3_dwh.py for tasks to queue
[2026-02-28T09:58:31.151+0000] {logging_mixin.py:188} INFO - [2026-02-28T09:58:31.151+0000] {dagbag.py:545} INFO - Filling up the DagBag from /opt/airflow/dags/oltp_s3_dwh.py
[2026-02-28T09:58:31.600+0000] {processor.py:840} INFO - DAG(s) 'oltp_s3_dwh' retrieved from /opt/airflow/dags/oltp_s3_dwh.py
[2026-02-28T09:58:31.627+0000] {logging_mixin.py:188} INFO - [2026-02-28T09:58:31.627+0000] {dag.py:3089} INFO - Sync 1 DAGs
[2026-02-28T09:58:31.652+0000] {logging_mixin.py:188} INFO - [2026-02-28T09:58:31.652+0000] {dag.py:3947} INFO - Setting next_dagrun for oltp_s3_dwh to 2026-02-01 00:00:00+00:00, run_after=2026-03-01 00:00:00+00:00
[2026-02-28T09:58:31.674+0000] {processor.py:183} INFO - Processing /opt/airflow/dags/oltp_s3_dwh.py took 0.533 seconds
[2026-02-28T09:59:01.898+0000] {processor.py:161} INFO - Started process (PID=1680) to work on /opt/airflow/dags/oltp_s3_dwh.py
[2026-02-28T09:59:01.900+0000] {processor.py:830} INFO - Processing file /opt/airflow/dags/oltp_s3_dwh.py for tasks to queue
[2026-02-28T09:59:01.902+0000] {logging_mixin.py:188} INFO - [2026-02-28T09:59:01.902+0000] {dagbag.py:545} INFO - Filling up the DagBag from /opt/airflow/dags/oltp_s3_dwh.py
[2026-02-28T09:59:02.356+0000] {processor.py:840} INFO - DAG(s) 'oltp_s3_dwh' retrieved from /opt/airflow/dags/oltp_s3_dwh.py
[2026-02-28T09:59:02.381+0000] {logging_mixin.py:188} INFO - [2026-02-28T09:59:02.381+0000] {dag.py:3089} INFO - Sync 1 DAGs
[2026-02-28T09:59:02.400+0000] {logging_mixin.py:188} INFO - [2026-02-28T09:59:02.399+0000] {dag.py:3947} INFO - Setting next_dagrun for oltp_s3_dwh to 2026-02-01 00:00:00+00:00, run_after=2026-03-01 00:00:00+00:00
[2026-02-28T09:59:02.424+0000] {processor.py:183} INFO - Processing /opt/airflow/dags/oltp_s3_dwh.py took 0.532 seconds
[2026-02-28T09:59:33.041+0000] {processor.py:161} INFO - Started process (PID=1712) to work on /opt/airflow/dags/oltp_s3_dwh.py
[2026-02-28T09:59:33.043+0000] {processor.py:830} INFO - Processing file /opt/airflow/dags/oltp_s3_dwh.py for tasks to queue
[2026-02-28T09:59:33.045+0000] {logging_mixin.py:188} INFO - [2026-02-28T09:59:33.044+0000] {dagbag.py:545} INFO - Filling up the DagBag from /opt/airflow/dags/oltp_s3_dwh.py
[2026-02-28T09:59:33.515+0000] {processor.py:840} INFO - DAG(s) 'oltp_s3_dwh' retrieved from /opt/airflow/dags/oltp_s3_dwh.py
[2026-02-28T09:59:33.538+0000] {logging_mixin.py:188} INFO - [2026-02-28T09:59:33.538+0000] {dag.py:3089} INFO - Sync 1 DAGs
[2026-02-28T09:59:33.568+0000] {logging_mixin.py:188} INFO - [2026-02-28T09:59:33.568+0000] {dag.py:3947} INFO - Setting next_dagrun for oltp_s3_dwh to 2026-02-01 00:00:00+00:00, run_after=2026-03-01 00:00:00+00:00
[2026-02-28T09:59:33.601+0000] {processor.py:183} INFO - Processing /opt/airflow/dags/oltp_s3_dwh.py took 0.567 seconds
[2026-02-28T10:00:03.920+0000] {processor.py:161} INFO - Started process (PID=1750) to work on /opt/airflow/dags/oltp_s3_dwh.py
[2026-02-28T10:00:03.921+0000] {processor.py:830} INFO - Processing file /opt/airflow/dags/oltp_s3_dwh.py for tasks to queue
[2026-02-28T10:00:03.924+0000] {logging_mixin.py:188} INFO - [2026-02-28T10:00:03.923+0000] {dagbag.py:545} INFO - Filling up the DagBag from /opt/airflow/dags/oltp_s3_dwh.py
[2026-02-28T10:00:04.420+0000] {processor.py:840} INFO - DAG(s) 'oltp_s3_dwh' retrieved from /opt/airflow/dags/oltp_s3_dwh.py
[2026-02-28T10:00:04.442+0000] {logging_mixin.py:188} INFO - [2026-02-28T10:00:04.442+0000] {dag.py:3089} INFO - Sync 1 DAGs
[2026-02-28T10:00:04.463+0000] {logging_mixin.py:188} INFO - [2026-02-28T10:00:04.463+0000] {dag.py:3947} INFO - Setting next_dagrun for oltp_s3_dwh to 2026-02-01 00:00:00+00:00, run_after=2026-03-01 00:00:00+00:00
[2026-02-28T10:00:04.483+0000] {processor.py:183} INFO - Processing /opt/airflow/dags/oltp_s3_dwh.py took 0.572 seconds
[2026-02-28T10:00:34.745+0000] {processor.py:161} INFO - Started process (PID=1781) to work on /opt/airflow/dags/oltp_s3_dwh.py
[2026-02-28T10:00:34.747+0000] {processor.py:830} INFO - Processing file /opt/airflow/dags/oltp_s3_dwh.py for tasks to queue
[2026-02-28T10:00:34.751+0000] {logging_mixin.py:188} INFO - [2026-02-28T10:00:34.750+0000] {dagbag.py:545} INFO - Filling up the DagBag from /opt/airflow/dags/oltp_s3_dwh.py
[2026-02-28T10:00:35.364+0000] {processor.py:840} INFO - DAG(s) 'oltp_s3_dwh' retrieved from /opt/airflow/dags/oltp_s3_dwh.py
[2026-02-28T10:00:35.390+0000] {logging_mixin.py:188} INFO - [2026-02-28T10:00:35.390+0000] {dag.py:3089} INFO - Sync 1 DAGs
[2026-02-28T10:00:35.417+0000] {logging_mixin.py:188} INFO - [2026-02-28T10:00:35.417+0000] {dag.py:3947} INFO - Setting next_dagrun for oltp_s3_dwh to 2026-02-01 00:00:00+00:00, run_after=2026-03-01 00:00:00+00:00
[2026-02-28T10:00:35.439+0000] {processor.py:183} INFO - Processing /opt/airflow/dags/oltp_s3_dwh.py took 0.713 seconds
[2026-02-28T10:01:06.000+0000] {processor.py:161} INFO - Started process (PID=1903) to work on /opt/airflow/dags/oltp_s3_dwh.py
[2026-02-28T10:01:06.002+0000] {processor.py:830} INFO - Processing file /opt/airflow/dags/oltp_s3_dwh.py for tasks to queue
[2026-02-28T10:01:06.004+0000] {logging_mixin.py:188} INFO - [2026-02-28T10:01:06.004+0000] {dagbag.py:545} INFO - Filling up the DagBag from /opt/airflow/dags/oltp_s3_dwh.py
[2026-02-28T10:01:06.518+0000] {processor.py:840} INFO - DAG(s) 'oltp_s3_dwh' retrieved from /opt/airflow/dags/oltp_s3_dwh.py
[2026-02-28T10:01:06.548+0000] {logging_mixin.py:188} INFO - [2026-02-28T10:01:06.547+0000] {dag.py:3089} INFO - Sync 1 DAGs
[2026-02-28T10:01:06.567+0000] {logging_mixin.py:188} INFO - [2026-02-28T10:01:06.567+0000] {dag.py:3947} INFO - Setting next_dagrun for oltp_s3_dwh to 2026-02-01 00:00:00+00:00, run_after=2026-03-01 00:00:00+00:00
[2026-02-28T10:01:06.593+0000] {processor.py:183} INFO - Processing /opt/airflow/dags/oltp_s3_dwh.py took 0.601 seconds
[2026-02-28T10:01:36.762+0000] {processor.py:161} INFO - Started process (PID=1934) to work on /opt/airflow/dags/oltp_s3_dwh.py
[2026-02-28T10:01:36.763+0000] {processor.py:830} INFO - Processing file /opt/airflow/dags/oltp_s3_dwh.py for tasks to queue
[2026-02-28T10:01:36.765+0000] {logging_mixin.py:188} INFO - [2026-02-28T10:01:36.764+0000] {dagbag.py:545} INFO - Filling up the DagBag from /opt/airflow/dags/oltp_s3_dwh.py
[2026-02-28T10:01:37.245+0000] {processor.py:840} INFO - DAG(s) 'oltp_s3_dwh' retrieved from /opt/airflow/dags/oltp_s3_dwh.py
[2026-02-28T10:01:37.278+0000] {logging_mixin.py:188} INFO - [2026-02-28T10:01:37.278+0000] {dag.py:3089} INFO - Sync 1 DAGs
[2026-02-28T10:01:37.309+0000] {logging_mixin.py:188} INFO - [2026-02-28T10:01:37.309+0000] {dag.py:3947} INFO - Setting next_dagrun for oltp_s3_dwh to 2026-02-01 00:00:00+00:00, run_after=2026-03-01 00:00:00+00:00
[2026-02-28T10:01:37.369+0000] {processor.py:183} INFO - Processing /opt/airflow/dags/oltp_s3_dwh.py took 0.613 seconds
[2026-02-28T10:02:08.063+0000] {processor.py:161} INFO - Started process (PID=1965) to work on /opt/airflow/dags/oltp_s3_dwh.py
[2026-02-28T10:02:08.065+0000] {processor.py:830} INFO - Processing file /opt/airflow/dags/oltp_s3_dwh.py for tasks to queue
[2026-02-28T10:02:08.067+0000] {logging_mixin.py:188} INFO - [2026-02-28T10:02:08.066+0000] {dagbag.py:545} INFO - Filling up the DagBag from /opt/airflow/dags/oltp_s3_dwh.py
[2026-02-28T10:02:08.545+0000] {processor.py:840} INFO - DAG(s) 'oltp_s3_dwh' retrieved from /opt/airflow/dags/oltp_s3_dwh.py
[2026-02-28T10:02:08.576+0000] {logging_mixin.py:188} INFO - [2026-02-28T10:02:08.575+0000] {dag.py:3089} INFO - Sync 1 DAGs
[2026-02-28T10:02:08.602+0000] {logging_mixin.py:188} INFO - [2026-02-28T10:02:08.601+0000] {dag.py:3947} INFO - Setting next_dagrun for oltp_s3_dwh to 2026-02-01 00:00:00+00:00, run_after=2026-03-01 00:00:00+00:00
[2026-02-28T10:02:08.623+0000] {processor.py:183} INFO - Processing /opt/airflow/dags/oltp_s3_dwh.py took 0.566 seconds
[2026-02-28T10:02:39.342+0000] {processor.py:161} INFO - Started process (PID=2003) to work on /opt/airflow/dags/oltp_s3_dwh.py
[2026-02-28T10:02:39.343+0000] {processor.py:830} INFO - Processing file /opt/airflow/dags/oltp_s3_dwh.py for tasks to queue
[2026-02-28T10:02:39.345+0000] {logging_mixin.py:188} INFO - [2026-02-28T10:02:39.345+0000] {dagbag.py:545} INFO - Filling up the DagBag from /opt/airflow/dags/oltp_s3_dwh.py
[2026-02-28T10:02:39.786+0000] {processor.py:840} INFO - DAG(s) 'oltp_s3_dwh' retrieved from /opt/airflow/dags/oltp_s3_dwh.py
[2026-02-28T10:02:39.819+0000] {logging_mixin.py:188} INFO - [2026-02-28T10:02:39.819+0000] {dag.py:3089} INFO - Sync 1 DAGs
[2026-02-28T10:02:39.841+0000] {logging_mixin.py:188} INFO - [2026-02-28T10:02:39.841+0000] {dag.py:3947} INFO - Setting next_dagrun for oltp_s3_dwh to 2026-02-01 00:00:00+00:00, run_after=2026-03-01 00:00:00+00:00
[2026-02-28T10:02:39.866+0000] {processor.py:183} INFO - Processing /opt/airflow/dags/oltp_s3_dwh.py took 0.531 seconds
[2026-02-28T10:03:10.656+0000] {processor.py:161} INFO - Started process (PID=2035) to work on /opt/airflow/dags/oltp_s3_dwh.py
[2026-02-28T10:03:10.658+0000] {processor.py:830} INFO - Processing file /opt/airflow/dags/oltp_s3_dwh.py for tasks to queue
[2026-02-28T10:03:10.660+0000] {logging_mixin.py:188} INFO - [2026-02-28T10:03:10.659+0000] {dagbag.py:545} INFO - Filling up the DagBag from /opt/airflow/dags/oltp_s3_dwh.py
[2026-02-28T10:03:11.091+0000] {processor.py:840} INFO - DAG(s) 'oltp_s3_dwh' retrieved from /opt/airflow/dags/oltp_s3_dwh.py
[2026-02-28T10:03:11.114+0000] {logging_mixin.py:188} INFO - [2026-02-28T10:03:11.113+0000] {dag.py:3089} INFO - Sync 1 DAGs
[2026-02-28T10:03:11.132+0000] {logging_mixin.py:188} INFO - [2026-02-28T10:03:11.131+0000] {dag.py:3947} INFO - Setting next_dagrun for oltp_s3_dwh to 2026-02-01 00:00:00+00:00, run_after=2026-03-01 00:00:00+00:00
[2026-02-28T10:03:11.151+0000] {processor.py:183} INFO - Processing /opt/airflow/dags/oltp_s3_dwh.py took 0.501 seconds
[2026-02-28T10:03:42.074+0000] {processor.py:161} INFO - Started process (PID=2065) to work on /opt/airflow/dags/oltp_s3_dwh.py
[2026-02-28T10:03:42.076+0000] {processor.py:830} INFO - Processing file /opt/airflow/dags/oltp_s3_dwh.py for tasks to queue
[2026-02-28T10:03:42.078+0000] {logging_mixin.py:188} INFO - [2026-02-28T10:03:42.077+0000] {dagbag.py:545} INFO - Filling up the DagBag from /opt/airflow/dags/oltp_s3_dwh.py
[2026-02-28T10:03:42.502+0000] {processor.py:840} INFO - DAG(s) 'oltp_s3_dwh' retrieved from /opt/airflow/dags/oltp_s3_dwh.py
[2026-02-28T10:03:42.523+0000] {logging_mixin.py:188} INFO - [2026-02-28T10:03:42.523+0000] {dag.py:3089} INFO - Sync 1 DAGs
[2026-02-28T10:03:42.541+0000] {logging_mixin.py:188} INFO - [2026-02-28T10:03:42.541+0000] {dag.py:3947} INFO - Setting next_dagrun for oltp_s3_dwh to 2026-02-01 00:00:00+00:00, run_after=2026-03-01 00:00:00+00:00
[2026-02-28T10:03:42.563+0000] {processor.py:183} INFO - Processing /opt/airflow/dags/oltp_s3_dwh.py took 0.496 seconds
[2026-02-28T10:04:13.162+0000] {processor.py:161} INFO - Started process (PID=2103) to work on /opt/airflow/dags/oltp_s3_dwh.py
[2026-02-28T10:04:13.164+0000] {processor.py:830} INFO - Processing file /opt/airflow/dags/oltp_s3_dwh.py for tasks to queue
[2026-02-28T10:04:13.166+0000] {logging_mixin.py:188} INFO - [2026-02-28T10:04:13.165+0000] {dagbag.py:545} INFO - Filling up the DagBag from /opt/airflow/dags/oltp_s3_dwh.py
[2026-02-28T10:04:13.594+0000] {processor.py:840} INFO - DAG(s) 'oltp_s3_dwh' retrieved from /opt/airflow/dags/oltp_s3_dwh.py
[2026-02-28T10:04:13.616+0000] {logging_mixin.py:188} INFO - [2026-02-28T10:04:13.616+0000] {dag.py:3089} INFO - Sync 1 DAGs
[2026-02-28T10:04:13.637+0000] {logging_mixin.py:188} INFO - [2026-02-28T10:04:13.637+0000] {dag.py:3947} INFO - Setting next_dagrun for oltp_s3_dwh to 2026-02-01 00:00:00+00:00, run_after=2026-03-01 00:00:00+00:00
[2026-02-28T10:04:13.655+0000] {processor.py:183} INFO - Processing /opt/airflow/dags/oltp_s3_dwh.py took 0.499 seconds
[2026-02-28T10:04:44.523+0000] {processor.py:161} INFO - Started process (PID=2134) to work on /opt/airflow/dags/oltp_s3_dwh.py
[2026-02-28T10:04:44.525+0000] {processor.py:830} INFO - Processing file /opt/airflow/dags/oltp_s3_dwh.py for tasks to queue
[2026-02-28T10:04:44.526+0000] {logging_mixin.py:188} INFO - [2026-02-28T10:04:44.526+0000] {dagbag.py:545} INFO - Filling up the DagBag from /opt/airflow/dags/oltp_s3_dwh.py
[2026-02-28T10:04:44.972+0000] {processor.py:840} INFO - DAG(s) 'oltp_s3_dwh' retrieved from /opt/airflow/dags/oltp_s3_dwh.py
[2026-02-28T10:04:45.023+0000] {logging_mixin.py:188} INFO - [2026-02-28T10:04:45.022+0000] {dag.py:3089} INFO - Sync 1 DAGs
[2026-02-28T10:04:45.053+0000] {logging_mixin.py:188} INFO - [2026-02-28T10:04:45.053+0000] {dag.py:3947} INFO - Setting next_dagrun for oltp_s3_dwh to 2026-02-01 00:00:00+00:00, run_after=2026-03-01 00:00:00+00:00
[2026-02-28T10:04:45.087+0000] {processor.py:183} INFO - Processing /opt/airflow/dags/oltp_s3_dwh.py took 0.569 seconds
[2026-02-28T10:05:16.616+0000] {processor.py:161} INFO - Started process (PID=2171) to work on /opt/airflow/dags/oltp_s3_dwh.py
[2026-02-28T10:05:16.617+0000] {processor.py:830} INFO - Processing file /opt/airflow/dags/oltp_s3_dwh.py for tasks to queue
[2026-02-28T10:05:16.622+0000] {logging_mixin.py:188} INFO - [2026-02-28T10:05:16.621+0000] {dagbag.py:545} INFO - Filling up the DagBag from /opt/airflow/dags/oltp_s3_dwh.py
[2026-02-28T10:05:17.081+0000] {processor.py:840} INFO - DAG(s) 'oltp_s3_dwh' retrieved from /opt/airflow/dags/oltp_s3_dwh.py
[2026-02-28T10:05:17.104+0000] {logging_mixin.py:188} INFO - [2026-02-28T10:05:17.103+0000] {dag.py:3089} INFO - Sync 1 DAGs
[2026-02-28T10:05:17.122+0000] {logging_mixin.py:188} INFO - [2026-02-28T10:05:17.121+0000] {dag.py:3947} INFO - Setting next_dagrun for oltp_s3_dwh to 2026-02-01 00:00:00+00:00, run_after=2026-03-01 00:00:00+00:00
[2026-02-28T10:05:17.139+0000] {processor.py:183} INFO - Processing /opt/airflow/dags/oltp_s3_dwh.py took 0.533 seconds
[2026-02-28T10:05:47.227+0000] {processor.py:161} INFO - Started process (PID=2203) to work on /opt/airflow/dags/oltp_s3_dwh.py
[2026-02-28T10:05:47.228+0000] {processor.py:830} INFO - Processing file /opt/airflow/dags/oltp_s3_dwh.py for tasks to queue
[2026-02-28T10:05:47.231+0000] {logging_mixin.py:188} INFO - [2026-02-28T10:05:47.230+0000] {dagbag.py:545} INFO - Filling up the DagBag from /opt/airflow/dags/oltp_s3_dwh.py
[2026-02-28T10:05:47.723+0000] {processor.py:840} INFO - DAG(s) 'oltp_s3_dwh' retrieved from /opt/airflow/dags/oltp_s3_dwh.py
[2026-02-28T10:05:47.748+0000] {logging_mixin.py:188} INFO - [2026-02-28T10:05:47.748+0000] {dag.py:3089} INFO - Sync 1 DAGs
[2026-02-28T10:05:47.768+0000] {logging_mixin.py:188} INFO - [2026-02-28T10:05:47.767+0000] {dag.py:3947} INFO - Setting next_dagrun for oltp_s3_dwh to 2026-02-01 00:00:00+00:00, run_after=2026-03-01 00:00:00+00:00
[2026-02-28T10:05:47.789+0000] {processor.py:183} INFO - Processing /opt/airflow/dags/oltp_s3_dwh.py took 0.571 seconds
[2026-02-28T10:06:17.965+0000] {processor.py:161} INFO - Started process (PID=2241) to work on /opt/airflow/dags/oltp_s3_dwh.py
[2026-02-28T10:06:17.966+0000] {processor.py:830} INFO - Processing file /opt/airflow/dags/oltp_s3_dwh.py for tasks to queue
[2026-02-28T10:06:17.969+0000] {logging_mixin.py:188} INFO - [2026-02-28T10:06:17.968+0000] {dagbag.py:545} INFO - Filling up the DagBag from /opt/airflow/dags/oltp_s3_dwh.py
[2026-02-28T10:06:18.451+0000] {processor.py:840} INFO - DAG(s) 'oltp_s3_dwh' retrieved from /opt/airflow/dags/oltp_s3_dwh.py
[2026-02-28T10:06:18.479+0000] {logging_mixin.py:188} INFO - [2026-02-28T10:06:18.479+0000] {dag.py:3089} INFO - Sync 1 DAGs
[2026-02-28T10:06:18.500+0000] {logging_mixin.py:188} INFO - [2026-02-28T10:06:18.500+0000] {dag.py:3947} INFO - Setting next_dagrun for oltp_s3_dwh to 2026-02-01 00:00:00+00:00, run_after=2026-03-01 00:00:00+00:00
[2026-02-28T10:06:18.521+0000] {processor.py:183} INFO - Processing /opt/airflow/dags/oltp_s3_dwh.py took 0.563 seconds
[2026-02-28T10:06:49.100+0000] {processor.py:161} INFO - Started process (PID=2272) to work on /opt/airflow/dags/oltp_s3_dwh.py
[2026-02-28T10:06:49.102+0000] {processor.py:830} INFO - Processing file /opt/airflow/dags/oltp_s3_dwh.py for tasks to queue
[2026-02-28T10:06:49.105+0000] {logging_mixin.py:188} INFO - [2026-02-28T10:06:49.104+0000] {dagbag.py:545} INFO - Filling up the DagBag from /opt/airflow/dags/oltp_s3_dwh.py
[2026-02-28T10:06:49.820+0000] {processor.py:840} INFO - DAG(s) 'oltp_s3_dwh' retrieved from /opt/airflow/dags/oltp_s3_dwh.py
[2026-02-28T10:06:49.857+0000] {logging_mixin.py:188} INFO - [2026-02-28T10:06:49.856+0000] {dag.py:3089} INFO - Sync 1 DAGs
[2026-02-28T10:06:49.886+0000] {logging_mixin.py:188} INFO - [2026-02-28T10:06:49.885+0000] {dag.py:3947} INFO - Setting next_dagrun for oltp_s3_dwh to 2026-02-01 00:00:00+00:00, run_after=2026-03-01 00:00:00+00:00
[2026-02-28T10:06:49.944+0000] {processor.py:183} INFO - Processing /opt/airflow/dags/oltp_s3_dwh.py took 0.853 seconds
[2026-02-28T10:07:20.933+0000] {processor.py:161} INFO - Started process (PID=2303) to work on /opt/airflow/dags/oltp_s3_dwh.py
[2026-02-28T10:07:20.934+0000] {processor.py:830} INFO - Processing file /opt/airflow/dags/oltp_s3_dwh.py for tasks to queue
[2026-02-28T10:07:20.936+0000] {logging_mixin.py:188} INFO - [2026-02-28T10:07:20.936+0000] {dagbag.py:545} INFO - Filling up the DagBag from /opt/airflow/dags/oltp_s3_dwh.py
[2026-02-28T10:07:21.443+0000] {processor.py:840} INFO - DAG(s) 'oltp_s3_dwh' retrieved from /opt/airflow/dags/oltp_s3_dwh.py
[2026-02-28T10:07:21.477+0000] {logging_mixin.py:188} INFO - [2026-02-28T10:07:21.477+0000] {dag.py:3089} INFO - Sync 1 DAGs
[2026-02-28T10:07:21.498+0000] {logging_mixin.py:188} INFO - [2026-02-28T10:07:21.498+0000] {dag.py:3947} INFO - Setting next_dagrun for oltp_s3_dwh to 2026-02-01 00:00:00+00:00, run_after=2026-03-01 00:00:00+00:00
[2026-02-28T10:07:21.521+0000] {processor.py:183} INFO - Processing /opt/airflow/dags/oltp_s3_dwh.py took 0.596 seconds
[2026-02-28T10:07:52.092+0000] {processor.py:161} INFO - Started process (PID=2341) to work on /opt/airflow/dags/oltp_s3_dwh.py
[2026-02-28T10:07:52.093+0000] {processor.py:830} INFO - Processing file /opt/airflow/dags/oltp_s3_dwh.py for tasks to queue
[2026-02-28T10:07:52.096+0000] {logging_mixin.py:188} INFO - [2026-02-28T10:07:52.096+0000] {dagbag.py:545} INFO - Filling up the DagBag from /opt/airflow/dags/oltp_s3_dwh.py
[2026-02-28T10:07:52.529+0000] {processor.py:840} INFO - DAG(s) 'oltp_s3_dwh' retrieved from /opt/airflow/dags/oltp_s3_dwh.py
[2026-02-28T10:07:52.562+0000] {logging_mixin.py:188} INFO - [2026-02-28T10:07:52.562+0000] {dag.py:3089} INFO - Sync 1 DAGs
[2026-02-28T10:07:52.582+0000] {logging_mixin.py:188} INFO - [2026-02-28T10:07:52.582+0000] {dag.py:3947} INFO - Setting next_dagrun for oltp_s3_dwh to 2026-02-01 00:00:00+00:00, run_after=2026-03-01 00:00:00+00:00
[2026-02-28T10:07:52.610+0000] {processor.py:183} INFO - Processing /opt/airflow/dags/oltp_s3_dwh.py took 0.524 seconds
[2026-02-28T10:08:23.478+0000] {processor.py:161} INFO - Started process (PID=2372) to work on /opt/airflow/dags/oltp_s3_dwh.py
[2026-02-28T10:08:23.480+0000] {processor.py:830} INFO - Processing file /opt/airflow/dags/oltp_s3_dwh.py for tasks to queue
[2026-02-28T10:08:23.482+0000] {logging_mixin.py:188} INFO - [2026-02-28T10:08:23.482+0000] {dagbag.py:545} INFO - Filling up the DagBag from /opt/airflow/dags/oltp_s3_dwh.py
[2026-02-28T10:08:23.910+0000] {processor.py:840} INFO - DAG(s) 'oltp_s3_dwh' retrieved from /opt/airflow/dags/oltp_s3_dwh.py
[2026-02-28T10:08:23.932+0000] {logging_mixin.py:188} INFO - [2026-02-28T10:08:23.932+0000] {dag.py:3089} INFO - Sync 1 DAGs
[2026-02-28T10:08:23.952+0000] {logging_mixin.py:188} INFO - [2026-02-28T10:08:23.952+0000] {dag.py:3947} INFO - Setting next_dagrun for oltp_s3_dwh to 2026-02-01 00:00:00+00:00, run_after=2026-03-01 00:00:00+00:00
[2026-02-28T10:08:23.969+0000] {processor.py:183} INFO - Processing /opt/airflow/dags/oltp_s3_dwh.py took 0.498 seconds
[2026-02-28T10:08:54.490+0000] {processor.py:161} INFO - Started process (PID=2410) to work on /opt/airflow/dags/oltp_s3_dwh.py
[2026-02-28T10:08:54.492+0000] {processor.py:830} INFO - Processing file /opt/airflow/dags/oltp_s3_dwh.py for tasks to queue
[2026-02-28T10:08:54.494+0000] {logging_mixin.py:188} INFO - [2026-02-28T10:08:54.494+0000] {dagbag.py:545} INFO - Filling up the DagBag from /opt/airflow/dags/oltp_s3_dwh.py
[2026-02-28T10:08:54.954+0000] {processor.py:840} INFO - DAG(s) 'oltp_s3_dwh' retrieved from /opt/airflow/dags/oltp_s3_dwh.py
[2026-02-28T10:08:54.980+0000] {logging_mixin.py:188} INFO - [2026-02-28T10:08:54.980+0000] {dag.py:3089} INFO - Sync 1 DAGs
[2026-02-28T10:08:55.007+0000] {logging_mixin.py:188} INFO - [2026-02-28T10:08:55.007+0000] {dag.py:3947} INFO - Setting next_dagrun for oltp_s3_dwh to 2026-02-01 00:00:00+00:00, run_after=2026-03-01 00:00:00+00:00
[2026-02-28T10:08:55.033+0000] {processor.py:183} INFO - Processing /opt/airflow/dags/oltp_s3_dwh.py took 0.549 seconds
[2026-02-28T10:09:26.155+0000] {processor.py:161} INFO - Started process (PID=2441) to work on /opt/airflow/dags/oltp_s3_dwh.py
[2026-02-28T10:09:26.157+0000] {processor.py:830} INFO - Processing file /opt/airflow/dags/oltp_s3_dwh.py for tasks to queue
[2026-02-28T10:09:26.159+0000] {logging_mixin.py:188} INFO - [2026-02-28T10:09:26.158+0000] {dagbag.py:545} INFO - Filling up the DagBag from /opt/airflow/dags/oltp_s3_dwh.py
[2026-02-28T10:09:26.597+0000] {processor.py:840} INFO - DAG(s) 'oltp_s3_dwh' retrieved from /opt/airflow/dags/oltp_s3_dwh.py
[2026-02-28T10:09:26.621+0000] {logging_mixin.py:188} INFO - [2026-02-28T10:09:26.621+0000] {dag.py:3089} INFO - Sync 1 DAGs
[2026-02-28T10:09:26.641+0000] {logging_mixin.py:188} INFO - [2026-02-28T10:09:26.641+0000] {dag.py:3947} INFO - Setting next_dagrun for oltp_s3_dwh to 2026-02-01 00:00:00+00:00, run_after=2026-03-01 00:00:00+00:00
[2026-02-28T10:09:26.661+0000] {processor.py:183} INFO - Processing /opt/airflow/dags/oltp_s3_dwh.py took 0.512 seconds
[2026-02-28T10:09:57.256+0000] {processor.py:161} INFO - Started process (PID=2479) to work on /opt/airflow/dags/oltp_s3_dwh.py
[2026-02-28T10:09:57.257+0000] {processor.py:830} INFO - Processing file /opt/airflow/dags/oltp_s3_dwh.py for tasks to queue
[2026-02-28T10:09:57.259+0000] {logging_mixin.py:188} INFO - [2026-02-28T10:09:57.259+0000] {dagbag.py:545} INFO - Filling up the DagBag from /opt/airflow/dags/oltp_s3_dwh.py
[2026-02-28T10:09:57.780+0000] {processor.py:840} INFO - DAG(s) 'oltp_s3_dwh' retrieved from /opt/airflow/dags/oltp_s3_dwh.py
[2026-02-28T10:09:57.813+0000] {logging_mixin.py:188} INFO - [2026-02-28T10:09:57.812+0000] {dag.py:3089} INFO - Sync 1 DAGs
[2026-02-28T10:09:57.837+0000] {logging_mixin.py:188} INFO - [2026-02-28T10:09:57.837+0000] {dag.py:3947} INFO - Setting next_dagrun for oltp_s3_dwh to 2026-02-01 00:00:00+00:00, run_after=2026-03-01 00:00:00+00:00
[2026-02-28T10:09:57.867+0000] {processor.py:183} INFO - Processing /opt/airflow/dags/oltp_s3_dwh.py took 0.617 seconds
[2026-02-28T10:10:28.604+0000] {processor.py:161} INFO - Started process (PID=2513) to work on /opt/airflow/dags/oltp_s3_dwh.py
[2026-02-28T10:10:28.605+0000] {processor.py:830} INFO - Processing file /opt/airflow/dags/oltp_s3_dwh.py for tasks to queue
[2026-02-28T10:10:28.606+0000] {logging_mixin.py:188} INFO - [2026-02-28T10:10:28.606+0000] {dagbag.py:545} INFO - Filling up the DagBag from /opt/airflow/dags/oltp_s3_dwh.py
[2026-02-28T10:10:29.056+0000] {processor.py:840} INFO - DAG(s) 'oltp_s3_dwh' retrieved from /opt/airflow/dags/oltp_s3_dwh.py
[2026-02-28T10:10:29.084+0000] {logging_mixin.py:188} INFO - [2026-02-28T10:10:29.083+0000] {dag.py:3089} INFO - Sync 1 DAGs
[2026-02-28T10:10:29.108+0000] {logging_mixin.py:188} INFO - [2026-02-28T10:10:29.108+0000] {dag.py:3947} INFO - Setting next_dagrun for oltp_s3_dwh to 2026-02-01 00:00:00+00:00, run_after=2026-03-01 00:00:00+00:00
[2026-02-28T10:10:29.131+0000] {processor.py:183} INFO - Processing /opt/airflow/dags/oltp_s3_dwh.py took 0.533 seconds
[2026-02-28T10:10:59.720+0000] {processor.py:161} INFO - Started process (PID=2544) to work on /opt/airflow/dags/oltp_s3_dwh.py
[2026-02-28T10:10:59.722+0000] {processor.py:830} INFO - Processing file /opt/airflow/dags/oltp_s3_dwh.py for tasks to queue
[2026-02-28T10:10:59.724+0000] {logging_mixin.py:188} INFO - [2026-02-28T10:10:59.724+0000] {dagbag.py:545} INFO - Filling up the DagBag from /opt/airflow/dags/oltp_s3_dwh.py
[2026-02-28T10:11:00.201+0000] {processor.py:840} INFO - DAG(s) 'oltp_s3_dwh' retrieved from /opt/airflow/dags/oltp_s3_dwh.py
[2026-02-28T10:11:00.229+0000] {logging_mixin.py:188} INFO - [2026-02-28T10:11:00.228+0000] {dag.py:3089} INFO - Sync 1 DAGs
[2026-02-28T10:11:00.251+0000] {logging_mixin.py:188} INFO - [2026-02-28T10:11:00.250+0000] {dag.py:3947} INFO - Setting next_dagrun for oltp_s3_dwh to 2026-02-01 00:00:00+00:00, run_after=2026-03-01 00:00:00+00:00
[2026-02-28T10:11:00.272+0000] {processor.py:183} INFO - Processing /opt/airflow/dags/oltp_s3_dwh.py took 0.559 seconds
[2026-02-28T10:11:31.321+0000] {processor.py:161} INFO - Started process (PID=2586) to work on /opt/airflow/dags/oltp_s3_dwh.py
[2026-02-28T10:11:31.329+0000] {processor.py:830} INFO - Processing file /opt/airflow/dags/oltp_s3_dwh.py for tasks to queue
[2026-02-28T10:11:31.340+0000] {logging_mixin.py:188} INFO - [2026-02-28T10:11:31.340+0000] {dagbag.py:545} INFO - Filling up the DagBag from /opt/airflow/dags/oltp_s3_dwh.py
[2026-02-28T10:11:32.019+0000] {processor.py:840} INFO - DAG(s) 'oltp_s3_dwh' retrieved from /opt/airflow/dags/oltp_s3_dwh.py
[2026-02-28T10:11:32.052+0000] {logging_mixin.py:188} INFO - [2026-02-28T10:11:32.051+0000] {dag.py:3089} INFO - Sync 1 DAGs
[2026-02-28T10:11:32.077+0000] {logging_mixin.py:188} INFO - [2026-02-28T10:11:32.077+0000] {dag.py:3947} INFO - Setting next_dagrun for oltp_s3_dwh to 2026-02-01 00:00:00+00:00, run_after=2026-03-01 00:00:00+00:00
[2026-02-28T10:11:32.101+0000] {processor.py:183} INFO - Processing /opt/airflow/dags/oltp_s3_dwh.py took 0.797 seconds
[2026-02-28T10:12:02.731+0000] {processor.py:161} INFO - Started process (PID=2618) to work on /opt/airflow/dags/oltp_s3_dwh.py
[2026-02-28T10:12:02.733+0000] {processor.py:830} INFO - Processing file /opt/airflow/dags/oltp_s3_dwh.py for tasks to queue
[2026-02-28T10:12:02.736+0000] {logging_mixin.py:188} INFO - [2026-02-28T10:12:02.735+0000] {dagbag.py:545} INFO - Filling up the DagBag from /opt/airflow/dags/oltp_s3_dwh.py
[2026-02-28T10:12:03.224+0000] {processor.py:840} INFO - DAG(s) 'oltp_s3_dwh' retrieved from /opt/airflow/dags/oltp_s3_dwh.py
[2026-02-28T10:12:03.254+0000] {logging_mixin.py:188} INFO - [2026-02-28T10:12:03.253+0000] {dag.py:3089} INFO - Sync 1 DAGs
[2026-02-28T10:12:03.284+0000] {logging_mixin.py:188} INFO - [2026-02-28T10:12:03.284+0000] {dag.py:3947} INFO - Setting next_dagrun for oltp_s3_dwh to 2026-02-01 00:00:00+00:00, run_after=2026-03-01 00:00:00+00:00
[2026-02-28T10:12:03.304+0000] {processor.py:183} INFO - Processing /opt/airflow/dags/oltp_s3_dwh.py took 0.580 seconds
[2026-02-28T10:12:33.598+0000] {processor.py:161} INFO - Started process (PID=2732) to work on /opt/airflow/dags/oltp_s3_dwh.py
[2026-02-28T10:12:33.599+0000] {processor.py:830} INFO - Processing file /opt/airflow/dags/oltp_s3_dwh.py for tasks to queue
[2026-02-28T10:12:33.603+0000] {logging_mixin.py:188} INFO - [2026-02-28T10:12:33.602+0000] {dagbag.py:545} INFO - Filling up the DagBag from /opt/airflow/dags/oltp_s3_dwh.py
[2026-02-28T10:12:34.087+0000] {processor.py:840} INFO - DAG(s) 'oltp_s3_dwh' retrieved from /opt/airflow/dags/oltp_s3_dwh.py
[2026-02-28T10:12:34.117+0000] {logging_mixin.py:188} INFO - [2026-02-28T10:12:34.116+0000] {dag.py:3089} INFO - Sync 1 DAGs
[2026-02-28T10:12:34.140+0000] {logging_mixin.py:188} INFO - [2026-02-28T10:12:34.140+0000] {dag.py:3947} INFO - Setting next_dagrun for oltp_s3_dwh to 2026-02-01 00:00:00+00:00, run_after=2026-03-01 00:00:00+00:00
[2026-02-28T10:12:34.166+0000] {processor.py:183} INFO - Processing /opt/airflow/dags/oltp_s3_dwh.py took 0.575 seconds
[2026-02-28T10:13:04.790+0000] {processor.py:161} INFO - Started process (PID=2763) to work on /opt/airflow/dags/oltp_s3_dwh.py
[2026-02-28T10:13:04.792+0000] {processor.py:830} INFO - Processing file /opt/airflow/dags/oltp_s3_dwh.py for tasks to queue
[2026-02-28T10:13:04.797+0000] {logging_mixin.py:188} INFO - [2026-02-28T10:13:04.796+0000] {dagbag.py:545} INFO - Filling up the DagBag from /opt/airflow/dags/oltp_s3_dwh.py
[2026-02-28T10:13:05.345+0000] {processor.py:840} INFO - DAG(s) 'oltp_s3_dwh' retrieved from /opt/airflow/dags/oltp_s3_dwh.py
[2026-02-28T10:13:05.376+0000] {logging_mixin.py:188} INFO - [2026-02-28T10:13:05.376+0000] {dag.py:3089} INFO - Sync 1 DAGs
[2026-02-28T10:13:05.416+0000] {logging_mixin.py:188} INFO - [2026-02-28T10:13:05.416+0000] {dag.py:3947} INFO - Setting next_dagrun for oltp_s3_dwh to 2026-02-01 00:00:00+00:00, run_after=2026-03-01 00:00:00+00:00
[2026-02-28T10:13:05.451+0000] {processor.py:183} INFO - Processing /opt/airflow/dags/oltp_s3_dwh.py took 0.675 seconds
[2026-02-28T10:13:35.555+0000] {processor.py:161} INFO - Started process (PID=2793) to work on /opt/airflow/dags/oltp_s3_dwh.py
[2026-02-28T10:13:35.556+0000] {processor.py:830} INFO - Processing file /opt/airflow/dags/oltp_s3_dwh.py for tasks to queue
[2026-02-28T10:13:35.560+0000] {logging_mixin.py:188} INFO - [2026-02-28T10:13:35.560+0000] {dagbag.py:545} INFO - Filling up the DagBag from /opt/airflow/dags/oltp_s3_dwh.py
[2026-02-28T10:13:36.145+0000] {processor.py:840} INFO - DAG(s) 'oltp_s3_dwh' retrieved from /opt/airflow/dags/oltp_s3_dwh.py
[2026-02-28T10:13:36.173+0000] {logging_mixin.py:188} INFO - [2026-02-28T10:13:36.173+0000] {dag.py:3089} INFO - Sync 1 DAGs
[2026-02-28T10:13:36.196+0000] {logging_mixin.py:188} INFO - [2026-02-28T10:13:36.196+0000] {dag.py:3947} INFO - Setting next_dagrun for oltp_s3_dwh to 2026-02-01 00:00:00+00:00, run_after=2026-03-01 00:00:00+00:00
[2026-02-28T10:13:36.225+0000] {processor.py:183} INFO - Processing /opt/airflow/dags/oltp_s3_dwh.py took 0.676 seconds
[2026-02-28T10:14:06.814+0000] {processor.py:161} INFO - Started process (PID=2831) to work on /opt/airflow/dags/oltp_s3_dwh.py
[2026-02-28T10:14:06.815+0000] {processor.py:830} INFO - Processing file /opt/airflow/dags/oltp_s3_dwh.py for tasks to queue
[2026-02-28T10:14:06.820+0000] {logging_mixin.py:188} INFO - [2026-02-28T10:14:06.819+0000] {dagbag.py:545} INFO - Filling up the DagBag from /opt/airflow/dags/oltp_s3_dwh.py
[2026-02-28T10:14:07.406+0000] {processor.py:840} INFO - DAG(s) 'oltp_s3_dwh' retrieved from /opt/airflow/dags/oltp_s3_dwh.py
[2026-02-28T10:14:07.444+0000] {logging_mixin.py:188} INFO - [2026-02-28T10:14:07.443+0000] {dag.py:3089} INFO - Sync 1 DAGs
[2026-02-28T10:14:07.465+0000] {logging_mixin.py:188} INFO - [2026-02-28T10:14:07.465+0000] {dag.py:3947} INFO - Setting next_dagrun for oltp_s3_dwh to 2026-02-01 00:00:00+00:00, run_after=2026-03-01 00:00:00+00:00
[2026-02-28T10:14:07.492+0000] {processor.py:183} INFO - Processing /opt/airflow/dags/oltp_s3_dwh.py took 0.687 seconds
[2026-02-28T10:14:38.235+0000] {processor.py:161} INFO - Started process (PID=2862) to work on /opt/airflow/dags/oltp_s3_dwh.py
[2026-02-28T10:14:38.237+0000] {processor.py:830} INFO - Processing file /opt/airflow/dags/oltp_s3_dwh.py for tasks to queue
[2026-02-28T10:14:38.239+0000] {logging_mixin.py:188} INFO - [2026-02-28T10:14:38.238+0000] {dagbag.py:545} INFO - Filling up the DagBag from /opt/airflow/dags/oltp_s3_dwh.py
[2026-02-28T10:14:38.707+0000] {processor.py:840} INFO - DAG(s) 'oltp_s3_dwh' retrieved from /opt/airflow/dags/oltp_s3_dwh.py
[2026-02-28T10:14:38.735+0000] {logging_mixin.py:188} INFO - [2026-02-28T10:14:38.734+0000] {dag.py:3089} INFO - Sync 1 DAGs
[2026-02-28T10:14:38.757+0000] {logging_mixin.py:188} INFO - [2026-02-28T10:14:38.757+0000] {dag.py:3947} INFO - Setting next_dagrun for oltp_s3_dwh to 2026-02-01 00:00:00+00:00, run_after=2026-03-01 00:00:00+00:00
[2026-02-28T10:14:38.779+0000] {processor.py:183} INFO - Processing /opt/airflow/dags/oltp_s3_dwh.py took 0.550 seconds
[2026-02-28T10:15:09.330+0000] {processor.py:161} INFO - Started process (PID=2893) to work on /opt/airflow/dags/oltp_s3_dwh.py
[2026-02-28T10:15:09.332+0000] {processor.py:830} INFO - Processing file /opt/airflow/dags/oltp_s3_dwh.py for tasks to queue
[2026-02-28T10:15:09.336+0000] {logging_mixin.py:188} INFO - [2026-02-28T10:15:09.335+0000] {dagbag.py:545} INFO - Filling up the DagBag from /opt/airflow/dags/oltp_s3_dwh.py
[2026-02-28T10:15:09.884+0000] {processor.py:840} INFO - DAG(s) 'oltp_s3_dwh' retrieved from /opt/airflow/dags/oltp_s3_dwh.py
[2026-02-28T10:15:09.917+0000] {logging_mixin.py:188} INFO - [2026-02-28T10:15:09.916+0000] {dag.py:3089} INFO - Sync 1 DAGs
[2026-02-28T10:15:09.952+0000] {logging_mixin.py:188} INFO - [2026-02-28T10:15:09.952+0000] {dag.py:3947} INFO - Setting next_dagrun for oltp_s3_dwh to 2026-02-01 00:00:00+00:00, run_after=2026-03-01 00:00:00+00:00
[2026-02-28T10:15:09.979+0000] {processor.py:183} INFO - Processing /opt/airflow/dags/oltp_s3_dwh.py took 0.655 seconds
[2026-02-28T10:15:40.785+0000] {processor.py:161} INFO - Started process (PID=2932) to work on /opt/airflow/dags/oltp_s3_dwh.py
[2026-02-28T10:15:40.786+0000] {processor.py:830} INFO - Processing file /opt/airflow/dags/oltp_s3_dwh.py for tasks to queue
[2026-02-28T10:15:40.788+0000] {logging_mixin.py:188} INFO - [2026-02-28T10:15:40.788+0000] {dagbag.py:545} INFO - Filling up the DagBag from /opt/airflow/dags/oltp_s3_dwh.py
[2026-02-28T10:15:41.207+0000] {processor.py:840} INFO - DAG(s) 'oltp_s3_dwh' retrieved from /opt/airflow/dags/oltp_s3_dwh.py
[2026-02-28T10:15:41.230+0000] {logging_mixin.py:188} INFO - [2026-02-28T10:15:41.230+0000] {dag.py:3089} INFO - Sync 1 DAGs
[2026-02-28T10:15:41.251+0000] {logging_mixin.py:188} INFO - [2026-02-28T10:15:41.250+0000] {dag.py:3947} INFO - Setting next_dagrun for oltp_s3_dwh to 2026-02-01 00:00:00+00:00, run_after=2026-03-01 00:00:00+00:00
[2026-02-28T10:15:41.270+0000] {processor.py:183} INFO - Processing /opt/airflow/dags/oltp_s3_dwh.py took 0.492 seconds
[2026-02-28T10:16:11.381+0000] {processor.py:161} INFO - Started process (PID=2963) to work on /opt/airflow/dags/oltp_s3_dwh.py
[2026-02-28T10:16:11.382+0000] {processor.py:830} INFO - Processing file /opt/airflow/dags/oltp_s3_dwh.py for tasks to queue
[2026-02-28T10:16:11.385+0000] {logging_mixin.py:188} INFO - [2026-02-28T10:16:11.384+0000] {dagbag.py:545} INFO - Filling up the DagBag from /opt/airflow/dags/oltp_s3_dwh.py
[2026-02-28T10:16:11.851+0000] {processor.py:840} INFO - DAG(s) 'oltp_s3_dwh' retrieved from /opt/airflow/dags/oltp_s3_dwh.py
[2026-02-28T10:16:11.880+0000] {logging_mixin.py:188} INFO - [2026-02-28T10:16:11.879+0000] {dag.py:3089} INFO - Sync 1 DAGs
[2026-02-28T10:16:11.901+0000] {logging_mixin.py:188} INFO - [2026-02-28T10:16:11.900+0000] {dag.py:3947} INFO - Setting next_dagrun for oltp_s3_dwh to 2026-02-01 00:00:00+00:00, run_after=2026-03-01 00:00:00+00:00
[2026-02-28T10:16:11.921+0000] {processor.py:183} INFO - Processing /opt/airflow/dags/oltp_s3_dwh.py took 0.546 seconds
[2026-02-28T10:16:42.709+0000] {processor.py:161} INFO - Started process (PID=3080) to work on /opt/airflow/dags/oltp_s3_dwh.py
[2026-02-28T10:16:42.711+0000] {processor.py:830} INFO - Processing file /opt/airflow/dags/oltp_s3_dwh.py for tasks to queue
[2026-02-28T10:16:42.715+0000] {logging_mixin.py:188} INFO - [2026-02-28T10:16:42.715+0000] {dagbag.py:545} INFO - Filling up the DagBag from /opt/airflow/dags/oltp_s3_dwh.py
[2026-02-28T10:16:43.180+0000] {processor.py:840} INFO - DAG(s) 'oltp_s3_dwh' retrieved from /opt/airflow/dags/oltp_s3_dwh.py
[2026-02-28T10:16:43.204+0000] {logging_mixin.py:188} INFO - [2026-02-28T10:16:43.203+0000] {dag.py:3089} INFO - Sync 1 DAGs
[2026-02-28T10:16:43.223+0000] {logging_mixin.py:188} INFO - [2026-02-28T10:16:43.223+0000] {dag.py:3947} INFO - Setting next_dagrun for oltp_s3_dwh to 2026-02-01 00:00:00+00:00, run_after=2026-03-01 00:00:00+00:00
[2026-02-28T10:16:43.244+0000] {processor.py:183} INFO - Processing /opt/airflow/dags/oltp_s3_dwh.py took 0.549 seconds
[2026-02-28T10:17:13.691+0000] {processor.py:161} INFO - Started process (PID=3118) to work on /opt/airflow/dags/oltp_s3_dwh.py
[2026-02-28T10:17:13.692+0000] {processor.py:830} INFO - Processing file /opt/airflow/dags/oltp_s3_dwh.py for tasks to queue
[2026-02-28T10:17:13.694+0000] {logging_mixin.py:188} INFO - [2026-02-28T10:17:13.694+0000] {dagbag.py:545} INFO - Filling up the DagBag from /opt/airflow/dags/oltp_s3_dwh.py
[2026-02-28T10:17:14.150+0000] {processor.py:840} INFO - DAG(s) 'oltp_s3_dwh' retrieved from /opt/airflow/dags/oltp_s3_dwh.py
[2026-02-28T10:17:14.177+0000] {logging_mixin.py:188} INFO - [2026-02-28T10:17:14.176+0000] {dag.py:3089} INFO - Sync 1 DAGs
[2026-02-28T10:17:14.196+0000] {logging_mixin.py:188} INFO - [2026-02-28T10:17:14.196+0000] {dag.py:3947} INFO - Setting next_dagrun for oltp_s3_dwh to 2026-02-01 00:00:00+00:00, run_after=2026-03-01 00:00:00+00:00
[2026-02-28T10:17:14.220+0000] {processor.py:183} INFO - Processing /opt/airflow/dags/oltp_s3_dwh.py took 0.535 seconds
[2026-02-28T10:17:45.032+0000] {processor.py:161} INFO - Started process (PID=3150) to work on /opt/airflow/dags/oltp_s3_dwh.py
[2026-02-28T10:17:45.033+0000] {processor.py:830} INFO - Processing file /opt/airflow/dags/oltp_s3_dwh.py for tasks to queue
[2026-02-28T10:17:45.035+0000] {logging_mixin.py:188} INFO - [2026-02-28T10:17:45.035+0000] {dagbag.py:545} INFO - Filling up the DagBag from /opt/airflow/dags/oltp_s3_dwh.py
[2026-02-28T10:17:45.534+0000] {processor.py:840} INFO - DAG(s) 'oltp_s3_dwh' retrieved from /opt/airflow/dags/oltp_s3_dwh.py
[2026-02-28T10:17:45.573+0000] {logging_mixin.py:188} INFO - [2026-02-28T10:17:45.572+0000] {dag.py:3089} INFO - Sync 1 DAGs
[2026-02-28T10:17:45.647+0000] {logging_mixin.py:188} INFO - [2026-02-28T10:17:45.647+0000] {dag.py:3947} INFO - Setting next_dagrun for oltp_s3_dwh to 2026-02-01 00:00:00+00:00, run_after=2026-03-01 00:00:00+00:00
[2026-02-28T10:17:45.698+0000] {processor.py:183} INFO - Processing /opt/airflow/dags/oltp_s3_dwh.py took 0.674 seconds
[2026-02-28T10:18:16.348+0000] {processor.py:161} INFO - Started process (PID=3187) to work on /opt/airflow/dags/oltp_s3_dwh.py
[2026-02-28T10:18:16.349+0000] {processor.py:830} INFO - Processing file /opt/airflow/dags/oltp_s3_dwh.py for tasks to queue
[2026-02-28T10:18:16.351+0000] {logging_mixin.py:188} INFO - [2026-02-28T10:18:16.351+0000] {dagbag.py:545} INFO - Filling up the DagBag from /opt/airflow/dags/oltp_s3_dwh.py
[2026-02-28T10:18:16.932+0000] {processor.py:840} INFO - DAG(s) 'oltp_s3_dwh' retrieved from /opt/airflow/dags/oltp_s3_dwh.py
[2026-02-28T10:18:16.966+0000] {logging_mixin.py:188} INFO - [2026-02-28T10:18:16.966+0000] {dag.py:3089} INFO - Sync 1 DAGs
[2026-02-28T10:18:17.005+0000] {logging_mixin.py:188} INFO - [2026-02-28T10:18:17.004+0000] {dag.py:3947} INFO - Setting next_dagrun for oltp_s3_dwh to 2026-02-01 00:00:00+00:00, run_after=2026-03-01 00:00:00+00:00
[2026-02-28T10:18:17.071+0000] {processor.py:183} INFO - Processing /opt/airflow/dags/oltp_s3_dwh.py took 0.730 seconds
[2026-02-28T10:18:47.909+0000] {processor.py:161} INFO - Started process (PID=3218) to work on /opt/airflow/dags/oltp_s3_dwh.py
[2026-02-28T10:18:47.912+0000] {processor.py:830} INFO - Processing file /opt/airflow/dags/oltp_s3_dwh.py for tasks to queue
[2026-02-28T10:18:47.915+0000] {logging_mixin.py:188} INFO - [2026-02-28T10:18:47.914+0000] {dagbag.py:545} INFO - Filling up the DagBag from /opt/airflow/dags/oltp_s3_dwh.py
[2026-02-28T10:18:48.391+0000] {processor.py:840} INFO - DAG(s) 'oltp_s3_dwh' retrieved from /opt/airflow/dags/oltp_s3_dwh.py
[2026-02-28T10:18:48.419+0000] {logging_mixin.py:188} INFO - [2026-02-28T10:18:48.419+0000] {dag.py:3089} INFO - Sync 1 DAGs
[2026-02-28T10:18:48.440+0000] {logging_mixin.py:188} INFO - [2026-02-28T10:18:48.440+0000] {dag.py:3947} INFO - Setting next_dagrun for oltp_s3_dwh to 2026-02-01 00:00:00+00:00, run_after=2026-03-01 00:00:00+00:00
[2026-02-28T10:18:48.464+0000] {processor.py:183} INFO - Processing /opt/airflow/dags/oltp_s3_dwh.py took 0.565 seconds
[2026-02-28T10:19:19.222+0000] {processor.py:161} INFO - Started process (PID=3250) to work on /opt/airflow/dags/oltp_s3_dwh.py
[2026-02-28T10:19:19.224+0000] {processor.py:830} INFO - Processing file /opt/airflow/dags/oltp_s3_dwh.py for tasks to queue
[2026-02-28T10:19:19.226+0000] {logging_mixin.py:188} INFO - [2026-02-28T10:19:19.225+0000] {dagbag.py:545} INFO - Filling up the DagBag from /opt/airflow/dags/oltp_s3_dwh.py
[2026-02-28T10:19:19.697+0000] {processor.py:840} INFO - DAG(s) 'oltp_s3_dwh' retrieved from /opt/airflow/dags/oltp_s3_dwh.py
[2026-02-28T10:19:19.722+0000] {logging_mixin.py:188} INFO - [2026-02-28T10:19:19.721+0000] {dag.py:3089} INFO - Sync 1 DAGs
[2026-02-28T10:19:19.742+0000] {logging_mixin.py:188} INFO - [2026-02-28T10:19:19.742+0000] {dag.py:3947} INFO - Setting next_dagrun for oltp_s3_dwh to 2026-02-01 00:00:00+00:00, run_after=2026-03-01 00:00:00+00:00
[2026-02-28T10:19:19.762+0000] {processor.py:183} INFO - Processing /opt/airflow/dags/oltp_s3_dwh.py took 0.547 seconds
[2026-02-28T10:19:50.022+0000] {processor.py:161} INFO - Started process (PID=3288) to work on /opt/airflow/dags/oltp_s3_dwh.py
[2026-02-28T10:19:50.024+0000] {processor.py:830} INFO - Processing file /opt/airflow/dags/oltp_s3_dwh.py for tasks to queue
[2026-02-28T10:19:50.028+0000] {logging_mixin.py:188} INFO - [2026-02-28T10:19:50.027+0000] {dagbag.py:545} INFO - Filling up the DagBag from /opt/airflow/dags/oltp_s3_dwh.py
[2026-02-28T10:19:50.547+0000] {processor.py:840} INFO - DAG(s) 'oltp_s3_dwh' retrieved from /opt/airflow/dags/oltp_s3_dwh.py
[2026-02-28T10:19:50.576+0000] {logging_mixin.py:188} INFO - [2026-02-28T10:19:50.576+0000] {dag.py:3089} INFO - Sync 1 DAGs
[2026-02-28T10:19:50.603+0000] {logging_mixin.py:188} INFO - [2026-02-28T10:19:50.602+0000] {dag.py:3947} INFO - Setting next_dagrun for oltp_s3_dwh to 2026-02-01 00:00:00+00:00, run_after=2026-03-01 00:00:00+00:00
[2026-02-28T10:19:50.628+0000] {processor.py:183} INFO - Processing /opt/airflow/dags/oltp_s3_dwh.py took 0.612 seconds
[2026-02-28T10:20:21.247+0000] {processor.py:161} INFO - Started process (PID=3320) to work on /opt/airflow/dags/oltp_s3_dwh.py
[2026-02-28T10:20:21.248+0000] {processor.py:830} INFO - Processing file /opt/airflow/dags/oltp_s3_dwh.py for tasks to queue
[2026-02-28T10:20:21.250+0000] {logging_mixin.py:188} INFO - [2026-02-28T10:20:21.250+0000] {dagbag.py:545} INFO - Filling up the DagBag from /opt/airflow/dags/oltp_s3_dwh.py
[2026-02-28T10:20:21.758+0000] {processor.py:840} INFO - DAG(s) 'oltp_s3_dwh' retrieved from /opt/airflow/dags/oltp_s3_dwh.py
[2026-02-28T10:20:21.795+0000] {logging_mixin.py:188} INFO - [2026-02-28T10:20:21.794+0000] {dag.py:3089} INFO - Sync 1 DAGs
[2026-02-28T10:20:21.816+0000] {logging_mixin.py:188} INFO - [2026-02-28T10:20:21.816+0000] {dag.py:3947} INFO - Setting next_dagrun for oltp_s3_dwh to 2026-02-01 00:00:00+00:00, run_after=2026-03-01 00:00:00+00:00
[2026-02-28T10:20:21.855+0000] {processor.py:183} INFO - Processing /opt/airflow/dags/oltp_s3_dwh.py took 0.614 seconds
[2026-02-28T10:20:52.442+0000] {processor.py:161} INFO - Started process (PID=3352) to work on /opt/airflow/dags/oltp_s3_dwh.py
[2026-02-28T10:20:52.443+0000] {processor.py:830} INFO - Processing file /opt/airflow/dags/oltp_s3_dwh.py for tasks to queue
[2026-02-28T10:20:52.445+0000] {logging_mixin.py:188} INFO - [2026-02-28T10:20:52.445+0000] {dagbag.py:545} INFO - Filling up the DagBag from /opt/airflow/dags/oltp_s3_dwh.py
[2026-02-28T10:20:52.874+0000] {processor.py:840} INFO - DAG(s) 'oltp_s3_dwh' retrieved from /opt/airflow/dags/oltp_s3_dwh.py
[2026-02-28T10:20:52.897+0000] {logging_mixin.py:188} INFO - [2026-02-28T10:20:52.897+0000] {dag.py:3089} INFO - Sync 1 DAGs
[2026-02-28T10:20:52.917+0000] {logging_mixin.py:188} INFO - [2026-02-28T10:20:52.917+0000] {dag.py:3947} INFO - Setting next_dagrun for oltp_s3_dwh to 2026-02-01 00:00:00+00:00, run_after=2026-03-01 00:00:00+00:00
[2026-02-28T10:20:52.937+0000] {processor.py:183} INFO - Processing /opt/airflow/dags/oltp_s3_dwh.py took 0.501 seconds
[2026-02-28T10:21:23.233+0000] {processor.py:161} INFO - Started process (PID=3390) to work on /opt/airflow/dags/oltp_s3_dwh.py
[2026-02-28T10:21:23.235+0000] {processor.py:830} INFO - Processing file /opt/airflow/dags/oltp_s3_dwh.py for tasks to queue
[2026-02-28T10:21:23.237+0000] {logging_mixin.py:188} INFO - [2026-02-28T10:21:23.237+0000] {dagbag.py:545} INFO - Filling up the DagBag from /opt/airflow/dags/oltp_s3_dwh.py
[2026-02-28T10:21:23.902+0000] {processor.py:840} INFO - DAG(s) 'oltp_s3_dwh' retrieved from /opt/airflow/dags/oltp_s3_dwh.py
[2026-02-28T10:21:23.930+0000] {logging_mixin.py:188} INFO - [2026-02-28T10:21:23.930+0000] {dag.py:3089} INFO - Sync 1 DAGs
[2026-02-28T10:21:23.949+0000] {logging_mixin.py:188} INFO - [2026-02-28T10:21:23.949+0000] {dag.py:3947} INFO - Setting next_dagrun for oltp_s3_dwh to 2026-02-01 00:00:00+00:00, run_after=2026-03-01 00:00:00+00:00
[2026-02-28T10:21:23.972+0000] {processor.py:183} INFO - Processing /opt/airflow/dags/oltp_s3_dwh.py took 0.745 seconds
[2026-02-28T10:21:52.642+0000] {processor.py:161} INFO - Started process (PID=3421) to work on /opt/airflow/dags/oltp_s3_dwh.py
[2026-02-28T10:21:52.644+0000] {processor.py:830} INFO - Processing file /opt/airflow/dags/oltp_s3_dwh.py for tasks to queue
[2026-02-28T10:21:52.646+0000] {logging_mixin.py:188} INFO - [2026-02-28T10:21:52.646+0000] {dagbag.py:545} INFO - Filling up the DagBag from /opt/airflow/dags/oltp_s3_dwh.py
[2026-02-28T10:21:53.575+0000] {processor.py:840} INFO - DAG(s) 'oltp_s3_dwh' retrieved from /opt/airflow/dags/oltp_s3_dwh.py
[2026-02-28T10:21:53.623+0000] {logging_mixin.py:188} INFO - [2026-02-28T10:21:53.623+0000] {dag.py:3089} INFO - Sync 1 DAGs
[2026-02-28T10:21:53.669+0000] {logging_mixin.py:188} INFO - [2026-02-28T10:21:53.668+0000] {dag.py:3947} INFO - Setting next_dagrun for oltp_s3_dwh to 2026-02-01 00:00:00+00:00, run_after=2026-03-01 00:00:00+00:00
[2026-02-28T10:21:53.710+0000] {processor.py:183} INFO - Processing /opt/airflow/dags/oltp_s3_dwh.py took 1.075 seconds
[2026-02-28T10:22:24.258+0000] {processor.py:161} INFO - Started process (PID=3528) to work on /opt/airflow/dags/oltp_s3_dwh.py
[2026-02-28T10:22:24.259+0000] {processor.py:830} INFO - Processing file /opt/airflow/dags/oltp_s3_dwh.py for tasks to queue
[2026-02-28T10:22:24.262+0000] {logging_mixin.py:188} INFO - [2026-02-28T10:22:24.261+0000] {dagbag.py:545} INFO - Filling up the DagBag from /opt/airflow/dags/oltp_s3_dwh.py
[2026-02-28T10:22:24.686+0000] {processor.py:840} INFO - DAG(s) 'oltp_s3_dwh' retrieved from /opt/airflow/dags/oltp_s3_dwh.py
[2026-02-28T10:22:24.709+0000] {logging_mixin.py:188} INFO - [2026-02-28T10:22:24.708+0000] {dag.py:3089} INFO - Sync 1 DAGs
[2026-02-28T10:22:24.729+0000] {logging_mixin.py:188} INFO - [2026-02-28T10:22:24.728+0000] {dag.py:3947} INFO - Setting next_dagrun for oltp_s3_dwh to 2026-02-01 00:00:00+00:00, run_after=2026-03-01 00:00:00+00:00
[2026-02-28T10:22:24.750+0000] {processor.py:183} INFO - Processing /opt/airflow/dags/oltp_s3_dwh.py took 0.500 seconds
[2026-02-28T10:22:55.487+0000] {processor.py:161} INFO - Started process (PID=3559) to work on /opt/airflow/dags/oltp_s3_dwh.py
[2026-02-28T10:22:55.489+0000] {processor.py:830} INFO - Processing file /opt/airflow/dags/oltp_s3_dwh.py for tasks to queue
[2026-02-28T10:22:55.492+0000] {logging_mixin.py:188} INFO - [2026-02-28T10:22:55.491+0000] {dagbag.py:545} INFO - Filling up the DagBag from /opt/airflow/dags/oltp_s3_dwh.py
[2026-02-28T10:22:56.132+0000] {processor.py:840} INFO - DAG(s) 'oltp_s3_dwh' retrieved from /opt/airflow/dags/oltp_s3_dwh.py
[2026-02-28T10:22:56.167+0000] {logging_mixin.py:188} INFO - [2026-02-28T10:22:56.166+0000] {dag.py:3089} INFO - Sync 1 DAGs
[2026-02-28T10:22:56.192+0000] {logging_mixin.py:188} INFO - [2026-02-28T10:22:56.192+0000] {dag.py:3947} INFO - Setting next_dagrun for oltp_s3_dwh to 2026-02-01 00:00:00+00:00, run_after=2026-03-01 00:00:00+00:00
[2026-02-28T10:22:56.216+0000] {processor.py:183} INFO - Processing /opt/airflow/dags/oltp_s3_dwh.py took 0.736 seconds
[2026-02-28T10:23:26.316+0000] {processor.py:161} INFO - Started process (PID=3598) to work on /opt/airflow/dags/oltp_s3_dwh.py
[2026-02-28T10:23:26.317+0000] {processor.py:830} INFO - Processing file /opt/airflow/dags/oltp_s3_dwh.py for tasks to queue
[2026-02-28T10:23:26.319+0000] {logging_mixin.py:188} INFO - [2026-02-28T10:23:26.319+0000] {dagbag.py:545} INFO - Filling up the DagBag from /opt/airflow/dags/oltp_s3_dwh.py
[2026-02-28T10:23:26.769+0000] {processor.py:840} INFO - DAG(s) 'oltp_s3_dwh' retrieved from /opt/airflow/dags/oltp_s3_dwh.py
[2026-02-28T10:23:26.795+0000] {logging_mixin.py:188} INFO - [2026-02-28T10:23:26.794+0000] {dag.py:3089} INFO - Sync 1 DAGs
[2026-02-28T10:23:26.814+0000] {logging_mixin.py:188} INFO - [2026-02-28T10:23:26.814+0000] {dag.py:3947} INFO - Setting next_dagrun for oltp_s3_dwh to 2026-02-01 00:00:00+00:00, run_after=2026-03-01 00:00:00+00:00
[2026-02-28T10:23:26.834+0000] {processor.py:183} INFO - Processing /opt/airflow/dags/oltp_s3_dwh.py took 0.524 seconds
[2026-02-28T10:23:40.147+0000] {processor.py:161} INFO - Started process (PID=3617) to work on /opt/airflow/dags/oltp_s3_dwh.py
[2026-02-28T10:23:40.149+0000] {processor.py:830} INFO - Processing file /opt/airflow/dags/oltp_s3_dwh.py for tasks to queue
[2026-02-28T10:23:40.151+0000] {logging_mixin.py:188} INFO - [2026-02-28T10:23:40.151+0000] {dagbag.py:545} INFO - Filling up the DagBag from /opt/airflow/dags/oltp_s3_dwh.py
[2026-02-28T10:23:40.606+0000] {processor.py:840} INFO - DAG(s) 'oltp_s3_dwh' retrieved from /opt/airflow/dags/oltp_s3_dwh.py
[2026-02-28T10:23:40.630+0000] {logging_mixin.py:188} INFO - [2026-02-28T10:23:40.630+0000] {dag.py:3089} INFO - Sync 1 DAGs
[2026-02-28T10:23:40.647+0000] {logging_mixin.py:188} INFO - [2026-02-28T10:23:40.647+0000] {dag.py:3947} INFO - Setting next_dagrun for oltp_s3_dwh to 2026-02-01 00:00:00+00:00, run_after=2026-03-01 00:00:00+00:00
[2026-02-28T10:23:40.670+0000] {processor.py:183} INFO - Processing /opt/airflow/dags/oltp_s3_dwh.py took 0.530 seconds
[2026-02-28T10:24:10.842+0000] {processor.py:161} INFO - Started process (PID=3733) to work on /opt/airflow/dags/oltp_s3_dwh.py
[2026-02-28T10:24:10.844+0000] {processor.py:830} INFO - Processing file /opt/airflow/dags/oltp_s3_dwh.py for tasks to queue
[2026-02-28T10:24:10.846+0000] {logging_mixin.py:188} INFO - [2026-02-28T10:24:10.845+0000] {dagbag.py:545} INFO - Filling up the DagBag from /opt/airflow/dags/oltp_s3_dwh.py
[2026-02-28T10:24:11.265+0000] {processor.py:840} INFO - DAG(s) 'oltp_s3_dwh' retrieved from /opt/airflow/dags/oltp_s3_dwh.py
[2026-02-28T10:24:11.288+0000] {logging_mixin.py:188} INFO - [2026-02-28T10:24:11.288+0000] {dag.py:3089} INFO - Sync 1 DAGs
[2026-02-28T10:24:11.307+0000] {logging_mixin.py:188} INFO - [2026-02-28T10:24:11.306+0000] {dag.py:3947} INFO - Setting next_dagrun for oltp_s3_dwh to 2026-02-01 00:00:00+00:00, run_after=2026-03-01 00:00:00+00:00
[2026-02-28T10:24:11.324+0000] {processor.py:183} INFO - Processing /opt/airflow/dags/oltp_s3_dwh.py took 0.488 seconds
[2026-02-28T10:24:41.411+0000] {processor.py:161} INFO - Started process (PID=3763) to work on /opt/airflow/dags/oltp_s3_dwh.py
[2026-02-28T10:24:41.413+0000] {processor.py:830} INFO - Processing file /opt/airflow/dags/oltp_s3_dwh.py for tasks to queue
[2026-02-28T10:24:41.415+0000] {logging_mixin.py:188} INFO - [2026-02-28T10:24:41.414+0000] {dagbag.py:545} INFO - Filling up the DagBag from /opt/airflow/dags/oltp_s3_dwh.py
[2026-02-28T10:24:41.926+0000] {processor.py:840} INFO - DAG(s) 'oltp_s3_dwh' retrieved from /opt/airflow/dags/oltp_s3_dwh.py
[2026-02-28T10:24:41.954+0000] {logging_mixin.py:188} INFO - [2026-02-28T10:24:41.954+0000] {dag.py:3089} INFO - Sync 1 DAGs
[2026-02-28T10:24:41.978+0000] {logging_mixin.py:188} INFO - [2026-02-28T10:24:41.977+0000] {dag.py:3947} INFO - Setting next_dagrun for oltp_s3_dwh to 2026-02-01 00:00:00+00:00, run_after=2026-03-01 00:00:00+00:00
[2026-02-28T10:24:42.006+0000] {processor.py:183} INFO - Processing /opt/airflow/dags/oltp_s3_dwh.py took 0.601 seconds
[2026-02-28T10:25:12.130+0000] {processor.py:161} INFO - Started process (PID=3800) to work on /opt/airflow/dags/oltp_s3_dwh.py
[2026-02-28T10:25:12.131+0000] {processor.py:830} INFO - Processing file /opt/airflow/dags/oltp_s3_dwh.py for tasks to queue
[2026-02-28T10:25:12.133+0000] {logging_mixin.py:188} INFO - [2026-02-28T10:25:12.133+0000] {dagbag.py:545} INFO - Filling up the DagBag from /opt/airflow/dags/oltp_s3_dwh.py
[2026-02-28T10:25:12.572+0000] {processor.py:840} INFO - DAG(s) 'oltp_s3_dwh' retrieved from /opt/airflow/dags/oltp_s3_dwh.py
[2026-02-28T10:25:12.597+0000] {logging_mixin.py:188} INFO - [2026-02-28T10:25:12.596+0000] {dag.py:3089} INFO - Sync 1 DAGs
[2026-02-28T10:25:12.616+0000] {logging_mixin.py:188} INFO - [2026-02-28T10:25:12.616+0000] {dag.py:3947} INFO - Setting next_dagrun for oltp_s3_dwh to 2026-02-01 00:00:00+00:00, run_after=2026-03-01 00:00:00+00:00
[2026-02-28T10:25:12.635+0000] {processor.py:183} INFO - Processing /opt/airflow/dags/oltp_s3_dwh.py took 0.511 seconds
[2026-02-28T10:25:42.951+0000] {processor.py:161} INFO - Started process (PID=3831) to work on /opt/airflow/dags/oltp_s3_dwh.py
[2026-02-28T10:25:42.952+0000] {processor.py:830} INFO - Processing file /opt/airflow/dags/oltp_s3_dwh.py for tasks to queue
[2026-02-28T10:25:42.954+0000] {logging_mixin.py:188} INFO - [2026-02-28T10:25:42.954+0000] {dagbag.py:545} INFO - Filling up the DagBag from /opt/airflow/dags/oltp_s3_dwh.py
[2026-02-28T10:25:43.414+0000] {processor.py:840} INFO - DAG(s) 'oltp_s3_dwh' retrieved from /opt/airflow/dags/oltp_s3_dwh.py
[2026-02-28T10:25:43.438+0000] {logging_mixin.py:188} INFO - [2026-02-28T10:25:43.438+0000] {dag.py:3089} INFO - Sync 1 DAGs
[2026-02-28T10:25:43.456+0000] {logging_mixin.py:188} INFO - [2026-02-28T10:25:43.456+0000] {dag.py:3947} INFO - Setting next_dagrun for oltp_s3_dwh to 2026-02-01 00:00:00+00:00, run_after=2026-03-01 00:00:00+00:00
[2026-02-28T10:25:43.475+0000] {processor.py:183} INFO - Processing /opt/airflow/dags/oltp_s3_dwh.py took 0.531 seconds
[2026-02-28T10:26:13.703+0000] {processor.py:161} INFO - Started process (PID=3863) to work on /opt/airflow/dags/oltp_s3_dwh.py
[2026-02-28T10:26:13.705+0000] {processor.py:830} INFO - Processing file /opt/airflow/dags/oltp_s3_dwh.py for tasks to queue
[2026-02-28T10:26:13.707+0000] {logging_mixin.py:188} INFO - [2026-02-28T10:26:13.707+0000] {dagbag.py:545} INFO - Filling up the DagBag from /opt/airflow/dags/oltp_s3_dwh.py
[2026-02-28T10:26:14.408+0000] {processor.py:840} INFO - DAG(s) 'oltp_s3_dwh' retrieved from /opt/airflow/dags/oltp_s3_dwh.py
[2026-02-28T10:26:14.456+0000] {logging_mixin.py:188} INFO - [2026-02-28T10:26:14.456+0000] {dag.py:3089} INFO - Sync 1 DAGs
[2026-02-28T10:26:14.478+0000] {logging_mixin.py:188} INFO - [2026-02-28T10:26:14.478+0000] {dag.py:3947} INFO - Setting next_dagrun for oltp_s3_dwh to 2026-02-01 00:00:00+00:00, run_after=2026-03-01 00:00:00+00:00
[2026-02-28T10:26:14.504+0000] {processor.py:183} INFO - Processing /opt/airflow/dags/oltp_s3_dwh.py took 0.808 seconds
[2026-02-28T10:26:44.653+0000] {processor.py:161} INFO - Started process (PID=3901) to work on /opt/airflow/dags/oltp_s3_dwh.py
[2026-02-28T10:26:44.654+0000] {processor.py:830} INFO - Processing file /opt/airflow/dags/oltp_s3_dwh.py for tasks to queue
[2026-02-28T10:26:44.657+0000] {logging_mixin.py:188} INFO - [2026-02-28T10:26:44.656+0000] {dagbag.py:545} INFO - Filling up the DagBag from /opt/airflow/dags/oltp_s3_dwh.py
[2026-02-28T10:26:45.107+0000] {processor.py:840} INFO - DAG(s) 'oltp_s3_dwh' retrieved from /opt/airflow/dags/oltp_s3_dwh.py
[2026-02-28T10:26:45.129+0000] {logging_mixin.py:188} INFO - [2026-02-28T10:26:45.129+0000] {dag.py:3089} INFO - Sync 1 DAGs
[2026-02-28T10:26:45.150+0000] {logging_mixin.py:188} INFO - [2026-02-28T10:26:45.150+0000] {dag.py:3947} INFO - Setting next_dagrun for oltp_s3_dwh to 2026-02-01 00:00:00+00:00, run_after=2026-03-01 00:00:00+00:00
[2026-02-28T10:26:45.170+0000] {processor.py:183} INFO - Processing /opt/airflow/dags/oltp_s3_dwh.py took 0.525 seconds
[2026-02-28T10:27:15.343+0000] {processor.py:161} INFO - Started process (PID=3933) to work on /opt/airflow/dags/oltp_s3_dwh.py
[2026-02-28T10:27:15.345+0000] {processor.py:830} INFO - Processing file /opt/airflow/dags/oltp_s3_dwh.py for tasks to queue
[2026-02-28T10:27:15.347+0000] {logging_mixin.py:188} INFO - [2026-02-28T10:27:15.346+0000] {dagbag.py:545} INFO - Filling up the DagBag from /opt/airflow/dags/oltp_s3_dwh.py
[2026-02-28T10:27:15.788+0000] {processor.py:840} INFO - DAG(s) 'oltp_s3_dwh' retrieved from /opt/airflow/dags/oltp_s3_dwh.py
[2026-02-28T10:27:15.811+0000] {logging_mixin.py:188} INFO - [2026-02-28T10:27:15.810+0000] {dag.py:3089} INFO - Sync 1 DAGs
[2026-02-28T10:27:15.835+0000] {logging_mixin.py:188} INFO - [2026-02-28T10:27:15.835+0000] {dag.py:3947} INFO - Setting next_dagrun for oltp_s3_dwh to 2026-02-01 00:00:00+00:00, run_after=2026-03-01 00:00:00+00:00
[2026-02-28T10:27:15.869+0000] {processor.py:183} INFO - Processing /opt/airflow/dags/oltp_s3_dwh.py took 0.531 seconds
[2026-02-28T10:27:46.299+0000] {processor.py:161} INFO - Started process (PID=3971) to work on /opt/airflow/dags/oltp_s3_dwh.py
[2026-02-28T10:27:46.300+0000] {processor.py:830} INFO - Processing file /opt/airflow/dags/oltp_s3_dwh.py for tasks to queue
[2026-02-28T10:27:46.303+0000] {logging_mixin.py:188} INFO - [2026-02-28T10:27:46.302+0000] {dagbag.py:545} INFO - Filling up the DagBag from /opt/airflow/dags/oltp_s3_dwh.py
[2026-02-28T10:27:47.030+0000] {processor.py:840} INFO - DAG(s) 'oltp_s3_dwh' retrieved from /opt/airflow/dags/oltp_s3_dwh.py
[2026-02-28T10:27:47.099+0000] {logging_mixin.py:188} INFO - [2026-02-28T10:27:47.098+0000] {dag.py:3089} INFO - Sync 1 DAGs
[2026-02-28T10:27:47.206+0000] {logging_mixin.py:188} INFO - [2026-02-28T10:27:47.206+0000] {dag.py:3947} INFO - Setting next_dagrun for oltp_s3_dwh to 2026-02-01 00:00:00+00:00, run_after=2026-03-01 00:00:00+00:00
[2026-02-28T10:27:47.250+0000] {processor.py:183} INFO - Processing /opt/airflow/dags/oltp_s3_dwh.py took 0.959 seconds
[2026-02-28T10:28:17.492+0000] {processor.py:161} INFO - Started process (PID=4002) to work on /opt/airflow/dags/oltp_s3_dwh.py
[2026-02-28T10:28:17.494+0000] {processor.py:830} INFO - Processing file /opt/airflow/dags/oltp_s3_dwh.py for tasks to queue
[2026-02-28T10:28:17.496+0000] {logging_mixin.py:188} INFO - [2026-02-28T10:28:17.496+0000] {dagbag.py:545} INFO - Filling up the DagBag from /opt/airflow/dags/oltp_s3_dwh.py
[2026-02-28T10:28:17.949+0000] {processor.py:840} INFO - DAG(s) 'oltp_s3_dwh' retrieved from /opt/airflow/dags/oltp_s3_dwh.py
[2026-02-28T10:28:17.973+0000] {logging_mixin.py:188} INFO - [2026-02-28T10:28:17.973+0000] {dag.py:3089} INFO - Sync 1 DAGs
[2026-02-28T10:28:17.992+0000] {logging_mixin.py:188} INFO - [2026-02-28T10:28:17.992+0000] {dag.py:3947} INFO - Setting next_dagrun for oltp_s3_dwh to 2026-02-01 00:00:00+00:00, run_after=2026-03-01 00:00:00+00:00
[2026-02-28T10:28:18.010+0000] {processor.py:183} INFO - Processing /opt/airflow/dags/oltp_s3_dwh.py took 0.524 seconds
[2026-02-28T10:28:48.100+0000] {processor.py:161} INFO - Started process (PID=4035) to work on /opt/airflow/dags/oltp_s3_dwh.py
[2026-02-28T10:28:48.101+0000] {processor.py:830} INFO - Processing file /opt/airflow/dags/oltp_s3_dwh.py for tasks to queue
[2026-02-28T10:28:48.103+0000] {logging_mixin.py:188} INFO - [2026-02-28T10:28:48.103+0000] {dagbag.py:545} INFO - Filling up the DagBag from /opt/airflow/dags/oltp_s3_dwh.py
[2026-02-28T10:28:48.597+0000] {processor.py:840} INFO - DAG(s) 'oltp_s3_dwh' retrieved from /opt/airflow/dags/oltp_s3_dwh.py
[2026-02-28T10:28:48.656+0000] {logging_mixin.py:188} INFO - [2026-02-28T10:28:48.655+0000] {dag.py:3089} INFO - Sync 1 DAGs
[2026-02-28T10:28:48.696+0000] {logging_mixin.py:188} INFO - [2026-02-28T10:28:48.696+0000] {dag.py:3947} INFO - Setting next_dagrun for oltp_s3_dwh to 2026-02-01 00:00:00+00:00, run_after=2026-03-01 00:00:00+00:00
[2026-02-28T10:28:48.770+0000] {processor.py:183} INFO - Processing /opt/airflow/dags/oltp_s3_dwh.py took 0.676 seconds
[2026-02-28T10:29:19.532+0000] {processor.py:161} INFO - Started process (PID=4078) to work on /opt/airflow/dags/oltp_s3_dwh.py
[2026-02-28T10:29:19.534+0000] {processor.py:830} INFO - Processing file /opt/airflow/dags/oltp_s3_dwh.py for tasks to queue
[2026-02-28T10:29:19.537+0000] {logging_mixin.py:188} INFO - [2026-02-28T10:29:19.536+0000] {dagbag.py:545} INFO - Filling up the DagBag from /opt/airflow/dags/oltp_s3_dwh.py
[2026-02-28T10:29:20.045+0000] {processor.py:840} INFO - DAG(s) 'oltp_s3_dwh' retrieved from /opt/airflow/dags/oltp_s3_dwh.py
[2026-02-28T10:29:20.068+0000] {logging_mixin.py:188} INFO - [2026-02-28T10:29:20.067+0000] {dag.py:3089} INFO - Sync 1 DAGs
[2026-02-28T10:29:20.087+0000] {logging_mixin.py:188} INFO - [2026-02-28T10:29:20.087+0000] {dag.py:3947} INFO - Setting next_dagrun for oltp_s3_dwh to 2026-02-01 00:00:00+00:00, run_after=2026-03-01 00:00:00+00:00
[2026-02-28T10:29:20.108+0000] {processor.py:183} INFO - Processing /opt/airflow/dags/oltp_s3_dwh.py took 0.583 seconds
[2026-02-28T10:29:50.573+0000] {processor.py:161} INFO - Started process (PID=4109) to work on /opt/airflow/dags/oltp_s3_dwh.py
[2026-02-28T10:29:50.575+0000] {processor.py:830} INFO - Processing file /opt/airflow/dags/oltp_s3_dwh.py for tasks to queue
[2026-02-28T10:29:50.578+0000] {logging_mixin.py:188} INFO - [2026-02-28T10:29:50.577+0000] {dagbag.py:545} INFO - Filling up the DagBag from /opt/airflow/dags/oltp_s3_dwh.py
[2026-02-28T10:29:51.061+0000] {processor.py:840} INFO - DAG(s) 'oltp_s3_dwh' retrieved from /opt/airflow/dags/oltp_s3_dwh.py
[2026-02-28T10:29:51.089+0000] {logging_mixin.py:188} INFO - [2026-02-28T10:29:51.088+0000] {dag.py:3089} INFO - Sync 1 DAGs
[2026-02-28T10:29:51.112+0000] {logging_mixin.py:188} INFO - [2026-02-28T10:29:51.112+0000] {dag.py:3947} INFO - Setting next_dagrun for oltp_s3_dwh to 2026-02-01 00:00:00+00:00, run_after=2026-03-01 00:00:00+00:00
[2026-02-28T10:29:51.142+0000] {processor.py:183} INFO - Processing /opt/airflow/dags/oltp_s3_dwh.py took 0.575 seconds
[2026-02-28T10:30:21.361+0000] {processor.py:161} INFO - Started process (PID=4140) to work on /opt/airflow/dags/oltp_s3_dwh.py
[2026-02-28T10:30:21.362+0000] {processor.py:830} INFO - Processing file /opt/airflow/dags/oltp_s3_dwh.py for tasks to queue
[2026-02-28T10:30:21.364+0000] {logging_mixin.py:188} INFO - [2026-02-28T10:30:21.364+0000] {dagbag.py:545} INFO - Filling up the DagBag from /opt/airflow/dags/oltp_s3_dwh.py
[2026-02-28T10:30:21.827+0000] {processor.py:840} INFO - DAG(s) 'oltp_s3_dwh' retrieved from /opt/airflow/dags/oltp_s3_dwh.py
[2026-02-28T10:30:21.852+0000] {logging_mixin.py:188} INFO - [2026-02-28T10:30:21.851+0000] {dag.py:3089} INFO - Sync 1 DAGs
[2026-02-28T10:30:21.869+0000] {logging_mixin.py:188} INFO - [2026-02-28T10:30:21.869+0000] {dag.py:3947} INFO - Setting next_dagrun for oltp_s3_dwh to 2026-02-01 00:00:00+00:00, run_after=2026-03-01 00:00:00+00:00
[2026-02-28T10:30:21.887+0000] {processor.py:183} INFO - Processing /opt/airflow/dags/oltp_s3_dwh.py took 0.532 seconds
[2026-02-28T10:30:52.048+0000] {processor.py:161} INFO - Started process (PID=4178) to work on /opt/airflow/dags/oltp_s3_dwh.py
[2026-02-28T10:30:52.049+0000] {processor.py:830} INFO - Processing file /opt/airflow/dags/oltp_s3_dwh.py for tasks to queue
[2026-02-28T10:30:52.051+0000] {logging_mixin.py:188} INFO - [2026-02-28T10:30:52.051+0000] {dagbag.py:545} INFO - Filling up the DagBag from /opt/airflow/dags/oltp_s3_dwh.py
[2026-02-28T10:30:52.473+0000] {processor.py:840} INFO - DAG(s) 'oltp_s3_dwh' retrieved from /opt/airflow/dags/oltp_s3_dwh.py
[2026-02-28T10:30:52.498+0000] {logging_mixin.py:188} INFO - [2026-02-28T10:30:52.498+0000] {dag.py:3089} INFO - Sync 1 DAGs
[2026-02-28T10:30:52.518+0000] {logging_mixin.py:188} INFO - [2026-02-28T10:30:52.518+0000] {dag.py:3947} INFO - Setting next_dagrun for oltp_s3_dwh to 2026-02-01 00:00:00+00:00, run_after=2026-03-01 00:00:00+00:00
[2026-02-28T10:30:52.549+0000] {processor.py:183} INFO - Processing /opt/airflow/dags/oltp_s3_dwh.py took 0.507 seconds
[2026-02-28T10:30:59.688+0000] {processor.py:161} INFO - Started process (PID=4184) to work on /opt/airflow/dags/oltp_s3_dwh.py
[2026-02-28T10:30:59.690+0000] {processor.py:830} INFO - Processing file /opt/airflow/dags/oltp_s3_dwh.py for tasks to queue
[2026-02-28T10:30:59.692+0000] {logging_mixin.py:188} INFO - [2026-02-28T10:30:59.692+0000] {dagbag.py:545} INFO - Filling up the DagBag from /opt/airflow/dags/oltp_s3_dwh.py
[2026-02-28T10:31:00.235+0000] {processor.py:840} INFO - DAG(s) 'oltp_s3_dwh' retrieved from /opt/airflow/dags/oltp_s3_dwh.py
[2026-02-28T10:31:00.263+0000] {logging_mixin.py:188} INFO - [2026-02-28T10:31:00.262+0000] {dag.py:3089} INFO - Sync 1 DAGs
[2026-02-28T10:31:00.287+0000] {logging_mixin.py:188} INFO - [2026-02-28T10:31:00.287+0000] {dag.py:3947} INFO - Setting next_dagrun for oltp_s3_dwh to 2026-02-01 00:00:00+00:00, run_after=2026-03-01 00:00:00+00:00
[2026-02-28T10:31:00.315+0000] {processor.py:183} INFO - Processing /opt/airflow/dags/oltp_s3_dwh.py took 0.633 seconds
[2026-02-28T10:31:30.618+0000] {processor.py:161} INFO - Started process (PID=4278) to work on /opt/airflow/dags/oltp_s3_dwh.py
[2026-02-28T10:31:30.620+0000] {processor.py:830} INFO - Processing file /opt/airflow/dags/oltp_s3_dwh.py for tasks to queue
[2026-02-28T10:31:30.629+0000] {logging_mixin.py:188} INFO - [2026-02-28T10:31:30.629+0000] {dagbag.py:545} INFO - Filling up the DagBag from /opt/airflow/dags/oltp_s3_dwh.py
[2026-02-28T10:31:31.758+0000] {processor.py:840} INFO - DAG(s) 'oltp_s3_dwh' retrieved from /opt/airflow/dags/oltp_s3_dwh.py
[2026-02-28T10:31:31.783+0000] {logging_mixin.py:188} INFO - [2026-02-28T10:31:31.783+0000] {dag.py:3089} INFO - Sync 1 DAGs
[2026-02-28T10:31:31.842+0000] {processor.py:183} INFO - Processing /opt/airflow/dags/oltp_s3_dwh.py took 1.236 seconds
[2026-02-28T10:32:02.107+0000] {processor.py:161} INFO - Started process (PID=4339) to work on /opt/airflow/dags/oltp_s3_dwh.py
[2026-02-28T10:32:02.109+0000] {processor.py:830} INFO - Processing file /opt/airflow/dags/oltp_s3_dwh.py for tasks to queue
[2026-02-28T10:32:02.111+0000] {logging_mixin.py:188} INFO - [2026-02-28T10:32:02.111+0000] {dagbag.py:545} INFO - Filling up the DagBag from /opt/airflow/dags/oltp_s3_dwh.py
[2026-02-28T10:32:02.706+0000] {processor.py:840} INFO - DAG(s) 'oltp_s3_dwh' retrieved from /opt/airflow/dags/oltp_s3_dwh.py
[2026-02-28T10:32:02.730+0000] {logging_mixin.py:188} INFO - [2026-02-28T10:32:02.730+0000] {dag.py:3089} INFO - Sync 1 DAGs
[2026-02-28T10:32:02.750+0000] {logging_mixin.py:188} INFO - [2026-02-28T10:32:02.750+0000] {dag.py:3947} INFO - Setting next_dagrun for oltp_s3_dwh to 2026-02-01 00:00:00+00:00, run_after=2026-03-01 00:00:00+00:00
[2026-02-28T10:32:02.772+0000] {processor.py:183} INFO - Processing /opt/airflow/dags/oltp_s3_dwh.py took 0.517 seconds
[2026-02-28T10:32:32.922+0000] {processor.py:161} INFO - Started process (PID=4371) to work on /opt/airflow/dags/oltp_s3_dwh.py
[2026-02-28T10:32:32.924+0000] {processor.py:830} INFO - Processing file /opt/airflow/dags/oltp_s3_dwh.py for tasks to queue
[2026-02-28T10:32:32.927+0000] {logging_mixin.py:188} INFO - [2026-02-28T10:32:32.926+0000] {dagbag.py:545} INFO - Filling up the DagBag from /opt/airflow/dags/oltp_s3_dwh.py
[2026-02-28T10:32:33.425+0000] {processor.py:840} INFO - DAG(s) 'oltp_s3_dwh' retrieved from /opt/airflow/dags/oltp_s3_dwh.py
[2026-02-28T10:32:33.451+0000] {logging_mixin.py:188} INFO - [2026-02-28T10:32:33.450+0000] {dag.py:3089} INFO - Sync 1 DAGs
[2026-02-28T10:32:33.476+0000] {logging_mixin.py:188} INFO - [2026-02-28T10:32:33.475+0000] {dag.py:3947} INFO - Setting next_dagrun for oltp_s3_dwh to 2026-02-01 00:00:00+00:00, run_after=2026-03-01 00:00:00+00:00
[2026-02-28T10:32:33.496+0000] {processor.py:183} INFO - Processing /opt/airflow/dags/oltp_s3_dwh.py took 0.580 seconds
[2026-02-28T10:33:04.059+0000] {processor.py:161} INFO - Started process (PID=4410) to work on /opt/airflow/dags/oltp_s3_dwh.py
[2026-02-28T10:33:04.061+0000] {processor.py:830} INFO - Processing file /opt/airflow/dags/oltp_s3_dwh.py for tasks to queue
[2026-02-28T10:33:04.063+0000] {logging_mixin.py:188} INFO - [2026-02-28T10:33:04.063+0000] {dagbag.py:545} INFO - Filling up the DagBag from /opt/airflow/dags/oltp_s3_dwh.py
[2026-02-28T10:33:04.588+0000] {processor.py:840} INFO - DAG(s) 'oltp_s3_dwh' retrieved from /opt/airflow/dags/oltp_s3_dwh.py
[2026-02-28T10:33:04.613+0000] {logging_mixin.py:188} INFO - [2026-02-28T10:33:04.612+0000] {dag.py:3089} INFO - Sync 1 DAGs
[2026-02-28T10:33:04.632+0000] {logging_mixin.py:188} INFO - [2026-02-28T10:33:04.632+0000] {dag.py:3947} INFO - Setting next_dagrun for oltp_s3_dwh to 2026-02-01 00:00:00+00:00, run_after=2026-03-01 00:00:00+00:00
[2026-02-28T10:33:04.656+0000] {processor.py:183} INFO - Processing /opt/airflow/dags/oltp_s3_dwh.py took 0.603 seconds
[2026-02-28T10:33:31.094+0000] {processor.py:161} INFO - Started process (PID=4442) to work on /opt/airflow/dags/oltp_s3_dwh.py
[2026-02-28T10:33:31.095+0000] {processor.py:830} INFO - Processing file /opt/airflow/dags/oltp_s3_dwh.py for tasks to queue
[2026-02-28T10:33:31.098+0000] {logging_mixin.py:188} INFO - [2026-02-28T10:33:31.097+0000] {dagbag.py:545} INFO - Filling up the DagBag from /opt/airflow/dags/oltp_s3_dwh.py
[2026-02-28T10:33:31.609+0000] {processor.py:840} INFO - DAG(s) 'oltp_s3_dwh' retrieved from /opt/airflow/dags/oltp_s3_dwh.py
[2026-02-28T10:33:31.630+0000] {logging_mixin.py:188} INFO - [2026-02-28T10:33:31.630+0000] {dag.py:3089} INFO - Sync 1 DAGs
[2026-02-28T10:33:31.649+0000] {logging_mixin.py:188} INFO - [2026-02-28T10:33:31.649+0000] {dag.py:3947} INFO - Setting next_dagrun for oltp_s3_dwh to 2026-02-01 00:00:00+00:00, run_after=2026-03-01 00:00:00+00:00
[2026-02-28T10:33:31.677+0000] {processor.py:183} INFO - Processing /opt/airflow/dags/oltp_s3_dwh.py took 0.589 seconds
[2026-02-28T10:34:02.389+0000] {processor.py:161} INFO - Started process (PID=4473) to work on /opt/airflow/dags/oltp_s3_dwh.py
[2026-02-28T10:34:02.390+0000] {processor.py:830} INFO - Processing file /opt/airflow/dags/oltp_s3_dwh.py for tasks to queue
[2026-02-28T10:34:02.393+0000] {logging_mixin.py:188} INFO - [2026-02-28T10:34:02.393+0000] {dagbag.py:545} INFO - Filling up the DagBag from /opt/airflow/dags/oltp_s3_dwh.py
[2026-02-28T10:34:03.024+0000] {processor.py:840} INFO - DAG(s) 'oltp_s3_dwh' retrieved from /opt/airflow/dags/oltp_s3_dwh.py
[2026-02-28T10:34:03.061+0000] {logging_mixin.py:188} INFO - [2026-02-28T10:34:03.060+0000] {dag.py:3089} INFO - Sync 1 DAGs
[2026-02-28T10:34:03.083+0000] {logging_mixin.py:188} INFO - [2026-02-28T10:34:03.083+0000] {dag.py:3947} INFO - Setting next_dagrun for oltp_s3_dwh to 2026-02-01 00:00:00+00:00, run_after=2026-03-01 00:00:00+00:00
[2026-02-28T10:34:03.105+0000] {processor.py:183} INFO - Processing /opt/airflow/dags/oltp_s3_dwh.py took 0.567 seconds
[2026-02-28T10:34:33.261+0000] {processor.py:161} INFO - Started process (PID=4535) to work on /opt/airflow/dags/oltp_s3_dwh.py
[2026-02-28T10:34:33.262+0000] {processor.py:830} INFO - Processing file /opt/airflow/dags/oltp_s3_dwh.py for tasks to queue
[2026-02-28T10:34:33.265+0000] {logging_mixin.py:188} INFO - [2026-02-28T10:34:33.265+0000] {dagbag.py:545} INFO - Filling up the DagBag from /opt/airflow/dags/oltp_s3_dwh.py
[2026-02-28T10:34:33.791+0000] {processor.py:840} INFO - DAG(s) 'oltp_s3_dwh' retrieved from /opt/airflow/dags/oltp_s3_dwh.py
[2026-02-28T10:34:33.821+0000] {logging_mixin.py:188} INFO - [2026-02-28T10:34:33.820+0000] {dag.py:3089} INFO - Sync 1 DAGs
[2026-02-28T10:34:33.843+0000] {logging_mixin.py:188} INFO - [2026-02-28T10:34:33.842+0000] {dag.py:3947} INFO - Setting next_dagrun for oltp_s3_dwh to 2026-02-01 00:00:00+00:00, run_after=2026-03-01 00:00:00+00:00
[2026-02-28T10:34:33.869+0000] {processor.py:183} INFO - Processing /opt/airflow/dags/oltp_s3_dwh.py took 0.615 seconds
[2026-02-28T10:35:04.645+0000] {processor.py:161} INFO - Started process (PID=4566) to work on /opt/airflow/dags/oltp_s3_dwh.py
[2026-02-28T10:35:04.648+0000] {processor.py:830} INFO - Processing file /opt/airflow/dags/oltp_s3_dwh.py for tasks to queue
[2026-02-28T10:35:04.650+0000] {logging_mixin.py:188} INFO - [2026-02-28T10:35:04.650+0000] {dagbag.py:545} INFO - Filling up the DagBag from /opt/airflow/dags/oltp_s3_dwh.py
[2026-02-28T10:35:05.118+0000] {processor.py:840} INFO - DAG(s) 'oltp_s3_dwh' retrieved from /opt/airflow/dags/oltp_s3_dwh.py
[2026-02-28T10:35:05.146+0000] {logging_mixin.py:188} INFO - [2026-02-28T10:35:05.145+0000] {dag.py:3089} INFO - Sync 1 DAGs
[2026-02-28T10:35:05.168+0000] {logging_mixin.py:188} INFO - [2026-02-28T10:35:05.168+0000] {dag.py:3947} INFO - Setting next_dagrun for oltp_s3_dwh to 2026-02-01 00:00:00+00:00, run_after=2026-03-01 00:00:00+00:00
[2026-02-28T10:35:05.192+0000] {processor.py:183} INFO - Processing /opt/airflow/dags/oltp_s3_dwh.py took 0.553 seconds
[2026-02-28T10:35:17.365+0000] {processor.py:161} INFO - Started process (PID=4579) to work on /opt/airflow/dags/oltp_s3_dwh.py
[2026-02-28T10:35:17.366+0000] {processor.py:830} INFO - Processing file /opt/airflow/dags/oltp_s3_dwh.py for tasks to queue
[2026-02-28T10:35:17.369+0000] {logging_mixin.py:188} INFO - [2026-02-28T10:35:17.368+0000] {dagbag.py:545} INFO - Filling up the DagBag from /opt/airflow/dags/oltp_s3_dwh.py
[2026-02-28T10:35:17.863+0000] {processor.py:840} INFO - DAG(s) 'oltp_s3_dwh' retrieved from /opt/airflow/dags/oltp_s3_dwh.py
[2026-02-28T10:35:17.887+0000] {logging_mixin.py:188} INFO - [2026-02-28T10:35:17.886+0000] {dag.py:3089} INFO - Sync 1 DAGs
[2026-02-28T10:35:17.905+0000] {logging_mixin.py:188} INFO - [2026-02-28T10:35:17.905+0000] {dag.py:3947} INFO - Setting next_dagrun for oltp_s3_dwh to 2026-02-01 00:00:00+00:00, run_after=2026-03-01 00:00:00+00:00
[2026-02-28T10:35:17.932+0000] {processor.py:183} INFO - Processing /opt/airflow/dags/oltp_s3_dwh.py took 0.574 seconds
[2026-02-28T10:35:48.510+0000] {processor.py:161} INFO - Started process (PID=4696) to work on /opt/airflow/dags/oltp_s3_dwh.py
[2026-02-28T10:35:48.511+0000] {processor.py:830} INFO - Processing file /opt/airflow/dags/oltp_s3_dwh.py for tasks to queue
[2026-02-28T10:35:48.514+0000] {logging_mixin.py:188} INFO - [2026-02-28T10:35:48.513+0000] {dagbag.py:545} INFO - Filling up the DagBag from /opt/airflow/dags/oltp_s3_dwh.py
[2026-02-28T10:35:49.039+0000] {processor.py:840} INFO - DAG(s) 'oltp_s3_dwh' retrieved from /opt/airflow/dags/oltp_s3_dwh.py
[2026-02-28T10:35:49.066+0000] {logging_mixin.py:188} INFO - [2026-02-28T10:35:49.065+0000] {dag.py:3089} INFO - Sync 1 DAGs
[2026-02-28T10:35:49.088+0000] {logging_mixin.py:188} INFO - [2026-02-28T10:35:49.087+0000] {dag.py:3947} INFO - Setting next_dagrun for oltp_s3_dwh to 2026-02-01 00:00:00+00:00, run_after=2026-03-01 00:00:00+00:00
[2026-02-28T10:35:49.108+0000] {processor.py:183} INFO - Processing /opt/airflow/dags/oltp_s3_dwh.py took 0.606 seconds
[2026-02-28T10:36:19.390+0000] {processor.py:161} INFO - Started process (PID=4727) to work on /opt/airflow/dags/oltp_s3_dwh.py
[2026-02-28T10:36:19.394+0000] {processor.py:830} INFO - Processing file /opt/airflow/dags/oltp_s3_dwh.py for tasks to queue
[2026-02-28T10:36:19.399+0000] {logging_mixin.py:188} INFO - [2026-02-28T10:36:19.398+0000] {dagbag.py:545} INFO - Filling up the DagBag from /opt/airflow/dags/oltp_s3_dwh.py
[2026-02-28T10:36:19.893+0000] {processor.py:840} INFO - DAG(s) 'oltp_s3_dwh' retrieved from /opt/airflow/dags/oltp_s3_dwh.py
[2026-02-28T10:36:19.917+0000] {logging_mixin.py:188} INFO - [2026-02-28T10:36:19.916+0000] {dag.py:3089} INFO - Sync 1 DAGs
[2026-02-28T10:36:19.935+0000] {logging_mixin.py:188} INFO - [2026-02-28T10:36:19.935+0000] {dag.py:3947} INFO - Setting next_dagrun for oltp_s3_dwh to 2026-02-01 00:00:00+00:00, run_after=2026-03-01 00:00:00+00:00
[2026-02-28T10:36:19.954+0000] {processor.py:183} INFO - Processing /opt/airflow/dags/oltp_s3_dwh.py took 0.580 seconds
[2026-02-28T10:36:50.094+0000] {processor.py:161} INFO - Started process (PID=4764) to work on /opt/airflow/dags/oltp_s3_dwh.py
[2026-02-28T10:36:50.095+0000] {processor.py:830} INFO - Processing file /opt/airflow/dags/oltp_s3_dwh.py for tasks to queue
[2026-02-28T10:36:50.098+0000] {logging_mixin.py:188} INFO - [2026-02-28T10:36:50.098+0000] {dagbag.py:545} INFO - Filling up the DagBag from /opt/airflow/dags/oltp_s3_dwh.py
[2026-02-28T10:36:50.523+0000] {processor.py:840} INFO - DAG(s) 'oltp_s3_dwh' retrieved from /opt/airflow/dags/oltp_s3_dwh.py
[2026-02-28T10:36:50.545+0000] {logging_mixin.py:188} INFO - [2026-02-28T10:36:50.544+0000] {dag.py:3089} INFO - Sync 1 DAGs
[2026-02-28T10:36:50.562+0000] {logging_mixin.py:188} INFO - [2026-02-28T10:36:50.562+0000] {dag.py:3947} INFO - Setting next_dagrun for oltp_s3_dwh to 2026-02-01 00:00:00+00:00, run_after=2026-03-01 00:00:00+00:00
[2026-02-28T10:36:50.579+0000] {processor.py:183} INFO - Processing /opt/airflow/dags/oltp_s3_dwh.py took 0.492 seconds
[2026-02-28T10:37:20.701+0000] {processor.py:161} INFO - Started process (PID=4795) to work on /opt/airflow/dags/oltp_s3_dwh.py
[2026-02-28T10:37:20.702+0000] {processor.py:830} INFO - Processing file /opt/airflow/dags/oltp_s3_dwh.py for tasks to queue
[2026-02-28T10:37:20.704+0000] {logging_mixin.py:188} INFO - [2026-02-28T10:37:20.704+0000] {dagbag.py:545} INFO - Filling up the DagBag from /opt/airflow/dags/oltp_s3_dwh.py
[2026-02-28T10:37:21.155+0000] {processor.py:840} INFO - DAG(s) 'oltp_s3_dwh' retrieved from /opt/airflow/dags/oltp_s3_dwh.py
[2026-02-28T10:37:21.179+0000] {logging_mixin.py:188} INFO - [2026-02-28T10:37:21.179+0000] {dag.py:3089} INFO - Sync 1 DAGs
[2026-02-28T10:37:21.199+0000] {logging_mixin.py:188} INFO - [2026-02-28T10:37:21.199+0000] {dag.py:3947} INFO - Setting next_dagrun for oltp_s3_dwh to 2026-02-01 00:00:00+00:00, run_after=2026-03-01 00:00:00+00:00
[2026-02-28T10:37:21.216+0000] {processor.py:183} INFO - Processing /opt/airflow/dags/oltp_s3_dwh.py took 0.521 seconds
[2026-02-28T10:37:51.768+0000] {processor.py:161} INFO - Started process (PID=4827) to work on /opt/airflow/dags/oltp_s3_dwh.py
[2026-02-28T10:37:51.769+0000] {processor.py:830} INFO - Processing file /opt/airflow/dags/oltp_s3_dwh.py for tasks to queue
[2026-02-28T10:37:51.771+0000] {logging_mixin.py:188} INFO - [2026-02-28T10:37:51.771+0000] {dagbag.py:545} INFO - Filling up the DagBag from /opt/airflow/dags/oltp_s3_dwh.py
[2026-02-28T10:37:52.195+0000] {processor.py:840} INFO - DAG(s) 'oltp_s3_dwh' retrieved from /opt/airflow/dags/oltp_s3_dwh.py
[2026-02-28T10:37:52.219+0000] {logging_mixin.py:188} INFO - [2026-02-28T10:37:52.219+0000] {dag.py:3089} INFO - Sync 1 DAGs
[2026-02-28T10:37:52.238+0000] {logging_mixin.py:188} INFO - [2026-02-28T10:37:52.238+0000] {dag.py:3947} INFO - Setting next_dagrun for oltp_s3_dwh to 2026-02-01 00:00:00+00:00, run_after=2026-03-01 00:00:00+00:00
[2026-02-28T10:37:52.256+0000] {processor.py:183} INFO - Processing /opt/airflow/dags/oltp_s3_dwh.py took 0.493 seconds
[2026-02-28T10:38:22.781+0000] {processor.py:161} INFO - Started process (PID=4865) to work on /opt/airflow/dags/oltp_s3_dwh.py
[2026-02-28T10:38:22.783+0000] {processor.py:830} INFO - Processing file /opt/airflow/dags/oltp_s3_dwh.py for tasks to queue
[2026-02-28T10:38:22.786+0000] {logging_mixin.py:188} INFO - [2026-02-28T10:38:22.786+0000] {dagbag.py:545} INFO - Filling up the DagBag from /opt/airflow/dags/oltp_s3_dwh.py
[2026-02-28T10:38:23.271+0000] {processor.py:840} INFO - DAG(s) 'oltp_s3_dwh' retrieved from /opt/airflow/dags/oltp_s3_dwh.py
[2026-02-28T10:38:23.298+0000] {logging_mixin.py:188} INFO - [2026-02-28T10:38:23.298+0000] {dag.py:3089} INFO - Sync 1 DAGs
[2026-02-28T10:38:23.322+0000] {logging_mixin.py:188} INFO - [2026-02-28T10:38:23.322+0000] {dag.py:3947} INFO - Setting next_dagrun for oltp_s3_dwh to 2026-02-01 00:00:00+00:00, run_after=2026-03-01 00:00:00+00:00
[2026-02-28T10:38:23.348+0000] {processor.py:183} INFO - Processing /opt/airflow/dags/oltp_s3_dwh.py took 0.574 seconds
[2026-02-28T10:38:53.519+0000] {processor.py:161} INFO - Started process (PID=4897) to work on /opt/airflow/dags/oltp_s3_dwh.py
[2026-02-28T10:38:53.520+0000] {processor.py:830} INFO - Processing file /opt/airflow/dags/oltp_s3_dwh.py for tasks to queue
[2026-02-28T10:38:53.523+0000] {logging_mixin.py:188} INFO - [2026-02-28T10:38:53.522+0000] {dagbag.py:545} INFO - Filling up the DagBag from /opt/airflow/dags/oltp_s3_dwh.py
[2026-02-28T10:38:53.941+0000] {processor.py:840} INFO - DAG(s) 'oltp_s3_dwh' retrieved from /opt/airflow/dags/oltp_s3_dwh.py
[2026-02-28T10:38:53.964+0000] {logging_mixin.py:188} INFO - [2026-02-28T10:38:53.964+0000] {dag.py:3089} INFO - Sync 1 DAGs
[2026-02-28T10:38:53.982+0000] {logging_mixin.py:188} INFO - [2026-02-28T10:38:53.982+0000] {dag.py:3947} INFO - Setting next_dagrun for oltp_s3_dwh to 2026-02-01 00:00:00+00:00, run_after=2026-03-01 00:00:00+00:00
[2026-02-28T10:38:54.003+0000] {processor.py:183} INFO - Processing /opt/airflow/dags/oltp_s3_dwh.py took 0.490 seconds
[2026-02-28T10:39:24.117+0000] {processor.py:161} INFO - Started process (PID=4929) to work on /opt/airflow/dags/oltp_s3_dwh.py
[2026-02-28T10:39:24.118+0000] {processor.py:830} INFO - Processing file /opt/airflow/dags/oltp_s3_dwh.py for tasks to queue
[2026-02-28T10:39:24.120+0000] {logging_mixin.py:188} INFO - [2026-02-28T10:39:24.120+0000] {dagbag.py:545} INFO - Filling up the DagBag from /opt/airflow/dags/oltp_s3_dwh.py
[2026-02-28T10:39:24.544+0000] {processor.py:840} INFO - DAG(s) 'oltp_s3_dwh' retrieved from /opt/airflow/dags/oltp_s3_dwh.py
[2026-02-28T10:39:24.567+0000] {logging_mixin.py:188} INFO - [2026-02-28T10:39:24.567+0000] {dag.py:3089} INFO - Sync 1 DAGs
[2026-02-28T10:39:24.586+0000] {logging_mixin.py:188} INFO - [2026-02-28T10:39:24.586+0000] {dag.py:3947} INFO - Setting next_dagrun for oltp_s3_dwh to 2026-02-01 00:00:00+00:00, run_after=2026-03-01 00:00:00+00:00
[2026-02-28T10:39:24.603+0000] {processor.py:183} INFO - Processing /opt/airflow/dags/oltp_s3_dwh.py took 0.493 seconds
[2026-02-28T10:39:55.141+0000] {processor.py:161} INFO - Started process (PID=4968) to work on /opt/airflow/dags/oltp_s3_dwh.py
[2026-02-28T10:39:55.142+0000] {processor.py:830} INFO - Processing file /opt/airflow/dags/oltp_s3_dwh.py for tasks to queue
[2026-02-28T10:39:55.145+0000] {logging_mixin.py:188} INFO - [2026-02-28T10:39:55.144+0000] {dagbag.py:545} INFO - Filling up the DagBag from /opt/airflow/dags/oltp_s3_dwh.py
[2026-02-28T10:39:55.667+0000] {processor.py:840} INFO - DAG(s) 'oltp_s3_dwh' retrieved from /opt/airflow/dags/oltp_s3_dwh.py
[2026-02-28T10:39:55.700+0000] {logging_mixin.py:188} INFO - [2026-02-28T10:39:55.700+0000] {dag.py:3089} INFO - Sync 1 DAGs
[2026-02-28T10:39:55.729+0000] {logging_mixin.py:188} INFO - [2026-02-28T10:39:55.729+0000] {dag.py:3947} INFO - Setting next_dagrun for oltp_s3_dwh to 2026-02-01 00:00:00+00:00, run_after=2026-03-01 00:00:00+00:00
[2026-02-28T10:39:55.775+0000] {processor.py:183} INFO - Processing /opt/airflow/dags/oltp_s3_dwh.py took 0.640 seconds
[2026-02-28T10:40:26.278+0000] {processor.py:161} INFO - Started process (PID=4999) to work on /opt/airflow/dags/oltp_s3_dwh.py
[2026-02-28T10:40:26.279+0000] {processor.py:830} INFO - Processing file /opt/airflow/dags/oltp_s3_dwh.py for tasks to queue
[2026-02-28T10:40:26.281+0000] {logging_mixin.py:188} INFO - [2026-02-28T10:40:26.280+0000] {dagbag.py:545} INFO - Filling up the DagBag from /opt/airflow/dags/oltp_s3_dwh.py
[2026-02-28T10:40:26.865+0000] {processor.py:840} INFO - DAG(s) 'oltp_s3_dwh' retrieved from /opt/airflow/dags/oltp_s3_dwh.py
[2026-02-28T10:40:26.900+0000] {logging_mixin.py:188} INFO - [2026-02-28T10:40:26.900+0000] {dag.py:3089} INFO - Sync 1 DAGs
[2026-02-28T10:40:26.924+0000] {logging_mixin.py:188} INFO - [2026-02-28T10:40:26.924+0000] {dag.py:3947} INFO - Setting next_dagrun for oltp_s3_dwh to 2026-02-01 00:00:00+00:00, run_after=2026-03-01 00:00:00+00:00
[2026-02-28T10:40:26.946+0000] {processor.py:183} INFO - Processing /opt/airflow/dags/oltp_s3_dwh.py took 0.674 seconds
[2026-02-28T10:40:57.525+0000] {processor.py:161} INFO - Started process (PID=5037) to work on /opt/airflow/dags/oltp_s3_dwh.py
[2026-02-28T10:40:57.527+0000] {processor.py:830} INFO - Processing file /opt/airflow/dags/oltp_s3_dwh.py for tasks to queue
[2026-02-28T10:40:57.529+0000] {logging_mixin.py:188} INFO - [2026-02-28T10:40:57.529+0000] {dagbag.py:545} INFO - Filling up the DagBag from /opt/airflow/dags/oltp_s3_dwh.py
[2026-02-28T10:40:58.106+0000] {processor.py:840} INFO - DAG(s) 'oltp_s3_dwh' retrieved from /opt/airflow/dags/oltp_s3_dwh.py
[2026-02-28T10:40:58.133+0000] {logging_mixin.py:188} INFO - [2026-02-28T10:40:58.132+0000] {dag.py:3089} INFO - Sync 1 DAGs
[2026-02-28T10:40:58.154+0000] {logging_mixin.py:188} INFO - [2026-02-28T10:40:58.153+0000] {dag.py:3947} INFO - Setting next_dagrun for oltp_s3_dwh to 2026-02-01 00:00:00+00:00, run_after=2026-03-01 00:00:00+00:00
[2026-02-28T10:40:58.176+0000] {processor.py:183} INFO - Processing /opt/airflow/dags/oltp_s3_dwh.py took 0.660 seconds
[2026-02-28T10:41:28.772+0000] {processor.py:161} INFO - Started process (PID=5068) to work on /opt/airflow/dags/oltp_s3_dwh.py
[2026-02-28T10:41:28.773+0000] {processor.py:830} INFO - Processing file /opt/airflow/dags/oltp_s3_dwh.py for tasks to queue
[2026-02-28T10:41:28.775+0000] {logging_mixin.py:188} INFO - [2026-02-28T10:41:28.774+0000] {dagbag.py:545} INFO - Filling up the DagBag from /opt/airflow/dags/oltp_s3_dwh.py
[2026-02-28T10:41:29.245+0000] {processor.py:840} INFO - DAG(s) 'oltp_s3_dwh' retrieved from /opt/airflow/dags/oltp_s3_dwh.py
[2026-02-28T10:41:29.269+0000] {logging_mixin.py:188} INFO - [2026-02-28T10:41:29.268+0000] {dag.py:3089} INFO - Sync 1 DAGs
[2026-02-28T10:41:29.289+0000] {logging_mixin.py:188} INFO - [2026-02-28T10:41:29.289+0000] {dag.py:3947} INFO - Setting next_dagrun for oltp_s3_dwh to 2026-02-01 00:00:00+00:00, run_after=2026-03-01 00:00:00+00:00
[2026-02-28T10:41:29.306+0000] {processor.py:183} INFO - Processing /opt/airflow/dags/oltp_s3_dwh.py took 0.545 seconds
[2026-02-28T10:41:59.915+0000] {processor.py:161} INFO - Started process (PID=5099) to work on /opt/airflow/dags/oltp_s3_dwh.py
[2026-02-28T10:41:59.916+0000] {processor.py:830} INFO - Processing file /opt/airflow/dags/oltp_s3_dwh.py for tasks to queue
[2026-02-28T10:41:59.918+0000] {logging_mixin.py:188} INFO - [2026-02-28T10:41:59.918+0000] {dagbag.py:545} INFO - Filling up the DagBag from /opt/airflow/dags/oltp_s3_dwh.py
[2026-02-28T10:42:00.439+0000] {processor.py:840} INFO - DAG(s) 'oltp_s3_dwh' retrieved from /opt/airflow/dags/oltp_s3_dwh.py
[2026-02-28T10:42:00.474+0000] {logging_mixin.py:188} INFO - [2026-02-28T10:42:00.474+0000] {dag.py:3089} INFO - Sync 1 DAGs
[2026-02-28T10:42:00.497+0000] {logging_mixin.py:188} INFO - [2026-02-28T10:42:00.496+0000] {dag.py:3947} INFO - Setting next_dagrun for oltp_s3_dwh to 2026-02-01 00:00:00+00:00, run_after=2026-03-01 00:00:00+00:00
[2026-02-28T10:42:00.525+0000] {processor.py:183} INFO - Processing /opt/airflow/dags/oltp_s3_dwh.py took 0.617 seconds
[2026-02-28T10:42:30.770+0000] {processor.py:161} INFO - Started process (PID=5137) to work on /opt/airflow/dags/oltp_s3_dwh.py
[2026-02-28T10:42:30.772+0000] {processor.py:830} INFO - Processing file /opt/airflow/dags/oltp_s3_dwh.py for tasks to queue
[2026-02-28T10:42:30.776+0000] {logging_mixin.py:188} INFO - [2026-02-28T10:42:30.775+0000] {dagbag.py:545} INFO - Filling up the DagBag from /opt/airflow/dags/oltp_s3_dwh.py
[2026-02-28T10:42:31.238+0000] {processor.py:840} INFO - DAG(s) 'oltp_s3_dwh' retrieved from /opt/airflow/dags/oltp_s3_dwh.py
[2026-02-28T10:42:31.267+0000] {logging_mixin.py:188} INFO - [2026-02-28T10:42:31.266+0000] {dag.py:3089} INFO - Sync 1 DAGs
[2026-02-28T10:42:31.291+0000] {logging_mixin.py:188} INFO - [2026-02-28T10:42:31.291+0000] {dag.py:3947} INFO - Setting next_dagrun for oltp_s3_dwh to 2026-02-01 00:00:00+00:00, run_after=2026-03-01 00:00:00+00:00
[2026-02-28T10:42:31.320+0000] {processor.py:183} INFO - Processing /opt/airflow/dags/oltp_s3_dwh.py took 0.561 seconds
[2026-02-28T10:43:01.855+0000] {processor.py:161} INFO - Started process (PID=5168) to work on /opt/airflow/dags/oltp_s3_dwh.py
[2026-02-28T10:43:01.856+0000] {processor.py:830} INFO - Processing file /opt/airflow/dags/oltp_s3_dwh.py for tasks to queue
[2026-02-28T10:43:01.858+0000] {logging_mixin.py:188} INFO - [2026-02-28T10:43:01.858+0000] {dagbag.py:545} INFO - Filling up the DagBag from /opt/airflow/dags/oltp_s3_dwh.py
[2026-02-28T10:43:02.305+0000] {processor.py:840} INFO - DAG(s) 'oltp_s3_dwh' retrieved from /opt/airflow/dags/oltp_s3_dwh.py
[2026-02-28T10:43:02.332+0000] {logging_mixin.py:188} INFO - [2026-02-28T10:43:02.331+0000] {dag.py:3089} INFO - Sync 1 DAGs
[2026-02-28T10:43:02.353+0000] {logging_mixin.py:188} INFO - [2026-02-28T10:43:02.353+0000] {dag.py:3947} INFO - Setting next_dagrun for oltp_s3_dwh to 2026-02-01 00:00:00+00:00, run_after=2026-03-01 00:00:00+00:00
[2026-02-28T10:43:02.375+0000] {processor.py:183} INFO - Processing /opt/airflow/dags/oltp_s3_dwh.py took 0.527 seconds
[2026-02-28T10:43:32.578+0000] {processor.py:161} INFO - Started process (PID=5199) to work on /opt/airflow/dags/oltp_s3_dwh.py
[2026-02-28T10:43:32.579+0000] {processor.py:830} INFO - Processing file /opt/airflow/dags/oltp_s3_dwh.py for tasks to queue
[2026-02-28T10:43:32.581+0000] {logging_mixin.py:188} INFO - [2026-02-28T10:43:32.581+0000] {dagbag.py:545} INFO - Filling up the DagBag from /opt/airflow/dags/oltp_s3_dwh.py
[2026-02-28T10:43:33.087+0000] {processor.py:840} INFO - DAG(s) 'oltp_s3_dwh' retrieved from /opt/airflow/dags/oltp_s3_dwh.py
[2026-02-28T10:43:33.118+0000] {logging_mixin.py:188} INFO - [2026-02-28T10:43:33.117+0000] {dag.py:3089} INFO - Sync 1 DAGs
[2026-02-28T10:43:33.141+0000] {logging_mixin.py:188} INFO - [2026-02-28T10:43:33.141+0000] {dag.py:3947} INFO - Setting next_dagrun for oltp_s3_dwh to 2026-02-01 00:00:00+00:00, run_after=2026-03-01 00:00:00+00:00
[2026-02-28T10:43:33.164+0000] {processor.py:183} INFO - Processing /opt/airflow/dags/oltp_s3_dwh.py took 0.595 seconds
[2026-02-28T10:44:03.744+0000] {processor.py:161} INFO - Started process (PID=5238) to work on /opt/airflow/dags/oltp_s3_dwh.py
[2026-02-28T10:44:03.746+0000] {processor.py:830} INFO - Processing file /opt/airflow/dags/oltp_s3_dwh.py for tasks to queue
[2026-02-28T10:44:03.750+0000] {logging_mixin.py:188} INFO - [2026-02-28T10:44:03.749+0000] {dagbag.py:545} INFO - Filling up the DagBag from /opt/airflow/dags/oltp_s3_dwh.py
[2026-02-28T10:44:04.264+0000] {processor.py:840} INFO - DAG(s) 'oltp_s3_dwh' retrieved from /opt/airflow/dags/oltp_s3_dwh.py
[2026-02-28T10:44:04.293+0000] {logging_mixin.py:188} INFO - [2026-02-28T10:44:04.293+0000] {dag.py:3089} INFO - Sync 1 DAGs
[2026-02-28T10:44:04.316+0000] {logging_mixin.py:188} INFO - [2026-02-28T10:44:04.316+0000] {dag.py:3947} INFO - Setting next_dagrun for oltp_s3_dwh to 2026-02-01 00:00:00+00:00, run_after=2026-03-01 00:00:00+00:00
[2026-02-28T10:44:04.339+0000] {processor.py:183} INFO - Processing /opt/airflow/dags/oltp_s3_dwh.py took 0.605 seconds
[2026-02-28T10:44:34.873+0000] {processor.py:161} INFO - Started process (PID=5269) to work on /opt/airflow/dags/oltp_s3_dwh.py
[2026-02-28T10:44:34.874+0000] {processor.py:830} INFO - Processing file /opt/airflow/dags/oltp_s3_dwh.py for tasks to queue
[2026-02-28T10:44:34.876+0000] {logging_mixin.py:188} INFO - [2026-02-28T10:44:34.876+0000] {dagbag.py:545} INFO - Filling up the DagBag from /opt/airflow/dags/oltp_s3_dwh.py
[2026-02-28T10:44:35.330+0000] {processor.py:840} INFO - DAG(s) 'oltp_s3_dwh' retrieved from /opt/airflow/dags/oltp_s3_dwh.py
[2026-02-28T10:44:35.353+0000] {logging_mixin.py:188} INFO - [2026-02-28T10:44:35.353+0000] {dag.py:3089} INFO - Sync 1 DAGs
[2026-02-28T10:44:35.380+0000] {logging_mixin.py:188} INFO - [2026-02-28T10:44:35.380+0000] {dag.py:3947} INFO - Setting next_dagrun for oltp_s3_dwh to 2026-02-01 00:00:00+00:00, run_after=2026-03-01 00:00:00+00:00
[2026-02-28T10:44:35.401+0000] {processor.py:183} INFO - Processing /opt/airflow/dags/oltp_s3_dwh.py took 0.535 seconds
[2026-02-28T10:45:06.482+0000] {processor.py:161} INFO - Started process (PID=5307) to work on /opt/airflow/dags/oltp_s3_dwh.py
[2026-02-28T10:45:06.484+0000] {processor.py:830} INFO - Processing file /opt/airflow/dags/oltp_s3_dwh.py for tasks to queue
[2026-02-28T10:45:06.486+0000] {logging_mixin.py:188} INFO - [2026-02-28T10:45:06.486+0000] {dagbag.py:545} INFO - Filling up the DagBag from /opt/airflow/dags/oltp_s3_dwh.py
[2026-02-28T10:45:07.165+0000] {processor.py:840} INFO - DAG(s) 'oltp_s3_dwh' retrieved from /opt/airflow/dags/oltp_s3_dwh.py
[2026-02-28T10:45:07.205+0000] {logging_mixin.py:188} INFO - [2026-02-28T10:45:07.204+0000] {dag.py:3089} INFO - Sync 1 DAGs
[2026-02-28T10:45:07.232+0000] {logging_mixin.py:188} INFO - [2026-02-28T10:45:07.232+0000] {dag.py:3947} INFO - Setting next_dagrun for oltp_s3_dwh to 2026-02-01 00:00:00+00:00, run_after=2026-03-01 00:00:00+00:00
[2026-02-28T10:45:07.257+0000] {processor.py:183} INFO - Processing /opt/airflow/dags/oltp_s3_dwh.py took 0.790 seconds
[2026-02-28T10:45:37.771+0000] {processor.py:161} INFO - Started process (PID=5337) to work on /opt/airflow/dags/oltp_s3_dwh.py
[2026-02-28T10:45:37.773+0000] {processor.py:830} INFO - Processing file /opt/airflow/dags/oltp_s3_dwh.py for tasks to queue
[2026-02-28T10:45:37.776+0000] {logging_mixin.py:188} INFO - [2026-02-28T10:45:37.776+0000] {dagbag.py:545} INFO - Filling up the DagBag from /opt/airflow/dags/oltp_s3_dwh.py
[2026-02-28T10:45:38.278+0000] {processor.py:840} INFO - DAG(s) 'oltp_s3_dwh' retrieved from /opt/airflow/dags/oltp_s3_dwh.py
[2026-02-28T10:45:38.306+0000] {logging_mixin.py:188} INFO - [2026-02-28T10:45:38.305+0000] {dag.py:3089} INFO - Sync 1 DAGs
[2026-02-28T10:45:38.333+0000] {logging_mixin.py:188} INFO - [2026-02-28T10:45:38.333+0000] {dag.py:3947} INFO - Setting next_dagrun for oltp_s3_dwh to 2026-02-01 00:00:00+00:00, run_after=2026-03-01 00:00:00+00:00
[2026-02-28T10:45:38.356+0000] {processor.py:183} INFO - Processing /opt/airflow/dags/oltp_s3_dwh.py took 0.595 seconds
[2026-02-28T10:46:08.995+0000] {processor.py:161} INFO - Started process (PID=5368) to work on /opt/airflow/dags/oltp_s3_dwh.py
[2026-02-28T10:46:08.996+0000] {processor.py:830} INFO - Processing file /opt/airflow/dags/oltp_s3_dwh.py for tasks to queue
[2026-02-28T10:46:08.999+0000] {logging_mixin.py:188} INFO - [2026-02-28T10:46:08.998+0000] {dagbag.py:545} INFO - Filling up the DagBag from /opt/airflow/dags/oltp_s3_dwh.py
[2026-02-28T10:46:09.538+0000] {processor.py:840} INFO - DAG(s) 'oltp_s3_dwh' retrieved from /opt/airflow/dags/oltp_s3_dwh.py
[2026-02-28T10:46:09.565+0000] {logging_mixin.py:188} INFO - [2026-02-28T10:46:09.564+0000] {dag.py:3089} INFO - Sync 1 DAGs
[2026-02-28T10:46:09.587+0000] {logging_mixin.py:188} INFO - [2026-02-28T10:46:09.587+0000] {dag.py:3947} INFO - Setting next_dagrun for oltp_s3_dwh to 2026-02-01 00:00:00+00:00, run_after=2026-03-01 00:00:00+00:00
[2026-02-28T10:46:09.610+0000] {processor.py:183} INFO - Processing /opt/airflow/dags/oltp_s3_dwh.py took 0.622 seconds
[2026-02-28T10:46:39.743+0000] {processor.py:161} INFO - Started process (PID=5406) to work on /opt/airflow/dags/oltp_s3_dwh.py
[2026-02-28T10:46:39.745+0000] {processor.py:830} INFO - Processing file /opt/airflow/dags/oltp_s3_dwh.py for tasks to queue
[2026-02-28T10:46:39.747+0000] {logging_mixin.py:188} INFO - [2026-02-28T10:46:39.747+0000] {dagbag.py:545} INFO - Filling up the DagBag from /opt/airflow/dags/oltp_s3_dwh.py
[2026-02-28T10:46:40.212+0000] {processor.py:840} INFO - DAG(s) 'oltp_s3_dwh' retrieved from /opt/airflow/dags/oltp_s3_dwh.py
[2026-02-28T10:46:40.237+0000] {logging_mixin.py:188} INFO - [2026-02-28T10:46:40.237+0000] {dag.py:3089} INFO - Sync 1 DAGs
[2026-02-28T10:46:40.258+0000] {logging_mixin.py:188} INFO - [2026-02-28T10:46:40.258+0000] {dag.py:3947} INFO - Setting next_dagrun for oltp_s3_dwh to 2026-02-01 00:00:00+00:00, run_after=2026-03-01 00:00:00+00:00
[2026-02-28T10:46:40.277+0000] {processor.py:183} INFO - Processing /opt/airflow/dags/oltp_s3_dwh.py took 0.541 seconds
[2026-02-28T10:47:10.438+0000] {processor.py:161} INFO - Started process (PID=5437) to work on /opt/airflow/dags/oltp_s3_dwh.py
[2026-02-28T10:47:10.439+0000] {processor.py:830} INFO - Processing file /opt/airflow/dags/oltp_s3_dwh.py for tasks to queue
[2026-02-28T10:47:10.442+0000] {logging_mixin.py:188} INFO - [2026-02-28T10:47:10.441+0000] {dagbag.py:545} INFO - Filling up the DagBag from /opt/airflow/dags/oltp_s3_dwh.py
[2026-02-28T10:47:10.935+0000] {processor.py:840} INFO - DAG(s) 'oltp_s3_dwh' retrieved from /opt/airflow/dags/oltp_s3_dwh.py
[2026-02-28T10:47:10.963+0000] {logging_mixin.py:188} INFO - [2026-02-28T10:47:10.962+0000] {dag.py:3089} INFO - Sync 1 DAGs
[2026-02-28T10:47:10.985+0000] {logging_mixin.py:188} INFO - [2026-02-28T10:47:10.984+0000] {dag.py:3947} INFO - Setting next_dagrun for oltp_s3_dwh to 2026-02-01 00:00:00+00:00, run_after=2026-03-01 00:00:00+00:00
[2026-02-28T10:47:11.011+0000] {processor.py:183} INFO - Processing /opt/airflow/dags/oltp_s3_dwh.py took 0.581 seconds
[2026-02-28T10:47:41.271+0000] {processor.py:161} INFO - Started process (PID=5475) to work on /opt/airflow/dags/oltp_s3_dwh.py
[2026-02-28T10:47:41.272+0000] {processor.py:830} INFO - Processing file /opt/airflow/dags/oltp_s3_dwh.py for tasks to queue
[2026-02-28T10:47:41.276+0000] {logging_mixin.py:188} INFO - [2026-02-28T10:47:41.275+0000] {dagbag.py:545} INFO - Filling up the DagBag from /opt/airflow/dags/oltp_s3_dwh.py
[2026-02-28T10:47:42.069+0000] {processor.py:840} INFO - DAG(s) 'oltp_s3_dwh' retrieved from /opt/airflow/dags/oltp_s3_dwh.py
[2026-02-28T10:47:42.098+0000] {logging_mixin.py:188} INFO - [2026-02-28T10:47:42.097+0000] {dag.py:3089} INFO - Sync 1 DAGs
[2026-02-28T10:47:42.121+0000] {logging_mixin.py:188} INFO - [2026-02-28T10:47:42.121+0000] {dag.py:3947} INFO - Setting next_dagrun for oltp_s3_dwh to 2026-02-01 00:00:00+00:00, run_after=2026-03-01 00:00:00+00:00
[2026-02-28T10:47:42.149+0000] {processor.py:183} INFO - Processing /opt/airflow/dags/oltp_s3_dwh.py took 0.889 seconds
[2026-02-28T10:48:12.701+0000] {processor.py:161} INFO - Started process (PID=5506) to work on /opt/airflow/dags/oltp_s3_dwh.py
[2026-02-28T10:48:12.703+0000] {processor.py:830} INFO - Processing file /opt/airflow/dags/oltp_s3_dwh.py for tasks to queue
[2026-02-28T10:48:12.708+0000] {logging_mixin.py:188} INFO - [2026-02-28T10:48:12.707+0000] {dagbag.py:545} INFO - Filling up the DagBag from /opt/airflow/dags/oltp_s3_dwh.py
[2026-02-28T10:48:13.232+0000] {processor.py:840} INFO - DAG(s) 'oltp_s3_dwh' retrieved from /opt/airflow/dags/oltp_s3_dwh.py
[2026-02-28T10:48:13.258+0000] {logging_mixin.py:188} INFO - [2026-02-28T10:48:13.257+0000] {dag.py:3089} INFO - Sync 1 DAGs
[2026-02-28T10:48:13.280+0000] {logging_mixin.py:188} INFO - [2026-02-28T10:48:13.280+0000] {dag.py:3947} INFO - Setting next_dagrun for oltp_s3_dwh to 2026-02-01 00:00:00+00:00, run_after=2026-03-01 00:00:00+00:00
[2026-02-28T10:48:13.305+0000] {processor.py:183} INFO - Processing /opt/airflow/dags/oltp_s3_dwh.py took 0.614 seconds
[2026-02-28T10:48:43.964+0000] {processor.py:161} INFO - Started process (PID=5537) to work on /opt/airflow/dags/oltp_s3_dwh.py
[2026-02-28T10:48:43.966+0000] {processor.py:830} INFO - Processing file /opt/airflow/dags/oltp_s3_dwh.py for tasks to queue
[2026-02-28T10:48:43.968+0000] {logging_mixin.py:188} INFO - [2026-02-28T10:48:43.968+0000] {dagbag.py:545} INFO - Filling up the DagBag from /opt/airflow/dags/oltp_s3_dwh.py
[2026-02-28T10:48:44.553+0000] {processor.py:840} INFO - DAG(s) 'oltp_s3_dwh' retrieved from /opt/airflow/dags/oltp_s3_dwh.py
[2026-02-28T10:48:44.590+0000] {logging_mixin.py:188} INFO - [2026-02-28T10:48:44.590+0000] {dag.py:3089} INFO - Sync 1 DAGs
[2026-02-28T10:48:44.617+0000] {logging_mixin.py:188} INFO - [2026-02-28T10:48:44.616+0000] {dag.py:3947} INFO - Setting next_dagrun for oltp_s3_dwh to 2026-02-01 00:00:00+00:00, run_after=2026-03-01 00:00:00+00:00
[2026-02-28T10:48:44.650+0000] {processor.py:183} INFO - Processing /opt/airflow/dags/oltp_s3_dwh.py took 0.693 seconds
[2026-02-28T10:49:15.194+0000] {processor.py:161} INFO - Started process (PID=5576) to work on /opt/airflow/dags/oltp_s3_dwh.py
[2026-02-28T10:49:15.197+0000] {processor.py:830} INFO - Processing file /opt/airflow/dags/oltp_s3_dwh.py for tasks to queue
[2026-02-28T10:49:15.200+0000] {logging_mixin.py:188} INFO - [2026-02-28T10:49:15.199+0000] {dagbag.py:545} INFO - Filling up the DagBag from /opt/airflow/dags/oltp_s3_dwh.py
[2026-02-28T10:49:15.643+0000] {processor.py:840} INFO - DAG(s) 'oltp_s3_dwh' retrieved from /opt/airflow/dags/oltp_s3_dwh.py
[2026-02-28T10:49:15.666+0000] {logging_mixin.py:188} INFO - [2026-02-28T10:49:15.665+0000] {dag.py:3089} INFO - Sync 1 DAGs
[2026-02-28T10:49:15.685+0000] {logging_mixin.py:188} INFO - [2026-02-28T10:49:15.684+0000] {dag.py:3947} INFO - Setting next_dagrun for oltp_s3_dwh to 2026-02-01 00:00:00+00:00, run_after=2026-03-01 00:00:00+00:00
[2026-02-28T10:49:15.703+0000] {processor.py:183} INFO - Processing /opt/airflow/dags/oltp_s3_dwh.py took 0.515 seconds
[2026-02-28T10:49:45.850+0000] {processor.py:161} INFO - Started process (PID=5607) to work on /opt/airflow/dags/oltp_s3_dwh.py
[2026-02-28T10:49:45.852+0000] {processor.py:830} INFO - Processing file /opt/airflow/dags/oltp_s3_dwh.py for tasks to queue
[2026-02-28T10:49:45.854+0000] {logging_mixin.py:188} INFO - [2026-02-28T10:49:45.853+0000] {dagbag.py:545} INFO - Filling up the DagBag from /opt/airflow/dags/oltp_s3_dwh.py
[2026-02-28T10:49:46.285+0000] {processor.py:840} INFO - DAG(s) 'oltp_s3_dwh' retrieved from /opt/airflow/dags/oltp_s3_dwh.py
[2026-02-28T10:49:46.307+0000] {logging_mixin.py:188} INFO - [2026-02-28T10:49:46.307+0000] {dag.py:3089} INFO - Sync 1 DAGs
[2026-02-28T10:49:46.326+0000] {logging_mixin.py:188} INFO - [2026-02-28T10:49:46.325+0000] {dag.py:3947} INFO - Setting next_dagrun for oltp_s3_dwh to 2026-02-01 00:00:00+00:00, run_after=2026-03-01 00:00:00+00:00
[2026-02-28T10:49:46.345+0000] {processor.py:183} INFO - Processing /opt/airflow/dags/oltp_s3_dwh.py took 0.500 seconds
[2026-02-28T10:50:16.878+0000] {processor.py:161} INFO - Started process (PID=5645) to work on /opt/airflow/dags/oltp_s3_dwh.py
[2026-02-28T10:50:16.879+0000] {processor.py:830} INFO - Processing file /opt/airflow/dags/oltp_s3_dwh.py for tasks to queue
[2026-02-28T10:50:16.882+0000] {logging_mixin.py:188} INFO - [2026-02-28T10:50:16.881+0000] {dagbag.py:545} INFO - Filling up the DagBag from /opt/airflow/dags/oltp_s3_dwh.py
[2026-02-28T10:50:17.545+0000] {processor.py:840} INFO - DAG(s) 'oltp_s3_dwh' retrieved from /opt/airflow/dags/oltp_s3_dwh.py
[2026-02-28T10:50:17.576+0000] {logging_mixin.py:188} INFO - [2026-02-28T10:50:17.575+0000] {dag.py:3089} INFO - Sync 1 DAGs
[2026-02-28T10:50:17.600+0000] {logging_mixin.py:188} INFO - [2026-02-28T10:50:17.600+0000] {dag.py:3947} INFO - Setting next_dagrun for oltp_s3_dwh to 2026-02-01 00:00:00+00:00, run_after=2026-03-01 00:00:00+00:00
[2026-02-28T10:50:17.622+0000] {processor.py:183} INFO - Processing /opt/airflow/dags/oltp_s3_dwh.py took 0.751 seconds
[2026-02-28T10:50:48.358+0000] {processor.py:161} INFO - Started process (PID=5682) to work on /opt/airflow/dags/oltp_s3_dwh.py
[2026-02-28T10:50:48.359+0000] {processor.py:830} INFO - Processing file /opt/airflow/dags/oltp_s3_dwh.py for tasks to queue
[2026-02-28T10:50:48.361+0000] {logging_mixin.py:188} INFO - [2026-02-28T10:50:48.361+0000] {dagbag.py:545} INFO - Filling up the DagBag from /opt/airflow/dags/oltp_s3_dwh.py
[2026-02-28T10:50:48.795+0000] {processor.py:840} INFO - DAG(s) 'oltp_s3_dwh' retrieved from /opt/airflow/dags/oltp_s3_dwh.py
[2026-02-28T10:50:48.819+0000] {logging_mixin.py:188} INFO - [2026-02-28T10:50:48.818+0000] {dag.py:3089} INFO - Sync 1 DAGs
[2026-02-28T10:50:48.838+0000] {logging_mixin.py:188} INFO - [2026-02-28T10:50:48.838+0000] {dag.py:3947} INFO - Setting next_dagrun for oltp_s3_dwh to 2026-02-01 00:00:00+00:00, run_after=2026-03-01 00:00:00+00:00
[2026-02-28T10:50:48.859+0000] {processor.py:183} INFO - Processing /opt/airflow/dags/oltp_s3_dwh.py took 0.507 seconds
[2026-02-28T10:51:19.384+0000] {processor.py:161} INFO - Started process (PID=5713) to work on /opt/airflow/dags/oltp_s3_dwh.py
[2026-02-28T10:51:19.386+0000] {processor.py:830} INFO - Processing file /opt/airflow/dags/oltp_s3_dwh.py for tasks to queue
[2026-02-28T10:51:19.389+0000] {logging_mixin.py:188} INFO - [2026-02-28T10:51:19.389+0000] {dagbag.py:545} INFO - Filling up the DagBag from /opt/airflow/dags/oltp_s3_dwh.py
[2026-02-28T10:51:20.023+0000] {processor.py:840} INFO - DAG(s) 'oltp_s3_dwh' retrieved from /opt/airflow/dags/oltp_s3_dwh.py
[2026-02-28T10:51:20.053+0000] {logging_mixin.py:188} INFO - [2026-02-28T10:51:20.052+0000] {dag.py:3089} INFO - Sync 1 DAGs
[2026-02-28T10:51:20.075+0000] {logging_mixin.py:188} INFO - [2026-02-28T10:51:20.075+0000] {dag.py:3947} INFO - Setting next_dagrun for oltp_s3_dwh to 2026-02-01 00:00:00+00:00, run_after=2026-03-01 00:00:00+00:00
[2026-02-28T10:51:20.106+0000] {processor.py:183} INFO - Processing /opt/airflow/dags/oltp_s3_dwh.py took 0.728 seconds
[2026-02-28T10:51:50.866+0000] {processor.py:161} INFO - Started process (PID=5752) to work on /opt/airflow/dags/oltp_s3_dwh.py
[2026-02-28T10:51:50.867+0000] {processor.py:830} INFO - Processing file /opt/airflow/dags/oltp_s3_dwh.py for tasks to queue
[2026-02-28T10:51:50.869+0000] {logging_mixin.py:188} INFO - [2026-02-28T10:51:50.869+0000] {dagbag.py:545} INFO - Filling up the DagBag from /opt/airflow/dags/oltp_s3_dwh.py
[2026-02-28T10:51:51.290+0000] {processor.py:840} INFO - DAG(s) 'oltp_s3_dwh' retrieved from /opt/airflow/dags/oltp_s3_dwh.py
[2026-02-28T10:51:51.311+0000] {logging_mixin.py:188} INFO - [2026-02-28T10:51:51.311+0000] {dag.py:3089} INFO - Sync 1 DAGs
[2026-02-28T10:51:51.332+0000] {logging_mixin.py:188} INFO - [2026-02-28T10:51:51.332+0000] {dag.py:3947} INFO - Setting next_dagrun for oltp_s3_dwh to 2026-02-01 00:00:00+00:00, run_after=2026-03-01 00:00:00+00:00
[2026-02-28T10:51:51.349+0000] {processor.py:183} INFO - Processing /opt/airflow/dags/oltp_s3_dwh.py took 0.492 seconds
[2026-02-28T10:52:21.568+0000] {processor.py:161} INFO - Started process (PID=5783) to work on /opt/airflow/dags/oltp_s3_dwh.py
[2026-02-28T10:52:21.569+0000] {processor.py:830} INFO - Processing file /opt/airflow/dags/oltp_s3_dwh.py for tasks to queue
[2026-02-28T10:52:21.572+0000] {logging_mixin.py:188} INFO - [2026-02-28T10:52:21.572+0000] {dagbag.py:545} INFO - Filling up the DagBag from /opt/airflow/dags/oltp_s3_dwh.py
[2026-02-28T10:52:21.998+0000] {processor.py:840} INFO - DAG(s) 'oltp_s3_dwh' retrieved from /opt/airflow/dags/oltp_s3_dwh.py
[2026-02-28T10:52:22.020+0000] {logging_mixin.py:188} INFO - [2026-02-28T10:52:22.019+0000] {dag.py:3089} INFO - Sync 1 DAGs
[2026-02-28T10:52:22.039+0000] {logging_mixin.py:188} INFO - [2026-02-28T10:52:22.039+0000] {dag.py:3947} INFO - Setting next_dagrun for oltp_s3_dwh to 2026-02-01 00:00:00+00:00, run_after=2026-03-01 00:00:00+00:00
[2026-02-28T10:52:22.057+0000] {processor.py:183} INFO - Processing /opt/airflow/dags/oltp_s3_dwh.py took 0.495 seconds
[2026-02-28T10:52:52.254+0000] {processor.py:161} INFO - Started process (PID=5814) to work on /opt/airflow/dags/oltp_s3_dwh.py
[2026-02-28T10:52:52.256+0000] {processor.py:830} INFO - Processing file /opt/airflow/dags/oltp_s3_dwh.py for tasks to queue
[2026-02-28T10:52:52.258+0000] {logging_mixin.py:188} INFO - [2026-02-28T10:52:52.257+0000] {dagbag.py:545} INFO - Filling up the DagBag from /opt/airflow/dags/oltp_s3_dwh.py
[2026-02-28T10:52:52.710+0000] {processor.py:840} INFO - DAG(s) 'oltp_s3_dwh' retrieved from /opt/airflow/dags/oltp_s3_dwh.py
[2026-02-28T10:52:52.739+0000] {logging_mixin.py:188} INFO - [2026-02-28T10:52:52.739+0000] {dag.py:3089} INFO - Sync 1 DAGs
[2026-02-28T10:52:52.760+0000] {logging_mixin.py:188} INFO - [2026-02-28T10:52:52.760+0000] {dag.py:3947} INFO - Setting next_dagrun for oltp_s3_dwh to 2026-02-01 00:00:00+00:00, run_after=2026-03-01 00:00:00+00:00
[2026-02-28T10:52:52.785+0000] {processor.py:183} INFO - Processing /opt/airflow/dags/oltp_s3_dwh.py took 0.537 seconds
[2026-02-28T10:53:23.358+0000] {processor.py:161} INFO - Started process (PID=5853) to work on /opt/airflow/dags/oltp_s3_dwh.py
[2026-02-28T10:53:23.360+0000] {processor.py:830} INFO - Processing file /opt/airflow/dags/oltp_s3_dwh.py for tasks to queue
[2026-02-28T10:53:23.362+0000] {logging_mixin.py:188} INFO - [2026-02-28T10:53:23.361+0000] {dagbag.py:545} INFO - Filling up the DagBag from /opt/airflow/dags/oltp_s3_dwh.py
[2026-02-28T10:53:23.845+0000] {processor.py:840} INFO - DAG(s) 'oltp_s3_dwh' retrieved from /opt/airflow/dags/oltp_s3_dwh.py
[2026-02-28T10:53:23.870+0000] {logging_mixin.py:188} INFO - [2026-02-28T10:53:23.870+0000] {dag.py:3089} INFO - Sync 1 DAGs
[2026-02-28T10:53:23.890+0000] {logging_mixin.py:188} INFO - [2026-02-28T10:53:23.890+0000] {dag.py:3947} INFO - Setting next_dagrun for oltp_s3_dwh to 2026-02-01 00:00:00+00:00, run_after=2026-03-01 00:00:00+00:00
[2026-02-28T10:53:23.911+0000] {processor.py:183} INFO - Processing /opt/airflow/dags/oltp_s3_dwh.py took 0.559 seconds
[2026-02-28T10:53:54.609+0000] {processor.py:161} INFO - Started process (PID=5883) to work on /opt/airflow/dags/oltp_s3_dwh.py
[2026-02-28T10:53:54.610+0000] {processor.py:830} INFO - Processing file /opt/airflow/dags/oltp_s3_dwh.py for tasks to queue
[2026-02-28T10:53:54.612+0000] {logging_mixin.py:188} INFO - [2026-02-28T10:53:54.612+0000] {dagbag.py:545} INFO - Filling up the DagBag from /opt/airflow/dags/oltp_s3_dwh.py
[2026-02-28T10:53:55.064+0000] {processor.py:840} INFO - DAG(s) 'oltp_s3_dwh' retrieved from /opt/airflow/dags/oltp_s3_dwh.py
[2026-02-28T10:53:55.085+0000] {logging_mixin.py:188} INFO - [2026-02-28T10:53:55.085+0000] {dag.py:3089} INFO - Sync 1 DAGs
[2026-02-28T10:53:55.105+0000] {logging_mixin.py:188} INFO - [2026-02-28T10:53:55.105+0000] {dag.py:3947} INFO - Setting next_dagrun for oltp_s3_dwh to 2026-02-01 00:00:00+00:00, run_after=2026-03-01 00:00:00+00:00
[2026-02-28T10:53:55.124+0000] {processor.py:183} INFO - Processing /opt/airflow/dags/oltp_s3_dwh.py took 0.521 seconds
[2026-02-28T10:54:25.714+0000] {processor.py:161} INFO - Started process (PID=5921) to work on /opt/airflow/dags/oltp_s3_dwh.py
[2026-02-28T10:54:25.715+0000] {processor.py:830} INFO - Processing file /opt/airflow/dags/oltp_s3_dwh.py for tasks to queue
[2026-02-28T10:54:25.717+0000] {logging_mixin.py:188} INFO - [2026-02-28T10:54:25.717+0000] {dagbag.py:545} INFO - Filling up the DagBag from /opt/airflow/dags/oltp_s3_dwh.py
[2026-02-28T10:54:26.144+0000] {processor.py:840} INFO - DAG(s) 'oltp_s3_dwh' retrieved from /opt/airflow/dags/oltp_s3_dwh.py
[2026-02-28T10:54:26.167+0000] {logging_mixin.py:188} INFO - [2026-02-28T10:54:26.166+0000] {dag.py:3089} INFO - Sync 1 DAGs
[2026-02-28T10:54:26.187+0000] {logging_mixin.py:188} INFO - [2026-02-28T10:54:26.187+0000] {dag.py:3947} INFO - Setting next_dagrun for oltp_s3_dwh to 2026-02-01 00:00:00+00:00, run_after=2026-03-01 00:00:00+00:00
[2026-02-28T10:54:26.205+0000] {processor.py:183} INFO - Processing /opt/airflow/dags/oltp_s3_dwh.py took 0.497 seconds
[2026-02-28T10:54:57.096+0000] {processor.py:161} INFO - Started process (PID=5953) to work on /opt/airflow/dags/oltp_s3_dwh.py
[2026-02-28T10:54:57.097+0000] {processor.py:830} INFO - Processing file /opt/airflow/dags/oltp_s3_dwh.py for tasks to queue
[2026-02-28T10:54:57.099+0000] {logging_mixin.py:188} INFO - [2026-02-28T10:54:57.099+0000] {dagbag.py:545} INFO - Filling up the DagBag from /opt/airflow/dags/oltp_s3_dwh.py
[2026-02-28T10:54:57.692+0000] {processor.py:840} INFO - DAG(s) 'oltp_s3_dwh' retrieved from /opt/airflow/dags/oltp_s3_dwh.py
[2026-02-28T10:54:57.716+0000] {logging_mixin.py:188} INFO - [2026-02-28T10:54:57.716+0000] {dag.py:3089} INFO - Sync 1 DAGs
[2026-02-28T10:54:57.737+0000] {logging_mixin.py:188} INFO - [2026-02-28T10:54:57.737+0000] {dag.py:3947} INFO - Setting next_dagrun for oltp_s3_dwh to 2026-02-01 00:00:00+00:00, run_after=2026-03-01 00:00:00+00:00
[2026-02-28T10:54:57.765+0000] {processor.py:183} INFO - Processing /opt/airflow/dags/oltp_s3_dwh.py took 0.676 seconds
[2026-02-28T10:55:28.377+0000] {processor.py:161} INFO - Started process (PID=5991) to work on /opt/airflow/dags/oltp_s3_dwh.py
[2026-02-28T10:55:28.379+0000] {processor.py:830} INFO - Processing file /opt/airflow/dags/oltp_s3_dwh.py for tasks to queue
[2026-02-28T10:55:28.381+0000] {logging_mixin.py:188} INFO - [2026-02-28T10:55:28.381+0000] {dagbag.py:545} INFO - Filling up the DagBag from /opt/airflow/dags/oltp_s3_dwh.py
[2026-02-28T10:55:28.865+0000] {processor.py:840} INFO - DAG(s) 'oltp_s3_dwh' retrieved from /opt/airflow/dags/oltp_s3_dwh.py
[2026-02-28T10:55:28.902+0000] {logging_mixin.py:188} INFO - [2026-02-28T10:55:28.901+0000] {dag.py:3089} INFO - Sync 1 DAGs
[2026-02-28T10:55:28.934+0000] {logging_mixin.py:188} INFO - [2026-02-28T10:55:28.933+0000] {dag.py:3947} INFO - Setting next_dagrun for oltp_s3_dwh to 2026-02-01 00:00:00+00:00, run_after=2026-03-01 00:00:00+00:00
[2026-02-28T10:55:28.990+0000] {processor.py:183} INFO - Processing /opt/airflow/dags/oltp_s3_dwh.py took 0.619 seconds
[2026-02-28T10:56:00.553+0000] {processor.py:161} INFO - Started process (PID=6022) to work on /opt/airflow/dags/oltp_s3_dwh.py
[2026-02-28T10:56:00.562+0000] {processor.py:830} INFO - Processing file /opt/airflow/dags/oltp_s3_dwh.py for tasks to queue
[2026-02-28T10:56:00.576+0000] {logging_mixin.py:188} INFO - [2026-02-28T10:56:00.575+0000] {dagbag.py:545} INFO - Filling up the DagBag from /opt/airflow/dags/oltp_s3_dwh.py
[2026-02-28T10:56:01.313+0000] {processor.py:840} INFO - DAG(s) 'oltp_s3_dwh' retrieved from /opt/airflow/dags/oltp_s3_dwh.py
[2026-02-28T10:56:01.337+0000] {logging_mixin.py:188} INFO - [2026-02-28T10:56:01.336+0000] {dag.py:3089} INFO - Sync 1 DAGs
[2026-02-28T10:56:01.360+0000] {logging_mixin.py:188} INFO - [2026-02-28T10:56:01.360+0000] {dag.py:3947} INFO - Setting next_dagrun for oltp_s3_dwh to 2026-02-01 00:00:00+00:00, run_after=2026-03-01 00:00:00+00:00
[2026-02-28T10:56:01.380+0000] {processor.py:183} INFO - Processing /opt/airflow/dags/oltp_s3_dwh.py took 0.843 seconds
[2026-02-28T10:56:31.953+0000] {processor.py:161} INFO - Started process (PID=6061) to work on /opt/airflow/dags/oltp_s3_dwh.py
[2026-02-28T10:56:31.955+0000] {processor.py:830} INFO - Processing file /opt/airflow/dags/oltp_s3_dwh.py for tasks to queue
[2026-02-28T10:56:31.958+0000] {logging_mixin.py:188} INFO - [2026-02-28T10:56:31.957+0000] {dagbag.py:545} INFO - Filling up the DagBag from /opt/airflow/dags/oltp_s3_dwh.py
[2026-02-28T10:56:32.407+0000] {processor.py:840} INFO - DAG(s) 'oltp_s3_dwh' retrieved from /opt/airflow/dags/oltp_s3_dwh.py
[2026-02-28T10:56:32.436+0000] {logging_mixin.py:188} INFO - [2026-02-28T10:56:32.436+0000] {dag.py:3089} INFO - Sync 1 DAGs
[2026-02-28T10:56:32.456+0000] {logging_mixin.py:188} INFO - [2026-02-28T10:56:32.456+0000] {dag.py:3947} INFO - Setting next_dagrun for oltp_s3_dwh to 2026-02-01 00:00:00+00:00, run_after=2026-03-01 00:00:00+00:00
[2026-02-28T10:56:32.477+0000] {processor.py:183} INFO - Processing /opt/airflow/dags/oltp_s3_dwh.py took 0.531 seconds
[2026-02-28T10:57:02.589+0000] {processor.py:161} INFO - Started process (PID=6092) to work on /opt/airflow/dags/oltp_s3_dwh.py
[2026-02-28T10:57:02.590+0000] {processor.py:830} INFO - Processing file /opt/airflow/dags/oltp_s3_dwh.py for tasks to queue
[2026-02-28T10:57:02.593+0000] {logging_mixin.py:188} INFO - [2026-02-28T10:57:02.592+0000] {dagbag.py:545} INFO - Filling up the DagBag from /opt/airflow/dags/oltp_s3_dwh.py
[2026-02-28T10:57:03.017+0000] {processor.py:840} INFO - DAG(s) 'oltp_s3_dwh' retrieved from /opt/airflow/dags/oltp_s3_dwh.py
[2026-02-28T10:57:03.044+0000] {logging_mixin.py:188} INFO - [2026-02-28T10:57:03.044+0000] {dag.py:3089} INFO - Sync 1 DAGs
[2026-02-28T10:57:03.066+0000] {logging_mixin.py:188} INFO - [2026-02-28T10:57:03.066+0000] {dag.py:3947} INFO - Setting next_dagrun for oltp_s3_dwh to 2026-02-01 00:00:00+00:00, run_after=2026-03-01 00:00:00+00:00
[2026-02-28T10:57:03.090+0000] {processor.py:183} INFO - Processing /opt/airflow/dags/oltp_s3_dwh.py took 0.507 seconds
[2026-02-28T10:57:33.874+0000] {processor.py:161} INFO - Started process (PID=6123) to work on /opt/airflow/dags/oltp_s3_dwh.py
[2026-02-28T10:57:33.875+0000] {processor.py:830} INFO - Processing file /opt/airflow/dags/oltp_s3_dwh.py for tasks to queue
[2026-02-28T10:57:33.878+0000] {logging_mixin.py:188} INFO - [2026-02-28T10:57:33.877+0000] {dagbag.py:545} INFO - Filling up the DagBag from /opt/airflow/dags/oltp_s3_dwh.py
[2026-02-28T10:57:34.292+0000] {processor.py:840} INFO - DAG(s) 'oltp_s3_dwh' retrieved from /opt/airflow/dags/oltp_s3_dwh.py
[2026-02-28T10:57:34.314+0000] {logging_mixin.py:188} INFO - [2026-02-28T10:57:34.314+0000] {dag.py:3089} INFO - Sync 1 DAGs
[2026-02-28T10:57:34.337+0000] {logging_mixin.py:188} INFO - [2026-02-28T10:57:34.337+0000] {dag.py:3947} INFO - Setting next_dagrun for oltp_s3_dwh to 2026-02-01 00:00:00+00:00, run_after=2026-03-01 00:00:00+00:00
[2026-02-28T10:57:34.360+0000] {processor.py:183} INFO - Processing /opt/airflow/dags/oltp_s3_dwh.py took 0.492 seconds
[2026-02-28T10:58:04.471+0000] {processor.py:161} INFO - Started process (PID=6161) to work on /opt/airflow/dags/oltp_s3_dwh.py
[2026-02-28T10:58:04.473+0000] {processor.py:830} INFO - Processing file /opt/airflow/dags/oltp_s3_dwh.py for tasks to queue
[2026-02-28T10:58:04.475+0000] {logging_mixin.py:188} INFO - [2026-02-28T10:58:04.475+0000] {dagbag.py:545} INFO - Filling up the DagBag from /opt/airflow/dags/oltp_s3_dwh.py
[2026-02-28T10:58:04.893+0000] {processor.py:840} INFO - DAG(s) 'oltp_s3_dwh' retrieved from /opt/airflow/dags/oltp_s3_dwh.py
[2026-02-28T10:58:04.916+0000] {logging_mixin.py:188} INFO - [2026-02-28T10:58:04.916+0000] {dag.py:3089} INFO - Sync 1 DAGs
[2026-02-28T10:58:04.936+0000] {logging_mixin.py:188} INFO - [2026-02-28T10:58:04.936+0000] {dag.py:3947} INFO - Setting next_dagrun for oltp_s3_dwh to 2026-02-01 00:00:00+00:00, run_after=2026-03-01 00:00:00+00:00
[2026-02-28T10:58:04.955+0000] {processor.py:183} INFO - Processing /opt/airflow/dags/oltp_s3_dwh.py took 0.490 seconds
[2026-02-28T10:58:35.058+0000] {processor.py:161} INFO - Started process (PID=6192) to work on /opt/airflow/dags/oltp_s3_dwh.py
[2026-02-28T10:58:35.060+0000] {processor.py:830} INFO - Processing file /opt/airflow/dags/oltp_s3_dwh.py for tasks to queue
[2026-02-28T10:58:35.062+0000] {logging_mixin.py:188} INFO - [2026-02-28T10:58:35.062+0000] {dagbag.py:545} INFO - Filling up the DagBag from /opt/airflow/dags/oltp_s3_dwh.py
[2026-02-28T10:58:35.480+0000] {processor.py:840} INFO - DAG(s) 'oltp_s3_dwh' retrieved from /opt/airflow/dags/oltp_s3_dwh.py
[2026-02-28T10:58:35.504+0000] {logging_mixin.py:188} INFO - [2026-02-28T10:58:35.504+0000] {dag.py:3089} INFO - Sync 1 DAGs
[2026-02-28T10:58:35.522+0000] {logging_mixin.py:188} INFO - [2026-02-28T10:58:35.522+0000] {dag.py:3947} INFO - Setting next_dagrun for oltp_s3_dwh to 2026-02-01 00:00:00+00:00, run_after=2026-03-01 00:00:00+00:00
[2026-02-28T10:58:35.543+0000] {processor.py:183} INFO - Processing /opt/airflow/dags/oltp_s3_dwh.py took 0.492 seconds
[2026-02-28T10:59:05.895+0000] {processor.py:161} INFO - Started process (PID=6232) to work on /opt/airflow/dags/oltp_s3_dwh.py
[2026-02-28T10:59:05.897+0000] {processor.py:830} INFO - Processing file /opt/airflow/dags/oltp_s3_dwh.py for tasks to queue
[2026-02-28T10:59:05.899+0000] {logging_mixin.py:188} INFO - [2026-02-28T10:59:05.898+0000] {dagbag.py:545} INFO - Filling up the DagBag from /opt/airflow/dags/oltp_s3_dwh.py
[2026-02-28T10:59:06.341+0000] {processor.py:840} INFO - DAG(s) 'oltp_s3_dwh' retrieved from /opt/airflow/dags/oltp_s3_dwh.py
[2026-02-28T10:59:06.372+0000] {logging_mixin.py:188} INFO - [2026-02-28T10:59:06.372+0000] {dag.py:3089} INFO - Sync 1 DAGs
[2026-02-28T10:59:06.398+0000] {logging_mixin.py:188} INFO - [2026-02-28T10:59:06.398+0000] {dag.py:3947} INFO - Setting next_dagrun for oltp_s3_dwh to 2026-02-01 00:00:00+00:00, run_after=2026-03-01 00:00:00+00:00
[2026-02-28T10:59:06.422+0000] {processor.py:183} INFO - Processing /opt/airflow/dags/oltp_s3_dwh.py took 0.533 seconds
[2026-02-28T10:59:36.994+0000] {processor.py:161} INFO - Started process (PID=6263) to work on /opt/airflow/dags/oltp_s3_dwh.py
[2026-02-28T10:59:36.995+0000] {processor.py:830} INFO - Processing file /opt/airflow/dags/oltp_s3_dwh.py for tasks to queue
[2026-02-28T10:59:36.997+0000] {logging_mixin.py:188} INFO - [2026-02-28T10:59:36.997+0000] {dagbag.py:545} INFO - Filling up the DagBag from /opt/airflow/dags/oltp_s3_dwh.py
[2026-02-28T10:59:37.452+0000] {processor.py:840} INFO - DAG(s) 'oltp_s3_dwh' retrieved from /opt/airflow/dags/oltp_s3_dwh.py
[2026-02-28T10:59:37.479+0000] {logging_mixin.py:188} INFO - [2026-02-28T10:59:37.478+0000] {dag.py:3089} INFO - Sync 1 DAGs
[2026-02-28T10:59:37.499+0000] {logging_mixin.py:188} INFO - [2026-02-28T10:59:37.499+0000] {dag.py:3947} INFO - Setting next_dagrun for oltp_s3_dwh to 2026-02-01 00:00:00+00:00, run_after=2026-03-01 00:00:00+00:00
[2026-02-28T10:59:37.522+0000] {processor.py:183} INFO - Processing /opt/airflow/dags/oltp_s3_dwh.py took 0.534 seconds
[2026-02-28T11:00:08.101+0000] {processor.py:161} INFO - Started process (PID=6295) to work on /opt/airflow/dags/oltp_s3_dwh.py
[2026-02-28T11:00:08.107+0000] {processor.py:830} INFO - Processing file /opt/airflow/dags/oltp_s3_dwh.py for tasks to queue
[2026-02-28T11:00:08.109+0000] {logging_mixin.py:188} INFO - [2026-02-28T11:00:08.109+0000] {dagbag.py:545} INFO - Filling up the DagBag from /opt/airflow/dags/oltp_s3_dwh.py
[2026-02-28T11:00:08.595+0000] {processor.py:840} INFO - DAG(s) 'oltp_s3_dwh' retrieved from /opt/airflow/dags/oltp_s3_dwh.py
[2026-02-28T11:00:08.616+0000] {logging_mixin.py:188} INFO - [2026-02-28T11:00:08.616+0000] {dag.py:3089} INFO - Sync 1 DAGs
[2026-02-28T11:00:08.635+0000] {logging_mixin.py:188} INFO - [2026-02-28T11:00:08.634+0000] {dag.py:3947} INFO - Setting next_dagrun for oltp_s3_dwh to 2026-02-01 00:00:00+00:00, run_after=2026-03-01 00:00:00+00:00
[2026-02-28T11:00:08.656+0000] {processor.py:183} INFO - Processing /opt/airflow/dags/oltp_s3_dwh.py took 0.565 seconds
[2026-02-28T11:00:39.210+0000] {processor.py:161} INFO - Started process (PID=6333) to work on /opt/airflow/dags/oltp_s3_dwh.py
[2026-02-28T11:00:39.212+0000] {processor.py:830} INFO - Processing file /opt/airflow/dags/oltp_s3_dwh.py for tasks to queue
[2026-02-28T11:00:39.214+0000] {logging_mixin.py:188} INFO - [2026-02-28T11:00:39.213+0000] {dagbag.py:545} INFO - Filling up the DagBag from /opt/airflow/dags/oltp_s3_dwh.py
[2026-02-28T11:00:39.631+0000] {processor.py:840} INFO - DAG(s) 'oltp_s3_dwh' retrieved from /opt/airflow/dags/oltp_s3_dwh.py
[2026-02-28T11:00:39.653+0000] {logging_mixin.py:188} INFO - [2026-02-28T11:00:39.653+0000] {dag.py:3089} INFO - Sync 1 DAGs
[2026-02-28T11:00:39.673+0000] {logging_mixin.py:188} INFO - [2026-02-28T11:00:39.673+0000] {dag.py:3947} INFO - Setting next_dagrun for oltp_s3_dwh to 2026-02-01 00:00:00+00:00, run_after=2026-03-01 00:00:00+00:00
[2026-02-28T11:00:39.692+0000] {processor.py:183} INFO - Processing /opt/airflow/dags/oltp_s3_dwh.py took 0.488 seconds
[2026-02-28T11:01:10.328+0000] {processor.py:161} INFO - Started process (PID=6364) to work on /opt/airflow/dags/oltp_s3_dwh.py
[2026-02-28T11:01:10.330+0000] {processor.py:830} INFO - Processing file /opt/airflow/dags/oltp_s3_dwh.py for tasks to queue
[2026-02-28T11:01:10.333+0000] {logging_mixin.py:188} INFO - [2026-02-28T11:01:10.332+0000] {dagbag.py:545} INFO - Filling up the DagBag from /opt/airflow/dags/oltp_s3_dwh.py
[2026-02-28T11:01:10.798+0000] {processor.py:840} INFO - DAG(s) 'oltp_s3_dwh' retrieved from /opt/airflow/dags/oltp_s3_dwh.py
[2026-02-28T11:01:10.827+0000] {logging_mixin.py:188} INFO - [2026-02-28T11:01:10.826+0000] {dag.py:3089} INFO - Sync 1 DAGs
[2026-02-28T11:01:10.848+0000] {logging_mixin.py:188} INFO - [2026-02-28T11:01:10.848+0000] {dag.py:3947} INFO - Setting next_dagrun for oltp_s3_dwh to 2026-02-01 00:00:00+00:00, run_after=2026-03-01 00:00:00+00:00
[2026-02-28T11:01:10.872+0000] {processor.py:183} INFO - Processing /opt/airflow/dags/oltp_s3_dwh.py took 0.555 seconds
[2026-02-28T11:01:41.583+0000] {processor.py:161} INFO - Started process (PID=6403) to work on /opt/airflow/dags/oltp_s3_dwh.py
[2026-02-28T11:01:41.585+0000] {processor.py:830} INFO - Processing file /opt/airflow/dags/oltp_s3_dwh.py for tasks to queue
[2026-02-28T11:01:41.587+0000] {logging_mixin.py:188} INFO - [2026-02-28T11:01:41.587+0000] {dagbag.py:545} INFO - Filling up the DagBag from /opt/airflow/dags/oltp_s3_dwh.py
[2026-02-28T11:01:42.121+0000] {processor.py:840} INFO - DAG(s) 'oltp_s3_dwh' retrieved from /opt/airflow/dags/oltp_s3_dwh.py
[2026-02-28T11:01:42.147+0000] {logging_mixin.py:188} INFO - [2026-02-28T11:01:42.147+0000] {dag.py:3089} INFO - Sync 1 DAGs
[2026-02-28T11:01:42.170+0000] {logging_mixin.py:188} INFO - [2026-02-28T11:01:42.170+0000] {dag.py:3947} INFO - Setting next_dagrun for oltp_s3_dwh to 2026-02-01 00:00:00+00:00, run_after=2026-03-01 00:00:00+00:00
[2026-02-28T11:01:42.190+0000] {processor.py:183} INFO - Processing /opt/airflow/dags/oltp_s3_dwh.py took 0.614 seconds
[2026-02-28T11:02:12.513+0000] {processor.py:161} INFO - Started process (PID=6434) to work on /opt/airflow/dags/oltp_s3_dwh.py
[2026-02-28T11:02:12.514+0000] {processor.py:830} INFO - Processing file /opt/airflow/dags/oltp_s3_dwh.py for tasks to queue
[2026-02-28T11:02:12.516+0000] {logging_mixin.py:188} INFO - [2026-02-28T11:02:12.515+0000] {dagbag.py:545} INFO - Filling up the DagBag from /opt/airflow/dags/oltp_s3_dwh.py
[2026-02-28T11:02:13.036+0000] {processor.py:840} INFO - DAG(s) 'oltp_s3_dwh' retrieved from /opt/airflow/dags/oltp_s3_dwh.py
[2026-02-28T11:02:13.065+0000] {logging_mixin.py:188} INFO - [2026-02-28T11:02:13.065+0000] {dag.py:3089} INFO - Sync 1 DAGs
[2026-02-28T11:02:13.087+0000] {logging_mixin.py:188} INFO - [2026-02-28T11:02:13.087+0000] {dag.py:3947} INFO - Setting next_dagrun for oltp_s3_dwh to 2026-02-01 00:00:00+00:00, run_after=2026-03-01 00:00:00+00:00
[2026-02-28T11:02:13.110+0000] {processor.py:183} INFO - Processing /opt/airflow/dags/oltp_s3_dwh.py took 0.602 seconds
[2026-02-28T11:02:43.746+0000] {processor.py:161} INFO - Started process (PID=6472) to work on /opt/airflow/dags/oltp_s3_dwh.py
[2026-02-28T11:02:43.747+0000] {processor.py:830} INFO - Processing file /opt/airflow/dags/oltp_s3_dwh.py for tasks to queue
[2026-02-28T11:02:43.749+0000] {logging_mixin.py:188} INFO - [2026-02-28T11:02:43.749+0000] {dagbag.py:545} INFO - Filling up the DagBag from /opt/airflow/dags/oltp_s3_dwh.py
[2026-02-28T11:02:44.202+0000] {processor.py:840} INFO - DAG(s) 'oltp_s3_dwh' retrieved from /opt/airflow/dags/oltp_s3_dwh.py
[2026-02-28T11:02:44.231+0000] {logging_mixin.py:188} INFO - [2026-02-28T11:02:44.230+0000] {dag.py:3089} INFO - Sync 1 DAGs
[2026-02-28T11:02:44.253+0000] {logging_mixin.py:188} INFO - [2026-02-28T11:02:44.253+0000] {dag.py:3947} INFO - Setting next_dagrun for oltp_s3_dwh to 2026-02-01 00:00:00+00:00, run_after=2026-03-01 00:00:00+00:00
[2026-02-28T11:02:44.280+0000] {processor.py:183} INFO - Processing /opt/airflow/dags/oltp_s3_dwh.py took 0.541 seconds
[2026-02-28T11:03:14.587+0000] {processor.py:161} INFO - Started process (PID=6503) to work on /opt/airflow/dags/oltp_s3_dwh.py
[2026-02-28T11:03:14.589+0000] {processor.py:830} INFO - Processing file /opt/airflow/dags/oltp_s3_dwh.py for tasks to queue
[2026-02-28T11:03:14.591+0000] {logging_mixin.py:188} INFO - [2026-02-28T11:03:14.590+0000] {dagbag.py:545} INFO - Filling up the DagBag from /opt/airflow/dags/oltp_s3_dwh.py
[2026-02-28T11:03:15.297+0000] {processor.py:840} INFO - DAG(s) 'oltp_s3_dwh' retrieved from /opt/airflow/dags/oltp_s3_dwh.py
[2026-02-28T11:03:15.332+0000] {logging_mixin.py:188} INFO - [2026-02-28T11:03:15.332+0000] {dag.py:3089} INFO - Sync 1 DAGs
[2026-02-28T11:03:15.365+0000] {logging_mixin.py:188} INFO - [2026-02-28T11:03:15.365+0000] {dag.py:3947} INFO - Setting next_dagrun for oltp_s3_dwh to 2026-02-01 00:00:00+00:00, run_after=2026-03-01 00:00:00+00:00
[2026-02-28T11:03:15.406+0000] {processor.py:183} INFO - Processing /opt/airflow/dags/oltp_s3_dwh.py took 0.825 seconds
[2026-02-28T11:03:46.465+0000] {processor.py:161} INFO - Started process (PID=6534) to work on /opt/airflow/dags/oltp_s3_dwh.py
[2026-02-28T11:03:46.466+0000] {processor.py:830} INFO - Processing file /opt/airflow/dags/oltp_s3_dwh.py for tasks to queue
[2026-02-28T11:03:46.468+0000] {logging_mixin.py:188} INFO - [2026-02-28T11:03:46.468+0000] {dagbag.py:545} INFO - Filling up the DagBag from /opt/airflow/dags/oltp_s3_dwh.py
[2026-02-28T11:03:46.975+0000] {processor.py:840} INFO - DAG(s) 'oltp_s3_dwh' retrieved from /opt/airflow/dags/oltp_s3_dwh.py
[2026-02-28T11:03:46.998+0000] {logging_mixin.py:188} INFO - [2026-02-28T11:03:46.998+0000] {dag.py:3089} INFO - Sync 1 DAGs
[2026-02-28T11:03:47.017+0000] {logging_mixin.py:188} INFO - [2026-02-28T11:03:47.017+0000] {dag.py:3947} INFO - Setting next_dagrun for oltp_s3_dwh to 2026-02-01 00:00:00+00:00, run_after=2026-03-01 00:00:00+00:00
[2026-02-28T11:03:47.037+0000] {processor.py:183} INFO - Processing /opt/airflow/dags/oltp_s3_dwh.py took 0.578 seconds
[2026-02-28T11:04:17.555+0000] {processor.py:161} INFO - Started process (PID=6574) to work on /opt/airflow/dags/oltp_s3_dwh.py
[2026-02-28T11:04:17.556+0000] {processor.py:830} INFO - Processing file /opt/airflow/dags/oltp_s3_dwh.py for tasks to queue
[2026-02-28T11:04:17.558+0000] {logging_mixin.py:188} INFO - [2026-02-28T11:04:17.558+0000] {dagbag.py:545} INFO - Filling up the DagBag from /opt/airflow/dags/oltp_s3_dwh.py
[2026-02-28T11:04:18.013+0000] {processor.py:840} INFO - DAG(s) 'oltp_s3_dwh' retrieved from /opt/airflow/dags/oltp_s3_dwh.py
[2026-02-28T11:04:18.037+0000] {logging_mixin.py:188} INFO - [2026-02-28T11:04:18.037+0000] {dag.py:3089} INFO - Sync 1 DAGs
[2026-02-28T11:04:18.056+0000] {logging_mixin.py:188} INFO - [2026-02-28T11:04:18.056+0000] {dag.py:3947} INFO - Setting next_dagrun for oltp_s3_dwh to 2026-02-01 00:00:00+00:00, run_after=2026-03-01 00:00:00+00:00
[2026-02-28T11:04:18.075+0000] {processor.py:183} INFO - Processing /opt/airflow/dags/oltp_s3_dwh.py took 0.526 seconds
[2026-02-28T11:04:48.686+0000] {processor.py:161} INFO - Started process (PID=6605) to work on /opt/airflow/dags/oltp_s3_dwh.py
[2026-02-28T11:04:48.687+0000] {processor.py:830} INFO - Processing file /opt/airflow/dags/oltp_s3_dwh.py for tasks to queue
[2026-02-28T11:04:48.690+0000] {logging_mixin.py:188} INFO - [2026-02-28T11:04:48.689+0000] {dagbag.py:545} INFO - Filling up the DagBag from /opt/airflow/dags/oltp_s3_dwh.py
[2026-02-28T11:04:49.172+0000] {processor.py:840} INFO - DAG(s) 'oltp_s3_dwh' retrieved from /opt/airflow/dags/oltp_s3_dwh.py
[2026-02-28T11:04:49.202+0000] {logging_mixin.py:188} INFO - [2026-02-28T11:04:49.201+0000] {dag.py:3089} INFO - Sync 1 DAGs
[2026-02-28T11:04:49.227+0000] {logging_mixin.py:188} INFO - [2026-02-28T11:04:49.227+0000] {dag.py:3947} INFO - Setting next_dagrun for oltp_s3_dwh to 2026-02-01 00:00:00+00:00, run_after=2026-03-01 00:00:00+00:00
[2026-02-28T11:04:49.251+0000] {processor.py:183} INFO - Processing /opt/airflow/dags/oltp_s3_dwh.py took 0.572 seconds
[2026-02-28T11:05:19.852+0000] {processor.py:161} INFO - Started process (PID=6643) to work on /opt/airflow/dags/oltp_s3_dwh.py
[2026-02-28T11:05:19.854+0000] {processor.py:830} INFO - Processing file /opt/airflow/dags/oltp_s3_dwh.py for tasks to queue
[2026-02-28T11:05:19.857+0000] {logging_mixin.py:188} INFO - [2026-02-28T11:05:19.857+0000] {dagbag.py:545} INFO - Filling up the DagBag from /opt/airflow/dags/oltp_s3_dwh.py
[2026-02-28T11:05:20.331+0000] {processor.py:840} INFO - DAG(s) 'oltp_s3_dwh' retrieved from /opt/airflow/dags/oltp_s3_dwh.py
[2026-02-28T11:05:20.361+0000] {logging_mixin.py:188} INFO - [2026-02-28T11:05:20.361+0000] {dag.py:3089} INFO - Sync 1 DAGs
[2026-02-28T11:05:20.383+0000] {logging_mixin.py:188} INFO - [2026-02-28T11:05:20.383+0000] {dag.py:3947} INFO - Setting next_dagrun for oltp_s3_dwh to 2026-02-01 00:00:00+00:00, run_after=2026-03-01 00:00:00+00:00
[2026-02-28T11:05:20.404+0000] {processor.py:183} INFO - Processing /opt/airflow/dags/oltp_s3_dwh.py took 0.561 seconds
[2026-02-28T11:05:50.500+0000] {processor.py:161} INFO - Started process (PID=6674) to work on /opt/airflow/dags/oltp_s3_dwh.py
[2026-02-28T11:05:50.502+0000] {processor.py:830} INFO - Processing file /opt/airflow/dags/oltp_s3_dwh.py for tasks to queue
[2026-02-28T11:05:50.504+0000] {logging_mixin.py:188} INFO - [2026-02-28T11:05:50.504+0000] {dagbag.py:545} INFO - Filling up the DagBag from /opt/airflow/dags/oltp_s3_dwh.py
[2026-02-28T11:05:50.969+0000] {processor.py:840} INFO - DAG(s) 'oltp_s3_dwh' retrieved from /opt/airflow/dags/oltp_s3_dwh.py
[2026-02-28T11:05:50.993+0000] {logging_mixin.py:188} INFO - [2026-02-28T11:05:50.993+0000] {dag.py:3089} INFO - Sync 1 DAGs
[2026-02-28T11:05:51.016+0000] {logging_mixin.py:188} INFO - [2026-02-28T11:05:51.015+0000] {dag.py:3947} INFO - Setting next_dagrun for oltp_s3_dwh to 2026-02-01 00:00:00+00:00, run_after=2026-03-01 00:00:00+00:00
[2026-02-28T11:05:51.034+0000] {processor.py:183} INFO - Processing /opt/airflow/dags/oltp_s3_dwh.py took 0.539 seconds
[2026-02-28T11:06:21.590+0000] {processor.py:161} INFO - Started process (PID=6705) to work on /opt/airflow/dags/oltp_s3_dwh.py
[2026-02-28T11:06:21.592+0000] {processor.py:830} INFO - Processing file /opt/airflow/dags/oltp_s3_dwh.py for tasks to queue
[2026-02-28T11:06:21.594+0000] {logging_mixin.py:188} INFO - [2026-02-28T11:06:21.593+0000] {dagbag.py:545} INFO - Filling up the DagBag from /opt/airflow/dags/oltp_s3_dwh.py
[2026-02-28T11:06:22.021+0000] {processor.py:840} INFO - DAG(s) 'oltp_s3_dwh' retrieved from /opt/airflow/dags/oltp_s3_dwh.py
[2026-02-28T11:06:22.043+0000] {logging_mixin.py:188} INFO - [2026-02-28T11:06:22.042+0000] {dag.py:3089} INFO - Sync 1 DAGs
[2026-02-28T11:06:22.061+0000] {logging_mixin.py:188} INFO - [2026-02-28T11:06:22.060+0000] {dag.py:3947} INFO - Setting next_dagrun for oltp_s3_dwh to 2026-02-01 00:00:00+00:00, run_after=2026-03-01 00:00:00+00:00
[2026-02-28T11:06:22.079+0000] {processor.py:183} INFO - Processing /opt/airflow/dags/oltp_s3_dwh.py took 0.495 seconds
[2026-02-28T11:06:52.543+0000] {processor.py:161} INFO - Started process (PID=6743) to work on /opt/airflow/dags/oltp_s3_dwh.py
[2026-02-28T11:06:52.544+0000] {processor.py:830} INFO - Processing file /opt/airflow/dags/oltp_s3_dwh.py for tasks to queue
[2026-02-28T11:06:52.546+0000] {logging_mixin.py:188} INFO - [2026-02-28T11:06:52.546+0000] {dagbag.py:545} INFO - Filling up the DagBag from /opt/airflow/dags/oltp_s3_dwh.py
[2026-02-28T11:06:53.054+0000] {processor.py:840} INFO - DAG(s) 'oltp_s3_dwh' retrieved from /opt/airflow/dags/oltp_s3_dwh.py
[2026-02-28T11:06:53.086+0000] {logging_mixin.py:188} INFO - [2026-02-28T11:06:53.086+0000] {dag.py:3089} INFO - Sync 1 DAGs
[2026-02-28T11:06:53.112+0000] {logging_mixin.py:188} INFO - [2026-02-28T11:06:53.112+0000] {dag.py:3947} INFO - Setting next_dagrun for oltp_s3_dwh to 2026-02-01 00:00:00+00:00, run_after=2026-03-01 00:00:00+00:00
[2026-02-28T11:06:53.137+0000] {processor.py:183} INFO - Processing /opt/airflow/dags/oltp_s3_dwh.py took 0.601 seconds
[2026-02-28T11:07:23.817+0000] {processor.py:161} INFO - Started process (PID=6774) to work on /opt/airflow/dags/oltp_s3_dwh.py
[2026-02-28T11:07:23.818+0000] {processor.py:830} INFO - Processing file /opt/airflow/dags/oltp_s3_dwh.py for tasks to queue
[2026-02-28T11:07:23.820+0000] {logging_mixin.py:188} INFO - [2026-02-28T11:07:23.819+0000] {dagbag.py:545} INFO - Filling up the DagBag from /opt/airflow/dags/oltp_s3_dwh.py
[2026-02-28T11:07:24.278+0000] {processor.py:840} INFO - DAG(s) 'oltp_s3_dwh' retrieved from /opt/airflow/dags/oltp_s3_dwh.py
[2026-02-28T11:07:24.309+0000] {logging_mixin.py:188} INFO - [2026-02-28T11:07:24.308+0000] {dag.py:3089} INFO - Sync 1 DAGs
[2026-02-28T11:07:24.333+0000] {logging_mixin.py:188} INFO - [2026-02-28T11:07:24.333+0000] {dag.py:3947} INFO - Setting next_dagrun for oltp_s3_dwh to 2026-02-01 00:00:00+00:00, run_after=2026-03-01 00:00:00+00:00
[2026-02-28T11:07:24.356+0000] {processor.py:183} INFO - Processing /opt/airflow/dags/oltp_s3_dwh.py took 0.545 seconds
[2026-02-28T11:07:54.545+0000] {processor.py:161} INFO - Started process (PID=6811) to work on /opt/airflow/dags/oltp_s3_dwh.py
[2026-02-28T11:07:54.547+0000] {processor.py:830} INFO - Processing file /opt/airflow/dags/oltp_s3_dwh.py for tasks to queue
[2026-02-28T11:07:54.549+0000] {logging_mixin.py:188} INFO - [2026-02-28T11:07:54.549+0000] {dagbag.py:545} INFO - Filling up the DagBag from /opt/airflow/dags/oltp_s3_dwh.py
[2026-02-28T11:07:55.063+0000] {processor.py:840} INFO - DAG(s) 'oltp_s3_dwh' retrieved from /opt/airflow/dags/oltp_s3_dwh.py
[2026-02-28T11:07:55.097+0000] {logging_mixin.py:188} INFO - [2026-02-28T11:07:55.096+0000] {dag.py:3089} INFO - Sync 1 DAGs
[2026-02-28T11:07:55.119+0000] {logging_mixin.py:188} INFO - [2026-02-28T11:07:55.118+0000] {dag.py:3947} INFO - Setting next_dagrun for oltp_s3_dwh to 2026-02-01 00:00:00+00:00, run_after=2026-03-01 00:00:00+00:00
[2026-02-28T11:07:55.139+0000] {processor.py:183} INFO - Processing /opt/airflow/dags/oltp_s3_dwh.py took 0.601 seconds
[2026-02-28T11:08:25.706+0000] {processor.py:161} INFO - Started process (PID=6841) to work on /opt/airflow/dags/oltp_s3_dwh.py
[2026-02-28T11:08:25.708+0000] {processor.py:830} INFO - Processing file /opt/airflow/dags/oltp_s3_dwh.py for tasks to queue
[2026-02-28T11:08:25.710+0000] {logging_mixin.py:188} INFO - [2026-02-28T11:08:25.709+0000] {dagbag.py:545} INFO - Filling up the DagBag from /opt/airflow/dags/oltp_s3_dwh.py
[2026-02-28T11:08:26.149+0000] {processor.py:840} INFO - DAG(s) 'oltp_s3_dwh' retrieved from /opt/airflow/dags/oltp_s3_dwh.py
[2026-02-28T11:08:26.175+0000] {logging_mixin.py:188} INFO - [2026-02-28T11:08:26.175+0000] {dag.py:3089} INFO - Sync 1 DAGs
[2026-02-28T11:08:26.197+0000] {logging_mixin.py:188} INFO - [2026-02-28T11:08:26.197+0000] {dag.py:3947} INFO - Setting next_dagrun for oltp_s3_dwh to 2026-02-01 00:00:00+00:00, run_after=2026-03-01 00:00:00+00:00
[2026-02-28T11:08:26.218+0000] {processor.py:183} INFO - Processing /opt/airflow/dags/oltp_s3_dwh.py took 0.519 seconds
[2026-02-28T11:08:56.927+0000] {processor.py:161} INFO - Started process (PID=6879) to work on /opt/airflow/dags/oltp_s3_dwh.py
[2026-02-28T11:08:56.928+0000] {processor.py:830} INFO - Processing file /opt/airflow/dags/oltp_s3_dwh.py for tasks to queue
[2026-02-28T11:08:56.930+0000] {logging_mixin.py:188} INFO - [2026-02-28T11:08:56.930+0000] {dagbag.py:545} INFO - Filling up the DagBag from /opt/airflow/dags/oltp_s3_dwh.py
[2026-02-28T11:08:57.390+0000] {processor.py:840} INFO - DAG(s) 'oltp_s3_dwh' retrieved from /opt/airflow/dags/oltp_s3_dwh.py
[2026-02-28T11:08:57.420+0000] {logging_mixin.py:188} INFO - [2026-02-28T11:08:57.420+0000] {dag.py:3089} INFO - Sync 1 DAGs
[2026-02-28T11:08:57.443+0000] {logging_mixin.py:188} INFO - [2026-02-28T11:08:57.443+0000] {dag.py:3947} INFO - Setting next_dagrun for oltp_s3_dwh to 2026-02-01 00:00:00+00:00, run_after=2026-03-01 00:00:00+00:00
[2026-02-28T11:08:57.470+0000] {processor.py:183} INFO - Processing /opt/airflow/dags/oltp_s3_dwh.py took 0.549 seconds
[2026-02-28T11:09:27.663+0000] {processor.py:161} INFO - Started process (PID=6910) to work on /opt/airflow/dags/oltp_s3_dwh.py
[2026-02-28T11:09:27.664+0000] {processor.py:830} INFO - Processing file /opt/airflow/dags/oltp_s3_dwh.py for tasks to queue
[2026-02-28T11:09:27.666+0000] {logging_mixin.py:188} INFO - [2026-02-28T11:09:27.666+0000] {dagbag.py:545} INFO - Filling up the DagBag from /opt/airflow/dags/oltp_s3_dwh.py
[2026-02-28T11:09:28.128+0000] {processor.py:840} INFO - DAG(s) 'oltp_s3_dwh' retrieved from /opt/airflow/dags/oltp_s3_dwh.py
[2026-02-28T11:09:28.153+0000] {logging_mixin.py:188} INFO - [2026-02-28T11:09:28.152+0000] {dag.py:3089} INFO - Sync 1 DAGs
[2026-02-28T11:09:28.173+0000] {logging_mixin.py:188} INFO - [2026-02-28T11:09:28.172+0000] {dag.py:3947} INFO - Setting next_dagrun for oltp_s3_dwh to 2026-02-01 00:00:00+00:00, run_after=2026-03-01 00:00:00+00:00
[2026-02-28T11:09:28.194+0000] {processor.py:183} INFO - Processing /opt/airflow/dags/oltp_s3_dwh.py took 0.537 seconds
[2026-02-28T11:09:58.832+0000] {processor.py:161} INFO - Started process (PID=6941) to work on /opt/airflow/dags/oltp_s3_dwh.py
[2026-02-28T11:09:58.837+0000] {processor.py:830} INFO - Processing file /opt/airflow/dags/oltp_s3_dwh.py for tasks to queue
[2026-02-28T11:09:58.840+0000] {logging_mixin.py:188} INFO - [2026-02-28T11:09:58.840+0000] {dagbag.py:545} INFO - Filling up the DagBag from /opt/airflow/dags/oltp_s3_dwh.py
[2026-02-28T11:09:59.346+0000] {processor.py:840} INFO - DAG(s) 'oltp_s3_dwh' retrieved from /opt/airflow/dags/oltp_s3_dwh.py
[2026-02-28T11:09:59.376+0000] {logging_mixin.py:188} INFO - [2026-02-28T11:09:59.375+0000] {dag.py:3089} INFO - Sync 1 DAGs
[2026-02-28T11:09:59.397+0000] {logging_mixin.py:188} INFO - [2026-02-28T11:09:59.397+0000] {dag.py:3947} INFO - Setting next_dagrun for oltp_s3_dwh to 2026-02-01 00:00:00+00:00, run_after=2026-03-01 00:00:00+00:00
[2026-02-28T11:09:59.423+0000] {processor.py:183} INFO - Processing /opt/airflow/dags/oltp_s3_dwh.py took 0.606 seconds
[2026-02-28T11:10:30.120+0000] {processor.py:161} INFO - Started process (PID=6979) to work on /opt/airflow/dags/oltp_s3_dwh.py
[2026-02-28T11:10:30.121+0000] {processor.py:830} INFO - Processing file /opt/airflow/dags/oltp_s3_dwh.py for tasks to queue
[2026-02-28T11:10:30.123+0000] {logging_mixin.py:188} INFO - [2026-02-28T11:10:30.123+0000] {dagbag.py:545} INFO - Filling up the DagBag from /opt/airflow/dags/oltp_s3_dwh.py
[2026-02-28T11:10:30.573+0000] {processor.py:840} INFO - DAG(s) 'oltp_s3_dwh' retrieved from /opt/airflow/dags/oltp_s3_dwh.py
[2026-02-28T11:10:30.602+0000] {logging_mixin.py:188} INFO - [2026-02-28T11:10:30.602+0000] {dag.py:3089} INFO - Sync 1 DAGs
[2026-02-28T11:10:30.625+0000] {logging_mixin.py:188} INFO - [2026-02-28T11:10:30.625+0000] {dag.py:3947} INFO - Setting next_dagrun for oltp_s3_dwh to 2026-02-01 00:00:00+00:00, run_after=2026-03-01 00:00:00+00:00
[2026-02-28T11:10:30.646+0000] {processor.py:183} INFO - Processing /opt/airflow/dags/oltp_s3_dwh.py took 0.532 seconds
[2026-02-28T11:11:01.245+0000] {processor.py:161} INFO - Started process (PID=7010) to work on /opt/airflow/dags/oltp_s3_dwh.py
[2026-02-28T11:11:01.246+0000] {processor.py:830} INFO - Processing file /opt/airflow/dags/oltp_s3_dwh.py for tasks to queue
[2026-02-28T11:11:01.250+0000] {logging_mixin.py:188} INFO - [2026-02-28T11:11:01.250+0000] {dagbag.py:545} INFO - Filling up the DagBag from /opt/airflow/dags/oltp_s3_dwh.py
[2026-02-28T11:11:01.771+0000] {processor.py:840} INFO - DAG(s) 'oltp_s3_dwh' retrieved from /opt/airflow/dags/oltp_s3_dwh.py
[2026-02-28T11:11:01.796+0000] {logging_mixin.py:188} INFO - [2026-02-28T11:11:01.795+0000] {dag.py:3089} INFO - Sync 1 DAGs
[2026-02-28T11:11:01.818+0000] {logging_mixin.py:188} INFO - [2026-02-28T11:11:01.817+0000] {dag.py:3947} INFO - Setting next_dagrun for oltp_s3_dwh to 2026-02-01 00:00:00+00:00, run_after=2026-03-01 00:00:00+00:00
[2026-02-28T11:11:01.838+0000] {processor.py:183} INFO - Processing /opt/airflow/dags/oltp_s3_dwh.py took 0.600 seconds
[2026-02-28T11:11:32.287+0000] {processor.py:161} INFO - Started process (PID=7047) to work on /opt/airflow/dags/oltp_s3_dwh.py
[2026-02-28T11:11:32.289+0000] {processor.py:830} INFO - Processing file /opt/airflow/dags/oltp_s3_dwh.py for tasks to queue
[2026-02-28T11:11:32.293+0000] {logging_mixin.py:188} INFO - [2026-02-28T11:11:32.293+0000] {dagbag.py:545} INFO - Filling up the DagBag from /opt/airflow/dags/oltp_s3_dwh.py
[2026-02-28T11:11:32.840+0000] {processor.py:840} INFO - DAG(s) 'oltp_s3_dwh' retrieved from /opt/airflow/dags/oltp_s3_dwh.py
[2026-02-28T11:11:32.871+0000] {logging_mixin.py:188} INFO - [2026-02-28T11:11:32.871+0000] {dag.py:3089} INFO - Sync 1 DAGs
[2026-02-28T11:11:32.895+0000] {logging_mixin.py:188} INFO - [2026-02-28T11:11:32.894+0000] {dag.py:3947} INFO - Setting next_dagrun for oltp_s3_dwh to 2026-02-01 00:00:00+00:00, run_after=2026-03-01 00:00:00+00:00
[2026-02-28T11:11:32.924+0000] {processor.py:183} INFO - Processing /opt/airflow/dags/oltp_s3_dwh.py took 0.643 seconds
[2026-02-28T11:12:03.334+0000] {processor.py:161} INFO - Started process (PID=7078) to work on /opt/airflow/dags/oltp_s3_dwh.py
[2026-02-28T11:12:03.335+0000] {processor.py:830} INFO - Processing file /opt/airflow/dags/oltp_s3_dwh.py for tasks to queue
[2026-02-28T11:12:03.337+0000] {logging_mixin.py:188} INFO - [2026-02-28T11:12:03.336+0000] {dagbag.py:545} INFO - Filling up the DagBag from /opt/airflow/dags/oltp_s3_dwh.py
[2026-02-28T11:12:03.754+0000] {processor.py:840} INFO - DAG(s) 'oltp_s3_dwh' retrieved from /opt/airflow/dags/oltp_s3_dwh.py
[2026-02-28T11:12:03.778+0000] {logging_mixin.py:188} INFO - [2026-02-28T11:12:03.777+0000] {dag.py:3089} INFO - Sync 1 DAGs
[2026-02-28T11:12:03.796+0000] {logging_mixin.py:188} INFO - [2026-02-28T11:12:03.796+0000] {dag.py:3947} INFO - Setting next_dagrun for oltp_s3_dwh to 2026-02-01 00:00:00+00:00, run_after=2026-03-01 00:00:00+00:00
[2026-02-28T11:12:03.816+0000] {processor.py:183} INFO - Processing /opt/airflow/dags/oltp_s3_dwh.py took 0.488 seconds
[2026-02-28T11:12:34.340+0000] {processor.py:161} INFO - Started process (PID=7108) to work on /opt/airflow/dags/oltp_s3_dwh.py
[2026-02-28T11:12:34.343+0000] {processor.py:830} INFO - Processing file /opt/airflow/dags/oltp_s3_dwh.py for tasks to queue
[2026-02-28T11:12:34.345+0000] {logging_mixin.py:188} INFO - [2026-02-28T11:12:34.344+0000] {dagbag.py:545} INFO - Filling up the DagBag from /opt/airflow/dags/oltp_s3_dwh.py
[2026-02-28T11:12:34.768+0000] {processor.py:840} INFO - DAG(s) 'oltp_s3_dwh' retrieved from /opt/airflow/dags/oltp_s3_dwh.py
[2026-02-28T11:12:34.791+0000] {logging_mixin.py:188} INFO - [2026-02-28T11:12:34.791+0000] {dag.py:3089} INFO - Sync 1 DAGs
[2026-02-28T11:12:34.810+0000] {logging_mixin.py:188} INFO - [2026-02-28T11:12:34.810+0000] {dag.py:3947} INFO - Setting next_dagrun for oltp_s3_dwh to 2026-02-01 00:00:00+00:00, run_after=2026-03-01 00:00:00+00:00
[2026-02-28T11:12:34.829+0000] {processor.py:183} INFO - Processing /opt/airflow/dags/oltp_s3_dwh.py took 0.496 seconds
[2026-02-28T11:13:04.893+0000] {processor.py:161} INFO - Started process (PID=7146) to work on /opt/airflow/dags/oltp_s3_dwh.py
[2026-02-28T11:13:04.894+0000] {processor.py:830} INFO - Processing file /opt/airflow/dags/oltp_s3_dwh.py for tasks to queue
[2026-02-28T11:13:04.897+0000] {logging_mixin.py:188} INFO - [2026-02-28T11:13:04.896+0000] {dagbag.py:545} INFO - Filling up the DagBag from /opt/airflow/dags/oltp_s3_dwh.py
[2026-02-28T11:13:05.339+0000] {processor.py:840} INFO - DAG(s) 'oltp_s3_dwh' retrieved from /opt/airflow/dags/oltp_s3_dwh.py
[2026-02-28T11:13:05.361+0000] {logging_mixin.py:188} INFO - [2026-02-28T11:13:05.361+0000] {dag.py:3089} INFO - Sync 1 DAGs
[2026-02-28T11:13:05.380+0000] {logging_mixin.py:188} INFO - [2026-02-28T11:13:05.380+0000] {dag.py:3947} INFO - Setting next_dagrun for oltp_s3_dwh to 2026-02-01 00:00:00+00:00, run_after=2026-03-01 00:00:00+00:00
[2026-02-28T11:13:05.397+0000] {processor.py:183} INFO - Processing /opt/airflow/dags/oltp_s3_dwh.py took 0.509 seconds
[2026-02-28T11:13:35.558+0000] {processor.py:161} INFO - Started process (PID=7177) to work on /opt/airflow/dags/oltp_s3_dwh.py
[2026-02-28T11:13:35.560+0000] {processor.py:830} INFO - Processing file /opt/airflow/dags/oltp_s3_dwh.py for tasks to queue
[2026-02-28T11:13:35.562+0000] {logging_mixin.py:188} INFO - [2026-02-28T11:13:35.561+0000] {dagbag.py:545} INFO - Filling up the DagBag from /opt/airflow/dags/oltp_s3_dwh.py
[2026-02-28T11:13:35.974+0000] {processor.py:840} INFO - DAG(s) 'oltp_s3_dwh' retrieved from /opt/airflow/dags/oltp_s3_dwh.py
[2026-02-28T11:13:35.997+0000] {logging_mixin.py:188} INFO - [2026-02-28T11:13:35.997+0000] {dag.py:3089} INFO - Sync 1 DAGs
[2026-02-28T11:13:36.017+0000] {logging_mixin.py:188} INFO - [2026-02-28T11:13:36.016+0000] {dag.py:3947} INFO - Setting next_dagrun for oltp_s3_dwh to 2026-02-01 00:00:00+00:00, run_after=2026-03-01 00:00:00+00:00
[2026-02-28T11:13:36.042+0000] {processor.py:183} INFO - Processing /opt/airflow/dags/oltp_s3_dwh.py took 0.490 seconds
[2026-02-28T11:14:06.714+0000] {processor.py:161} INFO - Started process (PID=7215) to work on /opt/airflow/dags/oltp_s3_dwh.py
[2026-02-28T11:14:06.716+0000] {processor.py:830} INFO - Processing file /opt/airflow/dags/oltp_s3_dwh.py for tasks to queue
[2026-02-28T11:14:06.718+0000] {logging_mixin.py:188} INFO - [2026-02-28T11:14:06.718+0000] {dagbag.py:545} INFO - Filling up the DagBag from /opt/airflow/dags/oltp_s3_dwh.py
[2026-02-28T11:14:07.071+0000] {processor.py:840} INFO - DAG(s) 'oltp_s3_dwh' retrieved from /opt/airflow/dags/oltp_s3_dwh.py
[2026-02-28T11:14:07.104+0000] {logging_mixin.py:188} INFO - [2026-02-28T11:14:07.103+0000] {dag.py:3089} INFO - Sync 1 DAGs
[2026-02-28T11:14:07.136+0000] {logging_mixin.py:188} INFO - [2026-02-28T11:14:07.136+0000] {dag.py:3947} INFO - Setting next_dagrun for oltp_s3_dwh to 2026-02-01 00:00:00+00:00, run_after=2026-03-01 00:00:00+00:00
[2026-02-28T11:14:07.162+0000] {processor.py:183} INFO - Processing /opt/airflow/dags/oltp_s3_dwh.py took 0.455 seconds
[2026-02-28T11:14:37.988+0000] {processor.py:161} INFO - Started process (PID=7246) to work on /opt/airflow/dags/oltp_s3_dwh.py
[2026-02-28T11:14:37.989+0000] {processor.py:830} INFO - Processing file /opt/airflow/dags/oltp_s3_dwh.py for tasks to queue
[2026-02-28T11:14:37.992+0000] {logging_mixin.py:188} INFO - [2026-02-28T11:14:37.991+0000] {dagbag.py:545} INFO - Filling up the DagBag from /opt/airflow/dags/oltp_s3_dwh.py
[2026-02-28T11:14:38.284+0000] {processor.py:840} INFO - DAG(s) 'oltp_s3_dwh' retrieved from /opt/airflow/dags/oltp_s3_dwh.py
[2026-02-28T11:14:38.309+0000] {logging_mixin.py:188} INFO - [2026-02-28T11:14:38.309+0000] {dag.py:3089} INFO - Sync 1 DAGs
[2026-02-28T11:14:38.330+0000] {logging_mixin.py:188} INFO - [2026-02-28T11:14:38.330+0000] {dag.py:3947} INFO - Setting next_dagrun for oltp_s3_dwh to 2026-02-01 00:00:00+00:00, run_after=2026-03-01 00:00:00+00:00
[2026-02-28T11:14:38.348+0000] {processor.py:183} INFO - Processing /opt/airflow/dags/oltp_s3_dwh.py took 0.367 seconds
[2026-02-28T11:15:08.858+0000] {processor.py:161} INFO - Started process (PID=7277) to work on /opt/airflow/dags/oltp_s3_dwh.py
[2026-02-28T11:15:08.859+0000] {processor.py:830} INFO - Processing file /opt/airflow/dags/oltp_s3_dwh.py for tasks to queue
[2026-02-28T11:15:08.862+0000] {logging_mixin.py:188} INFO - [2026-02-28T11:15:08.861+0000] {dagbag.py:545} INFO - Filling up the DagBag from /opt/airflow/dags/oltp_s3_dwh.py
[2026-02-28T11:15:09.289+0000] {processor.py:840} INFO - DAG(s) 'oltp_s3_dwh' retrieved from /opt/airflow/dags/oltp_s3_dwh.py
[2026-02-28T11:15:09.321+0000] {logging_mixin.py:188} INFO - [2026-02-28T11:15:09.321+0000] {dag.py:3089} INFO - Sync 1 DAGs
[2026-02-28T11:15:09.346+0000] {logging_mixin.py:188} INFO - [2026-02-28T11:15:09.346+0000] {dag.py:3947} INFO - Setting next_dagrun for oltp_s3_dwh to 2026-02-01 00:00:00+00:00, run_after=2026-03-01 00:00:00+00:00
[2026-02-28T11:15:09.372+0000] {processor.py:183} INFO - Processing /opt/airflow/dags/oltp_s3_dwh.py took 0.526 seconds
[2026-02-28T11:15:39.684+0000] {processor.py:161} INFO - Started process (PID=7315) to work on /opt/airflow/dags/oltp_s3_dwh.py
[2026-02-28T11:15:39.686+0000] {processor.py:830} INFO - Processing file /opt/airflow/dags/oltp_s3_dwh.py for tasks to queue
[2026-02-28T11:15:39.688+0000] {logging_mixin.py:188} INFO - [2026-02-28T11:15:39.687+0000] {dagbag.py:545} INFO - Filling up the DagBag from /opt/airflow/dags/oltp_s3_dwh.py
[2026-02-28T11:15:39.978+0000] {processor.py:840} INFO - DAG(s) 'oltp_s3_dwh' retrieved from /opt/airflow/dags/oltp_s3_dwh.py
[2026-02-28T11:15:40.009+0000] {logging_mixin.py:188} INFO - [2026-02-28T11:15:40.008+0000] {dag.py:3089} INFO - Sync 1 DAGs
[2026-02-28T11:15:40.032+0000] {logging_mixin.py:188} INFO - [2026-02-28T11:15:40.032+0000] {dag.py:3947} INFO - Setting next_dagrun for oltp_s3_dwh to 2026-02-01 00:00:00+00:00, run_after=2026-03-01 00:00:00+00:00
[2026-02-28T11:15:40.056+0000] {processor.py:183} INFO - Processing /opt/airflow/dags/oltp_s3_dwh.py took 0.379 seconds
[2026-02-28T11:16:10.797+0000] {processor.py:161} INFO - Started process (PID=7346) to work on /opt/airflow/dags/oltp_s3_dwh.py
[2026-02-28T11:16:10.799+0000] {processor.py:830} INFO - Processing file /opt/airflow/dags/oltp_s3_dwh.py for tasks to queue
[2026-02-28T11:16:10.802+0000] {logging_mixin.py:188} INFO - [2026-02-28T11:16:10.801+0000] {dagbag.py:545} INFO - Filling up the DagBag from /opt/airflow/dags/oltp_s3_dwh.py
[2026-02-28T11:16:11.168+0000] {processor.py:840} INFO - DAG(s) 'oltp_s3_dwh' retrieved from /opt/airflow/dags/oltp_s3_dwh.py
[2026-02-28T11:16:11.195+0000] {logging_mixin.py:188} INFO - [2026-02-28T11:16:11.195+0000] {dag.py:3089} INFO - Sync 1 DAGs
[2026-02-28T11:16:11.218+0000] {logging_mixin.py:188} INFO - [2026-02-28T11:16:11.218+0000] {dag.py:3947} INFO - Setting next_dagrun for oltp_s3_dwh to 2026-02-01 00:00:00+00:00, run_after=2026-03-01 00:00:00+00:00
[2026-02-28T11:16:11.241+0000] {processor.py:183} INFO - Processing /opt/airflow/dags/oltp_s3_dwh.py took 0.455 seconds
[2026-02-28T11:16:41.378+0000] {processor.py:161} INFO - Started process (PID=7384) to work on /opt/airflow/dags/oltp_s3_dwh.py
[2026-02-28T11:16:41.380+0000] {processor.py:830} INFO - Processing file /opt/airflow/dags/oltp_s3_dwh.py for tasks to queue
[2026-02-28T11:16:41.383+0000] {logging_mixin.py:188} INFO - [2026-02-28T11:16:41.382+0000] {dagbag.py:545} INFO - Filling up the DagBag from /opt/airflow/dags/oltp_s3_dwh.py
[2026-02-28T11:16:41.772+0000] {processor.py:840} INFO - DAG(s) 'oltp_s3_dwh' retrieved from /opt/airflow/dags/oltp_s3_dwh.py
[2026-02-28T11:16:41.816+0000] {logging_mixin.py:188} INFO - [2026-02-28T11:16:41.815+0000] {dag.py:3089} INFO - Sync 1 DAGs
[2026-02-28T11:16:41.845+0000] {logging_mixin.py:188} INFO - [2026-02-28T11:16:41.845+0000] {dag.py:3947} INFO - Setting next_dagrun for oltp_s3_dwh to 2026-02-01 00:00:00+00:00, run_after=2026-03-01 00:00:00+00:00
[2026-02-28T11:16:41.874+0000] {processor.py:183} INFO - Processing /opt/airflow/dags/oltp_s3_dwh.py took 0.503 seconds
[2026-02-28T11:17:11.944+0000] {processor.py:161} INFO - Started process (PID=7414) to work on /opt/airflow/dags/oltp_s3_dwh.py
[2026-02-28T11:17:11.945+0000] {processor.py:830} INFO - Processing file /opt/airflow/dags/oltp_s3_dwh.py for tasks to queue
[2026-02-28T11:17:11.947+0000] {logging_mixin.py:188} INFO - [2026-02-28T11:17:11.947+0000] {dagbag.py:545} INFO - Filling up the DagBag from /opt/airflow/dags/oltp_s3_dwh.py
[2026-02-28T11:17:12.244+0000] {processor.py:840} INFO - DAG(s) 'oltp_s3_dwh' retrieved from /opt/airflow/dags/oltp_s3_dwh.py
[2026-02-28T11:17:12.270+0000] {logging_mixin.py:188} INFO - [2026-02-28T11:17:12.270+0000] {dag.py:3089} INFO - Sync 1 DAGs
[2026-02-28T11:17:12.295+0000] {logging_mixin.py:188} INFO - [2026-02-28T11:17:12.295+0000] {dag.py:3947} INFO - Setting next_dagrun for oltp_s3_dwh to 2026-02-01 00:00:00+00:00, run_after=2026-03-01 00:00:00+00:00
[2026-02-28T11:17:12.318+0000] {processor.py:183} INFO - Processing /opt/airflow/dags/oltp_s3_dwh.py took 0.381 seconds
[2026-02-28T11:17:43.122+0000] {processor.py:161} INFO - Started process (PID=7445) to work on /opt/airflow/dags/oltp_s3_dwh.py
[2026-02-28T11:17:43.124+0000] {processor.py:830} INFO - Processing file /opt/airflow/dags/oltp_s3_dwh.py for tasks to queue
[2026-02-28T11:17:43.126+0000] {logging_mixin.py:188} INFO - [2026-02-28T11:17:43.126+0000] {dagbag.py:545} INFO - Filling up the DagBag from /opt/airflow/dags/oltp_s3_dwh.py
[2026-02-28T11:17:43.479+0000] {processor.py:840} INFO - DAG(s) 'oltp_s3_dwh' retrieved from /opt/airflow/dags/oltp_s3_dwh.py
[2026-02-28T11:17:43.513+0000] {logging_mixin.py:188} INFO - [2026-02-28T11:17:43.512+0000] {dag.py:3089} INFO - Sync 1 DAGs
[2026-02-28T11:17:43.537+0000] {logging_mixin.py:188} INFO - [2026-02-28T11:17:43.537+0000] {dag.py:3947} INFO - Setting next_dagrun for oltp_s3_dwh to 2026-02-01 00:00:00+00:00, run_after=2026-03-01 00:00:00+00:00
[2026-02-28T11:17:43.572+0000] {processor.py:183} INFO - Processing /opt/airflow/dags/oltp_s3_dwh.py took 0.459 seconds
[2026-02-28T11:18:14.432+0000] {processor.py:161} INFO - Started process (PID=7484) to work on /opt/airflow/dags/oltp_s3_dwh.py
[2026-02-28T11:18:14.433+0000] {processor.py:830} INFO - Processing file /opt/airflow/dags/oltp_s3_dwh.py for tasks to queue
[2026-02-28T11:18:14.435+0000] {logging_mixin.py:188} INFO - [2026-02-28T11:18:14.435+0000] {dagbag.py:545} INFO - Filling up the DagBag from /opt/airflow/dags/oltp_s3_dwh.py
[2026-02-28T11:18:14.720+0000] {processor.py:840} INFO - DAG(s) 'oltp_s3_dwh' retrieved from /opt/airflow/dags/oltp_s3_dwh.py
[2026-02-28T11:18:14.746+0000] {logging_mixin.py:188} INFO - [2026-02-28T11:18:14.745+0000] {dag.py:3089} INFO - Sync 1 DAGs
[2026-02-28T11:18:14.766+0000] {logging_mixin.py:188} INFO - [2026-02-28T11:18:14.766+0000] {dag.py:3947} INFO - Setting next_dagrun for oltp_s3_dwh to 2026-02-01 00:00:00+00:00, run_after=2026-03-01 00:00:00+00:00
[2026-02-28T11:18:14.785+0000] {processor.py:183} INFO - Processing /opt/airflow/dags/oltp_s3_dwh.py took 0.358 seconds
[2026-02-28T11:18:45.296+0000] {processor.py:161} INFO - Started process (PID=7515) to work on /opt/airflow/dags/oltp_s3_dwh.py
[2026-02-28T11:18:45.298+0000] {processor.py:830} INFO - Processing file /opt/airflow/dags/oltp_s3_dwh.py for tasks to queue
[2026-02-28T11:18:45.300+0000] {logging_mixin.py:188} INFO - [2026-02-28T11:18:45.300+0000] {dagbag.py:545} INFO - Filling up the DagBag from /opt/airflow/dags/oltp_s3_dwh.py
[2026-02-28T11:18:45.604+0000] {processor.py:840} INFO - DAG(s) 'oltp_s3_dwh' retrieved from /opt/airflow/dags/oltp_s3_dwh.py
[2026-02-28T11:18:45.629+0000] {logging_mixin.py:188} INFO - [2026-02-28T11:18:45.629+0000] {dag.py:3089} INFO - Sync 1 DAGs
[2026-02-28T11:18:45.651+0000] {logging_mixin.py:188} INFO - [2026-02-28T11:18:45.651+0000] {dag.py:3947} INFO - Setting next_dagrun for oltp_s3_dwh to 2026-02-01 00:00:00+00:00, run_after=2026-03-01 00:00:00+00:00
[2026-02-28T11:18:45.671+0000] {processor.py:183} INFO - Processing /opt/airflow/dags/oltp_s3_dwh.py took 0.381 seconds
[2026-02-28T11:19:15.816+0000] {processor.py:161} INFO - Started process (PID=7556) to work on /opt/airflow/dags/oltp_s3_dwh.py
[2026-02-28T11:19:15.817+0000] {processor.py:830} INFO - Processing file /opt/airflow/dags/oltp_s3_dwh.py for tasks to queue
[2026-02-28T11:19:15.819+0000] {logging_mixin.py:188} INFO - [2026-02-28T11:19:15.819+0000] {dagbag.py:545} INFO - Filling up the DagBag from /opt/airflow/dags/oltp_s3_dwh.py
[2026-02-28T11:19:16.138+0000] {processor.py:840} INFO - DAG(s) 'oltp_s3_dwh' retrieved from /opt/airflow/dags/oltp_s3_dwh.py
[2026-02-28T11:19:16.164+0000] {logging_mixin.py:188} INFO - [2026-02-28T11:19:16.163+0000] {dag.py:3089} INFO - Sync 1 DAGs
[2026-02-28T11:19:16.184+0000] {logging_mixin.py:188} INFO - [2026-02-28T11:19:16.184+0000] {dag.py:3947} INFO - Setting next_dagrun for oltp_s3_dwh to 2026-02-01 00:00:00+00:00, run_after=2026-03-01 00:00:00+00:00
[2026-02-28T11:19:16.204+0000] {processor.py:183} INFO - Processing /opt/airflow/dags/oltp_s3_dwh.py took 0.395 seconds
[2026-02-28T11:19:47.090+0000] {processor.py:161} INFO - Started process (PID=7583) to work on /opt/airflow/dags/oltp_s3_dwh.py
[2026-02-28T11:19:47.092+0000] {processor.py:830} INFO - Processing file /opt/airflow/dags/oltp_s3_dwh.py for tasks to queue
[2026-02-28T11:19:47.094+0000] {logging_mixin.py:188} INFO - [2026-02-28T11:19:47.094+0000] {dagbag.py:545} INFO - Filling up the DagBag from /opt/airflow/dags/oltp_s3_dwh.py
[2026-02-28T11:19:47.428+0000] {processor.py:840} INFO - DAG(s) 'oltp_s3_dwh' retrieved from /opt/airflow/dags/oltp_s3_dwh.py
[2026-02-28T11:19:47.465+0000] {logging_mixin.py:188} INFO - [2026-02-28T11:19:47.464+0000] {dag.py:3089} INFO - Sync 1 DAGs
[2026-02-28T11:19:47.489+0000] {logging_mixin.py:188} INFO - [2026-02-28T11:19:47.489+0000] {dag.py:3947} INFO - Setting next_dagrun for oltp_s3_dwh to 2026-02-01 00:00:00+00:00, run_after=2026-03-01 00:00:00+00:00
[2026-02-28T11:19:47.519+0000] {processor.py:183} INFO - Processing /opt/airflow/dags/oltp_s3_dwh.py took 0.439 seconds
[2026-02-28T11:20:18.032+0000] {processor.py:161} INFO - Started process (PID=7614) to work on /opt/airflow/dags/oltp_s3_dwh.py
[2026-02-28T11:20:18.033+0000] {processor.py:830} INFO - Processing file /opt/airflow/dags/oltp_s3_dwh.py for tasks to queue
[2026-02-28T11:20:18.035+0000] {logging_mixin.py:188} INFO - [2026-02-28T11:20:18.035+0000] {dagbag.py:545} INFO - Filling up the DagBag from /opt/airflow/dags/oltp_s3_dwh.py
[2026-02-28T11:20:18.384+0000] {processor.py:840} INFO - DAG(s) 'oltp_s3_dwh' retrieved from /opt/airflow/dags/oltp_s3_dwh.py
[2026-02-28T11:20:18.433+0000] {logging_mixin.py:188} INFO - [2026-02-28T11:20:18.432+0000] {dag.py:3089} INFO - Sync 1 DAGs
[2026-02-28T11:20:18.465+0000] {logging_mixin.py:188} INFO - [2026-02-28T11:20:18.465+0000] {dag.py:3947} INFO - Setting next_dagrun for oltp_s3_dwh to 2026-02-01 00:00:00+00:00, run_after=2026-03-01 00:00:00+00:00
[2026-02-28T11:20:18.505+0000] {processor.py:183} INFO - Processing /opt/airflow/dags/oltp_s3_dwh.py took 0.480 seconds
[2026-02-28T11:20:49.272+0000] {processor.py:161} INFO - Started process (PID=7652) to work on /opt/airflow/dags/oltp_s3_dwh.py
[2026-02-28T11:20:49.273+0000] {processor.py:830} INFO - Processing file /opt/airflow/dags/oltp_s3_dwh.py for tasks to queue
[2026-02-28T11:20:49.276+0000] {logging_mixin.py:188} INFO - [2026-02-28T11:20:49.275+0000] {dagbag.py:545} INFO - Filling up the DagBag from /opt/airflow/dags/oltp_s3_dwh.py
[2026-02-28T11:20:49.582+0000] {processor.py:840} INFO - DAG(s) 'oltp_s3_dwh' retrieved from /opt/airflow/dags/oltp_s3_dwh.py
[2026-02-28T11:20:49.609+0000] {logging_mixin.py:188} INFO - [2026-02-28T11:20:49.609+0000] {dag.py:3089} INFO - Sync 1 DAGs
[2026-02-28T11:20:49.631+0000] {logging_mixin.py:188} INFO - [2026-02-28T11:20:49.631+0000] {dag.py:3947} INFO - Setting next_dagrun for oltp_s3_dwh to 2026-02-01 00:00:00+00:00, run_after=2026-03-01 00:00:00+00:00
[2026-02-28T11:20:49.651+0000] {processor.py:183} INFO - Processing /opt/airflow/dags/oltp_s3_dwh.py took 0.387 seconds
[2026-02-28T11:21:19.806+0000] {processor.py:161} INFO - Started process (PID=7684) to work on /opt/airflow/dags/oltp_s3_dwh.py
[2026-02-28T11:21:19.807+0000] {processor.py:830} INFO - Processing file /opt/airflow/dags/oltp_s3_dwh.py for tasks to queue
[2026-02-28T11:21:19.809+0000] {logging_mixin.py:188} INFO - [2026-02-28T11:21:19.809+0000] {dagbag.py:545} INFO - Filling up the DagBag from /opt/airflow/dags/oltp_s3_dwh.py
[2026-02-28T11:21:20.119+0000] {processor.py:840} INFO - DAG(s) 'oltp_s3_dwh' retrieved from /opt/airflow/dags/oltp_s3_dwh.py
[2026-02-28T11:21:20.155+0000] {logging_mixin.py:188} INFO - [2026-02-28T11:21:20.155+0000] {dag.py:3089} INFO - Sync 1 DAGs
[2026-02-28T11:21:20.177+0000] {logging_mixin.py:188} INFO - [2026-02-28T11:21:20.177+0000] {dag.py:3947} INFO - Setting next_dagrun for oltp_s3_dwh to 2026-02-01 00:00:00+00:00, run_after=2026-03-01 00:00:00+00:00
[2026-02-28T11:21:20.209+0000] {processor.py:183} INFO - Processing /opt/airflow/dags/oltp_s3_dwh.py took 0.411 seconds
[2026-02-28T11:21:50.337+0000] {processor.py:161} INFO - Started process (PID=7723) to work on /opt/airflow/dags/oltp_s3_dwh.py
[2026-02-28T11:21:50.340+0000] {processor.py:830} INFO - Processing file /opt/airflow/dags/oltp_s3_dwh.py for tasks to queue
[2026-02-28T11:21:50.344+0000] {logging_mixin.py:188} INFO - [2026-02-28T11:21:50.343+0000] {dagbag.py:545} INFO - Filling up the DagBag from /opt/airflow/dags/oltp_s3_dwh.py
[2026-02-28T11:21:50.774+0000] {processor.py:840} INFO - DAG(s) 'oltp_s3_dwh' retrieved from /opt/airflow/dags/oltp_s3_dwh.py
[2026-02-28T11:21:50.812+0000] {logging_mixin.py:188} INFO - [2026-02-28T11:21:50.811+0000] {dag.py:3089} INFO - Sync 1 DAGs
[2026-02-28T11:21:50.838+0000] {logging_mixin.py:188} INFO - [2026-02-28T11:21:50.838+0000] {dag.py:3947} INFO - Setting next_dagrun for oltp_s3_dwh to 2026-02-01 00:00:00+00:00, run_after=2026-03-01 00:00:00+00:00
[2026-02-28T11:21:50.863+0000] {processor.py:183} INFO - Processing /opt/airflow/dags/oltp_s3_dwh.py took 0.541 seconds
[2026-02-28T11:22:21.561+0000] {processor.py:161} INFO - Started process (PID=7754) to work on /opt/airflow/dags/oltp_s3_dwh.py
[2026-02-28T11:22:21.563+0000] {processor.py:830} INFO - Processing file /opt/airflow/dags/oltp_s3_dwh.py for tasks to queue
[2026-02-28T11:22:21.565+0000] {logging_mixin.py:188} INFO - [2026-02-28T11:22:21.565+0000] {dagbag.py:545} INFO - Filling up the DagBag from /opt/airflow/dags/oltp_s3_dwh.py
[2026-02-28T11:22:21.882+0000] {processor.py:840} INFO - DAG(s) 'oltp_s3_dwh' retrieved from /opt/airflow/dags/oltp_s3_dwh.py
[2026-02-28T11:22:21.907+0000] {logging_mixin.py:188} INFO - [2026-02-28T11:22:21.907+0000] {dag.py:3089} INFO - Sync 1 DAGs
[2026-02-28T11:22:21.930+0000] {logging_mixin.py:188} INFO - [2026-02-28T11:22:21.930+0000] {dag.py:3947} INFO - Setting next_dagrun for oltp_s3_dwh to 2026-02-01 00:00:00+00:00, run_after=2026-03-01 00:00:00+00:00
[2026-02-28T11:22:21.950+0000] {processor.py:183} INFO - Processing /opt/airflow/dags/oltp_s3_dwh.py took 0.395 seconds
[2026-02-28T11:22:52.213+0000] {processor.py:161} INFO - Started process (PID=7785) to work on /opt/airflow/dags/oltp_s3_dwh.py
[2026-02-28T11:22:52.216+0000] {processor.py:830} INFO - Processing file /opt/airflow/dags/oltp_s3_dwh.py for tasks to queue
[2026-02-28T11:22:52.222+0000] {logging_mixin.py:188} INFO - [2026-02-28T11:22:52.221+0000] {dagbag.py:545} INFO - Filling up the DagBag from /opt/airflow/dags/oltp_s3_dwh.py
[2026-02-28T11:22:52.647+0000] {processor.py:840} INFO - DAG(s) 'oltp_s3_dwh' retrieved from /opt/airflow/dags/oltp_s3_dwh.py
[2026-02-28T11:22:52.679+0000] {logging_mixin.py:188} INFO - [2026-02-28T11:22:52.679+0000] {dag.py:3089} INFO - Sync 1 DAGs
[2026-02-28T11:22:52.705+0000] {logging_mixin.py:188} INFO - [2026-02-28T11:22:52.705+0000] {dag.py:3947} INFO - Setting next_dagrun for oltp_s3_dwh to 2026-02-01 00:00:00+00:00, run_after=2026-03-01 00:00:00+00:00
[2026-02-28T11:22:52.731+0000] {processor.py:183} INFO - Processing /opt/airflow/dags/oltp_s3_dwh.py took 0.533 seconds
[2026-02-28T11:23:23.311+0000] {processor.py:161} INFO - Started process (PID=7823) to work on /opt/airflow/dags/oltp_s3_dwh.py
[2026-02-28T11:23:23.313+0000] {processor.py:830} INFO - Processing file /opt/airflow/dags/oltp_s3_dwh.py for tasks to queue
[2026-02-28T11:23:23.315+0000] {logging_mixin.py:188} INFO - [2026-02-28T11:23:23.315+0000] {dagbag.py:545} INFO - Filling up the DagBag from /opt/airflow/dags/oltp_s3_dwh.py
[2026-02-28T11:23:23.671+0000] {processor.py:840} INFO - DAG(s) 'oltp_s3_dwh' retrieved from /opt/airflow/dags/oltp_s3_dwh.py
[2026-02-28T11:23:23.697+0000] {logging_mixin.py:188} INFO - [2026-02-28T11:23:23.697+0000] {dag.py:3089} INFO - Sync 1 DAGs
[2026-02-28T11:23:23.719+0000] {logging_mixin.py:188} INFO - [2026-02-28T11:23:23.719+0000] {dag.py:3947} INFO - Setting next_dagrun for oltp_s3_dwh to 2026-02-01 00:00:00+00:00, run_after=2026-03-01 00:00:00+00:00
[2026-02-28T11:23:23.740+0000] {processor.py:183} INFO - Processing /opt/airflow/dags/oltp_s3_dwh.py took 0.435 seconds
[2026-02-28T11:23:54.171+0000] {processor.py:161} INFO - Started process (PID=7854) to work on /opt/airflow/dags/oltp_s3_dwh.py
[2026-02-28T11:23:54.173+0000] {processor.py:830} INFO - Processing file /opt/airflow/dags/oltp_s3_dwh.py for tasks to queue
[2026-02-28T11:23:54.175+0000] {logging_mixin.py:188} INFO - [2026-02-28T11:23:54.175+0000] {dagbag.py:545} INFO - Filling up the DagBag from /opt/airflow/dags/oltp_s3_dwh.py
[2026-02-28T11:23:54.524+0000] {processor.py:840} INFO - DAG(s) 'oltp_s3_dwh' retrieved from /opt/airflow/dags/oltp_s3_dwh.py
[2026-02-28T11:23:54.562+0000] {logging_mixin.py:188} INFO - [2026-02-28T11:23:54.562+0000] {dag.py:3089} INFO - Sync 1 DAGs
[2026-02-28T11:23:54.593+0000] {logging_mixin.py:188} INFO - [2026-02-28T11:23:54.593+0000] {dag.py:3947} INFO - Setting next_dagrun for oltp_s3_dwh to 2026-02-01 00:00:00+00:00, run_after=2026-03-01 00:00:00+00:00
[2026-02-28T11:23:54.639+0000] {processor.py:183} INFO - Processing /opt/airflow/dags/oltp_s3_dwh.py took 0.475 seconds
[2026-02-28T11:24:25.049+0000] {processor.py:161} INFO - Started process (PID=7893) to work on /opt/airflow/dags/oltp_s3_dwh.py
[2026-02-28T11:24:25.050+0000] {processor.py:830} INFO - Processing file /opt/airflow/dags/oltp_s3_dwh.py for tasks to queue
[2026-02-28T11:24:25.053+0000] {logging_mixin.py:188} INFO - [2026-02-28T11:24:25.052+0000] {dagbag.py:545} INFO - Filling up the DagBag from /opt/airflow/dags/oltp_s3_dwh.py
[2026-02-28T11:24:25.503+0000] {processor.py:840} INFO - DAG(s) 'oltp_s3_dwh' retrieved from /opt/airflow/dags/oltp_s3_dwh.py
[2026-02-28T11:24:25.535+0000] {logging_mixin.py:188} INFO - [2026-02-28T11:24:25.534+0000] {dag.py:3089} INFO - Sync 1 DAGs
[2026-02-28T11:24:25.563+0000] {logging_mixin.py:188} INFO - [2026-02-28T11:24:25.563+0000] {dag.py:3947} INFO - Setting next_dagrun for oltp_s3_dwh to 2026-02-01 00:00:00+00:00, run_after=2026-03-01 00:00:00+00:00
[2026-02-28T11:24:25.584+0000] {processor.py:183} INFO - Processing /opt/airflow/dags/oltp_s3_dwh.py took 0.543 seconds
[2026-02-28T11:24:56.036+0000] {processor.py:161} INFO - Started process (PID=7923) to work on /opt/airflow/dags/oltp_s3_dwh.py
[2026-02-28T11:24:56.039+0000] {processor.py:830} INFO - Processing file /opt/airflow/dags/oltp_s3_dwh.py for tasks to queue
[2026-02-28T11:24:56.042+0000] {logging_mixin.py:188} INFO - [2026-02-28T11:24:56.041+0000] {dagbag.py:545} INFO - Filling up the DagBag from /opt/airflow/dags/oltp_s3_dwh.py
[2026-02-28T11:24:56.333+0000] {processor.py:840} INFO - DAG(s) 'oltp_s3_dwh' retrieved from /opt/airflow/dags/oltp_s3_dwh.py
[2026-02-28T11:24:56.356+0000] {logging_mixin.py:188} INFO - [2026-02-28T11:24:56.356+0000] {dag.py:3089} INFO - Sync 1 DAGs
[2026-02-28T11:24:56.376+0000] {logging_mixin.py:188} INFO - [2026-02-28T11:24:56.376+0000] {dag.py:3947} INFO - Setting next_dagrun for oltp_s3_dwh to 2026-02-01 00:00:00+00:00, run_after=2026-03-01 00:00:00+00:00
[2026-02-28T11:24:56.397+0000] {processor.py:183} INFO - Processing /opt/airflow/dags/oltp_s3_dwh.py took 0.367 seconds
[2026-02-28T11:25:27.079+0000] {processor.py:161} INFO - Started process (PID=7954) to work on /opt/airflow/dags/oltp_s3_dwh.py
[2026-02-28T11:25:27.081+0000] {processor.py:830} INFO - Processing file /opt/airflow/dags/oltp_s3_dwh.py for tasks to queue
[2026-02-28T11:25:27.083+0000] {logging_mixin.py:188} INFO - [2026-02-28T11:25:27.083+0000] {dagbag.py:545} INFO - Filling up the DagBag from /opt/airflow/dags/oltp_s3_dwh.py
[2026-02-28T11:25:27.386+0000] {processor.py:840} INFO - DAG(s) 'oltp_s3_dwh' retrieved from /opt/airflow/dags/oltp_s3_dwh.py
[2026-02-28T11:25:27.414+0000] {logging_mixin.py:188} INFO - [2026-02-28T11:25:27.414+0000] {dag.py:3089} INFO - Sync 1 DAGs
[2026-02-28T11:25:27.438+0000] {logging_mixin.py:188} INFO - [2026-02-28T11:25:27.437+0000] {dag.py:3947} INFO - Setting next_dagrun for oltp_s3_dwh to 2026-02-01 00:00:00+00:00, run_after=2026-03-01 00:00:00+00:00
[2026-02-28T11:25:27.457+0000] {processor.py:183} INFO - Processing /opt/airflow/dags/oltp_s3_dwh.py took 0.383 seconds
[2026-02-28T11:25:57.962+0000] {processor.py:161} INFO - Started process (PID=7993) to work on /opt/airflow/dags/oltp_s3_dwh.py
[2026-02-28T11:25:57.963+0000] {processor.py:830} INFO - Processing file /opt/airflow/dags/oltp_s3_dwh.py for tasks to queue
[2026-02-28T11:25:57.965+0000] {logging_mixin.py:188} INFO - [2026-02-28T11:25:57.965+0000] {dagbag.py:545} INFO - Filling up the DagBag from /opt/airflow/dags/oltp_s3_dwh.py
[2026-02-28T11:25:58.254+0000] {processor.py:840} INFO - DAG(s) 'oltp_s3_dwh' retrieved from /opt/airflow/dags/oltp_s3_dwh.py
[2026-02-28T11:25:58.282+0000] {logging_mixin.py:188} INFO - [2026-02-28T11:25:58.281+0000] {dag.py:3089} INFO - Sync 1 DAGs
[2026-02-28T11:25:58.302+0000] {logging_mixin.py:188} INFO - [2026-02-28T11:25:58.302+0000] {dag.py:3947} INFO - Setting next_dagrun for oltp_s3_dwh to 2026-02-01 00:00:00+00:00, run_after=2026-03-01 00:00:00+00:00
[2026-02-28T11:25:58.325+0000] {processor.py:183} INFO - Processing /opt/airflow/dags/oltp_s3_dwh.py took 0.368 seconds
[2026-02-28T11:26:28.891+0000] {processor.py:161} INFO - Started process (PID=8024) to work on /opt/airflow/dags/oltp_s3_dwh.py
[2026-02-28T11:26:28.893+0000] {processor.py:830} INFO - Processing file /opt/airflow/dags/oltp_s3_dwh.py for tasks to queue
[2026-02-28T11:26:28.894+0000] {logging_mixin.py:188} INFO - [2026-02-28T11:26:28.894+0000] {dagbag.py:545} INFO - Filling up the DagBag from /opt/airflow/dags/oltp_s3_dwh.py
[2026-02-28T11:26:29.226+0000] {processor.py:840} INFO - DAG(s) 'oltp_s3_dwh' retrieved from /opt/airflow/dags/oltp_s3_dwh.py
[2026-02-28T11:26:29.290+0000] {logging_mixin.py:188} INFO - [2026-02-28T11:26:29.289+0000] {dag.py:3089} INFO - Sync 1 DAGs
[2026-02-28T11:26:29.333+0000] {logging_mixin.py:188} INFO - [2026-02-28T11:26:29.332+0000] {dag.py:3947} INFO - Setting next_dagrun for oltp_s3_dwh to 2026-02-01 00:00:00+00:00, run_after=2026-03-01 00:00:00+00:00
[2026-02-28T11:26:29.388+0000] {processor.py:183} INFO - Processing /opt/airflow/dags/oltp_s3_dwh.py took 0.503 seconds
[2026-02-28T11:27:00.257+0000] {processor.py:161} INFO - Started process (PID=8061) to work on /opt/airflow/dags/oltp_s3_dwh.py
[2026-02-28T11:27:00.259+0000] {processor.py:830} INFO - Processing file /opt/airflow/dags/oltp_s3_dwh.py for tasks to queue
[2026-02-28T11:27:00.261+0000] {logging_mixin.py:188} INFO - [2026-02-28T11:27:00.261+0000] {dagbag.py:545} INFO - Filling up the DagBag from /opt/airflow/dags/oltp_s3_dwh.py
[2026-02-28T11:27:00.593+0000] {processor.py:840} INFO - DAG(s) 'oltp_s3_dwh' retrieved from /opt/airflow/dags/oltp_s3_dwh.py
[2026-02-28T11:27:00.625+0000] {logging_mixin.py:188} INFO - [2026-02-28T11:27:00.624+0000] {dag.py:3089} INFO - Sync 1 DAGs
[2026-02-28T11:27:00.653+0000] {logging_mixin.py:188} INFO - [2026-02-28T11:27:00.653+0000] {dag.py:3947} INFO - Setting next_dagrun for oltp_s3_dwh to 2026-02-01 00:00:00+00:00, run_after=2026-03-01 00:00:00+00:00
[2026-02-28T11:27:00.679+0000] {processor.py:183} INFO - Processing /opt/airflow/dags/oltp_s3_dwh.py took 0.429 seconds
[2026-02-28T11:27:31.293+0000] {processor.py:161} INFO - Started process (PID=8093) to work on /opt/airflow/dags/oltp_s3_dwh.py
[2026-02-28T11:27:31.294+0000] {processor.py:830} INFO - Processing file /opt/airflow/dags/oltp_s3_dwh.py for tasks to queue
[2026-02-28T11:27:31.296+0000] {logging_mixin.py:188} INFO - [2026-02-28T11:27:31.296+0000] {dagbag.py:545} INFO - Filling up the DagBag from /opt/airflow/dags/oltp_s3_dwh.py
[2026-02-28T11:27:31.600+0000] {processor.py:840} INFO - DAG(s) 'oltp_s3_dwh' retrieved from /opt/airflow/dags/oltp_s3_dwh.py
[2026-02-28T11:27:31.637+0000] {logging_mixin.py:188} INFO - [2026-02-28T11:27:31.636+0000] {dag.py:3089} INFO - Sync 1 DAGs
[2026-02-28T11:27:31.667+0000] {logging_mixin.py:188} INFO - [2026-02-28T11:27:31.667+0000] {dag.py:3947} INFO - Setting next_dagrun for oltp_s3_dwh to 2026-02-01 00:00:00+00:00, run_after=2026-03-01 00:00:00+00:00
[2026-02-28T11:27:31.692+0000] {processor.py:183} INFO - Processing /opt/airflow/dags/oltp_s3_dwh.py took 0.405 seconds
[2026-02-28T11:28:01.820+0000] {processor.py:161} INFO - Started process (PID=8124) to work on /opt/airflow/dags/oltp_s3_dwh.py
[2026-02-28T11:28:01.821+0000] {processor.py:830} INFO - Processing file /opt/airflow/dags/oltp_s3_dwh.py for tasks to queue
[2026-02-28T11:28:01.824+0000] {logging_mixin.py:188} INFO - [2026-02-28T11:28:01.823+0000] {dagbag.py:545} INFO - Filling up the DagBag from /opt/airflow/dags/oltp_s3_dwh.py
[2026-02-28T11:28:02.149+0000] {processor.py:840} INFO - DAG(s) 'oltp_s3_dwh' retrieved from /opt/airflow/dags/oltp_s3_dwh.py
[2026-02-28T11:28:02.179+0000] {logging_mixin.py:188} INFO - [2026-02-28T11:28:02.179+0000] {dag.py:3089} INFO - Sync 1 DAGs
[2026-02-28T11:28:02.201+0000] {logging_mixin.py:188} INFO - [2026-02-28T11:28:02.201+0000] {dag.py:3947} INFO - Setting next_dagrun for oltp_s3_dwh to 2026-02-01 00:00:00+00:00, run_after=2026-03-01 00:00:00+00:00
[2026-02-28T11:28:02.223+0000] {processor.py:183} INFO - Processing /opt/airflow/dags/oltp_s3_dwh.py took 0.409 seconds
[2026-02-28T11:28:32.397+0000] {processor.py:161} INFO - Started process (PID=8166) to work on /opt/airflow/dags/oltp_s3_dwh.py
[2026-02-28T11:28:32.399+0000] {processor.py:830} INFO - Processing file /opt/airflow/dags/oltp_s3_dwh.py for tasks to queue
[2026-02-28T11:28:32.402+0000] {logging_mixin.py:188} INFO - [2026-02-28T11:28:32.401+0000] {dagbag.py:545} INFO - Filling up the DagBag from /opt/airflow/dags/oltp_s3_dwh.py
[2026-02-28T11:28:32.714+0000] {processor.py:840} INFO - DAG(s) 'oltp_s3_dwh' retrieved from /opt/airflow/dags/oltp_s3_dwh.py
[2026-02-28T11:28:32.738+0000] {logging_mixin.py:188} INFO - [2026-02-28T11:28:32.737+0000] {dag.py:3089} INFO - Sync 1 DAGs
[2026-02-28T11:28:32.758+0000] {logging_mixin.py:188} INFO - [2026-02-28T11:28:32.758+0000] {dag.py:3947} INFO - Setting next_dagrun for oltp_s3_dwh to 2026-02-01 00:00:00+00:00, run_after=2026-03-01 00:00:00+00:00
[2026-02-28T11:28:32.777+0000] {processor.py:183} INFO - Processing /opt/airflow/dags/oltp_s3_dwh.py took 0.390 seconds
[2026-02-28T11:29:03.363+0000] {processor.py:161} INFO - Started process (PID=8194) to work on /opt/airflow/dags/oltp_s3_dwh.py
[2026-02-28T11:29:03.367+0000] {processor.py:830} INFO - Processing file /opt/airflow/dags/oltp_s3_dwh.py for tasks to queue
[2026-02-28T11:29:03.372+0000] {logging_mixin.py:188} INFO - [2026-02-28T11:29:03.371+0000] {dagbag.py:545} INFO - Filling up the DagBag from /opt/airflow/dags/oltp_s3_dwh.py
[2026-02-28T11:29:03.698+0000] {processor.py:840} INFO - DAG(s) 'oltp_s3_dwh' retrieved from /opt/airflow/dags/oltp_s3_dwh.py
[2026-02-28T11:29:03.731+0000] {logging_mixin.py:188} INFO - [2026-02-28T11:29:03.730+0000] {dag.py:3089} INFO - Sync 1 DAGs
[2026-02-28T11:29:03.757+0000] {logging_mixin.py:188} INFO - [2026-02-28T11:29:03.757+0000] {dag.py:3947} INFO - Setting next_dagrun for oltp_s3_dwh to 2026-02-01 00:00:00+00:00, run_after=2026-03-01 00:00:00+00:00
[2026-02-28T11:29:03.785+0000] {processor.py:183} INFO - Processing /opt/airflow/dags/oltp_s3_dwh.py took 0.431 seconds
[2026-02-28T11:29:34.244+0000] {processor.py:161} INFO - Started process (PID=8232) to work on /opt/airflow/dags/oltp_s3_dwh.py
[2026-02-28T11:29:34.245+0000] {processor.py:830} INFO - Processing file /opt/airflow/dags/oltp_s3_dwh.py for tasks to queue
[2026-02-28T11:29:34.247+0000] {logging_mixin.py:188} INFO - [2026-02-28T11:29:34.247+0000] {dagbag.py:545} INFO - Filling up the DagBag from /opt/airflow/dags/oltp_s3_dwh.py
[2026-02-28T11:29:34.638+0000] {processor.py:840} INFO - DAG(s) 'oltp_s3_dwh' retrieved from /opt/airflow/dags/oltp_s3_dwh.py
[2026-02-28T11:29:34.666+0000] {logging_mixin.py:188} INFO - [2026-02-28T11:29:34.666+0000] {dag.py:3089} INFO - Sync 1 DAGs
[2026-02-28T11:29:34.697+0000] {logging_mixin.py:188} INFO - [2026-02-28T11:29:34.696+0000] {dag.py:3947} INFO - Setting next_dagrun for oltp_s3_dwh to 2026-02-01 00:00:00+00:00, run_after=2026-03-01 00:00:00+00:00
[2026-02-28T11:29:34.729+0000] {processor.py:183} INFO - Processing /opt/airflow/dags/oltp_s3_dwh.py took 0.492 seconds
[2026-02-28T11:30:04.868+0000] {processor.py:161} INFO - Started process (PID=8264) to work on /opt/airflow/dags/oltp_s3_dwh.py
[2026-02-28T11:30:04.870+0000] {processor.py:830} INFO - Processing file /opt/airflow/dags/oltp_s3_dwh.py for tasks to queue
[2026-02-28T11:30:04.872+0000] {logging_mixin.py:188} INFO - [2026-02-28T11:30:04.872+0000] {dagbag.py:545} INFO - Filling up the DagBag from /opt/airflow/dags/oltp_s3_dwh.py
[2026-02-28T11:30:05.202+0000] {processor.py:840} INFO - DAG(s) 'oltp_s3_dwh' retrieved from /opt/airflow/dags/oltp_s3_dwh.py
[2026-02-28T11:30:05.230+0000] {logging_mixin.py:188} INFO - [2026-02-28T11:30:05.229+0000] {dag.py:3089} INFO - Sync 1 DAGs
[2026-02-28T11:30:05.249+0000] {logging_mixin.py:188} INFO - [2026-02-28T11:30:05.249+0000] {dag.py:3947} INFO - Setting next_dagrun for oltp_s3_dwh to 2026-02-01 00:00:00+00:00, run_after=2026-03-01 00:00:00+00:00
[2026-02-28T11:30:05.274+0000] {processor.py:183} INFO - Processing /opt/airflow/dags/oltp_s3_dwh.py took 0.413 seconds
[2026-02-28T11:30:35.725+0000] {processor.py:161} INFO - Started process (PID=8295) to work on /opt/airflow/dags/oltp_s3_dwh.py
[2026-02-28T11:30:35.726+0000] {processor.py:830} INFO - Processing file /opt/airflow/dags/oltp_s3_dwh.py for tasks to queue
[2026-02-28T11:30:35.729+0000] {logging_mixin.py:188} INFO - [2026-02-28T11:30:35.728+0000] {dagbag.py:545} INFO - Filling up the DagBag from /opt/airflow/dags/oltp_s3_dwh.py
[2026-02-28T11:30:36.021+0000] {processor.py:840} INFO - DAG(s) 'oltp_s3_dwh' retrieved from /opt/airflow/dags/oltp_s3_dwh.py
[2026-02-28T11:30:36.046+0000] {logging_mixin.py:188} INFO - [2026-02-28T11:30:36.045+0000] {dag.py:3089} INFO - Sync 1 DAGs
[2026-02-28T11:30:36.066+0000] {logging_mixin.py:188} INFO - [2026-02-28T11:30:36.066+0000] {dag.py:3947} INFO - Setting next_dagrun for oltp_s3_dwh to 2026-02-01 00:00:00+00:00, run_after=2026-03-01 00:00:00+00:00
[2026-02-28T11:30:36.088+0000] {processor.py:183} INFO - Processing /opt/airflow/dags/oltp_s3_dwh.py took 0.371 seconds
[2026-02-28T11:31:06.738+0000] {processor.py:161} INFO - Started process (PID=8332) to work on /opt/airflow/dags/oltp_s3_dwh.py
[2026-02-28T11:31:06.739+0000] {processor.py:830} INFO - Processing file /opt/airflow/dags/oltp_s3_dwh.py for tasks to queue
[2026-02-28T11:31:06.741+0000] {logging_mixin.py:188} INFO - [2026-02-28T11:31:06.741+0000] {dagbag.py:545} INFO - Filling up the DagBag from /opt/airflow/dags/oltp_s3_dwh.py
[2026-02-28T11:31:07.058+0000] {processor.py:840} INFO - DAG(s) 'oltp_s3_dwh' retrieved from /opt/airflow/dags/oltp_s3_dwh.py
[2026-02-28T11:31:07.086+0000] {logging_mixin.py:188} INFO - [2026-02-28T11:31:07.086+0000] {dag.py:3089} INFO - Sync 1 DAGs
[2026-02-28T11:31:07.112+0000] {logging_mixin.py:188} INFO - [2026-02-28T11:31:07.112+0000] {dag.py:3947} INFO - Setting next_dagrun for oltp_s3_dwh to 2026-02-01 00:00:00+00:00, run_after=2026-03-01 00:00:00+00:00
[2026-02-28T11:31:07.137+0000] {processor.py:183} INFO - Processing /opt/airflow/dags/oltp_s3_dwh.py took 0.405 seconds
[2026-02-28T11:31:37.612+0000] {processor.py:161} INFO - Started process (PID=8363) to work on /opt/airflow/dags/oltp_s3_dwh.py
[2026-02-28T11:31:37.613+0000] {processor.py:830} INFO - Processing file /opt/airflow/dags/oltp_s3_dwh.py for tasks to queue
[2026-02-28T11:31:37.615+0000] {logging_mixin.py:188} INFO - [2026-02-28T11:31:37.615+0000] {dagbag.py:545} INFO - Filling up the DagBag from /opt/airflow/dags/oltp_s3_dwh.py
[2026-02-28T11:31:37.894+0000] {processor.py:840} INFO - DAG(s) 'oltp_s3_dwh' retrieved from /opt/airflow/dags/oltp_s3_dwh.py
[2026-02-28T11:31:37.918+0000] {logging_mixin.py:188} INFO - [2026-02-28T11:31:37.918+0000] {dag.py:3089} INFO - Sync 1 DAGs
[2026-02-28T11:31:37.940+0000] {logging_mixin.py:188} INFO - [2026-02-28T11:31:37.940+0000] {dag.py:3947} INFO - Setting next_dagrun for oltp_s3_dwh to 2026-02-01 00:00:00+00:00, run_after=2026-03-01 00:00:00+00:00
[2026-02-28T11:31:37.959+0000] {processor.py:183} INFO - Processing /opt/airflow/dags/oltp_s3_dwh.py took 0.354 seconds
[2026-02-28T11:32:08.225+0000] {processor.py:161} INFO - Started process (PID=8401) to work on /opt/airflow/dags/oltp_s3_dwh.py
[2026-02-28T11:32:08.227+0000] {processor.py:830} INFO - Processing file /opt/airflow/dags/oltp_s3_dwh.py for tasks to queue
[2026-02-28T11:32:08.229+0000] {logging_mixin.py:188} INFO - [2026-02-28T11:32:08.229+0000] {dagbag.py:545} INFO - Filling up the DagBag from /opt/airflow/dags/oltp_s3_dwh.py
[2026-02-28T11:32:08.533+0000] {processor.py:840} INFO - DAG(s) 'oltp_s3_dwh' retrieved from /opt/airflow/dags/oltp_s3_dwh.py
[2026-02-28T11:32:08.566+0000] {logging_mixin.py:188} INFO - [2026-02-28T11:32:08.565+0000] {dag.py:3089} INFO - Sync 1 DAGs
[2026-02-28T11:32:08.590+0000] {logging_mixin.py:188} INFO - [2026-02-28T11:32:08.590+0000] {dag.py:3947} INFO - Setting next_dagrun for oltp_s3_dwh to 2026-02-01 00:00:00+00:00, run_after=2026-03-01 00:00:00+00:00
[2026-02-28T11:32:08.613+0000] {processor.py:183} INFO - Processing /opt/airflow/dags/oltp_s3_dwh.py took 0.394 seconds
[2026-02-28T11:32:39.193+0000] {processor.py:161} INFO - Started process (PID=8433) to work on /opt/airflow/dags/oltp_s3_dwh.py
[2026-02-28T11:32:39.194+0000] {processor.py:830} INFO - Processing file /opt/airflow/dags/oltp_s3_dwh.py for tasks to queue
[2026-02-28T11:32:39.196+0000] {logging_mixin.py:188} INFO - [2026-02-28T11:32:39.195+0000] {dagbag.py:545} INFO - Filling up the DagBag from /opt/airflow/dags/oltp_s3_dwh.py
[2026-02-28T11:32:39.481+0000] {processor.py:840} INFO - DAG(s) 'oltp_s3_dwh' retrieved from /opt/airflow/dags/oltp_s3_dwh.py
[2026-02-28T11:32:39.505+0000] {logging_mixin.py:188} INFO - [2026-02-28T11:32:39.505+0000] {dag.py:3089} INFO - Sync 1 DAGs
[2026-02-28T11:32:39.535+0000] {logging_mixin.py:188} INFO - [2026-02-28T11:32:39.535+0000] {dag.py:3947} INFO - Setting next_dagrun for oltp_s3_dwh to 2026-02-01 00:00:00+00:00, run_after=2026-03-01 00:00:00+00:00
[2026-02-28T11:32:39.565+0000] {processor.py:183} INFO - Processing /opt/airflow/dags/oltp_s3_dwh.py took 0.378 seconds
[2026-02-28T11:33:10.096+0000] {processor.py:161} INFO - Started process (PID=8464) to work on /opt/airflow/dags/oltp_s3_dwh.py
[2026-02-28T11:33:10.097+0000] {processor.py:830} INFO - Processing file /opt/airflow/dags/oltp_s3_dwh.py for tasks to queue
[2026-02-28T11:33:10.099+0000] {logging_mixin.py:188} INFO - [2026-02-28T11:33:10.099+0000] {dagbag.py:545} INFO - Filling up the DagBag from /opt/airflow/dags/oltp_s3_dwh.py
[2026-02-28T11:33:10.387+0000] {processor.py:840} INFO - DAG(s) 'oltp_s3_dwh' retrieved from /opt/airflow/dags/oltp_s3_dwh.py
[2026-02-28T11:33:10.412+0000] {logging_mixin.py:188} INFO - [2026-02-28T11:33:10.412+0000] {dag.py:3089} INFO - Sync 1 DAGs
[2026-02-28T11:33:10.432+0000] {logging_mixin.py:188} INFO - [2026-02-28T11:33:10.432+0000] {dag.py:3947} INFO - Setting next_dagrun for oltp_s3_dwh to 2026-02-01 00:00:00+00:00, run_after=2026-03-01 00:00:00+00:00
[2026-02-28T11:33:10.453+0000] {processor.py:183} INFO - Processing /opt/airflow/dags/oltp_s3_dwh.py took 0.363 seconds
[2026-02-28T11:33:41.135+0000] {processor.py:161} INFO - Started process (PID=8502) to work on /opt/airflow/dags/oltp_s3_dwh.py
[2026-02-28T11:33:41.137+0000] {processor.py:830} INFO - Processing file /opt/airflow/dags/oltp_s3_dwh.py for tasks to queue
[2026-02-28T11:33:41.138+0000] {logging_mixin.py:188} INFO - [2026-02-28T11:33:41.138+0000] {dagbag.py:545} INFO - Filling up the DagBag from /opt/airflow/dags/oltp_s3_dwh.py
[2026-02-28T11:33:41.456+0000] {processor.py:840} INFO - DAG(s) 'oltp_s3_dwh' retrieved from /opt/airflow/dags/oltp_s3_dwh.py
[2026-02-28T11:33:41.489+0000] {logging_mixin.py:188} INFO - [2026-02-28T11:33:41.488+0000] {dag.py:3089} INFO - Sync 1 DAGs
[2026-02-28T11:33:41.516+0000] {logging_mixin.py:188} INFO - [2026-02-28T11:33:41.516+0000] {dag.py:3947} INFO - Setting next_dagrun for oltp_s3_dwh to 2026-02-01 00:00:00+00:00, run_after=2026-03-01 00:00:00+00:00
[2026-02-28T11:33:41.543+0000] {processor.py:183} INFO - Processing /opt/airflow/dags/oltp_s3_dwh.py took 0.413 seconds
[2026-02-28T11:34:12.201+0000] {processor.py:161} INFO - Started process (PID=8533) to work on /opt/airflow/dags/oltp_s3_dwh.py
[2026-02-28T11:34:12.203+0000] {processor.py:830} INFO - Processing file /opt/airflow/dags/oltp_s3_dwh.py for tasks to queue
[2026-02-28T11:34:12.205+0000] {logging_mixin.py:188} INFO - [2026-02-28T11:34:12.204+0000] {dagbag.py:545} INFO - Filling up the DagBag from /opt/airflow/dags/oltp_s3_dwh.py
[2026-02-28T11:34:12.517+0000] {processor.py:840} INFO - DAG(s) 'oltp_s3_dwh' retrieved from /opt/airflow/dags/oltp_s3_dwh.py
[2026-02-28T11:34:12.545+0000] {logging_mixin.py:188} INFO - [2026-02-28T11:34:12.545+0000] {dag.py:3089} INFO - Sync 1 DAGs
[2026-02-28T11:34:12.567+0000] {logging_mixin.py:188} INFO - [2026-02-28T11:34:12.567+0000] {dag.py:3947} INFO - Setting next_dagrun for oltp_s3_dwh to 2026-02-01 00:00:00+00:00, run_after=2026-03-01 00:00:00+00:00
[2026-02-28T11:34:12.589+0000] {processor.py:183} INFO - Processing /opt/airflow/dags/oltp_s3_dwh.py took 0.394 seconds
[2026-02-28T11:34:42.697+0000] {processor.py:161} INFO - Started process (PID=8571) to work on /opt/airflow/dags/oltp_s3_dwh.py
[2026-02-28T11:34:42.698+0000] {processor.py:830} INFO - Processing file /opt/airflow/dags/oltp_s3_dwh.py for tasks to queue
[2026-02-28T11:34:42.700+0000] {logging_mixin.py:188} INFO - [2026-02-28T11:34:42.700+0000] {dagbag.py:545} INFO - Filling up the DagBag from /opt/airflow/dags/oltp_s3_dwh.py
[2026-02-28T11:34:43.071+0000] {processor.py:840} INFO - DAG(s) 'oltp_s3_dwh' retrieved from /opt/airflow/dags/oltp_s3_dwh.py
[2026-02-28T11:34:43.106+0000] {logging_mixin.py:188} INFO - [2026-02-28T11:34:43.105+0000] {dag.py:3089} INFO - Sync 1 DAGs
[2026-02-28T11:34:43.131+0000] {logging_mixin.py:188} INFO - [2026-02-28T11:34:43.131+0000] {dag.py:3947} INFO - Setting next_dagrun for oltp_s3_dwh to 2026-02-01 00:00:00+00:00, run_after=2026-03-01 00:00:00+00:00
[2026-02-28T11:34:43.162+0000] {processor.py:183} INFO - Processing /opt/airflow/dags/oltp_s3_dwh.py took 0.472 seconds
[2026-02-28T11:35:13.392+0000] {processor.py:161} INFO - Started process (PID=8603) to work on /opt/airflow/dags/oltp_s3_dwh.py
[2026-02-28T11:35:13.393+0000] {processor.py:830} INFO - Processing file /opt/airflow/dags/oltp_s3_dwh.py for tasks to queue
[2026-02-28T11:35:13.395+0000] {logging_mixin.py:188} INFO - [2026-02-28T11:35:13.394+0000] {dagbag.py:545} INFO - Filling up the DagBag from /opt/airflow/dags/oltp_s3_dwh.py
[2026-02-28T11:35:13.678+0000] {processor.py:840} INFO - DAG(s) 'oltp_s3_dwh' retrieved from /opt/airflow/dags/oltp_s3_dwh.py
[2026-02-28T11:35:13.702+0000] {logging_mixin.py:188} INFO - [2026-02-28T11:35:13.702+0000] {dag.py:3089} INFO - Sync 1 DAGs
[2026-02-28T11:35:13.722+0000] {logging_mixin.py:188} INFO - [2026-02-28T11:35:13.722+0000] {dag.py:3947} INFO - Setting next_dagrun for oltp_s3_dwh to 2026-02-01 00:00:00+00:00, run_after=2026-03-01 00:00:00+00:00
[2026-02-28T11:35:13.741+0000] {processor.py:183} INFO - Processing /opt/airflow/dags/oltp_s3_dwh.py took 0.356 seconds
[2026-02-28T11:35:43.935+0000] {processor.py:161} INFO - Started process (PID=8634) to work on /opt/airflow/dags/oltp_s3_dwh.py
[2026-02-28T11:35:43.937+0000] {processor.py:830} INFO - Processing file /opt/airflow/dags/oltp_s3_dwh.py for tasks to queue
[2026-02-28T11:35:43.939+0000] {logging_mixin.py:188} INFO - [2026-02-28T11:35:43.939+0000] {dagbag.py:545} INFO - Filling up the DagBag from /opt/airflow/dags/oltp_s3_dwh.py
[2026-02-28T11:35:44.224+0000] {processor.py:840} INFO - DAG(s) 'oltp_s3_dwh' retrieved from /opt/airflow/dags/oltp_s3_dwh.py
[2026-02-28T11:35:44.251+0000] {logging_mixin.py:188} INFO - [2026-02-28T11:35:44.250+0000] {dag.py:3089} INFO - Sync 1 DAGs
[2026-02-28T11:35:44.271+0000] {logging_mixin.py:188} INFO - [2026-02-28T11:35:44.271+0000] {dag.py:3947} INFO - Setting next_dagrun for oltp_s3_dwh to 2026-02-01 00:00:00+00:00, run_after=2026-03-01 00:00:00+00:00
[2026-02-28T11:35:44.293+0000] {processor.py:183} INFO - Processing /opt/airflow/dags/oltp_s3_dwh.py took 0.364 seconds
[2026-02-28T11:36:14.910+0000] {processor.py:161} INFO - Started process (PID=8673) to work on /opt/airflow/dags/oltp_s3_dwh.py
[2026-02-28T11:36:14.913+0000] {processor.py:830} INFO - Processing file /opt/airflow/dags/oltp_s3_dwh.py for tasks to queue
[2026-02-28T11:36:14.919+0000] {logging_mixin.py:188} INFO - [2026-02-28T11:36:14.918+0000] {dagbag.py:545} INFO - Filling up the DagBag from /opt/airflow/dags/oltp_s3_dwh.py
[2026-02-28T11:36:15.256+0000] {processor.py:840} INFO - DAG(s) 'oltp_s3_dwh' retrieved from /opt/airflow/dags/oltp_s3_dwh.py
[2026-02-28T11:36:15.283+0000] {logging_mixin.py:188} INFO - [2026-02-28T11:36:15.283+0000] {dag.py:3089} INFO - Sync 1 DAGs
[2026-02-28T11:36:15.308+0000] {logging_mixin.py:188} INFO - [2026-02-28T11:36:15.308+0000] {dag.py:3947} INFO - Setting next_dagrun for oltp_s3_dwh to 2026-02-01 00:00:00+00:00, run_after=2026-03-01 00:00:00+00:00
[2026-02-28T11:36:15.330+0000] {processor.py:183} INFO - Processing /opt/airflow/dags/oltp_s3_dwh.py took 0.432 seconds
[2026-02-28T11:36:45.393+0000] {processor.py:161} INFO - Started process (PID=8704) to work on /opt/airflow/dags/oltp_s3_dwh.py
[2026-02-28T11:36:45.395+0000] {processor.py:830} INFO - Processing file /opt/airflow/dags/oltp_s3_dwh.py for tasks to queue
[2026-02-28T11:36:45.397+0000] {logging_mixin.py:188} INFO - [2026-02-28T11:36:45.397+0000] {dagbag.py:545} INFO - Filling up the DagBag from /opt/airflow/dags/oltp_s3_dwh.py
[2026-02-28T11:36:45.683+0000] {processor.py:840} INFO - DAG(s) 'oltp_s3_dwh' retrieved from /opt/airflow/dags/oltp_s3_dwh.py
[2026-02-28T11:36:45.710+0000] {logging_mixin.py:188} INFO - [2026-02-28T11:36:45.710+0000] {dag.py:3089} INFO - Sync 1 DAGs
[2026-02-28T11:36:45.731+0000] {logging_mixin.py:188} INFO - [2026-02-28T11:36:45.730+0000] {dag.py:3947} INFO - Setting next_dagrun for oltp_s3_dwh to 2026-02-01 00:00:00+00:00, run_after=2026-03-01 00:00:00+00:00
[2026-02-28T11:36:45.753+0000] {processor.py:183} INFO - Processing /opt/airflow/dags/oltp_s3_dwh.py took 0.366 seconds
[2026-02-28T11:37:16.460+0000] {processor.py:161} INFO - Started process (PID=8742) to work on /opt/airflow/dags/oltp_s3_dwh.py
[2026-02-28T11:37:16.463+0000] {processor.py:830} INFO - Processing file /opt/airflow/dags/oltp_s3_dwh.py for tasks to queue
[2026-02-28T11:37:16.465+0000] {logging_mixin.py:188} INFO - [2026-02-28T11:37:16.465+0000] {dagbag.py:545} INFO - Filling up the DagBag from /opt/airflow/dags/oltp_s3_dwh.py
[2026-02-28T11:37:16.827+0000] {processor.py:840} INFO - DAG(s) 'oltp_s3_dwh' retrieved from /opt/airflow/dags/oltp_s3_dwh.py
[2026-02-28T11:37:16.873+0000] {logging_mixin.py:188} INFO - [2026-02-28T11:37:16.871+0000] {dag.py:3089} INFO - Sync 1 DAGs
[2026-02-28T11:37:16.909+0000] {logging_mixin.py:188} INFO - [2026-02-28T11:37:16.909+0000] {dag.py:3947} INFO - Setting next_dagrun for oltp_s3_dwh to 2026-02-01 00:00:00+00:00, run_after=2026-03-01 00:00:00+00:00
[2026-02-28T11:37:16.940+0000] {processor.py:183} INFO - Processing /opt/airflow/dags/oltp_s3_dwh.py took 0.490 seconds
[2026-02-28T11:37:47.433+0000] {processor.py:161} INFO - Started process (PID=8773) to work on /opt/airflow/dags/oltp_s3_dwh.py
[2026-02-28T11:37:47.435+0000] {processor.py:830} INFO - Processing file /opt/airflow/dags/oltp_s3_dwh.py for tasks to queue
[2026-02-28T11:37:47.437+0000] {logging_mixin.py:188} INFO - [2026-02-28T11:37:47.437+0000] {dagbag.py:545} INFO - Filling up the DagBag from /opt/airflow/dags/oltp_s3_dwh.py
[2026-02-28T11:37:47.759+0000] {processor.py:840} INFO - DAG(s) 'oltp_s3_dwh' retrieved from /opt/airflow/dags/oltp_s3_dwh.py
[2026-02-28T11:37:47.784+0000] {logging_mixin.py:188} INFO - [2026-02-28T11:37:47.784+0000] {dag.py:3089} INFO - Sync 1 DAGs
[2026-02-28T11:37:47.807+0000] {logging_mixin.py:188} INFO - [2026-02-28T11:37:47.807+0000] {dag.py:3947} INFO - Setting next_dagrun for oltp_s3_dwh to 2026-02-01 00:00:00+00:00, run_after=2026-03-01 00:00:00+00:00
[2026-02-28T11:37:47.827+0000] {processor.py:183} INFO - Processing /opt/airflow/dags/oltp_s3_dwh.py took 0.401 seconds
[2026-02-28T11:38:17.915+0000] {processor.py:161} INFO - Started process (PID=8804) to work on /opt/airflow/dags/oltp_s3_dwh.py
[2026-02-28T11:38:17.916+0000] {processor.py:830} INFO - Processing file /opt/airflow/dags/oltp_s3_dwh.py for tasks to queue
[2026-02-28T11:38:17.918+0000] {logging_mixin.py:188} INFO - [2026-02-28T11:38:17.917+0000] {dagbag.py:545} INFO - Filling up the DagBag from /opt/airflow/dags/oltp_s3_dwh.py
[2026-02-28T11:38:18.201+0000] {processor.py:840} INFO - DAG(s) 'oltp_s3_dwh' retrieved from /opt/airflow/dags/oltp_s3_dwh.py
[2026-02-28T11:38:18.227+0000] {logging_mixin.py:188} INFO - [2026-02-28T11:38:18.227+0000] {dag.py:3089} INFO - Sync 1 DAGs
[2026-02-28T11:38:18.251+0000] {logging_mixin.py:188} INFO - [2026-02-28T11:38:18.251+0000] {dag.py:3947} INFO - Setting next_dagrun for oltp_s3_dwh to 2026-02-01 00:00:00+00:00, run_after=2026-03-01 00:00:00+00:00
[2026-02-28T11:38:18.271+0000] {processor.py:183} INFO - Processing /opt/airflow/dags/oltp_s3_dwh.py took 0.362 seconds
[2026-02-28T11:38:49.078+0000] {processor.py:161} INFO - Started process (PID=8842) to work on /opt/airflow/dags/oltp_s3_dwh.py
[2026-02-28T11:38:49.079+0000] {processor.py:830} INFO - Processing file /opt/airflow/dags/oltp_s3_dwh.py for tasks to queue
[2026-02-28T11:38:49.082+0000] {logging_mixin.py:188} INFO - [2026-02-28T11:38:49.081+0000] {dagbag.py:545} INFO - Filling up the DagBag from /opt/airflow/dags/oltp_s3_dwh.py
[2026-02-28T11:38:49.417+0000] {processor.py:840} INFO - DAG(s) 'oltp_s3_dwh' retrieved from /opt/airflow/dags/oltp_s3_dwh.py
[2026-02-28T11:38:49.448+0000] {logging_mixin.py:188} INFO - [2026-02-28T11:38:49.447+0000] {dag.py:3089} INFO - Sync 1 DAGs
[2026-02-28T11:38:49.471+0000] {logging_mixin.py:188} INFO - [2026-02-28T11:38:49.471+0000] {dag.py:3947} INFO - Setting next_dagrun for oltp_s3_dwh to 2026-02-01 00:00:00+00:00, run_after=2026-03-01 00:00:00+00:00
[2026-02-28T11:38:49.494+0000] {processor.py:183} INFO - Processing /opt/airflow/dags/oltp_s3_dwh.py took 0.422 seconds
[2026-02-28T11:39:20.005+0000] {processor.py:161} INFO - Started process (PID=8873) to work on /opt/airflow/dags/oltp_s3_dwh.py
[2026-02-28T11:39:20.007+0000] {processor.py:830} INFO - Processing file /opt/airflow/dags/oltp_s3_dwh.py for tasks to queue
[2026-02-28T11:39:20.010+0000] {logging_mixin.py:188} INFO - [2026-02-28T11:39:20.009+0000] {dagbag.py:545} INFO - Filling up the DagBag from /opt/airflow/dags/oltp_s3_dwh.py
[2026-02-28T11:39:20.316+0000] {processor.py:840} INFO - DAG(s) 'oltp_s3_dwh' retrieved from /opt/airflow/dags/oltp_s3_dwh.py
[2026-02-28T11:39:20.341+0000] {logging_mixin.py:188} INFO - [2026-02-28T11:39:20.341+0000] {dag.py:3089} INFO - Sync 1 DAGs
[2026-02-28T11:39:20.362+0000] {logging_mixin.py:188} INFO - [2026-02-28T11:39:20.362+0000] {dag.py:3947} INFO - Setting next_dagrun for oltp_s3_dwh to 2026-02-01 00:00:00+00:00, run_after=2026-03-01 00:00:00+00:00
[2026-02-28T11:39:20.381+0000] {processor.py:183} INFO - Processing /opt/airflow/dags/oltp_s3_dwh.py took 0.385 seconds
[2026-02-28T11:39:50.851+0000] {processor.py:161} INFO - Started process (PID=8911) to work on /opt/airflow/dags/oltp_s3_dwh.py
[2026-02-28T11:39:50.853+0000] {processor.py:830} INFO - Processing file /opt/airflow/dags/oltp_s3_dwh.py for tasks to queue
[2026-02-28T11:39:50.855+0000] {logging_mixin.py:188} INFO - [2026-02-28T11:39:50.855+0000] {dagbag.py:545} INFO - Filling up the DagBag from /opt/airflow/dags/oltp_s3_dwh.py
[2026-02-28T11:39:51.181+0000] {processor.py:840} INFO - DAG(s) 'oltp_s3_dwh' retrieved from /opt/airflow/dags/oltp_s3_dwh.py
[2026-02-28T11:39:51.211+0000] {logging_mixin.py:188} INFO - [2026-02-28T11:39:51.210+0000] {dag.py:3089} INFO - Sync 1 DAGs
[2026-02-28T11:39:51.242+0000] {logging_mixin.py:188} INFO - [2026-02-28T11:39:51.241+0000] {dag.py:3947} INFO - Setting next_dagrun for oltp_s3_dwh to 2026-02-01 00:00:00+00:00, run_after=2026-03-01 00:00:00+00:00
[2026-02-28T11:39:51.267+0000] {processor.py:183} INFO - Processing /opt/airflow/dags/oltp_s3_dwh.py took 0.423 seconds
[2026-02-28T11:40:21.737+0000] {processor.py:161} INFO - Started process (PID=8942) to work on /opt/airflow/dags/oltp_s3_dwh.py
[2026-02-28T11:40:21.739+0000] {processor.py:830} INFO - Processing file /opt/airflow/dags/oltp_s3_dwh.py for tasks to queue
[2026-02-28T11:40:21.742+0000] {logging_mixin.py:188} INFO - [2026-02-28T11:40:21.742+0000] {dagbag.py:545} INFO - Filling up the DagBag from /opt/airflow/dags/oltp_s3_dwh.py
[2026-02-28T11:40:22.082+0000] {processor.py:840} INFO - DAG(s) 'oltp_s3_dwh' retrieved from /opt/airflow/dags/oltp_s3_dwh.py
[2026-02-28T11:40:22.114+0000] {logging_mixin.py:188} INFO - [2026-02-28T11:40:22.113+0000] {dag.py:3089} INFO - Sync 1 DAGs
[2026-02-28T11:40:22.143+0000] {logging_mixin.py:188} INFO - [2026-02-28T11:40:22.142+0000] {dag.py:3947} INFO - Setting next_dagrun for oltp_s3_dwh to 2026-02-01 00:00:00+00:00, run_after=2026-03-01 00:00:00+00:00
[2026-02-28T11:40:22.172+0000] {processor.py:183} INFO - Processing /opt/airflow/dags/oltp_s3_dwh.py took 0.442 seconds
[2026-02-28T11:40:52.284+0000] {processor.py:161} INFO - Started process (PID=8978) to work on /opt/airflow/dags/oltp_s3_dwh.py
[2026-02-28T11:40:52.286+0000] {processor.py:830} INFO - Processing file /opt/airflow/dags/oltp_s3_dwh.py for tasks to queue
[2026-02-28T11:40:52.288+0000] {logging_mixin.py:188} INFO - [2026-02-28T11:40:52.287+0000] {dagbag.py:545} INFO - Filling up the DagBag from /opt/airflow/dags/oltp_s3_dwh.py
[2026-02-28T11:40:52.591+0000] {processor.py:840} INFO - DAG(s) 'oltp_s3_dwh' retrieved from /opt/airflow/dags/oltp_s3_dwh.py
[2026-02-28T11:40:52.618+0000] {logging_mixin.py:188} INFO - [2026-02-28T11:40:52.617+0000] {dag.py:3089} INFO - Sync 1 DAGs
[2026-02-28T11:40:52.769+0000] {logging_mixin.py:188} INFO - [2026-02-28T11:40:52.768+0000] {dag.py:3947} INFO - Setting next_dagrun for oltp_s3_dwh to 2026-02-01 00:00:00+00:00, run_after=2026-03-01 00:00:00+00:00
[2026-02-28T11:40:52.791+0000] {processor.py:183} INFO - Processing /opt/airflow/dags/oltp_s3_dwh.py took 0.388 seconds
[2026-02-28T11:41:23.685+0000] {processor.py:161} INFO - Started process (PID=9016) to work on /opt/airflow/dags/oltp_s3_dwh.py
[2026-02-28T11:41:23.686+0000] {processor.py:830} INFO - Processing file /opt/airflow/dags/oltp_s3_dwh.py for tasks to queue
[2026-02-28T11:41:23.688+0000] {logging_mixin.py:188} INFO - [2026-02-28T11:41:23.687+0000] {dagbag.py:545} INFO - Filling up the DagBag from /opt/airflow/dags/oltp_s3_dwh.py
[2026-02-28T11:41:24.106+0000] {processor.py:840} INFO - DAG(s) 'oltp_s3_dwh' retrieved from /opt/airflow/dags/oltp_s3_dwh.py
[2026-02-28T11:41:24.137+0000] {logging_mixin.py:188} INFO - [2026-02-28T11:41:24.136+0000] {dag.py:3089} INFO - Sync 1 DAGs
[2026-02-28T11:41:24.165+0000] {logging_mixin.py:188} INFO - [2026-02-28T11:41:24.165+0000] {dag.py:3947} INFO - Setting next_dagrun for oltp_s3_dwh to 2026-02-01 00:00:00+00:00, run_after=2026-03-01 00:00:00+00:00
[2026-02-28T11:41:24.194+0000] {processor.py:183} INFO - Processing /opt/airflow/dags/oltp_s3_dwh.py took 0.515 seconds
[2026-02-28T11:41:55.047+0000] {processor.py:161} INFO - Started process (PID=9047) to work on /opt/airflow/dags/oltp_s3_dwh.py
[2026-02-28T11:41:55.048+0000] {processor.py:830} INFO - Processing file /opt/airflow/dags/oltp_s3_dwh.py for tasks to queue
[2026-02-28T11:41:55.051+0000] {logging_mixin.py:188} INFO - [2026-02-28T11:41:55.050+0000] {dagbag.py:545} INFO - Filling up the DagBag from /opt/airflow/dags/oltp_s3_dwh.py
[2026-02-28T11:41:55.373+0000] {processor.py:840} INFO - DAG(s) 'oltp_s3_dwh' retrieved from /opt/airflow/dags/oltp_s3_dwh.py
[2026-02-28T11:41:55.406+0000] {logging_mixin.py:188} INFO - [2026-02-28T11:41:55.406+0000] {dag.py:3089} INFO - Sync 1 DAGs
[2026-02-28T11:41:55.432+0000] {logging_mixin.py:188} INFO - [2026-02-28T11:41:55.431+0000] {dag.py:3947} INFO - Setting next_dagrun for oltp_s3_dwh to 2026-02-01 00:00:00+00:00, run_after=2026-03-01 00:00:00+00:00
[2026-02-28T11:41:55.462+0000] {processor.py:183} INFO - Processing /opt/airflow/dags/oltp_s3_dwh.py took 0.421 seconds
[2026-02-28T11:42:25.595+0000] {processor.py:161} INFO - Started process (PID=9085) to work on /opt/airflow/dags/oltp_s3_dwh.py
[2026-02-28T11:42:25.597+0000] {processor.py:830} INFO - Processing file /opt/airflow/dags/oltp_s3_dwh.py for tasks to queue
[2026-02-28T11:42:25.599+0000] {logging_mixin.py:188} INFO - [2026-02-28T11:42:25.599+0000] {dagbag.py:545} INFO - Filling up the DagBag from /opt/airflow/dags/oltp_s3_dwh.py
[2026-02-28T11:42:25.922+0000] {processor.py:840} INFO - DAG(s) 'oltp_s3_dwh' retrieved from /opt/airflow/dags/oltp_s3_dwh.py
[2026-02-28T11:42:25.956+0000] {logging_mixin.py:188} INFO - [2026-02-28T11:42:25.956+0000] {dag.py:3089} INFO - Sync 1 DAGs
[2026-02-28T11:42:25.984+0000] {logging_mixin.py:188} INFO - [2026-02-28T11:42:25.983+0000] {dag.py:3947} INFO - Setting next_dagrun for oltp_s3_dwh to 2026-02-01 00:00:00+00:00, run_after=2026-03-01 00:00:00+00:00
[2026-02-28T11:42:26.012+0000] {processor.py:183} INFO - Processing /opt/airflow/dags/oltp_s3_dwh.py took 0.425 seconds
[2026-02-28T11:42:56.659+0000] {processor.py:161} INFO - Started process (PID=9118) to work on /opt/airflow/dags/oltp_s3_dwh.py
[2026-02-28T11:42:56.661+0000] {processor.py:830} INFO - Processing file /opt/airflow/dags/oltp_s3_dwh.py for tasks to queue
[2026-02-28T11:42:56.663+0000] {logging_mixin.py:188} INFO - [2026-02-28T11:42:56.663+0000] {dagbag.py:545} INFO - Filling up the DagBag from /opt/airflow/dags/oltp_s3_dwh.py
[2026-02-28T11:42:57.022+0000] {processor.py:840} INFO - DAG(s) 'oltp_s3_dwh' retrieved from /opt/airflow/dags/oltp_s3_dwh.py
[2026-02-28T11:42:57.056+0000] {logging_mixin.py:188} INFO - [2026-02-28T11:42:57.055+0000] {dag.py:3089} INFO - Sync 1 DAGs
[2026-02-28T11:42:57.084+0000] {logging_mixin.py:188} INFO - [2026-02-28T11:42:57.083+0000] {dag.py:3947} INFO - Setting next_dagrun for oltp_s3_dwh to 2026-02-01 00:00:00+00:00, run_after=2026-03-01 00:00:00+00:00
[2026-02-28T11:42:57.109+0000] {processor.py:183} INFO - Processing /opt/airflow/dags/oltp_s3_dwh.py took 0.458 seconds
[2026-02-28T11:43:27.197+0000] {processor.py:161} INFO - Started process (PID=9150) to work on /opt/airflow/dags/oltp_s3_dwh.py
[2026-02-28T11:43:27.198+0000] {processor.py:830} INFO - Processing file /opt/airflow/dags/oltp_s3_dwh.py for tasks to queue
[2026-02-28T11:43:27.200+0000] {logging_mixin.py:188} INFO - [2026-02-28T11:43:27.200+0000] {dagbag.py:545} INFO - Filling up the DagBag from /opt/airflow/dags/oltp_s3_dwh.py
[2026-02-28T11:43:27.519+0000] {processor.py:840} INFO - DAG(s) 'oltp_s3_dwh' retrieved from /opt/airflow/dags/oltp_s3_dwh.py
[2026-02-28T11:43:27.549+0000] {logging_mixin.py:188} INFO - [2026-02-28T11:43:27.549+0000] {dag.py:3089} INFO - Sync 1 DAGs
[2026-02-28T11:43:27.572+0000] {logging_mixin.py:188} INFO - [2026-02-28T11:43:27.572+0000] {dag.py:3947} INFO - Setting next_dagrun for oltp_s3_dwh to 2026-02-01 00:00:00+00:00, run_after=2026-03-01 00:00:00+00:00
[2026-02-28T11:43:27.593+0000] {processor.py:183} INFO - Processing /opt/airflow/dags/oltp_s3_dwh.py took 0.405 seconds
[2026-02-28T11:43:57.851+0000] {processor.py:161} INFO - Started process (PID=9188) to work on /opt/airflow/dags/oltp_s3_dwh.py
[2026-02-28T11:43:57.852+0000] {processor.py:830} INFO - Processing file /opt/airflow/dags/oltp_s3_dwh.py for tasks to queue
[2026-02-28T11:43:57.856+0000] {logging_mixin.py:188} INFO - [2026-02-28T11:43:57.855+0000] {dagbag.py:545} INFO - Filling up the DagBag from /opt/airflow/dags/oltp_s3_dwh.py
[2026-02-28T11:43:58.167+0000] {processor.py:840} INFO - DAG(s) 'oltp_s3_dwh' retrieved from /opt/airflow/dags/oltp_s3_dwh.py
[2026-02-28T11:43:58.197+0000] {logging_mixin.py:188} INFO - [2026-02-28T11:43:58.196+0000] {dag.py:3089} INFO - Sync 1 DAGs
[2026-02-28T11:43:58.220+0000] {logging_mixin.py:188} INFO - [2026-02-28T11:43:58.220+0000] {dag.py:3947} INFO - Setting next_dagrun for oltp_s3_dwh to 2026-02-01 00:00:00+00:00, run_after=2026-03-01 00:00:00+00:00
[2026-02-28T11:43:58.247+0000] {processor.py:183} INFO - Processing /opt/airflow/dags/oltp_s3_dwh.py took 0.401 seconds
[2026-02-28T11:44:08.418+0000] {processor.py:161} INFO - Started process (PID=9206) to work on /opt/airflow/dags/oltp_s3_dwh.py
[2026-02-28T11:44:08.419+0000] {processor.py:830} INFO - Processing file /opt/airflow/dags/oltp_s3_dwh.py for tasks to queue
[2026-02-28T11:44:08.422+0000] {logging_mixin.py:188} INFO - [2026-02-28T11:44:08.421+0000] {dagbag.py:545} INFO - Filling up the DagBag from /opt/airflow/dags/oltp_s3_dwh.py
[2026-02-28T11:44:08.751+0000] {processor.py:840} INFO - DAG(s) 'oltp_s3_dwh' retrieved from /opt/airflow/dags/oltp_s3_dwh.py
[2026-02-28T11:44:08.781+0000] {logging_mixin.py:188} INFO - [2026-02-28T11:44:08.780+0000] {dag.py:3089} INFO - Sync 1 DAGs
[2026-02-28T11:44:08.805+0000] {logging_mixin.py:188} INFO - [2026-02-28T11:44:08.805+0000] {dag.py:3947} INFO - Setting next_dagrun for oltp_s3_dwh to 2026-02-01 00:00:00+00:00, run_after=2026-03-01 00:00:00+00:00
[2026-02-28T11:44:08.833+0000] {processor.py:183} INFO - Processing /opt/airflow/dags/oltp_s3_dwh.py took 0.421 seconds
[2026-02-28T11:44:39.173+0000] {processor.py:161} INFO - Started process (PID=9237) to work on /opt/airflow/dags/oltp_s3_dwh.py
[2026-02-28T11:44:39.174+0000] {processor.py:830} INFO - Processing file /opt/airflow/dags/oltp_s3_dwh.py for tasks to queue
[2026-02-28T11:44:39.176+0000] {logging_mixin.py:188} INFO - [2026-02-28T11:44:39.176+0000] {dagbag.py:545} INFO - Filling up the DagBag from /opt/airflow/dags/oltp_s3_dwh.py
[2026-02-28T11:44:39.459+0000] {processor.py:840} INFO - DAG(s) 'oltp_s3_dwh' retrieved from /opt/airflow/dags/oltp_s3_dwh.py
[2026-02-28T11:44:39.487+0000] {logging_mixin.py:188} INFO - [2026-02-28T11:44:39.486+0000] {dag.py:3089} INFO - Sync 1 DAGs
[2026-02-28T11:44:39.507+0000] {logging_mixin.py:188} INFO - [2026-02-28T11:44:39.507+0000] {dag.py:3947} INFO - Setting next_dagrun for oltp_s3_dwh to 2026-02-01 00:00:00+00:00, run_after=2026-03-01 00:00:00+00:00
[2026-02-28T11:44:39.530+0000] {processor.py:183} INFO - Processing /opt/airflow/dags/oltp_s3_dwh.py took 0.363 seconds
[2026-02-28T11:44:54.444+0000] {processor.py:161} INFO - Started process (PID=9250) to work on /opt/airflow/dags/oltp_s3_dwh.py
[2026-02-28T11:44:54.446+0000] {processor.py:830} INFO - Processing file /opt/airflow/dags/oltp_s3_dwh.py for tasks to queue
[2026-02-28T11:44:54.448+0000] {logging_mixin.py:188} INFO - [2026-02-28T11:44:54.448+0000] {dagbag.py:545} INFO - Filling up the DagBag from /opt/airflow/dags/oltp_s3_dwh.py
[2026-02-28T11:44:54.801+0000] {processor.py:840} INFO - DAG(s) 'oltp_s3_dwh' retrieved from /opt/airflow/dags/oltp_s3_dwh.py
[2026-02-28T11:44:54.844+0000] {logging_mixin.py:188} INFO - [2026-02-28T11:44:54.843+0000] {dag.py:3089} INFO - Sync 1 DAGs
[2026-02-28T11:44:54.879+0000] {logging_mixin.py:188} INFO - [2026-02-28T11:44:54.878+0000] {dag.py:3947} INFO - Setting next_dagrun for oltp_s3_dwh to 2026-02-01 00:00:00+00:00, run_after=2026-03-01 00:00:00+00:00
[2026-02-28T11:44:54.923+0000] {processor.py:183} INFO - Processing /opt/airflow/dags/oltp_s3_dwh.py took 0.486 seconds
[2026-02-28T11:45:25.452+0000] {processor.py:161} INFO - Started process (PID=9288) to work on /opt/airflow/dags/oltp_s3_dwh.py
[2026-02-28T11:45:25.454+0000] {processor.py:830} INFO - Processing file /opt/airflow/dags/oltp_s3_dwh.py for tasks to queue
[2026-02-28T11:45:25.456+0000] {logging_mixin.py:188} INFO - [2026-02-28T11:45:25.456+0000] {dagbag.py:545} INFO - Filling up the DagBag from /opt/airflow/dags/oltp_s3_dwh.py
[2026-02-28T11:45:25.800+0000] {processor.py:840} INFO - DAG(s) 'oltp_s3_dwh' retrieved from /opt/airflow/dags/oltp_s3_dwh.py
[2026-02-28T11:45:25.831+0000] {logging_mixin.py:188} INFO - [2026-02-28T11:45:25.830+0000] {dag.py:3089} INFO - Sync 1 DAGs
[2026-02-28T11:45:25.861+0000] {logging_mixin.py:188} INFO - [2026-02-28T11:45:25.861+0000] {dag.py:3947} INFO - Setting next_dagrun for oltp_s3_dwh to 2026-02-01 00:00:00+00:00, run_after=2026-03-01 00:00:00+00:00
[2026-02-28T11:45:25.889+0000] {processor.py:183} INFO - Processing /opt/airflow/dags/oltp_s3_dwh.py took 0.443 seconds
[2026-02-28T11:45:56.762+0000] {processor.py:161} INFO - Started process (PID=9319) to work on /opt/airflow/dags/oltp_s3_dwh.py
[2026-02-28T11:45:56.764+0000] {processor.py:830} INFO - Processing file /opt/airflow/dags/oltp_s3_dwh.py for tasks to queue
[2026-02-28T11:45:56.766+0000] {logging_mixin.py:188} INFO - [2026-02-28T11:45:56.765+0000] {dagbag.py:545} INFO - Filling up the DagBag from /opt/airflow/dags/oltp_s3_dwh.py
[2026-02-28T11:45:57.085+0000] {processor.py:840} INFO - DAG(s) 'oltp_s3_dwh' retrieved from /opt/airflow/dags/oltp_s3_dwh.py
[2026-02-28T11:45:57.118+0000] {logging_mixin.py:188} INFO - [2026-02-28T11:45:57.117+0000] {dag.py:3089} INFO - Sync 1 DAGs
[2026-02-28T11:45:57.143+0000] {logging_mixin.py:188} INFO - [2026-02-28T11:45:57.143+0000] {dag.py:3947} INFO - Setting next_dagrun for oltp_s3_dwh to 2026-02-01 00:00:00+00:00, run_after=2026-03-01 00:00:00+00:00
[2026-02-28T11:45:57.167+0000] {processor.py:183} INFO - Processing /opt/airflow/dags/oltp_s3_dwh.py took 0.412 seconds
[2026-02-28T11:46:27.851+0000] {processor.py:161} INFO - Started process (PID=9350) to work on /opt/airflow/dags/oltp_s3_dwh.py
[2026-02-28T11:46:27.852+0000] {processor.py:830} INFO - Processing file /opt/airflow/dags/oltp_s3_dwh.py for tasks to queue
[2026-02-28T11:46:27.854+0000] {logging_mixin.py:188} INFO - [2026-02-28T11:46:27.853+0000] {dagbag.py:545} INFO - Filling up the DagBag from /opt/airflow/dags/oltp_s3_dwh.py
[2026-02-28T11:46:28.149+0000] {processor.py:840} INFO - DAG(s) 'oltp_s3_dwh' retrieved from /opt/airflow/dags/oltp_s3_dwh.py
[2026-02-28T11:46:28.176+0000] {logging_mixin.py:188} INFO - [2026-02-28T11:46:28.175+0000] {dag.py:3089} INFO - Sync 1 DAGs
[2026-02-28T11:46:28.199+0000] {logging_mixin.py:188} INFO - [2026-02-28T11:46:28.199+0000] {dag.py:3947} INFO - Setting next_dagrun for oltp_s3_dwh to 2026-02-01 00:00:00+00:00, run_after=2026-03-01 00:00:00+00:00
[2026-02-28T11:46:28.221+0000] {processor.py:183} INFO - Processing /opt/airflow/dags/oltp_s3_dwh.py took 0.376 seconds
[2026-02-28T11:46:58.793+0000] {processor.py:161} INFO - Started process (PID=9389) to work on /opt/airflow/dags/oltp_s3_dwh.py
[2026-02-28T11:46:58.795+0000] {processor.py:830} INFO - Processing file /opt/airflow/dags/oltp_s3_dwh.py for tasks to queue
[2026-02-28T11:46:58.797+0000] {logging_mixin.py:188} INFO - [2026-02-28T11:46:58.797+0000] {dagbag.py:545} INFO - Filling up the DagBag from /opt/airflow/dags/oltp_s3_dwh.py
[2026-02-28T11:46:59.121+0000] {processor.py:840} INFO - DAG(s) 'oltp_s3_dwh' retrieved from /opt/airflow/dags/oltp_s3_dwh.py
[2026-02-28T11:46:59.151+0000] {logging_mixin.py:188} INFO - [2026-02-28T11:46:59.151+0000] {dag.py:3089} INFO - Sync 1 DAGs
[2026-02-28T11:46:59.176+0000] {logging_mixin.py:188} INFO - [2026-02-28T11:46:59.176+0000] {dag.py:3947} INFO - Setting next_dagrun for oltp_s3_dwh to 2026-02-01 00:00:00+00:00, run_after=2026-03-01 00:00:00+00:00
[2026-02-28T11:46:59.202+0000] {processor.py:183} INFO - Processing /opt/airflow/dags/oltp_s3_dwh.py took 0.417 seconds
[2026-02-28T11:47:29.693+0000] {processor.py:161} INFO - Started process (PID=9480) to work on /opt/airflow/dags/oltp_s3_dwh.py
[2026-02-28T11:47:29.699+0000] {processor.py:830} INFO - Processing file /opt/airflow/dags/oltp_s3_dwh.py for tasks to queue
[2026-02-28T11:47:29.718+0000] {logging_mixin.py:188} INFO - [2026-02-28T11:47:29.717+0000] {dagbag.py:545} INFO - Filling up the DagBag from /opt/airflow/dags/oltp_s3_dwh.py
[2026-02-28T11:47:31.321+0000] {processor.py:840} INFO - DAG(s) 'oltp_s3_dwh' retrieved from /opt/airflow/dags/oltp_s3_dwh.py
[2026-02-28T11:47:31.371+0000] {logging_mixin.py:188} INFO - [2026-02-28T11:47:31.371+0000] {dag.py:3089} INFO - Sync 1 DAGs
[2026-02-28T11:47:31.498+0000] {processor.py:183} INFO - Processing /opt/airflow/dags/oltp_s3_dwh.py took 1.812 seconds
[2026-02-28T11:48:02.203+0000] {processor.py:161} INFO - Started process (PID=9537) to work on /opt/airflow/dags/oltp_s3_dwh.py
[2026-02-28T11:48:02.204+0000] {processor.py:830} INFO - Processing file /opt/airflow/dags/oltp_s3_dwh.py for tasks to queue
[2026-02-28T11:48:02.207+0000] {logging_mixin.py:188} INFO - [2026-02-28T11:48:02.206+0000] {dagbag.py:545} INFO - Filling up the DagBag from /opt/airflow/dags/oltp_s3_dwh.py
[2026-02-28T11:48:02.543+0000] {processor.py:840} INFO - DAG(s) 'oltp_s3_dwh' retrieved from /opt/airflow/dags/oltp_s3_dwh.py
[2026-02-28T11:48:02.570+0000] {logging_mixin.py:188} INFO - [2026-02-28T11:48:02.570+0000] {dag.py:3089} INFO - Sync 1 DAGs
[2026-02-28T11:48:02.607+0000] {logging_mixin.py:188} INFO - [2026-02-28T11:48:02.606+0000] {dag.py:3947} INFO - Setting next_dagrun for oltp_s3_dwh to 2026-02-01 00:00:00+00:00, run_after=2026-03-01 00:00:00+00:00
[2026-02-28T11:48:02.644+0000] {processor.py:183} INFO - Processing /opt/airflow/dags/oltp_s3_dwh.py took 0.447 seconds
[2026-02-28T11:48:33.174+0000] {processor.py:161} INFO - Started process (PID=9568) to work on /opt/airflow/dags/oltp_s3_dwh.py
[2026-02-28T11:48:33.176+0000] {processor.py:830} INFO - Processing file /opt/airflow/dags/oltp_s3_dwh.py for tasks to queue
[2026-02-28T11:48:33.181+0000] {logging_mixin.py:188} INFO - [2026-02-28T11:48:33.181+0000] {dagbag.py:545} INFO - Filling up the DagBag from /opt/airflow/dags/oltp_s3_dwh.py
[2026-02-28T11:48:33.554+0000] {processor.py:840} INFO - DAG(s) 'oltp_s3_dwh' retrieved from /opt/airflow/dags/oltp_s3_dwh.py
[2026-02-28T11:48:33.582+0000] {logging_mixin.py:188} INFO - [2026-02-28T11:48:33.581+0000] {dag.py:3089} INFO - Sync 1 DAGs
[2026-02-28T11:48:33.604+0000] {logging_mixin.py:188} INFO - [2026-02-28T11:48:33.603+0000] {dag.py:3947} INFO - Setting next_dagrun for oltp_s3_dwh to 2026-02-01 00:00:00+00:00, run_after=2026-03-01 00:00:00+00:00
[2026-02-28T11:48:33.625+0000] {processor.py:183} INFO - Processing /opt/airflow/dags/oltp_s3_dwh.py took 0.463 seconds
[2026-02-28T11:49:04.095+0000] {processor.py:161} INFO - Started process (PID=9605) to work on /opt/airflow/dags/oltp_s3_dwh.py
[2026-02-28T11:49:04.096+0000] {processor.py:830} INFO - Processing file /opt/airflow/dags/oltp_s3_dwh.py for tasks to queue
[2026-02-28T11:49:04.098+0000] {logging_mixin.py:188} INFO - [2026-02-28T11:49:04.097+0000] {dagbag.py:545} INFO - Filling up the DagBag from /opt/airflow/dags/oltp_s3_dwh.py
[2026-02-28T11:49:04.389+0000] {processor.py:840} INFO - DAG(s) 'oltp_s3_dwh' retrieved from /opt/airflow/dags/oltp_s3_dwh.py
[2026-02-28T11:49:04.416+0000] {logging_mixin.py:188} INFO - [2026-02-28T11:49:04.415+0000] {dag.py:3089} INFO - Sync 1 DAGs
[2026-02-28T11:49:04.437+0000] {logging_mixin.py:188} INFO - [2026-02-28T11:49:04.437+0000] {dag.py:3947} INFO - Setting next_dagrun for oltp_s3_dwh to 2026-02-01 00:00:00+00:00, run_after=2026-03-01 00:00:00+00:00
[2026-02-28T11:49:04.458+0000] {processor.py:183} INFO - Processing /opt/airflow/dags/oltp_s3_dwh.py took 0.370 seconds
[2026-02-28T11:49:34.933+0000] {processor.py:161} INFO - Started process (PID=9707) to work on /opt/airflow/dags/oltp_s3_dwh.py
[2026-02-28T11:49:34.950+0000] {processor.py:830} INFO - Processing file /opt/airflow/dags/oltp_s3_dwh.py for tasks to queue
[2026-02-28T11:49:34.968+0000] {logging_mixin.py:188} INFO - [2026-02-28T11:49:34.968+0000] {dagbag.py:545} INFO - Filling up the DagBag from /opt/airflow/dags/oltp_s3_dwh.py
[2026-02-28T11:49:35.882+0000] {processor.py:840} INFO - DAG(s) 'oltp_s3_dwh' retrieved from /opt/airflow/dags/oltp_s3_dwh.py
[2026-02-28T11:49:35.913+0000] {logging_mixin.py:188} INFO - [2026-02-28T11:49:35.913+0000] {dag.py:3089} INFO - Sync 1 DAGs
[2026-02-28T11:49:36.006+0000] {processor.py:183} INFO - Processing /opt/airflow/dags/oltp_s3_dwh.py took 1.082 seconds
[2026-02-28T11:50:06.595+0000] {processor.py:161} INFO - Started process (PID=9767) to work on /opt/airflow/dags/oltp_s3_dwh.py
[2026-02-28T11:50:06.596+0000] {processor.py:830} INFO - Processing file /opt/airflow/dags/oltp_s3_dwh.py for tasks to queue
[2026-02-28T11:50:06.599+0000] {logging_mixin.py:188} INFO - [2026-02-28T11:50:06.598+0000] {dagbag.py:545} INFO - Filling up the DagBag from /opt/airflow/dags/oltp_s3_dwh.py
[2026-02-28T11:50:06.972+0000] {processor.py:840} INFO - DAG(s) 'oltp_s3_dwh' retrieved from /opt/airflow/dags/oltp_s3_dwh.py
[2026-02-28T11:50:06.997+0000] {logging_mixin.py:188} INFO - [2026-02-28T11:50:06.997+0000] {dag.py:3089} INFO - Sync 1 DAGs
[2026-02-28T11:50:07.019+0000] {logging_mixin.py:188} INFO - [2026-02-28T11:50:07.019+0000] {dag.py:3947} INFO - Setting next_dagrun for oltp_s3_dwh to 2026-02-01 00:00:00+00:00, run_after=2026-03-01 00:00:00+00:00
[2026-02-28T11:50:07.041+0000] {processor.py:183} INFO - Processing /opt/airflow/dags/oltp_s3_dwh.py took 0.452 seconds
[2026-02-28T11:50:37.487+0000] {processor.py:161} INFO - Started process (PID=9798) to work on /opt/airflow/dags/oltp_s3_dwh.py
[2026-02-28T11:50:37.488+0000] {processor.py:830} INFO - Processing file /opt/airflow/dags/oltp_s3_dwh.py for tasks to queue
[2026-02-28T11:50:37.490+0000] {logging_mixin.py:188} INFO - [2026-02-28T11:50:37.490+0000] {dagbag.py:545} INFO - Filling up the DagBag from /opt/airflow/dags/oltp_s3_dwh.py
[2026-02-28T11:50:37.780+0000] {processor.py:840} INFO - DAG(s) 'oltp_s3_dwh' retrieved from /opt/airflow/dags/oltp_s3_dwh.py
[2026-02-28T11:50:37.806+0000] {logging_mixin.py:188} INFO - [2026-02-28T11:50:37.805+0000] {dag.py:3089} INFO - Sync 1 DAGs
[2026-02-28T11:50:37.828+0000] {logging_mixin.py:188} INFO - [2026-02-28T11:50:37.828+0000] {dag.py:3947} INFO - Setting next_dagrun for oltp_s3_dwh to 2026-02-01 00:00:00+00:00, run_after=2026-03-01 00:00:00+00:00
[2026-02-28T11:50:37.854+0000] {processor.py:183} INFO - Processing /opt/airflow/dags/oltp_s3_dwh.py took 0.373 seconds
[2026-02-28T11:51:08.562+0000] {processor.py:161} INFO - Started process (PID=9864) to work on /opt/airflow/dags/oltp_s3_dwh.py
[2026-02-28T11:51:08.564+0000] {processor.py:830} INFO - Processing file /opt/airflow/dags/oltp_s3_dwh.py for tasks to queue
[2026-02-28T11:51:08.567+0000] {logging_mixin.py:188} INFO - [2026-02-28T11:51:08.566+0000] {dagbag.py:545} INFO - Filling up the DagBag from /opt/airflow/dags/oltp_s3_dwh.py
[2026-02-28T11:51:08.908+0000] {processor.py:840} INFO - DAG(s) 'oltp_s3_dwh' retrieved from /opt/airflow/dags/oltp_s3_dwh.py
[2026-02-28T11:51:08.937+0000] {logging_mixin.py:188} INFO - [2026-02-28T11:51:08.936+0000] {dag.py:3089} INFO - Sync 1 DAGs
[2026-02-28T11:51:08.960+0000] {logging_mixin.py:188} INFO - [2026-02-28T11:51:08.960+0000] {dag.py:3947} INFO - Setting next_dagrun for oltp_s3_dwh to 2026-02-01 00:00:00+00:00, run_after=2026-03-01 00:00:00+00:00
[2026-02-28T11:51:08.984+0000] {processor.py:183} INFO - Processing /opt/airflow/dags/oltp_s3_dwh.py took 0.428 seconds
[2026-02-28T11:51:39.508+0000] {processor.py:161} INFO - Started process (PID=9896) to work on /opt/airflow/dags/oltp_s3_dwh.py
[2026-02-28T11:51:39.509+0000] {processor.py:830} INFO - Processing file /opt/airflow/dags/oltp_s3_dwh.py for tasks to queue
[2026-02-28T11:51:39.512+0000] {logging_mixin.py:188} INFO - [2026-02-28T11:51:39.512+0000] {dagbag.py:545} INFO - Filling up the DagBag from /opt/airflow/dags/oltp_s3_dwh.py
[2026-02-28T11:51:39.810+0000] {processor.py:840} INFO - DAG(s) 'oltp_s3_dwh' retrieved from /opt/airflow/dags/oltp_s3_dwh.py
[2026-02-28T11:51:39.834+0000] {logging_mixin.py:188} INFO - [2026-02-28T11:51:39.834+0000] {dag.py:3089} INFO - Sync 1 DAGs
[2026-02-28T11:51:39.855+0000] {logging_mixin.py:188} INFO - [2026-02-28T11:51:39.855+0000] {dag.py:3947} INFO - Setting next_dagrun for oltp_s3_dwh to 2026-02-01 00:00:00+00:00, run_after=2026-03-01 00:00:00+00:00
[2026-02-28T11:51:39.876+0000] {processor.py:183} INFO - Processing /opt/airflow/dags/oltp_s3_dwh.py took 0.375 seconds
[2026-02-28T11:52:10.336+0000] {processor.py:161} INFO - Started process (PID=9935) to work on /opt/airflow/dags/oltp_s3_dwh.py
[2026-02-28T11:52:10.338+0000] {processor.py:830} INFO - Processing file /opt/airflow/dags/oltp_s3_dwh.py for tasks to queue
[2026-02-28T11:52:10.340+0000] {logging_mixin.py:188} INFO - [2026-02-28T11:52:10.339+0000] {dagbag.py:545} INFO - Filling up the DagBag from /opt/airflow/dags/oltp_s3_dwh.py
[2026-02-28T11:52:10.757+0000] {processor.py:840} INFO - DAG(s) 'oltp_s3_dwh' retrieved from /opt/airflow/dags/oltp_s3_dwh.py
[2026-02-28T11:52:10.790+0000] {logging_mixin.py:188} INFO - [2026-02-28T11:52:10.789+0000] {dag.py:3089} INFO - Sync 1 DAGs
[2026-02-28T11:52:10.814+0000] {logging_mixin.py:188} INFO - [2026-02-28T11:52:10.813+0000] {dag.py:3947} INFO - Setting next_dagrun for oltp_s3_dwh to 2026-02-01 00:00:00+00:00, run_after=2026-03-01 00:00:00+00:00
[2026-02-28T11:52:10.837+0000] {processor.py:183} INFO - Processing /opt/airflow/dags/oltp_s3_dwh.py took 0.507 seconds
[2026-02-28T11:52:41.586+0000] {processor.py:161} INFO - Started process (PID=9966) to work on /opt/airflow/dags/oltp_s3_dwh.py
[2026-02-28T11:52:41.588+0000] {processor.py:830} INFO - Processing file /opt/airflow/dags/oltp_s3_dwh.py for tasks to queue
[2026-02-28T11:52:41.590+0000] {logging_mixin.py:188} INFO - [2026-02-28T11:52:41.590+0000] {dagbag.py:545} INFO - Filling up the DagBag from /opt/airflow/dags/oltp_s3_dwh.py
[2026-02-28T11:52:41.921+0000] {processor.py:840} INFO - DAG(s) 'oltp_s3_dwh' retrieved from /opt/airflow/dags/oltp_s3_dwh.py
[2026-02-28T11:52:41.947+0000] {logging_mixin.py:188} INFO - [2026-02-28T11:52:41.947+0000] {dag.py:3089} INFO - Sync 1 DAGs
[2026-02-28T11:52:41.971+0000] {logging_mixin.py:188} INFO - [2026-02-28T11:52:41.971+0000] {dag.py:3947} INFO - Setting next_dagrun for oltp_s3_dwh to 2026-02-01 00:00:00+00:00, run_after=2026-03-01 00:00:00+00:00
[2026-02-28T11:52:41.993+0000] {processor.py:183} INFO - Processing /opt/airflow/dags/oltp_s3_dwh.py took 0.414 seconds
[2026-02-28T11:53:12.061+0000] {processor.py:161} INFO - Started process (PID=9996) to work on /opt/airflow/dags/oltp_s3_dwh.py
[2026-02-28T11:53:12.062+0000] {processor.py:830} INFO - Processing file /opt/airflow/dags/oltp_s3_dwh.py for tasks to queue
[2026-02-28T11:53:12.064+0000] {logging_mixin.py:188} INFO - [2026-02-28T11:53:12.064+0000] {dagbag.py:545} INFO - Filling up the DagBag from /opt/airflow/dags/oltp_s3_dwh.py
[2026-02-28T11:53:12.358+0000] {processor.py:840} INFO - DAG(s) 'oltp_s3_dwh' retrieved from /opt/airflow/dags/oltp_s3_dwh.py
[2026-02-28T11:53:12.385+0000] {logging_mixin.py:188} INFO - [2026-02-28T11:53:12.385+0000] {dag.py:3089} INFO - Sync 1 DAGs
[2026-02-28T11:53:12.407+0000] {logging_mixin.py:188} INFO - [2026-02-28T11:53:12.407+0000] {dag.py:3947} INFO - Setting next_dagrun for oltp_s3_dwh to 2026-02-01 00:00:00+00:00, run_after=2026-03-01 00:00:00+00:00
[2026-02-28T11:53:12.430+0000] {processor.py:183} INFO - Processing /opt/airflow/dags/oltp_s3_dwh.py took 0.375 seconds
[2026-02-28T11:53:42.714+0000] {processor.py:161} INFO - Started process (PID=10034) to work on /opt/airflow/dags/oltp_s3_dwh.py
[2026-02-28T11:53:42.715+0000] {processor.py:830} INFO - Processing file /opt/airflow/dags/oltp_s3_dwh.py for tasks to queue
[2026-02-28T11:53:42.717+0000] {logging_mixin.py:188} INFO - [2026-02-28T11:53:42.717+0000] {dagbag.py:545} INFO - Filling up the DagBag from /opt/airflow/dags/oltp_s3_dwh.py
[2026-02-28T11:53:43.084+0000] {processor.py:840} INFO - DAG(s) 'oltp_s3_dwh' retrieved from /opt/airflow/dags/oltp_s3_dwh.py
[2026-02-28T11:53:43.124+0000] {logging_mixin.py:188} INFO - [2026-02-28T11:53:43.123+0000] {dag.py:3089} INFO - Sync 1 DAGs
[2026-02-28T11:53:43.159+0000] {logging_mixin.py:188} INFO - [2026-02-28T11:53:43.159+0000] {dag.py:3947} INFO - Setting next_dagrun for oltp_s3_dwh to 2026-02-01 00:00:00+00:00, run_after=2026-03-01 00:00:00+00:00
[2026-02-28T11:53:43.185+0000] {processor.py:183} INFO - Processing /opt/airflow/dags/oltp_s3_dwh.py took 0.478 seconds
[2026-02-28T11:54:13.351+0000] {processor.py:161} INFO - Started process (PID=10065) to work on /opt/airflow/dags/oltp_s3_dwh.py
[2026-02-28T11:54:13.353+0000] {processor.py:830} INFO - Processing file /opt/airflow/dags/oltp_s3_dwh.py for tasks to queue
[2026-02-28T11:54:13.356+0000] {logging_mixin.py:188} INFO - [2026-02-28T11:54:13.356+0000] {dagbag.py:545} INFO - Filling up the DagBag from /opt/airflow/dags/oltp_s3_dwh.py
[2026-02-28T11:54:13.726+0000] {processor.py:840} INFO - DAG(s) 'oltp_s3_dwh' retrieved from /opt/airflow/dags/oltp_s3_dwh.py
[2026-02-28T11:54:13.756+0000] {logging_mixin.py:188} INFO - [2026-02-28T11:54:13.756+0000] {dag.py:3089} INFO - Sync 1 DAGs
[2026-02-28T11:54:13.777+0000] {logging_mixin.py:188} INFO - [2026-02-28T11:54:13.777+0000] {dag.py:3947} INFO - Setting next_dagrun for oltp_s3_dwh to 2026-02-01 00:00:00+00:00, run_after=2026-03-01 00:00:00+00:00
[2026-02-28T11:54:13.799+0000] {processor.py:183} INFO - Processing /opt/airflow/dags/oltp_s3_dwh.py took 0.456 seconds
[2026-02-28T11:54:43.961+0000] {processor.py:161} INFO - Started process (PID=10096) to work on /opt/airflow/dags/oltp_s3_dwh.py
[2026-02-28T11:54:43.963+0000] {processor.py:830} INFO - Processing file /opt/airflow/dags/oltp_s3_dwh.py for tasks to queue
[2026-02-28T11:54:43.965+0000] {logging_mixin.py:188} INFO - [2026-02-28T11:54:43.965+0000] {dagbag.py:545} INFO - Filling up the DagBag from /opt/airflow/dags/oltp_s3_dwh.py
[2026-02-28T11:54:44.291+0000] {processor.py:840} INFO - DAG(s) 'oltp_s3_dwh' retrieved from /opt/airflow/dags/oltp_s3_dwh.py
[2026-02-28T11:54:44.320+0000] {logging_mixin.py:188} INFO - [2026-02-28T11:54:44.320+0000] {dag.py:3089} INFO - Sync 1 DAGs
[2026-02-28T11:54:44.346+0000] {logging_mixin.py:188} INFO - [2026-02-28T11:54:44.345+0000] {dag.py:3947} INFO - Setting next_dagrun for oltp_s3_dwh to 2026-02-01 00:00:00+00:00, run_after=2026-03-01 00:00:00+00:00
[2026-02-28T11:54:44.372+0000] {processor.py:183} INFO - Processing /opt/airflow/dags/oltp_s3_dwh.py took 0.418 seconds
[2026-02-28T11:55:14.894+0000] {processor.py:161} INFO - Started process (PID=10134) to work on /opt/airflow/dags/oltp_s3_dwh.py
[2026-02-28T11:55:14.895+0000] {processor.py:830} INFO - Processing file /opt/airflow/dags/oltp_s3_dwh.py for tasks to queue
[2026-02-28T11:55:14.897+0000] {logging_mixin.py:188} INFO - [2026-02-28T11:55:14.897+0000] {dagbag.py:545} INFO - Filling up the DagBag from /opt/airflow/dags/oltp_s3_dwh.py
[2026-02-28T11:55:15.189+0000] {processor.py:840} INFO - DAG(s) 'oltp_s3_dwh' retrieved from /opt/airflow/dags/oltp_s3_dwh.py
[2026-02-28T11:55:15.221+0000] {logging_mixin.py:188} INFO - [2026-02-28T11:55:15.220+0000] {dag.py:3089} INFO - Sync 1 DAGs
[2026-02-28T11:55:15.246+0000] {logging_mixin.py:188} INFO - [2026-02-28T11:55:15.246+0000] {dag.py:3947} INFO - Setting next_dagrun for oltp_s3_dwh to 2026-02-01 00:00:00+00:00, run_after=2026-03-01 00:00:00+00:00
[2026-02-28T11:55:15.271+0000] {processor.py:183} INFO - Processing /opt/airflow/dags/oltp_s3_dwh.py took 0.384 seconds
[2026-02-28T11:55:45.741+0000] {processor.py:161} INFO - Started process (PID=10165) to work on /opt/airflow/dags/oltp_s3_dwh.py
[2026-02-28T11:55:45.743+0000] {processor.py:830} INFO - Processing file /opt/airflow/dags/oltp_s3_dwh.py for tasks to queue
[2026-02-28T11:55:45.745+0000] {logging_mixin.py:188} INFO - [2026-02-28T11:55:45.744+0000] {dagbag.py:545} INFO - Filling up the DagBag from /opt/airflow/dags/oltp_s3_dwh.py
[2026-02-28T11:55:46.028+0000] {processor.py:840} INFO - DAG(s) 'oltp_s3_dwh' retrieved from /opt/airflow/dags/oltp_s3_dwh.py
[2026-02-28T11:55:46.052+0000] {logging_mixin.py:188} INFO - [2026-02-28T11:55:46.052+0000] {dag.py:3089} INFO - Sync 1 DAGs
[2026-02-28T11:55:46.072+0000] {logging_mixin.py:188} INFO - [2026-02-28T11:55:46.072+0000] {dag.py:3947} INFO - Setting next_dagrun for oltp_s3_dwh to 2026-02-01 00:00:00+00:00, run_after=2026-03-01 00:00:00+00:00
[2026-02-28T11:55:46.091+0000] {processor.py:183} INFO - Processing /opt/airflow/dags/oltp_s3_dwh.py took 0.356 seconds
[2026-02-28T11:56:16.697+0000] {processor.py:161} INFO - Started process (PID=10203) to work on /opt/airflow/dags/oltp_s3_dwh.py
[2026-02-28T11:56:16.698+0000] {processor.py:830} INFO - Processing file /opt/airflow/dags/oltp_s3_dwh.py for tasks to queue
[2026-02-28T11:56:16.701+0000] {logging_mixin.py:188} INFO - [2026-02-28T11:56:16.700+0000] {dagbag.py:545} INFO - Filling up the DagBag from /opt/airflow/dags/oltp_s3_dwh.py
[2026-02-28T11:56:17.037+0000] {processor.py:840} INFO - DAG(s) 'oltp_s3_dwh' retrieved from /opt/airflow/dags/oltp_s3_dwh.py
[2026-02-28T11:56:17.122+0000] {logging_mixin.py:188} INFO - [2026-02-28T11:56:17.121+0000] {dag.py:3089} INFO - Sync 1 DAGs
[2026-02-28T11:56:17.156+0000] {logging_mixin.py:188} INFO - [2026-02-28T11:56:17.156+0000] {dag.py:3947} INFO - Setting next_dagrun for oltp_s3_dwh to 2026-02-01 00:00:00+00:00, run_after=2026-03-01 00:00:00+00:00
[2026-02-28T11:56:17.183+0000] {processor.py:183} INFO - Processing /opt/airflow/dags/oltp_s3_dwh.py took 0.492 seconds
[2026-02-28T11:56:47.251+0000] {processor.py:161} INFO - Started process (PID=10234) to work on /opt/airflow/dags/oltp_s3_dwh.py
[2026-02-28T11:56:47.253+0000] {processor.py:830} INFO - Processing file /opt/airflow/dags/oltp_s3_dwh.py for tasks to queue
[2026-02-28T11:56:47.256+0000] {logging_mixin.py:188} INFO - [2026-02-28T11:56:47.255+0000] {dagbag.py:545} INFO - Filling up the DagBag from /opt/airflow/dags/oltp_s3_dwh.py
[2026-02-28T11:56:47.616+0000] {processor.py:840} INFO - DAG(s) 'oltp_s3_dwh' retrieved from /opt/airflow/dags/oltp_s3_dwh.py
[2026-02-28T11:56:47.643+0000] {logging_mixin.py:188} INFO - [2026-02-28T11:56:47.643+0000] {dag.py:3089} INFO - Sync 1 DAGs
[2026-02-28T11:56:47.666+0000] {logging_mixin.py:188} INFO - [2026-02-28T11:56:47.665+0000] {dag.py:3947} INFO - Setting next_dagrun for oltp_s3_dwh to 2026-02-01 00:00:00+00:00, run_after=2026-03-01 00:00:00+00:00
[2026-02-28T11:56:47.691+0000] {processor.py:183} INFO - Processing /opt/airflow/dags/oltp_s3_dwh.py took 0.447 seconds
[2026-02-28T11:57:17.793+0000] {processor.py:161} INFO - Started process (PID=10265) to work on /opt/airflow/dags/oltp_s3_dwh.py
[2026-02-28T11:57:17.794+0000] {processor.py:830} INFO - Processing file /opt/airflow/dags/oltp_s3_dwh.py for tasks to queue
[2026-02-28T11:57:17.796+0000] {logging_mixin.py:188} INFO - [2026-02-28T11:57:17.796+0000] {dagbag.py:545} INFO - Filling up the DagBag from /opt/airflow/dags/oltp_s3_dwh.py
[2026-02-28T11:57:18.164+0000] {processor.py:840} INFO - DAG(s) 'oltp_s3_dwh' retrieved from /opt/airflow/dags/oltp_s3_dwh.py
[2026-02-28T11:57:18.193+0000] {logging_mixin.py:188} INFO - [2026-02-28T11:57:18.193+0000] {dag.py:3089} INFO - Sync 1 DAGs
[2026-02-28T11:57:18.216+0000] {logging_mixin.py:188} INFO - [2026-02-28T11:57:18.216+0000] {dag.py:3947} INFO - Setting next_dagrun for oltp_s3_dwh to 2026-02-01 00:00:00+00:00, run_after=2026-03-01 00:00:00+00:00
[2026-02-28T11:57:18.238+0000] {processor.py:183} INFO - Processing /opt/airflow/dags/oltp_s3_dwh.py took 0.451 seconds
[2026-02-28T11:57:48.320+0000] {processor.py:161} INFO - Started process (PID=10303) to work on /opt/airflow/dags/oltp_s3_dwh.py
[2026-02-28T11:57:48.322+0000] {processor.py:830} INFO - Processing file /opt/airflow/dags/oltp_s3_dwh.py for tasks to queue
[2026-02-28T11:57:48.324+0000] {logging_mixin.py:188} INFO - [2026-02-28T11:57:48.324+0000] {dagbag.py:545} INFO - Filling up the DagBag from /opt/airflow/dags/oltp_s3_dwh.py
[2026-02-28T11:57:48.620+0000] {processor.py:840} INFO - DAG(s) 'oltp_s3_dwh' retrieved from /opt/airflow/dags/oltp_s3_dwh.py
[2026-02-28T11:57:48.645+0000] {logging_mixin.py:188} INFO - [2026-02-28T11:57:48.645+0000] {dag.py:3089} INFO - Sync 1 DAGs
[2026-02-28T11:57:48.666+0000] {logging_mixin.py:188} INFO - [2026-02-28T11:57:48.666+0000] {dag.py:3947} INFO - Setting next_dagrun for oltp_s3_dwh to 2026-02-01 00:00:00+00:00, run_after=2026-03-01 00:00:00+00:00
[2026-02-28T11:57:48.685+0000] {processor.py:183} INFO - Processing /opt/airflow/dags/oltp_s3_dwh.py took 0.371 seconds
[2026-02-28T11:58:19.396+0000] {processor.py:161} INFO - Started process (PID=10333) to work on /opt/airflow/dags/oltp_s3_dwh.py
[2026-02-28T11:58:19.397+0000] {processor.py:830} INFO - Processing file /opt/airflow/dags/oltp_s3_dwh.py for tasks to queue
[2026-02-28T11:58:19.400+0000] {logging_mixin.py:188} INFO - [2026-02-28T11:58:19.400+0000] {dagbag.py:545} INFO - Filling up the DagBag from /opt/airflow/dags/oltp_s3_dwh.py
[2026-02-28T11:58:19.778+0000] {processor.py:840} INFO - DAG(s) 'oltp_s3_dwh' retrieved from /opt/airflow/dags/oltp_s3_dwh.py
[2026-02-28T11:58:19.804+0000] {logging_mixin.py:188} INFO - [2026-02-28T11:58:19.804+0000] {dag.py:3089} INFO - Sync 1 DAGs
[2026-02-28T11:58:19.825+0000] {logging_mixin.py:188} INFO - [2026-02-28T11:58:19.824+0000] {dag.py:3947} INFO - Setting next_dagrun for oltp_s3_dwh to 2026-02-01 00:00:00+00:00, run_after=2026-03-01 00:00:00+00:00
[2026-02-28T11:58:19.851+0000] {processor.py:183} INFO - Processing /opt/airflow/dags/oltp_s3_dwh.py took 0.461 seconds
[2026-02-28T11:58:50.374+0000] {processor.py:161} INFO - Started process (PID=10370) to work on /opt/airflow/dags/oltp_s3_dwh.py
[2026-02-28T11:58:50.377+0000] {processor.py:830} INFO - Processing file /opt/airflow/dags/oltp_s3_dwh.py for tasks to queue
[2026-02-28T11:58:50.383+0000] {logging_mixin.py:188} INFO - [2026-02-28T11:58:50.383+0000] {dagbag.py:545} INFO - Filling up the DagBag from /opt/airflow/dags/oltp_s3_dwh.py
[2026-02-28T11:58:50.845+0000] {processor.py:840} INFO - DAG(s) 'oltp_s3_dwh' retrieved from /opt/airflow/dags/oltp_s3_dwh.py
[2026-02-28T11:58:50.908+0000] {logging_mixin.py:188} INFO - [2026-02-28T11:58:50.906+0000] {dag.py:3089} INFO - Sync 1 DAGs
[2026-02-28T11:58:50.943+0000] {logging_mixin.py:188} INFO - [2026-02-28T11:58:50.942+0000] {dag.py:3947} INFO - Setting next_dagrun for oltp_s3_dwh to 2026-02-01 00:00:00+00:00, run_after=2026-03-01 00:00:00+00:00
[2026-02-28T11:58:51.014+0000] {processor.py:183} INFO - Processing /opt/airflow/dags/oltp_s3_dwh.py took 0.647 seconds
[2026-02-28T11:59:21.513+0000] {processor.py:161} INFO - Started process (PID=10402) to work on /opt/airflow/dags/oltp_s3_dwh.py
[2026-02-28T11:59:21.514+0000] {processor.py:830} INFO - Processing file /opt/airflow/dags/oltp_s3_dwh.py for tasks to queue
[2026-02-28T11:59:21.516+0000] {logging_mixin.py:188} INFO - [2026-02-28T11:59:21.516+0000] {dagbag.py:545} INFO - Filling up the DagBag from /opt/airflow/dags/oltp_s3_dwh.py
[2026-02-28T11:59:21.818+0000] {processor.py:840} INFO - DAG(s) 'oltp_s3_dwh' retrieved from /opt/airflow/dags/oltp_s3_dwh.py
[2026-02-28T11:59:21.843+0000] {logging_mixin.py:188} INFO - [2026-02-28T11:59:21.843+0000] {dag.py:3089} INFO - Sync 1 DAGs
[2026-02-28T11:59:21.864+0000] {logging_mixin.py:188} INFO - [2026-02-28T11:59:21.864+0000] {dag.py:3947} INFO - Setting next_dagrun for oltp_s3_dwh to 2026-02-01 00:00:00+00:00, run_after=2026-03-01 00:00:00+00:00
[2026-02-28T11:59:21.883+0000] {processor.py:183} INFO - Processing /opt/airflow/dags/oltp_s3_dwh.py took 0.376 seconds
[2026-02-28T11:59:52.351+0000] {processor.py:161} INFO - Started process (PID=10433) to work on /opt/airflow/dags/oltp_s3_dwh.py
[2026-02-28T11:59:52.352+0000] {processor.py:830} INFO - Processing file /opt/airflow/dags/oltp_s3_dwh.py for tasks to queue
[2026-02-28T11:59:52.354+0000] {logging_mixin.py:188} INFO - [2026-02-28T11:59:52.354+0000] {dagbag.py:545} INFO - Filling up the DagBag from /opt/airflow/dags/oltp_s3_dwh.py
[2026-02-28T11:59:52.641+0000] {processor.py:840} INFO - DAG(s) 'oltp_s3_dwh' retrieved from /opt/airflow/dags/oltp_s3_dwh.py
[2026-02-28T11:59:52.666+0000] {logging_mixin.py:188} INFO - [2026-02-28T11:59:52.665+0000] {dag.py:3089} INFO - Sync 1 DAGs
[2026-02-28T11:59:52.686+0000] {logging_mixin.py:188} INFO - [2026-02-28T11:59:52.686+0000] {dag.py:3947} INFO - Setting next_dagrun for oltp_s3_dwh to 2026-02-01 00:00:00+00:00, run_after=2026-03-01 00:00:00+00:00
[2026-02-28T11:59:52.707+0000] {processor.py:183} INFO - Processing /opt/airflow/dags/oltp_s3_dwh.py took 0.362 seconds
[2026-02-28T12:00:23.177+0000] {processor.py:161} INFO - Started process (PID=10471) to work on /opt/airflow/dags/oltp_s3_dwh.py
[2026-02-28T12:00:23.179+0000] {processor.py:830} INFO - Processing file /opt/airflow/dags/oltp_s3_dwh.py for tasks to queue
[2026-02-28T12:00:23.181+0000] {logging_mixin.py:188} INFO - [2026-02-28T12:00:23.180+0000] {dagbag.py:545} INFO - Filling up the DagBag from /opt/airflow/dags/oltp_s3_dwh.py
[2026-02-28T12:00:23.487+0000] {processor.py:840} INFO - DAG(s) 'oltp_s3_dwh' retrieved from /opt/airflow/dags/oltp_s3_dwh.py
[2026-02-28T12:00:23.514+0000] {logging_mixin.py:188} INFO - [2026-02-28T12:00:23.514+0000] {dag.py:3089} INFO - Sync 1 DAGs
[2026-02-28T12:00:23.536+0000] {logging_mixin.py:188} INFO - [2026-02-28T12:00:23.536+0000] {dag.py:3947} INFO - Setting next_dagrun for oltp_s3_dwh to 2026-02-01 00:00:00+00:00, run_after=2026-03-01 00:00:00+00:00
[2026-02-28T12:00:23.563+0000] {processor.py:183} INFO - Processing /opt/airflow/dags/oltp_s3_dwh.py took 0.391 seconds
[2026-02-28T12:00:54.026+0000] {processor.py:161} INFO - Started process (PID=10502) to work on /opt/airflow/dags/oltp_s3_dwh.py
[2026-02-28T12:00:54.028+0000] {processor.py:830} INFO - Processing file /opt/airflow/dags/oltp_s3_dwh.py for tasks to queue
[2026-02-28T12:00:54.030+0000] {logging_mixin.py:188} INFO - [2026-02-28T12:00:54.029+0000] {dagbag.py:545} INFO - Filling up the DagBag from /opt/airflow/dags/oltp_s3_dwh.py
[2026-02-28T12:00:54.317+0000] {processor.py:840} INFO - DAG(s) 'oltp_s3_dwh' retrieved from /opt/airflow/dags/oltp_s3_dwh.py
[2026-02-28T12:00:54.343+0000] {logging_mixin.py:188} INFO - [2026-02-28T12:00:54.342+0000] {dag.py:3089} INFO - Sync 1 DAGs
[2026-02-28T12:00:54.365+0000] {logging_mixin.py:188} INFO - [2026-02-28T12:00:54.365+0000] {dag.py:3947} INFO - Setting next_dagrun for oltp_s3_dwh to 2026-02-01 00:00:00+00:00, run_after=2026-03-01 00:00:00+00:00
[2026-02-28T12:00:54.384+0000] {processor.py:183} INFO - Processing /opt/airflow/dags/oltp_s3_dwh.py took 0.365 seconds
[2026-02-28T12:01:24.922+0000] {processor.py:161} INFO - Started process (PID=10540) to work on /opt/airflow/dags/oltp_s3_dwh.py
[2026-02-28T12:01:24.923+0000] {processor.py:830} INFO - Processing file /opt/airflow/dags/oltp_s3_dwh.py for tasks to queue
[2026-02-28T12:01:24.925+0000] {logging_mixin.py:188} INFO - [2026-02-28T12:01:24.925+0000] {dagbag.py:545} INFO - Filling up the DagBag from /opt/airflow/dags/oltp_s3_dwh.py
[2026-02-28T12:01:25.233+0000] {processor.py:840} INFO - DAG(s) 'oltp_s3_dwh' retrieved from /opt/airflow/dags/oltp_s3_dwh.py
[2026-02-28T12:01:25.263+0000] {logging_mixin.py:188} INFO - [2026-02-28T12:01:25.262+0000] {dag.py:3089} INFO - Sync 1 DAGs
[2026-02-28T12:01:25.288+0000] {logging_mixin.py:188} INFO - [2026-02-28T12:01:25.288+0000] {dag.py:3947} INFO - Setting next_dagrun for oltp_s3_dwh to 2026-02-01 00:00:00+00:00, run_after=2026-03-01 00:00:00+00:00
[2026-02-28T12:01:25.313+0000] {processor.py:183} INFO - Processing /opt/airflow/dags/oltp_s3_dwh.py took 0.398 seconds
[2026-02-28T12:01:55.793+0000] {processor.py:161} INFO - Started process (PID=10570) to work on /opt/airflow/dags/oltp_s3_dwh.py
[2026-02-28T12:01:55.795+0000] {processor.py:830} INFO - Processing file /opt/airflow/dags/oltp_s3_dwh.py for tasks to queue
[2026-02-28T12:01:55.798+0000] {logging_mixin.py:188} INFO - [2026-02-28T12:01:55.798+0000] {dagbag.py:545} INFO - Filling up the DagBag from /opt/airflow/dags/oltp_s3_dwh.py
[2026-02-28T12:01:56.124+0000] {processor.py:840} INFO - DAG(s) 'oltp_s3_dwh' retrieved from /opt/airflow/dags/oltp_s3_dwh.py
[2026-02-28T12:01:56.150+0000] {logging_mixin.py:188} INFO - [2026-02-28T12:01:56.150+0000] {dag.py:3089} INFO - Sync 1 DAGs
[2026-02-28T12:01:56.174+0000] {logging_mixin.py:188} INFO - [2026-02-28T12:01:56.173+0000] {dag.py:3947} INFO - Setting next_dagrun for oltp_s3_dwh to 2026-02-01 00:00:00+00:00, run_after=2026-03-01 00:00:00+00:00
[2026-02-28T12:01:56.199+0000] {processor.py:183} INFO - Processing /opt/airflow/dags/oltp_s3_dwh.py took 0.414 seconds
[2026-02-28T12:02:26.751+0000] {processor.py:161} INFO - Started process (PID=10601) to work on /opt/airflow/dags/oltp_s3_dwh.py
[2026-02-28T12:02:26.753+0000] {processor.py:830} INFO - Processing file /opt/airflow/dags/oltp_s3_dwh.py for tasks to queue
[2026-02-28T12:02:26.755+0000] {logging_mixin.py:188} INFO - [2026-02-28T12:02:26.754+0000] {dagbag.py:545} INFO - Filling up the DagBag from /opt/airflow/dags/oltp_s3_dwh.py
[2026-02-28T12:02:27.043+0000] {processor.py:840} INFO - DAG(s) 'oltp_s3_dwh' retrieved from /opt/airflow/dags/oltp_s3_dwh.py
[2026-02-28T12:02:27.069+0000] {logging_mixin.py:188} INFO - [2026-02-28T12:02:27.069+0000] {dag.py:3089} INFO - Sync 1 DAGs
[2026-02-28T12:02:27.090+0000] {logging_mixin.py:188} INFO - [2026-02-28T12:02:27.090+0000] {dag.py:3947} INFO - Setting next_dagrun for oltp_s3_dwh to 2026-02-01 00:00:00+00:00, run_after=2026-03-01 00:00:00+00:00
[2026-02-28T12:02:27.118+0000] {processor.py:183} INFO - Processing /opt/airflow/dags/oltp_s3_dwh.py took 0.372 seconds
[2026-02-28T12:02:57.650+0000] {processor.py:161} INFO - Started process (PID=10639) to work on /opt/airflow/dags/oltp_s3_dwh.py
[2026-02-28T12:02:57.651+0000] {processor.py:830} INFO - Processing file /opt/airflow/dags/oltp_s3_dwh.py for tasks to queue
[2026-02-28T12:02:57.653+0000] {logging_mixin.py:188} INFO - [2026-02-28T12:02:57.653+0000] {dagbag.py:545} INFO - Filling up the DagBag from /opt/airflow/dags/oltp_s3_dwh.py
[2026-02-28T12:02:57.943+0000] {processor.py:840} INFO - DAG(s) 'oltp_s3_dwh' retrieved from /opt/airflow/dags/oltp_s3_dwh.py
[2026-02-28T12:02:57.969+0000] {logging_mixin.py:188} INFO - [2026-02-28T12:02:57.969+0000] {dag.py:3089} INFO - Sync 1 DAGs
[2026-02-28T12:02:57.991+0000] {logging_mixin.py:188} INFO - [2026-02-28T12:02:57.990+0000] {dag.py:3947} INFO - Setting next_dagrun for oltp_s3_dwh to 2026-02-01 00:00:00+00:00, run_after=2026-03-01 00:00:00+00:00
[2026-02-28T12:02:58.011+0000] {processor.py:183} INFO - Processing /opt/airflow/dags/oltp_s3_dwh.py took 0.367 seconds
[2026-02-28T12:03:28.676+0000] {processor.py:161} INFO - Started process (PID=10670) to work on /opt/airflow/dags/oltp_s3_dwh.py
[2026-02-28T12:03:28.677+0000] {processor.py:830} INFO - Processing file /opt/airflow/dags/oltp_s3_dwh.py for tasks to queue
[2026-02-28T12:03:28.679+0000] {logging_mixin.py:188} INFO - [2026-02-28T12:03:28.679+0000] {dagbag.py:545} INFO - Filling up the DagBag from /opt/airflow/dags/oltp_s3_dwh.py
[2026-02-28T12:03:28.963+0000] {processor.py:840} INFO - DAG(s) 'oltp_s3_dwh' retrieved from /opt/airflow/dags/oltp_s3_dwh.py
[2026-02-28T12:03:28.988+0000] {logging_mixin.py:188} INFO - [2026-02-28T12:03:28.988+0000] {dag.py:3089} INFO - Sync 1 DAGs
[2026-02-28T12:03:29.010+0000] {logging_mixin.py:188} INFO - [2026-02-28T12:03:29.009+0000] {dag.py:3947} INFO - Setting next_dagrun for oltp_s3_dwh to 2026-02-01 00:00:00+00:00, run_after=2026-03-01 00:00:00+00:00
[2026-02-28T12:03:29.028+0000] {processor.py:183} INFO - Processing /opt/airflow/dags/oltp_s3_dwh.py took 0.358 seconds
[2026-02-28T12:03:59.463+0000] {processor.py:161} INFO - Started process (PID=10707) to work on /opt/airflow/dags/oltp_s3_dwh.py
[2026-02-28T12:03:59.464+0000] {processor.py:830} INFO - Processing file /opt/airflow/dags/oltp_s3_dwh.py for tasks to queue
[2026-02-28T12:03:59.467+0000] {logging_mixin.py:188} INFO - [2026-02-28T12:03:59.466+0000] {dagbag.py:545} INFO - Filling up the DagBag from /opt/airflow/dags/oltp_s3_dwh.py
[2026-02-28T12:03:59.795+0000] {processor.py:840} INFO - DAG(s) 'oltp_s3_dwh' retrieved from /opt/airflow/dags/oltp_s3_dwh.py
[2026-02-28T12:03:59.827+0000] {logging_mixin.py:188} INFO - [2026-02-28T12:03:59.827+0000] {dag.py:3089} INFO - Sync 1 DAGs
[2026-02-28T12:03:59.852+0000] {logging_mixin.py:188} INFO - [2026-02-28T12:03:59.852+0000] {dag.py:3947} INFO - Setting next_dagrun for oltp_s3_dwh to 2026-02-01 00:00:00+00:00, run_after=2026-03-01 00:00:00+00:00
[2026-02-28T12:03:59.876+0000] {processor.py:183} INFO - Processing /opt/airflow/dags/oltp_s3_dwh.py took 0.419 seconds
[2026-02-28T12:04:30.363+0000] {processor.py:161} INFO - Started process (PID=10738) to work on /opt/airflow/dags/oltp_s3_dwh.py
[2026-02-28T12:04:30.364+0000] {processor.py:830} INFO - Processing file /opt/airflow/dags/oltp_s3_dwh.py for tasks to queue
[2026-02-28T12:04:30.366+0000] {logging_mixin.py:188} INFO - [2026-02-28T12:04:30.366+0000] {dagbag.py:545} INFO - Filling up the DagBag from /opt/airflow/dags/oltp_s3_dwh.py
[2026-02-28T12:04:30.657+0000] {processor.py:840} INFO - DAG(s) 'oltp_s3_dwh' retrieved from /opt/airflow/dags/oltp_s3_dwh.py
[2026-02-28T12:04:30.684+0000] {logging_mixin.py:188} INFO - [2026-02-28T12:04:30.684+0000] {dag.py:3089} INFO - Sync 1 DAGs
[2026-02-28T12:04:30.705+0000] {logging_mixin.py:188} INFO - [2026-02-28T12:04:30.705+0000] {dag.py:3947} INFO - Setting next_dagrun for oltp_s3_dwh to 2026-02-01 00:00:00+00:00, run_after=2026-03-01 00:00:00+00:00
[2026-02-28T12:04:30.727+0000] {processor.py:183} INFO - Processing /opt/airflow/dags/oltp_s3_dwh.py took 0.371 seconds
[2026-02-28T12:05:01.260+0000] {processor.py:161} INFO - Started process (PID=10769) to work on /opt/airflow/dags/oltp_s3_dwh.py
[2026-02-28T12:05:01.261+0000] {processor.py:830} INFO - Processing file /opt/airflow/dags/oltp_s3_dwh.py for tasks to queue
[2026-02-28T12:05:01.265+0000] {logging_mixin.py:188} INFO - [2026-02-28T12:05:01.264+0000] {dagbag.py:545} INFO - Filling up the DagBag from /opt/airflow/dags/oltp_s3_dwh.py
[2026-02-28T12:05:01.652+0000] {processor.py:840} INFO - DAG(s) 'oltp_s3_dwh' retrieved from /opt/airflow/dags/oltp_s3_dwh.py
[2026-02-28T12:05:01.680+0000] {logging_mixin.py:188} INFO - [2026-02-28T12:05:01.679+0000] {dag.py:3089} INFO - Sync 1 DAGs
[2026-02-28T12:05:01.704+0000] {logging_mixin.py:188} INFO - [2026-02-28T12:05:01.704+0000] {dag.py:3947} INFO - Setting next_dagrun for oltp_s3_dwh to 2026-02-01 00:00:00+00:00, run_after=2026-03-01 00:00:00+00:00
[2026-02-28T12:05:01.725+0000] {processor.py:183} INFO - Processing /opt/airflow/dags/oltp_s3_dwh.py took 0.475 seconds
[2026-02-28T12:05:32.454+0000] {processor.py:161} INFO - Started process (PID=10806) to work on /opt/airflow/dags/oltp_s3_dwh.py
[2026-02-28T12:05:32.456+0000] {processor.py:830} INFO - Processing file /opt/airflow/dags/oltp_s3_dwh.py for tasks to queue
[2026-02-28T12:05:32.458+0000] {logging_mixin.py:188} INFO - [2026-02-28T12:05:32.457+0000] {dagbag.py:545} INFO - Filling up the DagBag from /opt/airflow/dags/oltp_s3_dwh.py
[2026-02-28T12:05:32.866+0000] {processor.py:840} INFO - DAG(s) 'oltp_s3_dwh' retrieved from /opt/airflow/dags/oltp_s3_dwh.py
[2026-02-28T12:05:32.894+0000] {logging_mixin.py:188} INFO - [2026-02-28T12:05:32.893+0000] {dag.py:3089} INFO - Sync 1 DAGs
[2026-02-28T12:05:32.915+0000] {logging_mixin.py:188} INFO - [2026-02-28T12:05:32.915+0000] {dag.py:3947} INFO - Setting next_dagrun for oltp_s3_dwh to 2026-02-01 00:00:00+00:00, run_after=2026-03-01 00:00:00+00:00
[2026-02-28T12:05:32.936+0000] {processor.py:183} INFO - Processing /opt/airflow/dags/oltp_s3_dwh.py took 0.487 seconds
[2026-02-28T12:06:03.447+0000] {processor.py:161} INFO - Started process (PID=10839) to work on /opt/airflow/dags/oltp_s3_dwh.py
[2026-02-28T12:06:03.449+0000] {processor.py:830} INFO - Processing file /opt/airflow/dags/oltp_s3_dwh.py for tasks to queue
[2026-02-28T12:06:03.451+0000] {logging_mixin.py:188} INFO - [2026-02-28T12:06:03.451+0000] {dagbag.py:545} INFO - Filling up the DagBag from /opt/airflow/dags/oltp_s3_dwh.py
[2026-02-28T12:06:03.762+0000] {processor.py:840} INFO - DAG(s) 'oltp_s3_dwh' retrieved from /opt/airflow/dags/oltp_s3_dwh.py
[2026-02-28T12:06:03.791+0000] {logging_mixin.py:188} INFO - [2026-02-28T12:06:03.790+0000] {dag.py:3089} INFO - Sync 1 DAGs
[2026-02-28T12:06:03.813+0000] {logging_mixin.py:188} INFO - [2026-02-28T12:06:03.813+0000] {dag.py:3947} INFO - Setting next_dagrun for oltp_s3_dwh to 2026-02-01 00:00:00+00:00, run_after=2026-03-01 00:00:00+00:00
[2026-02-28T12:06:03.837+0000] {processor.py:183} INFO - Processing /opt/airflow/dags/oltp_s3_dwh.py took 0.396 seconds
[2026-02-28T12:06:34.309+0000] {processor.py:161} INFO - Started process (PID=10879) to work on /opt/airflow/dags/oltp_s3_dwh.py
[2026-02-28T12:06:34.310+0000] {processor.py:830} INFO - Processing file /opt/airflow/dags/oltp_s3_dwh.py for tasks to queue
[2026-02-28T12:06:34.312+0000] {logging_mixin.py:188} INFO - [2026-02-28T12:06:34.312+0000] {dagbag.py:545} INFO - Filling up the DagBag from /opt/airflow/dags/oltp_s3_dwh.py
[2026-02-28T12:06:34.620+0000] {processor.py:840} INFO - DAG(s) 'oltp_s3_dwh' retrieved from /opt/airflow/dags/oltp_s3_dwh.py
[2026-02-28T12:06:34.650+0000] {logging_mixin.py:188} INFO - [2026-02-28T12:06:34.650+0000] {dag.py:3089} INFO - Sync 1 DAGs
[2026-02-28T12:06:34.673+0000] {logging_mixin.py:188} INFO - [2026-02-28T12:06:34.673+0000] {dag.py:3947} INFO - Setting next_dagrun for oltp_s3_dwh to 2026-02-01 00:00:00+00:00, run_after=2026-03-01 00:00:00+00:00
[2026-02-28T12:06:34.700+0000] {processor.py:183} INFO - Processing /opt/airflow/dags/oltp_s3_dwh.py took 0.398 seconds
[2026-02-28T12:07:05.271+0000] {processor.py:161} INFO - Started process (PID=10911) to work on /opt/airflow/dags/oltp_s3_dwh.py
[2026-02-28T12:07:05.273+0000] {processor.py:830} INFO - Processing file /opt/airflow/dags/oltp_s3_dwh.py for tasks to queue
[2026-02-28T12:07:05.275+0000] {logging_mixin.py:188} INFO - [2026-02-28T12:07:05.275+0000] {dagbag.py:545} INFO - Filling up the DagBag from /opt/airflow/dags/oltp_s3_dwh.py
[2026-02-28T12:07:05.579+0000] {processor.py:840} INFO - DAG(s) 'oltp_s3_dwh' retrieved from /opt/airflow/dags/oltp_s3_dwh.py
[2026-02-28T12:07:05.606+0000] {logging_mixin.py:188} INFO - [2026-02-28T12:07:05.606+0000] {dag.py:3089} INFO - Sync 1 DAGs
[2026-02-28T12:07:05.629+0000] {logging_mixin.py:188} INFO - [2026-02-28T12:07:05.629+0000] {dag.py:3947} INFO - Setting next_dagrun for oltp_s3_dwh to 2026-02-01 00:00:00+00:00, run_after=2026-03-01 00:00:00+00:00
[2026-02-28T12:07:05.651+0000] {processor.py:183} INFO - Processing /opt/airflow/dags/oltp_s3_dwh.py took 0.385 seconds
[2026-02-28T12:07:36.170+0000] {processor.py:161} INFO - Started process (PID=10943) to work on /opt/airflow/dags/oltp_s3_dwh.py
[2026-02-28T12:07:36.172+0000] {processor.py:830} INFO - Processing file /opt/airflow/dags/oltp_s3_dwh.py for tasks to queue
[2026-02-28T12:07:36.175+0000] {logging_mixin.py:188} INFO - [2026-02-28T12:07:36.174+0000] {dagbag.py:545} INFO - Filling up the DagBag from /opt/airflow/dags/oltp_s3_dwh.py
[2026-02-28T12:07:36.500+0000] {processor.py:840} INFO - DAG(s) 'oltp_s3_dwh' retrieved from /opt/airflow/dags/oltp_s3_dwh.py
[2026-02-28T12:07:36.524+0000] {logging_mixin.py:188} INFO - [2026-02-28T12:07:36.524+0000] {dag.py:3089} INFO - Sync 1 DAGs
[2026-02-28T12:07:36.545+0000] {logging_mixin.py:188} INFO - [2026-02-28T12:07:36.545+0000] {dag.py:3947} INFO - Setting next_dagrun for oltp_s3_dwh to 2026-02-01 00:00:00+00:00, run_after=2026-03-01 00:00:00+00:00
[2026-02-28T12:07:36.565+0000] {processor.py:183} INFO - Processing /opt/airflow/dags/oltp_s3_dwh.py took 0.402 seconds
[2026-02-28T12:08:07.093+0000] {processor.py:161} INFO - Started process (PID=10981) to work on /opt/airflow/dags/oltp_s3_dwh.py
[2026-02-28T12:08:07.095+0000] {processor.py:830} INFO - Processing file /opt/airflow/dags/oltp_s3_dwh.py for tasks to queue
[2026-02-28T12:08:07.097+0000] {logging_mixin.py:188} INFO - [2026-02-28T12:08:07.097+0000] {dagbag.py:545} INFO - Filling up the DagBag from /opt/airflow/dags/oltp_s3_dwh.py
[2026-02-28T12:08:07.383+0000] {processor.py:840} INFO - DAG(s) 'oltp_s3_dwh' retrieved from /opt/airflow/dags/oltp_s3_dwh.py
[2026-02-28T12:08:07.409+0000] {logging_mixin.py:188} INFO - [2026-02-28T12:08:07.409+0000] {dag.py:3089} INFO - Sync 1 DAGs
[2026-02-28T12:08:07.431+0000] {logging_mixin.py:188} INFO - [2026-02-28T12:08:07.430+0000] {dag.py:3947} INFO - Setting next_dagrun for oltp_s3_dwh to 2026-02-01 00:00:00+00:00, run_after=2026-03-01 00:00:00+00:00
[2026-02-28T12:08:07.449+0000] {processor.py:183} INFO - Processing /opt/airflow/dags/oltp_s3_dwh.py took 0.362 seconds
[2026-02-28T12:08:37.892+0000] {processor.py:161} INFO - Started process (PID=11012) to work on /opt/airflow/dags/oltp_s3_dwh.py
[2026-02-28T12:08:37.893+0000] {processor.py:830} INFO - Processing file /opt/airflow/dags/oltp_s3_dwh.py for tasks to queue
[2026-02-28T12:08:37.895+0000] {logging_mixin.py:188} INFO - [2026-02-28T12:08:37.894+0000] {dagbag.py:545} INFO - Filling up the DagBag from /opt/airflow/dags/oltp_s3_dwh.py
[2026-02-28T12:08:38.182+0000] {processor.py:840} INFO - DAG(s) 'oltp_s3_dwh' retrieved from /opt/airflow/dags/oltp_s3_dwh.py
[2026-02-28T12:08:38.208+0000] {logging_mixin.py:188} INFO - [2026-02-28T12:08:38.208+0000] {dag.py:3089} INFO - Sync 1 DAGs
[2026-02-28T12:08:38.229+0000] {logging_mixin.py:188} INFO - [2026-02-28T12:08:38.229+0000] {dag.py:3947} INFO - Setting next_dagrun for oltp_s3_dwh to 2026-02-01 00:00:00+00:00, run_after=2026-03-01 00:00:00+00:00
[2026-02-28T12:08:38.251+0000] {processor.py:183} INFO - Processing /opt/airflow/dags/oltp_s3_dwh.py took 0.366 seconds
[2026-02-28T12:09:08.807+0000] {processor.py:161} INFO - Started process (PID=11051) to work on /opt/airflow/dags/oltp_s3_dwh.py
[2026-02-28T12:09:08.808+0000] {processor.py:830} INFO - Processing file /opt/airflow/dags/oltp_s3_dwh.py for tasks to queue
[2026-02-28T12:09:08.810+0000] {logging_mixin.py:188} INFO - [2026-02-28T12:09:08.810+0000] {dagbag.py:545} INFO - Filling up the DagBag from /opt/airflow/dags/oltp_s3_dwh.py
[2026-02-28T12:09:09.109+0000] {processor.py:840} INFO - DAG(s) 'oltp_s3_dwh' retrieved from /opt/airflow/dags/oltp_s3_dwh.py
[2026-02-28T12:09:09.138+0000] {logging_mixin.py:188} INFO - [2026-02-28T12:09:09.137+0000] {dag.py:3089} INFO - Sync 1 DAGs
[2026-02-28T12:09:09.162+0000] {logging_mixin.py:188} INFO - [2026-02-28T12:09:09.162+0000] {dag.py:3947} INFO - Setting next_dagrun for oltp_s3_dwh to 2026-02-01 00:00:00+00:00, run_after=2026-03-01 00:00:00+00:00
[2026-02-28T12:09:09.181+0000] {processor.py:183} INFO - Processing /opt/airflow/dags/oltp_s3_dwh.py took 0.379 seconds
[2026-02-28T12:09:39.823+0000] {processor.py:161} INFO - Started process (PID=11080) to work on /opt/airflow/dags/oltp_s3_dwh.py
[2026-02-28T12:09:39.824+0000] {processor.py:830} INFO - Processing file /opt/airflow/dags/oltp_s3_dwh.py for tasks to queue
[2026-02-28T12:09:39.826+0000] {logging_mixin.py:188} INFO - [2026-02-28T12:09:39.826+0000] {dagbag.py:545} INFO - Filling up the DagBag from /opt/airflow/dags/oltp_s3_dwh.py
[2026-02-28T12:09:40.111+0000] {processor.py:840} INFO - DAG(s) 'oltp_s3_dwh' retrieved from /opt/airflow/dags/oltp_s3_dwh.py
[2026-02-28T12:09:40.137+0000] {logging_mixin.py:188} INFO - [2026-02-28T12:09:40.136+0000] {dag.py:3089} INFO - Sync 1 DAGs
[2026-02-28T12:09:40.158+0000] {logging_mixin.py:188} INFO - [2026-02-28T12:09:40.157+0000] {dag.py:3947} INFO - Setting next_dagrun for oltp_s3_dwh to 2026-02-01 00:00:00+00:00, run_after=2026-03-01 00:00:00+00:00
[2026-02-28T12:09:40.187+0000] {processor.py:183} INFO - Processing /opt/airflow/dags/oltp_s3_dwh.py took 0.370 seconds
[2026-02-28T12:10:10.597+0000] {processor.py:161} INFO - Started process (PID=11118) to work on /opt/airflow/dags/oltp_s3_dwh.py
[2026-02-28T12:10:10.598+0000] {processor.py:830} INFO - Processing file /opt/airflow/dags/oltp_s3_dwh.py for tasks to queue
[2026-02-28T12:10:10.600+0000] {logging_mixin.py:188} INFO - [2026-02-28T12:10:10.600+0000] {dagbag.py:545} INFO - Filling up the DagBag from /opt/airflow/dags/oltp_s3_dwh.py
[2026-02-28T12:10:10.892+0000] {processor.py:840} INFO - DAG(s) 'oltp_s3_dwh' retrieved from /opt/airflow/dags/oltp_s3_dwh.py
[2026-02-28T12:10:10.919+0000] {logging_mixin.py:188} INFO - [2026-02-28T12:10:10.919+0000] {dag.py:3089} INFO - Sync 1 DAGs
[2026-02-28T12:10:10.942+0000] {logging_mixin.py:188} INFO - [2026-02-28T12:10:10.942+0000] {dag.py:3947} INFO - Setting next_dagrun for oltp_s3_dwh to 2026-02-01 00:00:00+00:00, run_after=2026-03-01 00:00:00+00:00
[2026-02-28T12:10:10.967+0000] {processor.py:183} INFO - Processing /opt/airflow/dags/oltp_s3_dwh.py took 0.377 seconds
[2026-02-28T12:10:41.508+0000] {processor.py:161} INFO - Started process (PID=11150) to work on /opt/airflow/dags/oltp_s3_dwh.py
[2026-02-28T12:10:41.510+0000] {processor.py:830} INFO - Processing file /opt/airflow/dags/oltp_s3_dwh.py for tasks to queue
[2026-02-28T12:10:41.513+0000] {logging_mixin.py:188} INFO - [2026-02-28T12:10:41.512+0000] {dagbag.py:545} INFO - Filling up the DagBag from /opt/airflow/dags/oltp_s3_dwh.py
[2026-02-28T12:10:41.845+0000] {processor.py:840} INFO - DAG(s) 'oltp_s3_dwh' retrieved from /opt/airflow/dags/oltp_s3_dwh.py
[2026-02-28T12:10:41.870+0000] {logging_mixin.py:188} INFO - [2026-02-28T12:10:41.870+0000] {dag.py:3089} INFO - Sync 1 DAGs
[2026-02-28T12:10:41.891+0000] {logging_mixin.py:188} INFO - [2026-02-28T12:10:41.891+0000] {dag.py:3947} INFO - Setting next_dagrun for oltp_s3_dwh to 2026-02-01 00:00:00+00:00, run_after=2026-03-01 00:00:00+00:00
[2026-02-28T12:10:41.914+0000] {processor.py:183} INFO - Processing /opt/airflow/dags/oltp_s3_dwh.py took 0.416 seconds
[2026-02-28T12:11:12.066+0000] {processor.py:161} INFO - Started process (PID=11180) to work on /opt/airflow/dags/oltp_s3_dwh.py
[2026-02-28T12:11:12.067+0000] {processor.py:830} INFO - Processing file /opt/airflow/dags/oltp_s3_dwh.py for tasks to queue
[2026-02-28T12:11:12.069+0000] {logging_mixin.py:188} INFO - [2026-02-28T12:11:12.069+0000] {dagbag.py:545} INFO - Filling up the DagBag from /opt/airflow/dags/oltp_s3_dwh.py
[2026-02-28T12:11:12.351+0000] {processor.py:840} INFO - DAG(s) 'oltp_s3_dwh' retrieved from /opt/airflow/dags/oltp_s3_dwh.py
[2026-02-28T12:11:12.379+0000] {logging_mixin.py:188} INFO - [2026-02-28T12:11:12.378+0000] {dag.py:3089} INFO - Sync 1 DAGs
[2026-02-28T12:11:12.403+0000] {logging_mixin.py:188} INFO - [2026-02-28T12:11:12.403+0000] {dag.py:3947} INFO - Setting next_dagrun for oltp_s3_dwh to 2026-02-01 00:00:00+00:00, run_after=2026-03-01 00:00:00+00:00
[2026-02-28T12:11:12.424+0000] {processor.py:183} INFO - Processing /opt/airflow/dags/oltp_s3_dwh.py took 0.364 seconds
[2026-02-28T12:11:42.614+0000] {processor.py:161} INFO - Started process (PID=11218) to work on /opt/airflow/dags/oltp_s3_dwh.py
[2026-02-28T12:11:42.616+0000] {processor.py:830} INFO - Processing file /opt/airflow/dags/oltp_s3_dwh.py for tasks to queue
[2026-02-28T12:11:42.618+0000] {logging_mixin.py:188} INFO - [2026-02-28T12:11:42.618+0000] {dagbag.py:545} INFO - Filling up the DagBag from /opt/airflow/dags/oltp_s3_dwh.py
[2026-02-28T12:11:42.899+0000] {processor.py:840} INFO - DAG(s) 'oltp_s3_dwh' retrieved from /opt/airflow/dags/oltp_s3_dwh.py
[2026-02-28T12:11:42.925+0000] {logging_mixin.py:188} INFO - [2026-02-28T12:11:42.924+0000] {dag.py:3089} INFO - Sync 1 DAGs
[2026-02-28T12:11:42.947+0000] {logging_mixin.py:188} INFO - [2026-02-28T12:11:42.946+0000] {dag.py:3947} INFO - Setting next_dagrun for oltp_s3_dwh to 2026-02-01 00:00:00+00:00, run_after=2026-03-01 00:00:00+00:00
[2026-02-28T12:11:42.968+0000] {processor.py:183} INFO - Processing /opt/airflow/dags/oltp_s3_dwh.py took 0.360 seconds
[2026-02-28T12:12:13.370+0000] {processor.py:161} INFO - Started process (PID=11249) to work on /opt/airflow/dags/oltp_s3_dwh.py
[2026-02-28T12:12:13.372+0000] {processor.py:830} INFO - Processing file /opt/airflow/dags/oltp_s3_dwh.py for tasks to queue
[2026-02-28T12:12:13.374+0000] {logging_mixin.py:188} INFO - [2026-02-28T12:12:13.374+0000] {dagbag.py:545} INFO - Filling up the DagBag from /opt/airflow/dags/oltp_s3_dwh.py
[2026-02-28T12:12:13.685+0000] {processor.py:840} INFO - DAG(s) 'oltp_s3_dwh' retrieved from /opt/airflow/dags/oltp_s3_dwh.py
[2026-02-28T12:12:13.714+0000] {logging_mixin.py:188} INFO - [2026-02-28T12:12:13.714+0000] {dag.py:3089} INFO - Sync 1 DAGs
[2026-02-28T12:12:13.740+0000] {logging_mixin.py:188} INFO - [2026-02-28T12:12:13.739+0000] {dag.py:3947} INFO - Setting next_dagrun for oltp_s3_dwh to 2026-02-01 00:00:00+00:00, run_after=2026-03-01 00:00:00+00:00
[2026-02-28T12:12:13.765+0000] {processor.py:183} INFO - Processing /opt/airflow/dags/oltp_s3_dwh.py took 0.401 seconds
[2026-02-28T12:12:44.346+0000] {processor.py:161} INFO - Started process (PID=11287) to work on /opt/airflow/dags/oltp_s3_dwh.py
[2026-02-28T12:12:44.347+0000] {processor.py:830} INFO - Processing file /opt/airflow/dags/oltp_s3_dwh.py for tasks to queue
[2026-02-28T12:12:44.349+0000] {logging_mixin.py:188} INFO - [2026-02-28T12:12:44.349+0000] {dagbag.py:545} INFO - Filling up the DagBag from /opt/airflow/dags/oltp_s3_dwh.py
[2026-02-28T12:12:44.664+0000] {processor.py:840} INFO - DAG(s) 'oltp_s3_dwh' retrieved from /opt/airflow/dags/oltp_s3_dwh.py
[2026-02-28T12:12:44.692+0000] {logging_mixin.py:188} INFO - [2026-02-28T12:12:44.692+0000] {dag.py:3089} INFO - Sync 1 DAGs
[2026-02-28T12:12:44.715+0000] {logging_mixin.py:188} INFO - [2026-02-28T12:12:44.714+0000] {dag.py:3947} INFO - Setting next_dagrun for oltp_s3_dwh to 2026-02-01 00:00:00+00:00, run_after=2026-03-01 00:00:00+00:00
[2026-02-28T12:12:44.735+0000] {processor.py:183} INFO - Processing /opt/airflow/dags/oltp_s3_dwh.py took 0.395 seconds
[2026-02-28T12:13:15.139+0000] {processor.py:161} INFO - Started process (PID=11318) to work on /opt/airflow/dags/oltp_s3_dwh.py
[2026-02-28T12:13:15.140+0000] {processor.py:830} INFO - Processing file /opt/airflow/dags/oltp_s3_dwh.py for tasks to queue
[2026-02-28T12:13:15.142+0000] {logging_mixin.py:188} INFO - [2026-02-28T12:13:15.142+0000] {dagbag.py:545} INFO - Filling up the DagBag from /opt/airflow/dags/oltp_s3_dwh.py
[2026-02-28T12:13:15.431+0000] {processor.py:840} INFO - DAG(s) 'oltp_s3_dwh' retrieved from /opt/airflow/dags/oltp_s3_dwh.py
[2026-02-28T12:13:15.458+0000] {logging_mixin.py:188} INFO - [2026-02-28T12:13:15.458+0000] {dag.py:3089} INFO - Sync 1 DAGs
[2026-02-28T12:13:15.480+0000] {logging_mixin.py:188} INFO - [2026-02-28T12:13:15.479+0000] {dag.py:3947} INFO - Setting next_dagrun for oltp_s3_dwh to 2026-02-01 00:00:00+00:00, run_after=2026-03-01 00:00:00+00:00
[2026-02-28T12:13:15.499+0000] {processor.py:183} INFO - Processing /opt/airflow/dags/oltp_s3_dwh.py took 0.366 seconds
[2026-02-28T12:13:46.064+0000] {processor.py:161} INFO - Started process (PID=11349) to work on /opt/airflow/dags/oltp_s3_dwh.py
[2026-02-28T12:13:46.065+0000] {processor.py:830} INFO - Processing file /opt/airflow/dags/oltp_s3_dwh.py for tasks to queue
[2026-02-28T12:13:46.067+0000] {logging_mixin.py:188} INFO - [2026-02-28T12:13:46.067+0000] {dagbag.py:545} INFO - Filling up the DagBag from /opt/airflow/dags/oltp_s3_dwh.py
[2026-02-28T12:13:46.349+0000] {processor.py:840} INFO - DAG(s) 'oltp_s3_dwh' retrieved from /opt/airflow/dags/oltp_s3_dwh.py
[2026-02-28T12:13:46.376+0000] {logging_mixin.py:188} INFO - [2026-02-28T12:13:46.376+0000] {dag.py:3089} INFO - Sync 1 DAGs
[2026-02-28T12:13:46.397+0000] {logging_mixin.py:188} INFO - [2026-02-28T12:13:46.397+0000] {dag.py:3947} INFO - Setting next_dagrun for oltp_s3_dwh to 2026-02-01 00:00:00+00:00, run_after=2026-03-01 00:00:00+00:00
[2026-02-28T12:13:46.419+0000] {processor.py:183} INFO - Processing /opt/airflow/dags/oltp_s3_dwh.py took 0.361 seconds
[2026-02-28T12:14:16.852+0000] {processor.py:161} INFO - Started process (PID=11387) to work on /opt/airflow/dags/oltp_s3_dwh.py
[2026-02-28T12:14:16.853+0000] {processor.py:830} INFO - Processing file /opt/airflow/dags/oltp_s3_dwh.py for tasks to queue
[2026-02-28T12:14:16.855+0000] {logging_mixin.py:188} INFO - [2026-02-28T12:14:16.855+0000] {dagbag.py:545} INFO - Filling up the DagBag from /opt/airflow/dags/oltp_s3_dwh.py
[2026-02-28T12:14:17.135+0000] {processor.py:840} INFO - DAG(s) 'oltp_s3_dwh' retrieved from /opt/airflow/dags/oltp_s3_dwh.py
[2026-02-28T12:14:17.161+0000] {logging_mixin.py:188} INFO - [2026-02-28T12:14:17.161+0000] {dag.py:3089} INFO - Sync 1 DAGs
[2026-02-28T12:14:17.182+0000] {logging_mixin.py:188} INFO - [2026-02-28T12:14:17.181+0000] {dag.py:3947} INFO - Setting next_dagrun for oltp_s3_dwh to 2026-02-01 00:00:00+00:00, run_after=2026-03-01 00:00:00+00:00
[2026-02-28T12:14:17.203+0000] {processor.py:183} INFO - Processing /opt/airflow/dags/oltp_s3_dwh.py took 0.357 seconds
[2026-02-28T12:14:47.630+0000] {processor.py:161} INFO - Started process (PID=11419) to work on /opt/airflow/dags/oltp_s3_dwh.py
[2026-02-28T12:14:47.631+0000] {processor.py:830} INFO - Processing file /opt/airflow/dags/oltp_s3_dwh.py for tasks to queue
[2026-02-28T12:14:47.634+0000] {logging_mixin.py:188} INFO - [2026-02-28T12:14:47.633+0000] {dagbag.py:545} INFO - Filling up the DagBag from /opt/airflow/dags/oltp_s3_dwh.py
[2026-02-28T12:14:47.945+0000] {processor.py:840} INFO - DAG(s) 'oltp_s3_dwh' retrieved from /opt/airflow/dags/oltp_s3_dwh.py
[2026-02-28T12:14:47.993+0000] {logging_mixin.py:188} INFO - [2026-02-28T12:14:47.992+0000] {dag.py:3089} INFO - Sync 1 DAGs
[2026-02-28T12:14:48.049+0000] {logging_mixin.py:188} INFO - [2026-02-28T12:14:48.049+0000] {dag.py:3947} INFO - Setting next_dagrun for oltp_s3_dwh to 2026-02-01 00:00:00+00:00, run_after=2026-03-01 00:00:00+00:00
[2026-02-28T12:14:48.085+0000] {processor.py:183} INFO - Processing /opt/airflow/dags/oltp_s3_dwh.py took 0.461 seconds
[2026-02-28T12:15:18.524+0000] {processor.py:161} INFO - Started process (PID=11457) to work on /opt/airflow/dags/oltp_s3_dwh.py
[2026-02-28T12:15:18.525+0000] {processor.py:830} INFO - Processing file /opt/airflow/dags/oltp_s3_dwh.py for tasks to queue
[2026-02-28T12:15:18.529+0000] {logging_mixin.py:188} INFO - [2026-02-28T12:15:18.528+0000] {dagbag.py:545} INFO - Filling up the DagBag from /opt/airflow/dags/oltp_s3_dwh.py
[2026-02-28T12:15:18.872+0000] {processor.py:840} INFO - DAG(s) 'oltp_s3_dwh' retrieved from /opt/airflow/dags/oltp_s3_dwh.py
[2026-02-28T12:15:18.900+0000] {logging_mixin.py:188} INFO - [2026-02-28T12:15:18.899+0000] {dag.py:3089} INFO - Sync 1 DAGs
[2026-02-28T12:15:18.927+0000] {logging_mixin.py:188} INFO - [2026-02-28T12:15:18.927+0000] {dag.py:3947} INFO - Setting next_dagrun for oltp_s3_dwh to 2026-02-01 00:00:00+00:00, run_after=2026-03-01 00:00:00+00:00
[2026-02-28T12:15:18.950+0000] {processor.py:183} INFO - Processing /opt/airflow/dags/oltp_s3_dwh.py took 0.435 seconds
[2026-02-28T12:15:49.384+0000] {processor.py:161} INFO - Started process (PID=11489) to work on /opt/airflow/dags/oltp_s3_dwh.py
[2026-02-28T12:15:49.385+0000] {processor.py:830} INFO - Processing file /opt/airflow/dags/oltp_s3_dwh.py for tasks to queue
[2026-02-28T12:15:49.388+0000] {logging_mixin.py:188} INFO - [2026-02-28T12:15:49.388+0000] {dagbag.py:545} INFO - Filling up the DagBag from /opt/airflow/dags/oltp_s3_dwh.py
[2026-02-28T12:15:49.698+0000] {processor.py:840} INFO - DAG(s) 'oltp_s3_dwh' retrieved from /opt/airflow/dags/oltp_s3_dwh.py
[2026-02-28T12:15:49.726+0000] {logging_mixin.py:188} INFO - [2026-02-28T12:15:49.726+0000] {dag.py:3089} INFO - Sync 1 DAGs
[2026-02-28T12:15:49.748+0000] {logging_mixin.py:188} INFO - [2026-02-28T12:15:49.748+0000] {dag.py:3947} INFO - Setting next_dagrun for oltp_s3_dwh to 2026-02-01 00:00:00+00:00, run_after=2026-03-01 00:00:00+00:00
[2026-02-28T12:15:49.771+0000] {processor.py:183} INFO - Processing /opt/airflow/dags/oltp_s3_dwh.py took 0.394 seconds
[2026-02-28T12:16:20.331+0000] {processor.py:161} INFO - Started process (PID=11529) to work on /opt/airflow/dags/oltp_s3_dwh.py
[2026-02-28T12:16:20.332+0000] {processor.py:830} INFO - Processing file /opt/airflow/dags/oltp_s3_dwh.py for tasks to queue
[2026-02-28T12:16:20.334+0000] {logging_mixin.py:188} INFO - [2026-02-28T12:16:20.334+0000] {dagbag.py:545} INFO - Filling up the DagBag from /opt/airflow/dags/oltp_s3_dwh.py
[2026-02-28T12:16:20.619+0000] {processor.py:840} INFO - DAG(s) 'oltp_s3_dwh' retrieved from /opt/airflow/dags/oltp_s3_dwh.py
[2026-02-28T12:16:20.643+0000] {logging_mixin.py:188} INFO - [2026-02-28T12:16:20.643+0000] {dag.py:3089} INFO - Sync 1 DAGs
[2026-02-28T12:16:20.665+0000] {logging_mixin.py:188} INFO - [2026-02-28T12:16:20.665+0000] {dag.py:3947} INFO - Setting next_dagrun for oltp_s3_dwh to 2026-02-01 00:00:00+00:00, run_after=2026-03-01 00:00:00+00:00
[2026-02-28T12:16:20.687+0000] {processor.py:183} INFO - Processing /opt/airflow/dags/oltp_s3_dwh.py took 0.362 seconds
[2026-02-28T12:16:51.173+0000] {processor.py:161} INFO - Started process (PID=11560) to work on /opt/airflow/dags/oltp_s3_dwh.py
[2026-02-28T12:16:51.174+0000] {processor.py:830} INFO - Processing file /opt/airflow/dags/oltp_s3_dwh.py for tasks to queue
[2026-02-28T12:16:51.177+0000] {logging_mixin.py:188} INFO - [2026-02-28T12:16:51.176+0000] {dagbag.py:545} INFO - Filling up the DagBag from /opt/airflow/dags/oltp_s3_dwh.py
[2026-02-28T12:16:51.474+0000] {processor.py:840} INFO - DAG(s) 'oltp_s3_dwh' retrieved from /opt/airflow/dags/oltp_s3_dwh.py
[2026-02-28T12:16:51.508+0000] {logging_mixin.py:188} INFO - [2026-02-28T12:16:51.508+0000] {dag.py:3089} INFO - Sync 1 DAGs
[2026-02-28T12:16:51.534+0000] {logging_mixin.py:188} INFO - [2026-02-28T12:16:51.533+0000] {dag.py:3947} INFO - Setting next_dagrun for oltp_s3_dwh to 2026-02-01 00:00:00+00:00, run_after=2026-03-01 00:00:00+00:00
[2026-02-28T12:16:51.564+0000] {processor.py:183} INFO - Processing /opt/airflow/dags/oltp_s3_dwh.py took 0.398 seconds
[2026-02-28T12:17:22.160+0000] {processor.py:161} INFO - Started process (PID=11591) to work on /opt/airflow/dags/oltp_s3_dwh.py
[2026-02-28T12:17:22.161+0000] {processor.py:830} INFO - Processing file /opt/airflow/dags/oltp_s3_dwh.py for tasks to queue
[2026-02-28T12:17:22.163+0000] {logging_mixin.py:188} INFO - [2026-02-28T12:17:22.163+0000] {dagbag.py:545} INFO - Filling up the DagBag from /opt/airflow/dags/oltp_s3_dwh.py
[2026-02-28T12:17:22.453+0000] {processor.py:840} INFO - DAG(s) 'oltp_s3_dwh' retrieved from /opt/airflow/dags/oltp_s3_dwh.py
[2026-02-28T12:17:22.478+0000] {logging_mixin.py:188} INFO - [2026-02-28T12:17:22.478+0000] {dag.py:3089} INFO - Sync 1 DAGs
[2026-02-28T12:17:22.499+0000] {logging_mixin.py:188} INFO - [2026-02-28T12:17:22.499+0000] {dag.py:3947} INFO - Setting next_dagrun for oltp_s3_dwh to 2026-02-01 00:00:00+00:00, run_after=2026-03-01 00:00:00+00:00
[2026-02-28T12:17:22.517+0000] {processor.py:183} INFO - Processing /opt/airflow/dags/oltp_s3_dwh.py took 0.364 seconds
[2026-02-28T12:17:53.059+0000] {processor.py:161} INFO - Started process (PID=11629) to work on /opt/airflow/dags/oltp_s3_dwh.py
[2026-02-28T12:17:53.061+0000] {processor.py:830} INFO - Processing file /opt/airflow/dags/oltp_s3_dwh.py for tasks to queue
[2026-02-28T12:17:53.063+0000] {logging_mixin.py:188} INFO - [2026-02-28T12:17:53.062+0000] {dagbag.py:545} INFO - Filling up the DagBag from /opt/airflow/dags/oltp_s3_dwh.py
[2026-02-28T12:17:53.384+0000] {processor.py:840} INFO - DAG(s) 'oltp_s3_dwh' retrieved from /opt/airflow/dags/oltp_s3_dwh.py
[2026-02-28T12:17:53.410+0000] {logging_mixin.py:188} INFO - [2026-02-28T12:17:53.409+0000] {dag.py:3089} INFO - Sync 1 DAGs
[2026-02-28T12:17:53.431+0000] {logging_mixin.py:188} INFO - [2026-02-28T12:17:53.430+0000] {dag.py:3947} INFO - Setting next_dagrun for oltp_s3_dwh to 2026-02-01 00:00:00+00:00, run_after=2026-03-01 00:00:00+00:00
[2026-02-28T12:17:53.451+0000] {processor.py:183} INFO - Processing /opt/airflow/dags/oltp_s3_dwh.py took 0.398 seconds
[2026-02-28T12:18:23.874+0000] {processor.py:161} INFO - Started process (PID=11661) to work on /opt/airflow/dags/oltp_s3_dwh.py
[2026-02-28T12:18:23.875+0000] {processor.py:830} INFO - Processing file /opt/airflow/dags/oltp_s3_dwh.py for tasks to queue
[2026-02-28T12:18:23.877+0000] {logging_mixin.py:188} INFO - [2026-02-28T12:18:23.877+0000] {dagbag.py:545} INFO - Filling up the DagBag from /opt/airflow/dags/oltp_s3_dwh.py
[2026-02-28T12:18:24.179+0000] {processor.py:840} INFO - DAG(s) 'oltp_s3_dwh' retrieved from /opt/airflow/dags/oltp_s3_dwh.py
[2026-02-28T12:18:24.206+0000] {logging_mixin.py:188} INFO - [2026-02-28T12:18:24.206+0000] {dag.py:3089} INFO - Sync 1 DAGs
[2026-02-28T12:18:24.229+0000] {logging_mixin.py:188} INFO - [2026-02-28T12:18:24.228+0000] {dag.py:3947} INFO - Setting next_dagrun for oltp_s3_dwh to 2026-02-01 00:00:00+00:00, run_after=2026-03-01 00:00:00+00:00
[2026-02-28T12:18:24.252+0000] {processor.py:183} INFO - Processing /opt/airflow/dags/oltp_s3_dwh.py took 0.384 seconds
[2026-02-28T12:18:54.745+0000] {processor.py:161} INFO - Started process (PID=11699) to work on /opt/airflow/dags/oltp_s3_dwh.py
[2026-02-28T12:18:54.747+0000] {processor.py:830} INFO - Processing file /opt/airflow/dags/oltp_s3_dwh.py for tasks to queue
[2026-02-28T12:18:54.750+0000] {logging_mixin.py:188} INFO - [2026-02-28T12:18:54.750+0000] {dagbag.py:545} INFO - Filling up the DagBag from /opt/airflow/dags/oltp_s3_dwh.py
[2026-02-28T12:18:55.075+0000] {processor.py:840} INFO - DAG(s) 'oltp_s3_dwh' retrieved from /opt/airflow/dags/oltp_s3_dwh.py
[2026-02-28T12:18:55.101+0000] {logging_mixin.py:188} INFO - [2026-02-28T12:18:55.100+0000] {dag.py:3089} INFO - Sync 1 DAGs
[2026-02-28T12:18:55.123+0000] {logging_mixin.py:188} INFO - [2026-02-28T12:18:55.123+0000] {dag.py:3947} INFO - Setting next_dagrun for oltp_s3_dwh to 2026-02-01 00:00:00+00:00, run_after=2026-03-01 00:00:00+00:00
[2026-02-28T12:18:55.147+0000] {processor.py:183} INFO - Processing /opt/airflow/dags/oltp_s3_dwh.py took 0.412 seconds
[2026-02-28T12:19:25.599+0000] {processor.py:161} INFO - Started process (PID=11730) to work on /opt/airflow/dags/oltp_s3_dwh.py
[2026-02-28T12:19:25.601+0000] {processor.py:830} INFO - Processing file /opt/airflow/dags/oltp_s3_dwh.py for tasks to queue
[2026-02-28T12:19:25.603+0000] {logging_mixin.py:188} INFO - [2026-02-28T12:19:25.602+0000] {dagbag.py:545} INFO - Filling up the DagBag from /opt/airflow/dags/oltp_s3_dwh.py
[2026-02-28T12:19:25.910+0000] {processor.py:840} INFO - DAG(s) 'oltp_s3_dwh' retrieved from /opt/airflow/dags/oltp_s3_dwh.py
[2026-02-28T12:19:25.941+0000] {logging_mixin.py:188} INFO - [2026-02-28T12:19:25.940+0000] {dag.py:3089} INFO - Sync 1 DAGs
[2026-02-28T12:19:25.963+0000] {logging_mixin.py:188} INFO - [2026-02-28T12:19:25.963+0000] {dag.py:3947} INFO - Setting next_dagrun for oltp_s3_dwh to 2026-02-01 00:00:00+00:00, run_after=2026-03-01 00:00:00+00:00
[2026-02-28T12:19:25.984+0000] {processor.py:183} INFO - Processing /opt/airflow/dags/oltp_s3_dwh.py took 0.391 seconds
[2026-02-28T12:19:56.660+0000] {processor.py:161} INFO - Started process (PID=11761) to work on /opt/airflow/dags/oltp_s3_dwh.py
[2026-02-28T12:19:56.661+0000] {processor.py:830} INFO - Processing file /opt/airflow/dags/oltp_s3_dwh.py for tasks to queue
[2026-02-28T12:19:56.664+0000] {logging_mixin.py:188} INFO - [2026-02-28T12:19:56.663+0000] {dagbag.py:545} INFO - Filling up the DagBag from /opt/airflow/dags/oltp_s3_dwh.py
[2026-02-28T12:19:56.998+0000] {processor.py:840} INFO - DAG(s) 'oltp_s3_dwh' retrieved from /opt/airflow/dags/oltp_s3_dwh.py
[2026-02-28T12:19:57.024+0000] {logging_mixin.py:188} INFO - [2026-02-28T12:19:57.024+0000] {dag.py:3089} INFO - Sync 1 DAGs
[2026-02-28T12:19:57.046+0000] {logging_mixin.py:188} INFO - [2026-02-28T12:19:57.046+0000] {dag.py:3947} INFO - Setting next_dagrun for oltp_s3_dwh to 2026-02-01 00:00:00+00:00, run_after=2026-03-01 00:00:00+00:00
[2026-02-28T12:19:57.071+0000] {processor.py:183} INFO - Processing /opt/airflow/dags/oltp_s3_dwh.py took 0.417 seconds
[2026-02-28T12:20:27.527+0000] {processor.py:161} INFO - Started process (PID=11798) to work on /opt/airflow/dags/oltp_s3_dwh.py
[2026-02-28T12:20:27.528+0000] {processor.py:830} INFO - Processing file /opt/airflow/dags/oltp_s3_dwh.py for tasks to queue
[2026-02-28T12:20:27.530+0000] {logging_mixin.py:188} INFO - [2026-02-28T12:20:27.530+0000] {dagbag.py:545} INFO - Filling up the DagBag from /opt/airflow/dags/oltp_s3_dwh.py
[2026-02-28T12:20:27.832+0000] {processor.py:840} INFO - DAG(s) 'oltp_s3_dwh' retrieved from /opt/airflow/dags/oltp_s3_dwh.py
[2026-02-28T12:20:27.867+0000] {logging_mixin.py:188} INFO - [2026-02-28T12:20:27.866+0000] {dag.py:3089} INFO - Sync 1 DAGs
[2026-02-28T12:20:27.889+0000] {logging_mixin.py:188} INFO - [2026-02-28T12:20:27.889+0000] {dag.py:3947} INFO - Setting next_dagrun for oltp_s3_dwh to 2026-02-01 00:00:00+00:00, run_after=2026-03-01 00:00:00+00:00
[2026-02-28T12:20:27.909+0000] {processor.py:183} INFO - Processing /opt/airflow/dags/oltp_s3_dwh.py took 0.388 seconds
[2026-02-28T12:20:58.383+0000] {processor.py:161} INFO - Started process (PID=11829) to work on /opt/airflow/dags/oltp_s3_dwh.py
[2026-02-28T12:20:58.384+0000] {processor.py:830} INFO - Processing file /opt/airflow/dags/oltp_s3_dwh.py for tasks to queue
[2026-02-28T12:20:58.386+0000] {logging_mixin.py:188} INFO - [2026-02-28T12:20:58.385+0000] {dagbag.py:545} INFO - Filling up the DagBag from /opt/airflow/dags/oltp_s3_dwh.py
[2026-02-28T12:20:58.689+0000] {processor.py:840} INFO - DAG(s) 'oltp_s3_dwh' retrieved from /opt/airflow/dags/oltp_s3_dwh.py
[2026-02-28T12:20:58.716+0000] {logging_mixin.py:188} INFO - [2026-02-28T12:20:58.715+0000] {dag.py:3089} INFO - Sync 1 DAGs
[2026-02-28T12:20:58.738+0000] {logging_mixin.py:188} INFO - [2026-02-28T12:20:58.738+0000] {dag.py:3947} INFO - Setting next_dagrun for oltp_s3_dwh to 2026-02-01 00:00:00+00:00, run_after=2026-03-01 00:00:00+00:00
[2026-02-28T12:20:58.776+0000] {processor.py:183} INFO - Processing /opt/airflow/dags/oltp_s3_dwh.py took 0.399 seconds
[2026-02-28T12:21:28.871+0000] {processor.py:161} INFO - Started process (PID=11868) to work on /opt/airflow/dags/oltp_s3_dwh.py
[2026-02-28T12:21:28.872+0000] {processor.py:830} INFO - Processing file /opt/airflow/dags/oltp_s3_dwh.py for tasks to queue
[2026-02-28T12:21:28.874+0000] {logging_mixin.py:188} INFO - [2026-02-28T12:21:28.874+0000] {dagbag.py:545} INFO - Filling up the DagBag from /opt/airflow/dags/oltp_s3_dwh.py
[2026-02-28T12:21:29.173+0000] {processor.py:840} INFO - DAG(s) 'oltp_s3_dwh' retrieved from /opt/airflow/dags/oltp_s3_dwh.py
[2026-02-28T12:21:29.200+0000] {logging_mixin.py:188} INFO - [2026-02-28T12:21:29.200+0000] {dag.py:3089} INFO - Sync 1 DAGs
[2026-02-28T12:21:29.224+0000] {logging_mixin.py:188} INFO - [2026-02-28T12:21:29.224+0000] {dag.py:3947} INFO - Setting next_dagrun for oltp_s3_dwh to 2026-02-01 00:00:00+00:00, run_after=2026-03-01 00:00:00+00:00
[2026-02-28T12:21:29.243+0000] {processor.py:183} INFO - Processing /opt/airflow/dags/oltp_s3_dwh.py took 0.379 seconds
[2026-02-28T12:22:00.085+0000] {processor.py:161} INFO - Started process (PID=11899) to work on /opt/airflow/dags/oltp_s3_dwh.py
[2026-02-28T12:22:00.086+0000] {processor.py:830} INFO - Processing file /opt/airflow/dags/oltp_s3_dwh.py for tasks to queue
[2026-02-28T12:22:00.088+0000] {logging_mixin.py:188} INFO - [2026-02-28T12:22:00.088+0000] {dagbag.py:545} INFO - Filling up the DagBag from /opt/airflow/dags/oltp_s3_dwh.py
[2026-02-28T12:22:00.373+0000] {processor.py:840} INFO - DAG(s) 'oltp_s3_dwh' retrieved from /opt/airflow/dags/oltp_s3_dwh.py
[2026-02-28T12:22:00.399+0000] {logging_mixin.py:188} INFO - [2026-02-28T12:22:00.398+0000] {dag.py:3089} INFO - Sync 1 DAGs
[2026-02-28T12:22:00.420+0000] {logging_mixin.py:188} INFO - [2026-02-28T12:22:00.420+0000] {dag.py:3947} INFO - Setting next_dagrun for oltp_s3_dwh to 2026-02-01 00:00:00+00:00, run_after=2026-03-01 00:00:00+00:00
[2026-02-28T12:22:00.442+0000] {processor.py:183} INFO - Processing /opt/airflow/dags/oltp_s3_dwh.py took 0.364 seconds
[2026-02-28T12:22:31.070+0000] {processor.py:161} INFO - Started process (PID=11936) to work on /opt/airflow/dags/oltp_s3_dwh.py
[2026-02-28T12:22:31.071+0000] {processor.py:830} INFO - Processing file /opt/airflow/dags/oltp_s3_dwh.py for tasks to queue
[2026-02-28T12:22:31.073+0000] {logging_mixin.py:188} INFO - [2026-02-28T12:22:31.073+0000] {dagbag.py:545} INFO - Filling up the DagBag from /opt/airflow/dags/oltp_s3_dwh.py
[2026-02-28T12:22:31.357+0000] {processor.py:840} INFO - DAG(s) 'oltp_s3_dwh' retrieved from /opt/airflow/dags/oltp_s3_dwh.py
[2026-02-28T12:22:31.382+0000] {logging_mixin.py:188} INFO - [2026-02-28T12:22:31.382+0000] {dag.py:3089} INFO - Sync 1 DAGs
[2026-02-28T12:22:31.402+0000] {logging_mixin.py:188} INFO - [2026-02-28T12:22:31.402+0000] {dag.py:3947} INFO - Setting next_dagrun for oltp_s3_dwh to 2026-02-01 00:00:00+00:00, run_after=2026-03-01 00:00:00+00:00
[2026-02-28T12:22:31.424+0000] {processor.py:183} INFO - Processing /opt/airflow/dags/oltp_s3_dwh.py took 0.359 seconds
[2026-02-28T12:23:01.958+0000] {processor.py:161} INFO - Started process (PID=11969) to work on /opt/airflow/dags/oltp_s3_dwh.py
[2026-02-28T12:23:01.960+0000] {processor.py:830} INFO - Processing file /opt/airflow/dags/oltp_s3_dwh.py for tasks to queue
[2026-02-28T12:23:01.962+0000] {logging_mixin.py:188} INFO - [2026-02-28T12:23:01.962+0000] {dagbag.py:545} INFO - Filling up the DagBag from /opt/airflow/dags/oltp_s3_dwh.py
[2026-02-28T12:23:02.284+0000] {processor.py:840} INFO - DAG(s) 'oltp_s3_dwh' retrieved from /opt/airflow/dags/oltp_s3_dwh.py
[2026-02-28T12:23:02.308+0000] {logging_mixin.py:188} INFO - [2026-02-28T12:23:02.308+0000] {dag.py:3089} INFO - Sync 1 DAGs
[2026-02-28T12:23:02.330+0000] {logging_mixin.py:188} INFO - [2026-02-28T12:23:02.330+0000] {dag.py:3947} INFO - Setting next_dagrun for oltp_s3_dwh to 2026-02-01 00:00:00+00:00, run_after=2026-03-01 00:00:00+00:00
[2026-02-28T12:23:02.350+0000] {processor.py:183} INFO - Processing /opt/airflow/dags/oltp_s3_dwh.py took 0.399 seconds
[2026-02-28T12:23:32.862+0000] {processor.py:161} INFO - Started process (PID=12000) to work on /opt/airflow/dags/oltp_s3_dwh.py
[2026-02-28T12:23:32.865+0000] {processor.py:830} INFO - Processing file /opt/airflow/dags/oltp_s3_dwh.py for tasks to queue
[2026-02-28T12:23:32.870+0000] {logging_mixin.py:188} INFO - [2026-02-28T12:23:32.870+0000] {dagbag.py:545} INFO - Filling up the DagBag from /opt/airflow/dags/oltp_s3_dwh.py
[2026-02-28T12:23:33.171+0000] {processor.py:840} INFO - DAG(s) 'oltp_s3_dwh' retrieved from /opt/airflow/dags/oltp_s3_dwh.py
[2026-02-28T12:23:33.200+0000] {logging_mixin.py:188} INFO - [2026-02-28T12:23:33.199+0000] {dag.py:3089} INFO - Sync 1 DAGs
[2026-02-28T12:23:33.222+0000] {logging_mixin.py:188} INFO - [2026-02-28T12:23:33.222+0000] {dag.py:3947} INFO - Setting next_dagrun for oltp_s3_dwh to 2026-02-01 00:00:00+00:00, run_after=2026-03-01 00:00:00+00:00
[2026-02-28T12:23:33.472+0000] {processor.py:183} INFO - Processing /opt/airflow/dags/oltp_s3_dwh.py took 0.504 seconds
[2026-02-28T12:24:04.380+0000] {processor.py:161} INFO - Started process (PID=12039) to work on /opt/airflow/dags/oltp_s3_dwh.py
[2026-02-28T12:24:04.382+0000] {processor.py:830} INFO - Processing file /opt/airflow/dags/oltp_s3_dwh.py for tasks to queue
[2026-02-28T12:24:04.384+0000] {logging_mixin.py:188} INFO - [2026-02-28T12:24:04.384+0000] {dagbag.py:545} INFO - Filling up the DagBag from /opt/airflow/dags/oltp_s3_dwh.py
[2026-02-28T12:24:04.699+0000] {processor.py:840} INFO - DAG(s) 'oltp_s3_dwh' retrieved from /opt/airflow/dags/oltp_s3_dwh.py
[2026-02-28T12:24:04.725+0000] {logging_mixin.py:188} INFO - [2026-02-28T12:24:04.725+0000] {dag.py:3089} INFO - Sync 1 DAGs
[2026-02-28T12:24:04.751+0000] {logging_mixin.py:188} INFO - [2026-02-28T12:24:04.750+0000] {dag.py:3947} INFO - Setting next_dagrun for oltp_s3_dwh to 2026-02-01 00:00:00+00:00, run_after=2026-03-01 00:00:00+00:00
[2026-02-28T12:24:04.773+0000] {processor.py:183} INFO - Processing /opt/airflow/dags/oltp_s3_dwh.py took 0.398 seconds
[2026-02-28T12:24:35.670+0000] {processor.py:161} INFO - Started process (PID=12070) to work on /opt/airflow/dags/oltp_s3_dwh.py
[2026-02-28T12:24:35.671+0000] {processor.py:830} INFO - Processing file /opt/airflow/dags/oltp_s3_dwh.py for tasks to queue
[2026-02-28T12:24:35.673+0000] {logging_mixin.py:188} INFO - [2026-02-28T12:24:35.672+0000] {dagbag.py:545} INFO - Filling up the DagBag from /opt/airflow/dags/oltp_s3_dwh.py
[2026-02-28T12:24:35.972+0000] {processor.py:840} INFO - DAG(s) 'oltp_s3_dwh' retrieved from /opt/airflow/dags/oltp_s3_dwh.py
[2026-02-28T12:24:35.999+0000] {logging_mixin.py:188} INFO - [2026-02-28T12:24:35.999+0000] {dag.py:3089} INFO - Sync 1 DAGs
[2026-02-28T12:24:36.019+0000] {logging_mixin.py:188} INFO - [2026-02-28T12:24:36.019+0000] {dag.py:3947} INFO - Setting next_dagrun for oltp_s3_dwh to 2026-02-01 00:00:00+00:00, run_after=2026-03-01 00:00:00+00:00
[2026-02-28T12:24:36.039+0000] {processor.py:183} INFO - Processing /opt/airflow/dags/oltp_s3_dwh.py took 0.375 seconds
[2026-02-28T12:25:06.142+0000] {processor.py:161} INFO - Started process (PID=12108) to work on /opt/airflow/dags/oltp_s3_dwh.py
[2026-02-28T12:25:06.144+0000] {processor.py:830} INFO - Processing file /opt/airflow/dags/oltp_s3_dwh.py for tasks to queue
[2026-02-28T12:25:06.147+0000] {logging_mixin.py:188} INFO - [2026-02-28T12:25:06.147+0000] {dagbag.py:545} INFO - Filling up the DagBag from /opt/airflow/dags/oltp_s3_dwh.py
[2026-02-28T12:25:06.555+0000] {processor.py:840} INFO - DAG(s) 'oltp_s3_dwh' retrieved from /opt/airflow/dags/oltp_s3_dwh.py
[2026-02-28T12:25:06.590+0000] {logging_mixin.py:188} INFO - [2026-02-28T12:25:06.590+0000] {dag.py:3089} INFO - Sync 1 DAGs
[2026-02-28T12:25:06.621+0000] {logging_mixin.py:188} INFO - [2026-02-28T12:25:06.621+0000] {dag.py:3947} INFO - Setting next_dagrun for oltp_s3_dwh to 2026-02-01 00:00:00+00:00, run_after=2026-03-01 00:00:00+00:00
[2026-02-28T12:25:06.651+0000] {processor.py:183} INFO - Processing /opt/airflow/dags/oltp_s3_dwh.py took 0.517 seconds
[2026-02-28T12:25:36.782+0000] {processor.py:161} INFO - Started process (PID=12139) to work on /opt/airflow/dags/oltp_s3_dwh.py
[2026-02-28T12:25:36.783+0000] {processor.py:830} INFO - Processing file /opt/airflow/dags/oltp_s3_dwh.py for tasks to queue
[2026-02-28T12:25:36.785+0000] {logging_mixin.py:188} INFO - [2026-02-28T12:25:36.785+0000] {dagbag.py:545} INFO - Filling up the DagBag from /opt/airflow/dags/oltp_s3_dwh.py
[2026-02-28T12:25:37.077+0000] {processor.py:840} INFO - DAG(s) 'oltp_s3_dwh' retrieved from /opt/airflow/dags/oltp_s3_dwh.py
[2026-02-28T12:25:37.104+0000] {logging_mixin.py:188} INFO - [2026-02-28T12:25:37.103+0000] {dag.py:3089} INFO - Sync 1 DAGs
[2026-02-28T12:25:37.124+0000] {logging_mixin.py:188} INFO - [2026-02-28T12:25:37.124+0000] {dag.py:3947} INFO - Setting next_dagrun for oltp_s3_dwh to 2026-02-01 00:00:00+00:00, run_after=2026-03-01 00:00:00+00:00
[2026-02-28T12:25:37.143+0000] {processor.py:183} INFO - Processing /opt/airflow/dags/oltp_s3_dwh.py took 0.368 seconds
[2026-02-28T12:26:07.322+0000] {processor.py:161} INFO - Started process (PID=12169) to work on /opt/airflow/dags/oltp_s3_dwh.py
[2026-02-28T12:26:07.323+0000] {processor.py:830} INFO - Processing file /opt/airflow/dags/oltp_s3_dwh.py for tasks to queue
[2026-02-28T12:26:07.325+0000] {logging_mixin.py:188} INFO - [2026-02-28T12:26:07.324+0000] {dagbag.py:545} INFO - Filling up the DagBag from /opt/airflow/dags/oltp_s3_dwh.py
[2026-02-28T12:26:07.627+0000] {processor.py:840} INFO - DAG(s) 'oltp_s3_dwh' retrieved from /opt/airflow/dags/oltp_s3_dwh.py
[2026-02-28T12:26:07.651+0000] {logging_mixin.py:188} INFO - [2026-02-28T12:26:07.651+0000] {dag.py:3089} INFO - Sync 1 DAGs
[2026-02-28T12:26:07.672+0000] {logging_mixin.py:188} INFO - [2026-02-28T12:26:07.671+0000] {dag.py:3947} INFO - Setting next_dagrun for oltp_s3_dwh to 2026-02-01 00:00:00+00:00, run_after=2026-03-01 00:00:00+00:00
[2026-02-28T12:26:07.690+0000] {processor.py:183} INFO - Processing /opt/airflow/dags/oltp_s3_dwh.py took 0.376 seconds
[2026-02-28T12:26:38.161+0000] {processor.py:161} INFO - Started process (PID=12208) to work on /opt/airflow/dags/oltp_s3_dwh.py
[2026-02-28T12:26:38.162+0000] {processor.py:830} INFO - Processing file /opt/airflow/dags/oltp_s3_dwh.py for tasks to queue
[2026-02-28T12:26:38.164+0000] {logging_mixin.py:188} INFO - [2026-02-28T12:26:38.164+0000] {dagbag.py:545} INFO - Filling up the DagBag from /opt/airflow/dags/oltp_s3_dwh.py
[2026-02-28T12:26:38.458+0000] {processor.py:840} INFO - DAG(s) 'oltp_s3_dwh' retrieved from /opt/airflow/dags/oltp_s3_dwh.py
[2026-02-28T12:26:38.482+0000] {logging_mixin.py:188} INFO - [2026-02-28T12:26:38.482+0000] {dag.py:3089} INFO - Sync 1 DAGs
[2026-02-28T12:26:38.510+0000] {logging_mixin.py:188} INFO - [2026-02-28T12:26:38.509+0000] {dag.py:3947} INFO - Setting next_dagrun for oltp_s3_dwh to 2026-02-01 00:00:00+00:00, run_after=2026-03-01 00:00:00+00:00
[2026-02-28T12:26:38.528+0000] {processor.py:183} INFO - Processing /opt/airflow/dags/oltp_s3_dwh.py took 0.374 seconds
[2026-02-28T12:27:09.045+0000] {processor.py:161} INFO - Started process (PID=12239) to work on /opt/airflow/dags/oltp_s3_dwh.py
[2026-02-28T12:27:09.046+0000] {processor.py:830} INFO - Processing file /opt/airflow/dags/oltp_s3_dwh.py for tasks to queue
[2026-02-28T12:27:09.048+0000] {logging_mixin.py:188} INFO - [2026-02-28T12:27:09.048+0000] {dagbag.py:545} INFO - Filling up the DagBag from /opt/airflow/dags/oltp_s3_dwh.py
[2026-02-28T12:27:09.342+0000] {processor.py:840} INFO - DAG(s) 'oltp_s3_dwh' retrieved from /opt/airflow/dags/oltp_s3_dwh.py
[2026-02-28T12:27:09.367+0000] {logging_mixin.py:188} INFO - [2026-02-28T12:27:09.366+0000] {dag.py:3089} INFO - Sync 1 DAGs
[2026-02-28T12:27:09.389+0000] {logging_mixin.py:188} INFO - [2026-02-28T12:27:09.389+0000] {dag.py:3947} INFO - Setting next_dagrun for oltp_s3_dwh to 2026-02-01 00:00:00+00:00, run_after=2026-03-01 00:00:00+00:00
[2026-02-28T12:27:09.413+0000] {processor.py:183} INFO - Processing /opt/airflow/dags/oltp_s3_dwh.py took 0.375 seconds
[2026-02-28T12:27:39.889+0000] {processor.py:161} INFO - Started process (PID=12277) to work on /opt/airflow/dags/oltp_s3_dwh.py
[2026-02-28T12:27:39.891+0000] {processor.py:830} INFO - Processing file /opt/airflow/dags/oltp_s3_dwh.py for tasks to queue
[2026-02-28T12:27:39.895+0000] {logging_mixin.py:188} INFO - [2026-02-28T12:27:39.895+0000] {dagbag.py:545} INFO - Filling up the DagBag from /opt/airflow/dags/oltp_s3_dwh.py
[2026-02-28T12:27:40.270+0000] {processor.py:840} INFO - DAG(s) 'oltp_s3_dwh' retrieved from /opt/airflow/dags/oltp_s3_dwh.py
[2026-02-28T12:27:40.310+0000] {logging_mixin.py:188} INFO - [2026-02-28T12:27:40.309+0000] {dag.py:3089} INFO - Sync 1 DAGs
[2026-02-28T12:27:40.337+0000] {logging_mixin.py:188} INFO - [2026-02-28T12:27:40.337+0000] {dag.py:3947} INFO - Setting next_dagrun for oltp_s3_dwh to 2026-02-01 00:00:00+00:00, run_after=2026-03-01 00:00:00+00:00
[2026-02-28T12:27:40.371+0000] {processor.py:183} INFO - Processing /opt/airflow/dags/oltp_s3_dwh.py took 0.490 seconds
[2026-02-28T12:28:10.858+0000] {processor.py:161} INFO - Started process (PID=12308) to work on /opt/airflow/dags/oltp_s3_dwh.py
[2026-02-28T12:28:10.860+0000] {processor.py:830} INFO - Processing file /opt/airflow/dags/oltp_s3_dwh.py for tasks to queue
[2026-02-28T12:28:10.864+0000] {logging_mixin.py:188} INFO - [2026-02-28T12:28:10.863+0000] {dagbag.py:545} INFO - Filling up the DagBag from /opt/airflow/dags/oltp_s3_dwh.py
[2026-02-28T12:28:11.185+0000] {processor.py:840} INFO - DAG(s) 'oltp_s3_dwh' retrieved from /opt/airflow/dags/oltp_s3_dwh.py
[2026-02-28T12:28:11.211+0000] {logging_mixin.py:188} INFO - [2026-02-28T12:28:11.211+0000] {dag.py:3089} INFO - Sync 1 DAGs
[2026-02-28T12:28:11.232+0000] {logging_mixin.py:188} INFO - [2026-02-28T12:28:11.232+0000] {dag.py:3947} INFO - Setting next_dagrun for oltp_s3_dwh to 2026-02-01 00:00:00+00:00, run_after=2026-03-01 00:00:00+00:00
[2026-02-28T12:28:11.253+0000] {processor.py:183} INFO - Processing /opt/airflow/dags/oltp_s3_dwh.py took 0.408 seconds
[2026-02-28T12:28:41.398+0000] {processor.py:161} INFO - Started process (PID=12339) to work on /opt/airflow/dags/oltp_s3_dwh.py
[2026-02-28T12:28:41.400+0000] {processor.py:830} INFO - Processing file /opt/airflow/dags/oltp_s3_dwh.py for tasks to queue
[2026-02-28T12:28:41.402+0000] {logging_mixin.py:188} INFO - [2026-02-28T12:28:41.402+0000] {dagbag.py:545} INFO - Filling up the DagBag from /opt/airflow/dags/oltp_s3_dwh.py
[2026-02-28T12:28:41.685+0000] {processor.py:840} INFO - DAG(s) 'oltp_s3_dwh' retrieved from /opt/airflow/dags/oltp_s3_dwh.py
[2026-02-28T12:28:41.716+0000] {logging_mixin.py:188} INFO - [2026-02-28T12:28:41.716+0000] {dag.py:3089} INFO - Sync 1 DAGs
[2026-02-28T12:28:41.739+0000] {logging_mixin.py:188} INFO - [2026-02-28T12:28:41.739+0000] {dag.py:3947} INFO - Setting next_dagrun for oltp_s3_dwh to 2026-02-01 00:00:00+00:00, run_after=2026-03-01 00:00:00+00:00
[2026-02-28T12:28:41.764+0000] {processor.py:183} INFO - Processing /opt/airflow/dags/oltp_s3_dwh.py took 0.372 seconds
[2026-02-28T12:29:11.958+0000] {processor.py:161} INFO - Started process (PID=12378) to work on /opt/airflow/dags/oltp_s3_dwh.py
[2026-02-28T12:29:11.959+0000] {processor.py:830} INFO - Processing file /opt/airflow/dags/oltp_s3_dwh.py for tasks to queue
[2026-02-28T12:29:11.961+0000] {logging_mixin.py:188} INFO - [2026-02-28T12:29:11.961+0000] {dagbag.py:545} INFO - Filling up the DagBag from /opt/airflow/dags/oltp_s3_dwh.py
[2026-02-28T12:29:12.287+0000] {processor.py:840} INFO - DAG(s) 'oltp_s3_dwh' retrieved from /opt/airflow/dags/oltp_s3_dwh.py
[2026-02-28T12:29:12.326+0000] {logging_mixin.py:188} INFO - [2026-02-28T12:29:12.325+0000] {dag.py:3089} INFO - Sync 1 DAGs
[2026-02-28T12:29:12.354+0000] {logging_mixin.py:188} INFO - [2026-02-28T12:29:12.354+0000] {dag.py:3947} INFO - Setting next_dagrun for oltp_s3_dwh to 2026-02-01 00:00:00+00:00, run_after=2026-03-01 00:00:00+00:00
[2026-02-28T12:29:12.386+0000] {processor.py:183} INFO - Processing /opt/airflow/dags/oltp_s3_dwh.py took 0.437 seconds
[2026-02-28T12:29:42.934+0000] {processor.py:161} INFO - Started process (PID=12409) to work on /opt/airflow/dags/oltp_s3_dwh.py
[2026-02-28T12:29:42.936+0000] {processor.py:830} INFO - Processing file /opt/airflow/dags/oltp_s3_dwh.py for tasks to queue
[2026-02-28T12:29:42.938+0000] {logging_mixin.py:188} INFO - [2026-02-28T12:29:42.937+0000] {dagbag.py:545} INFO - Filling up the DagBag from /opt/airflow/dags/oltp_s3_dwh.py
[2026-02-28T12:29:43.217+0000] {processor.py:840} INFO - DAG(s) 'oltp_s3_dwh' retrieved from /opt/airflow/dags/oltp_s3_dwh.py
[2026-02-28T12:29:43.246+0000] {logging_mixin.py:188} INFO - [2026-02-28T12:29:43.245+0000] {dag.py:3089} INFO - Sync 1 DAGs
[2026-02-28T12:29:43.268+0000] {logging_mixin.py:188} INFO - [2026-02-28T12:29:43.268+0000] {dag.py:3947} INFO - Setting next_dagrun for oltp_s3_dwh to 2026-02-01 00:00:00+00:00, run_after=2026-03-01 00:00:00+00:00
[2026-02-28T12:29:43.293+0000] {processor.py:183} INFO - Processing /opt/airflow/dags/oltp_s3_dwh.py took 0.365 seconds
[2026-02-28T12:30:13.467+0000] {processor.py:161} INFO - Started process (PID=12447) to work on /opt/airflow/dags/oltp_s3_dwh.py
[2026-02-28T12:30:13.470+0000] {processor.py:830} INFO - Processing file /opt/airflow/dags/oltp_s3_dwh.py for tasks to queue
[2026-02-28T12:30:13.473+0000] {logging_mixin.py:188} INFO - [2026-02-28T12:30:13.472+0000] {dagbag.py:545} INFO - Filling up the DagBag from /opt/airflow/dags/oltp_s3_dwh.py
[2026-02-28T12:30:13.775+0000] {processor.py:840} INFO - DAG(s) 'oltp_s3_dwh' retrieved from /opt/airflow/dags/oltp_s3_dwh.py
[2026-02-28T12:30:13.810+0000] {logging_mixin.py:188} INFO - [2026-02-28T12:30:13.809+0000] {dag.py:3089} INFO - Sync 1 DAGs
[2026-02-28T12:30:13.849+0000] {logging_mixin.py:188} INFO - [2026-02-28T12:30:13.849+0000] {dag.py:3947} INFO - Setting next_dagrun for oltp_s3_dwh to 2026-02-01 00:00:00+00:00, run_after=2026-03-01 00:00:00+00:00
[2026-02-28T12:30:13.882+0000] {processor.py:183} INFO - Processing /opt/airflow/dags/oltp_s3_dwh.py took 0.421 seconds
[2026-02-28T12:30:44.014+0000] {processor.py:161} INFO - Started process (PID=12478) to work on /opt/airflow/dags/oltp_s3_dwh.py
[2026-02-28T12:30:44.015+0000] {processor.py:830} INFO - Processing file /opt/airflow/dags/oltp_s3_dwh.py for tasks to queue
[2026-02-28T12:30:44.018+0000] {logging_mixin.py:188} INFO - [2026-02-28T12:30:44.017+0000] {dagbag.py:545} INFO - Filling up the DagBag from /opt/airflow/dags/oltp_s3_dwh.py
[2026-02-28T12:30:44.312+0000] {processor.py:840} INFO - DAG(s) 'oltp_s3_dwh' retrieved from /opt/airflow/dags/oltp_s3_dwh.py
[2026-02-28T12:30:44.345+0000] {logging_mixin.py:188} INFO - [2026-02-28T12:30:44.343+0000] {dag.py:3089} INFO - Sync 1 DAGs
[2026-02-28T12:30:44.374+0000] {logging_mixin.py:188} INFO - [2026-02-28T12:30:44.374+0000] {dag.py:3947} INFO - Setting next_dagrun for oltp_s3_dwh to 2026-02-01 00:00:00+00:00, run_after=2026-03-01 00:00:00+00:00
[2026-02-28T12:30:44.394+0000] {processor.py:183} INFO - Processing /opt/airflow/dags/oltp_s3_dwh.py took 0.387 seconds
[2026-02-28T12:31:14.537+0000] {processor.py:161} INFO - Started process (PID=12509) to work on /opt/airflow/dags/oltp_s3_dwh.py
[2026-02-28T12:31:14.538+0000] {processor.py:830} INFO - Processing file /opt/airflow/dags/oltp_s3_dwh.py for tasks to queue
[2026-02-28T12:31:14.540+0000] {logging_mixin.py:188} INFO - [2026-02-28T12:31:14.540+0000] {dagbag.py:545} INFO - Filling up the DagBag from /opt/airflow/dags/oltp_s3_dwh.py
[2026-02-28T12:31:14.878+0000] {processor.py:840} INFO - DAG(s) 'oltp_s3_dwh' retrieved from /opt/airflow/dags/oltp_s3_dwh.py
[2026-02-28T12:31:14.906+0000] {logging_mixin.py:188} INFO - [2026-02-28T12:31:14.905+0000] {dag.py:3089} INFO - Sync 1 DAGs
[2026-02-28T12:31:14.931+0000] {logging_mixin.py:188} INFO - [2026-02-28T12:31:14.931+0000] {dag.py:3947} INFO - Setting next_dagrun for oltp_s3_dwh to 2026-02-01 00:00:00+00:00, run_after=2026-03-01 00:00:00+00:00
[2026-02-28T12:31:14.958+0000] {processor.py:183} INFO - Processing /opt/airflow/dags/oltp_s3_dwh.py took 0.427 seconds
[2026-02-28T12:31:45.137+0000] {processor.py:161} INFO - Started process (PID=12547) to work on /opt/airflow/dags/oltp_s3_dwh.py
[2026-02-28T12:31:45.138+0000] {processor.py:830} INFO - Processing file /opt/airflow/dags/oltp_s3_dwh.py for tasks to queue
[2026-02-28T12:31:45.140+0000] {logging_mixin.py:188} INFO - [2026-02-28T12:31:45.140+0000] {dagbag.py:545} INFO - Filling up the DagBag from /opt/airflow/dags/oltp_s3_dwh.py
[2026-02-28T12:31:45.439+0000] {processor.py:840} INFO - DAG(s) 'oltp_s3_dwh' retrieved from /opt/airflow/dags/oltp_s3_dwh.py
[2026-02-28T12:31:45.469+0000] {logging_mixin.py:188} INFO - [2026-02-28T12:31:45.468+0000] {dag.py:3089} INFO - Sync 1 DAGs
[2026-02-28T12:31:45.491+0000] {logging_mixin.py:188} INFO - [2026-02-28T12:31:45.490+0000] {dag.py:3947} INFO - Setting next_dagrun for oltp_s3_dwh to 2026-02-01 00:00:00+00:00, run_after=2026-03-01 00:00:00+00:00
[2026-02-28T12:31:45.510+0000] {processor.py:183} INFO - Processing /opt/airflow/dags/oltp_s3_dwh.py took 0.380 seconds
[2026-02-28T12:32:15.713+0000] {processor.py:161} INFO - Started process (PID=12577) to work on /opt/airflow/dags/oltp_s3_dwh.py
[2026-02-28T12:32:15.714+0000] {processor.py:830} INFO - Processing file /opt/airflow/dags/oltp_s3_dwh.py for tasks to queue
[2026-02-28T12:32:15.717+0000] {logging_mixin.py:188} INFO - [2026-02-28T12:32:15.716+0000] {dagbag.py:545} INFO - Filling up the DagBag from /opt/airflow/dags/oltp_s3_dwh.py
[2026-02-28T12:32:16.025+0000] {processor.py:840} INFO - DAG(s) 'oltp_s3_dwh' retrieved from /opt/airflow/dags/oltp_s3_dwh.py
[2026-02-28T12:32:16.054+0000] {logging_mixin.py:188} INFO - [2026-02-28T12:32:16.053+0000] {dag.py:3089} INFO - Sync 1 DAGs
[2026-02-28T12:32:16.077+0000] {logging_mixin.py:188} INFO - [2026-02-28T12:32:16.077+0000] {dag.py:3947} INFO - Setting next_dagrun for oltp_s3_dwh to 2026-02-01 00:00:00+00:00, run_after=2026-03-01 00:00:00+00:00
[2026-02-28T12:32:16.097+0000] {processor.py:183} INFO - Processing /opt/airflow/dags/oltp_s3_dwh.py took 0.390 seconds
[2026-02-28T12:32:46.210+0000] {processor.py:161} INFO - Started process (PID=12615) to work on /opt/airflow/dags/oltp_s3_dwh.py
[2026-02-28T12:32:46.211+0000] {processor.py:830} INFO - Processing file /opt/airflow/dags/oltp_s3_dwh.py for tasks to queue
[2026-02-28T12:32:46.213+0000] {logging_mixin.py:188} INFO - [2026-02-28T12:32:46.213+0000] {dagbag.py:545} INFO - Filling up the DagBag from /opt/airflow/dags/oltp_s3_dwh.py
[2026-02-28T12:32:46.523+0000] {processor.py:840} INFO - DAG(s) 'oltp_s3_dwh' retrieved from /opt/airflow/dags/oltp_s3_dwh.py
[2026-02-28T12:32:46.555+0000] {logging_mixin.py:188} INFO - [2026-02-28T12:32:46.555+0000] {dag.py:3089} INFO - Sync 1 DAGs
[2026-02-28T12:32:46.582+0000] {logging_mixin.py:188} INFO - [2026-02-28T12:32:46.582+0000] {dag.py:3947} INFO - Setting next_dagrun for oltp_s3_dwh to 2026-02-01 00:00:00+00:00, run_after=2026-03-01 00:00:00+00:00
[2026-02-28T12:32:46.610+0000] {processor.py:183} INFO - Processing /opt/airflow/dags/oltp_s3_dwh.py took 0.407 seconds
[2026-02-28T12:33:16.681+0000] {processor.py:161} INFO - Started process (PID=12646) to work on /opt/airflow/dags/oltp_s3_dwh.py
[2026-02-28T12:33:16.683+0000] {processor.py:830} INFO - Processing file /opt/airflow/dags/oltp_s3_dwh.py for tasks to queue
[2026-02-28T12:33:16.686+0000] {logging_mixin.py:188} INFO - [2026-02-28T12:33:16.685+0000] {dagbag.py:545} INFO - Filling up the DagBag from /opt/airflow/dags/oltp_s3_dwh.py
[2026-02-28T12:33:16.979+0000] {processor.py:840} INFO - DAG(s) 'oltp_s3_dwh' retrieved from /opt/airflow/dags/oltp_s3_dwh.py
[2026-02-28T12:33:17.006+0000] {logging_mixin.py:188} INFO - [2026-02-28T12:33:17.006+0000] {dag.py:3089} INFO - Sync 1 DAGs
[2026-02-28T12:33:17.026+0000] {logging_mixin.py:188} INFO - [2026-02-28T12:33:17.026+0000] {dag.py:3947} INFO - Setting next_dagrun for oltp_s3_dwh to 2026-02-01 00:00:00+00:00, run_after=2026-03-01 00:00:00+00:00
[2026-02-28T12:33:17.047+0000] {processor.py:183} INFO - Processing /opt/airflow/dags/oltp_s3_dwh.py took 0.371 seconds
[2026-02-28T12:33:47.249+0000] {processor.py:161} INFO - Started process (PID=12676) to work on /opt/airflow/dags/oltp_s3_dwh.py
[2026-02-28T12:33:47.251+0000] {processor.py:830} INFO - Processing file /opt/airflow/dags/oltp_s3_dwh.py for tasks to queue
[2026-02-28T12:33:47.253+0000] {logging_mixin.py:188} INFO - [2026-02-28T12:33:47.253+0000] {dagbag.py:545} INFO - Filling up the DagBag from /opt/airflow/dags/oltp_s3_dwh.py
[2026-02-28T12:33:47.565+0000] {processor.py:840} INFO - DAG(s) 'oltp_s3_dwh' retrieved from /opt/airflow/dags/oltp_s3_dwh.py
[2026-02-28T12:33:47.602+0000] {logging_mixin.py:188} INFO - [2026-02-28T12:33:47.601+0000] {dag.py:3089} INFO - Sync 1 DAGs
[2026-02-28T12:33:47.630+0000] {logging_mixin.py:188} INFO - [2026-02-28T12:33:47.630+0000] {dag.py:3947} INFO - Setting next_dagrun for oltp_s3_dwh to 2026-02-01 00:00:00+00:00, run_after=2026-03-01 00:00:00+00:00
[2026-02-28T12:33:47.654+0000] {processor.py:183} INFO - Processing /opt/airflow/dags/oltp_s3_dwh.py took 0.411 seconds
[2026-02-28T12:34:18.146+0000] {processor.py:161} INFO - Started process (PID=12714) to work on /opt/airflow/dags/oltp_s3_dwh.py
[2026-02-28T12:34:18.147+0000] {processor.py:830} INFO - Processing file /opt/airflow/dags/oltp_s3_dwh.py for tasks to queue
[2026-02-28T12:34:18.149+0000] {logging_mixin.py:188} INFO - [2026-02-28T12:34:18.149+0000] {dagbag.py:545} INFO - Filling up the DagBag from /opt/airflow/dags/oltp_s3_dwh.py
[2026-02-28T12:34:18.447+0000] {processor.py:840} INFO - DAG(s) 'oltp_s3_dwh' retrieved from /opt/airflow/dags/oltp_s3_dwh.py
[2026-02-28T12:34:18.471+0000] {logging_mixin.py:188} INFO - [2026-02-28T12:34:18.471+0000] {dag.py:3089} INFO - Sync 1 DAGs
[2026-02-28T12:34:18.492+0000] {logging_mixin.py:188} INFO - [2026-02-28T12:34:18.492+0000] {dag.py:3947} INFO - Setting next_dagrun for oltp_s3_dwh to 2026-02-01 00:00:00+00:00, run_after=2026-03-01 00:00:00+00:00
[2026-02-28T12:34:18.512+0000] {processor.py:183} INFO - Processing /opt/airflow/dags/oltp_s3_dwh.py took 0.372 seconds
[2026-02-28T12:34:48.952+0000] {processor.py:161} INFO - Started process (PID=12745) to work on /opt/airflow/dags/oltp_s3_dwh.py
[2026-02-28T12:34:48.953+0000] {processor.py:830} INFO - Processing file /opt/airflow/dags/oltp_s3_dwh.py for tasks to queue
[2026-02-28T12:34:48.955+0000] {logging_mixin.py:188} INFO - [2026-02-28T12:34:48.955+0000] {dagbag.py:545} INFO - Filling up the DagBag from /opt/airflow/dags/oltp_s3_dwh.py
[2026-02-28T12:34:49.375+0000] {processor.py:840} INFO - DAG(s) 'oltp_s3_dwh' retrieved from /opt/airflow/dags/oltp_s3_dwh.py
[2026-02-28T12:34:49.409+0000] {logging_mixin.py:188} INFO - [2026-02-28T12:34:49.408+0000] {dag.py:3089} INFO - Sync 1 DAGs
[2026-02-28T12:34:49.440+0000] {logging_mixin.py:188} INFO - [2026-02-28T12:34:49.440+0000] {dag.py:3947} INFO - Setting next_dagrun for oltp_s3_dwh to 2026-02-01 00:00:00+00:00, run_after=2026-03-01 00:00:00+00:00
[2026-02-28T12:34:49.471+0000] {processor.py:183} INFO - Processing /opt/airflow/dags/oltp_s3_dwh.py took 0.525 seconds
[2026-02-28T12:35:19.883+0000] {processor.py:161} INFO - Started process (PID=12782) to work on /opt/airflow/dags/oltp_s3_dwh.py
[2026-02-28T12:35:19.884+0000] {processor.py:830} INFO - Processing file /opt/airflow/dags/oltp_s3_dwh.py for tasks to queue
[2026-02-28T12:35:19.887+0000] {logging_mixin.py:188} INFO - [2026-02-28T12:35:19.886+0000] {dagbag.py:545} INFO - Filling up the DagBag from /opt/airflow/dags/oltp_s3_dwh.py
[2026-02-28T12:35:20.196+0000] {processor.py:840} INFO - DAG(s) 'oltp_s3_dwh' retrieved from /opt/airflow/dags/oltp_s3_dwh.py
[2026-02-28T12:35:20.229+0000] {logging_mixin.py:188} INFO - [2026-02-28T12:35:20.228+0000] {dag.py:3089} INFO - Sync 1 DAGs
[2026-02-28T12:35:20.254+0000] {logging_mixin.py:188} INFO - [2026-02-28T12:35:20.254+0000] {dag.py:3947} INFO - Setting next_dagrun for oltp_s3_dwh to 2026-02-01 00:00:00+00:00, run_after=2026-03-01 00:00:00+00:00
[2026-02-28T12:35:20.278+0000] {processor.py:183} INFO - Processing /opt/airflow/dags/oltp_s3_dwh.py took 0.402 seconds
[2026-02-28T12:35:50.837+0000] {processor.py:161} INFO - Started process (PID=12813) to work on /opt/airflow/dags/oltp_s3_dwh.py
[2026-02-28T12:35:50.845+0000] {processor.py:830} INFO - Processing file /opt/airflow/dags/oltp_s3_dwh.py for tasks to queue
[2026-02-28T12:35:50.849+0000] {logging_mixin.py:188} INFO - [2026-02-28T12:35:50.848+0000] {dagbag.py:545} INFO - Filling up the DagBag from /opt/airflow/dags/oltp_s3_dwh.py
[2026-02-28T12:35:51.207+0000] {processor.py:840} INFO - DAG(s) 'oltp_s3_dwh' retrieved from /opt/airflow/dags/oltp_s3_dwh.py
[2026-02-28T12:35:51.232+0000] {logging_mixin.py:188} INFO - [2026-02-28T12:35:51.231+0000] {dag.py:3089} INFO - Sync 1 DAGs
[2026-02-28T12:35:51.252+0000] {logging_mixin.py:188} INFO - [2026-02-28T12:35:51.252+0000] {dag.py:3947} INFO - Setting next_dagrun for oltp_s3_dwh to 2026-02-01 00:00:00+00:00, run_after=2026-03-01 00:00:00+00:00
[2026-02-28T12:35:51.270+0000] {processor.py:183} INFO - Processing /opt/airflow/dags/oltp_s3_dwh.py took 0.452 seconds
[2026-02-28T12:36:21.342+0000] {processor.py:161} INFO - Started process (PID=12845) to work on /opt/airflow/dags/oltp_s3_dwh.py
[2026-02-28T12:36:21.344+0000] {processor.py:830} INFO - Processing file /opt/airflow/dags/oltp_s3_dwh.py for tasks to queue
[2026-02-28T12:36:21.346+0000] {logging_mixin.py:188} INFO - [2026-02-28T12:36:21.345+0000] {dagbag.py:545} INFO - Filling up the DagBag from /opt/airflow/dags/oltp_s3_dwh.py
[2026-02-28T12:36:21.645+0000] {processor.py:840} INFO - DAG(s) 'oltp_s3_dwh' retrieved from /opt/airflow/dags/oltp_s3_dwh.py
[2026-02-28T12:36:21.670+0000] {logging_mixin.py:188} INFO - [2026-02-28T12:36:21.669+0000] {dag.py:3089} INFO - Sync 1 DAGs
[2026-02-28T12:36:21.690+0000] {logging_mixin.py:188} INFO - [2026-02-28T12:36:21.690+0000] {dag.py:3947} INFO - Setting next_dagrun for oltp_s3_dwh to 2026-02-01 00:00:00+00:00, run_after=2026-03-01 00:00:00+00:00
[2026-02-28T12:36:21.711+0000] {processor.py:183} INFO - Processing /opt/airflow/dags/oltp_s3_dwh.py took 0.375 seconds
[2026-02-28T12:36:51.943+0000] {processor.py:161} INFO - Started process (PID=12884) to work on /opt/airflow/dags/oltp_s3_dwh.py
[2026-02-28T12:36:51.945+0000] {processor.py:830} INFO - Processing file /opt/airflow/dags/oltp_s3_dwh.py for tasks to queue
[2026-02-28T12:36:51.947+0000] {logging_mixin.py:188} INFO - [2026-02-28T12:36:51.947+0000] {dagbag.py:545} INFO - Filling up the DagBag from /opt/airflow/dags/oltp_s3_dwh.py
[2026-02-28T12:36:52.235+0000] {processor.py:840} INFO - DAG(s) 'oltp_s3_dwh' retrieved from /opt/airflow/dags/oltp_s3_dwh.py
[2026-02-28T12:36:52.259+0000] {logging_mixin.py:188} INFO - [2026-02-28T12:36:52.258+0000] {dag.py:3089} INFO - Sync 1 DAGs
[2026-02-28T12:36:52.281+0000] {logging_mixin.py:188} INFO - [2026-02-28T12:36:52.280+0000] {dag.py:3947} INFO - Setting next_dagrun for oltp_s3_dwh to 2026-02-01 00:00:00+00:00, run_after=2026-03-01 00:00:00+00:00
[2026-02-28T12:36:52.301+0000] {processor.py:183} INFO - Processing /opt/airflow/dags/oltp_s3_dwh.py took 0.363 seconds
[2026-02-28T12:37:22.510+0000] {processor.py:161} INFO - Started process (PID=12915) to work on /opt/airflow/dags/oltp_s3_dwh.py
[2026-02-28T12:37:22.515+0000] {processor.py:830} INFO - Processing file /opt/airflow/dags/oltp_s3_dwh.py for tasks to queue
[2026-02-28T12:37:22.519+0000] {logging_mixin.py:188} INFO - [2026-02-28T12:37:22.518+0000] {dagbag.py:545} INFO - Filling up the DagBag from /opt/airflow/dags/oltp_s3_dwh.py
[2026-02-28T12:37:23.068+0000] {processor.py:840} INFO - DAG(s) 'oltp_s3_dwh' retrieved from /opt/airflow/dags/oltp_s3_dwh.py
[2026-02-28T12:37:23.094+0000] {logging_mixin.py:188} INFO - [2026-02-28T12:37:23.094+0000] {dag.py:3089} INFO - Sync 1 DAGs
[2026-02-28T12:37:23.115+0000] {logging_mixin.py:188} INFO - [2026-02-28T12:37:23.115+0000] {dag.py:3947} INFO - Setting next_dagrun for oltp_s3_dwh to 2026-02-01 00:00:00+00:00, run_after=2026-03-01 00:00:00+00:00
[2026-02-28T12:37:23.161+0000] {processor.py:183} INFO - Processing /opt/airflow/dags/oltp_s3_dwh.py took 0.663 seconds
[2026-02-28T12:37:53.701+0000] {processor.py:161} INFO - Started process (PID=12953) to work on /opt/airflow/dags/oltp_s3_dwh.py
[2026-02-28T12:37:53.703+0000] {processor.py:830} INFO - Processing file /opt/airflow/dags/oltp_s3_dwh.py for tasks to queue
[2026-02-28T12:37:53.706+0000] {logging_mixin.py:188} INFO - [2026-02-28T12:37:53.705+0000] {dagbag.py:545} INFO - Filling up the DagBag from /opt/airflow/dags/oltp_s3_dwh.py
[2026-02-28T12:37:54.041+0000] {processor.py:840} INFO - DAG(s) 'oltp_s3_dwh' retrieved from /opt/airflow/dags/oltp_s3_dwh.py
[2026-02-28T12:37:54.073+0000] {logging_mixin.py:188} INFO - [2026-02-28T12:37:54.072+0000] {dag.py:3089} INFO - Sync 1 DAGs
[2026-02-28T12:37:54.098+0000] {logging_mixin.py:188} INFO - [2026-02-28T12:37:54.098+0000] {dag.py:3947} INFO - Setting next_dagrun for oltp_s3_dwh to 2026-02-01 00:00:00+00:00, run_after=2026-03-01 00:00:00+00:00
[2026-02-28T12:37:54.124+0000] {processor.py:183} INFO - Processing /opt/airflow/dags/oltp_s3_dwh.py took 0.433 seconds
[2026-02-28T12:38:24.596+0000] {processor.py:161} INFO - Started process (PID=12984) to work on /opt/airflow/dags/oltp_s3_dwh.py
[2026-02-28T12:38:24.597+0000] {processor.py:830} INFO - Processing file /opt/airflow/dags/oltp_s3_dwh.py for tasks to queue
[2026-02-28T12:38:24.599+0000] {logging_mixin.py:188} INFO - [2026-02-28T12:38:24.599+0000] {dagbag.py:545} INFO - Filling up the DagBag from /opt/airflow/dags/oltp_s3_dwh.py
[2026-02-28T12:38:24.926+0000] {processor.py:840} INFO - DAG(s) 'oltp_s3_dwh' retrieved from /opt/airflow/dags/oltp_s3_dwh.py
[2026-02-28T12:38:24.960+0000] {logging_mixin.py:188} INFO - [2026-02-28T12:38:24.959+0000] {dag.py:3089} INFO - Sync 1 DAGs
[2026-02-28T12:38:24.984+0000] {logging_mixin.py:188} INFO - [2026-02-28T12:38:24.984+0000] {dag.py:3947} INFO - Setting next_dagrun for oltp_s3_dwh to 2026-02-01 00:00:00+00:00, run_after=2026-03-01 00:00:00+00:00
[2026-02-28T12:38:25.009+0000] {processor.py:183} INFO - Processing /opt/airflow/dags/oltp_s3_dwh.py took 0.419 seconds
[2026-02-28T12:38:55.491+0000] {processor.py:161} INFO - Started process (PID=13015) to work on /opt/airflow/dags/oltp_s3_dwh.py
[2026-02-28T12:38:55.492+0000] {processor.py:830} INFO - Processing file /opt/airflow/dags/oltp_s3_dwh.py for tasks to queue
[2026-02-28T12:38:55.495+0000] {logging_mixin.py:188} INFO - [2026-02-28T12:38:55.494+0000] {dagbag.py:545} INFO - Filling up the DagBag from /opt/airflow/dags/oltp_s3_dwh.py
[2026-02-28T12:38:55.839+0000] {processor.py:840} INFO - DAG(s) 'oltp_s3_dwh' retrieved from /opt/airflow/dags/oltp_s3_dwh.py
[2026-02-28T12:38:55.872+0000] {logging_mixin.py:188} INFO - [2026-02-28T12:38:55.872+0000] {dag.py:3089} INFO - Sync 1 DAGs
[2026-02-28T12:38:55.895+0000] {logging_mixin.py:188} INFO - [2026-02-28T12:38:55.895+0000] {dag.py:3947} INFO - Setting next_dagrun for oltp_s3_dwh to 2026-02-01 00:00:00+00:00, run_after=2026-03-01 00:00:00+00:00
[2026-02-28T12:38:55.921+0000] {processor.py:183} INFO - Processing /opt/airflow/dags/oltp_s3_dwh.py took 0.436 seconds
[2026-02-28T12:39:26.050+0000] {processor.py:161} INFO - Started process (PID=13053) to work on /opt/airflow/dags/oltp_s3_dwh.py
[2026-02-28T12:39:26.053+0000] {processor.py:830} INFO - Processing file /opt/airflow/dags/oltp_s3_dwh.py for tasks to queue
[2026-02-28T12:39:26.055+0000] {logging_mixin.py:188} INFO - [2026-02-28T12:39:26.054+0000] {dagbag.py:545} INFO - Filling up the DagBag from /opt/airflow/dags/oltp_s3_dwh.py
[2026-02-28T12:39:26.343+0000] {processor.py:840} INFO - DAG(s) 'oltp_s3_dwh' retrieved from /opt/airflow/dags/oltp_s3_dwh.py
[2026-02-28T12:39:26.367+0000] {logging_mixin.py:188} INFO - [2026-02-28T12:39:26.367+0000] {dag.py:3089} INFO - Sync 1 DAGs
[2026-02-28T12:39:26.387+0000] {logging_mixin.py:188} INFO - [2026-02-28T12:39:26.387+0000] {dag.py:3947} INFO - Setting next_dagrun for oltp_s3_dwh to 2026-02-01 00:00:00+00:00, run_after=2026-03-01 00:00:00+00:00
[2026-02-28T12:39:26.405+0000] {processor.py:183} INFO - Processing /opt/airflow/dags/oltp_s3_dwh.py took 0.360 seconds
[2026-02-28T12:39:56.561+0000] {processor.py:161} INFO - Started process (PID=13085) to work on /opt/airflow/dags/oltp_s3_dwh.py
[2026-02-28T12:39:56.563+0000] {processor.py:830} INFO - Processing file /opt/airflow/dags/oltp_s3_dwh.py for tasks to queue
[2026-02-28T12:39:56.565+0000] {logging_mixin.py:188} INFO - [2026-02-28T12:39:56.564+0000] {dagbag.py:545} INFO - Filling up the DagBag from /opt/airflow/dags/oltp_s3_dwh.py
[2026-02-28T12:39:56.851+0000] {processor.py:840} INFO - DAG(s) 'oltp_s3_dwh' retrieved from /opt/airflow/dags/oltp_s3_dwh.py
[2026-02-28T12:39:56.877+0000] {logging_mixin.py:188} INFO - [2026-02-28T12:39:56.876+0000] {dag.py:3089} INFO - Sync 1 DAGs
[2026-02-28T12:39:56.899+0000] {logging_mixin.py:188} INFO - [2026-02-28T12:39:56.899+0000] {dag.py:3947} INFO - Setting next_dagrun for oltp_s3_dwh to 2026-02-01 00:00:00+00:00, run_after=2026-03-01 00:00:00+00:00
[2026-02-28T12:39:56.919+0000] {processor.py:183} INFO - Processing /opt/airflow/dags/oltp_s3_dwh.py took 0.364 seconds
[2026-02-28T12:40:27.352+0000] {processor.py:161} INFO - Started process (PID=13123) to work on /opt/airflow/dags/oltp_s3_dwh.py
[2026-02-28T12:40:27.354+0000] {processor.py:830} INFO - Processing file /opt/airflow/dags/oltp_s3_dwh.py for tasks to queue
[2026-02-28T12:40:27.356+0000] {logging_mixin.py:188} INFO - [2026-02-28T12:40:27.356+0000] {dagbag.py:545} INFO - Filling up the DagBag from /opt/airflow/dags/oltp_s3_dwh.py
[2026-02-28T12:40:27.691+0000] {processor.py:840} INFO - DAG(s) 'oltp_s3_dwh' retrieved from /opt/airflow/dags/oltp_s3_dwh.py
[2026-02-28T12:40:27.725+0000] {logging_mixin.py:188} INFO - [2026-02-28T12:40:27.725+0000] {dag.py:3089} INFO - Sync 1 DAGs
[2026-02-28T12:40:27.751+0000] {logging_mixin.py:188} INFO - [2026-02-28T12:40:27.751+0000] {dag.py:3947} INFO - Setting next_dagrun for oltp_s3_dwh to 2026-02-01 00:00:00+00:00, run_after=2026-03-01 00:00:00+00:00
[2026-02-28T12:40:27.771+0000] {processor.py:183} INFO - Processing /opt/airflow/dags/oltp_s3_dwh.py took 0.427 seconds
[2026-02-28T12:40:58.242+0000] {processor.py:161} INFO - Started process (PID=13154) to work on /opt/airflow/dags/oltp_s3_dwh.py
[2026-02-28T12:40:58.243+0000] {processor.py:830} INFO - Processing file /opt/airflow/dags/oltp_s3_dwh.py for tasks to queue
[2026-02-28T12:40:58.246+0000] {logging_mixin.py:188} INFO - [2026-02-28T12:40:58.245+0000] {dagbag.py:545} INFO - Filling up the DagBag from /opt/airflow/dags/oltp_s3_dwh.py
[2026-02-28T12:40:58.564+0000] {processor.py:840} INFO - DAG(s) 'oltp_s3_dwh' retrieved from /opt/airflow/dags/oltp_s3_dwh.py
[2026-02-28T12:40:58.597+0000] {logging_mixin.py:188} INFO - [2026-02-28T12:40:58.597+0000] {dag.py:3089} INFO - Sync 1 DAGs
[2026-02-28T12:40:58.621+0000] {logging_mixin.py:188} INFO - [2026-02-28T12:40:58.621+0000] {dag.py:3947} INFO - Setting next_dagrun for oltp_s3_dwh to 2026-02-01 00:00:00+00:00, run_after=2026-03-01 00:00:00+00:00
[2026-02-28T12:40:58.644+0000] {processor.py:183} INFO - Processing /opt/airflow/dags/oltp_s3_dwh.py took 0.410 seconds
[2026-02-28T12:41:29.103+0000] {processor.py:161} INFO - Started process (PID=13192) to work on /opt/airflow/dags/oltp_s3_dwh.py
[2026-02-28T12:41:29.105+0000] {processor.py:830} INFO - Processing file /opt/airflow/dags/oltp_s3_dwh.py for tasks to queue
[2026-02-28T12:41:29.107+0000] {logging_mixin.py:188} INFO - [2026-02-28T12:41:29.107+0000] {dagbag.py:545} INFO - Filling up the DagBag from /opt/airflow/dags/oltp_s3_dwh.py
[2026-02-28T12:41:29.423+0000] {processor.py:840} INFO - DAG(s) 'oltp_s3_dwh' retrieved from /opt/airflow/dags/oltp_s3_dwh.py
[2026-02-28T12:41:29.455+0000] {logging_mixin.py:188} INFO - [2026-02-28T12:41:29.454+0000] {dag.py:3089} INFO - Sync 1 DAGs
[2026-02-28T12:41:29.480+0000] {logging_mixin.py:188} INFO - [2026-02-28T12:41:29.480+0000] {dag.py:3947} INFO - Setting next_dagrun for oltp_s3_dwh to 2026-02-01 00:00:00+00:00, run_after=2026-03-01 00:00:00+00:00
[2026-02-28T12:41:29.507+0000] {processor.py:183} INFO - Processing /opt/airflow/dags/oltp_s3_dwh.py took 0.411 seconds
[2026-02-28T12:41:59.576+0000] {processor.py:161} INFO - Started process (PID=13223) to work on /opt/airflow/dags/oltp_s3_dwh.py
[2026-02-28T12:41:59.577+0000] {processor.py:830} INFO - Processing file /opt/airflow/dags/oltp_s3_dwh.py for tasks to queue
[2026-02-28T12:41:59.579+0000] {logging_mixin.py:188} INFO - [2026-02-28T12:41:59.579+0000] {dagbag.py:545} INFO - Filling up the DagBag from /opt/airflow/dags/oltp_s3_dwh.py
[2026-02-28T12:41:59.893+0000] {processor.py:840} INFO - DAG(s) 'oltp_s3_dwh' retrieved from /opt/airflow/dags/oltp_s3_dwh.py
[2026-02-28T12:41:59.920+0000] {logging_mixin.py:188} INFO - [2026-02-28T12:41:59.920+0000] {dag.py:3089} INFO - Sync 1 DAGs
[2026-02-28T12:41:59.947+0000] {logging_mixin.py:188} INFO - [2026-02-28T12:41:59.946+0000] {dag.py:3947} INFO - Setting next_dagrun for oltp_s3_dwh to 2026-02-01 00:00:00+00:00, run_after=2026-03-01 00:00:00+00:00
[2026-02-28T12:41:59.971+0000] {processor.py:183} INFO - Processing /opt/airflow/dags/oltp_s3_dwh.py took 0.402 seconds
[2026-02-28T12:42:30.388+0000] {processor.py:161} INFO - Started process (PID=13256) to work on /opt/airflow/dags/oltp_s3_dwh.py
[2026-02-28T12:42:30.390+0000] {processor.py:830} INFO - Processing file /opt/airflow/dags/oltp_s3_dwh.py for tasks to queue
[2026-02-28T12:42:30.392+0000] {logging_mixin.py:188} INFO - [2026-02-28T12:42:30.392+0000] {dagbag.py:545} INFO - Filling up the DagBag from /opt/airflow/dags/oltp_s3_dwh.py
[2026-02-28T12:42:30.676+0000] {processor.py:840} INFO - DAG(s) 'oltp_s3_dwh' retrieved from /opt/airflow/dags/oltp_s3_dwh.py
[2026-02-28T12:42:30.702+0000] {logging_mixin.py:188} INFO - [2026-02-28T12:42:30.701+0000] {dag.py:3089} INFO - Sync 1 DAGs
[2026-02-28T12:42:30.722+0000] {logging_mixin.py:188} INFO - [2026-02-28T12:42:30.722+0000] {dag.py:3947} INFO - Setting next_dagrun for oltp_s3_dwh to 2026-02-01 00:00:00+00:00, run_after=2026-03-01 00:00:00+00:00
[2026-02-28T12:42:30.740+0000] {processor.py:183} INFO - Processing /opt/airflow/dags/oltp_s3_dwh.py took 0.360 seconds
[2026-02-28T12:43:00.975+0000] {processor.py:161} INFO - Started process (PID=13293) to work on /opt/airflow/dags/oltp_s3_dwh.py
[2026-02-28T12:43:00.976+0000] {processor.py:830} INFO - Processing file /opt/airflow/dags/oltp_s3_dwh.py for tasks to queue
[2026-02-28T12:43:00.979+0000] {logging_mixin.py:188} INFO - [2026-02-28T12:43:00.978+0000] {dagbag.py:545} INFO - Filling up the DagBag from /opt/airflow/dags/oltp_s3_dwh.py
[2026-02-28T12:43:01.260+0000] {processor.py:840} INFO - DAG(s) 'oltp_s3_dwh' retrieved from /opt/airflow/dags/oltp_s3_dwh.py
[2026-02-28T12:43:01.284+0000] {logging_mixin.py:188} INFO - [2026-02-28T12:43:01.283+0000] {dag.py:3089} INFO - Sync 1 DAGs
[2026-02-28T12:43:01.305+0000] {logging_mixin.py:188} INFO - [2026-02-28T12:43:01.305+0000] {dag.py:3947} INFO - Setting next_dagrun for oltp_s3_dwh to 2026-02-01 00:00:00+00:00, run_after=2026-03-01 00:00:00+00:00
[2026-02-28T12:43:01.323+0000] {processor.py:183} INFO - Processing /opt/airflow/dags/oltp_s3_dwh.py took 0.354 seconds
[2026-02-28T12:43:31.440+0000] {processor.py:161} INFO - Started process (PID=13324) to work on /opt/airflow/dags/oltp_s3_dwh.py
[2026-02-28T12:43:31.442+0000] {processor.py:830} INFO - Processing file /opt/airflow/dags/oltp_s3_dwh.py for tasks to queue
[2026-02-28T12:43:31.444+0000] {logging_mixin.py:188} INFO - [2026-02-28T12:43:31.444+0000] {dagbag.py:545} INFO - Filling up the DagBag from /opt/airflow/dags/oltp_s3_dwh.py
[2026-02-28T12:43:31.738+0000] {processor.py:840} INFO - DAG(s) 'oltp_s3_dwh' retrieved from /opt/airflow/dags/oltp_s3_dwh.py
[2026-02-28T12:43:31.769+0000] {logging_mixin.py:188} INFO - [2026-02-28T12:43:31.769+0000] {dag.py:3089} INFO - Sync 1 DAGs
[2026-02-28T12:43:31.805+0000] {logging_mixin.py:188} INFO - [2026-02-28T12:43:31.805+0000] {dag.py:3947} INFO - Setting next_dagrun for oltp_s3_dwh to 2026-02-01 00:00:00+00:00, run_after=2026-03-01 00:00:00+00:00
[2026-02-28T12:43:31.825+0000] {processor.py:183} INFO - Processing /opt/airflow/dags/oltp_s3_dwh.py took 0.392 seconds
[2026-02-28T12:44:02.241+0000] {processor.py:161} INFO - Started process (PID=13361) to work on /opt/airflow/dags/oltp_s3_dwh.py
[2026-02-28T12:44:02.242+0000] {processor.py:830} INFO - Processing file /opt/airflow/dags/oltp_s3_dwh.py for tasks to queue
[2026-02-28T12:44:02.245+0000] {logging_mixin.py:188} INFO - [2026-02-28T12:44:02.245+0000] {dagbag.py:545} INFO - Filling up the DagBag from /opt/airflow/dags/oltp_s3_dwh.py
[2026-02-28T12:44:02.541+0000] {processor.py:840} INFO - DAG(s) 'oltp_s3_dwh' retrieved from /opt/airflow/dags/oltp_s3_dwh.py
[2026-02-28T12:44:02.573+0000] {logging_mixin.py:188} INFO - [2026-02-28T12:44:02.572+0000] {dag.py:3089} INFO - Sync 1 DAGs
[2026-02-28T12:44:02.605+0000] {logging_mixin.py:188} INFO - [2026-02-28T12:44:02.605+0000] {dag.py:3947} INFO - Setting next_dagrun for oltp_s3_dwh to 2026-02-01 00:00:00+00:00, run_after=2026-03-01 00:00:00+00:00
[2026-02-28T12:44:02.628+0000] {processor.py:183} INFO - Processing /opt/airflow/dags/oltp_s3_dwh.py took 0.392 seconds
[2026-02-28T12:44:33.077+0000] {processor.py:161} INFO - Started process (PID=13392) to work on /opt/airflow/dags/oltp_s3_dwh.py
[2026-02-28T12:44:33.079+0000] {processor.py:830} INFO - Processing file /opt/airflow/dags/oltp_s3_dwh.py for tasks to queue
[2026-02-28T12:44:33.086+0000] {logging_mixin.py:188} INFO - [2026-02-28T12:44:33.083+0000] {dagbag.py:545} INFO - Filling up the DagBag from /opt/airflow/dags/oltp_s3_dwh.py
[2026-02-28T12:44:33.387+0000] {processor.py:840} INFO - DAG(s) 'oltp_s3_dwh' retrieved from /opt/airflow/dags/oltp_s3_dwh.py
[2026-02-28T12:44:33.412+0000] {logging_mixin.py:188} INFO - [2026-02-28T12:44:33.412+0000] {dag.py:3089} INFO - Sync 1 DAGs
[2026-02-28T12:44:33.433+0000] {logging_mixin.py:188} INFO - [2026-02-28T12:44:33.433+0000] {dag.py:3947} INFO - Setting next_dagrun for oltp_s3_dwh to 2026-02-01 00:00:00+00:00, run_after=2026-03-01 00:00:00+00:00
[2026-02-28T12:44:33.453+0000] {processor.py:183} INFO - Processing /opt/airflow/dags/oltp_s3_dwh.py took 0.384 seconds
[2026-02-28T12:45:03.906+0000] {processor.py:161} INFO - Started process (PID=13423) to work on /opt/airflow/dags/oltp_s3_dwh.py
[2026-02-28T12:45:03.908+0000] {processor.py:830} INFO - Processing file /opt/airflow/dags/oltp_s3_dwh.py for tasks to queue
[2026-02-28T12:45:03.910+0000] {logging_mixin.py:188} INFO - [2026-02-28T12:45:03.910+0000] {dagbag.py:545} INFO - Filling up the DagBag from /opt/airflow/dags/oltp_s3_dwh.py
[2026-02-28T12:45:04.259+0000] {processor.py:840} INFO - DAG(s) 'oltp_s3_dwh' retrieved from /opt/airflow/dags/oltp_s3_dwh.py
[2026-02-28T12:45:04.290+0000] {logging_mixin.py:188} INFO - [2026-02-28T12:45:04.289+0000] {dag.py:3089} INFO - Sync 1 DAGs
[2026-02-28T12:45:04.314+0000] {logging_mixin.py:188} INFO - [2026-02-28T12:45:04.314+0000] {dag.py:3947} INFO - Setting next_dagrun for oltp_s3_dwh to 2026-02-01 00:00:00+00:00, run_after=2026-03-01 00:00:00+00:00
[2026-02-28T12:45:04.336+0000] {processor.py:183} INFO - Processing /opt/airflow/dags/oltp_s3_dwh.py took 0.439 seconds
[2026-02-28T12:45:34.409+0000] {processor.py:161} INFO - Started process (PID=13462) to work on /opt/airflow/dags/oltp_s3_dwh.py
[2026-02-28T12:45:34.411+0000] {processor.py:830} INFO - Processing file /opt/airflow/dags/oltp_s3_dwh.py for tasks to queue
[2026-02-28T12:45:34.413+0000] {logging_mixin.py:188} INFO - [2026-02-28T12:45:34.413+0000] {dagbag.py:545} INFO - Filling up the DagBag from /opt/airflow/dags/oltp_s3_dwh.py
[2026-02-28T12:45:34.850+0000] {processor.py:840} INFO - DAG(s) 'oltp_s3_dwh' retrieved from /opt/airflow/dags/oltp_s3_dwh.py
[2026-02-28T12:45:34.877+0000] {logging_mixin.py:188} INFO - [2026-02-28T12:45:34.877+0000] {dag.py:3089} INFO - Sync 1 DAGs
[2026-02-28T12:45:34.903+0000] {logging_mixin.py:188} INFO - [2026-02-28T12:45:34.903+0000] {dag.py:3947} INFO - Setting next_dagrun for oltp_s3_dwh to 2026-02-01 00:00:00+00:00, run_after=2026-03-01 00:00:00+00:00
[2026-02-28T12:45:34.949+0000] {processor.py:183} INFO - Processing /opt/airflow/dags/oltp_s3_dwh.py took 0.546 seconds
[2026-02-28T12:46:05.454+0000] {processor.py:161} INFO - Started process (PID=13493) to work on /opt/airflow/dags/oltp_s3_dwh.py
[2026-02-28T12:46:05.456+0000] {processor.py:830} INFO - Processing file /opt/airflow/dags/oltp_s3_dwh.py for tasks to queue
[2026-02-28T12:46:05.461+0000] {logging_mixin.py:188} INFO - [2026-02-28T12:46:05.460+0000] {dagbag.py:545} INFO - Filling up the DagBag from /opt/airflow/dags/oltp_s3_dwh.py
[2026-02-28T12:46:05.839+0000] {processor.py:840} INFO - DAG(s) 'oltp_s3_dwh' retrieved from /opt/airflow/dags/oltp_s3_dwh.py
[2026-02-28T12:46:05.869+0000] {logging_mixin.py:188} INFO - [2026-02-28T12:46:05.869+0000] {dag.py:3089} INFO - Sync 1 DAGs
[2026-02-28T12:46:05.894+0000] {logging_mixin.py:188} INFO - [2026-02-28T12:46:05.894+0000] {dag.py:3947} INFO - Setting next_dagrun for oltp_s3_dwh to 2026-02-01 00:00:00+00:00, run_after=2026-03-01 00:00:00+00:00
[2026-02-28T12:46:05.923+0000] {processor.py:183} INFO - Processing /opt/airflow/dags/oltp_s3_dwh.py took 0.482 seconds
[2026-02-28T12:46:36.040+0000] {processor.py:161} INFO - Started process (PID=13531) to work on /opt/airflow/dags/oltp_s3_dwh.py
[2026-02-28T12:46:36.041+0000] {processor.py:830} INFO - Processing file /opt/airflow/dags/oltp_s3_dwh.py for tasks to queue
[2026-02-28T12:46:36.043+0000] {logging_mixin.py:188} INFO - [2026-02-28T12:46:36.042+0000] {dagbag.py:545} INFO - Filling up the DagBag from /opt/airflow/dags/oltp_s3_dwh.py
[2026-02-28T12:46:36.363+0000] {processor.py:840} INFO - DAG(s) 'oltp_s3_dwh' retrieved from /opt/airflow/dags/oltp_s3_dwh.py
[2026-02-28T12:46:36.394+0000] {logging_mixin.py:188} INFO - [2026-02-28T12:46:36.394+0000] {dag.py:3089} INFO - Sync 1 DAGs
[2026-02-28T12:46:36.419+0000] {logging_mixin.py:188} INFO - [2026-02-28T12:46:36.419+0000] {dag.py:3947} INFO - Setting next_dagrun for oltp_s3_dwh to 2026-02-01 00:00:00+00:00, run_after=2026-03-01 00:00:00+00:00
[2026-02-28T12:46:36.448+0000] {processor.py:183} INFO - Processing /opt/airflow/dags/oltp_s3_dwh.py took 0.415 seconds
[2026-02-28T12:47:06.949+0000] {processor.py:161} INFO - Started process (PID=13563) to work on /opt/airflow/dags/oltp_s3_dwh.py
[2026-02-28T12:47:06.950+0000] {processor.py:830} INFO - Processing file /opt/airflow/dags/oltp_s3_dwh.py for tasks to queue
[2026-02-28T12:47:06.953+0000] {logging_mixin.py:188} INFO - [2026-02-28T12:47:06.952+0000] {dagbag.py:545} INFO - Filling up the DagBag from /opt/airflow/dags/oltp_s3_dwh.py
[2026-02-28T12:47:07.325+0000] {processor.py:840} INFO - DAG(s) 'oltp_s3_dwh' retrieved from /opt/airflow/dags/oltp_s3_dwh.py
[2026-02-28T12:47:07.364+0000] {logging_mixin.py:188} INFO - [2026-02-28T12:47:07.363+0000] {dag.py:3089} INFO - Sync 1 DAGs
[2026-02-28T12:47:07.392+0000] {logging_mixin.py:188} INFO - [2026-02-28T12:47:07.392+0000] {dag.py:3947} INFO - Setting next_dagrun for oltp_s3_dwh to 2026-02-01 00:00:00+00:00, run_after=2026-03-01 00:00:00+00:00
[2026-02-28T12:47:07.419+0000] {processor.py:183} INFO - Processing /opt/airflow/dags/oltp_s3_dwh.py took 0.477 seconds
[2026-02-28T12:47:37.524+0000] {processor.py:161} INFO - Started process (PID=13595) to work on /opt/airflow/dags/oltp_s3_dwh.py
[2026-02-28T12:47:37.525+0000] {processor.py:830} INFO - Processing file /opt/airflow/dags/oltp_s3_dwh.py for tasks to queue
[2026-02-28T12:47:37.528+0000] {logging_mixin.py:188} INFO - [2026-02-28T12:47:37.527+0000] {dagbag.py:545} INFO - Filling up the DagBag from /opt/airflow/dags/oltp_s3_dwh.py
[2026-02-28T12:47:37.843+0000] {processor.py:840} INFO - DAG(s) 'oltp_s3_dwh' retrieved from /opt/airflow/dags/oltp_s3_dwh.py
[2026-02-28T12:47:37.874+0000] {logging_mixin.py:188} INFO - [2026-02-28T12:47:37.873+0000] {dag.py:3089} INFO - Sync 1 DAGs
[2026-02-28T12:47:37.897+0000] {logging_mixin.py:188} INFO - [2026-02-28T12:47:37.897+0000] {dag.py:3947} INFO - Setting next_dagrun for oltp_s3_dwh to 2026-02-01 00:00:00+00:00, run_after=2026-03-01 00:00:00+00:00
[2026-02-28T12:47:37.920+0000] {processor.py:183} INFO - Processing /opt/airflow/dags/oltp_s3_dwh.py took 0.402 seconds
[2026-02-28T12:48:08.504+0000] {processor.py:161} INFO - Started process (PID=13633) to work on /opt/airflow/dags/oltp_s3_dwh.py
[2026-02-28T12:48:08.505+0000] {processor.py:830} INFO - Processing file /opt/airflow/dags/oltp_s3_dwh.py for tasks to queue
[2026-02-28T12:48:08.507+0000] {logging_mixin.py:188} INFO - [2026-02-28T12:48:08.507+0000] {dagbag.py:545} INFO - Filling up the DagBag from /opt/airflow/dags/oltp_s3_dwh.py
[2026-02-28T12:48:08.996+0000] {processor.py:840} INFO - DAG(s) 'oltp_s3_dwh' retrieved from /opt/airflow/dags/oltp_s3_dwh.py
[2026-02-28T12:48:09.026+0000] {logging_mixin.py:188} INFO - [2026-02-28T12:48:09.026+0000] {dag.py:3089} INFO - Sync 1 DAGs
[2026-02-28T12:48:09.055+0000] {logging_mixin.py:188} INFO - [2026-02-28T12:48:09.055+0000] {dag.py:3947} INFO - Setting next_dagrun for oltp_s3_dwh to 2026-02-01 00:00:00+00:00, run_after=2026-03-01 00:00:00+00:00
[2026-02-28T12:48:09.084+0000] {processor.py:183} INFO - Processing /opt/airflow/dags/oltp_s3_dwh.py took 0.509 seconds
[2026-02-28T12:48:39.758+0000] {processor.py:161} INFO - Started process (PID=13665) to work on /opt/airflow/dags/oltp_s3_dwh.py
[2026-02-28T12:48:39.760+0000] {processor.py:830} INFO - Processing file /opt/airflow/dags/oltp_s3_dwh.py for tasks to queue
[2026-02-28T12:48:39.765+0000] {logging_mixin.py:188} INFO - [2026-02-28T12:48:39.764+0000] {dagbag.py:545} INFO - Filling up the DagBag from /opt/airflow/dags/oltp_s3_dwh.py
[2026-02-28T12:48:40.340+0000] {processor.py:840} INFO - DAG(s) 'oltp_s3_dwh' retrieved from /opt/airflow/dags/oltp_s3_dwh.py
[2026-02-28T12:48:40.403+0000] {logging_mixin.py:188} INFO - [2026-02-28T12:48:40.402+0000] {dag.py:3089} INFO - Sync 1 DAGs
[2026-02-28T12:48:40.447+0000] {logging_mixin.py:188} INFO - [2026-02-28T12:48:40.447+0000] {dag.py:3947} INFO - Setting next_dagrun for oltp_s3_dwh to 2026-02-01 00:00:00+00:00, run_after=2026-03-01 00:00:00+00:00
[2026-02-28T12:48:40.470+0000] {processor.py:183} INFO - Processing /opt/airflow/dags/oltp_s3_dwh.py took 0.723 seconds
[2026-02-28T12:49:10.897+0000] {processor.py:161} INFO - Started process (PID=13703) to work on /opt/airflow/dags/oltp_s3_dwh.py
[2026-02-28T12:49:10.900+0000] {processor.py:830} INFO - Processing file /opt/airflow/dags/oltp_s3_dwh.py for tasks to queue
[2026-02-28T12:49:10.903+0000] {logging_mixin.py:188} INFO - [2026-02-28T12:49:10.902+0000] {dagbag.py:545} INFO - Filling up the DagBag from /opt/airflow/dags/oltp_s3_dwh.py
[2026-02-28T12:49:11.358+0000] {processor.py:840} INFO - DAG(s) 'oltp_s3_dwh' retrieved from /opt/airflow/dags/oltp_s3_dwh.py
[2026-02-28T12:49:11.395+0000] {logging_mixin.py:188} INFO - [2026-02-28T12:49:11.394+0000] {dag.py:3089} INFO - Sync 1 DAGs
[2026-02-28T12:49:11.425+0000] {logging_mixin.py:188} INFO - [2026-02-28T12:49:11.425+0000] {dag.py:3947} INFO - Setting next_dagrun for oltp_s3_dwh to 2026-02-01 00:00:00+00:00, run_after=2026-03-01 00:00:00+00:00
[2026-02-28T12:49:11.453+0000] {processor.py:183} INFO - Processing /opt/airflow/dags/oltp_s3_dwh.py took 0.564 seconds
[2026-02-28T12:49:41.970+0000] {processor.py:161} INFO - Started process (PID=13735) to work on /opt/airflow/dags/oltp_s3_dwh.py
[2026-02-28T12:49:41.971+0000] {processor.py:830} INFO - Processing file /opt/airflow/dags/oltp_s3_dwh.py for tasks to queue
[2026-02-28T12:49:41.974+0000] {logging_mixin.py:188} INFO - [2026-02-28T12:49:41.974+0000] {dagbag.py:545} INFO - Filling up the DagBag from /opt/airflow/dags/oltp_s3_dwh.py
[2026-02-28T12:49:42.301+0000] {processor.py:840} INFO - DAG(s) 'oltp_s3_dwh' retrieved from /opt/airflow/dags/oltp_s3_dwh.py
[2026-02-28T12:49:42.333+0000] {logging_mixin.py:188} INFO - [2026-02-28T12:49:42.333+0000] {dag.py:3089} INFO - Sync 1 DAGs
[2026-02-28T12:49:42.361+0000] {logging_mixin.py:188} INFO - [2026-02-28T12:49:42.361+0000] {dag.py:3947} INFO - Setting next_dagrun for oltp_s3_dwh to 2026-02-01 00:00:00+00:00, run_after=2026-03-01 00:00:00+00:00
[2026-02-28T12:49:42.385+0000] {processor.py:183} INFO - Processing /opt/airflow/dags/oltp_s3_dwh.py took 0.425 seconds
[2026-02-28T12:50:13.197+0000] {processor.py:161} INFO - Started process (PID=13766) to work on /opt/airflow/dags/oltp_s3_dwh.py
[2026-02-28T12:50:13.204+0000] {processor.py:830} INFO - Processing file /opt/airflow/dags/oltp_s3_dwh.py for tasks to queue
[2026-02-28T12:50:13.212+0000] {logging_mixin.py:188} INFO - [2026-02-28T12:50:13.211+0000] {dagbag.py:545} INFO - Filling up the DagBag from /opt/airflow/dags/oltp_s3_dwh.py
[2026-02-28T12:50:13.728+0000] {processor.py:840} INFO - DAG(s) 'oltp_s3_dwh' retrieved from /opt/airflow/dags/oltp_s3_dwh.py
[2026-02-28T12:50:13.760+0000] {logging_mixin.py:188} INFO - [2026-02-28T12:50:13.760+0000] {dag.py:3089} INFO - Sync 1 DAGs
[2026-02-28T12:50:13.787+0000] {logging_mixin.py:188} INFO - [2026-02-28T12:50:13.787+0000] {dag.py:3947} INFO - Setting next_dagrun for oltp_s3_dwh to 2026-02-01 00:00:00+00:00, run_after=2026-03-01 00:00:00+00:00
[2026-02-28T12:50:13.820+0000] {processor.py:183} INFO - Processing /opt/airflow/dags/oltp_s3_dwh.py took 0.634 seconds
[2026-02-28T12:50:44.332+0000] {processor.py:161} INFO - Started process (PID=13797) to work on /opt/airflow/dags/oltp_s3_dwh.py
[2026-02-28T12:50:44.333+0000] {processor.py:830} INFO - Processing file /opt/airflow/dags/oltp_s3_dwh.py for tasks to queue
[2026-02-28T12:50:44.336+0000] {logging_mixin.py:188} INFO - [2026-02-28T12:50:44.336+0000] {dagbag.py:545} INFO - Filling up the DagBag from /opt/airflow/dags/oltp_s3_dwh.py
[2026-02-28T12:50:44.639+0000] {processor.py:840} INFO - DAG(s) 'oltp_s3_dwh' retrieved from /opt/airflow/dags/oltp_s3_dwh.py
[2026-02-28T12:50:44.667+0000] {logging_mixin.py:188} INFO - [2026-02-28T12:50:44.667+0000] {dag.py:3089} INFO - Sync 1 DAGs
[2026-02-28T12:50:44.690+0000] {logging_mixin.py:188} INFO - [2026-02-28T12:50:44.690+0000] {dag.py:3947} INFO - Setting next_dagrun for oltp_s3_dwh to 2026-02-01 00:00:00+00:00, run_after=2026-03-01 00:00:00+00:00
[2026-02-28T12:50:44.713+0000] {processor.py:183} INFO - Processing /opt/airflow/dags/oltp_s3_dwh.py took 0.388 seconds
[2026-02-28T12:51:15.136+0000] {processor.py:161} INFO - Started process (PID=13835) to work on /opt/airflow/dags/oltp_s3_dwh.py
[2026-02-28T12:51:15.138+0000] {processor.py:830} INFO - Processing file /opt/airflow/dags/oltp_s3_dwh.py for tasks to queue
[2026-02-28T12:51:15.140+0000] {logging_mixin.py:188} INFO - [2026-02-28T12:51:15.139+0000] {dagbag.py:545} INFO - Filling up the DagBag from /opt/airflow/dags/oltp_s3_dwh.py
[2026-02-28T12:51:15.466+0000] {processor.py:840} INFO - DAG(s) 'oltp_s3_dwh' retrieved from /opt/airflow/dags/oltp_s3_dwh.py
[2026-02-28T12:51:15.503+0000] {logging_mixin.py:188} INFO - [2026-02-28T12:51:15.502+0000] {dag.py:3089} INFO - Sync 1 DAGs
[2026-02-28T12:51:15.526+0000] {logging_mixin.py:188} INFO - [2026-02-28T12:51:15.526+0000] {dag.py:3947} INFO - Setting next_dagrun for oltp_s3_dwh to 2026-02-01 00:00:00+00:00, run_after=2026-03-01 00:00:00+00:00
[2026-02-28T12:51:15.552+0000] {processor.py:183} INFO - Processing /opt/airflow/dags/oltp_s3_dwh.py took 0.422 seconds
[2026-02-28T12:51:45.885+0000] {processor.py:161} INFO - Started process (PID=13866) to work on /opt/airflow/dags/oltp_s3_dwh.py
[2026-02-28T12:51:45.888+0000] {processor.py:830} INFO - Processing file /opt/airflow/dags/oltp_s3_dwh.py for tasks to queue
[2026-02-28T12:51:45.892+0000] {logging_mixin.py:188} INFO - [2026-02-28T12:51:45.891+0000] {dagbag.py:545} INFO - Filling up the DagBag from /opt/airflow/dags/oltp_s3_dwh.py
[2026-02-28T12:51:46.276+0000] {processor.py:840} INFO - DAG(s) 'oltp_s3_dwh' retrieved from /opt/airflow/dags/oltp_s3_dwh.py
[2026-02-28T12:51:46.304+0000] {logging_mixin.py:188} INFO - [2026-02-28T12:51:46.304+0000] {dag.py:3089} INFO - Sync 1 DAGs
[2026-02-28T12:51:46.326+0000] {logging_mixin.py:188} INFO - [2026-02-28T12:51:46.325+0000] {dag.py:3947} INFO - Setting next_dagrun for oltp_s3_dwh to 2026-02-01 00:00:00+00:00, run_after=2026-03-01 00:00:00+00:00
[2026-02-28T12:51:46.347+0000] {processor.py:183} INFO - Processing /opt/airflow/dags/oltp_s3_dwh.py took 0.474 seconds
[2026-02-28T12:52:16.445+0000] {processor.py:161} INFO - Started process (PID=13904) to work on /opt/airflow/dags/oltp_s3_dwh.py
[2026-02-28T12:52:16.447+0000] {processor.py:830} INFO - Processing file /opt/airflow/dags/oltp_s3_dwh.py for tasks to queue
[2026-02-28T12:52:16.450+0000] {logging_mixin.py:188} INFO - [2026-02-28T12:52:16.450+0000] {dagbag.py:545} INFO - Filling up the DagBag from /opt/airflow/dags/oltp_s3_dwh.py
[2026-02-28T12:52:16.821+0000] {processor.py:840} INFO - DAG(s) 'oltp_s3_dwh' retrieved from /opt/airflow/dags/oltp_s3_dwh.py
[2026-02-28T12:52:16.850+0000] {logging_mixin.py:188} INFO - [2026-02-28T12:52:16.850+0000] {dag.py:3089} INFO - Sync 1 DAGs
[2026-02-28T12:52:16.875+0000] {logging_mixin.py:188} INFO - [2026-02-28T12:52:16.874+0000] {dag.py:3947} INFO - Setting next_dagrun for oltp_s3_dwh to 2026-02-01 00:00:00+00:00, run_after=2026-03-01 00:00:00+00:00
[2026-02-28T12:52:16.903+0000] {processor.py:183} INFO - Processing /opt/airflow/dags/oltp_s3_dwh.py took 0.465 seconds
[2026-02-28T12:52:47.737+0000] {processor.py:161} INFO - Started process (PID=13935) to work on /opt/airflow/dags/oltp_s3_dwh.py
[2026-02-28T12:52:47.738+0000] {processor.py:830} INFO - Processing file /opt/airflow/dags/oltp_s3_dwh.py for tasks to queue
[2026-02-28T12:52:47.740+0000] {logging_mixin.py:188} INFO - [2026-02-28T12:52:47.740+0000] {dagbag.py:545} INFO - Filling up the DagBag from /opt/airflow/dags/oltp_s3_dwh.py
[2026-02-28T12:52:48.050+0000] {processor.py:840} INFO - DAG(s) 'oltp_s3_dwh' retrieved from /opt/airflow/dags/oltp_s3_dwh.py
[2026-02-28T12:52:48.077+0000] {logging_mixin.py:188} INFO - [2026-02-28T12:52:48.076+0000] {dag.py:3089} INFO - Sync 1 DAGs
[2026-02-28T12:52:48.099+0000] {logging_mixin.py:188} INFO - [2026-02-28T12:52:48.099+0000] {dag.py:3947} INFO - Setting next_dagrun for oltp_s3_dwh to 2026-02-01 00:00:00+00:00, run_after=2026-03-01 00:00:00+00:00
[2026-02-28T12:52:48.120+0000] {processor.py:183} INFO - Processing /opt/airflow/dags/oltp_s3_dwh.py took 0.390 seconds
[2026-02-28T12:53:18.353+0000] {processor.py:161} INFO - Started process (PID=13967) to work on /opt/airflow/dags/oltp_s3_dwh.py
[2026-02-28T12:53:18.355+0000] {processor.py:830} INFO - Processing file /opt/airflow/dags/oltp_s3_dwh.py for tasks to queue
[2026-02-28T12:53:18.359+0000] {logging_mixin.py:188} INFO - [2026-02-28T12:53:18.359+0000] {dagbag.py:545} INFO - Filling up the DagBag from /opt/airflow/dags/oltp_s3_dwh.py
[2026-02-28T12:53:18.709+0000] {processor.py:840} INFO - DAG(s) 'oltp_s3_dwh' retrieved from /opt/airflow/dags/oltp_s3_dwh.py
[2026-02-28T12:53:18.740+0000] {logging_mixin.py:188} INFO - [2026-02-28T12:53:18.740+0000] {dag.py:3089} INFO - Sync 1 DAGs
[2026-02-28T12:53:18.764+0000] {logging_mixin.py:188} INFO - [2026-02-28T12:53:18.764+0000] {dag.py:3947} INFO - Setting next_dagrun for oltp_s3_dwh to 2026-02-01 00:00:00+00:00, run_after=2026-03-01 00:00:00+00:00
[2026-02-28T12:53:18.787+0000] {processor.py:183} INFO - Processing /opt/airflow/dags/oltp_s3_dwh.py took 0.442 seconds
[2026-02-28T12:53:49.358+0000] {processor.py:161} INFO - Started process (PID=14004) to work on /opt/airflow/dags/oltp_s3_dwh.py
[2026-02-28T12:53:49.359+0000] {processor.py:830} INFO - Processing file /opt/airflow/dags/oltp_s3_dwh.py for tasks to queue
[2026-02-28T12:53:49.363+0000] {logging_mixin.py:188} INFO - [2026-02-28T12:53:49.362+0000] {dagbag.py:545} INFO - Filling up the DagBag from /opt/airflow/dags/oltp_s3_dwh.py
[2026-02-28T12:53:49.746+0000] {processor.py:840} INFO - DAG(s) 'oltp_s3_dwh' retrieved from /opt/airflow/dags/oltp_s3_dwh.py
[2026-02-28T12:53:49.778+0000] {logging_mixin.py:188} INFO - [2026-02-28T12:53:49.778+0000] {dag.py:3089} INFO - Sync 1 DAGs
[2026-02-28T12:53:49.805+0000] {logging_mixin.py:188} INFO - [2026-02-28T12:53:49.805+0000] {dag.py:3947} INFO - Setting next_dagrun for oltp_s3_dwh to 2026-02-01 00:00:00+00:00, run_after=2026-03-01 00:00:00+00:00
[2026-02-28T12:53:49.835+0000] {processor.py:183} INFO - Processing /opt/airflow/dags/oltp_s3_dwh.py took 0.486 seconds
[2026-02-28T12:54:20.282+0000] {processor.py:161} INFO - Started process (PID=14036) to work on /opt/airflow/dags/oltp_s3_dwh.py
[2026-02-28T12:54:20.284+0000] {processor.py:830} INFO - Processing file /opt/airflow/dags/oltp_s3_dwh.py for tasks to queue
[2026-02-28T12:54:20.286+0000] {logging_mixin.py:188} INFO - [2026-02-28T12:54:20.286+0000] {dagbag.py:545} INFO - Filling up the DagBag from /opt/airflow/dags/oltp_s3_dwh.py
[2026-02-28T12:54:20.589+0000] {processor.py:840} INFO - DAG(s) 'oltp_s3_dwh' retrieved from /opt/airflow/dags/oltp_s3_dwh.py
[2026-02-28T12:54:20.616+0000] {logging_mixin.py:188} INFO - [2026-02-28T12:54:20.616+0000] {dag.py:3089} INFO - Sync 1 DAGs
[2026-02-28T12:54:20.637+0000] {logging_mixin.py:188} INFO - [2026-02-28T12:54:20.637+0000] {dag.py:3947} INFO - Setting next_dagrun for oltp_s3_dwh to 2026-02-01 00:00:00+00:00, run_after=2026-03-01 00:00:00+00:00
[2026-02-28T12:54:20.660+0000] {processor.py:183} INFO - Processing /opt/airflow/dags/oltp_s3_dwh.py took 0.383 seconds
[2026-02-28T12:54:51.047+0000] {processor.py:161} INFO - Started process (PID=14067) to work on /opt/airflow/dags/oltp_s3_dwh.py
[2026-02-28T12:54:51.048+0000] {processor.py:830} INFO - Processing file /opt/airflow/dags/oltp_s3_dwh.py for tasks to queue
[2026-02-28T12:54:51.050+0000] {logging_mixin.py:188} INFO - [2026-02-28T12:54:51.050+0000] {dagbag.py:545} INFO - Filling up the DagBag from /opt/airflow/dags/oltp_s3_dwh.py
[2026-02-28T12:54:51.381+0000] {processor.py:840} INFO - DAG(s) 'oltp_s3_dwh' retrieved from /opt/airflow/dags/oltp_s3_dwh.py
[2026-02-28T12:54:51.411+0000] {logging_mixin.py:188} INFO - [2026-02-28T12:54:51.410+0000] {dag.py:3089} INFO - Sync 1 DAGs
[2026-02-28T12:54:51.434+0000] {logging_mixin.py:188} INFO - [2026-02-28T12:54:51.434+0000] {dag.py:3947} INFO - Setting next_dagrun for oltp_s3_dwh to 2026-02-01 00:00:00+00:00, run_after=2026-03-01 00:00:00+00:00
[2026-02-28T12:54:51.458+0000] {processor.py:183} INFO - Processing /opt/airflow/dags/oltp_s3_dwh.py took 0.418 seconds
[2026-02-28T12:55:21.950+0000] {processor.py:161} INFO - Started process (PID=14105) to work on /opt/airflow/dags/oltp_s3_dwh.py
[2026-02-28T12:55:21.951+0000] {processor.py:830} INFO - Processing file /opt/airflow/dags/oltp_s3_dwh.py for tasks to queue
[2026-02-28T12:55:21.953+0000] {logging_mixin.py:188} INFO - [2026-02-28T12:55:21.952+0000] {dagbag.py:545} INFO - Filling up the DagBag from /opt/airflow/dags/oltp_s3_dwh.py
[2026-02-28T12:55:22.243+0000] {processor.py:840} INFO - DAG(s) 'oltp_s3_dwh' retrieved from /opt/airflow/dags/oltp_s3_dwh.py
[2026-02-28T12:55:22.269+0000] {logging_mixin.py:188} INFO - [2026-02-28T12:55:22.268+0000] {dag.py:3089} INFO - Sync 1 DAGs
[2026-02-28T12:55:22.289+0000] {logging_mixin.py:188} INFO - [2026-02-28T12:55:22.289+0000] {dag.py:3947} INFO - Setting next_dagrun for oltp_s3_dwh to 2026-02-01 00:00:00+00:00, run_after=2026-03-01 00:00:00+00:00
[2026-02-28T12:55:22.307+0000] {processor.py:183} INFO - Processing /opt/airflow/dags/oltp_s3_dwh.py took 0.364 seconds
[2026-02-28T12:55:52.437+0000] {processor.py:161} INFO - Started process (PID=14137) to work on /opt/airflow/dags/oltp_s3_dwh.py
[2026-02-28T12:55:52.438+0000] {processor.py:830} INFO - Processing file /opt/airflow/dags/oltp_s3_dwh.py for tasks to queue
[2026-02-28T12:55:52.440+0000] {logging_mixin.py:188} INFO - [2026-02-28T12:55:52.440+0000] {dagbag.py:545} INFO - Filling up the DagBag from /opt/airflow/dags/oltp_s3_dwh.py
[2026-02-28T12:55:52.734+0000] {processor.py:840} INFO - DAG(s) 'oltp_s3_dwh' retrieved from /opt/airflow/dags/oltp_s3_dwh.py
[2026-02-28T12:55:52.760+0000] {logging_mixin.py:188} INFO - [2026-02-28T12:55:52.759+0000] {dag.py:3089} INFO - Sync 1 DAGs
[2026-02-28T12:55:52.779+0000] {logging_mixin.py:188} INFO - [2026-02-28T12:55:52.779+0000] {dag.py:3947} INFO - Setting next_dagrun for oltp_s3_dwh to 2026-02-01 00:00:00+00:00, run_after=2026-03-01 00:00:00+00:00
[2026-02-28T12:55:52.799+0000] {processor.py:183} INFO - Processing /opt/airflow/dags/oltp_s3_dwh.py took 0.368 seconds
[2026-02-28T12:56:23.167+0000] {processor.py:161} INFO - Started process (PID=14176) to work on /opt/airflow/dags/oltp_s3_dwh.py
[2026-02-28T12:56:23.168+0000] {processor.py:830} INFO - Processing file /opt/airflow/dags/oltp_s3_dwh.py for tasks to queue
[2026-02-28T12:56:23.171+0000] {logging_mixin.py:188} INFO - [2026-02-28T12:56:23.170+0000] {dagbag.py:545} INFO - Filling up the DagBag from /opt/airflow/dags/oltp_s3_dwh.py
[2026-02-28T12:56:23.564+0000] {processor.py:840} INFO - DAG(s) 'oltp_s3_dwh' retrieved from /opt/airflow/dags/oltp_s3_dwh.py
[2026-02-28T12:56:23.639+0000] {logging_mixin.py:188} INFO - [2026-02-28T12:56:23.637+0000] {dag.py:3089} INFO - Sync 1 DAGs
[2026-02-28T12:56:23.717+0000] {logging_mixin.py:188} INFO - [2026-02-28T12:56:23.717+0000] {dag.py:3947} INFO - Setting next_dagrun for oltp_s3_dwh to 2026-02-01 00:00:00+00:00, run_after=2026-03-01 00:00:00+00:00
[2026-02-28T12:56:23.751+0000] {processor.py:183} INFO - Processing /opt/airflow/dags/oltp_s3_dwh.py took 0.589 seconds
[2026-02-28T12:56:54.363+0000] {processor.py:161} INFO - Started process (PID=14207) to work on /opt/airflow/dags/oltp_s3_dwh.py
[2026-02-28T12:56:54.365+0000] {processor.py:830} INFO - Processing file /opt/airflow/dags/oltp_s3_dwh.py for tasks to queue
[2026-02-28T12:56:54.367+0000] {logging_mixin.py:188} INFO - [2026-02-28T12:56:54.366+0000] {dagbag.py:545} INFO - Filling up the DagBag from /opt/airflow/dags/oltp_s3_dwh.py
[2026-02-28T12:56:54.665+0000] {processor.py:840} INFO - DAG(s) 'oltp_s3_dwh' retrieved from /opt/airflow/dags/oltp_s3_dwh.py
[2026-02-28T12:56:54.690+0000] {logging_mixin.py:188} INFO - [2026-02-28T12:56:54.690+0000] {dag.py:3089} INFO - Sync 1 DAGs
[2026-02-28T12:56:54.712+0000] {logging_mixin.py:188} INFO - [2026-02-28T12:56:54.712+0000] {dag.py:3947} INFO - Setting next_dagrun for oltp_s3_dwh to 2026-02-01 00:00:00+00:00, run_after=2026-03-01 00:00:00+00:00
[2026-02-28T12:56:54.732+0000] {processor.py:183} INFO - Processing /opt/airflow/dags/oltp_s3_dwh.py took 0.375 seconds
[2026-02-28T12:57:24.851+0000] {processor.py:161} INFO - Started process (PID=14239) to work on /opt/airflow/dags/oltp_s3_dwh.py
[2026-02-28T12:57:24.853+0000] {processor.py:830} INFO - Processing file /opt/airflow/dags/oltp_s3_dwh.py for tasks to queue
[2026-02-28T12:57:24.855+0000] {logging_mixin.py:188} INFO - [2026-02-28T12:57:24.855+0000] {dagbag.py:545} INFO - Filling up the DagBag from /opt/airflow/dags/oltp_s3_dwh.py
[2026-02-28T12:57:25.171+0000] {processor.py:840} INFO - DAG(s) 'oltp_s3_dwh' retrieved from /opt/airflow/dags/oltp_s3_dwh.py
[2026-02-28T12:57:25.205+0000] {logging_mixin.py:188} INFO - [2026-02-28T12:57:25.204+0000] {dag.py:3089} INFO - Sync 1 DAGs
[2026-02-28T12:57:25.230+0000] {logging_mixin.py:188} INFO - [2026-02-28T12:57:25.229+0000] {dag.py:3947} INFO - Setting next_dagrun for oltp_s3_dwh to 2026-02-01 00:00:00+00:00, run_after=2026-03-01 00:00:00+00:00
[2026-02-28T12:57:25.255+0000] {processor.py:183} INFO - Processing /opt/airflow/dags/oltp_s3_dwh.py took 0.410 seconds
[2026-02-28T12:57:55.450+0000] {processor.py:161} INFO - Started process (PID=14275) to work on /opt/airflow/dags/oltp_s3_dwh.py
[2026-02-28T12:57:55.451+0000] {processor.py:830} INFO - Processing file /opt/airflow/dags/oltp_s3_dwh.py for tasks to queue
[2026-02-28T12:57:55.454+0000] {logging_mixin.py:188} INFO - [2026-02-28T12:57:55.453+0000] {dagbag.py:545} INFO - Filling up the DagBag from /opt/airflow/dags/oltp_s3_dwh.py
[2026-02-28T12:57:55.788+0000] {processor.py:840} INFO - DAG(s) 'oltp_s3_dwh' retrieved from /opt/airflow/dags/oltp_s3_dwh.py
[2026-02-28T12:57:55.827+0000] {logging_mixin.py:188} INFO - [2026-02-28T12:57:55.826+0000] {dag.py:3089} INFO - Sync 1 DAGs
[2026-02-28T12:57:55.862+0000] {logging_mixin.py:188} INFO - [2026-02-28T12:57:55.862+0000] {dag.py:3947} INFO - Setting next_dagrun for oltp_s3_dwh to 2026-02-01 00:00:00+00:00, run_after=2026-03-01 00:00:00+00:00
[2026-02-28T12:57:55.911+0000] {processor.py:183} INFO - Processing /opt/airflow/dags/oltp_s3_dwh.py took 0.467 seconds
[2026-02-28T12:58:26.749+0000] {processor.py:161} INFO - Started process (PID=14307) to work on /opt/airflow/dags/oltp_s3_dwh.py
[2026-02-28T12:58:26.751+0000] {processor.py:830} INFO - Processing file /opt/airflow/dags/oltp_s3_dwh.py for tasks to queue
[2026-02-28T12:58:26.755+0000] {logging_mixin.py:188} INFO - [2026-02-28T12:58:26.754+0000] {dagbag.py:545} INFO - Filling up the DagBag from /opt/airflow/dags/oltp_s3_dwh.py
[2026-02-28T12:58:27.099+0000] {processor.py:840} INFO - DAG(s) 'oltp_s3_dwh' retrieved from /opt/airflow/dags/oltp_s3_dwh.py
[2026-02-28T12:58:27.133+0000] {logging_mixin.py:188} INFO - [2026-02-28T12:58:27.132+0000] {dag.py:3089} INFO - Sync 1 DAGs
[2026-02-28T12:58:27.156+0000] {logging_mixin.py:188} INFO - [2026-02-28T12:58:27.156+0000] {dag.py:3947} INFO - Setting next_dagrun for oltp_s3_dwh to 2026-02-01 00:00:00+00:00, run_after=2026-03-01 00:00:00+00:00
[2026-02-28T12:58:27.180+0000] {processor.py:183} INFO - Processing /opt/airflow/dags/oltp_s3_dwh.py took 0.438 seconds
[2026-02-28T12:58:57.683+0000] {processor.py:161} INFO - Started process (PID=14346) to work on /opt/airflow/dags/oltp_s3_dwh.py
[2026-02-28T12:58:57.684+0000] {processor.py:830} INFO - Processing file /opt/airflow/dags/oltp_s3_dwh.py for tasks to queue
[2026-02-28T12:58:57.686+0000] {logging_mixin.py:188} INFO - [2026-02-28T12:58:57.686+0000] {dagbag.py:545} INFO - Filling up the DagBag from /opt/airflow/dags/oltp_s3_dwh.py
[2026-02-28T12:58:57.997+0000] {processor.py:840} INFO - DAG(s) 'oltp_s3_dwh' retrieved from /opt/airflow/dags/oltp_s3_dwh.py
[2026-02-28T12:58:58.031+0000] {logging_mixin.py:188} INFO - [2026-02-28T12:58:58.030+0000] {dag.py:3089} INFO - Sync 1 DAGs
[2026-02-28T12:58:58.055+0000] {logging_mixin.py:188} INFO - [2026-02-28T12:58:58.055+0000] {dag.py:3947} INFO - Setting next_dagrun for oltp_s3_dwh to 2026-02-01 00:00:00+00:00, run_after=2026-03-01 00:00:00+00:00
[2026-02-28T12:58:58.080+0000] {processor.py:183} INFO - Processing /opt/airflow/dags/oltp_s3_dwh.py took 0.403 seconds
[2026-02-28T12:59:28.872+0000] {processor.py:161} INFO - Started process (PID=14377) to work on /opt/airflow/dags/oltp_s3_dwh.py
[2026-02-28T12:59:28.873+0000] {processor.py:830} INFO - Processing file /opt/airflow/dags/oltp_s3_dwh.py for tasks to queue
[2026-02-28T12:59:28.875+0000] {logging_mixin.py:188} INFO - [2026-02-28T12:59:28.875+0000] {dagbag.py:545} INFO - Filling up the DagBag from /opt/airflow/dags/oltp_s3_dwh.py
[2026-02-28T12:59:29.187+0000] {processor.py:840} INFO - DAG(s) 'oltp_s3_dwh' retrieved from /opt/airflow/dags/oltp_s3_dwh.py
[2026-02-28T12:59:29.214+0000] {logging_mixin.py:188} INFO - [2026-02-28T12:59:29.214+0000] {dag.py:3089} INFO - Sync 1 DAGs
[2026-02-28T12:59:29.241+0000] {logging_mixin.py:188} INFO - [2026-02-28T12:59:29.240+0000] {dag.py:3947} INFO - Setting next_dagrun for oltp_s3_dwh to 2026-02-01 00:00:00+00:00, run_after=2026-03-01 00:00:00+00:00
[2026-02-28T12:59:29.263+0000] {processor.py:183} INFO - Processing /opt/airflow/dags/oltp_s3_dwh.py took 0.398 seconds
[2026-02-28T12:59:59.560+0000] {processor.py:161} INFO - Started process (PID=14408) to work on /opt/airflow/dags/oltp_s3_dwh.py
[2026-02-28T12:59:59.561+0000] {processor.py:830} INFO - Processing file /opt/airflow/dags/oltp_s3_dwh.py for tasks to queue
[2026-02-28T12:59:59.563+0000] {logging_mixin.py:188} INFO - [2026-02-28T12:59:59.563+0000] {dagbag.py:545} INFO - Filling up the DagBag from /opt/airflow/dags/oltp_s3_dwh.py
[2026-02-28T12:59:59.869+0000] {processor.py:840} INFO - DAG(s) 'oltp_s3_dwh' retrieved from /opt/airflow/dags/oltp_s3_dwh.py
[2026-02-28T12:59:59.895+0000] {logging_mixin.py:188} INFO - [2026-02-28T12:59:59.894+0000] {dag.py:3089} INFO - Sync 1 DAGs
[2026-02-28T12:59:59.916+0000] {logging_mixin.py:188} INFO - [2026-02-28T12:59:59.916+0000] {dag.py:3947} INFO - Setting next_dagrun for oltp_s3_dwh to 2026-02-01 00:00:00+00:00, run_after=2026-03-01 00:00:00+00:00
[2026-02-28T12:59:59.938+0000] {processor.py:183} INFO - Processing /opt/airflow/dags/oltp_s3_dwh.py took 0.384 seconds
[2026-02-28T13:00:30.114+0000] {processor.py:161} INFO - Started process (PID=14448) to work on /opt/airflow/dags/oltp_s3_dwh.py
[2026-02-28T13:00:30.115+0000] {processor.py:830} INFO - Processing file /opt/airflow/dags/oltp_s3_dwh.py for tasks to queue
[2026-02-28T13:00:30.117+0000] {logging_mixin.py:188} INFO - [2026-02-28T13:00:30.117+0000] {dagbag.py:545} INFO - Filling up the DagBag from /opt/airflow/dags/oltp_s3_dwh.py
[2026-02-28T13:00:30.406+0000] {processor.py:840} INFO - DAG(s) 'oltp_s3_dwh' retrieved from /opt/airflow/dags/oltp_s3_dwh.py
[2026-02-28T13:00:30.433+0000] {logging_mixin.py:188} INFO - [2026-02-28T13:00:30.432+0000] {dag.py:3089} INFO - Sync 1 DAGs
[2026-02-28T13:00:30.453+0000] {logging_mixin.py:188} INFO - [2026-02-28T13:00:30.453+0000] {dag.py:3947} INFO - Setting next_dagrun for oltp_s3_dwh to 2026-02-01 00:00:00+00:00, run_after=2026-03-01 00:00:00+00:00
[2026-02-28T13:00:30.474+0000] {processor.py:183} INFO - Processing /opt/airflow/dags/oltp_s3_dwh.py took 0.366 seconds
[2026-02-28T13:01:01.322+0000] {processor.py:161} INFO - Started process (PID=14479) to work on /opt/airflow/dags/oltp_s3_dwh.py
[2026-02-28T13:01:01.323+0000] {processor.py:830} INFO - Processing file /opt/airflow/dags/oltp_s3_dwh.py for tasks to queue
[2026-02-28T13:01:01.325+0000] {logging_mixin.py:188} INFO - [2026-02-28T13:01:01.325+0000] {dagbag.py:545} INFO - Filling up the DagBag from /opt/airflow/dags/oltp_s3_dwh.py
[2026-02-28T13:01:01.717+0000] {processor.py:840} INFO - DAG(s) 'oltp_s3_dwh' retrieved from /opt/airflow/dags/oltp_s3_dwh.py
[2026-02-28T13:01:01.754+0000] {logging_mixin.py:188} INFO - [2026-02-28T13:01:01.753+0000] {dag.py:3089} INFO - Sync 1 DAGs
[2026-02-28T13:01:01.782+0000] {logging_mixin.py:188} INFO - [2026-02-28T13:01:01.782+0000] {dag.py:3947} INFO - Setting next_dagrun for oltp_s3_dwh to 2026-02-01 00:00:00+00:00, run_after=2026-03-01 00:00:00+00:00
[2026-02-28T13:01:01.817+0000] {processor.py:183} INFO - Processing /opt/airflow/dags/oltp_s3_dwh.py took 0.501 seconds
[2026-02-28T13:01:32.436+0000] {processor.py:161} INFO - Started process (PID=14518) to work on /opt/airflow/dags/oltp_s3_dwh.py
[2026-02-28T13:01:32.437+0000] {processor.py:830} INFO - Processing file /opt/airflow/dags/oltp_s3_dwh.py for tasks to queue
[2026-02-28T13:01:32.440+0000] {logging_mixin.py:188} INFO - [2026-02-28T13:01:32.439+0000] {dagbag.py:545} INFO - Filling up the DagBag from /opt/airflow/dags/oltp_s3_dwh.py
[2026-02-28T13:01:32.773+0000] {processor.py:840} INFO - DAG(s) 'oltp_s3_dwh' retrieved from /opt/airflow/dags/oltp_s3_dwh.py
[2026-02-28T13:01:32.802+0000] {logging_mixin.py:188} INFO - [2026-02-28T13:01:32.802+0000] {dag.py:3089} INFO - Sync 1 DAGs
[2026-02-28T13:01:32.826+0000] {logging_mixin.py:188} INFO - [2026-02-28T13:01:32.826+0000] {dag.py:3947} INFO - Setting next_dagrun for oltp_s3_dwh to 2026-02-01 00:00:00+00:00, run_after=2026-03-01 00:00:00+00:00
[2026-02-28T13:01:32.845+0000] {processor.py:183} INFO - Processing /opt/airflow/dags/oltp_s3_dwh.py took 0.416 seconds
[2026-02-28T13:02:02.965+0000] {processor.py:161} INFO - Started process (PID=14548) to work on /opt/airflow/dags/oltp_s3_dwh.py
[2026-02-28T13:02:02.966+0000] {processor.py:830} INFO - Processing file /opt/airflow/dags/oltp_s3_dwh.py for tasks to queue
[2026-02-28T13:02:02.968+0000] {logging_mixin.py:188} INFO - [2026-02-28T13:02:02.968+0000] {dagbag.py:545} INFO - Filling up the DagBag from /opt/airflow/dags/oltp_s3_dwh.py
[2026-02-28T13:02:03.260+0000] {processor.py:840} INFO - DAG(s) 'oltp_s3_dwh' retrieved from /opt/airflow/dags/oltp_s3_dwh.py
[2026-02-28T13:02:03.284+0000] {logging_mixin.py:188} INFO - [2026-02-28T13:02:03.284+0000] {dag.py:3089} INFO - Sync 1 DAGs
[2026-02-28T13:02:03.305+0000] {logging_mixin.py:188} INFO - [2026-02-28T13:02:03.304+0000] {dag.py:3947} INFO - Setting next_dagrun for oltp_s3_dwh to 2026-02-01 00:00:00+00:00, run_after=2026-03-01 00:00:00+00:00
[2026-02-28T13:02:03.323+0000] {processor.py:183} INFO - Processing /opt/airflow/dags/oltp_s3_dwh.py took 0.366 seconds
[2026-02-28T13:02:33.513+0000] {processor.py:161} INFO - Started process (PID=14578) to work on /opt/airflow/dags/oltp_s3_dwh.py
[2026-02-28T13:02:33.514+0000] {processor.py:830} INFO - Processing file /opt/airflow/dags/oltp_s3_dwh.py for tasks to queue
[2026-02-28T13:02:33.517+0000] {logging_mixin.py:188} INFO - [2026-02-28T13:02:33.516+0000] {dagbag.py:545} INFO - Filling up the DagBag from /opt/airflow/dags/oltp_s3_dwh.py
[2026-02-28T13:02:33.970+0000] {processor.py:840} INFO - DAG(s) 'oltp_s3_dwh' retrieved from /opt/airflow/dags/oltp_s3_dwh.py
[2026-02-28T13:02:34.001+0000] {logging_mixin.py:188} INFO - [2026-02-28T13:02:34.000+0000] {dag.py:3089} INFO - Sync 1 DAGs
[2026-02-28T13:02:34.024+0000] {logging_mixin.py:188} INFO - [2026-02-28T13:02:34.024+0000] {dag.py:3947} INFO - Setting next_dagrun for oltp_s3_dwh to 2026-02-01 00:00:00+00:00, run_after=2026-03-01 00:00:00+00:00
[2026-02-28T13:02:34.044+0000] {processor.py:183} INFO - Processing /opt/airflow/dags/oltp_s3_dwh.py took 0.537 seconds
[2026-02-28T13:03:04.665+0000] {processor.py:161} INFO - Started process (PID=14616) to work on /opt/airflow/dags/oltp_s3_dwh.py
[2026-02-28T13:03:04.667+0000] {processor.py:830} INFO - Processing file /opt/airflow/dags/oltp_s3_dwh.py for tasks to queue
[2026-02-28T13:03:04.669+0000] {logging_mixin.py:188} INFO - [2026-02-28T13:03:04.668+0000] {dagbag.py:545} INFO - Filling up the DagBag from /opt/airflow/dags/oltp_s3_dwh.py
[2026-02-28T13:03:05.016+0000] {processor.py:840} INFO - DAG(s) 'oltp_s3_dwh' retrieved from /opt/airflow/dags/oltp_s3_dwh.py
[2026-02-28T13:03:05.054+0000] {logging_mixin.py:188} INFO - [2026-02-28T13:03:05.053+0000] {dag.py:3089} INFO - Sync 1 DAGs
[2026-02-28T13:03:05.080+0000] {logging_mixin.py:188} INFO - [2026-02-28T13:03:05.080+0000] {dag.py:3947} INFO - Setting next_dagrun for oltp_s3_dwh to 2026-02-01 00:00:00+00:00, run_after=2026-03-01 00:00:00+00:00
[2026-02-28T13:03:05.108+0000] {processor.py:183} INFO - Processing /opt/airflow/dags/oltp_s3_dwh.py took 0.450 seconds
[2026-02-28T13:03:35.581+0000] {processor.py:161} INFO - Started process (PID=14648) to work on /opt/airflow/dags/oltp_s3_dwh.py
[2026-02-28T13:03:35.583+0000] {processor.py:830} INFO - Processing file /opt/airflow/dags/oltp_s3_dwh.py for tasks to queue
[2026-02-28T13:03:35.585+0000] {logging_mixin.py:188} INFO - [2026-02-28T13:03:35.584+0000] {dagbag.py:545} INFO - Filling up the DagBag from /opt/airflow/dags/oltp_s3_dwh.py
[2026-02-28T13:03:35.930+0000] {processor.py:840} INFO - DAG(s) 'oltp_s3_dwh' retrieved from /opt/airflow/dags/oltp_s3_dwh.py
[2026-02-28T13:03:35.968+0000] {logging_mixin.py:188} INFO - [2026-02-28T13:03:35.967+0000] {dag.py:3089} INFO - Sync 1 DAGs
[2026-02-28T13:03:35.995+0000] {logging_mixin.py:188} INFO - [2026-02-28T13:03:35.995+0000] {dag.py:3947} INFO - Setting next_dagrun for oltp_s3_dwh to 2026-02-01 00:00:00+00:00, run_after=2026-03-01 00:00:00+00:00
[2026-02-28T13:03:36.019+0000] {processor.py:183} INFO - Processing /opt/airflow/dags/oltp_s3_dwh.py took 0.446 seconds
[2026-02-28T13:04:06.503+0000] {processor.py:161} INFO - Started process (PID=14680) to work on /opt/airflow/dags/oltp_s3_dwh.py
[2026-02-28T13:04:06.506+0000] {processor.py:830} INFO - Processing file /opt/airflow/dags/oltp_s3_dwh.py for tasks to queue
[2026-02-28T13:04:06.511+0000] {logging_mixin.py:188} INFO - [2026-02-28T13:04:06.510+0000] {dagbag.py:545} INFO - Filling up the DagBag from /opt/airflow/dags/oltp_s3_dwh.py
[2026-02-28T13:04:06.932+0000] {processor.py:840} INFO - DAG(s) 'oltp_s3_dwh' retrieved from /opt/airflow/dags/oltp_s3_dwh.py
[2026-02-28T13:04:06.959+0000] {logging_mixin.py:188} INFO - [2026-02-28T13:04:06.959+0000] {dag.py:3089} INFO - Sync 1 DAGs
[2026-02-28T13:04:06.982+0000] {logging_mixin.py:188} INFO - [2026-02-28T13:04:06.982+0000] {dag.py:3947} INFO - Setting next_dagrun for oltp_s3_dwh to 2026-02-01 00:00:00+00:00, run_after=2026-03-01 00:00:00+00:00
[2026-02-28T13:04:07.009+0000] {processor.py:183} INFO - Processing /opt/airflow/dags/oltp_s3_dwh.py took 0.524 seconds
[2026-02-28T13:04:37.372+0000] {processor.py:161} INFO - Started process (PID=14718) to work on /opt/airflow/dags/oltp_s3_dwh.py
[2026-02-28T13:04:37.373+0000] {processor.py:830} INFO - Processing file /opt/airflow/dags/oltp_s3_dwh.py for tasks to queue
[2026-02-28T13:04:37.376+0000] {logging_mixin.py:188} INFO - [2026-02-28T13:04:37.375+0000] {dagbag.py:545} INFO - Filling up the DagBag from /opt/airflow/dags/oltp_s3_dwh.py
[2026-02-28T13:04:37.686+0000] {processor.py:840} INFO - DAG(s) 'oltp_s3_dwh' retrieved from /opt/airflow/dags/oltp_s3_dwh.py
[2026-02-28T13:04:37.710+0000] {logging_mixin.py:188} INFO - [2026-02-28T13:04:37.709+0000] {dag.py:3089} INFO - Sync 1 DAGs
[2026-02-28T13:04:37.731+0000] {logging_mixin.py:188} INFO - [2026-02-28T13:04:37.731+0000] {dag.py:3947} INFO - Setting next_dagrun for oltp_s3_dwh to 2026-02-01 00:00:00+00:00, run_after=2026-03-01 00:00:00+00:00
[2026-02-28T13:04:37.750+0000] {processor.py:183} INFO - Processing /opt/airflow/dags/oltp_s3_dwh.py took 0.385 seconds
[2026-02-28T13:05:08.069+0000] {processor.py:161} INFO - Started process (PID=14750) to work on /opt/airflow/dags/oltp_s3_dwh.py
[2026-02-28T13:05:08.076+0000] {processor.py:830} INFO - Processing file /opt/airflow/dags/oltp_s3_dwh.py for tasks to queue
[2026-02-28T13:05:08.078+0000] {logging_mixin.py:188} INFO - [2026-02-28T13:05:08.078+0000] {dagbag.py:545} INFO - Filling up the DagBag from /opt/airflow/dags/oltp_s3_dwh.py
[2026-02-28T13:05:08.378+0000] {processor.py:840} INFO - DAG(s) 'oltp_s3_dwh' retrieved from /opt/airflow/dags/oltp_s3_dwh.py
[2026-02-28T13:05:08.405+0000] {logging_mixin.py:188} INFO - [2026-02-28T13:05:08.405+0000] {dag.py:3089} INFO - Sync 1 DAGs
[2026-02-28T13:05:08.426+0000] {logging_mixin.py:188} INFO - [2026-02-28T13:05:08.426+0000] {dag.py:3947} INFO - Setting next_dagrun for oltp_s3_dwh to 2026-02-01 00:00:00+00:00, run_after=2026-03-01 00:00:00+00:00
[2026-02-28T13:05:08.448+0000] {processor.py:183} INFO - Processing /opt/airflow/dags/oltp_s3_dwh.py took 0.385 seconds
[2026-02-28T13:05:38.781+0000] {processor.py:161} INFO - Started process (PID=14781) to work on /opt/airflow/dags/oltp_s3_dwh.py
[2026-02-28T13:05:38.782+0000] {processor.py:830} INFO - Processing file /opt/airflow/dags/oltp_s3_dwh.py for tasks to queue
[2026-02-28T13:05:38.785+0000] {logging_mixin.py:188} INFO - [2026-02-28T13:05:38.784+0000] {dagbag.py:545} INFO - Filling up the DagBag from /opt/airflow/dags/oltp_s3_dwh.py
[2026-02-28T13:05:39.074+0000] {processor.py:840} INFO - DAG(s) 'oltp_s3_dwh' retrieved from /opt/airflow/dags/oltp_s3_dwh.py
[2026-02-28T13:05:39.099+0000] {logging_mixin.py:188} INFO - [2026-02-28T13:05:39.098+0000] {dag.py:3089} INFO - Sync 1 DAGs
[2026-02-28T13:05:39.121+0000] {logging_mixin.py:188} INFO - [2026-02-28T13:05:39.120+0000] {dag.py:3947} INFO - Setting next_dagrun for oltp_s3_dwh to 2026-02-01 00:00:00+00:00, run_after=2026-03-01 00:00:00+00:00
[2026-02-28T13:05:39.142+0000] {processor.py:183} INFO - Processing /opt/airflow/dags/oltp_s3_dwh.py took 0.367 seconds
[2026-02-28T13:06:09.461+0000] {processor.py:161} INFO - Started process (PID=14818) to work on /opt/airflow/dags/oltp_s3_dwh.py
[2026-02-28T13:06:09.463+0000] {processor.py:830} INFO - Processing file /opt/airflow/dags/oltp_s3_dwh.py for tasks to queue
[2026-02-28T13:06:09.465+0000] {logging_mixin.py:188} INFO - [2026-02-28T13:06:09.465+0000] {dagbag.py:545} INFO - Filling up the DagBag from /opt/airflow/dags/oltp_s3_dwh.py
[2026-02-28T13:06:09.784+0000] {processor.py:840} INFO - DAG(s) 'oltp_s3_dwh' retrieved from /opt/airflow/dags/oltp_s3_dwh.py
[2026-02-28T13:06:09.815+0000] {logging_mixin.py:188} INFO - [2026-02-28T13:06:09.814+0000] {dag.py:3089} INFO - Sync 1 DAGs
[2026-02-28T13:06:09.840+0000] {logging_mixin.py:188} INFO - [2026-02-28T13:06:09.840+0000] {dag.py:3947} INFO - Setting next_dagrun for oltp_s3_dwh to 2026-02-01 00:00:00+00:00, run_after=2026-03-01 00:00:00+00:00
[2026-02-28T13:06:09.865+0000] {processor.py:183} INFO - Processing /opt/airflow/dags/oltp_s3_dwh.py took 0.411 seconds
[2026-02-28T13:06:40.558+0000] {processor.py:161} INFO - Started process (PID=14849) to work on /opt/airflow/dags/oltp_s3_dwh.py
[2026-02-28T13:06:40.561+0000] {processor.py:830} INFO - Processing file /opt/airflow/dags/oltp_s3_dwh.py for tasks to queue
[2026-02-28T13:06:40.566+0000] {logging_mixin.py:188} INFO - [2026-02-28T13:06:40.564+0000] {dagbag.py:545} INFO - Filling up the DagBag from /opt/airflow/dags/oltp_s3_dwh.py
[2026-02-28T13:06:40.919+0000] {processor.py:840} INFO - DAG(s) 'oltp_s3_dwh' retrieved from /opt/airflow/dags/oltp_s3_dwh.py
[2026-02-28T13:06:40.964+0000] {logging_mixin.py:188} INFO - [2026-02-28T13:06:40.964+0000] {dag.py:3089} INFO - Sync 1 DAGs
[2026-02-28T13:06:40.990+0000] {logging_mixin.py:188} INFO - [2026-02-28T13:06:40.990+0000] {dag.py:3947} INFO - Setting next_dagrun for oltp_s3_dwh to 2026-02-01 00:00:00+00:00, run_after=2026-03-01 00:00:00+00:00
[2026-02-28T13:06:41.015+0000] {processor.py:183} INFO - Processing /opt/airflow/dags/oltp_s3_dwh.py took 0.471 seconds
[2026-02-28T13:07:11.464+0000] {processor.py:161} INFO - Started process (PID=14887) to work on /opt/airflow/dags/oltp_s3_dwh.py
[2026-02-28T13:07:11.465+0000] {processor.py:830} INFO - Processing file /opt/airflow/dags/oltp_s3_dwh.py for tasks to queue
[2026-02-28T13:07:11.468+0000] {logging_mixin.py:188} INFO - [2026-02-28T13:07:11.468+0000] {dagbag.py:545} INFO - Filling up the DagBag from /opt/airflow/dags/oltp_s3_dwh.py
[2026-02-28T13:07:11.915+0000] {processor.py:840} INFO - DAG(s) 'oltp_s3_dwh' retrieved from /opt/airflow/dags/oltp_s3_dwh.py
[2026-02-28T13:07:11.954+0000] {logging_mixin.py:188} INFO - [2026-02-28T13:07:11.953+0000] {dag.py:3089} INFO - Sync 1 DAGs
[2026-02-28T13:07:11.989+0000] {logging_mixin.py:188} INFO - [2026-02-28T13:07:11.988+0000] {dag.py:3947} INFO - Setting next_dagrun for oltp_s3_dwh to 2026-02-01 00:00:00+00:00, run_after=2026-03-01 00:00:00+00:00
[2026-02-28T13:07:12.036+0000] {processor.py:183} INFO - Processing /opt/airflow/dags/oltp_s3_dwh.py took 0.581 seconds
[2026-02-28T13:07:42.697+0000] {processor.py:161} INFO - Started process (PID=14918) to work on /opt/airflow/dags/oltp_s3_dwh.py
[2026-02-28T13:07:42.698+0000] {processor.py:830} INFO - Processing file /opt/airflow/dags/oltp_s3_dwh.py for tasks to queue
[2026-02-28T13:07:42.700+0000] {logging_mixin.py:188} INFO - [2026-02-28T13:07:42.700+0000] {dagbag.py:545} INFO - Filling up the DagBag from /opt/airflow/dags/oltp_s3_dwh.py
[2026-02-28T13:07:43.037+0000] {processor.py:840} INFO - DAG(s) 'oltp_s3_dwh' retrieved from /opt/airflow/dags/oltp_s3_dwh.py
[2026-02-28T13:07:43.092+0000] {logging_mixin.py:188} INFO - [2026-02-28T13:07:43.091+0000] {dag.py:3089} INFO - Sync 1 DAGs
[2026-02-28T13:07:43.116+0000] {logging_mixin.py:188} INFO - [2026-02-28T13:07:43.116+0000] {dag.py:3947} INFO - Setting next_dagrun for oltp_s3_dwh to 2026-02-01 00:00:00+00:00, run_after=2026-03-01 00:00:00+00:00
[2026-02-28T13:07:43.143+0000] {processor.py:183} INFO - Processing /opt/airflow/dags/oltp_s3_dwh.py took 0.453 seconds
[2026-02-28T13:08:13.743+0000] {processor.py:161} INFO - Started process (PID=14948) to work on /opt/airflow/dags/oltp_s3_dwh.py
[2026-02-28T13:08:13.747+0000] {processor.py:830} INFO - Processing file /opt/airflow/dags/oltp_s3_dwh.py for tasks to queue
[2026-02-28T13:08:13.752+0000] {logging_mixin.py:188} INFO - [2026-02-28T13:08:13.751+0000] {dagbag.py:545} INFO - Filling up the DagBag from /opt/airflow/dags/oltp_s3_dwh.py
[2026-02-28T13:08:14.247+0000] {processor.py:840} INFO - DAG(s) 'oltp_s3_dwh' retrieved from /opt/airflow/dags/oltp_s3_dwh.py
[2026-02-28T13:08:14.289+0000] {logging_mixin.py:188} INFO - [2026-02-28T13:08:14.288+0000] {dag.py:3089} INFO - Sync 1 DAGs
[2026-02-28T13:08:14.318+0000] {logging_mixin.py:188} INFO - [2026-02-28T13:08:14.318+0000] {dag.py:3947} INFO - Setting next_dagrun for oltp_s3_dwh to 2026-02-01 00:00:00+00:00, run_after=2026-03-01 00:00:00+00:00
[2026-02-28T13:08:14.343+0000] {processor.py:183} INFO - Processing /opt/airflow/dags/oltp_s3_dwh.py took 0.621 seconds
[2026-02-28T13:08:45.081+0000] {processor.py:161} INFO - Started process (PID=14985) to work on /opt/airflow/dags/oltp_s3_dwh.py
[2026-02-28T13:08:45.082+0000] {processor.py:830} INFO - Processing file /opt/airflow/dags/oltp_s3_dwh.py for tasks to queue
[2026-02-28T13:08:45.086+0000] {logging_mixin.py:188} INFO - [2026-02-28T13:08:45.085+0000] {dagbag.py:545} INFO - Filling up the DagBag from /opt/airflow/dags/oltp_s3_dwh.py
[2026-02-28T13:08:45.442+0000] {processor.py:840} INFO - DAG(s) 'oltp_s3_dwh' retrieved from /opt/airflow/dags/oltp_s3_dwh.py
[2026-02-28T13:08:45.471+0000] {logging_mixin.py:188} INFO - [2026-02-28T13:08:45.471+0000] {dag.py:3089} INFO - Sync 1 DAGs
[2026-02-28T13:08:45.493+0000] {logging_mixin.py:188} INFO - [2026-02-28T13:08:45.493+0000] {dag.py:3947} INFO - Setting next_dagrun for oltp_s3_dwh to 2026-02-01 00:00:00+00:00, run_after=2026-03-01 00:00:00+00:00
[2026-02-28T13:08:45.517+0000] {processor.py:183} INFO - Processing /opt/airflow/dags/oltp_s3_dwh.py took 0.443 seconds
[2026-02-28T13:09:16.128+0000] {processor.py:161} INFO - Started process (PID=15016) to work on /opt/airflow/dags/oltp_s3_dwh.py
[2026-02-28T13:09:16.130+0000] {processor.py:830} INFO - Processing file /opt/airflow/dags/oltp_s3_dwh.py for tasks to queue
[2026-02-28T13:09:16.133+0000] {logging_mixin.py:188} INFO - [2026-02-28T13:09:16.132+0000] {dagbag.py:545} INFO - Filling up the DagBag from /opt/airflow/dags/oltp_s3_dwh.py
[2026-02-28T13:09:16.497+0000] {processor.py:840} INFO - DAG(s) 'oltp_s3_dwh' retrieved from /opt/airflow/dags/oltp_s3_dwh.py
[2026-02-28T13:09:16.527+0000] {logging_mixin.py:188} INFO - [2026-02-28T13:09:16.526+0000] {dag.py:3089} INFO - Sync 1 DAGs
[2026-02-28T13:09:16.550+0000] {logging_mixin.py:188} INFO - [2026-02-28T13:09:16.550+0000] {dag.py:3947} INFO - Setting next_dagrun for oltp_s3_dwh to 2026-02-01 00:00:00+00:00, run_after=2026-03-01 00:00:00+00:00
[2026-02-28T13:09:16.574+0000] {processor.py:183} INFO - Processing /opt/airflow/dags/oltp_s3_dwh.py took 0.456 seconds
[2026-02-28T13:09:47.035+0000] {processor.py:161} INFO - Started process (PID=15046) to work on /opt/airflow/dags/oltp_s3_dwh.py
[2026-02-28T13:09:47.037+0000] {processor.py:830} INFO - Processing file /opt/airflow/dags/oltp_s3_dwh.py for tasks to queue
[2026-02-28T13:09:47.040+0000] {logging_mixin.py:188} INFO - [2026-02-28T13:09:47.039+0000] {dagbag.py:545} INFO - Filling up the DagBag from /opt/airflow/dags/oltp_s3_dwh.py
[2026-02-28T13:09:47.346+0000] {processor.py:840} INFO - DAG(s) 'oltp_s3_dwh' retrieved from /opt/airflow/dags/oltp_s3_dwh.py
[2026-02-28T13:09:47.374+0000] {logging_mixin.py:188} INFO - [2026-02-28T13:09:47.373+0000] {dag.py:3089} INFO - Sync 1 DAGs
[2026-02-28T13:09:47.397+0000] {logging_mixin.py:188} INFO - [2026-02-28T13:09:47.397+0000] {dag.py:3947} INFO - Setting next_dagrun for oltp_s3_dwh to 2026-02-01 00:00:00+00:00, run_after=2026-03-01 00:00:00+00:00
[2026-02-28T13:09:47.426+0000] {processor.py:183} INFO - Processing /opt/airflow/dags/oltp_s3_dwh.py took 0.397 seconds
[2026-02-28T13:10:17.691+0000] {processor.py:161} INFO - Started process (PID=15083) to work on /opt/airflow/dags/oltp_s3_dwh.py
[2026-02-28T13:10:17.693+0000] {processor.py:830} INFO - Processing file /opt/airflow/dags/oltp_s3_dwh.py for tasks to queue
[2026-02-28T13:10:17.695+0000] {logging_mixin.py:188} INFO - [2026-02-28T13:10:17.695+0000] {dagbag.py:545} INFO - Filling up the DagBag from /opt/airflow/dags/oltp_s3_dwh.py
[2026-02-28T13:10:18.060+0000] {processor.py:840} INFO - DAG(s) 'oltp_s3_dwh' retrieved from /opt/airflow/dags/oltp_s3_dwh.py
[2026-02-28T13:10:18.094+0000] {logging_mixin.py:188} INFO - [2026-02-28T13:10:18.094+0000] {dag.py:3089} INFO - Sync 1 DAGs
[2026-02-28T13:10:18.119+0000] {logging_mixin.py:188} INFO - [2026-02-28T13:10:18.119+0000] {dag.py:3947} INFO - Setting next_dagrun for oltp_s3_dwh to 2026-02-01 00:00:00+00:00, run_after=2026-03-01 00:00:00+00:00
[2026-02-28T13:10:18.142+0000] {processor.py:183} INFO - Processing /opt/airflow/dags/oltp_s3_dwh.py took 0.457 seconds
[2026-02-28T13:10:48.867+0000] {processor.py:161} INFO - Started process (PID=15114) to work on /opt/airflow/dags/oltp_s3_dwh.py
[2026-02-28T13:10:48.868+0000] {processor.py:830} INFO - Processing file /opt/airflow/dags/oltp_s3_dwh.py for tasks to queue
[2026-02-28T13:10:48.871+0000] {logging_mixin.py:188} INFO - [2026-02-28T13:10:48.870+0000] {dagbag.py:545} INFO - Filling up the DagBag from /opt/airflow/dags/oltp_s3_dwh.py
[2026-02-28T13:10:49.173+0000] {processor.py:840} INFO - DAG(s) 'oltp_s3_dwh' retrieved from /opt/airflow/dags/oltp_s3_dwh.py
[2026-02-28T13:10:49.201+0000] {logging_mixin.py:188} INFO - [2026-02-28T13:10:49.201+0000] {dag.py:3089} INFO - Sync 1 DAGs
[2026-02-28T13:10:49.223+0000] {logging_mixin.py:188} INFO - [2026-02-28T13:10:49.223+0000] {dag.py:3947} INFO - Setting next_dagrun for oltp_s3_dwh to 2026-02-01 00:00:00+00:00, run_after=2026-03-01 00:00:00+00:00
[2026-02-28T13:10:49.245+0000] {processor.py:183} INFO - Processing /opt/airflow/dags/oltp_s3_dwh.py took 0.385 seconds
[2026-02-28T13:11:19.433+0000] {processor.py:161} INFO - Started process (PID=15152) to work on /opt/airflow/dags/oltp_s3_dwh.py
[2026-02-28T13:11:19.434+0000] {processor.py:830} INFO - Processing file /opt/airflow/dags/oltp_s3_dwh.py for tasks to queue
[2026-02-28T13:11:19.437+0000] {logging_mixin.py:188} INFO - [2026-02-28T13:11:19.436+0000] {dagbag.py:545} INFO - Filling up the DagBag from /opt/airflow/dags/oltp_s3_dwh.py
[2026-02-28T13:11:19.751+0000] {processor.py:840} INFO - DAG(s) 'oltp_s3_dwh' retrieved from /opt/airflow/dags/oltp_s3_dwh.py
[2026-02-28T13:11:19.782+0000] {logging_mixin.py:188} INFO - [2026-02-28T13:11:19.781+0000] {dag.py:3089} INFO - Sync 1 DAGs
[2026-02-28T13:11:19.807+0000] {logging_mixin.py:188} INFO - [2026-02-28T13:11:19.807+0000] {dag.py:3947} INFO - Setting next_dagrun for oltp_s3_dwh to 2026-02-01 00:00:00+00:00, run_after=2026-03-01 00:00:00+00:00
[2026-02-28T13:11:19.838+0000] {processor.py:183} INFO - Processing /opt/airflow/dags/oltp_s3_dwh.py took 0.412 seconds
[2026-02-28T13:11:50.474+0000] {processor.py:161} INFO - Started process (PID=15183) to work on /opt/airflow/dags/oltp_s3_dwh.py
[2026-02-28T13:11:50.475+0000] {processor.py:830} INFO - Processing file /opt/airflow/dags/oltp_s3_dwh.py for tasks to queue
[2026-02-28T13:11:50.477+0000] {logging_mixin.py:188} INFO - [2026-02-28T13:11:50.477+0000] {dagbag.py:545} INFO - Filling up the DagBag from /opt/airflow/dags/oltp_s3_dwh.py
[2026-02-28T13:11:50.780+0000] {processor.py:840} INFO - DAG(s) 'oltp_s3_dwh' retrieved from /opt/airflow/dags/oltp_s3_dwh.py
[2026-02-28T13:11:50.807+0000] {logging_mixin.py:188} INFO - [2026-02-28T13:11:50.807+0000] {dag.py:3089} INFO - Sync 1 DAGs
[2026-02-28T13:11:50.832+0000] {logging_mixin.py:188} INFO - [2026-02-28T13:11:50.832+0000] {dag.py:3947} INFO - Setting next_dagrun for oltp_s3_dwh to 2026-02-01 00:00:00+00:00, run_after=2026-03-01 00:00:00+00:00
[2026-02-28T13:11:50.853+0000] {processor.py:183} INFO - Processing /opt/airflow/dags/oltp_s3_dwh.py took 0.386 seconds
[2026-02-28T13:12:21.578+0000] {processor.py:161} INFO - Started process (PID=15214) to work on /opt/airflow/dags/oltp_s3_dwh.py
[2026-02-28T13:12:21.579+0000] {processor.py:830} INFO - Processing file /opt/airflow/dags/oltp_s3_dwh.py for tasks to queue
[2026-02-28T13:12:21.581+0000] {logging_mixin.py:188} INFO - [2026-02-28T13:12:21.581+0000] {dagbag.py:545} INFO - Filling up the DagBag from /opt/airflow/dags/oltp_s3_dwh.py
[2026-02-28T13:12:21.884+0000] {processor.py:840} INFO - DAG(s) 'oltp_s3_dwh' retrieved from /opt/airflow/dags/oltp_s3_dwh.py
[2026-02-28T13:12:21.913+0000] {logging_mixin.py:188} INFO - [2026-02-28T13:12:21.912+0000] {dag.py:3089} INFO - Sync 1 DAGs
[2026-02-28T13:12:21.935+0000] {logging_mixin.py:188} INFO - [2026-02-28T13:12:21.934+0000] {dag.py:3947} INFO - Setting next_dagrun for oltp_s3_dwh to 2026-02-01 00:00:00+00:00, run_after=2026-03-01 00:00:00+00:00
[2026-02-28T13:12:21.959+0000] {processor.py:183} INFO - Processing /opt/airflow/dags/oltp_s3_dwh.py took 0.388 seconds
[2026-02-28T13:12:52.229+0000] {processor.py:161} INFO - Started process (PID=15252) to work on /opt/airflow/dags/oltp_s3_dwh.py
[2026-02-28T13:12:52.230+0000] {processor.py:830} INFO - Processing file /opt/airflow/dags/oltp_s3_dwh.py for tasks to queue
[2026-02-28T13:12:52.232+0000] {logging_mixin.py:188} INFO - [2026-02-28T13:12:52.232+0000] {dagbag.py:545} INFO - Filling up the DagBag from /opt/airflow/dags/oltp_s3_dwh.py
[2026-02-28T13:12:52.597+0000] {processor.py:840} INFO - DAG(s) 'oltp_s3_dwh' retrieved from /opt/airflow/dags/oltp_s3_dwh.py
[2026-02-28T13:12:52.635+0000] {logging_mixin.py:188} INFO - [2026-02-28T13:12:52.635+0000] {dag.py:3089} INFO - Sync 1 DAGs
[2026-02-28T13:12:52.667+0000] {logging_mixin.py:188} INFO - [2026-02-28T13:12:52.667+0000] {dag.py:3947} INFO - Setting next_dagrun for oltp_s3_dwh to 2026-02-01 00:00:00+00:00, run_after=2026-03-01 00:00:00+00:00
[2026-02-28T13:12:52.716+0000] {processor.py:183} INFO - Processing /opt/airflow/dags/oltp_s3_dwh.py took 0.494 seconds
[2026-02-28T13:13:23.392+0000] {processor.py:161} INFO - Started process (PID=15283) to work on /opt/airflow/dags/oltp_s3_dwh.py
[2026-02-28T13:13:23.394+0000] {processor.py:830} INFO - Processing file /opt/airflow/dags/oltp_s3_dwh.py for tasks to queue
[2026-02-28T13:13:23.396+0000] {logging_mixin.py:188} INFO - [2026-02-28T13:13:23.396+0000] {dagbag.py:545} INFO - Filling up the DagBag from /opt/airflow/dags/oltp_s3_dwh.py
[2026-02-28T13:13:23.698+0000] {processor.py:840} INFO - DAG(s) 'oltp_s3_dwh' retrieved from /opt/airflow/dags/oltp_s3_dwh.py
[2026-02-28T13:13:23.725+0000] {logging_mixin.py:188} INFO - [2026-02-28T13:13:23.724+0000] {dag.py:3089} INFO - Sync 1 DAGs
[2026-02-28T13:13:23.746+0000] {logging_mixin.py:188} INFO - [2026-02-28T13:13:23.745+0000] {dag.py:3947} INFO - Setting next_dagrun for oltp_s3_dwh to 2026-02-01 00:00:00+00:00, run_after=2026-03-01 00:00:00+00:00
[2026-02-28T13:13:23.765+0000] {processor.py:183} INFO - Processing /opt/airflow/dags/oltp_s3_dwh.py took 0.380 seconds
[2026-02-28T13:13:54.003+0000] {processor.py:161} INFO - Started process (PID=15313) to work on /opt/airflow/dags/oltp_s3_dwh.py
[2026-02-28T13:13:54.004+0000] {processor.py:830} INFO - Processing file /opt/airflow/dags/oltp_s3_dwh.py for tasks to queue
[2026-02-28T13:13:54.007+0000] {logging_mixin.py:188} INFO - [2026-02-28T13:13:54.007+0000] {dagbag.py:545} INFO - Filling up the DagBag from /opt/airflow/dags/oltp_s3_dwh.py
[2026-02-28T13:13:54.362+0000] {processor.py:840} INFO - DAG(s) 'oltp_s3_dwh' retrieved from /opt/airflow/dags/oltp_s3_dwh.py
[2026-02-28T13:13:54.421+0000] {logging_mixin.py:188} INFO - [2026-02-28T13:13:54.421+0000] {dag.py:3089} INFO - Sync 1 DAGs
[2026-02-28T13:13:54.459+0000] {logging_mixin.py:188} INFO - [2026-02-28T13:13:54.459+0000] {dag.py:3947} INFO - Setting next_dagrun for oltp_s3_dwh to 2026-02-01 00:00:00+00:00, run_after=2026-03-01 00:00:00+00:00
[2026-02-28T13:13:54.493+0000] {processor.py:183} INFO - Processing /opt/airflow/dags/oltp_s3_dwh.py took 0.497 seconds
[2026-02-28T13:14:25.072+0000] {processor.py:161} INFO - Started process (PID=15351) to work on /opt/airflow/dags/oltp_s3_dwh.py
[2026-02-28T13:14:25.073+0000] {processor.py:830} INFO - Processing file /opt/airflow/dags/oltp_s3_dwh.py for tasks to queue
[2026-02-28T13:14:25.076+0000] {logging_mixin.py:188} INFO - [2026-02-28T13:14:25.075+0000] {dagbag.py:545} INFO - Filling up the DagBag from /opt/airflow/dags/oltp_s3_dwh.py
[2026-02-28T13:14:25.381+0000] {processor.py:840} INFO - DAG(s) 'oltp_s3_dwh' retrieved from /opt/airflow/dags/oltp_s3_dwh.py
[2026-02-28T13:14:25.411+0000] {logging_mixin.py:188} INFO - [2026-02-28T13:14:25.410+0000] {dag.py:3089} INFO - Sync 1 DAGs
[2026-02-28T13:14:25.431+0000] {logging_mixin.py:188} INFO - [2026-02-28T13:14:25.431+0000] {dag.py:3947} INFO - Setting next_dagrun for oltp_s3_dwh to 2026-02-01 00:00:00+00:00, run_after=2026-03-01 00:00:00+00:00
[2026-02-28T13:14:25.450+0000] {processor.py:183} INFO - Processing /opt/airflow/dags/oltp_s3_dwh.py took 0.385 seconds
[2026-02-28T13:14:55.939+0000] {processor.py:161} INFO - Started process (PID=15381) to work on /opt/airflow/dags/oltp_s3_dwh.py
[2026-02-28T13:14:55.942+0000] {processor.py:830} INFO - Processing file /opt/airflow/dags/oltp_s3_dwh.py for tasks to queue
[2026-02-28T13:14:55.944+0000] {logging_mixin.py:188} INFO - [2026-02-28T13:14:55.943+0000] {dagbag.py:545} INFO - Filling up the DagBag from /opt/airflow/dags/oltp_s3_dwh.py
[2026-02-28T13:14:56.266+0000] {processor.py:840} INFO - DAG(s) 'oltp_s3_dwh' retrieved from /opt/airflow/dags/oltp_s3_dwh.py
[2026-02-28T13:14:56.294+0000] {logging_mixin.py:188} INFO - [2026-02-28T13:14:56.294+0000] {dag.py:3089} INFO - Sync 1 DAGs
[2026-02-28T13:14:56.316+0000] {logging_mixin.py:188} INFO - [2026-02-28T13:14:56.316+0000] {dag.py:3947} INFO - Setting next_dagrun for oltp_s3_dwh to 2026-02-01 00:00:00+00:00, run_after=2026-03-01 00:00:00+00:00
[2026-02-28T13:14:56.342+0000] {processor.py:183} INFO - Processing /opt/airflow/dags/oltp_s3_dwh.py took 0.409 seconds
[2026-02-28T13:15:27.196+0000] {processor.py:161} INFO - Started process (PID=15419) to work on /opt/airflow/dags/oltp_s3_dwh.py
[2026-02-28T13:15:27.197+0000] {processor.py:830} INFO - Processing file /opt/airflow/dags/oltp_s3_dwh.py for tasks to queue
[2026-02-28T13:15:27.200+0000] {logging_mixin.py:188} INFO - [2026-02-28T13:15:27.199+0000] {dagbag.py:545} INFO - Filling up the DagBag from /opt/airflow/dags/oltp_s3_dwh.py
[2026-02-28T13:15:27.572+0000] {processor.py:840} INFO - DAG(s) 'oltp_s3_dwh' retrieved from /opt/airflow/dags/oltp_s3_dwh.py
[2026-02-28T13:15:27.602+0000] {logging_mixin.py:188} INFO - [2026-02-28T13:15:27.601+0000] {dag.py:3089} INFO - Sync 1 DAGs
[2026-02-28T13:15:27.629+0000] {logging_mixin.py:188} INFO - [2026-02-28T13:15:27.629+0000] {dag.py:3947} INFO - Setting next_dagrun for oltp_s3_dwh to 2026-02-01 00:00:00+00:00, run_after=2026-03-01 00:00:00+00:00
[2026-02-28T13:15:27.654+0000] {processor.py:183} INFO - Processing /opt/airflow/dags/oltp_s3_dwh.py took 0.465 seconds
[2026-02-28T13:15:58.227+0000] {processor.py:161} INFO - Started process (PID=15450) to work on /opt/airflow/dags/oltp_s3_dwh.py
[2026-02-28T13:15:58.228+0000] {processor.py:830} INFO - Processing file /opt/airflow/dags/oltp_s3_dwh.py for tasks to queue
[2026-02-28T13:15:58.230+0000] {logging_mixin.py:188} INFO - [2026-02-28T13:15:58.230+0000] {dagbag.py:545} INFO - Filling up the DagBag from /opt/airflow/dags/oltp_s3_dwh.py
[2026-02-28T13:15:58.528+0000] {processor.py:840} INFO - DAG(s) 'oltp_s3_dwh' retrieved from /opt/airflow/dags/oltp_s3_dwh.py
[2026-02-28T13:15:58.556+0000] {logging_mixin.py:188} INFO - [2026-02-28T13:15:58.555+0000] {dag.py:3089} INFO - Sync 1 DAGs
[2026-02-28T13:15:58.578+0000] {logging_mixin.py:188} INFO - [2026-02-28T13:15:58.578+0000] {dag.py:3947} INFO - Setting next_dagrun for oltp_s3_dwh to 2026-02-01 00:00:00+00:00, run_after=2026-03-01 00:00:00+00:00
[2026-02-28T13:15:58.601+0000] {processor.py:183} INFO - Processing /opt/airflow/dags/oltp_s3_dwh.py took 0.380 seconds
[2026-02-28T13:16:29.147+0000] {processor.py:161} INFO - Started process (PID=15480) to work on /opt/airflow/dags/oltp_s3_dwh.py
[2026-02-28T13:16:29.148+0000] {processor.py:830} INFO - Processing file /opt/airflow/dags/oltp_s3_dwh.py for tasks to queue
[2026-02-28T13:16:29.151+0000] {logging_mixin.py:188} INFO - [2026-02-28T13:16:29.150+0000] {dagbag.py:545} INFO - Filling up the DagBag from /opt/airflow/dags/oltp_s3_dwh.py
[2026-02-28T13:16:29.460+0000] {processor.py:840} INFO - DAG(s) 'oltp_s3_dwh' retrieved from /opt/airflow/dags/oltp_s3_dwh.py
[2026-02-28T13:16:29.491+0000] {logging_mixin.py:188} INFO - [2026-02-28T13:16:29.491+0000] {dag.py:3089} INFO - Sync 1 DAGs
[2026-02-28T13:16:29.514+0000] {logging_mixin.py:188} INFO - [2026-02-28T13:16:29.513+0000] {dag.py:3947} INFO - Setting next_dagrun for oltp_s3_dwh to 2026-02-01 00:00:00+00:00, run_after=2026-03-01 00:00:00+00:00
[2026-02-28T13:16:29.536+0000] {processor.py:183} INFO - Processing /opt/airflow/dags/oltp_s3_dwh.py took 0.395 seconds
[2026-02-28T13:16:59.690+0000] {processor.py:161} INFO - Started process (PID=15520) to work on /opt/airflow/dags/oltp_s3_dwh.py
[2026-02-28T13:16:59.691+0000] {processor.py:830} INFO - Processing file /opt/airflow/dags/oltp_s3_dwh.py for tasks to queue
[2026-02-28T13:16:59.694+0000] {logging_mixin.py:188} INFO - [2026-02-28T13:16:59.693+0000] {dagbag.py:545} INFO - Filling up the DagBag from /opt/airflow/dags/oltp_s3_dwh.py
[2026-02-28T13:17:00.037+0000] {processor.py:840} INFO - DAG(s) 'oltp_s3_dwh' retrieved from /opt/airflow/dags/oltp_s3_dwh.py
[2026-02-28T13:17:00.080+0000] {logging_mixin.py:188} INFO - [2026-02-28T13:17:00.079+0000] {dag.py:3089} INFO - Sync 1 DAGs
[2026-02-28T13:17:00.112+0000] {logging_mixin.py:188} INFO - [2026-02-28T13:17:00.112+0000] {dag.py:3947} INFO - Setting next_dagrun for oltp_s3_dwh to 2026-02-01 00:00:00+00:00, run_after=2026-03-01 00:00:00+00:00
[2026-02-28T13:17:00.144+0000] {processor.py:183} INFO - Processing /opt/airflow/dags/oltp_s3_dwh.py took 0.460 seconds
[2026-02-28T13:17:30.617+0000] {processor.py:161} INFO - Started process (PID=15552) to work on /opt/airflow/dags/oltp_s3_dwh.py
[2026-02-28T13:17:30.618+0000] {processor.py:830} INFO - Processing file /opt/airflow/dags/oltp_s3_dwh.py for tasks to queue
[2026-02-28T13:17:30.620+0000] {logging_mixin.py:188} INFO - [2026-02-28T13:17:30.620+0000] {dagbag.py:545} INFO - Filling up the DagBag from /opt/airflow/dags/oltp_s3_dwh.py
[2026-02-28T13:17:30.918+0000] {processor.py:840} INFO - DAG(s) 'oltp_s3_dwh' retrieved from /opt/airflow/dags/oltp_s3_dwh.py
[2026-02-28T13:17:30.944+0000] {logging_mixin.py:188} INFO - [2026-02-28T13:17:30.944+0000] {dag.py:3089} INFO - Sync 1 DAGs
[2026-02-28T13:17:30.966+0000] {logging_mixin.py:188} INFO - [2026-02-28T13:17:30.965+0000] {dag.py:3947} INFO - Setting next_dagrun for oltp_s3_dwh to 2026-02-01 00:00:00+00:00, run_after=2026-03-01 00:00:00+00:00
[2026-02-28T13:17:30.986+0000] {processor.py:183} INFO - Processing /opt/airflow/dags/oltp_s3_dwh.py took 0.374 seconds
[2026-02-28T13:18:01.725+0000] {processor.py:161} INFO - Started process (PID=15583) to work on /opt/airflow/dags/oltp_s3_dwh.py
[2026-02-28T13:18:01.726+0000] {processor.py:830} INFO - Processing file /opt/airflow/dags/oltp_s3_dwh.py for tasks to queue
[2026-02-28T13:18:01.729+0000] {logging_mixin.py:188} INFO - [2026-02-28T13:18:01.728+0000] {dagbag.py:545} INFO - Filling up the DagBag from /opt/airflow/dags/oltp_s3_dwh.py
[2026-02-28T13:18:02.105+0000] {processor.py:840} INFO - DAG(s) 'oltp_s3_dwh' retrieved from /opt/airflow/dags/oltp_s3_dwh.py
[2026-02-28T13:18:02.143+0000] {logging_mixin.py:188} INFO - [2026-02-28T13:18:02.143+0000] {dag.py:3089} INFO - Sync 1 DAGs
[2026-02-28T13:18:02.172+0000] {logging_mixin.py:188} INFO - [2026-02-28T13:18:02.172+0000] {dag.py:3947} INFO - Setting next_dagrun for oltp_s3_dwh to 2026-02-01 00:00:00+00:00, run_after=2026-03-01 00:00:00+00:00
[2026-02-28T13:18:02.200+0000] {processor.py:183} INFO - Processing /opt/airflow/dags/oltp_s3_dwh.py took 0.482 seconds
[2026-02-28T13:18:32.885+0000] {processor.py:161} INFO - Started process (PID=15621) to work on /opt/airflow/dags/oltp_s3_dwh.py
[2026-02-28T13:18:32.887+0000] {processor.py:830} INFO - Processing file /opt/airflow/dags/oltp_s3_dwh.py for tasks to queue
[2026-02-28T13:18:32.889+0000] {logging_mixin.py:188} INFO - [2026-02-28T13:18:32.889+0000] {dagbag.py:545} INFO - Filling up the DagBag from /opt/airflow/dags/oltp_s3_dwh.py
[2026-02-28T13:18:33.195+0000] {processor.py:840} INFO - DAG(s) 'oltp_s3_dwh' retrieved from /opt/airflow/dags/oltp_s3_dwh.py
[2026-02-28T13:18:33.223+0000] {logging_mixin.py:188} INFO - [2026-02-28T13:18:33.223+0000] {dag.py:3089} INFO - Sync 1 DAGs
[2026-02-28T13:18:33.245+0000] {logging_mixin.py:188} INFO - [2026-02-28T13:18:33.245+0000] {dag.py:3947} INFO - Setting next_dagrun for oltp_s3_dwh to 2026-02-01 00:00:00+00:00, run_after=2026-03-01 00:00:00+00:00
[2026-02-28T13:18:33.266+0000] {processor.py:183} INFO - Processing /opt/airflow/dags/oltp_s3_dwh.py took 0.388 seconds
[2026-02-28T13:19:03.706+0000] {processor.py:161} INFO - Started process (PID=15652) to work on /opt/airflow/dags/oltp_s3_dwh.py
[2026-02-28T13:19:03.707+0000] {processor.py:830} INFO - Processing file /opt/airflow/dags/oltp_s3_dwh.py for tasks to queue
[2026-02-28T13:19:03.710+0000] {logging_mixin.py:188} INFO - [2026-02-28T13:19:03.709+0000] {dagbag.py:545} INFO - Filling up the DagBag from /opt/airflow/dags/oltp_s3_dwh.py
[2026-02-28T13:19:04.008+0000] {processor.py:840} INFO - DAG(s) 'oltp_s3_dwh' retrieved from /opt/airflow/dags/oltp_s3_dwh.py
[2026-02-28T13:19:04.035+0000] {logging_mixin.py:188} INFO - [2026-02-28T13:19:04.035+0000] {dag.py:3089} INFO - Sync 1 DAGs
[2026-02-28T13:19:04.058+0000] {logging_mixin.py:188} INFO - [2026-02-28T13:19:04.058+0000] {dag.py:3947} INFO - Setting next_dagrun for oltp_s3_dwh to 2026-02-01 00:00:00+00:00, run_after=2026-03-01 00:00:00+00:00
[2026-02-28T13:19:04.085+0000] {processor.py:183} INFO - Processing /opt/airflow/dags/oltp_s3_dwh.py took 0.386 seconds
[2026-02-28T13:19:34.832+0000] {processor.py:161} INFO - Started process (PID=15690) to work on /opt/airflow/dags/oltp_s3_dwh.py
[2026-02-28T13:19:34.834+0000] {processor.py:830} INFO - Processing file /opt/airflow/dags/oltp_s3_dwh.py for tasks to queue
[2026-02-28T13:19:34.838+0000] {logging_mixin.py:188} INFO - [2026-02-28T13:19:34.837+0000] {dagbag.py:545} INFO - Filling up the DagBag from /opt/airflow/dags/oltp_s3_dwh.py
[2026-02-28T13:19:35.242+0000] {processor.py:840} INFO - DAG(s) 'oltp_s3_dwh' retrieved from /opt/airflow/dags/oltp_s3_dwh.py
[2026-02-28T13:19:35.269+0000] {logging_mixin.py:188} INFO - [2026-02-28T13:19:35.268+0000] {dag.py:3089} INFO - Sync 1 DAGs
[2026-02-28T13:19:35.293+0000] {logging_mixin.py:188} INFO - [2026-02-28T13:19:35.292+0000] {dag.py:3947} INFO - Setting next_dagrun for oltp_s3_dwh to 2026-02-01 00:00:00+00:00, run_after=2026-03-01 00:00:00+00:00
[2026-02-28T13:19:35.323+0000] {processor.py:183} INFO - Processing /opt/airflow/dags/oltp_s3_dwh.py took 0.501 seconds
[2026-02-28T13:20:05.387+0000] {processor.py:161} INFO - Started process (PID=15720) to work on /opt/airflow/dags/oltp_s3_dwh.py
[2026-02-28T13:20:05.389+0000] {processor.py:830} INFO - Processing file /opt/airflow/dags/oltp_s3_dwh.py for tasks to queue
[2026-02-28T13:20:05.391+0000] {logging_mixin.py:188} INFO - [2026-02-28T13:20:05.390+0000] {dagbag.py:545} INFO - Filling up the DagBag from /opt/airflow/dags/oltp_s3_dwh.py
[2026-02-28T13:20:05.705+0000] {processor.py:840} INFO - DAG(s) 'oltp_s3_dwh' retrieved from /opt/airflow/dags/oltp_s3_dwh.py
[2026-02-28T13:20:05.732+0000] {logging_mixin.py:188} INFO - [2026-02-28T13:20:05.732+0000] {dag.py:3089} INFO - Sync 1 DAGs
[2026-02-28T13:20:05.755+0000] {logging_mixin.py:188} INFO - [2026-02-28T13:20:05.755+0000] {dag.py:3947} INFO - Setting next_dagrun for oltp_s3_dwh to 2026-02-01 00:00:00+00:00, run_after=2026-03-01 00:00:00+00:00
[2026-02-28T13:20:05.776+0000] {processor.py:183} INFO - Processing /opt/airflow/dags/oltp_s3_dwh.py took 0.397 seconds
[2026-02-28T13:20:35.918+0000] {processor.py:161} INFO - Started process (PID=15751) to work on /opt/airflow/dags/oltp_s3_dwh.py
[2026-02-28T13:20:35.920+0000] {processor.py:830} INFO - Processing file /opt/airflow/dags/oltp_s3_dwh.py for tasks to queue
[2026-02-28T13:20:35.922+0000] {logging_mixin.py:188} INFO - [2026-02-28T13:20:35.921+0000] {dagbag.py:545} INFO - Filling up the DagBag from /opt/airflow/dags/oltp_s3_dwh.py
[2026-02-28T13:20:36.253+0000] {processor.py:840} INFO - DAG(s) 'oltp_s3_dwh' retrieved from /opt/airflow/dags/oltp_s3_dwh.py
[2026-02-28T13:20:36.289+0000] {logging_mixin.py:188} INFO - [2026-02-28T13:20:36.288+0000] {dag.py:3089} INFO - Sync 1 DAGs
[2026-02-28T13:20:36.313+0000] {logging_mixin.py:188} INFO - [2026-02-28T13:20:36.312+0000] {dag.py:3947} INFO - Setting next_dagrun for oltp_s3_dwh to 2026-02-01 00:00:00+00:00, run_after=2026-03-01 00:00:00+00:00
[2026-02-28T13:20:36.335+0000] {processor.py:183} INFO - Processing /opt/airflow/dags/oltp_s3_dwh.py took 0.425 seconds
[2026-02-28T13:21:06.412+0000] {processor.py:161} INFO - Started process (PID=15790) to work on /opt/airflow/dags/oltp_s3_dwh.py
[2026-02-28T13:21:06.413+0000] {processor.py:830} INFO - Processing file /opt/airflow/dags/oltp_s3_dwh.py for tasks to queue
[2026-02-28T13:21:06.415+0000] {logging_mixin.py:188} INFO - [2026-02-28T13:21:06.415+0000] {dagbag.py:545} INFO - Filling up the DagBag from /opt/airflow/dags/oltp_s3_dwh.py
[2026-02-28T13:21:06.755+0000] {processor.py:840} INFO - DAG(s) 'oltp_s3_dwh' retrieved from /opt/airflow/dags/oltp_s3_dwh.py
[2026-02-28T13:21:06.780+0000] {logging_mixin.py:188} INFO - [2026-02-28T13:21:06.780+0000] {dag.py:3089} INFO - Sync 1 DAGs
[2026-02-28T13:21:06.803+0000] {logging_mixin.py:188} INFO - [2026-02-28T13:21:06.802+0000] {dag.py:3947} INFO - Setting next_dagrun for oltp_s3_dwh to 2026-02-01 00:00:00+00:00, run_after=2026-03-01 00:00:00+00:00
[2026-02-28T13:21:06.827+0000] {processor.py:183} INFO - Processing /opt/airflow/dags/oltp_s3_dwh.py took 0.421 seconds
[2026-02-28T13:21:36.985+0000] {processor.py:161} INFO - Started process (PID=15820) to work on /opt/airflow/dags/oltp_s3_dwh.py
[2026-02-28T13:21:36.989+0000] {processor.py:830} INFO - Processing file /opt/airflow/dags/oltp_s3_dwh.py for tasks to queue
[2026-02-28T13:21:36.996+0000] {logging_mixin.py:188} INFO - [2026-02-28T13:21:36.994+0000] {dagbag.py:545} INFO - Filling up the DagBag from /opt/airflow/dags/oltp_s3_dwh.py
[2026-02-28T13:21:37.401+0000] {processor.py:840} INFO - DAG(s) 'oltp_s3_dwh' retrieved from /opt/airflow/dags/oltp_s3_dwh.py
[2026-02-28T13:21:37.430+0000] {logging_mixin.py:188} INFO - [2026-02-28T13:21:37.430+0000] {dag.py:3089} INFO - Sync 1 DAGs
[2026-02-28T13:21:37.453+0000] {logging_mixin.py:188} INFO - [2026-02-28T13:21:37.453+0000] {dag.py:3947} INFO - Setting next_dagrun for oltp_s3_dwh to 2026-02-01 00:00:00+00:00, run_after=2026-03-01 00:00:00+00:00
[2026-02-28T13:21:37.478+0000] {processor.py:183} INFO - Processing /opt/airflow/dags/oltp_s3_dwh.py took 0.509 seconds
[2026-02-28T13:22:07.639+0000] {processor.py:161} INFO - Started process (PID=15851) to work on /opt/airflow/dags/oltp_s3_dwh.py
[2026-02-28T13:22:07.641+0000] {processor.py:830} INFO - Processing file /opt/airflow/dags/oltp_s3_dwh.py for tasks to queue
[2026-02-28T13:22:07.643+0000] {logging_mixin.py:188} INFO - [2026-02-28T13:22:07.642+0000] {dagbag.py:545} INFO - Filling up the DagBag from /opt/airflow/dags/oltp_s3_dwh.py
[2026-02-28T13:22:07.954+0000] {processor.py:840} INFO - DAG(s) 'oltp_s3_dwh' retrieved from /opt/airflow/dags/oltp_s3_dwh.py
[2026-02-28T13:22:07.980+0000] {logging_mixin.py:188} INFO - [2026-02-28T13:22:07.980+0000] {dag.py:3089} INFO - Sync 1 DAGs
[2026-02-28T13:22:08.008+0000] {logging_mixin.py:188} INFO - [2026-02-28T13:22:08.007+0000] {dag.py:3947} INFO - Setting next_dagrun for oltp_s3_dwh to 2026-02-01 00:00:00+00:00, run_after=2026-03-01 00:00:00+00:00
[2026-02-28T13:22:08.035+0000] {processor.py:183} INFO - Processing /opt/airflow/dags/oltp_s3_dwh.py took 0.402 seconds
[2026-02-28T13:22:38.209+0000] {processor.py:161} INFO - Started process (PID=15889) to work on /opt/airflow/dags/oltp_s3_dwh.py
[2026-02-28T13:22:38.210+0000] {processor.py:830} INFO - Processing file /opt/airflow/dags/oltp_s3_dwh.py for tasks to queue
[2026-02-28T13:22:38.213+0000] {logging_mixin.py:188} INFO - [2026-02-28T13:22:38.212+0000] {dagbag.py:545} INFO - Filling up the DagBag from /opt/airflow/dags/oltp_s3_dwh.py
[2026-02-28T13:22:38.517+0000] {processor.py:840} INFO - DAG(s) 'oltp_s3_dwh' retrieved from /opt/airflow/dags/oltp_s3_dwh.py
[2026-02-28T13:22:38.542+0000] {logging_mixin.py:188} INFO - [2026-02-28T13:22:38.542+0000] {dag.py:3089} INFO - Sync 1 DAGs
[2026-02-28T13:22:38.563+0000] {logging_mixin.py:188} INFO - [2026-02-28T13:22:38.563+0000] {dag.py:3947} INFO - Setting next_dagrun for oltp_s3_dwh to 2026-02-01 00:00:00+00:00, run_after=2026-03-01 00:00:00+00:00
[2026-02-28T13:22:38.584+0000] {processor.py:183} INFO - Processing /opt/airflow/dags/oltp_s3_dwh.py took 0.383 seconds
[2026-02-28T13:23:08.773+0000] {processor.py:161} INFO - Started process (PID=15920) to work on /opt/airflow/dags/oltp_s3_dwh.py
[2026-02-28T13:23:08.775+0000] {processor.py:830} INFO - Processing file /opt/airflow/dags/oltp_s3_dwh.py for tasks to queue
[2026-02-28T13:23:08.777+0000] {logging_mixin.py:188} INFO - [2026-02-28T13:23:08.777+0000] {dagbag.py:545} INFO - Filling up the DagBag from /opt/airflow/dags/oltp_s3_dwh.py
[2026-02-28T13:23:09.149+0000] {processor.py:840} INFO - DAG(s) 'oltp_s3_dwh' retrieved from /opt/airflow/dags/oltp_s3_dwh.py
[2026-02-28T13:23:09.182+0000] {logging_mixin.py:188} INFO - [2026-02-28T13:23:09.181+0000] {dag.py:3089} INFO - Sync 1 DAGs
[2026-02-28T13:23:09.208+0000] {logging_mixin.py:188} INFO - [2026-02-28T13:23:09.208+0000] {dag.py:3947} INFO - Setting next_dagrun for oltp_s3_dwh to 2026-02-01 00:00:00+00:00, run_after=2026-03-01 00:00:00+00:00
[2026-02-28T13:23:09.231+0000] {processor.py:183} INFO - Processing /opt/airflow/dags/oltp_s3_dwh.py took 0.465 seconds
[2026-02-28T13:23:39.313+0000] {processor.py:161} INFO - Started process (PID=15951) to work on /opt/airflow/dags/oltp_s3_dwh.py
[2026-02-28T13:23:39.315+0000] {processor.py:830} INFO - Processing file /opt/airflow/dags/oltp_s3_dwh.py for tasks to queue
[2026-02-28T13:23:39.317+0000] {logging_mixin.py:188} INFO - [2026-02-28T13:23:39.316+0000] {dagbag.py:545} INFO - Filling up the DagBag from /opt/airflow/dags/oltp_s3_dwh.py
[2026-02-28T13:23:39.624+0000] {processor.py:840} INFO - DAG(s) 'oltp_s3_dwh' retrieved from /opt/airflow/dags/oltp_s3_dwh.py
[2026-02-28T13:23:39.651+0000] {logging_mixin.py:188} INFO - [2026-02-28T13:23:39.650+0000] {dag.py:3089} INFO - Sync 1 DAGs
[2026-02-28T13:23:39.674+0000] {logging_mixin.py:188} INFO - [2026-02-28T13:23:39.674+0000] {dag.py:3947} INFO - Setting next_dagrun for oltp_s3_dwh to 2026-02-01 00:00:00+00:00, run_after=2026-03-01 00:00:00+00:00
[2026-02-28T13:23:39.697+0000] {processor.py:183} INFO - Processing /opt/airflow/dags/oltp_s3_dwh.py took 0.390 seconds
[2026-02-28T13:24:09.756+0000] {processor.py:161} INFO - Started process (PID=15989) to work on /opt/airflow/dags/oltp_s3_dwh.py
[2026-02-28T13:24:09.758+0000] {processor.py:830} INFO - Processing file /opt/airflow/dags/oltp_s3_dwh.py for tasks to queue
[2026-02-28T13:24:09.760+0000] {logging_mixin.py:188} INFO - [2026-02-28T13:24:09.760+0000] {dagbag.py:545} INFO - Filling up the DagBag from /opt/airflow/dags/oltp_s3_dwh.py
[2026-02-28T13:24:10.060+0000] {processor.py:840} INFO - DAG(s) 'oltp_s3_dwh' retrieved from /opt/airflow/dags/oltp_s3_dwh.py
[2026-02-28T13:24:10.088+0000] {logging_mixin.py:188} INFO - [2026-02-28T13:24:10.087+0000] {dag.py:3089} INFO - Sync 1 DAGs
[2026-02-28T13:24:10.110+0000] {logging_mixin.py:188} INFO - [2026-02-28T13:24:10.110+0000] {dag.py:3947} INFO - Setting next_dagrun for oltp_s3_dwh to 2026-02-01 00:00:00+00:00, run_after=2026-03-01 00:00:00+00:00
[2026-02-28T13:24:10.131+0000] {processor.py:183} INFO - Processing /opt/airflow/dags/oltp_s3_dwh.py took 0.381 seconds
[2026-02-28T13:24:40.557+0000] {processor.py:161} INFO - Started process (PID=16020) to work on /opt/airflow/dags/oltp_s3_dwh.py
[2026-02-28T13:24:40.559+0000] {processor.py:830} INFO - Processing file /opt/airflow/dags/oltp_s3_dwh.py for tasks to queue
[2026-02-28T13:24:40.561+0000] {logging_mixin.py:188} INFO - [2026-02-28T13:24:40.561+0000] {dagbag.py:545} INFO - Filling up the DagBag from /opt/airflow/dags/oltp_s3_dwh.py
[2026-02-28T13:24:40.883+0000] {processor.py:840} INFO - DAG(s) 'oltp_s3_dwh' retrieved from /opt/airflow/dags/oltp_s3_dwh.py
[2026-02-28T13:24:40.916+0000] {logging_mixin.py:188} INFO - [2026-02-28T13:24:40.915+0000] {dag.py:3089} INFO - Sync 1 DAGs
[2026-02-28T13:24:40.939+0000] {logging_mixin.py:188} INFO - [2026-02-28T13:24:40.939+0000] {dag.py:3947} INFO - Setting next_dagrun for oltp_s3_dwh to 2026-02-01 00:00:00+00:00, run_after=2026-03-01 00:00:00+00:00
[2026-02-28T13:24:40.970+0000] {processor.py:183} INFO - Processing /opt/airflow/dags/oltp_s3_dwh.py took 0.419 seconds
[2026-02-28T13:25:11.528+0000] {processor.py:161} INFO - Started process (PID=16057) to work on /opt/airflow/dags/oltp_s3_dwh.py
[2026-02-28T13:25:11.530+0000] {processor.py:830} INFO - Processing file /opt/airflow/dags/oltp_s3_dwh.py for tasks to queue
[2026-02-28T13:25:11.532+0000] {logging_mixin.py:188} INFO - [2026-02-28T13:25:11.532+0000] {dagbag.py:545} INFO - Filling up the DagBag from /opt/airflow/dags/oltp_s3_dwh.py
[2026-02-28T13:25:11.878+0000] {processor.py:840} INFO - DAG(s) 'oltp_s3_dwh' retrieved from /opt/airflow/dags/oltp_s3_dwh.py
[2026-02-28T13:25:11.924+0000] {logging_mixin.py:188} INFO - [2026-02-28T13:25:11.923+0000] {dag.py:3089} INFO - Sync 1 DAGs
[2026-02-28T13:25:11.953+0000] {logging_mixin.py:188} INFO - [2026-02-28T13:25:11.953+0000] {dag.py:3947} INFO - Setting next_dagrun for oltp_s3_dwh to 2026-02-01 00:00:00+00:00, run_after=2026-03-01 00:00:00+00:00
[2026-02-28T13:25:11.976+0000] {processor.py:183} INFO - Processing /opt/airflow/dags/oltp_s3_dwh.py took 0.454 seconds
[2026-02-28T13:25:42.428+0000] {processor.py:161} INFO - Started process (PID=16088) to work on /opt/airflow/dags/oltp_s3_dwh.py
[2026-02-28T13:25:42.430+0000] {processor.py:830} INFO - Processing file /opt/airflow/dags/oltp_s3_dwh.py for tasks to queue
[2026-02-28T13:25:42.432+0000] {logging_mixin.py:188} INFO - [2026-02-28T13:25:42.432+0000] {dagbag.py:545} INFO - Filling up the DagBag from /opt/airflow/dags/oltp_s3_dwh.py
[2026-02-28T13:25:42.745+0000] {processor.py:840} INFO - DAG(s) 'oltp_s3_dwh' retrieved from /opt/airflow/dags/oltp_s3_dwh.py
[2026-02-28T13:25:42.771+0000] {logging_mixin.py:188} INFO - [2026-02-28T13:25:42.771+0000] {dag.py:3089} INFO - Sync 1 DAGs
[2026-02-28T13:25:42.793+0000] {logging_mixin.py:188} INFO - [2026-02-28T13:25:42.792+0000] {dag.py:3947} INFO - Setting next_dagrun for oltp_s3_dwh to 2026-02-01 00:00:00+00:00, run_after=2026-03-01 00:00:00+00:00
[2026-02-28T13:25:42.812+0000] {processor.py:183} INFO - Processing /opt/airflow/dags/oltp_s3_dwh.py took 0.395 seconds
[2026-02-28T13:26:12.968+0000] {processor.py:161} INFO - Started process (PID=16119) to work on /opt/airflow/dags/oltp_s3_dwh.py
[2026-02-28T13:26:12.969+0000] {processor.py:830} INFO - Processing file /opt/airflow/dags/oltp_s3_dwh.py for tasks to queue
[2026-02-28T13:26:12.971+0000] {logging_mixin.py:188} INFO - [2026-02-28T13:26:12.971+0000] {dagbag.py:545} INFO - Filling up the DagBag from /opt/airflow/dags/oltp_s3_dwh.py
[2026-02-28T13:26:13.271+0000] {processor.py:840} INFO - DAG(s) 'oltp_s3_dwh' retrieved from /opt/airflow/dags/oltp_s3_dwh.py
[2026-02-28T13:26:13.297+0000] {logging_mixin.py:188} INFO - [2026-02-28T13:26:13.297+0000] {dag.py:3089} INFO - Sync 1 DAGs
[2026-02-28T13:26:13.322+0000] {logging_mixin.py:188} INFO - [2026-02-28T13:26:13.321+0000] {dag.py:3947} INFO - Setting next_dagrun for oltp_s3_dwh to 2026-02-01 00:00:00+00:00, run_after=2026-03-01 00:00:00+00:00
[2026-02-28T13:26:13.340+0000] {processor.py:183} INFO - Processing /opt/airflow/dags/oltp_s3_dwh.py took 0.382 seconds
[2026-02-28T13:26:43.485+0000] {processor.py:161} INFO - Started process (PID=16157) to work on /opt/airflow/dags/oltp_s3_dwh.py
[2026-02-28T13:26:43.486+0000] {processor.py:830} INFO - Processing file /opt/airflow/dags/oltp_s3_dwh.py for tasks to queue
[2026-02-28T13:26:43.489+0000] {logging_mixin.py:188} INFO - [2026-02-28T13:26:43.488+0000] {dagbag.py:545} INFO - Filling up the DagBag from /opt/airflow/dags/oltp_s3_dwh.py
[2026-02-28T13:26:43.862+0000] {processor.py:840} INFO - DAG(s) 'oltp_s3_dwh' retrieved from /opt/airflow/dags/oltp_s3_dwh.py
[2026-02-28T13:26:43.908+0000] {logging_mixin.py:188} INFO - [2026-02-28T13:26:43.908+0000] {dag.py:3089} INFO - Sync 1 DAGs
[2026-02-28T13:26:43.949+0000] {logging_mixin.py:188} INFO - [2026-02-28T13:26:43.949+0000] {dag.py:3947} INFO - Setting next_dagrun for oltp_s3_dwh to 2026-02-01 00:00:00+00:00, run_after=2026-03-01 00:00:00+00:00
[2026-02-28T13:26:44.161+0000] {processor.py:183} INFO - Processing /opt/airflow/dags/oltp_s3_dwh.py took 0.683 seconds
[2026-02-28T13:27:14.265+0000] {processor.py:161} INFO - Started process (PID=16188) to work on /opt/airflow/dags/oltp_s3_dwh.py
[2026-02-28T13:27:14.266+0000] {processor.py:830} INFO - Processing file /opt/airflow/dags/oltp_s3_dwh.py for tasks to queue
[2026-02-28T13:27:14.269+0000] {logging_mixin.py:188} INFO - [2026-02-28T13:27:14.268+0000] {dagbag.py:545} INFO - Filling up the DagBag from /opt/airflow/dags/oltp_s3_dwh.py
[2026-02-28T13:27:14.583+0000] {processor.py:840} INFO - DAG(s) 'oltp_s3_dwh' retrieved from /opt/airflow/dags/oltp_s3_dwh.py
[2026-02-28T13:27:14.610+0000] {logging_mixin.py:188} INFO - [2026-02-28T13:27:14.609+0000] {dag.py:3089} INFO - Sync 1 DAGs
[2026-02-28T13:27:14.630+0000] {logging_mixin.py:188} INFO - [2026-02-28T13:27:14.630+0000] {dag.py:3947} INFO - Setting next_dagrun for oltp_s3_dwh to 2026-02-01 00:00:00+00:00, run_after=2026-03-01 00:00:00+00:00
[2026-02-28T13:27:14.651+0000] {processor.py:183} INFO - Processing /opt/airflow/dags/oltp_s3_dwh.py took 0.392 seconds
[2026-02-28T13:27:45.199+0000] {processor.py:161} INFO - Started process (PID=16226) to work on /opt/airflow/dags/oltp_s3_dwh.py
[2026-02-28T13:27:45.201+0000] {processor.py:830} INFO - Processing file /opt/airflow/dags/oltp_s3_dwh.py for tasks to queue
[2026-02-28T13:27:45.203+0000] {logging_mixin.py:188} INFO - [2026-02-28T13:27:45.202+0000] {dagbag.py:545} INFO - Filling up the DagBag from /opt/airflow/dags/oltp_s3_dwh.py
[2026-02-28T13:27:45.513+0000] {processor.py:840} INFO - DAG(s) 'oltp_s3_dwh' retrieved from /opt/airflow/dags/oltp_s3_dwh.py
[2026-02-28T13:27:45.541+0000] {logging_mixin.py:188} INFO - [2026-02-28T13:27:45.541+0000] {dag.py:3089} INFO - Sync 1 DAGs
[2026-02-28T13:27:45.565+0000] {logging_mixin.py:188} INFO - [2026-02-28T13:27:45.565+0000] {dag.py:3947} INFO - Setting next_dagrun for oltp_s3_dwh to 2026-02-01 00:00:00+00:00, run_after=2026-03-01 00:00:00+00:00
[2026-02-28T13:27:45.586+0000] {processor.py:183} INFO - Processing /opt/airflow/dags/oltp_s3_dwh.py took 0.393 seconds
[2026-02-28T13:28:16.106+0000] {processor.py:161} INFO - Started process (PID=16258) to work on /opt/airflow/dags/oltp_s3_dwh.py
[2026-02-28T13:28:16.107+0000] {processor.py:830} INFO - Processing file /opt/airflow/dags/oltp_s3_dwh.py for tasks to queue
[2026-02-28T13:28:16.110+0000] {logging_mixin.py:188} INFO - [2026-02-28T13:28:16.109+0000] {dagbag.py:545} INFO - Filling up the DagBag from /opt/airflow/dags/oltp_s3_dwh.py
[2026-02-28T13:28:16.452+0000] {processor.py:840} INFO - DAG(s) 'oltp_s3_dwh' retrieved from /opt/airflow/dags/oltp_s3_dwh.py
[2026-02-28T13:28:16.478+0000] {logging_mixin.py:188} INFO - [2026-02-28T13:28:16.477+0000] {dag.py:3089} INFO - Sync 1 DAGs
[2026-02-28T13:28:16.501+0000] {logging_mixin.py:188} INFO - [2026-02-28T13:28:16.501+0000] {dag.py:3947} INFO - Setting next_dagrun for oltp_s3_dwh to 2026-02-01 00:00:00+00:00, run_after=2026-03-01 00:00:00+00:00
[2026-02-28T13:28:16.522+0000] {processor.py:183} INFO - Processing /opt/airflow/dags/oltp_s3_dwh.py took 0.423 seconds
[2026-02-28T13:28:47.482+0000] {processor.py:161} INFO - Started process (PID=16290) to work on /opt/airflow/dags/oltp_s3_dwh.py
[2026-02-28T13:28:47.484+0000] {processor.py:830} INFO - Processing file /opt/airflow/dags/oltp_s3_dwh.py for tasks to queue
[2026-02-28T13:28:47.487+0000] {logging_mixin.py:188} INFO - [2026-02-28T13:28:47.486+0000] {dagbag.py:545} INFO - Filling up the DagBag from /opt/airflow/dags/oltp_s3_dwh.py
[2026-02-28T13:28:47.879+0000] {processor.py:840} INFO - DAG(s) 'oltp_s3_dwh' retrieved from /opt/airflow/dags/oltp_s3_dwh.py
[2026-02-28T13:28:47.925+0000] {logging_mixin.py:188} INFO - [2026-02-28T13:28:47.924+0000] {dag.py:3089} INFO - Sync 1 DAGs
[2026-02-28T13:28:47.955+0000] {logging_mixin.py:188} INFO - [2026-02-28T13:28:47.955+0000] {dag.py:3947} INFO - Setting next_dagrun for oltp_s3_dwh to 2026-02-01 00:00:00+00:00, run_after=2026-03-01 00:00:00+00:00
[2026-02-28T13:28:47.987+0000] {processor.py:183} INFO - Processing /opt/airflow/dags/oltp_s3_dwh.py took 0.512 seconds
[2026-02-28T13:29:19.006+0000] {processor.py:161} INFO - Started process (PID=16328) to work on /opt/airflow/dags/oltp_s3_dwh.py
[2026-02-28T13:29:19.007+0000] {processor.py:830} INFO - Processing file /opt/airflow/dags/oltp_s3_dwh.py for tasks to queue
[2026-02-28T13:29:19.010+0000] {logging_mixin.py:188} INFO - [2026-02-28T13:29:19.009+0000] {dagbag.py:545} INFO - Filling up the DagBag from /opt/airflow/dags/oltp_s3_dwh.py
[2026-02-28T13:29:19.365+0000] {processor.py:840} INFO - DAG(s) 'oltp_s3_dwh' retrieved from /opt/airflow/dags/oltp_s3_dwh.py
[2026-02-28T13:29:19.390+0000] {logging_mixin.py:188} INFO - [2026-02-28T13:29:19.390+0000] {dag.py:3089} INFO - Sync 1 DAGs
[2026-02-28T13:29:19.412+0000] {logging_mixin.py:188} INFO - [2026-02-28T13:29:19.412+0000] {dag.py:3947} INFO - Setting next_dagrun for oltp_s3_dwh to 2026-02-01 00:00:00+00:00, run_after=2026-03-01 00:00:00+00:00
[2026-02-28T13:29:19.432+0000] {processor.py:183} INFO - Processing /opt/airflow/dags/oltp_s3_dwh.py took 0.434 seconds
[2026-02-28T13:29:49.518+0000] {processor.py:161} INFO - Started process (PID=16359) to work on /opt/airflow/dags/oltp_s3_dwh.py
[2026-02-28T13:29:49.520+0000] {processor.py:830} INFO - Processing file /opt/airflow/dags/oltp_s3_dwh.py for tasks to queue
[2026-02-28T13:29:49.522+0000] {logging_mixin.py:188} INFO - [2026-02-28T13:29:49.521+0000] {dagbag.py:545} INFO - Filling up the DagBag from /opt/airflow/dags/oltp_s3_dwh.py
[2026-02-28T13:29:49.846+0000] {processor.py:840} INFO - DAG(s) 'oltp_s3_dwh' retrieved from /opt/airflow/dags/oltp_s3_dwh.py
[2026-02-28T13:29:49.879+0000] {logging_mixin.py:188} INFO - [2026-02-28T13:29:49.879+0000] {dag.py:3089} INFO - Sync 1 DAGs
[2026-02-28T13:29:49.902+0000] {logging_mixin.py:188} INFO - [2026-02-28T13:29:49.902+0000] {dag.py:3947} INFO - Setting next_dagrun for oltp_s3_dwh to 2026-02-01 00:00:00+00:00, run_after=2026-03-01 00:00:00+00:00
[2026-02-28T13:29:49.935+0000] {processor.py:183} INFO - Processing /opt/airflow/dags/oltp_s3_dwh.py took 0.423 seconds
[2026-02-28T13:30:20.203+0000] {processor.py:161} INFO - Started process (PID=16390) to work on /opt/airflow/dags/oltp_s3_dwh.py
[2026-02-28T13:30:20.205+0000] {processor.py:830} INFO - Processing file /opt/airflow/dags/oltp_s3_dwh.py for tasks to queue
[2026-02-28T13:30:20.211+0000] {logging_mixin.py:188} INFO - [2026-02-28T13:30:20.211+0000] {dagbag.py:545} INFO - Filling up the DagBag from /opt/airflow/dags/oltp_s3_dwh.py
[2026-02-28T13:30:20.574+0000] {processor.py:840} INFO - DAG(s) 'oltp_s3_dwh' retrieved from /opt/airflow/dags/oltp_s3_dwh.py
[2026-02-28T13:30:20.603+0000] {logging_mixin.py:188} INFO - [2026-02-28T13:30:20.602+0000] {dag.py:3089} INFO - Sync 1 DAGs
[2026-02-28T13:30:20.631+0000] {logging_mixin.py:188} INFO - [2026-02-28T13:30:20.631+0000] {dag.py:3947} INFO - Setting next_dagrun for oltp_s3_dwh to 2026-02-01 00:00:00+00:00, run_after=2026-03-01 00:00:00+00:00
[2026-02-28T13:30:20.655+0000] {processor.py:183} INFO - Processing /opt/airflow/dags/oltp_s3_dwh.py took 0.458 seconds
[2026-02-28T13:30:51.130+0000] {processor.py:161} INFO - Started process (PID=16429) to work on /opt/airflow/dags/oltp_s3_dwh.py
[2026-02-28T13:30:51.132+0000] {processor.py:830} INFO - Processing file /opt/airflow/dags/oltp_s3_dwh.py for tasks to queue
[2026-02-28T13:30:51.134+0000] {logging_mixin.py:188} INFO - [2026-02-28T13:30:51.134+0000] {dagbag.py:545} INFO - Filling up the DagBag from /opt/airflow/dags/oltp_s3_dwh.py
[2026-02-28T13:30:51.598+0000] {processor.py:840} INFO - DAG(s) 'oltp_s3_dwh' retrieved from /opt/airflow/dags/oltp_s3_dwh.py
[2026-02-28T13:30:51.635+0000] {logging_mixin.py:188} INFO - [2026-02-28T13:30:51.634+0000] {dag.py:3089} INFO - Sync 1 DAGs
[2026-02-28T13:30:51.660+0000] {logging_mixin.py:188} INFO - [2026-02-28T13:30:51.659+0000] {dag.py:3947} INFO - Setting next_dagrun for oltp_s3_dwh to 2026-02-01 00:00:00+00:00, run_after=2026-03-01 00:00:00+00:00
[2026-02-28T13:30:51.680+0000] {processor.py:183} INFO - Processing /opt/airflow/dags/oltp_s3_dwh.py took 0.558 seconds
[2026-02-28T13:31:22.129+0000] {processor.py:161} INFO - Started process (PID=16459) to work on /opt/airflow/dags/oltp_s3_dwh.py
[2026-02-28T13:31:22.130+0000] {processor.py:830} INFO - Processing file /opt/airflow/dags/oltp_s3_dwh.py for tasks to queue
[2026-02-28T13:31:22.132+0000] {logging_mixin.py:188} INFO - [2026-02-28T13:31:22.132+0000] {dagbag.py:545} INFO - Filling up the DagBag from /opt/airflow/dags/oltp_s3_dwh.py
[2026-02-28T13:31:22.464+0000] {processor.py:840} INFO - DAG(s) 'oltp_s3_dwh' retrieved from /opt/airflow/dags/oltp_s3_dwh.py
[2026-02-28T13:31:22.494+0000] {logging_mixin.py:188} INFO - [2026-02-28T13:31:22.493+0000] {dag.py:3089} INFO - Sync 1 DAGs
[2026-02-28T13:31:22.516+0000] {logging_mixin.py:188} INFO - [2026-02-28T13:31:22.516+0000] {dag.py:3947} INFO - Setting next_dagrun for oltp_s3_dwh to 2026-02-01 00:00:00+00:00, run_after=2026-03-01 00:00:00+00:00
[2026-02-28T13:31:22.539+0000] {processor.py:183} INFO - Processing /opt/airflow/dags/oltp_s3_dwh.py took 0.417 seconds
[2026-02-28T13:31:52.979+0000] {processor.py:161} INFO - Started process (PID=16498) to work on /opt/airflow/dags/oltp_s3_dwh.py
[2026-02-28T13:31:52.981+0000] {processor.py:830} INFO - Processing file /opt/airflow/dags/oltp_s3_dwh.py for tasks to queue
[2026-02-28T13:31:52.984+0000] {logging_mixin.py:188} INFO - [2026-02-28T13:31:52.984+0000] {dagbag.py:545} INFO - Filling up the DagBag from /opt/airflow/dags/oltp_s3_dwh.py
[2026-02-28T13:31:53.311+0000] {processor.py:840} INFO - DAG(s) 'oltp_s3_dwh' retrieved from /opt/airflow/dags/oltp_s3_dwh.py
[2026-02-28T13:31:53.348+0000] {logging_mixin.py:188} INFO - [2026-02-28T13:31:53.348+0000] {dag.py:3089} INFO - Sync 1 DAGs
[2026-02-28T13:31:53.375+0000] {logging_mixin.py:188} INFO - [2026-02-28T13:31:53.374+0000] {dag.py:3947} INFO - Setting next_dagrun for oltp_s3_dwh to 2026-02-01 00:00:00+00:00, run_after=2026-03-01 00:00:00+00:00
[2026-02-28T13:31:53.403+0000] {processor.py:183} INFO - Processing /opt/airflow/dags/oltp_s3_dwh.py took 0.430 seconds
[2026-02-28T13:32:23.964+0000] {processor.py:161} INFO - Started process (PID=16529) to work on /opt/airflow/dags/oltp_s3_dwh.py
[2026-02-28T13:32:23.966+0000] {processor.py:830} INFO - Processing file /opt/airflow/dags/oltp_s3_dwh.py for tasks to queue
[2026-02-28T13:32:23.968+0000] {logging_mixin.py:188} INFO - [2026-02-28T13:32:23.967+0000] {dagbag.py:545} INFO - Filling up the DagBag from /opt/airflow/dags/oltp_s3_dwh.py
[2026-02-28T13:32:24.287+0000] {processor.py:840} INFO - DAG(s) 'oltp_s3_dwh' retrieved from /opt/airflow/dags/oltp_s3_dwh.py
[2026-02-28T13:32:24.319+0000] {logging_mixin.py:188} INFO - [2026-02-28T13:32:24.318+0000] {dag.py:3089} INFO - Sync 1 DAGs
[2026-02-28T13:32:24.347+0000] {logging_mixin.py:188} INFO - [2026-02-28T13:32:24.347+0000] {dag.py:3947} INFO - Setting next_dagrun for oltp_s3_dwh to 2026-02-01 00:00:00+00:00, run_after=2026-03-01 00:00:00+00:00
[2026-02-28T13:32:24.901+0000] {processor.py:183} INFO - Processing /opt/airflow/dags/oltp_s3_dwh.py took 0.943 seconds
[2026-02-28T13:32:55.615+0000] {processor.py:161} INFO - Started process (PID=16560) to work on /opt/airflow/dags/oltp_s3_dwh.py
[2026-02-28T13:32:55.617+0000] {processor.py:830} INFO - Processing file /opt/airflow/dags/oltp_s3_dwh.py for tasks to queue
[2026-02-28T13:32:55.619+0000] {logging_mixin.py:188} INFO - [2026-02-28T13:32:55.619+0000] {dagbag.py:545} INFO - Filling up the DagBag from /opt/airflow/dags/oltp_s3_dwh.py
[2026-02-28T13:32:55.939+0000] {processor.py:840} INFO - DAG(s) 'oltp_s3_dwh' retrieved from /opt/airflow/dags/oltp_s3_dwh.py
[2026-02-28T13:32:55.967+0000] {logging_mixin.py:188} INFO - [2026-02-28T13:32:55.966+0000] {dag.py:3089} INFO - Sync 1 DAGs
[2026-02-28T13:32:55.989+0000] {logging_mixin.py:188} INFO - [2026-02-28T13:32:55.989+0000] {dag.py:3947} INFO - Setting next_dagrun for oltp_s3_dwh to 2026-02-01 00:00:00+00:00, run_after=2026-03-01 00:00:00+00:00
[2026-02-28T13:32:56.008+0000] {processor.py:183} INFO - Processing /opt/airflow/dags/oltp_s3_dwh.py took 0.404 seconds
[2026-02-28T13:33:26.441+0000] {processor.py:161} INFO - Started process (PID=16599) to work on /opt/airflow/dags/oltp_s3_dwh.py
[2026-02-28T13:33:26.443+0000] {processor.py:830} INFO - Processing file /opt/airflow/dags/oltp_s3_dwh.py for tasks to queue
[2026-02-28T13:33:26.446+0000] {logging_mixin.py:188} INFO - [2026-02-28T13:33:26.445+0000] {dagbag.py:545} INFO - Filling up the DagBag from /opt/airflow/dags/oltp_s3_dwh.py
[2026-02-28T13:33:26.855+0000] {processor.py:840} INFO - DAG(s) 'oltp_s3_dwh' retrieved from /opt/airflow/dags/oltp_s3_dwh.py
[2026-02-28T13:33:26.888+0000] {logging_mixin.py:188} INFO - [2026-02-28T13:33:26.887+0000] {dag.py:3089} INFO - Sync 1 DAGs
[2026-02-28T13:33:26.911+0000] {logging_mixin.py:188} INFO - [2026-02-28T13:33:26.911+0000] {dag.py:3947} INFO - Setting next_dagrun for oltp_s3_dwh to 2026-02-01 00:00:00+00:00, run_after=2026-03-01 00:00:00+00:00
[2026-02-28T13:33:26.933+0000] {processor.py:183} INFO - Processing /opt/airflow/dags/oltp_s3_dwh.py took 0.512 seconds
[2026-02-28T13:33:57.431+0000] {processor.py:161} INFO - Started process (PID=16630) to work on /opt/airflow/dags/oltp_s3_dwh.py
[2026-02-28T13:33:57.433+0000] {processor.py:830} INFO - Processing file /opt/airflow/dags/oltp_s3_dwh.py for tasks to queue
[2026-02-28T13:33:57.435+0000] {logging_mixin.py:188} INFO - [2026-02-28T13:33:57.435+0000] {dagbag.py:545} INFO - Filling up the DagBag from /opt/airflow/dags/oltp_s3_dwh.py
[2026-02-28T13:33:57.765+0000] {processor.py:840} INFO - DAG(s) 'oltp_s3_dwh' retrieved from /opt/airflow/dags/oltp_s3_dwh.py
[2026-02-28T13:33:57.796+0000] {logging_mixin.py:188} INFO - [2026-02-28T13:33:57.795+0000] {dag.py:3089} INFO - Sync 1 DAGs
[2026-02-28T13:33:57.821+0000] {logging_mixin.py:188} INFO - [2026-02-28T13:33:57.821+0000] {dag.py:3947} INFO - Setting next_dagrun for oltp_s3_dwh to 2026-02-01 00:00:00+00:00, run_after=2026-03-01 00:00:00+00:00
[2026-02-28T13:33:57.841+0000] {processor.py:183} INFO - Processing /opt/airflow/dags/oltp_s3_dwh.py took 0.416 seconds
[2026-02-28T13:34:28.434+0000] {processor.py:161} INFO - Started process (PID=16669) to work on /opt/airflow/dags/oltp_s3_dwh.py
[2026-02-28T13:34:28.435+0000] {processor.py:830} INFO - Processing file /opt/airflow/dags/oltp_s3_dwh.py for tasks to queue
[2026-02-28T13:34:28.439+0000] {logging_mixin.py:188} INFO - [2026-02-28T13:34:28.438+0000] {dagbag.py:545} INFO - Filling up the DagBag from /opt/airflow/dags/oltp_s3_dwh.py
[2026-02-28T13:34:28.778+0000] {processor.py:840} INFO - DAG(s) 'oltp_s3_dwh' retrieved from /opt/airflow/dags/oltp_s3_dwh.py
[2026-02-28T13:34:28.804+0000] {logging_mixin.py:188} INFO - [2026-02-28T13:34:28.804+0000] {dag.py:3089} INFO - Sync 1 DAGs
[2026-02-28T13:34:28.829+0000] {logging_mixin.py:188} INFO - [2026-02-28T13:34:28.829+0000] {dag.py:3947} INFO - Setting next_dagrun for oltp_s3_dwh to 2026-02-01 00:00:00+00:00, run_after=2026-03-01 00:00:00+00:00
[2026-02-28T13:34:29.013+0000] {processor.py:183} INFO - Processing /opt/airflow/dags/oltp_s3_dwh.py took 0.585 seconds
[2026-02-28T13:34:59.140+0000] {processor.py:161} INFO - Started process (PID=16700) to work on /opt/airflow/dags/oltp_s3_dwh.py
[2026-02-28T13:34:59.142+0000] {processor.py:830} INFO - Processing file /opt/airflow/dags/oltp_s3_dwh.py for tasks to queue
[2026-02-28T13:34:59.144+0000] {logging_mixin.py:188} INFO - [2026-02-28T13:34:59.144+0000] {dagbag.py:545} INFO - Filling up the DagBag from /opt/airflow/dags/oltp_s3_dwh.py
[2026-02-28T13:34:59.486+0000] {processor.py:840} INFO - DAG(s) 'oltp_s3_dwh' retrieved from /opt/airflow/dags/oltp_s3_dwh.py
[2026-02-28T13:34:59.516+0000] {logging_mixin.py:188} INFO - [2026-02-28T13:34:59.516+0000] {dag.py:3089} INFO - Sync 1 DAGs
[2026-02-28T13:34:59.552+0000] {logging_mixin.py:188} INFO - [2026-02-28T13:34:59.552+0000] {dag.py:3947} INFO - Setting next_dagrun for oltp_s3_dwh to 2026-02-01 00:00:00+00:00, run_after=2026-03-01 00:00:00+00:00
[2026-02-28T13:34:59.607+0000] {processor.py:183} INFO - Processing /opt/airflow/dags/oltp_s3_dwh.py took 0.474 seconds
[2026-02-28T13:35:30.537+0000] {processor.py:161} INFO - Started process (PID=16731) to work on /opt/airflow/dags/oltp_s3_dwh.py
[2026-02-28T13:35:30.539+0000] {processor.py:830} INFO - Processing file /opt/airflow/dags/oltp_s3_dwh.py for tasks to queue
[2026-02-28T13:35:30.541+0000] {logging_mixin.py:188} INFO - [2026-02-28T13:35:30.541+0000] {dagbag.py:545} INFO - Filling up the DagBag from /opt/airflow/dags/oltp_s3_dwh.py
[2026-02-28T13:35:30.858+0000] {processor.py:840} INFO - DAG(s) 'oltp_s3_dwh' retrieved from /opt/airflow/dags/oltp_s3_dwh.py
[2026-02-28T13:35:30.885+0000] {logging_mixin.py:188} INFO - [2026-02-28T13:35:30.885+0000] {dag.py:3089} INFO - Sync 1 DAGs
[2026-02-28T13:35:30.906+0000] {logging_mixin.py:188} INFO - [2026-02-28T13:35:30.906+0000] {dag.py:3947} INFO - Setting next_dagrun for oltp_s3_dwh to 2026-02-01 00:00:00+00:00, run_after=2026-03-01 00:00:00+00:00
[2026-02-28T13:35:30.928+0000] {processor.py:183} INFO - Processing /opt/airflow/dags/oltp_s3_dwh.py took 0.397 seconds
[2026-02-28T13:36:01.132+0000] {processor.py:161} INFO - Started process (PID=16770) to work on /opt/airflow/dags/oltp_s3_dwh.py
[2026-02-28T13:36:01.134+0000] {processor.py:830} INFO - Processing file /opt/airflow/dags/oltp_s3_dwh.py for tasks to queue
[2026-02-28T13:36:01.137+0000] {logging_mixin.py:188} INFO - [2026-02-28T13:36:01.137+0000] {dagbag.py:545} INFO - Filling up the DagBag from /opt/airflow/dags/oltp_s3_dwh.py
[2026-02-28T13:36:01.519+0000] {processor.py:840} INFO - DAG(s) 'oltp_s3_dwh' retrieved from /opt/airflow/dags/oltp_s3_dwh.py
[2026-02-28T13:36:01.548+0000] {logging_mixin.py:188} INFO - [2026-02-28T13:36:01.548+0000] {dag.py:3089} INFO - Sync 1 DAGs
[2026-02-28T13:36:01.575+0000] {logging_mixin.py:188} INFO - [2026-02-28T13:36:01.575+0000] {dag.py:3947} INFO - Setting next_dagrun for oltp_s3_dwh to 2026-02-01 00:00:00+00:00, run_after=2026-03-01 00:00:00+00:00
[2026-02-28T13:36:01.607+0000] {processor.py:183} INFO - Processing /opt/airflow/dags/oltp_s3_dwh.py took 0.483 seconds
[2026-02-28T13:36:32.082+0000] {processor.py:161} INFO - Started process (PID=16801) to work on /opt/airflow/dags/oltp_s3_dwh.py
[2026-02-28T13:36:32.084+0000] {processor.py:830} INFO - Processing file /opt/airflow/dags/oltp_s3_dwh.py for tasks to queue
[2026-02-28T13:36:32.086+0000] {logging_mixin.py:188} INFO - [2026-02-28T13:36:32.086+0000] {dagbag.py:545} INFO - Filling up the DagBag from /opt/airflow/dags/oltp_s3_dwh.py
[2026-02-28T13:36:32.404+0000] {processor.py:840} INFO - DAG(s) 'oltp_s3_dwh' retrieved from /opt/airflow/dags/oltp_s3_dwh.py
[2026-02-28T13:36:32.431+0000] {logging_mixin.py:188} INFO - [2026-02-28T13:36:32.431+0000] {dag.py:3089} INFO - Sync 1 DAGs
[2026-02-28T13:36:32.455+0000] {logging_mixin.py:188} INFO - [2026-02-28T13:36:32.455+0000] {dag.py:3947} INFO - Setting next_dagrun for oltp_s3_dwh to 2026-02-01 00:00:00+00:00, run_after=2026-03-01 00:00:00+00:00
[2026-02-28T13:36:32.708+0000] {processor.py:183} INFO - Processing /opt/airflow/dags/oltp_s3_dwh.py took 0.635 seconds
[2026-02-28T13:37:03.337+0000] {processor.py:161} INFO - Started process (PID=16832) to work on /opt/airflow/dags/oltp_s3_dwh.py
[2026-02-28T13:37:03.339+0000] {processor.py:830} INFO - Processing file /opt/airflow/dags/oltp_s3_dwh.py for tasks to queue
[2026-02-28T13:37:03.343+0000] {logging_mixin.py:188} INFO - [2026-02-28T13:37:03.342+0000] {dagbag.py:545} INFO - Filling up the DagBag from /opt/airflow/dags/oltp_s3_dwh.py
[2026-02-28T13:37:03.688+0000] {processor.py:840} INFO - DAG(s) 'oltp_s3_dwh' retrieved from /opt/airflow/dags/oltp_s3_dwh.py
[2026-02-28T13:37:03.718+0000] {logging_mixin.py:188} INFO - [2026-02-28T13:37:03.717+0000] {dag.py:3089} INFO - Sync 1 DAGs
[2026-02-28T13:37:03.742+0000] {logging_mixin.py:188} INFO - [2026-02-28T13:37:03.742+0000] {dag.py:3947} INFO - Setting next_dagrun for oltp_s3_dwh to 2026-02-01 00:00:00+00:00, run_after=2026-03-01 00:00:00+00:00
[2026-02-28T13:37:03.762+0000] {processor.py:183} INFO - Processing /opt/airflow/dags/oltp_s3_dwh.py took 0.440 seconds
[2026-02-28T13:37:33.898+0000] {processor.py:161} INFO - Started process (PID=16871) to work on /opt/airflow/dags/oltp_s3_dwh.py
[2026-02-28T13:37:33.900+0000] {processor.py:830} INFO - Processing file /opt/airflow/dags/oltp_s3_dwh.py for tasks to queue
[2026-02-28T13:37:33.902+0000] {logging_mixin.py:188} INFO - [2026-02-28T13:37:33.901+0000] {dagbag.py:545} INFO - Filling up the DagBag from /opt/airflow/dags/oltp_s3_dwh.py
[2026-02-28T13:37:34.215+0000] {processor.py:840} INFO - DAG(s) 'oltp_s3_dwh' retrieved from /opt/airflow/dags/oltp_s3_dwh.py
[2026-02-28T13:37:34.242+0000] {logging_mixin.py:188} INFO - [2026-02-28T13:37:34.241+0000] {dag.py:3089} INFO - Sync 1 DAGs
[2026-02-28T13:37:34.265+0000] {logging_mixin.py:188} INFO - [2026-02-28T13:37:34.264+0000] {dag.py:3947} INFO - Setting next_dagrun for oltp_s3_dwh to 2026-02-01 00:00:00+00:00, run_after=2026-03-01 00:00:00+00:00
[2026-02-28T13:37:34.288+0000] {processor.py:183} INFO - Processing /opt/airflow/dags/oltp_s3_dwh.py took 0.397 seconds
[2026-02-28T13:38:04.595+0000] {processor.py:161} INFO - Started process (PID=16902) to work on /opt/airflow/dags/oltp_s3_dwh.py
[2026-02-28T13:38:04.598+0000] {processor.py:830} INFO - Processing file /opt/airflow/dags/oltp_s3_dwh.py for tasks to queue
[2026-02-28T13:38:04.600+0000] {logging_mixin.py:188} INFO - [2026-02-28T13:38:04.600+0000] {dagbag.py:545} INFO - Filling up the DagBag from /opt/airflow/dags/oltp_s3_dwh.py
[2026-02-28T13:38:04.910+0000] {processor.py:840} INFO - DAG(s) 'oltp_s3_dwh' retrieved from /opt/airflow/dags/oltp_s3_dwh.py
[2026-02-28T13:38:04.939+0000] {logging_mixin.py:188} INFO - [2026-02-28T13:38:04.939+0000] {dag.py:3089} INFO - Sync 1 DAGs
[2026-02-28T13:38:04.961+0000] {logging_mixin.py:188} INFO - [2026-02-28T13:38:04.961+0000] {dag.py:3947} INFO - Setting next_dagrun for oltp_s3_dwh to 2026-02-01 00:00:00+00:00, run_after=2026-03-01 00:00:00+00:00
[2026-02-28T13:38:04.981+0000] {processor.py:183} INFO - Processing /opt/airflow/dags/oltp_s3_dwh.py took 0.391 seconds
[2026-02-28T13:38:35.180+0000] {processor.py:161} INFO - Started process (PID=16934) to work on /opt/airflow/dags/oltp_s3_dwh.py
[2026-02-28T13:38:35.182+0000] {processor.py:830} INFO - Processing file /opt/airflow/dags/oltp_s3_dwh.py for tasks to queue
[2026-02-28T13:38:35.184+0000] {logging_mixin.py:188} INFO - [2026-02-28T13:38:35.183+0000] {dagbag.py:545} INFO - Filling up the DagBag from /opt/airflow/dags/oltp_s3_dwh.py
[2026-02-28T13:38:35.518+0000] {processor.py:840} INFO - DAG(s) 'oltp_s3_dwh' retrieved from /opt/airflow/dags/oltp_s3_dwh.py
[2026-02-28T13:38:35.560+0000] {logging_mixin.py:188} INFO - [2026-02-28T13:38:35.560+0000] {dag.py:3089} INFO - Sync 1 DAGs
[2026-02-28T13:38:35.601+0000] {logging_mixin.py:188} INFO - [2026-02-28T13:38:35.600+0000] {dag.py:3947} INFO - Setting next_dagrun for oltp_s3_dwh to 2026-02-01 00:00:00+00:00, run_after=2026-03-01 00:00:00+00:00
[2026-02-28T13:38:35.881+0000] {processor.py:183} INFO - Processing /opt/airflow/dags/oltp_s3_dwh.py took 0.706 seconds
[2026-02-28T13:39:06.655+0000] {processor.py:161} INFO - Started process (PID=16971) to work on /opt/airflow/dags/oltp_s3_dwh.py
[2026-02-28T13:39:06.656+0000] {processor.py:830} INFO - Processing file /opt/airflow/dags/oltp_s3_dwh.py for tasks to queue
[2026-02-28T13:39:06.659+0000] {logging_mixin.py:188} INFO - [2026-02-28T13:39:06.658+0000] {dagbag.py:545} INFO - Filling up the DagBag from /opt/airflow/dags/oltp_s3_dwh.py
[2026-02-28T13:39:06.974+0000] {processor.py:840} INFO - DAG(s) 'oltp_s3_dwh' retrieved from /opt/airflow/dags/oltp_s3_dwh.py
[2026-02-28T13:39:07.002+0000] {logging_mixin.py:188} INFO - [2026-02-28T13:39:07.001+0000] {dag.py:3089} INFO - Sync 1 DAGs
[2026-02-28T13:39:07.024+0000] {logging_mixin.py:188} INFO - [2026-02-28T13:39:07.024+0000] {dag.py:3947} INFO - Setting next_dagrun for oltp_s3_dwh to 2026-02-01 00:00:00+00:00, run_after=2026-03-01 00:00:00+00:00
[2026-02-28T13:39:07.046+0000] {processor.py:183} INFO - Processing /opt/airflow/dags/oltp_s3_dwh.py took 0.396 seconds
[2026-02-28T13:39:37.324+0000] {processor.py:161} INFO - Started process (PID=17002) to work on /opt/airflow/dags/oltp_s3_dwh.py
[2026-02-28T13:39:37.326+0000] {processor.py:830} INFO - Processing file /opt/airflow/dags/oltp_s3_dwh.py for tasks to queue
[2026-02-28T13:39:37.328+0000] {logging_mixin.py:188} INFO - [2026-02-28T13:39:37.328+0000] {dagbag.py:545} INFO - Filling up the DagBag from /opt/airflow/dags/oltp_s3_dwh.py
[2026-02-28T13:39:37.649+0000] {processor.py:840} INFO - DAG(s) 'oltp_s3_dwh' retrieved from /opt/airflow/dags/oltp_s3_dwh.py
[2026-02-28T13:39:37.678+0000] {logging_mixin.py:188} INFO - [2026-02-28T13:39:37.678+0000] {dag.py:3089} INFO - Sync 1 DAGs
[2026-02-28T13:39:37.700+0000] {logging_mixin.py:188} INFO - [2026-02-28T13:39:37.700+0000] {dag.py:3947} INFO - Setting next_dagrun for oltp_s3_dwh to 2026-02-01 00:00:00+00:00, run_after=2026-03-01 00:00:00+00:00
[2026-02-28T13:39:37.722+0000] {processor.py:183} INFO - Processing /opt/airflow/dags/oltp_s3_dwh.py took 0.404 seconds
[2026-02-28T13:40:07.840+0000] {processor.py:161} INFO - Started process (PID=17040) to work on /opt/airflow/dags/oltp_s3_dwh.py
[2026-02-28T13:40:07.843+0000] {processor.py:830} INFO - Processing file /opt/airflow/dags/oltp_s3_dwh.py for tasks to queue
[2026-02-28T13:40:07.847+0000] {logging_mixin.py:188} INFO - [2026-02-28T13:40:07.846+0000] {dagbag.py:545} INFO - Filling up the DagBag from /opt/airflow/dags/oltp_s3_dwh.py
[2026-02-28T13:40:08.256+0000] {processor.py:840} INFO - DAG(s) 'oltp_s3_dwh' retrieved from /opt/airflow/dags/oltp_s3_dwh.py
[2026-02-28T13:40:08.287+0000] {logging_mixin.py:188} INFO - [2026-02-28T13:40:08.286+0000] {dag.py:3089} INFO - Sync 1 DAGs
[2026-02-28T13:40:08.317+0000] {logging_mixin.py:188} INFO - [2026-02-28T13:40:08.316+0000] {dag.py:3947} INFO - Setting next_dagrun for oltp_s3_dwh to 2026-02-01 00:00:00+00:00, run_after=2026-03-01 00:00:00+00:00
[2026-02-28T13:40:08.343+0000] {processor.py:183} INFO - Processing /opt/airflow/dags/oltp_s3_dwh.py took 0.512 seconds
[2026-02-28T13:40:38.837+0000] {processor.py:161} INFO - Started process (PID=17071) to work on /opt/airflow/dags/oltp_s3_dwh.py
[2026-02-28T13:40:38.838+0000] {processor.py:830} INFO - Processing file /opt/airflow/dags/oltp_s3_dwh.py for tasks to queue
[2026-02-28T13:40:38.840+0000] {logging_mixin.py:188} INFO - [2026-02-28T13:40:38.840+0000] {dagbag.py:545} INFO - Filling up the DagBag from /opt/airflow/dags/oltp_s3_dwh.py
[2026-02-28T13:40:39.163+0000] {processor.py:840} INFO - DAG(s) 'oltp_s3_dwh' retrieved from /opt/airflow/dags/oltp_s3_dwh.py
[2026-02-28T13:40:39.193+0000] {logging_mixin.py:188} INFO - [2026-02-28T13:40:39.193+0000] {dag.py:3089} INFO - Sync 1 DAGs
[2026-02-28T13:40:39.214+0000] {logging_mixin.py:188} INFO - [2026-02-28T13:40:39.214+0000] {dag.py:3947} INFO - Setting next_dagrun for oltp_s3_dwh to 2026-02-01 00:00:00+00:00, run_after=2026-03-01 00:00:00+00:00
[2026-02-28T13:40:39.406+0000] {processor.py:183} INFO - Processing /opt/airflow/dags/oltp_s3_dwh.py took 0.575 seconds
[2026-02-28T13:41:09.654+0000] {processor.py:161} INFO - Started process (PID=17102) to work on /opt/airflow/dags/oltp_s3_dwh.py
[2026-02-28T13:41:09.657+0000] {processor.py:830} INFO - Processing file /opt/airflow/dags/oltp_s3_dwh.py for tasks to queue
[2026-02-28T13:41:09.663+0000] {logging_mixin.py:188} INFO - [2026-02-28T13:41:09.662+0000] {dagbag.py:545} INFO - Filling up the DagBag from /opt/airflow/dags/oltp_s3_dwh.py
[2026-02-28T13:41:10.048+0000] {processor.py:840} INFO - DAG(s) 'oltp_s3_dwh' retrieved from /opt/airflow/dags/oltp_s3_dwh.py
[2026-02-28T13:41:10.077+0000] {logging_mixin.py:188} INFO - [2026-02-28T13:41:10.077+0000] {dag.py:3089} INFO - Sync 1 DAGs
[2026-02-28T13:41:10.102+0000] {logging_mixin.py:188} INFO - [2026-02-28T13:41:10.101+0000] {dag.py:3947} INFO - Setting next_dagrun for oltp_s3_dwh to 2026-02-01 00:00:00+00:00, run_after=2026-03-01 00:00:00+00:00
[2026-02-28T13:41:10.125+0000] {processor.py:183} INFO - Processing /opt/airflow/dags/oltp_s3_dwh.py took 0.485 seconds
[2026-02-28T13:41:40.598+0000] {processor.py:161} INFO - Started process (PID=17140) to work on /opt/airflow/dags/oltp_s3_dwh.py
[2026-02-28T13:41:40.600+0000] {processor.py:830} INFO - Processing file /opt/airflow/dags/oltp_s3_dwh.py for tasks to queue
[2026-02-28T13:41:40.603+0000] {logging_mixin.py:188} INFO - [2026-02-28T13:41:40.602+0000] {dagbag.py:545} INFO - Filling up the DagBag from /opt/airflow/dags/oltp_s3_dwh.py
[2026-02-28T13:41:40.932+0000] {processor.py:840} INFO - DAG(s) 'oltp_s3_dwh' retrieved from /opt/airflow/dags/oltp_s3_dwh.py
[2026-02-28T13:41:40.963+0000] {logging_mixin.py:188} INFO - [2026-02-28T13:41:40.963+0000] {dag.py:3089} INFO - Sync 1 DAGs
[2026-02-28T13:41:40.988+0000] {logging_mixin.py:188} INFO - [2026-02-28T13:41:40.987+0000] {dag.py:3947} INFO - Setting next_dagrun for oltp_s3_dwh to 2026-02-01 00:00:00+00:00, run_after=2026-03-01 00:00:00+00:00
[2026-02-28T13:41:41.014+0000] {processor.py:183} INFO - Processing /opt/airflow/dags/oltp_s3_dwh.py took 0.423 seconds
[2026-02-28T13:42:11.201+0000] {processor.py:161} INFO - Started process (PID=17170) to work on /opt/airflow/dags/oltp_s3_dwh.py
[2026-02-28T13:42:11.205+0000] {processor.py:830} INFO - Processing file /opt/airflow/dags/oltp_s3_dwh.py for tasks to queue
[2026-02-28T13:42:11.208+0000] {logging_mixin.py:188} INFO - [2026-02-28T13:42:11.207+0000] {dagbag.py:545} INFO - Filling up the DagBag from /opt/airflow/dags/oltp_s3_dwh.py
[2026-02-28T13:42:11.511+0000] {processor.py:840} INFO - DAG(s) 'oltp_s3_dwh' retrieved from /opt/airflow/dags/oltp_s3_dwh.py
[2026-02-28T13:42:11.537+0000] {logging_mixin.py:188} INFO - [2026-02-28T13:42:11.537+0000] {dag.py:3089} INFO - Sync 1 DAGs
[2026-02-28T13:42:11.559+0000] {logging_mixin.py:188} INFO - [2026-02-28T13:42:11.558+0000] {dag.py:3947} INFO - Setting next_dagrun for oltp_s3_dwh to 2026-02-01 00:00:00+00:00, run_after=2026-03-01 00:00:00+00:00
[2026-02-28T13:42:11.579+0000] {processor.py:183} INFO - Processing /opt/airflow/dags/oltp_s3_dwh.py took 0.389 seconds
[2026-02-28T13:42:42.087+0000] {processor.py:161} INFO - Started process (PID=17207) to work on /opt/airflow/dags/oltp_s3_dwh.py
[2026-02-28T13:42:42.088+0000] {processor.py:830} INFO - Processing file /opt/airflow/dags/oltp_s3_dwh.py for tasks to queue
[2026-02-28T13:42:42.090+0000] {logging_mixin.py:188} INFO - [2026-02-28T13:42:42.090+0000] {dagbag.py:545} INFO - Filling up the DagBag from /opt/airflow/dags/oltp_s3_dwh.py
[2026-02-28T13:42:42.409+0000] {processor.py:840} INFO - DAG(s) 'oltp_s3_dwh' retrieved from /opt/airflow/dags/oltp_s3_dwh.py
[2026-02-28T13:42:42.438+0000] {logging_mixin.py:188} INFO - [2026-02-28T13:42:42.437+0000] {dag.py:3089} INFO - Sync 1 DAGs
[2026-02-28T13:42:42.460+0000] {logging_mixin.py:188} INFO - [2026-02-28T13:42:42.459+0000] {dag.py:3947} INFO - Setting next_dagrun for oltp_s3_dwh to 2026-02-01 00:00:00+00:00, run_after=2026-03-01 00:00:00+00:00
[2026-02-28T13:42:42.681+0000] {processor.py:183} INFO - Processing /opt/airflow/dags/oltp_s3_dwh.py took 0.601 seconds
[2026-02-28T13:43:13.224+0000] {processor.py:161} INFO - Started process (PID=17245) to work on /opt/airflow/dags/oltp_s3_dwh.py
[2026-02-28T13:43:13.225+0000] {processor.py:830} INFO - Processing file /opt/airflow/dags/oltp_s3_dwh.py for tasks to queue
[2026-02-28T13:43:13.227+0000] {logging_mixin.py:188} INFO - [2026-02-28T13:43:13.227+0000] {dagbag.py:545} INFO - Filling up the DagBag from /opt/airflow/dags/oltp_s3_dwh.py
[2026-02-28T13:43:13.527+0000] {processor.py:840} INFO - DAG(s) 'oltp_s3_dwh' retrieved from /opt/airflow/dags/oltp_s3_dwh.py
[2026-02-28T13:43:13.554+0000] {logging_mixin.py:188} INFO - [2026-02-28T13:43:13.553+0000] {dag.py:3089} INFO - Sync 1 DAGs
[2026-02-28T13:43:13.576+0000] {logging_mixin.py:188} INFO - [2026-02-28T13:43:13.576+0000] {dag.py:3947} INFO - Setting next_dagrun for oltp_s3_dwh to 2026-02-01 00:00:00+00:00, run_after=2026-03-01 00:00:00+00:00
[2026-02-28T13:43:13.596+0000] {processor.py:183} INFO - Processing /opt/airflow/dags/oltp_s3_dwh.py took 0.381 seconds
[2026-02-28T13:43:43.734+0000] {processor.py:161} INFO - Started process (PID=17274) to work on /opt/airflow/dags/oltp_s3_dwh.py
[2026-02-28T13:43:43.736+0000] {processor.py:830} INFO - Processing file /opt/airflow/dags/oltp_s3_dwh.py for tasks to queue
[2026-02-28T13:43:43.740+0000] {logging_mixin.py:188} INFO - [2026-02-28T13:43:43.739+0000] {dagbag.py:545} INFO - Filling up the DagBag from /opt/airflow/dags/oltp_s3_dwh.py
[2026-02-28T13:43:44.245+0000] {processor.py:840} INFO - DAG(s) 'oltp_s3_dwh' retrieved from /opt/airflow/dags/oltp_s3_dwh.py
[2026-02-28T13:43:44.282+0000] {logging_mixin.py:188} INFO - [2026-02-28T13:43:44.281+0000] {dag.py:3089} INFO - Sync 1 DAGs
[2026-02-28T13:43:44.306+0000] {logging_mixin.py:188} INFO - [2026-02-28T13:43:44.306+0000] {dag.py:3947} INFO - Setting next_dagrun for oltp_s3_dwh to 2026-02-01 00:00:00+00:00, run_after=2026-03-01 00:00:00+00:00
[2026-02-28T13:43:44.334+0000] {processor.py:183} INFO - Processing /opt/airflow/dags/oltp_s3_dwh.py took 0.608 seconds
[2026-02-28T13:44:14.944+0000] {processor.py:161} INFO - Started process (PID=17301) to work on /opt/airflow/dags/oltp_s3_dwh.py
[2026-02-28T13:44:14.946+0000] {processor.py:830} INFO - Processing file /opt/airflow/dags/oltp_s3_dwh.py for tasks to queue
[2026-02-28T13:44:14.950+0000] {logging_mixin.py:188} INFO - [2026-02-28T13:44:14.949+0000] {dagbag.py:545} INFO - Filling up the DagBag from /opt/airflow/dags/oltp_s3_dwh.py
[2026-02-28T13:44:15.489+0000] {processor.py:840} INFO - DAG(s) 'oltp_s3_dwh' retrieved from /opt/airflow/dags/oltp_s3_dwh.py
[2026-02-28T13:44:15.556+0000] {logging_mixin.py:188} INFO - [2026-02-28T13:44:15.556+0000] {dag.py:3089} INFO - Sync 1 DAGs
[2026-02-28T13:44:15.610+0000] {logging_mixin.py:188} INFO - [2026-02-28T13:44:15.610+0000] {dag.py:3947} INFO - Setting next_dagrun for oltp_s3_dwh to 2026-02-01 00:00:00+00:00, run_after=2026-03-01 00:00:00+00:00
[2026-02-28T13:44:15.658+0000] {processor.py:183} INFO - Processing /opt/airflow/dags/oltp_s3_dwh.py took 0.733 seconds
[2026-02-28T13:44:46.255+0000] {processor.py:161} INFO - Started process (PID=17340) to work on /opt/airflow/dags/oltp_s3_dwh.py
[2026-02-28T13:44:46.257+0000] {processor.py:830} INFO - Processing file /opt/airflow/dags/oltp_s3_dwh.py for tasks to queue
[2026-02-28T13:44:46.261+0000] {logging_mixin.py:188} INFO - [2026-02-28T13:44:46.260+0000] {dagbag.py:545} INFO - Filling up the DagBag from /opt/airflow/dags/oltp_s3_dwh.py
[2026-02-28T13:44:46.785+0000] {processor.py:840} INFO - DAG(s) 'oltp_s3_dwh' retrieved from /opt/airflow/dags/oltp_s3_dwh.py
[2026-02-28T13:44:46.827+0000] {logging_mixin.py:188} INFO - [2026-02-28T13:44:46.827+0000] {dag.py:3089} INFO - Sync 1 DAGs
[2026-02-28T13:44:46.856+0000] {logging_mixin.py:188} INFO - [2026-02-28T13:44:46.855+0000] {dag.py:3947} INFO - Setting next_dagrun for oltp_s3_dwh to 2026-02-01 00:00:00+00:00, run_after=2026-03-01 00:00:00+00:00
[2026-02-28T13:44:46.892+0000] {processor.py:183} INFO - Processing /opt/airflow/dags/oltp_s3_dwh.py took 0.648 seconds
[2026-02-28T13:45:17.359+0000] {processor.py:161} INFO - Started process (PID=17370) to work on /opt/airflow/dags/oltp_s3_dwh.py
[2026-02-28T13:45:17.360+0000] {processor.py:830} INFO - Processing file /opt/airflow/dags/oltp_s3_dwh.py for tasks to queue
[2026-02-28T13:45:17.363+0000] {logging_mixin.py:188} INFO - [2026-02-28T13:45:17.362+0000] {dagbag.py:545} INFO - Filling up the DagBag from /opt/airflow/dags/oltp_s3_dwh.py
[2026-02-28T13:45:17.739+0000] {processor.py:840} INFO - DAG(s) 'oltp_s3_dwh' retrieved from /opt/airflow/dags/oltp_s3_dwh.py
[2026-02-28T13:45:17.770+0000] {logging_mixin.py:188} INFO - [2026-02-28T13:45:17.769+0000] {dag.py:3089} INFO - Sync 1 DAGs
[2026-02-28T13:45:17.987+0000] {logging_mixin.py:188} INFO - [2026-02-28T13:45:17.987+0000] {dag.py:3947} INFO - Setting next_dagrun for oltp_s3_dwh to 2026-02-01 00:00:00+00:00, run_after=2026-03-01 00:00:00+00:00
[2026-02-28T13:45:18.027+0000] {processor.py:183} INFO - Processing /opt/airflow/dags/oltp_s3_dwh.py took 0.675 seconds
[2026-02-28T13:45:48.229+0000] {processor.py:161} INFO - Started process (PID=17401) to work on /opt/airflow/dags/oltp_s3_dwh.py
[2026-02-28T13:45:48.233+0000] {processor.py:830} INFO - Processing file /opt/airflow/dags/oltp_s3_dwh.py for tasks to queue
[2026-02-28T13:45:48.236+0000] {logging_mixin.py:188} INFO - [2026-02-28T13:45:48.235+0000] {dagbag.py:545} INFO - Filling up the DagBag from /opt/airflow/dags/oltp_s3_dwh.py
[2026-02-28T13:45:48.734+0000] {processor.py:840} INFO - DAG(s) 'oltp_s3_dwh' retrieved from /opt/airflow/dags/oltp_s3_dwh.py
[2026-02-28T13:45:48.766+0000] {logging_mixin.py:188} INFO - [2026-02-28T13:45:48.765+0000] {dag.py:3089} INFO - Sync 1 DAGs
[2026-02-28T13:45:48.793+0000] {logging_mixin.py:188} INFO - [2026-02-28T13:45:48.793+0000] {dag.py:3947} INFO - Setting next_dagrun for oltp_s3_dwh to 2026-02-01 00:00:00+00:00, run_after=2026-03-01 00:00:00+00:00
[2026-02-28T13:45:48.824+0000] {processor.py:183} INFO - Processing /opt/airflow/dags/oltp_s3_dwh.py took 0.531 seconds
[2026-02-28T13:46:19.509+0000] {processor.py:161} INFO - Started process (PID=17431) to work on /opt/airflow/dags/oltp_s3_dwh.py
[2026-02-28T13:46:19.512+0000] {processor.py:830} INFO - Processing file /opt/airflow/dags/oltp_s3_dwh.py for tasks to queue
[2026-02-28T13:46:19.516+0000] {logging_mixin.py:188} INFO - [2026-02-28T13:46:19.516+0000] {dagbag.py:545} INFO - Filling up the DagBag from /opt/airflow/dags/oltp_s3_dwh.py
[2026-02-28T13:46:20.071+0000] {processor.py:840} INFO - DAG(s) 'oltp_s3_dwh' retrieved from /opt/airflow/dags/oltp_s3_dwh.py
[2026-02-28T13:46:20.109+0000] {logging_mixin.py:188} INFO - [2026-02-28T13:46:20.109+0000] {dag.py:3089} INFO - Sync 1 DAGs
[2026-02-28T13:46:20.149+0000] {logging_mixin.py:188} INFO - [2026-02-28T13:46:20.149+0000] {dag.py:3947} INFO - Setting next_dagrun for oltp_s3_dwh to 2026-02-01 00:00:00+00:00, run_after=2026-03-01 00:00:00+00:00
[2026-02-28T13:46:20.180+0000] {processor.py:183} INFO - Processing /opt/airflow/dags/oltp_s3_dwh.py took 0.687 seconds
[2026-02-28T13:46:50.626+0000] {processor.py:161} INFO - Started process (PID=17468) to work on /opt/airflow/dags/oltp_s3_dwh.py
[2026-02-28T13:46:50.628+0000] {processor.py:830} INFO - Processing file /opt/airflow/dags/oltp_s3_dwh.py for tasks to queue
[2026-02-28T13:46:50.631+0000] {logging_mixin.py:188} INFO - [2026-02-28T13:46:50.631+0000] {dagbag.py:545} INFO - Filling up the DagBag from /opt/airflow/dags/oltp_s3_dwh.py
[2026-02-28T13:46:51.026+0000] {processor.py:840} INFO - DAG(s) 'oltp_s3_dwh' retrieved from /opt/airflow/dags/oltp_s3_dwh.py
[2026-02-28T13:46:51.054+0000] {logging_mixin.py:188} INFO - [2026-02-28T13:46:51.054+0000] {dag.py:3089} INFO - Sync 1 DAGs
[2026-02-28T13:46:51.081+0000] {logging_mixin.py:188} INFO - [2026-02-28T13:46:51.081+0000] {dag.py:3947} INFO - Setting next_dagrun for oltp_s3_dwh to 2026-02-01 00:00:00+00:00, run_after=2026-03-01 00:00:00+00:00
[2026-02-28T13:46:51.105+0000] {processor.py:183} INFO - Processing /opt/airflow/dags/oltp_s3_dwh.py took 0.488 seconds
[2026-02-28T13:47:21.578+0000] {processor.py:161} INFO - Started process (PID=17498) to work on /opt/airflow/dags/oltp_s3_dwh.py
[2026-02-28T13:47:21.579+0000] {processor.py:830} INFO - Processing file /opt/airflow/dags/oltp_s3_dwh.py for tasks to queue
[2026-02-28T13:47:21.582+0000] {logging_mixin.py:188} INFO - [2026-02-28T13:47:21.581+0000] {dagbag.py:545} INFO - Filling up the DagBag from /opt/airflow/dags/oltp_s3_dwh.py
[2026-02-28T13:47:21.881+0000] {processor.py:840} INFO - DAG(s) 'oltp_s3_dwh' retrieved from /opt/airflow/dags/oltp_s3_dwh.py
[2026-02-28T13:47:21.907+0000] {logging_mixin.py:188} INFO - [2026-02-28T13:47:21.907+0000] {dag.py:3089} INFO - Sync 1 DAGs
[2026-02-28T13:47:22.112+0000] {logging_mixin.py:188} INFO - [2026-02-28T13:47:22.112+0000] {dag.py:3947} INFO - Setting next_dagrun for oltp_s3_dwh to 2026-02-01 00:00:00+00:00, run_after=2026-03-01 00:00:00+00:00
[2026-02-28T13:47:22.150+0000] {processor.py:183} INFO - Processing /opt/airflow/dags/oltp_s3_dwh.py took 0.579 seconds
[2026-02-28T13:47:52.283+0000] {processor.py:161} INFO - Started process (PID=17534) to work on /opt/airflow/dags/oltp_s3_dwh.py
[2026-02-28T13:47:52.285+0000] {processor.py:830} INFO - Processing file /opt/airflow/dags/oltp_s3_dwh.py for tasks to queue
[2026-02-28T13:47:52.288+0000] {logging_mixin.py:188} INFO - [2026-02-28T13:47:52.287+0000] {dagbag.py:545} INFO - Filling up the DagBag from /opt/airflow/dags/oltp_s3_dwh.py
[2026-02-28T13:47:52.722+0000] {processor.py:840} INFO - DAG(s) 'oltp_s3_dwh' retrieved from /opt/airflow/dags/oltp_s3_dwh.py
[2026-02-28T13:47:53.054+0000] {logging_mixin.py:188} INFO - [2026-02-28T13:47:53.054+0000] {dag.py:3089} INFO - Sync 1 DAGs
[2026-02-28T13:47:53.099+0000] {logging_mixin.py:188} INFO - [2026-02-28T13:47:53.099+0000] {dag.py:3947} INFO - Setting next_dagrun for oltp_s3_dwh to 2026-02-01 00:00:00+00:00, run_after=2026-03-01 00:00:00+00:00
[2026-02-28T13:47:53.132+0000] {processor.py:183} INFO - Processing /opt/airflow/dags/oltp_s3_dwh.py took 0.859 seconds
[2026-02-28T13:48:23.648+0000] {processor.py:161} INFO - Started process (PID=17574) to work on /opt/airflow/dags/oltp_s3_dwh.py
[2026-02-28T13:48:23.650+0000] {processor.py:830} INFO - Processing file /opt/airflow/dags/oltp_s3_dwh.py for tasks to queue
[2026-02-28T13:48:23.654+0000] {logging_mixin.py:188} INFO - [2026-02-28T13:48:23.653+0000] {dagbag.py:545} INFO - Filling up the DagBag from /opt/airflow/dags/oltp_s3_dwh.py
[2026-02-28T13:48:24.144+0000] {processor.py:840} INFO - DAG(s) 'oltp_s3_dwh' retrieved from /opt/airflow/dags/oltp_s3_dwh.py
[2026-02-28T13:48:24.175+0000] {logging_mixin.py:188} INFO - [2026-02-28T13:48:24.175+0000] {dag.py:3089} INFO - Sync 1 DAGs
[2026-02-28T13:48:24.207+0000] {logging_mixin.py:188} INFO - [2026-02-28T13:48:24.206+0000] {dag.py:3947} INFO - Setting next_dagrun for oltp_s3_dwh to 2026-02-01 00:00:00+00:00, run_after=2026-03-01 00:00:00+00:00
[2026-02-28T13:48:24.239+0000] {processor.py:183} INFO - Processing /opt/airflow/dags/oltp_s3_dwh.py took 0.602 seconds
[2026-02-28T13:48:55.087+0000] {processor.py:161} INFO - Started process (PID=17604) to work on /opt/airflow/dags/oltp_s3_dwh.py
[2026-02-28T13:48:55.088+0000] {processor.py:830} INFO - Processing file /opt/airflow/dags/oltp_s3_dwh.py for tasks to queue
[2026-02-28T13:48:55.090+0000] {logging_mixin.py:188} INFO - [2026-02-28T13:48:55.090+0000] {dagbag.py:545} INFO - Filling up the DagBag from /opt/airflow/dags/oltp_s3_dwh.py
[2026-02-28T13:48:55.432+0000] {processor.py:840} INFO - DAG(s) 'oltp_s3_dwh' retrieved from /opt/airflow/dags/oltp_s3_dwh.py
[2026-02-28T13:48:55.462+0000] {logging_mixin.py:188} INFO - [2026-02-28T13:48:55.462+0000] {dag.py:3089} INFO - Sync 1 DAGs
[2026-02-28T13:48:55.487+0000] {logging_mixin.py:188} INFO - [2026-02-28T13:48:55.487+0000] {dag.py:3947} INFO - Setting next_dagrun for oltp_s3_dwh to 2026-02-01 00:00:00+00:00, run_after=2026-03-01 00:00:00+00:00
[2026-02-28T13:48:55.533+0000] {processor.py:183} INFO - Processing /opt/airflow/dags/oltp_s3_dwh.py took 0.453 seconds
[2026-02-28T13:49:25.998+0000] {processor.py:161} INFO - Started process (PID=17635) to work on /opt/airflow/dags/oltp_s3_dwh.py
[2026-02-28T13:49:26.000+0000] {processor.py:830} INFO - Processing file /opt/airflow/dags/oltp_s3_dwh.py for tasks to queue
[2026-02-28T13:49:26.003+0000] {logging_mixin.py:188} INFO - [2026-02-28T13:49:26.002+0000] {dagbag.py:545} INFO - Filling up the DagBag from /opt/airflow/dags/oltp_s3_dwh.py
[2026-02-28T13:49:26.384+0000] {processor.py:840} INFO - DAG(s) 'oltp_s3_dwh' retrieved from /opt/airflow/dags/oltp_s3_dwh.py
[2026-02-28T13:49:26.486+0000] {logging_mixin.py:188} INFO - [2026-02-28T13:49:26.484+0000] {dag.py:3089} INFO - Sync 1 DAGs
[2026-02-28T13:49:26.863+0000] {logging_mixin.py:188} INFO - [2026-02-28T13:49:26.863+0000] {dag.py:3947} INFO - Setting next_dagrun for oltp_s3_dwh to 2026-02-01 00:00:00+00:00, run_after=2026-03-01 00:00:00+00:00
[2026-02-28T13:49:26.949+0000] {processor.py:183} INFO - Processing /opt/airflow/dags/oltp_s3_dwh.py took 0.960 seconds
[2026-02-28T13:49:57.539+0000] {processor.py:161} INFO - Started process (PID=17673) to work on /opt/airflow/dags/oltp_s3_dwh.py
[2026-02-28T13:49:57.542+0000] {processor.py:830} INFO - Processing file /opt/airflow/dags/oltp_s3_dwh.py for tasks to queue
[2026-02-28T13:49:57.545+0000] {logging_mixin.py:188} INFO - [2026-02-28T13:49:57.544+0000] {dagbag.py:545} INFO - Filling up the DagBag from /opt/airflow/dags/oltp_s3_dwh.py
[2026-02-28T13:49:57.926+0000] {processor.py:840} INFO - DAG(s) 'oltp_s3_dwh' retrieved from /opt/airflow/dags/oltp_s3_dwh.py
[2026-02-28T13:49:58.190+0000] {logging_mixin.py:188} INFO - [2026-02-28T13:49:58.190+0000] {dag.py:3089} INFO - Sync 1 DAGs
[2026-02-28T13:49:58.217+0000] {logging_mixin.py:188} INFO - [2026-02-28T13:49:58.216+0000] {dag.py:3947} INFO - Setting next_dagrun for oltp_s3_dwh to 2026-02-01 00:00:00+00:00, run_after=2026-03-01 00:00:00+00:00
[2026-02-28T13:49:58.248+0000] {processor.py:183} INFO - Processing /opt/airflow/dags/oltp_s3_dwh.py took 0.715 seconds
[2026-02-28T13:50:28.843+0000] {processor.py:161} INFO - Started process (PID=17704) to work on /opt/airflow/dags/oltp_s3_dwh.py
[2026-02-28T13:50:28.844+0000] {processor.py:830} INFO - Processing file /opt/airflow/dags/oltp_s3_dwh.py for tasks to queue
[2026-02-28T13:50:28.847+0000] {logging_mixin.py:188} INFO - [2026-02-28T13:50:28.846+0000] {dagbag.py:545} INFO - Filling up the DagBag from /opt/airflow/dags/oltp_s3_dwh.py
[2026-02-28T13:50:29.456+0000] {processor.py:840} INFO - DAG(s) 'oltp_s3_dwh' retrieved from /opt/airflow/dags/oltp_s3_dwh.py
[2026-02-28T13:50:29.484+0000] {logging_mixin.py:188} INFO - [2026-02-28T13:50:29.483+0000] {dag.py:3089} INFO - Sync 1 DAGs
[2026-02-28T13:50:29.504+0000] {logging_mixin.py:188} INFO - [2026-02-28T13:50:29.504+0000] {dag.py:3947} INFO - Setting next_dagrun for oltp_s3_dwh to 2026-02-01 00:00:00+00:00, run_after=2026-03-01 00:00:00+00:00
[2026-02-28T13:50:29.529+0000] {processor.py:183} INFO - Processing /opt/airflow/dags/oltp_s3_dwh.py took 0.695 seconds
[2026-02-28T13:51:00.046+0000] {processor.py:161} INFO - Started process (PID=17735) to work on /opt/airflow/dags/oltp_s3_dwh.py
[2026-02-28T13:51:00.048+0000] {processor.py:830} INFO - Processing file /opt/airflow/dags/oltp_s3_dwh.py for tasks to queue
[2026-02-28T13:51:00.052+0000] {logging_mixin.py:188} INFO - [2026-02-28T13:51:00.052+0000] {dagbag.py:545} INFO - Filling up the DagBag from /opt/airflow/dags/oltp_s3_dwh.py
[2026-02-28T13:51:00.455+0000] {processor.py:840} INFO - DAG(s) 'oltp_s3_dwh' retrieved from /opt/airflow/dags/oltp_s3_dwh.py
[2026-02-28T13:51:00.490+0000] {logging_mixin.py:188} INFO - [2026-02-28T13:51:00.489+0000] {dag.py:3089} INFO - Sync 1 DAGs
[2026-02-28T13:51:00.515+0000] {logging_mixin.py:188} INFO - [2026-02-28T13:51:00.514+0000] {dag.py:3947} INFO - Setting next_dagrun for oltp_s3_dwh to 2026-02-01 00:00:00+00:00, run_after=2026-03-01 00:00:00+00:00
[2026-02-28T13:51:00.546+0000] {processor.py:183} INFO - Processing /opt/airflow/dags/oltp_s3_dwh.py took 0.509 seconds
[2026-02-28T13:51:30.980+0000] {processor.py:161} INFO - Started process (PID=17773) to work on /opt/airflow/dags/oltp_s3_dwh.py
[2026-02-28T13:51:30.982+0000] {processor.py:830} INFO - Processing file /opt/airflow/dags/oltp_s3_dwh.py for tasks to queue
[2026-02-28T13:51:30.984+0000] {logging_mixin.py:188} INFO - [2026-02-28T13:51:30.984+0000] {dagbag.py:545} INFO - Filling up the DagBag from /opt/airflow/dags/oltp_s3_dwh.py
[2026-02-28T13:51:31.463+0000] {processor.py:840} INFO - DAG(s) 'oltp_s3_dwh' retrieved from /opt/airflow/dags/oltp_s3_dwh.py
[2026-02-28T13:51:31.510+0000] {logging_mixin.py:188} INFO - [2026-02-28T13:51:31.509+0000] {dag.py:3089} INFO - Sync 1 DAGs
[2026-02-28T13:51:31.798+0000] {logging_mixin.py:188} INFO - [2026-02-28T13:51:31.797+0000] {dag.py:3947} INFO - Setting next_dagrun for oltp_s3_dwh to 2026-02-01 00:00:00+00:00, run_after=2026-03-01 00:00:00+00:00
[2026-02-28T13:51:31.831+0000] {processor.py:183} INFO - Processing /opt/airflow/dags/oltp_s3_dwh.py took 0.859 seconds
[2026-02-28T13:52:02.509+0000] {processor.py:161} INFO - Started process (PID=17804) to work on /opt/airflow/dags/oltp_s3_dwh.py
[2026-02-28T13:52:02.510+0000] {processor.py:830} INFO - Processing file /opt/airflow/dags/oltp_s3_dwh.py for tasks to queue
[2026-02-28T13:52:02.515+0000] {logging_mixin.py:188} INFO - [2026-02-28T13:52:02.514+0000] {dagbag.py:545} INFO - Filling up the DagBag from /opt/airflow/dags/oltp_s3_dwh.py
[2026-02-28T13:52:03.082+0000] {processor.py:840} INFO - DAG(s) 'oltp_s3_dwh' retrieved from /opt/airflow/dags/oltp_s3_dwh.py
[2026-02-28T13:52:03.330+0000] {logging_mixin.py:188} INFO - [2026-02-28T13:52:03.329+0000] {dag.py:3089} INFO - Sync 1 DAGs
[2026-02-28T13:52:03.359+0000] {logging_mixin.py:188} INFO - [2026-02-28T13:52:03.359+0000] {dag.py:3947} INFO - Setting next_dagrun for oltp_s3_dwh to 2026-02-01 00:00:00+00:00, run_after=2026-03-01 00:00:00+00:00
[2026-02-28T13:52:03.387+0000] {processor.py:183} INFO - Processing /opt/airflow/dags/oltp_s3_dwh.py took 0.888 seconds
[2026-02-28T13:52:34.121+0000] {processor.py:161} INFO - Started process (PID=17835) to work on /opt/airflow/dags/oltp_s3_dwh.py
[2026-02-28T13:52:34.122+0000] {processor.py:830} INFO - Processing file /opt/airflow/dags/oltp_s3_dwh.py for tasks to queue
[2026-02-28T13:52:34.125+0000] {logging_mixin.py:188} INFO - [2026-02-28T13:52:34.124+0000] {dagbag.py:545} INFO - Filling up the DagBag from /opt/airflow/dags/oltp_s3_dwh.py
[2026-02-28T13:52:34.676+0000] {processor.py:840} INFO - DAG(s) 'oltp_s3_dwh' retrieved from /opt/airflow/dags/oltp_s3_dwh.py
[2026-02-28T13:52:34.708+0000] {logging_mixin.py:188} INFO - [2026-02-28T13:52:34.707+0000] {dag.py:3089} INFO - Sync 1 DAGs
[2026-02-28T13:52:34.731+0000] {logging_mixin.py:188} INFO - [2026-02-28T13:52:34.731+0000] {dag.py:3947} INFO - Setting next_dagrun for oltp_s3_dwh to 2026-02-01 00:00:00+00:00, run_after=2026-03-01 00:00:00+00:00
[2026-02-28T13:52:34.766+0000] {processor.py:183} INFO - Processing /opt/airflow/dags/oltp_s3_dwh.py took 0.652 seconds
[2026-02-28T13:53:04.901+0000] {processor.py:161} INFO - Started process (PID=17866) to work on /opt/airflow/dags/oltp_s3_dwh.py
[2026-02-28T13:53:04.903+0000] {processor.py:830} INFO - Processing file /opt/airflow/dags/oltp_s3_dwh.py for tasks to queue
[2026-02-28T13:53:04.905+0000] {logging_mixin.py:188} INFO - [2026-02-28T13:53:04.905+0000] {dagbag.py:545} INFO - Filling up the DagBag from /opt/airflow/dags/oltp_s3_dwh.py
[2026-02-28T13:53:05.430+0000] {processor.py:840} INFO - DAG(s) 'oltp_s3_dwh' retrieved from /opt/airflow/dags/oltp_s3_dwh.py
[2026-02-28T13:53:05.454+0000] {logging_mixin.py:188} INFO - [2026-02-28T13:53:05.454+0000] {dag.py:3089} INFO - Sync 1 DAGs
[2026-02-28T13:53:05.476+0000] {logging_mixin.py:188} INFO - [2026-02-28T13:53:05.475+0000] {dag.py:3947} INFO - Setting next_dagrun for oltp_s3_dwh to 2026-02-01 00:00:00+00:00, run_after=2026-03-01 00:00:00+00:00
[2026-02-28T13:53:05.505+0000] {processor.py:183} INFO - Processing /opt/airflow/dags/oltp_s3_dwh.py took 0.613 seconds
[2026-02-28T13:53:36.038+0000] {processor.py:161} INFO - Started process (PID=17905) to work on /opt/airflow/dags/oltp_s3_dwh.py
[2026-02-28T13:53:36.039+0000] {processor.py:830} INFO - Processing file /opt/airflow/dags/oltp_s3_dwh.py for tasks to queue
[2026-02-28T13:53:36.042+0000] {logging_mixin.py:188} INFO - [2026-02-28T13:53:36.041+0000] {dagbag.py:545} INFO - Filling up the DagBag from /opt/airflow/dags/oltp_s3_dwh.py
[2026-02-28T13:53:36.546+0000] {processor.py:840} INFO - DAG(s) 'oltp_s3_dwh' retrieved from /opt/airflow/dags/oltp_s3_dwh.py
[2026-02-28T13:53:36.595+0000] {logging_mixin.py:188} INFO - [2026-02-28T13:53:36.594+0000] {dag.py:3089} INFO - Sync 1 DAGs
[2026-02-28T13:53:36.946+0000] {logging_mixin.py:188} INFO - [2026-02-28T13:53:36.945+0000] {dag.py:3947} INFO - Setting next_dagrun for oltp_s3_dwh to 2026-02-01 00:00:00+00:00, run_after=2026-03-01 00:00:00+00:00
[2026-02-28T13:53:37.032+0000] {processor.py:183} INFO - Processing /opt/airflow/dags/oltp_s3_dwh.py took 1.003 seconds
[2026-02-28T13:54:07.575+0000] {processor.py:161} INFO - Started process (PID=17935) to work on /opt/airflow/dags/oltp_s3_dwh.py
[2026-02-28T13:54:07.579+0000] {processor.py:830} INFO - Processing file /opt/airflow/dags/oltp_s3_dwh.py for tasks to queue
[2026-02-28T13:54:07.582+0000] {logging_mixin.py:188} INFO - [2026-02-28T13:54:07.581+0000] {dagbag.py:545} INFO - Filling up the DagBag from /opt/airflow/dags/oltp_s3_dwh.py
[2026-02-28T13:54:07.955+0000] {processor.py:840} INFO - DAG(s) 'oltp_s3_dwh' retrieved from /opt/airflow/dags/oltp_s3_dwh.py
[2026-02-28T13:54:08.159+0000] {logging_mixin.py:188} INFO - [2026-02-28T13:54:08.158+0000] {dag.py:3089} INFO - Sync 1 DAGs
[2026-02-28T13:54:08.188+0000] {logging_mixin.py:188} INFO - [2026-02-28T13:54:08.188+0000] {dag.py:3947} INFO - Setting next_dagrun for oltp_s3_dwh to 2026-02-01 00:00:00+00:00, run_after=2026-03-01 00:00:00+00:00
[2026-02-28T13:54:08.212+0000] {processor.py:183} INFO - Processing /opt/airflow/dags/oltp_s3_dwh.py took 0.645 seconds
[2026-02-28T13:54:38.775+0000] {processor.py:161} INFO - Started process (PID=17965) to work on /opt/airflow/dags/oltp_s3_dwh.py
[2026-02-28T13:54:38.777+0000] {processor.py:830} INFO - Processing file /opt/airflow/dags/oltp_s3_dwh.py for tasks to queue
[2026-02-28T13:54:38.780+0000] {logging_mixin.py:188} INFO - [2026-02-28T13:54:38.779+0000] {dagbag.py:545} INFO - Filling up the DagBag from /opt/airflow/dags/oltp_s3_dwh.py
[2026-02-28T13:54:39.378+0000] {processor.py:840} INFO - DAG(s) 'oltp_s3_dwh' retrieved from /opt/airflow/dags/oltp_s3_dwh.py
[2026-02-28T13:54:39.405+0000] {logging_mixin.py:188} INFO - [2026-02-28T13:54:39.405+0000] {dag.py:3089} INFO - Sync 1 DAGs
[2026-02-28T13:54:39.429+0000] {logging_mixin.py:188} INFO - [2026-02-28T13:54:39.429+0000] {dag.py:3947} INFO - Setting next_dagrun for oltp_s3_dwh to 2026-02-01 00:00:00+00:00, run_after=2026-03-01 00:00:00+00:00
[2026-02-28T13:54:39.460+0000] {processor.py:183} INFO - Processing /opt/airflow/dags/oltp_s3_dwh.py took 0.694 seconds
[2026-02-28T13:55:10.041+0000] {processor.py:161} INFO - Started process (PID=18002) to work on /opt/airflow/dags/oltp_s3_dwh.py
[2026-02-28T13:55:10.043+0000] {processor.py:830} INFO - Processing file /opt/airflow/dags/oltp_s3_dwh.py for tasks to queue
[2026-02-28T13:55:10.048+0000] {logging_mixin.py:188} INFO - [2026-02-28T13:55:10.047+0000] {dagbag.py:545} INFO - Filling up the DagBag from /opt/airflow/dags/oltp_s3_dwh.py
[2026-02-28T13:55:10.590+0000] {processor.py:840} INFO - DAG(s) 'oltp_s3_dwh' retrieved from /opt/airflow/dags/oltp_s3_dwh.py
[2026-02-28T13:55:10.624+0000] {logging_mixin.py:188} INFO - [2026-02-28T13:55:10.624+0000] {dag.py:3089} INFO - Sync 1 DAGs
[2026-02-28T13:55:10.662+0000] {logging_mixin.py:188} INFO - [2026-02-28T13:55:10.662+0000] {dag.py:3947} INFO - Setting next_dagrun for oltp_s3_dwh to 2026-02-01 00:00:00+00:00, run_after=2026-03-01 00:00:00+00:00
[2026-02-28T13:55:10.698+0000] {processor.py:183} INFO - Processing /opt/airflow/dags/oltp_s3_dwh.py took 0.667 seconds
[2026-02-28T13:55:41.294+0000] {processor.py:161} INFO - Started process (PID=18033) to work on /opt/airflow/dags/oltp_s3_dwh.py
[2026-02-28T13:55:41.295+0000] {processor.py:830} INFO - Processing file /opt/airflow/dags/oltp_s3_dwh.py for tasks to queue
[2026-02-28T13:55:41.298+0000] {logging_mixin.py:188} INFO - [2026-02-28T13:55:41.297+0000] {dagbag.py:545} INFO - Filling up the DagBag from /opt/airflow/dags/oltp_s3_dwh.py
[2026-02-28T13:55:41.855+0000] {processor.py:840} INFO - DAG(s) 'oltp_s3_dwh' retrieved from /opt/airflow/dags/oltp_s3_dwh.py
[2026-02-28T13:55:41.883+0000] {logging_mixin.py:188} INFO - [2026-02-28T13:55:41.883+0000] {dag.py:3089} INFO - Sync 1 DAGs
[2026-02-28T13:55:41.906+0000] {logging_mixin.py:188} INFO - [2026-02-28T13:55:41.906+0000] {dag.py:3947} INFO - Setting next_dagrun for oltp_s3_dwh to 2026-02-01 00:00:00+00:00, run_after=2026-03-01 00:00:00+00:00
[2026-02-28T13:55:41.938+0000] {processor.py:183} INFO - Processing /opt/airflow/dags/oltp_s3_dwh.py took 0.650 seconds
[2026-02-28T13:56:12.127+0000] {processor.py:161} INFO - Started process (PID=18064) to work on /opt/airflow/dags/oltp_s3_dwh.py
[2026-02-28T13:56:12.130+0000] {processor.py:830} INFO - Processing file /opt/airflow/dags/oltp_s3_dwh.py for tasks to queue
[2026-02-28T13:56:12.134+0000] {logging_mixin.py:188} INFO - [2026-02-28T13:56:12.133+0000] {dagbag.py:545} INFO - Filling up the DagBag from /opt/airflow/dags/oltp_s3_dwh.py
[2026-02-28T13:56:12.704+0000] {processor.py:840} INFO - DAG(s) 'oltp_s3_dwh' retrieved from /opt/airflow/dags/oltp_s3_dwh.py
[2026-02-28T13:56:12.736+0000] {logging_mixin.py:188} INFO - [2026-02-28T13:56:12.736+0000] {dag.py:3089} INFO - Sync 1 DAGs
[2026-02-28T13:56:12.759+0000] {logging_mixin.py:188} INFO - [2026-02-28T13:56:12.758+0000] {dag.py:3947} INFO - Setting next_dagrun for oltp_s3_dwh to 2026-02-01 00:00:00+00:00, run_after=2026-03-01 00:00:00+00:00
[2026-02-28T13:56:12.784+0000] {processor.py:183} INFO - Processing /opt/airflow/dags/oltp_s3_dwh.py took 0.665 seconds
[2026-02-28T13:56:42.937+0000] {processor.py:161} INFO - Started process (PID=18096) to work on /opt/airflow/dags/oltp_s3_dwh.py
[2026-02-28T13:56:42.939+0000] {processor.py:830} INFO - Processing file /opt/airflow/dags/oltp_s3_dwh.py for tasks to queue
[2026-02-28T13:56:42.942+0000] {logging_mixin.py:188} INFO - [2026-02-28T13:56:42.941+0000] {dagbag.py:545} INFO - Filling up the DagBag from /opt/airflow/dags/oltp_s3_dwh.py
[2026-02-28T13:56:43.636+0000] {processor.py:840} INFO - DAG(s) 'oltp_s3_dwh' retrieved from /opt/airflow/dags/oltp_s3_dwh.py
[2026-02-28T13:56:43.688+0000] {logging_mixin.py:188} INFO - [2026-02-28T13:56:43.686+0000] {dag.py:3089} INFO - Sync 1 DAGs
[2026-02-28T13:56:43.728+0000] {logging_mixin.py:188} INFO - [2026-02-28T13:56:43.727+0000] {dag.py:3947} INFO - Setting next_dagrun for oltp_s3_dwh to 2026-02-01 00:00:00+00:00, run_after=2026-03-01 00:00:00+00:00
[2026-02-28T13:56:43.766+0000] {processor.py:183} INFO - Processing /opt/airflow/dags/oltp_s3_dwh.py took 0.835 seconds
[2026-02-28T13:57:14.444+0000] {processor.py:161} INFO - Started process (PID=18134) to work on /opt/airflow/dags/oltp_s3_dwh.py
[2026-02-28T13:57:14.446+0000] {processor.py:830} INFO - Processing file /opt/airflow/dags/oltp_s3_dwh.py for tasks to queue
[2026-02-28T13:57:14.451+0000] {logging_mixin.py:188} INFO - [2026-02-28T13:57:14.449+0000] {dagbag.py:545} INFO - Filling up the DagBag from /opt/airflow/dags/oltp_s3_dwh.py
[2026-02-28T13:57:15.213+0000] {processor.py:840} INFO - DAG(s) 'oltp_s3_dwh' retrieved from /opt/airflow/dags/oltp_s3_dwh.py
[2026-02-28T13:57:15.252+0000] {logging_mixin.py:188} INFO - [2026-02-28T13:57:15.252+0000] {dag.py:3089} INFO - Sync 1 DAGs
[2026-02-28T13:57:15.278+0000] {logging_mixin.py:188} INFO - [2026-02-28T13:57:15.277+0000] {dag.py:3947} INFO - Setting next_dagrun for oltp_s3_dwh to 2026-02-01 00:00:00+00:00, run_after=2026-03-01 00:00:00+00:00
[2026-02-28T13:57:15.308+0000] {processor.py:183} INFO - Processing /opt/airflow/dags/oltp_s3_dwh.py took 0.877 seconds
[2026-02-28T13:57:45.770+0000] {processor.py:161} INFO - Started process (PID=18165) to work on /opt/airflow/dags/oltp_s3_dwh.py
[2026-02-28T13:57:45.773+0000] {processor.py:830} INFO - Processing file /opt/airflow/dags/oltp_s3_dwh.py for tasks to queue
[2026-02-28T13:57:45.775+0000] {logging_mixin.py:188} INFO - [2026-02-28T13:57:45.774+0000] {dagbag.py:545} INFO - Filling up the DagBag from /opt/airflow/dags/oltp_s3_dwh.py
[2026-02-28T13:57:46.348+0000] {processor.py:840} INFO - DAG(s) 'oltp_s3_dwh' retrieved from /opt/airflow/dags/oltp_s3_dwh.py
[2026-02-28T13:57:46.386+0000] {logging_mixin.py:188} INFO - [2026-02-28T13:57:46.386+0000] {dag.py:3089} INFO - Sync 1 DAGs
[2026-02-28T13:57:46.426+0000] {logging_mixin.py:188} INFO - [2026-02-28T13:57:46.426+0000] {dag.py:3947} INFO - Setting next_dagrun for oltp_s3_dwh to 2026-02-01 00:00:00+00:00, run_after=2026-03-01 00:00:00+00:00
[2026-02-28T13:57:46.469+0000] {processor.py:183} INFO - Processing /opt/airflow/dags/oltp_s3_dwh.py took 0.706 seconds
[2026-02-28T13:58:17.501+0000] {processor.py:161} INFO - Started process (PID=18195) to work on /opt/airflow/dags/oltp_s3_dwh.py
[2026-02-28T13:58:17.503+0000] {processor.py:830} INFO - Processing file /opt/airflow/dags/oltp_s3_dwh.py for tasks to queue
[2026-02-28T13:58:17.508+0000] {logging_mixin.py:188} INFO - [2026-02-28T13:58:17.506+0000] {dagbag.py:545} INFO - Filling up the DagBag from /opt/airflow/dags/oltp_s3_dwh.py
[2026-02-28T13:58:18.278+0000] {processor.py:840} INFO - DAG(s) 'oltp_s3_dwh' retrieved from /opt/airflow/dags/oltp_s3_dwh.py
[2026-02-28T13:58:18.340+0000] {logging_mixin.py:188} INFO - [2026-02-28T13:58:18.339+0000] {dag.py:3089} INFO - Sync 1 DAGs
[2026-02-28T13:58:18.394+0000] {logging_mixin.py:188} INFO - [2026-02-28T13:58:18.393+0000] {dag.py:3947} INFO - Setting next_dagrun for oltp_s3_dwh to 2026-02-01 00:00:00+00:00, run_after=2026-03-01 00:00:00+00:00
[2026-02-28T13:58:18.424+0000] {processor.py:183} INFO - Processing /opt/airflow/dags/oltp_s3_dwh.py took 0.947 seconds
[2026-02-28T13:58:49.028+0000] {processor.py:161} INFO - Started process (PID=18233) to work on /opt/airflow/dags/oltp_s3_dwh.py
[2026-02-28T13:58:49.030+0000] {processor.py:830} INFO - Processing file /opt/airflow/dags/oltp_s3_dwh.py for tasks to queue
[2026-02-28T13:58:49.032+0000] {logging_mixin.py:188} INFO - [2026-02-28T13:58:49.032+0000] {dagbag.py:545} INFO - Filling up the DagBag from /opt/airflow/dags/oltp_s3_dwh.py
[2026-02-28T13:58:49.640+0000] {processor.py:840} INFO - DAG(s) 'oltp_s3_dwh' retrieved from /opt/airflow/dags/oltp_s3_dwh.py
[2026-02-28T13:58:49.672+0000] {logging_mixin.py:188} INFO - [2026-02-28T13:58:49.671+0000] {dag.py:3089} INFO - Sync 1 DAGs
[2026-02-28T13:58:49.697+0000] {logging_mixin.py:188} INFO - [2026-02-28T13:58:49.697+0000] {dag.py:3947} INFO - Setting next_dagrun for oltp_s3_dwh to 2026-02-01 00:00:00+00:00, run_after=2026-03-01 00:00:00+00:00
[2026-02-28T13:58:49.724+0000] {processor.py:183} INFO - Processing /opt/airflow/dags/oltp_s3_dwh.py took 0.705 seconds
[2026-02-28T13:59:20.363+0000] {processor.py:161} INFO - Started process (PID=18265) to work on /opt/airflow/dags/oltp_s3_dwh.py
[2026-02-28T13:59:20.365+0000] {processor.py:830} INFO - Processing file /opt/airflow/dags/oltp_s3_dwh.py for tasks to queue
[2026-02-28T13:59:20.382+0000] {logging_mixin.py:188} INFO - [2026-02-28T13:59:20.381+0000] {dagbag.py:545} INFO - Filling up the DagBag from /opt/airflow/dags/oltp_s3_dwh.py
[2026-02-28T13:59:21.006+0000] {processor.py:840} INFO - DAG(s) 'oltp_s3_dwh' retrieved from /opt/airflow/dags/oltp_s3_dwh.py
[2026-02-28T13:59:21.039+0000] {logging_mixin.py:188} INFO - [2026-02-28T13:59:21.039+0000] {dag.py:3089} INFO - Sync 1 DAGs
[2026-02-28T13:59:21.074+0000] {logging_mixin.py:188} INFO - [2026-02-28T13:59:21.074+0000] {dag.py:3947} INFO - Setting next_dagrun for oltp_s3_dwh to 2026-02-01 00:00:00+00:00, run_after=2026-03-01 00:00:00+00:00
[2026-02-28T13:59:21.102+0000] {processor.py:183} INFO - Processing /opt/airflow/dags/oltp_s3_dwh.py took 0.685 seconds
[2026-02-28T13:59:51.244+0000] {processor.py:161} INFO - Started process (PID=18296) to work on /opt/airflow/dags/oltp_s3_dwh.py
[2026-02-28T13:59:51.246+0000] {processor.py:830} INFO - Processing file /opt/airflow/dags/oltp_s3_dwh.py for tasks to queue
[2026-02-28T13:59:51.253+0000] {logging_mixin.py:188} INFO - [2026-02-28T13:59:51.252+0000] {dagbag.py:545} INFO - Filling up the DagBag from /opt/airflow/dags/oltp_s3_dwh.py
[2026-02-28T13:59:52.318+0000] {processor.py:840} INFO - DAG(s) 'oltp_s3_dwh' retrieved from /opt/airflow/dags/oltp_s3_dwh.py
[2026-02-28T13:59:52.342+0000] {logging_mixin.py:188} INFO - [2026-02-28T13:59:52.341+0000] {dag.py:3089} INFO - Sync 1 DAGs
[2026-02-28T13:59:52.368+0000] {logging_mixin.py:188} INFO - [2026-02-28T13:59:52.368+0000] {dag.py:3947} INFO - Setting next_dagrun for oltp_s3_dwh to 2026-02-01 00:00:00+00:00, run_after=2026-03-01 00:00:00+00:00
[2026-02-28T13:59:52.397+0000] {processor.py:183} INFO - Processing /opt/airflow/dags/oltp_s3_dwh.py took 1.166 seconds
[2026-02-28T14:00:22.861+0000] {processor.py:161} INFO - Started process (PID=18327) to work on /opt/airflow/dags/oltp_s3_dwh.py
[2026-02-28T14:00:22.862+0000] {processor.py:830} INFO - Processing file /opt/airflow/dags/oltp_s3_dwh.py for tasks to queue
[2026-02-28T14:00:22.865+0000] {logging_mixin.py:188} INFO - [2026-02-28T14:00:22.864+0000] {dagbag.py:545} INFO - Filling up the DagBag from /opt/airflow/dags/oltp_s3_dwh.py
[2026-02-28T14:00:23.370+0000] {processor.py:840} INFO - DAG(s) 'oltp_s3_dwh' retrieved from /opt/airflow/dags/oltp_s3_dwh.py
[2026-02-28T14:00:23.404+0000] {logging_mixin.py:188} INFO - [2026-02-28T14:00:23.403+0000] {dag.py:3089} INFO - Sync 1 DAGs
[2026-02-28T14:00:23.424+0000] {logging_mixin.py:188} INFO - [2026-02-28T14:00:23.424+0000] {dag.py:3947} INFO - Setting next_dagrun for oltp_s3_dwh to 2026-02-01 00:00:00+00:00, run_after=2026-03-01 00:00:00+00:00
[2026-02-28T14:00:23.445+0000] {processor.py:183} INFO - Processing /opt/airflow/dags/oltp_s3_dwh.py took 0.591 seconds
[2026-02-28T14:00:54.340+0000] {processor.py:161} INFO - Started process (PID=18365) to work on /opt/airflow/dags/oltp_s3_dwh.py
[2026-02-28T14:00:54.342+0000] {processor.py:830} INFO - Processing file /opt/airflow/dags/oltp_s3_dwh.py for tasks to queue
[2026-02-28T14:00:54.344+0000] {logging_mixin.py:188} INFO - [2026-02-28T14:00:54.343+0000] {dagbag.py:545} INFO - Filling up the DagBag from /opt/airflow/dags/oltp_s3_dwh.py
[2026-02-28T14:00:55.043+0000] {processor.py:840} INFO - DAG(s) 'oltp_s3_dwh' retrieved from /opt/airflow/dags/oltp_s3_dwh.py
[2026-02-28T14:00:55.074+0000] {logging_mixin.py:188} INFO - [2026-02-28T14:00:55.074+0000] {dag.py:3089} INFO - Sync 1 DAGs
[2026-02-28T14:00:55.099+0000] {logging_mixin.py:188} INFO - [2026-02-28T14:00:55.098+0000] {dag.py:3947} INFO - Setting next_dagrun for oltp_s3_dwh to 2026-02-01 00:00:00+00:00, run_after=2026-03-01 00:00:00+00:00
[2026-02-28T14:00:55.128+0000] {processor.py:183} INFO - Processing /opt/airflow/dags/oltp_s3_dwh.py took 0.796 seconds
[2026-02-28T14:01:25.698+0000] {processor.py:161} INFO - Started process (PID=18396) to work on /opt/airflow/dags/oltp_s3_dwh.py
[2026-02-28T14:01:25.699+0000] {processor.py:830} INFO - Processing file /opt/airflow/dags/oltp_s3_dwh.py for tasks to queue
[2026-02-28T14:01:25.702+0000] {logging_mixin.py:188} INFO - [2026-02-28T14:01:25.701+0000] {dagbag.py:545} INFO - Filling up the DagBag from /opt/airflow/dags/oltp_s3_dwh.py
[2026-02-28T14:01:26.262+0000] {processor.py:840} INFO - DAG(s) 'oltp_s3_dwh' retrieved from /opt/airflow/dags/oltp_s3_dwh.py
[2026-02-28T14:01:26.293+0000] {logging_mixin.py:188} INFO - [2026-02-28T14:01:26.293+0000] {dag.py:3089} INFO - Sync 1 DAGs
[2026-02-28T14:01:26.326+0000] {logging_mixin.py:188} INFO - [2026-02-28T14:01:26.325+0000] {dag.py:3947} INFO - Setting next_dagrun for oltp_s3_dwh to 2026-02-01 00:00:00+00:00, run_after=2026-03-01 00:00:00+00:00
[2026-02-28T14:01:26.366+0000] {processor.py:183} INFO - Processing /opt/airflow/dags/oltp_s3_dwh.py took 0.675 seconds
[2026-02-28T14:01:57.058+0000] {processor.py:161} INFO - Started process (PID=18425) to work on /opt/airflow/dags/oltp_s3_dwh.py
[2026-02-28T14:01:57.060+0000] {processor.py:830} INFO - Processing file /opt/airflow/dags/oltp_s3_dwh.py for tasks to queue
[2026-02-28T14:01:57.064+0000] {logging_mixin.py:188} INFO - [2026-02-28T14:01:57.063+0000] {dagbag.py:545} INFO - Filling up the DagBag from /opt/airflow/dags/oltp_s3_dwh.py
[2026-02-28T14:01:57.834+0000] {processor.py:840} INFO - DAG(s) 'oltp_s3_dwh' retrieved from /opt/airflow/dags/oltp_s3_dwh.py
[2026-02-28T14:01:57.870+0000] {logging_mixin.py:188} INFO - [2026-02-28T14:01:57.870+0000] {dag.py:3089} INFO - Sync 1 DAGs
[2026-02-28T14:01:57.902+0000] {logging_mixin.py:188} INFO - [2026-02-28T14:01:57.902+0000] {dag.py:3947} INFO - Setting next_dagrun for oltp_s3_dwh to 2026-02-01 00:00:00+00:00, run_after=2026-03-01 00:00:00+00:00
[2026-02-28T14:01:57.935+0000] {processor.py:183} INFO - Processing /opt/airflow/dags/oltp_s3_dwh.py took 0.888 seconds
[2026-02-28T14:02:28.505+0000] {processor.py:161} INFO - Started process (PID=18455) to work on /opt/airflow/dags/oltp_s3_dwh.py
[2026-02-28T14:02:28.506+0000] {processor.py:830} INFO - Processing file /opt/airflow/dags/oltp_s3_dwh.py for tasks to queue
[2026-02-28T14:02:28.511+0000] {logging_mixin.py:188} INFO - [2026-02-28T14:02:28.510+0000] {dagbag.py:545} INFO - Filling up the DagBag from /opt/airflow/dags/oltp_s3_dwh.py
[2026-02-28T14:02:29.129+0000] {processor.py:840} INFO - DAG(s) 'oltp_s3_dwh' retrieved from /opt/airflow/dags/oltp_s3_dwh.py
[2026-02-28T14:02:29.162+0000] {logging_mixin.py:188} INFO - [2026-02-28T14:02:29.162+0000] {dag.py:3089} INFO - Sync 1 DAGs
[2026-02-28T14:02:29.188+0000] {logging_mixin.py:188} INFO - [2026-02-28T14:02:29.187+0000] {dag.py:3947} INFO - Setting next_dagrun for oltp_s3_dwh to 2026-02-01 00:00:00+00:00, run_after=2026-03-01 00:00:00+00:00
[2026-02-28T14:02:29.218+0000] {processor.py:183} INFO - Processing /opt/airflow/dags/oltp_s3_dwh.py took 0.721 seconds
[2026-02-28T14:02:59.980+0000] {processor.py:161} INFO - Started process (PID=18495) to work on /opt/airflow/dags/oltp_s3_dwh.py
[2026-02-28T14:02:59.982+0000] {processor.py:830} INFO - Processing file /opt/airflow/dags/oltp_s3_dwh.py for tasks to queue
[2026-02-28T14:02:59.986+0000] {logging_mixin.py:188} INFO - [2026-02-28T14:02:59.985+0000] {dagbag.py:545} INFO - Filling up the DagBag from /opt/airflow/dags/oltp_s3_dwh.py
[2026-02-28T14:03:00.737+0000] {processor.py:840} INFO - DAG(s) 'oltp_s3_dwh' retrieved from /opt/airflow/dags/oltp_s3_dwh.py
[2026-02-28T14:03:00.781+0000] {logging_mixin.py:188} INFO - [2026-02-28T14:03:00.781+0000] {dag.py:3089} INFO - Sync 1 DAGs
[2026-02-28T14:03:00.809+0000] {logging_mixin.py:188} INFO - [2026-02-28T14:03:00.809+0000] {dag.py:3947} INFO - Setting next_dagrun for oltp_s3_dwh to 2026-02-01 00:00:00+00:00, run_after=2026-03-01 00:00:00+00:00
[2026-02-28T14:03:00.845+0000] {processor.py:183} INFO - Processing /opt/airflow/dags/oltp_s3_dwh.py took 0.876 seconds
[2026-02-28T14:03:31.768+0000] {processor.py:161} INFO - Started process (PID=18526) to work on /opt/airflow/dags/oltp_s3_dwh.py
[2026-02-28T14:03:31.771+0000] {processor.py:830} INFO - Processing file /opt/airflow/dags/oltp_s3_dwh.py for tasks to queue
[2026-02-28T14:03:31.776+0000] {logging_mixin.py:188} INFO - [2026-02-28T14:03:31.774+0000] {dagbag.py:545} INFO - Filling up the DagBag from /opt/airflow/dags/oltp_s3_dwh.py
[2026-02-28T14:03:32.400+0000] {processor.py:840} INFO - DAG(s) 'oltp_s3_dwh' retrieved from /opt/airflow/dags/oltp_s3_dwh.py
[2026-02-28T14:03:32.428+0000] {logging_mixin.py:188} INFO - [2026-02-28T14:03:32.428+0000] {dag.py:3089} INFO - Sync 1 DAGs
[2026-02-28T14:03:32.449+0000] {logging_mixin.py:188} INFO - [2026-02-28T14:03:32.449+0000] {dag.py:3947} INFO - Setting next_dagrun for oltp_s3_dwh to 2026-02-01 00:00:00+00:00, run_after=2026-03-01 00:00:00+00:00
[2026-02-28T14:03:32.470+0000] {processor.py:183} INFO - Processing /opt/airflow/dags/oltp_s3_dwh.py took 0.712 seconds
[2026-02-28T14:04:03.176+0000] {processor.py:161} INFO - Started process (PID=18557) to work on /opt/airflow/dags/oltp_s3_dwh.py
[2026-02-28T14:04:03.178+0000] {processor.py:830} INFO - Processing file /opt/airflow/dags/oltp_s3_dwh.py for tasks to queue
[2026-02-28T14:04:03.183+0000] {logging_mixin.py:188} INFO - [2026-02-28T14:04:03.182+0000] {dagbag.py:545} INFO - Filling up the DagBag from /opt/airflow/dags/oltp_s3_dwh.py
[2026-02-28T14:04:03.975+0000] {processor.py:840} INFO - DAG(s) 'oltp_s3_dwh' retrieved from /opt/airflow/dags/oltp_s3_dwh.py
[2026-02-28T14:04:04.009+0000] {logging_mixin.py:188} INFO - [2026-02-28T14:04:04.008+0000] {dag.py:3089} INFO - Sync 1 DAGs
[2026-02-28T14:04:04.039+0000] {logging_mixin.py:188} INFO - [2026-02-28T14:04:04.039+0000] {dag.py:3947} INFO - Setting next_dagrun for oltp_s3_dwh to 2026-02-01 00:00:00+00:00, run_after=2026-03-01 00:00:00+00:00
[2026-02-28T14:04:04.067+0000] {processor.py:183} INFO - Processing /opt/airflow/dags/oltp_s3_dwh.py took 0.903 seconds
[2026-02-28T14:04:34.536+0000] {processor.py:161} INFO - Started process (PID=18588) to work on /opt/airflow/dags/oltp_s3_dwh.py
[2026-02-28T14:04:34.538+0000] {processor.py:830} INFO - Processing file /opt/airflow/dags/oltp_s3_dwh.py for tasks to queue
[2026-02-28T14:04:34.545+0000] {logging_mixin.py:188} INFO - [2026-02-28T14:04:34.543+0000] {dagbag.py:545} INFO - Filling up the DagBag from /opt/airflow/dags/oltp_s3_dwh.py
[2026-02-28T14:04:35.262+0000] {processor.py:840} INFO - DAG(s) 'oltp_s3_dwh' retrieved from /opt/airflow/dags/oltp_s3_dwh.py
[2026-02-28T14:04:35.316+0000] {logging_mixin.py:188} INFO - [2026-02-28T14:04:35.315+0000] {dag.py:3089} INFO - Sync 1 DAGs
[2026-02-28T14:04:35.351+0000] {logging_mixin.py:188} INFO - [2026-02-28T14:04:35.351+0000] {dag.py:3947} INFO - Setting next_dagrun for oltp_s3_dwh to 2026-02-01 00:00:00+00:00, run_after=2026-03-01 00:00:00+00:00
[2026-02-28T14:04:35.393+0000] {processor.py:183} INFO - Processing /opt/airflow/dags/oltp_s3_dwh.py took 0.864 seconds
[2026-02-28T14:05:06.211+0000] {processor.py:161} INFO - Started process (PID=18626) to work on /opt/airflow/dags/oltp_s3_dwh.py
[2026-02-28T14:05:06.212+0000] {processor.py:830} INFO - Processing file /opt/airflow/dags/oltp_s3_dwh.py for tasks to queue
[2026-02-28T14:05:06.215+0000] {logging_mixin.py:188} INFO - [2026-02-28T14:05:06.214+0000] {dagbag.py:545} INFO - Filling up the DagBag from /opt/airflow/dags/oltp_s3_dwh.py
[2026-02-28T14:05:06.779+0000] {processor.py:840} INFO - DAG(s) 'oltp_s3_dwh' retrieved from /opt/airflow/dags/oltp_s3_dwh.py
[2026-02-28T14:05:06.812+0000] {logging_mixin.py:188} INFO - [2026-02-28T14:05:06.811+0000] {dag.py:3089} INFO - Sync 1 DAGs
[2026-02-28T14:05:06.836+0000] {logging_mixin.py:188} INFO - [2026-02-28T14:05:06.835+0000] {dag.py:3947} INFO - Setting next_dagrun for oltp_s3_dwh to 2026-02-01 00:00:00+00:00, run_after=2026-03-01 00:00:00+00:00
[2026-02-28T14:05:06.864+0000] {processor.py:183} INFO - Processing /opt/airflow/dags/oltp_s3_dwh.py took 0.663 seconds
[2026-02-28T14:05:37.415+0000] {processor.py:161} INFO - Started process (PID=18656) to work on /opt/airflow/dags/oltp_s3_dwh.py
[2026-02-28T14:05:37.417+0000] {processor.py:830} INFO - Processing file /opt/airflow/dags/oltp_s3_dwh.py for tasks to queue
[2026-02-28T14:05:37.420+0000] {logging_mixin.py:188} INFO - [2026-02-28T14:05:37.419+0000] {dagbag.py:545} INFO - Filling up the DagBag from /opt/airflow/dags/oltp_s3_dwh.py
[2026-02-28T14:05:38.193+0000] {processor.py:840} INFO - DAG(s) 'oltp_s3_dwh' retrieved from /opt/airflow/dags/oltp_s3_dwh.py
[2026-02-28T14:05:38.233+0000] {logging_mixin.py:188} INFO - [2026-02-28T14:05:38.232+0000] {dag.py:3089} INFO - Sync 1 DAGs
[2026-02-28T14:05:38.272+0000] {logging_mixin.py:188} INFO - [2026-02-28T14:05:38.272+0000] {dag.py:3947} INFO - Setting next_dagrun for oltp_s3_dwh to 2026-02-01 00:00:00+00:00, run_after=2026-03-01 00:00:00+00:00
[2026-02-28T14:05:38.307+0000] {processor.py:183} INFO - Processing /opt/airflow/dags/oltp_s3_dwh.py took 0.900 seconds
[2026-02-28T14:06:08.938+0000] {processor.py:161} INFO - Started process (PID=18688) to work on /opt/airflow/dags/oltp_s3_dwh.py
[2026-02-28T14:06:08.940+0000] {processor.py:830} INFO - Processing file /opt/airflow/dags/oltp_s3_dwh.py for tasks to queue
[2026-02-28T14:06:08.943+0000] {logging_mixin.py:188} INFO - [2026-02-28T14:06:08.943+0000] {dagbag.py:545} INFO - Filling up the DagBag from /opt/airflow/dags/oltp_s3_dwh.py
[2026-02-28T14:06:09.440+0000] {processor.py:840} INFO - DAG(s) 'oltp_s3_dwh' retrieved from /opt/airflow/dags/oltp_s3_dwh.py
[2026-02-28T14:06:09.465+0000] {logging_mixin.py:188} INFO - [2026-02-28T14:06:09.465+0000] {dag.py:3089} INFO - Sync 1 DAGs
[2026-02-28T14:06:09.487+0000] {logging_mixin.py:188} INFO - [2026-02-28T14:06:09.486+0000] {dag.py:3947} INFO - Setting next_dagrun for oltp_s3_dwh to 2026-02-01 00:00:00+00:00, run_after=2026-03-01 00:00:00+00:00
[2026-02-28T14:06:09.507+0000] {processor.py:183} INFO - Processing /opt/airflow/dags/oltp_s3_dwh.py took 0.581 seconds
[2026-02-28T14:06:39.615+0000] {processor.py:161} INFO - Started process (PID=18718) to work on /opt/airflow/dags/oltp_s3_dwh.py
[2026-02-28T14:06:39.617+0000] {processor.py:830} INFO - Processing file /opt/airflow/dags/oltp_s3_dwh.py for tasks to queue
[2026-02-28T14:06:39.620+0000] {logging_mixin.py:188} INFO - [2026-02-28T14:06:39.619+0000] {dagbag.py:545} INFO - Filling up the DagBag from /opt/airflow/dags/oltp_s3_dwh.py
[2026-02-28T14:06:40.178+0000] {processor.py:840} INFO - DAG(s) 'oltp_s3_dwh' retrieved from /opt/airflow/dags/oltp_s3_dwh.py
[2026-02-28T14:06:40.220+0000] {logging_mixin.py:188} INFO - [2026-02-28T14:06:40.219+0000] {dag.py:3089} INFO - Sync 1 DAGs
[2026-02-28T14:06:40.244+0000] {logging_mixin.py:188} INFO - [2026-02-28T14:06:40.243+0000] {dag.py:3947} INFO - Setting next_dagrun for oltp_s3_dwh to 2026-02-01 00:00:00+00:00, run_after=2026-03-01 00:00:00+00:00
[2026-02-28T14:06:40.264+0000] {processor.py:183} INFO - Processing /opt/airflow/dags/oltp_s3_dwh.py took 0.656 seconds
[2026-02-28T14:07:10.470+0000] {processor.py:161} INFO - Started process (PID=18757) to work on /opt/airflow/dags/oltp_s3_dwh.py
[2026-02-28T14:07:10.472+0000] {processor.py:830} INFO - Processing file /opt/airflow/dags/oltp_s3_dwh.py for tasks to queue
[2026-02-28T14:07:10.476+0000] {logging_mixin.py:188} INFO - [2026-02-28T14:07:10.475+0000] {dagbag.py:545} INFO - Filling up the DagBag from /opt/airflow/dags/oltp_s3_dwh.py
[2026-02-28T14:07:11.352+0000] {processor.py:840} INFO - DAG(s) 'oltp_s3_dwh' retrieved from /opt/airflow/dags/oltp_s3_dwh.py
[2026-02-28T14:07:11.392+0000] {logging_mixin.py:188} INFO - [2026-02-28T14:07:11.391+0000] {dag.py:3089} INFO - Sync 1 DAGs
[2026-02-28T14:07:11.419+0000] {logging_mixin.py:188} INFO - [2026-02-28T14:07:11.419+0000] {dag.py:3947} INFO - Setting next_dagrun for oltp_s3_dwh to 2026-02-01 00:00:00+00:00, run_after=2026-03-01 00:00:00+00:00
[2026-02-28T14:07:11.448+0000] {processor.py:183} INFO - Processing /opt/airflow/dags/oltp_s3_dwh.py took 0.990 seconds
[2026-02-28T14:07:42.018+0000] {processor.py:161} INFO - Started process (PID=18787) to work on /opt/airflow/dags/oltp_s3_dwh.py
[2026-02-28T14:07:42.019+0000] {processor.py:830} INFO - Processing file /opt/airflow/dags/oltp_s3_dwh.py for tasks to queue
[2026-02-28T14:07:42.022+0000] {logging_mixin.py:188} INFO - [2026-02-28T14:07:42.021+0000] {dagbag.py:545} INFO - Filling up the DagBag from /opt/airflow/dags/oltp_s3_dwh.py
[2026-02-28T14:07:42.668+0000] {processor.py:840} INFO - DAG(s) 'oltp_s3_dwh' retrieved from /opt/airflow/dags/oltp_s3_dwh.py
[2026-02-28T14:07:42.708+0000] {logging_mixin.py:188} INFO - [2026-02-28T14:07:42.707+0000] {dag.py:3089} INFO - Sync 1 DAGs
[2026-02-28T14:07:42.738+0000] {logging_mixin.py:188} INFO - [2026-02-28T14:07:42.738+0000] {dag.py:3947} INFO - Setting next_dagrun for oltp_s3_dwh to 2026-02-01 00:00:00+00:00, run_after=2026-03-01 00:00:00+00:00
[2026-02-28T14:07:42.767+0000] {processor.py:183} INFO - Processing /opt/airflow/dags/oltp_s3_dwh.py took 0.757 seconds
[2026-02-28T14:08:13.308+0000] {processor.py:161} INFO - Started process (PID=18818) to work on /opt/airflow/dags/oltp_s3_dwh.py
[2026-02-28T14:08:13.310+0000] {processor.py:830} INFO - Processing file /opt/airflow/dags/oltp_s3_dwh.py for tasks to queue
[2026-02-28T14:08:13.313+0000] {logging_mixin.py:188} INFO - [2026-02-28T14:08:13.312+0000] {dagbag.py:545} INFO - Filling up the DagBag from /opt/airflow/dags/oltp_s3_dwh.py
[2026-02-28T14:08:13.890+0000] {processor.py:840} INFO - DAG(s) 'oltp_s3_dwh' retrieved from /opt/airflow/dags/oltp_s3_dwh.py
[2026-02-28T14:08:13.921+0000] {logging_mixin.py:188} INFO - [2026-02-28T14:08:13.921+0000] {dag.py:3089} INFO - Sync 1 DAGs
[2026-02-28T14:08:13.948+0000] {logging_mixin.py:188} INFO - [2026-02-28T14:08:13.947+0000] {dag.py:3947} INFO - Setting next_dagrun for oltp_s3_dwh to 2026-02-01 00:00:00+00:00, run_after=2026-03-01 00:00:00+00:00
[2026-02-28T14:08:13.976+0000] {processor.py:183} INFO - Processing /opt/airflow/dags/oltp_s3_dwh.py took 0.675 seconds
[2026-02-28T14:08:44.792+0000] {processor.py:161} INFO - Started process (PID=18854) to work on /opt/airflow/dags/oltp_s3_dwh.py
[2026-02-28T14:08:44.797+0000] {processor.py:830} INFO - Processing file /opt/airflow/dags/oltp_s3_dwh.py for tasks to queue
[2026-02-28T14:08:44.802+0000] {logging_mixin.py:188} INFO - [2026-02-28T14:08:44.801+0000] {dagbag.py:545} INFO - Filling up the DagBag from /opt/airflow/dags/oltp_s3_dwh.py
[2026-02-28T14:08:45.516+0000] {processor.py:840} INFO - DAG(s) 'oltp_s3_dwh' retrieved from /opt/airflow/dags/oltp_s3_dwh.py
[2026-02-28T14:08:45.545+0000] {logging_mixin.py:188} INFO - [2026-02-28T14:08:45.545+0000] {dag.py:3089} INFO - Sync 1 DAGs
[2026-02-28T14:08:45.568+0000] {logging_mixin.py:188} INFO - [2026-02-28T14:08:45.568+0000] {dag.py:3947} INFO - Setting next_dagrun for oltp_s3_dwh to 2026-02-01 00:00:00+00:00, run_after=2026-03-01 00:00:00+00:00
[2026-02-28T14:08:45.594+0000] {processor.py:183} INFO - Processing /opt/airflow/dags/oltp_s3_dwh.py took 0.813 seconds
[2026-02-28T14:09:16.105+0000] {processor.py:161} INFO - Started process (PID=18891) to work on /opt/airflow/dags/oltp_s3_dwh.py
[2026-02-28T14:09:16.107+0000] {processor.py:830} INFO - Processing file /opt/airflow/dags/oltp_s3_dwh.py for tasks to queue
[2026-02-28T14:09:16.109+0000] {logging_mixin.py:188} INFO - [2026-02-28T14:09:16.109+0000] {dagbag.py:545} INFO - Filling up the DagBag from /opt/airflow/dags/oltp_s3_dwh.py
[2026-02-28T14:09:16.727+0000] {processor.py:840} INFO - DAG(s) 'oltp_s3_dwh' retrieved from /opt/airflow/dags/oltp_s3_dwh.py
[2026-02-28T14:09:16.786+0000] {logging_mixin.py:188} INFO - [2026-02-28T14:09:16.785+0000] {dag.py:3089} INFO - Sync 1 DAGs
[2026-02-28T14:09:16.810+0000] {logging_mixin.py:188} INFO - [2026-02-28T14:09:16.810+0000] {dag.py:3947} INFO - Setting next_dagrun for oltp_s3_dwh to 2026-02-01 00:00:00+00:00, run_after=2026-03-01 00:00:00+00:00
[2026-02-28T14:09:16.835+0000] {processor.py:183} INFO - Processing /opt/airflow/dags/oltp_s3_dwh.py took 0.737 seconds
[2026-02-28T14:09:47.457+0000] {processor.py:161} INFO - Started process (PID=18921) to work on /opt/airflow/dags/oltp_s3_dwh.py
[2026-02-28T14:09:47.459+0000] {processor.py:830} INFO - Processing file /opt/airflow/dags/oltp_s3_dwh.py for tasks to queue
[2026-02-28T14:09:47.462+0000] {logging_mixin.py:188} INFO - [2026-02-28T14:09:47.462+0000] {dagbag.py:545} INFO - Filling up the DagBag from /opt/airflow/dags/oltp_s3_dwh.py
[2026-02-28T14:09:48.421+0000] {processor.py:840} INFO - DAG(s) 'oltp_s3_dwh' retrieved from /opt/airflow/dags/oltp_s3_dwh.py
[2026-02-28T14:09:48.469+0000] {logging_mixin.py:188} INFO - [2026-02-28T14:09:48.468+0000] {dag.py:3089} INFO - Sync 1 DAGs
[2026-02-28T14:09:48.518+0000] {logging_mixin.py:188} INFO - [2026-02-28T14:09:48.518+0000] {dag.py:3947} INFO - Setting next_dagrun for oltp_s3_dwh to 2026-02-01 00:00:00+00:00, run_after=2026-03-01 00:00:00+00:00
[2026-02-28T14:09:48.554+0000] {processor.py:183} INFO - Processing /opt/airflow/dags/oltp_s3_dwh.py took 1.105 seconds
[2026-02-28T14:10:19.043+0000] {processor.py:161} INFO - Started process (PID=18952) to work on /opt/airflow/dags/oltp_s3_dwh.py
[2026-02-28T14:10:19.045+0000] {processor.py:830} INFO - Processing file /opt/airflow/dags/oltp_s3_dwh.py for tasks to queue
[2026-02-28T14:10:19.048+0000] {logging_mixin.py:188} INFO - [2026-02-28T14:10:19.048+0000] {dagbag.py:545} INFO - Filling up the DagBag from /opt/airflow/dags/oltp_s3_dwh.py
[2026-02-28T14:10:19.787+0000] {processor.py:840} INFO - DAG(s) 'oltp_s3_dwh' retrieved from /opt/airflow/dags/oltp_s3_dwh.py
[2026-02-28T14:10:19.822+0000] {logging_mixin.py:188} INFO - [2026-02-28T14:10:19.822+0000] {dag.py:3089} INFO - Sync 1 DAGs
[2026-02-28T14:10:19.849+0000] {logging_mixin.py:188} INFO - [2026-02-28T14:10:19.849+0000] {dag.py:3947} INFO - Setting next_dagrun for oltp_s3_dwh to 2026-02-01 00:00:00+00:00, run_after=2026-03-01 00:00:00+00:00
[2026-02-28T14:10:19.881+0000] {processor.py:183} INFO - Processing /opt/airflow/dags/oltp_s3_dwh.py took 0.845 seconds
[2026-02-28T14:10:50.458+0000] {processor.py:161} INFO - Started process (PID=18991) to work on /opt/airflow/dags/oltp_s3_dwh.py
[2026-02-28T14:10:50.459+0000] {processor.py:830} INFO - Processing file /opt/airflow/dags/oltp_s3_dwh.py for tasks to queue
[2026-02-28T14:10:50.462+0000] {logging_mixin.py:188} INFO - [2026-02-28T14:10:50.462+0000] {dagbag.py:545} INFO - Filling up the DagBag from /opt/airflow/dags/oltp_s3_dwh.py
[2026-02-28T14:10:51.016+0000] {processor.py:840} INFO - DAG(s) 'oltp_s3_dwh' retrieved from /opt/airflow/dags/oltp_s3_dwh.py
[2026-02-28T14:10:51.047+0000] {logging_mixin.py:188} INFO - [2026-02-28T14:10:51.046+0000] {dag.py:3089} INFO - Sync 1 DAGs
[2026-02-28T14:10:51.072+0000] {logging_mixin.py:188} INFO - [2026-02-28T14:10:51.072+0000] {dag.py:3947} INFO - Setting next_dagrun for oltp_s3_dwh to 2026-02-01 00:00:00+00:00, run_after=2026-03-01 00:00:00+00:00
[2026-02-28T14:10:51.096+0000] {processor.py:183} INFO - Processing /opt/airflow/dags/oltp_s3_dwh.py took 0.648 seconds
[2026-02-28T14:11:21.736+0000] {processor.py:161} INFO - Started process (PID=19022) to work on /opt/airflow/dags/oltp_s3_dwh.py
[2026-02-28T14:11:21.738+0000] {processor.py:830} INFO - Processing file /opt/airflow/dags/oltp_s3_dwh.py for tasks to queue
[2026-02-28T14:11:21.740+0000] {logging_mixin.py:188} INFO - [2026-02-28T14:11:21.740+0000] {dagbag.py:545} INFO - Filling up the DagBag from /opt/airflow/dags/oltp_s3_dwh.py
[2026-02-28T14:11:22.368+0000] {processor.py:840} INFO - DAG(s) 'oltp_s3_dwh' retrieved from /opt/airflow/dags/oltp_s3_dwh.py
[2026-02-28T14:11:22.414+0000] {logging_mixin.py:188} INFO - [2026-02-28T14:11:22.413+0000] {dag.py:3089} INFO - Sync 1 DAGs
[2026-02-28T14:11:22.460+0000] {logging_mixin.py:188} INFO - [2026-02-28T14:11:22.460+0000] {dag.py:3947} INFO - Setting next_dagrun for oltp_s3_dwh to 2026-02-01 00:00:00+00:00, run_after=2026-03-01 00:00:00+00:00
[2026-02-28T14:11:22.519+0000] {processor.py:183} INFO - Processing /opt/airflow/dags/oltp_s3_dwh.py took 0.738 seconds
[2026-02-28T14:11:53.140+0000] {processor.py:161} INFO - Started process (PID=19053) to work on /opt/airflow/dags/oltp_s3_dwh.py
[2026-02-28T14:11:53.143+0000] {processor.py:830} INFO - Processing file /opt/airflow/dags/oltp_s3_dwh.py for tasks to queue
[2026-02-28T14:11:53.150+0000] {logging_mixin.py:188} INFO - [2026-02-28T14:11:53.149+0000] {dagbag.py:545} INFO - Filling up the DagBag from /opt/airflow/dags/oltp_s3_dwh.py
[2026-02-28T14:11:53.834+0000] {processor.py:840} INFO - DAG(s) 'oltp_s3_dwh' retrieved from /opt/airflow/dags/oltp_s3_dwh.py
[2026-02-28T14:11:53.873+0000] {logging_mixin.py:188} INFO - [2026-02-28T14:11:53.872+0000] {dag.py:3089} INFO - Sync 1 DAGs
[2026-02-28T14:11:53.908+0000] {logging_mixin.py:188} INFO - [2026-02-28T14:11:53.907+0000] {dag.py:3947} INFO - Setting next_dagrun for oltp_s3_dwh to 2026-02-01 00:00:00+00:00, run_after=2026-03-01 00:00:00+00:00
[2026-02-28T14:11:53.948+0000] {processor.py:183} INFO - Processing /opt/airflow/dags/oltp_s3_dwh.py took 0.822 seconds
[2026-02-28T14:12:24.507+0000] {processor.py:161} INFO - Started process (PID=19084) to work on /opt/airflow/dags/oltp_s3_dwh.py
[2026-02-28T14:12:24.509+0000] {processor.py:830} INFO - Processing file /opt/airflow/dags/oltp_s3_dwh.py for tasks to queue
[2026-02-28T14:12:24.512+0000] {logging_mixin.py:188} INFO - [2026-02-28T14:12:24.511+0000] {dagbag.py:545} INFO - Filling up the DagBag from /opt/airflow/dags/oltp_s3_dwh.py
[2026-02-28T14:12:25.148+0000] {processor.py:840} INFO - DAG(s) 'oltp_s3_dwh' retrieved from /opt/airflow/dags/oltp_s3_dwh.py
[2026-02-28T14:12:25.182+0000] {logging_mixin.py:188} INFO - [2026-02-28T14:12:25.181+0000] {dag.py:3089} INFO - Sync 1 DAGs
[2026-02-28T14:12:25.215+0000] {logging_mixin.py:188} INFO - [2026-02-28T14:12:25.215+0000] {dag.py:3947} INFO - Setting next_dagrun for oltp_s3_dwh to 2026-02-01 00:00:00+00:00, run_after=2026-03-01 00:00:00+00:00
[2026-02-28T14:12:25.251+0000] {processor.py:183} INFO - Processing /opt/airflow/dags/oltp_s3_dwh.py took 0.751 seconds
[2026-02-28T14:12:55.799+0000] {processor.py:161} INFO - Started process (PID=19122) to work on /opt/airflow/dags/oltp_s3_dwh.py
[2026-02-28T14:12:55.801+0000] {processor.py:830} INFO - Processing file /opt/airflow/dags/oltp_s3_dwh.py for tasks to queue
[2026-02-28T14:12:55.803+0000] {logging_mixin.py:188} INFO - [2026-02-28T14:12:55.803+0000] {dagbag.py:545} INFO - Filling up the DagBag from /opt/airflow/dags/oltp_s3_dwh.py
[2026-02-28T14:12:56.293+0000] {processor.py:840} INFO - DAG(s) 'oltp_s3_dwh' retrieved from /opt/airflow/dags/oltp_s3_dwh.py
[2026-02-28T14:12:56.320+0000] {logging_mixin.py:188} INFO - [2026-02-28T14:12:56.319+0000] {dag.py:3089} INFO - Sync 1 DAGs
[2026-02-28T14:12:56.343+0000] {logging_mixin.py:188} INFO - [2026-02-28T14:12:56.343+0000] {dag.py:3947} INFO - Setting next_dagrun for oltp_s3_dwh to 2026-02-01 00:00:00+00:00, run_after=2026-03-01 00:00:00+00:00
[2026-02-28T14:12:56.367+0000] {processor.py:183} INFO - Processing /opt/airflow/dags/oltp_s3_dwh.py took 0.575 seconds
[2026-02-28T14:13:26.570+0000] {processor.py:161} INFO - Started process (PID=19154) to work on /opt/airflow/dags/oltp_s3_dwh.py
[2026-02-28T14:13:26.572+0000] {processor.py:830} INFO - Processing file /opt/airflow/dags/oltp_s3_dwh.py for tasks to queue
[2026-02-28T14:13:26.574+0000] {logging_mixin.py:188} INFO - [2026-02-28T14:13:26.574+0000] {dagbag.py:545} INFO - Filling up the DagBag from /opt/airflow/dags/oltp_s3_dwh.py
[2026-02-28T14:13:27.113+0000] {processor.py:840} INFO - DAG(s) 'oltp_s3_dwh' retrieved from /opt/airflow/dags/oltp_s3_dwh.py
[2026-02-28T14:13:27.145+0000] {logging_mixin.py:188} INFO - [2026-02-28T14:13:27.144+0000] {dag.py:3089} INFO - Sync 1 DAGs
[2026-02-28T14:13:27.170+0000] {logging_mixin.py:188} INFO - [2026-02-28T14:13:27.169+0000] {dag.py:3947} INFO - Setting next_dagrun for oltp_s3_dwh to 2026-02-01 00:00:00+00:00, run_after=2026-03-01 00:00:00+00:00
[2026-02-28T14:13:27.201+0000] {processor.py:183} INFO - Processing /opt/airflow/dags/oltp_s3_dwh.py took 0.637 seconds
[2026-02-28T14:13:57.741+0000] {processor.py:161} INFO - Started process (PID=19185) to work on /opt/airflow/dags/oltp_s3_dwh.py
[2026-02-28T14:13:57.743+0000] {processor.py:830} INFO - Processing file /opt/airflow/dags/oltp_s3_dwh.py for tasks to queue
[2026-02-28T14:13:57.747+0000] {logging_mixin.py:188} INFO - [2026-02-28T14:13:57.746+0000] {dagbag.py:545} INFO - Filling up the DagBag from /opt/airflow/dags/oltp_s3_dwh.py
[2026-02-28T14:13:58.548+0000] {processor.py:840} INFO - DAG(s) 'oltp_s3_dwh' retrieved from /opt/airflow/dags/oltp_s3_dwh.py
[2026-02-28T14:13:58.575+0000] {logging_mixin.py:188} INFO - [2026-02-28T14:13:58.574+0000] {dag.py:3089} INFO - Sync 1 DAGs
[2026-02-28T14:13:58.596+0000] {logging_mixin.py:188} INFO - [2026-02-28T14:13:58.596+0000] {dag.py:3947} INFO - Setting next_dagrun for oltp_s3_dwh to 2026-02-01 00:00:00+00:00, run_after=2026-03-01 00:00:00+00:00
[2026-02-28T14:13:58.618+0000] {processor.py:183} INFO - Processing /opt/airflow/dags/oltp_s3_dwh.py took 0.885 seconds
[2026-02-28T14:14:28.762+0000] {processor.py:161} INFO - Started process (PID=19224) to work on /opt/airflow/dags/oltp_s3_dwh.py
[2026-02-28T14:14:28.764+0000] {processor.py:830} INFO - Processing file /opt/airflow/dags/oltp_s3_dwh.py for tasks to queue
[2026-02-28T14:14:28.766+0000] {logging_mixin.py:188} INFO - [2026-02-28T14:14:28.766+0000] {dagbag.py:545} INFO - Filling up the DagBag from /opt/airflow/dags/oltp_s3_dwh.py
[2026-02-28T14:14:29.351+0000] {processor.py:840} INFO - DAG(s) 'oltp_s3_dwh' retrieved from /opt/airflow/dags/oltp_s3_dwh.py
[2026-02-28T14:14:29.379+0000] {logging_mixin.py:188} INFO - [2026-02-28T14:14:29.379+0000] {dag.py:3089} INFO - Sync 1 DAGs
[2026-02-28T14:14:29.406+0000] {logging_mixin.py:188} INFO - [2026-02-28T14:14:29.406+0000] {dag.py:3947} INFO - Setting next_dagrun for oltp_s3_dwh to 2026-02-01 00:00:00+00:00, run_after=2026-03-01 00:00:00+00:00
[2026-02-28T14:14:29.426+0000] {processor.py:183} INFO - Processing /opt/airflow/dags/oltp_s3_dwh.py took 0.670 seconds
[2026-02-28T14:15:00.067+0000] {processor.py:161} INFO - Started process (PID=19255) to work on /opt/airflow/dags/oltp_s3_dwh.py
[2026-02-28T14:15:00.069+0000] {processor.py:830} INFO - Processing file /opt/airflow/dags/oltp_s3_dwh.py for tasks to queue
[2026-02-28T14:15:00.073+0000] {logging_mixin.py:188} INFO - [2026-02-28T14:15:00.073+0000] {dagbag.py:545} INFO - Filling up the DagBag from /opt/airflow/dags/oltp_s3_dwh.py
[2026-02-28T14:15:00.683+0000] {processor.py:840} INFO - DAG(s) 'oltp_s3_dwh' retrieved from /opt/airflow/dags/oltp_s3_dwh.py
[2026-02-28T14:15:00.721+0000] {logging_mixin.py:188} INFO - [2026-02-28T14:15:00.720+0000] {dag.py:3089} INFO - Sync 1 DAGs
[2026-02-28T14:15:00.745+0000] {logging_mixin.py:188} INFO - [2026-02-28T14:15:00.745+0000] {dag.py:3947} INFO - Setting next_dagrun for oltp_s3_dwh to 2026-02-01 00:00:00+00:00, run_after=2026-03-01 00:00:00+00:00
[2026-02-28T14:15:00.774+0000] {processor.py:183} INFO - Processing /opt/airflow/dags/oltp_s3_dwh.py took 0.717 seconds
[2026-02-28T14:15:31.595+0000] {processor.py:161} INFO - Started process (PID=19286) to work on /opt/airflow/dags/oltp_s3_dwh.py
[2026-02-28T14:15:31.597+0000] {processor.py:830} INFO - Processing file /opt/airflow/dags/oltp_s3_dwh.py for tasks to queue
[2026-02-28T14:15:31.600+0000] {logging_mixin.py:188} INFO - [2026-02-28T14:15:31.599+0000] {dagbag.py:545} INFO - Filling up the DagBag from /opt/airflow/dags/oltp_s3_dwh.py
[2026-02-28T14:15:32.168+0000] {processor.py:840} INFO - DAG(s) 'oltp_s3_dwh' retrieved from /opt/airflow/dags/oltp_s3_dwh.py
[2026-02-28T14:15:32.202+0000] {logging_mixin.py:188} INFO - [2026-02-28T14:15:32.201+0000] {dag.py:3089} INFO - Sync 1 DAGs
[2026-02-28T14:15:32.224+0000] {logging_mixin.py:188} INFO - [2026-02-28T14:15:32.224+0000] {dag.py:3947} INFO - Setting next_dagrun for oltp_s3_dwh to 2026-02-01 00:00:00+00:00, run_after=2026-03-01 00:00:00+00:00
[2026-02-28T14:15:32.253+0000] {processor.py:183} INFO - Processing /opt/airflow/dags/oltp_s3_dwh.py took 0.665 seconds
[2026-02-28T14:16:03.158+0000] {processor.py:161} INFO - Started process (PID=19318) to work on /opt/airflow/dags/oltp_s3_dwh.py
[2026-02-28T14:16:03.160+0000] {processor.py:830} INFO - Processing file /opt/airflow/dags/oltp_s3_dwh.py for tasks to queue
[2026-02-28T14:16:03.162+0000] {logging_mixin.py:188} INFO - [2026-02-28T14:16:03.162+0000] {dagbag.py:545} INFO - Filling up the DagBag from /opt/airflow/dags/oltp_s3_dwh.py
[2026-02-28T14:16:03.884+0000] {processor.py:840} INFO - DAG(s) 'oltp_s3_dwh' retrieved from /opt/airflow/dags/oltp_s3_dwh.py
[2026-02-28T14:16:03.928+0000] {logging_mixin.py:188} INFO - [2026-02-28T14:16:03.927+0000] {dag.py:3089} INFO - Sync 1 DAGs
[2026-02-28T14:16:03.969+0000] {logging_mixin.py:188} INFO - [2026-02-28T14:16:03.969+0000] {dag.py:3947} INFO - Setting next_dagrun for oltp_s3_dwh to 2026-02-01 00:00:00+00:00, run_after=2026-03-01 00:00:00+00:00
[2026-02-28T14:16:04.026+0000] {processor.py:183} INFO - Processing /opt/airflow/dags/oltp_s3_dwh.py took 0.874 seconds
[2026-02-28T14:16:34.671+0000] {processor.py:161} INFO - Started process (PID=19356) to work on /opt/airflow/dags/oltp_s3_dwh.py
[2026-02-28T14:16:34.673+0000] {processor.py:830} INFO - Processing file /opt/airflow/dags/oltp_s3_dwh.py for tasks to queue
[2026-02-28T14:16:34.676+0000] {logging_mixin.py:188} INFO - [2026-02-28T14:16:34.676+0000] {dagbag.py:545} INFO - Filling up the DagBag from /opt/airflow/dags/oltp_s3_dwh.py
[2026-02-28T14:16:35.288+0000] {processor.py:840} INFO - DAG(s) 'oltp_s3_dwh' retrieved from /opt/airflow/dags/oltp_s3_dwh.py
[2026-02-28T14:16:35.319+0000] {logging_mixin.py:188} INFO - [2026-02-28T14:16:35.318+0000] {dag.py:3089} INFO - Sync 1 DAGs
[2026-02-28T14:16:35.343+0000] {logging_mixin.py:188} INFO - [2026-02-28T14:16:35.343+0000] {dag.py:3947} INFO - Setting next_dagrun for oltp_s3_dwh to 2026-02-01 00:00:00+00:00, run_after=2026-03-01 00:00:00+00:00
[2026-02-28T14:16:35.363+0000] {processor.py:183} INFO - Processing /opt/airflow/dags/oltp_s3_dwh.py took 0.701 seconds
[2026-02-28T14:17:05.977+0000] {processor.py:161} INFO - Started process (PID=19388) to work on /opt/airflow/dags/oltp_s3_dwh.py
[2026-02-28T14:17:05.979+0000] {processor.py:830} INFO - Processing file /opt/airflow/dags/oltp_s3_dwh.py for tasks to queue
[2026-02-28T14:17:05.982+0000] {logging_mixin.py:188} INFO - [2026-02-28T14:17:05.982+0000] {dagbag.py:545} INFO - Filling up the DagBag from /opt/airflow/dags/oltp_s3_dwh.py
[2026-02-28T14:17:06.692+0000] {processor.py:840} INFO - DAG(s) 'oltp_s3_dwh' retrieved from /opt/airflow/dags/oltp_s3_dwh.py
[2026-02-28T14:17:06.736+0000] {logging_mixin.py:188} INFO - [2026-02-28T14:17:06.736+0000] {dag.py:3089} INFO - Sync 1 DAGs
[2026-02-28T14:17:06.760+0000] {logging_mixin.py:188} INFO - [2026-02-28T14:17:06.759+0000] {dag.py:3947} INFO - Setting next_dagrun for oltp_s3_dwh to 2026-02-01 00:00:00+00:00, run_after=2026-03-01 00:00:00+00:00
[2026-02-28T14:17:06.787+0000] {processor.py:183} INFO - Processing /opt/airflow/dags/oltp_s3_dwh.py took 0.818 seconds
[2026-02-28T14:17:37.540+0000] {processor.py:161} INFO - Started process (PID=19419) to work on /opt/airflow/dags/oltp_s3_dwh.py
[2026-02-28T14:17:37.542+0000] {processor.py:830} INFO - Processing file /opt/airflow/dags/oltp_s3_dwh.py for tasks to queue
[2026-02-28T14:17:37.544+0000] {logging_mixin.py:188} INFO - [2026-02-28T14:17:37.543+0000] {dagbag.py:545} INFO - Filling up the DagBag from /opt/airflow/dags/oltp_s3_dwh.py
[2026-02-28T14:17:38.215+0000] {processor.py:840} INFO - DAG(s) 'oltp_s3_dwh' retrieved from /opt/airflow/dags/oltp_s3_dwh.py
[2026-02-28T14:17:38.307+0000] {logging_mixin.py:188} INFO - [2026-02-28T14:17:38.303+0000] {dag.py:3089} INFO - Sync 1 DAGs
[2026-02-28T14:17:38.393+0000] {logging_mixin.py:188} INFO - [2026-02-28T14:17:38.390+0000] {dag.py:3947} INFO - Setting next_dagrun for oltp_s3_dwh to 2026-02-01 00:00:00+00:00, run_after=2026-03-01 00:00:00+00:00
[2026-02-28T14:17:38.479+0000] {processor.py:183} INFO - Processing /opt/airflow/dags/oltp_s3_dwh.py took 0.945 seconds
[2026-02-28T14:18:09.134+0000] {processor.py:161} INFO - Started process (PID=19456) to work on /opt/airflow/dags/oltp_s3_dwh.py
[2026-02-28T14:18:09.136+0000] {processor.py:830} INFO - Processing file /opt/airflow/dags/oltp_s3_dwh.py for tasks to queue
[2026-02-28T14:18:09.139+0000] {logging_mixin.py:188} INFO - [2026-02-28T14:18:09.138+0000] {dagbag.py:545} INFO - Filling up the DagBag from /opt/airflow/dags/oltp_s3_dwh.py
[2026-02-28T14:18:09.719+0000] {processor.py:840} INFO - DAG(s) 'oltp_s3_dwh' retrieved from /opt/airflow/dags/oltp_s3_dwh.py
[2026-02-28T14:18:09.743+0000] {logging_mixin.py:188} INFO - [2026-02-28T14:18:09.743+0000] {dag.py:3089} INFO - Sync 1 DAGs
[2026-02-28T14:18:09.765+0000] {logging_mixin.py:188} INFO - [2026-02-28T14:18:09.765+0000] {dag.py:3947} INFO - Setting next_dagrun for oltp_s3_dwh to 2026-02-01 00:00:00+00:00, run_after=2026-03-01 00:00:00+00:00
[2026-02-28T14:18:09.789+0000] {processor.py:183} INFO - Processing /opt/airflow/dags/oltp_s3_dwh.py took 0.662 seconds
[2026-02-28T14:18:40.416+0000] {processor.py:161} INFO - Started process (PID=19486) to work on /opt/airflow/dags/oltp_s3_dwh.py
[2026-02-28T14:18:40.418+0000] {processor.py:830} INFO - Processing file /opt/airflow/dags/oltp_s3_dwh.py for tasks to queue
[2026-02-28T14:18:40.422+0000] {logging_mixin.py:188} INFO - [2026-02-28T14:18:40.421+0000] {dagbag.py:545} INFO - Filling up the DagBag from /opt/airflow/dags/oltp_s3_dwh.py
[2026-02-28T14:18:41.171+0000] {processor.py:840} INFO - DAG(s) 'oltp_s3_dwh' retrieved from /opt/airflow/dags/oltp_s3_dwh.py
[2026-02-28T14:18:41.217+0000] {logging_mixin.py:188} INFO - [2026-02-28T14:18:41.216+0000] {dag.py:3089} INFO - Sync 1 DAGs
[2026-02-28T14:18:41.273+0000] {logging_mixin.py:188} INFO - [2026-02-28T14:18:41.273+0000] {dag.py:3947} INFO - Setting next_dagrun for oltp_s3_dwh to 2026-02-01 00:00:00+00:00, run_after=2026-03-01 00:00:00+00:00
[2026-02-28T14:18:41.309+0000] {processor.py:183} INFO - Processing /opt/airflow/dags/oltp_s3_dwh.py took 0.904 seconds
[2026-02-28T14:19:11.863+0000] {processor.py:161} INFO - Started process (PID=19517) to work on /opt/airflow/dags/oltp_s3_dwh.py
[2026-02-28T14:19:11.864+0000] {processor.py:830} INFO - Processing file /opt/airflow/dags/oltp_s3_dwh.py for tasks to queue
[2026-02-28T14:19:11.869+0000] {logging_mixin.py:188} INFO - [2026-02-28T14:19:11.868+0000] {dagbag.py:545} INFO - Filling up the DagBag from /opt/airflow/dags/oltp_s3_dwh.py
[2026-02-28T14:19:12.352+0000] {processor.py:840} INFO - DAG(s) 'oltp_s3_dwh' retrieved from /opt/airflow/dags/oltp_s3_dwh.py
[2026-02-28T14:19:12.386+0000] {logging_mixin.py:188} INFO - [2026-02-28T14:19:12.386+0000] {dag.py:3089} INFO - Sync 1 DAGs
[2026-02-28T14:19:12.409+0000] {logging_mixin.py:188} INFO - [2026-02-28T14:19:12.408+0000] {dag.py:3947} INFO - Setting next_dagrun for oltp_s3_dwh to 2026-02-01 00:00:00+00:00, run_after=2026-03-01 00:00:00+00:00
[2026-02-28T14:19:12.437+0000] {processor.py:183} INFO - Processing /opt/airflow/dags/oltp_s3_dwh.py took 0.580 seconds
[2026-02-28T14:19:42.556+0000] {processor.py:161} INFO - Started process (PID=19555) to work on /opt/airflow/dags/oltp_s3_dwh.py
[2026-02-28T14:19:42.558+0000] {processor.py:830} INFO - Processing file /opt/airflow/dags/oltp_s3_dwh.py for tasks to queue
[2026-02-28T14:19:42.561+0000] {logging_mixin.py:188} INFO - [2026-02-28T14:19:42.560+0000] {dagbag.py:545} INFO - Filling up the DagBag from /opt/airflow/dags/oltp_s3_dwh.py
[2026-02-28T14:19:43.158+0000] {processor.py:840} INFO - DAG(s) 'oltp_s3_dwh' retrieved from /opt/airflow/dags/oltp_s3_dwh.py
[2026-02-28T14:19:43.198+0000] {logging_mixin.py:188} INFO - [2026-02-28T14:19:43.198+0000] {dag.py:3089} INFO - Sync 1 DAGs
[2026-02-28T14:19:43.224+0000] {logging_mixin.py:188} INFO - [2026-02-28T14:19:43.224+0000] {dag.py:3947} INFO - Setting next_dagrun for oltp_s3_dwh to 2026-02-01 00:00:00+00:00, run_after=2026-03-01 00:00:00+00:00
[2026-02-28T14:19:43.249+0000] {processor.py:183} INFO - Processing /opt/airflow/dags/oltp_s3_dwh.py took 0.701 seconds
[2026-02-28T14:20:13.948+0000] {processor.py:161} INFO - Started process (PID=19586) to work on /opt/airflow/dags/oltp_s3_dwh.py
[2026-02-28T14:20:13.949+0000] {processor.py:830} INFO - Processing file /opt/airflow/dags/oltp_s3_dwh.py for tasks to queue
[2026-02-28T14:20:13.951+0000] {logging_mixin.py:188} INFO - [2026-02-28T14:20:13.951+0000] {dagbag.py:545} INFO - Filling up the DagBag from /opt/airflow/dags/oltp_s3_dwh.py
[2026-02-28T14:20:14.522+0000] {processor.py:840} INFO - DAG(s) 'oltp_s3_dwh' retrieved from /opt/airflow/dags/oltp_s3_dwh.py
[2026-02-28T14:20:14.557+0000] {logging_mixin.py:188} INFO - [2026-02-28T14:20:14.557+0000] {dag.py:3089} INFO - Sync 1 DAGs
[2026-02-28T14:20:14.583+0000] {logging_mixin.py:188} INFO - [2026-02-28T14:20:14.582+0000] {dag.py:3947} INFO - Setting next_dagrun for oltp_s3_dwh to 2026-02-01 00:00:00+00:00, run_after=2026-03-01 00:00:00+00:00
[2026-02-28T14:20:14.607+0000] {processor.py:183} INFO - Processing /opt/airflow/dags/oltp_s3_dwh.py took 0.666 seconds
[2026-02-28T14:20:45.149+0000] {processor.py:161} INFO - Started process (PID=19616) to work on /opt/airflow/dags/oltp_s3_dwh.py
[2026-02-28T14:20:45.150+0000] {processor.py:830} INFO - Processing file /opt/airflow/dags/oltp_s3_dwh.py for tasks to queue
[2026-02-28T14:20:45.152+0000] {logging_mixin.py:188} INFO - [2026-02-28T14:20:45.152+0000] {dagbag.py:545} INFO - Filling up the DagBag from /opt/airflow/dags/oltp_s3_dwh.py
[2026-02-28T14:20:45.861+0000] {processor.py:840} INFO - DAG(s) 'oltp_s3_dwh' retrieved from /opt/airflow/dags/oltp_s3_dwh.py
[2026-02-28T14:20:45.900+0000] {logging_mixin.py:188} INFO - [2026-02-28T14:20:45.900+0000] {dag.py:3089} INFO - Sync 1 DAGs
[2026-02-28T14:20:45.945+0000] {logging_mixin.py:188} INFO - [2026-02-28T14:20:45.945+0000] {dag.py:3947} INFO - Setting next_dagrun for oltp_s3_dwh to 2026-02-01 00:00:00+00:00, run_after=2026-03-01 00:00:00+00:00
[2026-02-28T14:20:46.002+0000] {processor.py:183} INFO - Processing /opt/airflow/dags/oltp_s3_dwh.py took 0.860 seconds
[2026-02-28T14:21:16.663+0000] {processor.py:161} INFO - Started process (PID=19647) to work on /opt/airflow/dags/oltp_s3_dwh.py
[2026-02-28T14:21:16.664+0000] {processor.py:830} INFO - Processing file /opt/airflow/dags/oltp_s3_dwh.py for tasks to queue
[2026-02-28T14:21:16.666+0000] {logging_mixin.py:188} INFO - [2026-02-28T14:21:16.666+0000] {dagbag.py:545} INFO - Filling up the DagBag from /opt/airflow/dags/oltp_s3_dwh.py
[2026-02-28T14:21:17.495+0000] {processor.py:840} INFO - DAG(s) 'oltp_s3_dwh' retrieved from /opt/airflow/dags/oltp_s3_dwh.py
[2026-02-28T14:21:17.572+0000] {logging_mixin.py:188} INFO - [2026-02-28T14:21:17.571+0000] {dag.py:3089} INFO - Sync 1 DAGs
[2026-02-28T14:21:17.683+0000] {logging_mixin.py:188} INFO - [2026-02-28T14:21:17.682+0000] {dag.py:3947} INFO - Setting next_dagrun for oltp_s3_dwh to 2026-02-01 00:00:00+00:00, run_after=2026-03-01 00:00:00+00:00
[2026-02-28T14:21:17.786+0000] {processor.py:183} INFO - Processing /opt/airflow/dags/oltp_s3_dwh.py took 1.124 seconds
[2026-02-28T14:21:48.253+0000] {processor.py:161} INFO - Started process (PID=19686) to work on /opt/airflow/dags/oltp_s3_dwh.py
[2026-02-28T14:21:48.254+0000] {processor.py:830} INFO - Processing file /opt/airflow/dags/oltp_s3_dwh.py for tasks to queue
[2026-02-28T14:21:48.257+0000] {logging_mixin.py:188} INFO - [2026-02-28T14:21:48.256+0000] {dagbag.py:545} INFO - Filling up the DagBag from /opt/airflow/dags/oltp_s3_dwh.py
[2026-02-28T14:21:49.041+0000] {processor.py:840} INFO - DAG(s) 'oltp_s3_dwh' retrieved from /opt/airflow/dags/oltp_s3_dwh.py
[2026-02-28T14:21:49.067+0000] {logging_mixin.py:188} INFO - [2026-02-28T14:21:49.067+0000] {dag.py:3089} INFO - Sync 1 DAGs
[2026-02-28T14:21:49.093+0000] {logging_mixin.py:188} INFO - [2026-02-28T14:21:49.093+0000] {dag.py:3947} INFO - Setting next_dagrun for oltp_s3_dwh to 2026-02-01 00:00:00+00:00, run_after=2026-03-01 00:00:00+00:00
[2026-02-28T14:21:49.121+0000] {processor.py:183} INFO - Processing /opt/airflow/dags/oltp_s3_dwh.py took 0.878 seconds
[2026-02-28T14:22:19.972+0000] {processor.py:161} INFO - Started process (PID=19716) to work on /opt/airflow/dags/oltp_s3_dwh.py
[2026-02-28T14:22:19.974+0000] {processor.py:830} INFO - Processing file /opt/airflow/dags/oltp_s3_dwh.py for tasks to queue
[2026-02-28T14:22:19.977+0000] {logging_mixin.py:188} INFO - [2026-02-28T14:22:19.976+0000] {dagbag.py:545} INFO - Filling up the DagBag from /opt/airflow/dags/oltp_s3_dwh.py
[2026-02-28T14:22:20.639+0000] {processor.py:840} INFO - DAG(s) 'oltp_s3_dwh' retrieved from /opt/airflow/dags/oltp_s3_dwh.py
[2026-02-28T14:22:20.681+0000] {logging_mixin.py:188} INFO - [2026-02-28T14:22:20.681+0000] {dag.py:3089} INFO - Sync 1 DAGs
[2026-02-28T14:22:20.711+0000] {logging_mixin.py:188} INFO - [2026-02-28T14:22:20.711+0000] {dag.py:3947} INFO - Setting next_dagrun for oltp_s3_dwh to 2026-02-01 00:00:00+00:00, run_after=2026-03-01 00:00:00+00:00
[2026-02-28T14:22:20.739+0000] {processor.py:183} INFO - Processing /opt/airflow/dags/oltp_s3_dwh.py took 0.781 seconds
[2026-02-28T14:22:51.353+0000] {processor.py:161} INFO - Started process (PID=19748) to work on /opt/airflow/dags/oltp_s3_dwh.py
[2026-02-28T14:22:51.355+0000] {processor.py:830} INFO - Processing file /opt/airflow/dags/oltp_s3_dwh.py for tasks to queue
[2026-02-28T14:22:51.357+0000] {logging_mixin.py:188} INFO - [2026-02-28T14:22:51.357+0000] {dagbag.py:545} INFO - Filling up the DagBag from /opt/airflow/dags/oltp_s3_dwh.py
[2026-02-28T14:22:51.989+0000] {processor.py:840} INFO - DAG(s) 'oltp_s3_dwh' retrieved from /opt/airflow/dags/oltp_s3_dwh.py
[2026-02-28T14:22:52.020+0000] {logging_mixin.py:188} INFO - [2026-02-28T14:22:52.020+0000] {dag.py:3089} INFO - Sync 1 DAGs
[2026-02-28T14:22:52.046+0000] {logging_mixin.py:188} INFO - [2026-02-28T14:22:52.046+0000] {dag.py:3947} INFO - Setting next_dagrun for oltp_s3_dwh to 2026-02-01 00:00:00+00:00, run_after=2026-03-01 00:00:00+00:00
[2026-02-28T14:22:52.068+0000] {processor.py:183} INFO - Processing /opt/airflow/dags/oltp_s3_dwh.py took 0.721 seconds
[2026-02-28T14:23:22.519+0000] {processor.py:161} INFO - Started process (PID=19787) to work on /opt/airflow/dags/oltp_s3_dwh.py
[2026-02-28T14:23:22.521+0000] {processor.py:830} INFO - Processing file /opt/airflow/dags/oltp_s3_dwh.py for tasks to queue
[2026-02-28T14:23:22.524+0000] {logging_mixin.py:188} INFO - [2026-02-28T14:23:22.523+0000] {dagbag.py:545} INFO - Filling up the DagBag from /opt/airflow/dags/oltp_s3_dwh.py
[2026-02-28T14:23:23.071+0000] {processor.py:840} INFO - DAG(s) 'oltp_s3_dwh' retrieved from /opt/airflow/dags/oltp_s3_dwh.py
[2026-02-28T14:23:23.104+0000] {logging_mixin.py:188} INFO - [2026-02-28T14:23:23.103+0000] {dag.py:3089} INFO - Sync 1 DAGs
[2026-02-28T14:23:23.127+0000] {logging_mixin.py:188} INFO - [2026-02-28T14:23:23.126+0000] {dag.py:3947} INFO - Setting next_dagrun for oltp_s3_dwh to 2026-02-01 00:00:00+00:00, run_after=2026-03-01 00:00:00+00:00
[2026-02-28T14:23:23.155+0000] {processor.py:183} INFO - Processing /opt/airflow/dags/oltp_s3_dwh.py took 0.642 seconds
[2026-02-28T14:23:53.659+0000] {processor.py:161} INFO - Started process (PID=19817) to work on /opt/airflow/dags/oltp_s3_dwh.py
[2026-02-28T14:23:53.662+0000] {processor.py:830} INFO - Processing file /opt/airflow/dags/oltp_s3_dwh.py for tasks to queue
[2026-02-28T14:23:53.668+0000] {logging_mixin.py:188} INFO - [2026-02-28T14:23:53.667+0000] {dagbag.py:545} INFO - Filling up the DagBag from /opt/airflow/dags/oltp_s3_dwh.py
[2026-02-28T14:23:54.300+0000] {processor.py:840} INFO - DAG(s) 'oltp_s3_dwh' retrieved from /opt/airflow/dags/oltp_s3_dwh.py
[2026-02-28T14:23:54.333+0000] {logging_mixin.py:188} INFO - [2026-02-28T14:23:54.332+0000] {dag.py:3089} INFO - Sync 1 DAGs
[2026-02-28T14:23:54.355+0000] {logging_mixin.py:188} INFO - [2026-02-28T14:23:54.355+0000] {dag.py:3947} INFO - Setting next_dagrun for oltp_s3_dwh to 2026-02-01 00:00:00+00:00, run_after=2026-03-01 00:00:00+00:00
[2026-02-28T14:23:54.377+0000] {processor.py:183} INFO - Processing /opt/airflow/dags/oltp_s3_dwh.py took 0.733 seconds
[2026-02-28T14:24:24.516+0000] {processor.py:161} INFO - Started process (PID=19850) to work on /opt/airflow/dags/oltp_s3_dwh.py
[2026-02-28T14:24:24.518+0000] {processor.py:830} INFO - Processing file /opt/airflow/dags/oltp_s3_dwh.py for tasks to queue
[2026-02-28T14:24:24.522+0000] {logging_mixin.py:188} INFO - [2026-02-28T14:24:24.521+0000] {dagbag.py:545} INFO - Filling up the DagBag from /opt/airflow/dags/oltp_s3_dwh.py
[2026-02-28T14:24:25.039+0000] {processor.py:840} INFO - DAG(s) 'oltp_s3_dwh' retrieved from /opt/airflow/dags/oltp_s3_dwh.py
[2026-02-28T14:24:25.067+0000] {logging_mixin.py:188} INFO - [2026-02-28T14:24:25.066+0000] {dag.py:3089} INFO - Sync 1 DAGs
[2026-02-28T14:24:25.118+0000] {logging_mixin.py:188} INFO - [2026-02-28T14:24:25.117+0000] {dag.py:3947} INFO - Setting next_dagrun for oltp_s3_dwh to 2026-02-01 00:00:00+00:00, run_after=2026-03-01 00:00:00+00:00
[2026-02-28T14:24:25.148+0000] {processor.py:183} INFO - Processing /opt/airflow/dags/oltp_s3_dwh.py took 0.639 seconds
[2026-02-28T14:24:55.568+0000] {processor.py:161} INFO - Started process (PID=19881) to work on /opt/airflow/dags/oltp_s3_dwh.py
[2026-02-28T14:24:55.570+0000] {processor.py:830} INFO - Processing file /opt/airflow/dags/oltp_s3_dwh.py for tasks to queue
[2026-02-28T14:24:55.573+0000] {logging_mixin.py:188} INFO - [2026-02-28T14:24:55.573+0000] {dagbag.py:545} INFO - Filling up the DagBag from /opt/airflow/dags/oltp_s3_dwh.py
[2026-02-28T14:24:56.251+0000] {processor.py:840} INFO - DAG(s) 'oltp_s3_dwh' retrieved from /opt/airflow/dags/oltp_s3_dwh.py
[2026-02-28T14:24:56.300+0000] {logging_mixin.py:188} INFO - [2026-02-28T14:24:56.300+0000] {dag.py:3089} INFO - Sync 1 DAGs
[2026-02-28T14:24:56.324+0000] {logging_mixin.py:188} INFO - [2026-02-28T14:24:56.324+0000] {dag.py:3947} INFO - Setting next_dagrun for oltp_s3_dwh to 2026-02-01 00:00:00+00:00, run_after=2026-03-01 00:00:00+00:00
[2026-02-28T14:24:56.350+0000] {processor.py:183} INFO - Processing /opt/airflow/dags/oltp_s3_dwh.py took 0.790 seconds
[2026-02-28T14:25:27.075+0000] {processor.py:161} INFO - Started process (PID=19918) to work on /opt/airflow/dags/oltp_s3_dwh.py
[2026-02-28T14:25:27.077+0000] {processor.py:830} INFO - Processing file /opt/airflow/dags/oltp_s3_dwh.py for tasks to queue
[2026-02-28T14:25:27.080+0000] {logging_mixin.py:188} INFO - [2026-02-28T14:25:27.079+0000] {dagbag.py:545} INFO - Filling up the DagBag from /opt/airflow/dags/oltp_s3_dwh.py
[2026-02-28T14:25:27.813+0000] {processor.py:840} INFO - DAG(s) 'oltp_s3_dwh' retrieved from /opt/airflow/dags/oltp_s3_dwh.py
[2026-02-28T14:25:27.847+0000] {logging_mixin.py:188} INFO - [2026-02-28T14:25:27.846+0000] {dag.py:3089} INFO - Sync 1 DAGs
[2026-02-28T14:25:27.879+0000] {logging_mixin.py:188} INFO - [2026-02-28T14:25:27.878+0000] {dag.py:3947} INFO - Setting next_dagrun for oltp_s3_dwh to 2026-02-01 00:00:00+00:00, run_after=2026-03-01 00:00:00+00:00
[2026-02-28T14:25:27.911+0000] {processor.py:183} INFO - Processing /opt/airflow/dags/oltp_s3_dwh.py took 0.844 seconds
[2026-02-28T14:25:58.407+0000] {processor.py:161} INFO - Started process (PID=19949) to work on /opt/airflow/dags/oltp_s3_dwh.py
[2026-02-28T14:25:58.410+0000] {processor.py:830} INFO - Processing file /opt/airflow/dags/oltp_s3_dwh.py for tasks to queue
[2026-02-28T14:25:58.413+0000] {logging_mixin.py:188} INFO - [2026-02-28T14:25:58.413+0000] {dagbag.py:545} INFO - Filling up the DagBag from /opt/airflow/dags/oltp_s3_dwh.py
[2026-02-28T14:25:59.241+0000] {processor.py:840} INFO - DAG(s) 'oltp_s3_dwh' retrieved from /opt/airflow/dags/oltp_s3_dwh.py
[2026-02-28T14:25:59.271+0000] {logging_mixin.py:188} INFO - [2026-02-28T14:25:59.271+0000] {dag.py:3089} INFO - Sync 1 DAGs
[2026-02-28T14:25:59.298+0000] {logging_mixin.py:188} INFO - [2026-02-28T14:25:59.298+0000] {dag.py:3947} INFO - Setting next_dagrun for oltp_s3_dwh to 2026-02-01 00:00:00+00:00, run_after=2026-03-01 00:00:00+00:00
[2026-02-28T14:25:59.322+0000] {processor.py:183} INFO - Processing /opt/airflow/dags/oltp_s3_dwh.py took 0.927 seconds
[2026-02-28T14:26:29.876+0000] {processor.py:161} INFO - Started process (PID=19980) to work on /opt/airflow/dags/oltp_s3_dwh.py
[2026-02-28T14:26:29.878+0000] {processor.py:830} INFO - Processing file /opt/airflow/dags/oltp_s3_dwh.py for tasks to queue
[2026-02-28T14:26:29.881+0000] {logging_mixin.py:188} INFO - [2026-02-28T14:26:29.880+0000] {dagbag.py:545} INFO - Filling up the DagBag from /opt/airflow/dags/oltp_s3_dwh.py
[2026-02-28T14:26:30.379+0000] {processor.py:840} INFO - DAG(s) 'oltp_s3_dwh' retrieved from /opt/airflow/dags/oltp_s3_dwh.py
[2026-02-28T14:26:30.405+0000] {logging_mixin.py:188} INFO - [2026-02-28T14:26:30.405+0000] {dag.py:3089} INFO - Sync 1 DAGs
[2026-02-28T14:26:30.425+0000] {logging_mixin.py:188} INFO - [2026-02-28T14:26:30.424+0000] {dag.py:3947} INFO - Setting next_dagrun for oltp_s3_dwh to 2026-02-01 00:00:00+00:00, run_after=2026-03-01 00:00:00+00:00
[2026-02-28T14:26:30.445+0000] {processor.py:183} INFO - Processing /opt/airflow/dags/oltp_s3_dwh.py took 0.578 seconds
[2026-02-28T14:27:00.687+0000] {processor.py:161} INFO - Started process (PID=20011) to work on /opt/airflow/dags/oltp_s3_dwh.py
[2026-02-28T14:27:00.689+0000] {processor.py:830} INFO - Processing file /opt/airflow/dags/oltp_s3_dwh.py for tasks to queue
[2026-02-28T14:27:00.696+0000] {logging_mixin.py:188} INFO - [2026-02-28T14:27:00.693+0000] {dagbag.py:545} INFO - Filling up the DagBag from /opt/airflow/dags/oltp_s3_dwh.py
[2026-02-28T14:27:01.280+0000] {processor.py:840} INFO - DAG(s) 'oltp_s3_dwh' retrieved from /opt/airflow/dags/oltp_s3_dwh.py
[2026-02-28T14:27:01.331+0000] {logging_mixin.py:188} INFO - [2026-02-28T14:27:01.331+0000] {dag.py:3089} INFO - Sync 1 DAGs
[2026-02-28T14:27:01.363+0000] {logging_mixin.py:188} INFO - [2026-02-28T14:27:01.363+0000] {dag.py:3947} INFO - Setting next_dagrun for oltp_s3_dwh to 2026-02-01 00:00:00+00:00, run_after=2026-03-01 00:00:00+00:00
[2026-02-28T14:27:01.395+0000] {processor.py:183} INFO - Processing /opt/airflow/dags/oltp_s3_dwh.py took 0.722 seconds
[2026-02-28T14:27:31.920+0000] {processor.py:161} INFO - Started process (PID=20050) to work on /opt/airflow/dags/oltp_s3_dwh.py
[2026-02-28T14:27:31.924+0000] {processor.py:830} INFO - Processing file /opt/airflow/dags/oltp_s3_dwh.py for tasks to queue
[2026-02-28T14:27:31.927+0000] {logging_mixin.py:188} INFO - [2026-02-28T14:27:31.926+0000] {dagbag.py:545} INFO - Filling up the DagBag from /opt/airflow/dags/oltp_s3_dwh.py
[2026-02-28T14:27:32.726+0000] {processor.py:840} INFO - DAG(s) 'oltp_s3_dwh' retrieved from /opt/airflow/dags/oltp_s3_dwh.py
[2026-02-28T14:27:32.771+0000] {logging_mixin.py:188} INFO - [2026-02-28T14:27:32.770+0000] {dag.py:3089} INFO - Sync 1 DAGs
[2026-02-28T14:27:32.803+0000] {logging_mixin.py:188} INFO - [2026-02-28T14:27:32.803+0000] {dag.py:3947} INFO - Setting next_dagrun for oltp_s3_dwh to 2026-02-01 00:00:00+00:00, run_after=2026-03-01 00:00:00+00:00
[2026-02-28T14:27:32.829+0000] {processor.py:183} INFO - Processing /opt/airflow/dags/oltp_s3_dwh.py took 0.916 seconds
[2026-02-28T14:28:03.653+0000] {processor.py:161} INFO - Started process (PID=20087) to work on /opt/airflow/dags/oltp_s3_dwh.py
[2026-02-28T14:28:03.654+0000] {processor.py:830} INFO - Processing file /opt/airflow/dags/oltp_s3_dwh.py for tasks to queue
[2026-02-28T14:28:03.656+0000] {logging_mixin.py:188} INFO - [2026-02-28T14:28:03.656+0000] {dagbag.py:545} INFO - Filling up the DagBag from /opt/airflow/dags/oltp_s3_dwh.py
[2026-02-28T14:28:04.226+0000] {processor.py:840} INFO - DAG(s) 'oltp_s3_dwh' retrieved from /opt/airflow/dags/oltp_s3_dwh.py
[2026-02-28T14:28:04.254+0000] {logging_mixin.py:188} INFO - [2026-02-28T14:28:04.253+0000] {dag.py:3089} INFO - Sync 1 DAGs
[2026-02-28T14:28:04.273+0000] {logging_mixin.py:188} INFO - [2026-02-28T14:28:04.272+0000] {dag.py:3947} INFO - Setting next_dagrun for oltp_s3_dwh to 2026-02-01 00:00:00+00:00, run_after=2026-03-01 00:00:00+00:00
[2026-02-28T14:28:04.295+0000] {processor.py:183} INFO - Processing /opt/airflow/dags/oltp_s3_dwh.py took 0.649 seconds
[2026-02-28T14:28:34.384+0000] {processor.py:161} INFO - Started process (PID=20118) to work on /opt/airflow/dags/oltp_s3_dwh.py
[2026-02-28T14:28:34.385+0000] {processor.py:830} INFO - Processing file /opt/airflow/dags/oltp_s3_dwh.py for tasks to queue
[2026-02-28T14:28:34.388+0000] {logging_mixin.py:188} INFO - [2026-02-28T14:28:34.387+0000] {dagbag.py:545} INFO - Filling up the DagBag from /opt/airflow/dags/oltp_s3_dwh.py
[2026-02-28T14:28:35.063+0000] {processor.py:840} INFO - DAG(s) 'oltp_s3_dwh' retrieved from /opt/airflow/dags/oltp_s3_dwh.py
[2026-02-28T14:28:35.104+0000] {logging_mixin.py:188} INFO - [2026-02-28T14:28:35.103+0000] {dag.py:3089} INFO - Sync 1 DAGs
[2026-02-28T14:28:35.148+0000] {logging_mixin.py:188} INFO - [2026-02-28T14:28:35.147+0000] {dag.py:3947} INFO - Setting next_dagrun for oltp_s3_dwh to 2026-02-01 00:00:00+00:00, run_after=2026-03-01 00:00:00+00:00
[2026-02-28T14:28:35.195+0000] {processor.py:183} INFO - Processing /opt/airflow/dags/oltp_s3_dwh.py took 0.818 seconds
[2026-02-28T14:29:06.494+0000] {processor.py:161} INFO - Started process (PID=20150) to work on /opt/airflow/dags/oltp_s3_dwh.py
[2026-02-28T14:29:06.496+0000] {processor.py:830} INFO - Processing file /opt/airflow/dags/oltp_s3_dwh.py for tasks to queue
[2026-02-28T14:29:06.504+0000] {logging_mixin.py:188} INFO - [2026-02-28T14:29:06.504+0000] {dagbag.py:545} INFO - Filling up the DagBag from /opt/airflow/dags/oltp_s3_dwh.py
[2026-02-28T14:29:07.426+0000] {processor.py:840} INFO - DAG(s) 'oltp_s3_dwh' retrieved from /opt/airflow/dags/oltp_s3_dwh.py
[2026-02-28T14:29:07.535+0000] {logging_mixin.py:188} INFO - [2026-02-28T14:29:07.534+0000] {dag.py:3089} INFO - Sync 1 DAGs
[2026-02-28T14:29:07.564+0000] {logging_mixin.py:188} INFO - [2026-02-28T14:29:07.563+0000] {dag.py:3947} INFO - Setting next_dagrun for oltp_s3_dwh to 2026-02-01 00:00:00+00:00, run_after=2026-03-01 00:00:00+00:00
[2026-02-28T14:29:07.589+0000] {processor.py:183} INFO - Processing /opt/airflow/dags/oltp_s3_dwh.py took 1.108 seconds
[2026-02-28T14:29:38.230+0000] {processor.py:161} INFO - Started process (PID=20186) to work on /opt/airflow/dags/oltp_s3_dwh.py
[2026-02-28T14:29:38.232+0000] {processor.py:830} INFO - Processing file /opt/airflow/dags/oltp_s3_dwh.py for tasks to queue
[2026-02-28T14:29:38.235+0000] {logging_mixin.py:188} INFO - [2026-02-28T14:29:38.234+0000] {dagbag.py:545} INFO - Filling up the DagBag from /opt/airflow/dags/oltp_s3_dwh.py
[2026-02-28T14:29:39.146+0000] {processor.py:840} INFO - DAG(s) 'oltp_s3_dwh' retrieved from /opt/airflow/dags/oltp_s3_dwh.py
[2026-02-28T14:29:39.202+0000] {logging_mixin.py:188} INFO - [2026-02-28T14:29:39.201+0000] {dag.py:3089} INFO - Sync 1 DAGs
[2026-02-28T14:29:39.227+0000] {logging_mixin.py:188} INFO - [2026-02-28T14:29:39.226+0000] {dag.py:3947} INFO - Setting next_dagrun for oltp_s3_dwh to 2026-02-01 00:00:00+00:00, run_after=2026-03-01 00:00:00+00:00
[2026-02-28T14:29:39.256+0000] {processor.py:183} INFO - Processing /opt/airflow/dags/oltp_s3_dwh.py took 1.034 seconds
[2026-02-28T14:30:09.848+0000] {processor.py:161} INFO - Started process (PID=20217) to work on /opt/airflow/dags/oltp_s3_dwh.py
[2026-02-28T14:30:09.852+0000] {processor.py:830} INFO - Processing file /opt/airflow/dags/oltp_s3_dwh.py for tasks to queue
[2026-02-28T14:30:09.856+0000] {logging_mixin.py:188} INFO - [2026-02-28T14:30:09.855+0000] {dagbag.py:545} INFO - Filling up the DagBag from /opt/airflow/dags/oltp_s3_dwh.py
[2026-02-28T14:30:10.390+0000] {processor.py:840} INFO - DAG(s) 'oltp_s3_dwh' retrieved from /opt/airflow/dags/oltp_s3_dwh.py
[2026-02-28T14:30:10.415+0000] {logging_mixin.py:188} INFO - [2026-02-28T14:30:10.414+0000] {dag.py:3089} INFO - Sync 1 DAGs
[2026-02-28T14:30:10.436+0000] {logging_mixin.py:188} INFO - [2026-02-28T14:30:10.436+0000] {dag.py:3947} INFO - Setting next_dagrun for oltp_s3_dwh to 2026-02-01 00:00:00+00:00, run_after=2026-03-01 00:00:00+00:00
[2026-02-28T14:30:10.459+0000] {processor.py:183} INFO - Processing /opt/airflow/dags/oltp_s3_dwh.py took 0.620 seconds
[2026-02-28T14:30:40.981+0000] {processor.py:161} INFO - Started process (PID=20248) to work on /opt/airflow/dags/oltp_s3_dwh.py
[2026-02-28T14:30:40.983+0000] {processor.py:830} INFO - Processing file /opt/airflow/dags/oltp_s3_dwh.py for tasks to queue
[2026-02-28T14:30:40.986+0000] {logging_mixin.py:188} INFO - [2026-02-28T14:30:40.985+0000] {dagbag.py:545} INFO - Filling up the DagBag from /opt/airflow/dags/oltp_s3_dwh.py
[2026-02-28T14:30:41.563+0000] {processor.py:840} INFO - DAG(s) 'oltp_s3_dwh' retrieved from /opt/airflow/dags/oltp_s3_dwh.py
[2026-02-28T14:30:41.594+0000] {logging_mixin.py:188} INFO - [2026-02-28T14:30:41.594+0000] {dag.py:3089} INFO - Sync 1 DAGs
[2026-02-28T14:30:41.622+0000] {logging_mixin.py:188} INFO - [2026-02-28T14:30:41.622+0000] {dag.py:3947} INFO - Setting next_dagrun for oltp_s3_dwh to 2026-02-01 00:00:00+00:00, run_after=2026-03-01 00:00:00+00:00
[2026-02-28T14:30:41.646+0000] {processor.py:183} INFO - Processing /opt/airflow/dags/oltp_s3_dwh.py took 0.671 seconds
[2026-02-28T14:31:11.760+0000] {processor.py:161} INFO - Started process (PID=20285) to work on /opt/airflow/dags/oltp_s3_dwh.py
[2026-02-28T14:31:11.761+0000] {processor.py:830} INFO - Processing file /opt/airflow/dags/oltp_s3_dwh.py for tasks to queue
[2026-02-28T14:31:11.764+0000] {logging_mixin.py:188} INFO - [2026-02-28T14:31:11.764+0000] {dagbag.py:545} INFO - Filling up the DagBag from /opt/airflow/dags/oltp_s3_dwh.py
[2026-02-28T14:31:12.564+0000] {processor.py:840} INFO - DAG(s) 'oltp_s3_dwh' retrieved from /opt/airflow/dags/oltp_s3_dwh.py
[2026-02-28T14:31:12.612+0000] {logging_mixin.py:188} INFO - [2026-02-28T14:31:12.612+0000] {dag.py:3089} INFO - Sync 1 DAGs
[2026-02-28T14:31:12.632+0000] {logging_mixin.py:188} INFO - [2026-02-28T14:31:12.632+0000] {dag.py:3947} INFO - Setting next_dagrun for oltp_s3_dwh to 2026-02-01 00:00:00+00:00, run_after=2026-03-01 00:00:00+00:00
[2026-02-28T14:31:12.659+0000] {processor.py:183} INFO - Processing /opt/airflow/dags/oltp_s3_dwh.py took 0.907 seconds
[2026-02-28T14:31:43.084+0000] {processor.py:161} INFO - Started process (PID=20317) to work on /opt/airflow/dags/oltp_s3_dwh.py
[2026-02-28T14:31:43.086+0000] {processor.py:830} INFO - Processing file /opt/airflow/dags/oltp_s3_dwh.py for tasks to queue
[2026-02-28T14:31:43.089+0000] {logging_mixin.py:188} INFO - [2026-02-28T14:31:43.089+0000] {dagbag.py:545} INFO - Filling up the DagBag from /opt/airflow/dags/oltp_s3_dwh.py
[2026-02-28T14:31:43.716+0000] {processor.py:840} INFO - DAG(s) 'oltp_s3_dwh' retrieved from /opt/airflow/dags/oltp_s3_dwh.py
[2026-02-28T14:31:43.757+0000] {logging_mixin.py:188} INFO - [2026-02-28T14:31:43.756+0000] {dag.py:3089} INFO - Sync 1 DAGs
[2026-02-28T14:31:43.781+0000] {logging_mixin.py:188} INFO - [2026-02-28T14:31:43.781+0000] {dag.py:3947} INFO - Setting next_dagrun for oltp_s3_dwh to 2026-02-01 00:00:00+00:00, run_after=2026-03-01 00:00:00+00:00
[2026-02-28T14:31:43.804+0000] {processor.py:183} INFO - Processing /opt/airflow/dags/oltp_s3_dwh.py took 0.728 seconds
[2026-02-28T14:32:14.280+0000] {processor.py:161} INFO - Started process (PID=20348) to work on /opt/airflow/dags/oltp_s3_dwh.py
[2026-02-28T14:32:14.282+0000] {processor.py:830} INFO - Processing file /opt/airflow/dags/oltp_s3_dwh.py for tasks to queue
[2026-02-28T14:32:14.284+0000] {logging_mixin.py:188} INFO - [2026-02-28T14:32:14.284+0000] {dagbag.py:545} INFO - Filling up the DagBag from /opt/airflow/dags/oltp_s3_dwh.py
[2026-02-28T14:32:14.865+0000] {processor.py:840} INFO - DAG(s) 'oltp_s3_dwh' retrieved from /opt/airflow/dags/oltp_s3_dwh.py
[2026-02-28T14:32:14.897+0000] {logging_mixin.py:188} INFO - [2026-02-28T14:32:14.897+0000] {dag.py:3089} INFO - Sync 1 DAGs
[2026-02-28T14:32:14.920+0000] {logging_mixin.py:188} INFO - [2026-02-28T14:32:14.919+0000] {dag.py:3947} INFO - Setting next_dagrun for oltp_s3_dwh to 2026-02-01 00:00:00+00:00, run_after=2026-03-01 00:00:00+00:00
[2026-02-28T14:32:14.941+0000] {processor.py:183} INFO - Processing /opt/airflow/dags/oltp_s3_dwh.py took 0.670 seconds
[2026-02-28T14:32:45.021+0000] {processor.py:161} INFO - Started process (PID=20379) to work on /opt/airflow/dags/oltp_s3_dwh.py
[2026-02-28T14:32:45.023+0000] {processor.py:830} INFO - Processing file /opt/airflow/dags/oltp_s3_dwh.py for tasks to queue
[2026-02-28T14:32:45.025+0000] {logging_mixin.py:188} INFO - [2026-02-28T14:32:45.025+0000] {dagbag.py:545} INFO - Filling up the DagBag from /opt/airflow/dags/oltp_s3_dwh.py
[2026-02-28T14:32:45.550+0000] {processor.py:840} INFO - DAG(s) 'oltp_s3_dwh' retrieved from /opt/airflow/dags/oltp_s3_dwh.py
[2026-02-28T14:32:45.580+0000] {logging_mixin.py:188} INFO - [2026-02-28T14:32:45.580+0000] {dag.py:3089} INFO - Sync 1 DAGs
[2026-02-28T14:32:45.613+0000] {logging_mixin.py:188} INFO - [2026-02-28T14:32:45.613+0000] {dag.py:3947} INFO - Setting next_dagrun for oltp_s3_dwh to 2026-02-01 00:00:00+00:00, run_after=2026-03-01 00:00:00+00:00
[2026-02-28T14:32:45.649+0000] {processor.py:183} INFO - Processing /opt/airflow/dags/oltp_s3_dwh.py took 0.634 seconds
[2026-02-28T14:33:16.365+0000] {processor.py:161} INFO - Started process (PID=20414) to work on /opt/airflow/dags/oltp_s3_dwh.py
[2026-02-28T14:33:16.367+0000] {processor.py:830} INFO - Processing file /opt/airflow/dags/oltp_s3_dwh.py for tasks to queue
[2026-02-28T14:33:16.371+0000] {logging_mixin.py:188} INFO - [2026-02-28T14:33:16.370+0000] {dagbag.py:545} INFO - Filling up the DagBag from /opt/airflow/dags/oltp_s3_dwh.py
[2026-02-28T14:33:17.161+0000] {processor.py:840} INFO - DAG(s) 'oltp_s3_dwh' retrieved from /opt/airflow/dags/oltp_s3_dwh.py
[2026-02-28T14:33:17.195+0000] {logging_mixin.py:188} INFO - [2026-02-28T14:33:17.194+0000] {dag.py:3089} INFO - Sync 1 DAGs
[2026-02-28T14:33:17.223+0000] {logging_mixin.py:188} INFO - [2026-02-28T14:33:17.222+0000] {dag.py:3947} INFO - Setting next_dagrun for oltp_s3_dwh to 2026-02-01 00:00:00+00:00, run_after=2026-03-01 00:00:00+00:00
[2026-02-28T14:33:17.249+0000] {processor.py:183} INFO - Processing /opt/airflow/dags/oltp_s3_dwh.py took 0.892 seconds
[2026-02-28T14:33:47.773+0000] {processor.py:161} INFO - Started process (PID=20446) to work on /opt/airflow/dags/oltp_s3_dwh.py
[2026-02-28T14:33:47.776+0000] {processor.py:830} INFO - Processing file /opt/airflow/dags/oltp_s3_dwh.py for tasks to queue
[2026-02-28T14:33:47.782+0000] {logging_mixin.py:188} INFO - [2026-02-28T14:33:47.782+0000] {dagbag.py:545} INFO - Filling up the DagBag from /opt/airflow/dags/oltp_s3_dwh.py
[2026-02-28T14:33:48.425+0000] {processor.py:840} INFO - DAG(s) 'oltp_s3_dwh' retrieved from /opt/airflow/dags/oltp_s3_dwh.py
[2026-02-28T14:33:48.450+0000] {logging_mixin.py:188} INFO - [2026-02-28T14:33:48.450+0000] {dag.py:3089} INFO - Sync 1 DAGs
[2026-02-28T14:33:48.474+0000] {logging_mixin.py:188} INFO - [2026-02-28T14:33:48.473+0000] {dag.py:3947} INFO - Setting next_dagrun for oltp_s3_dwh to 2026-02-01 00:00:00+00:00, run_after=2026-03-01 00:00:00+00:00
[2026-02-28T14:33:48.496+0000] {processor.py:183} INFO - Processing /opt/airflow/dags/oltp_s3_dwh.py took 0.734 seconds
[2026-02-28T14:34:19.438+0000] {processor.py:161} INFO - Started process (PID=20477) to work on /opt/airflow/dags/oltp_s3_dwh.py
[2026-02-28T14:34:19.440+0000] {processor.py:830} INFO - Processing file /opt/airflow/dags/oltp_s3_dwh.py for tasks to queue
[2026-02-28T14:34:19.444+0000] {logging_mixin.py:188} INFO - [2026-02-28T14:34:19.443+0000] {dagbag.py:545} INFO - Filling up the DagBag from /opt/airflow/dags/oltp_s3_dwh.py
[2026-02-28T14:34:20.142+0000] {processor.py:840} INFO - DAG(s) 'oltp_s3_dwh' retrieved from /opt/airflow/dags/oltp_s3_dwh.py
[2026-02-28T14:34:20.187+0000] {logging_mixin.py:188} INFO - [2026-02-28T14:34:20.186+0000] {dag.py:3089} INFO - Sync 1 DAGs
[2026-02-28T14:34:20.217+0000] {logging_mixin.py:188} INFO - [2026-02-28T14:34:20.217+0000] {dag.py:3947} INFO - Setting next_dagrun for oltp_s3_dwh to 2026-02-01 00:00:00+00:00, run_after=2026-03-01 00:00:00+00:00
[2026-02-28T14:34:20.257+0000] {processor.py:183} INFO - Processing /opt/airflow/dags/oltp_s3_dwh.py took 0.828 seconds
[2026-02-28T14:34:51.316+0000] {processor.py:161} INFO - Started process (PID=20508) to work on /opt/airflow/dags/oltp_s3_dwh.py
[2026-02-28T14:34:51.318+0000] {processor.py:830} INFO - Processing file /opt/airflow/dags/oltp_s3_dwh.py for tasks to queue
[2026-02-28T14:34:51.328+0000] {logging_mixin.py:188} INFO - [2026-02-28T14:34:51.328+0000] {dagbag.py:545} INFO - Filling up the DagBag from /opt/airflow/dags/oltp_s3_dwh.py
[2026-02-28T14:34:52.665+0000] {processor.py:840} INFO - DAG(s) 'oltp_s3_dwh' retrieved from /opt/airflow/dags/oltp_s3_dwh.py
[2026-02-28T14:34:52.757+0000] {logging_mixin.py:188} INFO - [2026-02-28T14:34:52.756+0000] {dag.py:3089} INFO - Sync 1 DAGs
[2026-02-28T14:34:52.821+0000] {logging_mixin.py:188} INFO - [2026-02-28T14:34:52.820+0000] {dag.py:3947} INFO - Setting next_dagrun for oltp_s3_dwh to 2026-02-01 00:00:00+00:00, run_after=2026-03-01 00:00:00+00:00
[2026-02-28T14:34:52.876+0000] {processor.py:183} INFO - Processing /opt/airflow/dags/oltp_s3_dwh.py took 1.579 seconds
[2026-02-28T14:35:23.436+0000] {processor.py:161} INFO - Started process (PID=20546) to work on /opt/airflow/dags/oltp_s3_dwh.py
[2026-02-28T14:35:23.439+0000] {processor.py:830} INFO - Processing file /opt/airflow/dags/oltp_s3_dwh.py for tasks to queue
[2026-02-28T14:35:23.443+0000] {logging_mixin.py:188} INFO - [2026-02-28T14:35:23.442+0000] {dagbag.py:545} INFO - Filling up the DagBag from /opt/airflow/dags/oltp_s3_dwh.py
[2026-02-28T14:35:24.121+0000] {processor.py:840} INFO - DAG(s) 'oltp_s3_dwh' retrieved from /opt/airflow/dags/oltp_s3_dwh.py
[2026-02-28T14:35:24.149+0000] {logging_mixin.py:188} INFO - [2026-02-28T14:35:24.148+0000] {dag.py:3089} INFO - Sync 1 DAGs
[2026-02-28T14:35:24.172+0000] {logging_mixin.py:188} INFO - [2026-02-28T14:35:24.171+0000] {dag.py:3947} INFO - Setting next_dagrun for oltp_s3_dwh to 2026-02-01 00:00:00+00:00, run_after=2026-03-01 00:00:00+00:00
[2026-02-28T14:35:24.196+0000] {processor.py:183} INFO - Processing /opt/airflow/dags/oltp_s3_dwh.py took 0.772 seconds
[2026-02-28T14:35:54.844+0000] {processor.py:161} INFO - Started process (PID=20577) to work on /opt/airflow/dags/oltp_s3_dwh.py
[2026-02-28T14:35:54.845+0000] {processor.py:830} INFO - Processing file /opt/airflow/dags/oltp_s3_dwh.py for tasks to queue
[2026-02-28T14:35:54.848+0000] {logging_mixin.py:188} INFO - [2026-02-28T14:35:54.847+0000] {dagbag.py:545} INFO - Filling up the DagBag from /opt/airflow/dags/oltp_s3_dwh.py
[2026-02-28T14:35:55.403+0000] {processor.py:840} INFO - DAG(s) 'oltp_s3_dwh' retrieved from /opt/airflow/dags/oltp_s3_dwh.py
[2026-02-28T14:35:55.435+0000] {logging_mixin.py:188} INFO - [2026-02-28T14:35:55.435+0000] {dag.py:3089} INFO - Sync 1 DAGs
[2026-02-28T14:35:55.469+0000] {logging_mixin.py:188} INFO - [2026-02-28T14:35:55.468+0000] {dag.py:3947} INFO - Setting next_dagrun for oltp_s3_dwh to 2026-02-01 00:00:00+00:00, run_after=2026-03-01 00:00:00+00:00
[2026-02-28T14:35:55.496+0000] {processor.py:183} INFO - Processing /opt/airflow/dags/oltp_s3_dwh.py took 0.663 seconds
[2026-02-28T14:36:26.012+0000] {processor.py:161} INFO - Started process (PID=20608) to work on /opt/airflow/dags/oltp_s3_dwh.py
[2026-02-28T14:36:26.013+0000] {processor.py:830} INFO - Processing file /opt/airflow/dags/oltp_s3_dwh.py for tasks to queue
[2026-02-28T14:36:26.015+0000] {logging_mixin.py:188} INFO - [2026-02-28T14:36:26.015+0000] {dagbag.py:545} INFO - Filling up the DagBag from /opt/airflow/dags/oltp_s3_dwh.py
[2026-02-28T14:36:26.593+0000] {processor.py:840} INFO - DAG(s) 'oltp_s3_dwh' retrieved from /opt/airflow/dags/oltp_s3_dwh.py
[2026-02-28T14:36:26.631+0000] {logging_mixin.py:188} INFO - [2026-02-28T14:36:26.630+0000] {dag.py:3089} INFO - Sync 1 DAGs
[2026-02-28T14:36:26.656+0000] {logging_mixin.py:188} INFO - [2026-02-28T14:36:26.656+0000] {dag.py:3947} INFO - Setting next_dagrun for oltp_s3_dwh to 2026-02-01 00:00:00+00:00, run_after=2026-03-01 00:00:00+00:00
[2026-02-28T14:36:26.684+0000] {processor.py:183} INFO - Processing /opt/airflow/dags/oltp_s3_dwh.py took 0.679 seconds
[2026-02-28T14:36:57.317+0000] {processor.py:161} INFO - Started process (PID=20646) to work on /opt/airflow/dags/oltp_s3_dwh.py
[2026-02-28T14:36:57.319+0000] {processor.py:830} INFO - Processing file /opt/airflow/dags/oltp_s3_dwh.py for tasks to queue
[2026-02-28T14:36:57.324+0000] {logging_mixin.py:188} INFO - [2026-02-28T14:36:57.323+0000] {dagbag.py:545} INFO - Filling up the DagBag from /opt/airflow/dags/oltp_s3_dwh.py
[2026-02-28T14:36:58.006+0000] {processor.py:840} INFO - DAG(s) 'oltp_s3_dwh' retrieved from /opt/airflow/dags/oltp_s3_dwh.py
[2026-02-28T14:36:58.049+0000] {logging_mixin.py:188} INFO - [2026-02-28T14:36:58.048+0000] {dag.py:3089} INFO - Sync 1 DAGs
[2026-02-28T14:36:58.090+0000] {logging_mixin.py:188} INFO - [2026-02-28T14:36:58.090+0000] {dag.py:3947} INFO - Setting next_dagrun for oltp_s3_dwh to 2026-02-01 00:00:00+00:00, run_after=2026-03-01 00:00:00+00:00
[2026-02-28T14:36:58.133+0000] {processor.py:183} INFO - Processing /opt/airflow/dags/oltp_s3_dwh.py took 0.826 seconds
[2026-02-28T14:37:28.730+0000] {processor.py:161} INFO - Started process (PID=20677) to work on /opt/airflow/dags/oltp_s3_dwh.py
[2026-02-28T14:37:28.731+0000] {processor.py:830} INFO - Processing file /opt/airflow/dags/oltp_s3_dwh.py for tasks to queue
[2026-02-28T14:37:28.734+0000] {logging_mixin.py:188} INFO - [2026-02-28T14:37:28.733+0000] {dagbag.py:545} INFO - Filling up the DagBag from /opt/airflow/dags/oltp_s3_dwh.py
[2026-02-28T14:37:29.405+0000] {processor.py:840} INFO - DAG(s) 'oltp_s3_dwh' retrieved from /opt/airflow/dags/oltp_s3_dwh.py
[2026-02-28T14:37:29.431+0000] {logging_mixin.py:188} INFO - [2026-02-28T14:37:29.431+0000] {dag.py:3089} INFO - Sync 1 DAGs
[2026-02-28T14:37:29.452+0000] {logging_mixin.py:188} INFO - [2026-02-28T14:37:29.452+0000] {dag.py:3947} INFO - Setting next_dagrun for oltp_s3_dwh to 2026-02-01 00:00:00+00:00, run_after=2026-03-01 00:00:00+00:00
[2026-02-28T14:37:29.477+0000] {processor.py:183} INFO - Processing /opt/airflow/dags/oltp_s3_dwh.py took 0.754 seconds
[2026-02-28T14:37:59.935+0000] {processor.py:161} INFO - Started process (PID=20708) to work on /opt/airflow/dags/oltp_s3_dwh.py
[2026-02-28T14:37:59.936+0000] {processor.py:830} INFO - Processing file /opt/airflow/dags/oltp_s3_dwh.py for tasks to queue
[2026-02-28T14:37:59.941+0000] {logging_mixin.py:188} INFO - [2026-02-28T14:37:59.940+0000] {dagbag.py:545} INFO - Filling up the DagBag from /opt/airflow/dags/oltp_s3_dwh.py
[2026-02-28T14:38:00.542+0000] {processor.py:840} INFO - DAG(s) 'oltp_s3_dwh' retrieved from /opt/airflow/dags/oltp_s3_dwh.py
[2026-02-28T14:38:00.587+0000] {logging_mixin.py:188} INFO - [2026-02-28T14:38:00.586+0000] {dag.py:3089} INFO - Sync 1 DAGs
[2026-02-28T14:38:00.627+0000] {logging_mixin.py:188} INFO - [2026-02-28T14:38:00.626+0000] {dag.py:3947} INFO - Setting next_dagrun for oltp_s3_dwh to 2026-02-01 00:00:00+00:00, run_after=2026-03-01 00:00:00+00:00
[2026-02-28T14:38:00.667+0000] {processor.py:183} INFO - Processing /opt/airflow/dags/oltp_s3_dwh.py took 0.746 seconds
[2026-02-28T14:38:30.996+0000] {processor.py:161} INFO - Started process (PID=20740) to work on /opt/airflow/dags/oltp_s3_dwh.py
[2026-02-28T14:38:30.999+0000] {processor.py:830} INFO - Processing file /opt/airflow/dags/oltp_s3_dwh.py for tasks to queue
[2026-02-28T14:38:31.003+0000] {logging_mixin.py:188} INFO - [2026-02-28T14:38:31.002+0000] {dagbag.py:545} INFO - Filling up the DagBag from /opt/airflow/dags/oltp_s3_dwh.py
[2026-02-28T14:38:31.940+0000] {processor.py:840} INFO - DAG(s) 'oltp_s3_dwh' retrieved from /opt/airflow/dags/oltp_s3_dwh.py
[2026-02-28T14:38:31.973+0000] {logging_mixin.py:188} INFO - [2026-02-28T14:38:31.972+0000] {dag.py:3089} INFO - Sync 1 DAGs
[2026-02-28T14:38:31.997+0000] {logging_mixin.py:188} INFO - [2026-02-28T14:38:31.997+0000] {dag.py:3947} INFO - Setting next_dagrun for oltp_s3_dwh to 2026-02-01 00:00:00+00:00, run_after=2026-03-01 00:00:00+00:00
[2026-02-28T14:38:32.029+0000] {processor.py:183} INFO - Processing /opt/airflow/dags/oltp_s3_dwh.py took 1.047 seconds
[2026-02-28T14:39:02.660+0000] {processor.py:161} INFO - Started process (PID=20771) to work on /opt/airflow/dags/oltp_s3_dwh.py
[2026-02-28T14:39:02.663+0000] {processor.py:830} INFO - Processing file /opt/airflow/dags/oltp_s3_dwh.py for tasks to queue
[2026-02-28T14:39:02.668+0000] {logging_mixin.py:188} INFO - [2026-02-28T14:39:02.668+0000] {dagbag.py:545} INFO - Filling up the DagBag from /opt/airflow/dags/oltp_s3_dwh.py
[2026-02-28T14:39:03.681+0000] {processor.py:840} INFO - DAG(s) 'oltp_s3_dwh' retrieved from /opt/airflow/dags/oltp_s3_dwh.py
[2026-02-28T14:39:03.721+0000] {logging_mixin.py:188} INFO - [2026-02-28T14:39:03.720+0000] {dag.py:3089} INFO - Sync 1 DAGs
[2026-02-28T14:39:03.751+0000] {logging_mixin.py:188} INFO - [2026-02-28T14:39:03.751+0000] {dag.py:3947} INFO - Setting next_dagrun for oltp_s3_dwh to 2026-02-01 00:00:00+00:00, run_after=2026-03-01 00:00:00+00:00
[2026-02-28T14:39:03.787+0000] {processor.py:183} INFO - Processing /opt/airflow/dags/oltp_s3_dwh.py took 1.140 seconds
[2026-02-28T14:39:34.344+0000] {processor.py:161} INFO - Started process (PID=20810) to work on /opt/airflow/dags/oltp_s3_dwh.py
[2026-02-28T14:39:34.346+0000] {processor.py:830} INFO - Processing file /opt/airflow/dags/oltp_s3_dwh.py for tasks to queue
[2026-02-28T14:39:34.354+0000] {logging_mixin.py:188} INFO - [2026-02-28T14:39:34.348+0000] {dagbag.py:545} INFO - Filling up the DagBag from /opt/airflow/dags/oltp_s3_dwh.py
[2026-02-28T14:39:34.959+0000] {processor.py:840} INFO - DAG(s) 'oltp_s3_dwh' retrieved from /opt/airflow/dags/oltp_s3_dwh.py
[2026-02-28T14:39:34.984+0000] {logging_mixin.py:188} INFO - [2026-02-28T14:39:34.984+0000] {dag.py:3089} INFO - Sync 1 DAGs
[2026-02-28T14:39:35.005+0000] {logging_mixin.py:188} INFO - [2026-02-28T14:39:35.005+0000] {dag.py:3947} INFO - Setting next_dagrun for oltp_s3_dwh to 2026-02-01 00:00:00+00:00, run_after=2026-03-01 00:00:00+00:00
[2026-02-28T14:39:35.029+0000] {processor.py:183} INFO - Processing /opt/airflow/dags/oltp_s3_dwh.py took 0.695 seconds
[2026-02-28T14:40:05.624+0000] {processor.py:161} INFO - Started process (PID=20841) to work on /opt/airflow/dags/oltp_s3_dwh.py
[2026-02-28T14:40:05.626+0000] {processor.py:830} INFO - Processing file /opt/airflow/dags/oltp_s3_dwh.py for tasks to queue
[2026-02-28T14:40:05.630+0000] {logging_mixin.py:188} INFO - [2026-02-28T14:40:05.629+0000] {dagbag.py:545} INFO - Filling up the DagBag from /opt/airflow/dags/oltp_s3_dwh.py
[2026-02-28T14:40:06.250+0000] {processor.py:840} INFO - DAG(s) 'oltp_s3_dwh' retrieved from /opt/airflow/dags/oltp_s3_dwh.py
[2026-02-28T14:40:06.298+0000] {logging_mixin.py:188} INFO - [2026-02-28T14:40:06.298+0000] {dag.py:3089} INFO - Sync 1 DAGs
[2026-02-28T14:40:06.335+0000] {logging_mixin.py:188} INFO - [2026-02-28T14:40:06.335+0000] {dag.py:3947} INFO - Setting next_dagrun for oltp_s3_dwh to 2026-02-01 00:00:00+00:00, run_after=2026-03-01 00:00:00+00:00
[2026-02-28T14:40:06.381+0000] {processor.py:183} INFO - Processing /opt/airflow/dags/oltp_s3_dwh.py took 0.767 seconds
[2026-02-28T14:40:36.744+0000] {processor.py:161} INFO - Started process (PID=20872) to work on /opt/airflow/dags/oltp_s3_dwh.py
[2026-02-28T14:40:36.747+0000] {processor.py:830} INFO - Processing file /opt/airflow/dags/oltp_s3_dwh.py for tasks to queue
[2026-02-28T14:40:36.753+0000] {logging_mixin.py:188} INFO - [2026-02-28T14:40:36.752+0000] {dagbag.py:545} INFO - Filling up the DagBag from /opt/airflow/dags/oltp_s3_dwh.py
[2026-02-28T14:40:37.553+0000] {processor.py:840} INFO - DAG(s) 'oltp_s3_dwh' retrieved from /opt/airflow/dags/oltp_s3_dwh.py
[2026-02-28T14:40:37.594+0000] {logging_mixin.py:188} INFO - [2026-02-28T14:40:37.593+0000] {dag.py:3089} INFO - Sync 1 DAGs
[2026-02-28T14:40:37.624+0000] {logging_mixin.py:188} INFO - [2026-02-28T14:40:37.624+0000] {dag.py:3947} INFO - Setting next_dagrun for oltp_s3_dwh to 2026-02-01 00:00:00+00:00, run_after=2026-03-01 00:00:00+00:00
[2026-02-28T14:40:37.652+0000] {processor.py:183} INFO - Processing /opt/airflow/dags/oltp_s3_dwh.py took 0.918 seconds
[2026-02-28T14:41:08.320+0000] {processor.py:161} INFO - Started process (PID=20902) to work on /opt/airflow/dags/oltp_s3_dwh.py
[2026-02-28T14:41:08.321+0000] {processor.py:830} INFO - Processing file /opt/airflow/dags/oltp_s3_dwh.py for tasks to queue
[2026-02-28T14:41:08.325+0000] {logging_mixin.py:188} INFO - [2026-02-28T14:41:08.324+0000] {dagbag.py:545} INFO - Filling up the DagBag from /opt/airflow/dags/oltp_s3_dwh.py
[2026-02-28T14:41:09.714+0000] {processor.py:840} INFO - DAG(s) 'oltp_s3_dwh' retrieved from /opt/airflow/dags/oltp_s3_dwh.py
[2026-02-28T14:41:09.744+0000] {logging_mixin.py:188} INFO - [2026-02-28T14:41:09.743+0000] {dag.py:3089} INFO - Sync 1 DAGs
[2026-02-28T14:41:09.783+0000] {logging_mixin.py:188} INFO - [2026-02-28T14:41:09.783+0000] {dag.py:3947} INFO - Setting next_dagrun for oltp_s3_dwh to 2026-02-01 00:00:00+00:00, run_after=2026-03-01 00:00:00+00:00
[2026-02-28T14:41:09.822+0000] {processor.py:183} INFO - Processing /opt/airflow/dags/oltp_s3_dwh.py took 1.511 seconds
[2026-02-28T14:41:40.650+0000] {processor.py:161} INFO - Started process (PID=20933) to work on /opt/airflow/dags/oltp_s3_dwh.py
[2026-02-28T14:41:40.651+0000] {processor.py:830} INFO - Processing file /opt/airflow/dags/oltp_s3_dwh.py for tasks to queue
[2026-02-28T14:41:40.654+0000] {logging_mixin.py:188} INFO - [2026-02-28T14:41:40.654+0000] {dagbag.py:545} INFO - Filling up the DagBag from /opt/airflow/dags/oltp_s3_dwh.py
[2026-02-28T14:41:41.605+0000] {processor.py:840} INFO - DAG(s) 'oltp_s3_dwh' retrieved from /opt/airflow/dags/oltp_s3_dwh.py
[2026-02-28T14:41:41.737+0000] {logging_mixin.py:188} INFO - [2026-02-28T14:41:41.736+0000] {dag.py:3089} INFO - Sync 1 DAGs
[2026-02-28T14:41:41.819+0000] {logging_mixin.py:188} INFO - [2026-02-28T14:41:41.818+0000] {dag.py:3947} INFO - Setting next_dagrun for oltp_s3_dwh to 2026-02-01 00:00:00+00:00, run_after=2026-03-01 00:00:00+00:00
[2026-02-28T14:41:41.877+0000] {processor.py:183} INFO - Processing /opt/airflow/dags/oltp_s3_dwh.py took 1.237 seconds
[2026-02-28T14:42:12.240+0000] {processor.py:161} INFO - Started process (PID=20970) to work on /opt/airflow/dags/oltp_s3_dwh.py
[2026-02-28T14:42:12.242+0000] {processor.py:830} INFO - Processing file /opt/airflow/dags/oltp_s3_dwh.py for tasks to queue
[2026-02-28T14:42:12.247+0000] {logging_mixin.py:188} INFO - [2026-02-28T14:42:12.246+0000] {dagbag.py:545} INFO - Filling up the DagBag from /opt/airflow/dags/oltp_s3_dwh.py
[2026-02-28T14:42:13.078+0000] {processor.py:840} INFO - DAG(s) 'oltp_s3_dwh' retrieved from /opt/airflow/dags/oltp_s3_dwh.py
[2026-02-28T14:42:13.116+0000] {logging_mixin.py:188} INFO - [2026-02-28T14:42:13.115+0000] {dag.py:3089} INFO - Sync 1 DAGs
[2026-02-28T14:42:13.145+0000] {logging_mixin.py:188} INFO - [2026-02-28T14:42:13.145+0000] {dag.py:3947} INFO - Setting next_dagrun for oltp_s3_dwh to 2026-02-01 00:00:00+00:00, run_after=2026-03-01 00:00:00+00:00
[2026-02-28T14:42:13.183+0000] {processor.py:183} INFO - Processing /opt/airflow/dags/oltp_s3_dwh.py took 0.959 seconds
[2026-02-28T14:42:43.911+0000] {processor.py:161} INFO - Started process (PID=21000) to work on /opt/airflow/dags/oltp_s3_dwh.py
[2026-02-28T14:42:43.913+0000] {processor.py:830} INFO - Processing file /opt/airflow/dags/oltp_s3_dwh.py for tasks to queue
[2026-02-28T14:42:43.915+0000] {logging_mixin.py:188} INFO - [2026-02-28T14:42:43.915+0000] {dagbag.py:545} INFO - Filling up the DagBag from /opt/airflow/dags/oltp_s3_dwh.py
[2026-02-28T14:42:44.592+0000] {processor.py:840} INFO - DAG(s) 'oltp_s3_dwh' retrieved from /opt/airflow/dags/oltp_s3_dwh.py
[2026-02-28T14:42:44.622+0000] {logging_mixin.py:188} INFO - [2026-02-28T14:42:44.622+0000] {dag.py:3089} INFO - Sync 1 DAGs
[2026-02-28T14:42:44.652+0000] {logging_mixin.py:188} INFO - [2026-02-28T14:42:44.651+0000] {dag.py:3947} INFO - Setting next_dagrun for oltp_s3_dwh to 2026-02-01 00:00:00+00:00, run_after=2026-03-01 00:00:00+00:00
[2026-02-28T14:42:44.697+0000] {processor.py:183} INFO - Processing /opt/airflow/dags/oltp_s3_dwh.py took 0.792 seconds
[2026-02-28T14:43:14.922+0000] {processor.py:161} INFO - Started process (PID=21032) to work on /opt/airflow/dags/oltp_s3_dwh.py
[2026-02-28T14:43:14.924+0000] {processor.py:830} INFO - Processing file /opt/airflow/dags/oltp_s3_dwh.py for tasks to queue
[2026-02-28T14:43:14.926+0000] {logging_mixin.py:188} INFO - [2026-02-28T14:43:14.925+0000] {dagbag.py:545} INFO - Filling up the DagBag from /opt/airflow/dags/oltp_s3_dwh.py
[2026-02-28T14:43:15.410+0000] {processor.py:840} INFO - DAG(s) 'oltp_s3_dwh' retrieved from /opt/airflow/dags/oltp_s3_dwh.py
[2026-02-28T14:43:15.435+0000] {logging_mixin.py:188} INFO - [2026-02-28T14:43:15.435+0000] {dag.py:3089} INFO - Sync 1 DAGs
[2026-02-28T14:43:15.455+0000] {logging_mixin.py:188} INFO - [2026-02-28T14:43:15.455+0000] {dag.py:3947} INFO - Setting next_dagrun for oltp_s3_dwh to 2026-02-01 00:00:00+00:00, run_after=2026-03-01 00:00:00+00:00
[2026-02-28T14:43:15.476+0000] {processor.py:183} INFO - Processing /opt/airflow/dags/oltp_s3_dwh.py took 0.560 seconds
[2026-02-28T14:43:45.610+0000] {processor.py:161} INFO - Started process (PID=21062) to work on /opt/airflow/dags/oltp_s3_dwh.py
[2026-02-28T14:43:45.611+0000] {processor.py:830} INFO - Processing file /opt/airflow/dags/oltp_s3_dwh.py for tasks to queue
[2026-02-28T14:43:45.613+0000] {logging_mixin.py:188} INFO - [2026-02-28T14:43:45.613+0000] {dagbag.py:545} INFO - Filling up the DagBag from /opt/airflow/dags/oltp_s3_dwh.py
[2026-02-28T14:43:46.157+0000] {processor.py:840} INFO - DAG(s) 'oltp_s3_dwh' retrieved from /opt/airflow/dags/oltp_s3_dwh.py
[2026-02-28T14:43:46.249+0000] {logging_mixin.py:188} INFO - [2026-02-28T14:43:46.248+0000] {dag.py:3089} INFO - Sync 1 DAGs
[2026-02-28T14:43:46.281+0000] {logging_mixin.py:188} INFO - [2026-02-28T14:43:46.281+0000] {dag.py:3947} INFO - Setting next_dagrun for oltp_s3_dwh to 2026-02-01 00:00:00+00:00, run_after=2026-03-01 00:00:00+00:00
[2026-02-28T14:43:46.314+0000] {processor.py:183} INFO - Processing /opt/airflow/dags/oltp_s3_dwh.py took 0.711 seconds
[2026-02-28T14:44:16.659+0000] {processor.py:161} INFO - Started process (PID=21100) to work on /opt/airflow/dags/oltp_s3_dwh.py
[2026-02-28T14:44:16.661+0000] {processor.py:830} INFO - Processing file /opt/airflow/dags/oltp_s3_dwh.py for tasks to queue
[2026-02-28T14:44:16.663+0000] {logging_mixin.py:188} INFO - [2026-02-28T14:44:16.663+0000] {dagbag.py:545} INFO - Filling up the DagBag from /opt/airflow/dags/oltp_s3_dwh.py
[2026-02-28T14:44:17.174+0000] {processor.py:840} INFO - DAG(s) 'oltp_s3_dwh' retrieved from /opt/airflow/dags/oltp_s3_dwh.py
[2026-02-28T14:44:17.205+0000] {logging_mixin.py:188} INFO - [2026-02-28T14:44:17.205+0000] {dag.py:3089} INFO - Sync 1 DAGs
[2026-02-28T14:44:17.230+0000] {logging_mixin.py:188} INFO - [2026-02-28T14:44:17.230+0000] {dag.py:3947} INFO - Setting next_dagrun for oltp_s3_dwh to 2026-02-01 00:00:00+00:00, run_after=2026-03-01 00:00:00+00:00
[2026-02-28T14:44:17.251+0000] {processor.py:183} INFO - Processing /opt/airflow/dags/oltp_s3_dwh.py took 0.598 seconds
[2026-02-28T14:44:48.156+0000] {processor.py:161} INFO - Started process (PID=21131) to work on /opt/airflow/dags/oltp_s3_dwh.py
[2026-02-28T14:44:48.162+0000] {processor.py:830} INFO - Processing file /opt/airflow/dags/oltp_s3_dwh.py for tasks to queue
[2026-02-28T14:44:48.168+0000] {logging_mixin.py:188} INFO - [2026-02-28T14:44:48.168+0000] {dagbag.py:545} INFO - Filling up the DagBag from /opt/airflow/dags/oltp_s3_dwh.py
[2026-02-28T14:44:48.649+0000] {processor.py:840} INFO - DAG(s) 'oltp_s3_dwh' retrieved from /opt/airflow/dags/oltp_s3_dwh.py
[2026-02-28T14:44:48.673+0000] {logging_mixin.py:188} INFO - [2026-02-28T14:44:48.673+0000] {dag.py:3089} INFO - Sync 1 DAGs
[2026-02-28T14:44:48.693+0000] {logging_mixin.py:188} INFO - [2026-02-28T14:44:48.693+0000] {dag.py:3947} INFO - Setting next_dagrun for oltp_s3_dwh to 2026-02-01 00:00:00+00:00, run_after=2026-03-01 00:00:00+00:00
[2026-02-28T14:44:48.714+0000] {processor.py:183} INFO - Processing /opt/airflow/dags/oltp_s3_dwh.py took 0.573 seconds
[2026-02-28T14:45:18.820+0000] {processor.py:161} INFO - Started process (PID=21163) to work on /opt/airflow/dags/oltp_s3_dwh.py
[2026-02-28T14:45:18.821+0000] {processor.py:830} INFO - Processing file /opt/airflow/dags/oltp_s3_dwh.py for tasks to queue
[2026-02-28T14:45:18.823+0000] {logging_mixin.py:188} INFO - [2026-02-28T14:45:18.823+0000] {dagbag.py:545} INFO - Filling up the DagBag from /opt/airflow/dags/oltp_s3_dwh.py
[2026-02-28T14:45:19.362+0000] {processor.py:840} INFO - DAG(s) 'oltp_s3_dwh' retrieved from /opt/airflow/dags/oltp_s3_dwh.py
[2026-02-28T14:45:19.400+0000] {logging_mixin.py:188} INFO - [2026-02-28T14:45:19.398+0000] {dag.py:3089} INFO - Sync 1 DAGs
[2026-02-28T14:45:19.455+0000] {logging_mixin.py:188} INFO - [2026-02-28T14:45:19.454+0000] {dag.py:3947} INFO - Setting next_dagrun for oltp_s3_dwh to 2026-02-01 00:00:00+00:00, run_after=2026-03-01 00:00:00+00:00
[2026-02-28T14:45:19.498+0000] {processor.py:183} INFO - Processing /opt/airflow/dags/oltp_s3_dwh.py took 0.683 seconds
[2026-02-28T14:45:50.013+0000] {processor.py:161} INFO - Started process (PID=21202) to work on /opt/airflow/dags/oltp_s3_dwh.py
[2026-02-28T14:45:50.014+0000] {processor.py:830} INFO - Processing file /opt/airflow/dags/oltp_s3_dwh.py for tasks to queue
[2026-02-28T14:45:50.016+0000] {logging_mixin.py:188} INFO - [2026-02-28T14:45:50.016+0000] {dagbag.py:545} INFO - Filling up the DagBag from /opt/airflow/dags/oltp_s3_dwh.py
[2026-02-28T14:45:50.477+0000] {processor.py:840} INFO - DAG(s) 'oltp_s3_dwh' retrieved from /opt/airflow/dags/oltp_s3_dwh.py
[2026-02-28T14:45:50.500+0000] {logging_mixin.py:188} INFO - [2026-02-28T14:45:50.499+0000] {dag.py:3089} INFO - Sync 1 DAGs
[2026-02-28T14:45:50.518+0000] {logging_mixin.py:188} INFO - [2026-02-28T14:45:50.518+0000] {dag.py:3947} INFO - Setting next_dagrun for oltp_s3_dwh to 2026-02-01 00:00:00+00:00, run_after=2026-03-01 00:00:00+00:00
[2026-02-28T14:45:50.542+0000] {processor.py:183} INFO - Processing /opt/airflow/dags/oltp_s3_dwh.py took 0.535 seconds
[2026-02-28T14:46:20.751+0000] {processor.py:161} INFO - Started process (PID=21236) to work on /opt/airflow/dags/oltp_s3_dwh.py
[2026-02-28T14:46:20.752+0000] {processor.py:830} INFO - Processing file /opt/airflow/dags/oltp_s3_dwh.py for tasks to queue
[2026-02-28T14:46:20.756+0000] {logging_mixin.py:188} INFO - [2026-02-28T14:46:20.755+0000] {dagbag.py:545} INFO - Filling up the DagBag from /opt/airflow/dags/oltp_s3_dwh.py
[2026-02-28T14:46:21.424+0000] {processor.py:840} INFO - DAG(s) 'oltp_s3_dwh' retrieved from /opt/airflow/dags/oltp_s3_dwh.py
[2026-02-28T14:46:21.469+0000] {logging_mixin.py:188} INFO - [2026-02-28T14:46:21.468+0000] {dag.py:3089} INFO - Sync 1 DAGs
[2026-02-28T14:46:21.504+0000] {logging_mixin.py:188} INFO - [2026-02-28T14:46:21.503+0000] {dag.py:3947} INFO - Setting next_dagrun for oltp_s3_dwh to 2026-02-01 00:00:00+00:00, run_after=2026-03-01 00:00:00+00:00
[2026-02-28T14:46:21.527+0000] {processor.py:183} INFO - Processing /opt/airflow/dags/oltp_s3_dwh.py took 0.788 seconds
[2026-02-28T14:46:52.448+0000] {processor.py:161} INFO - Started process (PID=21272) to work on /opt/airflow/dags/oltp_s3_dwh.py
[2026-02-28T14:46:52.450+0000] {processor.py:830} INFO - Processing file /opt/airflow/dags/oltp_s3_dwh.py for tasks to queue
[2026-02-28T14:46:52.453+0000] {logging_mixin.py:188} INFO - [2026-02-28T14:46:52.452+0000] {dagbag.py:545} INFO - Filling up the DagBag from /opt/airflow/dags/oltp_s3_dwh.py
[2026-02-28T14:46:52.950+0000] {processor.py:840} INFO - DAG(s) 'oltp_s3_dwh' retrieved from /opt/airflow/dags/oltp_s3_dwh.py
[2026-02-28T14:46:52.987+0000] {logging_mixin.py:188} INFO - [2026-02-28T14:46:52.986+0000] {dag.py:3089} INFO - Sync 1 DAGs
[2026-02-28T14:46:53.036+0000] {logging_mixin.py:188} INFO - [2026-02-28T14:46:53.036+0000] {dag.py:3947} INFO - Setting next_dagrun for oltp_s3_dwh to 2026-02-01 00:00:00+00:00, run_after=2026-03-01 00:00:00+00:00
[2026-02-28T14:46:53.076+0000] {processor.py:183} INFO - Processing /opt/airflow/dags/oltp_s3_dwh.py took 0.636 seconds
[2026-02-28T14:47:23.546+0000] {processor.py:161} INFO - Started process (PID=21303) to work on /opt/airflow/dags/oltp_s3_dwh.py
[2026-02-28T14:47:23.552+0000] {processor.py:830} INFO - Processing file /opt/airflow/dags/oltp_s3_dwh.py for tasks to queue
[2026-02-28T14:47:23.554+0000] {logging_mixin.py:188} INFO - [2026-02-28T14:47:23.553+0000] {dagbag.py:545} INFO - Filling up the DagBag from /opt/airflow/dags/oltp_s3_dwh.py
[2026-02-28T14:47:24.020+0000] {processor.py:840} INFO - DAG(s) 'oltp_s3_dwh' retrieved from /opt/airflow/dags/oltp_s3_dwh.py
[2026-02-28T14:47:24.046+0000] {logging_mixin.py:188} INFO - [2026-02-28T14:47:24.046+0000] {dag.py:3089} INFO - Sync 1 DAGs
[2026-02-28T14:47:24.070+0000] {logging_mixin.py:188} INFO - [2026-02-28T14:47:24.069+0000] {dag.py:3947} INFO - Setting next_dagrun for oltp_s3_dwh to 2026-02-01 00:00:00+00:00, run_after=2026-03-01 00:00:00+00:00
[2026-02-28T14:47:24.093+0000] {processor.py:183} INFO - Processing /opt/airflow/dags/oltp_s3_dwh.py took 0.552 seconds
[2026-02-28T14:47:54.672+0000] {processor.py:161} INFO - Started process (PID=21333) to work on /opt/airflow/dags/oltp_s3_dwh.py
[2026-02-28T14:47:54.674+0000] {processor.py:830} INFO - Processing file /opt/airflow/dags/oltp_s3_dwh.py for tasks to queue
[2026-02-28T14:47:54.676+0000] {logging_mixin.py:188} INFO - [2026-02-28T14:47:54.676+0000] {dagbag.py:545} INFO - Filling up the DagBag from /opt/airflow/dags/oltp_s3_dwh.py
[2026-02-28T14:47:55.250+0000] {processor.py:840} INFO - DAG(s) 'oltp_s3_dwh' retrieved from /opt/airflow/dags/oltp_s3_dwh.py
[2026-02-28T14:47:55.279+0000] {logging_mixin.py:188} INFO - [2026-02-28T14:47:55.278+0000] {dag.py:3089} INFO - Sync 1 DAGs
[2026-02-28T14:47:55.306+0000] {logging_mixin.py:188} INFO - [2026-02-28T14:47:55.306+0000] {dag.py:3947} INFO - Setting next_dagrun for oltp_s3_dwh to 2026-02-01 00:00:00+00:00, run_after=2026-03-01 00:00:00+00:00
[2026-02-28T14:47:55.331+0000] {processor.py:183} INFO - Processing /opt/airflow/dags/oltp_s3_dwh.py took 0.666 seconds
[2026-02-28T14:48:25.914+0000] {processor.py:161} INFO - Started process (PID=21372) to work on /opt/airflow/dags/oltp_s3_dwh.py
[2026-02-28T14:48:25.916+0000] {processor.py:830} INFO - Processing file /opt/airflow/dags/oltp_s3_dwh.py for tasks to queue
[2026-02-28T14:48:25.921+0000] {logging_mixin.py:188} INFO - [2026-02-28T14:48:25.921+0000] {dagbag.py:545} INFO - Filling up the DagBag from /opt/airflow/dags/oltp_s3_dwh.py
[2026-02-28T14:48:26.398+0000] {processor.py:840} INFO - DAG(s) 'oltp_s3_dwh' retrieved from /opt/airflow/dags/oltp_s3_dwh.py
[2026-02-28T14:48:26.423+0000] {logging_mixin.py:188} INFO - [2026-02-28T14:48:26.423+0000] {dag.py:3089} INFO - Sync 1 DAGs
[2026-02-28T14:48:26.445+0000] {logging_mixin.py:188} INFO - [2026-02-28T14:48:26.445+0000] {dag.py:3947} INFO - Setting next_dagrun for oltp_s3_dwh to 2026-02-01 00:00:00+00:00, run_after=2026-03-01 00:00:00+00:00
[2026-02-28T14:48:26.466+0000] {processor.py:183} INFO - Processing /opt/airflow/dags/oltp_s3_dwh.py took 0.563 seconds
[2026-02-28T14:48:56.892+0000] {processor.py:161} INFO - Started process (PID=21403) to work on /opt/airflow/dags/oltp_s3_dwh.py
[2026-02-28T14:48:56.893+0000] {processor.py:830} INFO - Processing file /opt/airflow/dags/oltp_s3_dwh.py for tasks to queue
[2026-02-28T14:48:56.896+0000] {logging_mixin.py:188} INFO - [2026-02-28T14:48:56.895+0000] {dagbag.py:545} INFO - Filling up the DagBag from /opt/airflow/dags/oltp_s3_dwh.py
[2026-02-28T14:48:57.399+0000] {processor.py:840} INFO - DAG(s) 'oltp_s3_dwh' retrieved from /opt/airflow/dags/oltp_s3_dwh.py
[2026-02-28T14:48:57.430+0000] {logging_mixin.py:188} INFO - [2026-02-28T14:48:57.430+0000] {dag.py:3089} INFO - Sync 1 DAGs
[2026-02-28T14:48:57.454+0000] {logging_mixin.py:188} INFO - [2026-02-28T14:48:57.454+0000] {dag.py:3947} INFO - Setting next_dagrun for oltp_s3_dwh to 2026-02-01 00:00:00+00:00, run_after=2026-03-01 00:00:00+00:00
[2026-02-28T14:48:57.478+0000] {processor.py:183} INFO - Processing /opt/airflow/dags/oltp_s3_dwh.py took 0.592 seconds
[2026-02-28T14:49:27.590+0000] {processor.py:161} INFO - Started process (PID=21434) to work on /opt/airflow/dags/oltp_s3_dwh.py
[2026-02-28T14:49:27.591+0000] {processor.py:830} INFO - Processing file /opt/airflow/dags/oltp_s3_dwh.py for tasks to queue
[2026-02-28T14:49:27.593+0000] {logging_mixin.py:188} INFO - [2026-02-28T14:49:27.593+0000] {dagbag.py:545} INFO - Filling up the DagBag from /opt/airflow/dags/oltp_s3_dwh.py
[2026-02-28T14:49:28.079+0000] {processor.py:840} INFO - DAG(s) 'oltp_s3_dwh' retrieved from /opt/airflow/dags/oltp_s3_dwh.py
[2026-02-28T14:49:28.105+0000] {logging_mixin.py:188} INFO - [2026-02-28T14:49:28.104+0000] {dag.py:3089} INFO - Sync 1 DAGs
[2026-02-28T14:49:28.126+0000] {logging_mixin.py:188} INFO - [2026-02-28T14:49:28.125+0000] {dag.py:3947} INFO - Setting next_dagrun for oltp_s3_dwh to 2026-02-01 00:00:00+00:00, run_after=2026-03-01 00:00:00+00:00
[2026-02-28T14:49:28.146+0000] {processor.py:183} INFO - Processing /opt/airflow/dags/oltp_s3_dwh.py took 0.562 seconds
[2026-02-28T14:49:58.909+0000] {processor.py:161} INFO - Started process (PID=21472) to work on /opt/airflow/dags/oltp_s3_dwh.py
[2026-02-28T14:49:58.910+0000] {processor.py:830} INFO - Processing file /opt/airflow/dags/oltp_s3_dwh.py for tasks to queue
[2026-02-28T14:49:58.913+0000] {logging_mixin.py:188} INFO - [2026-02-28T14:49:58.912+0000] {dagbag.py:545} INFO - Filling up the DagBag from /opt/airflow/dags/oltp_s3_dwh.py
[2026-02-28T14:49:59.366+0000] {processor.py:840} INFO - DAG(s) 'oltp_s3_dwh' retrieved from /opt/airflow/dags/oltp_s3_dwh.py
[2026-02-28T14:49:59.390+0000] {logging_mixin.py:188} INFO - [2026-02-28T14:49:59.390+0000] {dag.py:3089} INFO - Sync 1 DAGs
[2026-02-28T14:49:59.415+0000] {logging_mixin.py:188} INFO - [2026-02-28T14:49:59.414+0000] {dag.py:3947} INFO - Setting next_dagrun for oltp_s3_dwh to 2026-02-01 00:00:00+00:00, run_after=2026-03-01 00:00:00+00:00
[2026-02-28T14:49:59.447+0000] {processor.py:183} INFO - Processing /opt/airflow/dags/oltp_s3_dwh.py took 0.546 seconds
[2026-02-28T14:50:29.887+0000] {processor.py:161} INFO - Started process (PID=21503) to work on /opt/airflow/dags/oltp_s3_dwh.py
[2026-02-28T14:50:29.888+0000] {processor.py:830} INFO - Processing file /opt/airflow/dags/oltp_s3_dwh.py for tasks to queue
[2026-02-28T14:50:29.891+0000] {logging_mixin.py:188} INFO - [2026-02-28T14:50:29.890+0000] {dagbag.py:545} INFO - Filling up the DagBag from /opt/airflow/dags/oltp_s3_dwh.py
[2026-02-28T14:50:30.337+0000] {processor.py:840} INFO - DAG(s) 'oltp_s3_dwh' retrieved from /opt/airflow/dags/oltp_s3_dwh.py
[2026-02-28T14:50:30.361+0000] {logging_mixin.py:188} INFO - [2026-02-28T14:50:30.361+0000] {dag.py:3089} INFO - Sync 1 DAGs
[2026-02-28T14:50:30.382+0000] {logging_mixin.py:188} INFO - [2026-02-28T14:50:30.382+0000] {dag.py:3947} INFO - Setting next_dagrun for oltp_s3_dwh to 2026-02-01 00:00:00+00:00, run_after=2026-03-01 00:00:00+00:00
[2026-02-28T14:50:30.400+0000] {processor.py:183} INFO - Processing /opt/airflow/dags/oltp_s3_dwh.py took 0.520 seconds
[2026-02-28T14:51:00.573+0000] {processor.py:161} INFO - Started process (PID=21541) to work on /opt/airflow/dags/oltp_s3_dwh.py
[2026-02-28T14:51:00.575+0000] {processor.py:830} INFO - Processing file /opt/airflow/dags/oltp_s3_dwh.py for tasks to queue
[2026-02-28T14:51:00.577+0000] {logging_mixin.py:188} INFO - [2026-02-28T14:51:00.577+0000] {dagbag.py:545} INFO - Filling up the DagBag from /opt/airflow/dags/oltp_s3_dwh.py
[2026-02-28T14:51:01.108+0000] {processor.py:840} INFO - DAG(s) 'oltp_s3_dwh' retrieved from /opt/airflow/dags/oltp_s3_dwh.py
[2026-02-28T14:51:01.139+0000] {logging_mixin.py:188} INFO - [2026-02-28T14:51:01.138+0000] {dag.py:3089} INFO - Sync 1 DAGs
[2026-02-28T14:51:01.162+0000] {logging_mixin.py:188} INFO - [2026-02-28T14:51:01.162+0000] {dag.py:3947} INFO - Setting next_dagrun for oltp_s3_dwh to 2026-02-01 00:00:00+00:00, run_after=2026-03-01 00:00:00+00:00
[2026-02-28T14:51:01.186+0000] {processor.py:183} INFO - Processing /opt/airflow/dags/oltp_s3_dwh.py took 0.619 seconds
[2026-02-28T14:51:31.660+0000] {processor.py:161} INFO - Started process (PID=21572) to work on /opt/airflow/dags/oltp_s3_dwh.py
[2026-02-28T14:51:31.662+0000] {processor.py:830} INFO - Processing file /opt/airflow/dags/oltp_s3_dwh.py for tasks to queue
[2026-02-28T14:51:31.664+0000] {logging_mixin.py:188} INFO - [2026-02-28T14:51:31.664+0000] {dagbag.py:545} INFO - Filling up the DagBag from /opt/airflow/dags/oltp_s3_dwh.py
[2026-02-28T14:51:32.187+0000] {processor.py:840} INFO - DAG(s) 'oltp_s3_dwh' retrieved from /opt/airflow/dags/oltp_s3_dwh.py
[2026-02-28T14:51:32.219+0000] {logging_mixin.py:188} INFO - [2026-02-28T14:51:32.219+0000] {dag.py:3089} INFO - Sync 1 DAGs
[2026-02-28T14:51:32.241+0000] {logging_mixin.py:188} INFO - [2026-02-28T14:51:32.241+0000] {dag.py:3947} INFO - Setting next_dagrun for oltp_s3_dwh to 2026-02-01 00:00:00+00:00, run_after=2026-03-01 00:00:00+00:00
[2026-02-28T14:51:32.264+0000] {processor.py:183} INFO - Processing /opt/airflow/dags/oltp_s3_dwh.py took 0.611 seconds
[2026-02-28T14:52:02.927+0000] {processor.py:161} INFO - Started process (PID=21608) to work on /opt/airflow/dags/oltp_s3_dwh.py
[2026-02-28T14:52:02.929+0000] {processor.py:830} INFO - Processing file /opt/airflow/dags/oltp_s3_dwh.py for tasks to queue
[2026-02-28T14:52:02.931+0000] {logging_mixin.py:188} INFO - [2026-02-28T14:52:02.930+0000] {dagbag.py:545} INFO - Filling up the DagBag from /opt/airflow/dags/oltp_s3_dwh.py
[2026-02-28T14:52:03.360+0000] {processor.py:840} INFO - DAG(s) 'oltp_s3_dwh' retrieved from /opt/airflow/dags/oltp_s3_dwh.py
[2026-02-28T14:52:03.383+0000] {logging_mixin.py:188} INFO - [2026-02-28T14:52:03.383+0000] {dag.py:3089} INFO - Sync 1 DAGs
[2026-02-28T14:52:03.402+0000] {logging_mixin.py:188} INFO - [2026-02-28T14:52:03.402+0000] {dag.py:3947} INFO - Setting next_dagrun for oltp_s3_dwh to 2026-02-01 00:00:00+00:00, run_after=2026-03-01 00:00:00+00:00
[2026-02-28T14:52:03.420+0000] {processor.py:183} INFO - Processing /opt/airflow/dags/oltp_s3_dwh.py took 0.500 seconds
[2026-02-28T14:52:33.534+0000] {processor.py:161} INFO - Started process (PID=21648) to work on /opt/airflow/dags/oltp_s3_dwh.py
[2026-02-28T14:52:33.535+0000] {processor.py:830} INFO - Processing file /opt/airflow/dags/oltp_s3_dwh.py for tasks to queue
[2026-02-28T14:52:33.537+0000] {logging_mixin.py:188} INFO - [2026-02-28T14:52:33.537+0000] {dagbag.py:545} INFO - Filling up the DagBag from /opt/airflow/dags/oltp_s3_dwh.py
[2026-02-28T14:52:34.027+0000] {processor.py:840} INFO - DAG(s) 'oltp_s3_dwh' retrieved from /opt/airflow/dags/oltp_s3_dwh.py
[2026-02-28T14:52:34.051+0000] {logging_mixin.py:188} INFO - [2026-02-28T14:52:34.050+0000] {dag.py:3089} INFO - Sync 1 DAGs
[2026-02-28T14:52:34.072+0000] {logging_mixin.py:188} INFO - [2026-02-28T14:52:34.072+0000] {dag.py:3947} INFO - Setting next_dagrun for oltp_s3_dwh to 2026-02-01 00:00:00+00:00, run_after=2026-03-01 00:00:00+00:00
[2026-02-28T14:52:34.094+0000] {processor.py:183} INFO - Processing /opt/airflow/dags/oltp_s3_dwh.py took 0.567 seconds
[2026-02-28T14:53:04.918+0000] {processor.py:161} INFO - Started process (PID=21679) to work on /opt/airflow/dags/oltp_s3_dwh.py
[2026-02-28T14:53:04.920+0000] {processor.py:830} INFO - Processing file /opt/airflow/dags/oltp_s3_dwh.py for tasks to queue
[2026-02-28T14:53:04.922+0000] {logging_mixin.py:188} INFO - [2026-02-28T14:53:04.921+0000] {dagbag.py:545} INFO - Filling up the DagBag from /opt/airflow/dags/oltp_s3_dwh.py
[2026-02-28T14:53:05.384+0000] {processor.py:840} INFO - DAG(s) 'oltp_s3_dwh' retrieved from /opt/airflow/dags/oltp_s3_dwh.py
[2026-02-28T14:53:05.412+0000] {logging_mixin.py:188} INFO - [2026-02-28T14:53:05.412+0000] {dag.py:3089} INFO - Sync 1 DAGs
[2026-02-28T14:53:05.435+0000] {logging_mixin.py:188} INFO - [2026-02-28T14:53:05.435+0000] {dag.py:3947} INFO - Setting next_dagrun for oltp_s3_dwh to 2026-02-01 00:00:00+00:00, run_after=2026-03-01 00:00:00+00:00
[2026-02-28T14:53:05.456+0000] {processor.py:183} INFO - Processing /opt/airflow/dags/oltp_s3_dwh.py took 0.545 seconds
[2026-02-28T14:53:36.341+0000] {processor.py:161} INFO - Started process (PID=21717) to work on /opt/airflow/dags/oltp_s3_dwh.py
[2026-02-28T14:53:36.342+0000] {processor.py:830} INFO - Processing file /opt/airflow/dags/oltp_s3_dwh.py for tasks to queue
[2026-02-28T14:53:36.345+0000] {logging_mixin.py:188} INFO - [2026-02-28T14:53:36.344+0000] {dagbag.py:545} INFO - Filling up the DagBag from /opt/airflow/dags/oltp_s3_dwh.py
[2026-02-28T14:53:36.837+0000] {processor.py:840} INFO - DAG(s) 'oltp_s3_dwh' retrieved from /opt/airflow/dags/oltp_s3_dwh.py
[2026-02-28T14:53:36.865+0000] {logging_mixin.py:188} INFO - [2026-02-28T14:53:36.864+0000] {dag.py:3089} INFO - Sync 1 DAGs
[2026-02-28T14:53:36.887+0000] {logging_mixin.py:188} INFO - [2026-02-28T14:53:36.886+0000] {dag.py:3947} INFO - Setting next_dagrun for oltp_s3_dwh to 2026-02-01 00:00:00+00:00, run_after=2026-03-01 00:00:00+00:00
[2026-02-28T14:53:36.908+0000] {processor.py:183} INFO - Processing /opt/airflow/dags/oltp_s3_dwh.py took 0.574 seconds
[2026-02-28T14:54:07.391+0000] {processor.py:161} INFO - Started process (PID=21748) to work on /opt/airflow/dags/oltp_s3_dwh.py
[2026-02-28T14:54:07.393+0000] {processor.py:830} INFO - Processing file /opt/airflow/dags/oltp_s3_dwh.py for tasks to queue
[2026-02-28T14:54:07.395+0000] {logging_mixin.py:188} INFO - [2026-02-28T14:54:07.395+0000] {dagbag.py:545} INFO - Filling up the DagBag from /opt/airflow/dags/oltp_s3_dwh.py
[2026-02-28T14:54:07.961+0000] {processor.py:840} INFO - DAG(s) 'oltp_s3_dwh' retrieved from /opt/airflow/dags/oltp_s3_dwh.py
[2026-02-28T14:54:08.089+0000] {logging_mixin.py:188} INFO - [2026-02-28T14:54:08.088+0000] {dag.py:3089} INFO - Sync 1 DAGs
[2026-02-28T14:54:08.140+0000] {logging_mixin.py:188} INFO - [2026-02-28T14:54:08.139+0000] {dag.py:3947} INFO - Setting next_dagrun for oltp_s3_dwh to 2026-02-01 00:00:00+00:00, run_after=2026-03-01 00:00:00+00:00
[2026-02-28T14:54:08.201+0000] {processor.py:183} INFO - Processing /opt/airflow/dags/oltp_s3_dwh.py took 0.816 seconds
[2026-02-28T14:54:38.605+0000] {processor.py:161} INFO - Started process (PID=21779) to work on /opt/airflow/dags/oltp_s3_dwh.py
[2026-02-28T14:54:38.606+0000] {processor.py:830} INFO - Processing file /opt/airflow/dags/oltp_s3_dwh.py for tasks to queue
[2026-02-28T14:54:38.609+0000] {logging_mixin.py:188} INFO - [2026-02-28T14:54:38.608+0000] {dagbag.py:545} INFO - Filling up the DagBag from /opt/airflow/dags/oltp_s3_dwh.py
[2026-02-28T14:54:39.083+0000] {processor.py:840} INFO - DAG(s) 'oltp_s3_dwh' retrieved from /opt/airflow/dags/oltp_s3_dwh.py
[2026-02-28T14:54:39.127+0000] {logging_mixin.py:188} INFO - [2026-02-28T14:54:39.126+0000] {dag.py:3089} INFO - Sync 1 DAGs
[2026-02-28T14:54:39.155+0000] {logging_mixin.py:188} INFO - [2026-02-28T14:54:39.155+0000] {dag.py:3947} INFO - Setting next_dagrun for oltp_s3_dwh to 2026-02-01 00:00:00+00:00, run_after=2026-03-01 00:00:00+00:00
[2026-02-28T14:54:39.181+0000] {processor.py:183} INFO - Processing /opt/airflow/dags/oltp_s3_dwh.py took 0.581 seconds
[2026-02-28T14:55:09.283+0000] {processor.py:161} INFO - Started process (PID=21817) to work on /opt/airflow/dags/oltp_s3_dwh.py
[2026-02-28T14:55:09.284+0000] {processor.py:830} INFO - Processing file /opt/airflow/dags/oltp_s3_dwh.py for tasks to queue
[2026-02-28T14:55:09.286+0000] {logging_mixin.py:188} INFO - [2026-02-28T14:55:09.286+0000] {dagbag.py:545} INFO - Filling up the DagBag from /opt/airflow/dags/oltp_s3_dwh.py
[2026-02-28T14:55:09.817+0000] {processor.py:840} INFO - DAG(s) 'oltp_s3_dwh' retrieved from /opt/airflow/dags/oltp_s3_dwh.py
[2026-02-28T14:55:09.865+0000] {logging_mixin.py:188} INFO - [2026-02-28T14:55:09.863+0000] {dag.py:3089} INFO - Sync 1 DAGs
[2026-02-28T14:55:09.912+0000] {logging_mixin.py:188} INFO - [2026-02-28T14:55:09.910+0000] {dag.py:3947} INFO - Setting next_dagrun for oltp_s3_dwh to 2026-02-01 00:00:00+00:00, run_after=2026-03-01 00:00:00+00:00
[2026-02-28T14:55:09.938+0000] {processor.py:183} INFO - Processing /opt/airflow/dags/oltp_s3_dwh.py took 0.664 seconds
[2026-02-28T14:55:40.456+0000] {processor.py:161} INFO - Started process (PID=21849) to work on /opt/airflow/dags/oltp_s3_dwh.py
[2026-02-28T14:55:40.457+0000] {processor.py:830} INFO - Processing file /opt/airflow/dags/oltp_s3_dwh.py for tasks to queue
[2026-02-28T14:55:40.460+0000] {logging_mixin.py:188} INFO - [2026-02-28T14:55:40.459+0000] {dagbag.py:545} INFO - Filling up the DagBag from /opt/airflow/dags/oltp_s3_dwh.py
[2026-02-28T14:55:40.928+0000] {processor.py:840} INFO - DAG(s) 'oltp_s3_dwh' retrieved from /opt/airflow/dags/oltp_s3_dwh.py
[2026-02-28T14:55:40.952+0000] {logging_mixin.py:188} INFO - [2026-02-28T14:55:40.952+0000] {dag.py:3089} INFO - Sync 1 DAGs
[2026-02-28T14:55:40.971+0000] {logging_mixin.py:188} INFO - [2026-02-28T14:55:40.971+0000] {dag.py:3947} INFO - Setting next_dagrun for oltp_s3_dwh to 2026-02-01 00:00:00+00:00, run_after=2026-03-01 00:00:00+00:00
[2026-02-28T14:55:40.992+0000] {processor.py:183} INFO - Processing /opt/airflow/dags/oltp_s3_dwh.py took 0.548 seconds
[2026-02-28T14:56:11.251+0000] {processor.py:161} INFO - Started process (PID=21888) to work on /opt/airflow/dags/oltp_s3_dwh.py
[2026-02-28T14:56:11.253+0000] {processor.py:830} INFO - Processing file /opt/airflow/dags/oltp_s3_dwh.py for tasks to queue
[2026-02-28T14:56:11.256+0000] {logging_mixin.py:188} INFO - [2026-02-28T14:56:11.255+0000] {dagbag.py:545} INFO - Filling up the DagBag from /opt/airflow/dags/oltp_s3_dwh.py
[2026-02-28T14:56:11.813+0000] {processor.py:840} INFO - DAG(s) 'oltp_s3_dwh' retrieved from /opt/airflow/dags/oltp_s3_dwh.py
[2026-02-28T14:56:11.842+0000] {logging_mixin.py:188} INFO - [2026-02-28T14:56:11.841+0000] {dag.py:3089} INFO - Sync 1 DAGs
[2026-02-28T14:56:11.866+0000] {logging_mixin.py:188} INFO - [2026-02-28T14:56:11.866+0000] {dag.py:3947} INFO - Setting next_dagrun for oltp_s3_dwh to 2026-02-01 00:00:00+00:00, run_after=2026-03-01 00:00:00+00:00
[2026-02-28T14:56:11.892+0000] {processor.py:183} INFO - Processing /opt/airflow/dags/oltp_s3_dwh.py took 0.650 seconds
[2026-02-28T14:56:42.635+0000] {processor.py:161} INFO - Started process (PID=21919) to work on /opt/airflow/dags/oltp_s3_dwh.py
[2026-02-28T14:56:42.638+0000] {processor.py:830} INFO - Processing file /opt/airflow/dags/oltp_s3_dwh.py for tasks to queue
[2026-02-28T14:56:42.643+0000] {logging_mixin.py:188} INFO - [2026-02-28T14:56:42.642+0000] {dagbag.py:545} INFO - Filling up the DagBag from /opt/airflow/dags/oltp_s3_dwh.py
[2026-02-28T14:56:43.197+0000] {processor.py:840} INFO - DAG(s) 'oltp_s3_dwh' retrieved from /opt/airflow/dags/oltp_s3_dwh.py
[2026-02-28T14:56:43.225+0000] {logging_mixin.py:188} INFO - [2026-02-28T14:56:43.225+0000] {dag.py:3089} INFO - Sync 1 DAGs
[2026-02-28T14:56:43.252+0000] {logging_mixin.py:188} INFO - [2026-02-28T14:56:43.252+0000] {dag.py:3947} INFO - Setting next_dagrun for oltp_s3_dwh to 2026-02-01 00:00:00+00:00, run_after=2026-03-01 00:00:00+00:00
[2026-02-28T14:56:43.272+0000] {processor.py:183} INFO - Processing /opt/airflow/dags/oltp_s3_dwh.py took 0.652 seconds
[2026-02-28T14:57:14.104+0000] {processor.py:161} INFO - Started process (PID=21950) to work on /opt/airflow/dags/oltp_s3_dwh.py
[2026-02-28T14:57:14.105+0000] {processor.py:830} INFO - Processing file /opt/airflow/dags/oltp_s3_dwh.py for tasks to queue
[2026-02-28T14:57:14.107+0000] {logging_mixin.py:188} INFO - [2026-02-28T14:57:14.107+0000] {dagbag.py:545} INFO - Filling up the DagBag from /opt/airflow/dags/oltp_s3_dwh.py
[2026-02-28T14:57:14.543+0000] {processor.py:840} INFO - DAG(s) 'oltp_s3_dwh' retrieved from /opt/airflow/dags/oltp_s3_dwh.py
[2026-02-28T14:57:14.568+0000] {logging_mixin.py:188} INFO - [2026-02-28T14:57:14.568+0000] {dag.py:3089} INFO - Sync 1 DAGs
[2026-02-28T14:57:14.590+0000] {logging_mixin.py:188} INFO - [2026-02-28T14:57:14.590+0000] {dag.py:3947} INFO - Setting next_dagrun for oltp_s3_dwh to 2026-02-01 00:00:00+00:00, run_after=2026-03-01 00:00:00+00:00
[2026-02-28T14:57:14.610+0000] {processor.py:183} INFO - Processing /opt/airflow/dags/oltp_s3_dwh.py took 0.512 seconds
[2026-02-28T14:57:44.748+0000] {processor.py:161} INFO - Started process (PID=21988) to work on /opt/airflow/dags/oltp_s3_dwh.py
[2026-02-28T14:57:44.749+0000] {processor.py:830} INFO - Processing file /opt/airflow/dags/oltp_s3_dwh.py for tasks to queue
[2026-02-28T14:57:44.751+0000] {logging_mixin.py:188} INFO - [2026-02-28T14:57:44.750+0000] {dagbag.py:545} INFO - Filling up the DagBag from /opt/airflow/dags/oltp_s3_dwh.py
[2026-02-28T14:57:45.208+0000] {processor.py:840} INFO - DAG(s) 'oltp_s3_dwh' retrieved from /opt/airflow/dags/oltp_s3_dwh.py
[2026-02-28T14:57:45.230+0000] {logging_mixin.py:188} INFO - [2026-02-28T14:57:45.230+0000] {dag.py:3089} INFO - Sync 1 DAGs
[2026-02-28T14:57:45.248+0000] {logging_mixin.py:188} INFO - [2026-02-28T14:57:45.248+0000] {dag.py:3947} INFO - Setting next_dagrun for oltp_s3_dwh to 2026-02-01 00:00:00+00:00, run_after=2026-03-01 00:00:00+00:00
[2026-02-28T14:57:45.266+0000] {processor.py:183} INFO - Processing /opt/airflow/dags/oltp_s3_dwh.py took 0.524 seconds
[2026-02-28T14:58:15.840+0000] {processor.py:161} INFO - Started process (PID=22019) to work on /opt/airflow/dags/oltp_s3_dwh.py
[2026-02-28T14:58:15.842+0000] {processor.py:830} INFO - Processing file /opt/airflow/dags/oltp_s3_dwh.py for tasks to queue
[2026-02-28T14:58:15.845+0000] {logging_mixin.py:188} INFO - [2026-02-28T14:58:15.844+0000] {dagbag.py:545} INFO - Filling up the DagBag from /opt/airflow/dags/oltp_s3_dwh.py
[2026-02-28T14:58:16.313+0000] {processor.py:840} INFO - DAG(s) 'oltp_s3_dwh' retrieved from /opt/airflow/dags/oltp_s3_dwh.py
[2026-02-28T14:58:16.338+0000] {logging_mixin.py:188} INFO - [2026-02-28T14:58:16.337+0000] {dag.py:3089} INFO - Sync 1 DAGs
[2026-02-28T14:58:16.358+0000] {logging_mixin.py:188} INFO - [2026-02-28T14:58:16.358+0000] {dag.py:3947} INFO - Setting next_dagrun for oltp_s3_dwh to 2026-02-01 00:00:00+00:00, run_after=2026-03-01 00:00:00+00:00
[2026-02-28T14:58:16.379+0000] {processor.py:183} INFO - Processing /opt/airflow/dags/oltp_s3_dwh.py took 0.550 seconds
[2026-02-28T14:58:46.819+0000] {processor.py:161} INFO - Started process (PID=22057) to work on /opt/airflow/dags/oltp_s3_dwh.py
[2026-02-28T14:58:46.821+0000] {processor.py:830} INFO - Processing file /opt/airflow/dags/oltp_s3_dwh.py for tasks to queue
[2026-02-28T14:58:46.826+0000] {logging_mixin.py:188} INFO - [2026-02-28T14:58:46.825+0000] {dagbag.py:545} INFO - Filling up the DagBag from /opt/airflow/dags/oltp_s3_dwh.py
[2026-02-28T14:58:47.360+0000] {processor.py:840} INFO - DAG(s) 'oltp_s3_dwh' retrieved from /opt/airflow/dags/oltp_s3_dwh.py
[2026-02-28T14:58:47.389+0000] {logging_mixin.py:188} INFO - [2026-02-28T14:58:47.388+0000] {dag.py:3089} INFO - Sync 1 DAGs
[2026-02-28T14:58:47.415+0000] {logging_mixin.py:188} INFO - [2026-02-28T14:58:47.415+0000] {dag.py:3947} INFO - Setting next_dagrun for oltp_s3_dwh to 2026-02-01 00:00:00+00:00, run_after=2026-03-01 00:00:00+00:00
[2026-02-28T14:58:47.439+0000] {processor.py:183} INFO - Processing /opt/airflow/dags/oltp_s3_dwh.py took 0.632 seconds
[2026-02-28T14:59:18.433+0000] {processor.py:161} INFO - Started process (PID=22088) to work on /opt/airflow/dags/oltp_s3_dwh.py
[2026-02-28T14:59:18.434+0000] {processor.py:830} INFO - Processing file /opt/airflow/dags/oltp_s3_dwh.py for tasks to queue
[2026-02-28T14:59:18.437+0000] {logging_mixin.py:188} INFO - [2026-02-28T14:59:18.437+0000] {dagbag.py:545} INFO - Filling up the DagBag from /opt/airflow/dags/oltp_s3_dwh.py
[2026-02-28T14:59:18.926+0000] {processor.py:840} INFO - DAG(s) 'oltp_s3_dwh' retrieved from /opt/airflow/dags/oltp_s3_dwh.py
[2026-02-28T14:59:18.951+0000] {logging_mixin.py:188} INFO - [2026-02-28T14:59:18.950+0000] {dag.py:3089} INFO - Sync 1 DAGs
[2026-02-28T14:59:18.972+0000] {logging_mixin.py:188} INFO - [2026-02-28T14:59:18.972+0000] {dag.py:3947} INFO - Setting next_dagrun for oltp_s3_dwh to 2026-02-01 00:00:00+00:00, run_after=2026-03-01 00:00:00+00:00
[2026-02-28T14:59:19.000+0000] {processor.py:183} INFO - Processing /opt/airflow/dags/oltp_s3_dwh.py took 0.579 seconds
[2026-02-28T14:59:49.426+0000] {processor.py:161} INFO - Started process (PID=22119) to work on /opt/airflow/dags/oltp_s3_dwh.py
[2026-02-28T14:59:49.427+0000] {processor.py:830} INFO - Processing file /opt/airflow/dags/oltp_s3_dwh.py for tasks to queue
[2026-02-28T14:59:49.429+0000] {logging_mixin.py:188} INFO - [2026-02-28T14:59:49.429+0000] {dagbag.py:545} INFO - Filling up the DagBag from /opt/airflow/dags/oltp_s3_dwh.py
[2026-02-28T14:59:49.942+0000] {processor.py:840} INFO - DAG(s) 'oltp_s3_dwh' retrieved from /opt/airflow/dags/oltp_s3_dwh.py
[2026-02-28T14:59:49.991+0000] {logging_mixin.py:188} INFO - [2026-02-28T14:59:49.990+0000] {dag.py:3089} INFO - Sync 1 DAGs
[2026-02-28T14:59:50.043+0000] {logging_mixin.py:188} INFO - [2026-02-28T14:59:50.043+0000] {dag.py:3947} INFO - Setting next_dagrun for oltp_s3_dwh to 2026-02-01 00:00:00+00:00, run_after=2026-03-01 00:00:00+00:00
[2026-02-28T14:59:50.117+0000] {processor.py:183} INFO - Processing /opt/airflow/dags/oltp_s3_dwh.py took 0.697 seconds
[2026-02-28T15:00:20.708+0000] {processor.py:161} INFO - Started process (PID=22157) to work on /opt/airflow/dags/oltp_s3_dwh.py
[2026-02-28T15:00:20.710+0000] {processor.py:830} INFO - Processing file /opt/airflow/dags/oltp_s3_dwh.py for tasks to queue
[2026-02-28T15:00:20.713+0000] {logging_mixin.py:188} INFO - [2026-02-28T15:00:20.713+0000] {dagbag.py:545} INFO - Filling up the DagBag from /opt/airflow/dags/oltp_s3_dwh.py
[2026-02-28T15:00:21.224+0000] {processor.py:840} INFO - DAG(s) 'oltp_s3_dwh' retrieved from /opt/airflow/dags/oltp_s3_dwh.py
[2026-02-28T15:00:21.249+0000] {logging_mixin.py:188} INFO - [2026-02-28T15:00:21.249+0000] {dag.py:3089} INFO - Sync 1 DAGs
[2026-02-28T15:00:21.270+0000] {logging_mixin.py:188} INFO - [2026-02-28T15:00:21.270+0000] {dag.py:3947} INFO - Setting next_dagrun for oltp_s3_dwh to 2026-02-01 00:00:00+00:00, run_after=2026-03-01 00:00:00+00:00
[2026-02-28T15:00:21.290+0000] {processor.py:183} INFO - Processing /opt/airflow/dags/oltp_s3_dwh.py took 0.592 seconds
[2026-02-28T15:00:52.063+0000] {processor.py:161} INFO - Started process (PID=22187) to work on /opt/airflow/dags/oltp_s3_dwh.py
[2026-02-28T15:00:52.066+0000] {processor.py:830} INFO - Processing file /opt/airflow/dags/oltp_s3_dwh.py for tasks to queue
[2026-02-28T15:00:52.074+0000] {logging_mixin.py:188} INFO - [2026-02-28T15:00:52.070+0000] {dagbag.py:545} INFO - Filling up the DagBag from /opt/airflow/dags/oltp_s3_dwh.py
[2026-02-28T15:00:52.710+0000] {processor.py:840} INFO - DAG(s) 'oltp_s3_dwh' retrieved from /opt/airflow/dags/oltp_s3_dwh.py
[2026-02-28T15:00:52.741+0000] {logging_mixin.py:188} INFO - [2026-02-28T15:00:52.740+0000] {dag.py:3089} INFO - Sync 1 DAGs
[2026-02-28T15:00:52.765+0000] {logging_mixin.py:188} INFO - [2026-02-28T15:00:52.764+0000] {dag.py:3947} INFO - Setting next_dagrun for oltp_s3_dwh to 2026-02-01 00:00:00+00:00, run_after=2026-03-01 00:00:00+00:00
[2026-02-28T15:00:52.789+0000] {processor.py:183} INFO - Processing /opt/airflow/dags/oltp_s3_dwh.py took 0.736 seconds
[2026-02-28T15:01:23.248+0000] {processor.py:161} INFO - Started process (PID=22225) to work on /opt/airflow/dags/oltp_s3_dwh.py
[2026-02-28T15:01:23.261+0000] {processor.py:830} INFO - Processing file /opt/airflow/dags/oltp_s3_dwh.py for tasks to queue
[2026-02-28T15:01:23.272+0000] {logging_mixin.py:188} INFO - [2026-02-28T15:01:23.271+0000] {dagbag.py:545} INFO - Filling up the DagBag from /opt/airflow/dags/oltp_s3_dwh.py
[2026-02-28T15:01:24.304+0000] {processor.py:840} INFO - DAG(s) 'oltp_s3_dwh' retrieved from /opt/airflow/dags/oltp_s3_dwh.py
[2026-02-28T15:01:24.338+0000] {logging_mixin.py:188} INFO - [2026-02-28T15:01:24.337+0000] {dag.py:3089} INFO - Sync 1 DAGs
[2026-02-28T15:01:24.360+0000] {logging_mixin.py:188} INFO - [2026-02-28T15:01:24.360+0000] {dag.py:3947} INFO - Setting next_dagrun for oltp_s3_dwh to 2026-02-01 00:00:00+00:00, run_after=2026-03-01 00:00:00+00:00
[2026-02-28T15:01:24.384+0000] {processor.py:183} INFO - Processing /opt/airflow/dags/oltp_s3_dwh.py took 1.150 seconds
[2026-02-28T15:01:54.989+0000] {processor.py:161} INFO - Started process (PID=22256) to work on /opt/airflow/dags/oltp_s3_dwh.py
[2026-02-28T15:01:54.991+0000] {processor.py:830} INFO - Processing file /opt/airflow/dags/oltp_s3_dwh.py for tasks to queue
[2026-02-28T15:01:54.993+0000] {logging_mixin.py:188} INFO - [2026-02-28T15:01:54.993+0000] {dagbag.py:545} INFO - Filling up the DagBag from /opt/airflow/dags/oltp_s3_dwh.py
[2026-02-28T15:01:55.435+0000] {processor.py:840} INFO - DAG(s) 'oltp_s3_dwh' retrieved from /opt/airflow/dags/oltp_s3_dwh.py
[2026-02-28T15:01:55.460+0000] {logging_mixin.py:188} INFO - [2026-02-28T15:01:55.459+0000] {dag.py:3089} INFO - Sync 1 DAGs
[2026-02-28T15:01:55.480+0000] {logging_mixin.py:188} INFO - [2026-02-28T15:01:55.480+0000] {dag.py:3947} INFO - Setting next_dagrun for oltp_s3_dwh to 2026-02-01 00:00:00+00:00, run_after=2026-03-01 00:00:00+00:00
[2026-02-28T15:01:55.500+0000] {processor.py:183} INFO - Processing /opt/airflow/dags/oltp_s3_dwh.py took 0.518 seconds
[2026-02-28T15:02:26.197+0000] {processor.py:161} INFO - Started process (PID=22294) to work on /opt/airflow/dags/oltp_s3_dwh.py
[2026-02-28T15:02:26.200+0000] {processor.py:830} INFO - Processing file /opt/airflow/dags/oltp_s3_dwh.py for tasks to queue
[2026-02-28T15:02:26.205+0000] {logging_mixin.py:188} INFO - [2026-02-28T15:02:26.204+0000] {dagbag.py:545} INFO - Filling up the DagBag from /opt/airflow/dags/oltp_s3_dwh.py
[2026-02-28T15:02:26.804+0000] {processor.py:840} INFO - DAG(s) 'oltp_s3_dwh' retrieved from /opt/airflow/dags/oltp_s3_dwh.py
[2026-02-28T15:02:26.836+0000] {logging_mixin.py:188} INFO - [2026-02-28T15:02:26.836+0000] {dag.py:3089} INFO - Sync 1 DAGs
[2026-02-28T15:02:26.860+0000] {logging_mixin.py:188} INFO - [2026-02-28T15:02:26.860+0000] {dag.py:3947} INFO - Setting next_dagrun for oltp_s3_dwh to 2026-02-01 00:00:00+00:00, run_after=2026-03-01 00:00:00+00:00
[2026-02-28T15:02:26.883+0000] {processor.py:183} INFO - Processing /opt/airflow/dags/oltp_s3_dwh.py took 0.665 seconds
[2026-02-28T15:02:57.439+0000] {processor.py:161} INFO - Started process (PID=22324) to work on /opt/airflow/dags/oltp_s3_dwh.py
[2026-02-28T15:02:57.440+0000] {processor.py:830} INFO - Processing file /opt/airflow/dags/oltp_s3_dwh.py for tasks to queue
[2026-02-28T15:02:57.443+0000] {logging_mixin.py:188} INFO - [2026-02-28T15:02:57.443+0000] {dagbag.py:545} INFO - Filling up the DagBag from /opt/airflow/dags/oltp_s3_dwh.py
[2026-02-28T15:02:57.997+0000] {processor.py:840} INFO - DAG(s) 'oltp_s3_dwh' retrieved from /opt/airflow/dags/oltp_s3_dwh.py
[2026-02-28T15:02:58.022+0000] {logging_mixin.py:188} INFO - [2026-02-28T15:02:58.021+0000] {dag.py:3089} INFO - Sync 1 DAGs
[2026-02-28T15:02:58.046+0000] {logging_mixin.py:188} INFO - [2026-02-28T15:02:58.046+0000] {dag.py:3947} INFO - Setting next_dagrun for oltp_s3_dwh to 2026-02-01 00:00:00+00:00, run_after=2026-03-01 00:00:00+00:00
[2026-02-28T15:02:58.069+0000] {processor.py:183} INFO - Processing /opt/airflow/dags/oltp_s3_dwh.py took 0.640 seconds
[2026-02-28T15:03:28.256+0000] {processor.py:161} INFO - Started process (PID=22354) to work on /opt/airflow/dags/oltp_s3_dwh.py
[2026-02-28T15:03:28.258+0000] {processor.py:830} INFO - Processing file /opt/airflow/dags/oltp_s3_dwh.py for tasks to queue
[2026-02-28T15:03:28.260+0000] {logging_mixin.py:188} INFO - [2026-02-28T15:03:28.260+0000] {dagbag.py:545} INFO - Filling up the DagBag from /opt/airflow/dags/oltp_s3_dwh.py
[2026-02-28T15:03:28.845+0000] {processor.py:840} INFO - DAG(s) 'oltp_s3_dwh' retrieved from /opt/airflow/dags/oltp_s3_dwh.py
[2026-02-28T15:03:28.917+0000] {logging_mixin.py:188} INFO - [2026-02-28T15:03:28.914+0000] {dag.py:3089} INFO - Sync 1 DAGs
[2026-02-28T15:03:28.967+0000] {logging_mixin.py:188} INFO - [2026-02-28T15:03:28.967+0000] {dag.py:3947} INFO - Setting next_dagrun for oltp_s3_dwh to 2026-02-01 00:00:00+00:00, run_after=2026-03-01 00:00:00+00:00
[2026-02-28T15:03:29.002+0000] {processor.py:183} INFO - Processing /opt/airflow/dags/oltp_s3_dwh.py took 0.756 seconds
[2026-02-28T15:03:59.968+0000] {processor.py:161} INFO - Started process (PID=22391) to work on /opt/airflow/dags/oltp_s3_dwh.py
[2026-02-28T15:03:59.969+0000] {processor.py:830} INFO - Processing file /opt/airflow/dags/oltp_s3_dwh.py for tasks to queue
[2026-02-28T15:03:59.972+0000] {logging_mixin.py:188} INFO - [2026-02-28T15:03:59.972+0000] {dagbag.py:545} INFO - Filling up the DagBag from /opt/airflow/dags/oltp_s3_dwh.py
[2026-02-28T15:04:00.768+0000] {processor.py:840} INFO - DAG(s) 'oltp_s3_dwh' retrieved from /opt/airflow/dags/oltp_s3_dwh.py
[2026-02-28T15:04:00.803+0000] {logging_mixin.py:188} INFO - [2026-02-28T15:04:00.802+0000] {dag.py:3089} INFO - Sync 1 DAGs
[2026-02-28T15:04:00.830+0000] {logging_mixin.py:188} INFO - [2026-02-28T15:04:00.829+0000] {dag.py:3947} INFO - Setting next_dagrun for oltp_s3_dwh to 2026-02-01 00:00:00+00:00, run_after=2026-03-01 00:00:00+00:00
[2026-02-28T15:04:00.854+0000] {processor.py:183} INFO - Processing /opt/airflow/dags/oltp_s3_dwh.py took 0.898 seconds
[2026-02-28T15:04:31.386+0000] {processor.py:161} INFO - Started process (PID=22421) to work on /opt/airflow/dags/oltp_s3_dwh.py
[2026-02-28T15:04:31.388+0000] {processor.py:830} INFO - Processing file /opt/airflow/dags/oltp_s3_dwh.py for tasks to queue
[2026-02-28T15:04:31.391+0000] {logging_mixin.py:188} INFO - [2026-02-28T15:04:31.391+0000] {dagbag.py:545} INFO - Filling up the DagBag from /opt/airflow/dags/oltp_s3_dwh.py
[2026-02-28T15:04:31.838+0000] {processor.py:840} INFO - DAG(s) 'oltp_s3_dwh' retrieved from /opt/airflow/dags/oltp_s3_dwh.py
[2026-02-28T15:04:31.862+0000] {logging_mixin.py:188} INFO - [2026-02-28T15:04:31.862+0000] {dag.py:3089} INFO - Sync 1 DAGs
[2026-02-28T15:04:31.882+0000] {logging_mixin.py:188} INFO - [2026-02-28T15:04:31.881+0000] {dag.py:3947} INFO - Setting next_dagrun for oltp_s3_dwh to 2026-02-01 00:00:00+00:00, run_after=2026-03-01 00:00:00+00:00
[2026-02-28T15:04:31.902+0000] {processor.py:183} INFO - Processing /opt/airflow/dags/oltp_s3_dwh.py took 0.525 seconds
[2026-02-28T15:05:02.616+0000] {processor.py:161} INFO - Started process (PID=22453) to work on /opt/airflow/dags/oltp_s3_dwh.py
[2026-02-28T15:05:02.618+0000] {processor.py:830} INFO - Processing file /opt/airflow/dags/oltp_s3_dwh.py for tasks to queue
[2026-02-28T15:05:02.620+0000] {logging_mixin.py:188} INFO - [2026-02-28T15:05:02.620+0000] {dagbag.py:545} INFO - Filling up the DagBag from /opt/airflow/dags/oltp_s3_dwh.py
[2026-02-28T15:05:03.114+0000] {processor.py:840} INFO - DAG(s) 'oltp_s3_dwh' retrieved from /opt/airflow/dags/oltp_s3_dwh.py
[2026-02-28T15:05:03.144+0000] {logging_mixin.py:188} INFO - [2026-02-28T15:05:03.144+0000] {dag.py:3089} INFO - Sync 1 DAGs
[2026-02-28T15:05:03.167+0000] {logging_mixin.py:188} INFO - [2026-02-28T15:05:03.167+0000] {dag.py:3947} INFO - Setting next_dagrun for oltp_s3_dwh to 2026-02-01 00:00:00+00:00, run_after=2026-03-01 00:00:00+00:00
[2026-02-28T15:05:03.189+0000] {processor.py:183} INFO - Processing /opt/airflow/dags/oltp_s3_dwh.py took 0.580 seconds
[2026-02-28T15:05:33.684+0000] {processor.py:161} INFO - Started process (PID=22491) to work on /opt/airflow/dags/oltp_s3_dwh.py
[2026-02-28T15:05:33.686+0000] {processor.py:830} INFO - Processing file /opt/airflow/dags/oltp_s3_dwh.py for tasks to queue
[2026-02-28T15:05:33.690+0000] {logging_mixin.py:188} INFO - [2026-02-28T15:05:33.689+0000] {dagbag.py:545} INFO - Filling up the DagBag from /opt/airflow/dags/oltp_s3_dwh.py
[2026-02-28T15:05:34.283+0000] {processor.py:840} INFO - DAG(s) 'oltp_s3_dwh' retrieved from /opt/airflow/dags/oltp_s3_dwh.py
[2026-02-28T15:05:34.307+0000] {logging_mixin.py:188} INFO - [2026-02-28T15:05:34.307+0000] {dag.py:3089} INFO - Sync 1 DAGs
[2026-02-28T15:05:34.326+0000] {logging_mixin.py:188} INFO - [2026-02-28T15:05:34.326+0000] {dag.py:3947} INFO - Setting next_dagrun for oltp_s3_dwh to 2026-02-01 00:00:00+00:00, run_after=2026-03-01 00:00:00+00:00
[2026-02-28T15:05:34.346+0000] {processor.py:183} INFO - Processing /opt/airflow/dags/oltp_s3_dwh.py took 0.672 seconds
[2026-02-28T15:06:04.508+0000] {processor.py:161} INFO - Started process (PID=22522) to work on /opt/airflow/dags/oltp_s3_dwh.py
[2026-02-28T15:06:04.509+0000] {processor.py:830} INFO - Processing file /opt/airflow/dags/oltp_s3_dwh.py for tasks to queue
[2026-02-28T15:06:04.511+0000] {logging_mixin.py:188} INFO - [2026-02-28T15:06:04.511+0000] {dagbag.py:545} INFO - Filling up the DagBag from /opt/airflow/dags/oltp_s3_dwh.py
[2026-02-28T15:06:04.984+0000] {processor.py:840} INFO - DAG(s) 'oltp_s3_dwh' retrieved from /opt/airflow/dags/oltp_s3_dwh.py
[2026-02-28T15:06:05.011+0000] {logging_mixin.py:188} INFO - [2026-02-28T15:06:05.010+0000] {dag.py:3089} INFO - Sync 1 DAGs
[2026-02-28T15:06:05.030+0000] {logging_mixin.py:188} INFO - [2026-02-28T15:06:05.030+0000] {dag.py:3947} INFO - Setting next_dagrun for oltp_s3_dwh to 2026-02-01 00:00:00+00:00, run_after=2026-03-01 00:00:00+00:00
[2026-02-28T15:06:05.049+0000] {processor.py:183} INFO - Processing /opt/airflow/dags/oltp_s3_dwh.py took 0.548 seconds
[2026-02-28T15:06:35.562+0000] {processor.py:161} INFO - Started process (PID=22553) to work on /opt/airflow/dags/oltp_s3_dwh.py
[2026-02-28T15:06:35.564+0000] {processor.py:830} INFO - Processing file /opt/airflow/dags/oltp_s3_dwh.py for tasks to queue
[2026-02-28T15:06:35.566+0000] {logging_mixin.py:188} INFO - [2026-02-28T15:06:35.565+0000] {dagbag.py:545} INFO - Filling up the DagBag from /opt/airflow/dags/oltp_s3_dwh.py
[2026-02-28T15:06:36.077+0000] {processor.py:840} INFO - DAG(s) 'oltp_s3_dwh' retrieved from /opt/airflow/dags/oltp_s3_dwh.py
[2026-02-28T15:06:36.103+0000] {logging_mixin.py:188} INFO - [2026-02-28T15:06:36.102+0000] {dag.py:3089} INFO - Sync 1 DAGs
[2026-02-28T15:06:36.127+0000] {logging_mixin.py:188} INFO - [2026-02-28T15:06:36.127+0000] {dag.py:3947} INFO - Setting next_dagrun for oltp_s3_dwh to 2026-02-01 00:00:00+00:00, run_after=2026-03-01 00:00:00+00:00
[2026-02-28T15:06:36.156+0000] {processor.py:183} INFO - Processing /opt/airflow/dags/oltp_s3_dwh.py took 0.600 seconds
[2026-02-28T15:07:06.950+0000] {processor.py:161} INFO - Started process (PID=22591) to work on /opt/airflow/dags/oltp_s3_dwh.py
[2026-02-28T15:07:06.953+0000] {processor.py:830} INFO - Processing file /opt/airflow/dags/oltp_s3_dwh.py for tasks to queue
[2026-02-28T15:07:06.957+0000] {logging_mixin.py:188} INFO - [2026-02-28T15:07:06.956+0000] {dagbag.py:545} INFO - Filling up the DagBag from /opt/airflow/dags/oltp_s3_dwh.py
[2026-02-28T15:07:07.456+0000] {processor.py:840} INFO - DAG(s) 'oltp_s3_dwh' retrieved from /opt/airflow/dags/oltp_s3_dwh.py
[2026-02-28T15:07:07.480+0000] {logging_mixin.py:188} INFO - [2026-02-28T15:07:07.479+0000] {dag.py:3089} INFO - Sync 1 DAGs
[2026-02-28T15:07:07.506+0000] {logging_mixin.py:188} INFO - [2026-02-28T15:07:07.506+0000] {dag.py:3947} INFO - Setting next_dagrun for oltp_s3_dwh to 2026-02-01 00:00:00+00:00, run_after=2026-03-01 00:00:00+00:00
[2026-02-28T15:07:07.526+0000] {processor.py:183} INFO - Processing /opt/airflow/dags/oltp_s3_dwh.py took 0.587 seconds
[2026-02-28T15:07:37.970+0000] {processor.py:161} INFO - Started process (PID=22621) to work on /opt/airflow/dags/oltp_s3_dwh.py
[2026-02-28T15:07:37.971+0000] {processor.py:830} INFO - Processing file /opt/airflow/dags/oltp_s3_dwh.py for tasks to queue
[2026-02-28T15:07:37.974+0000] {logging_mixin.py:188} INFO - [2026-02-28T15:07:37.973+0000] {dagbag.py:545} INFO - Filling up the DagBag from /opt/airflow/dags/oltp_s3_dwh.py
[2026-02-28T15:07:38.470+0000] {processor.py:840} INFO - DAG(s) 'oltp_s3_dwh' retrieved from /opt/airflow/dags/oltp_s3_dwh.py
[2026-02-28T15:07:38.500+0000] {logging_mixin.py:188} INFO - [2026-02-28T15:07:38.500+0000] {dag.py:3089} INFO - Sync 1 DAGs
[2026-02-28T15:07:38.521+0000] {logging_mixin.py:188} INFO - [2026-02-28T15:07:38.521+0000] {dag.py:3947} INFO - Setting next_dagrun for oltp_s3_dwh to 2026-02-01 00:00:00+00:00, run_after=2026-03-01 00:00:00+00:00
[2026-02-28T15:07:38.543+0000] {processor.py:183} INFO - Processing /opt/airflow/dags/oltp_s3_dwh.py took 0.580 seconds
[2026-02-28T15:08:09.158+0000] {processor.py:161} INFO - Started process (PID=22658) to work on /opt/airflow/dags/oltp_s3_dwh.py
[2026-02-28T15:08:09.160+0000] {processor.py:830} INFO - Processing file /opt/airflow/dags/oltp_s3_dwh.py for tasks to queue
[2026-02-28T15:08:09.162+0000] {logging_mixin.py:188} INFO - [2026-02-28T15:08:09.162+0000] {dagbag.py:545} INFO - Filling up the DagBag from /opt/airflow/dags/oltp_s3_dwh.py
[2026-02-28T15:08:11.240+0000] {processor.py:840} INFO - DAG(s) 'oltp_s3_dwh' retrieved from /opt/airflow/dags/oltp_s3_dwh.py
[2026-02-28T15:08:11.274+0000] {logging_mixin.py:188} INFO - [2026-02-28T15:08:11.273+0000] {dag.py:3089} INFO - Sync 1 DAGs
[2026-02-28T15:08:11.300+0000] {logging_mixin.py:188} INFO - [2026-02-28T15:08:11.300+0000] {dag.py:3947} INFO - Setting next_dagrun for oltp_s3_dwh to 2026-02-01 00:00:00+00:00, run_after=2026-03-01 00:00:00+00:00
[2026-02-28T15:08:11.333+0000] {processor.py:183} INFO - Processing /opt/airflow/dags/oltp_s3_dwh.py took 2.181 seconds
[2026-02-28T15:08:41.853+0000] {processor.py:161} INFO - Started process (PID=22688) to work on /opt/airflow/dags/oltp_s3_dwh.py
[2026-02-28T15:08:41.855+0000] {processor.py:830} INFO - Processing file /opt/airflow/dags/oltp_s3_dwh.py for tasks to queue
[2026-02-28T15:08:41.858+0000] {logging_mixin.py:188} INFO - [2026-02-28T15:08:41.858+0000] {dagbag.py:545} INFO - Filling up the DagBag from /opt/airflow/dags/oltp_s3_dwh.py
[2026-02-28T15:08:42.516+0000] {processor.py:840} INFO - DAG(s) 'oltp_s3_dwh' retrieved from /opt/airflow/dags/oltp_s3_dwh.py
[2026-02-28T15:08:42.549+0000] {logging_mixin.py:188} INFO - [2026-02-28T15:08:42.548+0000] {dag.py:3089} INFO - Sync 1 DAGs
[2026-02-28T15:08:42.574+0000] {logging_mixin.py:188} INFO - [2026-02-28T15:08:42.574+0000] {dag.py:3947} INFO - Setting next_dagrun for oltp_s3_dwh to 2026-02-01 00:00:00+00:00, run_after=2026-03-01 00:00:00+00:00
[2026-02-28T15:08:42.603+0000] {processor.py:183} INFO - Processing /opt/airflow/dags/oltp_s3_dwh.py took 0.760 seconds
[2026-02-28T15:09:13.083+0000] {processor.py:161} INFO - Started process (PID=22720) to work on /opt/airflow/dags/oltp_s3_dwh.py
[2026-02-28T15:09:13.085+0000] {processor.py:830} INFO - Processing file /opt/airflow/dags/oltp_s3_dwh.py for tasks to queue
[2026-02-28T15:09:13.088+0000] {logging_mixin.py:188} INFO - [2026-02-28T15:09:13.088+0000] {dagbag.py:545} INFO - Filling up the DagBag from /opt/airflow/dags/oltp_s3_dwh.py
[2026-02-28T15:09:13.626+0000] {processor.py:840} INFO - DAG(s) 'oltp_s3_dwh' retrieved from /opt/airflow/dags/oltp_s3_dwh.py
[2026-02-28T15:09:13.653+0000] {logging_mixin.py:188} INFO - [2026-02-28T15:09:13.652+0000] {dag.py:3089} INFO - Sync 1 DAGs
[2026-02-28T15:09:13.675+0000] {logging_mixin.py:188} INFO - [2026-02-28T15:09:13.674+0000] {dag.py:3947} INFO - Setting next_dagrun for oltp_s3_dwh to 2026-02-01 00:00:00+00:00, run_after=2026-03-01 00:00:00+00:00
[2026-02-28T15:09:13.701+0000] {processor.py:183} INFO - Processing /opt/airflow/dags/oltp_s3_dwh.py took 0.628 seconds
[2026-02-28T15:09:43.799+0000] {processor.py:161} INFO - Started process (PID=22758) to work on /opt/airflow/dags/oltp_s3_dwh.py
[2026-02-28T15:09:43.800+0000] {processor.py:830} INFO - Processing file /opt/airflow/dags/oltp_s3_dwh.py for tasks to queue
[2026-02-28T15:09:43.803+0000] {logging_mixin.py:188} INFO - [2026-02-28T15:09:43.802+0000] {dagbag.py:545} INFO - Filling up the DagBag from /opt/airflow/dags/oltp_s3_dwh.py
[2026-02-28T15:09:44.328+0000] {processor.py:840} INFO - DAG(s) 'oltp_s3_dwh' retrieved from /opt/airflow/dags/oltp_s3_dwh.py
[2026-02-28T15:09:44.357+0000] {logging_mixin.py:188} INFO - [2026-02-28T15:09:44.356+0000] {dag.py:3089} INFO - Sync 1 DAGs
[2026-02-28T15:09:44.388+0000] {logging_mixin.py:188} INFO - [2026-02-28T15:09:44.388+0000] {dag.py:3947} INFO - Setting next_dagrun for oltp_s3_dwh to 2026-02-01 00:00:00+00:00, run_after=2026-03-01 00:00:00+00:00
[2026-02-28T15:09:44.423+0000] {processor.py:183} INFO - Processing /opt/airflow/dags/oltp_s3_dwh.py took 0.631 seconds
[2026-02-28T15:10:14.669+0000] {processor.py:161} INFO - Started process (PID=22789) to work on /opt/airflow/dags/oltp_s3_dwh.py
[2026-02-28T15:10:14.670+0000] {processor.py:830} INFO - Processing file /opt/airflow/dags/oltp_s3_dwh.py for tasks to queue
[2026-02-28T15:10:14.673+0000] {logging_mixin.py:188} INFO - [2026-02-28T15:10:14.672+0000] {dagbag.py:545} INFO - Filling up the DagBag from /opt/airflow/dags/oltp_s3_dwh.py
[2026-02-28T15:10:15.179+0000] {processor.py:840} INFO - DAG(s) 'oltp_s3_dwh' retrieved from /opt/airflow/dags/oltp_s3_dwh.py
[2026-02-28T15:10:15.212+0000] {logging_mixin.py:188} INFO - [2026-02-28T15:10:15.211+0000] {dag.py:3089} INFO - Sync 1 DAGs
[2026-02-28T15:10:15.235+0000] {logging_mixin.py:188} INFO - [2026-02-28T15:10:15.235+0000] {dag.py:3947} INFO - Setting next_dagrun for oltp_s3_dwh to 2026-02-01 00:00:00+00:00, run_after=2026-03-01 00:00:00+00:00
[2026-02-28T15:10:15.262+0000] {processor.py:183} INFO - Processing /opt/airflow/dags/oltp_s3_dwh.py took 0.601 seconds
[2026-02-28T15:10:46.096+0000] {processor.py:161} INFO - Started process (PID=22820) to work on /opt/airflow/dags/oltp_s3_dwh.py
[2026-02-28T15:10:46.101+0000] {processor.py:830} INFO - Processing file /opt/airflow/dags/oltp_s3_dwh.py for tasks to queue
[2026-02-28T15:10:46.109+0000] {logging_mixin.py:188} INFO - [2026-02-28T15:10:46.109+0000] {dagbag.py:545} INFO - Filling up the DagBag from /opt/airflow/dags/oltp_s3_dwh.py
[2026-02-28T15:10:47.081+0000] {processor.py:840} INFO - DAG(s) 'oltp_s3_dwh' retrieved from /opt/airflow/dags/oltp_s3_dwh.py
[2026-02-28T15:10:47.117+0000] {logging_mixin.py:188} INFO - [2026-02-28T15:10:47.116+0000] {dag.py:3089} INFO - Sync 1 DAGs
[2026-02-28T15:10:47.151+0000] {logging_mixin.py:188} INFO - [2026-02-28T15:10:47.151+0000] {dag.py:3947} INFO - Setting next_dagrun for oltp_s3_dwh to 2026-02-01 00:00:00+00:00, run_after=2026-03-01 00:00:00+00:00
[2026-02-28T15:10:47.186+0000] {processor.py:183} INFO - Processing /opt/airflow/dags/oltp_s3_dwh.py took 1.101 seconds
[2026-02-28T15:11:17.730+0000] {processor.py:161} INFO - Started process (PID=22859) to work on /opt/airflow/dags/oltp_s3_dwh.py
[2026-02-28T15:11:17.731+0000] {processor.py:830} INFO - Processing file /opt/airflow/dags/oltp_s3_dwh.py for tasks to queue
[2026-02-28T15:11:17.734+0000] {logging_mixin.py:188} INFO - [2026-02-28T15:11:17.733+0000] {dagbag.py:545} INFO - Filling up the DagBag from /opt/airflow/dags/oltp_s3_dwh.py
[2026-02-28T15:11:18.232+0000] {processor.py:840} INFO - DAG(s) 'oltp_s3_dwh' retrieved from /opt/airflow/dags/oltp_s3_dwh.py
[2026-02-28T15:11:18.265+0000] {logging_mixin.py:188} INFO - [2026-02-28T15:11:18.265+0000] {dag.py:3089} INFO - Sync 1 DAGs
[2026-02-28T15:11:18.288+0000] {logging_mixin.py:188} INFO - [2026-02-28T15:11:18.288+0000] {dag.py:3947} INFO - Setting next_dagrun for oltp_s3_dwh to 2026-02-01 00:00:00+00:00, run_after=2026-03-01 00:00:00+00:00
[2026-02-28T15:11:18.313+0000] {processor.py:183} INFO - Processing /opt/airflow/dags/oltp_s3_dwh.py took 0.591 seconds
[2026-02-28T15:11:48.694+0000] {processor.py:161} INFO - Started process (PID=22890) to work on /opt/airflow/dags/oltp_s3_dwh.py
[2026-02-28T15:11:48.696+0000] {processor.py:830} INFO - Processing file /opt/airflow/dags/oltp_s3_dwh.py for tasks to queue
[2026-02-28T15:11:48.699+0000] {logging_mixin.py:188} INFO - [2026-02-28T15:11:48.698+0000] {dagbag.py:545} INFO - Filling up the DagBag from /opt/airflow/dags/oltp_s3_dwh.py
[2026-02-28T15:11:49.411+0000] {processor.py:840} INFO - DAG(s) 'oltp_s3_dwh' retrieved from /opt/airflow/dags/oltp_s3_dwh.py
[2026-02-28T15:11:49.452+0000] {logging_mixin.py:188} INFO - [2026-02-28T15:11:49.451+0000] {dag.py:3089} INFO - Sync 1 DAGs
[2026-02-28T15:11:49.481+0000] {logging_mixin.py:188} INFO - [2026-02-28T15:11:49.481+0000] {dag.py:3947} INFO - Setting next_dagrun for oltp_s3_dwh to 2026-02-01 00:00:00+00:00, run_after=2026-03-01 00:00:00+00:00
[2026-02-28T15:11:49.508+0000] {processor.py:183} INFO - Processing /opt/airflow/dags/oltp_s3_dwh.py took 0.822 seconds
